timestamp_utc,open,high,low,close,volume
2026-08-19T20:32:00Z,4521.29,4521.81,4520.675,4521.185,
2026-08-19T20:33:00Z,4521.185,4522.39,4520.74,4522.255,
2026-08-19T20:34:00Z,4522.255,4523.68,4521.295,4521.52,
2026-08-19T20:35:00Z,4521.52,4521.52,4520.62,4521.315,
2026-08-19T20:36:00Z,4521.315,4521.405,4520.015,4520.17,
2026-08-19T20:37:00Z,4520.17,4520.17,4519.16,4519.205,
2026-08-19T20:38:00Z,4519.205,4519.27,4518.795,4519.235,
2026-08-19T20:39:00Z,4519.235,4519.995,4518.84,4519.755,
2026-08-19T20:40:00Z,4519.755,4520.655,4519.69,4519.805,
2026-08-19T20:41:00Z,4519.805,4520.1,4519.3,4519.82,
2026-08-19T20:42:00Z,4519.82,4520.13,4519.41,4519.88,
2026-08-19T20:43:00Z,4519.88,4520.91,4519.195,4520.25,
2026-08-19T20:44:00Z,4520.25,4520.32,4518.995,4519.52,
2026-08-19T20:45:00Z,4519.52,4520.68,4519.52,4520.44,
2026-08-19T20:46:00Z,4520.44,4521.495,4520.44,4521.485,
2026-08-19T20:47:00Z,4521.485,4522.12,4521.45,4521.535,
2026-08-19T20:48:00Z,4521.535,4521.615,4520.89,4521.105,
2026-08-19T20:49:00Z,4521.105,4521.39,4520.5,4521.115,
2026-08-19T20:50:00Z,4521.115,4523.25,4520.905,4522.255,
2026-08-19T20:51:00Z,4522.255,4522.725,4522.06,4522.48,
2026-08-19T20:52:00Z,4522.48,4522.5,4521.915,4522.185,
2026-08-19T20:53:00Z,4522.185,4523.035,4521.975,4522.35,
2026-08-19T20:54:00Z,4522.35,4524.035,4521.775,4523.875,
2026-08-19T20:55:00Z,4523.875,4524.335,4523.535,4523.575,
2026-08-19T20:56:00Z,4523.575,4523.645,4522.415,4523.395,
2026-08-19T20:57:00Z,4523.395,4523.695,4522.43,4523.15,
2026-08-19T20:58:00Z,4523.15,4523.43,4522.89,4523.03,
2026-08-19T20:59:00Z,4523.03,4523.235,4522.465,4522.74,
2026-08-19T22:00:00Z,4522.74,4525.59,4522.74,4525.265,
2026-08-19T22:01:00Z,4525.265,4527.575,4525.265,4525.76,
2026-08-19T22:02:00Z,4525.76,4525.765,4520.715,4521.71,
2026-08-19T22:03:00Z,4521.71,4522.62,4519.56,4522.62,
2026-08-19T22:04:00Z,4522.62,4524.475,4520.98,4521.44,
2026-08-19T22:05:00Z,4521.44,4522.455,4520.88,4522.185,
2026-08-19T22:06:00Z,4522.185,4523.815,4521.9,4523.33,
2026-08-19T22:07:00Z,4523.33,4523.33,4521.93,4522.75,
2026-08-19T22:08:00Z,4522.75,4522.88,4520.92,4521.52,
2026-08-19T22:09:00Z,4521.52,4521.52,4520.79,4521.235,
2026-08-19T22:10:00Z,4521.235,4521.44,4519.205,4519.26,
2026-08-19T22:11:00Z,4519.26,4519.935,4519.08,4519.595,
2026-08-19T22:12:00Z,4519.595,4520.82,4519.46,4520.82,
2026-08-19T22:13:00Z,4520.82,4521.605,4520.13,4521.495,
2026-08-19T22:14:00Z,4521.495,4521.835,4520.19,4520.19,
2026-08-19T22:15:00Z,4520.19,4521.055,4519.72,4520.535,
2026-08-19T22:16:00Z,4520.535,4520.945,4519.97,4519.98,
2026-08-19T22:17:00Z,4519.98,4520.365,4519.68,4519.695,
2026-08-19T22:18:00Z,4519.695,4520.53,4519.41,4519.965,
2026-08-19T22:19:00Z,4519.965,4520.725,4519.965,4520.235,
2026-08-19T22:20:00Z,4520.235,4520.235,4519.295,4519.69,
2026-08-19T22:21:00Z,4519.69,4519.86,4519.35,4519.76,
2026-08-19T22:22:00Z,4519.76,4520.765,4519.76,4520.735,
2026-08-19T22:23:00Z,4520.735,4521.445,4520.13,4520.45,
2026-08-19T22:24:00Z,4520.45,4521.555,4520.27,4521.525,
2026-08-19T22:25:00Z,4521.525,4521.615,4520.325,4521.075,
2026-08-19T22:26:00Z,4521.075,4521.085,4520.06,4520.19,
2026-08-19T22:27:00Z,4520.19,4520.395,4519.715,4520.155,
2026-08-19T22:28:00Z,4520.155,4520.77,4520.135,4520.575,
2026-08-19T22:29:00Z,4520.575,4521.13,4520.17,4521.055,
2026-08-19T22:30:00Z,4521.055,4521.59,4519.88,4521.295,
2026-08-19T22:31:00Z,4521.295,4521.92,4520.915,4521.39,
2026-08-19T22:32:00Z,4521.39,4522.135,4518.395,4518.785,
2026-08-19T22:33:00Z,4518.785,4519.615,4518.445,4518.61,
2026-08-19T22:34:00Z,4518.61,4519.155,4518.165,4519.155,
2026-08-19T22:35:00Z,4519.155,4520.08,4518.87,4519.25,
2026-08-19T22:36:00Z,4519.25,4519.68,4518.655,4519.4,
2026-08-19T22:37:00Z,4519.4,4519.505,4518.625,4518.995,
2026-08-19T22:38:00Z,4518.995,4519.53,4518.515,4518.735,
2026-08-19T22:39:00Z,4518.735,4518.745,4517.77,4518.06,
2026-08-19T22:40:00Z,4518.06,4519.12,4518.06,4518.98,
2026-08-19T22:41:00Z,4518.98,4519.52,4518.585,4518.73,
2026-08-19T22:42:00Z,4518.73,4519.255,4518.19,4518.365,
2026-08-19T22:43:00Z,4518.365,4518.7,4518.005,4518.695,
2026-08-19T22:44:00Z,4518.695,4519.17,4518.51,4518.61,
2026-08-19T22:45:00Z,4518.61,4518.87,4517.965,4518.85,
2026-08-19T22:46:00Z,4518.85,4519.505,4518.475,4519.335,
2026-08-19T22:47:00Z,4519.335,4520.205,4519.27,4520.05,
2026-08-19T22:48:00Z,4520.05,4521.11,4520.04,4521.015,
2026-08-19T22:49:00Z,4521.015,4521.26,4519.685,4519.69,
2026-08-19T22:50:00Z,4519.69,4520.995,4519.69,4520.905,
2026-08-19T22:51:00Z,4520.905,4521.815,4520.87,4521.25,
2026-08-19T22:52:00Z,4521.25,4521.445,4520.01,4520.205,
2026-08-19T22:53:00Z,4520.205,4520.485,4519.05,4519.095,
2026-08-19T22:54:00Z,4519.095,4519.795,4518.9,4519.795,
2026-08-19T22:55:00Z,4519.795,4519.985,4519.45,4519.96,
2026-08-19T22:56:00Z,4519.96,4520.13,4518.955,4519.36,
2026-08-19T22:57:00Z,4519.36,4519.51,4519.18,4519.42,
2026-08-19T22:58:00Z,4519.42,4519.8,4519.42,4519.675,
2026-08-19T22:59:00Z,4519.675,4519.685,4516.63,4518.945,
2026-08-19T23:00:00Z,4518.945,4520.915,4517.47,4520.59,
2026-08-19T23:01:00Z,4520.59,4523.7,4520.56,4523.405,
2026-08-19T23:02:00Z,4523.405,4523.7,4517.94,4518.28,
2026-08-19T23:03:00Z,4518.28,4520.785,4517.825,4520.765,
2026-08-19T23:04:00Z,4520.765,4521.26,4519.535,4521.26,
2026-08-19T23:05:00Z,4521.26,4523.0,4521.24,4522.77,
2026-08-19T23:06:00Z,4522.77,4523.715,4522.28,4523.65,
2026-08-19T23:07:00Z,4523.65,4523.65,4522.0,4523.3,
2026-08-19T23:08:00Z,4523.3,4523.325,4521.405,4521.405,
2026-08-19T23:09:00Z,4521.405,4522.21,4521.285,4521.89,
2026-08-19T23:10:00Z,4521.89,4521.98,4519.9,4520.3,
2026-08-19T23:11:00Z,4520.3,4520.815,4520.005,4520.2,
2026-08-19T23:12:00Z,4520.2,4520.54,4519.925,4520.44,
2026-08-19T23:13:00Z,4520.44,4520.64,4519.93,4520.38,
2026-08-19T23:14:00Z,4520.38,4520.49,4519.445,4519.49,
2026-08-19T23:15:00Z,4519.49,4519.49,4518.185,4518.315,
2026-08-19T23:16:00Z,4518.315,4518.77,4518.315,4518.675,
2026-08-19T23:17:00Z,4518.675,4520.34,4518.48,4519.865,
2026-08-19T23:18:00Z,4519.865,4519.875,4518.65,4519.655,
2026-08-19T23:19:00Z,4519.655,4520.185,4519.17,4520.075,
2026-08-19T23:20:00Z,4520.075,4520.095,4519.125,4519.465,
2026-08-19T23:21:00Z,4519.465,4520.26,4518.435,4518.785,
2026-08-19T23:22:00Z,4518.785,4519.26,4518.42,4518.805,
2026-08-19T23:23:00Z,4518.805,4518.975,4515.48,4517.025,
2026-08-19T23:24:00Z,4517.025,4519.1,4517.025,4519.05,
2026-08-19T23:25:00Z,4519.05,4519.2,4517.705,4517.705,
2026-08-19T23:26:00Z,4517.705,4517.865,4517.005,4517.025,
2026-08-19T23:27:00Z,4517.025,4518.145,4516.325,4517.97,
2026-08-19T23:28:00Z,4517.97,4518.145,4517.6,4517.6,
2026-08-19T23:29:00Z,4517.6,4517.89,4517.155,4517.7,
2026-08-19T23:30:00Z,4517.7,4518.275,4517.14,4517.71,
2026-08-19T23:31:00Z,4517.71,4518.36,4517.255,4517.72,
2026-08-19T23:32:00Z,4517.72,4517.72,4516.56,4517.03,
2026-08-19T23:33:00Z,4517.03,4517.415,4516.705,4516.89,
2026-08-19T23:34:00Z,4516.89,4516.92,4514.705,4514.705,
2026-08-19T23:35:00Z,4514.705,4515.635,4514.255,4514.415,
2026-08-19T23:36:00Z,4514.415,4516.4,4514.34,4516.075,
2026-08-19T23:37:00Z,4516.075,4516.38,4514.07,4514.13,
2026-08-19T23:38:00Z,4514.13,4514.915,4514.1,4514.43,
2026-08-19T23:39:00Z,4514.43,4514.845,4513.98,4514.115,
2026-08-19T23:40:00Z,4514.115,4514.875,4513.88,4514.425,
2026-08-19T23:41:00Z,4514.425,4514.575,4513.765,4514.29,
2026-08-19T23:42:00Z,4514.29,4514.31,4513.68,4514.305,
2026-08-19T23:43:00Z,4514.305,4515.095,4513.795,4514.995,
2026-08-19T23:44:00Z,4514.995,4515.42,4514.4,4514.4,
2026-08-19T23:45:00Z,4514.4,4517.515,4514.355,4517.505,
2026-08-19T23:46:00Z,4517.505,4517.505,4514.76,4514.765,
2026-08-19T23:47:00Z,4514.765,4515.78,4514.755,4515.78,
2026-08-19T23:48:00Z,4515.78,4515.825,4515.0,4515.64,
2026-08-19T23:49:00Z,4515.64,4515.925,4514.22,4514.965,
2026-08-19T23:50:00Z,4514.965,4515.195,4514.485,4514.615,
2026-08-19T23:51:00Z,4514.615,4514.755,4514.205,4514.495,
2026-08-19T23:52:00Z,4514.495,4515.23,4513.9,4514.01,
2026-08-19T23:53:00Z,4514.01,4514.1,4512.48,4512.695,
2026-08-19T23:54:00Z,4512.695,4513.655,4512.185,4513.045,
2026-08-19T23:55:00Z,4513.045,4513.375,4512.16,4512.51,
2026-08-19T23:56:00Z,4512.51,4512.635,4511.455,4512.17,
2026-08-19T23:57:00Z,4512.17,4512.46,4511.525,4512.46,
2026-08-19T23:58:00Z,4512.46,4512.67,4511.86,4512.5,
2026-08-19T23:59:00Z,4512.5,4512.65,4511.48,4511.85,
2026-08-20T00:00:00Z,4511.85,4514.22,4510.39,4513.98,
2026-08-20T00:01:00Z,4513.98,4516.735,4513.55,4515.605,
2026-08-20T00:02:00Z,4515.605,4516.26,4513.695,4515.725,
2026-08-20T00:03:00Z,4515.725,4518.73,4514.995,4516.42,
2026-08-20T00:04:00Z,4516.42,4516.555,4514.88,4514.89,
2026-08-20T00:05:00Z,4514.89,4517.11,4514.31,4517.01,
2026-08-20T00:06:00Z,4517.01,4517.95,4514.54,4515.075,
2026-08-20T00:07:00Z,4515.075,4516.675,4514.115,4516.65,
2026-08-20T00:08:00Z,4516.65,4517.805,4515.975,4517.035,
2026-08-20T00:09:00Z,4517.035,4518.325,4514.505,4515.17,
2026-08-20T00:10:00Z,4515.17,4515.2,4512.685,4514.36,
2026-08-20T00:11:00Z,4514.36,4515.245,4513.985,4514.655,
2026-08-20T00:12:00Z,4514.655,4515.9,4513.805,4513.805,
2026-08-20T00:13:00Z,4513.805,4514.355,4513.105,4513.505,
2026-08-20T00:14:00Z,4513.505,4516.56,4513.11,4516.43,
2026-08-20T00:15:00Z,4516.43,4516.71,4514.47,4515.065,
2026-08-20T00:16:00Z,4515.065,4516.415,4514.635,4516.285,
2026-08-20T00:17:00Z,4516.285,4520.535,4516.075,4520.45,
2026-08-20T00:18:00Z,4520.45,4521.225,4519.575,4520.285,
2026-08-20T00:19:00Z,4520.285,4520.755,4517.705,4517.925,
2026-08-20T00:20:00Z,4517.925,4518.12,4515.16,4515.38,
2026-08-20T00:21:00Z,4515.38,4515.415,4511.135,4511.345,
2026-08-20T00:22:00Z,4511.345,4512.395,4510.595,4510.78,
2026-08-20T00:23:00Z,4510.78,4511.37,4510.395,4510.785,
2026-08-20T00:24:00Z,4510.785,4512.04,4510.275,4511.98,
2026-08-20T00:25:00Z,4511.98,4511.995,4510.775,4511.415,
2026-08-20T00:26:00Z,4511.415,4511.96,4510.86,4510.94,
2026-08-20T00:27:00Z,4510.94,4512.325,4508.71,4509.24,
2026-08-20T00:28:00Z,4509.24,4512.45,4509.205,4511.25,
2026-08-20T00:29:00Z,4511.25,4512.59,4510.45,4510.45,
2026-08-20T00:30:00Z,4510.45,4511.97,4509.445,4511.325,
2026-08-20T00:31:00Z,4511.325,4513.205,4511.01,4512.14,
2026-08-20T00:32:00Z,4512.14,4512.835,4510.47,4510.895,
2026-08-20T00:33:00Z,4510.895,4511.46,4510.68,4510.845,
2026-08-20T00:34:00Z,4510.845,4512.11,4510.51,4511.55,
2026-08-20T00:35:00Z,4511.55,4511.72,4509.115,4509.26,
2026-08-20T00:36:00Z,4509.26,4511.47,4509.26,4511.45,
2026-08-20T00:37:00Z,4511.45,4511.71,4510.88,4511.555,
2026-08-20T00:38:00Z,4511.555,4511.665,4509.69,4510.04,
2026-08-20T00:39:00Z,4510.04,4510.19,4509.08,4509.37,
2026-08-20T00:40:00Z,4509.37,4509.53,4508.095,4508.43,
2026-08-20T00:41:00Z,4508.43,4509.14,4505.78,4505.82,
2026-08-20T00:42:00Z,4505.82,4507.22,4504.38,4504.9,
2026-08-20T00:43:00Z,4504.9,4505.0,4504.025,4504.44,
2026-08-20T00:44:00Z,4504.44,4507.465,4504.255,4506.345,
2026-08-20T00:45:00Z,4506.345,4507.37,4504.79,4507.245,
2026-08-20T00:46:00Z,4507.245,4507.785,4505.475,4506.38,
2026-08-20T00:47:00Z,4506.38,4507.505,4505.325,4506.965,
2026-08-20T00:48:00Z,4506.965,4507.435,4506.09,4506.8,
2026-08-20T00:49:00Z,4506.8,4508.14,4506.665,4507.685,
2026-08-20T00:50:00Z,4507.685,4510.215,4507.535,4508.305,
2026-08-20T00:51:00Z,4508.305,4508.575,4505.345,4506.005,
2026-08-20T00:52:00Z,4506.005,4507.375,4505.57,4507.11,
2026-08-20T00:53:00Z,4507.11,4507.815,4506.38,4507.805,
2026-08-20T00:54:00Z,4507.805,4507.805,4504.94,4506.29,
2026-08-20T00:55:00Z,4506.29,4507.075,4505.455,4505.855,
2026-08-20T00:56:00Z,4505.855,4506.605,4505.045,4506.25,
2026-08-20T00:57:00Z,4506.25,4508.3,4506.195,4508.19,
2026-08-20T00:58:00Z,4508.19,4510.575,4507.9,4509.73,
2026-08-20T00:59:00Z,4509.73,4509.73,4504.035,4504.71,
2026-08-20T01:00:00Z,4504.71,4510.185,4504.475,4507.23,
2026-08-20T01:01:00Z,4507.23,4508.055,4500.195,4500.65,
2026-08-20T01:02:00Z,4500.65,4501.86,4496.12,4496.12,
2026-08-20T01:03:00Z,4496.12,4496.515,4493.74,4494.52,
2026-08-20T01:04:00Z,4494.52,4494.535,4492.725,4493.21,
2026-08-20T01:05:00Z,4493.21,4495.685,4492.96,4494.515,
2026-08-20T01:06:00Z,4494.515,4495.28,4491.88,4491.96,
2026-08-20T01:07:00Z,4491.96,4496.14,4491.96,4495.31,
2026-08-20T01:08:00Z,4495.31,4499.78,4495.31,4497.36,
2026-08-20T01:09:00Z,4497.36,4499.235,4496.815,4498.675,
2026-08-20T01:10:00Z,4498.675,4498.675,4494.28,4494.5,
2026-08-20T01:11:00Z,4494.5,4495.53,4493.105,4493.29,
2026-08-20T01:12:00Z,4493.29,4495.56,4493.11,4495.15,
2026-08-20T01:13:00Z,4495.15,4495.72,4492.435,4492.85,
2026-08-20T01:14:00Z,4492.85,4494.18,4492.85,4493.355,
2026-08-20T01:15:00Z,4493.355,4499.6,4493.33,4496.12,
2026-08-20T01:16:00Z,4496.12,4496.665,4493.445,4493.64,
2026-08-20T01:17:00Z,4493.64,4496.955,4493.585,4496.125,
2026-08-20T01:18:00Z,4496.125,4497.925,4495.765,4496.355,
2026-08-20T01:19:00Z,4496.355,4499.515,4495.505,4498.865,
2026-08-20T01:20:00Z,4498.865,4502.18,4498.735,4501.455,
2026-08-20T01:21:00Z,4501.455,4503.42,4501.195,4501.415,
2026-08-20T01:22:00Z,4501.415,4502.86,4500.73,4501.485,
2026-08-20T01:23:00Z,4501.485,4502.33,4501.13,4501.225,
2026-08-20T01:24:00Z,4501.225,4502.52,4500.745,4502.43,
2026-08-20T01:25:00Z,4502.43,4502.43,4499.19,4499.19,
2026-08-20T01:26:00Z,4499.19,4499.895,4497.745,4498.43,
2026-08-20T01:27:00Z,4498.43,4500.23,4498.03,4499.875,
2026-08-20T01:28:00Z,4499.875,4503.27,4499.38,4500.725,
2026-08-20T01:29:00Z,4500.725,4502.03,4499.865,4500.655,
2026-08-20T01:30:00Z,4500.655,4501.14,4495.655,4501.14,
2026-08-20T01:31:00Z,4501.14,4501.355,4497.44,4498.48,
2026-08-20T01:32:00Z,4498.48,4499.24,4496.43,4498.925,
2026-08-20T01:33:00Z,4498.925,4499.765,4497.01,4499.715,
2026-08-20T01:34:00Z,4499.715,4501.125,4497.415,4498.565,
2026-08-20T01:35:00Z,4498.565,4499.855,4498.005,4498.425,
2026-08-20T01:36:00Z,4498.425,4498.905,4496.045,4497.38,
2026-08-20T01:37:00Z,4497.38,4497.965,4496.185,4496.925,
2026-08-20T01:38:00Z,4496.925,4498.245,4496.155,4497.925,
2026-08-20T01:39:00Z,4497.925,4497.925,4493.755,4495.595,
2026-08-20T01:40:00Z,4495.595,4498.345,4495.16,4498.31,
2026-08-20T01:41:00Z,4498.31,4499.25,4495.295,4496.015,
2026-08-20T01:42:00Z,4496.015,4496.06,4493.535,4494.635,
2026-08-20T01:43:00Z,4494.635,4496.03,4494.23,4495.65,
2026-08-20T01:44:00Z,4495.65,4496.225,4493.89,4493.975,
2026-08-20T01:45:00Z,4493.975,4495.245,4492.865,4492.975,
2026-08-20T01:46:00Z,4492.975,4495.695,4492.92,4494.135,
2026-08-20T01:47:00Z,4494.135,4494.63,4492.6,4492.65,
2026-08-20T01:48:00Z,4492.65,4493.415,4492.455,4492.865,
2026-08-20T01:49:00Z,4492.865,4493.495,4489.335,4489.77,
2026-08-20T01:50:00Z,4489.77,4490.73,4489.64,4490.575,
2026-08-20T01:51:00Z,4490.575,4490.575,4488.64,4489.035,
2026-08-20T01:52:00Z,4489.035,4489.565,4488.785,4489.16,
2026-08-20T01:53:00Z,4489.16,4489.16,4485.73,4486.165,
2026-08-20T01:54:00Z,4486.165,4486.195,4484.59,4485.19,
2026-08-20T01:55:00Z,4485.19,4487.415,4484.875,4486.875,
2026-08-20T01:56:00Z,4486.875,4487.66,4486.025,4487.385,
2026-08-20T01:57:00Z,4487.385,4487.78,4485.54,4486.4,
2026-08-20T01:58:00Z,4486.4,4488.505,4485.715,4487.925,
2026-08-20T01:59:00Z,4487.925,4490.755,4487.34,4489.825,
2026-08-20T02:00:00Z,4489.825,4491.255,4488.65,4490.825,
2026-08-20T02:01:00Z,4490.825,4493.605,4490.645,4493.19,
2026-08-20T02:02:00Z,4493.19,4495.8,4493.035,4494.84,
2026-08-20T02:03:00Z,4494.84,4498.725,4494.08,4497.145,
2026-08-20T02:04:00Z,4497.145,4497.965,4496.095,4497.74,
2026-08-20T02:05:00Z,4497.74,4499.055,4497.47,4497.93,
2026-08-20T02:06:00Z,4497.93,4498.655,4496.04,4496.04,
2026-08-20T02:07:00Z,4496.04,4497.58,4494.88,4495.29,
2026-08-20T02:08:00Z,4495.29,4496.535,4494.25,4494.825,
2026-08-20T02:09:00Z,4494.825,4497.28,4494.825,4495.8,
2026-08-20T02:10:00Z,4495.8,4497.66,4495.7,4497.66,
2026-08-20T02:11:00Z,4497.66,4498.725,4497.66,4497.805,
2026-08-20T02:12:00Z,4497.805,4499.185,4497.42,4498.905,
2026-08-20T02:13:00Z,4498.905,4499.78,4498.375,4498.45,
2026-08-20T02:14:00Z,4498.45,4498.47,4497.06,4497.815,
2026-08-20T02:15:00Z,4497.815,4497.82,4495.305,4496.15,
2026-08-20T02:16:00Z,4496.15,4496.67,4495.325,4495.74,
2026-08-20T02:17:00Z,4495.74,4496.565,4495.74,4496.29,
2026-08-20T02:18:00Z,4496.29,4496.3,4490.755,4490.755,
2026-08-20T02:19:00Z,4490.755,4492.195,4489.585,4491.56,
2026-08-20T02:20:00Z,4491.56,4491.65,4489.75,4490.02,
2026-08-20T02:21:00Z,4490.02,4490.705,4489.62,4490.635,
2026-08-20T02:22:00Z,4490.635,4491.955,4490.525,4491.625,
2026-08-20T02:23:00Z,4491.625,4493.21,4491.335,4492.815,
2026-08-20T02:24:00Z,4492.815,4494.39,4492.545,4494.03,
2026-08-20T02:25:00Z,4494.03,4494.91,4492.505,4492.615,
2026-08-20T02:26:00Z,4492.615,4493.415,4491.985,4492.29,
2026-08-20T02:27:00Z,4492.29,4492.495,4491.82,4491.845,
2026-08-20T02:28:00Z,4491.845,4493.335,4491.27,4493.285,
2026-08-20T02:29:00Z,4493.285,4493.285,4492.27,4492.855,
2026-08-20T02:30:00Z,4492.855,4494.11,4490.96,4492.66,
2026-08-20T02:31:00Z,4492.66,4494.53,4492.42,4494.13,
2026-08-20T02:32:00Z,4494.13,4494.13,4492.12,4493.865,
2026-08-20T02:33:00Z,4493.865,4493.87,4492.495,4492.805,
2026-08-20T02:34:00Z,4492.805,4493.52,4491.665,4491.89,
2026-08-20T02:35:00Z,4491.89,4492.525,4490.685,4491.615,
2026-08-20T02:36:00Z,4491.615,4492.285,4490.615,4490.615,
2026-08-20T02:37:00Z,4490.615,4493.39,4490.385,4493.22,
2026-08-20T02:38:00Z,4493.22,4493.97,4491.69,4492.34,
2026-08-20T02:39:00Z,4492.34,4492.82,4491.685,4492.82,
2026-08-20T02:40:00Z,4492.82,4492.82,4490.695,4491.56,
2026-08-20T02:41:00Z,4491.56,4493.985,4491.18,4493.985,
2026-08-20T02:42:00Z,4493.985,4494.025,4490.64,4490.64,
2026-08-20T02:43:00Z,4490.64,4492.295,4490.3,4491.92,
2026-08-20T02:44:00Z,4491.92,4491.92,4490.345,4490.525,
2026-08-20T02:45:00Z,4490.525,4492.03,4490.36,4491.15,
2026-08-20T02:46:00Z,4491.15,4491.78,4490.495,4491.5,
2026-08-20T02:47:00Z,4491.5,4491.86,4491.135,4491.34,
2026-08-20T02:48:00Z,4491.34,4491.645,4490.545,4490.74,
2026-08-20T02:49:00Z,4490.74,4490.855,4489.085,4489.17,
2026-08-20T02:50:00Z,4489.17,4493.44,4488.955,4493.44,
2026-08-20T02:51:00Z,4493.44,4493.49,4490.705,4490.9,
2026-08-20T02:52:00Z,4490.9,4492.385,4490.645,4491.48,
2026-08-20T02:53:00Z,4491.48,4492.105,4491.02,4491.695,
2026-08-20T02:54:00Z,4491.695,4494.615,4491.675,4493.555,
2026-08-20T02:55:00Z,4493.555,4493.56,4492.055,4492.51,
2026-08-20T02:56:00Z,4492.51,4492.86,4491.155,4491.345,
2026-08-20T02:57:00Z,4491.345,4492.64,4490.905,4491.435,
2026-08-20T02:58:00Z,4491.435,4492.315,4491.395,4492.245,
2026-08-20T02:59:00Z,4492.245,4492.245,4490.575,4490.775,
2026-08-20T03:00:00Z,4490.775,4492.475,4490.775,4492.475,
2026-08-20T03:01:00Z,4492.475,4495.315,4492.475,4495.135,
2026-08-20T03:02:00Z,4495.135,4496.38,4495.125,4495.15,
2026-08-20T03:03:00Z,4495.15,4495.5,4494.165,4494.905,
2026-08-20T03:04:00Z,4494.905,4496.03,4494.71,4495.98,
2026-08-20T03:05:00Z,4495.98,4496.85,4495.295,4496.765,
2026-08-20T03:06:00Z,4496.765,4497.075,4495.775,4497.065,
2026-08-20T03:07:00Z,4497.065,4497.065,4496.09,4496.09,
2026-08-20T03:08:00Z,4496.09,4496.52,4494.105,4494.79,
2026-08-20T03:09:00Z,4494.79,4494.81,4491.605,4492.21,
2026-08-20T03:10:00Z,4492.21,4492.21,4489.045,4489.06,
2026-08-20T03:11:00Z,4489.06,4489.7,4488.105,4489.35,
2026-08-20T03:12:00Z,4489.35,4491.98,4489.0,4491.965,
2026-08-20T03:13:00Z,4491.965,4492.485,4491.245,4492.255,
2026-08-20T03:14:00Z,4492.255,4492.77,4491.75,4492.77,
2026-08-20T03:15:00Z,4492.77,4492.78,4490.77,4491.795,
2026-08-20T03:16:00Z,4491.795,4492.75,4491.55,4492.235,
2026-08-20T03:17:00Z,4492.235,4492.945,4491.76,4491.805,
2026-08-20T03:18:00Z,4491.805,4492.1,4490.61,4491.285,
2026-08-20T03:19:00Z,4491.285,4493.755,4491.21,4493.005,
2026-08-20T03:20:00Z,4493.005,4493.88,4491.36,4492.685,
2026-08-20T03:21:00Z,4492.685,4494.105,4492.575,4492.585,
2026-08-20T03:22:00Z,4492.585,4494.385,4492.395,4493.925,
2026-08-20T03:23:00Z,4493.925,4496.1,4493.925,4494.965,
2026-08-20T03:24:00Z,4494.965,4495.71,4494.72,4495.265,
2026-08-20T03:25:00Z,4495.265,4495.485,4494.12,4494.51,
2026-08-20T03:26:00Z,4494.51,4496.63,4494.51,4494.845,
2026-08-20T03:27:00Z,4494.845,4494.885,4493.675,4494.46,
2026-08-20T03:28:00Z,4494.46,4494.545,4493.55,4494.535,
2026-08-20T03:29:00Z,4494.535,4494.535,4493.21,4493.595,
2026-08-20T03:30:00Z,4493.595,4494.64,4492.67,4493.195,
2026-08-20T03:31:00Z,4493.195,4496.385,4492.465,4496.305,
2026-08-20T03:32:00Z,4496.305,4496.71,4495.44,4495.465,
2026-08-20T03:33:00Z,4495.465,4496.22,4495.41,4496.045,
2026-08-20T03:34:00Z,4496.045,4498.385,4495.915,4498.005,
2026-08-20T03:35:00Z,4498.005,4498.035,4495.855,4496.02,
2026-08-20T03:36:00Z,4496.02,4496.3,4495.345,4496.175,
2026-08-20T03:37:00Z,4496.175,4496.315,4495.47,4495.575,
2026-08-20T03:38:00Z,4495.575,4496.56,4494.81,4496.29,
2026-08-20T03:39:00Z,4496.29,4497.735,4496.105,4497.505,
2026-08-20T03:40:00Z,4497.505,4498.59,4497.26,4498.35,
2026-08-20T03:41:00Z,4498.35,4498.46,4496.295,4497.025,
2026-08-20T03:42:00Z,4497.025,4497.18,4496.46,4496.47,
2026-08-20T03:43:00Z,4496.47,4497.3,4496.095,4497.245,
2026-08-20T03:44:00Z,4497.245,4498.725,4497.245,4498.015,
2026-08-20T03:45:00Z,4498.015,4498.435,4497.35,4498.03,
2026-08-20T03:46:00Z,4498.03,4498.24,4497.135,4497.795,
2026-08-20T03:47:00Z,4497.795,4498.28,4497.555,4497.565,
2026-08-20T03:48:00Z,4497.565,4497.85,4497.05,4497.565,
2026-08-20T03:49:00Z,4497.565,4498.485,4497.48,4498.48,
2026-08-20T03:50:00Z,4498.48,4498.48,4497.005,4497.21,
2026-08-20T03:51:00Z,4497.21,4498.93,4497.16,4498.89,
2026-08-20T03:52:00Z,4498.89,4499.635,4498.415,4499.61,
2026-08-20T03:53:00Z,4499.61,4500.37,4499.16,4499.35,
2026-08-20T03:54:00Z,4499.35,4500.045,4499.315,4499.925,
2026-08-20T03:55:00Z,4499.925,4501.2,4499.865,4500.43,
2026-08-20T03:56:00Z,4500.43,4500.47,4499.905,4500.03,
2026-08-20T03:57:00Z,4500.03,4500.2,4499.34,4500.15,
2026-08-20T03:58:00Z,4500.15,4500.2,4498.06,4498.155,
2026-08-20T03:59:00Z,4498.155,4499.26,4498.155,4498.92,
2026-08-20T04:00:00Z,4498.92,4499.34,4498.555,4498.73,
2026-08-20T04:01:00Z,4498.73,4499.195,4497.755,4497.89,
2026-08-20T04:02:00Z,4497.89,4498.595,4497.35,4498.575,
2026-08-20T04:03:00Z,4498.575,4498.6,4495.94,4496.125,
2026-08-20T04:04:00Z,4496.125,4497.145,4495.035,4495.8,
2026-08-20T04:05:00Z,4495.8,4496.71,4495.655,4496.37,
2026-08-20T04:06:00Z,4496.37,4497.01,4495.795,4496.83,
2026-08-20T04:07:00Z,4496.83,4497.38,4496.52,4497.265,
2026-08-20T04:08:00Z,4497.265,4497.795,4497.185,4497.72,
2026-08-20T04:09:00Z,4497.72,4497.72,4496.575,4496.965,
2026-08-20T04:10:00Z,4496.965,4497.51,4496.625,4497.4,
2026-08-20T04:11:00Z,4497.4,4497.47,4496.93,4496.965,
2026-08-20T04:12:00Z,4496.965,4497.455,4496.73,4497.445,
2026-08-20T04:13:00Z,4497.445,4497.56,4497.035,4497.18,
2026-08-20T04:14:00Z,4497.18,4497.345,4496.42,4496.55,
2026-08-20T04:15:00Z,4496.55,4496.765,4495.52,4495.89,
2026-08-20T04:16:00Z,4495.89,4496.4,4495.18,4496.4,
2026-08-20T04:17:00Z,4496.4,4497.255,4496.315,4496.855,
2026-08-20T04:18:00Z,4496.855,4496.965,4495.71,4495.72,
2026-08-20T04:19:00Z,4495.72,4496.925,4495.635,4496.74,
2026-08-20T04:20:00Z,4496.74,4497.17,4495.245,4495.585,
2026-08-20T04:21:00Z,4495.585,4495.635,4494.235,4495.5,
2026-08-20T04:22:00Z,4495.5,4496.69,4495.33,4496.35,
2026-08-20T04:23:00Z,4496.35,4496.555,4494.85,4494.895,
2026-08-20T04:24:00Z,4494.895,4495.495,4494.885,4495.42,
2026-08-20T04:25:00Z,4495.42,4495.42,4494.87,4495.195,
2026-08-20T04:26:00Z,4495.195,4495.36,4494.32,4494.775,
2026-08-20T04:27:00Z,4494.775,4495.065,4494.6,4494.835,
2026-08-20T04:28:00Z,4494.835,4494.925,4492.4,4492.61,
2026-08-20T04:29:00Z,4492.61,4492.785,4489.83,4489.995,
2026-08-20T04:30:00Z,4489.995,4490.45,4489.52,4489.745,
2026-08-20T04:31:00Z,4489.745,4490.945,4489.67,4489.81,
2026-08-20T04:32:00Z,4489.81,4489.81,4488.23,4488.555,
2026-08-20T04:33:00Z,4488.555,4488.695,4486.865,4488.045,
2026-08-20T04:34:00Z,4488.045,4488.975,4487.68,4488.305,
2026-08-20T04:35:00Z,4488.305,4488.69,4487.755,4488.145,
2026-08-20T04:36:00Z,4488.145,4488.29,4486.81,4488.05,
2026-08-20T04:37:00Z,4488.05,4488.35,4487.115,4487.415,
2026-08-20T04:38:00Z,4487.415,4487.445,4486.455,4486.89,
2026-08-20T04:39:00Z,4486.89,4487.35,4486.6,4487.295,
2026-08-20T04:40:00Z,4487.295,4488.825,4486.865,4488.65,
2026-08-20T04:41:00Z,4488.65,4488.65,4487.645,4488.09,
2026-08-20T04:42:00Z,4488.09,4488.225,4487.66,4487.73,
2026-08-20T04:43:00Z,4487.73,4487.845,4487.575,4487.835,
2026-08-20T04:44:00Z,4487.835,4487.865,4486.97,4487.22,
2026-08-20T04:45:00Z,4487.22,4488.605,4487.02,4488.315,
2026-08-20T04:46:00Z,4488.315,4488.88,4487.905,4488.62,
2026-08-20T04:47:00Z,4488.62,4488.99,4488.435,4488.99,
2026-08-20T04:48:00Z,4488.99,4489.55,4488.675,4489.3,
2026-08-20T04:49:00Z,4489.3,4490.6,4489.21,4490.38,
2026-08-20T04:50:00Z,4490.38,4490.465,4489.66,4490.18,
2026-08-20T04:51:00Z,4490.18,4490.34,4489.75,4489.78,
2026-08-20T04:52:00Z,4489.78,4491.55,4489.77,4490.835,
2026-08-20T04:53:00Z,4490.835,4491.285,4490.745,4490.805,
2026-08-20T04:54:00Z,4490.805,4491.0,4489.925,4489.925,
2026-08-20T04:55:00Z,4489.925,4490.63,4489.12,4490.13,
2026-08-20T04:56:00Z,4490.13,4491.32,4489.61,4490.095,
2026-08-20T04:57:00Z,4490.095,4490.335,4488.95,4488.975,
2026-08-20T04:58:00Z,4488.975,4489.625,4488.53,4489.135,
2026-08-20T04:59:00Z,4489.135,4489.135,4488.165,4488.62,
2026-08-20T05:00:00Z,4488.62,4489.69,4488.345,4489.115,
2026-08-20T05:01:00Z,4489.115,4489.595,4488.27,4489.545,
2026-08-20T05:02:00Z,4489.545,4490.325,4489.49,4490.065,
2026-08-20T05:03:00Z,4490.065,4491.745,4489.895,4491.31,
2026-08-20T05:04:00Z,4491.31,4491.78,4491.28,4491.705,
2026-08-20T05:05:00Z,4491.705,4492.765,4491.6,4492.55,
2026-08-20T05:06:00Z,4492.55,4493.365,4491.92,4492.19,
2026-08-20T05:07:00Z,4492.19,4494.06,4491.895,4491.895,
2026-08-20T05:08:00Z,4491.895,4492.27,4491.585,4491.885,
2026-08-20T05:09:00Z,4491.885,4492.01,4490.935,4490.965,
2026-08-20T05:10:00Z,4490.965,4491.685,4490.58,4491.195,
2026-08-20T05:11:00Z,4491.195,4491.425,4490.09,4490.16,
2026-08-20T05:12:00Z,4490.16,4490.385,4488.665,4488.935,
2026-08-20T05:13:00Z,4488.935,4489.195,4486.855,4486.86,
2026-08-20T05:14:00Z,4486.86,4486.86,4484.245,4485.685,
2026-08-20T05:15:00Z,4485.685,4486.25,4484.955,4485.975,
2026-08-20T05:16:00Z,4485.975,4486.445,4485.365,4485.655,
2026-08-20T05:17:00Z,4485.655,4486.92,4484.855,4486.51,
2026-08-20T05:18:00Z,4486.51,4486.73,4485.035,4485.72,
2026-08-20T05:19:00Z,4485.72,4485.785,4484.325,4484.635,
2026-08-20T05:20:00Z,4484.635,4485.87,4484.63,4484.7,
2026-08-20T05:21:00Z,4484.7,4486.4,4484.575,4486.19,
2026-08-20T05:22:00Z,4486.19,4486.19,4484.87,4485.3,
2026-08-20T05:23:00Z,4485.3,4486.49,4484.335,4486.375,
2026-08-20T05:24:00Z,4486.375,4487.115,4486.375,4486.525,
2026-08-20T05:25:00Z,4486.525,4486.525,4485.135,4485.24,
2026-08-20T05:26:00Z,4485.24,4485.85,4485.235,4485.25,
2026-08-20T05:27:00Z,4485.25,4485.735,4484.38,4484.665,
2026-08-20T05:28:00Z,4484.665,4485.11,4483.08,4484.935,
2026-08-20T05:29:00Z,4484.935,4485.23,4483.13,4483.28,
2026-08-20T05:30:00Z,4483.28,4486.135,4481.5,4484.025,
2026-08-20T05:31:00Z,4484.025,4484.67,4482.93,4483.87,
2026-08-20T05:32:00Z,4483.87,4484.06,4481.9,4482.535,
2026-08-20T05:33:00Z,4482.535,4483.22,4481.65,4481.65,
2026-08-20T05:34:00Z,4481.65,4481.865,4479.595,4480.45,
2026-08-20T05:35:00Z,4480.45,4481.56,4479.85,4480.67,
2026-08-20T05:36:00Z,4480.67,4481.69,4479.87,4481.505,
2026-08-20T05:37:00Z,4481.505,4481.64,4479.375,4479.385,
2026-08-20T05:38:00Z,4479.385,4479.8,4478.175,4479.425,
2026-08-20T05:39:00Z,4479.425,4480.495,4478.38,4480.495,
2026-08-20T05:40:00Z,4480.495,4480.78,4479.225,4480.78,
2026-08-20T05:41:00Z,4480.78,4480.93,4479.55,4480.385,
2026-08-20T05:42:00Z,4480.385,4481.765,4480.385,4481.405,
2026-08-20T05:43:00Z,4481.405,4482.36,4480.695,4481.435,
2026-08-20T05:44:00Z,4481.435,4481.725,4480.07,4480.77,
2026-08-20T05:45:00Z,4480.77,4480.865,4479.28,4479.735,
2026-08-20T05:46:00Z,4479.735,4480.145,4479.465,4479.55,
2026-08-20T05:47:00Z,4479.55,4481.605,4479.485,4481.215,
2026-08-20T05:48:00Z,4481.215,4481.355,4480.49,4480.875,
2026-08-20T05:49:00Z,4480.875,4481.475,4480.41,4481.26,
2026-08-20T05:50:00Z,4481.26,4481.645,4480.78,4481.215,
2026-08-20T05:51:00Z,4481.215,4481.31,4479.99,4480.33,
2026-08-20T05:52:00Z,4480.33,4480.955,4478.98,4480.31,
2026-08-20T05:53:00Z,4480.31,4480.705,4478.525,4478.93,
2026-08-20T05:54:00Z,4478.93,4479.54,4478.58,4478.625,
2026-08-20T05:55:00Z,4478.625,4479.4,4477.985,4479.4,
2026-08-20T05:56:00Z,4479.4,4480.635,4478.995,4479.075,
2026-08-20T05:57:00Z,4479.075,4480.96,4478.93,4480.76,
2026-08-20T05:58:00Z,4480.76,4482.025,4480.375,4482.025,
2026-08-20T05:59:00Z,4482.025,4483.275,4481.35,4481.355,
2026-08-20T06:00:00Z,4481.355,4482.705,4480.2,4480.24,
2026-08-20T06:01:00Z,4480.24,4482.57,4480.09,4481.45,
2026-08-20T06:02:00Z,4481.45,4484.74,4481.45,4484.395,
2026-08-20T06:03:00Z,4484.395,4484.74,4484.175,4484.38,
2026-08-20T06:04:00Z,4484.38,4488.815,4483.78,4488.605,
2026-08-20T06:05:00Z,4488.605,4490.23,4488.38,4490.005,
2026-08-20T06:06:00Z,4490.005,4491.005,4489.725,4489.725,
2026-08-20T06:07:00Z,4489.725,4490.31,4488.01,4490.31,
2026-08-20T06:08:00Z,4490.31,4490.665,4489.615,4490.0,
2026-08-20T06:09:00Z,4490.0,4491.395,4489.865,4490.215,
2026-08-20T06:10:00Z,4490.215,4492.065,4489.885,4492.04,
2026-08-20T06:11:00Z,4492.04,4492.93,4491.2,4491.2,
2026-08-20T06:12:00Z,4491.2,4491.455,4490.49,4491.345,
2026-08-20T06:13:00Z,4491.345,4493.09,4491.135,4492.975,
2026-08-20T06:14:00Z,4492.975,4493.485,4492.845,4492.845,
2026-08-20T06:15:00Z,4492.845,4494.575,4492.07,4493.955,
2026-08-20T06:16:00Z,4493.955,4494.66,4493.505,4494.465,
2026-08-20T06:17:00Z,4494.465,4495.99,4494.415,4495.765,
2026-08-20T06:18:00Z,4495.765,4495.765,4492.125,4493.72,
2026-08-20T06:19:00Z,4493.72,4494.53,4492.045,4493.695,
2026-08-20T06:20:00Z,4493.695,4494.45,4493.01,4493.555,
2026-08-20T06:21:00Z,4493.555,4494.15,4492.975,4493.17,
2026-08-20T06:22:00Z,4493.17,4493.905,4492.31,4492.83,
2026-08-20T06:23:00Z,4492.83,4493.03,4492.255,4492.94,
2026-08-20T06:24:00Z,4492.94,4493.33,4492.475,4493.23,
2026-08-20T06:25:00Z,4493.23,4494.39,4493.055,4493.055,
2026-08-20T06:26:00Z,4493.055,4494.35,4493.055,4494.015,
2026-08-20T06:27:00Z,4494.015,4494.25,4493.525,4493.735,
2026-08-20T06:28:00Z,4493.735,4495.6,4493.69,4495.16,
2026-08-20T06:29:00Z,4495.16,4495.21,4493.75,4494.21,
2026-08-20T06:30:00Z,4494.21,4494.49,4492.37,4494.26,
2026-08-20T06:31:00Z,4494.26,4494.915,4493.575,4494.52,
2026-08-20T06:32:00Z,4494.52,4495.045,4493.945,4494.18,
2026-08-20T06:33:00Z,4494.18,4494.465,4492.9,4493.5,
2026-08-20T06:34:00Z,4493.5,4495.105,4493.43,4495.015,
2026-08-20T06:35:00Z,4495.015,4495.53,4494.15,4494.91,
2026-08-20T06:36:00Z,4494.91,4495.03,4494.41,4494.685,
2026-08-20T06:37:00Z,4494.685,4495.435,4494.485,4494.49,
2026-08-20T06:38:00Z,4494.49,4494.53,4493.86,4494.385,
2026-08-20T06:39:00Z,4494.385,4494.385,4493.38,4493.77,
2026-08-20T06:40:00Z,4493.77,4494.35,4492.86,4493.515,
2026-08-20T06:41:00Z,4493.515,4494.1,4493.4,4493.565,
2026-08-20T06:42:00Z,4493.565,4493.785,4492.81,4493.03,
2026-08-20T06:43:00Z,4493.03,4493.585,4492.69,4492.91,
2026-08-20T06:44:00Z,4492.91,4493.035,4491.81,4492.52,
2026-08-20T06:45:00Z,4492.52,4495.395,4492.52,4494.97,
2026-08-20T06:46:00Z,4494.97,4495.2,4494.495,4494.945,
2026-08-20T06:47:00Z,4494.945,4495.335,4494.19,4494.225,
2026-08-20T06:48:00Z,4494.225,4494.345,4493.575,4494.3,
2026-08-20T06:49:00Z,4494.3,4494.4,4492.7,4493.185,
2026-08-20T06:50:00Z,4493.185,4493.3,4491.32,4492.395,
2026-08-20T06:51:00Z,4492.395,4493.075,4491.83,4492.175,
2026-08-20T06:52:00Z,4492.175,4493.28,4492.175,4492.65,
2026-08-20T06:53:00Z,4492.65,4493.25,4492.015,4492.16,
2026-08-20T06:54:00Z,4492.16,4492.965,4491.63,4492.0,
2026-08-20T06:55:00Z,4492.0,4492.365,4491.25,4491.815,
2026-08-20T06:56:00Z,4491.815,4492.495,4491.395,4491.985,
2026-08-20T06:57:00Z,4491.985,4493.45,4491.67,4493.28,
2026-08-20T06:58:00Z,4493.28,4494.155,4492.83,4493.95,
2026-08-20T06:59:00Z,4493.95,4494.31,4493.595,4493.83,
2026-08-20T07:00:00Z,4493.83,4493.83,4491.95,4492.735,
2026-08-20T07:01:00Z,4492.735,4493.24,4491.6,4492.105,
2026-08-20T07:02:00Z,4492.105,4492.255,4488.245,4488.8,
2026-08-20T07:03:00Z,4488.8,4489.215,4488.485,4488.87,
2026-08-20T07:04:00Z,4488.87,4489.035,4487.645,4488.71,
2026-08-20T07:05:00Z,4488.71,4488.735,4487.545,4487.86,
2026-08-20T07:06:00Z,4487.86,4489.21,4487.605,4488.97,
2026-08-20T07:07:00Z,4488.97,4488.97,4487.755,4488.285,
2026-08-20T07:08:00Z,4488.285,4490.155,4488.23,4489.975,
2026-08-20T07:09:00Z,4489.975,4490.795,4489.07,4489.185,
2026-08-20T07:10:00Z,4489.185,4490.325,4489.185,4489.95,
2026-08-20T07:11:00Z,4489.95,4490.375,4489.395,4489.7,
2026-08-20T07:12:00Z,4489.7,4490.315,4489.215,4489.525,
2026-08-20T07:13:00Z,4489.525,4489.625,4488.445,4488.56,
2026-08-20T07:14:00Z,4488.56,4488.695,4487.415,4487.915,
2026-08-20T07:15:00Z,4487.915,4490.45,4487.875,4489.09,
2026-08-20T07:16:00Z,4489.09,4489.26,4487.585,4488.335,
2026-08-20T07:17:00Z,4488.335,4488.365,4487.665,4488.21,
2026-08-20T07:18:00Z,4488.21,4488.21,4487.275,4487.375,
2026-08-20T07:19:00Z,4487.375,4488.15,4487.01,4487.16,
2026-08-20T07:20:00Z,4487.16,4487.57,4486.67,4486.995,
2026-08-20T07:21:00Z,4486.995,4488.225,4486.97,4487.17,
2026-08-20T07:22:00Z,4487.17,4487.975,4487.105,4487.41,
2026-08-20T07:23:00Z,4487.41,4487.58,4486.06,4486.585,
2026-08-20T07:24:00Z,4486.585,4487.33,4485.675,4485.705,
2026-08-20T07:25:00Z,4485.705,4485.99,4484.995,4485.385,
2026-08-20T07:26:00Z,4485.385,4486.3,4485.05,4485.06,
2026-08-20T07:27:00Z,4485.06,4485.465,4484.095,4484.815,
2026-08-20T07:28:00Z,4484.815,4485.035,4483.89,4483.89,
2026-08-20T07:29:00Z,4483.89,4484.79,4483.75,4484.07,
2026-08-20T07:30:00Z,4484.07,4484.79,4483.555,4484.79,
2026-08-20T07:31:00Z,4484.79,4486.245,4484.42,4486.235,
2026-08-20T07:32:00Z,4486.235,4486.235,4484.24,4484.9,
2026-08-20T07:33:00Z,4484.9,4487.12,4484.51,4486.985,
2026-08-20T07:34:00Z,4486.985,4489.835,4486.36,4489.835,
2026-08-20T07:35:00Z,4489.835,4491.155,4489.395,4490.12,
2026-08-20T07:36:00Z,4490.12,4491.185,4489.96,4490.615,
2026-08-20T07:37:00Z,4490.615,4490.89,4489.6,4490.035,
2026-08-20T07:38:00Z,4490.035,4491.255,4489.565,4490.7,
2026-08-20T07:39:00Z,4490.7,4490.905,4489.245,4490.15,
2026-08-20T07:40:00Z,4490.15,4491.92,4489.91,4491.895,
2026-08-20T07:41:00Z,4491.895,4493.37,4491.045,4492.475,
2026-08-20T07:42:00Z,4492.475,4493.335,4491.39,4491.57,
2026-08-20T07:43:00Z,4491.57,4492.135,4489.79,4489.915,
2026-08-20T07:44:00Z,4489.915,4491.23,4489.36,4491.175,
2026-08-20T07:45:00Z,4491.175,4492.575,4490.005,4492.445,
2026-08-20T07:46:00Z,4492.445,4492.6,4491.835,4492.6,
2026-08-20T07:47:00Z,4492.6,4494.315,4490.83,4490.85,
2026-08-20T07:48:00Z,4490.85,4490.965,4489.42,4489.65,
2026-08-20T07:49:00Z,4489.65,4490.625,4489.3,4489.46,
2026-08-20T07:50:00Z,4489.46,4489.645,4488.665,4489.365,
2026-08-20T07:51:00Z,4489.365,4490.675,4488.43,4490.635,
2026-08-20T07:52:00Z,4490.635,4490.685,4488.855,4489.72,
2026-08-20T07:53:00Z,4489.72,4489.96,4488.85,4489.68,
2026-08-20T07:54:00Z,4489.68,4491.05,4489.505,4490.98,
2026-08-20T07:55:00Z,4490.98,4491.825,4490.79,4491.57,
2026-08-20T07:56:00Z,4491.57,4492.29,4490.385,4492.06,
2026-08-20T07:57:00Z,4492.06,4492.06,4490.145,4490.385,
2026-08-20T07:58:00Z,4490.385,4490.765,4489.52,4489.52,
2026-08-20T07:59:00Z,4489.52,4491.29,4489.395,4490.975,
2026-08-20T08:00:00Z,4490.975,4491.6,4490.725,4491.435,
2026-08-20T08:01:00Z,4491.435,4493.92,4491.415,4492.99,
2026-08-20T08:02:00Z,4492.99,4493.595,4490.9,4491.6,
2026-08-20T08:03:00Z,4491.6,4494.99,4491.585,4493.94,
2026-08-20T08:04:00Z,4493.94,4493.94,4491.875,4492.58,
2026-08-20T08:05:00Z,4492.58,4492.72,4491.405,4491.415,
2026-08-20T08:06:00Z,4491.415,4493.46,4491.205,4493.46,
2026-08-20T08:07:00Z,4493.46,4494.47,4492.785,4494.35,
2026-08-20T08:08:00Z,4494.35,4494.405,4492.97,4493.085,
2026-08-20T08:09:00Z,4493.085,4494.25,4492.295,4494.125,
2026-08-20T08:10:00Z,4494.125,4495.49,4493.185,4493.47,
2026-08-20T08:11:00Z,4493.47,4493.47,4491.755,4492.325,
2026-08-20T08:12:00Z,4492.325,4493.345,4491.87,4492.495,
2026-08-20T08:13:00Z,4492.495,4492.73,4491.865,4492.23,
2026-08-20T08:14:00Z,4492.23,4494.635,4492.13,4494.375,
2026-08-20T08:15:00Z,4494.375,4494.895,4494.14,4494.73,
2026-08-20T08:16:00Z,4494.73,4498.14,4494.64,4498.045,
2026-08-20T08:17:00Z,4498.045,4498.4,4496.955,4497.42,
2026-08-20T08:18:00Z,4497.42,4498.045,4496.86,4497.565,
2026-08-20T08:19:00Z,4497.565,4498.805,4495.89,4496.55,
2026-08-20T08:20:00Z,4496.55,4496.625,4495.915,4496.005,
2026-08-20T08:21:00Z,4496.005,4497.085,4495.035,4496.815,
2026-08-20T08:22:00Z,4496.815,4497.435,4496.23,4497.11,
2026-08-20T08:23:00Z,4497.11,4497.67,4496.915,4497.45,
2026-08-20T08:24:00Z,4497.45,4498.215,4495.435,4495.645,
2026-08-20T08:25:00Z,4495.645,4496.28,4494.5,4495.065,
2026-08-20T08:26:00Z,4495.065,4495.07,4492.53,4492.54,
2026-08-20T08:27:00Z,4492.54,4492.54,4490.055,4490.655,
2026-08-20T08:28:00Z,4490.655,4491.02,4490.065,4490.455,
2026-08-20T08:29:00Z,4490.455,4491.895,4490.255,4491.405,
2026-08-20T08:30:00Z,4491.405,4491.86,4489.8,4490.175,
2026-08-20T08:31:00Z,4490.175,4490.385,4487.24,4487.98,
2026-08-20T08:32:00Z,4487.98,4488.845,4487.495,4488.135,
2026-08-20T08:33:00Z,4488.135,4489.91,4487.915,4489.52,
2026-08-20T08:34:00Z,4489.52,4493.24,4489.52,4493.23,
2026-08-20T08:35:00Z,4493.23,4495.03,4492.135,4494.1,
2026-08-20T08:36:00Z,4494.1,4495.435,4493.785,4494.31,
2026-08-20T08:37:00Z,4494.31,4495.16,4494.155,4495.09,
2026-08-20T08:38:00Z,4495.09,4495.255,4493.855,4494.235,
2026-08-20T08:39:00Z,4494.235,4494.235,4490.185,4491.76,
2026-08-20T08:40:00Z,4491.76,4492.22,4491.085,4491.815,
2026-08-20T08:41:00Z,4491.815,4492.03,4490.53,4490.53,
2026-08-20T08:42:00Z,4490.53,4492.785,4490.33,4492.295,
2026-08-20T08:43:00Z,4492.295,4492.935,4491.71,4491.855,
2026-08-20T08:44:00Z,4491.855,4492.13,4490.59,4490.64,
2026-08-20T08:45:00Z,4490.64,4491.66,4490.255,4491.44,
2026-08-20T08:46:00Z,4491.44,4491.44,4488.32,4488.725,
2026-08-20T08:47:00Z,4488.725,4489.305,4488.3,4488.61,
2026-08-20T08:48:00Z,4488.61,4489.21,4488.375,4488.745,
2026-08-20T08:49:00Z,4488.745,4489.245,4488.045,4488.045,
2026-08-20T08:50:00Z,4488.045,4489.495,4487.705,4489.415,
2026-08-20T08:51:00Z,4489.415,4489.965,4489.095,4489.095,
2026-08-20T08:52:00Z,4489.095,4490.385,4488.625,4490.385,
2026-08-20T08:53:00Z,4490.385,4490.87,4490.06,4490.755,
2026-08-20T08:54:00Z,4490.755,4492.025,4490.42,4491.855,
2026-08-20T08:55:00Z,4491.855,4492.16,4489.89,4489.895,
2026-08-20T08:56:00Z,4489.895,4490.3,4488.955,4489.345,
2026-08-20T08:57:00Z,4489.345,4489.345,4487.84,4487.84,
2026-08-20T08:58:00Z,4487.84,4489.895,4487.775,4489.88,
2026-08-20T08:59:00Z,4489.88,4489.955,4488.755,4489.405,
2026-08-20T09:00:00Z,4489.405,4489.835,4488.69,4488.765,
2026-08-20T09:01:00Z,4488.765,4489.815,4488.665,4489.09,
2026-08-20T09:02:00Z,4489.09,4489.89,4488.545,4489.5,
2026-08-20T09:03:00Z,4489.5,4490.725,4488.97,4490.33,
2026-08-20T09:04:00Z,4490.33,4491.225,4489.69,4490.86,
2026-08-20T09:05:00Z,4490.86,4491.23,4489.265,4489.285,
2026-08-20T09:06:00Z,4489.285,4490.81,4488.925,4490.8,
2026-08-20T09:07:00Z,4490.8,4491.925,4490.65,4491.925,
2026-08-20T09:08:00Z,4491.925,4493.3,4491.465,4492.115,
2026-08-20T09:09:00Z,4492.115,4492.815,4491.445,4491.825,
2026-08-20T09:10:00Z,4491.825,4494.14,4491.72,4493.2,
2026-08-20T09:11:00Z,4493.2,4493.645,4491.6,4492.395,
2026-08-20T09:12:00Z,4492.395,4492.4,4491.44,4492.115,
2026-08-20T09:13:00Z,4492.115,4492.67,4491.475,4491.97,
2026-08-20T09:14:00Z,4491.97,4492.76,4491.97,4492.36,
2026-08-20T09:15:00Z,4492.36,4492.935,4492.09,4492.885,
2026-08-20T09:16:00Z,4492.885,4493.915,4492.81,4492.855,
2026-08-20T09:17:00Z,4492.855,4493.76,4490.81,4491.16,
2026-08-20T09:18:00Z,4491.16,4491.69,4490.66,4490.715,
2026-08-20T09:19:00Z,4490.715,4490.825,4489.265,4489.425,
2026-08-20T09:20:00Z,4489.425,4489.825,4488.41,4488.995,
2026-08-20T09:21:00Z,4488.995,4493.0,4488.98,4492.38,
2026-08-20T09:22:00Z,4492.38,4492.38,4491.1,4491.32,
2026-08-20T09:23:00Z,4491.32,4491.58,4490.495,4490.75,
2026-08-20T09:24:00Z,4490.75,4490.945,4489.84,4489.905,
2026-08-20T09:25:00Z,4489.905,4490.72,4489.895,4490.195,
2026-08-20T09:26:00Z,4490.195,4490.235,4489.045,4489.055,
2026-08-20T09:27:00Z,4489.055,4489.765,4488.205,4489.515,
2026-08-20T09:28:00Z,4489.515,4489.68,4488.735,4489.195,
2026-08-20T09:29:00Z,4489.195,4490.865,4488.925,4490.04,
2026-08-20T09:30:00Z,4490.04,4490.06,4487.8,4489.635,
2026-08-20T09:31:00Z,4489.635,4490.725,4489.235,4489.36,
2026-08-20T09:32:00Z,4489.36,4490.155,4487.97,4489.55,
2026-08-20T09:33:00Z,4489.55,4489.575,4487.765,4488.03,
2026-08-20T09:34:00Z,4488.03,4488.065,4487.055,4487.64,
2026-08-20T09:35:00Z,4487.64,4488.155,4486.66,4486.85,
2026-08-20T09:36:00Z,4486.85,4488.49,4486.345,4487.78,
2026-08-20T09:37:00Z,4487.78,4487.82,4485.455,4486.025,
2026-08-20T09:38:00Z,4486.025,4486.225,4484.64,4484.76,
2026-08-20T09:39:00Z,4484.76,4486.35,4484.615,4486.235,
2026-08-20T09:40:00Z,4486.235,4487.775,4486.095,4486.93,
2026-08-20T09:41:00Z,4486.93,4487.75,4486.065,4486.485,
2026-08-20T09:42:00Z,4486.485,4489.465,4486.485,4489.025,
2026-08-20T09:43:00Z,4489.025,4490.39,4488.165,4490.295,
2026-08-20T09:44:00Z,4490.295,4490.355,4489.07,4489.315,
2026-08-20T09:45:00Z,4489.315,4489.315,4488.305,4488.86,
2026-08-20T09:46:00Z,4488.86,4488.96,4487.715,4487.825,
2026-08-20T09:47:00Z,4487.825,4488.435,4486.04,4486.16,
2026-08-20T09:48:00Z,4486.16,4486.675,4485.57,4486.54,
2026-08-20T09:49:00Z,4486.54,4486.55,4485.195,4485.59,
2026-08-20T09:50:00Z,4485.59,4486.335,4485.06,4485.39,
2026-08-20T09:51:00Z,4485.39,4485.505,4484.35,4485.285,
2026-08-20T09:52:00Z,4485.285,4485.605,4483.975,4485.16,
2026-08-20T09:53:00Z,4485.16,4485.32,4482.76,4483.02,
2026-08-20T09:54:00Z,4483.02,4484.005,4482.06,4484.0,
2026-08-20T09:55:00Z,4484.0,4484.045,4482.425,4482.675,
2026-08-20T09:56:00Z,4482.675,4482.765,4481.945,4482.665,
2026-08-20T09:57:00Z,4482.665,4483.64,4482.225,4483.425,
2026-08-20T09:58:00Z,4483.425,4484.805,4483.0,4484.35,
2026-08-20T09:59:00Z,4484.35,4484.355,4482.73,4482.73,
2026-08-20T10:00:00Z,4482.73,4482.95,4480.855,4482.95,
2026-08-20T10:01:00Z,4482.95,4483.065,4480.945,4482.45,
2026-08-20T10:02:00Z,4482.45,4483.25,4482.305,4483.185,
2026-08-20T10:03:00Z,4483.185,4485.795,4483.185,4485.29,
2026-08-20T10:04:00Z,4485.29,4486.23,4485.2,4485.5,
2026-08-20T10:05:00Z,4485.5,4486.975,4485.39,4486.355,
2026-08-20T10:06:00Z,4486.355,4487.08,4486.215,4486.785,
2026-08-20T10:07:00Z,4486.785,4487.335,4486.37,4486.615,
2026-08-20T10:08:00Z,4486.615,4487.49,4486.55,4487.195,
2026-08-20T10:09:00Z,4487.195,4489.855,4487.195,4489.64,
2026-08-20T10:10:00Z,4489.64,4490.18,4488.265,4489.045,
2026-08-20T10:11:00Z,4489.045,4489.71,4488.56,4489.005,
2026-08-20T10:12:00Z,4489.005,4489.685,4488.68,4489.2,
2026-08-20T10:13:00Z,4489.2,4490.405,4488.945,4490.175,
2026-08-20T10:14:00Z,4490.175,4491.365,4489.915,4490.48,
2026-08-20T10:15:00Z,4490.48,4491.295,4490.205,4490.38,
2026-08-20T10:16:00Z,4490.38,4491.605,4490.345,4490.61,
2026-08-20T10:17:00Z,4490.61,4491.19,4490.6,4491.155,
2026-08-20T10:18:00Z,4491.155,4491.545,4490.835,4491.31,
2026-08-20T10:19:00Z,4491.31,4491.775,4490.145,4490.705,
2026-08-20T10:20:00Z,4490.705,4490.88,4488.27,4488.835,
2026-08-20T10:21:00Z,4488.835,4488.835,4487.035,4487.165,
2026-08-20T10:22:00Z,4487.165,4487.425,4486.665,4487.11,
2026-08-20T10:23:00Z,4487.11,4487.295,4486.73,4486.865,
2026-08-20T10:24:00Z,4486.865,4489.04,4486.505,4489.0,
2026-08-20T10:25:00Z,4489.0,4490.97,4488.47,4489.795,
2026-08-20T10:26:00Z,4489.795,4490.84,4489.47,4490.84,
2026-08-20T10:27:00Z,4490.84,4491.675,4490.84,4490.86,
2026-08-20T10:28:00Z,4490.86,4493.205,4490.625,4492.62,
2026-08-20T10:29:00Z,4492.62,4494.24,4492.025,4493.95,
2026-08-20T10:30:00Z,4493.95,4494.915,4493.705,4494.245,
2026-08-20T10:31:00Z,4494.245,4494.355,4493.47,4494.07,
2026-08-20T10:32:00Z,4494.07,4494.635,4493.855,4494.28,
2026-08-20T10:33:00Z,4494.28,4494.635,4493.285,4493.285,
2026-08-20T10:34:00Z,4493.285,4493.475,4492.635,4493.195,
2026-08-20T10:35:00Z,4493.195,4493.305,4492.46,4492.47,
2026-08-20T10:36:00Z,4492.47,4494.69,4492.36,4493.34,
2026-08-20T10:37:00Z,4493.34,4494.195,4492.97,4493.02,
2026-08-20T10:38:00Z,4493.02,4493.14,4490.85,4491.31,
2026-08-20T10:39:00Z,4491.31,4491.555,4490.15,4490.53,
2026-08-20T10:40:00Z,4490.53,4490.985,4490.21,4490.575,
2026-08-20T10:41:00Z,4490.575,4491.075,4490.335,4490.5,
2026-08-20T10:42:00Z,4490.5,4491.035,4490.39,4490.99,
2026-08-20T10:43:00Z,4490.99,4491.01,4490.33,4490.33,
2026-08-20T10:44:00Z,4490.33,4491.33,4490.125,4491.205,
2026-08-20T10:45:00Z,4491.205,4491.35,4490.615,4490.7,
2026-08-20T10:46:00Z,4490.7,4490.71,4488.815,4488.815,
2026-08-20T10:47:00Z,4488.815,4490.825,4488.77,4490.68,
2026-08-20T10:48:00Z,4490.68,4490.74,4489.625,4489.64,
2026-08-20T10:49:00Z,4489.64,4490.375,4489.62,4490.315,
2026-08-20T10:50:00Z,4490.315,4490.8,4490.215,4490.425,
2026-08-20T10:51:00Z,4490.425,4490.44,4489.245,4490.17,
2026-08-20T10:52:00Z,4490.17,4490.17,4489.355,4489.43,
2026-08-20T10:53:00Z,4489.43,4489.63,4488.565,4488.9,
2026-08-20T10:54:00Z,4488.9,4488.9,4487.635,4488.05,
2026-08-20T10:55:00Z,4488.05,4488.585,4487.63,4488.395,
2026-08-20T10:56:00Z,4488.395,4488.555,4487.94,4488.11,
2026-08-20T10:57:00Z,4488.11,4489.935,4488.11,4489.005,
2026-08-20T10:58:00Z,4489.005,4489.915,4488.665,4489.885,
2026-08-20T10:59:00Z,4489.885,4490.58,4489.665,4490.225,
2026-08-20T11:00:00Z,4490.225,4490.875,4487.79,4488.485,
2026-08-20T11:01:00Z,4488.485,4490.9,4487.665,4490.79,
2026-08-20T11:02:00Z,4490.79,4491.395,4490.13,4490.455,
2026-08-20T11:03:00Z,4490.455,4490.745,4489.865,4490.51,
2026-08-20T11:04:00Z,4490.51,4490.51,4488.185,4488.44,
2026-08-20T11:05:00Z,4488.44,4488.575,4486.21,4487.425,
2026-08-20T11:06:00Z,4487.425,4487.59,4486.84,4487.09,
2026-08-20T11:07:00Z,4487.09,4488.13,4486.855,4488.13,
2026-08-20T11:08:00Z,4488.13,4488.13,4485.79,4487.3,
2026-08-20T11:09:00Z,4487.3,4487.585,4486.695,4487.425,
2026-08-20T11:10:00Z,4487.425,4487.615,4486.72,4486.99,
2026-08-20T11:11:00Z,4486.99,4487.31,4485.295,4486.285,
2026-08-20T11:12:00Z,4486.285,4487.315,4485.255,4486.82,
2026-08-20T11:13:00Z,4486.82,4487.04,4484.08,4484.225,
2026-08-20T11:14:00Z,4484.225,4485.17,4482.915,4485.055,
2026-08-20T11:15:00Z,4485.055,4485.36,4484.45,4484.8,
2026-08-20T11:16:00Z,4484.8,4485.875,4484.455,4485.46,
2026-08-20T11:17:00Z,4485.46,4485.59,4482.415,4482.415,
2026-08-20T11:18:00Z,4482.415,4482.61,4481.255,4481.75,
2026-08-20T11:19:00Z,4481.75,4482.75,4481.34,4482.455,
2026-08-20T11:20:00Z,4482.455,4483.665,4481.845,4483.66,
2026-08-20T11:21:00Z,4483.66,4484.795,4483.02,4483.255,
2026-08-20T11:22:00Z,4483.255,4485.175,4482.93,4484.25,
2026-08-20T11:23:00Z,4484.25,4485.685,4484.24,4485.51,
2026-08-20T11:24:00Z,4485.51,4487.76,4485.17,4487.68,
2026-08-20T11:25:00Z,4487.68,4489.325,4487.515,4489.21,
2026-08-20T11:26:00Z,4489.21,4489.9,4487.615,4487.665,
2026-08-20T11:27:00Z,4487.665,4488.505,4487.0,4487.02,
2026-08-20T11:28:00Z,4487.02,4487.03,4484.455,4484.865,
2026-08-20T11:29:00Z,4484.865,4485.135,4484.27,4484.35,
2026-08-20T11:30:00Z,4484.35,4484.87,4483.855,4484.04,
2026-08-20T11:31:00Z,4484.04,4484.995,4483.07,4484.995,
2026-08-20T11:32:00Z,4484.995,4485.935,4484.415,4484.865,
2026-08-20T11:33:00Z,4484.865,4485.145,4482.68,4483.675,
2026-08-20T11:34:00Z,4483.675,4484.96,4483.21,4484.96,
2026-08-20T11:35:00Z,4484.96,4486.93,4484.595,4486.58,
2026-08-20T11:36:00Z,4486.58,4486.675,4482.615,4482.615,
2026-08-20T11:37:00Z,4482.615,4483.13,4480.29,4480.6,
2026-08-20T11:38:00Z,4480.6,4481.16,4480.02,4480.525,
2026-08-20T11:39:00Z,4480.525,4482.415,4480.445,4481.87,
2026-08-20T11:40:00Z,4481.87,4482.65,4479.015,4479.245,
2026-08-20T11:41:00Z,4479.245,4479.615,4476.955,4478.905,
2026-08-20T11:42:00Z,4478.905,4479.03,4477.29,4477.98,
2026-08-20T11:43:00Z,4477.98,4478.665,4476.69,4477.12,
2026-08-20T11:44:00Z,4477.12,4477.465,4474.44,4474.815,
2026-08-20T11:45:00Z,4474.815,4475.805,4469.885,4471.24,
2026-08-20T11:46:00Z,4471.24,4471.325,4468.445,4468.445,
2026-08-20T11:47:00Z,4468.445,4471.165,4467.675,4470.21,
2026-08-20T11:48:00Z,4470.21,4470.465,4465.895,4468.625,
2026-08-20T11:49:00Z,4468.625,4472.37,4468.625,4471.355,
2026-08-20T11:50:00Z,4471.355,4473.055,4470.01,4470.775,
2026-08-20T11:51:00Z,4470.775,4470.775,4469.15,4470.0,
2026-08-20T11:52:00Z,4470.0,4470.045,4467.245,4467.725,
2026-08-20T11:53:00Z,4467.725,4471.05,4467.55,4468.63,
2026-08-20T11:54:00Z,4468.63,4468.63,4466.315,4467.3,
2026-08-20T11:55:00Z,4467.3,4470.46,4467.135,4470.46,
2026-08-20T11:56:00Z,4470.46,4471.335,4467.085,4467.955,
2026-08-20T11:57:00Z,4467.955,4468.4,4465.54,4467.31,
2026-08-20T11:58:00Z,4467.31,4468.005,4466.92,4467.26,
2026-08-20T11:59:00Z,4467.26,4467.46,4465.95,4467.02,
2026-08-20T12:00:00Z,4467.02,4467.34,4462.015,4462.085,
2026-08-20T12:01:00Z,4462.085,4462.275,4459.12,4459.21,
2026-08-20T12:02:00Z,4459.21,4461.43,4458.075,4459.4,
2026-08-20T12:03:00Z,4459.4,4460.885,4458.145,4459.49,
2026-08-20T12:04:00Z,4459.49,4459.84,4457.35,4458.295,
2026-08-20T12:05:00Z,4458.295,4459.42,4454.295,4456.15,
2026-08-20T12:06:00Z,4456.15,4456.29,4450.97,4451.53,
2026-08-20T12:07:00Z,4451.53,4455.27,4450.71,4453.55,
2026-08-20T12:08:00Z,4453.55,4458.23,4453.505,4455.985,
2026-08-20T12:09:00Z,4455.985,4457.39,4454.965,4457.06,
2026-08-20T12:10:00Z,4457.06,4461.21,4456.785,4460.125,
2026-08-20T12:11:00Z,4460.125,4460.93,4459.02,4460.595,
2026-08-20T12:12:00Z,4460.595,4463.93,4460.07,4463.875,
2026-08-20T12:13:00Z,4463.875,4466.195,4463.875,4465.88,
2026-08-20T12:14:00Z,4465.88,4466.42,4462.57,4462.57,
2026-08-20T12:15:00Z,4462.57,4466.1,4462.41,4463.7,
2026-08-20T12:16:00Z,4463.7,4464.025,4462.31,4463.49,
2026-08-20T12:17:00Z,4463.49,4466.38,4462.705,4466.315,
2026-08-20T12:18:00Z,4466.315,4466.97,4464.915,4465.41,
2026-08-20T12:19:00Z,4465.41,4467.41,4464.335,4467.065,
2026-08-20T12:20:00Z,4467.065,4467.92,4462.62,4462.665,
2026-08-20T12:21:00Z,4462.665,4464.845,4461.97,4463.53,
2026-08-20T12:22:00Z,4463.53,4464.605,4462.755,4463.815,
2026-08-20T12:23:00Z,4463.815,4465.19,4463.19,4464.565,
2026-08-20T12:24:00Z,4464.565,4466.83,4462.825,4464.015,
2026-08-20T12:25:00Z,4464.015,4464.025,4458.36,4458.72,
2026-08-20T12:26:00Z,4458.72,4458.845,4457.165,4458.755,
2026-08-20T12:27:00Z,4458.755,4459.74,4458.12,4459.715,
2026-08-20T12:28:00Z,4459.715,4460.68,4458.13,4458.18,
2026-08-20T12:29:00Z,4458.18,4459.625,4457.99,4459.355,
2026-08-20T12:30:00Z,4459.355,4460.955,4457.165,4458.065,
2026-08-20T12:31:00Z,4458.065,4458.065,4454.635,4454.98,
2026-08-20T12:32:00Z,4454.98,4455.545,4453.815,4455.37,
2026-08-20T12:33:00Z,4455.37,4455.97,4452.82,4455.305,
2026-08-20T12:34:00Z,4455.305,4455.88,4451.36,4453.44,
2026-08-20T12:35:00Z,4453.44,4456.825,4452.9,4454.325,
2026-08-20T12:36:00Z,4454.325,4456.785,4451.835,4456.785,
2026-08-20T12:37:00Z,4456.785,4460.33,4456.785,4459.21,
2026-08-20T12:38:00Z,4459.21,4459.58,4457.7,4459.335,
2026-08-20T12:39:00Z,4459.335,4463.35,4458.86,4463.26,
2026-08-20T12:40:00Z,4463.26,4465.47,4462.235,4465.085,
2026-08-20T12:41:00Z,4465.085,4465.84,4463.49,4464.2,
2026-08-20T12:42:00Z,4464.2,4464.525,4460.21,4460.27,
2026-08-20T12:43:00Z,4460.27,4466.365,4460.27,4466.34,
2026-08-20T12:44:00Z,4466.34,4467.185,4465.315,4466.85,
2026-08-20T12:45:00Z,4466.85,4466.85,4464.21,4466.01,
2026-08-20T12:46:00Z,4466.01,4467.675,4466.01,4467.15,
2026-08-20T12:47:00Z,4467.15,4469.145,4466.74,4468.405,
2026-08-20T12:48:00Z,4468.405,4471.145,4468.105,4470.68,
2026-08-20T12:49:00Z,4470.68,4471.565,4469.765,4471.45,
2026-08-20T12:50:00Z,4471.45,4471.625,4470.18,4471.495,
2026-08-20T12:51:00Z,4471.495,4474.24,4471.46,4474.02,
2026-08-20T12:52:00Z,4474.02,4475.425,4473.09,4473.235,
2026-08-20T12:53:00Z,4473.235,4473.875,4472.18,4472.365,
2026-08-20T12:54:00Z,4472.365,4473.105,4471.9,4472.26,
2026-08-20T12:55:00Z,4472.26,4473.3,4471.89,4473.0,
2026-08-20T12:56:00Z,4473.0,4474.08,4472.15,4473.94,
2026-08-20T12:57:00Z,4473.94,4475.275,4473.29,4473.975,
2026-08-20T12:58:00Z,4473.975,4477.185,4473.975,4476.81,
2026-08-20T12:59:00Z,4476.81,4476.85,4474.34,4474.95,
2026-08-20T13:00:00Z,4474.95,4482.155,4474.05,4481.835,
2026-08-20T13:01:00Z,4481.835,4484.735,4481.025,4483.905,
2026-08-20T13:02:00Z,4483.905,4483.985,4480.47,4481.99,
2026-08-20T13:03:00Z,4481.99,4482.39,4479.69,4479.74,
2026-08-20T13:04:00Z,4479.74,4481.83,4477.32,4478.65,
2026-08-20T13:05:00Z,4478.65,4480.3,4476.73,4478.38,
2026-08-20T13:06:00Z,4478.38,4479.17,4477.24,4477.57,
2026-08-20T13:07:00Z,4477.57,4478.42,4476.805,4477.825,
2026-08-20T13:08:00Z,4477.825,4477.925,4474.265,4474.885,
2026-08-20T13:09:00Z,4474.885,4475.7,4473.355,4473.825,
2026-08-20T13:10:00Z,4473.825,4475.925,4473.305,4474.04,
2026-08-20T13:11:00Z,4474.04,4474.745,4472.525,4473.035,
2026-08-20T13:12:00Z,4473.035,4474.835,4472.42,4473.6,
2026-08-20T13:13:00Z,4473.6,4475.545,4472.955,4474.88,
2026-08-20T13:14:00Z,4474.88,4474.89,4472.065,4472.955,
2026-08-20T13:15:00Z,4472.955,4473.23,4471.36,4472.27,
2026-08-20T13:16:00Z,4472.27,4475.155,4471.15,4474.96,
2026-08-20T13:17:00Z,4474.96,4475.4,4473.045,4474.97,
2026-08-20T13:18:00Z,4474.97,4475.81,4474.03,4474.82,
2026-08-20T13:19:00Z,4474.82,4476.81,4474.44,4474.905,
2026-08-20T13:20:00Z,4474.905,4476.265,4473.85,4474.235,
2026-08-20T13:21:00Z,4474.235,4476.745,4474.065,4474.73,
2026-08-20T13:22:00Z,4474.73,4475.405,4472.265,4472.265,
2026-08-20T13:23:00Z,4472.265,4474.625,4471.545,4474.24,
2026-08-20T13:24:00Z,4474.24,4475.09,4472.91,4474.415,
2026-08-20T13:25:00Z,4474.415,4474.415,4471.745,4472.355,
2026-08-20T13:26:00Z,4472.355,4473.695,4471.31,4473.23,
2026-08-20T13:27:00Z,4473.23,4474.125,4472.52,4474.04,
2026-08-20T13:28:00Z,4474.04,4474.52,4472.095,4472.665,
2026-08-20T13:29:00Z,4472.665,4473.06,4470.42,4471.66,
2026-08-20T13:30:00Z,4471.66,4477.43,4471.66,4472.41,
2026-08-20T13:31:00Z,4472.41,4475.325,4470.035,4470.73,
2026-08-20T13:32:00Z,4470.73,4474.405,4469.445,4473.12,
2026-08-20T13:33:00Z,4473.12,4476.025,4470.24,4475.145,
2026-08-20T13:34:00Z,4475.145,4476.145,4473.865,4475.79,
2026-08-20T13:35:00Z,4475.79,4485.72,4475.005,4483.7,
2026-08-20T13:36:00Z,4483.7,4485.47,4481.855,4482.78,
2026-08-20T13:37:00Z,4482.78,4484.44,4479.105,4482.405,
2026-08-20T13:38:00Z,4482.405,4485.565,4481.59,4484.435,
2026-08-20T13:39:00Z,4484.435,4486.71,4482.625,4483.74,
2026-08-20T13:40:00Z,4483.74,4483.93,4479.195,4479.97,
2026-08-20T13:41:00Z,4479.97,4485.105,4478.01,4484.99,
2026-08-20T13:42:00Z,4484.99,4486.435,4483.71,4485.435,
2026-08-20T13:43:00Z,4485.435,4487.875,4484.99,4486.77,
2026-08-20T13:44:00Z,4486.77,4487.025,4485.945,4486.775,
2026-08-20T13:45:00Z,4486.775,4489.41,4485.315,4485.575,
2026-08-20T13:46:00Z,4485.575,4486.89,4483.88,4484.22,
2026-08-20T13:47:00Z,4484.22,4484.22,4481.035,4483.535,
2026-08-20T13:48:00Z,4483.535,4484.15,4481.065,4483.015,
2026-08-20T13:49:00Z,4483.015,4484.3,4480.24,4482.445,
2026-08-20T13:50:00Z,4482.445,4483.775,4481.26,4483.11,
2026-08-20T13:51:00Z,4483.11,4483.685,4481.655,4482.245,
2026-08-20T13:52:00Z,4482.245,4486.23,4481.405,4486.1,
2026-08-20T13:53:00Z,4486.1,4486.645,4483.24,4483.36,
2026-08-20T13:54:00Z,4483.36,4485.79,4482.06,4485.77,
2026-08-20T13:55:00Z,4485.77,4486.625,4482.895,4484.035,
2026-08-20T13:56:00Z,4484.035,4484.69,4482.34,4482.465,
2026-08-20T13:57:00Z,4482.465,4482.86,4480.845,4480.845,
2026-08-20T13:58:00Z,4480.845,4482.89,4479.435,4481.89,
2026-08-20T13:59:00Z,4481.89,4482.405,4480.445,4481.755,
2026-08-20T14:00:00Z,4481.755,4488.62,4481.755,4488.56,
2026-08-20T14:01:00Z,4488.56,4490.29,4487.13,4489.195,
2026-08-20T14:02:00Z,4489.195,4490.76,4487.52,4487.52,
2026-08-20T14:03:00Z,4487.52,4487.8,4483.6,4484.8,
2026-08-20T14:04:00Z,4484.8,4485.77,4482.49,4483.425,
2026-08-20T14:05:00Z,4483.425,4483.74,4482.325,4482.38,
2026-08-20T14:06:00Z,4482.38,4486.655,4480.995,4483.375,
2026-08-20T14:07:00Z,4483.375,4484.495,4481.375,4484.39,
2026-08-20T14:08:00Z,4484.39,4486.065,4483.52,4484.845,
2026-08-20T14:09:00Z,4484.845,4486.88,4483.515,4485.51,
2026-08-20T14:10:00Z,4485.51,4487.075,4483.69,4487.015,
2026-08-20T14:11:00Z,4487.015,4489.04,4484.33,4486.995,
2026-08-20T14:12:00Z,4486.995,4488.005,4486.395,4487.76,
2026-08-20T14:13:00Z,4487.76,4489.105,4485.06,4485.09,
2026-08-20T14:14:00Z,4485.09,4485.865,4484.085,4485.205,
2026-08-20T14:15:00Z,4485.205,4486.87,4483.885,4486.69,
2026-08-20T14:16:00Z,4486.69,4487.685,4485.37,4487.685,
2026-08-20T14:17:00Z,4487.685,4489.675,4486.41,4487.685,
2026-08-20T14:18:00Z,4487.685,4489.21,4487.195,4487.91,
2026-08-20T14:19:00Z,4487.91,4487.925,4481.925,4482.17,
2026-08-20T14:20:00Z,4482.17,4487.565,4481.95,4487.435,
2026-08-20T14:21:00Z,4487.435,4490.935,4486.765,4489.04,
2026-08-20T14:22:00Z,4489.04,4489.045,4486.805,4487.625,
2026-08-20T14:23:00Z,4487.625,4491.595,4486.905,4491.515,
2026-08-20T14:24:00Z,4491.515,4493.985,4491.05,4491.05,
2026-08-20T14:25:00Z,4491.05,4492.255,4490.07,4490.07,
2026-08-20T14:26:00Z,4490.07,4490.8,4488.06,4489.155,
2026-08-20T14:27:00Z,4489.155,4489.83,4487.55,4487.995,
2026-08-20T14:28:00Z,4487.995,4490.895,4486.835,4489.47,
2026-08-20T14:29:00Z,4489.47,4493.175,4489.47,4491.685,
2026-08-20T14:30:00Z,4491.685,4495.335,4491.685,4493.575,
2026-08-20T14:31:00Z,4493.575,4494.42,4492.32,4493.185,
2026-08-20T14:32:00Z,4493.185,4495.02,4493.185,4494.865,
2026-08-20T14:33:00Z,4494.865,4496.945,4494.015,4496.945,
2026-08-20T14:34:00Z,4496.945,4497.125,4493.995,4494.455,
2026-08-20T14:35:00Z,4494.455,4498.44,4493.175,4497.82,
2026-08-20T14:36:00Z,4497.82,4500.225,4497.395,4499.35,
2026-08-20T14:37:00Z,4499.35,4500.81,4496.435,4496.705,
2026-08-20T14:38:00Z,4496.705,4497.415,4495.615,4496.555,
2026-08-20T14:39:00Z,4496.555,4497.385,4495.545,4495.925,
2026-08-20T14:40:00Z,4495.925,4496.84,4494.355,4496.55,
2026-08-20T14:41:00Z,4496.55,4496.82,4493.84,4494.12,
2026-08-20T14:42:00Z,4494.12,4498.34,4493.925,4498.195,
2026-08-20T14:43:00Z,4498.195,4500.075,4498.02,4499.835,
2026-08-20T14:44:00Z,4499.835,4501.31,4499.285,4499.39,
2026-08-20T14:45:00Z,4499.39,4502.375,4498.865,4502.085,
2026-08-20T14:46:00Z,4502.085,4505.9,4501.6,4504.32,
2026-08-20T14:47:00Z,4504.32,4505.19,4503.81,4504.135,
2026-08-20T14:48:00Z,4504.135,4506.69,4503.905,4506.325,
2026-08-20T14:49:00Z,4506.325,4508.965,4505.345,4508.1,
2026-08-20T14:50:00Z,4508.1,4509.08,4506.775,4507.43,
2026-08-20T14:51:00Z,4507.43,4508.35,4505.995,4506.01,
2026-08-20T14:52:00Z,4506.01,4508.515,4504.87,4507.61,
2026-08-20T14:53:00Z,4507.61,4510.55,4507.53,4508.855,
2026-08-20T14:54:00Z,4508.855,4510.305,4508.025,4510.075,
2026-08-20T14:55:00Z,4510.075,4511.405,4509.48,4510.26,
2026-08-20T14:56:00Z,4510.26,4512.255,4510.06,4512.24,
2026-08-20T14:57:00Z,4512.24,4515.965,4512.19,4514.29,
2026-08-20T14:58:00Z,4514.29,4516.345,4513.725,4513.885,
2026-08-20T14:59:00Z,4513.885,4516.275,4513.83,4515.985,
2026-08-20T15:00:00Z,4515.985,4518.935,4515.28,4518.25,
2026-08-20T15:01:00Z,4518.25,4528.67,4516.645,4522.365,
2026-08-20T15:02:00Z,4522.365,4536.28,4522.365,4525.74,
2026-08-20T15:03:00Z,4525.74,4536.355,4523.99,4535.89,
2026-08-20T15:04:00Z,4535.89,4536.675,4531.44,4535.87,
2026-08-20T15:05:00Z,4535.87,4536.625,4529.06,4529.18,
2026-08-20T15:06:00Z,4529.18,4532.535,4524.64,4524.93,
2026-08-20T15:07:00Z,4524.93,4532.22,4524.265,4530.355,
2026-08-20T15:08:00Z,4530.355,4532.005,4528.845,4530.015,
2026-08-20T15:09:00Z,4530.015,4530.265,4522.555,4524.675,
2026-08-20T15:10:00Z,4524.675,4529.085,4522.855,4524.06,
2026-08-20T15:11:00Z,4524.06,4526.215,4521.7,4525.1,
2026-08-20T15:12:00Z,4525.1,4532.97,4524.13,4532.97,
2026-08-20T15:13:00Z,4532.97,4536.665,4531.685,4535.955,
2026-08-20T15:14:00Z,4535.955,4537.425,4534.29,4535.355,
2026-08-20T15:15:00Z,4535.355,4535.535,4530.555,4535.505,
2026-08-20T15:16:00Z,4535.505,4537.19,4532.055,4534.96,
2026-08-20T15:17:00Z,4534.96,4540.1,4534.13,4539.755,
2026-08-20T15:18:00Z,4539.755,4539.97,4536.43,4537.355,
2026-08-20T15:19:00Z,4537.355,4540.89,4536.505,4539.865,
2026-08-20T15:20:00Z,4539.865,4541.06,4534.105,4534.68,
2026-08-20T15:21:00Z,4534.68,4534.68,4528.13,4528.13,
2026-08-20T15:22:00Z,4528.13,4528.485,4525.55,4525.55,
2026-08-20T15:23:00Z,4525.55,4527.05,4523.955,4524.245,
2026-08-20T15:24:00Z,4524.245,4528.14,4523.725,4527.19,
2026-08-20T15:25:00Z,4527.19,4528.32,4525.76,4526.275,
2026-08-20T15:26:00Z,4526.275,4531.165,4526.275,4530.075,
2026-08-20T15:27:00Z,4530.075,4534.215,4528.665,4532.425,
2026-08-20T15:28:00Z,4532.425,4533.615,4531.48,4532.95,
2026-08-20T15:29:00Z,4532.95,4533.54,4531.06,4532.545,
2026-08-20T15:30:00Z,4532.545,4533.725,4526.78,4528.505,
2026-08-20T15:31:00Z,4528.505,4530.405,4528.1,4528.53,
2026-08-20T15:32:00Z,4528.53,4529.12,4525.745,4528.855,
2026-08-20T15:33:00Z,4528.855,4529.165,4523.84,4524.5,
2026-08-20T15:34:00Z,4524.5,4525.43,4522.925,4523.98,
2026-08-20T15:35:00Z,4523.98,4526.865,4522.215,4522.215,
2026-08-20T15:36:00Z,4522.215,4523.53,4520.33,4523.215,
2026-08-20T15:37:00Z,4523.215,4523.97,4522.095,4522.54,
2026-08-20T15:38:00Z,4522.54,4524.98,4520.375,4521.02,
2026-08-20T15:39:00Z,4521.02,4521.225,4517.58,4518.685,
2026-08-20T15:40:00Z,4518.685,4519.66,4516.97,4517.48,
2026-08-20T15:41:00Z,4517.48,4517.69,4514.17,4515.195,
2026-08-20T15:42:00Z,4515.195,4519.605,4515.195,4518.285,
2026-08-20T15:43:00Z,4518.285,4518.44,4509.9,4511.495,
2026-08-20T15:44:00Z,4511.495,4513.865,4511.12,4511.615,
2026-08-20T15:45:00Z,4511.615,4516.95,4511.015,4516.12,
2026-08-20T15:46:00Z,4516.12,4519.215,4514.26,4518.48,
2026-08-20T15:47:00Z,4518.48,4519.57,4517.315,4519.16,
2026-08-20T15:48:00Z,4519.16,4521.17,4519.04,4519.68,
2026-08-20T15:49:00Z,4519.68,4521.475,4519.11,4520.34,
2026-08-20T15:50:00Z,4520.34,4521.595,4518.205,4519.1,
2026-08-20T15:51:00Z,4519.1,4519.595,4517.62,4519.05,
2026-08-20T15:52:00Z,4519.05,4519.835,4515.785,4515.985,
2026-08-20T15:53:00Z,4515.985,4518.125,4515.815,4518.125,
2026-08-20T15:54:00Z,4518.125,4520.355,4517.555,4518.995,
2026-08-20T15:55:00Z,4518.995,4520.2,4517.7,4519.49,
2026-08-20T15:56:00Z,4519.49,4521.3,4519.49,4521.3,
2026-08-20T15:57:00Z,4521.3,4523.145,4520.235,4522.99,
2026-08-20T15:58:00Z,4522.99,4523.81,4522.095,4523.59,
2026-08-20T15:59:00Z,4523.59,4524.17,4521.52,4521.7,
2026-08-20T16:00:00Z,4521.7,4523.72,4521.53,4523.515,
2026-08-20T16:01:00Z,4523.515,4524.71,4522.795,4524.36,
2026-08-20T16:02:00Z,4524.36,4524.86,4523.79,4524.13,
2026-08-20T16:03:00Z,4524.13,4524.345,4521.03,4522.825,
2026-08-20T16:04:00Z,4522.825,4522.89,4519.445,4519.785,
2026-08-20T16:05:00Z,4519.785,4522.175,4519.09,4519.93,
2026-08-20T16:06:00Z,4519.93,4521.45,4518.865,4521.305,
2026-08-20T16:07:00Z,4521.305,4521.305,4519.275,4519.845,
2026-08-20T16:08:00Z,4519.845,4520.86,4519.275,4520.39,
2026-08-20T16:09:00Z,4520.39,4520.58,4519.27,4520.1,
2026-08-20T16:10:00Z,4520.1,4520.43,4518.905,4519.385,
2026-08-20T16:11:00Z,4519.385,4519.605,4516.17,4516.17,
2026-08-20T16:12:00Z,4516.17,4516.315,4513.265,4514.425,
2026-08-20T16:13:00Z,4514.425,4514.76,4512.43,4512.775,
2026-08-20T16:14:00Z,4512.775,4512.945,4510.465,4511.36,
2026-08-20T16:15:00Z,4511.36,4511.36,4508.695,4509.03,
2026-08-20T16:16:00Z,4509.03,4510.115,4508.725,4509.405,
2026-08-20T16:17:00Z,4509.405,4511.53,4509.08,4510.54,
2026-08-20T16:18:00Z,4510.54,4511.385,4509.235,4511.23,
2026-08-20T16:19:00Z,4511.23,4513.26,4511.105,4512.13,
2026-08-20T16:20:00Z,4512.13,4512.72,4511.23,4511.89,
2026-08-20T16:21:00Z,4511.89,4511.94,4510.215,4510.94,
2026-08-20T16:22:00Z,4510.94,4512.515,4509.435,4511.7,
2026-08-20T16:23:00Z,4511.7,4512.11,4509.39,4509.975,
2026-08-20T16:24:00Z,4509.975,4513.055,4509.955,4511.895,
2026-08-20T16:25:00Z,4511.895,4511.935,4509.575,4509.705,
2026-08-20T16:26:00Z,4509.705,4509.72,4507.93,4508.69,
2026-08-20T16:27:00Z,4508.69,4508.975,4505.65,4505.82,
2026-08-20T16:28:00Z,4505.82,4508.785,4505.59,4508.49,
2026-08-20T16:29:00Z,4508.49,4509.585,4507.72,4509.355,
2026-08-20T16:30:00Z,4509.355,4509.7,4506.335,4507.41,
2026-08-20T16:31:00Z,4507.41,4507.845,4505.38,4505.59,
2026-08-20T16:32:00Z,4505.59,4505.86,4502.89,4504.73,
2026-08-20T16:33:00Z,4504.73,4507.815,4504.615,4507.25,
2026-08-20T16:34:00Z,4507.25,4509.885,4507.12,4509.355,
2026-08-20T16:35:00Z,4509.355,4511.185,4508.6,4510.83,
2026-08-20T16:36:00Z,4510.83,4512.825,4510.585,4511.74,
2026-08-20T16:37:00Z,4511.74,4511.74,4509.555,4509.565,
2026-08-20T16:38:00Z,4509.565,4509.565,4507.575,4508.905,
2026-08-20T16:39:00Z,4508.905,4509.0,4507.185,4507.37,
2026-08-20T16:40:00Z,4507.37,4509.89,4507.185,4509.535,
2026-08-20T16:41:00Z,4509.535,4510.37,4509.24,4509.395,
2026-08-20T16:42:00Z,4509.395,4510.045,4507.785,4507.785,
2026-08-20T16:43:00Z,4507.785,4508.86,4507.585,4508.56,
2026-08-20T16:44:00Z,4508.56,4509.61,4508.07,4509.305,
2026-08-20T16:45:00Z,4509.305,4510.04,4507.475,4508.795,
2026-08-20T16:46:00Z,4508.795,4512.37,4508.795,4512.26,
2026-08-20T16:47:00Z,4512.26,4512.57,4510.97,4511.73,
2026-08-20T16:48:00Z,4511.73,4512.18,4510.485,4511.87,
2026-08-20T16:49:00Z,4511.87,4512.315,4511.385,4512.025,
2026-08-20T16:50:00Z,4512.025,4513.76,4511.55,4511.695,
2026-08-20T16:51:00Z,4511.695,4512.25,4511.09,4511.305,
2026-08-20T16:52:00Z,4511.305,4511.895,4509.955,4510.28,
2026-08-20T16:53:00Z,4510.28,4510.735,4508.845,4510.65,
2026-08-20T16:54:00Z,4510.65,4510.84,4509.57,4509.58,
2026-08-20T16:55:00Z,4509.58,4510.21,4508.93,4509.985,
2026-08-20T16:56:00Z,4509.985,4510.17,4509.14,4509.455,
2026-08-20T16:57:00Z,4509.455,4511.2,4508.88,4510.07,
2026-08-20T16:58:00Z,4510.07,4511.055,4509.38,4509.38,
2026-08-20T16:59:00Z,4509.38,4510.175,4508.03,4510.085,
2026-08-20T17:00:00Z,4510.085,4512.25,4509.99,4512.095,
2026-08-20T17:01:00Z,4512.095,4512.735,4511.7,4512.165,
2026-08-20T17:02:00Z,4512.165,4513.68,4510.975,4511.14,
2026-08-20T17:03:00Z,4511.14,4512.45,4510.815,4511.56,
2026-08-20T17:04:00Z,4511.56,4512.095,4511.18,4511.645,
2026-08-20T17:05:00Z,4511.645,4511.9,4510.645,4511.345,
2026-08-20T17:06:00Z,4511.345,4511.77,4510.24,4510.47,
2026-08-20T17:07:00Z,4510.47,4511.45,4509.83,4510.855,
2026-08-20T17:08:00Z,4510.855,4511.01,4507.855,4508.845,
2026-08-20T17:09:00Z,4508.845,4510.665,4508.82,4510.08,
2026-08-20T17:10:00Z,4510.08,4510.425,4509.53,4509.62,
2026-08-20T17:11:00Z,4509.62,4509.64,4507.905,4508.835,
2026-08-20T17:12:00Z,4508.835,4509.29,4508.52,4509.02,
2026-08-20T17:13:00Z,4509.02,4509.64,4508.45,4508.45,
2026-08-20T17:14:00Z,4508.45,4510.71,4507.925,4509.535,
2026-08-20T17:15:00Z,4509.535,4509.545,4508.195,4508.2,
2026-08-20T17:16:00Z,4508.2,4510.925,4507.98,4510.885,
2026-08-20T17:17:00Z,4510.885,4511.485,4510.37,4511.175,
2026-08-20T17:18:00Z,4511.175,4511.355,4510.225,4510.43,
2026-08-20T17:19:00Z,4510.43,4510.765,4508.4,4508.9,
2026-08-20T17:20:00Z,4508.9,4510.725,4508.475,4510.62,
2026-08-20T17:21:00Z,4510.62,4512.23,4510.62,4511.755,
2026-08-20T17:22:00Z,4511.755,4514.26,4511.38,4512.435,
2026-08-20T17:23:00Z,4512.435,4512.765,4511.96,4512.32,
2026-08-20T17:24:00Z,4512.32,4512.42,4510.425,4511.31,
2026-08-20T17:25:00Z,4511.31,4512.04,4510.815,4511.485,
2026-08-20T17:26:00Z,4511.485,4513.33,4511.215,4512.79,
2026-08-20T17:27:00Z,4512.79,4513.185,4509.435,4510.34,
2026-08-20T17:28:00Z,4510.34,4512.085,4510.335,4512.02,
2026-08-20T17:29:00Z,4512.02,4516.645,4512.02,4512.99,
2026-08-20T17:30:00Z,4512.99,4513.59,4510.985,4511.05,
2026-08-20T17:31:00Z,4511.05,4516.52,4511.05,4516.34,
2026-08-20T17:32:00Z,4516.34,4516.78,4515.75,4516.295,
2026-08-20T17:33:00Z,4516.295,4517.765,4516.145,4516.235,
2026-08-20T17:34:00Z,4516.235,4518.515,4516.2,4518.315,
2026-08-20T17:35:00Z,4518.315,4518.79,4516.875,4516.875,
2026-08-20T17:36:00Z,4516.875,4517.145,4516.255,4517.015,
2026-08-20T17:37:00Z,4517.015,4517.28,4516.485,4516.82,
2026-08-20T17:38:00Z,4516.82,4517.525,4516.14,4517.41,
2026-08-20T17:39:00Z,4517.41,4517.85,4516.765,4516.82,
2026-08-20T17:40:00Z,4516.82,4518.09,4516.205,4516.9,
2026-08-20T17:41:00Z,4516.9,4517.505,4516.69,4516.7,
2026-08-20T17:42:00Z,4516.7,4517.835,4516.455,4517.085,
2026-08-20T17:43:00Z,4517.085,4518.0,4516.955,4517.885,
2026-08-20T17:44:00Z,4517.885,4518.43,4517.745,4518.33,
2026-08-20T17:45:00Z,4518.33,4518.375,4517.38,4518.25,
2026-08-20T17:46:00Z,4518.25,4519.69,4517.825,4519.465,
2026-08-20T17:47:00Z,4519.465,4520.335,4519.065,4519.415,
2026-08-20T17:48:00Z,4519.415,4520.375,4519.415,4519.74,
2026-08-20T17:49:00Z,4519.74,4519.76,4518.75,4519.35,
2026-08-20T17:50:00Z,4519.35,4520.19,4519.095,4519.395,
2026-08-20T17:51:00Z,4519.395,4519.595,4518.54,4518.57,
2026-08-20T17:52:00Z,4518.57,4518.77,4518.135,4518.25,
2026-08-20T17:53:00Z,4518.25,4518.5,4517.245,4517.845,
2026-08-20T17:54:00Z,4517.845,4518.84,4517.57,4518.77,
2026-08-20T17:55:00Z,4518.77,4519.09,4518.105,4518.795,
2026-08-20T17:56:00Z,4518.795,4519.315,4518.495,4519.135,
2026-08-20T17:57:00Z,4519.135,4519.975,4518.92,4519.945,
2026-08-20T17:58:00Z,4519.945,4520.585,4519.37,4519.6,
2026-08-20T17:59:00Z,4519.6,4520.355,4519.23,4520.0,
2026-08-20T18:00:00Z,4520.0,4521.13,4519.725,4520.98,
2026-08-20T18:01:00Z,4520.98,4520.98,4518.33,4519.545,
2026-08-20T18:02:00Z,4519.545,4520.71,4519.53,4520.51,
2026-08-20T18:03:00Z,4520.51,4522.3,4520.51,4522.235,
2026-08-20T18:04:00Z,4522.235,4522.405,4520.94,4521.845,
2026-08-20T18:05:00Z,4521.845,4522.5,4520.58,4521.155,
2026-08-20T18:06:00Z,4521.155,4521.57,4519.39,4519.49,
2026-08-20T18:07:00Z,4519.49,4519.61,4516.845,4517.32,
2026-08-20T18:08:00Z,4517.32,4517.43,4514.945,4515.825,
2026-08-20T18:09:00Z,4515.825,4516.795,4515.69,4516.725,
2026-08-20T18:10:00Z,4516.725,4516.735,4514.23,4514.4,
2026-08-20T18:11:00Z,4514.4,4514.515,4512.735,4513.065,
2026-08-20T18:12:00Z,4513.065,4513.4,4509.62,4510.08,
2026-08-20T18:13:00Z,4510.08,4511.43,4510.05,4510.575,
2026-08-20T18:14:00Z,4510.575,4511.45,4510.245,4510.79,
2026-08-20T18:15:00Z,4510.79,4512.125,4510.415,4511.475,
2026-08-20T18:16:00Z,4511.475,4512.135,4508.48,4509.26,
2026-08-20T18:17:00Z,4509.26,4510.875,4509.095,4509.995,
2026-08-20T18:18:00Z,4509.995,4513.79,4508.935,4513.335,
2026-08-20T18:19:00Z,4513.335,4516.355,4513.335,4515.96,
2026-08-20T18:20:00Z,4515.96,4516.14,4515.08,4515.72,
2026-08-20T18:21:00Z,4515.72,4516.92,4515.525,4516.68,
2026-08-20T18:22:00Z,4516.68,4518.215,4516.63,4517.335,
2026-08-20T18:23:00Z,4517.335,4517.37,4515.72,4515.985,
2026-08-20T18:24:00Z,4515.985,4517.005,4515.86,4516.51,
2026-08-20T18:25:00Z,4516.51,4518.47,4516.51,4518.08,
2026-08-20T18:26:00Z,4518.08,4519.28,4518.035,4518.935,
2026-08-20T18:27:00Z,4518.935,4519.715,4518.815,4519.685,
2026-08-20T18:28:00Z,4519.685,4519.685,4518.285,4518.73,
2026-08-20T18:29:00Z,4518.73,4520.29,4518.73,4519.11,
2026-08-20T18:30:00Z,4519.11,4521.185,4518.59,4521.165,
2026-08-20T18:31:00Z,4521.165,4521.49,4520.23,4520.46,
2026-08-20T18:32:00Z,4520.46,4521.19,4520.21,4520.995,
2026-08-20T18:33:00Z,4520.995,4520.995,4519.64,4519.695,
2026-08-20T18:34:00Z,4519.695,4520.385,4519.165,4519.54,
2026-08-20T18:35:00Z,4519.54,4520.65,4518.98,4519.905,
2026-08-20T18:36:00Z,4519.905,4522.36,4519.54,4522.15,
2026-08-20T18:37:00Z,4522.15,4522.975,4521.99,4522.975,
2026-08-20T18:38:00Z,4522.975,4523.58,4521.81,4522.015,
2026-08-20T18:39:00Z,4522.015,4522.195,4520.64,4521.285,
2026-08-20T18:40:00Z,4521.285,4521.455,4520.425,4521.455,
2026-08-20T18:41:00Z,4521.455,4521.655,4521.14,4521.27,
2026-08-20T18:42:00Z,4521.27,4522.065,4521.1,4521.75,
2026-08-20T18:43:00Z,4521.75,4521.82,4520.12,4521.045,
2026-08-20T18:44:00Z,4521.045,4521.215,4519.925,4520.265,
2026-08-20T18:45:00Z,4520.265,4520.79,4519.17,4519.27,
2026-08-20T18:46:00Z,4519.27,4519.33,4518.085,4518.895,
2026-08-20T18:47:00Z,4518.895,4519.35,4518.38,4519.31,
2026-08-20T18:48:00Z,4519.31,4520.16,4518.875,4520.16,
2026-08-20T18:49:00Z,4520.16,4521.605,4519.885,4521.525,
2026-08-20T18:50:00Z,4521.525,4522.61,4521.095,4522.51,
2026-08-20T18:51:00Z,4522.51,4524.73,4522.47,4522.795,
2026-08-20T18:52:00Z,4522.795,4525.395,4522.795,4524.215,
2026-08-20T18:53:00Z,4524.215,4524.37,4523.56,4523.98,
2026-08-20T18:54:00Z,4523.98,4524.78,4523.52,4524.7,
2026-08-20T18:55:00Z,4524.7,4525.015,4523.46,4523.625,
2026-08-20T18:56:00Z,4523.625,4524.435,4523.515,4523.935,
2026-08-20T18:57:00Z,4523.935,4524.2,4523.555,4523.955,
2026-08-20T18:58:00Z,4523.955,4523.965,4521.85,4522.125,
2026-08-20T18:59:00Z,4522.125,4522.52,4521.395,4522.125,
2026-08-20T19:00:00Z,4522.125,4522.15,4518.26,4521.35,
2026-08-20T19:01:00Z,4521.35,4522.11,4521.205,4521.27,
2026-08-20T19:02:00Z,4521.27,4521.38,4520.515,4521.31,
2026-08-20T19:03:00Z,4521.31,4522.595,4521.05,4522.04,
2026-08-20T19:04:00Z,4522.04,4522.25,4520.655,4521.7,
2026-08-20T19:05:00Z,4521.7,4522.255,4521.425,4522.03,
2026-08-20T19:06:00Z,4522.03,4523.245,4521.72,4523.205,
2026-08-20T19:07:00Z,4523.205,4524.345,4523.205,4524.05,
2026-08-20T19:08:00Z,4524.05,4525.645,4523.755,4525.17,
2026-08-20T19:09:00Z,4525.17,4526.28,4525.025,4526.145,
2026-08-20T19:10:00Z,4526.145,4526.47,4524.33,4524.92,
2026-08-20T19:11:00Z,4524.92,4525.035,4524.55,4524.85,
2026-08-20T19:12:00Z,4524.85,4526.23,4524.85,4526.23,
2026-08-20T19:13:00Z,4526.23,4528.11,4526.19,4528.0,
2026-08-20T19:14:00Z,4528.0,4528.195,4527.52,4527.72,
2026-08-20T19:15:00Z,4527.72,4528.555,4527.71,4528.29,
2026-08-20T19:16:00Z,4528.29,4529.49,4528.2,4528.78,
2026-08-20T19:17:00Z,4528.78,4528.89,4527.55,4527.805,
2026-08-20T19:18:00Z,4527.805,4528.38,4527.38,4527.39,
2026-08-20T19:19:00Z,4527.39,4527.39,4525.665,4525.895,
2026-08-20T19:20:00Z,4525.895,4526.82,4525.14,4525.295,
2026-08-20T19:21:00Z,4525.295,4525.36,4523.875,4524.505,
2026-08-20T19:22:00Z,4524.505,4526.135,4524.45,4525.965,
2026-08-20T19:23:00Z,4525.965,4528.12,4525.955,4528.115,
2026-08-20T19:24:00Z,4528.115,4528.2,4527.085,4527.215,
2026-08-20T19:25:00Z,4527.215,4527.79,4526.735,4527.07,
2026-08-20T19:26:00Z,4527.07,4527.73,4525.68,4525.755,
2026-08-20T19:27:00Z,4525.755,4525.9,4524.67,4525.34,
2026-08-20T19:28:00Z,4525.34,4525.54,4523.7,4524.05,
2026-08-20T19:29:00Z,4524.05,4524.26,4522.78,4522.89,
2026-08-20T19:30:00Z,4522.89,4524.065,4522.14,4523.555,
2026-08-20T19:31:00Z,4523.555,4523.995,4522.885,4523.635,
2026-08-20T19:32:00Z,4523.635,4524.635,4523.06,4524.56,
2026-08-20T19:33:00Z,4524.56,4524.65,4523.67,4524.075,
2026-08-20T19:34:00Z,4524.075,4524.51,4523.495,4524.09,
2026-08-20T19:35:00Z,4524.09,4524.57,4523.235,4524.57,
2026-08-20T19:36:00Z,4524.57,4525.93,4523.79,4525.43,
2026-08-20T19:37:00Z,4525.43,4527.355,4525.005,4527.255,
2026-08-20T19:38:00Z,4527.255,4529.73,4527.255,4528.185,
2026-08-20T19:39:00Z,4528.185,4529.28,4527.97,4529.1,
2026-08-20T19:40:00Z,4529.1,4529.14,4527.875,4528.12,
2026-08-20T19:41:00Z,4528.12,4528.155,4527.385,4528.04,
2026-08-20T19:42:00Z,4528.04,4528.28,4526.54,4526.54,
2026-08-20T19:43:00Z,4526.54,4528.7,4526.425,4527.11,
2026-08-20T19:44:00Z,4527.11,4528.045,4526.35,4526.425,
2026-08-20T19:45:00Z,4526.425,4527.835,4525.15,4527.835,
2026-08-20T19:46:00Z,4527.835,4528.515,4526.125,4526.15,
2026-08-20T19:47:00Z,4526.15,4526.79,4525.05,4525.89,
2026-08-20T19:48:00Z,4525.89,4528.595,4525.785,4528.54,
2026-08-20T19:49:00Z,4528.54,4530.45,4528.53,4528.91,
2026-08-20T19:50:00Z,4528.91,4531.245,4528.705,4531.035,
2026-08-20T19:51:00Z,4531.035,4531.5,4528.685,4528.705,
2026-08-20T19:52:00Z,4528.705,4529.9,4528.165,4529.68,
2026-08-20T19:53:00Z,4529.68,4531.82,4529.18,4531.52,
2026-08-20T19:54:00Z,4531.52,4532.28,4530.97,4531.105,
2026-08-20T19:55:00Z,4531.105,4531.56,4530.585,4531.375,
2026-08-20T19:56:00Z,4531.375,4531.685,4528.32,4529.145,
2026-08-20T19:57:00Z,4529.145,4529.145,4527.235,4528.57,
2026-08-20T19:58:00Z,4528.57,4529.1,4527.925,4527.925,
2026-08-20T19:59:00Z,4527.925,4528.935,4527.12,4528.795,
2026-08-20T20:00:00Z,4528.795,4529.085,4528.135,4528.665,
2026-08-20T20:01:00Z,4528.665,4529.09,4526.535,4526.54,
2026-08-20T20:02:00Z,4526.54,4527.105,4526.055,4526.97,
2026-08-20T20:03:00Z,4526.97,4528.125,4526.97,4527.905,
2026-08-20T20:04:00Z,4527.905,4528.43,4527.105,4527.165,
2026-08-20T20:05:00Z,4527.165,4527.81,4526.985,4527.065,
2026-08-20T20:06:00Z,4527.065,4527.165,4525.895,4526.245,
2026-08-20T20:07:00Z,4526.245,4526.25,4525.2,4525.27,
2026-08-20T20:08:00Z,4525.27,4525.295,4522.75,4523.14,
2026-08-20T20:09:00Z,4523.14,4523.645,4523.005,4523.005,
2026-08-20T20:10:00Z,4523.005,4524.535,4523.005,4524.345,
2026-08-20T20:11:00Z,4524.345,4524.85,4524.325,4524.54,
2026-08-20T20:12:00Z,4524.54,4524.965,4524.04,4524.965,
2026-08-20T20:13:00Z,4524.965,4525.06,4522.525,4522.76,
2026-08-20T20:14:00Z,4522.76,4523.245,4522.58,4522.58,
2026-08-20T20:15:00Z,4522.58,4522.94,4521.79,4522.02,
2026-08-20T20:16:00Z,4522.02,4522.51,4521.755,4521.755,
2026-08-20T20:17:00Z,4521.755,4521.915,4521.06,4521.565,
2026-08-20T20:18:00Z,4521.565,4522.205,4521.375,4522.175,
2026-08-20T20:19:00Z,4522.175,4522.185,4521.5,4522.045,
2026-08-20T20:20:00Z,4522.045,4522.185,4521.875,4521.99,
2026-08-20T20:21:00Z,4521.99,4521.99,4521.815,4521.915,
2026-08-20T20:22:00Z,4521.915,4522.06,4521.2,4521.385,
2026-08-20T20:23:00Z,4521.385,4521.925,4520.92,4521.5,
2026-08-20T20:24:00Z,4521.5,4522.375,4521.1,4521.415,
2026-08-20T20:25:00Z,4521.415,4521.765,4520.715,4521.005,
2026-08-20T20:26:00Z,4521.005,4521.1,4520.54,4520.54,
2026-08-20T20:27:00Z,4520.54,4521.7,4520.52,4521.485,
2026-08-20T20:28:00Z,4521.485,4521.715,4521.03,4521.21,
2026-08-20T20:29:00Z,4521.21,4521.975,4520.76,4520.895,
2026-08-20T20:30:00Z,4520.895,4521.07,4520.25,4520.725,
2026-08-20T20:31:00Z,4520.725,4520.915,4519.29,4520.095,
2026-08-20T20:32:00Z,4520.095,4520.095,4519.345,4519.385,
2026-08-20T20:33:00Z,4519.385,4519.395,4518.305,4518.445,
2026-08-20T20:34:00Z,4518.445,4518.515,4516.885,4518.05,
2026-08-20T20:35:00Z,4518.05,4518.555,4517.54,4517.725,
2026-08-20T20:36:00Z,4517.725,4518.24,4517.4,4517.63,
2026-08-20T20:37:00Z,4517.63,4518.19,4517.63,4518.01,
2026-08-20T20:38:00Z,4518.01,4518.745,4517.855,4518.09,
2026-08-20T20:39:00Z,4518.09,4518.145,4517.5,4518.105,
2026-08-20T20:40:00Z,4518.105,4518.76,4517.905,4518.46,
2026-08-20T20:41:00Z,4518.46,4518.615,4518.32,4518.4,
2026-08-20T20:42:00Z,4518.4,4518.64,4518.01,4518.335,
2026-08-20T20:43:00Z,4518.335,4518.91,4518.21,4518.91,
2026-08-20T20:44:00Z,4518.91,4518.92,4518.185,4518.26,
2026-08-20T20:45:00Z,4518.26,4518.77,4518.26,4518.58,
2026-08-20T20:46:00Z,4518.58,4519.085,4518.58,4518.955,
2026-08-20T20:47:00Z,4518.955,4519.08,4518.4,4518.49,
2026-08-20T20:48:00Z,4518.49,4518.49,4518.105,4518.15,
2026-08-20T20:49:00Z,4518.15,4518.705,4518.055,4518.68,
2026-08-20T20:50:00Z,4518.68,4519.19,4518.285,4518.905,
2026-08-20T20:51:00Z,4518.905,4520.955,4518.685,4520.955,
2026-08-20T20:52:00Z,4520.955,4521.24,4520.24,4521.235,
2026-08-20T20:53:00Z,4521.235,4521.25,4520.695,4520.705,
2026-08-20T20:54:00Z,4520.705,4520.86,4519.38,4519.815,
2026-08-20T20:55:00Z,4519.815,4520.38,4519.035,4519.505,
2026-08-20T20:56:00Z,4519.505,4520.07,4519.225,4519.245,
2026-08-20T20:57:00Z,4519.245,4519.485,4518.975,4519.03,
2026-08-20T20:58:00Z,4519.03,4519.525,4518.905,4519.34,
2026-08-20T20:59:00Z,4519.34,4519.34,4518.89,4519.05,
2026-08-20T22:00:00Z,4519.05,4521.75,4519.05,4520.96,
2026-08-20T22:01:00Z,4520.96,4521.305,4519.88,4520.48,
2026-08-20T22:02:00Z,4520.48,4520.485,4520.1,4520.125,
2026-08-20T22:03:00Z,4520.125,4520.53,4519.84,4520.09,
2026-08-20T22:04:00Z,4520.09,4520.81,4519.45,4519.675,
2026-08-20T22:05:00Z,4519.675,4520.885,4519.675,4520.885,
2026-08-20T22:06:00Z,4520.885,4521.0,4520.535,4520.625,
2026-08-20T22:07:00Z,4520.625,4520.735,4519.77,4520.025,
2026-08-20T22:08:00Z,4520.025,4520.025,4519.755,4519.795,
2026-08-20T22:09:00Z,4519.795,4519.86,4518.39,4518.42,
2026-08-20T22:10:00Z,4518.42,4518.47,4517.16,4517.535,
2026-08-20T22:11:00Z,4517.535,4519.7,4517.485,4519.61,
2026-08-20T22:12:00Z,4519.61,4519.71,4518.355,4518.425,
2026-08-20T22:13:00Z,4518.425,4518.89,4518.285,4518.325,
2026-08-20T22:14:00Z,4518.325,4519.32,4518.305,4518.615,
2026-08-20T22:15:00Z,4518.615,4520.06,4518.615,4519.925,
2026-08-20T22:16:00Z,4519.925,4520.07,4519.145,4520.05,
2026-08-20T22:17:00Z,4520.05,4520.18,4519.425,4520.075,
2026-08-20T22:18:00Z,4520.075,4520.17,4519.595,4520.01,
2026-08-20T22:19:00Z,4520.01,4520.26,4519.895,4519.905,
2026-08-20T22:20:00Z,4519.905,4520.16,4519.645,4519.91,
2026-08-20T22:21:00Z,4519.91,4519.925,4518.735,4518.91,
2026-08-20T22:22:00Z,4518.91,4519.08,4518.325,4518.72,
2026-08-20T22:23:00Z,4518.72,4518.73,4518.12,4518.295,
2026-08-20T22:24:00Z,4518.295,4518.975,4518.24,4518.535,
2026-08-20T22:25:00Z,4518.535,4519.57,4518.535,4519.57,
2026-08-20T22:26:00Z,4519.57,4519.595,4519.19,4519.285,
2026-08-20T22:27:00Z,4519.285,4520.18,4519.065,4520.06,
2026-08-20T22:28:00Z,4520.06,4520.92,4519.155,4519.155,
2026-08-20T22:29:00Z,4519.155,4519.73,4518.99,4519.73,
2026-08-20T22:30:00Z,4519.73,4520.05,4518.505,4519.25,
2026-08-20T22:31:00Z,4519.25,4520.09,4519.125,4519.405,
2026-08-20T22:32:00Z,4519.405,4519.62,4519.11,4519.37,
2026-08-20T22:33:00Z,4519.37,4519.99,4519.29,4519.895,
2026-08-20T22:34:00Z,4519.895,4520.395,4519.805,4520.295,
2026-08-20T22:35:00Z,4520.295,4520.46,4519.76,4520.135,
2026-08-20T22:36:00Z,4520.135,4521.085,4520.02,4520.73,
2026-08-20T22:37:00Z,4520.73,4521.08,4520.21,4520.945,
2026-08-20T22:38:00Z,4520.945,4522.725,4520.775,4522.215,
2026-08-20T22:39:00Z,4522.215,4522.215,4521.67,4521.69,
2026-08-20T22:40:00Z,4521.69,4522.17,4521.445,4522.17,
2026-08-20T22:41:00Z,4522.17,4522.635,4521.975,4522.45,
2026-08-20T22:42:00Z,4522.45,4522.965,4522.24,4522.91,
2026-08-20T22:43:00Z,4522.91,4523.57,4522.87,4523.57,
2026-08-20T22:44:00Z,4523.57,4523.75,4522.505,4522.855,
2026-08-20T22:45:00Z,4522.855,4523.515,4522.64,4523.42,
2026-08-20T22:46:00Z,4523.42,4523.68,4522.155,4522.725,
2026-08-20T22:47:00Z,4522.725,4522.74,4519.69,4520.325,
2026-08-20T22:48:00Z,4520.325,4521.095,4519.665,4520.3,
2026-08-20T22:49:00Z,4520.3,4522.255,4520.3,4522.255,
2026-08-20T22:50:00Z,4522.255,4522.325,4521.97,4522.31,
2026-08-20T22:51:00Z,4522.31,4523.37,4522.225,4523.36,
2026-08-20T22:52:00Z,4523.36,4523.985,4522.885,4523.825,
2026-08-20T22:53:00Z,4523.825,4524.395,4523.825,4524.29,
2026-08-20T22:54:00Z,4524.29,4524.29,4523.355,4523.945,
2026-08-20T22:55:00Z,4523.945,4524.33,4523.625,4523.97,
2026-08-20T22:56:00Z,4523.97,4524.275,4523.595,4524.17,
2026-08-20T22:57:00Z,4524.17,4524.305,4523.77,4524.18,
2026-08-20T22:58:00Z,4524.18,4524.56,4523.975,4524.015,
2026-08-20T22:59:00Z,4524.015,4524.4,4523.75,4524.36,
2026-08-20T23:00:00Z,4524.36,4524.605,4523.825,4523.825,
2026-08-20T23:01:00Z,4523.825,4524.815,4523.665,4524.76,
2026-08-20T23:02:00Z,4524.76,4527.615,4524.655,4527.41,
2026-08-20T23:03:00Z,4527.41,4530.12,4527.045,4529.41,
2026-08-20T23:04:00Z,4529.41,4529.73,4528.92,4529.365,
2026-08-20T23:05:00Z,4529.365,4530.055,4529.22,4530.035,
2026-08-20T23:06:00Z,4530.035,4530.39,4528.975,4529.29,
2026-08-20T23:07:00Z,4529.29,4530.075,4528.03,4528.34,
2026-08-20T23:08:00Z,4528.34,4528.39,4525.145,4525.155,
2026-08-20T23:09:00Z,4525.155,4527.32,4525.06,4527.32,
2026-08-20T23:10:00Z,4527.32,4528.39,4527.31,4528.38,
2026-08-20T23:11:00Z,4528.38,4529.365,4528.38,4528.835,
2026-08-20T23:12:00Z,4528.835,4532.9,4528.77,4531.65,
2026-08-20T23:13:00Z,4531.65,4532.045,4530.79,4531.715,
2026-08-20T23:14:00Z,4531.715,4532.295,4531.24,4531.935,
2026-08-20T23:15:00Z,4531.935,4532.1,4531.015,4531.34,
2026-08-20T23:16:00Z,4531.34,4531.815,4530.19,4530.375,
2026-08-20T23:17:00Z,4530.375,4530.765,4529.55,4530.735,
2026-08-20T23:18:00Z,4530.735,4531.575,4530.4,4531.575,
2026-08-20T23:19:00Z,4531.575,4532.315,4531.545,4531.595,
2026-08-20T23:20:00Z,4531.595,4531.685,4530.245,4530.26,
2026-08-20T23:21:00Z,4530.26,4530.45,4529.84,4530.1,
2026-08-20T23:22:00Z,4530.1,4530.14,4528.285,4528.485,
2026-08-20T23:23:00Z,4528.485,4529.31,4528.36,4529.21,
2026-08-20T23:24:00Z,4529.21,4529.24,4528.615,4528.97,
2026-08-20T23:25:00Z,4528.97,4529.93,4528.58,4529.92,
2026-08-20T23:26:00Z,4529.92,4530.61,4527.47,4527.56,
2026-08-20T23:27:00Z,4527.56,4529.365,4527.56,4529.315,
2026-08-20T23:28:00Z,4529.315,4529.37,4522.895,4525.85,
2026-08-20T23:29:00Z,4525.85,4527.25,4524.7,4527.21,
2026-08-20T23:30:00Z,4527.21,4527.77,4525.98,4527.7,
2026-08-20T23:31:00Z,4527.7,4528.725,4525.095,4525.495,
2026-08-20T23:32:00Z,4525.495,4525.71,4522.465,4524.365,
2026-08-20T23:33:00Z,4524.365,4524.855,4523.68,4524.385,
2026-08-20T23:34:00Z,4524.385,4524.73,4523.205,4523.79,
2026-08-20T23:35:00Z,4523.79,4523.905,4522.45,4522.64,
2026-08-20T23:36:00Z,4522.64,4522.755,4521.02,4521.92,
2026-08-20T23:37:00Z,4521.92,4523.135,4521.845,4523.0,
2026-08-20T23:38:00Z,4523.0,4524.465,4522.99,4524.445,
2026-08-20T23:39:00Z,4524.445,4524.445,4523.305,4523.655,
2026-08-20T23:40:00Z,4523.655,4524.765,4523.6,4524.58,
2026-08-20T23:41:00Z,4524.58,4524.99,4524.195,4524.76,
2026-08-20T23:42:00Z,4524.76,4524.89,4523.81,4523.895,
2026-08-20T23:43:00Z,4523.895,4524.73,4523.895,4524.575,
2026-08-20T23:44:00Z,4524.575,4524.975,4524.515,4524.675,
2026-08-20T23:45:00Z,4524.675,4524.695,4524.07,4524.32,
2026-08-20T23:46:00Z,4524.32,4524.32,4523.375,4524.18,
2026-08-20T23:47:00Z,4524.18,4525.585,4524.12,4525.47,
2026-08-20T23:48:00Z,4525.47,4525.545,4525.005,4525.12,
2026-08-20T23:49:00Z,4525.12,4527.565,4525.115,4527.35,
2026-08-20T23:50:00Z,4527.35,4527.91,4526.635,4527.325,
2026-08-20T23:51:00Z,4527.325,4527.49,4526.215,4526.51,
2026-08-20T23:52:00Z,4526.51,4526.765,4526.125,4526.14,
2026-08-20T23:53:00Z,4526.14,4527.405,4526.05,4527.33,
2026-08-20T23:54:00Z,4527.33,4528.12,4527.195,4527.725,
2026-08-20T23:55:00Z,4527.725,4527.735,4526.265,4526.42,
2026-08-20T23:56:00Z,4526.42,4526.785,4526.145,4526.62,
2026-08-20T23:57:00Z,4526.62,4527.27,4526.47,4526.545,
2026-08-20T23:58:00Z,4526.545,4527.7,4526.205,4527.54,
2026-08-20T23:59:00Z,4527.54,4527.715,4526.03,4526.38,
2026-08-21T00:00:00Z,4526.38,4527.53,4525.695,4525.7,
2026-08-21T00:01:00Z,4525.7,4527.525,4525.2,4525.325,
2026-08-21T00:02:00Z,4525.325,4527.465,4524.715,4526.225,
2026-08-21T00:03:00Z,4526.225,4526.575,4523.805,4523.825,
2026-08-21T00:04:00Z,4523.825,4524.085,4522.39,4522.89,
2026-08-21T00:05:00Z,4522.89,4523.145,4520.85,4521.02,
2026-08-21T00:06:00Z,4521.02,4522.06,4520.195,4520.61,
2026-08-21T00:07:00Z,4520.61,4523.005,4520.61,4522.265,
2026-08-21T00:08:00Z,4522.265,4522.925,4520.98,4520.98,
2026-08-21T00:09:00Z,4520.98,4521.075,4519.875,4520.25,
2026-08-21T00:10:00Z,4520.25,4523.015,4520.12,4522.875,
2026-08-21T00:11:00Z,4522.875,4522.995,4520.875,4521.2,
2026-08-21T00:12:00Z,4521.2,4522.08,4519.93,4520.045,
2026-08-21T00:13:00Z,4520.045,4520.56,4518.31,4519.965,
2026-08-21T00:14:00Z,4519.965,4520.015,4517.55,4518.685,
2026-08-21T00:15:00Z,4518.685,4519.09,4516.895,4516.905,
2026-08-21T00:16:00Z,4516.905,4517.975,4514.735,4515.025,
2026-08-21T00:17:00Z,4515.025,4517.795,4515.025,4517.695,
2026-08-21T00:18:00Z,4517.695,4518.895,4517.345,4518.72,
2026-08-21T00:19:00Z,4518.72,4519.435,4517.775,4517.835,
2026-08-21T00:20:00Z,4517.835,4518.76,4516.71,4518.435,
2026-08-21T00:21:00Z,4518.435,4518.735,4516.71,4516.725,
2026-08-21T00:22:00Z,4516.725,4518.51,4516.725,4518.01,
2026-08-21T00:23:00Z,4518.01,4519.11,4518.01,4518.825,
2026-08-21T00:24:00Z,4518.825,4519.13,4517.385,4517.77,
2026-08-21T00:25:00Z,4517.77,4520.255,4517.67,4520.255,
2026-08-21T00:26:00Z,4520.255,4520.705,4519.905,4520.64,
2026-08-21T00:27:00Z,4520.64,4520.725,4518.205,4518.505,
2026-08-21T00:28:00Z,4518.505,4519.155,4517.925,4519.155,
2026-08-21T00:29:00Z,4519.155,4519.155,4514.005,4515.1,
2026-08-21T00:30:00Z,4515.1,4515.705,4513.675,4514.46,
2026-08-21T00:31:00Z,4514.46,4515.84,4513.33,4515.72,
2026-08-21T00:32:00Z,4515.72,4517.325,4514.515,4514.525,
2026-08-21T00:33:00Z,4514.525,4515.9,4514.135,4515.73,
2026-08-21T00:34:00Z,4515.73,4515.895,4514.315,4514.395,
2026-08-21T00:35:00Z,4514.395,4516.03,4513.94,4515.445,
2026-08-21T00:36:00Z,4515.445,4515.69,4512.97,4513.05,
2026-08-21T00:37:00Z,4513.05,4514.04,4512.8,4513.82,
2026-08-21T00:38:00Z,4513.82,4513.99,4511.56,4513.515,
2026-08-21T00:39:00Z,4513.515,4514.03,4512.745,4512.835,
2026-08-21T00:40:00Z,4512.835,4513.255,4512.5,4512.645,
2026-08-21T00:41:00Z,4512.645,4512.67,4511.045,4511.055,
2026-08-21T00:42:00Z,4511.055,4511.685,4511.035,4511.685,
2026-08-21T00:43:00Z,4511.685,4512.5,4510.995,4512.37,
2026-08-21T00:44:00Z,4512.37,4514.485,4511.74,4513.825,
2026-08-21T00:45:00Z,4513.825,4514.15,4512.69,4513.455,
2026-08-21T00:46:00Z,4513.455,4513.545,4511.39,4511.885,
2026-08-21T00:47:00Z,4511.885,4511.935,4510.125,4510.79,
2026-08-21T00:48:00Z,4510.79,4511.3,4510.36,4510.635,
2026-08-21T00:49:00Z,4510.635,4512.845,4510.505,4511.76,
2026-08-21T00:50:00Z,4511.76,4512.14,4511.275,4511.315,
2026-08-21T00:51:00Z,4511.315,4511.32,4510.355,4511.145,
2026-08-21T00:52:00Z,4511.145,4512.745,4511.135,4512.235,
2026-08-21T00:53:00Z,4512.235,4512.35,4510.245,4511.025,
2026-08-21T00:54:00Z,4511.025,4511.795,4510.7,4511.105,
2026-08-21T00:55:00Z,4511.105,4511.47,4510.385,4510.395,
2026-08-21T00:56:00Z,4510.395,4511.245,4510.395,4510.535,
2026-08-21T00:57:00Z,4510.535,4511.68,4510.09,4511.68,
2026-08-21T00:58:00Z,4511.68,4511.68,4510.405,4511.525,
2026-08-21T00:59:00Z,4511.525,4511.525,4509.94,4510.555,
2026-08-21T01:00:00Z,4510.555,4513.88,4508.93,4512.995,
2026-08-21T01:01:00Z,4512.995,4513.415,4509.105,4512.315,
2026-08-21T01:02:00Z,4512.315,4516.905,4512.265,4516.17,
2026-08-21T01:03:00Z,4516.17,4517.485,4512.78,4516.24,
2026-08-21T01:04:00Z,4516.24,4517.105,4513.22,4513.22,
2026-08-21T01:05:00Z,4513.22,4515.1,4512.435,4514.26,
2026-08-21T01:06:00Z,4514.26,4516.26,4512.44,4515.64,
2026-08-21T01:07:00Z,4515.64,4516.185,4513.125,4515.055,
2026-08-21T01:08:00Z,4515.055,4516.08,4513.875,4513.97,
2026-08-21T01:09:00Z,4513.97,4515.855,4513.005,4513.95,
2026-08-21T01:10:00Z,4513.95,4514.66,4512.665,4512.785,
2026-08-21T01:11:00Z,4512.785,4513.82,4512.225,4512.85,
2026-08-21T01:12:00Z,4512.85,4518.685,4512.755,4518.3,
2026-08-21T01:13:00Z,4518.3,4520.295,4518.16,4519.03,
2026-08-21T01:14:00Z,4519.03,4521.265,4518.74,4520.93,
2026-08-21T01:15:00Z,4520.93,4524.275,4520.5,4524.175,
2026-08-21T01:16:00Z,4524.175,4525.31,4523.515,4525.26,
2026-08-21T01:17:00Z,4525.26,4526.905,4524.18,4524.3,
2026-08-21T01:18:00Z,4524.3,4524.81,4523.165,4524.13,
2026-08-21T01:19:00Z,4524.13,4524.855,4522.97,4524.16,
2026-08-21T01:20:00Z,4524.16,4525.655,4522.89,4525.51,
2026-08-21T01:21:00Z,4525.51,4527.47,4525.36,4525.36,
2026-08-21T01:22:00Z,4525.36,4526.45,4524.55,4526.04,
2026-08-21T01:23:00Z,4526.04,4527.955,4525.59,4527.8,
2026-08-21T01:24:00Z,4527.8,4530.065,4526.495,4526.575,
2026-08-21T01:25:00Z,4526.575,4527.875,4526.465,4526.465,
2026-08-21T01:26:00Z,4526.465,4527.43,4525.52,4527.43,
2026-08-21T01:27:00Z,4527.43,4530.74,4527.185,4530.15,
2026-08-21T01:28:00Z,4530.15,4530.47,4528.585,4530.18,
2026-08-21T01:29:00Z,4530.18,4530.525,4529.52,4529.56,
2026-08-21T01:30:00Z,4529.56,4530.385,4528.585,4530.215,
2026-08-21T01:31:00Z,4530.215,4534.235,4530.215,4532.375,
2026-08-21T01:32:00Z,4532.375,4535.43,4532.215,4535.14,
2026-08-21T01:33:00Z,4535.14,4536.73,4534.81,4535.63,
2026-08-21T01:34:00Z,4535.63,4539.14,4535.435,4537.43,
2026-08-21T01:35:00Z,4537.43,4543.7,4536.535,4541.42,
2026-08-21T01:36:00Z,4541.42,4541.5,4534.97,4535.575,
2026-08-21T01:37:00Z,4535.575,4536.28,4534.495,4535.23,
2026-08-21T01:38:00Z,4535.23,4535.23,4530.09,4530.795,
2026-08-21T01:39:00Z,4530.795,4530.955,4527.145,4528.93,
2026-08-21T01:40:00Z,4528.93,4529.06,4524.895,4525.12,
2026-08-21T01:41:00Z,4525.12,4526.705,4523.865,4526.705,
2026-08-21T01:42:00Z,4526.705,4526.8,4524.915,4526.515,
2026-08-21T01:43:00Z,4526.515,4526.685,4525.1,4525.815,
2026-08-21T01:44:00Z,4525.815,4527.525,4525.52,4526.0,
2026-08-21T01:45:00Z,4526.0,4527.325,4525.845,4527.01,
2026-08-21T01:46:00Z,4527.01,4528.295,4526.525,4528.295,
2026-08-21T01:47:00Z,4528.295,4531.33,4528.295,4531.12,
2026-08-21T01:48:00Z,4531.12,4532.45,4530.105,4532.3,
2026-08-21T01:49:00Z,4532.3,4533.38,4530.49,4531.485,
2026-08-21T01:50:00Z,4531.485,4532.255,4527.475,4528.005,
2026-08-21T01:51:00Z,4528.005,4529.395,4525.945,4526.01,
2026-08-21T01:52:00Z,4526.01,4527.34,4525.45,4527.205,
2026-08-21T01:53:00Z,4527.205,4527.895,4526.81,4527.025,
2026-08-21T01:54:00Z,4527.025,4527.52,4526.115,4526.115,
2026-08-21T01:55:00Z,4526.115,4527.88,4526.02,4527.185,
2026-08-21T01:56:00Z,4527.185,4528.39,4527.15,4527.935,
2026-08-21T01:57:00Z,4527.935,4530.14,4527.495,4529.55,
2026-08-21T01:58:00Z,4529.55,4530.345,4529.345,4529.695,
2026-08-21T01:59:00Z,4529.695,4530.99,4529.515,4530.82,
2026-08-21T02:00:00Z,4530.82,4530.96,4529.18,4530.25,
2026-08-21T02:01:00Z,4530.25,4531.21,4528.555,4528.645,
2026-08-21T02:02:00Z,4528.645,4530.285,4526.77,4526.81,
2026-08-21T02:03:00Z,4526.81,4527.455,4525.035,4525.315,
2026-08-21T02:04:00Z,4525.315,4526.79,4521.42,4522.725,
2026-08-21T02:05:00Z,4522.725,4523.335,4521.55,4521.815,
2026-08-21T02:06:00Z,4521.815,4524.46,4521.14,4524.345,
2026-08-21T02:07:00Z,4524.345,4524.49,4521.155,4522.71,
2026-08-21T02:08:00Z,4522.71,4523.865,4522.71,4523.855,
2026-08-21T02:09:00Z,4523.855,4525.285,4523.015,4523.06,
2026-08-21T02:10:00Z,4523.06,4523.555,4520.455,4520.72,
2026-08-21T02:11:00Z,4520.72,4521.35,4520.1,4521.22,
2026-08-21T02:12:00Z,4521.22,4521.745,4518.295,4518.585,
2026-08-21T02:13:00Z,4518.585,4522.215,4518.43,4521.98,
2026-08-21T02:14:00Z,4521.98,4522.095,4520.445,4521.155,
2026-08-21T02:15:00Z,4521.155,4521.945,4520.595,4521.125,
2026-08-21T02:16:00Z,4521.125,4522.355,4520.615,4522.14,
2026-08-21T02:17:00Z,4522.14,4522.43,4520.805,4521.405,
2026-08-21T02:18:00Z,4521.405,4522.11,4520.285,4521.365,
2026-08-21T02:19:00Z,4521.365,4522.505,4521.29,4522.49,
2026-08-21T02:20:00Z,4522.49,4523.2,4522.455,4522.99,
2026-08-21T02:21:00Z,4522.99,4523.295,4522.345,4523.295,
2026-08-21T02:22:00Z,4523.295,4524.675,4523.095,4524.575,
2026-08-21T02:23:00Z,4524.575,4527.095,4524.575,4526.82,
2026-08-21T02:24:00Z,4526.82,4527.49,4526.775,4527.445,
2026-08-21T02:25:00Z,4527.445,4529.44,4527.385,4529.085,
2026-08-21T02:26:00Z,4529.085,4529.325,4528.35,4529.225,
2026-08-21T02:27:00Z,4529.225,4529.45,4528.0,4528.2,
2026-08-21T02:28:00Z,4528.2,4528.2,4526.73,4526.73,
2026-08-21T02:29:00Z,4526.73,4527.425,4526.17,4527.345,
2026-08-21T02:30:00Z,4527.345,4530.0,4525.43,4527.89,
2026-08-21T02:31:00Z,4527.89,4530.645,4527.43,4530.045,
2026-08-21T02:32:00Z,4530.045,4530.965,4527.67,4528.105,
2026-08-21T02:33:00Z,4528.105,4528.445,4525.56,4525.605,
2026-08-21T02:34:00Z,4525.605,4527.075,4525.605,4526.45,
2026-08-21T02:35:00Z,4526.45,4528.78,4526.41,4527.905,
2026-08-21T02:36:00Z,4527.905,4528.69,4526.82,4526.82,
2026-08-21T02:37:00Z,4526.82,4528.48,4526.48,4527.935,
2026-08-21T02:38:00Z,4527.935,4529.73,4527.39,4529.73,
2026-08-21T02:39:00Z,4529.73,4531.91,4529.645,4531.47,
2026-08-21T02:40:00Z,4531.47,4533.4,4531.23,4532.945,
2026-08-21T02:41:00Z,4532.945,4534.48,4532.23,4534.47,
2026-08-21T02:42:00Z,4534.47,4534.79,4533.225,4534.36,
2026-08-21T02:43:00Z,4534.36,4536.15,4534.145,4535.96,
2026-08-21T02:44:00Z,4535.96,4538.3,4535.19,4538.29,
2026-08-21T02:45:00Z,4538.29,4539.505,4535.39,4536.245,
2026-08-21T02:46:00Z,4536.245,4537.69,4536.045,4536.265,
2026-08-21T02:47:00Z,4536.265,4537.16,4535.875,4536.53,
2026-08-21T02:48:00Z,4536.53,4538.855,4536.53,4537.975,
2026-08-21T02:49:00Z,4537.975,4539.605,4537.57,4539.125,
2026-08-21T02:50:00Z,4539.125,4539.375,4537.005,4537.345,
2026-08-21T02:51:00Z,4537.345,4539.22,4535.15,4538.835,
2026-08-21T02:52:00Z,4538.835,4543.08,4538.835,4541.625,
2026-08-21T02:53:00Z,4541.625,4541.815,4539.525,4539.845,
2026-08-21T02:54:00Z,4539.845,4541.165,4539.485,4540.965,
2026-08-21T02:55:00Z,4540.965,4541.255,4539.02,4539.3,
2026-08-21T02:56:00Z,4539.3,4539.575,4537.625,4538.05,
2026-08-21T02:57:00Z,4538.05,4539.095,4537.545,4537.63,
2026-08-21T02:58:00Z,4537.63,4537.705,4534.42,4534.46,
2026-08-21T02:59:00Z,4534.46,4534.835,4532.605,4533.85,
2026-08-21T03:00:00Z,4533.85,4535.33,4533.175,4534.105,
2026-08-21T03:01:00Z,4534.105,4535.42,4534.04,4534.33,
2026-08-21T03:02:00Z,4534.33,4538.025,4534.285,4536.865,
2026-08-21T03:03:00Z,4536.865,4538.38,4536.06,4536.52,
2026-08-21T03:04:00Z,4536.52,4536.56,4533.025,4533.4,
2026-08-21T03:05:00Z,4533.4,4534.72,4533.34,4533.93,
2026-08-21T03:06:00Z,4533.93,4533.93,4532.05,4533.66,
2026-08-21T03:07:00Z,4533.66,4534.57,4533.61,4533.785,
2026-08-21T03:08:00Z,4533.785,4535.545,4532.98,4535.545,
2026-08-21T03:09:00Z,4535.545,4535.925,4534.51,4534.61,
2026-08-21T03:10:00Z,4534.61,4535.3,4533.785,4535.05,
2026-08-21T03:11:00Z,4535.05,4536.57,4534.835,4535.42,
2026-08-21T03:12:00Z,4535.42,4536.24,4535.395,4535.835,
2026-08-21T03:13:00Z,4535.835,4535.9,4534.19,4535.085,
2026-08-21T03:14:00Z,4535.085,4535.095,4532.45,4532.64,
2026-08-21T03:15:00Z,4532.64,4533.32,4532.16,4533.085,
2026-08-21T03:16:00Z,4533.085,4534.13,4533.085,4534.09,
2026-08-21T03:17:00Z,4534.09,4534.09,4532.54,4533.055,
2026-08-21T03:18:00Z,4533.055,4534.665,4532.93,4534.16,
2026-08-21T03:19:00Z,4534.16,4534.655,4532.62,4532.9,
2026-08-21T03:20:00Z,4532.9,4534.375,4532.6,4533.925,
2026-08-21T03:21:00Z,4533.925,4534.32,4532.85,4533.57,
2026-08-21T03:22:00Z,4533.57,4534.515,4532.66,4533.825,
2026-08-21T03:23:00Z,4533.825,4534.49,4533.51,4533.865,
2026-08-21T03:24:00Z,4533.865,4534.865,4533.335,4533.735,
2026-08-21T03:25:00Z,4533.735,4534.795,4533.35,4533.88,
2026-08-21T03:26:00Z,4533.88,4533.88,4532.64,4532.675,
2026-08-21T03:27:00Z,4532.675,4532.715,4531.55,4532.47,
2026-08-21T03:28:00Z,4532.47,4532.485,4531.375,4531.715,
2026-08-21T03:29:00Z,4531.715,4531.99,4529.76,4529.77,
2026-08-21T03:30:00Z,4529.77,4531.305,4529.45,4530.12,
2026-08-21T03:31:00Z,4530.12,4533.04,4530.12,4531.89,
2026-08-21T03:32:00Z,4531.89,4535.67,4531.87,4535.195,
2026-08-21T03:33:00Z,4535.195,4535.32,4534.28,4534.29,
2026-08-21T03:34:00Z,4534.29,4535.785,4534.25,4535.63,
2026-08-21T03:35:00Z,4535.63,4535.68,4532.865,4532.885,
2026-08-21T03:36:00Z,4532.885,4532.885,4530.765,4531.355,
2026-08-21T03:37:00Z,4531.355,4531.795,4530.675,4531.62,
2026-08-21T03:38:00Z,4531.62,4531.62,4529.39,4531.035,
2026-08-21T03:39:00Z,4531.035,4531.1,4529.33,4529.38,
2026-08-21T03:40:00Z,4529.38,4529.595,4527.46,4528.4,
2026-08-21T03:41:00Z,4528.4,4528.4,4526.87,4528.075,
2026-08-21T03:42:00Z,4528.075,4529.125,4527.21,4529.02,
2026-08-21T03:43:00Z,4529.02,4529.185,4528.635,4529.185,
2026-08-21T03:44:00Z,4529.185,4529.49,4528.645,4529.27,
2026-08-21T03:45:00Z,4529.27,4529.645,4528.27,4528.495,
2026-08-21T03:46:00Z,4528.495,4530.725,4528.495,4530.34,
2026-08-21T03:47:00Z,4530.34,4531.31,4529.745,4530.815,
2026-08-21T03:48:00Z,4530.815,4533.94,4530.57,4533.43,
2026-08-21T03:49:00Z,4533.43,4533.43,4531.655,4531.7,
2026-08-21T03:50:00Z,4531.7,4532.35,4531.65,4532.15,
2026-08-21T03:51:00Z,4532.15,4533.295,4532.1,4533.29,
2026-08-21T03:52:00Z,4533.29,4533.53,4531.99,4532.0,
2026-08-21T03:53:00Z,4532.0,4533.0,4531.615,4532.645,
2026-08-21T03:54:00Z,4532.645,4533.295,4532.6,4533.18,
2026-08-21T03:55:00Z,4533.18,4534.005,4533.165,4533.775,
2026-08-21T03:56:00Z,4533.775,4533.775,4533.085,4533.155,
2026-08-21T03:57:00Z,4533.155,4533.585,4532.505,4533.23,
2026-08-21T03:58:00Z,4533.23,4535.3,4533.23,4535.3,
2026-08-21T03:59:00Z,4535.3,4535.785,4535.015,4535.55,
2026-08-21T04:00:00Z,4535.55,4536.9,4535.495,4536.785,
2026-08-21T04:01:00Z,4536.785,4537.58,4536.61,4537.095,
2026-08-21T04:02:00Z,4537.095,4538.935,4537.05,4538.13,
2026-08-21T04:03:00Z,4538.13,4539.28,4537.395,4537.755,
2026-08-21T04:04:00Z,4537.755,4538.97,4537.655,4538.735,
2026-08-21T04:05:00Z,4538.735,4539.125,4538.06,4539.095,
2026-08-21T04:06:00Z,4539.095,4539.79,4536.675,4537.13,
2026-08-21T04:07:00Z,4537.13,4537.67,4536.48,4536.48,
2026-08-21T04:08:00Z,4536.48,4537.075,4536.19,4537.075,
2026-08-21T04:09:00Z,4537.075,4538.795,4537.075,4538.27,
2026-08-21T04:10:00Z,4538.27,4539.99,4538.25,4539.26,
2026-08-21T04:11:00Z,4539.26,4539.39,4537.785,4537.785,
2026-08-21T04:12:00Z,4537.785,4538.135,4537.375,4537.975,
2026-08-21T04:13:00Z,4537.975,4539.99,4537.915,4539.96,
2026-08-21T04:14:00Z,4539.96,4541.895,4539.475,4540.195,
2026-08-21T04:15:00Z,4540.195,4540.665,4537.86,4538.77,
2026-08-21T04:16:00Z,4538.77,4539.01,4537.575,4538.115,
2026-08-21T04:17:00Z,4538.115,4539.125,4538.055,4538.67,
2026-08-21T04:18:00Z,4538.67,4540.625,4538.05,4540.345,
2026-08-21T04:19:00Z,4540.345,4541.495,4540.105,4541.495,
2026-08-21T04:20:00Z,4541.495,4543.12,4541.115,4542.685,
2026-08-21T04:21:00Z,4542.685,4545.895,4542.005,4543.485,
2026-08-21T04:22:00Z,4543.485,4543.525,4541.45,4543.07,
2026-08-21T04:23:00Z,4543.07,4543.91,4542.275,4543.815,
2026-08-21T04:24:00Z,4543.815,4544.075,4542.64,4543.17,
2026-08-21T04:25:00Z,4543.17,4544.3,4542.755,4544.165,
2026-08-21T04:26:00Z,4544.165,4545.76,4544.165,4545.625,
2026-08-21T04:27:00Z,4545.625,4546.865,4545.435,4546.095,
2026-08-21T04:28:00Z,4546.095,4547.305,4545.57,4546.795,
2026-08-21T04:29:00Z,4546.795,4547.375,4545.34,4546.925,
2026-08-21T04:30:00Z,4546.925,4547.635,4545.515,4547.535,
2026-08-21T04:31:00Z,4547.535,4547.62,4546.92,4547.225,
2026-08-21T04:32:00Z,4547.225,4548.175,4544.13,4544.13,
2026-08-21T04:33:00Z,4544.13,4544.73,4543.315,4544.06,
2026-08-21T04:34:00Z,4544.06,4545.095,4543.82,4544.23,
2026-08-21T04:35:00Z,4544.23,4544.745,4543.605,4544.215,
2026-08-21T04:36:00Z,4544.215,4544.425,4542.65,4543.17,
2026-08-21T04:37:00Z,4543.17,4543.37,4542.595,4543.24,
2026-08-21T04:38:00Z,4543.24,4543.295,4540.865,4542.02,
2026-08-21T04:39:00Z,4542.02,4542.825,4541.96,4541.975,
2026-08-21T04:40:00Z,4541.975,4543.315,4541.695,4542.84,
2026-08-21T04:41:00Z,4542.84,4542.945,4541.205,4541.485,
2026-08-21T04:42:00Z,4541.485,4541.645,4540.92,4541.44,
2026-08-21T04:43:00Z,4541.44,4542.61,4541.44,4541.57,
2026-08-21T04:44:00Z,4541.57,4541.98,4540.96,4541.855,
2026-08-21T04:45:00Z,4541.855,4541.855,4540.31,4540.78,
2026-08-21T04:46:00Z,4540.78,4541.95,4540.545,4541.56,
2026-08-21T04:47:00Z,4541.56,4541.705,4541.22,4541.66,
2026-08-21T04:48:00Z,4541.66,4542.12,4540.55,4541.765,
2026-08-21T04:49:00Z,4541.765,4542.205,4540.83,4541.085,
2026-08-21T04:50:00Z,4541.085,4541.865,4540.99,4541.44,
2026-08-21T04:51:00Z,4541.44,4541.855,4541.29,4541.855,
2026-08-21T04:52:00Z,4541.855,4542.49,4541.25,4542.455,
2026-08-21T04:53:00Z,4542.455,4542.51,4541.36,4542.0,
2026-08-21T04:54:00Z,4542.0,4542.01,4540.96,4541.585,
2026-08-21T04:55:00Z,4541.585,4541.73,4541.235,4541.68,
2026-08-21T04:56:00Z,4541.68,4541.695,4541.04,4541.525,
2026-08-21T04:57:00Z,4541.525,4542.34,4540.915,4540.915,
2026-08-21T04:58:00Z,4540.915,4541.525,4540.795,4541.38,
2026-08-21T04:59:00Z,4541.38,4541.54,4540.415,4540.725,
2026-08-21T05:00:00Z,4540.725,4540.81,4539.82,4539.865,
2026-08-21T05:01:00Z,4539.865,4539.865,4537.65,4537.83,
2026-08-21T05:02:00Z,4537.83,4537.97,4536.78,4537.3,
2026-08-21T05:03:00Z,4537.3,4538.04,4537.025,4537.66,
2026-08-21T05:04:00Z,4537.66,4538.05,4537.25,4537.935,
2026-08-21T05:05:00Z,4537.935,4539.635,4537.78,4539.315,
2026-08-21T05:06:00Z,4539.315,4539.62,4538.825,4539.04,
2026-08-21T05:07:00Z,4539.04,4539.08,4536.73,4536.785,
2026-08-21T05:08:00Z,4536.785,4536.925,4535.345,4536.555,
2026-08-21T05:09:00Z,4536.555,4536.96,4536.285,4536.83,
2026-08-21T05:10:00Z,4536.83,4536.915,4534.875,4535.835,
2026-08-21T05:11:00Z,4535.835,4536.795,4535.465,4535.475,
2026-08-21T05:12:00Z,4535.475,4536.435,4535.475,4535.765,
2026-08-21T05:13:00Z,4535.765,4536.635,4535.295,4535.79,
2026-08-21T05:14:00Z,4535.79,4537.71,4535.76,4537.34,
2026-08-21T05:15:00Z,4537.34,4538.845,4535.855,4535.855,
2026-08-21T05:16:00Z,4535.855,4535.855,4534.19,4534.49,
2026-08-21T05:17:00Z,4534.49,4534.49,4531.15,4533.67,
2026-08-21T05:18:00Z,4533.67,4533.99,4532.34,4533.97,
2026-08-21T05:19:00Z,4533.97,4534.745,4533.145,4533.785,
2026-08-21T05:20:00Z,4533.785,4534.05,4532.77,4533.59,
2026-08-21T05:21:00Z,4533.59,4533.9,4532.865,4533.02,
2026-08-21T05:22:00Z,4533.02,4534.465,4533.02,4533.905,
2026-08-21T05:23:00Z,4533.905,4534.74,4533.625,4534.725,
2026-08-21T05:24:00Z,4534.725,4534.725,4533.505,4533.91,
2026-08-21T05:25:00Z,4533.91,4534.55,4533.815,4533.905,
2026-08-21T05:26:00Z,4533.905,4533.915,4531.25,4531.25,
2026-08-21T05:27:00Z,4531.25,4532.33,4530.99,4531.11,
2026-08-21T05:28:00Z,4531.11,4532.025,4530.72,4531.035,
2026-08-21T05:29:00Z,4531.035,4531.8,4530.59,4530.59,
2026-08-21T05:30:00Z,4530.59,4534.755,4529.43,4533.11,
2026-08-21T05:31:00Z,4533.11,4533.685,4531.58,4532.765,
2026-08-21T05:32:00Z,4532.765,4535.99,4532.69,4535.94,
2026-08-21T05:33:00Z,4535.94,4538.4,4535.51,4537.975,
2026-08-21T05:34:00Z,4537.975,4538.365,4536.72,4538.08,
2026-08-21T05:35:00Z,4538.08,4540.7,4537.91,4540.69,
2026-08-21T05:36:00Z,4540.69,4540.895,4539.745,4540.74,
2026-08-21T05:37:00Z,4540.74,4540.74,4538.165,4538.175,
2026-08-21T05:38:00Z,4538.175,4539.48,4537.66,4538.975,
2026-08-21T05:39:00Z,4538.975,4539.61,4535.415,4536.29,
2026-08-21T05:40:00Z,4536.29,4538.045,4536.145,4536.43,
2026-08-21T05:41:00Z,4536.43,4537.19,4536.01,4537.115,
2026-08-21T05:42:00Z,4537.115,4540.13,4536.405,4539.305,
2026-08-21T05:43:00Z,4539.305,4539.445,4538.105,4539.115,
2026-08-21T05:44:00Z,4539.115,4543.46,4539.0,4543.28,
2026-08-21T05:45:00Z,4543.28,4543.33,4541.79,4542.705,
2026-08-21T05:46:00Z,4542.705,4543.42,4541.775,4543.145,
2026-08-21T05:47:00Z,4543.145,4543.465,4542.58,4543.13,
2026-08-21T05:48:00Z,4543.13,4544.3,4542.645,4544.3,
2026-08-21T05:49:00Z,4544.3,4546.55,4544.295,4546.245,
2026-08-21T05:50:00Z,4546.245,4546.725,4543.315,4545.575,
2026-08-21T05:51:00Z,4545.575,4548.45,4545.495,4548.39,
2026-08-21T05:52:00Z,4548.39,4549.215,4547.73,4548.715,
2026-08-21T05:53:00Z,4548.715,4549.26,4548.275,4548.535,
2026-08-21T05:54:00Z,4548.535,4548.535,4546.74,4547.965,
2026-08-21T05:55:00Z,4547.965,4552.185,4547.83,4551.785,
2026-08-21T05:56:00Z,4551.785,4553.585,4551.785,4552.095,
2026-08-21T05:57:00Z,4552.095,4553.605,4552.055,4553.275,
2026-08-21T05:58:00Z,4553.275,4555.545,4553.275,4555.085,
2026-08-21T05:59:00Z,4555.085,4556.35,4553.57,4553.6,
2026-08-21T06:00:00Z,4553.6,4554.335,4552.61,4553.515,
2026-08-21T06:01:00Z,4553.515,4555.33,4552.015,4552.595,
2026-08-21T06:02:00Z,4552.595,4552.885,4548.29,4548.29,
2026-08-21T06:03:00Z,4548.29,4549.925,4547.65,4548.945,
2026-08-21T06:04:00Z,4548.945,4549.985,4548.36,4549.63,
2026-08-21T06:05:00Z,4549.63,4551.635,4548.8,4550.84,
2026-08-21T06:06:00Z,4550.84,4551.61,4549.645,4550.12,
2026-08-21T06:07:00Z,4550.12,4550.645,4547.75,4547.885,
2026-08-21T06:08:00Z,4547.885,4548.73,4547.01,4547.395,
2026-08-21T06:09:00Z,4547.395,4549.21,4547.365,4548.49,
2026-08-21T06:10:00Z,4548.49,4549.215,4547.61,4548.065,
2026-08-21T06:11:00Z,4548.065,4548.085,4545.69,4545.965,
2026-08-21T06:12:00Z,4545.965,4547.885,4545.805,4547.615,
2026-08-21T06:13:00Z,4547.615,4548.4,4546.755,4548.26,
2026-08-21T06:14:00Z,4548.26,4550.275,4548.26,4549.09,
2026-08-21T06:15:00Z,4549.09,4553.725,4549.09,4551.72,
2026-08-21T06:16:00Z,4551.72,4555.38,4551.63,4555.38,
2026-08-21T06:17:00Z,4555.38,4556.675,4555.1,4555.15,
2026-08-21T06:18:00Z,4555.15,4555.715,4554.05,4554.37,
2026-08-21T06:19:00Z,4554.37,4555.915,4553.74,4555.865,
2026-08-21T06:20:00Z,4555.865,4556.865,4554.54,4554.62,
2026-08-21T06:21:00Z,4554.62,4555.28,4552.905,4553.955,
2026-08-21T06:22:00Z,4553.955,4553.965,4551.97,4552.735,
2026-08-21T06:23:00Z,4552.735,4552.925,4550.27,4550.97,
2026-08-21T06:24:00Z,4550.97,4551.34,4550.165,4550.655,
2026-08-21T06:25:00Z,4550.655,4552.775,4550.19,4552.745,
2026-08-21T06:26:00Z,4552.745,4555.21,4551.99,4555.18,
2026-08-21T06:27:00Z,4555.18,4557.515,4554.81,4557.505,
2026-08-21T06:28:00Z,4557.505,4558.225,4556.73,4557.025,
2026-08-21T06:29:00Z,4557.025,4557.43,4555.525,4555.555,
2026-08-21T06:30:00Z,4555.555,4556.685,4554.67,4556.06,
2026-08-21T06:31:00Z,4556.06,4557.695,4555.82,4556.99,
2026-08-21T06:32:00Z,4556.99,4559.525,4556.645,4559.45,
2026-08-21T06:33:00Z,4559.45,4562.045,4559.255,4561.535,
2026-08-21T06:34:00Z,4561.535,4563.635,4561.325,4561.415,
2026-08-21T06:35:00Z,4561.415,4565.28,4561.415,4564.995,
2026-08-21T06:36:00Z,4564.995,4565.08,4564.03,4564.585,
2026-08-21T06:37:00Z,4564.585,4565.685,4564.28,4565.48,
2026-08-21T06:38:00Z,4565.48,4565.9,4564.465,4564.615,
2026-08-21T06:39:00Z,4564.615,4565.935,4564.615,4565.045,
2026-08-21T06:40:00Z,4565.045,4565.075,4560.66,4560.965,
2026-08-21T06:41:00Z,4560.965,4561.8,4560.605,4561.445,
2026-08-21T06:42:00Z,4561.445,4565.02,4561.105,4564.495,
2026-08-21T06:43:00Z,4564.495,4564.58,4563.6,4564.26,
2026-08-21T06:44:00Z,4564.26,4564.9,4562.585,4562.585,
2026-08-21T06:45:00Z,4562.585,4565.37,4562.585,4563.41,
2026-08-21T06:46:00Z,4563.41,4564.01,4563.28,4563.685,
2026-08-21T06:47:00Z,4563.685,4564.565,4563.665,4563.8,
2026-08-21T06:48:00Z,4563.8,4566.215,4563.6,4566.08,
2026-08-21T06:49:00Z,4566.08,4567.675,4566.025,4567.44,
2026-08-21T06:50:00Z,4567.44,4567.525,4566.22,4567.055,
2026-08-21T06:51:00Z,4567.055,4567.055,4565.54,4565.93,
2026-08-21T06:52:00Z,4565.93,4566.76,4565.565,4566.23,
2026-08-21T06:53:00Z,4566.23,4566.245,4564.8,4565.265,
2026-08-21T06:54:00Z,4565.265,4565.685,4564.395,4564.79,
2026-08-21T06:55:00Z,4564.79,4565.11,4564.265,4564.81,
2026-08-21T06:56:00Z,4564.81,4567.715,4564.505,4564.815,
2026-08-21T06:57:00Z,4564.815,4565.45,4563.57,4563.57,
2026-08-21T06:58:00Z,4563.57,4563.63,4561.82,4561.82,
2026-08-21T06:59:00Z,4561.82,4562.66,4561.09,4561.09,
2026-08-21T07:00:00Z,4561.09,4562.27,4559.635,4562.25,
2026-08-21T07:01:00Z,4562.25,4563.985,4561.935,4562.085,
2026-08-21T07:02:00Z,4562.085,4562.945,4561.06,4561.39,
2026-08-21T07:03:00Z,4561.39,4563.73,4561.39,4563.565,
2026-08-21T07:04:00Z,4563.565,4566.185,4561.875,4566.095,
2026-08-21T07:05:00Z,4566.095,4566.145,4563.36,4564.09,
2026-08-21T07:06:00Z,4564.09,4564.17,4563.48,4563.75,
2026-08-21T07:07:00Z,4563.75,4564.13,4563.475,4563.815,
2026-08-21T07:08:00Z,4563.815,4564.125,4561.44,4562.185,
2026-08-21T07:09:00Z,4562.185,4562.295,4558.995,4558.995,
2026-08-21T07:10:00Z,4558.995,4560.54,4558.69,4560.255,
2026-08-21T07:11:00Z,4560.255,4560.28,4558.74,4559.81,
2026-08-21T07:12:00Z,4559.81,4560.915,4558.905,4559.065,
2026-08-21T07:13:00Z,4559.065,4560.33,4558.87,4559.405,
2026-08-21T07:14:00Z,4559.405,4561.74,4559.29,4561.59,
2026-08-21T07:15:00Z,4561.59,4562.2,4559.96,4561.88,
2026-08-21T07:16:00Z,4561.88,4562.595,4561.145,4562.27,
2026-08-21T07:17:00Z,4562.27,4564.995,4561.99,4564.665,
2026-08-21T07:18:00Z,4564.665,4567.07,4564.665,4566.56,
2026-08-21T07:19:00Z,4566.56,4566.745,4565.66,4566.375,
2026-08-21T07:20:00Z,4566.375,4566.575,4565.45,4565.46,
2026-08-21T07:21:00Z,4565.46,4566.145,4564.725,4565.505,
2026-08-21T07:22:00Z,4565.505,4568.015,4565.27,4565.27,
2026-08-21T07:23:00Z,4565.27,4565.27,4563.51,4564.99,
2026-08-21T07:24:00Z,4564.99,4565.285,4563.175,4563.72,
2026-08-21T07:25:00Z,4563.72,4564.605,4562.805,4563.34,
2026-08-21T07:26:00Z,4563.34,4563.765,4561.135,4561.545,
2026-08-21T07:27:00Z,4561.545,4561.755,4560.87,4561.39,
2026-08-21T07:28:00Z,4561.39,4562.8,4561.39,4562.8,
2026-08-21T07:29:00Z,4562.8,4562.83,4561.58,4561.8,
2026-08-21T07:30:00Z,4561.8,4563.53,4560.455,4563.125,
2026-08-21T07:31:00Z,4563.125,4564.835,4562.135,4562.135,
2026-08-21T07:32:00Z,4562.135,4563.06,4561.21,4562.68,
2026-08-21T07:33:00Z,4562.68,4563.41,4561.445,4562.44,
2026-08-21T07:34:00Z,4562.44,4562.65,4561.59,4562.245,
2026-08-21T07:35:00Z,4562.245,4562.73,4561.385,4561.76,
2026-08-21T07:36:00Z,4561.76,4563.305,4561.465,4562.335,
2026-08-21T07:37:00Z,4562.335,4563.03,4560.25,4560.785,
2026-08-21T07:38:00Z,4560.785,4564.865,4560.785,4564.53,
2026-08-21T07:39:00Z,4564.53,4565.0,4563.055,4564.205,
2026-08-21T07:40:00Z,4564.205,4564.955,4562.605,4563.43,
2026-08-21T07:41:00Z,4563.43,4564.595,4563.38,4564.44,
2026-08-21T07:42:00Z,4564.44,4566.285,4564.245,4565.825,
2026-08-21T07:43:00Z,4565.825,4566.115,4564.315,4565.66,
2026-08-21T07:44:00Z,4565.66,4566.09,4563.71,4564.475,
2026-08-21T07:45:00Z,4564.475,4565.49,4563.72,4564.855,
2026-08-21T07:46:00Z,4564.855,4564.95,4562.81,4563.61,
2026-08-21T07:47:00Z,4563.61,4567.48,4563.6,4567.34,
2026-08-21T07:48:00Z,4567.34,4568.155,4564.055,4564.5,
2026-08-21T07:49:00Z,4564.5,4566.095,4564.215,4566.06,
2026-08-21T07:50:00Z,4566.06,4567.255,4565.2,4565.325,
2026-08-21T07:51:00Z,4565.325,4565.66,4564.555,4564.57,
2026-08-21T07:52:00Z,4564.57,4564.605,4562.97,4562.97,
2026-08-21T07:53:00Z,4562.97,4564.205,4562.33,4562.33,
2026-08-21T07:54:00Z,4562.33,4562.715,4560.95,4561.885,
2026-08-21T07:55:00Z,4561.885,4562.015,4561.33,4561.435,
2026-08-21T07:56:00Z,4561.435,4563.805,4561.435,4562.9,
2026-08-21T07:57:00Z,4562.9,4565.005,4562.9,4564.265,
2026-08-21T07:58:00Z,4564.265,4564.265,4563.125,4563.445,
2026-08-21T07:59:00Z,4563.445,4564.47,4562.74,4564.345,
2026-08-21T08:00:00Z,4564.345,4565.45,4562.275,4565.19,
2026-08-21T08:01:00Z,4565.19,4566.665,4564.305,4564.93,
2026-08-21T08:02:00Z,4564.93,4564.975,4563.375,4564.54,
2026-08-21T08:03:00Z,4564.54,4565.14,4562.73,4562.79,
2026-08-21T08:04:00Z,4562.79,4562.81,4561.42,4561.42,
2026-08-21T08:05:00Z,4561.42,4562.11,4560.87,4560.885,
2026-08-21T08:06:00Z,4560.885,4560.93,4559.59,4559.785,
2026-08-21T08:07:00Z,4559.785,4560.45,4559.35,4560.14,
2026-08-21T08:08:00Z,4560.14,4561.955,4559.64,4561.34,
2026-08-21T08:09:00Z,4561.34,4562.845,4560.805,4561.76,
2026-08-21T08:10:00Z,4561.76,4563.385,4561.62,4562.6,
2026-08-21T08:11:00Z,4562.6,4564.18,4562.305,4564.145,
2026-08-21T08:12:00Z,4564.145,4565.76,4564.025,4565.435,
2026-08-21T08:13:00Z,4565.435,4567.85,4564.865,4567.73,
2026-08-21T08:14:00Z,4567.73,4568.115,4565.63,4565.64,
2026-08-21T08:15:00Z,4565.64,4566.085,4564.01,4564.79,
2026-08-21T08:16:00Z,4564.79,4566.57,4564.5,4566.19,
2026-08-21T08:17:00Z,4566.19,4570.365,4566.1,4570.24,
2026-08-21T08:18:00Z,4570.24,4570.295,4569.2,4569.6,
2026-08-21T08:19:00Z,4569.6,4573.345,4569.14,4572.73,
2026-08-21T08:20:00Z,4572.73,4574.055,4571.88,4574.035,
2026-08-21T08:21:00Z,4574.035,4576.51,4573.15,4576.51,
2026-08-21T08:22:00Z,4576.51,4576.62,4574.435,4575.73,
2026-08-21T08:23:00Z,4575.73,4577.82,4575.185,4577.595,
2026-08-21T08:24:00Z,4577.595,4579.315,4577.205,4577.75,
2026-08-21T08:25:00Z,4577.75,4580.83,4577.525,4580.59,
2026-08-21T08:26:00Z,4580.59,4580.59,4579.385,4579.695,
2026-08-21T08:27:00Z,4579.695,4581.19,4579.685,4580.54,
2026-08-21T08:28:00Z,4580.54,4581.945,4579.445,4579.485,
2026-08-21T08:29:00Z,4579.485,4580.685,4579.23,4579.485,
2026-08-21T08:30:00Z,4579.485,4579.835,4578.895,4578.93,
2026-08-21T08:31:00Z,4578.93,4579.17,4577.815,4578.64,
2026-08-21T08:32:00Z,4578.64,4581.305,4578.64,4581.305,
2026-08-21T08:33:00Z,4581.305,4581.62,4580.065,4580.63,
2026-08-21T08:34:00Z,4580.63,4581.535,4580.205,4580.88,
2026-08-21T08:35:00Z,4580.88,4581.94,4580.73,4581.76,
2026-08-21T08:36:00Z,4581.76,4582.68,4580.6,4581.325,
2026-08-21T08:37:00Z,4581.325,4582.595,4581.07,4582.565,
2026-08-21T08:38:00Z,4582.565,4582.845,4578.3,4578.43,
2026-08-21T08:39:00Z,4578.43,4579.465,4576.615,4579.45,
2026-08-21T08:40:00Z,4579.45,4581.315,4579.065,4580.125,
2026-08-21T08:41:00Z,4580.125,4582.845,4579.73,4582.49,
2026-08-21T08:42:00Z,4582.49,4584.065,4581.86,4582.65,
2026-08-21T08:43:00Z,4582.65,4582.65,4580.905,4582.545,
2026-08-21T08:44:00Z,4582.545,4584.235,4582.195,4582.51,
2026-08-21T08:45:00Z,4582.51,4582.76,4581.145,4581.625,
2026-08-21T08:46:00Z,4581.625,4582.695,4581.315,4582.63,
2026-08-21T08:47:00Z,4582.63,4583.445,4582.215,4583.44,
2026-08-21T08:48:00Z,4583.44,4583.555,4581.16,4581.17,
2026-08-21T08:49:00Z,4581.17,4582.01,4580.625,4581.115,
2026-08-21T08:50:00Z,4581.115,4581.87,4580.965,4581.11,
2026-08-21T08:51:00Z,4581.11,4583.405,4580.54,4582.77,
2026-08-21T08:52:00Z,4582.77,4582.77,4580.745,4581.16,
2026-08-21T08:53:00Z,4581.16,4582.59,4581.16,4581.73,
2026-08-21T08:54:00Z,4581.73,4581.925,4580.9,4581.575,
2026-08-21T08:55:00Z,4581.575,4581.885,4580.48,4581.005,
2026-08-21T08:56:00Z,4581.005,4581.245,4580.65,4581.215,
2026-08-21T08:57:00Z,4581.215,4583.14,4580.78,4583.03,
2026-08-21T08:58:00Z,4583.03,4583.18,4582.34,4582.555,
2026-08-21T08:59:00Z,4582.555,4585.02,4582.555,4584.22,
2026-08-21T09:00:00Z,4584.22,4584.61,4583.385,4584.255,
2026-08-21T09:01:00Z,4584.255,4585.74,4583.86,4585.31,
2026-08-21T09:02:00Z,4585.31,4585.315,4583.09,4584.275,
2026-08-21T09:03:00Z,4584.275,4584.275,4582.37,4583.29,
2026-08-21T09:04:00Z,4583.29,4586.165,4583.255,4586.165,
2026-08-21T09:05:00Z,4586.165,4586.165,4584.745,4585.97,
2026-08-21T09:06:00Z,4585.97,4588.43,4585.58,4587.855,
2026-08-21T09:07:00Z,4587.855,4590.335,4587.255,4589.89,
2026-08-21T09:08:00Z,4589.89,4593.97,4589.585,4593.305,
2026-08-21T09:09:00Z,4593.305,4596.38,4593.06,4595.66,
2026-08-21T09:10:00Z,4595.66,4597.21,4595.54,4596.245,
2026-08-21T09:11:00Z,4596.245,4597.67,4595.935,4597.5,
2026-08-21T09:12:00Z,4597.5,4597.96,4596.38,4596.72,
2026-08-21T09:13:00Z,4596.72,4600.58,4596.72,4599.68,
2026-08-21T09:14:00Z,4599.68,4599.69,4598.305,4599.415,
2026-08-21T09:15:00Z,4599.415,4600.02,4597.845,4599.62,
2026-08-21T09:16:00Z,4599.62,4601.09,4599.405,4600.73,
2026-08-21T09:17:00Z,4600.73,4601.305,4599.385,4601.225,
2026-08-21T09:18:00Z,4601.225,4602.0,4596.49,4596.585,
2026-08-21T09:19:00Z,4596.585,4597.33,4593.155,4593.255,
2026-08-21T09:20:00Z,4593.255,4593.27,4590.025,4591.44,
2026-08-21T09:21:00Z,4591.44,4591.965,4588.08,4588.525,
2026-08-21T09:22:00Z,4588.525,4590.365,4588.15,4588.82,
2026-08-21T09:23:00Z,4588.82,4589.295,4585.72,4586.82,
2026-08-21T09:24:00Z,4586.82,4587.04,4584.92,4586.99,
2026-08-21T09:25:00Z,4586.99,4587.665,4585.84,4587.44,
2026-08-21T09:26:00Z,4587.44,4587.785,4586.185,4586.565,
2026-08-21T09:27:00Z,4586.565,4586.72,4583.93,4583.93,
2026-08-21T09:28:00Z,4583.93,4584.095,4581.37,4581.87,
2026-08-21T09:29:00Z,4581.87,4582.83,4581.41,4582.29,
2026-08-21T09:30:00Z,4582.29,4584.225,4582.275,4583.65,
2026-08-21T09:31:00Z,4583.65,4584.585,4582.245,4584.385,
2026-08-21T09:32:00Z,4584.385,4584.575,4582.975,4583.585,
2026-08-21T09:33:00Z,4583.585,4583.77,4582.58,4583.035,
2026-08-21T09:34:00Z,4583.035,4584.03,4582.585,4582.85,
2026-08-21T09:35:00Z,4582.85,4583.1,4580.86,4582.4,
2026-08-21T09:36:00Z,4582.4,4584.09,4581.7,4584.06,
2026-08-21T09:37:00Z,4584.06,4585.105,4583.63,4585.045,
2026-08-21T09:38:00Z,4585.045,4586.005,4583.76,4585.015,
2026-08-21T09:39:00Z,4585.015,4585.685,4583.66,4585.625,
2026-08-21T09:40:00Z,4585.625,4586.265,4584.85,4585.13,
2026-08-21T09:41:00Z,4585.13,4586.87,4585.005,4586.515,
2026-08-21T09:42:00Z,4586.515,4586.78,4583.635,4584.095,
2026-08-21T09:43:00Z,4584.095,4584.93,4583.65,4583.785,
2026-08-21T09:44:00Z,4583.785,4584.205,4581.78,4583.175,
2026-08-21T09:45:00Z,4583.175,4583.495,4582.22,4582.99,
2026-08-21T09:46:00Z,4582.99,4583.7,4581.66,4581.73,
2026-08-21T09:47:00Z,4581.73,4583.69,4581.205,4583.385,
2026-08-21T09:48:00Z,4583.385,4583.695,4581.0,4581.17,
2026-08-21T09:49:00Z,4581.17,4582.03,4581.05,4581.48,
2026-08-21T09:50:00Z,4581.48,4581.76,4580.925,4581.48,
2026-08-21T09:51:00Z,4581.48,4581.675,4580.505,4581.07,
2026-08-21T09:52:00Z,4581.07,4582.17,4580.985,4582.17,
2026-08-21T09:53:00Z,4582.17,4583.365,4581.445,4583.08,
2026-08-21T09:54:00Z,4583.08,4584.21,4582.675,4584.21,
2026-08-21T09:55:00Z,4584.21,4585.515,4584.195,4585.15,
2026-08-21T09:56:00Z,4585.15,4585.26,4584.595,4585.26,
2026-08-21T09:57:00Z,4585.26,4585.26,4584.265,4584.495,
2026-08-21T09:58:00Z,4584.495,4584.645,4581.7,4581.7,
2026-08-21T09:59:00Z,4581.7,4582.815,4581.235,4582.605,
2026-08-21T10:00:00Z,4582.605,4583.535,4581.75,4582.655,
2026-08-21T10:01:00Z,4582.655,4586.59,4582.605,4586.39,
2026-08-21T10:02:00Z,4586.39,4589.025,4586.39,4587.405,
2026-08-21T10:03:00Z,4587.405,4587.67,4586.005,4586.935,
2026-08-21T10:04:00Z,4586.935,4587.285,4585.17,4585.2,
2026-08-21T10:05:00Z,4585.2,4585.27,4583.56,4583.72,
2026-08-21T10:06:00Z,4583.72,4585.285,4583.575,4585.285,
2026-08-21T10:07:00Z,4585.285,4585.33,4583.68,4584.395,
2026-08-21T10:08:00Z,4584.395,4584.475,4582.795,4583.68,
2026-08-21T10:09:00Z,4583.68,4583.68,4581.54,4583.375,
2026-08-21T10:10:00Z,4583.375,4584.35,4582.295,4583.31,
2026-08-21T10:11:00Z,4583.31,4583.51,4580.37,4580.775,
2026-08-21T10:12:00Z,4580.775,4581.255,4580.03,4580.085,
2026-08-21T10:13:00Z,4580.085,4580.51,4578.005,4579.285,
2026-08-21T10:14:00Z,4579.285,4580.66,4578.745,4578.745,
2026-08-21T10:15:00Z,4578.745,4580.83,4578.575,4580.8,
2026-08-21T10:16:00Z,4580.8,4582.34,4580.41,4581.58,
2026-08-21T10:17:00Z,4581.58,4584.2,4581.57,4583.865,
2026-08-21T10:18:00Z,4583.865,4587.27,4583.64,4586.62,
2026-08-21T10:19:00Z,4586.62,4586.8,4583.61,4584.485,
2026-08-21T10:20:00Z,4584.485,4586.33,4584.36,4586.205,
2026-08-21T10:21:00Z,4586.205,4586.27,4583.44,4583.74,
2026-08-21T10:22:00Z,4583.74,4584.995,4583.31,4584.98,
2026-08-21T10:23:00Z,4584.98,4585.565,4584.52,4585.43,
2026-08-21T10:24:00Z,4585.43,4586.815,4585.195,4586.16,
2026-08-21T10:25:00Z,4586.16,4586.68,4585.65,4586.475,
2026-08-21T10:26:00Z,4586.475,4588.265,4586.01,4588.19,
2026-08-21T10:27:00Z,4588.19,4589.415,4586.395,4586.765,
2026-08-21T10:28:00Z,4586.765,4588.195,4586.295,4587.76,
2026-08-21T10:29:00Z,4587.76,4588.755,4587.66,4588.65,
2026-08-21T10:30:00Z,4588.65,4588.86,4587.485,4587.71,
2026-08-21T10:31:00Z,4587.71,4587.72,4585.755,4586.47,
2026-08-21T10:32:00Z,4586.47,4587.635,4586.45,4587.635,
2026-08-21T10:33:00Z,4587.635,4588.925,4587.625,4588.76,
2026-08-21T10:34:00Z,4588.76,4590.97,4588.76,4590.535,
2026-08-21T10:35:00Z,4590.535,4591.58,4589.95,4590.12,
2026-08-21T10:36:00Z,4590.12,4590.79,4589.595,4590.655,
2026-08-21T10:37:00Z,4590.655,4592.71,4590.635,4592.285,
2026-08-21T10:38:00Z,4592.285,4593.62,4592.045,4592.53,
2026-08-21T10:39:00Z,4592.53,4593.685,4592.51,4593.685,
2026-08-21T10:40:00Z,4593.685,4594.105,4592.055,4593.245,
2026-08-21T10:41:00Z,4593.245,4593.45,4591.44,4592.82,
2026-08-21T10:42:00Z,4592.82,4592.83,4591.25,4592.44,
2026-08-21T10:43:00Z,4592.44,4594.125,4592.42,4593.35,
2026-08-21T10:44:00Z,4593.35,4593.525,4592.3,4593.24,
2026-08-21T10:45:00Z,4593.24,4593.73,4592.45,4592.83,
2026-08-21T10:46:00Z,4592.83,4592.975,4591.215,4591.335,
2026-08-21T10:47:00Z,4591.335,4591.835,4591.06,4591.72,
2026-08-21T10:48:00Z,4591.72,4591.93,4590.35,4590.35,
2026-08-21T10:49:00Z,4590.35,4591.04,4590.28,4590.82,
2026-08-21T10:50:00Z,4590.82,4591.105,4590.125,4590.145,
2026-08-21T10:51:00Z,4590.145,4590.87,4589.395,4590.75,
2026-08-21T10:52:00Z,4590.75,4591.185,4588.535,4590.28,
2026-08-21T10:53:00Z,4590.28,4591.93,4589.69,4591.45,
2026-08-21T10:54:00Z,4591.45,4592.81,4590.375,4590.475,
2026-08-21T10:55:00Z,4590.475,4591.105,4589.96,4590.49,
2026-08-21T10:56:00Z,4590.49,4590.51,4588.03,4589.145,
2026-08-21T10:57:00Z,4589.145,4589.335,4588.05,4588.525,
2026-08-21T10:58:00Z,4588.525,4588.885,4587.92,4588.12,
2026-08-21T10:59:00Z,4588.12,4589.17,4588.07,4588.56,
2026-08-21T11:00:00Z,4588.56,4589.02,4587.655,4587.945,
2026-08-21T11:01:00Z,4587.945,4589.32,4587.3,4589.25,
2026-08-21T11:02:00Z,4589.25,4591.735,4588.995,4591.07,
2026-08-21T11:03:00Z,4591.07,4595.155,4591.07,4594.415,
2026-08-21T11:04:00Z,4594.415,4594.67,4593.68,4593.95,
2026-08-21T11:05:00Z,4593.95,4595.105,4593.84,4594.94,
2026-08-21T11:06:00Z,4594.94,4595.545,4592.315,4593.4,
2026-08-21T11:07:00Z,4593.4,4593.74,4592.39,4593.62,
2026-08-21T11:08:00Z,4593.62,4594.605,4592.28,4592.62,
2026-08-21T11:09:00Z,4592.62,4593.56,4591.05,4592.345,
2026-08-21T11:10:00Z,4592.345,4593.35,4591.915,4593.34,
2026-08-21T11:11:00Z,4593.34,4593.36,4591.795,4591.795,
2026-08-21T11:12:00Z,4591.795,4591.81,4588.575,4589.795,
2026-08-21T11:13:00Z,4589.795,4590.495,4588.67,4589.125,
2026-08-21T11:14:00Z,4589.125,4590.8,4588.935,4590.68,
2026-08-21T11:15:00Z,4590.68,4592.895,4590.68,4592.495,
2026-08-21T11:16:00Z,4592.495,4592.925,4591.585,4592.495,
2026-08-21T11:17:00Z,4592.495,4594.235,4592.295,4593.86,
2026-08-21T11:18:00Z,4593.86,4597.825,4593.85,4597.435,
2026-08-21T11:19:00Z,4597.435,4597.435,4595.94,4596.28,
2026-08-21T11:20:00Z,4596.28,4597.89,4596.175,4596.645,
2026-08-21T11:21:00Z,4596.645,4599.54,4596.42,4598.84,
2026-08-21T11:22:00Z,4598.84,4601.035,4597.59,4598.205,
2026-08-21T11:23:00Z,4598.205,4598.47,4596.055,4597.835,
2026-08-21T11:24:00Z,4597.835,4600.425,4597.25,4598.23,
2026-08-21T11:25:00Z,4598.23,4600.23,4596.685,4599.79,
2026-08-21T11:26:00Z,4599.79,4599.81,4597.28,4597.535,
2026-08-21T11:27:00Z,4597.535,4597.535,4595.87,4596.515,
2026-08-21T11:28:00Z,4596.515,4597.59,4596.325,4597.49,
2026-08-21T11:29:00Z,4597.49,4599.23,4597.44,4598.555,
2026-08-21T11:30:00Z,4598.555,4598.99,4597.315,4597.52,
2026-08-21T11:31:00Z,4597.52,4597.905,4596.51,4597.48,
2026-08-21T11:32:00Z,4597.48,4597.48,4593.515,4593.845,
2026-08-21T11:33:00Z,4593.845,4595.885,4593.725,4595.805,
2026-08-21T11:34:00Z,4595.805,4595.875,4594.62,4595.105,
2026-08-21T11:35:00Z,4595.105,4598.61,4595.105,4597.985,
2026-08-21T11:36:00Z,4597.985,4602.94,4597.985,4601.79,
2026-08-21T11:37:00Z,4601.79,4604.59,4601.79,4602.7,
2026-08-21T11:38:00Z,4602.7,4603.585,4599.775,4599.775,
2026-08-21T11:39:00Z,4599.775,4600.205,4597.035,4597.495,
2026-08-21T11:40:00Z,4597.495,4597.495,4595.24,4595.35,
2026-08-21T11:41:00Z,4595.35,4595.7,4593.54,4595.09,
2026-08-21T11:42:00Z,4595.09,4595.18,4594.01,4594.25,
2026-08-21T11:43:00Z,4594.25,4594.885,4593.805,4594.365,
2026-08-21T11:44:00Z,4594.365,4597.945,4594.365,4597.23,
2026-08-21T11:45:00Z,4597.23,4598.15,4596.71,4597.615,
2026-08-21T11:46:00Z,4597.615,4598.275,4597.19,4597.655,
2026-08-21T11:47:00Z,4597.655,4599.225,4597.36,4598.765,
2026-08-21T11:48:00Z,4598.765,4600.57,4597.85,4598.73,
2026-08-21T11:49:00Z,4598.73,4600.085,4598.34,4599.92,
2026-08-21T11:50:00Z,4599.92,4600.4,4598.145,4598.145,
2026-08-21T11:51:00Z,4598.145,4598.49,4596.925,4597.86,
2026-08-21T11:52:00Z,4597.86,4599.72,4597.025,4597.075,
2026-08-21T11:53:00Z,4597.075,4598.17,4595.81,4596.22,
2026-08-21T11:54:00Z,4596.22,4598.335,4596.07,4597.935,
2026-08-21T11:55:00Z,4597.935,4598.785,4597.26,4597.29,
2026-08-21T11:56:00Z,4597.29,4598.835,4597.29,4597.38,
2026-08-21T11:57:00Z,4597.38,4598.785,4597.155,4598.32,
2026-08-21T11:58:00Z,4598.32,4598.43,4596.855,4596.905,
2026-08-21T11:59:00Z,4596.905,4597.53,4596.255,4597.195,
2026-08-21T12:00:00Z,4597.195,4599.875,4596.165,4596.485,
2026-08-21T12:01:00Z,4596.485,4601.32,4596.03,4600.82,
2026-08-21T12:02:00Z,4600.82,4601.745,4597.4,4597.8,
2026-08-21T12:03:00Z,4597.8,4597.83,4594.115,4594.63,
2026-08-21T12:04:00Z,4594.63,4595.865,4594.21,4595.785,
2026-08-21T12:05:00Z,4595.785,4600.3,4595.785,4597.265,
2026-08-21T12:06:00Z,4597.265,4597.44,4594.74,4596.08,
2026-08-21T12:07:00Z,4596.08,4596.895,4595.295,4596.53,
2026-08-21T12:08:00Z,4596.53,4598.595,4594.82,4595.335,
2026-08-21T12:09:00Z,4595.335,4595.455,4592.265,4593.865,
2026-08-21T12:10:00Z,4593.865,4594.195,4589.765,4591.155,
2026-08-21T12:11:00Z,4591.155,4592.415,4590.11,4590.89,
2026-08-21T12:12:00Z,4590.89,4591.36,4589.35,4589.35,
2026-08-21T12:13:00Z,4589.35,4590.57,4589.35,4590.305,
2026-08-21T12:14:00Z,4590.305,4593.645,4590.305,4592.98,
2026-08-21T12:15:00Z,4592.98,4595.86,4592.41,4594.485,
2026-08-21T12:16:00Z,4594.485,4594.61,4590.605,4590.62,
2026-08-21T12:17:00Z,4590.62,4590.845,4589.25,4589.255,
2026-08-21T12:18:00Z,4589.255,4590.185,4586.39,4586.39,
2026-08-21T12:19:00Z,4586.39,4588.015,4586.29,4588.015,
2026-08-21T12:20:00Z,4588.015,4589.18,4584.365,4584.565,
2026-08-21T12:21:00Z,4584.565,4585.385,4582.15,4584.905,
2026-08-21T12:22:00Z,4584.905,4585.5,4583.51,4584.07,
2026-08-21T12:23:00Z,4584.07,4584.41,4583.005,4583.93,
2026-08-21T12:24:00Z,4583.93,4588.175,4582.485,4585.66,
2026-08-21T12:25:00Z,4585.66,4586.34,4584.02,4586.325,
2026-08-21T12:26:00Z,4586.325,4586.62,4584.795,4586.185,
2026-08-21T12:27:00Z,4586.185,4586.625,4585.435,4585.655,
2026-08-21T12:28:00Z,4585.655,4586.72,4585.025,4586.71,
2026-08-21T12:29:00Z,4586.71,4586.76,4584.79,4584.825,
2026-08-21T12:30:00Z,4584.825,4584.825,4579.955,4580.125,
2026-08-21T12:31:00Z,4580.125,4583.345,4579.71,4583.345,
2026-08-21T12:32:00Z,4583.345,4583.73,4576.85,4579.05,
2026-08-21T12:33:00Z,4579.05,4579.675,4577.625,4578.31,
2026-08-21T12:34:00Z,4578.31,4579.485,4577.13,4577.885,
2026-08-21T12:35:00Z,4577.885,4578.295,4571.0,4571.405,
2026-08-21T12:36:00Z,4571.405,4571.755,4569.715,4571.47,
2026-08-21T12:37:00Z,4571.47,4571.825,4569.575,4569.91,
2026-08-21T12:38:00Z,4569.91,4570.315,4567.175,4567.88,
2026-08-21T12:39:00Z,4567.88,4568.765,4564.495,4564.89,
2026-08-21T12:40:00Z,4564.89,4568.02,4563.56,4565.945,
2026-08-21T12:41:00Z,4565.945,4571.23,4565.715,4571.23,
2026-08-21T12:42:00Z,4571.23,4572.445,4570.38,4572.445,
2026-08-21T12:43:00Z,4572.445,4575.845,4571.365,4575.43,
2026-08-21T12:44:00Z,4575.43,4575.795,4572.26,4573.84,
2026-08-21T12:45:00Z,4573.84,4576.54,4573.19,4576.54,
2026-08-21T12:46:00Z,4576.54,4577.36,4575.89,4576.395,
2026-08-21T12:47:00Z,4576.395,4578.125,4576.09,4577.42,
2026-08-21T12:48:00Z,4577.42,4579.415,4577.405,4578.715,
2026-08-21T12:49:00Z,4578.715,4579.495,4577.92,4579.495,
2026-08-21T12:50:00Z,4579.495,4580.14,4579.045,4579.49,
2026-08-21T12:51:00Z,4579.49,4579.95,4577.215,4579.615,
2026-08-21T12:52:00Z,4579.615,4579.965,4577.07,4579.31,
2026-08-21T12:53:00Z,4579.31,4579.33,4578.205,4578.66,
2026-08-21T12:54:00Z,4578.66,4580.91,4578.44,4579.9,
2026-08-21T12:55:00Z,4579.9,4581.045,4578.505,4578.735,
2026-08-21T12:56:00Z,4578.735,4579.525,4577.99,4578.34,
2026-08-21T12:57:00Z,4578.34,4578.34,4575.285,4576.25,
2026-08-21T12:58:00Z,4576.25,4578.435,4576.25,4577.02,
2026-08-21T12:59:00Z,4577.02,4578.125,4575.075,4578.075,
2026-08-21T13:00:00Z,4578.075,4582.805,4575.84,4582.205,
2026-08-21T13:01:00Z,4582.205,4583.495,4579.57,4582.255,
2026-08-21T13:02:00Z,4582.255,4584.09,4582.045,4584.03,
2026-08-21T13:03:00Z,4584.03,4584.625,4580.95,4582.075,
2026-08-21T13:04:00Z,4582.075,4583.145,4579.895,4581.165,
2026-08-21T13:05:00Z,4581.165,4581.605,4580.285,4580.88,
2026-08-21T13:06:00Z,4580.88,4584.045,4580.77,4583.0,
2026-08-21T13:07:00Z,4583.0,4583.13,4579.685,4581.32,
2026-08-21T13:08:00Z,4581.32,4583.095,4581.32,4582.925,
2026-08-21T13:09:00Z,4582.925,4583.35,4579.35,4581.09,
2026-08-21T13:10:00Z,4581.09,4581.94,4580.415,4581.065,
2026-08-21T13:11:00Z,4581.065,4587.095,4581.065,4584.665,
2026-08-21T13:12:00Z,4584.665,4585.625,4583.995,4585.17,
2026-08-21T13:13:00Z,4585.17,4586.79,4583.9,4584.09,
2026-08-21T13:14:00Z,4584.09,4585.085,4583.03,4585.04,
2026-08-21T13:15:00Z,4585.04,4587.855,4585.04,4586.995,
2026-08-21T13:16:00Z,4586.995,4586.995,4583.925,4584.16,
2026-08-21T13:17:00Z,4584.16,4585.24,4581.125,4582.005,
2026-08-21T13:18:00Z,4582.005,4582.595,4580.645,4580.785,
2026-08-21T13:19:00Z,4580.785,4581.13,4579.76,4580.89,
2026-08-21T13:20:00Z,4580.89,4583.6,4579.34,4583.575,
2026-08-21T13:21:00Z,4583.575,4585.915,4583.09,4585.47,
2026-08-21T13:22:00Z,4585.47,4586.9,4583.535,4584.43,
2026-08-21T13:23:00Z,4584.43,4584.44,4583.04,4583.16,
2026-08-21T13:24:00Z,4583.16,4583.945,4583.015,4583.24,
2026-08-21T13:25:00Z,4583.24,4584.21,4583.02,4583.475,
2026-08-21T13:26:00Z,4583.475,4583.835,4582.055,4582.335,
2026-08-21T13:27:00Z,4582.335,4582.625,4581.605,4582.145,
2026-08-21T13:28:00Z,4582.145,4584.455,4581.905,4584.455,
2026-08-21T13:29:00Z,4584.455,4585.565,4583.795,4584.23,
2026-08-21T13:30:00Z,4584.23,4585.55,4581.565,4582.835,
2026-08-21T13:31:00Z,4582.835,4586.9,4581.83,4582.535,
2026-08-21T13:32:00Z,4582.535,4585.39,4582.115,4584.685,
2026-08-21T13:33:00Z,4584.685,4585.025,4576.645,4577.225,
2026-08-21T13:34:00Z,4577.225,4577.225,4573.79,4574.22,
2026-08-21T13:35:00Z,4574.22,4580.895,4573.525,4580.795,
2026-08-21T13:36:00Z,4580.795,4583.575,4578.02,4582.675,
2026-08-21T13:37:00Z,4582.675,4587.935,4579.845,4587.745,
2026-08-21T13:38:00Z,4587.745,4591.03,4587.265,4589.125,
2026-08-21T13:39:00Z,4589.125,4589.91,4584.82,4587.4,
2026-08-21T13:40:00Z,4587.4,4589.975,4586.82,4589.78,
2026-08-21T13:41:00Z,4589.78,4590.59,4587.69,4589.63,
2026-08-21T13:42:00Z,4589.63,4589.995,4586.57,4588.705,
2026-08-21T13:43:00Z,4588.705,4588.755,4586.705,4587.01,
2026-08-21T13:44:00Z,4587.01,4588.565,4584.67,4587.945,
2026-08-21T13:45:00Z,4587.945,4588.46,4584.99,4587.295,
2026-08-21T13:46:00Z,4587.295,4589.7,4586.875,4589.31,
2026-08-21T13:47:00Z,4589.31,4590.805,4589.105,4590.51,
2026-08-21T13:48:00Z,4590.51,4593.015,4588.38,4589.06,
2026-08-21T13:49:00Z,4589.06,4590.53,4588.31,4589.975,
2026-08-21T13:50:00Z,4589.975,4591.23,4589.315,4589.96,
2026-08-21T13:51:00Z,4589.96,4590.15,4584.915,4585.905,
2026-08-21T13:52:00Z,4585.905,4586.06,4581.445,4582.88,
2026-08-21T13:53:00Z,4582.88,4584.235,4580.15,4580.15,
2026-08-21T13:54:00Z,4580.15,4581.385,4576.91,4581.385,
2026-08-21T13:55:00Z,4581.385,4585.395,4581.33,4584.2,
2026-08-21T13:56:00Z,4584.2,4585.675,4583.73,4583.79,
2026-08-21T13:57:00Z,4583.79,4585.04,4581.37,4582.195,
2026-08-21T13:58:00Z,4582.195,4583.49,4580.175,4582.085,
2026-08-21T13:59:00Z,4582.085,4583.155,4581.085,4581.125,
2026-08-21T14:00:00Z,4581.125,4583.47,4580.01,4580.765,
2026-08-21T14:01:00Z,4580.765,4583.725,4580.35,4582.07,
2026-08-21T14:02:00Z,4582.07,4586.9,4581.025,4586.9,
2026-08-21T14:03:00Z,4586.9,4588.945,4584.98,4585.145,
2026-08-21T14:04:00Z,4585.145,4588.6,4585.145,4588.6,
2026-08-21T14:05:00Z,4588.6,4590.815,4588.6,4589.985,
2026-08-21T14:06:00Z,4589.985,4590.15,4587.745,4588.97,
2026-08-21T14:07:00Z,4588.97,4588.98,4583.3,4583.41,
2026-08-21T14:08:00Z,4583.41,4587.185,4583.345,4586.445,
2026-08-21T14:09:00Z,4586.445,4588.36,4586.4,4587.58,
2026-08-21T14:10:00Z,4587.58,4587.86,4585.44,4586.53,
2026-08-21T14:11:00Z,4586.53,4588.075,4586.37,4588.055,
2026-08-21T14:12:00Z,4588.055,4590.0,4587.71,4588.605,
2026-08-21T14:13:00Z,4588.605,4589.535,4588.26,4589.37,
2026-08-21T14:14:00Z,4589.37,4590.0,4588.86,4589.61,
2026-08-21T14:15:00Z,4589.61,4590.53,4586.645,4589.02,
2026-08-21T14:16:00Z,4589.02,4589.175,4587.31,4588.675,
2026-08-21T14:17:00Z,4588.675,4590.85,4587.855,4590.83,
2026-08-21T14:18:00Z,4590.83,4590.9,4589.505,4590.155,
2026-08-21T14:19:00Z,4590.155,4591.2,4589.575,4590.3,
2026-08-21T14:20:00Z,4590.3,4592.61,4589.985,4592.265,
2026-08-21T14:21:00Z,4592.265,4597.205,4592.09,4597.065,
2026-08-21T14:22:00Z,4597.065,4597.74,4596.04,4596.04,
2026-08-21T14:23:00Z,4596.04,4597.735,4595.96,4597.045,
2026-08-21T14:24:00Z,4597.045,4598.33,4596.815,4597.755,
2026-08-21T14:25:00Z,4597.755,4600.55,4597.755,4599.935,
2026-08-21T14:26:00Z,4599.935,4600.755,4598.965,4599.175,
2026-08-21T14:27:00Z,4599.175,4603.07,4598.84,4602.215,
2026-08-21T14:28:00Z,4602.215,4603.06,4601.885,4603.06,
2026-08-21T14:29:00Z,4603.06,4603.245,4602.0,4603.195,
2026-08-21T14:30:00Z,4603.195,4603.75,4600.05,4600.85,
2026-08-21T14:31:00Z,4600.85,4601.51,4599.405,4601.055,
2026-08-21T14:32:00Z,4601.055,4601.055,4595.67,4596.29,
2026-08-21T14:33:00Z,4596.29,4596.39,4593.095,4593.76,
2026-08-21T14:34:00Z,4593.76,4593.76,4590.03,4590.245,
2026-08-21T14:35:00Z,4590.245,4592.79,4588.32,4591.41,
2026-08-21T14:36:00Z,4591.41,4591.845,4588.275,4588.575,
2026-08-21T14:37:00Z,4588.575,4589.335,4585.13,4585.58,
2026-08-21T14:38:00Z,4585.58,4585.925,4581.475,4583.01,
2026-08-21T14:39:00Z,4583.01,4584.465,4581.735,4582.16,
2026-08-21T14:40:00Z,4582.16,4586.185,4580.745,4586.035,
2026-08-21T14:41:00Z,4586.035,4587.545,4583.055,4587.01,
2026-08-21T14:42:00Z,4587.01,4587.31,4581.12,4584.555,
2026-08-21T14:43:00Z,4584.555,4589.78,4584.33,4588.455,
2026-08-21T14:44:00Z,4588.455,4589.61,4580.81,4582.55,
2026-08-21T14:45:00Z,4582.55,4584.78,4580.82,4584.72,
2026-08-21T14:46:00Z,4584.72,4587.555,4583.975,4585.15,
2026-08-21T14:47:00Z,4585.15,4586.73,4583.79,4586.465,
2026-08-21T14:48:00Z,4586.465,4589.815,4586.465,4588.805,
2026-08-21T14:49:00Z,4588.805,4591.965,4588.805,4591.67,
2026-08-21T14:50:00Z,4591.67,4595.065,4591.465,4594.405,
2026-08-21T14:51:00Z,4594.405,4595.3,4592.55,4592.66,
2026-08-21T14:52:00Z,4592.66,4592.68,4589.63,4589.85,
2026-08-21T14:53:00Z,4589.85,4591.66,4589.16,4590.415,
2026-08-21T14:54:00Z,4590.415,4591.005,4588.69,4589.705,
2026-08-21T14:55:00Z,4589.705,4589.73,4584.445,4585.985,
2026-08-21T14:56:00Z,4585.985,4589.44,4585.655,4589.41,
2026-08-21T14:57:00Z,4589.41,4591.435,4587.93,4590.985,
2026-08-21T14:58:00Z,4590.985,4592.43,4590.085,4592.37,
2026-08-21T14:59:00Z,4592.37,4592.55,4590.8,4591.71,
2026-08-21T15:00:00Z,4591.71,4592.095,4587.64,4588.79,
2026-08-21T15:01:00Z,4588.79,4591.06,4587.47,4588.71,
2026-08-21T15:02:00Z,4588.71,4592.35,4588.64,4591.315,
2026-08-21T15:03:00Z,4591.315,4593.775,4590.51,4593.45,
2026-08-21T15:04:00Z,4593.45,4594.465,4592.695,4593.465,
2026-08-21T15:05:00Z,4593.465,4595.565,4592.26,4595.06,
2026-08-21T15:06:00Z,4595.06,4596.135,4593.305,4595.585,
2026-08-21T15:07:00Z,4595.585,4597.335,4595.38,4597.095,
2026-08-21T15:08:00Z,4597.095,4598.27,4596.1,4596.42,
2026-08-21T15:09:00Z,4596.42,4596.895,4593.5,4594.08,
2026-08-21T15:10:00Z,4594.08,4597.86,4593.93,4597.56,
2026-08-21T15:11:00Z,4597.56,4597.94,4594.53,4595.455,
2026-08-21T15:12:00Z,4595.455,4596.605,4595.125,4595.135,
2026-08-21T15:13:00Z,4595.135,4596.435,4594.45,4595.915,
2026-08-21T15:14:00Z,4595.915,4596.19,4594.43,4595.34,
2026-08-21T15:15:00Z,4595.34,4598.16,4595.21,4597.88,
2026-08-21T15:16:00Z,4597.88,4599.325,4596.63,4596.69,
2026-08-21T15:17:00Z,4596.69,4597.705,4596.63,4596.93,
2026-08-21T15:18:00Z,4596.93,4598.605,4596.635,4597.635,
2026-08-21T15:19:00Z,4597.635,4598.68,4596.265,4597.715,
2026-08-21T15:20:00Z,4597.715,4598.14,4595.415,4597.03,
2026-08-21T15:21:00Z,4597.03,4598.56,4596.285,4597.12,
2026-08-21T15:22:00Z,4597.12,4600.735,4596.75,4598.83,
2026-08-21T15:23:00Z,4598.83,4601.245,4598.8,4600.87,
2026-08-21T15:24:00Z,4600.87,4602.75,4600.605,4602.57,
2026-08-21T15:25:00Z,4602.57,4607.67,4600.905,4601.53,
2026-08-21T15:26:00Z,4601.53,4602.84,4600.205,4600.685,
2026-08-21T15:27:00Z,4600.685,4602.46,4600.355,4602.015,
2026-08-21T15:28:00Z,4602.015,4606.1,4601.88,4605.275,
2026-08-21T15:29:00Z,4605.275,4605.275,4602.82,4603.04,
2026-08-21T15:30:00Z,4603.04,4603.955,4599.75,4601.25,
2026-08-21T15:31:00Z,4601.25,4601.87,4599.85,4600.28,
2026-08-21T15:32:00Z,4600.28,4602.475,4600.28,4602.285,
2026-08-21T15:33:00Z,4602.285,4605.73,4601.78,4605.175,
2026-08-21T15:34:00Z,4605.175,4606.235,4604.885,4606.175,
2026-08-21T15:35:00Z,4606.175,4608.02,4605.94,4607.555,
2026-08-21T15:36:00Z,4607.555,4608.39,4606.515,4606.645,
2026-08-21T15:37:00Z,4606.645,4608.45,4606.17,4606.335,
2026-08-21T15:38:00Z,4606.335,4607.12,4605.275,4606.66,
2026-08-21T15:39:00Z,4606.66,4608.2,4606.64,4606.91,
2026-08-21T15:40:00Z,4606.91,4607.595,4605.77,4607.585,
2026-08-21T15:41:00Z,4607.585,4608.83,4606.815,4608.525,
2026-08-21T15:42:00Z,4608.525,4610.49,4608.27,4609.44,
2026-08-21T15:43:00Z,4609.44,4610.325,4608.015,4610.04,
2026-08-21T15:44:00Z,4610.04,4610.645,4608.955,4609.71,
2026-08-21T15:45:00Z,4609.71,4611.065,4609.565,4610.045,
2026-08-21T15:46:00Z,4610.045,4610.685,4609.655,4609.83,
2026-08-21T15:47:00Z,4609.83,4610.495,4608.88,4609.265,
2026-08-21T15:48:00Z,4609.265,4609.605,4608.02,4608.22,
2026-08-21T15:49:00Z,4608.22,4608.39,4607.175,4607.94,
2026-08-21T15:50:00Z,4607.94,4609.755,4607.51,4608.37,
2026-08-21T15:51:00Z,4608.37,4611.51,4607.665,4610.375,
2026-08-21T15:52:00Z,4610.375,4612.675,4610.375,4612.45,
2026-08-21T15:53:00Z,4612.45,4615.07,4612.42,4614.415,
2026-08-21T15:54:00Z,4614.415,4615.175,4613.505,4614.02,
2026-08-21T15:55:00Z,4614.02,4614.71,4613.105,4614.535,
2026-08-21T15:56:00Z,4614.535,4614.91,4612.65,4614.845,
2026-08-21T15:57:00Z,4614.845,4615.34,4612.48,4612.7,
2026-08-21T15:58:00Z,4612.7,4613.08,4611.14,4613.08,
2026-08-21T15:59:00Z,4613.08,4614.715,4612.765,4614.655,
2026-08-21T16:00:00Z,4614.655,4615.7,4613.375,4613.495,
2026-08-21T16:01:00Z,4613.495,4616.435,4613.12,4614.075,
2026-08-21T16:02:00Z,4614.075,4615.66,4613.895,4615.295,
2026-08-21T16:03:00Z,4615.295,4617.845,4615.24,4617.33,
2026-08-21T16:04:00Z,4617.33,4617.495,4616.47,4617.21,
2026-08-21T16:05:00Z,4617.21,4617.375,4615.22,4615.65,
2026-08-21T16:06:00Z,4615.65,4615.72,4613.74,4614.55,
2026-08-21T16:07:00Z,4614.55,4616.925,4613.59,4615.18,
2026-08-21T16:08:00Z,4615.18,4615.84,4610.32,4610.385,
2026-08-21T16:09:00Z,4610.385,4611.06,4609.265,4610.31,
2026-08-21T16:10:00Z,4610.31,4614.265,4610.31,4613.8,
2026-08-21T16:11:00Z,4613.8,4613.8,4611.79,4612.67,
2026-08-21T16:12:00Z,4612.67,4614.735,4612.01,4613.94,
2026-08-21T16:13:00Z,4613.94,4615.93,4613.645,4615.625,
2026-08-21T16:14:00Z,4615.625,4615.68,4614.62,4614.62,
2026-08-21T16:15:00Z,4614.62,4615.2,4614.02,4614.84,
2026-08-21T16:16:00Z,4614.84,4616.1,4614.84,4615.995,
2026-08-21T16:17:00Z,4615.995,4616.14,4614.94,4615.22,
2026-08-21T16:18:00Z,4615.22,4616.135,4614.42,4614.715,
2026-08-21T16:19:00Z,4614.715,4615.51,4614.215,4614.215,
2026-08-21T16:20:00Z,4614.215,4614.225,4611.6,4611.89,
2026-08-21T16:21:00Z,4611.89,4620.62,4611.545,4613.7,
2026-08-21T16:22:00Z,4613.7,4615.755,4613.7,4614.025,
2026-08-21T16:23:00Z,4614.025,4614.62,4612.19,4614.42,
2026-08-21T16:24:00Z,4614.42,4614.435,4612.975,4613.065,
2026-08-21T16:25:00Z,4613.065,4614.34,4612.415,4613.11,
2026-08-21T16:26:00Z,4613.11,4613.11,4610.715,4611.64,
2026-08-21T16:27:00Z,4611.64,4612.61,4610.74,4612.59,
2026-08-21T16:28:00Z,4612.59,4613.99,4612.59,4613.62,
2026-08-21T16:29:00Z,4613.62,4614.62,4613.415,4614.16,
2026-08-21T16:30:00Z,4614.16,4614.86,4613.37,4614.585,
2026-08-21T16:31:00Z,4614.585,4614.73,4612.565,4612.6,
2026-08-21T16:32:00Z,4612.6,4616.055,4612.37,4615.845,
2026-08-21T16:33:00Z,4615.845,4616.05,4614.445,4615.195,
2026-08-21T16:34:00Z,4615.195,4616.345,4615.03,4615.745,
2026-08-21T16:35:00Z,4615.745,4615.85,4614.67,4615.425,
2026-08-21T16:36:00Z,4615.425,4616.43,4614.985,4615.315,
2026-08-21T16:37:00Z,4615.315,4617.1,4615.195,4617.0,
2026-08-21T16:38:00Z,4617.0,4619.885,4616.725,4619.71,
2026-08-21T16:39:00Z,4619.71,4621.165,4618.64,4619.375,
2026-08-21T16:40:00Z,4619.375,4619.68,4617.885,4617.98,
2026-08-21T16:41:00Z,4617.98,4619.35,4617.4,4619.235,
2026-08-21T16:42:00Z,4619.235,4620.97,4618.95,4619.86,
2026-08-21T16:43:00Z,4619.86,4622.05,4619.83,4621.55,
2026-08-21T16:44:00Z,4621.55,4622.12,4620.585,4621.555,
2026-08-21T16:45:00Z,4621.555,4622.325,4621.195,4622.315,
2026-08-21T16:46:00Z,4622.315,4622.675,4621.73,4622.39,
2026-08-21T16:47:00Z,4622.39,4624.445,4621.905,4624.335,
2026-08-21T16:48:00Z,4624.335,4624.925,4623.805,4623.93,
2026-08-21T16:49:00Z,4623.93,4624.88,4623.75,4624.08,
2026-08-21T16:50:00Z,4624.08,4625.13,4623.97,4624.645,
2026-08-21T16:51:00Z,4624.645,4626.755,4624.265,4625.765,
2026-08-21T16:52:00Z,4625.765,4625.805,4624.345,4625.39,
2026-08-21T16:53:00Z,4625.39,4626.985,4625.305,4626.975,
2026-08-21T16:54:00Z,4626.975,4627.59,4626.485,4627.59,
2026-08-21T16:55:00Z,4627.59,4627.705,4626.825,4627.41,
2026-08-21T16:56:00Z,4627.41,4627.665,4626.08,4626.895,
2026-08-21T16:57:00Z,4626.895,4627.965,4626.785,4627.645,
2026-08-21T16:58:00Z,4627.645,4628.775,4627.63,4628.49,
2026-08-21T16:59:00Z,4628.49,4629.18,4627.95,4628.94,
2026-08-21T17:00:00Z,4628.94,4629.265,4627.46,4627.85,
2026-08-21T17:01:00Z,4627.85,4628.285,4627.02,4628.275,
2026-08-21T17:02:00Z,4628.275,4629.95,4628.145,4629.48,
2026-08-21T17:03:00Z,4629.48,4631.075,4628.865,4629.195,
2026-08-21T17:04:00Z,4629.195,4630.555,4627.155,4627.695,
2026-08-21T17:05:00Z,4627.695,4629.235,4626.255,4627.18,
2026-08-21T17:06:00Z,4627.18,4629.075,4627.05,4627.6,
2026-08-21T17:07:00Z,4627.6,4630.22,4627.36,4629.735,
2026-08-21T17:08:00Z,4629.735,4631.885,4629.715,4631.605,
2026-08-21T17:09:00Z,4631.605,4632.25,4630.29,4630.83,
2026-08-21T17:10:00Z,4630.83,4631.77,4629.595,4629.745,
2026-08-21T17:11:00Z,4629.745,4631.51,4628.835,4629.405,
2026-08-21T17:12:00Z,4629.405,4629.405,4625.48,4625.71,
2026-08-21T17:13:00Z,4625.71,4625.71,4621.845,4622.945,
2026-08-21T17:14:00Z,4622.945,4624.44,4622.21,4623.32,
2026-08-21T17:15:00Z,4623.32,4624.35,4622.635,4623.365,
2026-08-21T17:16:00Z,4623.365,4624.08,4622.23,4623.905,
2026-08-21T17:17:00Z,4623.905,4625.125,4622.18,4622.905,
2026-08-21T17:18:00Z,4622.905,4625.99,4622.765,4624.62,
2026-08-21T17:19:00Z,4624.62,4625.275,4622.695,4623.335,
2026-08-21T17:20:00Z,4623.335,4623.335,4622.05,4622.41,
2026-08-21T17:21:00Z,4622.41,4624.58,4621.995,4623.445,
2026-08-21T17:22:00Z,4623.445,4623.535,4619.39,4620.5,
2026-08-21T17:23:00Z,4620.5,4620.6,4615.535,4615.64,
2026-08-21T17:24:00Z,4615.64,4618.97,4615.49,4618.365,
2026-08-21T17:25:00Z,4618.365,4619.045,4616.975,4617.755,
2026-08-21T17:26:00Z,4617.755,4617.925,4615.625,4617.66,
2026-08-21T17:27:00Z,4617.66,4619.375,4617.24,4619.375,
2026-08-21T17:28:00Z,4619.375,4624.53,4619.35,4621.905,
2026-08-21T17:29:00Z,4621.905,4623.52,4621.575,4622.285,
2026-08-21T17:30:00Z,4622.285,4622.47,4619.725,4620.205,
2026-08-21T17:31:00Z,4620.205,4621.685,4619.98,4621.345,
2026-08-21T17:32:00Z,4621.345,4621.6,4619.755,4620.2,
2026-08-21T17:33:00Z,4620.2,4621.17,4619.78,4620.88,
2026-08-21T17:34:00Z,4620.88,4621.15,4620.125,4620.81,
2026-08-21T17:35:00Z,4620.81,4623.84,4620.735,4623.725,
2026-08-21T17:36:00Z,4623.725,4624.515,4623.05,4623.755,
2026-08-21T17:37:00Z,4623.755,4624.79,4623.64,4623.995,
2026-08-21T17:38:00Z,4623.995,4624.18,4623.275,4623.885,
2026-08-21T17:39:00Z,4623.885,4623.965,4622.6,4622.855,
2026-08-21T17:40:00Z,4622.855,4623.95,4622.7,4623.4,
2026-08-21T17:41:00Z,4623.4,4624.655,4622.675,4624.18,
2026-08-21T17:42:00Z,4624.18,4624.605,4622.44,4623.075,
2026-08-21T17:43:00Z,4623.075,4623.29,4622.22,4623.24,
2026-08-21T17:44:00Z,4623.24,4623.27,4618.9,4619.55,
2026-08-21T17:45:00Z,4619.55,4619.69,4617.31,4618.195,
2026-08-21T17:46:00Z,4618.195,4618.525,4617.05,4617.965,
2026-08-21T17:47:00Z,4617.965,4618.915,4617.49,4617.77,
2026-08-21T17:48:00Z,4617.77,4619.105,4617.51,4618.25,
2026-08-21T17:49:00Z,4618.25,4619.83,4618.1,4618.805,
2026-08-21T17:50:00Z,4618.805,4620.485,4618.165,4620.045,
2026-08-21T17:51:00Z,4620.045,4620.66,4618.245,4619.795,
2026-08-21T17:52:00Z,4619.795,4619.895,4619.27,4619.4,
2026-08-21T17:53:00Z,4619.4,4620.455,4619.05,4619.99,
2026-08-21T17:54:00Z,4619.99,4622.475,4619.545,4619.68,
2026-08-21T17:55:00Z,4619.68,4620.405,4619.43,4620.325,
2026-08-21T17:56:00Z,4620.325,4620.86,4620.11,4620.29,
2026-08-21T17:57:00Z,4620.29,4621.595,4619.995,4621.585,
2026-08-21T17:58:00Z,4621.585,4621.605,4620.35,4620.49,
2026-08-21T17:59:00Z,4620.49,4620.89,4620.18,4620.545,
2026-08-21T18:00:00Z,4620.545,4622.475,4620.385,4622.465,
2026-08-21T18:01:00Z,4622.465,4623.075,4622.055,4622.185,
2026-08-21T18:02:00Z,4622.185,4624.765,4622.08,4624.645,
2026-08-21T18:03:00Z,4624.645,4626.01,4624.635,4625.91,
2026-08-21T18:04:00Z,4625.91,4626.265,4625.885,4626.225,
2026-08-21T18:05:00Z,4626.225,4626.32,4624.745,4625.1,
2026-08-21T18:06:00Z,4625.1,4625.685,4624.395,4625.165,
2026-08-21T18:07:00Z,4625.165,4626.32,4624.83,4625.93,
2026-08-21T18:08:00Z,4625.93,4627.745,4625.91,4627.035,
2026-08-21T18:09:00Z,4627.035,4627.035,4625.815,4625.925,
2026-08-21T18:10:00Z,4625.925,4626.27,4624.86,4624.86,
2026-08-21T18:11:00Z,4624.86,4624.86,4623.21,4624.345,
2026-08-21T18:12:00Z,4624.345,4624.79,4623.575,4624.23,
2026-08-21T18:13:00Z,4624.23,4624.545,4623.995,4624.515,
2026-08-21T18:14:00Z,4624.515,4624.94,4624.0,4624.17,
2026-08-21T18:15:00Z,4624.17,4625.5,4624.13,4625.49,
2026-08-21T18:16:00Z,4625.49,4625.74,4624.685,4625.385,
2026-08-21T18:17:00Z,4625.385,4625.71,4625.125,4625.395,
2026-08-21T18:18:00Z,4625.395,4626.355,4625.23,4626.25,
2026-08-21T18:19:00Z,4626.25,4627.015,4626.075,4626.775,
2026-08-21T18:20:00Z,4626.775,4627.7,4626.52,4626.915,
2026-08-21T18:21:00Z,4626.915,4626.915,4626.07,4626.21,
2026-08-21T18:22:00Z,4626.21,4626.25,4625.57,4626.17,
2026-08-21T18:23:00Z,4626.17,4626.63,4626.03,4626.58,
2026-08-21T18:24:00Z,4626.58,4626.58,4625.68,4626.51,
2026-08-21T18:25:00Z,4626.51,4627.815,4626.51,4627.01,
2026-08-21T18:26:00Z,4627.01,4627.235,4626.095,4626.335,
2026-08-21T18:27:00Z,4626.335,4626.395,4625.425,4625.425,
2026-08-21T18:28:00Z,4625.425,4625.82,4625.055,4625.1,
2026-08-21T18:29:00Z,4625.1,4625.5,4624.585,4625.235,
2026-08-21T18:30:00Z,4625.235,4625.25,4621.41,4621.565,
2026-08-21T18:31:00Z,4621.565,4621.77,4620.3,4621.47,
2026-08-21T18:32:00Z,4621.47,4621.635,4619.845,4620.685,
2026-08-21T18:33:00Z,4620.685,4621.585,4620.585,4621.55,
2026-08-21T18:34:00Z,4621.55,4622.485,4621.315,4622.27,
2026-08-21T18:35:00Z,4622.27,4623.005,4620.96,4621.445,
2026-08-21T18:36:00Z,4621.445,4622.92,4621.355,4622.755,
2026-08-21T18:37:00Z,4622.755,4623.07,4621.475,4622.01,
2026-08-21T18:38:00Z,4622.01,4622.725,4619.65,4619.67,
2026-08-21T18:39:00Z,4619.67,4620.14,4619.62,4619.865,
2026-08-21T18:40:00Z,4619.865,4621.09,4619.84,4620.49,
2026-08-21T18:41:00Z,4620.49,4621.26,4620.345,4620.995,
2026-08-21T18:42:00Z,4620.995,4621.11,4620.235,4621.01,
2026-08-21T18:43:00Z,4621.01,4621.33,4620.34,4621.33,
2026-08-21T18:44:00Z,4621.33,4621.51,4620.21,4620.91,
2026-08-21T18:45:00Z,4620.91,4623.03,4620.84,4622.195,
2026-08-21T18:46:00Z,4622.195,4623.17,4622.18,4622.99,
2026-08-21T18:47:00Z,4622.99,4623.64,4622.84,4623.245,
2026-08-21T18:48:00Z,4623.245,4625.9,4623.035,4624.52,
2026-08-21T18:49:00Z,4624.52,4625.125,4624.205,4624.65,
2026-08-21T18:50:00Z,4624.65,4625.1,4624.25,4624.56,
2026-08-21T18:51:00Z,4624.56,4624.69,4622.935,4622.935,
2026-08-21T18:52:00Z,4622.935,4624.29,4622.935,4624.29,
2026-08-21T18:53:00Z,4624.29,4624.75,4624.12,4624.74,
2026-08-21T18:54:00Z,4624.74,4625.085,4624.705,4624.94,
2026-08-21T18:55:00Z,4624.94,4624.94,4623.815,4624.15,
2026-08-21T18:56:00Z,4624.15,4624.385,4623.33,4623.985,
2026-08-21T18:57:00Z,4623.985,4624.23,4623.615,4624.155,
2026-08-21T18:58:00Z,4624.155,4624.66,4623.775,4624.33,
2026-08-21T18:59:00Z,4624.33,4624.48,4623.48,4624.48,
2026-08-21T19:00:00Z,4624.48,4625.65,4623.905,4624.025,
2026-08-21T19:01:00Z,4624.025,4624.125,4622.505,4622.68,
2026-08-21T19:02:00Z,4622.68,4624.375,4621.795,4624.275,
2026-08-21T19:03:00Z,4624.275,4625.23,4623.13,4623.16,
2026-08-21T19:04:00Z,4623.16,4623.16,4621.515,4622.14,
2026-08-21T19:05:00Z,4622.14,4622.235,4618.635,4619.995,
2026-08-21T19:06:00Z,4619.995,4620.95,4619.995,4620.58,
2026-08-21T19:07:00Z,4620.58,4622.275,4620.265,4622.225,
2026-08-21T19:08:00Z,4622.225,4622.265,4621.255,4621.43,
2026-08-21T19:09:00Z,4621.43,4621.845,4621.07,4621.35,
2026-08-21T19:10:00Z,4621.35,4621.65,4620.96,4621.63,
2026-08-21T19:11:00Z,4621.63,4621.93,4620.63,4621.48,
2026-08-21T19:12:00Z,4621.48,4622.46,4621.145,4622.43,
2026-08-21T19:13:00Z,4622.43,4623.5,4622.22,4623.23,
2026-08-21T19:14:00Z,4623.23,4623.475,4622.655,4622.825,
2026-08-21T19:15:00Z,4622.825,4622.825,4621.615,4621.72,
2026-08-21T19:16:00Z,4621.72,4621.995,4620.245,4620.29,
2026-08-21T19:17:00Z,4620.29,4621.685,4620.23,4621.68,
2026-08-21T19:18:00Z,4621.68,4622.385,4621.11,4622.115,
2026-08-21T19:19:00Z,4622.115,4622.715,4621.95,4622.6,
2026-08-21T19:20:00Z,4622.6,4623.015,4622.21,4622.53,
2026-08-21T19:21:00Z,4622.53,4623.23,4622.15,4622.2,
2026-08-21T19:22:00Z,4622.2,4623.435,4622.025,4622.48,
2026-08-21T19:23:00Z,4622.48,4623.31,4622.17,4622.84,
2026-08-21T19:24:00Z,4622.84,4623.03,4622.24,4622.395,
2026-08-21T19:25:00Z,4622.395,4623.02,4622.155,4622.41,
2026-08-21T19:26:00Z,4622.41,4622.865,4621.755,4622.25,
2026-08-21T19:27:00Z,4622.25,4622.29,4621.285,4621.55,
2026-08-21T19:28:00Z,4621.55,4621.57,4618.44,4618.52,
2026-08-21T19:29:00Z,4618.52,4619.145,4618.025,4618.15,
2026-08-21T19:30:00Z,4618.15,4619.58,4618.15,4618.97,
2026-08-21T19:31:00Z,4618.97,4619.785,4618.095,4618.23,
2026-08-21T19:32:00Z,4618.23,4618.985,4618.16,4618.435,
2026-08-21T19:33:00Z,4618.435,4619.26,4617.65,4617.84,
2026-08-21T19:34:00Z,4617.84,4618.17,4616.8,4617.095,
2026-08-21T19:35:00Z,4617.095,4617.515,4615.89,4616.775,
2026-08-21T19:36:00Z,4616.775,4617.28,4616.07,4616.41,
2026-08-21T19:37:00Z,4616.41,4617.475,4616.41,4617.435,
2026-08-21T19:38:00Z,4617.435,4618.465,4616.99,4617.005,
2026-08-21T19:39:00Z,4617.005,4618.04,4615.81,4618.02,
2026-08-21T19:40:00Z,4618.02,4619.695,4617.99,4619.155,
2026-08-21T19:41:00Z,4619.155,4619.6,4618.36,4619.33,
2026-08-21T19:42:00Z,4619.33,4619.34,4618.48,4618.88,
2026-08-21T19:43:00Z,4618.88,4619.57,4618.605,4619.38,
2026-08-21T19:44:00Z,4619.38,4619.38,4617.92,4618.155,
2026-08-21T19:45:00Z,4618.155,4618.655,4617.44,4618.595,
2026-08-21T19:46:00Z,4618.595,4619.525,4618.115,4618.13,
2026-08-21T19:47:00Z,4618.13,4621.09,4617.86,4621.09,
2026-08-21T19:48:00Z,4621.09,4622.545,4621.09,4621.775,
2026-08-21T19:49:00Z,4621.775,4623.27,4621.63,4622.91,
2026-08-21T19:50:00Z,4622.91,4623.215,4621.34,4621.845,
2026-08-21T19:51:00Z,4621.845,4622.705,4621.605,4622.21,
2026-08-21T19:52:00Z,4622.21,4623.11,4622.15,4622.94,
2026-08-21T19:53:00Z,4622.94,4623.83,4622.415,4622.5,
2026-08-21T19:54:00Z,4622.5,4622.99,4621.73,4622.99,
2026-08-21T19:55:00Z,4622.99,4622.99,4619.12,4621.14,
2026-08-21T19:56:00Z,4621.14,4621.45,4619.475,4619.615,
2026-08-21T19:57:00Z,4619.615,4619.635,4618.05,4618.685,
2026-08-21T19:58:00Z,4618.685,4619.335,4617.64,4617.64,
2026-08-21T19:59:00Z,4617.64,4617.925,4615.685,4617.07,
2026-08-21T20:00:00Z,4617.07,4617.325,4615.355,4615.4,
2026-08-21T20:01:00Z,4615.4,4616.305,4615.14,4615.99,
2026-08-21T20:02:00Z,4615.99,4617.285,4615.25,4616.23,
2026-08-21T20:03:00Z,4616.23,4617.46,4615.975,4617.28,
2026-08-21T20:04:00Z,4617.28,4617.43,4617.065,4617.42,
2026-08-21T20:05:00Z,4617.42,4617.555,4616.8,4617.19,
2026-08-21T20:06:00Z,4617.19,4617.73,4616.75,4617.215,
2026-08-21T20:07:00Z,4617.215,4617.245,4616.52,4616.675,
2026-08-21T20:08:00Z,4616.675,4617.125,4615.71,4616.885,
2026-08-21T20:09:00Z,4616.885,4617.005,4616.265,4616.57,
2026-08-21T20:10:00Z,4616.57,4616.985,4615.9,4616.78,
2026-08-21T20:11:00Z,4616.78,4616.97,4616.54,4616.625,
2026-08-21T20:12:00Z,4616.625,4616.975,4616.195,4616.945,
2026-08-21T20:13:00Z,4616.945,4617.69,4616.74,4616.74,
2026-08-21T20:14:00Z,4616.74,4617.16,4616.64,4616.91,
2026-08-21T20:15:00Z,4616.91,4617.68,4616.295,4616.295,
2026-08-21T20:16:00Z,4616.295,4616.63,4614.945,4614.955,
2026-08-21T20:17:00Z,4614.955,4615.155,4614.445,4614.66,
2026-08-21T20:18:00Z,4614.66,4614.98,4612.835,4612.945,
2026-08-21T20:19:00Z,4612.945,4613.05,4611.46,4612.845,
2026-08-21T20:20:00Z,4612.845,4613.44,4611.675,4611.675,
2026-08-21T20:21:00Z,4611.675,4613.62,4611.675,4612.6,
2026-08-21T20:22:00Z,4612.6,4612.775,4611.425,4611.78,
2026-08-21T20:23:00Z,4611.78,4612.535,4610.67,4610.825,
2026-08-21T20:24:00Z,4610.825,4611.35,4610.405,4611.06,
2026-08-21T20:25:00Z,4611.06,4611.295,4610.645,4610.77,
2026-08-21T20:26:00Z,4610.77,4611.595,4610.545,4611.185,
2026-08-21T20:27:00Z,4611.185,4611.19,4610.29,4610.895,
2026-08-21T20:28:00Z,4610.895,4611.915,4610.735,4611.07,
2026-08-21T20:29:00Z,4611.07,4611.415,4610.88,4610.96,
2026-08-21T20:30:00Z,4610.96,4612.04,4610.155,4612.035,
2026-08-21T20:31:00Z,4612.035,4612.06,4610.69,4610.925,
2026-08-21T20:32:00Z,4610.925,4610.925,4610.24,4610.445,
2026-08-21T20:33:00Z,4610.445,4610.9,4610.1,4610.78,
2026-08-21T20:34:00Z,4610.78,4610.995,4610.415,4610.605,
2026-08-21T20:35:00Z,4610.605,4610.635,4609.955,4610.07,
2026-08-21T20:36:00Z,4610.07,4611.64,4610.05,4611.1,
2026-08-21T20:37:00Z,4611.1,4611.755,4610.155,4610.155,
2026-08-21T20:38:00Z,4610.155,4610.155,4607.635,4608.065,
2026-08-21T20:39:00Z,4608.065,4608.885,4607.725,4608.415,
2026-08-21T20:40:00Z,4608.415,4609.56,4607.94,4609.365,
2026-08-21T20:41:00Z,4609.365,4609.845,4608.755,4609.255,
2026-08-21T20:42:00Z,4609.255,4609.535,4608.355,4608.365,
2026-08-21T20:43:00Z,4608.365,4608.73,4607.915,4608.115,
2026-08-21T20:44:00Z,4608.115,4608.375,4607.955,4608.055,
2026-08-21T20:45:00Z,4608.055,4608.67,4607.75,4608.345,
2026-08-21T20:46:00Z,4608.345,4608.725,4607.545,4607.93,
2026-08-21T20:47:00Z,4607.93,4608.215,4606.595,4607.205,
2026-08-21T20:48:00Z,4607.205,4607.43,4603.32,4604.685,
2026-08-21T20:49:00Z,4604.685,4606.67,4604.555,4606.38,
2026-08-21T20:50:00Z,4606.38,4607.08,4605.37,4605.57,
2026-08-21T20:51:00Z,4605.57,4605.97,4603.735,4604.765,
2026-08-21T20:52:00Z,4604.765,4605.015,4603.645,4604.96,
2026-08-21T20:53:00Z,4604.96,4605.15,4604.265,4604.67,
2026-08-21T20:54:00Z,4604.67,4605.395,4604.195,4605.085,
2026-08-21T20:55:00Z,4605.085,4605.185,4603.855,4604.345,
2026-08-21T20:56:00Z,4604.345,4605.2,4603.145,4603.38,
2026-08-21T20:57:00Z,4603.38,4604.245,4602.78,4604.225,
2026-08-21T20:58:00Z,4604.225,4604.38,4603.01,4603.99,
2026-08-21T20:59:00Z,4603.99,4604.0,4603.005,4603.135,
2026-08-23T22:01:00Z,4603.135,4624.57,4603.135,4610.15,
2026-08-23T22:02:00Z,4610.15,4613.77,4607.735,4612.965,
2026-08-23T22:03:00Z,4612.965,4614.055,4611.645,4614.015,
2026-08-23T22:04:00Z,4614.015,4614.2,4609.395,4610.345,
2026-08-23T22:05:00Z,4610.345,4612.22,4609.075,4610.65,
2026-08-23T22:06:00Z,4610.65,4611.445,4608.725,4610.88,
2026-08-23T22:07:00Z,4610.88,4613.47,4610.63,4613.47,
2026-08-23T22:08:00Z,4613.47,4616.22,4613.265,4615.98,
2026-08-23T22:09:00Z,4615.98,4617.69,4614.725,4617.4,
2026-08-23T22:10:00Z,4617.4,4620.605,4616.51,4620.0,
2026-08-23T22:11:00Z,4620.0,4620.0,4616.68,4617.705,
2026-08-23T22:12:00Z,4617.705,4619.13,4616.57,4616.975,
2026-08-23T22:13:00Z,4616.975,4618.145,4616.115,4618.125,
2026-08-23T22:14:00Z,4618.125,4618.135,4615.815,4617.55,
2026-08-23T22:15:00Z,4617.55,4617.8,4615.85,4617.595,
2026-08-23T22:16:00Z,4617.595,4618.185,4617.035,4617.035,
2026-08-23T22:17:00Z,4617.035,4617.105,4612.985,4613.85,
2026-08-23T22:18:00Z,4613.85,4615.055,4613.54,4614.94,
2026-08-23T22:19:00Z,4614.94,4618.435,4614.45,4618.435,
2026-08-23T22:20:00Z,4618.435,4620.78,4617.93,4620.78,
2026-08-23T22:21:00Z,4620.78,4620.995,4617.885,4617.895,
2026-08-23T22:22:00Z,4617.895,4618.625,4616.67,4616.785,
2026-08-23T22:23:00Z,4616.785,4617.27,4616.275,4617.02,
2026-08-23T22:24:00Z,4617.02,4617.485,4615.87,4617.355,
2026-08-23T22:25:00Z,4617.355,4617.465,4616.595,4616.79,
2026-08-23T22:26:00Z,4616.79,4616.79,4613.3,4613.38,
2026-08-23T22:27:00Z,4613.38,4615.9,4613.09,4615.9,
2026-08-23T22:28:00Z,4615.9,4615.9,4614.27,4614.36,
2026-08-23T22:29:00Z,4614.36,4614.735,4613.915,4614.2,
2026-08-23T22:30:00Z,4614.2,4617.11,4614.07,4616.25,
2026-08-23T22:31:00Z,4616.25,4616.25,4614.715,4614.975,
2026-08-23T22:32:00Z,4614.975,4616.335,4614.835,4616.175,
2026-08-23T22:33:00Z,4616.175,4616.175,4614.6,4615.575,
2026-08-23T22:34:00Z,4615.575,4617.045,4614.08,4614.73,
2026-08-23T22:35:00Z,4614.73,4615.635,4614.21,4614.49,
2026-08-23T22:36:00Z,4614.49,4616.895,4614.49,4615.525,
2026-08-23T22:37:00Z,4615.525,4616.17,4614.46,4614.725,
2026-08-23T22:38:00Z,4614.725,4614.725,4613.495,4613.615,
2026-08-23T22:39:00Z,4613.615,4614.015,4611.71,4611.71,
2026-08-23T22:40:00Z,4611.71,4611.795,4609.3,4609.65,
2026-08-23T22:41:00Z,4609.65,4609.71,4607.055,4607.205,
2026-08-23T22:42:00Z,4607.205,4612.295,4607.205,4612.1,
2026-08-23T22:43:00Z,4612.1,4612.1,4609.75,4610.295,
2026-08-23T22:44:00Z,4610.295,4611.0,4609.88,4611.0,
2026-08-23T22:45:00Z,4611.0,4611.125,4609.945,4610.485,
2026-08-23T22:46:00Z,4610.485,4610.605,4609.145,4609.96,
2026-08-23T22:47:00Z,4609.96,4610.435,4607.275,4610.175,
2026-08-23T22:48:00Z,4610.175,4610.715,4607.685,4608.75,
2026-08-23T22:49:00Z,4608.75,4609.87,4608.64,4608.69,
2026-08-23T22:50:00Z,4608.69,4609.14,4608.035,4608.69,
2026-08-23T22:51:00Z,4608.69,4608.87,4607.635,4607.84,
2026-08-23T22:52:00Z,4607.84,4608.02,4607.23,4607.715,
2026-08-23T22:53:00Z,4607.715,4608.305,4607.525,4607.565,
2026-08-23T22:54:00Z,4607.565,4608.125,4607.42,4607.615,
2026-08-23T22:55:00Z,4607.615,4607.935,4607.405,4607.48,
2026-08-23T22:56:00Z,4607.48,4607.885,4606.94,4607.535,
2026-08-23T22:57:00Z,4607.535,4607.67,4606.855,4607.025,
2026-08-23T22:58:00Z,4607.025,4607.05,4606.29,4606.43,
2026-08-23T22:59:00Z,4606.43,4606.785,4606.13,4606.255,
2026-08-23T23:00:00Z,4606.255,4606.89,4605.14,4606.33,
2026-08-23T23:01:00Z,4606.33,4606.655,4605.935,4606.355,
2026-08-23T23:02:00Z,4606.355,4609.21,4606.345,4608.355,
2026-08-23T23:03:00Z,4608.355,4609.0,4607.97,4608.41,
2026-08-23T23:04:00Z,4608.41,4608.81,4607.29,4607.555,
2026-08-23T23:05:00Z,4607.555,4607.565,4604.745,4606.355,
2026-08-23T23:06:00Z,4606.355,4607.52,4605.985,4607.315,
2026-08-23T23:07:00Z,4607.315,4607.725,4606.82,4607.18,
2026-08-23T23:08:00Z,4607.18,4607.79,4607.045,4607.34,
2026-08-23T23:09:00Z,4607.34,4607.89,4607.335,4607.81,
2026-08-23T23:10:00Z,4607.81,4608.72,4607.63,4607.755,
2026-08-23T23:11:00Z,4607.755,4608.57,4607.72,4608.34,
2026-08-23T23:12:00Z,4608.34,4609.4,4608.045,4608.115,
2026-08-23T23:13:00Z,4608.115,4608.94,4607.94,4608.925,
2026-08-23T23:14:00Z,4608.925,4608.94,4607.615,4607.62,
2026-08-23T23:15:00Z,4607.62,4608.175,4607.275,4607.315,
2026-08-23T23:16:00Z,4607.315,4608.175,4607.12,4608.175,
2026-08-23T23:17:00Z,4608.175,4608.19,4607.345,4608.095,
2026-08-23T23:18:00Z,4608.095,4608.19,4606.925,4607.135,
2026-08-23T23:19:00Z,4607.135,4607.68,4607.135,4607.565,
2026-08-23T23:20:00Z,4607.565,4608.39,4607.44,4608.39,
2026-08-23T23:21:00Z,4608.39,4611.375,4608.39,4611.345,
2026-08-23T23:22:00Z,4611.345,4612.81,4610.59,4612.785,
2026-08-23T23:23:00Z,4612.785,4612.985,4611.555,4612.535,
2026-08-23T23:24:00Z,4612.535,4613.255,4612.25,4613.005,
2026-08-23T23:25:00Z,4613.005,4613.74,4612.18,4613.635,
2026-08-23T23:26:00Z,4613.635,4616.18,4613.385,4615.395,
2026-08-23T23:27:00Z,4615.395,4615.815,4614.31,4614.855,
2026-08-23T23:28:00Z,4614.855,4615.0,4614.22,4614.965,
2026-08-23T23:29:00Z,4614.965,4615.725,4614.89,4615.245,
2026-08-23T23:30:00Z,4615.245,4617.04,4615.205,4617.02,
2026-08-23T23:31:00Z,4617.02,4618.065,4616.835,4617.665,
2026-08-23T23:32:00Z,4617.665,4617.805,4616.775,4617.07,
2026-08-23T23:33:00Z,4617.07,4617.07,4614.095,4614.245,
2026-08-23T23:34:00Z,4614.245,4618.65,4614.09,4618.17,
2026-08-23T23:35:00Z,4618.17,4619.075,4616.19,4616.19,
2026-08-23T23:36:00Z,4616.19,4619.32,4616.19,4618.375,
2026-08-23T23:37:00Z,4618.375,4618.375,4617.18,4617.18,
2026-08-23T23:38:00Z,4617.18,4617.895,4616.68,4617.515,
2026-08-23T23:39:00Z,4617.515,4618.675,4613.48,4613.5,
2026-08-23T23:40:00Z,4613.5,4614.545,4612.565,4612.775,
2026-08-23T23:41:00Z,4612.775,4612.775,4610.68,4610.725,
2026-08-23T23:42:00Z,4610.725,4611.025,4607.835,4608.86,
2026-08-23T23:43:00Z,4608.86,4608.86,4607.775,4608.33,
2026-08-23T23:44:00Z,4608.33,4610.495,4608.3,4608.445,
2026-08-23T23:45:00Z,4608.445,4610.98,4608.325,4609.135,
2026-08-23T23:46:00Z,4609.135,4609.975,4608.875,4609.045,
2026-08-23T23:47:00Z,4609.045,4612.045,4609.045,4611.355,
2026-08-23T23:48:00Z,4611.355,4614.21,4611.355,4612.48,
2026-08-23T23:49:00Z,4612.48,4615.225,4612.345,4615.225,
2026-08-23T23:50:00Z,4615.225,4617.855,4615.12,4617.14,
2026-08-23T23:51:00Z,4617.14,4618.15,4617.12,4617.78,
2026-08-23T23:52:00Z,4617.78,4619.145,4617.78,4618.75,
2026-08-23T23:53:00Z,4618.75,4619.495,4618.335,4619.115,
2026-08-23T23:54:00Z,4619.115,4622.635,4619.09,4622.615,
2026-08-23T23:55:00Z,4622.615,4623.585,4622.27,4623.43,
2026-08-23T23:56:00Z,4623.43,4624.73,4622.415,4624.645,
2026-08-23T23:57:00Z,4624.645,4624.735,4623.52,4624.375,
2026-08-23T23:58:00Z,4624.375,4624.605,4623.68,4623.735,
2026-08-23T23:59:00Z,4623.735,4624.66,4623.58,4624.285,
2026-08-24T00:00:00Z,4624.285,4625.66,4620.46,4620.995,
2026-08-24T00:01:00Z,4620.995,4623.64,4620.415,4621.03,
2026-08-24T00:02:00Z,4621.03,4623.905,4620.93,4623.905,
2026-08-24T00:03:00Z,4623.905,4625.9,4623.615,4625.235,
2026-08-24T00:04:00Z,4625.235,4628.01,4625.085,4627.175,
2026-08-24T00:05:00Z,4627.175,4636.96,4627.175,4631.325,
2026-08-24T00:06:00Z,4631.325,4635.675,4631.155,4634.335,
2026-08-24T00:07:00Z,4634.335,4639.0,4634.25,4638.855,
2026-08-24T00:08:00Z,4638.855,4639.25,4633.13,4634.31,
2026-08-24T00:09:00Z,4634.31,4636.625,4634.15,4635.12,
2026-08-24T00:10:00Z,4635.12,4637.395,4633.75,4637.395,
2026-08-24T00:11:00Z,4637.395,4639.105,4635.97,4638.735,
2026-08-24T00:12:00Z,4638.735,4640.44,4637.895,4639.97,
2026-08-24T00:13:00Z,4639.97,4640.235,4637.525,4638.96,
2026-08-24T00:14:00Z,4638.96,4640.925,4637.5,4637.55,
2026-08-24T00:15:00Z,4637.55,4640.21,4636.76,4639.88,
2026-08-24T00:16:00Z,4639.88,4640.595,4634.045,4634.575,
2026-08-24T00:17:00Z,4634.575,4634.575,4631.135,4631.505,
2026-08-24T00:18:00Z,4631.505,4632.7,4628.9,4629.51,
2026-08-24T00:19:00Z,4629.51,4630.57,4628.63,4629.435,
2026-08-24T00:20:00Z,4629.435,4630.14,4626.205,4626.205,
2026-08-24T00:21:00Z,4626.205,4626.52,4617.29,4618.8,
2026-08-24T00:22:00Z,4618.8,4621.14,4618.255,4618.855,
2026-08-24T00:23:00Z,4618.855,4622.265,4618.125,4620.675,
2026-08-24T00:24:00Z,4620.675,4620.765,4611.99,4612.56,
2026-08-24T00:25:00Z,4612.56,4612.81,4604.385,4609.72,
2026-08-24T00:26:00Z,4609.72,4611.7,4596.405,4596.99,
2026-08-24T00:27:00Z,4596.99,4601.84,4594.95,4601.76,
2026-08-24T00:28:00Z,4601.76,4605.145,4601.34,4604.69,
2026-08-24T00:29:00Z,4604.69,4605.805,4602.32,4604.92,
2026-08-24T00:30:00Z,4604.92,4606.58,4603.115,4605.22,
2026-08-24T00:31:00Z,4605.22,4608.82,4603.95,4607.165,
2026-08-24T00:32:00Z,4607.165,4608.22,4606.545,4607.745,
2026-08-24T00:33:00Z,4607.745,4608.86,4607.42,4607.55,
2026-08-24T00:34:00Z,4607.55,4608.76,4603.115,4603.115,
2026-08-24T00:35:00Z,4603.115,4608.115,4601.385,4608.105,
2026-08-24T00:36:00Z,4608.105,4608.745,4605.615,4606.615,
2026-08-24T00:37:00Z,4606.615,4607.22,4602.56,4603.79,
2026-08-24T00:38:00Z,4603.79,4608.96,4602.18,4602.95,
2026-08-24T00:39:00Z,4602.95,4603.19,4601.235,4601.46,
2026-08-24T00:40:00Z,4601.46,4605.73,4601.21,4605.12,
2026-08-24T00:41:00Z,4605.12,4607.76,4605.12,4605.81,
2026-08-24T00:42:00Z,4605.81,4606.6,4605.25,4606.425,
2026-08-24T00:43:00Z,4606.425,4607.41,4606.1,4606.53,
2026-08-24T00:44:00Z,4606.53,4607.805,4604.85,4607.19,
2026-08-24T00:45:00Z,4607.19,4607.34,4604.58,4605.215,
2026-08-24T00:46:00Z,4605.215,4607.065,4604.01,4606.685,
2026-08-24T00:47:00Z,4606.685,4610.835,4605.915,4610.535,
2026-08-24T00:48:00Z,4610.535,4615.62,4610.115,4612.955,
2026-08-24T00:49:00Z,4612.955,4614.625,4611.38,4614.445,
2026-08-24T00:50:00Z,4614.445,4614.755,4613.16,4614.26,
2026-08-24T00:51:00Z,4614.26,4614.31,4611.64,4612.915,
2026-08-24T00:52:00Z,4612.915,4615.565,4612.4,4614.865,
2026-08-24T00:53:00Z,4614.865,4616.775,4614.835,4616.565,
2026-08-24T00:54:00Z,4616.565,4617.47,4616.27,4617.175,
2026-08-24T00:55:00Z,4617.175,4618.69,4616.73,4616.98,
2026-08-24T00:56:00Z,4616.98,4619.26,4616.355,4618.495,
2026-08-24T00:57:00Z,4618.495,4618.76,4617.025,4617.105,
2026-08-24T00:58:00Z,4617.105,4617.92,4616.07,4617.72,
2026-08-24T00:59:00Z,4617.72,4623.455,4617.72,4621.92,
2026-08-24T01:00:00Z,4621.92,4629.13,4620.37,4628.97,
2026-08-24T01:01:00Z,4628.97,4635.3,4628.575,4631.81,
2026-08-24T01:02:00Z,4631.81,4631.81,4621.08,4621.08,
2026-08-24T01:03:00Z,4621.08,4627.28,4620.23,4624.375,
2026-08-24T01:04:00Z,4624.375,4624.47,4618.955,4622.64,
2026-08-24T01:05:00Z,4622.64,4626.82,4622.56,4625.03,
2026-08-24T01:06:00Z,4625.03,4630.165,4624.65,4628.73,
2026-08-24T01:07:00Z,4628.73,4629.085,4625.89,4626.115,
2026-08-24T01:08:00Z,4626.115,4627.725,4620.44,4621.4,
2026-08-24T01:09:00Z,4621.4,4624.255,4620.11,4623.185,
2026-08-24T01:10:00Z,4623.185,4627.905,4622.87,4624.21,
2026-08-24T01:11:00Z,4624.21,4625.105,4623.29,4625.005,
2026-08-24T01:12:00Z,4625.005,4626.355,4624.66,4625.92,
2026-08-24T01:13:00Z,4625.92,4628.0,4625.85,4627.485,
2026-08-24T01:14:00Z,4627.485,4627.685,4621.91,4622.215,
2026-08-24T01:15:00Z,4622.215,4623.18,4620.255,4620.555,
2026-08-24T01:16:00Z,4620.555,4621.4,4616.895,4620.175,
2026-08-24T01:17:00Z,4620.175,4624.67,4620.175,4624.615,
2026-08-24T01:18:00Z,4624.615,4625.755,4622.505,4624.33,
2026-08-24T01:19:00Z,4624.33,4625.615,4621.73,4621.73,
2026-08-24T01:20:00Z,4621.73,4622.24,4615.91,4616.8,
2026-08-24T01:21:00Z,4616.8,4617.325,4614.695,4616.235,
2026-08-24T01:22:00Z,4616.235,4619.35,4615.93,4617.145,
2026-08-24T01:23:00Z,4617.145,4617.385,4613.855,4614.69,
2026-08-24T01:24:00Z,4614.69,4615.505,4611.27,4614.85,
2026-08-24T01:25:00Z,4614.85,4615.04,4612.165,4613.96,
2026-08-24T01:26:00Z,4613.96,4615.48,4612.315,4614.835,
2026-08-24T01:27:00Z,4614.835,4617.615,4613.28,4616.07,
2026-08-24T01:28:00Z,4616.07,4618.155,4613.795,4615.215,
2026-08-24T01:29:00Z,4615.215,4616.59,4612.145,4614.57,
2026-08-24T01:30:00Z,4614.57,4615.095,4609.38,4609.38,
2026-08-24T01:31:00Z,4609.38,4610.145,4608.155,4608.685,
2026-08-24T01:32:00Z,4608.685,4611.675,4608.125,4611.555,
2026-08-24T01:33:00Z,4611.555,4612.215,4608.41,4612.045,
2026-08-24T01:34:00Z,4612.045,4614.55,4611.345,4614.55,
2026-08-24T01:35:00Z,4614.55,4616.21,4612.73,4614.925,
2026-08-24T01:36:00Z,4614.925,4618.69,4613.975,4618.08,
2026-08-24T01:37:00Z,4618.08,4621.085,4617.275,4619.155,
2026-08-24T01:38:00Z,4619.155,4620.125,4613.085,4614.59,
2026-08-24T01:39:00Z,4614.59,4616.34,4612.9,4614.275,
2026-08-24T01:40:00Z,4614.275,4614.335,4608.96,4609.34,
2026-08-24T01:41:00Z,4609.34,4611.605,4608.525,4611.545,
2026-08-24T01:42:00Z,4611.545,4614.035,4611.405,4613.625,
2026-08-24T01:43:00Z,4613.625,4618.36,4613.625,4615.66,
2026-08-24T01:44:00Z,4615.66,4618.395,4615.405,4618.28,
2026-08-24T01:45:00Z,4618.28,4618.945,4615.2,4615.865,
2026-08-24T01:46:00Z,4615.865,4617.15,4615.19,4616.525,
2026-08-24T01:47:00Z,4616.525,4618.875,4616.25,4616.25,
2026-08-24T01:48:00Z,4616.25,4616.86,4615.26,4616.37,
2026-08-24T01:49:00Z,4616.37,4619.035,4615.795,4618.94,
2026-08-24T01:50:00Z,4618.94,4623.95,4618.94,4623.715,
2026-08-24T01:51:00Z,4623.715,4627.74,4623.715,4627.74,
2026-08-24T01:52:00Z,4627.74,4630.09,4627.05,4627.14,
2026-08-24T01:53:00Z,4627.14,4627.84,4623.965,4627.465,
2026-08-24T01:54:00Z,4627.465,4629.475,4627.465,4628.945,
2026-08-24T01:55:00Z,4628.945,4629.42,4626.715,4629.42,
2026-08-24T01:56:00Z,4629.42,4634.295,4628.995,4634.21,
2026-08-24T01:57:00Z,4634.21,4636.465,4633.89,4636.24,
2026-08-24T01:58:00Z,4636.24,4637.745,4634.585,4636.8,
2026-08-24T01:59:00Z,4636.8,4636.845,4632.225,4632.305,
2026-08-24T02:00:00Z,4632.305,4632.305,4628.105,4629.605,
2026-08-24T02:01:00Z,4629.605,4633.4,4628.31,4631.595,
2026-08-24T02:02:00Z,4631.595,4637.46,4631.335,4635.525,
2026-08-24T02:03:00Z,4635.525,4636.755,4635.21,4635.45,
2026-08-24T02:04:00Z,4635.45,4638.845,4635.44,4637.105,
2026-08-24T02:05:00Z,4637.105,4637.12,4634.215,4636.48,
2026-08-24T02:06:00Z,4636.48,4637.845,4636.175,4637.445,
2026-08-24T02:07:00Z,4637.445,4638.94,4636.28,4638.54,
2026-08-24T02:08:00Z,4638.54,4642.59,4637.45,4642.59,
2026-08-24T02:09:00Z,4642.59,4643.14,4640.265,4642.8,
2026-08-24T02:10:00Z,4642.8,4649.545,4642.59,4649.545,
2026-08-24T02:11:00Z,4649.545,4651.84,4647.61,4651.445,
2026-08-24T02:12:00Z,4651.445,4652.385,4648.915,4648.915,
2026-08-24T02:13:00Z,4648.915,4651.69,4648.34,4648.53,
2026-08-24T02:14:00Z,4648.53,4650.715,4647.955,4650.52,
2026-08-24T02:15:00Z,4650.52,4651.145,4649.375,4650.23,
2026-08-24T02:16:00Z,4650.23,4652.42,4650.01,4651.92,
2026-08-24T02:17:00Z,4651.92,4654.32,4651.755,4654.155,
2026-08-24T02:18:00Z,4654.155,4655.17,4653.14,4653.595,
2026-08-24T02:19:00Z,4653.595,4655.445,4653.1,4654.53,
2026-08-24T02:20:00Z,4654.53,4654.53,4649.48,4651.905,
2026-08-24T02:21:00Z,4651.905,4654.265,4650.28,4653.72,
2026-08-24T02:22:00Z,4653.72,4655.195,4652.07,4652.445,
2026-08-24T02:23:00Z,4652.445,4654.285,4652.43,4653.735,
2026-08-24T02:24:00Z,4653.735,4655.135,4651.805,4654.42,
2026-08-24T02:25:00Z,4654.42,4655.095,4653.035,4653.035,
2026-08-24T02:26:00Z,4653.035,4653.6,4651.975,4652.01,
2026-08-24T02:27:00Z,4652.01,4652.32,4649.84,4650.45,
2026-08-24T02:28:00Z,4650.45,4654.5,4650.45,4654.49,
2026-08-24T02:29:00Z,4654.49,4655.56,4653.87,4655.435,
2026-08-24T02:30:00Z,4655.435,4656.865,4651.38,4652.39,
2026-08-24T02:31:00Z,4652.39,4655.725,4652.215,4653.485,
2026-08-24T02:32:00Z,4653.485,4655.235,4653.125,4654.77,
2026-08-24T02:33:00Z,4654.77,4654.885,4650.04,4652.515,
2026-08-24T02:34:00Z,4652.515,4653.555,4651.88,4651.98,
2026-08-24T02:35:00Z,4651.98,4653.855,4651.075,4651.075,
2026-08-24T02:36:00Z,4651.075,4651.535,4650.25,4650.53,
2026-08-24T02:37:00Z,4650.53,4653.55,4650.365,4652.27,
2026-08-24T02:38:00Z,4652.27,4652.97,4649.705,4650.555,
2026-08-24T02:39:00Z,4650.555,4651.24,4645.205,4645.275,
2026-08-24T02:40:00Z,4645.275,4645.73,4640.125,4641.085,
2026-08-24T02:41:00Z,4641.085,4642.76,4640.015,4640.275,
2026-08-24T02:42:00Z,4640.275,4641.5,4639.04,4641.145,
2026-08-24T02:43:00Z,4641.145,4641.315,4639.415,4639.415,
2026-08-24T02:44:00Z,4639.415,4639.825,4637.605,4637.715,
2026-08-24T02:45:00Z,4637.715,4637.915,4634.31,4634.31,
2026-08-24T02:46:00Z,4634.31,4635.18,4633.335,4633.945,
2026-08-24T02:47:00Z,4633.945,4634.39,4631.325,4632.495,
2026-08-24T02:48:00Z,4632.495,4632.5,4627.535,4629.685,
2026-08-24T02:49:00Z,4629.685,4630.535,4627.985,4628.65,
2026-08-24T02:50:00Z,4628.65,4633.625,4627.94,4632.29,
2026-08-24T02:51:00Z,4632.29,4634.005,4631.005,4631.075,
2026-08-24T02:52:00Z,4631.075,4635.015,4631.065,4633.875,
2026-08-24T02:53:00Z,4633.875,4636.92,4633.345,4635.915,
2026-08-24T02:54:00Z,4635.915,4638.375,4635.855,4638.18,
2026-08-24T02:55:00Z,4638.18,4642.57,4637.615,4642.55,
2026-08-24T02:56:00Z,4642.55,4644.29,4641.765,4644.085,
2026-08-24T02:57:00Z,4644.085,4644.73,4641.285,4642.565,
2026-08-24T02:58:00Z,4642.565,4642.625,4640.325,4641.165,
2026-08-24T02:59:00Z,4641.165,4643.76,4641.075,4643.755,
2026-08-24T03:00:00Z,4643.755,4644.08,4641.23,4643.155,
2026-08-24T03:01:00Z,4643.155,4643.525,4640.99,4642.15,
2026-08-24T03:02:00Z,4642.15,4642.235,4637.92,4638.625,
2026-08-24T03:03:00Z,4638.625,4641.2,4638.31,4640.72,
2026-08-24T03:04:00Z,4640.72,4641.955,4640.065,4640.51,
2026-08-24T03:05:00Z,4640.51,4640.52,4637.415,4638.665,
2026-08-24T03:06:00Z,4638.665,4639.09,4634.985,4635.41,
2026-08-24T03:07:00Z,4635.41,4637.32,4634.875,4636.63,
2026-08-24T03:08:00Z,4636.63,4637.29,4635.835,4636.57,
2026-08-24T03:09:00Z,4636.57,4638.89,4636.55,4637.79,
2026-08-24T03:10:00Z,4637.79,4639.6,4636.065,4636.14,
2026-08-24T03:11:00Z,4636.14,4636.14,4633.54,4634.03,
2026-08-24T03:12:00Z,4634.03,4636.29,4633.685,4635.525,
2026-08-24T03:13:00Z,4635.525,4638.575,4634.855,4638.575,
2026-08-24T03:14:00Z,4638.575,4639.1,4636.585,4637.295,
2026-08-24T03:15:00Z,4637.295,4639.285,4637.015,4637.85,
2026-08-24T03:16:00Z,4637.85,4639.485,4637.195,4639.14,
2026-08-24T03:17:00Z,4639.14,4641.29,4638.97,4640.89,
2026-08-24T03:18:00Z,4640.89,4641.31,4638.98,4640.55,
2026-08-24T03:19:00Z,4640.55,4640.83,4638.24,4638.875,
2026-08-24T03:20:00Z,4638.875,4640.3,4636.1,4636.15,
2026-08-24T03:21:00Z,4636.15,4639.24,4635.545,4639.24,
2026-08-24T03:22:00Z,4639.24,4639.975,4638.075,4639.685,
2026-08-24T03:23:00Z,4639.685,4643.73,4639.67,4643.15,
2026-08-24T03:24:00Z,4643.15,4643.855,4641.63,4642.51,
2026-08-24T03:25:00Z,4642.51,4645.745,4642.455,4645.455,
2026-08-24T03:26:00Z,4645.455,4648.2,4645.355,4647.465,
2026-08-24T03:27:00Z,4647.465,4647.86,4644.765,4645.61,
2026-08-24T03:28:00Z,4645.61,4646.265,4643.885,4644.52,
2026-08-24T03:29:00Z,4644.52,4644.525,4642.605,4643.92,
2026-08-24T03:30:00Z,4643.92,4646.07,4643.835,4645.35,
2026-08-24T03:31:00Z,4645.35,4647.19,4644.27,4647.13,
2026-08-24T03:32:00Z,4647.13,4648.39,4647.07,4647.85,
2026-08-24T03:33:00Z,4647.85,4648.28,4644.925,4646.925,
2026-08-24T03:34:00Z,4646.925,4648.135,4646.905,4648.135,
2026-08-24T03:35:00Z,4648.135,4649.075,4647.675,4647.695,
2026-08-24T03:36:00Z,4647.695,4648.93,4647.625,4648.82,
2026-08-24T03:37:00Z,4648.82,4650.04,4647.975,4649.71,
2026-08-24T03:38:00Z,4649.71,4650.095,4649.245,4650.02,
2026-08-24T03:39:00Z,4650.02,4650.225,4647.055,4647.685,
2026-08-24T03:40:00Z,4647.685,4648.165,4647.325,4647.88,
2026-08-24T03:41:00Z,4647.88,4648.01,4646.535,4646.69,
2026-08-24T03:42:00Z,4646.69,4646.745,4645.095,4645.99,
2026-08-24T03:43:00Z,4645.99,4646.345,4645.31,4645.435,
2026-08-24T03:44:00Z,4645.435,4645.435,4642.84,4643.06,
2026-08-24T03:45:00Z,4643.06,4643.45,4642.65,4642.805,
2026-08-24T03:46:00Z,4642.805,4644.825,4642.77,4644.755,
2026-08-24T03:47:00Z,4644.755,4644.755,4643.15,4643.555,
2026-08-24T03:48:00Z,4643.555,4643.85,4642.46,4642.53,
2026-08-24T03:49:00Z,4642.53,4644.05,4642.445,4642.75,
2026-08-24T03:50:00Z,4642.75,4644.54,4642.69,4643.985,
2026-08-24T03:51:00Z,4643.985,4644.87,4643.395,4643.975,
2026-08-24T03:52:00Z,4643.975,4644.735,4643.14,4643.375,
2026-08-24T03:53:00Z,4643.375,4644.21,4642.625,4643.465,
2026-08-24T03:54:00Z,4643.465,4643.88,4641.295,4641.38,
2026-08-24T03:55:00Z,4641.38,4643.715,4641.38,4642.295,
2026-08-24T03:56:00Z,4642.295,4642.785,4640.96,4641.205,
2026-08-24T03:57:00Z,4641.205,4641.28,4640.17,4640.885,
2026-08-24T03:58:00Z,4640.885,4641.69,4640.72,4641.495,
2026-08-24T03:59:00Z,4641.495,4641.78,4640.72,4641.69,
2026-08-24T04:00:00Z,4641.69,4642.21,4638.785,4638.795,
2026-08-24T04:01:00Z,4638.795,4639.97,4637.88,4639.91,
2026-08-24T04:02:00Z,4639.91,4639.915,4638.54,4639.605,
2026-08-24T04:03:00Z,4639.605,4642.685,4639.135,4641.805,
2026-08-24T04:04:00Z,4641.805,4641.815,4639.61,4639.81,
2026-08-24T04:05:00Z,4639.81,4639.815,4634.91,4635.53,
2026-08-24T04:06:00Z,4635.53,4636.065,4633.025,4633.025,
2026-08-24T04:07:00Z,4633.025,4633.875,4632.585,4632.94,
2026-08-24T04:08:00Z,4632.94,4634.755,4632.795,4633.96,
2026-08-24T04:09:00Z,4633.96,4635.155,4633.54,4633.81,
2026-08-24T04:10:00Z,4633.81,4635.235,4632.975,4634.995,
2026-08-24T04:11:00Z,4634.995,4635.8,4633.4,4635.495,
2026-08-24T04:12:00Z,4635.495,4637.58,4635.445,4637.54,
2026-08-24T04:13:00Z,4637.54,4638.86,4637.27,4637.38,
2026-08-24T04:14:00Z,4637.38,4638.635,4637.045,4638.635,
2026-08-24T04:15:00Z,4638.635,4638.635,4635.63,4635.895,
2026-08-24T04:16:00Z,4635.895,4636.155,4634.58,4636.0,
2026-08-24T04:17:00Z,4636.0,4639.29,4635.955,4639.245,
2026-08-24T04:18:00Z,4639.245,4640.94,4638.31,4640.605,
2026-08-24T04:19:00Z,4640.605,4640.605,4639.18,4640.135,
2026-08-24T04:20:00Z,4640.135,4640.335,4638.845,4639.155,
2026-08-24T04:21:00Z,4639.155,4639.87,4638.77,4638.87,
2026-08-24T04:22:00Z,4638.87,4639.23,4637.675,4638.19,
2026-08-24T04:23:00Z,4638.19,4639.675,4637.63,4639.62,
2026-08-24T04:24:00Z,4639.62,4639.85,4637.555,4637.985,
2026-08-24T04:25:00Z,4637.985,4639.57,4637.83,4639.365,
2026-08-24T04:26:00Z,4639.365,4641.53,4638.415,4640.69,
2026-08-24T04:27:00Z,4640.69,4642.06,4639.54,4639.57,
2026-08-24T04:28:00Z,4639.57,4641.395,4639.2,4640.565,
2026-08-24T04:29:00Z,4640.565,4641.12,4639.415,4640.57,
2026-08-24T04:30:00Z,4640.57,4640.745,4638.68,4639.32,
2026-08-24T04:31:00Z,4639.32,4639.335,4637.7,4638.275,
2026-08-24T04:32:00Z,4638.275,4638.5,4637.02,4637.51,
2026-08-24T04:33:00Z,4637.51,4637.72,4633.05,4633.755,
2026-08-24T04:34:00Z,4633.755,4636.01,4633.315,4635.765,
2026-08-24T04:35:00Z,4635.765,4636.365,4634.875,4636.025,
2026-08-24T04:36:00Z,4636.025,4636.43,4635.28,4636.43,
2026-08-24T04:37:00Z,4636.43,4636.45,4635.225,4636.12,
2026-08-24T04:38:00Z,4636.12,4637.685,4635.575,4637.095,
2026-08-24T04:39:00Z,4637.095,4637.54,4636.455,4636.77,
2026-08-24T04:40:00Z,4636.77,4637.0,4635.455,4635.475,
2026-08-24T04:41:00Z,4635.475,4636.8,4635.475,4636.185,
2026-08-24T04:42:00Z,4636.185,4636.83,4635.165,4636.7,
2026-08-24T04:43:00Z,4636.7,4638.31,4636.635,4638.005,
2026-08-24T04:44:00Z,4638.005,4638.57,4637.13,4638.3,
2026-08-24T04:45:00Z,4638.3,4639.18,4637.33,4637.33,
2026-08-24T04:46:00Z,4637.33,4638.225,4635.955,4638.06,
2026-08-24T04:47:00Z,4638.06,4638.265,4636.695,4636.9,
2026-08-24T04:48:00Z,4636.9,4637.93,4636.845,4637.19,
2026-08-24T04:49:00Z,4637.19,4637.19,4636.15,4636.81,
2026-08-24T04:50:00Z,4636.81,4640.61,4636.035,4638.62,
2026-08-24T04:51:00Z,4638.62,4638.995,4637.895,4638.55,
2026-08-24T04:52:00Z,4638.55,4638.555,4637.795,4637.945,
2026-08-24T04:53:00Z,4637.945,4639.85,4637.84,4639.43,
2026-08-24T04:54:00Z,4639.43,4640.1,4639.36,4640.065,
2026-08-24T04:55:00Z,4640.065,4640.29,4638.725,4638.8,
2026-08-24T04:56:00Z,4638.8,4639.775,4638.5,4639.085,
2026-08-24T04:57:00Z,4639.085,4639.65,4639.015,4639.265,
2026-08-24T04:58:00Z,4639.265,4639.725,4637.235,4637.48,
2026-08-24T04:59:00Z,4637.48,4639.12,4637.48,4638.94,
2026-08-24T05:00:00Z,4638.94,4641.815,4638.94,4640.645,
2026-08-24T05:01:00Z,4640.645,4641.1,4638.935,4640.1,
2026-08-24T05:02:00Z,4640.1,4641.325,4639.835,4639.905,
2026-08-24T05:03:00Z,4639.905,4640.67,4639.24,4640.64,
2026-08-24T05:04:00Z,4640.64,4640.695,4638.68,4639.56,
2026-08-24T05:05:00Z,4639.56,4642.005,4639.175,4641.265,
2026-08-24T05:06:00Z,4641.265,4642.295,4640.835,4641.915,
2026-08-24T05:07:00Z,4641.915,4642.905,4640.475,4641.48,
2026-08-24T05:08:00Z,4641.48,4642.295,4640.875,4641.605,
2026-08-24T05:09:00Z,4641.605,4641.605,4639.89,4640.015,
2026-08-24T05:10:00Z,4640.015,4642.12,4639.315,4641.57,
2026-08-24T05:11:00Z,4641.57,4642.55,4640.46,4642.455,
2026-08-24T05:12:00Z,4642.455,4642.55,4641.325,4642.295,
2026-08-24T05:13:00Z,4642.295,4642.295,4640.54,4641.15,
2026-08-24T05:14:00Z,4641.15,4643.68,4641.15,4643.665,
2026-08-24T05:15:00Z,4643.665,4645.53,4641.59,4644.125,
2026-08-24T05:16:00Z,4644.125,4644.87,4643.92,4644.36,
2026-08-24T05:17:00Z,4644.36,4646.615,4644.35,4645.675,
2026-08-24T05:18:00Z,4645.675,4645.68,4643.585,4644.245,
2026-08-24T05:19:00Z,4644.245,4644.245,4642.975,4643.34,
2026-08-24T05:20:00Z,4643.34,4643.35,4640.77,4640.815,
2026-08-24T05:21:00Z,4640.815,4641.29,4639.32,4639.695,
2026-08-24T05:22:00Z,4639.695,4640.005,4638.405,4639.825,
2026-08-24T05:23:00Z,4639.825,4640.13,4638.385,4638.695,
2026-08-24T05:24:00Z,4638.695,4639.125,4638.385,4638.775,
2026-08-24T05:25:00Z,4638.775,4640.285,4638.43,4639.96,
2026-08-24T05:26:00Z,4639.96,4640.25,4638.335,4639.685,
2026-08-24T05:27:00Z,4639.685,4642.385,4639.575,4641.915,
2026-08-24T05:28:00Z,4641.915,4641.915,4638.995,4639.69,
2026-08-24T05:29:00Z,4639.69,4640.26,4636.105,4636.105,
2026-08-24T05:30:00Z,4636.105,4638.32,4631.38,4636.85,
2026-08-24T05:31:00Z,4636.85,4639.715,4632.47,4633.245,
2026-08-24T05:32:00Z,4633.245,4634.19,4632.19,4633.47,
2026-08-24T05:33:00Z,4633.47,4634.285,4631.765,4632.475,
2026-08-24T05:34:00Z,4632.475,4632.74,4629.89,4632.74,
2026-08-24T05:35:00Z,4632.74,4637.375,4632.425,4636.975,
2026-08-24T05:36:00Z,4636.975,4639.03,4636.52,4637.405,
2026-08-24T05:37:00Z,4637.405,4637.995,4631.07,4631.76,
2026-08-24T05:38:00Z,4631.76,4634.305,4630.61,4634.005,
2026-08-24T05:39:00Z,4634.005,4634.35,4633.235,4633.265,
2026-08-24T05:40:00Z,4633.265,4635.315,4632.97,4634.235,
2026-08-24T05:41:00Z,4634.235,4635.11,4633.63,4634.9,
2026-08-24T05:42:00Z,4634.9,4635.06,4631.57,4633.5,
2026-08-24T05:43:00Z,4633.5,4634.71,4631.54,4634.68,
2026-08-24T05:44:00Z,4634.68,4635.73,4633.29,4633.745,
2026-08-24T05:45:00Z,4633.745,4636.755,4632.385,4636.2,
2026-08-24T05:46:00Z,4636.2,4636.745,4632.22,4632.92,
2026-08-24T05:47:00Z,4632.92,4633.53,4630.445,4633.35,
2026-08-24T05:48:00Z,4633.35,4636.015,4632.235,4635.925,
2026-08-24T05:49:00Z,4635.925,4638.905,4635.925,4638.84,
2026-08-24T05:50:00Z,4638.84,4639.805,4636.56,4636.57,
2026-08-24T05:51:00Z,4636.57,4642.56,4636.56,4641.27,
2026-08-24T05:52:00Z,4641.27,4642.46,4640.89,4641.645,
2026-08-24T05:53:00Z,4641.645,4643.05,4640.4,4641.22,
2026-08-24T05:54:00Z,4641.22,4641.22,4637.73,4638.59,
2026-08-24T05:55:00Z,4638.59,4640.355,4638.59,4639.02,
2026-08-24T05:56:00Z,4639.02,4640.01,4637.715,4637.895,
2026-08-24T05:57:00Z,4637.895,4639.9,4637.625,4639.75,
2026-08-24T05:58:00Z,4639.75,4641.175,4639.7,4639.74,
2026-08-24T05:59:00Z,4639.74,4641.55,4639.645,4640.845,
2026-08-24T06:00:00Z,4640.845,4642.755,4639.61,4642.2,
2026-08-24T06:01:00Z,4642.2,4642.76,4641.42,4642.545,
2026-08-24T06:02:00Z,4642.545,4645.41,4640.91,4645.105,
2026-08-24T06:03:00Z,4645.105,4646.08,4644.21,4644.82,
2026-08-24T06:04:00Z,4644.82,4645.69,4644.165,4645.075,
2026-08-24T06:05:00Z,4645.075,4646.325,4643.325,4645.75,
2026-08-24T06:06:00Z,4645.75,4649.745,4645.75,4649.34,
2026-08-24T06:07:00Z,4649.34,4649.84,4646.06,4646.18,
2026-08-24T06:08:00Z,4646.18,4650.275,4645.935,4649.505,
2026-08-24T06:09:00Z,4649.505,4651.795,4648.825,4649.095,
2026-08-24T06:10:00Z,4649.095,4649.745,4647.605,4647.945,
2026-08-24T06:11:00Z,4647.945,4648.845,4647.5,4648.335,
2026-08-24T06:12:00Z,4648.335,4649.175,4647.145,4647.83,
2026-08-24T06:13:00Z,4647.83,4651.76,4647.83,4651.76,
2026-08-24T06:14:00Z,4651.76,4652.56,4650.385,4652.37,
2026-08-24T06:15:00Z,4652.37,4656.815,4652.12,4655.615,
2026-08-24T06:16:00Z,4655.615,4656.405,4654.595,4656.385,
2026-08-24T06:17:00Z,4656.385,4659.26,4654.81,4656.57,
2026-08-24T06:18:00Z,4656.57,4659.1,4656.255,4659.09,
2026-08-24T06:19:00Z,4659.09,4659.965,4655.92,4656.4,
2026-08-24T06:20:00Z,4656.4,4657.6,4654.925,4656.565,
2026-08-24T06:21:00Z,4656.565,4658.35,4653.4,4653.4,
2026-08-24T06:22:00Z,4653.4,4653.42,4647.615,4648.24,
2026-08-24T06:23:00Z,4648.24,4648.975,4646.48,4647.725,
2026-08-24T06:24:00Z,4647.725,4650.355,4647.185,4650.215,
2026-08-24T06:25:00Z,4650.215,4650.215,4646.94,4648.5,
2026-08-24T06:26:00Z,4648.5,4648.905,4643.64,4644.785,
2026-08-24T06:27:00Z,4644.785,4644.855,4642.74,4642.8,
2026-08-24T06:28:00Z,4642.8,4644.07,4642.345,4643.075,
2026-08-24T06:29:00Z,4643.075,4644.085,4640.88,4642.61,
2026-08-24T06:30:00Z,4642.61,4645.455,4642.31,4644.8,
2026-08-24T06:31:00Z,4644.8,4647.295,4644.575,4647.065,
2026-08-24T06:32:00Z,4647.065,4648.84,4646.17,4648.645,
2026-08-24T06:33:00Z,4648.645,4652.45,4648.615,4651.835,
2026-08-24T06:34:00Z,4651.835,4652.03,4649.005,4650.68,
2026-08-24T06:35:00Z,4650.68,4653.03,4650.335,4652.68,
2026-08-24T06:36:00Z,4652.68,4652.83,4651.235,4652.415,
2026-08-24T06:37:00Z,4652.415,4653.72,4651.93,4653.31,
2026-08-24T06:38:00Z,4653.31,4653.31,4651.095,4651.095,
2026-08-24T06:39:00Z,4651.095,4652.6,4650.97,4651.305,
2026-08-24T06:40:00Z,4651.305,4652.01,4649.55,4650.745,
2026-08-24T06:41:00Z,4650.745,4650.82,4648.38,4648.785,
2026-08-24T06:42:00Z,4648.785,4649.23,4646.975,4647.11,
2026-08-24T06:43:00Z,4647.11,4647.11,4644.685,4644.785,
2026-08-24T06:44:00Z,4644.785,4644.785,4642.005,4643.095,
2026-08-24T06:45:00Z,4643.095,4645.705,4643.055,4645.02,
2026-08-24T06:46:00Z,4645.02,4646.43,4644.52,4646.43,
2026-08-24T06:47:00Z,4646.43,4647.335,4645.32,4646.38,
2026-08-24T06:48:00Z,4646.38,4648.29,4646.355,4648.26,
2026-08-24T06:49:00Z,4648.26,4650.52,4648.175,4650.215,
2026-08-24T06:50:00Z,4650.215,4652.02,4649.785,4649.785,
2026-08-24T06:51:00Z,4649.785,4649.785,4646.135,4648.855,
2026-08-24T06:52:00Z,4648.855,4652.85,4648.705,4652.33,
2026-08-24T06:53:00Z,4652.33,4654.065,4652.325,4653.795,
2026-08-24T06:54:00Z,4653.795,4653.82,4651.245,4651.495,
2026-08-24T06:55:00Z,4651.495,4651.505,4649.665,4649.675,
2026-08-24T06:56:00Z,4649.675,4651.48,4649.675,4650.795,
2026-08-24T06:57:00Z,4650.795,4650.8,4648.96,4649.675,
2026-08-24T06:58:00Z,4649.675,4650.42,4649.29,4650.25,
2026-08-24T06:59:00Z,4650.25,4650.78,4649.285,4650.11,
2026-08-24T07:00:00Z,4650.11,4654.615,4649.77,4652.175,
2026-08-24T07:01:00Z,4652.175,4652.815,4648.19,4648.305,
2026-08-24T07:02:00Z,4648.305,4649.535,4647.61,4648.8,
2026-08-24T07:03:00Z,4648.8,4650.735,4648.34,4648.34,
2026-08-24T07:04:00Z,4648.34,4650.135,4648.34,4649.005,
2026-08-24T07:05:00Z,4649.005,4650.04,4647.715,4650.035,
2026-08-24T07:06:00Z,4650.035,4650.185,4648.425,4648.455,
2026-08-24T07:07:00Z,4648.455,4649.01,4646.245,4647.01,
2026-08-24T07:08:00Z,4647.01,4647.89,4645.945,4646.76,
2026-08-24T07:09:00Z,4646.76,4647.25,4644.46,4646.785,
2026-08-24T07:10:00Z,4646.785,4648.05,4644.57,4647.1,
2026-08-24T07:11:00Z,4647.1,4649.51,4645.965,4649.34,
2026-08-24T07:12:00Z,4649.34,4649.37,4647.625,4648.535,
2026-08-24T07:13:00Z,4648.535,4648.79,4646.155,4647.025,
2026-08-24T07:14:00Z,4647.025,4649.17,4647.025,4648.49,
2026-08-24T07:15:00Z,4648.49,4650.215,4646.875,4646.875,
2026-08-24T07:16:00Z,4646.875,4647.15,4642.87,4644.2,
2026-08-24T07:17:00Z,4644.2,4645.095,4643.165,4644.21,
2026-08-24T07:18:00Z,4644.21,4645.095,4642.785,4644.15,
2026-08-24T07:19:00Z,4644.15,4646.38,4643.9,4645.965,
2026-08-24T07:20:00Z,4645.965,4647.325,4645.735,4646.63,
2026-08-24T07:21:00Z,4646.63,4647.435,4645.18,4645.22,
2026-08-24T07:22:00Z,4645.22,4647.97,4645.1,4647.64,
2026-08-24T07:23:00Z,4647.64,4647.875,4643.315,4643.965,
2026-08-24T07:24:00Z,4643.965,4644.035,4642.39,4643.5,
2026-08-24T07:25:00Z,4643.5,4646.66,4643.45,4646.51,
2026-08-24T07:26:00Z,4646.51,4647.54,4643.985,4644.505,
2026-08-24T07:27:00Z,4644.505,4645.62,4644.31,4645.54,
2026-08-24T07:28:00Z,4645.54,4646.545,4643.86,4644.77,
2026-08-24T07:29:00Z,4644.77,4645.7,4642.42,4642.735,
2026-08-24T07:30:00Z,4642.735,4643.44,4641.485,4641.75,
2026-08-24T07:31:00Z,4641.75,4642.85,4641.39,4642.845,
2026-08-24T07:32:00Z,4642.845,4644.495,4642.58,4643.75,
2026-08-24T07:33:00Z,4643.75,4644.64,4641.74,4643.7,
2026-08-24T07:34:00Z,4643.7,4646.735,4643.62,4646.625,
2026-08-24T07:35:00Z,4646.625,4648.075,4645.855,4647.72,
2026-08-24T07:36:00Z,4647.72,4647.935,4646.165,4646.8,
2026-08-24T07:37:00Z,4646.8,4646.88,4645.185,4645.415,
2026-08-24T07:38:00Z,4645.415,4646.01,4643.29,4644.89,
2026-08-24T07:39:00Z,4644.89,4645.53,4643.77,4644.55,
2026-08-24T07:40:00Z,4644.55,4644.805,4642.96,4643.75,
2026-08-24T07:41:00Z,4643.75,4645.03,4640.34,4640.7,
2026-08-24T07:42:00Z,4640.7,4642.005,4638.035,4638.055,
2026-08-24T07:43:00Z,4638.055,4639.405,4635.755,4636.315,
2026-08-24T07:44:00Z,4636.315,4636.865,4634.9,4634.9,
2026-08-24T07:45:00Z,4634.9,4635.385,4631.62,4633.575,
2026-08-24T07:46:00Z,4633.575,4634.245,4632.02,4632.8,
2026-08-24T07:47:00Z,4632.8,4633.95,4630.59,4633.95,
2026-08-24T07:48:00Z,4633.95,4635.61,4631.625,4634.99,
2026-08-24T07:49:00Z,4634.99,4634.99,4630.585,4631.52,
2026-08-24T07:50:00Z,4631.52,4634.47,4630.285,4633.58,
2026-08-24T07:51:00Z,4633.58,4636.235,4632.655,4636.235,
2026-08-24T07:52:00Z,4636.235,4637.115,4634.25,4634.25,
2026-08-24T07:53:00Z,4634.25,4637.12,4634.25,4637.1,
2026-08-24T07:54:00Z,4637.1,4637.1,4634.665,4636.025,
2026-08-24T07:55:00Z,4636.025,4638.73,4635.775,4638.61,
2026-08-24T07:56:00Z,4638.61,4641.1,4637.94,4640.69,
2026-08-24T07:57:00Z,4640.69,4641.565,4639.855,4641.28,
2026-08-24T07:58:00Z,4641.28,4643.575,4641.085,4643.34,
2026-08-24T07:59:00Z,4643.34,4643.86,4641.68,4641.75,
2026-08-24T08:00:00Z,4641.75,4643.83,4640.545,4640.77,
2026-08-24T08:01:00Z,4640.77,4641.015,4636.915,4637.465,
2026-08-24T08:02:00Z,4637.465,4639.305,4636.78,4637.79,
2026-08-24T08:03:00Z,4637.79,4641.15,4637.79,4639.38,
2026-08-24T08:04:00Z,4639.38,4641.6,4638.15,4640.9,
2026-08-24T08:05:00Z,4640.9,4642.13,4638.595,4638.595,
2026-08-24T08:06:00Z,4638.595,4639.645,4637.06,4638.705,
2026-08-24T08:07:00Z,4638.705,4646.185,4638.565,4642.315,
2026-08-24T08:08:00Z,4642.315,4642.645,4637.485,4637.675,
2026-08-24T08:09:00Z,4637.675,4638.655,4636.585,4638.545,
2026-08-24T08:10:00Z,4638.545,4640.435,4638.39,4640.345,
2026-08-24T08:11:00Z,4640.345,4640.4,4636.245,4636.37,
2026-08-24T08:12:00Z,4636.37,4637.84,4635.955,4636.325,
2026-08-24T08:13:00Z,4636.325,4638.66,4636.22,4638.385,
2026-08-24T08:14:00Z,4638.385,4639.175,4636.775,4637.61,
2026-08-24T08:15:00Z,4637.61,4637.61,4635.205,4636.0,
2026-08-24T08:16:00Z,4636.0,4636.095,4632.195,4632.275,
2026-08-24T08:17:00Z,4632.275,4633.44,4631.765,4631.885,
2026-08-24T08:18:00Z,4631.885,4635.785,4631.885,4635.525,
2026-08-24T08:19:00Z,4635.525,4637.49,4635.49,4636.1,
2026-08-24T08:20:00Z,4636.1,4637.48,4636.1,4636.98,
2026-08-24T08:21:00Z,4636.98,4638.685,4636.62,4638.42,
2026-08-24T08:22:00Z,4638.42,4638.85,4637.735,4638.06,
2026-08-24T08:23:00Z,4638.06,4638.45,4635.925,4635.925,
2026-08-24T08:24:00Z,4635.925,4637.16,4635.1,4636.13,
2026-08-24T08:25:00Z,4636.13,4639.715,4635.22,4635.655,
2026-08-24T08:26:00Z,4635.655,4636.395,4634.28,4634.365,
2026-08-24T08:27:00Z,4634.365,4635.52,4632.8,4633.265,
2026-08-24T08:28:00Z,4633.265,4633.405,4631.975,4632.86,
2026-08-24T08:29:00Z,4632.86,4633.175,4629.495,4629.495,
2026-08-24T08:30:00Z,4629.495,4633.38,4628.905,4632.17,
2026-08-24T08:31:00Z,4632.17,4632.515,4630.715,4632.025,
2026-08-24T08:32:00Z,4632.025,4634.64,4631.85,4633.755,
2026-08-24T08:33:00Z,4633.755,4634.2,4630.88,4632.235,
2026-08-24T08:34:00Z,4632.235,4634.315,4632.215,4634.315,
2026-08-24T08:35:00Z,4634.315,4635.02,4633.95,4633.995,
2026-08-24T08:36:00Z,4633.995,4636.325,4633.77,4636.325,
2026-08-24T08:37:00Z,4636.325,4636.49,4634.235,4634.575,
2026-08-24T08:38:00Z,4634.575,4636.155,4634.41,4636.125,
2026-08-24T08:39:00Z,4636.125,4637.44,4635.66,4637.385,
2026-08-24T08:40:00Z,4637.385,4637.505,4636.29,4636.785,
2026-08-24T08:41:00Z,4636.785,4639.915,4636.69,4639.795,
2026-08-24T08:42:00Z,4639.795,4642.19,4639.07,4642.1,
2026-08-24T08:43:00Z,4642.1,4645.855,4642.1,4644.935,
2026-08-24T08:44:00Z,4644.935,4646.175,4644.935,4645.495,
2026-08-24T08:45:00Z,4645.495,4646.02,4644.675,4645.98,
2026-08-24T08:46:00Z,4645.98,4646.165,4643.42,4643.8,
2026-08-24T08:47:00Z,4643.8,4645.51,4643.45,4645.51,
2026-08-24T08:48:00Z,4645.51,4646.09,4644.545,4644.92,
2026-08-24T08:49:00Z,4644.92,4645.125,4642.37,4643.835,
2026-08-24T08:50:00Z,4643.835,4644.69,4643.35,4644.24,
2026-08-24T08:51:00Z,4644.24,4644.31,4642.64,4643.125,
2026-08-24T08:52:00Z,4643.125,4643.82,4640.875,4641.255,
2026-08-24T08:53:00Z,4641.255,4641.65,4640.275,4641.65,
2026-08-24T08:54:00Z,4641.65,4642.375,4641.31,4641.7,
2026-08-24T08:55:00Z,4641.7,4642.435,4641.035,4642.065,
2026-08-24T08:56:00Z,4642.065,4642.085,4638.675,4638.775,
2026-08-24T08:57:00Z,4638.775,4639.15,4636.225,4636.66,
2026-08-24T08:58:00Z,4636.66,4637.88,4636.63,4637.53,
2026-08-24T08:59:00Z,4637.53,4638.725,4637.53,4638.0,
2026-08-24T09:00:00Z,4638.0,4640.485,4637.245,4640.415,
2026-08-24T09:01:00Z,4640.415,4643.145,4640.285,4641.105,
2026-08-24T09:02:00Z,4641.105,4641.39,4639.645,4639.935,
2026-08-24T09:03:00Z,4639.935,4641.56,4639.86,4641.455,
2026-08-24T09:04:00Z,4641.455,4642.55,4640.54,4642.475,
2026-08-24T09:05:00Z,4642.475,4643.375,4642.085,4642.515,
2026-08-24T09:06:00Z,4642.515,4644.925,4642.225,4643.885,
2026-08-24T09:07:00Z,4643.885,4644.53,4641.215,4642.63,
2026-08-24T09:08:00Z,4642.63,4642.63,4640.565,4640.985,
2026-08-24T09:09:00Z,4640.985,4643.29,4640.98,4642.21,
2026-08-24T09:10:00Z,4642.21,4642.915,4641.305,4642.025,
2026-08-24T09:11:00Z,4642.025,4642.065,4639.82,4640.115,
2026-08-24T09:12:00Z,4640.115,4643.735,4639.895,4643.09,
2026-08-24T09:13:00Z,4643.09,4643.435,4640.635,4640.765,
2026-08-24T09:14:00Z,4640.765,4642.35,4640.41,4642.035,
2026-08-24T09:15:00Z,4642.035,4642.085,4640.14,4640.14,
2026-08-24T09:16:00Z,4640.14,4640.43,4636.68,4637.355,
2026-08-24T09:17:00Z,4637.355,4637.355,4635.69,4636.47,
2026-08-24T09:18:00Z,4636.47,4637.04,4634.98,4636.53,
2026-08-24T09:19:00Z,4636.53,4638.42,4636.53,4636.855,
2026-08-24T09:20:00Z,4636.855,4639.1,4636.425,4638.64,
2026-08-24T09:21:00Z,4638.64,4639.28,4638.42,4638.715,
2026-08-24T09:22:00Z,4638.715,4639.39,4637.74,4638.29,
2026-08-24T09:23:00Z,4638.29,4638.315,4636.405,4637.04,
2026-08-24T09:24:00Z,4637.04,4637.815,4636.995,4637.09,
2026-08-24T09:25:00Z,4637.09,4637.215,4635.55,4637.04,
2026-08-24T09:26:00Z,4637.04,4638.23,4636.53,4636.995,
2026-08-24T09:27:00Z,4636.995,4637.68,4636.75,4637.545,
2026-08-24T09:28:00Z,4637.545,4638.59,4636.455,4636.53,
2026-08-24T09:29:00Z,4636.53,4637.29,4635.66,4636.015,
2026-08-24T09:30:00Z,4636.015,4639.105,4634.54,4635.01,
2026-08-24T09:31:00Z,4635.01,4637.045,4634.96,4637.01,
2026-08-24T09:32:00Z,4637.01,4640.59,4637.01,4638.055,
2026-08-24T09:33:00Z,4638.055,4638.075,4634.835,4635.83,
2026-08-24T09:34:00Z,4635.83,4636.805,4634.89,4635.59,
2026-08-24T09:35:00Z,4635.59,4635.59,4633.695,4633.695,
2026-08-24T09:36:00Z,4633.695,4635.635,4633.055,4634.615,
2026-08-24T09:37:00Z,4634.615,4636.365,4633.79,4635.115,
2026-08-24T09:38:00Z,4635.115,4636.735,4635.115,4635.79,
2026-08-24T09:39:00Z,4635.79,4637.33,4634.965,4637.14,
2026-08-24T09:40:00Z,4637.14,4637.58,4636.535,4636.695,
2026-08-24T09:41:00Z,4636.695,4638.79,4636.59,4637.07,
2026-08-24T09:42:00Z,4637.07,4638.9,4637.03,4638.9,
2026-08-24T09:43:00Z,4638.9,4639.225,4637.695,4637.985,
2026-08-24T09:44:00Z,4637.985,4639.95,4637.975,4639.295,
2026-08-24T09:45:00Z,4639.295,4641.625,4639.125,4641.425,
2026-08-24T09:46:00Z,4641.425,4642.635,4640.405,4642.505,
2026-08-24T09:47:00Z,4642.505,4644.84,4642.505,4644.83,
2026-08-24T09:48:00Z,4644.83,4645.17,4643.41,4643.53,
2026-08-24T09:49:00Z,4643.53,4644.81,4643.53,4644.075,
2026-08-24T09:50:00Z,4644.075,4645.42,4643.105,4643.105,
2026-08-24T09:51:00Z,4643.105,4643.165,4642.095,4642.465,
2026-08-24T09:52:00Z,4642.465,4642.615,4641.78,4642.615,
2026-08-24T09:53:00Z,4642.615,4643.86,4642.615,4643.115,
2026-08-24T09:54:00Z,4643.115,4644.4,4642.92,4644.28,
2026-08-24T09:55:00Z,4644.28,4644.765,4644.165,4644.405,
2026-08-24T09:56:00Z,4644.405,4645.24,4643.375,4645.2,
2026-08-24T09:57:00Z,4645.2,4645.34,4644.77,4644.77,
2026-08-24T09:58:00Z,4644.77,4645.255,4644.745,4645.055,
2026-08-24T09:59:00Z,4645.055,4646.015,4644.995,4645.96,
2026-08-24T10:00:00Z,4645.96,4648.34,4645.75,4647.405,
2026-08-24T10:01:00Z,4647.405,4647.415,4646.02,4647.295,
2026-08-24T10:02:00Z,4647.295,4647.895,4646.975,4647.23,
2026-08-24T10:03:00Z,4647.23,4649.82,4646.71,4649.82,
2026-08-24T10:04:00Z,4649.82,4649.995,4648.235,4648.945,
2026-08-24T10:05:00Z,4648.945,4650.31,4648.055,4648.46,
2026-08-24T10:06:00Z,4648.46,4648.46,4646.105,4647.405,
2026-08-24T10:07:00Z,4647.405,4649.43,4647.205,4649.43,
2026-08-24T10:08:00Z,4649.43,4649.835,4647.785,4647.905,
2026-08-24T10:09:00Z,4647.905,4647.925,4646.6,4647.09,
2026-08-24T10:10:00Z,4647.09,4648.005,4646.7,4647.2,
2026-08-24T10:11:00Z,4647.2,4648.53,4645.575,4648.45,
2026-08-24T10:12:00Z,4648.45,4650.145,4647.645,4649.585,
2026-08-24T10:13:00Z,4649.585,4649.67,4648.61,4649.115,
2026-08-24T10:14:00Z,4649.115,4649.76,4648.175,4648.275,
2026-08-24T10:15:00Z,4648.275,4648.675,4646.575,4647.46,
2026-08-24T10:16:00Z,4647.46,4647.94,4647.03,4647.36,
2026-08-24T10:17:00Z,4647.36,4647.575,4646.645,4646.735,
2026-08-24T10:18:00Z,4646.735,4647.56,4646.36,4647.275,
2026-08-24T10:19:00Z,4647.275,4647.335,4646.525,4646.885,
2026-08-24T10:20:00Z,4646.885,4647.675,4644.36,4644.65,
2026-08-24T10:21:00Z,4644.65,4645.375,4644.54,4644.67,
2026-08-24T10:22:00Z,4644.67,4644.695,4643.12,4643.69,
2026-08-24T10:23:00Z,4643.69,4644.99,4642.955,4644.985,
2026-08-24T10:24:00Z,4644.985,4645.165,4644.16,4645.05,
2026-08-24T10:25:00Z,4645.05,4645.05,4642.525,4642.59,
2026-08-24T10:26:00Z,4642.59,4644.155,4642.59,4643.715,
2026-08-24T10:27:00Z,4643.715,4645.69,4642.735,4642.91,
2026-08-24T10:28:00Z,4642.91,4644.025,4642.91,4643.25,
2026-08-24T10:29:00Z,4643.25,4643.7,4642.825,4643.3,
2026-08-24T10:30:00Z,4643.3,4643.66,4642.86,4643.245,
2026-08-24T10:31:00Z,4643.245,4643.765,4642.865,4642.985,
2026-08-24T10:32:00Z,4642.985,4644.34,4642.905,4644.34,
2026-08-24T10:33:00Z,4644.34,4645.555,4644.175,4645.14,
2026-08-24T10:34:00Z,4645.14,4645.585,4644.52,4645.335,
2026-08-24T10:35:00Z,4645.335,4646.135,4644.65,4644.65,
2026-08-24T10:36:00Z,4644.65,4646.03,4642.985,4645.87,
2026-08-24T10:37:00Z,4645.87,4647.765,4645.72,4647.405,
2026-08-24T10:38:00Z,4647.405,4649.11,4647.325,4648.17,
2026-08-24T10:39:00Z,4648.17,4648.395,4647.665,4648.16,
2026-08-24T10:40:00Z,4648.16,4648.16,4647.2,4648.115,
2026-08-24T10:41:00Z,4648.115,4648.115,4646.315,4646.62,
2026-08-24T10:42:00Z,4646.62,4646.65,4644.685,4644.925,
2026-08-24T10:43:00Z,4644.925,4645.6,4644.475,4645.24,
2026-08-24T10:44:00Z,4645.24,4645.24,4643.96,4644.41,
2026-08-24T10:45:00Z,4644.41,4645.25,4644.055,4644.205,
2026-08-24T10:46:00Z,4644.205,4644.935,4643.99,4644.01,
2026-08-24T10:47:00Z,4644.01,4644.165,4641.9,4642.42,
2026-08-24T10:48:00Z,4642.42,4643.54,4642.21,4643.285,
2026-08-24T10:49:00Z,4643.285,4645.9,4643.125,4645.815,
2026-08-24T10:50:00Z,4645.815,4646.805,4644.885,4646.22,
2026-08-24T10:51:00Z,4646.22,4647.185,4645.27,4645.415,
2026-08-24T10:52:00Z,4645.415,4645.665,4644.45,4644.84,
2026-08-24T10:53:00Z,4644.84,4645.985,4644.775,4645.78,
2026-08-24T10:54:00Z,4645.78,4646.055,4644.91,4645.8,
2026-08-24T10:55:00Z,4645.8,4646.725,4645.455,4646.03,
2026-08-24T10:56:00Z,4646.03,4646.505,4643.27,4643.385,
2026-08-24T10:57:00Z,4643.385,4644.915,4642.47,4644.82,
2026-08-24T10:58:00Z,4644.82,4644.935,4643.955,4644.48,
2026-08-24T10:59:00Z,4644.48,4645.15,4643.06,4643.445,
2026-08-24T11:00:00Z,4643.445,4643.505,4641.565,4641.745,
2026-08-24T11:01:00Z,4641.745,4642.135,4640.115,4641.245,
2026-08-24T11:02:00Z,4641.245,4642.74,4640.96,4642.525,
2026-08-24T11:03:00Z,4642.525,4646.64,4642.525,4646.355,
2026-08-24T11:04:00Z,4646.355,4647.0,4645.365,4646.085,
2026-08-24T11:05:00Z,4646.085,4646.71,4644.225,4644.315,
2026-08-24T11:06:00Z,4644.315,4644.315,4639.92,4640.065,
2026-08-24T11:07:00Z,4640.065,4641.855,4639.955,4641.035,
2026-08-24T11:08:00Z,4641.035,4642.035,4640.845,4640.845,
2026-08-24T11:09:00Z,4640.845,4642.385,4640.31,4640.585,
2026-08-24T11:10:00Z,4640.585,4641.08,4640.375,4640.4,
2026-08-24T11:11:00Z,4640.4,4640.53,4639.19,4640.53,
2026-08-24T11:12:00Z,4640.53,4644.67,4640.46,4644.58,
2026-08-24T11:13:00Z,4644.58,4644.855,4643.16,4643.205,
2026-08-24T11:14:00Z,4643.205,4643.205,4640.85,4642.39,
2026-08-24T11:15:00Z,4642.39,4643.31,4641.85,4642.375,
2026-08-24T11:16:00Z,4642.375,4643.76,4641.975,4643.33,
2026-08-24T11:17:00Z,4643.33,4645.685,4643.08,4644.98,
2026-08-24T11:18:00Z,4644.98,4645.46,4642.6,4643.61,
2026-08-24T11:19:00Z,4643.61,4644.96,4643.39,4644.735,
2026-08-24T11:20:00Z,4644.735,4645.81,4644.735,4644.97,
2026-08-24T11:21:00Z,4644.97,4645.245,4644.43,4644.44,
2026-08-24T11:22:00Z,4644.44,4644.755,4643.525,4643.905,
2026-08-24T11:23:00Z,4643.905,4644.18,4642.58,4643.47,
2026-08-24T11:24:00Z,4643.47,4643.925,4640.585,4641.58,
2026-08-24T11:25:00Z,4641.58,4643.095,4640.905,4641.83,
2026-08-24T11:26:00Z,4641.83,4643.18,4641.69,4642.255,
2026-08-24T11:27:00Z,4642.255,4642.81,4642.13,4642.695,
2026-08-24T11:28:00Z,4642.695,4645.875,4642.645,4645.155,
2026-08-24T11:29:00Z,4645.155,4647.57,4644.68,4646.565,
2026-08-24T11:30:00Z,4646.565,4647.875,4644.17,4644.59,
2026-08-24T11:31:00Z,4644.59,4646.585,4643.58,4645.92,
2026-08-24T11:32:00Z,4645.92,4650.11,4645.305,4648.48,
2026-08-24T11:33:00Z,4648.48,4649.36,4647.74,4649.115,
2026-08-24T11:34:00Z,4649.115,4652.15,4647.91,4652.15,
2026-08-24T11:35:00Z,4652.15,4661.47,4650.935,4652.235,
2026-08-24T11:36:00Z,4652.235,4663.975,4651.45,4662.01,
2026-08-24T11:37:00Z,4662.01,4666.73,4659.39,4665.14,
2026-08-24T11:38:00Z,4665.14,4670.205,4664.315,4666.09,
2026-08-24T11:39:00Z,4666.09,4666.475,4660.36,4660.695,
2026-08-24T11:40:00Z,4660.695,4665.655,4659.11,4664.14,
2026-08-24T11:41:00Z,4664.14,4666.64,4658.94,4659.21,
2026-08-24T11:42:00Z,4659.21,4663.85,4657.455,4660.99,
2026-08-24T11:43:00Z,4660.99,4662.005,4656.845,4657.275,
2026-08-24T11:44:00Z,4657.275,4659.42,4654.045,4658.76,
2026-08-24T11:45:00Z,4658.76,4661.485,4658.365,4659.65,
2026-08-24T11:46:00Z,4659.65,4659.99,4653.145,4653.33,
2026-08-24T11:47:00Z,4653.33,4654.565,4651.56,4653.93,
2026-08-24T11:48:00Z,4653.93,4653.93,4649.75,4650.795,
2026-08-24T11:49:00Z,4650.795,4651.175,4648.315,4649.095,
2026-08-24T11:50:00Z,4649.095,4651.89,4648.415,4650.835,
2026-08-24T11:51:00Z,4650.835,4651.615,4649.025,4651.025,
2026-08-24T11:52:00Z,4651.025,4654.895,4650.825,4654.7,
2026-08-24T11:53:00Z,4654.7,4656.39,4653.655,4656.39,
2026-08-24T11:54:00Z,4656.39,4659.825,4655.995,4659.825,
2026-08-24T11:55:00Z,4659.825,4660.165,4657.645,4658.82,
2026-08-24T11:56:00Z,4658.82,4659.1,4656.825,4657.27,
2026-08-24T11:57:00Z,4657.27,4658.145,4655.61,4657.565,
2026-08-24T11:58:00Z,4657.565,4657.77,4656.0,4656.485,
2026-08-24T11:59:00Z,4656.485,4658.03,4656.34,4658.03,
2026-08-24T12:00:00Z,4658.03,4658.725,4656.3,4656.375,
2026-08-24T12:01:00Z,4656.375,4656.475,4653.33,4653.33,
2026-08-24T12:02:00Z,4653.33,4653.605,4651.09,4653.18,
2026-08-24T12:03:00Z,4653.18,4653.53,4651.7,4651.82,
2026-08-24T12:04:00Z,4651.82,4654.025,4650.53,4652.335,
2026-08-24T12:05:00Z,4652.335,4653.575,4650.265,4650.715,
2026-08-24T12:06:00Z,4650.715,4653.98,4650.06,4652.425,
2026-08-24T12:07:00Z,4652.425,4656.405,4652.07,4655.825,
2026-08-24T12:08:00Z,4655.825,4656.54,4654.23,4654.49,
2026-08-24T12:09:00Z,4654.49,4655.36,4653.69,4654.93,
2026-08-24T12:10:00Z,4654.93,4657.105,4654.095,4657.095,
2026-08-24T12:11:00Z,4657.095,4658.645,4656.665,4658.355,
2026-08-24T12:12:00Z,4658.355,4660.23,4657.36,4658.175,
2026-08-24T12:13:00Z,4658.175,4660.015,4657.355,4659.85,
2026-08-24T12:14:00Z,4659.85,4659.96,4657.475,4657.475,
2026-08-24T12:15:00Z,4657.475,4657.5,4655.42,4655.92,
2026-08-24T12:16:00Z,4655.92,4656.8,4654.84,4656.39,
2026-08-24T12:17:00Z,4656.39,4656.785,4655.795,4656.38,
2026-08-24T12:18:00Z,4656.38,4656.94,4653.405,4653.56,
2026-08-24T12:19:00Z,4653.56,4654.1,4652.075,4653.32,
2026-08-24T12:20:00Z,4653.32,4657.925,4651.85,4654.665,
2026-08-24T12:21:00Z,4654.665,4656.515,4653.55,4656.31,
2026-08-24T12:22:00Z,4656.31,4659.0,4655.615,4657.23,
2026-08-24T12:23:00Z,4657.23,4659.45,4657.22,4659.305,
2026-08-24T12:24:00Z,4659.305,4659.605,4657.39,4657.63,
2026-08-24T12:25:00Z,4657.63,4658.5,4655.2,4657.775,
2026-08-24T12:26:00Z,4657.775,4659.76,4656.29,4658.56,
2026-08-24T12:27:00Z,4658.56,4661.23,4658.335,4660.535,
2026-08-24T12:28:00Z,4660.535,4661.39,4660.27,4661.305,
2026-08-24T12:29:00Z,4661.305,4662.82,4661.305,4661.895,
2026-08-24T12:30:00Z,4661.895,4661.91,4658.49,4660.5,
2026-08-24T12:31:00Z,4660.5,4661.815,4658.625,4660.945,
2026-08-24T12:32:00Z,4660.945,4660.945,4645.73,4648.25,
2026-08-24T12:33:00Z,4648.25,4655.065,4648.25,4654.305,
2026-08-24T12:34:00Z,4654.305,4655.865,4653.52,4654.855,
2026-08-24T12:35:00Z,4654.855,4659.165,4654.525,4659.085,
2026-08-24T12:36:00Z,4659.085,4661.205,4659.03,4659.58,
2026-08-24T12:37:00Z,4659.58,4660.895,4658.225,4660.215,
2026-08-24T12:38:00Z,4660.215,4663.415,4659.905,4663.015,
2026-08-24T12:39:00Z,4663.015,4664.095,4662.045,4663.07,
2026-08-24T12:40:00Z,4663.07,4664.925,4663.01,4663.415,
2026-08-24T12:41:00Z,4663.415,4668.735,4661.5,4665.135,
2026-08-24T12:42:00Z,4665.135,4665.275,4659.79,4659.815,
2026-08-24T12:43:00Z,4659.815,4659.815,4655.965,4656.5,
2026-08-24T12:44:00Z,4656.5,4657.595,4655.33,4657.565,
2026-08-24T12:45:00Z,4657.565,4657.78,4654.61,4655.56,
2026-08-24T12:46:00Z,4655.56,4657.515,4654.91,4656.115,
2026-08-24T12:47:00Z,4656.115,4658.78,4655.525,4658.555,
2026-08-24T12:48:00Z,4658.555,4661.75,4658.555,4661.035,
2026-08-24T12:49:00Z,4661.035,4662.185,4660.51,4662.08,
2026-08-24T12:50:00Z,4662.08,4663.285,4661.77,4663.19,
2026-08-24T12:51:00Z,4663.19,4666.005,4661.58,4664.755,
2026-08-24T12:52:00Z,4664.755,4665.53,4663.875,4665.055,
2026-08-24T12:53:00Z,4665.055,4665.655,4664.11,4665.1,
2026-08-24T12:54:00Z,4665.1,4667.045,4664.815,4667.02,
2026-08-24T12:55:00Z,4667.02,4667.415,4665.415,4665.99,
2026-08-24T12:56:00Z,4665.99,4666.33,4663.82,4664.67,
2026-08-24T12:57:00Z,4664.67,4664.81,4661.645,4663.385,
2026-08-24T12:58:00Z,4663.385,4663.875,4662.27,4662.95,
2026-08-24T12:59:00Z,4662.95,4663.25,4661.9,4662.915,
2026-08-24T13:00:00Z,4662.915,4664.885,4661.77,4662.15,
2026-08-24T13:01:00Z,4662.15,4665.965,4661.88,4665.925,
2026-08-24T13:02:00Z,4665.925,4669.78,4665.845,4669.78,
2026-08-24T13:03:00Z,4669.78,4671.18,4666.86,4668.4,
2026-08-24T13:04:00Z,4668.4,4668.455,4666.345,4667.205,
2026-08-24T13:05:00Z,4667.205,4672.9,4667.185,4671.735,
2026-08-24T13:06:00Z,4671.735,4673.94,4671.645,4673.82,
2026-08-24T13:07:00Z,4673.82,4674.205,4670.955,4672.03,
2026-08-24T13:08:00Z,4672.03,4673.365,4671.39,4672.11,
2026-08-24T13:09:00Z,4672.11,4673.765,4671.67,4673.765,
2026-08-24T13:10:00Z,4673.765,4675.16,4673.515,4674.66,
2026-08-24T13:11:00Z,4674.66,4677.835,4674.46,4677.57,
2026-08-24T13:12:00Z,4677.57,4677.88,4673.505,4673.765,
2026-08-24T13:13:00Z,4673.765,4675.36,4673.33,4674.47,
2026-08-24T13:14:00Z,4674.47,4677.68,4674.445,4677.22,
2026-08-24T13:15:00Z,4677.22,4677.97,4674.925,4677.205,
2026-08-24T13:16:00Z,4677.205,4677.715,4676.45,4676.82,
2026-08-24T13:17:00Z,4676.82,4676.905,4671.615,4672.715,
2026-08-24T13:18:00Z,4672.715,4675.82,4672.65,4675.27,
2026-08-24T13:19:00Z,4675.27,4675.765,4672.425,4672.425,
2026-08-24T13:20:00Z,4672.425,4672.75,4670.91,4671.66,
2026-08-24T13:21:00Z,4671.66,4672.09,4669.495,4669.495,
2026-08-24T13:22:00Z,4669.495,4672.17,4668.915,4670.955,
2026-08-24T13:23:00Z,4670.955,4671.075,4667.965,4668.515,
2026-08-24T13:24:00Z,4668.515,4671.04,4667.89,4670.785,
2026-08-24T13:25:00Z,4670.785,4671.285,4668.545,4670.26,
2026-08-24T13:26:00Z,4670.26,4672.35,4668.87,4672.055,
2026-08-24T13:27:00Z,4672.055,4674.785,4671.675,4674.195,
2026-08-24T13:28:00Z,4674.195,4674.46,4672.645,4673.33,
2026-08-24T13:29:00Z,4673.33,4673.925,4671.44,4672.435,
2026-08-24T13:30:00Z,4672.435,4678.425,4670.96,4675.93,
2026-08-24T13:31:00Z,4675.93,4677.12,4671.305,4673.62,
2026-08-24T13:32:00Z,4673.62,4675.01,4670.24,4670.825,
2026-08-24T13:33:00Z,4670.825,4676.675,4670.06,4674.98,
2026-08-24T13:34:00Z,4674.98,4680.19,4674.945,4679.975,
2026-08-24T13:35:00Z,4679.975,4681.01,4678.78,4679.47,
2026-08-24T13:36:00Z,4679.47,4680.575,4676.25,4679.195,
2026-08-24T13:37:00Z,4679.195,4679.195,4671.66,4672.69,
2026-08-24T13:38:00Z,4672.69,4672.79,4668.77,4670.345,
2026-08-24T13:39:00Z,4670.345,4670.66,4667.155,4667.155,
2026-08-24T13:40:00Z,4667.155,4672.525,4665.135,4672.22,
2026-08-24T13:41:00Z,4672.22,4674.415,4669.78,4673.37,
2026-08-24T13:42:00Z,4673.37,4673.86,4669.525,4669.98,
2026-08-24T13:43:00Z,4669.98,4669.98,4664.805,4665.395,
2026-08-24T13:44:00Z,4665.395,4665.8,4658.655,4658.855,
2026-08-24T13:45:00Z,4658.855,4665.01,4656.265,4664.88,
2026-08-24T13:46:00Z,4664.88,4671.415,4664.61,4671.415,
2026-08-24T13:47:00Z,4671.415,4676.185,4671.24,4675.35,
2026-08-24T13:48:00Z,4675.35,4677.025,4673.47,4676.745,
2026-08-24T13:49:00Z,4676.745,4678.11,4672.83,4673.785,
2026-08-24T13:50:00Z,4673.785,4676.005,4671.405,4672.495,
2026-08-24T13:51:00Z,4672.495,4674.38,4668.255,4668.255,
2026-08-24T13:52:00Z,4668.255,4669.01,4662.325,4662.465,
2026-08-24T13:53:00Z,4662.465,4664.805,4658.565,4664.53,
2026-08-24T13:54:00Z,4664.53,4666.855,4663.43,4666.855,
2026-08-24T13:55:00Z,4666.855,4668.985,4665.71,4667.925,
2026-08-24T13:56:00Z,4667.925,4668.885,4665.435,4667.15,
2026-08-24T13:57:00Z,4667.15,4667.695,4663.195,4663.345,
2026-08-24T13:58:00Z,4663.345,4663.545,4659.45,4662.735,
2026-08-24T13:59:00Z,4662.735,4665.2,4662.735,4664.815,
2026-08-24T14:00:00Z,4664.815,4667.125,4660.0,4660.75,
2026-08-24T14:01:00Z,4660.75,4666.815,4660.75,4665.35,
2026-08-24T14:02:00Z,4665.35,4667.905,4664.695,4664.775,
2026-08-24T14:03:00Z,4664.775,4667.01,4660.715,4661.395,
2026-08-24T14:04:00Z,4661.395,4664.075,4660.435,4663.1,
2026-08-24T14:05:00Z,4663.1,4665.75,4662.495,4665.55,
2026-08-24T14:06:00Z,4665.55,4666.36,4663.28,4665.375,
2026-08-24T14:07:00Z,4665.375,4667.655,4664.845,4666.095,
2026-08-24T14:08:00Z,4666.095,4666.575,4664.3,4666.495,
2026-08-24T14:09:00Z,4666.495,4670.68,4666.3,4670.68,
2026-08-24T14:10:00Z,4670.68,4672.125,4670.455,4671.57,
2026-08-24T14:11:00Z,4671.57,4672.065,4663.47,4663.87,
2026-08-24T14:12:00Z,4663.87,4666.175,4663.87,4664.755,
2026-08-24T14:13:00Z,4664.755,4667.0,4662.195,4666.55,
2026-08-24T14:14:00Z,4666.55,4668.125,4665.525,4665.805,
2026-08-24T14:15:00Z,4665.805,4666.28,4661.67,4662.49,
2026-08-24T14:16:00Z,4662.49,4662.49,4655.525,4657.435,
2026-08-24T14:17:00Z,4657.435,4659.145,4656.115,4656.52,
2026-08-24T14:18:00Z,4656.52,4659.865,4655.53,4659.175,
2026-08-24T14:19:00Z,4659.175,4665.9,4658.705,4665.9,
2026-08-24T14:20:00Z,4665.9,4669.015,4664.805,4669.0,
2026-08-24T14:21:00Z,4669.0,4670.165,4666.655,4668.455,
2026-08-24T14:22:00Z,4668.455,4668.92,4666.45,4667.44,
2026-08-24T14:23:00Z,4667.44,4669.025,4666.645,4667.235,
2026-08-24T14:24:00Z,4667.235,4669.38,4665.235,4666.38,
2026-08-24T14:25:00Z,4666.38,4668.48,4665.965,4666.515,
2026-08-24T14:26:00Z,4666.515,4669.94,4666.41,4669.3,
2026-08-24T14:27:00Z,4669.3,4672.71,4669.295,4672.245,
2026-08-24T14:28:00Z,4672.245,4675.145,4672.195,4674.01,
2026-08-24T14:29:00Z,4674.01,4674.515,4671.615,4671.88,
2026-08-24T14:30:00Z,4671.88,4673.49,4670.875,4673.3,
2026-08-24T14:31:00Z,4673.3,4673.4,4671.665,4672.06,
2026-08-24T14:32:00Z,4672.06,4673.555,4671.995,4672.355,
2026-08-24T14:33:00Z,4672.355,4673.18,4671.385,4671.84,
2026-08-24T14:34:00Z,4671.84,4677.46,4671.82,4676.72,
2026-08-24T14:35:00Z,4676.72,4677.935,4675.715,4677.035,
2026-08-24T14:36:00Z,4677.035,4678.87,4676.725,4678.16,
2026-08-24T14:37:00Z,4678.16,4678.16,4676.085,4676.405,
2026-08-24T14:38:00Z,4676.405,4677.055,4674.785,4675.94,
2026-08-24T14:39:00Z,4675.94,4676.3,4675.155,4675.715,
2026-08-24T14:40:00Z,4675.715,4676.86,4675.65,4676.44,
2026-08-24T14:41:00Z,4676.44,4677.975,4675.98,4676.655,
2026-08-24T14:42:00Z,4676.655,4676.835,4669.885,4670.62,
2026-08-24T14:43:00Z,4670.62,4671.765,4670.62,4671.15,
2026-08-24T14:44:00Z,4671.15,4672.12,4670.425,4671.98,
2026-08-24T14:45:00Z,4671.98,4673.295,4671.79,4672.085,
2026-08-24T14:46:00Z,4672.085,4672.345,4669.92,4670.515,
2026-08-24T14:47:00Z,4670.515,4671.245,4670.12,4670.4,
2026-08-24T14:48:00Z,4670.4,4670.68,4668.595,4669.715,
2026-08-24T14:49:00Z,4669.715,4669.715,4665.28,4665.87,
2026-08-24T14:50:00Z,4665.87,4666.08,4661.11,4662.06,
2026-08-24T14:51:00Z,4662.06,4662.245,4657.27,4659.855,
2026-08-24T14:52:00Z,4659.855,4660.68,4656.97,4660.44,
2026-08-24T14:53:00Z,4660.44,4666.34,4660.44,4665.265,
2026-08-24T14:54:00Z,4665.265,4668.57,4664.7,4668.57,
2026-08-24T14:55:00Z,4668.57,4668.765,4667.27,4668.41,
2026-08-24T14:56:00Z,4668.41,4672.175,4668.405,4671.99,
2026-08-24T14:57:00Z,4671.99,4675.775,4670.98,4673.685,
2026-08-24T14:58:00Z,4673.685,4673.695,4672.515,4672.725,
2026-08-24T14:59:00Z,4672.725,4672.725,4670.08,4670.39,
2026-08-24T15:00:00Z,4670.39,4670.695,4666.105,4667.87,
2026-08-24T15:01:00Z,4667.87,4668.52,4666.3,4666.54,
2026-08-24T15:02:00Z,4666.54,4669.32,4665.465,4668.79,
2026-08-24T15:03:00Z,4668.79,4673.405,4668.705,4673.26,
2026-08-24T15:04:00Z,4673.26,4676.705,4673.09,4675.73,
2026-08-24T15:05:00Z,4675.73,4676.44,4673.28,4674.565,
2026-08-24T15:06:00Z,4674.565,4674.85,4673.48,4674.77,
2026-08-24T15:07:00Z,4674.77,4675.415,4674.485,4674.965,
2026-08-24T15:08:00Z,4674.965,4675.21,4673.265,4675.15,
2026-08-24T15:09:00Z,4675.15,4676.57,4673.56,4673.585,
2026-08-24T15:10:00Z,4673.585,4673.915,4671.575,4672.325,
2026-08-24T15:11:00Z,4672.325,4673.745,4671.135,4673.355,
2026-08-24T15:12:00Z,4673.355,4674.545,4673.095,4674.405,
2026-08-24T15:13:00Z,4674.405,4675.11,4672.755,4673.13,
2026-08-24T15:14:00Z,4673.13,4674.13,4672.82,4672.955,
2026-08-24T15:15:00Z,4672.955,4673.735,4669.83,4670.195,
2026-08-24T15:16:00Z,4670.195,4672.475,4670.14,4671.135,
2026-08-24T15:17:00Z,4671.135,4671.775,4670.475,4670.96,
2026-08-24T15:18:00Z,4670.96,4673.615,4670.48,4672.22,
2026-08-24T15:19:00Z,4672.22,4673.495,4671.94,4673.34,
2026-08-24T15:20:00Z,4673.34,4673.525,4671.68,4672.68,
2026-08-24T15:21:00Z,4672.68,4672.71,4670.1,4670.665,
2026-08-24T15:22:00Z,4670.665,4671.375,4669.915,4669.945,
2026-08-24T15:23:00Z,4669.945,4670.17,4669.235,4669.315,
2026-08-24T15:24:00Z,4669.315,4670.335,4668.315,4670.335,
2026-08-24T15:25:00Z,4670.335,4672.565,4670.335,4671.595,
2026-08-24T15:26:00Z,4671.595,4673.91,4669.335,4673.875,
2026-08-24T15:27:00Z,4673.875,4675.28,4673.41,4673.41,
2026-08-24T15:28:00Z,4673.41,4675.39,4673.155,4675.11,
2026-08-24T15:29:00Z,4675.11,4679.435,4674.1,4675.97,
2026-08-24T15:30:00Z,4675.97,4677.31,4672.98,4675.54,
2026-08-24T15:31:00Z,4675.54,4676.185,4672.575,4674.385,
2026-08-24T15:32:00Z,4674.385,4674.945,4670.065,4671.96,
2026-08-24T15:33:00Z,4671.96,4674.075,4671.545,4674.075,
2026-08-24T15:34:00Z,4674.075,4674.08,4671.825,4672.585,
2026-08-24T15:35:00Z,4672.585,4673.63,4671.35,4672.975,
2026-08-24T15:36:00Z,4672.975,4674.81,4672.96,4673.935,
2026-08-24T15:37:00Z,4673.935,4674.445,4671.565,4671.565,
2026-08-24T15:38:00Z,4671.565,4671.565,4668.065,4668.315,
2026-08-24T15:39:00Z,4668.315,4669.18,4667.59,4668.515,
2026-08-24T15:40:00Z,4668.515,4668.615,4664.705,4666.33,
2026-08-24T15:41:00Z,4666.33,4666.905,4664.435,4665.3,
2026-08-24T15:42:00Z,4665.3,4665.465,4661.895,4662.715,
2026-08-24T15:43:00Z,4662.715,4664.275,4660.145,4661.945,
2026-08-24T15:44:00Z,4661.945,4662.005,4659.83,4660.87,
2026-08-24T15:45:00Z,4660.87,4661.035,4655.07,4655.07,
2026-08-24T15:46:00Z,4655.07,4662.895,4655.07,4662.51,
2026-08-24T15:47:00Z,4662.51,4663.35,4660.78,4660.89,
2026-08-24T15:48:00Z,4660.89,4660.89,4650.815,4652.325,
2026-08-24T15:49:00Z,4652.325,4652.385,4645.265,4647.22,
2026-08-24T15:50:00Z,4647.22,4653.84,4646.77,4650.91,
2026-08-24T15:51:00Z,4650.91,4652.94,4648.435,4652.685,
2026-08-24T15:52:00Z,4652.685,4653.615,4650.57,4653.305,
2026-08-24T15:53:00Z,4653.305,4654.78,4651.215,4654.495,
2026-08-24T15:54:00Z,4654.495,4655.695,4653.11,4653.395,
2026-08-24T15:55:00Z,4653.395,4653.395,4647.41,4648.12,
2026-08-24T15:56:00Z,4648.12,4648.12,4644.755,4645.475,
2026-08-24T15:57:00Z,4645.475,4646.505,4642.875,4642.955,
2026-08-24T15:58:00Z,4642.955,4646.54,4640.105,4645.695,
2026-08-24T15:59:00Z,4645.695,4649.48,4645.56,4649.205,
2026-08-24T16:00:00Z,4649.205,4651.7,4646.73,4648.41,
2026-08-24T16:01:00Z,4648.41,4657.245,4646.705,4653.605,
2026-08-24T16:02:00Z,4653.605,4658.37,4652.605,4657.79,
2026-08-24T16:03:00Z,4657.79,4659.985,4655.83,4659.875,
2026-08-24T16:04:00Z,4659.875,4661.815,4658.625,4659.045,
2026-08-24T16:05:00Z,4659.045,4661.96,4658.92,4659.965,
2026-08-24T16:06:00Z,4659.965,4660.045,4657.215,4658.015,
2026-08-24T16:07:00Z,4658.015,4660.52,4657.82,4659.19,
2026-08-24T16:08:00Z,4659.19,4659.31,4654.875,4655.69,
2026-08-24T16:09:00Z,4655.69,4655.9,4654.245,4654.445,
2026-08-24T16:10:00Z,4654.445,4656.885,4653.78,4655.755,
2026-08-24T16:11:00Z,4655.755,4657.405,4654.985,4656.625,
2026-08-24T16:12:00Z,4656.625,4657.74,4656.19,4657.14,
2026-08-24T16:13:00Z,4657.14,4657.82,4656.435,4656.71,
2026-08-24T16:14:00Z,4656.71,4658.085,4656.71,4657.605,
2026-08-24T16:15:00Z,4657.605,4658.42,4657.0,4657.915,
2026-08-24T16:16:00Z,4657.915,4657.915,4656.095,4657.29,
2026-08-24T16:17:00Z,4657.29,4659.53,4656.98,4659.3,
2026-08-24T16:18:00Z,4659.3,4659.815,4658.48,4659.76,
2026-08-24T16:19:00Z,4659.76,4660.64,4658.385,4658.895,
2026-08-24T16:20:00Z,4658.895,4659.155,4657.825,4658.245,
2026-08-24T16:21:00Z,4658.245,4659.36,4656.92,4656.92,
2026-08-24T16:22:00Z,4656.92,4658.02,4656.92,4657.575,
2026-08-24T16:23:00Z,4657.575,4657.975,4656.895,4657.585,
2026-08-24T16:24:00Z,4657.585,4657.585,4656.26,4656.535,
2026-08-24T16:25:00Z,4656.535,4657.855,4656.285,4657.29,
2026-08-24T16:26:00Z,4657.29,4658.985,4657.29,4658.81,
2026-08-24T16:27:00Z,4658.81,4658.93,4658.075,4658.48,
2026-08-24T16:28:00Z,4658.48,4659.175,4657.915,4659.165,
2026-08-24T16:29:00Z,4659.165,4659.47,4658.425,4659.005,
2026-08-24T16:30:00Z,4659.005,4661.215,4658.975,4661.215,
2026-08-24T16:31:00Z,4661.215,4661.56,4659.99,4660.11,
2026-08-24T16:32:00Z,4660.11,4661.44,4659.89,4660.72,
2026-08-24T16:33:00Z,4660.72,4661.37,4660.395,4660.52,
2026-08-24T16:34:00Z,4660.52,4661.21,4660.315,4660.71,
2026-08-24T16:35:00Z,4660.71,4660.71,4659.4,4660.62,
2026-08-24T16:36:00Z,4660.62,4662.24,4660.125,4661.85,
2026-08-24T16:37:00Z,4661.85,4662.345,4661.0,4661.405,
2026-08-24T16:38:00Z,4661.405,4662.31,4660.785,4660.82,
2026-08-24T16:39:00Z,4660.82,4661.06,4659.675,4659.89,
2026-08-24T16:40:00Z,4659.89,4660.295,4658.99,4660.185,
2026-08-24T16:41:00Z,4660.185,4661.43,4659.785,4660.74,
2026-08-24T16:42:00Z,4660.74,4661.43,4659.985,4659.99,
2026-08-24T16:43:00Z,4659.99,4661.265,4659.99,4660.76,
2026-08-24T16:44:00Z,4660.76,4661.0,4658.585,4659.79,
2026-08-24T16:45:00Z,4659.79,4660.13,4657.745,4658.31,
2026-08-24T16:46:00Z,4658.31,4658.46,4657.255,4657.255,
2026-08-24T16:47:00Z,4657.255,4657.255,4655.7,4655.935,
2026-08-24T16:48:00Z,4655.935,4656.85,4655.35,4656.34,
2026-08-24T16:49:00Z,4656.34,4658.16,4656.34,4657.58,
2026-08-24T16:50:00Z,4657.58,4657.91,4655.985,4656.54,
2026-08-24T16:51:00Z,4656.54,4656.725,4653.85,4653.895,
2026-08-24T16:52:00Z,4653.895,4654.395,4651.305,4653.68,
2026-08-24T16:53:00Z,4653.68,4654.39,4652.96,4654.18,
2026-08-24T16:54:00Z,4654.18,4654.27,4652.095,4652.53,
2026-08-24T16:55:00Z,4652.53,4652.54,4649.86,4649.87,
2026-08-24T16:56:00Z,4649.87,4650.135,4642.19,4644.2,
2026-08-24T16:57:00Z,4644.2,4646.355,4643.815,4646.09,
2026-08-24T16:58:00Z,4646.09,4646.36,4642.22,4642.64,
2026-08-24T16:59:00Z,4642.64,4645.745,4642.295,4644.96,
2026-08-24T17:00:00Z,4644.96,4645.455,4642.515,4643.61,
2026-08-24T17:01:00Z,4643.61,4646.87,4643.255,4646.15,
2026-08-24T17:02:00Z,4646.15,4646.28,4641.815,4642.28,
2026-08-24T17:03:00Z,4642.28,4645.13,4642.165,4645.07,
2026-08-24T17:04:00Z,4645.07,4647.805,4644.945,4646.0,
2026-08-24T17:05:00Z,4646.0,4647.32,4644.2,4645.24,
2026-08-24T17:06:00Z,4645.24,4645.955,4644.23,4645.915,
2026-08-24T17:07:00Z,4645.915,4651.58,4645.13,4650.995,
2026-08-24T17:08:00Z,4650.995,4655.025,4650.465,4654.53,
2026-08-24T17:09:00Z,4654.53,4655.27,4652.485,4652.485,
2026-08-24T17:10:00Z,4652.485,4652.795,4649.655,4649.995,
2026-08-24T17:11:00Z,4649.995,4654.55,4649.71,4654.11,
2026-08-24T17:12:00Z,4654.11,4654.745,4652.225,4653.21,
2026-08-24T17:13:00Z,4653.21,4654.355,4651.045,4651.835,
2026-08-24T17:14:00Z,4651.835,4653.12,4650.18,4651.92,
2026-08-24T17:15:00Z,4651.92,4654.075,4651.18,4652.645,
2026-08-24T17:16:00Z,4652.645,4653.09,4647.95,4650.865,
2026-08-24T17:17:00Z,4650.865,4653.985,4650.865,4653.365,
2026-08-24T17:18:00Z,4653.365,4654.275,4651.645,4651.735,
2026-08-24T17:19:00Z,4651.735,4652.14,4648.375,4648.375,
2026-08-24T17:20:00Z,4648.375,4648.375,4637.145,4637.145,
2026-08-24T17:21:00Z,4637.145,4639.09,4631.415,4631.415,
2026-08-24T17:22:00Z,4631.415,4634.15,4630.26,4631.125,
2026-08-24T17:23:00Z,4631.125,4637.185,4630.44,4637.085,
2026-08-24T17:24:00Z,4637.085,4638.91,4634.99,4636.77,
2026-08-24T17:25:00Z,4636.77,4636.77,4633.015,4635.45,
2026-08-24T17:26:00Z,4635.45,4638.715,4635.45,4638.59,
2026-08-24T17:27:00Z,4638.59,4641.45,4636.575,4639.94,
2026-08-24T17:28:00Z,4639.94,4643.11,4639.48,4643.07,
2026-08-24T17:29:00Z,4643.07,4645.11,4637.81,4638.685,
2026-08-24T17:30:00Z,4638.685,4640.76,4636.895,4639.255,
2026-08-24T17:31:00Z,4639.255,4641.075,4638.29,4640.89,
2026-08-24T17:32:00Z,4640.89,4641.08,4635.69,4635.81,
2026-08-24T17:33:00Z,4635.81,4638.59,4635.81,4636.815,
2026-08-24T17:34:00Z,4636.815,4638.235,4636.215,4637.65,
2026-08-24T17:35:00Z,4637.65,4638.335,4636.895,4637.42,
2026-08-24T17:36:00Z,4637.42,4642.345,4637.355,4641.875,
2026-08-24T17:37:00Z,4641.875,4643.055,4641.68,4642.19,
2026-08-24T17:38:00Z,4642.19,4642.92,4641.425,4641.925,
2026-08-24T17:39:00Z,4641.925,4642.285,4640.475,4641.23,
2026-08-24T17:40:00Z,4641.23,4642.325,4641.15,4641.815,
2026-08-24T17:41:00Z,4641.815,4641.86,4640.3,4641.48,
2026-08-24T17:42:00Z,4641.48,4641.915,4640.9,4640.945,
2026-08-24T17:43:00Z,4640.945,4642.155,4639.83,4640.215,
2026-08-24T17:44:00Z,4640.215,4640.515,4638.635,4638.825,
2026-08-24T17:45:00Z,4638.825,4639.185,4637.1,4638.035,
2026-08-24T17:46:00Z,4638.035,4638.615,4637.33,4637.845,
2026-08-24T17:47:00Z,4637.845,4638.45,4636.43,4636.99,
2026-08-24T17:48:00Z,4636.99,4637.045,4636.245,4636.73,
2026-08-24T17:49:00Z,4636.73,4636.985,4633.89,4633.97,
2026-08-24T17:50:00Z,4633.97,4638.84,4633.105,4638.415,
2026-08-24T17:51:00Z,4638.415,4638.665,4635.915,4636.875,
2026-08-24T17:52:00Z,4636.875,4637.575,4633.925,4634.12,
2026-08-24T17:53:00Z,4634.12,4635.58,4633.835,4635.215,
2026-08-24T17:54:00Z,4635.215,4635.31,4634.235,4634.315,
2026-08-24T17:55:00Z,4634.315,4634.54,4633.185,4633.53,
2026-08-24T17:56:00Z,4633.53,4635.805,4633.5,4635.53,
2026-08-24T17:57:00Z,4635.53,4637.095,4634.785,4636.195,
2026-08-24T17:58:00Z,4636.195,4637.605,4636.075,4636.28,
2026-08-24T17:59:00Z,4636.28,4637.39,4636.075,4636.7,
2026-08-24T18:00:00Z,4636.7,4637.865,4636.025,4636.025,
2026-08-24T18:01:00Z,4636.025,4637.06,4635.32,4636.895,
2026-08-24T18:02:00Z,4636.895,4640.945,4636.595,4638.79,
2026-08-24T18:03:00Z,4638.79,4639.725,4638.095,4639.53,
2026-08-24T18:04:00Z,4639.53,4640.595,4639.435,4640.295,
2026-08-24T18:05:00Z,4640.295,4640.325,4638.47,4639.745,
2026-08-24T18:06:00Z,4639.745,4639.745,4633.8,4633.82,
2026-08-24T18:07:00Z,4633.82,4636.21,4633.695,4634.755,
2026-08-24T18:08:00Z,4634.755,4635.21,4626.19,4627.12,
2026-08-24T18:09:00Z,4627.12,4632.755,4625.23,4632.285,
2026-08-24T18:10:00Z,4632.285,4634.19,4630.85,4633.09,
2026-08-24T18:11:00Z,4633.09,4635.075,4632.47,4634.93,
2026-08-24T18:12:00Z,4634.93,4634.93,4631.675,4631.98,
2026-08-24T18:13:00Z,4631.98,4632.025,4630.08,4631.16,
2026-08-24T18:14:00Z,4631.16,4633.465,4631.15,4632.18,
2026-08-24T18:15:00Z,4632.18,4634.225,4630.985,4633.625,
2026-08-24T18:16:00Z,4633.625,4634.335,4630.32,4630.73,
2026-08-24T18:17:00Z,4630.73,4632.015,4630.73,4631.005,
2026-08-24T18:18:00Z,4631.005,4631.64,4629.655,4630.185,
2026-08-24T18:19:00Z,4630.185,4630.375,4627.695,4628.51,
2026-08-24T18:20:00Z,4628.51,4631.205,4627.39,4631.05,
2026-08-24T18:21:00Z,4631.05,4634.165,4631.02,4634.165,
2026-08-24T18:22:00Z,4634.165,4636.475,4633.78,4635.555,
2026-08-24T18:23:00Z,4635.555,4636.835,4635.04,4635.985,
2026-08-24T18:24:00Z,4635.985,4636.72,4635.59,4636.4,
2026-08-24T18:25:00Z,4636.4,4640.9,4636.335,4639.87,
2026-08-24T18:26:00Z,4639.87,4640.82,4639.455,4640.58,
2026-08-24T18:27:00Z,4640.58,4642.415,4640.1,4641.61,
2026-08-24T18:28:00Z,4641.61,4642.265,4638.365,4639.435,
2026-08-24T18:29:00Z,4639.435,4641.255,4639.025,4640.45,
2026-08-24T18:30:00Z,4640.45,4641.995,4640.02,4640.18,
2026-08-24T18:31:00Z,4640.18,4640.505,4637.38,4637.795,
2026-08-24T18:32:00Z,4637.795,4638.78,4636.99,4638.395,
2026-08-24T18:33:00Z,4638.395,4638.395,4635.275,4635.56,
2026-08-24T18:34:00Z,4635.56,4635.645,4631.825,4632.335,
2026-08-24T18:35:00Z,4632.335,4633.31,4631.09,4632.38,
2026-08-24T18:36:00Z,4632.38,4632.995,4630.455,4630.77,
2026-08-24T18:37:00Z,4630.77,4630.97,4627.455,4628.565,
2026-08-24T18:38:00Z,4628.565,4628.565,4625.405,4625.405,
2026-08-24T18:39:00Z,4625.405,4630.41,4625.385,4630.32,
2026-08-24T18:40:00Z,4630.32,4632.865,4630.21,4632.725,
2026-08-24T18:41:00Z,4632.725,4634.735,4632.715,4633.61,
2026-08-24T18:42:00Z,4633.61,4635.13,4633.25,4634.89,
2026-08-24T18:43:00Z,4634.89,4635.55,4634.25,4635.095,
2026-08-24T18:44:00Z,4635.095,4635.825,4634.5,4635.07,
2026-08-24T18:45:00Z,4635.07,4635.62,4634.585,4634.745,
2026-08-24T18:46:00Z,4634.745,4634.92,4633.36,4634.75,
2026-08-24T18:47:00Z,4634.75,4634.775,4632.45,4632.93,
2026-08-24T18:48:00Z,4632.93,4632.97,4631.745,4632.845,
2026-08-24T18:49:00Z,4632.845,4634.445,4632.635,4633.42,
2026-08-24T18:50:00Z,4633.42,4634.11,4633.25,4633.895,
2026-08-24T18:51:00Z,4633.895,4634.14,4633.46,4633.65,
2026-08-24T18:52:00Z,4633.65,4634.72,4633.315,4634.02,
2026-08-24T18:53:00Z,4634.02,4635.52,4634.02,4634.615,
2026-08-24T18:54:00Z,4634.615,4634.625,4633.79,4633.82,
2026-08-24T18:55:00Z,4633.82,4635.095,4633.82,4634.725,
2026-08-24T18:56:00Z,4634.725,4635.325,4634.43,4634.735,
2026-08-24T18:57:00Z,4634.735,4637.045,4634.455,4636.665,
2026-08-24T18:58:00Z,4636.665,4637.755,4636.48,4636.825,
2026-08-24T18:59:00Z,4636.825,4637.685,4636.54,4636.745,
2026-08-24T19:00:00Z,4636.745,4639.69,4636.365,4639.105,
2026-08-24T19:01:00Z,4639.105,4640.8,4638.985,4640.78,
2026-08-24T19:02:00Z,4640.78,4640.865,4639.87,4639.99,
2026-08-24T19:03:00Z,4639.99,4640.565,4638.35,4638.86,
2026-08-24T19:04:00Z,4638.86,4639.825,4638.695,4639.25,
2026-08-24T19:05:00Z,4639.25,4639.855,4638.835,4639.795,
2026-08-24T19:06:00Z,4639.795,4640.215,4638.92,4639.65,
2026-08-24T19:07:00Z,4639.65,4639.71,4636.545,4637.395,
2026-08-24T19:08:00Z,4637.395,4640.595,4636.66,4640.165,
2026-08-24T19:09:00Z,4640.165,4640.56,4638.33,4638.745,
2026-08-24T19:10:00Z,4638.745,4638.975,4637.78,4638.475,
2026-08-24T19:11:00Z,4638.475,4638.805,4637.59,4638.515,
2026-08-24T19:12:00Z,4638.515,4638.73,4636.38,4636.39,
2026-08-24T19:13:00Z,4636.39,4636.9,4636.39,4636.675,
2026-08-24T19:14:00Z,4636.675,4636.735,4636.155,4636.49,
2026-08-24T19:15:00Z,4636.49,4637.065,4636.12,4636.14,
2026-08-24T19:16:00Z,4636.14,4636.915,4636.07,4636.77,
2026-08-24T19:17:00Z,4636.77,4640.4,4636.68,4640.37,
2026-08-24T19:18:00Z,4640.37,4641.745,4639.035,4641.715,
2026-08-24T19:19:00Z,4641.715,4643.11,4641.705,4643.085,
2026-08-24T19:20:00Z,4643.085,4644.26,4641.885,4643.93,
2026-08-24T19:21:00Z,4643.93,4644.69,4643.485,4643.825,
2026-08-24T19:22:00Z,4643.825,4644.63,4643.7,4644.19,
2026-08-24T19:23:00Z,4644.19,4645.11,4643.405,4643.52,
2026-08-24T19:24:00Z,4643.52,4643.675,4642.48,4642.605,
2026-08-24T19:25:00Z,4642.605,4643.165,4641.305,4642.105,
2026-08-24T19:26:00Z,4642.105,4642.11,4640.82,4640.915,
2026-08-24T19:27:00Z,4640.915,4641.32,4640.2,4641.29,
2026-08-24T19:28:00Z,4641.29,4642.195,4641.02,4642.175,
2026-08-24T19:29:00Z,4642.175,4642.435,4641.4,4641.525,
2026-08-24T19:30:00Z,4641.525,4641.745,4640.795,4641.335,
2026-08-24T19:31:00Z,4641.335,4642.265,4641.05,4641.87,
2026-08-24T19:32:00Z,4641.87,4642.015,4640.5,4641.13,
2026-08-24T19:33:00Z,4641.13,4642.12,4640.34,4642.12,
2026-08-24T19:34:00Z,4642.12,4642.615,4641.03,4641.03,
2026-08-24T19:35:00Z,4641.03,4642.01,4640.825,4641.985,
2026-08-24T19:36:00Z,4641.985,4645.035,4641.93,4645.035,
2026-08-24T19:37:00Z,4645.035,4645.96,4644.35,4644.855,
2026-08-24T19:38:00Z,4644.855,4645.98,4644.755,4645.785,
2026-08-24T19:39:00Z,4645.785,4646.365,4644.69,4644.935,
2026-08-24T19:40:00Z,4644.935,4645.765,4644.815,4645.605,
2026-08-24T19:41:00Z,4645.605,4647.465,4645.53,4647.065,
2026-08-24T19:42:00Z,4647.065,4649.895,4646.845,4647.36,
2026-08-24T19:43:00Z,4647.36,4650.845,4647.36,4650.5,
2026-08-24T19:44:00Z,4650.5,4650.895,4649.91,4650.085,
2026-08-24T19:45:00Z,4650.085,4651.475,4650.085,4650.88,
2026-08-24T19:46:00Z,4650.88,4651.06,4650.24,4650.275,
2026-08-24T19:47:00Z,4650.275,4652.665,4650.07,4652.62,
2026-08-24T19:48:00Z,4652.62,4653.97,4652.13,4653.97,
2026-08-24T19:49:00Z,4653.97,4655.205,4653.75,4655.155,
2026-08-24T19:50:00Z,4655.155,4656.24,4651.94,4653.125,
2026-08-24T19:51:00Z,4653.125,4653.355,4652.315,4653.25,
2026-08-24T19:52:00Z,4653.25,4653.845,4652.305,4653.12,
2026-08-24T19:53:00Z,4653.12,4653.29,4651.415,4652.185,
2026-08-24T19:54:00Z,4652.185,4653.425,4652.185,4653.255,
2026-08-24T19:55:00Z,4653.255,4654.185,4652.02,4652.16,
2026-08-24T19:56:00Z,4652.16,4653.16,4651.715,4652.61,
2026-08-24T19:57:00Z,4652.61,4652.61,4650.29,4651.035,
2026-08-24T19:58:00Z,4651.035,4651.935,4650.97,4651.545,
2026-08-24T19:59:00Z,4651.545,4652.45,4651.42,4651.925,
2026-08-24T20:00:00Z,4651.925,4653.255,4650.745,4652.35,
2026-08-24T20:01:00Z,4652.35,4654.01,4652.325,4653.31,
2026-08-24T20:02:00Z,4653.31,4653.575,4652.135,4652.505,
2026-08-24T20:03:00Z,4652.505,4652.645,4652.17,4652.295,
2026-08-24T20:04:00Z,4652.295,4655.175,4652.17,4654.415,
2026-08-24T20:05:00Z,4654.415,4654.83,4653.67,4653.67,
2026-08-24T20:06:00Z,4653.67,4654.675,4653.67,4654.44,
2026-08-24T20:07:00Z,4654.44,4654.53,4653.55,4654.12,
2026-08-24T20:08:00Z,4654.12,4654.25,4653.75,4654.02,
2026-08-24T20:09:00Z,4654.02,4654.07,4653.67,4654.07,
2026-08-24T20:10:00Z,4654.07,4654.73,4653.935,4654.48,
2026-08-24T20:11:00Z,4654.48,4655.345,4651.215,4651.395,
2026-08-24T20:12:00Z,4651.395,4651.695,4650.435,4650.65,
2026-08-24T20:13:00Z,4650.65,4651.55,4650.64,4651.47,
2026-08-24T20:14:00Z,4651.47,4651.49,4650.665,4650.68,
2026-08-24T20:15:00Z,4650.68,4653.725,4650.63,4653.55,
2026-08-24T20:16:00Z,4653.55,4653.86,4653.385,4653.63,
2026-08-24T20:17:00Z,4653.63,4653.745,4653.305,4653.385,
2026-08-24T20:18:00Z,4653.385,4653.385,4652.73,4652.93,
2026-08-24T20:19:00Z,4652.93,4652.93,4651.22,4651.7,
2026-08-24T20:20:00Z,4651.7,4651.93,4651.155,4651.89,
2026-08-24T20:21:00Z,4651.89,4652.46,4650.745,4650.745,
2026-08-24T20:22:00Z,4650.745,4651.875,4650.745,4651.8,
2026-08-24T20:23:00Z,4651.8,4652.66,4651.8,4652.095,
2026-08-24T20:24:00Z,4652.095,4652.17,4650.76,4650.76,
2026-08-24T20:25:00Z,4650.76,4650.78,4650.335,4650.41,
2026-08-24T20:26:00Z,4650.41,4650.665,4649.66,4649.745,
2026-08-24T20:27:00Z,4649.745,4649.92,4649.195,4649.215,
2026-08-24T20:28:00Z,4649.215,4649.585,4649.21,4649.4,
2026-08-24T20:29:00Z,4649.4,4649.625,4649.045,4649.5,
2026-08-24T20:30:00Z,4649.5,4650.17,4649.45,4650.05,
2026-08-24T20:31:00Z,4650.05,4650.17,4648.595,4648.73,
2026-08-24T20:32:00Z,4648.73,4649.15,4648.66,4649.15,
2026-08-24T20:33:00Z,4649.15,4649.165,4648.77,4648.93,
2026-08-24T20:34:00Z,4648.93,4649.04,4648.75,4648.93,
2026-08-24T20:35:00Z,4648.93,4648.985,4648.27,4648.555,
2026-08-24T20:36:00Z,4648.555,4649.025,4648.545,4648.56,
2026-08-24T20:37:00Z,4648.56,4649.41,4648.56,4648.765,
2026-08-24T20:38:00Z,4648.765,4649.045,4648.4,4649.045,
2026-08-24T20:39:00Z,4649.045,4649.045,4648.67,4648.79,
2026-08-24T20:40:00Z,4648.79,4648.83,4648.57,4648.83,
2026-08-24T20:41:00Z,4648.83,4648.855,4647.72,4647.735,
2026-08-24T20:42:00Z,4647.735,4647.915,4647.59,4647.64,
2026-08-24T20:43:00Z,4647.64,4647.98,4647.465,4647.96,
2026-08-24T20:44:00Z,4647.96,4647.99,4647.93,4647.99,
2026-08-24T20:45:00Z,4647.99,4649.53,4647.365,4648.245,
2026-08-24T20:46:00Z,4648.245,4649.495,4647.565,4649.47,
2026-08-24T20:47:00Z,4649.47,4650.435,4649.47,4650.245,
2026-08-24T20:48:00Z,4650.245,4650.935,4649.75,4650.495,
2026-08-24T20:49:00Z,4650.495,4650.53,4650.265,4650.365,
2026-08-24T20:50:00Z,4650.365,4650.385,4649.29,4650.115,
2026-08-24T20:51:00Z,4650.115,4650.125,4649.155,4649.42,
2026-08-24T20:52:00Z,4649.42,4649.63,4649.22,4649.585,
2026-08-24T20:53:00Z,4649.585,4649.995,4649.585,4649.97,
2026-08-24T20:54:00Z,4649.97,4651.63,4649.97,4651.28,
2026-08-24T20:55:00Z,4651.28,4651.635,4649.885,4650.56,
2026-08-24T20:56:00Z,4650.56,4651.01,4650.545,4650.915,
2026-08-24T20:57:00Z,4650.915,4652.495,4650.475,4652.47,
2026-08-24T20:58:00Z,4652.47,4652.485,4651.175,4651.47,
2026-08-24T20:59:00Z,4651.47,4651.655,4651.35,4651.395,
2026-08-24T22:00:00Z,4651.395,4655.705,4651.395,4655.33,
2026-08-24T22:01:00Z,4655.33,4656.9,4655.33,4656.75,
2026-08-24T22:02:00Z,4656.75,4657.005,4652.935,4652.935,
2026-08-24T22:03:00Z,4652.935,4656.135,4652.85,4655.75,
2026-08-24T22:04:00Z,4655.75,4656.08,4655.14,4655.985,
2026-08-24T22:05:00Z,4655.985,4657.565,4655.455,4657.06,
2026-08-24T22:06:00Z,4657.06,4657.94,4657.06,4657.92,
2026-08-24T22:07:00Z,4657.92,4659.135,4657.815,4659.01,
2026-08-24T22:08:00Z,4659.01,4660.56,4658.86,4660.345,
2026-08-24T22:09:00Z,4660.345,4660.88,4658.88,4658.885,
2026-08-24T22:10:00Z,4658.885,4660.08,4658.635,4658.635,
2026-08-24T22:11:00Z,4658.635,4659.52,4658.545,4659.515,
2026-08-24T22:12:00Z,4659.515,4659.515,4658.795,4659.11,
2026-08-24T22:13:00Z,4659.11,4659.375,4658.105,4658.11,
2026-08-24T22:14:00Z,4658.11,4659.07,4658.03,4658.885,
2026-08-24T22:15:00Z,4658.885,4659.67,4658.86,4659.44,
2026-08-24T22:16:00Z,4659.44,4659.69,4659.255,4659.37,
2026-08-24T22:17:00Z,4659.37,4659.64,4659.125,4659.145,
2026-08-24T22:18:00Z,4659.145,4659.37,4658.99,4659.005,
2026-08-24T22:19:00Z,4659.005,4659.055,4658.105,4658.185,
2026-08-24T22:20:00Z,4658.185,4658.905,4657.625,4658.87,
2026-08-24T22:21:00Z,4658.87,4659.0,4658.655,4658.72,
2026-08-24T22:22:00Z,4658.72,4659.08,4658.31,4658.815,
2026-08-24T22:23:00Z,4658.815,4658.815,4657.97,4658.17,
2026-08-24T22:24:00Z,4658.17,4658.655,4658.115,4658.655,
2026-08-24T22:25:00Z,4658.655,4658.655,4658.27,4658.35,
2026-08-24T22:26:00Z,4658.35,4658.54,4657.99,4658.1,
2026-08-24T22:27:00Z,4658.1,4658.11,4657.455,4657.62,
2026-08-24T22:28:00Z,4657.62,4657.665,4657.03,4657.535,
2026-08-24T22:29:00Z,4657.535,4657.95,4657.295,4657.93,
2026-08-24T22:30:00Z,4657.93,4659.225,4657.895,4658.045,
2026-08-24T22:31:00Z,4658.045,4658.215,4657.4,4657.95,
2026-08-24T22:32:00Z,4657.95,4658.56,4657.725,4658.55,
2026-08-24T22:33:00Z,4658.55,4659.31,4658.335,4659.01,
2026-08-24T22:34:00Z,4659.01,4659.305,4658.705,4659.3,
2026-08-24T22:35:00Z,4659.3,4660.865,4659.03,4660.74,
2026-08-24T22:36:00Z,4660.74,4661.28,4660.475,4661.0,
2026-08-24T22:37:00Z,4661.0,4661.225,4660.51,4660.57,
2026-08-24T22:38:00Z,4660.57,4660.885,4660.515,4660.535,
2026-08-24T22:39:00Z,4660.535,4661.045,4660.535,4660.7,
2026-08-24T22:40:00Z,4660.7,4661.135,4660.675,4660.715,
2026-08-24T22:41:00Z,4660.715,4661.09,4660.41,4660.995,
2026-08-24T22:42:00Z,4660.995,4661.31,4660.865,4661.275,
2026-08-24T22:43:00Z,4661.275,4661.5,4661.085,4661.395,
2026-08-24T22:44:00Z,4661.395,4661.715,4661.22,4661.655,
2026-08-24T22:45:00Z,4661.655,4661.655,4661.19,4661.375,
2026-08-24T22:46:00Z,4661.375,4661.97,4661.335,4661.755,
2026-08-24T22:47:00Z,4661.755,4662.09,4661.08,4661.71,
2026-08-24T22:48:00Z,4661.71,4662.085,4661.675,4662.01,
2026-08-24T22:49:00Z,4662.01,4662.645,4661.9,4662.565,
2026-08-24T22:50:00Z,4662.565,4663.015,4662.475,4662.8,
2026-08-24T22:51:00Z,4662.8,4665.09,4662.455,4665.09,
2026-08-24T22:52:00Z,4665.09,4665.115,4663.72,4664.5,
2026-08-24T22:53:00Z,4664.5,4665.18,4664.155,4664.84,
2026-08-24T22:54:00Z,4664.84,4664.99,4664.615,4664.765,
2026-08-24T22:55:00Z,4664.765,4664.795,4664.21,4664.41,
2026-08-24T22:56:00Z,4664.41,4666.91,4664.4,4666.76,
2026-08-24T22:57:00Z,4666.76,4666.925,4666.49,4666.92,
2026-08-24T22:58:00Z,4666.92,4667.325,4666.9,4667.1,
2026-08-24T22:59:00Z,4667.1,4668.535,4666.91,4667.765,
2026-08-24T23:00:00Z,4667.765,4669.73,4667.765,4669.59,
2026-08-24T23:01:00Z,4669.59,4669.63,4668.325,4668.335,
2026-08-24T23:02:00Z,4668.335,4668.705,4668.155,4668.45,
2026-08-24T23:03:00Z,4668.45,4669.06,4668.425,4668.95,
2026-08-24T23:04:00Z,4668.95,4669.08,4668.395,4668.53,
2026-08-24T23:05:00Z,4668.53,4668.845,4668.125,4668.72,
2026-08-24T23:06:00Z,4668.72,4668.735,4667.67,4667.965,
2026-08-24T23:07:00Z,4667.965,4668.065,4667.005,4667.11,
2026-08-24T23:08:00Z,4667.11,4668.855,4667.1,4668.735,
2026-08-24T23:09:00Z,4668.735,4669.455,4668.73,4669.455,
2026-08-24T23:10:00Z,4669.455,4671.68,4669.03,4671.47,
2026-08-24T23:11:00Z,4671.47,4672.435,4670.995,4671.95,
2026-08-24T23:12:00Z,4671.95,4672.535,4670.435,4670.855,
2026-08-24T23:13:00Z,4670.855,4671.185,4670.515,4671.18,
2026-08-24T23:14:00Z,4671.18,4672.345,4671.155,4672.335,
2026-08-24T23:15:00Z,4672.335,4676.035,4672.335,4675.735,
2026-08-24T23:16:00Z,4675.735,4677.085,4675.42,4676.06,
2026-08-24T23:17:00Z,4676.06,4676.31,4675.52,4675.73,
2026-08-24T23:18:00Z,4675.73,4676.68,4675.305,4675.305,
2026-08-24T23:19:00Z,4675.305,4675.595,4674.9,4674.92,
2026-08-24T23:20:00Z,4674.92,4675.53,4674.675,4674.975,
2026-08-24T23:21:00Z,4674.975,4675.43,4674.755,4674.755,
2026-08-24T23:22:00Z,4674.755,4675.425,4674.195,4675.09,
2026-08-24T23:23:00Z,4675.09,4675.41,4673.74,4675.08,
2026-08-24T23:24:00Z,4675.08,4675.49,4674.595,4674.81,
2026-08-24T23:25:00Z,4674.81,4674.84,4673.8,4673.91,
2026-08-24T23:26:00Z,4673.91,4673.915,4673.13,4673.385,
2026-08-24T23:27:00Z,4673.385,4673.385,4670.12,4670.3,
2026-08-24T23:28:00Z,4670.3,4670.315,4669.33,4669.37,
2026-08-24T23:29:00Z,4669.37,4670.155,4669.285,4669.325,
2026-08-24T23:30:00Z,4669.325,4670.27,4667.76,4669.975,
2026-08-24T23:31:00Z,4669.975,4670.02,4668.515,4669.525,
2026-08-24T23:32:00Z,4669.525,4670.065,4668.985,4669.85,
2026-08-24T23:33:00Z,4669.85,4670.985,4669.785,4670.885,
2026-08-24T23:34:00Z,4670.885,4673.11,4670.795,4672.61,
2026-08-24T23:35:00Z,4672.61,4672.61,4671.715,4671.915,
2026-08-24T23:36:00Z,4671.915,4672.97,4671.885,4672.97,
2026-08-24T23:37:00Z,4672.97,4674.03,4672.44,4674.02,
2026-08-24T23:38:00Z,4674.02,4675.94,4673.505,4675.485,
2026-08-24T23:39:00Z,4675.485,4677.015,4674.965,4675.51,
2026-08-24T23:40:00Z,4675.51,4676.265,4675.215,4676.14,
2026-08-24T23:41:00Z,4676.14,4676.725,4675.565,4676.16,
2026-08-24T23:42:00Z,4676.16,4677.065,4676.0,4676.685,
2026-08-24T23:43:00Z,4676.685,4676.925,4676.095,4676.56,
2026-08-24T23:44:00Z,4676.56,4676.99,4676.055,4676.61,
2026-08-24T23:45:00Z,4676.61,4677.22,4675.685,4676.445,
2026-08-24T23:46:00Z,4676.445,4676.46,4675.125,4675.78,
2026-08-24T23:47:00Z,4675.78,4676.635,4675.605,4676.15,
2026-08-24T23:48:00Z,4676.15,4676.47,4675.47,4676.105,
2026-08-24T23:49:00Z,4676.105,4677.675,4675.76,4677.265,
2026-08-24T23:50:00Z,4677.265,4682.705,4677.265,4681.69,
2026-08-24T23:51:00Z,4681.69,4682.65,4678.36,4678.36,
2026-08-24T23:52:00Z,4678.36,4679.865,4678.06,4679.175,
2026-08-24T23:53:00Z,4679.175,4679.19,4677.06,4679.16,
2026-08-24T23:54:00Z,4679.16,4680.725,4679.16,4679.44,
2026-08-24T23:55:00Z,4679.44,4679.44,4678.085,4678.34,
2026-08-24T23:56:00Z,4678.34,4678.73,4677.995,4678.7,
2026-08-24T23:57:00Z,4678.7,4679.605,4678.355,4679.05,
2026-08-24T23:58:00Z,4679.05,4680.975,4678.095,4678.24,
2026-08-24T23:59:00Z,4678.24,4680.075,4678.12,4680.015,
2026-08-25T00:00:00Z,4680.015,4689.39,4678.82,4688.615,
2026-08-25T00:01:00Z,4688.615,4689.07,4685.15,4685.17,
2026-08-25T00:02:00Z,4685.17,4686.14,4683.38,4683.835,
2026-08-25T00:03:00Z,4683.835,4683.965,4680.265,4680.485,
2026-08-25T00:04:00Z,4680.485,4680.94,4677.23,4677.29,
2026-08-25T00:05:00Z,4677.29,4679.825,4675.505,4679.005,
2026-08-25T00:06:00Z,4679.005,4683.195,4678.74,4683.165,
2026-08-25T00:07:00Z,4683.165,4687.43,4682.9,4686.16,
2026-08-25T00:08:00Z,4686.16,4686.445,4682.925,4684.585,
2026-08-25T00:09:00Z,4684.585,4684.625,4681.185,4681.8,
2026-08-25T00:10:00Z,4681.8,4683.17,4681.49,4683.12,
2026-08-25T00:11:00Z,4683.12,4684.015,4681.37,4681.38,
2026-08-25T00:12:00Z,4681.38,4684.38,4679.88,4684.215,
2026-08-25T00:13:00Z,4684.215,4686.865,4682.53,4686.46,
2026-08-25T00:14:00Z,4686.46,4691.635,4686.41,4690.645,
2026-08-25T00:15:00Z,4690.645,4691.45,4684.915,4685.215,
2026-08-25T00:16:00Z,4685.215,4686.465,4682.92,4683.465,
2026-08-25T00:17:00Z,4683.465,4684.875,4682.16,4683.33,
2026-08-25T00:18:00Z,4683.33,4684.76,4681.915,4683.49,
2026-08-25T00:19:00Z,4683.49,4684.0,4681.145,4681.275,
2026-08-25T00:20:00Z,4681.275,4682.16,4679.575,4682.115,
2026-08-25T00:21:00Z,4682.115,4682.885,4681.185,4681.795,
2026-08-25T00:22:00Z,4681.795,4681.795,4680.65,4681.055,
2026-08-25T00:23:00Z,4681.055,4682.01,4679.3,4682.01,
2026-08-25T00:24:00Z,4682.01,4682.37,4679.81,4679.86,
2026-08-25T00:25:00Z,4679.86,4679.86,4677.155,4677.515,
2026-08-25T00:26:00Z,4677.515,4678.745,4676.805,4678.74,
2026-08-25T00:27:00Z,4678.74,4679.35,4677.62,4678.485,
2026-08-25T00:28:00Z,4678.485,4683.58,4677.485,4683.42,
2026-08-25T00:29:00Z,4683.42,4683.815,4681.78,4682.565,
2026-08-25T00:30:00Z,4682.565,4686.22,4681.98,4686.025,
2026-08-25T00:31:00Z,4686.025,4690.675,4684.61,4690.675,
2026-08-25T00:32:00Z,4690.675,4693.12,4688.985,4689.57,
2026-08-25T00:33:00Z,4689.57,4689.84,4687.3,4687.725,
2026-08-25T00:34:00Z,4687.725,4688.985,4686.355,4688.69,
2026-08-25T00:35:00Z,4688.69,4689.575,4687.935,4689.545,
2026-08-25T00:36:00Z,4689.545,4692.83,4689.16,4692.38,
2026-08-25T00:37:00Z,4692.38,4694.215,4692.38,4693.075,
2026-08-25T00:38:00Z,4693.075,4696.185,4693.075,4695.405,
2026-08-25T00:39:00Z,4695.405,4696.035,4694.06,4695.435,
2026-08-25T00:40:00Z,4695.435,4695.495,4692.345,4694.525,
2026-08-25T00:41:00Z,4694.525,4696.2,4694.105,4695.355,
2026-08-25T00:42:00Z,4695.355,4696.79,4694.84,4695.5,
2026-08-25T00:43:00Z,4695.5,4696.205,4693.375,4694.405,
2026-08-25T00:44:00Z,4694.405,4694.51,4692.975,4693.605,
2026-08-25T00:45:00Z,4693.605,4694.89,4693.495,4694.7,
2026-08-25T00:46:00Z,4694.7,4694.7,4689.87,4690.705,
2026-08-25T00:47:00Z,4690.705,4691.665,4687.975,4688.275,
2026-08-25T00:48:00Z,4688.275,4694.375,4687.76,4692.735,
2026-08-25T00:49:00Z,4692.735,4693.165,4692.04,4692.69,
2026-08-25T00:50:00Z,4692.69,4693.865,4692.605,4693.815,
2026-08-25T00:51:00Z,4693.815,4693.93,4690.485,4690.485,
2026-08-25T00:52:00Z,4690.485,4690.655,4687.875,4688.635,
2026-08-25T00:53:00Z,4688.635,4689.975,4688.08,4688.9,
2026-08-25T00:54:00Z,4688.9,4689.315,4687.965,4688.43,
2026-08-25T00:55:00Z,4688.43,4688.805,4686.625,4686.965,
2026-08-25T00:56:00Z,4686.965,4688.035,4686.095,4687.665,
2026-08-25T00:57:00Z,4687.665,4688.855,4687.635,4688.64,
2026-08-25T00:58:00Z,4688.64,4689.665,4688.085,4688.6,
2026-08-25T00:59:00Z,4688.6,4688.64,4684.08,4684.535,
2026-08-25T01:00:00Z,4684.535,4686.695,4675.14,4675.2,
2026-08-25T01:01:00Z,4675.2,4677.43,4673.375,4675.62,
2026-08-25T01:02:00Z,4675.62,4676.87,4671.71,4672.52,
2026-08-25T01:03:00Z,4672.52,4675.285,4671.1,4674.3,
2026-08-25T01:04:00Z,4674.3,4678.585,4674.225,4677.23,
2026-08-25T01:05:00Z,4677.23,4677.28,4671.165,4672.65,
2026-08-25T01:06:00Z,4672.65,4677.645,4671.735,4677.645,
2026-08-25T01:07:00Z,4677.645,4680.785,4677.49,4677.77,
2026-08-25T01:08:00Z,4677.77,4679.98,4674.905,4679.66,
2026-08-25T01:09:00Z,4679.66,4679.81,4678.095,4678.73,
2026-08-25T01:10:00Z,4678.73,4680.18,4675.62,4676.78,
2026-08-25T01:11:00Z,4676.78,4678.08,4674.935,4677.355,
2026-08-25T01:12:00Z,4677.355,4678.24,4676.03,4677.635,
2026-08-25T01:13:00Z,4677.635,4679.54,4676.9,4679.54,
2026-08-25T01:14:00Z,4679.54,4679.54,4676.115,4678.405,
2026-08-25T01:15:00Z,4678.405,4678.435,4673.41,4673.6,
2026-08-25T01:16:00Z,4673.6,4676.8,4673.265,4676.3,
2026-08-25T01:17:00Z,4676.3,4680.17,4675.85,4675.9,
2026-08-25T01:18:00Z,4675.9,4678.565,4674.385,4678.42,
2026-08-25T01:19:00Z,4678.42,4679.73,4677.95,4677.97,
2026-08-25T01:20:00Z,4677.97,4678.015,4674.69,4674.73,
2026-08-25T01:21:00Z,4674.73,4676.65,4674.14,4676.245,
2026-08-25T01:22:00Z,4676.245,4676.805,4672.195,4673.845,
2026-08-25T01:23:00Z,4673.845,4673.86,4667.77,4667.885,
2026-08-25T01:24:00Z,4667.885,4669.09,4666.39,4667.04,
2026-08-25T01:25:00Z,4667.04,4668.25,4665.785,4666.875,
2026-08-25T01:26:00Z,4666.875,4668.59,4665.5,4666.12,
2026-08-25T01:27:00Z,4666.12,4670.615,4664.26,4670.12,
2026-08-25T01:28:00Z,4670.12,4672.695,4670.12,4671.95,
2026-08-25T01:29:00Z,4671.95,4672.08,4668.895,4669.54,
2026-08-25T01:30:00Z,4669.54,4671.7,4669.42,4670.545,
2026-08-25T01:31:00Z,4670.545,4672.1,4669.22,4671.815,
2026-08-25T01:32:00Z,4671.815,4674.64,4670.77,4673.36,
2026-08-25T01:33:00Z,4673.36,4673.37,4671.335,4671.84,
2026-08-25T01:34:00Z,4671.84,4671.84,4666.935,4668.31,
2026-08-25T01:35:00Z,4668.31,4669.5,4666.805,4669.395,
2026-08-25T01:36:00Z,4669.395,4674.52,4669.135,4673.29,
2026-08-25T01:37:00Z,4673.29,4674.24,4671.295,4671.555,
2026-08-25T01:38:00Z,4671.555,4671.84,4668.175,4669.815,
2026-08-25T01:39:00Z,4669.815,4669.82,4668.235,4668.235,
2026-08-25T01:40:00Z,4668.235,4670.195,4667.655,4669.065,
2026-08-25T01:41:00Z,4669.065,4671.78,4669.065,4670.6,
2026-08-25T01:42:00Z,4670.6,4673.4,4670.525,4672.44,
2026-08-25T01:43:00Z,4672.44,4673.405,4669.385,4672.16,
2026-08-25T01:44:00Z,4672.16,4673.385,4670.6,4670.76,
2026-08-25T01:45:00Z,4670.76,4672.205,4670.21,4671.135,
2026-08-25T01:46:00Z,4671.135,4671.405,4667.94,4670.185,
2026-08-25T01:47:00Z,4670.185,4670.86,4665.19,4670.52,
2026-08-25T01:48:00Z,4670.52,4675.26,4670.52,4673.84,
2026-08-25T01:49:00Z,4673.84,4675.75,4673.835,4674.785,
2026-08-25T01:50:00Z,4674.785,4674.965,4668.075,4668.275,
2026-08-25T01:51:00Z,4668.275,4671.21,4666.265,4669.58,
2026-08-25T01:52:00Z,4669.58,4670.725,4669.0,4669.245,
2026-08-25T01:53:00Z,4669.245,4671.01,4668.35,4668.39,
2026-08-25T01:54:00Z,4668.39,4668.39,4663.695,4665.195,
2026-08-25T01:55:00Z,4665.195,4665.48,4661.245,4662.835,
2026-08-25T01:56:00Z,4662.835,4664.045,4662.32,4662.865,
2026-08-25T01:57:00Z,4662.865,4663.285,4661.595,4662.66,
2026-08-25T01:58:00Z,4662.66,4662.66,4658.005,4658.275,
2026-08-25T01:59:00Z,4658.275,4658.355,4656.68,4658.065,
2026-08-25T02:00:00Z,4658.065,4659.21,4656.35,4658.75,
2026-08-25T02:01:00Z,4658.75,4661.515,4658.285,4660.185,
2026-08-25T02:02:00Z,4660.185,4660.5,4655.48,4655.855,
2026-08-25T02:03:00Z,4655.855,4655.905,4650.675,4651.245,
2026-08-25T02:04:00Z,4651.245,4652.555,4650.54,4651.34,
2026-08-25T02:05:00Z,4651.34,4651.395,4640.26,4641.745,
2026-08-25T02:06:00Z,4641.745,4643.295,4639.775,4640.115,
2026-08-25T02:07:00Z,4640.115,4645.385,4639.94,4641.465,
2026-08-25T02:08:00Z,4641.465,4644.605,4639.67,4644.49,
2026-08-25T02:09:00Z,4644.49,4645.01,4639.71,4644.72,
2026-08-25T02:10:00Z,4644.72,4645.74,4642.805,4644.8,
2026-08-25T02:11:00Z,4644.8,4645.775,4643.31,4644.485,
2026-08-25T02:12:00Z,4644.485,4644.775,4640.145,4640.325,
2026-08-25T02:13:00Z,4640.325,4641.33,4638.78,4639.0,
2026-08-25T02:14:00Z,4639.0,4642.195,4638.35,4641.895,
2026-08-25T02:15:00Z,4641.895,4642.695,4641.09,4642.24,
2026-08-25T02:16:00Z,4642.24,4646.8,4641.535,4646.8,
2026-08-25T02:17:00Z,4646.8,4647.62,4644.655,4646.365,
2026-08-25T02:18:00Z,4646.365,4649.35,4645.5,4648.415,
2026-08-25T02:19:00Z,4648.415,4650.085,4648.41,4649.675,
2026-08-25T02:20:00Z,4649.675,4652.385,4649.54,4652.25,
2026-08-25T02:21:00Z,4652.25,4654.235,4652.135,4653.51,
2026-08-25T02:22:00Z,4653.51,4655.11,4652.81,4653.235,
2026-08-25T02:23:00Z,4653.235,4654.46,4652.895,4654.08,
2026-08-25T02:24:00Z,4654.08,4655.715,4653.96,4654.435,
2026-08-25T02:25:00Z,4654.435,4655.18,4652.88,4654.895,
2026-08-25T02:26:00Z,4654.895,4655.785,4654.265,4655.06,
2026-08-25T02:27:00Z,4655.06,4656.76,4654.94,4656.49,
2026-08-25T02:28:00Z,4656.49,4656.79,4655.305,4656.59,
2026-08-25T02:29:00Z,4656.59,4656.945,4656.19,4656.435,
2026-08-25T02:30:00Z,4656.435,4656.82,4650.22,4651.43,
2026-08-25T02:31:00Z,4651.43,4654.655,4651.395,4653.065,
2026-08-25T02:32:00Z,4653.065,4655.215,4647.01,4648.155,
2026-08-25T02:33:00Z,4648.155,4648.195,4642.685,4644.165,
2026-08-25T02:34:00Z,4644.165,4647.675,4644.055,4646.315,
2026-08-25T02:35:00Z,4646.315,4647.315,4643.12,4644.205,
2026-08-25T02:36:00Z,4644.205,4645.655,4643.275,4644.5,
2026-08-25T02:37:00Z,4644.5,4645.11,4642.375,4643.41,
2026-08-25T02:38:00Z,4643.41,4644.125,4639.86,4641.185,
2026-08-25T02:39:00Z,4641.185,4643.92,4640.125,4643.345,
2026-08-25T02:40:00Z,4643.345,4645.065,4641.325,4641.99,
2026-08-25T02:41:00Z,4641.99,4646.26,4641.85,4645.235,
2026-08-25T02:42:00Z,4645.235,4647.55,4644.87,4647.285,
2026-08-25T02:43:00Z,4647.285,4647.285,4640.54,4643.355,
2026-08-25T02:44:00Z,4643.355,4643.515,4630.985,4630.985,
2026-08-25T02:45:00Z,4630.985,4633.865,4630.245,4633.12,
2026-08-25T02:46:00Z,4633.12,4635.26,4631.92,4632.805,
2026-08-25T02:47:00Z,4632.805,4637.305,4631.07,4635.64,
2026-08-25T02:48:00Z,4635.64,4637.565,4632.84,4635.26,
2026-08-25T02:49:00Z,4635.26,4635.705,4631.07,4632.925,
2026-08-25T02:50:00Z,4632.925,4636.5,4631.535,4631.535,
2026-08-25T02:51:00Z,4631.535,4631.87,4618.495,4622.34,
2026-08-25T02:52:00Z,4622.34,4627.265,4621.475,4625.36,
2026-08-25T02:53:00Z,4625.36,4628.72,4621.63,4628.135,
2026-08-25T02:54:00Z,4628.135,4629.28,4625.79,4626.96,
2026-08-25T02:55:00Z,4626.96,4628.365,4625.9,4627.565,
2026-08-25T02:56:00Z,4627.565,4628.66,4625.165,4626.39,
2026-08-25T02:57:00Z,4626.39,4627.995,4624.23,4624.81,
2026-08-25T02:58:00Z,4624.81,4624.915,4621.22,4624.11,
2026-08-25T02:59:00Z,4624.11,4629.675,4623.145,4629.665,
2026-08-25T03:00:00Z,4629.665,4631.525,4628.655,4629.74,
2026-08-25T03:01:00Z,4629.74,4631.385,4627.845,4627.845,
2026-08-25T03:02:00Z,4627.845,4628.405,4626.45,4627.31,
2026-08-25T03:03:00Z,4627.31,4627.4,4624.46,4624.645,
2026-08-25T03:04:00Z,4624.645,4624.95,4622.385,4623.995,
2026-08-25T03:05:00Z,4623.995,4629.885,4622.86,4629.065,
2026-08-25T03:06:00Z,4629.065,4633.885,4627.875,4633.885,
2026-08-25T03:07:00Z,4633.885,4636.395,4633.255,4635.97,
2026-08-25T03:08:00Z,4635.97,4635.97,4633.91,4635.115,
2026-08-25T03:09:00Z,4635.115,4638.025,4634.9,4635.3,
2026-08-25T03:10:00Z,4635.3,4637.13,4634.735,4637.07,
2026-08-25T03:11:00Z,4637.07,4638.19,4635.7,4635.8,
2026-08-25T03:12:00Z,4635.8,4636.275,4633.745,4635.33,
2026-08-25T03:13:00Z,4635.33,4636.81,4635.07,4635.9,
2026-08-25T03:14:00Z,4635.9,4635.9,4631.97,4633.86,
2026-08-25T03:15:00Z,4633.86,4634.395,4632.125,4634.16,
2026-08-25T03:16:00Z,4634.16,4637.005,4633.76,4635.205,
2026-08-25T03:17:00Z,4635.205,4636.225,4634.545,4634.855,
2026-08-25T03:18:00Z,4634.855,4635.165,4633.16,4634.49,
2026-08-25T03:19:00Z,4634.49,4636.32,4633.635,4635.59,
2026-08-25T03:20:00Z,4635.59,4637.25,4634.775,4634.98,
2026-08-25T03:21:00Z,4634.98,4636.125,4633.96,4634.13,
2026-08-25T03:22:00Z,4634.13,4634.52,4633.09,4634.2,
2026-08-25T03:23:00Z,4634.2,4635.935,4633.395,4633.525,
2026-08-25T03:24:00Z,4633.525,4634.895,4632.675,4634.845,
2026-08-25T03:25:00Z,4634.845,4637.86,4634.845,4637.54,
2026-08-25T03:26:00Z,4637.54,4638.34,4636.67,4638.245,
2026-08-25T03:27:00Z,4638.245,4638.575,4636.315,4636.63,
2026-08-25T03:28:00Z,4636.63,4638.31,4635.96,4637.99,
2026-08-25T03:29:00Z,4637.99,4638.465,4637.35,4637.92,
2026-08-25T03:30:00Z,4637.92,4638.315,4636.285,4638.275,
2026-08-25T03:31:00Z,4638.275,4638.47,4637.075,4637.705,
2026-08-25T03:32:00Z,4637.705,4639.27,4637.375,4639.26,
2026-08-25T03:33:00Z,4639.26,4641.2,4639.08,4640.39,
2026-08-25T03:34:00Z,4640.39,4640.745,4640.075,4640.455,
2026-08-25T03:35:00Z,4640.455,4641.165,4639.915,4640.065,
2026-08-25T03:36:00Z,4640.065,4641.1,4640.055,4641.085,
2026-08-25T03:37:00Z,4641.085,4641.41,4640.555,4640.64,
2026-08-25T03:38:00Z,4640.64,4640.68,4639.11,4639.335,
2026-08-25T03:39:00Z,4639.335,4639.335,4634.795,4635.69,
2026-08-25T03:40:00Z,4635.69,4636.125,4634.12,4634.71,
2026-08-25T03:41:00Z,4634.71,4636.585,4634.39,4636.575,
2026-08-25T03:42:00Z,4636.575,4637.41,4635.925,4637.205,
2026-08-25T03:43:00Z,4637.205,4637.225,4636.34,4636.64,
2026-08-25T03:44:00Z,4636.64,4637.31,4634.52,4634.52,
2026-08-25T03:45:00Z,4634.52,4634.62,4633.365,4633.815,
2026-08-25T03:46:00Z,4633.815,4635.065,4633.545,4633.545,
2026-08-25T03:47:00Z,4633.545,4634.85,4631.805,4634.125,
2026-08-25T03:48:00Z,4634.125,4635.355,4633.1,4633.1,
2026-08-25T03:49:00Z,4633.1,4634.335,4632.715,4633.745,
2026-08-25T03:50:00Z,4633.745,4633.825,4632.735,4633.12,
2026-08-25T03:51:00Z,4633.12,4633.74,4632.59,4633.735,
2026-08-25T03:52:00Z,4633.735,4634.645,4633.455,4633.455,
2026-08-25T03:53:00Z,4633.455,4634.26,4633.32,4634.25,
2026-08-25T03:54:00Z,4634.25,4634.84,4631.84,4633.455,
2026-08-25T03:55:00Z,4633.455,4633.95,4632.44,4633.21,
2026-08-25T03:56:00Z,4633.21,4636.01,4633.195,4635.855,
2026-08-25T03:57:00Z,4635.855,4635.985,4634.725,4634.8,
2026-08-25T03:58:00Z,4634.8,4634.8,4632.69,4632.705,
2026-08-25T03:59:00Z,4632.705,4633.77,4632.705,4633.765,
2026-08-25T04:00:00Z,4633.765,4634.275,4631.03,4631.48,
2026-08-25T04:01:00Z,4631.48,4633.635,4631.065,4631.735,
2026-08-25T04:02:00Z,4631.735,4633.72,4631.57,4633.035,
2026-08-25T04:03:00Z,4633.035,4635.255,4632.905,4635.215,
2026-08-25T04:04:00Z,4635.215,4635.84,4634.625,4635.14,
2026-08-25T04:05:00Z,4635.14,4635.27,4634.31,4634.975,
2026-08-25T04:06:00Z,4634.975,4636.555,4634.965,4635.135,
2026-08-25T04:07:00Z,4635.135,4636.375,4635.1,4636.22,
2026-08-25T04:08:00Z,4636.22,4636.435,4635.2,4635.96,
2026-08-25T04:09:00Z,4635.96,4636.43,4635.285,4636.29,
2026-08-25T04:10:00Z,4636.29,4636.755,4635.345,4635.825,
2026-08-25T04:11:00Z,4635.825,4636.755,4635.495,4635.555,
2026-08-25T04:12:00Z,4635.555,4637.595,4635.415,4637.51,
2026-08-25T04:13:00Z,4637.51,4637.89,4636.645,4636.735,
2026-08-25T04:14:00Z,4636.735,4637.69,4636.735,4637.22,
2026-08-25T04:15:00Z,4637.22,4637.22,4635.195,4635.645,
2026-08-25T04:16:00Z,4635.645,4637.235,4635.6,4637.005,
2026-08-25T04:17:00Z,4637.005,4637.015,4634.895,4635.03,
2026-08-25T04:18:00Z,4635.03,4635.615,4633.605,4634.305,
2026-08-25T04:19:00Z,4634.305,4635.35,4634.08,4634.6,
2026-08-25T04:20:00Z,4634.6,4635.72,4634.6,4635.275,
2026-08-25T04:21:00Z,4635.275,4635.295,4633.505,4633.515,
2026-08-25T04:22:00Z,4633.515,4633.515,4631.2,4631.635,
2026-08-25T04:23:00Z,4631.635,4632.825,4631.2,4632.225,
2026-08-25T04:24:00Z,4632.225,4633.44,4631.605,4632.97,
2026-08-25T04:25:00Z,4632.97,4633.015,4630.865,4630.935,
2026-08-25T04:26:00Z,4630.935,4630.945,4629.6,4630.745,
2026-08-25T04:27:00Z,4630.745,4631.0,4629.805,4630.12,
2026-08-25T04:28:00Z,4630.12,4630.5,4629.385,4629.935,
2026-08-25T04:29:00Z,4629.935,4630.955,4629.05,4630.93,
2026-08-25T04:30:00Z,4630.93,4631.32,4630.12,4630.67,
2026-08-25T04:31:00Z,4630.67,4631.09,4630.165,4630.365,
2026-08-25T04:32:00Z,4630.365,4632.805,4629.23,4630.915,
2026-08-25T04:33:00Z,4630.915,4631.52,4628.505,4629.225,
2026-08-25T04:34:00Z,4629.225,4630.32,4626.33,4629.765,
2026-08-25T04:35:00Z,4629.765,4631.41,4629.335,4630.77,
2026-08-25T04:36:00Z,4630.77,4631.055,4629.72,4629.985,
2026-08-25T04:37:00Z,4629.985,4629.985,4628.7,4629.32,
2026-08-25T04:38:00Z,4629.32,4629.415,4626.55,4627.59,
2026-08-25T04:39:00Z,4627.59,4627.97,4627.125,4627.405,
2026-08-25T04:40:00Z,4627.405,4627.6,4626.54,4626.705,
2026-08-25T04:41:00Z,4626.705,4626.73,4624.195,4624.705,
2026-08-25T04:42:00Z,4624.705,4626.605,4623.885,4626.605,
2026-08-25T04:43:00Z,4626.605,4627.21,4626.045,4626.565,
2026-08-25T04:44:00Z,4626.565,4626.655,4625.89,4625.905,
2026-08-25T04:45:00Z,4625.905,4626.88,4624.635,4625.79,
2026-08-25T04:46:00Z,4625.79,4626.045,4625.03,4625.405,
2026-08-25T04:47:00Z,4625.405,4626.505,4624.65,4626.475,
2026-08-25T04:48:00Z,4626.475,4626.58,4625.06,4626.325,
2026-08-25T04:49:00Z,4626.325,4626.875,4624.78,4626.505,
2026-08-25T04:50:00Z,4626.505,4626.505,4624.235,4624.55,
2026-08-25T04:51:00Z,4624.55,4626.46,4624.55,4625.89,
2026-08-25T04:52:00Z,4625.89,4628.37,4625.62,4628.07,
2026-08-25T04:53:00Z,4628.07,4628.905,4627.47,4627.795,
2026-08-25T04:54:00Z,4627.795,4628.12,4627.085,4627.15,
2026-08-25T04:55:00Z,4627.15,4627.645,4626.33,4626.95,
2026-08-25T04:56:00Z,4626.95,4627.475,4626.125,4626.465,
2026-08-25T04:57:00Z,4626.465,4627.065,4626.175,4626.55,
2026-08-25T04:58:00Z,4626.55,4626.55,4625.76,4626.045,
2026-08-25T04:59:00Z,4626.045,4626.955,4625.8,4625.98,
2026-08-25T05:00:00Z,4625.98,4626.64,4625.005,4625.39,
2026-08-25T05:01:00Z,4625.39,4628.255,4624.15,4627.94,
2026-08-25T05:02:00Z,4627.94,4628.07,4625.655,4627.61,
2026-08-25T05:03:00Z,4627.61,4628.91,4627.41,4627.79,
2026-08-25T05:04:00Z,4627.79,4629.39,4627.615,4629.385,
2026-08-25T05:05:00Z,4629.385,4634.17,4629.25,4633.32,
2026-08-25T05:06:00Z,4633.32,4635.965,4633.31,4635.965,
2026-08-25T05:07:00Z,4635.965,4639.025,4635.84,4637.025,
2026-08-25T05:08:00Z,4637.025,4638.195,4635.515,4635.785,
2026-08-25T05:09:00Z,4635.785,4636.48,4634.915,4635.9,
2026-08-25T05:10:00Z,4635.9,4637.07,4635.865,4637.07,
2026-08-25T05:11:00Z,4637.07,4638.455,4636.53,4638.035,
2026-08-25T05:12:00Z,4638.035,4639.015,4637.61,4638.705,
2026-08-25T05:13:00Z,4638.705,4638.85,4638.005,4638.14,
2026-08-25T05:14:00Z,4638.14,4639.22,4638.065,4638.07,
2026-08-25T05:15:00Z,4638.07,4640.54,4638.03,4640.54,
2026-08-25T05:16:00Z,4640.54,4641.63,4639.765,4641.18,
2026-08-25T05:17:00Z,4641.18,4641.985,4639.51,4640.99,
2026-08-25T05:18:00Z,4640.99,4642.565,4640.815,4642.535,
2026-08-25T05:19:00Z,4642.535,4644.375,4642.235,4644.375,
2026-08-25T05:20:00Z,4644.375,4646.4,4644.23,4646.095,
2026-08-25T05:21:00Z,4646.095,4646.3,4644.68,4644.71,
2026-08-25T05:22:00Z,4644.71,4645.155,4644.105,4644.995,
2026-08-25T05:23:00Z,4644.995,4645.145,4643.48,4643.56,
2026-08-25T05:24:00Z,4643.56,4644.425,4643.16,4644.425,
2026-08-25T05:25:00Z,4644.425,4644.805,4642.96,4644.615,
2026-08-25T05:26:00Z,4644.615,4645.65,4644.485,4645.195,
2026-08-25T05:27:00Z,4645.195,4646.25,4645.03,4645.515,
2026-08-25T05:28:00Z,4645.515,4647.815,4645.415,4647.485,
2026-08-25T05:29:00Z,4647.485,4648.02,4645.89,4646.655,
2026-08-25T05:30:00Z,4646.655,4647.025,4641.54,4641.635,
2026-08-25T05:31:00Z,4641.635,4642.485,4640.705,4640.92,
2026-08-25T05:32:00Z,4640.92,4641.355,4639.44,4641.31,
2026-08-25T05:33:00Z,4641.31,4643.18,4640.865,4643.11,
2026-08-25T05:34:00Z,4643.11,4644.805,4641.935,4642.995,
2026-08-25T05:35:00Z,4642.995,4646.295,4642.24,4646.295,
2026-08-25T05:36:00Z,4646.295,4646.67,4643.12,4644.385,
2026-08-25T05:37:00Z,4644.385,4645.335,4644.325,4644.325,
2026-08-25T05:38:00Z,4644.325,4645.04,4643.11,4644.665,
2026-08-25T05:39:00Z,4644.665,4644.87,4642.895,4643.095,
2026-08-25T05:40:00Z,4643.095,4643.265,4641.635,4642.29,
2026-08-25T05:41:00Z,4642.29,4643.375,4641.33,4641.33,
2026-08-25T05:42:00Z,4641.33,4641.33,4638.12,4638.5,
2026-08-25T05:43:00Z,4638.5,4640.885,4638.36,4638.52,
2026-08-25T05:44:00Z,4638.52,4640.03,4638.305,4639.15,
2026-08-25T05:45:00Z,4639.15,4641.12,4638.53,4640.605,
2026-08-25T05:46:00Z,4640.605,4642.49,4640.005,4641.905,
2026-08-25T05:47:00Z,4641.905,4642.285,4640.485,4642.11,
2026-08-25T05:48:00Z,4642.11,4642.11,4638.53,4638.57,
2026-08-25T05:49:00Z,4638.57,4640.23,4636.04,4639.82,
2026-08-25T05:50:00Z,4639.82,4640.38,4637.535,4637.565,
2026-08-25T05:51:00Z,4637.565,4639.04,4637.555,4638.265,
2026-08-25T05:52:00Z,4638.265,4639.68,4637.06,4638.865,
2026-08-25T05:53:00Z,4638.865,4642.145,4638.74,4641.59,
2026-08-25T05:54:00Z,4641.59,4644.02,4641.4,4643.875,
2026-08-25T05:55:00Z,4643.875,4645.775,4642.97,4643.425,
2026-08-25T05:56:00Z,4643.425,4645.255,4643.3,4644.725,
2026-08-25T05:57:00Z,4644.725,4646.095,4644.085,4644.525,
2026-08-25T05:58:00Z,4644.525,4644.715,4641.65,4642.255,
2026-08-25T05:59:00Z,4642.255,4643.89,4642.13,4643.14,
2026-08-25T06:00:00Z,4643.14,4644.325,4641.43,4643.89,
2026-08-25T06:01:00Z,4643.89,4644.975,4643.355,4644.475,
2026-08-25T06:02:00Z,4644.475,4646.38,4642.72,4645.99,
2026-08-25T06:03:00Z,4645.99,4646.36,4644.665,4645.67,
2026-08-25T06:04:00Z,4645.67,4645.73,4643.905,4644.385,
2026-08-25T06:05:00Z,4644.385,4646.34,4644.305,4644.715,
2026-08-25T06:06:00Z,4644.715,4647.695,4644.71,4647.195,
2026-08-25T06:07:00Z,4647.195,4648.575,4646.735,4648.115,
2026-08-25T06:08:00Z,4648.115,4648.605,4646.325,4646.5,
2026-08-25T06:09:00Z,4646.5,4648.235,4646.015,4648.155,
2026-08-25T06:10:00Z,4648.155,4650.015,4648.07,4649.72,
2026-08-25T06:11:00Z,4649.72,4650.265,4649.38,4650.18,
2026-08-25T06:12:00Z,4650.18,4650.575,4649.515,4650.37,
2026-08-25T06:13:00Z,4650.37,4650.525,4649.255,4649.755,
2026-08-25T06:14:00Z,4649.755,4649.925,4648.18,4649.76,
2026-08-25T06:15:00Z,4649.76,4649.76,4647.045,4647.825,
2026-08-25T06:16:00Z,4647.825,4648.04,4646.88,4647.435,
2026-08-25T06:17:00Z,4647.435,4648.555,4647.065,4648.13,
2026-08-25T06:18:00Z,4648.13,4648.31,4647.56,4647.89,
2026-08-25T06:19:00Z,4647.89,4648.125,4647.225,4647.64,
2026-08-25T06:20:00Z,4647.64,4648.15,4646.705,4646.855,
2026-08-25T06:21:00Z,4646.855,4646.915,4645.62,4646.18,
2026-08-25T06:22:00Z,4646.18,4648.595,4646.095,4648.43,
2026-08-25T06:23:00Z,4648.43,4651.53,4647.895,4650.155,
2026-08-25T06:24:00Z,4650.155,4652.18,4649.955,4651.645,
2026-08-25T06:25:00Z,4651.645,4652.97,4651.29,4652.82,
2026-08-25T06:26:00Z,4652.82,4653.515,4652.065,4652.105,
2026-08-25T06:27:00Z,4652.105,4652.62,4651.555,4652.545,
2026-08-25T06:28:00Z,4652.545,4653.165,4650.44,4650.465,
2026-08-25T06:29:00Z,4650.465,4651.095,4649.91,4650.17,
2026-08-25T06:30:00Z,4650.17,4650.455,4649.135,4649.56,
2026-08-25T06:31:00Z,4649.56,4650.615,4649.15,4650.3,
2026-08-25T06:32:00Z,4650.3,4653.12,4650.065,4652.525,
2026-08-25T06:33:00Z,4652.525,4653.505,4652.085,4652.085,
2026-08-25T06:34:00Z,4652.085,4652.485,4651.54,4651.54,
2026-08-25T06:35:00Z,4651.54,4652.75,4651.285,4651.73,
2026-08-25T06:36:00Z,4651.73,4652.39,4650.445,4650.8,
2026-08-25T06:37:00Z,4650.8,4651.455,4650.09,4650.65,
2026-08-25T06:38:00Z,4650.65,4650.835,4648.355,4648.5,
2026-08-25T06:39:00Z,4648.5,4649.9,4648.45,4649.72,
2026-08-25T06:40:00Z,4649.72,4650.775,4649.405,4649.795,
2026-08-25T06:41:00Z,4649.795,4652.65,4649.775,4652.545,
2026-08-25T06:42:00Z,4652.545,4652.73,4649.295,4649.77,
2026-08-25T06:43:00Z,4649.77,4650.34,4648.025,4648.025,
2026-08-25T06:44:00Z,4648.025,4648.78,4648.025,4648.135,
2026-08-25T06:45:00Z,4648.135,4648.135,4646.8,4647.56,
2026-08-25T06:46:00Z,4647.56,4649.185,4647.485,4649.185,
2026-08-25T06:47:00Z,4649.185,4649.325,4647.815,4648.235,
2026-08-25T06:48:00Z,4648.235,4648.345,4647.53,4647.865,
2026-08-25T06:49:00Z,4647.865,4648.225,4647.25,4647.88,
2026-08-25T06:50:00Z,4647.88,4648.475,4647.25,4647.54,
2026-08-25T06:51:00Z,4647.54,4647.56,4644.765,4644.885,
2026-08-25T06:52:00Z,4644.885,4645.525,4644.435,4645.19,
2026-08-25T06:53:00Z,4645.19,4645.295,4643.03,4644.07,
2026-08-25T06:54:00Z,4644.07,4644.235,4641.52,4641.52,
2026-08-25T06:55:00Z,4641.52,4641.98,4640.895,4640.97,
2026-08-25T06:56:00Z,4640.97,4641.41,4639.15,4640.56,
2026-08-25T06:57:00Z,4640.56,4640.865,4639.555,4639.685,
2026-08-25T06:58:00Z,4639.685,4640.43,4638.525,4638.555,
2026-08-25T06:59:00Z,4638.555,4638.92,4637.225,4638.46,
2026-08-25T07:00:00Z,4638.46,4639.335,4637.05,4637.74,
2026-08-25T07:01:00Z,4637.74,4639.81,4637.655,4639.645,
2026-08-25T07:02:00Z,4639.645,4640.83,4638.855,4639.31,
2026-08-25T07:03:00Z,4639.31,4639.61,4638.38,4639.0,
2026-08-25T07:04:00Z,4639.0,4640.52,4637.9,4639.995,
2026-08-25T07:05:00Z,4639.995,4641.85,4639.28,4641.45,
2026-08-25T07:06:00Z,4641.45,4642.095,4640.365,4641.425,
2026-08-25T07:07:00Z,4641.425,4641.425,4636.715,4637.075,
2026-08-25T07:08:00Z,4637.075,4640.14,4636.54,4639.72,
2026-08-25T07:09:00Z,4639.72,4641.78,4639.705,4641.22,
2026-08-25T07:10:00Z,4641.22,4641.22,4638.12,4638.325,
2026-08-25T07:11:00Z,4638.325,4640.68,4637.77,4639.955,
2026-08-25T07:12:00Z,4639.955,4641.875,4639.955,4641.315,
2026-08-25T07:13:00Z,4641.315,4641.39,4640.445,4641.095,
2026-08-25T07:14:00Z,4641.095,4641.245,4639.795,4639.855,
2026-08-25T07:15:00Z,4639.855,4640.035,4638.14,4639.89,
2026-08-25T07:16:00Z,4639.89,4641.72,4639.31,4639.75,
2026-08-25T07:17:00Z,4639.75,4640.575,4639.165,4639.65,
2026-08-25T07:18:00Z,4639.65,4641.41,4639.425,4641.045,
2026-08-25T07:19:00Z,4641.045,4642.945,4641.02,4641.36,
2026-08-25T07:20:00Z,4641.36,4641.36,4639.555,4641.145,
2026-08-25T07:21:00Z,4641.145,4641.255,4640.28,4640.9,
2026-08-25T07:22:00Z,4640.9,4643.18,4640.89,4643.14,
2026-08-25T07:23:00Z,4643.14,4643.835,4641.695,4642.125,
2026-08-25T07:24:00Z,4642.125,4642.125,4640.735,4640.885,
2026-08-25T07:25:00Z,4640.885,4641.18,4639.73,4639.925,
2026-08-25T07:26:00Z,4639.925,4640.215,4639.18,4639.215,
2026-08-25T07:27:00Z,4639.215,4639.71,4638.125,4639.32,
2026-08-25T07:28:00Z,4639.32,4639.32,4637.09,4637.13,
2026-08-25T07:29:00Z,4637.13,4637.935,4634.555,4634.605,
2026-08-25T07:30:00Z,4634.605,4638.03,4634.6,4637.89,
2026-08-25T07:31:00Z,4637.89,4639.05,4637.095,4638.09,
2026-08-25T07:32:00Z,4638.09,4638.6,4635.98,4636.085,
2026-08-25T07:33:00Z,4636.085,4636.75,4634.24,4634.275,
2026-08-25T07:34:00Z,4634.275,4636.225,4634.275,4635.24,
2026-08-25T07:35:00Z,4635.24,4635.945,4635.15,4635.32,
2026-08-25T07:36:00Z,4635.32,4635.665,4634.1,4634.395,
2026-08-25T07:37:00Z,4634.395,4636.415,4634.25,4635.515,
2026-08-25T07:38:00Z,4635.515,4635.625,4634.835,4635.555,
2026-08-25T07:39:00Z,4635.555,4636.84,4634.055,4636.705,
2026-08-25T07:40:00Z,4636.705,4637.39,4636.245,4636.8,
2026-08-25T07:41:00Z,4636.8,4637.06,4635.38,4636.525,
2026-08-25T07:42:00Z,4636.525,4637.065,4636.125,4636.35,
2026-08-25T07:43:00Z,4636.35,4636.885,4635.87,4636.865,
2026-08-25T07:44:00Z,4636.865,4640.22,4636.86,4639.535,
2026-08-25T07:45:00Z,4639.535,4640.685,4639.37,4639.37,
2026-08-25T07:46:00Z,4639.37,4640.43,4638.775,4638.79,
2026-08-25T07:47:00Z,4638.79,4639.075,4636.935,4637.31,
2026-08-25T07:48:00Z,4637.31,4638.405,4636.36,4636.415,
2026-08-25T07:49:00Z,4636.415,4636.72,4634.6,4635.795,
2026-08-25T07:50:00Z,4635.795,4635.935,4634.745,4635.875,
2026-08-25T07:51:00Z,4635.875,4637.015,4633.36,4633.59,
2026-08-25T07:52:00Z,4633.59,4634.955,4632.685,4634.51,
2026-08-25T07:53:00Z,4634.51,4634.705,4631.57,4632.35,
2026-08-25T07:54:00Z,4632.35,4632.805,4631.225,4631.645,
2026-08-25T07:55:00Z,4631.645,4631.645,4630.59,4630.625,
2026-08-25T07:56:00Z,4630.625,4631.03,4629.99,4630.47,
2026-08-25T07:57:00Z,4630.47,4631.15,4629.935,4631.15,
2026-08-25T07:58:00Z,4631.15,4631.66,4630.105,4630.615,
2026-08-25T07:59:00Z,4630.615,4630.955,4629.97,4630.19,
2026-08-25T08:00:00Z,4630.19,4631.29,4628.315,4629.01,
2026-08-25T08:01:00Z,4629.01,4631.07,4628.025,4628.975,
2026-08-25T08:02:00Z,4628.975,4628.975,4626.37,4627.42,
2026-08-25T08:03:00Z,4627.42,4628.7,4627.325,4627.965,
2026-08-25T08:04:00Z,4627.965,4628.375,4625.44,4625.86,
2026-08-25T08:05:00Z,4625.86,4628.225,4625.615,4627.915,
2026-08-25T08:06:00Z,4627.915,4629.145,4627.44,4627.735,
2026-08-25T08:07:00Z,4627.735,4627.865,4625.855,4625.945,
2026-08-25T08:08:00Z,4625.945,4625.945,4621.105,4621.575,
2026-08-25T08:09:00Z,4621.575,4623.85,4620.24,4623.39,
2026-08-25T08:10:00Z,4623.39,4624.38,4622.975,4623.545,
2026-08-25T08:11:00Z,4623.545,4625.81,4623.545,4623.77,
2026-08-25T08:12:00Z,4623.77,4625.295,4623.75,4624.865,
2026-08-25T08:13:00Z,4624.865,4625.915,4624.805,4624.96,
2026-08-25T08:14:00Z,4624.96,4626.775,4623.285,4626.775,
2026-08-25T08:15:00Z,4626.775,4628.625,4625.96,4627.175,
2026-08-25T08:16:00Z,4627.175,4628.165,4626.53,4628.105,
2026-08-25T08:17:00Z,4628.105,4630.37,4628.105,4629.47,
2026-08-25T08:18:00Z,4629.47,4629.82,4628.165,4629.82,
2026-08-25T08:19:00Z,4629.82,4630.21,4627.73,4628.285,
2026-08-25T08:20:00Z,4628.285,4629.015,4626.875,4629.0,
2026-08-25T08:21:00Z,4629.0,4631.06,4628.725,4630.59,
2026-08-25T08:22:00Z,4630.59,4633.71,4630.18,4633.57,
2026-08-25T08:23:00Z,4633.57,4640.075,4632.145,4638.09,
2026-08-25T08:24:00Z,4638.09,4645.48,4636.405,4644.02,
2026-08-25T08:25:00Z,4644.02,4644.02,4638.385,4638.815,
2026-08-25T08:26:00Z,4638.815,4639.835,4636.68,4636.925,
2026-08-25T08:27:00Z,4636.925,4637.67,4635.29,4635.82,
2026-08-25T08:28:00Z,4635.82,4635.905,4631.94,4632.665,
2026-08-25T08:29:00Z,4632.665,4633.94,4632.595,4633.065,
2026-08-25T08:30:00Z,4633.065,4634.67,4632.89,4633.7,
2026-08-25T08:31:00Z,4633.7,4635.415,4633.49,4634.32,
2026-08-25T08:32:00Z,4634.32,4634.75,4632.19,4633.6,
2026-08-25T08:33:00Z,4633.6,4634.27,4631.955,4631.955,
2026-08-25T08:34:00Z,4631.955,4635.33,4631.955,4634.585,
2026-08-25T08:35:00Z,4634.585,4635.065,4632.425,4633.36,
2026-08-25T08:36:00Z,4633.36,4634.16,4632.13,4632.945,
2026-08-25T08:37:00Z,4632.945,4634.23,4632.21,4633.565,
2026-08-25T08:38:00Z,4633.565,4633.96,4630.645,4630.785,
2026-08-25T08:39:00Z,4630.785,4631.58,4629.29,4630.105,
2026-08-25T08:40:00Z,4630.105,4630.215,4627.795,4627.795,
2026-08-25T08:41:00Z,4627.795,4628.28,4625.98,4627.99,
2026-08-25T08:42:00Z,4627.99,4629.09,4627.935,4628.725,
2026-08-25T08:43:00Z,4628.725,4630.115,4628.4,4630.075,
2026-08-25T08:44:00Z,4630.075,4632.19,4629.915,4632.16,
2026-08-25T08:45:00Z,4632.16,4633.865,4631.86,4633.17,
2026-08-25T08:46:00Z,4633.17,4633.65,4632.425,4632.865,
2026-08-25T08:47:00Z,4632.865,4633.13,4632.015,4632.455,
2026-08-25T08:48:00Z,4632.455,4632.485,4628.51,4628.59,
2026-08-25T08:49:00Z,4628.59,4628.78,4627.56,4628.04,
2026-08-25T08:50:00Z,4628.04,4628.355,4627.065,4628.135,
2026-08-25T08:51:00Z,4628.135,4628.23,4625.205,4625.375,
2026-08-25T08:52:00Z,4625.375,4628.06,4625.265,4627.425,
2026-08-25T08:53:00Z,4627.425,4627.885,4626.3,4626.775,
2026-08-25T08:54:00Z,4626.775,4627.53,4626.405,4626.555,
2026-08-25T08:55:00Z,4626.555,4628.125,4626.44,4626.9,
2026-08-25T08:56:00Z,4626.9,4628.055,4626.775,4627.62,
2026-08-25T08:57:00Z,4627.62,4627.79,4626.365,4627.69,
2026-08-25T08:58:00Z,4627.69,4630.175,4627.69,4629.805,
2026-08-25T08:59:00Z,4629.805,4630.67,4629.48,4630.31,
2026-08-25T09:00:00Z,4630.31,4630.31,4625.95,4626.455,
2026-08-25T09:01:00Z,4626.455,4628.155,4626.42,4628.05,
2026-08-25T09:02:00Z,4628.05,4628.84,4626.885,4627.655,
2026-08-25T09:03:00Z,4627.655,4627.795,4624.94,4626.44,
2026-08-25T09:04:00Z,4626.44,4627.86,4625.5,4626.58,
2026-08-25T09:05:00Z,4626.58,4626.77,4625.09,4626.595,
2026-08-25T09:06:00Z,4626.595,4627.94,4626.3,4627.94,
2026-08-25T09:07:00Z,4627.94,4631.79,4627.36,4631.495,
2026-08-25T09:08:00Z,4631.495,4631.495,4630.22,4630.59,
2026-08-25T09:09:00Z,4630.59,4633.405,4630.23,4632.96,
2026-08-25T09:10:00Z,4632.96,4633.11,4630.29,4630.78,
2026-08-25T09:11:00Z,4630.78,4632.16,4630.67,4631.32,
2026-08-25T09:12:00Z,4631.32,4631.54,4629.365,4630.905,
2026-08-25T09:13:00Z,4630.905,4631.355,4630.32,4631.24,
2026-08-25T09:14:00Z,4631.24,4631.24,4629.935,4630.535,
2026-08-25T09:15:00Z,4630.535,4631.735,4630.12,4630.89,
2026-08-25T09:16:00Z,4630.89,4632.09,4630.195,4631.5,
2026-08-25T09:17:00Z,4631.5,4633.555,4631.5,4632.205,
2026-08-25T09:18:00Z,4632.205,4633.445,4632.195,4633.315,
2026-08-25T09:19:00Z,4633.315,4633.415,4631.605,4631.795,
2026-08-25T09:20:00Z,4631.795,4631.795,4630.04,4631.135,
2026-08-25T09:21:00Z,4631.135,4632.35,4630.48,4631.28,
2026-08-25T09:22:00Z,4631.28,4632.4,4630.935,4631.39,
2026-08-25T09:23:00Z,4631.39,4632.21,4630.265,4630.975,
2026-08-25T09:24:00Z,4630.975,4631.5,4629.64,4629.985,
2026-08-25T09:25:00Z,4629.985,4630.045,4628.315,4628.465,
2026-08-25T09:26:00Z,4628.465,4629.03,4627.56,4628.475,
2026-08-25T09:27:00Z,4628.475,4628.945,4628.095,4628.345,
2026-08-25T09:28:00Z,4628.345,4628.535,4627.325,4627.325,
2026-08-25T09:29:00Z,4627.325,4628.09,4625.795,4626.655,
2026-08-25T09:30:00Z,4626.655,4627.385,4624.215,4624.53,
2026-08-25T09:31:00Z,4624.53,4627.65,4624.45,4627.0,
2026-08-25T09:32:00Z,4627.0,4628.435,4626.51,4628.02,
2026-08-25T09:33:00Z,4628.02,4631.07,4626.13,4629.995,
2026-08-25T09:34:00Z,4629.995,4639.29,4629.42,4637.145,
2026-08-25T09:35:00Z,4637.145,4637.145,4633.965,4634.995,
2026-08-25T09:36:00Z,4634.995,4635.71,4633.945,4634.86,
2026-08-25T09:37:00Z,4634.86,4635.41,4633.63,4634.495,
2026-08-25T09:38:00Z,4634.495,4634.545,4631.48,4631.81,
2026-08-25T09:39:00Z,4631.81,4631.81,4629.79,4630.48,
2026-08-25T09:40:00Z,4630.48,4634.425,4629.595,4633.685,
2026-08-25T09:41:00Z,4633.685,4636.535,4633.665,4634.33,
2026-08-25T09:42:00Z,4634.33,4637.26,4634.03,4635.58,
2026-08-25T09:43:00Z,4635.58,4639.245,4635.32,4636.985,
2026-08-25T09:44:00Z,4636.985,4638.86,4636.4,4637.305,
2026-08-25T09:45:00Z,4637.305,4639.315,4637.16,4639.135,
2026-08-25T09:46:00Z,4639.135,4640.37,4638.935,4639.15,
2026-08-25T09:47:00Z,4639.15,4639.65,4636.725,4637.05,
2026-08-25T09:48:00Z,4637.05,4638.715,4637.05,4637.815,
2026-08-25T09:49:00Z,4637.815,4640.69,4637.465,4640.605,
2026-08-25T09:50:00Z,4640.605,4642.635,4640.545,4640.7,
2026-08-25T09:51:00Z,4640.7,4641.6,4640.27,4641.055,
2026-08-25T09:52:00Z,4641.055,4642.01,4640.485,4640.595,
2026-08-25T09:53:00Z,4640.595,4641.785,4639.105,4639.225,
2026-08-25T09:54:00Z,4639.225,4639.675,4638.145,4638.245,
2026-08-25T09:55:00Z,4638.245,4638.39,4636.94,4637.26,
2026-08-25T09:56:00Z,4637.26,4637.93,4636.02,4637.205,
2026-08-25T09:57:00Z,4637.205,4641.05,4636.425,4638.36,
2026-08-25T09:58:00Z,4638.36,4638.48,4637.13,4637.535,
2026-08-25T09:59:00Z,4637.535,4638.07,4636.48,4636.48,
2026-08-25T10:00:00Z,4636.48,4636.98,4635.165,4636.185,
2026-08-25T10:01:00Z,4636.185,4636.65,4635.155,4636.65,
2026-08-25T10:02:00Z,4636.65,4637.235,4633.885,4634.865,
2026-08-25T10:03:00Z,4634.865,4635.06,4633.52,4633.72,
2026-08-25T10:04:00Z,4633.72,4634.575,4633.34,4634.485,
2026-08-25T10:05:00Z,4634.485,4635.055,4633.7,4635.045,
2026-08-25T10:06:00Z,4635.045,4635.3,4634.365,4634.84,
2026-08-25T10:07:00Z,4634.84,4635.35,4633.615,4635.14,
2026-08-25T10:08:00Z,4635.14,4636.775,4635.09,4636.685,
2026-08-25T10:09:00Z,4636.685,4636.895,4635.1,4635.47,
2026-08-25T10:10:00Z,4635.47,4635.485,4633.58,4634.935,
2026-08-25T10:11:00Z,4634.935,4638.19,4634.59,4636.85,
2026-08-25T10:12:00Z,4636.85,4638.605,4636.625,4636.765,
2026-08-25T10:13:00Z,4636.765,4636.82,4634.99,4635.905,
2026-08-25T10:14:00Z,4635.905,4636.58,4634.97,4635.495,
2026-08-25T10:15:00Z,4635.495,4636.725,4635.065,4636.485,
2026-08-25T10:16:00Z,4636.485,4637.175,4636.135,4637.165,
2026-08-25T10:17:00Z,4637.165,4637.955,4637.1,4637.835,
2026-08-25T10:18:00Z,4637.835,4639.105,4637.835,4638.06,
2026-08-25T10:19:00Z,4638.06,4638.06,4636.955,4637.125,
2026-08-25T10:20:00Z,4637.125,4637.99,4636.595,4636.595,
2026-08-25T10:21:00Z,4636.595,4637.725,4635.975,4637.51,
2026-08-25T10:22:00Z,4637.51,4638.3,4636.895,4636.94,
2026-08-25T10:23:00Z,4636.94,4638.225,4636.415,4638.11,
2026-08-25T10:24:00Z,4638.11,4638.54,4635.5,4635.6,
2026-08-25T10:25:00Z,4635.6,4636.22,4635.41,4635.5,
2026-08-25T10:26:00Z,4635.5,4637.21,4635.5,4636.04,
2026-08-25T10:27:00Z,4636.04,4637.765,4636.04,4637.215,
2026-08-25T10:28:00Z,4637.215,4637.44,4636.125,4636.36,
2026-08-25T10:29:00Z,4636.36,4636.415,4633.33,4633.82,
2026-08-25T10:30:00Z,4633.82,4634.785,4633.06,4634.785,
2026-08-25T10:31:00Z,4634.785,4637.03,4634.775,4636.67,
2026-08-25T10:32:00Z,4636.67,4637.015,4635.61,4635.84,
2026-08-25T10:33:00Z,4635.84,4636.24,4634.955,4636.1,
2026-08-25T10:34:00Z,4636.1,4636.175,4635.245,4635.565,
2026-08-25T10:35:00Z,4635.565,4635.675,4633.915,4634.82,
2026-08-25T10:36:00Z,4634.82,4635.535,4634.24,4634.82,
2026-08-25T10:37:00Z,4634.82,4637.58,4634.635,4637.35,
2026-08-25T10:38:00Z,4637.35,4638.44,4637.35,4637.57,
2026-08-25T10:39:00Z,4637.57,4638.14,4637.37,4637.76,
2026-08-25T10:40:00Z,4637.76,4639.15,4637.715,4638.365,
2026-08-25T10:41:00Z,4638.365,4639.675,4637.695,4639.145,
2026-08-25T10:42:00Z,4639.145,4641.11,4639.11,4639.525,
2026-08-25T10:43:00Z,4639.525,4639.62,4637.625,4637.71,
2026-08-25T10:44:00Z,4637.71,4638.53,4637.155,4637.735,
2026-08-25T10:45:00Z,4637.735,4638.08,4637.42,4637.74,
2026-08-25T10:46:00Z,4637.74,4641.085,4637.585,4640.595,
2026-08-25T10:47:00Z,4640.595,4641.06,4640.205,4640.985,
2026-08-25T10:48:00Z,4640.985,4640.985,4637.975,4638.07,
2026-08-25T10:49:00Z,4638.07,4639.235,4638.035,4638.27,
2026-08-25T10:50:00Z,4638.27,4639.555,4638.02,4638.625,
2026-08-25T10:51:00Z,4638.625,4638.685,4637.195,4638.405,
2026-08-25T10:52:00Z,4638.405,4640.035,4638.235,4639.995,
2026-08-25T10:53:00Z,4639.995,4641.245,4639.995,4641.015,
2026-08-25T10:54:00Z,4641.015,4642.205,4641.015,4641.35,
2026-08-25T10:55:00Z,4641.35,4641.39,4639.795,4640.9,
2026-08-25T10:56:00Z,4640.9,4642.425,4640.735,4641.235,
2026-08-25T10:57:00Z,4641.235,4641.68,4640.48,4641.005,
2026-08-25T10:58:00Z,4641.005,4641.315,4640.1,4640.12,
2026-08-25T10:59:00Z,4640.12,4640.175,4639.515,4639.525,
2026-08-25T11:00:00Z,4639.525,4639.725,4637.83,4638.275,
2026-08-25T11:01:00Z,4638.275,4639.99,4638.075,4639.385,
2026-08-25T11:02:00Z,4639.385,4639.595,4638.82,4639.325,
2026-08-25T11:03:00Z,4639.325,4639.875,4639.03,4639.51,
2026-08-25T11:04:00Z,4639.51,4640.845,4639.51,4640.505,
2026-08-25T11:05:00Z,4640.505,4640.65,4638.685,4639.035,
2026-08-25T11:06:00Z,4639.035,4640.51,4638.99,4638.99,
2026-08-25T11:07:00Z,4638.99,4640.16,4638.615,4640.15,
2026-08-25T11:08:00Z,4640.15,4642.255,4639.56,4642.195,
2026-08-25T11:09:00Z,4642.195,4643.49,4637.215,4640.57,
2026-08-25T11:10:00Z,4640.57,4641.65,4639.475,4641.65,
2026-08-25T11:11:00Z,4641.65,4641.675,4640.875,4641.175,
2026-08-25T11:12:00Z,4641.175,4641.87,4640.245,4641.35,
2026-08-25T11:13:00Z,4641.35,4642.295,4640.59,4641.0,
2026-08-25T11:14:00Z,4641.0,4643.03,4640.875,4642.935,
2026-08-25T11:15:00Z,4642.935,4643.45,4642.675,4642.875,
2026-08-25T11:16:00Z,4642.875,4643.4,4642.115,4642.465,
2026-08-25T11:17:00Z,4642.465,4643.05,4641.59,4642.425,
2026-08-25T11:18:00Z,4642.425,4644.66,4642.405,4644.37,
2026-08-25T11:19:00Z,4644.37,4645.225,4643.85,4644.115,
2026-08-25T11:20:00Z,4644.115,4644.775,4643.335,4644.2,
2026-08-25T11:21:00Z,4644.2,4644.265,4643.485,4643.89,
2026-08-25T11:22:00Z,4643.89,4643.89,4640.84,4640.85,
2026-08-25T11:23:00Z,4640.85,4642.435,4640.85,4642.085,
2026-08-25T11:24:00Z,4642.085,4643.035,4641.995,4642.52,
2026-08-25T11:25:00Z,4642.52,4642.835,4640.68,4640.87,
2026-08-25T11:26:00Z,4640.87,4641.77,4640.08,4641.29,
2026-08-25T11:27:00Z,4641.29,4641.29,4639.18,4639.895,
2026-08-25T11:28:00Z,4639.895,4641.81,4639.79,4641.465,
2026-08-25T11:29:00Z,4641.465,4641.685,4640.25,4641.685,
2026-08-25T11:30:00Z,4641.685,4642.935,4640.71,4641.86,
2026-08-25T11:31:00Z,4641.86,4644.665,4641.755,4643.59,
2026-08-25T11:32:00Z,4643.59,4643.94,4642.395,4642.61,
2026-08-25T11:33:00Z,4642.61,4644.585,4642.425,4644.07,
2026-08-25T11:34:00Z,4644.07,4644.52,4643.095,4643.235,
2026-08-25T11:35:00Z,4643.235,4643.515,4642.73,4642.985,
2026-08-25T11:36:00Z,4642.985,4644.005,4642.255,4643.515,
2026-08-25T11:37:00Z,4643.515,4643.895,4642.7,4643.56,
2026-08-25T11:38:00Z,4643.56,4644.575,4643.555,4643.945,
2026-08-25T11:39:00Z,4643.945,4644.87,4643.31,4644.695,
2026-08-25T11:40:00Z,4644.695,4645.33,4644.25,4644.25,
2026-08-25T11:41:00Z,4644.25,4644.275,4641.835,4642.59,
2026-08-25T11:42:00Z,4642.59,4643.425,4642.34,4642.34,
2026-08-25T11:43:00Z,4642.34,4642.535,4641.72,4642.015,
2026-08-25T11:44:00Z,4642.015,4642.115,4640.445,4640.715,
2026-08-25T11:45:00Z,4640.715,4643.02,4640.7,4642.775,
2026-08-25T11:46:00Z,4642.775,4642.94,4642.03,4642.685,
2026-08-25T11:47:00Z,4642.685,4645.255,4642.595,4644.87,
2026-08-25T11:48:00Z,4644.87,4646.22,4644.855,4645.655,
2026-08-25T11:49:00Z,4645.655,4645.785,4644.48,4644.74,
2026-08-25T11:50:00Z,4644.74,4647.47,4644.71,4646.52,
2026-08-25T11:51:00Z,4646.52,4646.52,4645.14,4645.595,
2026-08-25T11:52:00Z,4645.595,4645.595,4644.47,4644.935,
