datetime,open_yahoo,high_yahoo,low_yahoo,close_yahoo,volume_yahoo,open_get,high_get,low_get,close_get,volume_get,open_abs_diff,high_abs_diff,low_abs_diff,close_abs_diff,max_ohlc_abs_diff
2026-07-28 09:30:00,27949.75,27992.0,27928.75,27943.5,5222,27950.0,27992.0,27928.75,27943.5,5220,0.25,0.0,0.0,0.0,0.25
2026-07-28 09:31:00,27943.5,27949.0,27899.25,27910.5,4093,27945.5,27949.0,27899.25,27910.5,4091,2.0,0.0,0.0,0.0,2.0
2026-07-28 09:32:00,27908.75,27918.0,27871.25,27898.25,3297,27910.5,27918.0,27871.25,27898.5,3299,1.75,0.0,0.0,0.25,1.75
2026-07-28 09:33:00,27896.25,27918.25,27883.25,27903.25,3274,27896.75,27918.25,27883.25,27903.75,3273,0.5,0.0,0.0,0.5,0.5
2026-07-28 09:34:00,27907.5,27916.75,27875.75,27877.0,2255,27904.5,27916.75,27875.75,27877.0,2253,3.0,0.0,0.0,0.0,3.0
2026-07-28 09:35:00,27877.0,27916.75,27876.0,27911.5,2652,27876.0,27916.75,27876.0,27913.25,2654,1.0,0.0,0.0,1.75,1.75
2026-07-28 09:36:00,27913.25,27926.25,27852.0,27860.5,3505,27913.0,27926.25,27852.0,27860.5,3496,0.25,0.0,0.0,0.0,0.25
2026-07-28 09:37:00,27861.0,27878.5,27822.25,27834.5,3325,27861.0,27878.5,27822.25,27834.75,3326,0.0,0.0,0.0,0.25,0.25
2026-07-28 09:38:00,27835.25,27847.25,27810.75,27811.75,2528,27834.25,27847.25,27810.75,27811.25,2527,1.0,0.0,0.0,0.5,1.0
2026-07-28 09:39:00,27811.75,27817.5,27788.75,27791.25,2522,27811.75,27817.5,27788.75,27791.25,2518,0.0,0.0,0.0,0.0,0.0
2026-07-28 09:40:00,27792.0,27835.0,27787.5,27813.75,3625,27792.0,27835.0,27787.5,27813.25,3628,0.0,0.0,0.0,0.5,0.5
2026-07-28 09:41:00,27813.0,27841.5,27799.5,27812.75,2460,27813.75,27841.5,27799.5,27811.75,2469,0.75,0.0,0.0,1.0,1.0
2026-07-28 09:42:00,27813.75,27816.0,27760.25,27762.25,3427,27812.25,27816.0,27760.25,27761.5,3414,1.5,0.0,0.0,0.75,1.5
2026-07-28 09:43:00,27762.5,27768.25,27728.5,27735.5,3154,27762.5,27768.25,27728.5,27735.75,3154,0.0,0.0,0.0,0.25,0.25
2026-07-28 09:44:00,27738.25,27771.25,27735.5,27749.25,2470,27736.0,27771.25,27735.5,27749.75,2470,2.25,0.0,0.0,0.5,2.25
2026-07-28 09:45:00,27749.0,27764.5,27706.75,27711.5,3537,27749.25,27764.5,27706.75,27712.0,3535,0.25,0.0,0.0,0.5,0.5
2026-07-28 09:46:00,27710.5,27712.0,27673.0,27683.5,3711,27710.5,27712.0,27673.0,27683.5,3708,0.0,0.0,0.0,0.0,0.0
2026-07-28 09:47:00,27684.25,27687.25,27658.75,27659.5,2795,27684.25,27687.25,27658.75,27660.0,2763,0.0,0.0,0.0,0.5,0.5
2026-07-28 09:48:00,27659.75,27733.25,27659.25,27727.5,3851,27660.25,27733.25,27659.25,27727.5,3821,0.5,0.0,0.0,0.0,0.5
2026-07-28 09:49:00,27729.75,27758.5,27716.5,27755.5,3333,27729.25,27758.5,27716.5,27755.5,3305,0.5,0.0,0.0,0.0,0.5
2026-07-28 09:50:00,27755.5,27799.0,27719.25,27722.75,4438,27755.5,27799.0,27719.25,27722.25,4437,0.0,0.0,0.0,0.5,0.5
2026-07-28 09:51:00,27723.75,27748.5,27702.75,27727.25,2582,27723.75,27748.5,27702.75,27726.5,2571,0.0,0.0,0.0,0.75,0.75
2026-07-28 09:52:00,27727.25,27786.25,27723.0,27752.75,2539,27725.0,27786.25,27723.0,27752.75,2533,2.25,0.0,0.0,0.0,2.25
2026-07-28 09:53:00,27754.0,27755.5,27682.25,27717.0,3302,27754.0,27755.5,27682.25,27716.0,3294,0.0,0.0,0.0,1.0,1.0
2026-07-28 09:54:00,27719.25,27735.0,27692.5,27696.0,2025,27716.5,27735.0,27692.5,27696.0,2023,2.75,0.0,0.0,0.0,2.75
2026-07-28 09:55:00,27697.5,27708.25,27671.25,27676.5,2788,27698.0,27708.25,27671.25,27676.5,2787,0.5,0.0,0.0,0.0,0.5
2026-07-28 09:56:00,27678.0,27710.25,27662.25,27708.25,2867,27677.0,27710.25,27662.25,27708.25,2862,1.0,0.0,0.0,0.0,1.0
2026-07-28 09:57:00,27705.0,27720.5,27679.25,27688.5,2486,27707.75,27720.5,27679.25,27688.25,2488,2.75,0.0,0.0,0.25,2.75
2026-07-28 09:58:00,27686.75,27690.25,27663.0,27665.25,1683,27686.75,27690.25,27663.0,27665.25,1677,0.0,0.0,0.0,0.0,0.0
2026-07-28 09:59:00,27664.5,27691.75,27641.75,27662.5,2287,27664.5,27691.75,27641.75,27665.25,2268,0.0,0.0,0.0,2.75,2.75
2026-07-28 10:00:00,27663.0,27731.75,27652.0,27725.5,3100,27665.5,27731.75,27652.0,27727.0,3099,2.5,0.0,0.0,1.5,2.5
2026-07-28 10:01:00,27725.5,27734.75,27692.0,27703.25,1995,27724.5,27734.75,27692.0,27706.0,2006,1.0,0.0,0.0,2.75,2.75
2026-07-28 10:02:00,27709.0,27749.5,27705.25,27729.0,2342,27706.0,27749.5,27705.25,27730.25,2321,3.0,0.0,0.0,1.25,3.0
2026-07-28 10:03:00,27729.25,27740.0,27712.25,27718.25,1478,27730.75,27740.0,27712.25,27717.5,1468,1.5,0.0,0.0,0.75,1.5
2026-07-28 10:04:00,27716.75,27734.25,27695.75,27715.25,1579,27716.75,27734.25,27695.75,27715.25,1572,0.0,0.0,0.0,0.0,0.0
2026-07-28 10:05:00,27712.0,27771.25,27705.5,27767.5,2291,27714.0,27771.25,27705.5,27766.25,2300,2.0,0.0,0.0,1.25,2.0
2026-07-28 10:06:00,27767.0,27782.0,27740.5,27780.25,2344,27767.0,27782.0,27740.5,27780.5,2323,0.0,0.0,0.0,0.25,0.25
2026-07-28 10:07:00,27779.0,27793.5,27720.5,27724.25,2406,27779.0,27793.5,27720.5,27724.0,2386,0.0,0.0,0.0,0.25,0.25
2026-07-28 10:08:00,27724.5,27727.5,27666.75,27695.25,2558,27724.25,27727.5,27666.75,27695.25,2558,0.25,0.0,0.0,0.0,0.25
2026-07-28 10:09:00,27694.25,27701.75,27673.75,27673.75,1679,27694.25,27701.75,27673.75,27673.75,1678,0.0,0.0,0.0,0.0,0.0
2026-07-28 10:10:00,27674.5,27719.5,27665.5,27699.25,2195,27674.5,27719.5,27665.5,27699.25,2195,0.0,0.0,0.0,0.0,0.0
2026-07-28 10:11:00,27700.25,27724.25,27690.5,27722.75,1679,27700.75,27724.25,27690.5,27722.75,1679,0.5,0.0,0.0,0.0,0.5
2026-07-28 10:12:00,27723.75,27731.0,27660.25,27662.25,1925,27723.75,27731.0,27660.25,27662.25,1925,0.0,0.0,0.0,0.0,0.0
2026-07-28 10:13:00,27662.75,27685.5,27647.25,27652.75,2382,27661.75,27685.5,27647.25,27652.75,2380,1.0,0.0,0.0,0.0,1.0
2026-07-28 10:14:00,27652.5,27652.75,27608.75,27629.25,3997,27652.5,27652.75,27608.75,27630.25,3997,0.0,0.0,0.0,1.0,1.0
2026-07-28 10:15:00,27631.75,27655.25,27614.75,27644.75,2896,27631.75,27655.25,27614.75,27644.25,2897,0.0,0.0,0.0,0.5,0.5
2026-07-28 10:16:00,27644.5,27652.0,27603.5,27612.0,2235,27645.0,27652.0,27603.5,27610.5,2238,0.5,0.0,0.0,1.5,1.5
2026-07-28 10:17:00,27611.25,27628.5,27607.25,27624.0,2289,27612.0,27628.5,27607.25,27623.5,2285,0.75,0.0,0.0,0.5,0.75
2026-07-28 10:18:00,27624.0,27647.0,27611.25,27636.25,2291,27624.0,27647.0,27611.25,27636.25,2290,0.0,0.0,0.0,0.0,0.0
2026-07-28 10:19:00,27636.25,27641.0,27613.25,27615.25,1982,27636.25,27641.0,27613.25,27615.25,1982,0.0,0.0,0.0,0.0,0.0
2026-07-28 10:20:00,27614.0,27641.5,27612.75,27618.5,1615,27614.25,27641.5,27612.75,27618.5,1614,0.25,0.0,0.0,0.0,0.25
2026-07-28 10:21:00,27620.25,27677.5,27606.0,27676.25,2568,27620.25,27677.5,27606.0,27675.75,2566,0.0,0.0,0.0,0.5,0.5
2026-07-28 10:22:00,27675.75,27687.75,27618.75,27630.5,2412,27675.5,27687.75,27618.75,27630.25,2413,0.25,0.0,0.0,0.25,0.25
2026-07-28 10:23:00,27632.0,27699.25,27625.0,27698.5,3025,27631.5,27699.25,27625.0,27697.75,3026,0.5,0.0,0.0,0.75,0.75
2026-07-28 10:24:00,27697.5,27717.5,27670.0,27677.75,2796,27697.5,27717.5,27670.0,27677.25,2795,0.0,0.0,0.0,0.5,0.5
2026-07-28 10:25:00,27678.5,27691.5,27660.0,27682.25,1261,27677.5,27691.5,27660.0,27682.75,1255,1.0,0.0,0.0,0.5,1.0
2026-07-28 10:26:00,27687.5,27700.5,27672.25,27692.75,1350,27683.5,27700.5,27672.25,27691.75,1349,4.0,0.0,0.0,1.0,4.0
2026-07-28 10:27:00,27693.25,27712.75,27680.25,27690.5,1475,27693.5,27712.75,27680.25,27691.0,1476,0.25,0.0,0.0,0.5,0.5
2026-07-28 10:28:00,27691.0,27708.5,27681.5,27685.75,1175,27690.5,27708.5,27681.5,27682.75,1184,0.5,0.0,0.0,3.0,3.0
2026-07-28 10:29:00,27682.25,27713.5,27677.25,27705.75,1452,27683.5,27713.5,27677.25,27706.5,1439,1.25,0.0,0.0,0.75,1.25
2026-07-28 10:30:00,27707.0,27724.0,27669.0,27684.75,1816,27706.5,27724.0,27669.0,27684.5,1803,0.5,0.0,0.0,0.25,0.5
2026-07-28 10:31:00,27686.25,27720.25,27676.25,27706.75,1643,27686.0,27720.25,27676.25,27707.5,1646,0.25,0.0,0.0,0.75,0.75
2026-07-28 10:32:00,27709.0,27728.5,27688.25,27706.25,1425,27708.75,27728.5,27688.25,27708.0,1422,0.25,0.0,0.0,1.75,1.75
2026-07-28 10:33:00,27709.75,27715.25,27686.0,27707.5,1063,27707.5,27715.25,27686.0,27707.25,1067,2.25,0.0,0.0,0.25,2.25
2026-07-28 10:34:00,27707.25,27718.25,27672.5,27679.25,1267,27707.25,27718.25,27672.5,27679.75,1266,0.0,0.0,0.0,0.5,0.5
2026-07-28 10:35:00,27678.5,27732.5,27672.25,27730.75,1905,27679.0,27732.5,27672.25,27730.75,1901,0.5,0.0,0.0,0.0,0.5
2026-07-28 10:36:00,27731.75,27761.75,27726.75,27744.25,2441,27731.75,27761.75,27726.75,27744.5,2443,0.0,0.0,0.0,0.25,0.25
2026-07-28 10:37:00,27743.75,27761.75,27734.25,27756.0,1335,27746.0,27761.75,27734.25,27756.0,1333,2.25,0.0,0.0,0.0,2.25
2026-07-28 10:38:00,27755.5,27763.0,27713.75,27715.0,1713,27755.5,27763.0,27713.75,27715.0,1710,0.0,0.0,0.0,0.0,0.0
2026-07-28 10:39:00,27715.0,27729.0,27695.25,27723.5,1511,27715.0,27729.0,27695.25,27723.5,1511,0.0,0.0,0.0,0.0,0.0
2026-07-28 10:40:00,27723.5,27756.75,27713.5,27755.0,1679,27722.5,27756.75,27713.5,27754.0,1680,1.0,0.0,0.0,1.0,1.0
2026-07-28 10:41:00,27753.25,27777.75,27749.5,27770.0,2147,27754.25,27777.75,27749.5,27770.5,2147,1.0,0.0,0.0,0.5,1.0
2026-07-28 10:42:00,27769.75,27773.75,27753.75,27771.0,1115,27771.0,27773.75,27753.75,27771.0,1114,1.25,0.0,0.0,0.0,1.25
2026-07-28 10:43:00,27772.0,27792.5,27762.0,27782.0,1928,27772.0,27792.5,27762.0,27782.0,1930,0.0,0.0,0.0,0.0,0.0
2026-07-28 10:44:00,27782.25,27793.0,27768.25,27772.25,1520,27782.25,27793.0,27768.25,27772.25,1518,0.0,0.0,0.0,0.0,0.0
2026-07-28 10:45:00,27770.75,27784.5,27745.75,27750.5,1691,27770.75,27784.5,27745.75,27750.5,1694,0.0,0.0,0.0,0.0,0.0
2026-07-28 10:46:00,27748.5,27783.25,27745.5,27781.75,1552,27749.25,27783.25,27745.5,27782.0,1550,0.75,0.0,0.0,0.25,0.75
2026-07-28 10:47:00,27780.25,27811.25,27779.75,27807.0,2074,27782.25,27811.25,27779.75,27807.0,2076,2.0,0.0,0.0,0.0,2.0
2026-07-28 10:48:00,27805.25,27844.75,27803.75,27840.0,2733,27805.25,27844.75,27803.75,27840.0,2743,0.0,0.0,0.0,0.0,0.0
2026-07-28 10:49:00,27839.75,27856.5,27834.5,27851.25,1853,27839.75,27856.5,27834.5,27851.25,1840,0.0,0.0,0.0,0.0,0.0
2026-07-28 10:50:00,27848.25,27877.75,27847.75,27861.5,2406,27850.25,27877.75,27847.75,27862.75,2407,2.0,0.0,0.0,1.25,2.0
2026-07-28 10:51:00,27863.25,27888.5,27857.25,27882.5,1901,27863.25,27888.5,27857.25,27882.75,1895,0.0,0.0,0.0,0.25,0.25
2026-07-28 10:52:00,27883.0,27888.5,27852.0,27858.75,2461,27882.5,27888.5,27852.0,27858.25,2462,0.5,0.0,0.0,0.5,0.5
2026-07-28 10:53:00,27858.75,27890.0,27858.0,27875.75,1903,27858.75,27890.0,27858.0,27875.75,1901,0.0,0.0,0.0,0.0,0.0
2026-07-28 10:54:00,27875.25,27875.25,27850.0,27853.25,1595,27875.0,27875.25,27850.0,27853.25,1598,0.25,0.0,0.0,0.0,0.25
2026-07-28 10:55:00,27853.25,27876.0,27838.75,27860.0,2492,27853.25,27876.0,27838.75,27859.25,2489,0.0,0.0,0.0,0.75,0.75
2026-07-28 10:56:00,27857.0,27862.75,27836.25,27844.75,1423,27860.25,27862.75,27836.25,27844.75,1421,3.25,0.0,0.0,0.0,3.25
2026-07-28 10:57:00,27844.5,27844.5,27809.25,27819.5,1899,27844.5,27844.5,27809.25,27820.0,1900,0.0,0.0,0.0,0.5,0.5
2026-07-28 10:58:00,27820.25,27824.25,27810.0,27812.5,1227,27819.5,27824.25,27810.0,27812.5,1225,0.75,0.0,0.0,0.0,0.75
2026-07-28 10:59:00,27813.5,27822.0,27797.25,27801.75,1466,27812.5,27822.0,27797.25,27801.75,1467,1.0,0.0,0.0,0.0,1.0
2026-07-28 11:00:00,27803.0,27835.25,27799.5,27832.75,1870,27803.0,27835.25,27799.5,27832.75,1869,0.0,0.0,0.0,0.0,0.0
2026-07-28 11:01:00,27832.75,27838.0,27809.0,27821.75,1426,27832.75,27838.0,27809.0,27821.5,1427,0.0,0.0,0.0,0.25,0.25
2026-07-28 11:02:00,27820.75,27828.5,27798.75,27812.0,1470,27821.25,27828.5,27798.75,27812.0,1469,0.5,0.0,0.0,0.0,0.5
2026-07-28 11:03:00,27811.25,27819.25,27793.5,27796.75,1195,27812.0,27819.25,27793.5,27796.5,1196,0.75,0.0,0.0,0.25,0.75
2026-07-28 11:04:00,27797.75,27807.25,27779.5,27780.25,1535,27797.75,27807.25,27779.5,27780.25,1534,0.0,0.0,0.0,0.0,0.0
2026-07-28 11:05:00,27781.0,27797.75,27768.0,27797.75,1398,27781.0,27798.0,27768.0,27798.0,1399,0.0,0.25,0.0,0.25,0.25
2026-07-28 11:06:00,27796.25,27837.25,27796.25,27810.75,1870,27796.75,27837.25,27796.25,27810.75,1869,0.5,0.0,0.0,0.0,0.5
2026-07-28 11:07:00,27809.0,27811.0,27779.0,27798.0,1408,27811.0,27811.0,27779.0,27797.0,1412,2.0,0.0,0.0,1.0,2.0
2026-07-28 11:08:00,27799.75,27811.25,27787.25,27799.25,1079,27796.5,27811.25,27787.25,27797.75,1076,3.25,0.0,0.0,1.5,3.25
2026-07-28 11:09:00,27798.75,27827.0,27797.5,27826.25,1440,27797.75,27827.0,27797.5,27825.75,1462,1.0,0.0,0.0,0.5,1.0
2026-07-28 11:10:00,27826.0,27882.0,27816.5,27821.75,3244,27826.0,27882.0,27816.5,27822.25,3230,0.0,0.0,0.0,0.5,0.5
2026-07-28 11:11:00,27822.75,27836.75,27801.25,27823.25,1454,27822.75,27836.75,27801.25,27823.25,1443,0.0,0.0,0.0,0.0,0.0
2026-07-28 11:12:00,27821.25,27875.0,27813.25,27862.25,1629,27823.5,27875.0,27813.25,27863.25,1630,2.25,0.0,0.0,1.0,2.25
2026-07-28 11:13:00,27861.0,27867.25,27839.75,27858.5,1199,27863.0,27867.25,27839.75,27859.5,1210,2.0,0.0,0.0,1.0,2.0
2026-07-28 11:14:00,27862.25,27877.25,27850.5,27853.75,1405,27860.0,27877.25,27850.5,27854.25,1397,2.25,0.0,0.0,0.5,2.25
2026-07-28 11:15:00,27853.0,27863.5,27836.5,27861.0,1442,27853.75,27863.5,27836.5,27861.25,1444,0.75,0.0,0.0,0.25,0.75
2026-07-28 11:16:00,27861.0,27882.0,27858.5,27863.25,1224,27861.0,27882.0,27858.5,27863.25,1216,0.0,0.0,0.0,0.0,0.0
2026-07-28 11:17:00,27862.75,27882.25,27849.5,27879.0,1190,27863.75,27882.25,27849.5,27878.75,1194,1.0,0.0,0.0,0.25,1.0
2026-07-28 11:18:00,27876.25,27917.75,27872.75,27911.5,2113,27875.75,27917.75,27872.75,27910.5,2108,0.5,0.0,0.0,1.0,1.0
2026-07-28 11:19:00,27910.5,27917.0,27896.0,27916.25,1206,27910.75,27917.0,27896.0,27915.25,1201,0.25,0.0,0.0,1.0,1.0
2026-07-28 11:20:00,27915.5,27963.25,27914.25,27952.5,2431,27915.5,27963.25,27914.25,27952.0,2436,0.0,0.0,0.0,0.5,0.5
2026-07-28 11:21:00,27952.0,27959.5,27944.0,27954.25,1692,27952.25,27959.5,27944.0,27954.0,1686,0.25,0.0,0.0,0.25,0.25
2026-07-28 11:22:00,27953.75,27966.0,27947.0,27952.0,1980,27953.0,27966.0,27947.0,27952.75,1982,0.75,0.0,0.0,0.75,0.75
2026-07-28 11:23:00,27953.0,27970.75,27951.25,27961.25,1329,27953.0,27970.75,27951.25,27960.75,1330,0.0,0.0,0.0,0.5,0.5
2026-07-28 11:24:00,27961.0,27975.0,27951.0,27974.5,1314,27961.0,27975.0,27951.0,27974.5,1298,0.0,0.0,0.0,0.0,0.0
2026-07-28 11:25:00,27974.0,27987.5,27970.75,27979.5,1926,27974.0,27987.5,27970.75,27979.5,1926,0.0,0.0,0.0,0.0,0.0
2026-07-28 11:26:00,27980.25,28010.0,27977.5,28001.75,2297,27980.25,28010.0,27977.5,28000.0,2310,0.0,0.0,0.0,1.75,1.75
2026-07-28 11:27:00,27999.75,28001.0,27973.25,27975.25,1849,27999.75,28001.0,27973.25,27975.25,1836,0.0,0.0,0.0,0.0,0.0
2026-07-28 11:28:00,27975.25,27975.5,27963.5,27971.5,1529,27975.25,27975.5,27963.5,27971.25,1539,0.0,0.0,0.0,0.25,0.25
2026-07-28 11:29:00,27974.0,27977.75,27956.5,27964.75,1261,27971.75,27977.75,27956.5,27965.0,1249,2.25,0.0,0.0,0.25,2.25
2026-07-28 11:30:00,27965.5,27985.75,27954.5,27956.75,1580,27965.75,27985.75,27954.5,27957.0,1580,0.25,0.0,0.0,0.25,0.25
2026-07-28 11:31:00,27956.0,27964.0,27948.75,27962.5,1410,27956.75,27964.0,27948.75,27962.5,1409,0.75,0.0,0.0,0.0,0.75
2026-07-28 11:32:00,27963.0,27984.75,27960.25,27975.5,1371,27963.0,27984.75,27960.25,27975.5,1373,0.0,0.0,0.0,0.0,0.0
2026-07-28 11:33:00,27973.75,27986.5,27970.75,27985.0,1127,27973.5,27986.5,27970.75,27985.0,1125,0.25,0.0,0.0,0.0,0.25
2026-07-28 11:34:00,27986.75,27995.0,27976.75,27979.0,1152,27985.75,27995.0,27976.75,27979.75,1156,1.0,0.0,0.0,0.75,1.0
2026-07-28 11:35:00,27978.5,28003.75,27976.5,28001.75,1297,27980.25,28003.75,27976.5,28001.75,1293,1.75,0.0,0.0,0.0,1.75
2026-07-28 11:36:00,28000.75,28012.0,28000.0,28007.5,1019,28001.75,28012.0,28000.0,28006.75,1021,1.0,0.0,0.0,0.75,1.0
2026-07-28 11:37:00,28005.0,28007.0,27987.0,28004.0,862,28006.25,28007.0,27987.0,28003.75,862,1.25,0.0,0.0,0.25,1.25
2026-07-28 11:38:00,28001.75,28019.25,27997.25,28012.5,1318,28002.75,28019.25,27997.25,28012.5,1315,1.0,0.0,0.0,0.0,1.0
2026-07-28 11:39:00,28012.75,28015.0,28001.75,28006.75,936,28012.75,28015.0,28001.75,28006.25,937,0.0,0.0,0.0,0.5,0.5
2026-07-28 11:40:00,28005.5,28009.75,27990.0,27998.0,944,28005.5,28009.75,27990.0,27996.75,943,0.0,0.0,0.0,1.25,1.25
2026-07-28 11:41:00,27998.0,28012.25,27993.0,28001.25,715,27997.75,28012.25,27993.0,28001.0,715,0.25,0.0,0.0,0.25,0.25
2026-07-28 11:42:00,28001.0,28006.0,27991.5,27995.25,654,28001.0,28006.0,27991.5,27996.0,654,0.0,0.0,0.0,0.75,0.75
2026-07-28 11:43:00,27994.75,28023.25,27989.25,28022.5,1206,27996.5,28023.25,27989.25,28022.25,1207,1.75,0.0,0.0,0.25,1.75
2026-07-28 11:44:00,28021.25,28036.0,28019.25,28031.5,1061,28022.0,28036.0,28019.25,28031.5,1059,0.75,0.0,0.0,0.0,0.75
2026-07-28 11:45:00,28032.0,28045.5,28029.25,28035.25,1232,28032.0,28045.5,28029.25,28036.0,1234,0.0,0.0,0.0,0.75,0.75
2026-07-28 11:46:00,28036.0,28052.0,28032.0,28049.5,1283,28036.0,28052.0,28032.0,28049.5,1281,0.0,0.0,0.0,0.0,0.0
2026-07-28 11:47:00,28047.25,28052.5,28043.0,28045.75,851,28048.75,28052.5,28043.0,28045.75,851,1.5,0.0,0.0,0.0,1.5
2026-07-28 11:48:00,28044.75,28058.5,28042.25,28058.0,805,28045.25,28058.75,28042.25,28058.75,811,0.5,0.25,0.0,0.75,0.75
2026-07-28 11:49:00,28058.25,28062.5,28044.0,28044.0,1041,28058.25,28062.5,28044.0,28044.75,1037,0.0,0.0,0.0,0.75,0.75
2026-07-28 11:50:00,28045.5,28048.75,28021.25,28023.75,1708,28044.5,28048.75,28021.25,28023.75,1706,1.0,0.0,0.0,0.0,1.0
2026-07-28 11:51:00,28023.25,28029.5,28014.75,28026.25,1183,28024.25,28029.5,28014.75,28026.25,1183,1.0,0.0,0.0,0.0,1.0
2026-07-28 11:52:00,28023.5,28031.25,28010.5,28031.25,756,28025.5,28031.25,28010.5,28031.25,756,2.0,0.0,0.0,0.0,2.0
2026-07-28 11:53:00,28031.0,28057.75,28028.0,28054.75,1240,28031.0,28057.75,28028.0,28054.5,1241,0.0,0.0,0.0,0.25,0.25
2026-07-28 11:54:00,28053.5,28055.0,28032.25,28033.5,976,28053.25,28055.0,28032.25,28033.5,976,0.25,0.0,0.0,0.0,0.25
2026-07-28 11:55:00,28034.0,28035.5,28015.5,28019.75,1012,28033.0,28035.5,28015.5,28019.25,1012,1.0,0.0,0.0,0.5,1.0
2026-07-28 11:56:00,28020.75,28045.25,28019.0,28042.5,988,28020.25,28045.25,28019.0,28042.5,987,0.5,0.0,0.0,0.0,0.5
2026-07-28 11:57:00,28042.75,28051.75,28038.25,28050.0,662,28042.75,28051.75,28038.25,28050.0,662,0.0,0.0,0.0,0.0,0.0
2026-07-28 11:58:00,28052.0,28062.5,28043.0,28043.75,1330,28051.0,28062.5,28043.0,28043.75,1339,1.0,0.0,0.0,0.0,1.0
2026-07-28 11:59:00,28043.75,28048.75,28036.0,28048.0,892,28043.5,28048.75,28036.0,28048.0,883,0.25,0.0,0.0,0.0,0.25
2026-07-28 12:00:00,28047.5,28063.5,28033.5,28063.0,1765,28047.75,28063.5,28033.5,28062.25,1756,0.25,0.0,0.0,0.75,0.75
2026-07-28 12:01:00,28063.0,28068.75,28053.5,28054.5,1135,28063.0,28068.75,28053.5,28054.5,1132,0.0,0.0,0.0,0.0,0.0
2026-07-28 12:02:00,28055.5,28067.5,28046.5,28046.5,887,28055.5,28067.5,28046.5,28046.5,887,0.0,0.0,0.0,0.0,0.0
2026-07-28 12:03:00,28047.0,28059.0,28040.0,28054.75,1013,28047.0,28059.0,28040.0,28054.75,1013,0.0,0.0,0.0,0.0,0.0
2026-07-28 12:04:00,28054.25,28054.5,28040.25,28050.5,936,28054.25,28054.5,28040.25,28051.25,937,0.0,0.0,0.0,0.75,0.75
2026-07-28 12:05:00,28052.0,28065.0,28050.5,28052.0,899,28050.75,28065.0,28050.5,28052.0,898,1.25,0.0,0.0,0.0,1.25
2026-07-28 12:06:00,28051.5,28055.0,28036.25,28051.0,1214,28052.75,28055.0,28036.25,28051.0,1214,1.25,0.0,0.0,0.0,1.25
2026-07-28 12:07:00,28050.0,28051.75,28014.5,28014.5,1200,28051.75,28051.75,28014.5,28014.5,1200,1.75,0.0,0.0,0.0,1.75
2026-07-28 12:08:00,28015.0,28019.5,28009.5,28016.25,1294,28014.75,28019.5,28009.5,28016.25,1294,0.25,0.0,0.0,0.0,0.25
2026-07-28 12:09:00,28016.25,28024.0,28007.75,28008.0,1209,28015.5,28024.0,28007.25,28007.75,1221,0.75,0.0,0.5,0.25,0.75
2026-07-28 12:10:00,28006.75,28017.25,28005.5,28010.25,887,28007.5,28017.25,28005.5,28010.25,875,0.75,0.0,0.0,0.0,0.75
2026-07-28 12:11:00,28011.75,28028.5,28009.75,28024.75,956,28011.0,28028.5,28009.75,28024.75,956,0.75,0.0,0.0,0.0,0.75
2026-07-28 12:12:00,28023.75,28026.5,28010.75,28018.5,693,28023.75,28026.5,28010.75,28017.75,697,0.0,0.0,0.0,0.75,0.75
2026-07-28 12:13:00,28018.5,28024.0,28000.5,28002.75,955,28018.0,28024.0,28000.5,28003.0,954,0.5,0.0,0.0,0.25,0.5
2026-07-28 12:14:00,28000.75,28008.0,27996.75,28007.5,808,28003.0,28008.0,27996.75,28007.5,807,2.25,0.0,0.0,0.0,2.25
2026-07-28 12:15:00,28007.0,28016.25,27992.25,27998.25,936,28007.75,28016.25,27992.25,27998.0,937,0.75,0.0,0.0,0.25,0.75
2026-07-28 12:16:00,27998.5,28003.25,27993.25,27995.0,642,27998.5,28003.25,27993.25,27995.0,639,0.0,0.0,0.0,0.0,0.0
2026-07-28 12:17:00,27995.25,28009.5,27994.25,27995.5,813,27995.25,28009.5,27994.25,27995.5,813,0.0,0.0,0.0,0.0,0.0
2026-07-28 12:18:00,27995.75,28006.5,27992.25,27999.0,515,27995.75,28006.5,27992.25,27999.5,516,0.0,0.0,0.0,0.5,0.5
2026-07-28 12:19:00,27998.5,28032.5,27998.25,28030.5,1105,27999.25,28032.5,27998.25,28030.5,1104,0.75,0.0,0.0,0.0,0.75
2026-07-28 12:20:00,28029.75,28045.25,28026.5,28032.0,1508,28029.75,28045.25,28026.5,28032.0,1509,0.0,0.0,0.0,0.0,0.0
2026-07-28 12:21:00,28032.5,28034.25,28013.25,28022.5,694,28032.5,28034.25,28013.25,28022.5,692,0.0,0.0,0.0,0.0,0.0
2026-07-28 12:22:00,28022.75,28028.25,28008.25,28012.0,642,28022.75,28028.25,28008.25,28012.0,652,0.0,0.0,0.0,0.0,0.0
2026-07-28 12:23:00,28011.75,28012.25,27991.75,27994.5,1125,28011.75,28012.25,27991.75,27995.0,1117,0.0,0.0,0.0,0.5,0.5
2026-07-28 12:24:00,27993.75,28002.25,27988.75,27999.0,755,27994.25,28002.25,27988.75,27999.0,749,0.5,0.0,0.0,0.0,0.5
2026-07-28 12:25:00,27999.0,28006.25,27990.75,28005.5,487,27999.25,28006.25,27990.75,28005.5,479,0.25,0.0,0.0,0.0,0.25
2026-07-28 12:26:00,28005.5,28007.5,27995.25,27996.75,637,28004.75,28007.5,27995.25,27996.75,633,0.75,0.0,0.0,0.0,0.75
2026-07-28 12:27:00,27997.5,28005.25,27984.75,27999.0,701,27997.5,28005.25,27984.75,28000.0,702,0.0,0.0,0.0,1.0,1.0
2026-07-28 12:28:00,28001.0,28009.0,27995.0,27998.5,586,28000.5,28009.0,27995.0,27998.5,585,0.5,0.0,0.0,0.0,0.5
2026-07-28 12:29:00,27998.0,28007.25,27993.0,27994.0,509,27998.0,28007.25,27993.0,27995.25,512,0.0,0.0,0.0,1.25,1.25
2026-07-28 12:30:00,27996.25,27996.5,27962.75,27964.25,1284,27995.5,27996.5,27962.75,27964.25,1281,0.75,0.0,0.0,0.0,0.75
2026-07-28 12:31:00,27965.0,27966.25,27953.5,27965.0,1211,27964.25,27966.25,27953.5,27965.0,1211,0.75,0.0,0.0,0.0,0.75
2026-07-28 12:32:00,27965.5,27986.75,27959.0,27985.0,1214,27965.5,27986.75,27959.0,27985.0,1214,0.0,0.0,0.0,0.0,0.0
2026-07-28 12:33:00,27985.25,27996.25,27974.5,27975.25,795,27985.25,27996.25,27974.5,27975.75,796,0.0,0.0,0.0,0.5,0.5
2026-07-28 12:34:00,27975.75,27993.75,27973.5,27975.75,596,27976.25,27993.75,27973.5,27975.75,595,0.5,0.0,0.0,0.0,0.5
2026-07-28 12:35:00,27975.25,27988.5,27974.5,27978.25,489,27976.25,27988.5,27974.5,27978.25,490,1.0,0.0,0.0,0.0,1.0
2026-07-28 12:36:00,27979.5,27982.0,27967.5,27978.5,559,27979.0,27982.0,27967.5,27978.5,558,0.5,0.0,0.0,0.0,0.5
2026-07-28 12:37:00,27979.25,27984.75,27972.25,27982.0,521,27979.25,27984.75,27972.25,27982.0,521,0.0,0.0,0.0,0.0,0.0
2026-07-28 12:38:00,27982.5,28011.75,27979.75,28006.25,828,27982.5,28011.75,27979.75,28007.25,838,0.0,0.0,0.0,1.0,1.0
2026-07-28 12:39:00,28006.75,28024.5,27999.5,28023.5,1338,28006.0,28024.5,27999.5,28023.5,1317,0.75,0.0,0.0,0.0,0.75
2026-07-28 12:40:00,28023.0,28032.5,28018.0,28022.75,1003,28023.0,28032.5,28018.0,28022.75,1002,0.0,0.0,0.0,0.0,0.0
2026-07-28 12:41:00,28022.75,28037.25,28021.5,28037.25,737,28023.25,28037.25,28021.5,28037.25,736,0.5,0.0,0.0,0.0,0.5
2026-07-28 12:42:00,28037.5,28040.0,28013.0,28017.0,809,28037.5,28040.0,28013.0,28017.75,811,0.0,0.0,0.0,0.75,0.75
2026-07-28 12:43:00,28017.5,28041.75,28017.5,28041.75,587,28018.0,28041.75,28017.5,28041.25,587,0.5,0.0,0.0,0.5,0.5
2026-07-28 12:44:00,28040.0,28043.75,28022.25,28032.75,909,28040.5,28043.75,28022.25,28032.75,910,0.5,0.0,0.0,0.0,0.5
2026-07-28 12:45:00,28032.25,28040.0,28023.75,28027.5,740,28032.0,28040.0,28023.75,28026.75,738,0.25,0.0,0.0,0.75,0.75
2026-07-28 12:46:00,28026.5,28030.75,27993.0,27996.75,1023,28027.0,28030.75,27993.0,27996.75,1022,0.5,0.0,0.0,0.0,0.5
2026-07-28 12:47:00,27999.0,28023.0,27996.0,28017.0,699,27996.5,28023.0,27996.0,28017.0,699,2.5,0.0,0.0,0.0,2.5
2026-07-28 12:48:00,28018.0,28022.5,28001.0,28008.5,997,28017.0,28022.5,28001.0,28008.5,1003,1.0,0.0,0.0,0.0,1.0
2026-07-28 12:49:00,28008.25,28020.75,28005.0,28016.25,518,28008.25,28020.75,28005.0,28016.25,512,0.0,0.0,0.0,0.0,0.0
2026-07-28 12:50:00,28015.25,28047.5,28015.25,28046.0,1314,28015.75,28047.5,28015.25,28046.0,1317,0.5,0.0,0.0,0.0,0.5
2026-07-28 12:51:00,28047.0,28070.75,28045.0,28068.0,1278,28045.75,28070.75,28045.0,28068.0,1275,1.25,0.0,0.0,0.0,1.25
2026-07-28 12:52:00,28066.5,28074.0,28061.5,28064.5,813,28067.75,28074.0,28061.5,28065.5,814,1.25,0.0,0.0,1.0,1.25
2026-07-28 12:53:00,28063.75,28080.0,28063.25,28064.0,792,28064.25,28080.0,28063.25,28064.25,796,0.5,0.0,0.0,0.25,0.5
2026-07-28 12:54:00,28064.25,28074.75,28063.0,28068.75,564,28064.25,28074.75,28063.0,28068.75,559,0.0,0.0,0.0,0.0,0.0
2026-07-28 12:55:00,28067.25,28068.75,28059.0,28068.5,627,28067.25,28068.75,28059.0,28068.5,627,0.0,0.0,0.0,0.0,0.0
2026-07-28 12:56:00,28068.75,28078.0,28060.75,28076.5,611,28068.75,28078.0,28060.75,28076.5,617,0.0,0.0,0.0,0.0,0.0
2026-07-28 12:57:00,28076.0,28078.0,28058.5,28065.25,607,28075.5,28078.0,28058.5,28065.5,602,0.5,0.0,0.0,0.25,0.5
2026-07-28 12:58:00,28065.0,28065.75,28052.75,28056.5,589,28065.0,28065.75,28052.75,28056.75,592,0.0,0.0,0.0,0.25,0.25
2026-07-28 12:59:00,28057.5,28064.0,28055.25,28057.0,612,28057.0,28064.0,28055.25,28057.5,610,0.5,0.0,0.0,0.5,0.5
2026-07-28 13:00:00,28056.5,28066.5,28044.75,28055.25,895,28057.5,28066.5,28044.75,28055.25,893,1.0,0.0,0.0,0.0,1.0
2026-07-28 13:01:00,28054.75,28065.0,28054.25,28056.25,329,28054.25,28065.0,28054.25,28056.25,329,0.5,0.0,0.0,0.0,0.5
2026-07-28 13:02:00,28055.5,28060.0,28027.75,28035.75,1074,28055.5,28060.0,28027.75,28035.25,1085,0.0,0.0,0.0,0.5,0.5
2026-07-28 13:03:00,28035.0,28041.0,28022.25,28027.5,929,28036.25,28041.0,28022.25,28027.5,919,1.25,0.0,0.0,0.0,1.25
2026-07-28 13:04:00,28029.0,28029.5,28017.0,28021.0,599,28028.25,28029.5,28017.0,28021.0,600,0.75,0.0,0.0,0.0,0.75
2026-07-28 13:05:00,28021.75,28028.0,28013.25,28015.75,691,28021.75,28028.0,28013.25,28017.0,694,0.0,0.0,0.0,1.25,1.25
2026-07-28 13:06:00,28018.0,28031.0,28004.0,28021.75,1235,28016.75,28031.0,28004.0,28021.75,1230,1.25,0.0,0.0,0.0,1.25
2026-07-28 13:07:00,28021.75,28028.25,28015.75,28026.75,649,28021.75,28028.25,28015.75,28026.75,649,0.0,0.0,0.0,0.0,0.0
2026-07-28 13:08:00,28029.5,28031.25,27998.0,27998.5,769,28027.0,28031.25,27998.0,27998.75,770,2.5,0.0,0.0,0.25,2.5
2026-07-28 13:09:00,27997.75,28002.0,27982.5,27987.0,1959,27999.0,28002.0,27982.5,27986.25,1961,1.25,0.0,0.0,0.75,1.25
2026-07-28 13:10:00,27987.5,27988.25,27969.0,27986.0,1168,27986.25,27988.25,27969.0,27986.0,1165,1.25,0.0,0.0,0.0,1.25
2026-07-28 13:11:00,27987.75,27994.5,27979.75,27993.25,835,27987.25,27994.5,27979.75,27993.75,839,0.5,0.0,0.0,0.5,0.5
2026-07-28 13:12:00,27993.5,28008.5,27989.75,27995.75,758,27994.5,28008.5,27989.75,27995.75,754,1.0,0.0,0.0,0.0,1.0
2026-07-28 13:13:00,27996.75,27998.0,27974.75,27989.0,819,27996.75,27998.0,27974.75,27989.0,821,0.0,0.0,0.0,0.0,0.0
2026-07-28 13:14:00,27989.75,27992.0,27982.0,27988.0,1137,27989.0,27992.0,27982.0,27988.0,1135,0.75,0.0,0.0,0.0,0.75
2026-07-28 13:15:00,27987.25,27996.75,27980.75,27992.0,679,27988.0,27996.75,27980.75,27992.5,683,0.75,0.0,0.0,0.5,0.75
2026-07-28 13:16:00,27992.75,27993.0,27980.25,27991.5,508,27991.5,27993.0,27980.25,27991.5,504,1.25,0.0,0.0,0.0,1.25
2026-07-28 13:17:00,27992.5,27992.5,27973.5,27978.0,411,27992.0,27992.5,27973.5,27978.0,411,0.5,0.0,0.0,0.0,0.5
2026-07-28 13:18:00,27976.25,27985.0,27976.0,27982.25,405,27976.75,27985.0,27976.0,27982.25,405,0.5,0.0,0.0,0.0,0.5
2026-07-28 13:19:00,27981.75,27996.5,27976.75,27993.0,1271,27981.75,27996.5,27976.75,27993.25,1272,0.0,0.0,0.0,0.25,0.25
2026-07-28 13:20:00,27991.5,28036.25,27985.25,28026.75,1678,27993.25,28036.25,27985.25,28026.75,1676,1.75,0.0,0.0,0.0,1.75
2026-07-28 13:21:00,28026.5,28045.75,28008.75,28010.5,1164,28026.5,28045.75,28008.75,28011.5,1167,0.0,0.0,0.0,1.0,1.0
2026-07-28 13:22:00,28010.25,28014.25,27996.0,28008.5,629,28010.5,28014.25,27996.0,28007.75,630,0.25,0.0,0.0,0.75,0.75
2026-07-28 13:23:00,28006.0,28018.75,28003.5,28005.75,496,28007.0,28018.75,28003.5,28005.75,492,1.0,0.0,0.0,0.0,1.0
2026-07-28 13:24:00,28005.75,28013.25,27987.0,27988.0,499,28005.75,28013.25,27987.0,27987.0,500,0.0,0.0,0.0,1.0,1.0
2026-07-28 13:25:00,27987.0,27991.5,27975.0,27989.5,813,27987.0,27991.5,27975.0,27989.5,812,0.0,0.0,0.0,0.0,0.0
2026-07-28 13:26:00,27989.75,28002.5,27989.25,27997.75,461,27989.25,28002.5,27989.25,27998.0,463,0.5,0.0,0.0,0.25,0.5
2026-07-28 13:27:00,27999.25,28015.75,27997.75,28010.5,715,27998.25,28015.75,27997.75,28011.0,714,1.0,0.0,0.0,0.5,1.0
2026-07-28 13:28:00,28008.75,28020.5,28000.25,28001.25,605,28010.5,28020.5,28000.25,28001.25,604,1.75,0.0,0.0,0.0,1.75
2026-07-28 13:29:00,28001.5,28013.0,27995.75,27996.5,660,28001.5,28013.0,27995.75,27996.5,662,0.0,0.0,0.0,0.0,0.0
2026-07-28 13:30:00,27996.5,28004.0,27989.0,28000.0,619,27996.0,28004.0,27989.0,28000.5,618,0.5,0.0,0.0,0.5,0.5
2026-07-28 13:31:00,27999.5,28001.5,27990.0,27994.25,319,27999.75,28001.5,27990.0,27993.75,322,0.25,0.0,0.0,0.5,0.5
2026-07-28 13:32:00,27995.75,28001.5,27991.0,27999.25,357,27994.0,28001.5,27991.0,27999.25,354,1.75,0.0,0.0,0.0,1.75
2026-07-28 13:33:00,27999.25,28023.0,27996.5,28016.25,1208,27999.25,28023.0,27996.5,28016.25,1207,0.0,0.0,0.0,0.0,0.0
2026-07-28 13:34:00,28016.25,28032.5,28015.75,28021.75,506,28015.75,28032.5,28015.75,28021.75,506,0.5,0.0,0.0,0.0,0.5
2026-07-28 13:35:00,28021.5,28043.5,28021.5,28023.5,989,28021.5,28043.5,28021.5,28023.5,989,0.0,0.0,0.0,0.0,0.0
2026-07-28 13:36:00,28022.5,28023.0,28008.0,28008.25,387,28022.5,28023.0,28008.0,28008.0,393,0.0,0.0,0.0,0.25,0.25
2026-07-28 13:37:00,28007.75,28015.75,28003.75,28003.75,342,28007.75,28015.75,28002.5,28002.5,341,0.0,0.0,1.25,1.25,1.25
2026-07-28 13:38:00,28002.5,28013.5,27999.5,28009.0,374,28002.75,28013.5,27999.5,28009.0,369,0.25,0.0,0.0,0.0,0.25
2026-07-28 13:39:00,28009.0,28010.75,27992.0,27994.5,407,28009.25,28010.75,27992.0,27994.5,407,0.25,0.0,0.0,0.0,0.25
2026-07-28 13:40:00,27992.5,28010.0,27986.5,27995.25,1347,27993.0,28010.0,27986.5,27995.25,1347,0.5,0.0,0.0,0.0,0.5
2026-07-28 13:41:00,27995.5,27997.25,27978.25,27980.0,416,27995.5,27997.25,27978.25,27979.75,417,0.0,0.0,0.0,0.25,0.25
2026-07-28 13:42:00,27980.75,27986.0,27975.5,27977.25,757,27980.25,27986.0,27975.5,27975.75,760,0.5,0.0,0.0,1.5,1.5
2026-07-28 13:43:00,27976.25,27978.5,27956.5,27959.0,787,27976.25,27978.5,27956.5,27959.5,784,0.0,0.0,0.0,0.5,0.5
2026-07-28 13:44:00,27959.25,27959.75,27949.0,27954.5,665,27959.75,27959.75,27949.0,27954.5,664,0.5,0.0,0.0,0.0,0.5
2026-07-28 13:45:00,27954.25,27962.75,27943.25,27950.0,919,27954.25,27962.75,27943.25,27950.0,919,0.0,0.0,0.0,0.0,0.0
2026-07-28 13:46:00,27950.25,27954.75,27944.25,27952.5,585,27950.25,27954.75,27944.25,27952.75,586,0.0,0.0,0.0,0.25,0.25
2026-07-28 13:47:00,27952.25,27963.0,27939.0,27943.25,656,27952.25,27963.0,27939.0,27943.25,656,0.0,0.0,0.0,0.0,0.0
2026-07-28 13:48:00,27943.5,27978.5,27942.75,27972.25,1690,27943.5,27978.5,27942.75,27972.25,1690,0.0,0.0,0.0,0.0,0.0
2026-07-28 13:49:00,27973.0,27987.0,27966.25,27979.75,836,27973.0,27987.0,27966.25,27980.0,836,0.0,0.0,0.0,0.25,0.25
2026-07-28 13:50:00,27977.25,27979.25,27958.0,27961.75,621,27979.25,27979.25,27958.0,27961.75,620,2.0,0.0,0.0,0.0,2.0
2026-07-28 13:51:00,27960.75,27961.0,27949.75,27957.25,458,27960.75,27961.0,27949.75,27957.0,459,0.0,0.0,0.0,0.25,0.25
2026-07-28 13:52:00,27957.0,27966.25,27943.5,27943.5,442,27956.75,27966.25,27943.5,27944.75,442,0.25,0.0,0.0,1.25,1.25
2026-07-28 13:53:00,27946.0,27951.75,27943.75,27950.25,328,27945.25,27951.75,27943.75,27950.25,327,0.75,0.0,0.0,0.0,0.75
2026-07-28 13:54:00,27950.75,27953.75,27935.75,27941.25,766,27950.25,27953.75,27935.75,27941.25,767,0.5,0.0,0.0,0.0,0.5
2026-07-28 13:55:00,27940.75,27944.0,27925.0,27931.25,741,27940.75,27944.0,27925.0,27931.25,740,0.0,0.0,0.0,0.0,0.0
2026-07-28 13:56:00,27929.5,27949.75,27929.0,27949.25,605,27931.75,27949.75,27929.0,27949.25,605,2.25,0.0,0.0,0.0,2.25
2026-07-28 13:57:00,27948.25,27951.0,27940.0,27947.25,388,27948.5,27951.0,27940.0,27947.25,388,0.25,0.0,0.0,0.0,0.25
2026-07-28 13:58:00,27946.75,27958.75,27941.0,27957.25,501,27946.75,27958.75,27941.0,27957.25,504,0.0,0.0,0.0,0.0,0.0
2026-07-28 13:59:00,27958.0,27974.25,27957.75,27972.5,656,27958.0,27974.25,27957.75,27972.5,651,0.0,0.0,0.0,0.0,0.0
2026-07-28 14:00:00,27974.25,27999.5,27966.25,27990.25,1237,27974.0,27999.5,27966.25,27990.25,1224,0.25,0.0,0.0,0.0,0.25
2026-07-28 14:01:00,27990.25,27995.5,27959.25,27959.25,899,27990.25,27995.5,27959.0,27959.0,901,0.0,0.0,0.25,0.25,0.25
2026-07-28 14:02:00,27958.75,27976.0,27954.25,27963.5,841,27958.5,27976.0,27954.25,27965.0,854,0.25,0.0,0.0,1.5,1.5
2026-07-28 14:03:00,27965.0,27969.5,27957.25,27962.5,531,27964.25,27969.5,27957.25,27962.5,516,0.75,0.0,0.0,0.0,0.75
2026-07-28 14:04:00,27963.25,27971.25,27953.0,27969.0,583,27962.5,27971.25,27953.0,27969.0,583,0.75,0.0,0.0,0.0,0.75
2026-07-28 14:05:00,27969.0,27974.0,27957.25,27960.75,539,27968.5,27974.0,27957.25,27960.75,539,0.5,0.0,0.0,0.0,0.5
2026-07-28 14:06:00,27960.0,27962.5,27947.75,27951.75,524,27959.25,27962.5,27947.75,27952.5,526,0.75,0.0,0.0,0.75,0.75
2026-07-28 14:07:00,27953.0,27953.0,27938.5,27946.75,653,27952.25,27953.0,27938.5,27946.75,651,0.75,0.0,0.0,0.0,0.75
2026-07-28 14:08:00,27947.0,27952.0,27939.25,27943.0,381,27947.0,27952.0,27939.25,27943.0,381,0.0,0.0,0.0,0.0,0.0
2026-07-28 14:09:00,27941.75,27947.5,27939.5,27944.5,411,27941.75,27947.5,27939.5,27944.5,411,0.0,0.0,0.0,0.0,0.0
2026-07-28 14:10:00,27946.25,27949.0,27935.0,27939.0,871,27945.0,27949.0,27935.0,27939.0,871,1.25,0.0,0.0,0.0,1.25
2026-07-28 14:11:00,27939.75,27944.0,27924.5,27927.5,797,27938.75,27944.0,27924.5,27928.5,800,1.0,0.0,0.0,1.0,1.0
2026-07-28 14:12:00,27928.25,27938.25,27924.5,27936.75,785,27927.5,27938.25,27924.5,27936.75,782,0.75,0.0,0.0,0.0,0.75
2026-07-28 14:13:00,27936.75,27939.5,27916.0,27929.0,958,27936.75,27939.5,27916.0,27929.0,958,0.0,0.0,0.0,0.0,0.0
2026-07-28 14:14:00,27928.5,27929.25,27915.0,27917.0,650,27928.5,27929.25,27915.0,27917.0,650,0.0,0.0,0.0,0.0,0.0
2026-07-28 14:15:00,27916.5,27937.75,27914.0,27934.25,892,27917.25,27937.75,27914.0,27934.25,892,0.75,0.0,0.0,0.0,0.75
2026-07-28 14:16:00,27935.25,27937.75,27923.5,27934.75,509,27935.25,27937.75,27923.5,27934.75,509,0.0,0.0,0.0,0.0,0.0
2026-07-28 14:17:00,27935.5,27936.5,27912.5,27921.75,653,27936.0,27936.5,27912.5,27921.75,653,0.5,0.0,0.0,0.0,0.5
2026-07-28 14:18:00,27922.25,27929.25,27920.0,27924.5,372,27921.0,27929.25,27920.0,27924.5,372,1.25,0.0,0.0,0.0,1.25
2026-07-28 14:19:00,27925.0,27933.75,27916.75,27929.25,527,27925.0,27933.75,27916.75,27929.25,527,0.0,0.0,0.0,0.0,0.0
2026-07-28 14:20:00,27930.5,27944.0,27924.0,27943.75,668,27929.25,27944.0,27924.0,27943.75,668,1.25,0.0,0.0,0.0,1.25
2026-07-28 14:21:00,27942.75,27946.0,27929.5,27933.75,573,27942.75,27946.0,27929.5,27933.75,573,0.0,0.0,0.0,0.0,0.0
2026-07-28 14:22:00,27933.0,27944.0,27928.0,27944.0,571,27933.0,27944.0,27928.0,27944.0,571,0.0,0.0,0.0,0.0,0.0
2026-07-28 14:23:00,27944.25,27947.75,27922.0,27928.0,602,27944.25,27947.75,27922.0,27928.0,602,0.0,0.0,0.0,0.0,0.0
2026-07-28 14:24:00,27928.75,27935.0,27924.5,27925.75,386,27928.75,27935.0,27924.5,27925.75,386,0.0,0.0,0.0,0.0,0.0
2026-07-28 14:25:00,27926.0,27936.0,27920.75,27930.25,564,27926.25,27936.0,27920.75,27930.25,564,0.25,0.0,0.0,0.0,0.25
2026-07-28 14:26:00,27930.5,27935.5,27924.5,27926.75,352,27930.5,27935.5,27924.5,27926.0,354,0.0,0.0,0.0,0.75,0.75
2026-07-28 14:27:00,27926.5,27926.5,27917.0,27922.0,587,27925.5,27926.5,27917.0,27921.25,586,1.0,0.0,0.0,0.75,1.0
2026-07-28 14:28:00,27921.5,27928.25,27914.75,27917.75,600,27921.5,27928.25,27914.75,27918.75,600,0.0,0.0,0.0,1.0,1.0
2026-07-28 14:29:00,27920.25,27926.25,27918.0,27925.0,296,27921.0,27926.25,27918.0,27925.25,298,0.75,0.0,0.0,0.25,0.75
2026-07-28 14:30:00,27927.0,27943.0,27920.5,27932.5,911,27926.75,27943.0,27920.5,27932.5,908,0.25,0.0,0.0,0.0,0.25
2026-07-28 14:31:00,27931.0,27936.5,27924.5,27928.25,425,27932.0,27936.5,27924.5,27928.25,425,1.0,0.0,0.0,0.0,1.0
2026-07-28 14:32:00,27928.5,27936.0,27925.75,27931.0,454,27928.5,27936.0,27925.75,27931.0,454,0.0,0.0,0.0,0.0,0.0
2026-07-28 14:33:00,27932.0,27955.5,27929.75,27954.75,870,27932.0,27955.5,27929.75,27953.5,872,0.0,0.0,0.0,1.25,1.25
2026-07-28 14:34:00,27956.0,27963.75,27942.25,27947.0,844,27954.25,27963.75,27942.25,27947.0,842,1.75,0.0,0.0,0.0,1.75
2026-07-28 14:35:00,27947.0,27953.75,27938.5,27948.0,536,27947.75,27953.75,27938.5,27948.25,537,0.75,0.0,0.0,0.25,0.75
2026-07-28 14:36:00,27950.0,27952.0,27936.25,27944.5,523,27949.25,27952.0,27936.25,27943.75,523,0.75,0.0,0.0,0.75,0.75
2026-07-28 14:37:00,27944.25,27948.25,27940.0,27947.25,360,27944.5,27948.25,27940.0,27947.25,359,0.25,0.0,0.0,0.0,0.25
2026-07-28 14:38:00,27948.5,27957.25,27941.75,27951.25,474,27948.5,27957.25,27941.75,27951.25,474,0.0,0.0,0.0,0.0,0.0
2026-07-28 14:39:00,27951.75,27951.75,27930.25,27933.0,534,27951.75,27951.75,27930.25,27933.5,535,0.0,0.0,0.0,0.5,0.5
2026-07-28 14:40:00,27932.25,27937.0,27922.0,27929.5,710,27932.75,27937.0,27922.0,27930.25,710,0.5,0.0,0.0,0.75,0.75
2026-07-28 14:41:00,27929.0,27934.5,27924.0,27927.75,295,27930.5,27934.5,27924.0,27927.75,294,1.5,0.0,0.0,0.0,1.5
2026-07-28 14:42:00,27928.25,27933.25,27921.5,27923.75,396,27928.0,27933.25,27921.5,27923.75,396,0.25,0.0,0.0,0.0,0.25
2026-07-28 14:43:00,27924.0,27937.75,27921.75,27935.0,381,27924.75,27937.75,27921.75,27937.0,382,0.75,0.0,0.0,2.0,2.0
2026-07-28 14:44:00,27935.75,27945.75,27927.0,27937.75,455,27936.0,27945.75,27927.0,27937.75,454,0.25,0.0,0.0,0.0,0.25
2026-07-28 14:45:00,27938.0,27952.5,27929.0,27952.0,521,27937.5,27952.5,27929.0,27952.0,521,0.5,0.0,0.0,0.0,0.5
2026-07-28 14:46:00,27951.25,27969.0,27946.0,27967.5,647,27951.0,27969.0,27946.0,27969.0,657,0.25,0.0,0.0,1.5,1.5
2026-07-28 14:47:00,27969.0,27975.0,27960.5,27963.25,859,27969.0,27975.0,27960.5,27963.25,850,0.0,0.0,0.0,0.0,0.0
2026-07-28 14:48:00,27963.5,27967.0,27951.0,27952.75,481,27963.25,27967.0,27951.0,27953.25,472,0.25,0.0,0.0,0.5,0.5
2026-07-28 14:49:00,27952.75,27962.75,27949.75,27955.75,340,27952.75,27962.75,27949.75,27955.0,340,0.0,0.0,0.0,0.75,0.75
2026-07-28 14:50:00,27956.75,27969.75,27954.75,27967.25,467,27954.75,27969.75,27954.75,27967.75,468,2.0,0.0,0.0,0.5,2.0
2026-07-28 14:51:00,27967.5,27978.0,27962.25,27964.5,791,27967.25,27978.0,27962.25,27964.25,792,0.25,0.0,0.0,0.25,0.25
2026-07-28 14:52:00,27964.0,27968.75,27950.5,27952.5,477,27964.0,27968.75,27950.5,27952.5,472,0.0,0.0,0.0,0.0,0.0
2026-07-28 14:53:00,27952.75,27957.25,27944.25,27947.0,519,27952.0,27957.25,27944.25,27946.25,520,0.75,0.0,0.0,0.75,0.75
2026-07-28 14:54:00,27947.5,27956.0,27944.25,27951.75,391,27945.5,27956.0,27944.25,27951.75,390,2.0,0.0,0.0,0.0,2.0
2026-07-28 14:55:00,27952.5,27967.25,27938.75,27965.25,609,27951.75,27967.25,27938.75,27965.25,609,0.75,0.0,0.0,0.0,0.75
2026-07-28 14:56:00,27965.25,27969.75,27959.25,27965.75,640,27964.5,27969.75,27959.25,27966.25,641,0.75,0.0,0.0,0.5,0.75
2026-07-28 14:57:00,27964.75,27975.0,27962.75,27970.0,480,27966.5,27975.0,27962.75,27968.75,484,1.75,0.0,0.0,1.25,1.75
2026-07-28 14:58:00,27969.0,27979.5,27962.75,27974.25,452,27969.0,27979.5,27962.75,27974.5,448,0.0,0.0,0.0,0.25,0.25
2026-07-28 14:59:00,27976.5,27978.5,27972.25,27972.75,371,27974.75,27978.5,27972.25,27972.75,369,1.75,0.0,0.0,0.0,1.75
2026-07-28 15:00:00,27972.25,27999.0,27972.25,27989.25,994,27972.25,27999.0,27972.25,27989.25,1000,0.0,0.0,0.0,0.0,0.0
2026-07-28 15:01:00,27989.0,27998.5,27988.0,27994.75,581,27989.0,27998.5,27988.0,27994.75,575,0.0,0.0,0.0,0.0,0.0
2026-07-28 15:02:00,27995.75,28000.75,27988.0,27998.5,656,27995.5,28000.75,27988.0,27998.0,658,0.25,0.0,0.0,0.5,0.5
2026-07-28 15:03:00,27995.75,28014.0,27995.0,28008.25,1059,27998.25,28014.0,27995.0,28008.25,1059,2.5,0.0,0.0,0.0,2.5
2026-07-28 15:04:00,28007.25,28020.0,28005.25,28015.25,738,28009.0,28020.0,28005.25,28015.25,736,1.75,0.0,0.0,0.0,1.75
2026-07-28 15:05:00,28015.25,28020.25,28003.75,28018.5,711,28015.25,28020.25,28003.75,28018.75,712,0.0,0.0,0.0,0.25,0.25
2026-07-28 15:06:00,28018.5,28021.75,27995.25,27999.25,784,28018.0,28021.75,27995.25,27999.25,783,0.5,0.0,0.0,0.0,0.5
2026-07-28 15:07:00,27999.25,28010.25,27992.25,27992.25,545,27999.25,28010.25,27992.25,27992.75,547,0.0,0.0,0.0,0.5,0.5
2026-07-28 15:08:00,27991.75,27993.0,27975.0,27977.75,974,27993.0,27993.0,27975.0,27977.75,972,1.25,0.0,0.0,0.0,1.25
2026-07-28 15:09:00,27979.25,27991.0,27977.0,27979.5,640,27979.25,27991.0,27977.0,27978.5,641,0.0,0.0,0.0,1.0,1.0
2026-07-28 15:10:00,27979.5,27993.5,27974.75,27980.5,666,27978.5,27993.5,27974.75,27980.5,665,1.0,0.0,0.0,0.0,1.0
2026-07-28 15:11:00,27980.5,27989.75,27975.5,27987.0,542,27980.5,27989.75,27975.5,27987.0,542,0.0,0.0,0.0,0.0,0.0
2026-07-28 15:12:00,27987.25,27987.25,27974.75,27975.0,418,27987.25,27987.25,27974.75,27975.0,418,0.0,0.0,0.0,0.0,0.0
2026-07-28 15:13:00,27975.5,27988.25,27972.0,27986.75,585,27975.5,27988.25,27972.0,27986.75,585,0.0,0.0,0.0,0.0,0.0
2026-07-28 15:14:00,27986.5,27989.5,27979.25,27987.5,452,27987.0,27989.5,27979.25,27987.25,454,0.5,0.0,0.0,0.25,0.5
2026-07-28 15:15:00,27985.5,27995.25,27974.25,27976.75,642,27986.5,27995.25,27974.25,27976.75,640,1.0,0.0,0.0,0.0,1.0
2026-07-28 15:16:00,27974.5,27982.5,27967.75,27971.25,726,27975.5,27982.5,27967.75,27971.5,728,1.0,0.0,0.0,0.25,1.0
2026-07-28 15:17:00,27972.0,27980.25,27965.25,27971.0,586,27971.75,27980.25,27965.25,27971.0,584,0.25,0.0,0.0,0.0,0.25
2026-07-28 15:18:00,27971.5,27988.0,27969.5,27983.0,522,27970.0,27988.0,27969.5,27983.0,531,1.5,0.0,0.0,0.0,1.5
2026-07-28 15:19:00,27985.5,27992.25,27983.0,27990.25,434,27983.0,27992.25,27983.0,27990.0,426,2.5,0.0,0.0,0.25,2.5
2026-07-28 15:20:00,27990.5,27993.25,27982.75,27991.25,397,27989.0,27993.25,27982.75,27991.5,397,1.5,0.0,0.0,0.25,1.5
2026-07-28 15:21:00,27991.5,27997.5,27982.75,27984.0,525,27992.25,27997.5,27982.75,27983.5,528,0.75,0.0,0.0,0.5,0.75
2026-07-28 15:22:00,27983.5,28009.5,27983.5,28008.5,833,27984.25,28009.5,27983.5,28008.5,829,0.75,0.0,0.0,0.0,0.75
2026-07-28 15:23:00,28008.75,28016.25,28007.0,28007.25,858,28008.75,28016.25,28007.0,28007.25,857,0.0,0.0,0.0,0.0,0.0
2026-07-28 15:24:00,28008.25,28018.5,28007.75,28017.25,494,28008.25,28018.5,28007.75,28017.5,495,0.0,0.0,0.0,0.25,0.25
2026-07-28 15:25:00,28017.5,28020.75,28005.75,28009.5,652,28017.0,28020.75,28005.75,28009.0,652,0.5,0.0,0.0,0.5,0.5
2026-07-28 15:26:00,28007.0,28013.5,27991.5,27995.25,876,28008.5,28013.5,27991.5,27995.0,879,1.5,0.0,0.0,0.25,1.5
2026-07-28 15:27:00,27995.0,27997.75,27985.0,27990.75,683,27994.75,27997.75,27985.0,27990.75,679,0.25,0.0,0.0,0.0,0.25
2026-07-28 15:28:00,27992.5,28020.0,27989.0,28016.75,773,27992.0,28020.0,27989.0,28015.75,774,0.5,0.0,0.0,1.0,1.0
2026-07-28 15:29:00,28015.75,28021.25,28010.25,28017.0,560,28015.5,28021.25,28010.25,28017.75,564,0.25,0.0,0.0,0.75,0.75
2026-07-28 15:30:00,28020.0,28023.75,28007.25,28012.0,1440,28018.0,28023.75,28007.25,28012.0,1436,2.0,0.0,0.0,0.0,2.0
2026-07-28 15:31:00,28011.25,28021.75,28007.25,28009.75,874,28012.25,28021.75,28007.25,28009.0,859,1.0,0.0,0.0,0.75,1.0
2026-07-28 15:32:00,28009.0,28013.0,27995.5,28003.5,637,28009.25,28013.0,27995.5,28003.5,636,0.25,0.0,0.0,0.0,0.25
2026-07-28 15:33:00,28003.75,28008.0,27994.75,27999.75,687,28003.75,28008.0,27994.75,27999.75,690,0.0,0.0,0.0,0.0,0.0
2026-07-28 15:34:00,27999.25,28009.75,27998.25,28000.75,414,27999.25,28009.75,27998.25,28000.5,414,0.0,0.0,0.0,0.25,0.25
2026-07-28 15:35:00,28000.25,28001.25,27969.75,27973.25,1011,28000.0,28001.25,27969.75,27971.75,1011,0.25,0.0,0.0,1.5,1.5
2026-07-28 15:36:00,27972.25,27972.75,27957.75,27959.25,926,27972.5,27972.75,27957.75,27959.25,923,0.25,0.0,0.0,0.0,0.25
2026-07-28 15:37:00,27959.0,27960.5,27943.75,27950.0,758,27959.75,27960.5,27943.75,27950.0,758,0.75,0.0,0.0,0.0,0.75
2026-07-28 15:38:00,27949.75,27955.75,27945.25,27955.25,894,27949.75,27955.75,27945.25,27955.25,894,0.0,0.0,0.0,0.0,0.0
2026-07-28 15:39:00,27955.5,27958.0,27941.5,27948.0,656,27955.5,27958.0,27941.5,27948.0,652,0.0,0.0,0.0,0.0,0.0
2026-07-28 15:40:00,27947.0,27956.0,27944.0,27950.0,743,27947.0,27956.0,27944.0,27948.75,746,0.0,0.0,0.0,1.25,1.25
2026-07-28 15:41:00,27948.25,27955.0,27944.25,27953.5,748,27949.25,27955.0,27944.25,27953.5,744,1.0,0.0,0.0,0.0,1.0
2026-07-28 15:42:00,27953.75,27962.0,27941.75,27949.5,951,27954.0,27962.0,27941.75,27948.75,958,0.25,0.0,0.0,0.75,0.75
2026-07-28 15:43:00,27948.5,27958.5,27947.5,27952.25,540,27949.25,27958.5,27947.5,27952.25,533,0.75,0.0,0.0,0.0,0.75
2026-07-28 15:44:00,27952.25,27954.25,27943.5,27954.25,665,27952.5,27954.25,27943.5,27954.25,665,0.25,0.0,0.0,0.0,0.25
2026-07-28 15:45:00,27954.25,27956.5,27938.25,27940.25,830,27954.25,27956.5,27938.25,27940.0,831,0.0,0.0,0.0,0.25,0.25
2026-07-28 15:46:00,27939.0,27940.5,27929.0,27938.75,614,27940.5,27940.5,27929.0,27938.75,613,1.5,0.0,0.0,0.0,1.5
2026-07-28 15:47:00,27940.0,27953.5,27938.25,27944.75,775,27938.25,27953.5,27938.25,27944.5,776,1.75,0.0,0.0,0.25,1.75
2026-07-28 15:48:00,27944.25,27950.5,27940.0,27942.75,537,27944.5,27950.5,27940.0,27942.75,536,0.25,0.0,0.0,0.0,0.25
2026-07-28 15:49:00,27941.75,27954.5,27937.25,27954.5,618,27942.25,27954.5,27937.25,27954.25,636,0.5,0.0,0.0,0.25,0.5
2026-07-28 15:50:00,27954.0,27959.0,27935.75,27939.75,1552,27953.75,27959.0,27935.75,27939.5,1535,0.25,0.0,0.0,0.25,0.25
2026-07-28 15:51:00,27939.25,27945.5,27936.0,27939.5,750,27940.0,27945.5,27936.0,27939.5,748,0.75,0.0,0.0,0.0,0.75
2026-07-28 15:52:00,27939.75,27948.0,27934.75,27946.25,632,27939.75,27948.0,27934.75,27947.25,634,0.0,0.0,0.0,1.0,1.0
2026-07-28 15:53:00,27946.5,27958.75,27944.5,27958.25,962,27946.75,27958.75,27944.5,27958.25,960,0.25,0.0,0.0,0.0,0.25
2026-07-28 15:54:00,27959.5,27988.25,27957.75,27982.25,2010,27958.25,27988.25,27957.75,27982.25,2010,1.25,0.0,0.0,0.0,1.25
2026-07-28 15:55:00,27982.0,27982.25,27931.75,27950.75,2450,27982.0,27982.25,27931.75,27949.0,2449,0.0,0.0,0.0,1.75,1.75
2026-07-28 15:56:00,27949.5,27958.75,27939.5,27944.0,1443,27949.25,27958.75,27939.5,27944.0,1442,0.25,0.0,0.0,0.0,0.25
2026-07-28 15:57:00,27943.75,27945.0,27932.5,27938.25,1024,27943.75,27945.0,27932.5,27937.75,1024,0.0,0.0,0.0,0.5,0.5
2026-07-28 15:58:00,27937.25,27943.0,27933.75,27937.25,1806,27937.75,27943.0,27933.75,27937.75,1802,0.5,0.0,0.0,0.5,0.5
2026-07-28 15:59:00,27938.0,27941.25,27911.0,27919.5,6989,27938.0,27941.25,27911.0,27918.5,7013,0.0,0.0,0.0,1.0,1.0
2026-07-29 09:30:00,27914.5,27950.0,27862.0,27871.0,4815,27914.5,27950.0,27862.0,27871.0,4815,0.0,0.0,0.0,0.0,0.0
2026-07-29 09:31:00,27870.0,27892.5,27836.5,27848.5,2847,27870.0,27892.5,27836.5,27849.75,2843,0.0,0.0,0.0,1.25,1.25
2026-07-29 09:32:00,27850.5,27907.75,27837.5,27903.25,2833,27850.5,27907.75,27837.5,27904.0,2847,0.0,0.0,0.0,0.75,0.75
2026-07-29 09:33:00,27904.0,27961.5,27891.25,27960.0,3292,27903.25,27961.5,27891.25,27960.25,3283,0.75,0.0,0.0,0.25,0.75
2026-07-29 09:34:00,27960.5,27983.75,27955.5,27958.5,2684,27961.25,27983.75,27955.5,27957.25,2678,0.75,0.0,0.0,1.25,1.25
2026-07-29 09:35:00,27956.0,27996.0,27952.0,27978.5,2209,27956.75,27996.0,27952.0,27978.5,2201,0.75,0.0,0.0,0.0,0.75
2026-07-29 09:36:00,27976.0,27980.25,27924.5,27933.75,2716,27977.25,27980.25,27924.5,27933.75,2716,1.25,0.0,0.0,0.0,1.25
2026-07-29 09:37:00,27932.75,27938.0,27880.25,27907.0,2154,27932.75,27938.0,27880.25,27907.0,2154,0.0,0.0,0.0,0.0,0.0
2026-07-29 09:38:00,27908.25,27938.75,27872.0,27875.5,2003,27906.75,27938.75,27872.0,27875.5,2003,1.5,0.0,0.0,0.0,1.5
2026-07-29 09:39:00,27877.5,27898.5,27863.0,27886.75,1919,27877.5,27898.5,27863.0,27886.75,1919,0.0,0.0,0.0,0.0,0.0
2026-07-29 09:40:00,27887.0,27907.75,27858.0,27894.75,2139,27887.0,27907.75,27858.0,27894.0,2140,0.0,0.0,0.0,0.75,0.75
2026-07-29 09:41:00,27897.0,27906.25,27872.0,27895.5,1570,27892.5,27906.25,27872.0,27897.0,1575,4.5,0.0,0.0,1.5,4.5
2026-07-29 09:42:00,27897.0,27905.0,27874.25,27883.5,1356,27897.75,27905.0,27874.25,27884.75,1351,0.75,0.0,0.0,1.25,1.25
2026-07-29 09:43:00,27883.25,27899.0,27865.5,27873.0,1381,27885.25,27899.0,27865.5,27874.5,1371,2.0,0.0,0.0,1.5,2.0
2026-07-29 09:44:00,27876.0,27919.25,27875.5,27916.5,1541,27876.0,27919.25,27875.5,27916.5,1521,0.0,0.0,0.0,0.0,0.0
2026-07-29 09:45:00,27916.25,27948.0,27894.5,27913.5,2388,27916.25,27948.0,27894.5,27913.5,2385,0.0,0.0,0.0,0.0,0.0
2026-07-29 09:46:00,27914.0,27925.0,27863.75,27870.25,1584,27911.75,27925.0,27863.75,27869.75,1590,2.25,0.0,0.0,0.5,2.25
2026-07-29 09:47:00,27869.25,27878.25,27816.75,27839.0,2660,27869.25,27878.25,27816.75,27840.25,2658,0.0,0.0,0.0,1.25,1.25
2026-07-29 09:48:00,27841.5,27862.25,27829.0,27834.75,1376,27840.25,27862.25,27829.0,27836.0,1375,1.25,0.0,0.0,1.25,1.25
2026-07-29 09:49:00,27837.0,27857.0,27816.0,27849.25,1528,27836.75,27857.0,27816.0,27850.5,1527,0.25,0.0,0.0,1.25,1.25
2026-07-29 09:50:00,27850.5,27855.75,27792.0,27799.0,2118,27849.75,27855.75,27792.0,27796.75,2106,0.75,0.0,0.0,2.25,2.25
2026-07-29 09:51:00,27796.0,27796.25,27758.0,27760.5,2214,27796.25,27796.25,27758.0,27760.5,2213,0.25,0.0,0.0,0.0,0.25
2026-07-29 09:52:00,27759.25,27764.0,27723.0,27736.5,2399,27760.0,27764.0,27723.0,27735.0,2401,0.75,0.0,0.0,1.5,1.5
2026-07-29 09:53:00,27737.25,27773.75,27721.75,27770.75,2081,27736.75,27773.75,27721.75,27771.5,2083,0.5,0.0,0.0,0.75,0.75
2026-07-29 09:54:00,27771.5,27780.25,27739.25,27753.5,2066,27772.0,27780.25,27739.25,27753.5,2057,0.5,0.0,0.0,0.0,0.5
2026-07-29 09:55:00,27749.75,27752.75,27698.5,27713.75,2340,27752.75,27752.75,27698.5,27713.75,2335,3.0,0.0,0.0,0.0,3.0
2026-07-29 09:56:00,27714.25,27715.5,27683.25,27688.75,1806,27714.25,27715.5,27683.25,27688.25,1808,0.0,0.0,0.0,0.5,0.5
2026-07-29 09:57:00,27689.25,27705.0,27667.75,27701.5,2334,27689.0,27705.0,27667.75,27701.5,2332,0.25,0.0,0.0,0.0,0.25
2026-07-29 09:58:00,27703.0,27732.75,27701.75,27730.0,1992,27703.0,27732.75,27701.75,27730.0,1982,0.0,0.0,0.0,0.0,0.0
2026-07-29 09:59:00,27729.25,27748.5,27707.25,27734.5,2218,27730.25,27748.5,27707.25,27733.75,2217,1.0,0.0,0.0,0.75,1.0
2026-07-29 10:00:00,27734.0,27770.0,27733.5,27752.75,3339,27735.25,27770.0,27733.5,27752.75,3330,1.25,0.0,0.0,0.0,1.25
2026-07-29 10:01:00,27753.0,27774.0,27738.5,27749.0,2508,27752.75,27774.0,27738.5,27747.75,2489,0.25,0.0,0.0,1.25,1.25
2026-07-29 10:02:00,27749.0,27790.0,27747.0,27775.5,2344,27749.5,27790.0,27747.0,27775.25,2322,0.5,0.0,0.0,0.25,0.5
2026-07-29 10:03:00,27772.0,27789.25,27759.25,27759.5,2028,27774.5,27789.25,27759.25,27759.5,2029,2.5,0.0,0.0,0.0,2.5
2026-07-29 10:04:00,27757.75,27790.0,27751.0,27786.75,1710,27758.5,27790.0,27751.0,27786.75,1705,0.75,0.0,0.0,0.0,0.75
2026-07-29 10:05:00,27787.75,27826.5,27787.75,27793.25,2284,27787.75,27826.5,27787.75,27793.25,2284,0.0,0.0,0.0,0.0,0.0
2026-07-29 10:06:00,27792.75,27806.25,27753.5,27758.25,2313,27793.25,27806.25,27753.5,27758.25,2313,0.5,0.0,0.0,0.0,0.5
2026-07-29 10:07:00,27757.75,27758.5,27717.25,27753.5,2206,27757.0,27758.5,27717.25,27752.75,2208,0.75,0.0,0.0,0.75,0.75
2026-07-29 10:08:00,27752.5,27758.5,27722.75,27742.25,1319,27751.75,27758.5,27722.75,27742.25,1317,0.75,0.0,0.0,0.0,0.75
2026-07-29 10:09:00,27745.5,27754.75,27721.5,27728.5,1587,27743.0,27754.75,27721.5,27726.5,1591,2.5,0.0,0.0,2.0,2.5
2026-07-29 10:10:00,27726.0,27728.25,27700.25,27720.25,1936,27726.5,27728.25,27700.25,27720.25,1931,0.5,0.0,0.0,0.0,0.5
2026-07-29 10:11:00,27721.25,27745.0,27713.0,27732.75,1516,27721.75,27745.0,27713.0,27732.75,1516,0.5,0.0,0.0,0.0,0.5
2026-07-29 10:12:00,27729.25,27747.5,27661.75,27669.75,2769,27731.5,27747.5,27661.75,27667.75,2778,2.25,0.0,0.0,2.0,2.25
2026-07-29 10:13:00,27663.5,27668.0,27640.0,27658.0,2600,27667.25,27668.0,27640.0,27659.0,2592,3.75,0.0,0.0,1.0,3.75
2026-07-29 10:14:00,27659.75,27662.75,27635.75,27648.0,1847,27658.75,27662.75,27635.75,27648.0,1846,1.0,0.0,0.0,0.0,1.0
2026-07-29 10:15:00,27648.75,27680.75,27645.0,27664.0,2263,27648.75,27680.75,27645.0,27664.0,2263,0.0,0.0,0.0,0.0,0.0
2026-07-29 10:16:00,27664.0,27682.25,27648.0,27671.25,1835,27664.0,27682.25,27648.0,27670.5,1841,0.0,0.0,0.0,0.75,0.75
2026-07-29 10:17:00,27670.5,27678.75,27643.5,27653.5,1621,27670.5,27678.75,27643.5,27653.75,1611,0.0,0.0,0.0,0.25,0.25
2026-07-29 10:18:00,27655.25,27690.0,27651.75,27674.0,1971,27654.75,27690.0,27651.75,27674.0,1969,0.5,0.0,0.0,0.0,0.5
2026-07-29 10:19:00,27674.0,27684.25,27655.0,27663.25,1632,27674.0,27684.25,27655.0,27663.25,1633,0.0,0.0,0.0,0.0,0.0
2026-07-29 10:20:00,27664.75,27685.75,27649.75,27673.5,1460,27663.5,27685.75,27649.75,27673.5,1462,1.25,0.0,0.0,0.0,1.25
2026-07-29 10:21:00,27673.5,27693.5,27663.75,27687.75,1489,27674.5,27693.5,27663.75,27687.0,1488,1.0,0.0,0.0,0.75,1.0
2026-07-29 10:22:00,27687.0,27695.75,27675.75,27688.25,1322,27686.75,27695.75,27675.75,27688.25,1320,0.25,0.0,0.0,0.0,0.25
2026-07-29 10:23:00,27684.25,27690.5,27654.25,27656.0,1036,27685.5,27690.5,27654.25,27656.25,1038,1.25,0.0,0.0,0.25,1.25
2026-07-29 10:24:00,27656.0,27658.5,27605.5,27619.5,2655,27656.75,27658.5,27605.5,27620.0,2655,0.75,0.0,0.0,0.5,0.75
2026-07-29 10:25:00,27620.0,27623.0,27574.0,27575.5,2754,27620.0,27623.0,27574.0,27575.5,2749,0.0,0.0,0.0,0.0,0.0
2026-07-29 10:26:00,27574.5,27576.0,27538.75,27557.25,2899,27574.5,27576.0,27538.75,27556.75,2887,0.0,0.0,0.0,0.5,0.5
2026-07-29 10:27:00,27556.75,27564.0,27539.5,27559.25,1593,27556.75,27564.0,27539.5,27559.25,1591,0.0,0.0,0.0,0.0,0.0
2026-07-29 10:28:00,27559.0,27578.25,27555.0,27574.0,2072,27559.0,27578.25,27555.0,27574.0,2065,0.0,0.0,0.0,0.0,0.0
2026-07-29 10:29:00,27576.75,27590.75,27565.75,27573.25,1712,27574.75,27590.75,27565.75,27573.25,1712,2.0,0.0,0.0,0.0,2.0
2026-07-29 10:30:00,27571.0,27604.75,27567.0,27601.25,1824,27571.0,27604.75,27567.0,27601.25,1824,0.0,0.0,0.0,0.0,0.0
2026-07-29 10:31:00,27601.25,27613.5,27588.5,27605.75,1617,27599.75,27613.5,27588.5,27606.25,1585,1.5,0.0,0.0,0.5,1.5
2026-07-29 10:32:00,27607.0,27638.25,27602.75,27633.5,1830,27605.75,27638.25,27602.75,27634.75,1835,1.25,0.0,0.0,1.25,1.25
2026-07-29 10:33:00,27634.5,27652.25,27625.0,27628.0,1662,27633.75,27652.25,27625.0,27628.0,1652,0.75,0.0,0.0,0.0,0.75
2026-07-29 10:34:00,27627.75,27636.25,27601.25,27622.0,1934,27627.75,27636.25,27601.25,27622.25,1935,0.0,0.0,0.0,0.25,0.25
2026-07-29 10:35:00,27622.25,27623.0,27594.0,27618.0,1725,27621.0,27623.0,27594.0,27616.25,1721,1.25,0.0,0.0,1.75,1.75
2026-07-29 10:36:00,27616.5,27624.5,27597.5,27608.75,1426,27618.0,27624.5,27597.5,27608.75,1410,1.5,0.0,0.0,0.0,1.5
2026-07-29 10:37:00,27609.25,27610.0,27587.25,27595.5,1064,27608.25,27610.0,27587.25,27595.5,1064,1.0,0.0,0.0,0.0,1.0
2026-07-29 10:38:00,27596.5,27607.0,27575.0,27603.5,1493,27595.25,27607.0,27575.0,27603.25,1488,1.25,0.0,0.0,0.25,1.25
2026-07-29 10:39:00,27603.25,27604.0,27554.5,27564.0,1579,27602.75,27604.0,27554.5,27564.0,1577,0.5,0.0,0.0,0.0,0.5
2026-07-29 10:40:00,27562.75,27565.75,27521.75,27542.0,2352,27562.75,27565.75,27521.75,27542.0,2351,0.0,0.0,0.0,0.0,0.0
2026-07-29 10:41:00,27542.25,27572.25,27534.5,27545.75,1941,27542.25,27572.25,27534.5,27545.0,1942,0.0,0.0,0.0,0.75,0.75
2026-07-29 10:42:00,27542.25,27544.75,27516.25,27518.0,1467,27543.75,27544.75,27516.25,27518.0,1466,1.5,0.0,0.0,0.0,1.5
2026-07-29 10:43:00,27518.25,27540.25,27515.75,27527.0,1735,27518.25,27540.25,27515.75,27527.0,1715,0.0,0.0,0.0,0.0,0.0
2026-07-29 10:44:00,27526.75,27541.75,27510.0,27537.5,1526,27526.75,27541.75,27510.0,27537.75,1527,0.0,0.0,0.0,0.25,0.25
2026-07-29 10:45:00,27537.0,27550.5,27522.5,27539.75,1513,27537.0,27550.5,27522.5,27539.75,1512,0.0,0.0,0.0,0.0,0.0
2026-07-29 10:46:00,27539.25,27556.0,27518.25,27551.25,1405,27539.25,27556.0,27518.25,27551.25,1405,0.0,0.0,0.0,0.0,0.0
2026-07-29 10:47:00,27551.0,27575.25,27543.0,27544.0,1618,27551.5,27575.25,27543.0,27543.75,1619,0.5,0.0,0.0,0.25,0.5
2026-07-29 10:48:00,27545.75,27545.75,27520.75,27535.75,1237,27544.0,27545.75,27520.75,27535.75,1236,1.75,0.0,0.0,0.0,1.75
2026-07-29 10:49:00,27537.0,27571.5,27530.0,27566.25,1647,27536.5,27571.5,27530.0,27565.75,1648,0.5,0.0,0.0,0.5,0.5
2026-07-29 10:50:00,27566.25,27586.0,27557.25,27579.25,1738,27566.0,27586.0,27557.25,27579.25,1736,0.25,0.0,0.0,0.0,0.25
2026-07-29 10:51:00,27580.25,27590.75,27558.5,27570.25,1490,27578.25,27590.75,27558.5,27570.25,1491,2.0,0.0,0.0,0.0,2.0
2026-07-29 10:52:00,27570.25,27615.75,27570.0,27599.25,1643,27570.0,27615.75,27570.0,27599.25,1639,0.25,0.0,0.0,0.0,0.25
2026-07-29 10:53:00,27597.25,27611.25,27589.75,27602.5,1394,27597.5,27611.25,27589.75,27602.5,1394,0.25,0.0,0.0,0.0,0.25
2026-07-29 10:54:00,27601.75,27605.5,27575.75,27599.25,1391,27601.75,27605.5,27575.75,27599.25,1391,0.0,0.0,0.0,0.0,0.0
2026-07-29 10:55:00,27598.0,27606.75,27567.25,27567.5,1117,27599.0,27606.75,27567.25,27567.5,1120,1.0,0.0,0.0,0.0,1.0
2026-07-29 10:56:00,27566.25,27573.25,27554.25,27571.0,1423,27566.75,27573.25,27554.25,27570.5,1421,0.5,0.0,0.0,0.5,0.5
2026-07-29 10:57:00,27572.25,27583.0,27551.25,27561.25,1326,27571.25,27583.0,27551.25,27561.25,1327,1.0,0.0,0.0,0.0,1.0
2026-07-29 10:58:00,27561.5,27590.0,27557.25,27589.5,1177,27561.5,27590.0,27557.25,27589.25,1177,0.0,0.0,0.0,0.25,0.25
2026-07-29 10:59:00,27589.5,27614.75,27588.25,27600.0,1541,27588.5,27614.75,27588.25,27600.0,1541,1.0,0.0,0.0,0.0,1.0
2026-07-29 11:00:00,27601.75,27626.75,27581.0,27594.75,2175,27600.5,27626.75,27581.0,27594.75,2173,1.25,0.0,0.0,0.0,1.25
2026-07-29 11:01:00,27595.5,27618.75,27585.25,27618.0,1253,27595.5,27618.75,27585.25,27618.0,1253,0.0,0.0,0.0,0.0,0.0
2026-07-29 11:02:00,27617.75,27642.0,27612.25,27631.0,1835,27617.75,27642.0,27612.25,27631.0,1835,0.0,0.0,0.0,0.0,0.0
2026-07-29 11:03:00,27631.25,27647.25,27623.25,27632.0,1267,27631.25,27647.25,27623.25,27632.5,1268,0.0,0.0,0.0,0.5,0.5
2026-07-29 11:04:00,27632.5,27639.5,27619.25,27638.25,1886,27632.0,27639.5,27619.25,27638.25,1885,0.5,0.0,0.0,0.0,0.5
2026-07-29 11:05:00,27637.5,27641.0,27590.5,27615.5,2201,27638.25,27641.0,27590.5,27615.5,2201,0.75,0.0,0.0,0.0,0.75
2026-07-29 11:06:00,27614.0,27634.75,27606.75,27609.25,1448,27614.0,27634.75,27606.75,27609.25,1448,0.0,0.0,0.0,0.0,0.0
2026-07-29 11:07:00,27607.5,27637.5,27605.0,27635.25,1305,27608.5,27637.5,27605.0,27636.5,1306,1.0,0.0,0.0,1.25,1.25
2026-07-29 11:08:00,27637.25,27657.5,27621.75,27624.0,2023,27636.75,27657.5,27621.75,27621.75,2033,0.5,0.0,0.0,2.25,2.25
2026-07-29 11:09:00,27623.0,27645.5,27615.75,27643.25,1136,27623.0,27645.5,27615.75,27644.25,1127,0.0,0.0,0.0,1.0,1.0
2026-07-29 11:10:00,27646.0,27650.25,27611.25,27612.25,1216,27644.25,27650.25,27611.25,27612.25,1216,1.75,0.0,0.0,0.0,1.75
2026-07-29 11:11:00,27611.75,27613.0,27565.75,27585.5,1883,27611.75,27613.0,27565.75,27585.0,1882,0.0,0.0,0.0,0.5,0.5
2026-07-29 11:12:00,27586.0,27602.0,27578.25,27590.25,1339,27583.75,27602.0,27578.25,27590.25,1338,2.25,0.0,0.0,0.0,2.25
2026-07-29 11:13:00,27591.0,27605.25,27579.25,27583.25,1119,27589.75,27605.25,27579.25,27583.75,1120,1.25,0.0,0.0,0.5,1.25
2026-07-29 11:14:00,27587.25,27597.5,27566.0,27576.75,1051,27584.25,27597.5,27566.0,27577.75,1054,3.0,0.0,0.0,1.0,3.0
2026-07-29 11:15:00,27575.25,27595.0,27564.0,27594.0,1177,27577.5,27595.0,27564.0,27594.25,1179,2.25,0.0,0.0,0.25,2.25
2026-07-29 11:16:00,27591.75,27619.75,27584.5,27611.25,1408,27593.25,27619.75,27584.5,27611.25,1402,1.5,0.0,0.0,0.0,1.5
2026-07-29 11:17:00,27611.0,27620.0,27583.75,27601.75,1033,27611.0,27620.0,27583.75,27602.25,1035,0.0,0.0,0.0,0.5,0.5
2026-07-29 11:18:00,27603.75,27625.0,27603.0,27608.25,1017,27603.0,27625.0,27603.0,27608.25,1014,0.75,0.0,0.0,0.0,0.75
2026-07-29 11:19:00,27609.0,27616.75,27558.0,27562.25,1604,27609.0,27616.75,27558.0,27562.25,1604,0.0,0.0,0.0,0.0,0.0
2026-07-29 11:20:00,27563.5,27573.0,27547.0,27570.0,1500,27563.5,27573.0,27547.0,27570.0,1500,0.0,0.0,0.0,0.0,0.0
2026-07-29 11:21:00,27568.25,27576.75,27554.5,27575.0,1006,27569.75,27576.75,27554.5,27575.0,1006,1.5,0.0,0.0,0.0,1.5
2026-07-29 11:22:00,27575.5,27580.5,27554.75,27578.5,1025,27575.5,27580.5,27554.75,27578.5,1032,0.0,0.0,0.0,0.0,0.0
2026-07-29 11:23:00,27579.0,27599.0,27574.25,27596.25,991,27579.0,27599.0,27574.25,27596.25,984,0.0,0.0,0.0,0.0,0.0
2026-07-29 11:24:00,27596.5,27605.0,27582.5,27603.25,997,27596.5,27605.0,27582.5,27602.75,998,0.0,0.0,0.0,0.5,0.5
2026-07-29 11:25:00,27600.5,27607.0,27578.0,27597.0,958,27601.5,27607.0,27578.0,27597.0,960,1.0,0.0,0.0,0.0,1.0
2026-07-29 11:26:00,27597.0,27617.5,27564.0,27577.5,1189,27597.0,27617.5,27564.0,27577.25,1187,0.0,0.0,0.0,0.25,0.25
2026-07-29 11:27:00,27575.5,27588.0,27562.25,27564.5,810,27577.5,27588.0,27562.25,27565.0,811,2.0,0.0,0.0,0.5,2.0
2026-07-29 11:28:00,27564.75,27578.0,27558.5,27570.5,843,27565.25,27578.0,27558.5,27571.5,842,0.5,0.0,0.0,1.0,1.0
2026-07-29 11:29:00,27572.5,27575.5,27550.25,27555.25,926,27571.0,27575.5,27550.25,27555.75,932,1.5,0.0,0.0,0.5,1.5
2026-07-29 11:30:00,27555.75,27565.0,27540.0,27558.0,1515,27556.25,27565.0,27540.0,27559.5,1512,0.5,0.0,0.0,1.5,1.5
2026-07-29 11:31:00,27558.75,27567.75,27543.75,27565.25,673,27559.0,27567.75,27543.75,27565.25,669,0.25,0.0,0.0,0.0,0.25
2026-07-29 11:32:00,27564.5,27576.75,27557.25,27565.75,792,27564.5,27576.75,27557.25,27565.75,791,0.0,0.0,0.0,0.0,0.0
2026-07-29 11:33:00,27564.75,27584.25,27553.75,27572.5,913,27566.25,27584.25,27553.75,27572.75,917,1.5,0.0,0.0,0.25,1.5
2026-07-29 11:34:00,27571.5,27584.5,27544.75,27558.5,911,27573.0,27584.5,27544.75,27559.5,907,1.5,0.0,0.0,1.0,1.5
2026-07-29 11:35:00,27559.0,27583.75,27550.0,27580.25,1010,27559.0,27583.75,27550.0,27580.0,1004,0.0,0.0,0.0,0.25,0.25
2026-07-29 11:36:00,27581.0,27586.75,27566.0,27585.75,852,27581.0,27586.75,27566.0,27585.75,851,0.0,0.0,0.0,0.0,0.0
2026-07-29 11:37:00,27586.25,27596.75,27567.0,27576.25,947,27586.25,27596.75,27567.0,27576.25,947,0.0,0.0,0.0,0.0,0.0
2026-07-29 11:38:00,27574.25,27587.75,27554.25,27559.5,843,27576.0,27587.75,27554.25,27558.75,844,1.75,0.0,0.0,0.75,1.75
2026-07-29 11:39:00,27558.0,27559.75,27534.0,27535.25,701,27558.5,27559.75,27534.0,27535.25,705,0.5,0.0,0.0,0.0,0.5
2026-07-29 11:40:00,27535.0,27546.25,27528.25,27535.75,805,27534.5,27546.25,27528.25,27535.75,801,0.5,0.0,0.0,0.0,0.5
2026-07-29 11:41:00,27536.75,27556.5,27535.75,27548.25,788,27536.75,27556.5,27535.75,27548.25,787,0.0,0.0,0.0,0.0,0.0
2026-07-29 11:42:00,27548.75,27558.25,27530.0,27531.25,667,27548.75,27558.25,27530.0,27531.25,669,0.0,0.0,0.0,0.0,0.0
2026-07-29 11:43:00,27530.75,27536.5,27518.0,27518.75,935,27530.75,27536.5,27518.0,27518.75,933,0.0,0.0,0.0,0.0,0.0
2026-07-29 11:44:00,27519.0,27538.75,27519.0,27537.25,706,27519.0,27538.75,27519.0,27535.25,722,0.0,0.0,0.0,2.0,2.0
2026-07-29 11:45:00,27533.0,27542.5,27519.0,27528.75,775,27533.75,27542.5,27519.0,27528.75,759,0.75,0.0,0.0,0.0,0.75
2026-07-29 11:46:00,27529.75,27548.75,27528.5,27540.75,801,27529.0,27548.75,27528.5,27540.75,801,0.75,0.0,0.0,0.0,0.75
2026-07-29 11:47:00,27542.25,27552.25,27532.25,27549.75,679,27540.0,27552.25,27532.25,27549.75,679,2.25,0.0,0.0,0.0,2.25
2026-07-29 11:48:00,27550.0,27565.75,27545.25,27547.5,845,27549.5,27565.75,27545.25,27547.5,845,0.5,0.0,0.0,0.0,0.5
2026-07-29 11:49:00,27547.75,27561.25,27538.25,27558.5,704,27547.25,27561.25,27538.25,27558.5,704,0.5,0.0,0.0,0.0,0.5
2026-07-29 11:50:00,27557.75,27566.5,27541.75,27556.0,731,27557.75,27566.5,27541.75,27556.0,731,0.0,0.0,0.0,0.0,0.0
2026-07-29 11:51:00,27555.5,27562.25,27548.75,27554.25,568,27555.75,27562.25,27548.75,27554.5,569,0.25,0.0,0.0,0.25,0.25
2026-07-29 11:52:00,27555.25,27561.0,27540.25,27560.5,984,27554.25,27561.0,27540.25,27560.5,982,1.0,0.0,0.0,0.0,1.0
2026-07-29 11:53:00,27558.0,27562.0,27522.5,27531.25,745,27559.0,27562.0,27522.5,27531.0,750,1.0,0.0,0.0,0.25,1.0
2026-07-29 11:54:00,27531.0,27532.25,27487.5,27494.5,2357,27531.0,27532.25,27487.5,27492.25,2352,0.0,0.0,0.0,2.25,2.25
2026-07-29 11:55:00,27493.0,27495.0,27471.0,27476.0,1660,27493.5,27495.0,27471.0,27477.0,1656,0.5,0.0,0.0,1.0,1.0
2026-07-29 11:56:00,27476.5,27486.25,27464.5,27484.25,1181,27475.5,27486.25,27464.5,27484.75,1178,1.0,0.0,0.0,0.5,1.0
2026-07-29 11:57:00,27484.5,27493.75,27479.5,27487.5,894,27484.25,27493.75,27479.5,27487.25,892,0.25,0.0,0.0,0.25,0.25
2026-07-29 11:58:00,27487.25,27494.5,27476.25,27492.5,893,27486.5,27494.5,27476.25,27492.5,892,0.75,0.0,0.0,0.0,0.75
2026-07-29 11:59:00,27494.75,27521.5,27492.0,27517.0,1267,27493.0,27521.5,27492.0,27517.0,1267,1.75,0.0,0.0,0.0,1.75
2026-07-29 12:00:00,27518.5,27542.0,27493.0,27495.5,1817,27518.25,27542.0,27493.0,27494.5,1822,0.25,0.0,0.0,1.0,1.0
2026-07-29 12:01:00,27494.25,27501.5,27475.75,27487.0,1267,27495.25,27501.5,27475.75,27487.0,1257,1.0,0.0,0.0,0.0,1.0
2026-07-29 12:02:00,27484.75,27490.0,27474.25,27484.75,905,27486.75,27490.0,27474.25,27484.0,906,2.0,0.0,0.0,0.75,2.0
2026-07-29 12:03:00,27482.75,27486.25,27472.5,27475.75,670,27483.75,27486.25,27472.5,27475.75,670,1.0,0.0,0.0,0.0,1.0
2026-07-29 12:04:00,27477.0,27477.25,27454.75,27459.25,1489,27476.25,27477.25,27454.75,27459.25,1490,0.75,0.0,0.0,0.0,0.75
2026-07-29 12:05:00,27459.0,27461.5,27426.0,27440.5,1995,27459.5,27461.5,27426.0,27440.5,1992,0.5,0.0,0.0,0.0,0.5
2026-07-29 12:06:00,27440.25,27453.75,27433.75,27446.5,1149,27440.25,27453.75,27433.75,27446.75,1150,0.0,0.0,0.0,0.25,0.25
2026-07-29 12:07:00,27446.0,27456.0,27438.75,27455.0,806,27446.0,27456.0,27438.75,27455.0,806,0.0,0.0,0.0,0.0,0.0
2026-07-29 12:08:00,27457.0,27463.0,27447.0,27458.0,932,27455.0,27463.0,27447.0,27458.0,933,2.0,0.0,0.0,0.0,2.0
2026-07-29 12:09:00,27457.75,27463.75,27443.25,27462.0,1040,27457.75,27463.75,27443.25,27462.0,1038,0.0,0.0,0.0,0.0,0.0
2026-07-29 12:10:00,27462.25,27465.25,27453.0,27459.5,553,27461.75,27465.25,27453.0,27459.5,553,0.5,0.0,0.0,0.0,0.5
2026-07-29 12:11:00,27457.75,27466.75,27443.75,27448.5,606,27458.5,27466.75,27443.75,27448.5,606,0.75,0.0,0.0,0.0,0.75
2026-07-29 12:12:00,27447.75,27458.75,27444.5,27444.75,518,27447.75,27458.75,27444.5,27444.75,518,0.0,0.0,0.0,0.0,0.0
2026-07-29 12:13:00,27445.5,27454.0,27437.75,27440.0,622,27445.25,27454.0,27437.75,27440.0,622,0.25,0.0,0.0,0.0,0.25
2026-07-29 12:14:00,27441.25,27446.25,27419.5,27419.75,931,27441.25,27446.25,27419.5,27419.75,931,0.0,0.0,0.0,0.0,0.0
2026-07-29 12:15:00,27419.75,27437.0,27409.25,27429.75,1516,27420.25,27437.0,27409.25,27429.75,1517,0.5,0.0,0.0,0.0,0.5
2026-07-29 12:16:00,27430.75,27432.5,27416.25,27424.25,705,27430.5,27432.5,27416.25,27424.75,709,0.25,0.0,0.0,0.5,0.5
2026-07-29 12:17:00,27425.0,27441.25,27414.75,27434.75,905,27424.5,27441.25,27414.75,27435.25,902,0.5,0.0,0.0,0.5,0.5
2026-07-29 12:18:00,27435.0,27449.0,27429.75,27448.5,735,27435.75,27449.0,27429.75,27446.75,740,0.75,0.0,0.0,1.75,1.75
2026-07-29 12:19:00,27446.75,27451.5,27441.5,27446.25,777,27446.5,27451.5,27441.5,27446.25,770,0.25,0.0,0.0,0.0,0.25
2026-07-29 12:20:00,27446.25,27464.5,27437.25,27461.75,869,27446.25,27464.5,27437.25,27463.0,882,0.0,0.0,0.0,1.25,1.25
2026-07-29 12:21:00,27462.0,27475.25,27460.25,27462.75,1271,27463.25,27475.25,27460.25,27462.75,1258,1.25,0.0,0.0,0.0,1.25
2026-07-29 12:22:00,27463.25,27492.75,27462.75,27491.5,1087,27463.25,27492.75,27462.75,27490.25,1088,0.0,0.0,0.0,1.25,1.25
2026-07-29 12:23:00,27490.25,27528.0,27487.75,27511.25,1637,27490.75,27528.0,27487.75,27511.75,1637,0.5,0.0,0.0,0.5,0.5
2026-07-29 12:24:00,27511.0,27523.75,27503.75,27515.5,816,27511.75,27523.75,27503.75,27515.5,814,0.75,0.0,0.0,0.0,0.75
2026-07-29 12:25:00,27521.0,27536.25,27513.5,27524.25,899,27516.25,27536.25,27513.5,27524.25,899,4.75,0.0,0.0,0.0,4.75
2026-07-29 12:26:00,27525.0,27541.25,27517.5,27539.0,955,27524.5,27541.25,27517.5,27539.0,955,0.5,0.0,0.0,0.0,0.5
2026-07-29 12:27:00,27539.25,27542.25,27528.75,27536.0,1021,27540.5,27542.25,27528.75,27536.0,1021,1.25,0.0,0.0,0.0,1.25
2026-07-29 12:28:00,27536.25,27554.25,27527.5,27548.5,984,27535.25,27554.25,27527.5,27548.0,989,1.0,0.0,0.0,0.5,1.0
2026-07-29 12:29:00,27548.0,27556.5,27545.25,27551.0,758,27548.25,27556.5,27545.25,27551.0,753,0.25,0.0,0.0,0.0,0.25
2026-07-29 12:30:00,27551.25,27586.0,27547.25,27571.5,1678,27551.25,27586.0,27547.25,27571.5,1678,0.0,0.0,0.0,0.0,0.0
2026-07-29 12:31:00,27571.75,27578.75,27552.5,27566.0,972,27571.75,27578.75,27552.5,27565.0,973,0.0,0.0,0.0,1.0,1.0
2026-07-29 12:32:00,27565.75,27567.0,27537.5,27544.25,986,27566.25,27567.0,27537.5,27544.25,985,0.5,0.0,0.0,0.0,0.5
2026-07-29 12:33:00,27544.5,27556.25,27541.5,27548.75,756,27544.5,27556.25,27541.5,27548.75,756,0.0,0.0,0.0,0.0,0.0
2026-07-29 12:34:00,27548.25,27560.0,27525.0,27525.75,1202,27548.25,27560.0,27525.0,27525.75,1206,0.0,0.0,0.0,0.0,0.0
2026-07-29 12:35:00,27525.5,27527.25,27500.75,27512.25,1548,27525.25,27527.25,27500.75,27514.0,1546,0.25,0.0,0.0,1.75,1.75
2026-07-29 12:36:00,27513.75,27519.25,27495.5,27500.25,927,27513.5,27519.25,27495.5,27499.75,925,0.25,0.0,0.0,0.5,0.5
2026-07-29 12:37:00,27500.75,27522.25,27498.75,27518.25,906,27500.25,27522.25,27498.75,27519.0,906,0.5,0.0,0.0,0.75,0.75
2026-07-29 12:38:00,27519.0,27524.25,27510.75,27514.75,679,27519.0,27524.25,27510.75,27514.75,678,0.0,0.0,0.0,0.0,0.0
2026-07-29 12:39:00,27515.75,27533.0,27511.5,27528.25,784,27515.75,27533.0,27511.5,27527.75,786,0.0,0.0,0.0,0.5,0.5
2026-07-29 12:40:00,27526.0,27537.25,27511.0,27535.25,658,27527.25,27537.25,27511.0,27535.5,658,1.25,0.0,0.0,0.25,1.25
2026-07-29 12:41:00,27534.25,27539.25,27519.5,27521.0,643,27534.25,27539.25,27519.5,27521.5,643,0.0,0.0,0.0,0.5,0.5
2026-07-29 12:42:00,27521.25,27522.25,27489.5,27498.5,1027,27521.25,27522.25,27489.5,27498.5,1025,0.0,0.0,0.0,0.0,0.0
2026-07-29 12:43:00,27498.25,27504.25,27488.0,27489.75,731,27498.25,27504.25,27488.0,27489.75,731,0.0,0.0,0.0,0.0,0.0
2026-07-29 12:44:00,27488.25,27506.0,27485.25,27504.25,644,27488.75,27506.0,27485.25,27504.0,647,0.5,0.0,0.0,0.25,0.5
2026-07-29 12:45:00,27503.5,27507.0,27489.5,27496.5,722,27502.5,27507.0,27489.5,27495.75,721,1.0,0.0,0.0,0.75,1.0
2026-07-29 12:46:00,27496.25,27503.75,27491.25,27500.5,637,27493.75,27503.75,27491.25,27500.75,637,2.5,0.0,0.0,0.25,2.5
2026-07-29 12:47:00,27500.75,27531.25,27499.5,27527.25,886,27500.5,27531.25,27499.5,27527.25,884,0.25,0.0,0.0,0.0,0.25
2026-07-29 12:48:00,27528.0,27536.75,27521.5,27526.0,894,27529.0,27536.75,27521.5,27526.0,894,1.0,0.0,0.0,0.0,1.0
2026-07-29 12:49:00,27525.25,27554.5,27523.75,27552.5,949,27525.25,27554.5,27523.75,27553.0,950,0.0,0.0,0.0,0.5,0.5
2026-07-29 12:50:00,27553.25,27564.0,27536.75,27550.0,946,27552.0,27564.0,27536.75,27550.0,945,1.25,0.0,0.0,0.0,1.25
2026-07-29 12:51:00,27550.0,27558.25,27542.75,27547.75,762,27549.0,27558.25,27542.75,27547.5,763,1.0,0.0,0.0,0.25,1.0
2026-07-29 12:52:00,27548.0,27570.5,27533.5,27568.5,870,27547.25,27570.5,27533.5,27568.5,869,0.75,0.0,0.0,0.0,0.75
2026-07-29 12:53:00,27569.0,27575.5,27562.25,27570.75,843,27567.25,27575.5,27562.25,27570.75,843,1.75,0.0,0.0,0.0,1.75
2026-07-29 12:54:00,27570.5,27571.25,27552.25,27563.0,639,27570.5,27571.25,27552.25,27563.0,639,0.0,0.0,0.0,0.0,0.0
2026-07-29 12:55:00,27562.5,27579.25,27556.0,27566.75,862,27561.5,27579.25,27556.0,27566.75,862,1.0,0.0,0.0,0.0,1.0
2026-07-29 12:56:00,27567.0,27579.5,27558.5,27578.75,576,27566.75,27579.5,27558.5,27578.75,576,0.25,0.0,0.0,0.0,0.25
2026-07-29 12:57:00,27579.0,27593.0,27573.5,27586.5,835,27579.0,27593.0,27573.5,27586.5,835,0.0,0.0,0.0,0.0,0.0
2026-07-29 12:58:00,27586.75,27588.25,27572.25,27584.25,782,27586.75,27588.25,27572.25,27584.25,782,0.0,0.0,0.0,0.0,0.0
2026-07-29 12:59:00,27586.0,27603.5,27583.5,27603.25,1287,27583.5,27603.5,27583.5,27603.25,1287,2.5,0.0,0.0,0.0,2.5
2026-07-29 13:00:00,27604.25,27614.5,27595.25,27610.5,1221,27603.75,27614.5,27595.25,27611.0,1222,0.5,0.0,0.0,0.5,0.5
2026-07-29 13:01:00,27610.0,27624.0,27606.75,27613.5,819,27610.0,27624.0,27606.75,27613.5,818,0.0,0.0,0.0,0.0,0.0
2026-07-29 13:02:00,27612.0,27621.0,27605.75,27616.5,800,27612.75,27621.0,27605.75,27616.5,800,0.75,0.0,0.0,0.0,0.75
2026-07-29 13:03:00,27614.5,27647.75,27610.75,27642.75,1327,27615.0,27647.75,27610.75,27642.75,1330,0.5,0.0,0.0,0.0,0.5
2026-07-29 13:04:00,27643.5,27665.0,27638.0,27661.0,1256,27643.5,27665.0,27638.0,27661.0,1262,0.0,0.0,0.0,0.0,0.0
2026-07-29 13:05:00,27659.0,27662.0,27634.25,27642.25,1105,27659.75,27662.0,27634.25,27642.25,1097,0.75,0.0,0.0,0.0,0.75
2026-07-29 13:06:00,27643.25,27661.0,27636.0,27655.0,880,27642.5,27661.0,27636.0,27654.75,881,0.75,0.0,0.0,0.25,0.75
2026-07-29 13:07:00,27655.75,27658.0,27637.75,27642.25,849,27655.25,27658.0,27637.75,27642.25,848,0.5,0.0,0.0,0.0,0.5
2026-07-29 13:08:00,27643.0,27658.0,27635.75,27650.0,746,27643.0,27658.0,27635.75,27650.0,745,0.0,0.0,0.0,0.0,0.0
2026-07-29 13:09:00,27652.25,27657.5,27643.0,27652.75,682,27649.0,27657.5,27643.0,27652.75,683,3.25,0.0,0.0,0.0,3.25
2026-07-29 13:10:00,27651.25,27686.75,27648.25,27681.25,1351,27652.25,27686.75,27648.25,27682.0,1355,1.0,0.0,0.0,0.75,1.0
2026-07-29 13:11:00,27681.5,27691.25,27678.25,27686.25,756,27681.5,27691.25,27678.25,27686.25,756,0.0,0.0,0.0,0.0,0.0
2026-07-29 13:12:00,27686.0,27698.5,27673.0,27697.75,893,27686.0,27698.5,27673.0,27696.75,894,0.0,0.0,0.0,1.0,1.0
2026-07-29 13:13:00,27696.5,27722.5,27696.5,27712.5,1423,27696.5,27722.5,27696.5,27712.5,1417,0.0,0.0,0.0,0.0,0.0
2026-07-29 13:14:00,27713.25,27737.25,27707.5,27735.25,1400,27712.25,27737.25,27707.5,27736.5,1403,1.0,0.0,0.0,1.25,1.25
2026-07-29 13:15:00,27736.5,27739.75,27719.25,27723.0,1323,27736.5,27739.75,27719.25,27723.0,1320,0.0,0.0,0.0,0.0,0.0
2026-07-29 13:16:00,27721.5,27729.0,27712.75,27716.5,922,27723.5,27729.0,27712.75,27715.75,924,2.0,0.0,0.0,0.75,2.0
2026-07-29 13:17:00,27715.0,27732.5,27709.0,27721.25,730,27715.5,27732.5,27709.0,27722.0,731,0.5,0.0,0.0,0.75,0.75
2026-07-29 13:18:00,27722.0,27733.0,27711.25,27718.0,1097,27721.5,27733.0,27711.25,27717.5,1096,0.5,0.0,0.0,0.5,0.5
2026-07-29 13:19:00,27717.75,27722.5,27711.0,27715.5,625,27717.0,27722.5,27711.0,27715.5,628,0.75,0.0,0.0,0.0,0.75
2026-07-29 13:20:00,27715.5,27734.5,27713.25,27728.25,1574,27714.25,27734.5,27713.25,27726.75,1577,1.25,0.0,0.0,1.5,1.5
2026-07-29 13:21:00,27726.75,27748.0,27717.75,27746.25,760,27727.5,27748.0,27717.75,27746.25,750,0.75,0.0,0.0,0.0,0.75
2026-07-29 13:22:00,27745.75,27750.0,27723.0,27724.25,749,27745.75,27750.0,27723.0,27724.25,749,0.0,0.0,0.0,0.0,0.0
2026-07-29 13:23:00,27722.25,27736.25,27716.0,27729.0,874,27725.75,27736.25,27716.0,27728.0,876,3.5,0.0,0.0,1.0,3.5
2026-07-29 13:24:00,27727.5,27727.75,27691.75,27694.25,1048,27727.75,27727.75,27691.75,27694.25,1046,0.25,0.0,0.0,0.0,0.25
2026-07-29 13:25:00,27693.75,27698.75,27678.75,27685.0,1166,27693.75,27698.75,27678.75,27685.0,1156,0.0,0.0,0.0,0.0,0.0
2026-07-29 13:26:00,27685.75,27700.75,27680.0,27697.75,921,27684.75,27700.75,27680.0,27697.75,921,1.0,0.0,0.0,0.0,1.0
2026-07-29 13:27:00,27697.75,27702.5,27678.5,27680.0,477,27697.75,27702.5,27678.5,27680.0,477,0.0,0.0,0.0,0.0,0.0
2026-07-29 13:28:00,27679.5,27688.25,27672.0,27680.25,648,27679.5,27688.25,27672.0,27680.25,648,0.0,0.0,0.0,0.0,0.0
2026-07-29 13:29:00,27679.75,27682.0,27651.0,27651.0,859,27681.75,27682.0,27650.75,27650.75,860,2.0,0.0,0.25,0.25,2.0
2026-07-29 13:30:00,27651.5,27657.5,27634.25,27636.0,1116,27650.75,27657.5,27634.25,27636.0,1115,0.75,0.0,0.0,0.0,0.75
2026-07-29 13:31:00,27634.5,27659.0,27629.5,27659.0,980,27634.5,27659.0,27629.5,27658.0,984,0.0,0.0,0.0,1.0,1.0
2026-07-29 13:32:00,27659.0,27676.5,27656.75,27674.25,934,27658.25,27676.5,27656.75,27674.25,930,0.75,0.0,0.0,0.0,0.75
2026-07-29 13:33:00,27674.0,27693.0,27672.75,27693.0,752,27674.25,27693.0,27672.75,27693.0,752,0.25,0.0,0.0,0.0,0.25
2026-07-29 13:34:00,27692.25,27695.0,27665.0,27674.25,712,27692.25,27695.0,27665.0,27673.5,713,0.0,0.0,0.0,0.75,0.75
2026-07-29 13:35:00,27673.75,27679.75,27651.0,27656.75,652,27673.75,27679.75,27651.0,27656.75,651,0.0,0.0,0.0,0.0,0.0
2026-07-29 13:36:00,27654.25,27661.75,27644.5,27644.75,515,27656.0,27661.75,27644.5,27644.75,523,1.75,0.0,0.0,0.0,1.75
2026-07-29 13:37:00,27641.75,27663.0,27638.5,27652.0,549,27644.5,27663.0,27638.5,27652.0,541,2.75,0.0,0.0,0.0,2.75
2026-07-29 13:38:00,27652.75,27664.5,27647.0,27650.25,369,27652.75,27664.5,27647.0,27650.25,369,0.0,0.0,0.0,0.0,0.0
2026-07-29 13:39:00,27651.0,27662.25,27648.25,27658.75,461,27650.0,27662.25,27648.25,27658.75,461,1.0,0.0,0.0,0.0,1.0
2026-07-29 13:40:00,27658.25,27666.75,27654.0,27662.75,875,27658.25,27666.75,27654.0,27662.0,881,0.0,0.0,0.0,0.75,0.75
2026-07-29 13:41:00,27662.25,27676.25,27660.5,27672.0,773,27662.0,27676.25,27660.5,27673.25,770,0.25,0.0,0.0,1.25,1.25
2026-07-29 13:42:00,27675.75,27687.0,27660.0,27663.0,1071,27673.25,27687.0,27660.0,27662.0,1071,2.5,0.0,0.0,1.0,2.5
2026-07-29 13:43:00,27661.0,27689.75,27651.25,27686.75,548,27661.75,27689.75,27651.25,27686.75,545,0.75,0.0,0.0,0.0,0.75
2026-07-29 13:44:00,27687.75,27690.5,27674.75,27681.0,328,27687.75,27690.5,27674.75,27681.0,319,0.0,0.0,0.0,0.0,0.0
2026-07-29 13:45:00,27681.75,27686.25,27662.75,27664.5,320,27681.25,27686.25,27662.75,27664.75,310,0.5,0.0,0.0,0.25,0.5
2026-07-29 13:46:00,27663.75,27673.25,27656.0,27667.75,405,27664.25,27673.25,27656.0,27667.75,404,0.5,0.0,0.0,0.0,0.5
2026-07-29 13:47:00,27668.0,27675.25,27665.0,27674.75,258,27668.0,27675.25,27665.0,27674.75,258,0.0,0.0,0.0,0.0,0.0
2026-07-29 13:48:00,27676.0,27690.75,27671.5,27690.0,550,27675.25,27690.75,27671.5,27690.0,550,0.75,0.0,0.0,0.0,0.75
2026-07-29 13:49:00,27689.75,27698.0,27683.25,27695.0,667,27689.25,27698.0,27683.25,27695.0,667,0.5,0.0,0.0,0.0,0.5
2026-07-29 13:50:00,27695.75,27707.75,27694.5,27706.75,757,27696.0,27707.75,27694.5,27706.75,757,0.25,0.0,0.0,0.0,0.25
2026-07-29 13:51:00,27705.25,27718.75,27704.0,27717.5,497,27706.0,27718.75,27704.0,27717.5,497,0.75,0.0,0.0,0.0,0.75
2026-07-29 13:52:00,27717.25,27727.75,27706.75,27713.0,654,27717.25,27727.75,27706.75,27713.0,654,0.0,0.0,0.0,0.0,0.0
2026-07-29 13:53:00,27711.75,27723.0,27709.5,27719.5,479,27711.75,27723.0,27709.5,27720.75,480,0.0,0.0,0.0,1.25,1.25
2026-07-29 13:54:00,27720.5,27721.25,27707.0,27711.75,476,27720.75,27721.25,27707.0,27711.5,478,0.25,0.0,0.0,0.25,0.25
2026-07-29 13:55:00,27711.25,27717.25,27690.75,27699.25,848,27711.25,27717.25,27690.75,27699.25,845,0.0,0.0,0.0,0.0,0.0
2026-07-29 13:56:00,27698.75,27700.5,27686.75,27692.75,588,27700.25,27700.5,27686.75,27692.75,588,1.5,0.0,0.0,0.0,1.5
2026-07-29 13:57:00,27693.0,27693.25,27685.75,27690.25,574,27693.0,27693.25,27685.75,27689.5,580,0.0,0.0,0.0,0.75,0.75
2026-07-29 13:58:00,27690.5,27699.0,27677.75,27693.0,626,27689.25,27699.0,27677.75,27693.25,626,1.25,0.0,0.0,0.25,1.25
2026-07-29 13:59:00,27695.5,27726.75,27689.75,27721.25,786,27692.75,27726.75,27689.75,27721.75,781,2.75,0.0,0.0,0.5,2.75
2026-07-29 14:00:00,27730.0,27857.0,27714.75,27853.0,5225,27723.0,27857.0,27714.75,27853.0,5213,7.0,0.0,0.0,0.0,7.0
2026-07-29 14:01:00,27847.0,27877.5,27810.0,27869.5,2991,27847.0,27877.5,27810.0,27869.5,3004,0.0,0.0,0.0,0.0,0.0
2026-07-29 14:02:00,27867.5,27888.5,27840.0,27844.25,2956,27867.5,27888.5,27840.0,27844.25,2936,0.0,0.0,0.0,0.0,0.0
2026-07-29 14:03:00,27842.75,27865.25,27820.0,27829.75,1780,27843.0,27865.25,27820.0,27829.75,1779,0.25,0.0,0.0,0.0,0.25
2026-07-29 14:04:00,27832.25,27832.25,27778.75,27802.0,1860,27832.25,27832.25,27778.75,27802.0,1860,0.0,0.0,0.0,0.0,0.0
2026-07-29 14:05:00,27806.5,27843.0,27789.0,27843.0,2488,27801.25,27843.0,27789.0,27842.75,2490,5.25,0.0,0.0,0.25,5.25
2026-07-29 14:06:00,27841.5,27886.25,27840.0,27871.0,2289,27841.5,27886.25,27840.0,27871.0,2289,0.0,0.0,0.0,0.0,0.0
2026-07-29 14:07:00,27873.0,27885.0,27859.25,27862.75,2088,27873.0,27885.0,27859.25,27861.5,2100,0.0,0.0,0.0,1.25,1.25
2026-07-29 14:08:00,27862.75,27869.0,27835.0,27851.75,1562,27862.75,27869.0,27835.0,27851.75,1546,0.0,0.0,0.0,0.0,0.0
2026-07-29 14:09:00,27851.25,27858.0,27824.5,27855.25,1371,27851.25,27858.0,27824.5,27855.25,1371,0.0,0.0,0.0,0.0,0.0
2026-07-29 14:10:00,27852.25,27872.25,27831.25,27843.0,1368,27853.5,27872.25,27831.25,27843.0,1368,1.25,0.0,0.0,0.0,1.25
2026-07-29 14:11:00,27842.5,27863.25,27822.25,27851.25,1746,27842.5,27863.25,27822.25,27851.75,1748,0.0,0.0,0.0,0.5,0.5
2026-07-29 14:12:00,27852.5,27860.5,27824.25,27830.5,1472,27852.25,27860.5,27824.25,27830.5,1470,0.25,0.0,0.0,0.0,0.25
2026-07-29 14:13:00,27828.75,27839.25,27798.75,27814.25,1201,27829.5,27839.25,27798.75,27814.25,1201,0.75,0.0,0.0,0.0,0.75
2026-07-29 14:14:00,27813.0,27820.0,27775.0,27798.5,1447,27813.0,27820.0,27775.0,27798.5,1429,0.0,0.0,0.0,0.0,0.0
2026-07-29 14:15:00,27800.0,27843.5,27799.5,27817.25,1788,27800.0,27843.5,27799.5,27816.75,1772,0.0,0.0,0.0,0.5,0.5
2026-07-29 14:16:00,27815.25,27839.0,27804.75,27813.0,1150,27816.5,27839.0,27804.75,27813.75,1152,1.25,0.0,0.0,0.75,1.25
2026-07-29 14:17:00,27813.25,27820.75,27772.0,27793.5,1368,27812.25,27820.75,27772.0,27793.5,1367,1.0,0.0,0.0,0.0,1.0
2026-07-29 14:18:00,27793.0,27796.25,27763.75,27770.5,979,27793.0,27796.25,27763.75,27770.5,977,0.0,0.0,0.0,0.0,0.0
2026-07-29 14:19:00,27771.5,27774.5,27748.75,27764.75,1462,27771.5,27774.5,27748.75,27764.5,1463,0.0,0.0,0.0,0.25,0.25
2026-07-29 14:20:00,27764.5,27775.0,27739.0,27753.5,1317,27764.5,27775.0,27739.0,27753.5,1314,0.0,0.0,0.0,0.0,0.0
2026-07-29 14:21:00,27751.75,27767.75,27733.5,27746.25,1218,27752.75,27767.75,27733.5,27746.0,1218,1.0,0.0,0.0,0.25,1.0
2026-07-29 14:22:00,27743.75,27752.25,27730.25,27750.25,1226,27746.0,27752.25,27730.25,27750.25,1223,2.25,0.0,0.0,0.0,2.25
2026-07-29 14:23:00,27749.75,27766.5,27728.5,27733.75,1321,27749.75,27766.5,27728.5,27733.75,1319,0.0,0.0,0.0,0.0,0.0
2026-07-29 14:24:00,27734.25,27765.25,27732.75,27749.0,902,27733.5,27765.25,27732.75,27749.0,903,0.75,0.0,0.0,0.0,0.75
2026-07-29 14:25:00,27747.75,27757.5,27727.5,27744.5,984,27747.75,27757.5,27727.5,27744.5,978,0.0,0.0,0.0,0.0,0.0
2026-07-29 14:26:00,27746.0,27766.0,27735.5,27746.0,849,27746.0,27766.0,27735.5,27746.0,845,0.0,0.0,0.0,0.0,0.0
2026-07-29 14:27:00,27750.25,27750.25,27730.5,27739.25,633,27747.0,27750.25,27730.5,27742.25,636,3.25,0.0,0.0,3.0,3.25
2026-07-29 14:28:00,27741.0,27760.25,27735.5,27747.0,921,27741.0,27760.25,27735.5,27750.25,913,0.0,0.0,0.0,3.25,3.25
2026-07-29 14:29:00,27750.5,27777.25,27744.5,27776.5,918,27750.5,27777.25,27744.5,27776.5,917,0.0,0.0,0.0,0.0,0.0
2026-07-29 14:30:00,27777.0,27805.0,27776.5,27803.0,1179,27777.0,27805.0,27776.5,27803.0,1180,0.0,0.0,0.0,0.0,0.0
2026-07-29 14:31:00,27802.75,27820.0,27751.25,27756.75,2262,27802.5,27820.0,27751.25,27756.75,2261,0.25,0.0,0.0,0.0,0.25
2026-07-29 14:32:00,27759.5,27766.5,27709.0,27752.25,2464,27759.5,27766.5,27709.0,27752.25,2464,0.0,0.0,0.0,0.0,0.0
2026-07-29 14:33:00,27753.5,27783.5,27723.75,27762.0,1450,27753.5,27783.5,27723.75,27762.25,1451,0.0,0.0,0.0,0.25,0.25
2026-07-29 14:34:00,27761.5,27770.25,27737.25,27756.0,660,27762.25,27770.25,27737.25,27756.0,659,0.75,0.0,0.0,0.0,0.75
2026-07-29 14:35:00,27755.5,27764.5,27726.0,27748.75,1046,27755.75,27764.5,27726.0,27748.75,1046,0.25,0.0,0.0,0.0,0.25
2026-07-29 14:36:00,27748.75,27793.0,27731.0,27792.25,1239,27747.0,27793.0,27731.0,27792.25,1239,1.75,0.0,0.0,0.0,1.75
2026-07-29 14:37:00,27791.75,27827.75,27779.0,27816.5,1804,27790.75,27827.75,27779.0,27816.5,1804,1.0,0.0,0.0,0.0,1.0
2026-07-29 14:38:00,27818.0,27883.5,27815.75,27862.0,2275,27815.75,27883.5,27815.75,27862.0,2272,2.25,0.0,0.0,0.0,2.25
2026-07-29 14:39:00,27862.5,27888.5,27838.0,27867.75,1597,27862.5,27888.5,27838.0,27867.75,1597,0.0,0.0,0.0,0.0,0.0
2026-07-29 14:40:00,27867.5,27917.0,27865.0,27907.75,2709,27868.75,27917.0,27865.0,27907.75,2710,1.25,0.0,0.0,0.0,1.25
2026-07-29 14:41:00,27908.5,27953.0,27906.0,27930.75,2334,27908.75,27953.0,27906.0,27929.25,2334,0.25,0.0,0.0,1.5,1.5
2026-07-29 14:42:00,27930.25,27942.5,27898.5,27930.0,1915,27930.0,27942.5,27898.5,27927.5,1921,0.25,0.0,0.0,2.5,2.5
2026-07-29 14:43:00,27927.25,27956.75,27914.75,27954.5,1855,27929.0,27956.75,27914.75,27954.5,1850,1.75,0.0,0.0,0.0,1.75
2026-07-29 14:44:00,27952.5,27987.5,27943.5,27975.5,1790,27951.5,27987.5,27943.5,27975.5,1784,1.0,0.0,0.0,0.0,1.0
2026-07-29 14:45:00,27974.5,27994.5,27961.25,27978.25,2070,27974.5,27994.5,27961.25,27978.25,2071,0.0,0.0,0.0,0.0,0.0
2026-07-29 14:46:00,27978.5,28010.0,27970.75,27996.25,2254,27978.5,28010.0,27970.75,27996.25,2252,0.0,0.0,0.0,0.0,0.0
2026-07-29 14:47:00,27995.75,28050.5,27987.75,28025.0,2029,27995.75,28050.5,27987.75,28025.75,2030,0.0,0.0,0.0,0.75,0.75
2026-07-29 14:48:00,28027.0,28035.75,27993.75,28004.75,1886,28025.5,28035.75,27993.75,28004.75,1884,1.5,0.0,0.0,0.0,1.5
2026-07-29 14:49:00,28006.75,28053.25,28002.5,28043.25,1267,28006.0,28053.25,28002.5,28044.0,1268,0.75,0.0,0.0,0.75,0.75
2026-07-29 14:50:00,28044.75,28052.5,28014.75,28042.5,1444,28044.25,28052.5,28014.75,28042.5,1443,0.5,0.0,0.0,0.0,0.5
2026-07-29 14:51:00,28043.5,28044.75,28000.5,28038.5,1399,28043.5,28044.75,28000.5,28038.5,1398,0.0,0.0,0.0,0.0,0.0
2026-07-29 14:52:00,28038.5,28054.75,28032.5,28045.5,1278,28038.0,28054.75,28032.5,28047.0,1279,0.5,0.0,0.0,1.5,1.5
2026-07-29 14:53:00,28046.25,28078.5,28046.25,28066.25,1620,28046.5,28078.5,28046.25,28066.25,1617,0.25,0.0,0.0,0.0,0.25
2026-07-29 14:54:00,28065.25,28087.5,28063.0,28086.0,1076,28066.5,28087.5,28063.0,28086.0,1073,1.25,0.0,0.0,0.0,1.25
2026-07-29 14:55:00,28086.0,28096.75,28067.25,28080.0,1825,28086.0,28096.75,28067.25,28080.0,1825,0.0,0.0,0.0,0.0,0.0
2026-07-29 14:56:00,28079.75,28082.25,28045.5,28047.75,1697,28078.75,28082.25,28045.5,28047.75,1699,1.0,0.0,0.0,0.0,1.0
2026-07-29 14:57:00,28047.75,28053.75,28021.0,28051.25,1634,28047.0,28053.75,28021.0,28052.5,1642,0.75,0.0,0.0,1.25,1.25
2026-07-29 14:58:00,28051.5,28074.0,28046.75,28056.5,1120,28051.75,28074.0,28046.75,28056.5,1110,0.25,0.0,0.0,0.0,0.25
2026-07-29 14:59:00,28056.25,28061.5,28032.25,28056.75,1519,28056.25,28061.5,28032.25,28056.75,1519,0.0,0.0,0.0,0.0,0.0
2026-07-29 15:00:00,28059.0,28067.75,28026.5,28036.75,2000,28057.5,28067.75,28026.5,28036.75,2000,1.5,0.0,0.0,0.0,1.5
2026-07-29 15:01:00,28032.75,28091.75,28023.25,28090.5,1693,28035.25,28091.75,28023.25,28090.25,1694,2.5,0.0,0.0,0.25,2.5
2026-07-29 15:02:00,28090.25,28099.5,28057.75,28063.75,1929,28089.5,28099.5,28057.75,28063.75,1924,0.75,0.0,0.0,0.0,0.75
2026-07-29 15:03:00,28063.0,28064.25,28011.0,28026.0,1586,28063.75,28064.25,28011.0,28026.0,1586,0.75,0.0,0.0,0.0,0.75
2026-07-29 15:04:00,28025.75,28027.5,27967.0,27993.75,2248,28025.75,28027.5,27967.0,27993.75,2246,0.0,0.0,0.0,0.0,0.0
2026-07-29 15:05:00,27992.5,27999.25,27948.5,27956.5,1812,27992.5,27999.25,27948.5,27956.5,1807,0.0,0.0,0.0,0.0,0.0
2026-07-29 15:06:00,27955.5,27976.5,27949.75,27959.75,1627,27955.0,27976.5,27949.75,27959.75,1627,0.5,0.0,0.0,0.0,0.5
2026-07-29 15:07:00,27960.25,27962.5,27917.5,27919.0,1859,27960.25,27962.5,27917.5,27920.5,1860,0.0,0.0,0.0,1.5,1.5
2026-07-29 15:08:00,27920.25,27940.75,27890.0,27905.5,2172,27919.75,27940.75,27890.0,27905.5,2171,0.5,0.0,0.0,0.0,0.5
2026-07-29 15:09:00,27905.5,27914.75,27877.0,27879.0,1770,27905.25,27914.75,27877.0,27879.0,1770,0.25,0.0,0.0,0.0,0.25
2026-07-29 15:10:00,27877.0,27888.75,27839.5,27862.75,2498,27878.0,27888.75,27839.5,27862.75,2498,1.0,0.0,0.0,0.0,1.0
2026-07-29 15:11:00,27858.75,27915.25,27858.75,27912.5,2313,27861.75,27915.25,27858.75,27912.75,2314,3.0,0.0,0.0,0.25,3.0
2026-07-29 15:12:00,27912.75,27928.0,27872.75,27907.75,2099,27912.5,27928.0,27872.75,27907.75,2097,0.25,0.0,0.0,0.0,0.25
2026-07-29 15:13:00,27906.25,27928.5,27899.0,27906.75,1307,27906.25,27928.5,27899.0,27908.5,1310,0.0,0.0,0.0,1.75,1.75
2026-07-29 15:14:00,27908.0,27926.5,27896.25,27905.0,1161,27908.0,27926.5,27896.25,27905.0,1153,0.0,0.0,0.0,0.0,0.0
2026-07-29 15:15:00,27907.75,27936.0,27885.5,27931.25,1559,27905.0,27936.0,27885.5,27931.25,1559,2.75,0.0,0.0,0.0,2.75
2026-07-29 15:16:00,27932.25,27938.0,27875.5,27889.75,1634,27929.25,27938.0,27875.5,27889.75,1634,3.0,0.0,0.0,0.0,3.0
2026-07-29 15:17:00,27891.0,27897.25,27843.25,27847.25,1535,27889.75,27897.25,27843.25,27846.25,1540,1.25,0.0,0.0,1.0,1.25
2026-07-29 15:18:00,27846.5,27847.75,27805.75,27827.25,2007,27847.5,27847.75,27805.75,27825.75,2004,1.0,0.0,0.0,1.5,1.5
2026-07-29 15:19:00,27827.0,27833.25,27807.5,27821.75,1541,27826.75,27833.25,27807.5,27821.75,1539,0.25,0.0,0.0,0.0,0.25
2026-07-29 15:20:00,27824.25,27828.25,27770.75,27771.5,1968,27821.5,27828.25,27770.75,27771.5,1960,2.75,0.0,0.0,0.0,2.75
2026-07-29 15:21:00,27771.0,27775.25,27721.25,27737.25,3406,27771.5,27775.25,27721.25,27737.25,3414,0.5,0.0,0.0,0.0,0.5
2026-07-29 15:22:00,27739.0,27745.75,27680.0,27718.0,2544,27736.75,27745.75,27680.0,27717.0,2537,2.25,0.0,0.0,1.0,2.25
2026-07-29 15:23:00,27718.25,27730.0,27701.75,27718.75,1786,27717.5,27730.0,27701.75,27718.75,1785,0.75,0.0,0.0,0.0,0.75
2026-07-29 15:24:00,27719.75,27745.0,27703.75,27712.25,1700,27719.75,27745.0,27703.75,27712.25,1700,0.0,0.0,0.0,0.0,0.0
2026-07-29 15:25:00,27710.0,27724.25,27674.5,27676.75,2243,27710.5,27724.25,27674.5,27678.25,2245,0.5,0.0,0.0,1.5,1.5
2026-07-29 15:26:00,27680.75,27682.0,27640.75,27669.75,2107,27679.25,27682.0,27640.75,27669.75,2103,1.5,0.0,0.0,0.0,1.5
2026-07-29 15:27:00,27669.5,27690.0,27644.5,27678.75,1921,27670.75,27690.0,27644.5,27675.75,1944,1.25,0.0,0.0,3.0,3.0
2026-07-29 15:28:00,27678.0,27702.0,27669.75,27694.5,1840,27677.0,27702.0,27669.75,27694.5,1814,1.0,0.0,0.0,0.0,1.0
2026-07-29 15:29:00,27693.5,27714.5,27684.25,27710.5,1738,27693.5,27714.5,27684.25,27712.25,1743,0.0,0.0,0.0,1.75,1.75
2026-07-29 15:30:00,27716.25,27738.25,27696.25,27727.25,2080,27711.25,27738.25,27696.25,27727.25,2075,5.0,0.0,0.0,0.0,5.0
2026-07-29 15:31:00,27729.0,27744.0,27696.75,27716.75,1798,27726.75,27744.0,27696.75,27716.25,1800,2.25,0.0,0.0,0.5,2.25
2026-07-29 15:32:00,27716.25,27724.75,27664.0,27681.75,1642,27716.5,27724.75,27664.0,27682.75,1646,0.25,0.0,0.0,1.0,1.0
2026-07-29 15:33:00,27682.5,27685.25,27593.25,27601.5,2352,27682.25,27685.25,27593.25,27600.75,2344,0.25,0.0,0.0,0.75,0.75
2026-07-29 15:34:00,27600.25,27611.25,27572.0,27610.25,2143,27600.75,27611.25,27572.0,27610.25,2135,0.5,0.0,0.0,0.0,0.5
2026-07-29 15:35:00,27610.5,27621.25,27580.25,27601.0,1847,27610.5,27621.25,27580.25,27601.25,1826,0.0,0.0,0.0,0.25,0.25
2026-07-29 15:36:00,27602.75,27627.25,27584.75,27622.75,2054,27601.25,27627.25,27584.75,27622.75,2050,1.5,0.0,0.0,0.0,1.5
2026-07-29 15:37:00,27622.75,27630.75,27577.5,27582.75,1684,27623.25,27630.75,27577.5,27582.75,1684,0.5,0.0,0.0,0.0,0.5
2026-07-29 15:38:00,27582.75,27584.75,27525.75,27527.75,2344,27583.5,27584.75,27525.75,27527.75,2320,0.75,0.0,0.0,0.0,0.75
2026-07-29 15:39:00,27527.25,27529.0,27503.5,27509.25,2105,27526.75,27529.0,27503.5,27509.25,2102,0.5,0.0,0.0,0.0,0.5
2026-07-29 15:40:00,27507.75,27519.75,27472.0,27517.75,3203,27507.75,27519.75,27472.0,27518.25,3199,0.0,0.0,0.0,0.5,0.5
2026-07-29 15:41:00,27518.25,27542.0,27497.25,27513.0,2307,27519.0,27542.0,27497.25,27513.0,2306,0.75,0.0,0.0,0.0,0.75
2026-07-29 15:42:00,27513.0,27527.0,27503.0,27510.0,1895,27513.75,27527.0,27503.0,27510.0,1894,0.75,0.0,0.0,0.0,0.75
2026-07-29 15:43:00,27510.25,27515.0,27468.0,27501.5,2198,27510.25,27515.0,27468.0,27500.75,2206,0.0,0.0,0.0,0.75,0.75
2026-07-29 15:44:00,27501.0,27502.75,27458.75,27474.5,1698,27501.0,27502.75,27458.75,27473.5,1691,0.0,0.0,0.0,1.0,1.0
2026-07-29 15:45:00,27473.5,27488.5,27454.25,27456.0,2610,27473.25,27488.5,27454.25,27456.0,2609,0.25,0.0,0.0,0.0,0.25
2026-07-29 15:46:00,27455.75,27484.75,27442.5,27448.25,2522,27455.75,27484.75,27442.5,27449.0,2527,0.0,0.0,0.0,0.75,0.75
2026-07-29 15:47:00,27450.25,27457.5,27421.0,27446.75,2012,27449.25,27457.5,27421.0,27447.5,2014,1.0,0.0,0.0,0.75,1.0
2026-07-29 15:48:00,27446.5,27484.0,27444.0,27473.5,2087,27446.75,27484.0,27444.0,27472.5,2083,0.25,0.0,0.0,1.0,1.0
2026-07-29 15:49:00,27469.5,27512.25,27457.0,27499.75,2005,27472.5,27512.25,27457.0,27500.75,2001,3.0,0.0,0.0,1.0,3.0
2026-07-29 15:50:00,27499.25,27500.5,27433.5,27458.5,2644,27499.75,27500.5,27433.5,27459.5,2634,0.5,0.0,0.0,1.0,1.0
2026-07-29 15:51:00,27458.5,27459.0,27423.0,27442.75,2059,27458.25,27459.0,27423.0,27443.5,2055,0.25,0.0,0.0,0.75,0.75
2026-07-29 15:52:00,27442.75,27445.5,27394.0,27414.25,3104,27443.5,27445.5,27394.0,27414.25,3096,0.75,0.0,0.0,0.0,0.75
2026-07-29 15:53:00,27416.25,27430.25,27406.0,27417.5,1781,27415.5,27430.25,27406.0,27416.75,1755,0.75,0.0,0.0,0.75,0.75
2026-07-29 15:54:00,27416.75,27449.0,27416.25,27435.25,2033,27417.5,27449.0,27416.25,27435.25,2020,0.75,0.0,0.0,0.0,0.75
2026-07-29 15:55:00,27433.25,27434.0,27364.75,27379.0,3546,27434.0,27434.0,27364.75,27379.0,3542,0.75,0.0,0.0,0.0,0.75
2026-07-29 15:56:00,27379.0,27392.0,27355.0,27365.5,2326,27379.75,27392.0,27355.0,27364.75,2333,0.75,0.0,0.0,0.75,0.75
2026-07-29 15:57:00,27364.75,27367.0,27344.75,27344.75,2358,27364.75,27367.0,27344.75,27344.75,2351,0.0,0.0,0.0,0.0,0.0
2026-07-29 15:58:00,27343.25,27349.25,27331.5,27340.5,3033,27344.75,27349.25,27331.5,27340.5,3034,1.5,0.0,0.0,0.0,1.5
2026-07-29 15:59:00,27341.25,27370.75,27317.5,27338.75,10600,27341.0,27370.75,27317.5,27335.0,10612,0.25,0.0,0.0,3.75,3.75
2026-07-30 09:30:00,27875.75,27891.5,27835.5,27859.5,6389,27877.25,27891.5,27835.5,27859.25,6387,1.5,0.0,0.0,0.25,1.5
2026-07-30 09:31:00,27859.25,27892.0,27851.5,27878.0,3464,27859.0,27892.0,27851.5,27879.25,3469,0.25,0.0,0.0,1.25,1.25
2026-07-30 09:32:00,27879.75,27885.75,27850.0,27862.0,3107,27879.0,27885.75,27850.0,27862.0,3100,0.75,0.0,0.0,0.0,0.75
2026-07-30 09:33:00,27862.75,27863.5,27813.25,27842.0,3161,27862.75,27863.5,27813.25,27843.5,3162,0.0,0.0,0.0,1.5,1.5
2026-07-30 09:34:00,27842.0,27880.75,27831.75,27871.25,2618,27843.0,27880.75,27831.75,27871.25,2621,1.0,0.0,0.0,0.0,1.0
2026-07-30 09:35:00,27871.25,27903.0,27848.5,27891.25,3269,27871.25,27903.0,27848.5,27890.5,3274,0.0,0.0,0.0,0.75,0.75
2026-07-30 09:36:00,27890.0,27919.5,27864.75,27895.75,3849,27890.5,27919.5,27864.75,27896.75,3842,0.5,0.0,0.0,1.0,1.0
2026-07-30 09:37:00,27894.0,27902.0,27847.5,27884.5,3213,27895.0,27902.0,27847.5,27884.75,3221,1.0,0.0,0.0,0.25,1.0
2026-07-30 09:38:00,27884.75,27908.25,27854.5,27889.25,2699,27886.0,27908.25,27854.5,27889.25,2688,1.25,0.0,0.0,0.0,1.25
2026-07-30 09:39:00,27890.25,27901.5,27866.0,27889.0,2126,27891.0,27901.5,27866.0,27889.25,2140,0.75,0.0,0.0,0.25,0.75
2026-07-30 09:40:00,27893.5,27901.0,27849.75,27881.75,2609,27887.5,27901.0,27849.75,27881.75,2599,6.0,0.0,0.0,0.0,6.0
2026-07-30 09:41:00,27882.5,27905.0,27867.25,27887.5,1865,27882.5,27905.0,27867.25,27887.5,1860,0.0,0.0,0.0,0.0,0.0
2026-07-30 09:42:00,27886.5,27941.25,27882.5,27937.25,2473,27886.5,27941.25,27882.5,27933.75,2472,0.0,0.0,0.0,3.5,3.5
2026-07-30 09:43:00,27936.5,27966.75,27930.0,27965.25,2790,27935.25,27966.75,27930.0,27965.25,2766,1.25,0.0,0.0,0.0,1.25
2026-07-30 09:44:00,27964.5,27996.5,27964.5,27976.25,3360,27965.0,27996.5,27964.5,27976.25,3349,0.5,0.0,0.0,0.0,0.5
2026-07-30 09:45:00,27976.75,28015.5,27973.25,28014.25,3463,27976.75,28015.5,27973.25,28014.75,3463,0.0,0.0,0.0,0.5,0.5
2026-07-30 09:46:00,28013.75,28036.25,28006.75,28030.0,2588,28013.75,28036.25,28006.75,28030.0,2583,0.0,0.0,0.0,0.0,0.0
2026-07-30 09:47:00,28028.0,28038.5,28008.5,28035.5,2227,28028.0,28038.5,28008.5,28036.75,2228,0.0,0.0,0.0,1.25,1.25
2026-07-30 09:48:00,28036.75,28050.75,28027.5,28040.5,2359,28037.5,28050.75,28027.5,28040.5,2357,0.75,0.0,0.0,0.0,0.75
2026-07-30 09:49:00,28042.0,28067.5,28040.25,28065.0,2009,28041.0,28067.5,28040.25,28064.5,2004,1.0,0.0,0.0,0.5,1.0
2026-07-30 09:50:00,28065.5,28114.75,28043.25,28105.5,5029,28064.75,28114.75,28043.25,28105.5,5021,0.75,0.0,0.0,0.0,0.75
2026-07-30 09:51:00,28104.5,28125.5,28091.5,28093.75,3313,28104.25,28125.5,28091.5,28093.5,3300,0.25,0.0,0.0,0.25,0.25
2026-07-30 09:52:00,28093.5,28095.0,28049.0,28062.75,2736,28093.0,28095.0,28049.0,28062.75,2713,0.5,0.0,0.0,0.0,0.5
2026-07-30 09:53:00,28062.75,28098.0,28055.25,28079.75,2497,28062.75,28098.0,28055.25,28079.0,2495,0.0,0.0,0.0,0.75,0.75
2026-07-30 09:54:00,28079.25,28111.5,28077.5,28102.75,1964,28080.0,28111.5,28077.5,28102.5,1962,0.75,0.0,0.0,0.25,0.75
2026-07-30 09:55:00,28103.5,28133.0,28082.25,28125.75,2739,28103.0,28133.0,28082.25,28125.75,2732,0.5,0.0,0.0,0.0,0.5
2026-07-30 09:56:00,28126.75,28137.75,28101.75,28108.0,2374,28126.75,28137.75,28101.75,28108.0,2372,0.0,0.0,0.0,0.0,0.0
2026-07-30 09:57:00,28108.25,28119.0,28091.0,28110.0,1682,28108.5,28119.0,28091.0,28110.0,1682,0.25,0.0,0.0,0.0,0.25
2026-07-30 09:58:00,28110.75,28123.25,28095.25,28123.0,1744,28110.75,28123.25,28095.25,28123.0,1742,0.0,0.0,0.0,0.0,0.0
2026-07-30 09:59:00,28122.5,28162.25,28115.5,28151.75,2850,28122.5,28162.25,28115.5,28151.75,2850,0.0,0.0,0.0,0.0,0.0
2026-07-30 10:00:00,28152.25,28157.5,28127.75,28156.5,2661,28150.5,28157.5,28127.75,28155.75,2661,1.75,0.0,0.0,0.75,1.75
2026-07-30 10:01:00,28155.5,28168.75,28152.0,28167.5,3501,28155.5,28168.75,28152.0,28168.0,3497,0.0,0.0,0.0,0.5,0.5
2026-07-30 10:02:00,28167.75,28183.75,28151.25,28158.25,3164,28167.75,28183.75,28151.25,28158.5,3174,0.0,0.0,0.0,0.25,0.25
2026-07-30 10:03:00,28159.5,28173.5,28137.75,28167.75,2269,28159.75,28173.5,28137.75,28168.25,2261,0.25,0.0,0.0,0.5,0.5
2026-07-30 10:04:00,28168.5,28177.5,28159.0,28159.75,1654,28168.5,28177.5,28159.0,28160.25,1651,0.0,0.0,0.0,0.5,0.5
2026-07-30 10:05:00,28160.0,28166.0,28135.0,28146.75,2619,28159.75,28166.0,28135.0,28146.75,2621,0.25,0.0,0.0,0.0,0.25
2026-07-30 10:06:00,28145.25,28151.5,28119.25,28131.0,2813,28145.25,28151.5,28119.25,28131.0,2800,0.0,0.0,0.0,0.0,0.0
2026-07-30 10:07:00,28130.25,28139.0,28104.0,28106.0,2620,28130.75,28139.0,28104.0,28106.0,2617,0.5,0.0,0.0,0.0,0.5
2026-07-30 10:08:00,28106.0,28111.5,28078.75,28089.5,2954,28106.0,28111.5,28078.75,28089.0,2950,0.0,0.0,0.0,0.5,0.5
2026-07-30 10:09:00,28088.5,28096.0,28073.25,28088.5,2486,28088.75,28096.0,28073.25,28086.25,2463,0.25,0.0,0.0,2.25,2.25
2026-07-30 10:10:00,28086.75,28107.75,28066.75,28083.75,2622,28085.75,28107.75,28066.75,28083.75,2611,1.0,0.0,0.0,0.0,1.0
2026-07-30 10:11:00,28082.5,28107.75,28068.5,28104.75,1943,28082.75,28107.75,28068.5,28104.75,1946,0.25,0.0,0.0,0.0,0.25
2026-07-30 10:12:00,28104.5,28116.75,28092.75,28112.5,2389,28105.5,28116.75,28092.75,28112.5,2383,1.0,0.0,0.0,0.0,1.0
2026-07-30 10:13:00,28112.5,28116.0,28083.75,28089.5,1832,28113.0,28116.0,28083.75,28089.5,1817,0.5,0.0,0.0,0.0,0.5
2026-07-30 10:14:00,28090.25,28113.75,28083.5,28107.5,1618,28090.25,28113.75,28083.5,28107.5,1625,0.0,0.0,0.0,0.0,0.0
2026-07-30 10:15:00,28107.25,28131.0,28099.5,28112.0,1924,28107.25,28131.0,28099.5,28112.0,1931,0.0,0.0,0.0,0.0,0.0
2026-07-30 10:16:00,28112.75,28131.25,28097.0,28129.0,1604,28112.25,28131.25,28097.0,28129.25,1595,0.5,0.0,0.0,0.25,0.5
2026-07-30 10:17:00,28129.5,28140.0,28116.0,28116.5,2056,28128.75,28140.0,28116.0,28117.25,2056,0.75,0.0,0.0,0.75,0.75
2026-07-30 10:18:00,28117.25,28119.5,28080.25,28110.0,2270,28117.5,28119.5,28080.25,28107.5,2275,0.25,0.0,0.0,2.5,2.5
2026-07-30 10:19:00,28107.25,28125.0,28092.5,28113.0,1945,28106.75,28125.0,28092.5,28113.25,1935,0.5,0.0,0.0,0.25,0.5
2026-07-30 10:20:00,28114.0,28126.5,28103.0,28125.0,1449,28113.75,28126.5,28103.0,28125.0,1447,0.25,0.0,0.0,0.0,0.25
2026-07-30 10:21:00,28126.75,28166.25,28125.25,28155.25,2356,28125.25,28166.25,28125.25,28154.5,2352,1.5,0.0,0.0,0.75,1.5
2026-07-30 10:22:00,28154.5,28162.25,28136.0,28156.0,1536,28154.25,28162.25,28136.0,28156.0,1528,0.25,0.0,0.0,0.0,0.25
2026-07-30 10:23:00,28156.0,28173.75,28155.25,28160.75,1544,28156.0,28173.75,28155.25,28160.75,1544,0.0,0.0,0.0,0.0,0.0
2026-07-30 10:24:00,28159.75,28174.0,28149.75,28163.5,2152,28160.25,28174.0,28149.75,28163.5,2152,0.5,0.0,0.0,0.0,0.5
2026-07-30 10:25:00,28164.0,28175.25,28160.0,28172.75,1651,28164.0,28175.25,28160.0,28172.0,1652,0.0,0.0,0.0,0.75,0.75
2026-07-30 10:26:00,28173.5,28178.0,28149.75,28170.25,1764,28172.5,28178.0,28149.75,28172.5,1772,1.0,0.0,0.0,2.25,2.25
2026-07-30 10:27:00,28170.75,28213.75,28169.5,28210.75,3741,28170.75,28213.75,28169.5,28210.0,3736,0.0,0.0,0.0,0.75,0.75
2026-07-30 10:28:00,28209.75,28240.0,28209.25,28223.5,2517,28209.75,28240.0,28209.25,28223.5,2513,0.0,0.0,0.0,0.0,0.0
2026-07-30 10:29:00,28223.5,28231.0,28218.25,28226.25,1468,28223.5,28231.0,28218.25,28226.0,1467,0.0,0.0,0.0,0.25,0.25
2026-07-30 10:30:00,28226.5,28227.0,28188.5,28220.0,2431,28226.5,28227.0,28188.5,28219.5,2429,0.0,0.0,0.0,0.5,0.5
2026-07-30 10:31:00,28219.0,28246.5,28207.0,28234.5,1905,28219.0,28246.5,28207.0,28234.0,1913,0.0,0.0,0.0,0.5,0.5
2026-07-30 10:32:00,28233.75,28241.25,28217.75,28239.25,1627,28234.25,28241.25,28217.75,28239.25,1618,0.5,0.0,0.0,0.0,0.5
2026-07-30 10:33:00,28238.5,28242.75,28224.5,28237.25,1464,28239.0,28242.75,28224.5,28237.5,1466,0.5,0.0,0.0,0.25,0.5
2026-07-30 10:34:00,28237.25,28239.5,28216.0,28235.0,1669,28237.25,28239.5,28216.0,28234.5,1677,0.0,0.0,0.0,0.5,0.5
2026-07-30 10:35:00,28233.0,28237.75,28204.75,28207.75,1829,28234.75,28237.75,28204.75,28207.75,1827,1.75,0.0,0.0,0.0,1.75
2026-07-30 10:36:00,28206.75,28241.0,28202.5,28236.25,1642,28207.5,28241.0,28202.5,28235.75,1634,0.75,0.0,0.0,0.5,0.75
2026-07-30 10:37:00,28234.75,28244.5,28227.5,28238.25,1539,28235.5,28244.5,28227.5,28237.75,1543,0.75,0.0,0.0,0.5,0.75
2026-07-30 10:38:00,28237.0,28237.5,28212.5,28213.25,1337,28237.25,28237.5,28212.5,28213.25,1333,0.25,0.0,0.0,0.0,0.25
2026-07-30 10:39:00,28214.5,28221.75,28210.0,28219.75,1257,28214.5,28221.75,28210.0,28219.75,1256,0.0,0.0,0.0,0.0,0.0
2026-07-30 10:40:00,28220.25,28235.0,28212.75,28227.5,1225,28221.0,28235.0,28212.75,28227.75,1228,0.75,0.0,0.0,0.25,0.75
2026-07-30 10:41:00,28228.25,28241.0,28224.0,28230.75,869,28228.5,28241.0,28224.0,28231.0,866,0.25,0.0,0.0,0.25,0.25
2026-07-30 10:42:00,28231.25,28240.0,28205.25,28207.0,1079,28230.75,28240.0,28205.25,28207.0,1077,0.5,0.0,0.0,0.0,0.5
2026-07-30 10:43:00,28206.25,28207.75,28183.0,28184.5,1573,28206.0,28207.75,28183.0,28184.25,1574,0.25,0.0,0.0,0.25,0.25
2026-07-30 10:44:00,28184.5,28185.75,28160.25,28174.0,2234,28184.0,28185.75,28160.25,28175.5,2237,0.5,0.0,0.0,1.5,1.5
2026-07-30 10:45:00,28176.0,28189.5,28158.0,28187.25,1782,28175.5,28189.5,28158.0,28188.25,1767,0.5,0.0,0.0,1.0,1.0
2026-07-30 10:46:00,28187.25,28196.0,28154.25,28161.25,1657,28187.25,28196.0,28154.25,28161.25,1657,0.0,0.0,0.0,0.0,0.0
2026-07-30 10:47:00,28160.75,28173.0,28151.0,28160.5,1508,28160.25,28173.0,28151.0,28160.5,1505,0.5,0.0,0.0,0.0,0.5
2026-07-30 10:48:00,28158.5,28160.5,28130.5,28159.25,2189,28160.0,28160.5,28130.5,28159.25,2189,1.5,0.0,0.0,0.0,1.5
2026-07-30 10:49:00,28159.5,28175.0,28142.0,28165.75,1785,28159.25,28175.0,28142.0,28166.0,1784,0.25,0.0,0.0,0.25,0.25
2026-07-30 10:50:00,28165.75,28176.25,28140.25,28141.0,1608,28166.25,28176.25,28140.25,28141.75,1612,0.5,0.0,0.0,0.75,0.75
2026-07-30 10:51:00,28143.5,28156.75,28112.75,28122.75,1942,28142.5,28156.75,28112.75,28123.0,1934,1.0,0.0,0.0,0.25,1.0
2026-07-30 10:52:00,28123.5,28129.0,28103.25,28104.5,1340,28123.25,28129.0,28103.25,28104.75,1340,0.25,0.0,0.0,0.25,0.25
2026-07-30 10:53:00,28105.75,28110.75,28085.75,28092.0,1603,28105.0,28110.75,28085.75,28091.25,1605,0.75,0.0,0.0,0.75,0.75
2026-07-30 10:54:00,28090.75,28093.25,28063.0,28068.5,2024,28090.75,28093.25,28063.0,28068.5,2021,0.0,0.0,0.0,0.0,0.0
2026-07-30 10:55:00,28068.75,28071.5,28042.25,28054.25,2027,28068.75,28071.5,28042.25,28054.25,2023,0.0,0.0,0.0,0.0,0.0
2026-07-30 10:56:00,28054.5,28061.0,28024.0,28034.0,2072,28054.5,28061.0,28024.0,28035.25,2076,0.0,0.0,0.0,1.25,1.25
2026-07-30 10:57:00,28036.0,28062.0,28022.5,28057.0,1891,28035.75,28062.0,28022.5,28057.0,1888,0.25,0.0,0.0,0.0,0.25
2026-07-30 10:58:00,28056.75,28073.75,28044.75,28073.75,2006,28056.5,28074.5,28044.75,28074.5,2008,0.25,0.75,0.0,0.75,0.75
2026-07-30 10:59:00,28073.75,28094.75,28065.5,28069.5,2206,28074.0,28094.75,28065.5,28070.75,2202,0.25,0.0,0.0,1.25,1.25
2026-07-30 11:00:00,28071.5,28077.5,28013.5,28026.75,2522,28071.5,28077.5,28013.5,28027.0,2522,0.0,0.0,0.0,0.25,0.25
2026-07-30 11:01:00,28026.5,28039.75,28012.75,28021.0,1978,28026.5,28039.75,28012.75,28021.0,1976,0.0,0.0,0.0,0.0,0.0
2026-07-30 11:02:00,28020.25,28068.75,28016.0,28068.75,2886,28020.25,28068.75,28016.0,28068.75,2891,0.0,0.0,0.0,0.0,0.0
2026-07-30 11:03:00,28068.0,28106.75,28067.5,28103.5,2415,28068.0,28106.75,28067.5,28103.5,2410,0.0,0.0,0.0,0.0,0.0
2026-07-30 11:04:00,28103.5,28113.5,28079.75,28104.25,1578,28103.25,28113.5,28079.75,28104.25,1578,0.25,0.0,0.0,0.0,0.25
2026-07-30 11:05:00,28104.5,28122.0,28097.25,28113.5,1477,28105.0,28122.0,28097.25,28113.5,1477,0.5,0.0,0.0,0.0,0.5
2026-07-30 11:06:00,28115.25,28123.25,28088.0,28095.5,1736,28114.75,28123.25,28088.0,28094.5,1739,0.5,0.0,0.0,1.0,1.0
2026-07-30 11:07:00,28095.25,28100.75,28064.5,28072.5,1479,28094.5,28100.75,28064.5,28072.25,1477,0.75,0.0,0.0,0.25,0.75
2026-07-30 11:08:00,28071.25,28099.0,28054.75,28098.0,1359,28072.0,28099.0,28054.75,28098.0,1374,0.75,0.0,0.0,0.0,0.75
2026-07-30 11:09:00,28097.25,28137.75,28094.0,28134.0,1821,28097.25,28137.75,28094.0,28134.0,1808,0.0,0.0,0.0,0.0,0.0
2026-07-30 11:10:00,28134.25,28136.5,28070.0,28078.75,1435,28134.25,28136.5,28070.0,28079.75,1442,0.0,0.0,0.0,1.0,1.0
2026-07-30 11:11:00,28079.25,28083.75,28036.75,28046.0,2158,28079.25,28083.75,28036.75,28045.25,2153,0.0,0.0,0.0,0.75,0.75
2026-07-30 11:12:00,28044.5,28064.25,28035.5,28061.0,1220,28044.75,28064.25,28035.5,28061.0,1215,0.25,0.0,0.0,0.0,0.25
2026-07-30 11:13:00,28060.5,28061.25,28020.25,28033.0,1376,28060.5,28061.25,28020.25,28033.0,1381,0.0,0.0,0.0,0.0,0.0
2026-07-30 11:14:00,28032.5,28046.75,28019.0,28024.0,938,28032.5,28046.75,28019.0,28023.75,934,0.0,0.0,0.0,0.25,0.25
2026-07-30 11:15:00,28023.75,28061.0,28006.25,28061.0,1801,28024.5,28061.25,28006.25,28061.0,1800,0.75,0.25,0.0,0.0,0.75
2026-07-30 11:16:00,28060.0,28076.25,28050.5,28053.5,1629,28060.0,28076.25,28050.5,28054.5,1630,0.0,0.0,0.0,1.0,1.0
2026-07-30 11:17:00,28054.25,28068.5,28023.0,28029.75,2081,28055.0,28068.5,28023.0,28029.25,2081,0.75,0.0,0.0,0.5,0.75
2026-07-30 11:18:00,28029.25,28049.0,28022.25,28044.75,1049,28029.5,28049.0,28022.25,28044.75,1048,0.25,0.0,0.0,0.0,0.25
2026-07-30 11:19:00,28045.0,28056.25,28037.5,28046.5,1093,28045.0,28056.25,28037.5,28047.0,1094,0.0,0.0,0.0,0.5,0.5
2026-07-30 11:20:00,28047.0,28060.5,28038.0,28054.75,1312,28047.0,28060.5,28038.0,28056.0,1316,0.0,0.0,0.0,1.25,1.25
2026-07-30 11:21:00,28055.5,28099.5,28054.0,28077.5,1705,28054.25,28099.5,28054.0,28077.5,1700,1.25,0.0,0.0,0.0,1.25
2026-07-30 11:22:00,28077.25,28088.0,28062.25,28075.25,978,28077.0,28088.0,28062.25,28075.25,979,0.25,0.0,0.0,0.0,0.25
2026-07-30 11:23:00,28072.0,28077.0,28031.5,28058.0,1294,28075.25,28077.0,28031.5,28058.0,1293,3.25,0.0,0.0,0.0,3.25
2026-07-30 11:24:00,28056.75,28062.75,28036.0,28050.5,798,28057.25,28062.75,28036.0,28050.5,798,0.5,0.0,0.0,0.0,0.5
2026-07-30 11:25:00,28048.25,28078.75,28030.0,28037.75,1152,28050.5,28078.75,28030.0,28037.5,1155,2.25,0.0,0.0,0.25,2.25
2026-07-30 11:26:00,28037.0,28042.75,27996.25,28041.0,2049,28037.0,28042.75,27996.25,28041.5,2047,0.0,0.0,0.0,0.5,0.5
2026-07-30 11:27:00,28040.0,28052.0,28017.25,28020.0,1073,28039.75,28052.0,28017.25,28019.5,1077,0.25,0.0,0.0,0.5,0.5
2026-07-30 11:28:00,28018.75,28025.5,28005.0,28021.5,1115,28019.25,28025.5,28005.0,28021.75,1111,0.5,0.0,0.0,0.25,0.5
2026-07-30 11:29:00,28024.25,28033.0,28007.5,28009.75,1058,28021.5,28033.0,28007.5,28010.5,1058,2.75,0.0,0.0,0.75,2.75
2026-07-30 11:30:00,28010.5,28023.0,28001.0,28007.75,1323,28010.5,28023.0,28001.0,28007.25,1324,0.0,0.0,0.0,0.5,0.5
2026-07-30 11:31:00,28008.75,28042.25,28005.75,28032.75,1127,28007.5,28042.25,28005.75,28032.75,1125,1.25,0.0,0.0,0.0,1.25
2026-07-30 11:32:00,28030.5,28055.0,28030.5,28038.5,1148,28030.75,28055.0,28030.5,28038.5,1148,0.25,0.0,0.0,0.0,0.25
2026-07-30 11:33:00,28037.25,28051.0,28028.25,28050.75,1037,28037.25,28051.0,28028.25,28050.25,1045,0.0,0.0,0.0,0.5,0.5
2026-07-30 11:34:00,28049.75,28073.5,28030.0,28072.0,1377,28048.75,28073.5,28030.0,28072.0,1369,1.0,0.0,0.0,0.0,1.0
2026-07-30 11:35:00,28073.25,28089.25,28057.0,28059.0,1482,28074.0,28089.25,28057.0,28059.75,1472,0.75,0.0,0.0,0.75,0.75
2026-07-30 11:36:00,28060.0,28087.75,28058.0,28087.75,890,28059.75,28087.75,28058.0,28087.75,891,0.25,0.0,0.0,0.0,0.25
2026-07-30 11:37:00,28085.75,28088.0,28041.5,28043.75,1157,28085.75,28088.0,28041.5,28043.75,1135,0.0,0.0,0.0,0.0,0.0
2026-07-30 11:38:00,28043.25,28055.75,28036.5,28048.75,1049,28043.5,28055.75,28036.5,28048.75,1049,0.25,0.0,0.0,0.0,0.25
2026-07-30 11:39:00,28050.5,28073.25,28043.25,28071.0,834,28049.75,28073.25,28043.25,28071.0,834,0.75,0.0,0.0,0.0,0.75
2026-07-30 11:40:00,28073.0,28086.25,28059.0,28075.0,1154,28072.0,28086.25,28059.0,28075.0,1154,1.0,0.0,0.0,0.0,1.0
2026-07-30 11:41:00,28075.25,28084.0,28062.75,28077.0,888,28075.25,28084.0,28062.75,28078.75,892,0.0,0.0,0.0,1.75,1.75
2026-07-30 11:42:00,28078.0,28080.25,28055.0,28076.5,1061,28078.25,28080.25,28055.0,28076.25,1059,0.25,0.0,0.0,0.25,0.25
2026-07-30 11:43:00,28076.25,28089.75,28066.0,28088.25,1232,28076.0,28089.75,28066.0,28088.75,1234,0.25,0.0,0.0,0.5,0.5
2026-07-30 11:44:00,28087.25,28108.5,28086.5,28089.5,1398,28087.75,28108.5,28086.5,28089.5,1394,0.5,0.0,0.0,0.0,0.5
2026-07-30 11:45:00,28090.25,28113.25,28090.0,28108.75,897,28090.0,28113.25,28090.0,28108.75,902,0.25,0.0,0.0,0.0,0.25
2026-07-30 11:46:00,28108.0,28133.75,28106.25,28123.75,1273,28108.75,28133.75,28106.25,28123.75,1267,0.75,0.0,0.0,0.0,0.75
2026-07-30 11:47:00,28123.5,28131.5,28120.5,28121.75,632,28123.75,28131.5,28120.5,28121.75,632,0.25,0.0,0.0,0.0,0.25
2026-07-30 11:48:00,28122.5,28123.5,28100.0,28107.0,1060,28122.5,28123.5,28100.0,28106.5,1062,0.0,0.0,0.0,0.5,0.5
2026-07-30 11:49:00,28105.5,28117.0,28090.0,28113.0,1177,28106.25,28117.0,28090.0,28113.0,1175,0.75,0.0,0.0,0.0,0.75
2026-07-30 11:50:00,28114.25,28122.25,28087.25,28089.5,1147,28113.5,28122.25,28087.25,28089.5,1147,0.75,0.0,0.0,0.0,0.75
2026-07-30 11:51:00,28089.75,28106.5,28076.5,28106.5,1333,28089.75,28106.5,28076.5,28106.5,1333,0.0,0.0,0.0,0.0,0.0
2026-07-30 11:52:00,28105.75,28105.75,28049.25,28067.75,1464,28105.75,28105.75,28049.25,28067.75,1462,0.0,0.0,0.0,0.0,0.0
2026-07-30 11:53:00,28068.25,28096.5,28063.25,28087.25,1510,28068.0,28096.5,28063.25,28087.25,1509,0.25,0.0,0.0,0.0,0.25
2026-07-30 11:54:00,28087.75,28111.25,28077.75,28107.75,746,28087.75,28111.25,28077.75,28107.75,746,0.0,0.0,0.0,0.0,0.0
2026-07-30 11:55:00,28109.25,28130.25,28108.5,28122.5,946,28108.5,28130.25,28108.5,28122.5,946,0.75,0.0,0.0,0.0,0.75
2026-07-30 11:56:00,28123.25,28131.25,28114.75,28117.0,730,28122.75,28131.25,28114.75,28117.0,731,0.5,0.0,0.0,0.0,0.5
2026-07-30 11:57:00,28116.25,28120.25,28105.25,28112.25,909,28117.25,28120.25,28105.25,28112.25,908,1.0,0.0,0.0,0.0,1.0
2026-07-30 11:58:00,28115.0,28115.25,28088.25,28094.0,1005,28112.0,28115.25,28088.25,28093.75,1008,3.0,0.0,0.0,0.25,3.0
2026-07-30 11:59:00,28091.5,28094.5,28072.0,28079.5,851,28094.5,28094.5,28072.0,28079.5,849,3.0,0.0,0.0,0.0,3.0
2026-07-30 12:00:00,28078.25,28081.75,28059.0,28070.0,1478,28078.75,28081.75,28059.0,28070.0,1477,0.5,0.0,0.0,0.0,0.5
2026-07-30 12:01:00,28070.0,28096.0,28061.25,28095.25,1842,28070.0,28096.0,28061.25,28095.25,1842,0.0,0.0,0.0,0.0,0.0
2026-07-30 12:02:00,28095.75,28115.0,28083.75,28114.75,1621,28095.5,28115.0,28083.75,28114.75,1621,0.25,0.0,0.0,0.0,0.25
2026-07-30 12:03:00,28115.25,28126.75,28113.25,28120.5,924,28116.0,28126.75,28113.25,28120.5,924,0.75,0.0,0.0,0.0,0.75
2026-07-30 12:04:00,28121.0,28159.0,28119.25,28150.25,2201,28120.5,28159.0,28119.25,28150.25,2201,0.5,0.0,0.0,0.0,0.5
2026-07-30 12:05:00,28150.0,28165.75,28148.75,28153.25,947,28150.0,28165.75,28148.75,28153.25,947,0.0,0.0,0.0,0.0,0.0
2026-07-30 12:06:00,28152.5,28161.25,28140.5,28142.25,699,28152.5,28161.25,28140.5,28142.0,709,0.0,0.0,0.0,0.25,0.25
2026-07-30 12:07:00,28142.75,28149.25,28135.75,28148.25,644,28143.5,28149.25,28135.75,28148.25,634,0.75,0.0,0.0,0.0,0.75
2026-07-30 12:08:00,28148.25,28153.25,28138.0,28152.5,643,28148.75,28153.25,28138.0,28151.5,644,0.5,0.0,0.0,1.0,1.0
2026-07-30 12:09:00,28151.0,28154.25,28136.25,28145.75,661,28151.0,28154.25,28136.25,28145.75,660,0.0,0.0,0.0,0.0,0.0
2026-07-30 12:10:00,28144.5,28161.75,28141.25,28153.5,779,28144.5,28161.75,28141.25,28153.75,780,0.0,0.0,0.0,0.25,0.25
2026-07-30 12:11:00,28154.0,28172.0,28148.25,28169.75,938,28153.0,28172.0,28148.25,28169.75,937,1.0,0.0,0.0,0.0,1.0
2026-07-30 12:12:00,28170.25,28182.25,28165.0,28181.5,752,28170.25,28182.25,28165.0,28181.75,755,0.0,0.0,0.0,0.25,0.25
2026-07-30 12:13:00,28181.5,28190.0,28180.0,28188.0,1026,28182.0,28190.0,28180.0,28188.0,1023,0.5,0.0,0.0,0.0,0.5
2026-07-30 12:14:00,28188.75,28189.75,28174.75,28186.0,954,28187.0,28189.75,28174.75,28186.0,954,1.75,0.0,0.0,0.0,1.75
2026-07-30 12:15:00,28185.5,28191.0,28181.0,28182.0,757,28185.25,28191.0,28181.0,28182.75,759,0.25,0.0,0.0,0.75,0.75
2026-07-30 12:16:00,28182.75,28191.25,28178.25,28189.25,722,28183.0,28191.25,28178.25,28189.0,722,0.25,0.0,0.0,0.25,0.25
2026-07-30 12:17:00,28189.25,28190.0,28175.75,28189.25,993,28189.25,28190.0,28175.75,28189.25,997,0.0,0.0,0.0,0.0,0.0
2026-07-30 12:18:00,28190.25,28192.75,28171.5,28186.25,905,28189.0,28192.75,28171.5,28186.75,900,1.25,0.0,0.0,0.5,1.25
2026-07-30 12:19:00,28187.0,28191.5,28168.5,28171.5,736,28187.25,28191.5,28168.5,28171.5,737,0.25,0.0,0.0,0.0,0.25
2026-07-30 12:20:00,28171.75,28184.25,28165.5,28178.75,932,28171.75,28184.25,28165.5,28178.75,930,0.0,0.0,0.0,0.0,0.0
2026-07-30 12:21:00,28178.25,28182.0,28170.0,28182.0,586,28178.25,28182.0,28170.0,28181.25,592,0.0,0.0,0.0,0.75,0.75
2026-07-30 12:22:00,28181.25,28186.25,28163.0,28168.0,791,28181.0,28186.25,28163.0,28168.0,785,0.25,0.0,0.0,0.0,0.25
2026-07-30 12:23:00,28167.0,28168.5,28147.5,28163.25,1006,28168.5,28168.5,28147.5,28163.5,1007,1.5,0.0,0.0,0.25,1.5
2026-07-30 12:24:00,28162.75,28169.75,28150.75,28156.75,704,28162.75,28169.75,28150.75,28156.75,703,0.0,0.0,0.0,0.0,0.0
2026-07-30 12:25:00,28156.25,28157.0,28145.25,28150.25,692,28156.25,28157.0,28145.25,28149.75,693,0.0,0.0,0.0,0.5,0.5
2026-07-30 12:26:00,28151.25,28156.0,28144.0,28151.5,505,28149.25,28156.0,28144.0,28151.5,504,2.0,0.0,0.0,0.0,2.0
2026-07-30 12:27:00,28149.5,28162.25,28147.75,28162.0,651,28150.75,28162.25,28147.75,28162.0,651,1.25,0.0,0.0,0.0,1.25
2026-07-30 12:28:00,28160.5,28163.5,28144.75,28151.0,513,28160.75,28163.5,28144.75,28150.5,514,0.25,0.0,0.0,0.5,0.5
2026-07-30 12:29:00,28150.25,28152.75,28140.5,28144.5,561,28149.75,28152.75,28140.5,28143.75,570,0.5,0.0,0.0,0.75,0.75
2026-07-30 12:30:00,28144.25,28150.5,28123.75,28126.25,922,28143.5,28150.5,28123.75,28126.25,912,0.75,0.0,0.0,0.0,0.75
2026-07-30 12:31:00,28125.75,28130.0,28113.75,28128.5,805,28125.75,28130.0,28113.75,28127.75,809,0.0,0.0,0.0,0.75,0.75
2026-07-30 12:32:00,28128.0,28134.5,28115.0,28130.0,724,28128.0,28134.5,28115.0,28130.25,721,0.0,0.0,0.0,0.25,0.25
2026-07-30 12:33:00,28129.75,28132.25,28119.25,28123.0,612,28129.5,28132.25,28119.25,28123.0,611,0.25,0.0,0.0,0.0,0.25
2026-07-30 12:34:00,28124.25,28126.75,28111.75,28119.75,711,28123.25,28126.75,28111.75,28119.75,714,1.0,0.0,0.0,0.0,1.0
2026-07-30 12:35:00,28120.0,28141.5,28116.5,28124.0,914,28120.0,28141.5,28116.5,28122.75,913,0.0,0.0,0.0,1.25,1.25
2026-07-30 12:36:00,28124.5,28136.5,28122.75,28130.75,630,28123.5,28136.5,28122.75,28130.5,633,1.0,0.0,0.0,0.25,1.0
2026-07-30 12:37:00,28128.75,28132.0,28119.25,28123.25,618,28130.75,28132.0,28119.25,28123.0,617,2.0,0.0,0.0,0.25,2.0
2026-07-30 12:38:00,28120.5,28127.25,28113.75,28120.5,591,28122.75,28127.25,28113.75,28120.5,588,2.25,0.0,0.0,0.0,2.25
2026-07-30 12:39:00,28119.5,28127.75,28115.5,28117.25,453,28120.75,28127.75,28115.5,28117.5,453,1.25,0.0,0.0,0.25,1.25
2026-07-30 12:40:00,28118.0,28118.25,28082.0,28086.25,1308,28118.0,28118.25,28082.0,28086.25,1307,0.0,0.0,0.0,0.0,0.0
2026-07-30 12:41:00,28086.75,28090.5,28072.0,28079.75,1137,28085.75,28090.5,28072.0,28079.75,1136,1.0,0.0,0.0,0.0,1.0
2026-07-30 12:42:00,28082.0,28085.25,28063.0,28067.75,1141,28079.5,28085.25,28063.0,28067.75,1140,2.5,0.0,0.0,0.0,2.5
2026-07-30 12:43:00,28067.0,28080.75,28054.5,28062.75,1130,28067.0,28080.75,28054.5,28062.75,1130,0.0,0.0,0.0,0.0,0.0
2026-07-30 12:44:00,28062.75,28070.0,28058.5,28068.75,701,28063.25,28070.0,28058.5,28068.75,702,0.5,0.0,0.0,0.0,0.5
2026-07-30 12:45:00,28068.25,28098.0,28066.25,28093.0,1900,28068.25,28098.0,28066.25,28093.0,1899,0.0,0.0,0.0,0.0,0.0
2026-07-30 12:46:00,28092.25,28107.75,28092.0,28098.0,1086,28092.25,28107.75,28092.0,28097.75,1087,0.0,0.0,0.0,0.25,0.25
2026-07-30 12:47:00,28098.25,28105.25,28089.75,28092.0,641,28098.25,28105.25,28089.75,28092.0,641,0.0,0.0,0.0,0.0,0.0
2026-07-30 12:48:00,28091.75,28098.75,28084.75,28086.5,575,28092.25,28098.75,28084.75,28086.5,574,0.5,0.0,0.0,0.0,0.5
2026-07-30 12:49:00,28086.0,28101.75,28085.5,28098.0,563,28086.0,28101.75,28085.5,28098.0,563,0.0,0.0,0.0,0.0,0.0
2026-07-30 12:50:00,28102.25,28106.0,28078.25,28084.0,738,28099.25,28106.0,28078.25,28083.75,741,3.0,0.0,0.0,0.25,3.0
2026-07-30 12:51:00,28084.0,28122.5,28083.25,28120.75,936,28083.75,28122.5,28083.25,28120.5,936,0.25,0.0,0.0,0.25,0.25
2026-07-30 12:52:00,28121.25,28136.5,28119.75,28132.25,1104,28120.75,28136.5,28119.75,28133.0,1110,0.5,0.0,0.0,0.75,0.75
2026-07-30 12:53:00,28132.25,28133.5,28110.0,28113.75,953,28132.5,28133.5,28110.0,28113.75,944,0.25,0.0,0.0,0.0,0.25
2026-07-30 12:54:00,28113.5,28120.0,28109.5,28113.25,466,28113.5,28120.0,28109.5,28113.25,466,0.0,0.0,0.0,0.0,0.0
2026-07-30 12:55:00,28113.5,28131.0,28110.0,28129.0,740,28113.5,28131.0,28110.0,28129.0,740,0.0,0.0,0.0,0.0,0.0
2026-07-30 12:56:00,28128.5,28135.75,28124.25,28127.5,544,28128.5,28135.75,28124.25,28127.5,544,0.0,0.0,0.0,0.0,0.0
2026-07-30 12:57:00,28130.0,28132.5,28122.0,28123.0,487,28127.5,28132.5,28122.0,28123.0,487,2.5,0.0,0.0,0.0,2.5
2026-07-30 12:58:00,28122.5,28128.75,28114.0,28128.0,536,28122.75,28128.75,28114.0,28128.0,537,0.25,0.0,0.0,0.0,0.25
2026-07-30 12:59:00,28128.25,28131.0,28123.5,28126.75,494,28128.0,28131.0,28123.5,28126.75,493,0.25,0.0,0.0,0.0,0.25
2026-07-30 13:00:00,28127.5,28170.5,28126.0,28159.25,2016,28127.0,28170.5,28126.0,28159.25,2015,0.5,0.0,0.0,0.0,0.5
2026-07-30 13:01:00,28159.0,28172.0,28153.0,28171.25,846,28159.0,28172.0,28153.0,28171.0,848,0.0,0.0,0.0,0.25,0.25
2026-07-30 13:02:00,28172.0,28174.0,28148.0,28152.0,1024,28170.75,28174.0,28148.0,28151.75,1024,1.25,0.0,0.0,0.25,1.25
2026-07-30 13:03:00,28152.0,28162.0,28150.25,28151.25,734,28151.5,28162.0,28150.25,28151.5,738,0.5,0.0,0.0,0.25,0.5
2026-07-30 13:04:00,28152.5,28168.25,28152.25,28166.75,437,28152.5,28168.25,28152.25,28166.75,430,0.0,0.0,0.0,0.0,0.0
2026-07-30 13:05:00,28167.5,28172.0,28162.0,28167.75,470,28167.75,28172.0,28162.0,28167.75,470,0.25,0.0,0.0,0.0,0.25
2026-07-30 13:06:00,28167.5,28183.75,28166.5,28173.25,1189,28167.5,28183.75,28166.5,28173.25,1189,0.0,0.0,0.0,0.0,0.0
2026-07-30 13:07:00,28174.5,28174.5,28160.0,28166.75,580,28174.5,28174.5,28160.0,28166.75,580,0.0,0.0,0.0,0.0,0.0
2026-07-30 13:08:00,28165.0,28176.25,28162.5,28175.75,398,28167.0,28176.25,28162.5,28175.25,400,2.0,0.0,0.0,0.5,2.0
2026-07-30 13:09:00,28172.75,28173.25,28160.0,28168.25,601,28173.25,28173.25,28160.0,28168.25,599,0.5,0.0,0.0,0.0,0.5
2026-07-30 13:10:00,28168.75,28182.75,28161.0,28168.75,682,28168.75,28182.75,28161.0,28168.75,687,0.0,0.0,0.0,0.0,0.0
2026-07-30 13:11:00,28170.75,28176.75,28157.75,28173.25,533,28168.25,28176.75,28157.75,28173.25,528,2.5,0.0,0.0,0.0,2.5
2026-07-30 13:12:00,28174.75,28176.5,28153.25,28159.5,988,28174.5,28176.5,28153.25,28158.25,989,0.25,0.0,0.0,1.25,1.25
2026-07-30 13:13:00,28158.25,28163.0,28154.5,28159.0,359,28159.0,28163.0,28154.5,28159.0,358,0.75,0.0,0.0,0.0,0.75
2026-07-30 13:14:00,28160.0,28162.25,28155.0,28159.75,326,28160.0,28162.25,28155.0,28159.25,328,0.0,0.0,0.0,0.5,0.5
2026-07-30 13:15:00,28159.25,28168.0,28156.25,28159.25,495,28158.25,28168.0,28156.25,28159.25,493,1.0,0.0,0.0,0.0,1.0
2026-07-30 13:16:00,28159.5,28183.5,28159.0,28179.25,624,28159.5,28183.5,28159.0,28179.5,625,0.0,0.0,0.0,0.25,0.25
2026-07-30 13:17:00,28180.0,28189.0,28180.0,28184.25,636,28180.0,28189.0,28180.0,28184.25,637,0.0,0.0,0.0,0.0,0.0
2026-07-30 13:18:00,28183.75,28191.5,28176.25,28181.5,703,28183.75,28191.5,28176.25,28181.5,701,0.0,0.0,0.0,0.0,0.0
2026-07-30 13:19:00,28181.0,28207.25,28179.0,28203.75,1054,28181.5,28207.25,28179.0,28203.0,1065,0.5,0.0,0.0,0.75,0.75
2026-07-30 13:20:00,28202.0,28205.0,28193.75,28202.5,707,28202.75,28205.0,28193.75,28202.5,695,0.75,0.0,0.0,0.0,0.75
2026-07-30 13:21:00,28202.0,28207.75,28193.0,28199.5,639,28202.5,28207.75,28193.0,28199.5,639,0.5,0.0,0.0,0.0,0.5
2026-07-30 13:22:00,28199.75,28199.75,28178.5,28180.5,630,28199.5,28199.75,28178.5,28180.25,632,0.25,0.0,0.0,0.25,0.25
2026-07-30 13:23:00,28180.25,28193.0,28178.75,28191.25,443,28180.5,28193.0,28178.75,28191.25,441,0.25,0.0,0.0,0.0,0.25
2026-07-30 13:24:00,28190.25,28191.25,28182.5,28189.75,351,28191.0,28191.25,28182.5,28189.75,351,0.75,0.0,0.0,0.0,0.75
2026-07-30 13:25:00,28188.75,28191.0,28178.0,28182.75,458,28188.75,28191.0,28178.0,28182.75,458,0.0,0.0,0.0,0.0,0.0
2026-07-30 13:26:00,28183.5,28184.25,28174.25,28182.0,419,28183.25,28184.25,28174.25,28182.0,419,0.25,0.0,0.0,0.0,0.25
2026-07-30 13:27:00,28182.0,28190.5,28181.0,28182.0,381,28182.0,28190.5,28181.0,28181.75,385,0.0,0.0,0.0,0.25,0.25
2026-07-30 13:28:00,28180.75,28183.75,28164.25,28175.0,756,28182.25,28183.75,28164.25,28175.0,753,1.5,0.0,0.0,0.0,1.5
2026-07-30 13:29:00,28174.25,28177.25,28165.25,28169.0,460,28174.25,28177.25,28165.25,28169.0,458,0.0,0.0,0.0,0.0,0.0
2026-07-30 13:30:00,28170.0,28184.0,28167.0,28176.5,922,28169.5,28184.0,28167.0,28177.25,921,0.5,0.0,0.0,0.75,0.75
2026-07-30 13:31:00,28177.25,28180.5,28170.25,28177.0,488,28176.0,28180.5,28170.25,28177.0,486,1.25,0.0,0.0,0.0,1.25
2026-07-30 13:32:00,28176.0,28182.25,28171.5,28172.0,357,28176.0,28182.25,28171.5,28173.25,358,0.0,0.0,0.0,1.25,1.25
2026-07-30 13:33:00,28173.75,28177.25,28159.0,28164.75,558,28173.0,28177.25,28159.0,28166.0,558,0.75,0.0,0.0,1.25,1.25
2026-07-30 13:34:00,28166.0,28167.75,28153.25,28162.5,491,28166.0,28167.75,28153.25,28163.75,489,0.0,0.0,0.0,1.25,1.25
2026-07-30 13:35:00,28163.25,28176.75,28160.5,28176.75,506,28163.25,28176.75,28160.5,28176.0,508,0.0,0.0,0.0,0.75,0.75
2026-07-30 13:36:00,28174.5,28180.25,28168.0,28179.0,544,28175.75,28180.25,28168.0,28179.0,538,1.25,0.0,0.0,0.0,1.25
2026-07-30 13:37:00,28178.75,28180.75,28155.0,28159.0,709,28178.75,28180.75,28155.0,28159.0,709,0.0,0.0,0.0,0.0,0.0
2026-07-30 13:38:00,28158.75,28160.0,28139.5,28153.25,1247,28159.25,28160.0,28139.5,28153.25,1242,0.5,0.0,0.0,0.0,0.5
2026-07-30 13:39:00,28154.0,28154.5,28142.25,28147.25,613,28153.5,28154.5,28142.25,28147.5,615,0.5,0.0,0.0,0.25,0.5
2026-07-30 13:40:00,28147.25,28164.75,28147.0,28157.75,572,28147.5,28164.75,28147.0,28157.75,575,0.25,0.0,0.0,0.0,0.25
2026-07-30 13:41:00,28158.25,28170.25,28157.5,28170.25,554,28158.25,28170.25,28157.5,28170.25,552,0.0,0.0,0.0,0.0,0.0
2026-07-30 13:42:00,28170.0,28185.0,28167.5,28172.75,826,28169.75,28185.0,28167.5,28173.5,828,0.25,0.0,0.0,0.75,0.75
2026-07-30 13:43:00,28173.25,28197.75,28173.0,28186.25,1088,28173.25,28197.75,28173.0,28186.0,1091,0.0,0.0,0.0,0.25,0.25
2026-07-30 13:44:00,28185.5,28191.5,28181.5,28187.25,520,28185.75,28191.5,28181.5,28188.25,517,0.25,0.0,0.0,1.0,1.0
2026-07-30 13:45:00,28189.25,28193.5,28184.25,28187.0,511,28188.5,28193.5,28184.25,28187.75,509,0.75,0.0,0.0,0.75,0.75
2026-07-30 13:46:00,28186.5,28201.25,28184.75,28197.75,544,28186.5,28201.25,28184.75,28196.5,565,0.0,0.0,0.0,1.25,1.25
2026-07-30 13:47:00,28196.75,28200.75,28192.0,28196.0,480,28196.75,28200.75,28192.0,28195.75,457,0.0,0.0,0.0,0.25,0.25
2026-07-30 13:48:00,28195.0,28201.5,28193.25,28198.75,368,28195.25,28201.5,28193.25,28199.25,373,0.25,0.0,0.0,0.5,0.5
2026-07-30 13:49:00,28199.5,28199.5,28183.5,28184.0,441,28198.75,28199.5,28183.5,28183.5,443,0.75,0.0,0.0,0.5,0.75
2026-07-30 13:50:00,28183.5,28193.5,28180.25,28193.25,565,28183.25,28193.5,28180.25,28193.25,565,0.25,0.0,0.0,0.0,0.25
2026-07-30 13:51:00,28192.75,28208.5,28191.25,28200.0,773,28192.75,28208.5,28191.25,28200.0,765,0.0,0.0,0.0,0.0,0.0
2026-07-30 13:52:00,28201.0,28201.75,28175.75,28186.75,1293,28200.5,28201.75,28175.75,28186.5,1294,0.5,0.0,0.0,0.25,0.5
2026-07-30 13:53:00,28186.5,28188.25,28174.0,28175.0,552,28186.75,28188.25,28174.0,28175.0,551,0.25,0.0,0.0,0.0,0.25
2026-07-30 13:54:00,28174.75,28184.5,28174.25,28175.75,367,28175.0,28184.5,28174.25,28175.75,367,0.25,0.0,0.0,0.0,0.25
2026-07-30 13:55:00,28176.0,28180.0,28165.5,28179.0,540,28176.0,28180.0,28165.5,28179.0,545,0.0,0.0,0.0,0.0,0.0
2026-07-30 13:56:00,28179.25,28184.5,28173.25,28180.0,435,28179.0,28184.5,28173.25,28180.0,433,0.25,0.0,0.0,0.0,0.25
2026-07-30 13:57:00,28180.0,28188.5,28177.0,28185.0,326,28180.0,28188.5,28177.0,28185.0,324,0.0,0.0,0.0,0.0,0.0
2026-07-30 13:58:00,28185.0,28186.5,28172.25,28178.0,337,28185.0,28186.5,28172.25,28177.75,337,0.0,0.0,0.0,0.25,0.25
2026-07-30 13:59:00,28177.75,28186.25,28174.25,28177.75,322,28177.75,28186.25,28174.25,28177.5,322,0.0,0.0,0.0,0.25,0.25
2026-07-30 14:00:00,28177.75,28196.0,28177.5,28191.0,627,28177.5,28196.0,28177.5,28191.0,626,0.25,0.0,0.0,0.0,0.25
2026-07-30 14:01:00,28192.0,28202.25,28191.5,28198.25,419,28192.0,28202.25,28191.5,28198.5,420,0.0,0.0,0.0,0.25,0.25
2026-07-30 14:02:00,28198.0,28198.25,28189.25,28193.5,336,28198.25,28198.25,28189.25,28193.25,336,0.25,0.0,0.0,0.25,0.25
2026-07-30 14:03:00,28193.5,28196.0,28179.75,28182.5,410,28193.25,28196.0,28179.75,28182.5,410,0.25,0.0,0.0,0.0,0.25
2026-07-30 14:04:00,28182.5,28184.75,28168.5,28169.75,349,28182.5,28184.75,28168.5,28169.75,348,0.0,0.0,0.0,0.0,0.0
2026-07-30 14:05:00,28169.0,28186.0,28167.0,28180.0,539,28169.25,28186.0,28167.0,28180.0,538,0.25,0.0,0.0,0.0,0.25
2026-07-30 14:06:00,28178.75,28194.25,28178.75,28194.25,360,28178.75,28194.25,28178.75,28194.0,361,0.0,0.0,0.0,0.25,0.25
2026-07-30 14:07:00,28194.0,28194.5,28185.5,28185.5,350,28193.25,28194.5,28185.5,28185.5,349,0.75,0.0,0.0,0.0,0.75
2026-07-30 14:08:00,28185.75,28192.75,28177.25,28192.75,525,28185.75,28192.75,28177.25,28192.75,525,0.0,0.0,0.0,0.0,0.0
2026-07-30 14:09:00,28192.5,28196.5,28188.0,28192.0,458,28192.75,28196.5,28188.0,28192.25,460,0.25,0.0,0.0,0.25,0.25
2026-07-30 14:10:00,28192.25,28195.75,28183.5,28190.25,412,28191.25,28195.75,28183.5,28191.25,412,1.0,0.0,0.0,1.0,1.0
2026-07-30 14:11:00,28191.25,28196.5,28185.0,28196.5,351,28190.5,28196.5,28185.0,28196.5,350,0.75,0.0,0.0,0.0,0.75
2026-07-30 14:12:00,28195.25,28196.25,28182.75,28195.0,444,28196.25,28196.25,28182.75,28195.0,443,1.0,0.0,0.0,0.0,1.0
2026-07-30 14:13:00,28194.5,28196.0,28186.5,28194.75,339,28194.5,28196.0,28186.5,28195.25,341,0.0,0.0,0.0,0.5,0.5
2026-07-30 14:14:00,28195.0,28205.0,28193.0,28200.25,788,28195.0,28205.0,28193.0,28200.5,788,0.0,0.0,0.0,0.25,0.25
2026-07-30 14:15:00,28200.5,28203.75,28182.0,28187.0,824,28200.5,28203.75,28182.0,28186.75,823,0.0,0.0,0.0,0.25,0.25
2026-07-30 14:16:00,28187.5,28191.5,28181.0,28183.25,440,28186.5,28191.5,28181.0,28183.25,439,1.0,0.0,0.0,0.0,1.0
2026-07-30 14:17:00,28182.75,28183.0,28171.0,28177.5,594,28182.75,28183.0,28171.0,28177.5,594,0.0,0.0,0.0,0.0,0.0
2026-07-30 14:18:00,28177.75,28185.25,28175.0,28176.25,421,28177.75,28185.25,28175.0,28176.5,423,0.0,0.0,0.0,0.25,0.25
2026-07-30 14:19:00,28177.0,28177.0,28162.25,28167.5,527,28176.5,28176.75,28162.25,28167.5,525,0.5,0.25,0.0,0.0,0.5
2026-07-30 14:20:00,28167.75,28176.25,28162.25,28172.25,492,28167.75,28176.25,28162.25,28172.25,492,0.0,0.0,0.0,0.0,0.0
2026-07-30 14:21:00,28172.5,28185.0,28170.5,28183.25,452,28172.5,28185.0,28170.5,28183.25,452,0.0,0.0,0.0,0.0,0.0
2026-07-30 14:22:00,28182.5,28190.75,28177.0,28190.75,635,28182.5,28190.75,28177.0,28189.5,638,0.0,0.0,0.0,1.25,1.25
2026-07-30 14:23:00,28190.25,28192.75,28181.75,28185.5,514,28189.5,28192.75,28181.75,28185.5,511,0.75,0.0,0.0,0.0,0.75
2026-07-30 14:24:00,28185.25,28190.5,28183.0,28184.75,267,28185.25,28190.5,28183.0,28184.75,266,0.0,0.0,0.0,0.0,0.0
2026-07-30 14:25:00,28185.0,28189.25,28180.25,28180.75,358,28185.0,28189.25,28180.25,28180.75,358,0.0,0.0,0.0,0.0,0.0
2026-07-30 14:26:00,28180.25,28185.0,28174.5,28182.25,329,28180.25,28185.0,28174.5,28182.75,332,0.0,0.0,0.0,0.5,0.5
2026-07-30 14:27:00,28183.25,28191.25,28180.0,28181.25,369,28183.25,28191.25,28180.0,28181.25,366,0.0,0.0,0.0,0.0,0.0
2026-07-30 14:28:00,28180.5,28186.5,28173.5,28182.25,318,28180.5,28186.5,28173.5,28182.75,320,0.0,0.0,0.0,0.5,0.5
2026-07-30 14:29:00,28183.0,28188.0,28178.75,28182.0,243,28183.0,28188.0,28178.75,28183.0,248,0.0,0.0,0.0,1.0,1.0
2026-07-30 14:30:00,28184.5,28198.75,28179.5,28197.5,556,28183.0,28198.75,28179.5,28197.5,550,1.5,0.0,0.0,0.0,1.5
2026-07-30 14:31:00,28196.75,28199.0,28175.5,28181.75,891,28197.0,28199.0,28175.5,28181.75,891,0.25,0.0,0.0,0.0,0.25
2026-07-30 14:32:00,28183.5,28184.25,28171.5,28177.75,395,28182.75,28184.25,28171.5,28177.75,394,0.75,0.0,0.0,0.0,0.75
2026-07-30 14:33:00,28178.0,28185.75,28177.5,28179.0,265,28178.0,28185.75,28177.5,28178.75,266,0.0,0.0,0.0,0.25,0.25
2026-07-30 14:34:00,28179.75,28180.25,28170.25,28174.75,475,28178.75,28180.25,28170.25,28174.75,474,1.0,0.0,0.0,0.0,1.0
2026-07-30 14:35:00,28173.0,28175.5,28164.75,28170.75,803,28174.5,28175.5,28164.75,28170.75,804,1.5,0.0,0.0,0.0,1.5
2026-07-30 14:36:00,28170.0,28172.5,28162.5,28166.5,368,28170.0,28172.5,28162.5,28166.5,367,0.0,0.0,0.0,0.0,0.0
2026-07-30 14:37:00,28167.5,28169.75,28158.0,28162.75,543,28168.0,28169.75,28158.0,28162.75,543,0.5,0.0,0.0,0.0,0.5
2026-07-30 14:38:00,28163.0,28176.0,28156.25,28157.75,616,28163.0,28176.0,28156.25,28158.25,619,0.0,0.0,0.0,0.5,0.5
2026-07-30 14:39:00,28157.75,28160.25,28148.5,28157.5,727,28157.75,28160.25,28148.5,28158.25,726,0.0,0.0,0.0,0.75,0.75
2026-07-30 14:40:00,28157.75,28171.5,28154.25,28170.0,513,28158.25,28171.5,28154.25,28170.0,511,0.5,0.0,0.0,0.0,0.5
2026-07-30 14:41:00,28169.25,28169.75,28153.75,28154.75,475,28169.5,28169.75,28153.75,28154.75,475,0.25,0.0,0.0,0.0,0.25
2026-07-30 14:42:00,28153.5,28166.0,28149.25,28153.25,502,28154.0,28166.0,28149.25,28153.25,502,0.5,0.0,0.0,0.0,0.5
2026-07-30 14:43:00,28153.75,28163.25,28152.75,28161.0,350,28153.5,28163.25,28152.75,28161.0,350,0.25,0.0,0.0,0.0,0.25
2026-07-30 14:44:00,28160.25,28171.25,28155.25,28167.5,395,28160.25,28171.25,28155.25,28167.5,395,0.0,0.0,0.0,0.0,0.0
2026-07-30 14:45:00,28167.0,28173.75,28165.5,28172.25,575,28167.0,28173.75,28165.5,28172.25,576,0.0,0.0,0.0,0.0,0.0
2026-07-30 14:46:00,28171.75,28186.0,28170.0,28183.25,649,28171.75,28186.0,28170.0,28183.25,648,0.0,0.0,0.0,0.0,0.0
2026-07-30 14:47:00,28183.5,28189.5,28181.25,28183.5,605,28183.0,28189.5,28181.25,28183.5,605,0.5,0.0,0.0,0.0,0.5
2026-07-30 14:48:00,28183.25,28187.25,28175.75,28176.75,564,28183.25,28187.25,28175.75,28176.5,565,0.0,0.0,0.0,0.25,0.25
2026-07-30 14:49:00,28177.25,28179.75,28173.0,28178.75,359,28176.25,28179.75,28173.0,28178.75,358,1.0,0.0,0.0,0.0,1.0
2026-07-30 14:50:00,28178.25,28186.0,28172.75,28174.0,563,28178.25,28186.0,28172.75,28174.0,563,0.0,0.0,0.0,0.0,0.0
2026-07-30 14:51:00,28174.75,28176.75,28164.25,28169.5,545,28173.5,28176.75,28164.25,28169.0,546,1.25,0.0,0.0,0.5,1.25
2026-07-30 14:52:00,28169.0,28177.75,28166.25,28169.25,351,28168.75,28177.75,28166.25,28169.25,351,0.25,0.0,0.0,0.0,0.25
2026-07-30 14:53:00,28168.75,28174.75,28164.25,28167.5,561,28168.5,28174.75,28164.25,28167.5,564,0.25,0.0,0.0,0.0,0.25
2026-07-30 14:54:00,28167.5,28172.75,28163.75,28164.75,257,28167.5,28172.75,28163.75,28164.0,255,0.0,0.0,0.0,0.75,0.75
2026-07-30 14:55:00,28164.25,28170.75,28162.25,28163.0,345,28164.25,28170.75,28162.25,28162.75,346,0.0,0.0,0.0,0.25,0.25
2026-07-30 14:56:00,28162.0,28168.5,28154.75,28167.75,581,28162.25,28168.5,28154.75,28167.75,580,0.25,0.0,0.0,0.0,0.25
2026-07-30 14:57:00,28168.25,28172.5,28160.5,28165.75,312,28168.25,28172.5,28160.5,28165.75,310,0.0,0.0,0.0,0.0,0.0
2026-07-30 14:58:00,28168.0,28172.25,28162.75,28169.5,346,28166.25,28172.25,28162.75,28169.5,349,1.75,0.0,0.0,0.0,1.75
2026-07-30 14:59:00,28169.75,28186.25,28169.0,28181.0,872,28169.75,28186.25,28169.0,28180.75,871,0.0,0.0,0.0,0.25,0.25
2026-07-30 15:00:00,28181.75,28195.75,28179.75,28195.0,1881,28181.0,28195.75,28179.75,28195.25,1898,0.75,0.0,0.0,0.25,0.75
2026-07-30 15:01:00,28195.5,28200.25,28190.5,28194.5,962,28195.5,28200.25,28190.5,28194.5,944,0.0,0.0,0.0,0.0,0.0
2026-07-30 15:02:00,28195.75,28211.5,28194.0,28201.5,1204,28194.75,28211.5,28194.0,28201.5,1203,1.0,0.0,0.0,0.0,1.0
2026-07-30 15:03:00,28200.75,28202.75,28192.5,28192.75,558,28201.0,28202.75,28192.5,28192.5,559,0.25,0.0,0.0,0.25,0.25
2026-07-30 15:04:00,28194.25,28202.0,28191.25,28198.75,659,28193.25,28202.0,28191.25,28198.75,658,1.0,0.0,0.0,0.0,1.0
2026-07-30 15:05:00,28199.25,28204.25,28194.75,28199.75,577,28199.25,28204.25,28194.75,28200.0,578,0.0,0.0,0.0,0.25,0.25
2026-07-30 15:06:00,28200.75,28219.75,28197.5,28219.5,945,28200.75,28219.75,28197.5,28219.75,948,0.0,0.0,0.0,0.25,0.25
2026-07-30 15:07:00,28219.25,28239.0,28219.25,28235.75,1515,28219.75,28239.0,28219.25,28235.5,1513,0.5,0.0,0.0,0.25,0.5
2026-07-30 15:08:00,28234.5,28243.5,28233.5,28242.75,1062,28235.0,28243.5,28233.5,28242.75,1059,0.5,0.0,0.0,0.0,0.5
2026-07-30 15:09:00,28243.0,28255.5,28242.25,28254.0,1346,28242.5,28255.5,28242.25,28253.75,1321,0.5,0.0,0.0,0.25,0.5
2026-07-30 15:10:00,28254.0,28280.75,28252.25,28276.75,2621,28254.0,28280.75,28252.25,28276.75,2618,0.0,0.0,0.0,0.0,0.0
2026-07-30 15:11:00,28276.75,28285.5,28272.25,28273.0,1180,28276.75,28285.5,28272.25,28273.0,1180,0.0,0.0,0.0,0.0,0.0
2026-07-30 15:12:00,28273.75,28296.5,28273.0,28291.25,1816,28273.0,28296.5,28273.0,28291.0,1817,0.75,0.0,0.0,0.25,0.75
2026-07-30 15:13:00,28291.75,28293.5,28279.75,28282.25,1091,28291.5,28293.5,28279.75,28282.25,1073,0.25,0.0,0.0,0.0,0.25
2026-07-30 15:14:00,28282.75,28284.25,28273.5,28275.25,997,28282.5,28284.25,28273.5,28274.75,993,0.25,0.0,0.0,0.5,0.5
2026-07-30 15:15:00,28274.25,28281.25,28262.0,28265.25,1231,28274.25,28281.25,28262.0,28264.75,1230,0.0,0.0,0.0,0.5,0.5
2026-07-30 15:16:00,28265.25,28288.0,28263.75,28287.75,1070,28264.5,28288.0,28263.75,28287.25,1068,0.75,0.0,0.0,0.5,0.75
2026-07-30 15:17:00,28288.0,28292.5,28283.0,28285.5,809,28288.0,28292.5,28283.0,28285.75,785,0.0,0.0,0.0,0.25,0.25
2026-07-30 15:18:00,28286.5,28297.75,28283.75,28295.0,982,28285.75,28297.75,28283.75,28295.0,980,0.75,0.0,0.0,0.0,0.75
2026-07-30 15:19:00,28295.5,28295.75,28282.25,28285.75,760,28295.5,28295.75,28282.25,28285.75,759,0.0,0.0,0.0,0.0,0.0
2026-07-30 15:20:00,28286.5,28287.75,28275.5,28275.5,915,28286.25,28287.75,28275.5,28276.25,916,0.25,0.0,0.0,0.75,0.75
2026-07-30 15:21:00,28275.75,28279.75,28268.25,28269.0,824,28275.5,28279.75,28268.25,28269.0,823,0.25,0.0,0.0,0.0,0.25
2026-07-30 15:22:00,28268.0,28273.75,28257.25,28263.5,848,28268.25,28273.75,28257.25,28263.5,848,0.25,0.0,0.0,0.0,0.25
2026-07-30 15:23:00,28263.75,28271.0,28260.25,28270.25,764,28263.75,28271.0,28260.25,28270.5,769,0.0,0.0,0.0,0.25,0.25
2026-07-30 15:24:00,28270.5,28273.75,28263.5,28264.0,559,28270.75,28273.75,28263.5,28264.0,557,0.25,0.0,0.0,0.0,0.25
2026-07-30 15:25:00,28263.75,28271.0,28258.5,28260.5,795,28263.5,28271.0,28258.5,28260.5,800,0.25,0.0,0.0,0.0,0.25
2026-07-30 15:26:00,28260.5,28270.25,28254.75,28268.0,720,28260.5,28270.25,28254.75,28268.0,712,0.0,0.0,0.0,0.0,0.0
2026-07-30 15:27:00,28268.0,28270.0,28258.5,28264.0,486,28268.0,28270.0,28258.5,28263.0,487,0.0,0.0,0.0,1.0,1.0
2026-07-30 15:28:00,28262.75,28267.0,28255.25,28258.5,534,28263.25,28267.0,28255.25,28257.25,537,0.5,0.0,0.0,1.25,1.25
2026-07-30 15:29:00,28257.5,28258.5,28242.0,28244.5,1028,28257.5,28258.5,28242.0,28244.5,1024,0.0,0.0,0.0,0.0,0.0
2026-07-30 15:30:00,28243.0,28255.25,28240.0,28252.75,986,28243.75,28255.25,28240.0,28253.25,988,0.75,0.0,0.0,0.5,0.75
2026-07-30 15:31:00,28253.0,28254.5,28235.0,28248.0,913,28253.25,28254.5,28235.0,28248.0,911,0.25,0.0,0.0,0.0,0.25
2026-07-30 15:32:00,28246.5,28251.0,28236.0,28238.5,725,28247.5,28251.0,28236.0,28238.5,737,1.0,0.0,0.0,0.0,1.0
2026-07-30 15:33:00,28240.0,28249.0,28239.5,28248.25,737,28239.5,28249.0,28239.5,28247.75,727,0.5,0.0,0.0,0.5,0.5
2026-07-30 15:34:00,28248.5,28257.25,28238.5,28243.0,944,28248.5,28257.25,28238.5,28242.75,955,0.0,0.0,0.0,0.25,0.25
2026-07-30 15:35:00,28243.0,28245.5,28231.75,28232.5,764,28243.0,28245.5,28231.75,28232.75,752,0.0,0.0,0.0,0.25,0.25
2026-07-30 15:36:00,28231.5,28232.75,28219.75,28220.5,1040,28231.75,28232.75,28219.75,28220.5,1039,0.25,0.0,0.0,0.0,0.25
2026-07-30 15:37:00,28221.5,28237.25,28220.0,28229.5,798,28220.75,28237.25,28220.0,28229.25,800,0.75,0.0,0.0,0.25,0.75
2026-07-30 15:38:00,28229.0,28247.5,28228.25,28235.75,935,28228.75,28247.5,28228.25,28235.75,933,0.25,0.0,0.0,0.0,0.25
2026-07-30 15:39:00,28236.0,28243.75,28236.0,28238.5,543,28236.0,28243.75,28236.0,28238.5,543,0.0,0.0,0.0,0.0,0.0
2026-07-30 15:40:00,28238.75,28241.25,28227.75,28234.0,750,28238.75,28241.25,28227.75,28233.75,751,0.0,0.0,0.0,0.25,0.25
2026-07-30 15:41:00,28232.75,28240.0,28228.75,28233.5,620,28232.75,28240.0,28228.75,28233.5,619,0.0,0.0,0.0,0.0,0.0
2026-07-30 15:42:00,28232.75,28233.5,28221.75,28228.5,832,28233.0,28233.5,28221.75,28229.75,835,0.25,0.0,0.0,1.25,1.25
2026-07-30 15:43:00,28227.0,28241.75,28224.25,28236.25,708,28228.75,28241.75,28224.25,28236.25,705,1.75,0.0,0.0,0.0,1.75
2026-07-30 15:44:00,28236.25,28238.75,28231.5,28233.0,613,28235.25,28238.75,28231.5,28232.25,621,1.0,0.0,0.0,0.75,1.0
2026-07-30 15:45:00,28233.0,28244.75,28227.75,28239.75,1139,28232.75,28244.75,28227.75,28239.75,1131,0.25,0.0,0.0,0.0,0.25
2026-07-30 15:46:00,28238.75,28242.75,28232.25,28232.75,762,28238.75,28242.75,28232.25,28232.75,762,0.0,0.0,0.0,0.0,0.0
2026-07-30 15:47:00,28232.25,28240.5,28224.0,28235.75,854,28232.75,28240.5,28224.0,28234.5,861,0.5,0.0,0.0,1.25,1.25
2026-07-30 15:48:00,28233.25,28234.25,28221.5,28222.0,680,28233.5,28234.25,28221.5,28221.5,679,0.25,0.0,0.0,0.5,0.5
2026-07-30 15:49:00,28221.5,28236.5,28217.0,28236.0,1200,28221.75,28236.5,28217.0,28235.5,1211,0.25,0.0,0.0,0.5,0.5
2026-07-30 15:50:00,28236.0,28241.75,28218.5,28221.0,1738,28236.0,28241.75,28218.5,28221.0,1720,0.0,0.0,0.0,0.0,0.0
2026-07-30 15:51:00,28220.0,28227.5,28207.0,28220.25,1651,28220.5,28227.5,28207.0,28219.5,1654,0.5,0.0,0.0,0.75,0.75
2026-07-30 15:52:00,28219.75,28228.25,28213.75,28225.0,1245,28219.75,28228.25,28213.75,28225.0,1242,0.0,0.0,0.0,0.0,0.0
2026-07-30 15:53:00,28224.5,28233.25,28208.5,28210.0,1809,28224.5,28233.25,28208.5,28210.0,1828,0.0,0.0,0.0,0.0,0.0
2026-07-30 15:54:00,28209.75,28241.0,28207.75,28224.25,2229,28209.25,28241.0,28207.75,28223.25,2214,0.5,0.0,0.0,1.0,1.0
2026-07-30 15:55:00,28223.75,28225.75,28202.5,28214.5,2286,28223.75,28225.75,28202.5,28214.5,2281,0.0,0.0,0.0,0.0,0.0
2026-07-30 15:56:00,28214.0,28238.5,28211.5,28229.75,2359,28214.25,28238.5,28211.5,28228.5,2360,0.25,0.0,0.0,1.25,1.25
2026-07-30 15:57:00,28228.5,28235.5,28224.25,28234.25,1786,28229.0,28235.5,28224.25,28234.25,1784,0.5,0.0,0.0,0.0,0.5
2026-07-30 15:58:00,28234.75,28246.75,28230.25,28239.75,3365,28234.75,28246.75,28230.25,28240.0,3361,0.0,0.0,0.0,0.25,0.25
2026-07-30 15:59:00,28239.75,28262.5,28211.0,28230.25,12809,28240.0,28262.5,28211.0,28229.0,12823,0.25,0.0,0.0,1.25,1.25
2026-07-31 09:30:00,28576.0,28613.0,28542.5,28598.5,5631,28576.75,28613.0,28542.5,28598.75,5626,0.75,0.0,0.0,0.25,0.75
2026-07-31 09:31:00,28598.75,28633.0,28584.5,28626.25,3690,28598.25,28633.0,28584.5,28626.25,3687,0.5,0.0,0.0,0.0,0.5
2026-07-31 09:32:00,28625.75,28666.75,28624.75,28664.25,3978,28625.75,28666.75,28624.75,28663.5,3964,0.0,0.0,0.0,0.75,0.75
2026-07-31 09:33:00,28664.0,28695.5,28662.75,28687.25,3015,28664.0,28695.5,28662.75,28687.25,3014,0.0,0.0,0.0,0.0,0.0
2026-07-31 09:34:00,28687.75,28709.5,28681.0,28681.5,3201,28687.0,28709.5,28681.0,28682.25,3203,0.75,0.0,0.0,0.75,0.75
2026-07-31 09:35:00,28682.25,28725.75,28679.75,28709.25,2725,28681.25,28725.75,28679.75,28709.25,2723,1.0,0.0,0.0,0.0,1.0
2026-07-31 09:36:00,28708.75,28711.5,28671.75,28682.25,2947,28708.5,28711.5,28671.75,28681.5,2948,0.25,0.0,0.0,0.75,0.75
2026-07-31 09:37:00,28681.0,28686.0,28645.25,28659.5,2963,28679.75,28686.0,28645.25,28659.5,2962,1.25,0.0,0.0,0.0,1.25
2026-07-31 09:38:00,28660.25,28663.25,28584.0,28604.75,4372,28659.5,28663.25,28584.0,28605.5,4379,0.75,0.0,0.0,0.75,0.75
2026-07-31 09:39:00,28605.75,28610.75,28556.0,28561.0,3890,28604.75,28610.75,28556.0,28561.0,3883,1.0,0.0,0.0,0.0,1.0
2026-07-31 09:40:00,28562.5,28575.25,28516.5,28537.25,3547,28562.5,28575.25,28516.5,28537.25,3530,0.0,0.0,0.0,0.0,0.0
2026-07-31 09:41:00,28535.0,28578.25,28521.25,28526.25,2385,28536.0,28578.25,28521.25,28526.0,2386,1.0,0.0,0.0,0.25,1.0
2026-07-31 09:42:00,28524.5,28542.5,28474.5,28479.25,3022,28526.75,28542.5,28474.5,28479.25,3019,2.25,0.0,0.0,0.0,2.25
2026-07-31 09:43:00,28480.25,28504.75,28435.25,28470.5,3664,28479.25,28504.75,28435.25,28470.5,3664,1.0,0.0,0.0,0.0,1.0
2026-07-31 09:44:00,28469.5,28483.0,28415.75,28419.0,3279,28469.5,28483.0,28415.75,28419.0,3279,0.0,0.0,0.0,0.0,0.0
2026-07-31 09:45:00,28420.0,28472.75,28407.25,28433.75,3589,28420.0,28472.75,28407.25,28432.75,3588,0.0,0.0,0.0,1.0,1.0
2026-07-31 09:46:00,28431.0,28433.5,28383.5,28399.5,3470,28433.5,28433.5,28383.5,28399.5,3462,2.5,0.0,0.0,0.0,2.5
2026-07-31 09:47:00,28399.5,28419.25,28370.0,28380.75,2839,28399.75,28419.25,28370.0,28380.75,2833,0.25,0.0,0.0,0.0,0.25
2026-07-31 09:48:00,28380.25,28392.0,28329.75,28351.25,4475,28380.0,28392.0,28329.75,28350.5,4472,0.25,0.0,0.0,0.75,0.75
2026-07-31 09:49:00,28350.25,28368.75,28319.75,28360.5,3792,28350.5,28368.75,28319.75,28360.5,3779,0.25,0.0,0.0,0.0,0.25
2026-07-31 09:50:00,28360.0,28387.25,28318.0,28348.0,3457,28361.0,28387.25,28318.0,28348.0,3443,1.0,0.0,0.0,0.0,1.0
2026-07-31 09:51:00,28347.0,28393.25,28338.75,28390.75,2487,28347.0,28393.25,28338.75,28390.75,2487,0.0,0.0,0.0,0.0,0.0
2026-07-31 09:52:00,28393.5,28407.5,28338.0,28346.25,3206,28392.75,28407.5,28338.0,28346.25,3203,0.75,0.0,0.0,0.0,0.75
2026-07-31 09:53:00,28346.25,28346.5,28306.25,28323.75,3411,28346.0,28346.5,28306.25,28323.0,3414,0.25,0.0,0.0,0.75,0.75
2026-07-31 09:54:00,28323.25,28339.5,28295.5,28331.75,3062,28323.25,28339.5,28295.5,28333.0,2915,0.0,0.0,0.0,1.25,1.25
2026-07-31 09:55:00,28332.0,28365.0,28311.25,28361.75,3325,28333.25,28365.0,28311.25,28361.75,3325,1.25,0.0,0.0,0.0,1.25
2026-07-31 09:56:00,28359.75,28398.0,28352.5,28397.25,3416,28361.75,28398.0,28352.5,28397.25,3414,2.0,0.0,0.0,0.0,2.0
2026-07-31 09:57:00,28395.25,28414.5,28370.0,28374.0,2918,28396.25,28414.5,28370.0,28372.75,2919,1.0,0.0,0.0,1.25,1.25
2026-07-31 09:58:00,28372.75,28384.0,28338.5,28342.0,2003,28373.5,28384.0,28338.5,28341.75,2012,0.75,0.0,0.0,0.25,0.75
2026-07-31 09:59:00,28342.5,28381.0,28340.25,28360.5,1194,28342.5,28381.0,28340.25,28360.5,1180,0.0,0.0,0.0,0.0,0.0
2026-07-31 10:00:00,28356.0,28393.0,28321.25,28343.0,2240,28356.75,28393.0,28321.25,28344.75,2241,0.75,0.0,0.0,1.75,1.75
2026-07-31 10:01:00,28343.25,28349.25,28286.25,28323.5,2398,28343.75,28349.25,28286.25,28323.5,2397,0.5,0.0,0.0,0.0,0.5
2026-07-31 10:02:00,28326.25,28339.25,28271.75,28288.0,2814,28326.25,28339.25,28271.75,28287.5,2815,0.0,0.0,0.0,0.5,0.5
2026-07-31 10:03:00,28287.5,28311.0,28264.25,28282.75,2229,28287.75,28311.0,28264.25,28282.75,2237,0.25,0.0,0.0,0.0,0.25
2026-07-31 10:04:00,28282.0,28288.25,28239.75,28241.75,3105,28282.5,28288.25,28239.75,28242.5,3097,0.5,0.0,0.0,0.75,0.75
2026-07-31 10:05:00,28242.75,28258.5,28222.0,28249.5,3190,28243.25,28258.5,28222.0,28250.5,3165,0.5,0.0,0.0,1.0,1.0
2026-07-31 10:06:00,28250.5,28272.0,28211.0,28212.25,2608,28250.75,28272.0,28211.0,28212.25,2607,0.25,0.0,0.0,0.0,0.25
2026-07-31 10:07:00,28212.0,28217.0,28159.5,28190.25,3741,28212.0,28217.0,28159.5,28190.25,3736,0.0,0.0,0.0,0.0,0.0
2026-07-31 10:08:00,28189.5,28195.25,28124.0,28149.25,3687,28189.75,28195.25,28124.0,28149.25,3684,0.25,0.0,0.0,0.0,0.25
2026-07-31 10:09:00,28149.25,28168.0,28122.75,28154.75,3011,28149.25,28168.0,28122.75,28152.75,3012,0.0,0.0,0.0,2.0,2.0
2026-07-31 10:10:00,28154.0,28174.5,28102.0,28128.0,3655,28154.0,28174.5,28102.0,28127.5,3654,0.0,0.0,0.0,0.5,0.5
2026-07-31 10:11:00,28129.0,28171.0,28122.0,28169.5,2924,28127.75,28171.0,28122.0,28169.75,2918,1.25,0.0,0.0,0.25,1.25
2026-07-31 10:12:00,28170.75,28192.0,28130.5,28140.75,3538,28170.0,28192.0,28130.5,28140.0,3537,0.75,0.0,0.0,0.75,0.75
2026-07-31 10:13:00,28141.25,28146.75,28108.5,28119.25,2683,28139.25,28146.75,28108.5,28119.5,2683,2.0,0.0,0.0,0.25,2.0
2026-07-31 10:14:00,28119.5,28150.5,28100.5,28137.5,2544,28119.75,28150.5,28100.5,28137.5,2541,0.25,0.0,0.0,0.0,0.25
2026-07-31 10:15:00,28136.5,28163.75,28110.25,28124.0,3254,28137.0,28163.75,28110.25,28124.0,3261,0.5,0.0,0.0,0.0,0.5
2026-07-31 10:16:00,28123.5,28127.25,28079.75,28111.5,3209,28124.5,28127.25,28079.75,28111.5,3201,1.0,0.0,0.0,0.0,1.0
2026-07-31 10:17:00,28117.5,28161.0,28112.75,28135.5,2529,28113.25,28161.0,28112.75,28135.75,2537,4.25,0.0,0.0,0.25,4.25
2026-07-31 10:18:00,28135.75,28196.0,28131.0,28193.75,2422,28135.0,28196.0,28131.0,28194.75,2418,0.75,0.0,0.0,1.0,1.0
2026-07-31 10:19:00,28194.0,28214.5,28175.0,28178.75,4009,28194.25,28214.5,28175.0,28177.5,4007,0.25,0.0,0.0,1.25,1.25
2026-07-31 10:20:00,28176.0,28236.25,28157.0,28224.75,2818,28177.0,28236.25,28157.0,28224.0,2816,1.0,0.0,0.0,0.75,1.0
2026-07-31 10:21:00,28224.0,28235.5,28176.0,28203.75,2676,28223.75,28235.5,28176.0,28203.75,2675,0.25,0.0,0.0,0.0,0.25
2026-07-31 10:22:00,28201.5,28248.0,28198.75,28237.5,2301,28201.5,28248.0,28198.75,28236.5,2307,0.0,0.0,0.0,1.0,1.0
2026-07-31 10:23:00,28236.25,28247.0,28205.75,28230.25,2319,28236.25,28247.0,28205.75,28230.25,2312,0.0,0.0,0.0,0.0,0.0
2026-07-31 10:24:00,28231.5,28232.75,28163.75,28196.0,2515,28230.5,28232.75,28163.75,28196.0,2514,1.0,0.0,0.0,0.0,1.0
2026-07-31 10:25:00,28195.25,28222.0,28178.25,28193.5,1904,28194.0,28222.0,28178.25,28195.25,1907,1.25,0.0,0.0,1.75,1.75
2026-07-31 10:26:00,28196.0,28209.25,28175.75,28193.75,1475,28195.25,28209.25,28175.75,28193.75,1471,0.75,0.0,0.0,0.0,0.75
2026-07-31 10:27:00,28195.0,28232.25,28162.5,28225.5,2698,28194.75,28232.25,28162.5,28225.5,2696,0.25,0.0,0.0,0.0,0.25
2026-07-31 10:28:00,28230.25,28254.75,28218.5,28251.5,1682,28228.25,28254.75,28218.5,28251.5,1701,2.0,0.0,0.0,0.0,2.0
2026-07-31 10:29:00,28251.75,28258.75,28221.5,28249.75,1789,28251.75,28258.75,28221.5,28249.75,1764,0.0,0.0,0.0,0.0,0.0
2026-07-31 10:30:00,28250.5,28266.0,28233.75,28254.75,1922,28249.5,28266.0,28233.75,28255.75,1921,1.0,0.0,0.0,1.0,1.0
2026-07-31 10:31:00,28255.5,28281.75,28247.0,28252.25,2158,28255.5,28281.75,28247.0,28251.25,2159,0.0,0.0,0.0,1.0,1.0
2026-07-31 10:32:00,28253.0,28257.0,28220.5,28256.25,1932,28252.0,28257.0,28220.5,28256.25,1929,1.0,0.0,0.0,0.0,1.0
2026-07-31 10:33:00,28256.25,28275.75,28228.0,28230.0,1785,28256.25,28275.75,28228.0,28230.0,1786,0.0,0.0,0.0,0.0,0.0
2026-07-31 10:34:00,28228.75,28248.25,28211.75,28238.0,1528,28228.75,28248.25,28211.75,28236.75,1533,0.0,0.0,0.0,1.25,1.25
2026-07-31 10:35:00,28238.5,28285.0,28234.75,28281.0,1837,28236.25,28285.0,28234.75,28281.0,1830,2.25,0.0,0.0,0.0,2.25
2026-07-31 10:36:00,28283.25,28288.75,28259.0,28276.75,1264,28281.25,28288.75,28259.0,28276.75,1272,2.0,0.0,0.0,0.0,2.0
2026-07-31 10:37:00,28277.0,28292.75,28267.5,28276.5,1370,28277.0,28292.75,28267.5,28276.5,1370,0.0,0.0,0.0,0.0,0.0
2026-07-31 10:38:00,28277.0,28290.75,28261.25,28261.75,1000,28275.25,28290.75,28261.25,28262.25,991,1.75,0.0,0.0,0.5,1.75
2026-07-31 10:39:00,28262.25,28284.75,28258.0,28270.5,975,28261.5,28284.75,28258.0,28270.0,977,0.75,0.0,0.0,0.5,0.75
2026-07-31 10:40:00,28269.5,28296.0,28268.5,28284.5,1443,28270.5,28296.0,28268.5,28286.0,1441,1.0,0.0,0.0,1.5,1.5
2026-07-31 10:41:00,28285.75,28291.5,28245.0,28249.0,1441,28285.75,28291.5,28245.0,28249.0,1440,0.0,0.0,0.0,0.0,0.0
2026-07-31 10:42:00,28249.0,28250.5,28211.75,28237.25,1952,28249.0,28250.5,28211.75,28237.25,1952,0.0,0.0,0.0,0.0,0.0
2026-07-31 10:43:00,28238.0,28262.75,28223.75,28259.25,1217,28238.0,28262.75,28223.75,28259.0,1220,0.0,0.0,0.0,0.25,0.25
2026-07-31 10:44:00,28266.75,28280.75,28254.5,28270.0,1132,28260.0,28280.75,28254.5,28268.75,1143,6.75,0.0,0.0,1.25,6.75
2026-07-31 10:45:00,28267.0,28279.25,28240.5,28250.5,2671,28268.25,28279.25,28240.5,28250.5,2657,1.25,0.0,0.0,0.0,1.25
2026-07-31 10:46:00,28250.0,28305.75,28237.0,28274.75,2412,28250.5,28305.75,28237.0,28274.75,2412,0.5,0.0,0.0,0.0,0.5
2026-07-31 10:47:00,28273.0,28284.75,28251.0,28279.0,1426,28273.25,28284.75,28251.0,28279.25,1427,0.25,0.0,0.0,0.25,0.25
2026-07-31 10:48:00,28280.75,28317.5,28271.75,28317.5,1394,28280.25,28317.5,28271.75,28317.0,1418,0.5,0.0,0.0,0.5,0.5
2026-07-31 10:49:00,28316.5,28338.75,28305.75,28334.25,1924,28316.5,28338.75,28305.75,28332.5,1909,0.0,0.0,0.0,1.75,1.75
2026-07-31 10:50:00,28332.75,28342.75,28318.0,28327.0,1972,28333.5,28342.75,28318.0,28327.0,1960,0.75,0.0,0.0,0.0,0.75
2026-07-31 10:51:00,28326.5,28345.5,28322.5,28339.5,1103,28327.0,28345.5,28322.5,28339.0,1104,0.5,0.0,0.0,0.5,0.5
2026-07-31 10:52:00,28335.25,28342.5,28322.5,28333.25,1162,28339.75,28342.5,28322.5,28332.25,1162,4.5,0.0,0.0,1.0,4.5
2026-07-31 10:53:00,28332.25,28345.5,28324.0,28338.0,1104,28332.0,28345.5,28324.0,28338.0,1103,0.25,0.0,0.0,0.0,0.25
2026-07-31 10:54:00,28337.25,28339.25,28289.75,28298.5,1522,28337.0,28339.25,28289.75,28298.25,1525,0.25,0.0,0.0,0.25,0.25
2026-07-31 10:55:00,28298.75,28307.25,28263.25,28276.5,1637,28298.75,28307.25,28263.25,28276.5,1636,0.0,0.0,0.0,0.0,0.0
2026-07-31 10:56:00,28275.5,28322.0,28255.25,28313.25,1558,28275.5,28322.0,28255.25,28313.25,1552,0.0,0.0,0.0,0.0,0.0
2026-07-31 10:57:00,28313.25,28333.75,28304.5,28308.5,1396,28312.75,28333.75,28304.5,28310.25,1398,0.5,0.0,0.0,1.75,1.75
2026-07-31 10:58:00,28310.25,28321.5,28285.25,28321.25,1736,28310.0,28321.5,28285.25,28321.5,1739,0.25,0.0,0.0,0.25,0.25
2026-07-31 10:59:00,28322.0,28323.25,28299.5,28307.75,1643,28321.25,28323.25,28299.5,28307.5,1639,0.75,0.0,0.0,0.25,0.75
2026-07-31 11:00:00,28309.5,28326.25,28282.5,28284.75,1354,28308.75,28326.25,28282.5,28285.75,1357,0.75,0.0,0.0,1.0,1.0
2026-07-31 11:01:00,28287.0,28307.25,28280.25,28290.5,1241,28286.25,28307.25,28280.25,28290.5,1237,0.75,0.0,0.0,0.0,0.75
2026-07-31 11:02:00,28291.0,28314.25,28286.0,28303.25,1113,28291.0,28314.25,28286.0,28303.25,1113,0.0,0.0,0.0,0.0,0.0
2026-07-31 11:03:00,28299.5,28312.5,28273.75,28288.25,1021,28302.75,28312.5,28273.75,28288.25,1029,3.25,0.0,0.0,0.0,3.25
2026-07-31 11:04:00,28288.5,28328.0,28285.25,28321.0,1268,28289.25,28328.0,28285.25,28321.75,1261,0.75,0.0,0.0,0.75,0.75
2026-07-31 11:05:00,28321.5,28342.25,28299.25,28300.75,1551,28322.0,28342.25,28299.25,28300.75,1549,0.5,0.0,0.0,0.0,0.5
2026-07-31 11:06:00,28300.0,28324.75,28300.0,28305.75,991,28301.25,28324.75,28300.0,28305.75,985,1.25,0.0,0.0,0.0,1.25
2026-07-31 11:07:00,28304.0,28315.25,28288.5,28304.25,1097,28305.0,28315.25,28288.5,28304.25,1097,1.0,0.0,0.0,0.0,1.0
2026-07-31 11:08:00,28304.0,28307.5,28283.75,28289.0,921,28304.0,28307.5,28283.75,28289.0,922,0.0,0.0,0.0,0.0,0.0
2026-07-31 11:09:00,28289.25,28293.5,28256.75,28277.0,1655,28289.25,28293.5,28256.75,28277.0,1663,0.0,0.0,0.0,0.0,0.0
2026-07-31 11:10:00,28278.0,28285.75,28251.75,28267.0,1300,28277.0,28285.75,28251.75,28267.0,1286,1.0,0.0,0.0,0.0,1.0
2026-07-31 11:11:00,28267.5,28270.25,28224.0,28231.5,1694,28267.5,28270.25,28224.0,28231.5,1690,0.0,0.0,0.0,0.0,0.0
2026-07-31 11:12:00,28231.75,28270.25,28214.75,28265.75,1846,28231.75,28270.25,28214.75,28266.0,1850,0.0,0.0,0.0,0.25,0.25
2026-07-31 11:13:00,28268.25,28279.75,28245.75,28277.0,1182,28266.75,28279.75,28245.75,28275.75,1181,1.5,0.0,0.0,1.25,1.5
2026-07-31 11:14:00,28275.5,28299.75,28267.75,28268.25,1494,28275.5,28299.75,28267.75,28269.25,1504,0.0,0.0,0.0,1.0,1.0
2026-07-31 11:15:00,28269.25,28339.25,28266.75,28307.25,2381,28270.5,28339.25,28266.75,28307.0,2370,1.25,0.0,0.0,0.25,1.25
2026-07-31 11:16:00,28306.75,28309.75,28244.25,28259.25,1441,28306.0,28309.75,28244.25,28259.25,1439,0.75,0.0,0.0,0.0,0.75
2026-07-31 11:17:00,28260.5,28266.0,28239.75,28253.25,896,28260.5,28266.0,28239.75,28253.25,904,0.0,0.0,0.0,0.0,0.0
2026-07-31 11:18:00,28255.0,28263.0,28236.25,28258.5,932,28253.25,28263.0,28236.25,28258.5,921,1.75,0.0,0.0,0.0,1.75
2026-07-31 11:19:00,28258.25,28271.75,28251.5,28261.25,854,28258.75,28271.75,28251.5,28261.25,851,0.5,0.0,0.0,0.0,0.5
2026-07-31 11:20:00,28261.75,28270.5,28236.75,28245.25,1047,28260.5,28270.5,28236.75,28245.0,1048,1.25,0.0,0.0,0.25,1.25
2026-07-31 11:21:00,28246.0,28264.75,28220.5,28221.75,1126,28245.25,28264.75,28220.5,28222.25,1127,0.75,0.0,0.0,0.5,0.75
2026-07-31 11:22:00,28221.5,28236.5,28206.25,28214.0,1410,28222.75,28236.5,28206.25,28214.0,1408,1.25,0.0,0.0,0.0,1.25
2026-07-31 11:23:00,28214.75,28225.0,28201.75,28218.5,1069,28214.75,28225.0,28201.75,28218.25,1070,0.0,0.0,0.0,0.25,0.25
2026-07-31 11:24:00,28219.75,28221.5,28193.25,28195.25,1239,28218.5,28221.5,28193.25,28195.25,1239,1.25,0.0,0.0,0.0,1.25
2026-07-31 11:25:00,28195.25,28207.25,28173.5,28178.75,1981,28196.25,28207.25,28173.5,28178.5,1988,1.0,0.0,0.0,0.25,1.0
2026-07-31 11:26:00,28180.25,28187.25,28132.25,28141.25,2306,28178.25,28187.25,28132.25,28142.25,2295,2.0,0.0,0.0,1.0,2.0
2026-07-31 11:27:00,28142.25,28156.5,28131.0,28133.5,1602,28141.75,28156.5,28131.0,28134.0,1602,0.5,0.0,0.0,0.5,0.5
2026-07-31 11:28:00,28134.0,28158.0,28122.25,28154.75,1483,28134.0,28158.0,28122.25,28154.75,1478,0.0,0.0,0.0,0.0,0.0
2026-07-31 11:29:00,28154.75,28165.0,28135.0,28151.0,1459,28154.25,28165.0,28135.0,28151.25,1457,0.5,0.0,0.0,0.25,0.5
2026-07-31 11:30:00,28150.0,28167.5,28138.75,28154.25,1712,28152.0,28167.5,28138.75,28154.25,1708,2.0,0.0,0.0,0.0,2.0
2026-07-31 11:31:00,28155.0,28179.25,28148.75,28152.75,1731,28155.0,28179.25,28148.75,28150.5,1738,0.0,0.0,0.0,2.25,2.25
2026-07-31 11:32:00,28149.25,28160.5,28140.25,28158.25,1339,28150.75,28160.5,28140.25,28158.25,1330,1.5,0.0,0.0,0.0,1.5
2026-07-31 11:33:00,28155.5,28162.5,28138.5,28143.5,1330,28157.0,28162.5,28138.5,28143.5,1341,1.5,0.0,0.0,0.0,1.5
2026-07-31 11:34:00,28143.75,28175.75,28115.5,28175.0,2078,28143.0,28175.75,28115.5,28175.0,2067,0.75,0.0,0.0,0.0,0.75
2026-07-31 11:35:00,28175.25,28203.75,28171.75,28190.25,2161,28175.0,28203.75,28171.75,28190.25,2162,0.25,0.0,0.0,0.0,0.25
2026-07-31 11:36:00,28191.0,28213.75,28186.25,28195.25,1479,28190.75,28213.75,28186.25,28194.75,1484,0.25,0.0,0.0,0.5,0.5
2026-07-31 11:37:00,28194.5,28221.5,28194.25,28217.5,972,28194.5,28221.5,28194.25,28217.5,966,0.0,0.0,0.0,0.0,0.0
2026-07-31 11:38:00,28219.0,28261.0,28217.75,28248.75,1631,28218.5,28261.0,28217.75,28248.75,1631,0.5,0.0,0.0,0.0,0.5
2026-07-31 11:39:00,28248.25,28253.75,28229.75,28235.0,1197,28248.5,28253.75,28229.75,28234.75,1198,0.25,0.0,0.0,0.25,0.25
2026-07-31 11:40:00,28235.0,28249.0,28222.5,28229.75,1169,28235.25,28249.0,28222.5,28228.75,1179,0.25,0.0,0.0,1.0,1.0
2026-07-31 11:41:00,28230.25,28230.5,28171.25,28180.25,1870,28229.0,28230.5,28171.25,28180.25,1859,1.25,0.0,0.0,0.0,1.25
2026-07-31 11:42:00,28179.75,28192.5,28167.0,28181.0,1215,28179.75,28192.5,28167.0,28181.0,1215,0.0,0.0,0.0,0.0,0.0
2026-07-31 11:43:00,28180.5,28202.0,28164.0,28200.75,1253,28180.75,28202.0,28164.0,28200.75,1252,0.25,0.0,0.0,0.0,0.25
2026-07-31 11:44:00,28200.25,28217.0,28197.25,28215.0,940,28200.25,28217.0,28197.25,28215.0,940,0.0,0.0,0.0,0.0,0.0
2026-07-31 11:45:00,28215.25,28225.75,28190.0,28206.5,1154,28215.25,28225.75,28190.0,28204.5,1156,0.0,0.0,0.0,2.0,2.0
2026-07-31 11:46:00,28203.75,28221.0,28193.25,28193.75,1072,28204.75,28221.0,28193.25,28194.25,1073,1.0,0.0,0.0,0.5,1.0
2026-07-31 11:47:00,28195.75,28201.75,28164.0,28179.75,1396,28195.0,28201.75,28164.0,28179.0,1394,0.75,0.0,0.0,0.75,0.75
2026-07-31 11:48:00,28181.0,28201.0,28169.25,28198.75,857,28180.25,28201.0,28169.25,28198.75,856,0.75,0.0,0.0,0.0,0.75
2026-07-31 11:49:00,28199.25,28209.5,28181.75,28194.5,843,28199.25,28209.5,28181.75,28194.5,843,0.0,0.0,0.0,0.0,0.0
2026-07-31 11:50:00,28194.5,28237.0,28189.0,28232.25,1335,28194.5,28237.0,28189.0,28232.25,1335,0.0,0.0,0.0,0.0,0.0
2026-07-31 11:51:00,28233.75,28252.75,28226.0,28252.25,1236,28232.25,28252.75,28226.0,28252.25,1236,1.5,0.0,0.0,0.0,1.5
2026-07-31 11:52:00,28252.75,28270.5,28230.0,28263.5,1559,28251.5,28270.5,28230.0,28263.5,1558,1.25,0.0,0.0,0.0,1.25
2026-07-31 11:53:00,28263.5,28268.75,28242.0,28252.5,948,28263.5,28268.75,28242.0,28252.5,948,0.0,0.0,0.0,0.0,0.0
2026-07-31 11:54:00,28251.25,28288.0,28248.5,28280.5,1199,28253.75,28288.0,28248.5,28280.25,1200,2.5,0.0,0.0,0.25,2.5
2026-07-31 11:55:00,28278.25,28291.0,28261.25,28273.0,1401,28280.5,28291.0,28261.25,28270.5,1437,2.25,0.0,0.0,2.5,2.5
2026-07-31 11:56:00,28273.25,28283.75,28267.5,28277.0,986,28272.5,28283.75,28267.5,28278.0,950,0.75,0.0,0.0,1.0,1.0
2026-07-31 11:57:00,28278.75,28291.0,28276.5,28283.0,797,28278.25,28291.0,28276.5,28283.0,796,0.5,0.0,0.0,0.0,0.5
2026-07-31 11:58:00,28283.25,28295.0,28267.0,28267.25,1441,28282.25,28295.0,28267.0,28267.25,1442,1.0,0.0,0.0,0.0,1.0
2026-07-31 11:59:00,28269.25,28277.75,28251.25,28274.0,949,28268.75,28277.75,28251.25,28274.0,948,0.5,0.0,0.0,0.0,0.5
2026-07-31 12:00:00,28274.0,28295.0,28257.0,28292.0,1382,28274.0,28295.0,28257.0,28292.0,1382,0.0,0.0,0.0,0.0,0.0
2026-07-31 12:01:00,28293.25,28308.5,28286.75,28286.75,1575,28293.25,28308.5,28286.75,28287.25,1577,0.0,0.0,0.0,0.5,0.5
2026-07-31 12:02:00,28289.25,28298.0,28270.0,28280.0,975,28287.75,28298.0,28270.0,28280.0,973,1.5,0.0,0.0,0.0,1.5
2026-07-31 12:03:00,28282.25,28292.75,28276.5,28287.25,607,28281.5,28292.75,28276.5,28287.25,607,0.75,0.0,0.0,0.0,0.75
2026-07-31 12:04:00,28287.0,28307.75,28284.75,28290.0,1152,28287.25,28307.75,28284.75,28290.5,1163,0.25,0.0,0.0,0.5,0.5
2026-07-31 12:05:00,28290.25,28298.0,28272.25,28274.25,1013,28291.0,28298.0,28272.25,28274.25,1002,0.75,0.0,0.0,0.0,0.75
2026-07-31 12:06:00,28274.75,28281.5,28252.25,28265.0,1057,28274.5,28281.5,28252.25,28265.0,1057,0.25,0.0,0.0,0.0,0.25
2026-07-31 12:07:00,28265.0,28269.25,28243.75,28258.5,911,28265.0,28269.25,28243.75,28258.5,911,0.0,0.0,0.0,0.0,0.0
2026-07-31 12:08:00,28258.75,28277.25,28254.75,28277.25,554,28258.75,28277.25,28254.75,28276.0,557,0.0,0.0,0.0,1.25,1.25
2026-07-31 12:09:00,28278.0,28283.75,28271.0,28274.75,730,28275.5,28283.75,28271.0,28274.75,723,2.5,0.0,0.0,0.0,2.5
2026-07-31 12:10:00,28273.75,28288.0,28269.0,28279.0,710,28273.75,28288.0,28269.0,28279.25,713,0.0,0.0,0.0,0.25,0.25
2026-07-31 12:11:00,28279.5,28296.0,28272.0,28294.5,1082,28279.0,28296.0,28272.0,28295.0,1082,0.5,0.0,0.0,0.5,0.5
2026-07-31 12:12:00,28294.25,28304.75,28282.5,28288.25,863,28294.5,28304.75,28282.5,28288.75,861,0.25,0.0,0.0,0.5,0.5
2026-07-31 12:13:00,28290.5,28304.5,28280.0,28303.75,683,28289.75,28304.5,28280.0,28303.75,682,0.75,0.0,0.0,0.0,0.75
2026-07-31 12:14:00,28305.0,28308.25,28283.25,28300.25,793,28304.0,28308.25,28283.25,28300.5,797,1.0,0.0,0.0,0.25,1.0
2026-07-31 12:15:00,28300.5,28310.25,28262.25,28265.75,1258,28301.5,28310.25,28262.25,28265.75,1254,1.0,0.0,0.0,0.0,1.0
2026-07-31 12:16:00,28267.0,28284.5,28256.0,28281.0,884,28265.25,28284.5,28256.0,28281.25,887,1.75,0.0,0.0,0.25,1.75
2026-07-31 12:17:00,28279.5,28296.25,28273.75,28291.0,645,28281.5,28296.25,28273.75,28291.0,641,2.0,0.0,0.0,0.0,2.0
2026-07-31 12:18:00,28291.25,28300.0,28280.0,28297.0,599,28291.25,28300.0,28280.0,28297.25,600,0.0,0.0,0.0,0.25,0.25
2026-07-31 12:19:00,28299.25,28303.5,28285.75,28292.25,508,28298.0,28303.5,28285.75,28292.25,506,1.25,0.0,0.0,0.0,1.25
2026-07-31 12:20:00,28291.5,28309.0,28286.75,28309.0,625,28292.5,28309.25,28286.75,28309.25,626,1.0,0.25,0.0,0.25,1.0
2026-07-31 12:21:00,28309.75,28315.25,28293.25,28303.5,922,28309.25,28315.25,28293.25,28302.75,925,0.5,0.0,0.0,0.75,0.75
2026-07-31 12:22:00,28302.25,28319.25,28296.75,28310.25,896,28302.25,28319.25,28296.75,28310.25,895,0.0,0.0,0.0,0.0,0.0
2026-07-31 12:23:00,28311.5,28321.0,28309.5,28319.0,676,28310.0,28321.0,28309.5,28319.0,673,1.5,0.0,0.0,0.0,1.5
2026-07-31 12:24:00,28318.5,28342.5,28318.5,28331.75,1224,28318.5,28342.5,28318.5,28332.0,1226,0.0,0.0,0.0,0.25,0.25
2026-07-31 12:25:00,28332.75,28334.0,28305.75,28313.5,903,28332.75,28334.0,28305.75,28313.5,901,0.0,0.0,0.0,0.0,0.0
2026-07-31 12:26:00,28312.75,28327.5,28305.25,28325.5,788,28313.5,28327.5,28305.25,28325.5,788,0.75,0.0,0.0,0.0,0.75
2026-07-31 12:27:00,28325.5,28339.25,28322.75,28322.75,738,28325.5,28339.25,28322.75,28323.25,739,0.0,0.0,0.0,0.5,0.5
2026-07-31 12:28:00,28321.75,28346.5,28319.75,28343.75,793,28323.5,28346.5,28319.75,28343.75,792,1.75,0.0,0.0,0.0,1.75
2026-07-31 12:29:00,28344.75,28364.25,28343.5,28363.75,1324,28344.5,28364.25,28343.5,28363.75,1324,0.25,0.0,0.0,0.0,0.25
2026-07-31 12:30:00,28363.75,28381.5,28355.0,28355.5,1354,28363.75,28381.5,28355.0,28355.5,1354,0.0,0.0,0.0,0.0,0.0
2026-07-31 12:31:00,28356.25,28376.0,28352.5,28375.25,975,28356.25,28376.0,28352.5,28376.0,976,0.0,0.0,0.0,0.75,0.75
2026-07-31 12:32:00,28377.0,28383.75,28372.5,28377.75,767,28376.5,28383.75,28372.5,28377.75,767,0.5,0.0,0.0,0.0,0.5
2026-07-31 12:33:00,28378.5,28388.0,28370.0,28385.5,792,28378.5,28388.0,28370.0,28385.5,791,0.0,0.0,0.0,0.0,0.0
2026-07-31 12:34:00,28386.0,28387.0,28371.25,28376.75,639,28385.0,28387.0,28371.25,28376.75,639,1.0,0.0,0.0,0.0,1.0
2026-07-31 12:35:00,28375.5,28388.75,28372.75,28382.75,757,28375.75,28388.75,28372.75,28382.75,757,0.25,0.0,0.0,0.0,0.25
2026-07-31 12:36:00,28384.0,28384.25,28361.0,28362.25,775,28384.0,28384.25,28361.0,28362.25,775,0.0,0.0,0.0,0.0,0.0
2026-07-31 12:37:00,28360.75,28375.5,28360.25,28370.0,599,28362.25,28375.5,28360.25,28370.0,599,1.5,0.0,0.0,0.0,1.5
2026-07-31 12:38:00,28370.25,28372.5,28355.75,28359.0,927,28370.25,28372.5,28355.75,28359.0,930,0.0,0.0,0.0,0.0,0.0
2026-07-31 12:39:00,28358.25,28371.0,28357.0,28362.75,651,28358.25,28371.0,28357.0,28362.75,648,0.0,0.0,0.0,0.0,0.0
2026-07-31 12:40:00,28363.75,28371.5,28355.25,28360.25,733,28363.5,28371.5,28355.25,28360.25,733,0.25,0.0,0.0,0.0,0.25
2026-07-31 12:41:00,28363.75,28364.25,28329.0,28330.5,1075,28359.75,28364.25,28329.0,28330.0,1093,4.0,0.0,0.0,0.5,4.0
2026-07-31 12:42:00,28330.25,28342.25,28321.0,28336.5,1178,28329.25,28342.25,28321.0,28337.0,1161,1.0,0.0,0.0,0.5,1.0
2026-07-31 12:43:00,28336.5,28343.5,28322.25,28326.25,632,28336.0,28343.5,28322.25,28326.0,642,0.5,0.0,0.0,0.25,0.5
2026-07-31 12:44:00,28327.75,28331.0,28313.75,28322.5,675,28327.75,28331.0,28313.75,28321.5,668,0.0,0.0,0.0,1.0,1.0
2026-07-31 12:45:00,28320.75,28333.25,28308.5,28325.5,836,28321.5,28333.25,28308.5,28325.5,828,0.75,0.0,0.0,0.0,0.75
2026-07-31 12:46:00,28326.75,28344.5,28313.0,28344.25,705,28326.75,28344.5,28313.0,28344.25,705,0.0,0.0,0.0,0.0,0.0
2026-07-31 12:47:00,28343.5,28347.5,28334.75,28344.5,708,28344.5,28347.5,28334.75,28344.5,708,1.0,0.0,0.0,0.0,1.0
2026-07-31 12:48:00,28344.0,28345.5,28332.5,28342.25,701,28344.0,28345.5,28332.5,28342.25,701,0.0,0.0,0.0,0.0,0.0
2026-07-31 12:49:00,28338.25,28349.75,28330.0,28348.0,701,28342.5,28349.75,28330.0,28348.0,709,4.25,0.0,0.0,0.0,4.25
2026-07-31 12:50:00,28348.5,28367.0,28344.5,28361.0,905,28348.5,28367.0,28344.5,28361.0,896,0.0,0.0,0.0,0.0,0.0
2026-07-31 12:51:00,28357.0,28383.75,28354.5,28372.0,945,28360.5,28383.75,28354.5,28372.0,945,3.5,0.0,0.0,0.0,3.5
2026-07-31 12:52:00,28371.75,28375.75,28363.0,28367.0,515,28371.75,28375.75,28363.0,28366.75,516,0.0,0.0,0.0,0.25,0.25
2026-07-31 12:53:00,28368.0,28372.25,28361.75,28368.25,525,28366.75,28372.25,28361.75,28368.25,524,1.25,0.0,0.0,0.0,1.25
2026-07-31 12:54:00,28369.25,28377.0,28352.75,28354.25,625,28369.25,28377.0,28352.75,28354.25,625,0.0,0.0,0.0,0.0,0.0
2026-07-31 12:55:00,28353.0,28371.0,28352.0,28367.25,829,28353.0,28371.0,28352.0,28367.25,829,0.0,0.0,0.0,0.0,0.0
2026-07-31 12:56:00,28367.0,28379.25,28362.75,28370.5,615,28367.0,28379.25,28362.75,28371.0,619,0.0,0.0,0.0,0.5,0.5
2026-07-31 12:57:00,28372.0,28387.5,28369.25,28385.75,705,28370.75,28387.5,28369.25,28385.0,702,1.25,0.0,0.0,0.75,1.25
2026-07-31 12:58:00,28385.25,28390.0,28375.25,28378.5,762,28385.25,28390.0,28375.25,28377.75,763,0.0,0.0,0.0,0.75,0.75
2026-07-31 12:59:00,28377.25,28381.25,28366.25,28367.5,543,28377.25,28381.25,28366.25,28366.75,542,0.0,0.0,0.0,0.75,0.75
2026-07-31 13:00:00,28366.75,28387.5,28360.0,28384.75,1055,28367.25,28387.5,28360.0,28384.75,1065,0.5,0.0,0.0,0.0,0.5
2026-07-31 13:01:00,28384.0,28408.0,28379.25,28405.75,1209,28385.25,28408.0,28379.25,28405.75,1198,1.25,0.0,0.0,0.0,1.25
2026-07-31 13:02:00,28406.5,28408.5,28397.75,28400.25,584,28406.25,28408.5,28397.75,28400.25,584,0.25,0.0,0.0,0.0,0.25
2026-07-31 13:03:00,28400.75,28409.5,28398.25,28405.75,459,28400.0,28409.5,28398.25,28406.0,460,0.75,0.0,0.0,0.25,0.75
2026-07-31 13:04:00,28405.5,28407.75,28394.25,28394.75,457,28405.5,28407.75,28394.25,28394.5,457,0.0,0.0,0.0,0.25,0.25
2026-07-31 13:05:00,28394.5,28405.0,28389.0,28397.25,597,28394.75,28405.0,28389.0,28397.25,596,0.25,0.0,0.0,0.0,0.25
2026-07-31 13:06:00,28397.75,28399.75,28382.75,28384.25,621,28396.25,28399.75,28382.75,28384.25,621,1.5,0.0,0.0,0.0,1.5
2026-07-31 13:07:00,28382.0,28385.5,28368.5,28369.5,761,28383.25,28385.5,28368.5,28368.75,762,1.25,0.0,0.0,0.75,1.25
2026-07-31 13:08:00,28367.25,28378.0,28364.75,28374.75,554,28368.5,28378.0,28364.75,28375.75,561,1.25,0.0,0.0,1.0,1.25
2026-07-31 13:09:00,28376.0,28383.0,28369.5,28379.0,578,28375.75,28383.0,28369.5,28379.0,570,0.25,0.0,0.0,0.0,0.25
2026-07-31 13:10:00,28379.5,28394.5,28367.75,28385.0,527,28379.5,28394.5,28367.75,28386.0,532,0.0,0.0,0.0,1.0,1.0
2026-07-31 13:11:00,28386.75,28404.75,28385.75,28402.25,679,28385.75,28404.75,28385.75,28402.25,674,1.0,0.0,0.0,0.0,1.0
2026-07-31 13:12:00,28401.75,28411.25,28401.5,28404.5,703,28401.75,28411.25,28401.5,28404.25,705,0.0,0.0,0.0,0.25,0.25
2026-07-31 13:13:00,28404.25,28407.0,28398.25,28402.0,371,28404.25,28407.0,28398.25,28401.0,370,0.0,0.0,0.0,1.0,1.0
2026-07-31 13:14:00,28401.5,28407.0,28394.75,28402.0,386,28401.5,28407.0,28394.75,28402.0,384,0.0,0.0,0.0,0.0,0.0
2026-07-31 13:15:00,28403.0,28421.25,28398.25,28410.75,880,28403.0,28421.25,28398.25,28412.75,886,0.0,0.0,0.0,2.0,2.0
2026-07-31 13:16:00,28413.0,28422.0,28403.5,28406.25,636,28413.0,28422.0,28403.5,28406.75,632,0.0,0.0,0.0,0.5,0.5
2026-07-31 13:17:00,28406.0,28409.0,28399.75,28399.75,352,28406.25,28409.0,28399.75,28399.75,352,0.25,0.0,0.0,0.0,0.25
2026-07-31 13:18:00,28400.0,28408.5,28396.0,28402.5,392,28400.0,28408.5,28396.0,28402.75,391,0.0,0.0,0.0,0.25,0.25
2026-07-31 13:19:00,28402.0,28420.25,28402.0,28417.75,446,28403.0,28420.25,28402.0,28417.75,445,1.0,0.0,0.0,0.0,1.0
2026-07-31 13:20:00,28417.25,28423.0,28416.5,28420.25,475,28417.5,28423.0,28416.5,28420.25,475,0.25,0.0,0.0,0.0,0.25
2026-07-31 13:21:00,28418.5,28420.75,28408.5,28408.5,546,28420.75,28420.75,28408.5,28409.5,548,2.25,0.0,0.0,1.0,2.25
2026-07-31 13:22:00,28409.75,28413.75,28397.0,28413.75,618,28410.0,28413.75,28397.0,28413.75,615,0.25,0.0,0.0,0.0,0.25
2026-07-31 13:23:00,28413.25,28429.5,28412.0,28429.25,625,28413.75,28429.5,28412.0,28429.25,624,0.5,0.0,0.0,0.0,0.5
2026-07-31 13:24:00,28429.5,28456.0,28428.25,28453.75,1294,28429.5,28456.0,28428.25,28453.75,1301,0.0,0.0,0.0,0.0,0.0
2026-07-31 13:25:00,28454.25,28465.0,28451.75,28461.5,1036,28454.0,28465.0,28451.75,28461.75,1033,0.25,0.0,0.0,0.25,0.25
2026-07-31 13:26:00,28462.0,28464.75,28449.75,28464.0,868,28461.0,28464.75,28449.75,28464.25,865,1.0,0.0,0.0,0.25,1.0
2026-07-31 13:27:00,28464.5,28477.5,28454.25,28455.5,1365,28464.5,28477.5,28454.25,28456.0,1367,0.0,0.0,0.0,0.5,0.5
2026-07-31 13:28:00,28457.25,28469.25,28454.25,28456.75,844,28456.0,28469.25,28454.25,28456.75,841,1.25,0.0,0.0,0.0,1.25
2026-07-31 13:29:00,28457.0,28468.0,28455.0,28461.5,829,28457.0,28468.0,28455.0,28461.5,832,0.0,0.0,0.0,0.0,0.0
2026-07-31 13:30:00,28461.5,28463.25,28450.5,28454.25,917,28462.5,28463.25,28450.5,28454.75,917,1.0,0.0,0.0,0.5,1.0
2026-07-31 13:31:00,28454.25,28468.25,28453.25,28461.25,536,28454.25,28468.25,28453.25,28461.25,533,0.0,0.0,0.0,0.0,0.0
2026-07-31 13:32:00,28461.25,28467.0,28449.0,28460.75,722,28461.25,28467.0,28449.0,28461.5,725,0.0,0.0,0.0,0.75,0.75
2026-07-31 13:33:00,28460.75,28481.25,28459.0,28481.25,1047,28460.75,28481.25,28459.0,28481.25,1046,0.0,0.0,0.0,0.0,0.0
2026-07-31 13:34:00,28481.5,28485.5,28476.25,28481.25,805,28481.25,28485.5,28476.25,28482.0,804,0.25,0.0,0.0,0.75,0.75
2026-07-31 13:35:00,28480.5,28490.5,28475.75,28486.25,775,28481.0,28490.5,28475.75,28486.25,774,0.5,0.0,0.0,0.0,0.5
2026-07-31 13:36:00,28486.0,28493.75,28485.0,28490.0,932,28486.0,28493.75,28485.0,28490.0,932,0.0,0.0,0.0,0.0,0.0
2026-07-31 13:37:00,28489.0,28499.5,28488.5,28498.5,703,28489.0,28499.5,28488.5,28498.5,702,0.0,0.0,0.0,0.0,0.0
2026-07-31 13:38:00,28498.0,28503.0,28478.5,28479.0,1162,28498.0,28503.0,28478.5,28479.0,1162,0.0,0.0,0.0,0.0,0.0
2026-07-31 13:39:00,28478.5,28478.5,28454.75,28455.25,1307,28478.5,28478.5,28454.75,28455.75,1309,0.0,0.0,0.0,0.5,0.5
2026-07-31 13:40:00,28454.75,28471.75,28452.0,28465.75,730,28454.75,28471.75,28452.0,28465.75,733,0.0,0.0,0.0,0.0,0.0
2026-07-31 13:41:00,28467.75,28468.25,28452.0,28456.0,805,28466.25,28468.25,28452.0,28456.25,804,1.5,0.0,0.0,0.25,1.5
2026-07-31 13:42:00,28456.25,28456.75,28443.25,28447.5,930,28456.0,28456.75,28443.25,28447.5,926,0.25,0.0,0.0,0.0,0.25
2026-07-31 13:43:00,28447.25,28461.0,28446.0,28460.5,558,28447.25,28461.0,28446.0,28460.5,558,0.0,0.0,0.0,0.0,0.0
2026-07-31 13:44:00,28459.5,28466.75,28451.5,28457.5,520,28459.5,28466.75,28451.5,28457.5,520,0.0,0.0,0.0,0.0,0.0
2026-07-31 13:45:00,28457.0,28464.75,28450.75,28452.75,625,28456.25,28464.75,28450.75,28451.5,636,0.75,0.0,0.0,1.25,1.25
2026-07-31 13:46:00,28451.5,28475.75,28451.5,28463.75,854,28451.5,28475.75,28451.5,28463.75,843,0.0,0.0,0.0,0.0,0.0
2026-07-31 13:47:00,28464.75,28465.25,28433.75,28434.75,837,28463.75,28465.25,28433.75,28434.75,837,1.0,0.0,0.0,0.0,1.0
2026-07-31 13:48:00,28434.5,28438.5,28419.75,28427.5,1186,28435.0,28438.5,28419.75,28427.5,1189,0.5,0.0,0.0,0.0,0.5
2026-07-31 13:49:00,28428.25,28433.75,28417.75,28421.5,660,28428.0,28433.75,28417.75,28421.0,659,0.25,0.0,0.0,0.5,0.5
2026-07-31 13:50:00,28420.5,28432.0,28415.75,28430.0,774,28421.0,28432.0,28415.75,28430.25,775,0.5,0.0,0.0,0.25,0.5
2026-07-31 13:51:00,28429.75,28449.5,28420.0,28449.5,852,28430.25,28449.75,28420.0,28449.75,850,0.5,0.25,0.0,0.25,0.5
2026-07-31 13:52:00,28450.75,28466.25,28445.25,28446.5,1190,28450.0,28466.25,28445.25,28446.5,1189,0.75,0.0,0.0,0.0,0.75
2026-07-31 13:53:00,28447.5,28453.5,28440.5,28441.25,494,28447.75,28453.5,28440.5,28442.25,499,0.25,0.0,0.0,1.0,1.0
2026-07-31 13:54:00,28442.25,28451.0,28440.0,28444.5,539,28442.75,28451.0,28440.0,28443.25,544,0.5,0.0,0.0,1.25,1.25
2026-07-31 13:55:00,28443.25,28455.75,28441.75,28450.5,508,28444.0,28455.75,28441.75,28450.0,499,0.75,0.0,0.0,0.5,0.75
2026-07-31 13:56:00,28450.0,28458.75,28445.75,28448.25,444,28450.0,28458.75,28445.75,28447.5,444,0.0,0.0,0.0,0.75,0.75
2026-07-31 13:57:00,28446.5,28448.0,28435.5,28446.75,634,28446.5,28448.0,28435.5,28446.25,634,0.0,0.0,0.0,0.5,0.5
2026-07-31 13:58:00,28444.5,28447.5,28435.0,28436.5,411,28445.25,28447.5,28435.0,28436.5,410,0.75,0.0,0.0,0.0,0.75
2026-07-31 13:59:00,28434.25,28436.25,28424.5,28427.75,548,28436.25,28436.25,28424.5,28429.0,551,2.0,0.0,0.0,1.25,2.0
2026-07-31 14:00:00,28428.75,28443.25,28418.25,28441.0,998,28429.0,28443.25,28418.25,28441.0,995,0.25,0.0,0.0,0.0,0.25
2026-07-31 14:01:00,28443.0,28459.75,28441.5,28447.25,686,28441.5,28459.75,28441.5,28447.25,686,1.5,0.0,0.0,0.0,1.5
2026-07-31 14:02:00,28446.75,28448.75,28436.25,28441.25,493,28446.75,28448.75,28436.25,28441.75,494,0.0,0.0,0.0,0.5,0.5
2026-07-31 14:03:00,28442.0,28444.75,28428.75,28431.0,486,28441.75,28444.75,28428.75,28430.0,486,0.25,0.0,0.0,1.0,1.0
2026-07-31 14:04:00,28431.5,28439.5,28426.0,28426.0,460,28430.5,28439.5,28426.0,28426.0,466,1.0,0.0,0.0,0.0,1.0
2026-07-31 14:05:00,28426.25,28428.5,28414.75,28426.0,741,28426.25,28428.5,28414.75,28426.0,734,0.0,0.0,0.0,0.0,0.0
2026-07-31 14:06:00,28429.0,28452.25,28427.25,28445.25,820,28427.5,28452.25,28427.25,28444.5,821,1.5,0.0,0.0,0.75,1.5
2026-07-31 14:07:00,28443.0,28447.0,28428.25,28434.0,489,28444.0,28447.0,28428.25,28433.0,496,1.0,0.0,0.0,1.0,1.0
2026-07-31 14:08:00,28432.5,28443.5,28428.0,28436.5,394,28432.75,28443.5,28428.0,28436.75,388,0.25,0.0,0.0,0.25,0.25
2026-07-31 14:09:00,28436.5,28439.75,28427.5,28429.25,482,28436.5,28439.75,28427.5,28429.0,481,0.0,0.0,0.0,0.25,0.25
2026-07-31 14:10:00,28428.5,28437.25,28417.25,28419.75,591,28428.75,28437.25,28417.25,28419.75,590,0.25,0.0,0.0,0.0,0.25
2026-07-31 14:11:00,28419.5,28420.75,28397.75,28403.0,1026,28419.5,28420.75,28397.75,28402.75,1029,0.0,0.0,0.0,0.25,0.25
2026-07-31 14:12:00,28404.0,28410.75,28396.0,28398.25,877,28403.25,28410.75,28396.0,28398.25,873,0.75,0.0,0.0,0.0,0.75
2026-07-31 14:13:00,28398.5,28409.25,28395.25,28406.75,687,28398.5,28409.25,28395.25,28406.75,687,0.0,0.0,0.0,0.0,0.0
2026-07-31 14:14:00,28407.75,28414.25,28396.25,28403.75,879,28406.5,28414.25,28396.25,28403.75,879,1.25,0.0,0.0,0.0,1.25
2026-07-31 14:15:00,28402.5,28419.5,28398.5,28417.5,723,28402.75,28419.5,28398.5,28417.5,723,0.25,0.0,0.0,0.0,0.25
2026-07-31 14:16:00,28417.25,28424.5,28413.75,28420.25,640,28418.0,28424.5,28413.75,28418.5,643,0.75,0.0,0.0,1.75,1.75
2026-07-31 14:17:00,28420.25,28433.0,28415.5,28423.25,465,28419.75,28433.0,28415.5,28423.0,463,0.5,0.0,0.0,0.25,0.5
2026-07-31 14:18:00,28422.5,28446.0,28421.25,28440.5,682,28423.0,28446.0,28421.25,28440.5,681,0.5,0.0,0.0,0.0,0.5
2026-07-31 14:19:00,28440.75,28442.25,28426.25,28427.5,543,28441.0,28442.25,28426.25,28427.25,546,0.25,0.0,0.0,0.25,0.25
2026-07-31 14:20:00,28428.25,28441.5,28420.5,28433.5,632,28428.0,28441.5,28420.5,28433.25,631,0.25,0.0,0.0,0.25,0.25
2026-07-31 14:21:00,28432.75,28444.0,28428.0,28437.25,532,28433.25,28444.0,28428.0,28437.25,530,0.5,0.0,0.0,0.0,0.5
2026-07-31 14:22:00,28437.5,28443.75,28431.0,28438.0,477,28437.5,28443.75,28431.0,28438.0,477,0.0,0.0,0.0,0.0,0.0
2026-07-31 14:23:00,28437.0,28443.75,28434.5,28436.75,409,28437.75,28443.75,28434.5,28436.75,409,0.75,0.0,0.0,0.0,0.75
2026-07-31 14:24:00,28436.5,28445.5,28434.75,28437.25,438,28436.5,28445.5,28434.75,28437.25,438,0.0,0.0,0.0,0.0,0.0
2026-07-31 14:25:00,28437.75,28439.25,28414.75,28418.5,649,28437.75,28439.25,28414.75,28418.25,655,0.0,0.0,0.0,0.25,0.25
2026-07-31 14:26:00,28416.5,28424.25,28413.0,28419.5,404,28419.25,28424.25,28413.0,28418.5,399,2.75,0.0,0.0,1.0,2.75
2026-07-31 14:27:00,28420.5,28423.0,28413.25,28419.25,420,28419.0,28423.0,28413.25,28419.25,419,1.5,0.0,0.0,0.0,1.5
2026-07-31 14:28:00,28418.75,28426.5,28415.25,28418.25,341,28419.0,28426.5,28415.25,28418.25,341,0.25,0.0,0.0,0.0,0.25
2026-07-31 14:29:00,28417.25,28428.5,28417.0,28422.0,318,28419.0,28428.5,28417.0,28422.0,318,1.75,0.0,0.0,0.0,1.75
2026-07-31 14:30:00,28424.5,28441.5,28422.0,28440.0,583,28422.0,28441.5,28422.0,28440.0,583,2.5,0.0,0.0,0.0,2.5
2026-07-31 14:31:00,28440.25,28444.0,28433.75,28438.75,329,28440.25,28444.0,28433.75,28438.75,329,0.0,0.0,0.0,0.0,0.0
2026-07-31 14:32:00,28438.0,28440.25,28433.5,28440.0,282,28438.75,28440.25,28433.5,28440.0,282,0.75,0.0,0.0,0.0,0.75
2026-07-31 14:33:00,28439.5,28440.25,28433.25,28437.75,323,28439.5,28440.25,28433.25,28438.5,326,0.0,0.0,0.0,0.75,0.75
2026-07-31 14:34:00,28439.75,28448.0,28434.25,28434.25,411,28438.5,28448.0,28434.25,28434.75,410,1.25,0.0,0.0,0.5,1.25
2026-07-31 14:35:00,28434.0,28434.75,28415.75,28428.0,621,28434.75,28434.75,28415.75,28428.0,619,0.75,0.0,0.0,0.0,0.75
2026-07-31 14:36:00,28428.5,28436.75,28423.0,28424.25,375,28428.5,28436.75,28423.0,28424.25,377,0.0,0.0,0.0,0.0,0.0
2026-07-31 14:37:00,28424.0,28430.0,28415.75,28425.5,535,28423.75,28430.0,28415.75,28425.5,536,0.25,0.0,0.0,0.0,0.25
2026-07-31 14:38:00,28425.0,28433.5,28424.75,28430.25,258,28425.0,28433.5,28424.75,28430.25,255,0.0,0.0,0.0,0.0,0.0
2026-07-31 14:39:00,28431.75,28433.25,28425.5,28426.75,232,28431.75,28433.25,28425.5,28426.25,233,0.0,0.0,0.0,0.5,0.5
2026-07-31 14:40:00,28425.75,28427.75,28415.5,28424.75,425,28426.25,28427.75,28415.5,28424.75,424,0.5,0.0,0.0,0.0,0.5
2026-07-31 14:41:00,28425.25,28437.25,28423.25,28428.75,735,28425.25,28437.25,28423.25,28428.75,718,0.0,0.0,0.0,0.0,0.0
2026-07-31 14:42:00,28429.5,28441.25,28425.0,28440.25,353,28429.75,28441.25,28425.0,28440.25,330,0.25,0.0,0.0,0.0,0.25
2026-07-31 14:43:00,28440.75,28442.5,28434.5,28435.0,267,28440.0,28442.5,28434.5,28435.0,267,0.75,0.0,0.0,0.0,0.75
2026-07-31 14:44:00,28435.25,28439.25,28428.75,28432.75,261,28434.75,28439.25,28428.75,28432.5,259,0.5,0.0,0.0,0.25,0.5
2026-07-31 14:45:00,28432.25,28445.0,28430.5,28440.5,391,28432.5,28445.0,28430.5,28440.5,390,0.25,0.0,0.0,0.0,0.25
2026-07-31 14:46:00,28441.25,28443.0,28426.5,28426.5,528,28440.5,28443.0,28426.5,28426.5,529,0.75,0.0,0.0,0.0,0.75
2026-07-31 14:47:00,28425.5,28431.0,28422.0,28430.5,321,28425.75,28431.0,28422.0,28430.5,320,0.25,0.0,0.0,0.0,0.25
2026-07-31 14:48:00,28430.25,28439.5,28427.25,28439.25,345,28430.25,28439.5,28427.25,28439.25,345,0.0,0.0,0.0,0.0,0.0
2026-07-31 14:49:00,28439.5,28449.25,28435.75,28448.0,421,28439.5,28449.25,28435.75,28448.0,425,0.0,0.0,0.0,0.0,0.0
2026-07-31 14:50:00,28448.25,28462.0,28447.75,28457.5,818,28448.0,28462.0,28447.75,28458.0,816,0.25,0.0,0.0,0.5,0.5
2026-07-31 14:51:00,28459.5,28461.0,28449.5,28455.75,445,28458.25,28461.0,28449.5,28455.75,443,1.25,0.0,0.0,0.0,1.25
2026-07-31 14:52:00,28455.5,28461.0,28449.75,28450.75,387,28455.5,28461.0,28449.75,28450.75,387,0.0,0.0,0.0,0.0,0.0
2026-07-31 14:53:00,28450.25,28454.0,28446.0,28450.5,373,28450.25,28454.0,28446.0,28450.5,373,0.0,0.0,0.0,0.0,0.0
2026-07-31 14:54:00,28451.25,28451.75,28443.25,28446.0,355,28450.75,28451.75,28443.25,28446.25,356,0.5,0.0,0.0,0.25,0.5
2026-07-31 14:55:00,28446.25,28453.0,28429.25,28429.75,593,28446.25,28453.0,28429.25,28429.75,593,0.0,0.0,0.0,0.0,0.0
2026-07-31 14:56:00,28429.75,28433.75,28424.0,28430.25,466,28429.75,28433.75,28424.0,28430.25,465,0.0,0.0,0.0,0.0,0.0
2026-07-31 14:57:00,28429.5,28432.25,28416.5,28430.25,765,28429.5,28432.25,28416.5,28429.75,766,0.0,0.0,0.0,0.5,0.5
2026-07-31 14:58:00,28429.0,28435.25,28427.25,28432.0,366,28430.0,28435.25,28427.25,28432.0,368,1.0,0.0,0.0,0.0,1.0
2026-07-31 14:59:00,28430.5,28439.25,28428.25,28433.5,474,28430.5,28439.25,28428.25,28433.75,475,0.0,0.0,0.0,0.25,0.25
2026-07-31 15:00:00,28432.5,28458.75,28431.25,28449.0,865,28433.5,28458.75,28431.25,28449.0,861,1.0,0.0,0.0,0.0,1.0
2026-07-31 15:01:00,28448.25,28451.25,28434.75,28437.75,524,28448.25,28451.25,28434.75,28437.75,524,0.0,0.0,0.0,0.0,0.0
2026-07-31 15:02:00,28438.75,28445.75,28432.75,28435.5,568,28438.5,28445.75,28432.75,28434.0,576,0.25,0.0,0.0,1.5,1.5
2026-07-31 15:03:00,28433.0,28440.5,28427.5,28431.25,517,28433.0,28440.5,28427.5,28430.0,512,0.0,0.0,0.0,1.25,1.25
2026-07-31 15:04:00,28430.25,28430.75,28418.25,28420.5,462,28429.75,28430.75,28418.25,28420.5,459,0.5,0.0,0.0,0.0,0.5
2026-07-31 15:05:00,28421.75,28431.25,28410.25,28427.25,859,28421.5,28431.25,28410.25,28428.5,863,0.25,0.0,0.0,1.25,1.25
2026-07-31 15:06:00,28428.5,28429.75,28410.5,28415.0,448,28428.75,28429.75,28410.5,28415.0,444,0.25,0.0,0.0,0.0,0.25
2026-07-31 15:07:00,28416.5,28423.5,28405.5,28421.75,502,28415.5,28423.5,28405.5,28422.5,503,1.0,0.0,0.0,0.75,1.0
2026-07-31 15:08:00,28422.75,28427.75,28416.5,28425.75,509,28422.5,28427.75,28416.5,28425.75,508,0.25,0.0,0.0,0.0,0.25
2026-07-31 15:09:00,28426.5,28432.5,28423.25,28427.75,438,28426.0,28432.5,28423.25,28427.75,438,0.5,0.0,0.0,0.0,0.5
2026-07-31 15:10:00,28428.25,28438.25,28425.25,28432.25,509,28427.25,28438.25,28425.25,28432.25,509,1.0,0.0,0.0,0.0,1.0
2026-07-31 15:11:00,28431.75,28438.25,28424.75,28428.0,448,28432.0,28438.25,28424.75,28428.0,448,0.25,0.0,0.0,0.0,0.25
2026-07-31 15:12:00,28427.5,28442.25,28419.0,28440.25,669,28427.75,28442.25,28419.0,28439.5,673,0.25,0.0,0.0,0.75,0.75
2026-07-31 15:13:00,28439.25,28442.25,28435.5,28436.0,388,28439.5,28442.25,28435.5,28436.0,385,0.25,0.0,0.0,0.0,0.25
2026-07-31 15:14:00,28437.0,28440.5,28431.25,28433.0,279,28437.0,28440.5,28431.25,28433.0,278,0.0,0.0,0.0,0.0,0.0
2026-07-31 15:15:00,28433.0,28444.75,28426.25,28442.25,590,28433.5,28444.75,28426.25,28441.5,591,0.5,0.0,0.0,0.75,0.75
2026-07-31 15:16:00,28441.5,28446.0,28433.5,28437.25,436,28441.5,28446.0,28433.5,28436.75,436,0.0,0.0,0.0,0.5,0.5
2026-07-31 15:17:00,28435.75,28455.75,28435.25,28454.75,766,28437.0,28455.75,28435.25,28455.25,774,1.25,0.0,0.0,0.5,1.25
2026-07-31 15:18:00,28454.5,28473.0,28454.25,28471.5,1141,28454.75,28473.0,28454.25,28471.5,1132,0.25,0.0,0.0,0.0,0.25
2026-07-31 15:19:00,28471.0,28487.5,28470.25,28485.5,870,28471.0,28487.5,28470.25,28485.5,870,0.0,0.0,0.0,0.0,0.0
2026-07-31 15:20:00,28485.25,28492.0,28479.0,28487.0,1198,28485.5,28492.0,28479.0,28486.75,1210,0.25,0.0,0.0,0.25,0.25
2026-07-31 15:21:00,28486.5,28495.0,28484.0,28487.0,749,28487.0,28495.0,28484.0,28487.75,741,0.5,0.0,0.0,0.75,0.75
2026-07-31 15:22:00,28488.75,28498.0,28487.5,28488.5,722,28488.75,28498.0,28487.5,28488.25,719,0.0,0.0,0.0,0.25,0.25
2026-07-31 15:23:00,28490.5,28492.25,28477.0,28478.75,780,28488.5,28492.25,28477.0,28479.0,780,2.0,0.0,0.0,0.25,2.0
2026-07-31 15:24:00,28478.5,28481.0,28467.75,28470.0,964,28479.0,28481.0,28467.75,28470.0,963,0.5,0.0,0.0,0.0,0.5
2026-07-31 15:25:00,28469.25,28471.5,28461.0,28465.75,691,28469.75,28471.5,28461.0,28465.75,691,0.5,0.0,0.0,0.0,0.5
2026-07-31 15:26:00,28465.75,28480.5,28465.25,28472.5,528,28465.25,28480.5,28465.25,28472.5,528,0.5,0.0,0.0,0.0,0.5
2026-07-31 15:27:00,28472.0,28478.25,28468.5,28472.5,448,28472.0,28478.25,28468.5,28472.5,448,0.0,0.0,0.0,0.0,0.0
2026-07-31 15:28:00,28471.75,28478.25,28471.25,28473.75,427,28472.5,28478.25,28471.25,28473.75,428,0.75,0.0,0.0,0.0,0.75
2026-07-31 15:29:00,28473.5,28477.5,28468.0,28475.25,367,28473.5,28477.5,28468.0,28475.25,361,0.0,0.0,0.0,0.0,0.0
2026-07-31 15:30:00,28474.5,28480.5,28443.5,28453.5,1486,28474.5,28480.5,28443.5,28453.75,1483,0.0,0.0,0.0,0.25,0.25
2026-07-31 15:31:00,28452.75,28454.5,28442.5,28451.25,689,28453.5,28454.5,28442.5,28451.25,688,0.75,0.0,0.0,0.0,0.75
2026-07-31 15:32:00,28451.75,28454.5,28441.75,28454.5,545,28451.5,28455.25,28441.75,28455.25,547,0.25,0.75,0.0,0.75,0.75
2026-07-31 15:33:00,28454.75,28460.75,28449.5,28451.0,573,28454.25,28460.75,28449.5,28451.0,570,0.5,0.0,0.0,0.0,0.5
2026-07-31 15:34:00,28451.0,28464.0,28448.0,28459.75,583,28451.0,28464.0,28448.0,28459.75,583,0.0,0.0,0.0,0.0,0.0
2026-07-31 15:35:00,28459.5,28469.75,28453.75,28465.0,841,28460.0,28469.75,28453.75,28465.0,841,0.5,0.0,0.0,0.0,0.5
2026-07-31 15:36:00,28463.75,28473.5,28460.0,28472.25,665,28464.5,28473.5,28460.0,28470.75,669,0.75,0.0,0.0,1.5,1.5
2026-07-31 15:37:00,28471.0,28471.0,28457.25,28462.5,595,28470.75,28471.0,28457.25,28462.5,591,0.25,0.0,0.0,0.0,0.25
2026-07-31 15:38:00,28462.25,28466.75,28451.75,28459.5,617,28462.25,28466.75,28451.75,28459.5,617,0.0,0.0,0.0,0.0,0.0
2026-07-31 15:39:00,28460.5,28463.75,28456.5,28458.5,472,28459.5,28463.75,28456.5,28458.5,474,1.0,0.0,0.0,0.0,1.0
2026-07-31 15:40:00,28457.5,28461.25,28445.25,28449.0,710,28458.75,28461.25,28445.25,28448.0,713,1.25,0.0,0.0,1.0,1.25
2026-07-31 15:41:00,28448.25,28453.5,28435.75,28438.25,853,28447.75,28453.5,28435.75,28437.0,854,0.5,0.0,0.0,1.25,1.25
2026-07-31 15:42:00,28437.75,28450.5,28434.5,28450.5,591,28437.75,28450.5,28434.5,28450.25,586,0.0,0.0,0.0,0.25,0.25
2026-07-31 15:43:00,28452.5,28473.75,28451.5,28473.75,765,28451.5,28474.5,28451.5,28474.5,772,1.0,0.75,0.0,0.75,1.0
2026-07-31 15:44:00,28474.25,28483.5,28468.75,28476.75,815,28473.75,28483.5,28468.75,28476.75,807,0.5,0.0,0.0,0.0,0.5
2026-07-31 15:45:00,28477.0,28498.0,28477.0,28485.5,1574,28477.0,28498.0,28477.0,28485.25,1575,0.0,0.0,0.0,0.25,0.25
2026-07-31 15:46:00,28485.25,28505.75,28484.75,28498.25,1449,28485.5,28505.75,28484.75,28498.25,1445,0.25,0.0,0.0,0.0,0.25
2026-07-31 15:47:00,28499.0,28505.5,28482.25,28484.5,936,28499.0,28505.5,28482.25,28484.5,934,0.0,0.0,0.0,0.0,0.0
2026-07-31 15:48:00,28485.0,28489.5,28481.25,28486.75,651,28483.75,28489.5,28481.25,28486.75,651,1.25,0.0,0.0,0.0,1.25
2026-07-31 15:49:00,28487.25,28510.0,28483.75,28509.25,856,28486.75,28510.0,28483.75,28509.25,858,0.5,0.0,0.0,0.0,0.5
2026-07-31 15:50:00,28508.25,28518.5,28488.0,28491.0,2355,28508.5,28518.5,28488.0,28491.0,2356,0.25,0.0,0.0,0.0,0.25
2026-07-31 15:51:00,28491.0,28491.5,28473.75,28482.0,1398,28491.5,28491.5,28473.75,28481.75,1393,0.5,0.0,0.0,0.25,0.5
2026-07-31 15:52:00,28481.75,28504.0,28480.5,28500.75,1004,28482.0,28504.0,28480.5,28500.5,1003,0.25,0.0,0.0,0.25,0.25
2026-07-31 15:53:00,28500.75,28516.75,28492.0,28512.25,1238,28500.25,28516.75,28492.0,28512.25,1244,0.5,0.0,0.0,0.0,0.5
2026-07-31 15:54:00,28512.75,28524.0,28502.75,28507.5,2812,28512.75,28524.0,28502.75,28507.5,2807,0.0,0.0,0.0,0.0,0.0
2026-07-31 15:55:00,28507.0,28517.5,28461.75,28470.5,2495,28507.0,28517.5,28461.75,28470.75,2494,0.0,0.0,0.0,0.25,0.25
2026-07-31 15:56:00,28472.25,28481.5,28469.5,28474.25,1168,28471.0,28481.5,28469.5,28474.25,1167,1.25,0.0,0.0,0.0,1.25
2026-07-31 15:57:00,28474.5,28479.25,28455.5,28457.0,1407,28474.5,28479.25,28455.5,28457.0,1407,0.0,0.0,0.0,0.0,0.0
2026-07-31 15:58:00,28457.25,28464.5,28448.25,28458.75,1695,28457.25,28464.5,28448.25,28458.75,1708,0.0,0.0,0.0,0.0,0.0
2026-07-31 15:59:00,28458.25,28462.25,28380.0,28403.5,12988,28458.25,28462.25,28380.0,28402.75,12977,0.0,0.0,0.0,0.75,0.75
