date,open,high,low,close,bars,last_min,sma200,atr14,prior_close,prior_sma200,prior_atr14
2000-01-03,81.8815,81.8815,77.2527,80.6578,78,955,,,,,
2000-01-04,78.3168,79.5937,75.3374,75.6034,78,955,,,80.6578,,
2000-01-05,74.4861,76.2951,71.7195,74.4329,78,955,,,75.6034,,
2000-01-06,73.9541,74.9118,70.6554,71.1342,78,955,,,74.4329,,
2000-01-07,70.6022,75.2842,70.2298,75.2842,78,955,,,71.1342,,
2000-01-10,77.4656,79.9662,76.5611,78.7159,78,955,,,75.2842,,
2000-01-11,78.104,79.0617,74.5925,75.1512,78,955,,,78.7159,,
2000-01-12,75.763,75.9625,73.2092,74.1137,78,955,,,75.1512,,
2000-01-13,75.3374,76.8803,74.127,76.7207,78,955,,,74.1137,,
2000-01-14,79.1681,79.7001,78.3168,78.7425,78,955,,,76.7207,,
2000-01-18,78.37,80.3918,77.838,79.913,78,955,,,78.7425,,
2000-01-19,79.5804,80.977,78.676,80.6578,78,955,,,79.913,,
2000-01-20,81.2963,82.4668,80.2322,81.549,78,955,,,80.6578,,
2000-01-21,82.1475,82.2007,80.9238,81.7751,78,955,,3.7201065566062494,81.549,,
2000-01-24,82.9456,83.1052,77.7848,77.9444,78,955,,3.834413231134374,81.7751,,3.7201065566062494
2000-01-25,78.2104,79.913,76.1088,79.7001,78,955,,3.832255143196204,77.9444,,3.834413231134374
2000-01-26,79.3809,79.4341,76.8271,77.0665,78,955,,3.76373691868219,79.7001,,3.832255143196204
2000-01-27,78.104,78.7425,74.5925,76.5877,78,955,,3.7913271387763197,77.0665,,3.76373691868219
2000-01-28,76.6143,77.0133,72.1451,73.3156,78,955,,3.8682466288637256,76.5877,,3.7913271387763197
2000-01-31,73.1028,75.8694,71.081,75.763,78,955,,3.9339718696591737,73.3156,,3.8682466288637256
2000-02-01,76.2153,78.7425,75.2842,78.4498,78,955,,3.899995307540662,75.763,,3.9339718696591737
2000-02-02,78.5296,80.6312,78.3966,79.1149,78,955,,3.7810384998591866,78.4498,,3.899995307540662
2000-02-03,80.2854,82.0943,78.5563,81.8283,78,955,,3.763678607012103,79.1149,,3.7810384998591866
2000-02-04,82.5732,83.624,81.9081,82.3604,78,955,,3.623108706511238,81.8283,,3.763678607012103
2000-02-07,82.786,83.6373,81.9347,83.6373,78,955,,3.485929513189006,82.3604,,3.623108706511238
2000-02-08,84.5949,86.3241,84.5949,86.3241,78,955,,3.4288488336755063,83.6373,,3.485929513189006
2000-02-09,86.8827,86.9891,84.5949,84.5949,78,955,,3.3549453455558274,86.3241,,3.4288488336755063
2000-02-10,84.9674,86.9625,83.89,86.8561,78,955,,3.3347706780161257,84.5949,,3.3549453455558274
2000-02-11,86.8827,86.8827,83.4245,84.4619,78,955,,3.3435870581578313,86.8561,,3.3347706780161257
2000-02-14,85.1137,85.127,83.2116,84.7014,78,955,,3.2415736968608426,84.4619,,3.3435870581578313
2000-02-15,84.2225,85.659,81.6155,85.0206,78,955,,3.2988541470850685,84.7014,,3.2415736968608426
2000-02-16,85.0472,86.5369,84.5949,84.9142,78,955,,3.20193599372185,85.0206,,3.2988541470850685
2000-02-17,86.1379,87.8936,84.8078,87.7872,78,955,,3.1936405655988613,84.9142,,3.20193599372185
2000-02-18,87.3616,87.6808,83.7969,84.3821,78,955,,3.250544810913229,87.7872,,3.1936405655988613
2000-02-23,84.8477,89.37,84.4087,88.7183,78,955,,3.3746416101337133,84.3821,,3.250544810913229
2000-02-24,89.2769,90.607,86.8295,90.3543,78,955,,3.403417209409877,88.7183,,3.3746416101337133
2000-02-25,90.3942,91.5115,88.4257,88.8513,78,955,,3.3807302658805995,90.3543,,3.403417209409877
2000-02-28,87.8936,89.9686,85.5526,88.266,78,955,,3.454678104031985,88.8513,,3.3807302658805995
2000-02-29,90.0218,90.8731,89.3301,90.7401,78,955,,3.3941368108868426,88.266,,3.454678104031985
2000-03-01,91.2987,92.416,90.6602,91.5647,78,955,,3.2771127529663535,90.7401,,3.3941368108868426
2000-03-02,91.9904,92.0968,89.1705,90.1282,78,955,,3.2520546991830424,91.5647,,3.2771127529663535
2000-03-03,91.9371,94.491,91.0859,94.491,78,955,,3.331393649241396,90.1282,,3.2520546991830424
2000-03-06,95.1294,96.3797,93.8525,94.9033,78,955,,3.273951245724153,94.491,,3.331393649241396
2000-03-07,96.8852,96.9384,92.5756,93.4269,78,955,,3.3517261567438568,94.9033,,3.273951245724153
2000-03-08,94.491,94.9166,90.474,94.5841,78,955,,3.4296457169764385,93.4269,,3.3517261567438568
2000-03-09,94.6772,97.63,92.8682,97.63,78,955,,3.524799594335264,94.5841,,3.4296457169764385
2000-03-10,97.7896,99.1197,96.6324,97.5768,78,955,,3.450692480454173,97.63,,3.524799594335264
2000-03-13,93.6397,97.1512,93.2407,94.2781,78,955,,3.5139358747074465,97.5768,,3.450692480454173
2000-03-14,95.9807,96.5127,89.809,89.9952,78,955,,3.7417761693712004,94.2781,,3.5139358747074465
2000-03-15,90.6602,91.0859,86.7231,87.6808,78,955,,3.7861350144161143,89.9952,,3.7417761693712004
2000-03-16,89.7026,93.0012,85.9783,92.5756,78,955,,4.017332513386392,87.6808,,3.7861350144161143
2000-03-17,91.9371,94.4777,91.8839,94.3712,78,955,,3.915651619573078,92.5756,,4.017332513386392
2000-03-20,94.491,94.9166,90.4474,90.8731,78,955,,3.9551907896035727,94.3712,,3.915651619573078
2000-03-21,90.341,94.9166,88.1596,94.757,78,955,,4.155320018917604,90.8731,,3.9551907896035727
2000-03-22,96.6191,98.7207,94.5974,97.63,78,955,,4.153032874709204,94.757,,4.155320018917604
2000-03-23,97.4438,100.237,96.6723,99.1729,78,955,,4.11100909794426,97.63,,4.153032874709204
2000-03-24,99.9976,102.578,97.9226,99.8114,78,955,,4.149894162376813,99.1729,,4.11100909794426
2000-03-27,100.4498,101.7268,99.705,100.1838,78,955,,3.9978874364927552,99.8114,,4.149894162376813
2000-03-28,99.572,100.2902,97.497,97.8428,78,955,,3.9118383338861302,100.1838,,3.9978874364927552
2000-03-29,98.2153,98.2685,93.6397,93.6663,78,955,,3.9630498814656923,97.8428,,3.9118383338861302
2000-03-30,91.2987,95.9807,88.1064,90.607,78,955,,4.242424889932429,93.6663,,3.9630498814656923
2000-03-31,92.0436,94.1717,88.5321,93.6131,78,955,,4.342223112080113,90.607,,4.242424889932429
2000-04-03,91.7243,92.8948,85.7654,86.9891,78,955,,4.592614318360105,93.6131,,4.342223112080113
2000-04-04,88.2128,88.4789,75.1778,86.0315,78,955,,5.214649009905811,86.9891,,4.592614318360105
2000-04-05,82.9988,88.4789,81.9347,85.2334,78,955,,5.309616937769681,86.0315,,5.214649009905811
2000-04-06,87.1488,88.4257,84.9142,86.6699,78,955,,5.181180013643275,85.2334,,5.309616937769681
2000-04-07,88.6385,91.0859,87.5744,91.0859,78,955,,5.126524298383041,86.6699,,5.181180013643275
2000-04-10,91.6179,91.6179,85.127,85.127,78,955,,5.223979705641396,91.0859,,5.126524298383041
2000-04-12,83.1052,84.0629,77.0399,77.2527,78,955,,5.428488298095582,85.127,,5.223979705641396
2000-04-13,79.0085,81.7219,75.2044,75.763,78,955,,5.5062748482316115,77.2527,,5.428488298095582
2000-04-14,73.2624,75.3374,66.3991,68.3144,78,955,,5.781819501929354,75.763,,5.5062748482316115
2000-04-17,66.4257,74.9118,66.3991,74.5925,78,955,,5.976882394648685,68.3144,,5.781819501929354
2000-04-18,76.1621,78.8489,74.3797,78.7425,78,955,,5.869190795030923,74.5925,,5.976882394648685
2000-04-19,78.7425,79.7001,75.9226,76.3483,78,955,,5.719784309671571,78.7425,,5.869190795030923
2000-04-20,76.9335,77.439,73.3688,74.3265,78,955,,5.601956858980745,76.3483,,5.719784309671571
2000-04-24,71.0278,72.3579,67.9952,71.8259,78,955,,5.654052797624977,74.3265,,5.601956858980745
2000-04-25,73.6348,76.8271,73.2092,76.7739,78,955,,5.607420454937478,71.8259,,5.654052797624977
2000-04-26,77.1463,78.6627,74.2733,74.2733,78,955,,5.520418993870515,76.7739,,5.607420454937478
2000-04-27,71.081,78.7159,71.081,78.5296,78,955,,5.671453351451193,74.2733,,5.520418993870515
2000-04-28,79.6469,80.6578,78.6361,80.2322,78,955,,5.418363826347536,78.5296,,5.671453351451193
2000-05-01,81.5091,82.4668,80.2322,81.3495,78,955,,5.19095212446557,80.2322,,5.418363826347536
2000-05-02,80.7642,81.4027,77.0399,77.0399,78,955,,5.1317984012894575,81.3495,,5.19095212446557
2000-05-03,76.1887,76.8271,72.7836,75.7098,78,955,,5.069262801197354,77.0399,,5.1317984012894575
2000-05-04,75.763,77.2527,74.5925,75.8694,78,955,,4.897186886826114,75.7098,,5.069262801197354
2000-05-05,75.0182,78.5829,74.9384,78.3168,78,955,,4.80770925205282,75.8694,,4.897186886826114
2000-05-08,77.0399,77.2527,74.965,74.965,78,955,,4.703715734049047,78.3168,,4.80770925205282
2000-05-09,75.3374,75.8694,72.1451,73.3422,78,955,,4.633757467331258,74.965,,4.703715734049047
2000-05-10,71.8259,72.3313,68.74,68.9263,78,955,,4.631503362521883,73.3422,,4.633757467331258
2000-05-11,70.4426,71.9323,68.8465,71.9323,78,955,,4.521095979484605,68.9263,,4.631503362521883
2000-05-12,72.6772,74.5393,71.5067,72.1983,78,955,,4.414774838092848,71.9323,,4.521095979484605
2000-05-15,72.1983,74.8585,70.3362,74.8585,78,955,,4.422455206800502,72.1983,,4.414774838092848
2000-05-16,76.6143,77.8912,74.965,77.572,78,955,,4.323186977743323,74.8585,,4.422455206800502
2000-05-17,75.9758,77.0399,74.6989,75.5502,78,955,,4.219609336475943,77.572,,4.323186977743323
2000-05-18,75.763,76.0556,72.8368,72.89,78,955,,4.14812295529909,75.5502,,4.219609336475943
2000-05-19,71.2939,72.3579,69.2189,69.4583,78,955,,4.114049887063441,72.89,,4.14812295529909
2000-05-22,69.4849,69.6977,64.3241,69.4849,78,955,,4.204017752273195,69.4583,,4.114049887063441
2000-05-23,69.2721,70.3362,64.1113,64.4837,78,955,,4.348366484253682,69.4849,,4.204017752273195
2000-05-24,63.8452,67.9952,61.5043,67.6228,78,955,,4.5014045925212764,64.4837,,4.348366484253682
2000-05-25,68.3144,70.0169,65.1221,66.0266,78,955,,4.529504264484043,67.6228,,4.5014045925212764
2000-05-26,66.1862,67.4631,64.4837,65.9734,78,955,,4.418782531306611,66.0266,,4.529504264484043
2000-05-30,68.1016,72.5708,68.1016,72.3579,78,955,,4.5743980647847104,65.9734,,4.418782531306611
2000-05-31,71.9057,73.7679,70.549,70.7352,78,955,,4.477576774442945,72.3579,,4.5743980647847104
2000-06-01,72.5176,75.231,71.9589,74.5925,78,955,,4.478878433411306,70.7352,,4.477576774442945
2000-06-02,78.8489,80.0992,78.2104,79.4873,78,955,,4.552294259596212,74.5925,,4.478878433411306
2000-06-05,78.5296,81.1367,78.2104,79.2213,78,955,,4.436151812482197,79.4873,,4.552294259596212
2000-06-06,79.3277,80.8706,77.4656,77.572,78,955,,4.362498111590612,79.2213,,4.436151812482197
2000-06-07,77.9444,79.2745,76.2419,79.1149,78,955,,4.26750538933414,77.572,,4.362498111590612
2000-06-08,80.5514,80.7642,77.9976,78.9553,78,955,,4.160297861524558,79.1149,,4.26750538933414
2000-06-09,80.6578,80.6578,79.1681,79.7533,78,955,,3.9847408714156614,78.9553,,4.160297861524558
2000-06-12,80.2854,80.2854,77.3592,77.439,78,955,,3.9091308091716854,79.7533,,3.9847408714156614
2000-06-13,77.0399,79.913,76.0556,79.913,78,955,,3.905435751373708,77.439,,3.9091308091716854
2000-06-14,80.7642,80.7642,77.9444,78.104,78,955,,3.8278903405613005,79.913,,3.905435751373708
2000-06-15,78.2104,79.8598,77.3592,79.6469,78,955,,3.733083887664065,78.104,,3.8278903405613005
2000-06-16,80.6578,81.1367,79.2213,80.5514,78,955,,3.6032493242594894,79.6469,,3.733083887664065
2000-06-19,80.046,83.6373,78.9021,83.5309,78,955,,3.6841029439552395,80.5514,,3.6032493242594894
2000-06-20,83.6373,84.861,82.7328,83.6373,78,955,,3.5729670193870087,83.5309,,3.6841029439552395
2000-06-21,82.4136,84.8876,82.3072,84.2225,78,955,,3.5020693751450804,83.6373,,3.5729670193870087
2000-06-22,83.9565,84.2757,80.8706,80.8706,78,955,,3.4951429912061465,84.2225,,3.5020693751450804
2000-06-23,80.8706,81.2963,77.838,78.1572,78,955,,3.492511348977137,80.8706,,3.4951429912061465
2000-06-26,79.2213,80.3652,78.3168,79.9662,78,955,,3.4007605383359127,78.1572,,3.492511348977137
2000-06-27,79.8066,80.9238,78.6361,78.8755,78,955,,3.321256214169062,79.9662,,3.4007605383359127
2000-06-28,79.1415,81.2963,78.7425,80.1258,78,955,,3.266437913156986,78.8755,,3.321256214169062
2000-06-29,79.1149,79.4873,77.1463,77.9976,78,955,,3.245942347931487,80.1258,,3.266437913156986
2000-06-30,78.1572,79.9662,78.104,79.8066,78,955,,3.1547036087935236,77.9976,,3.245942347931487
2000-07-05,79.7001,79.9928,77.3592,77.6784,78,955,,3.117481922451129,79.8066,,3.1547036087935236
2000-07-06,77.9444,80.6578,76.6675,80.445,78,955,,3.1798260708474766,77.6784,,3.117481922451129
2000-07-07,80.8706,82.5732,80.3918,81.6155,78,955,,3.1085099229297994,80.445,,3.1798260708474766
2000-07-10,80.6046,81.6155,80.0194,80.179,78,955,,3.000480642720528,81.6155,,3.1085099229297994
2000-07-11,80.0726,81.5091,79.0085,79.5937,78,955,,2.964774882526205,80.179,,3.000480642720528
2000-07-12,81.2431,83.2116,80.5514,82.6796,78,955,,3.0114266766314763,79.5937,,2.964774882526205
2000-07-13,83.3712,84.9142,82.6796,84.0629,78,955,,2.9559390568720856,82.6796,,3.0114266766314763
2000-07-14,85.3398,86.0847,84.1161,85.8452,78,955,,2.8892148385240795,84.0629,,2.9559390568720856
2000-07-17,85.9251,86.8827,85.0206,86.4039,78,955,,2.8158494929152167,85.8452,,2.8892148385240795
2000-07-18,85.4462,85.792,83.7171,84.2757,78,955,,2.806631671992701,86.4039,,2.8158494929152167
2000-07-19,83.6905,84.2225,81.4293,81.7751,78,955,,2.8094722668503653,84.2757,,2.806631671992701
2000-07-20,83.318,85.0206,82.786,84.7014,78,955,,2.8406171049324827,81.7751,,2.8094722668503653
2000-07-21,83.7969,84.4353,82.6796,83.1584,78,955,,2.7821301688658777,84.7014,,2.8406171049324827
2000-07-24,83.3712,84.2757,80.445,80.5514,78,955,,2.857028013946887,83.1584,,2.7821301688658777
2000-07-25,81.4027,82.3338,79.8598,81.9347,78,955,,2.8296688700935375,80.5514,,2.857028013946887
2000-07-26,81.2963,81.8283,79.3809,81.1367,78,955,,2.809963950801143,81.9347,,2.8296688700935375
2000-07-27,79.9662,80.9238,77.9976,78.2902,78,955,,2.8334736686010613,81.1367,,2.809963950801143
2000-07-28,78.4764,79.0617,73.2092,73.9541,78,955,,3.049118406558129,78.2902,,2.8334736686010613
2000-07-31,74.5925,76.7207,72.9698,76.7207,78,955,,3.0992456632325474,73.9541,,3.049118406558129
2000-08-01,76.4547,76.5877,74.6457,74.8851,78,955,,3.0260852587159364,76.7207,,3.0992456632325474
2000-08-02,74.8053,76.9335,73.9541,74.1403,78,955,,3.0227505973790834,74.8851,,3.0260852587159364
2000-08-03,71.7195,77.0399,70.9214,77.0399,78,955,,3.2438755547091485,74.1403,,3.0227505973790834
2000-08-04,78.3168,78.9553,75.8694,76.8271,78,955,,3.2325915865156376,77.0399,,3.2438755547091485
2000-08-07,77.3592,79.1947,76.8271,78.9021,78,955,,3.170806473193092,76.8271,,3.2325915865156376
2000-08-08,78.37,79.5405,77.8912,78.37,78,955,,3.0621274393935853,78.9021,,3.170806473193092
2000-08-09,79.7533,80.3918,78.3168,78.7159,78,955,,2.991618336579758,78.37,,3.0621274393935853
2000-08-10,78.1572,78.503,76.3483,76.4015,78,955,,2.9470455982526333,78.7159,,2.991618336579758
2000-08-11,75.9758,77.5454,74.8053,77.4124,78,955,,2.9322637698060166,76.4015,,2.9470455982526333
2000-08-14,77.7848,79.1149,76.7739,79.0617,78,955,,2.890030643391302,77.4124,,2.9322637698060166
2000-08-15,78.9553,79.9928,78.3168,79.1415,78,955,,2.8033141688633516,79.0617,,2.890030643391302
2000-08-16,79.5405,80.6046,78.5296,79.0617,78,955,,2.7512917282302554,79.1415,,2.8033141688633516
2000-08-17,79.1149,81.6155,79.0617,81.3495,78,955,,2.737185176213808,79.0617,,2.7512917282302554
2000-08-18,81.6687,82.254,80.6046,80.8174,78,955,,2.659486235055679,81.3495,,2.737185176213808
2000-08-21,81.7219,82.4402,80.3386,81.2963,78,955,,2.619637218265988,80.8174,,2.659486235055679
2000-08-22,81.7219,82.8658,81.2431,81.2963,78,955,,2.548427416961274,81.2963,,2.619637218265988
2000-08-23,80.6046,82.9456,79.8598,82.8126,78,955,,2.5868111728926113,81.2963,,2.548427416961274
2000-08-24,82.9456,84.0097,82.4136,83.9299,78,955,,2.5160460891145675,82.8126,,2.5868111728926113
2000-08-25,83.8235,84.6748,83.1052,83.5309,78,955,,2.4484427970349563,83.9299,,2.5160460891145675
2000-08-28,83.6373,84.7546,83.3712,84.0097,78,955,,2.372368311532459,83.5309,,2.4484427970349563
2000-08-29,83.9565,84.4087,83.2914,83.9565,78,955,,2.282720574994426,84.0097,,2.372368311532459
2000-08-31,84.8078,86.6699,84.7546,86.5635,78,955,,2.3134833910662524,83.9565,,2.282720574994426
2000-09-01,87.6808,88.1064,86.1379,87.0956,78,955,,2.2888417202758053,86.5635,,2.3134833910662524
2000-09-05,86.5103,86.6167,84.6215,84.7812,78,955,,2.30207445454182,87.0956,,2.2888417202758053
2000-09-06,84.4885,84.6748,81.5091,81.6155,78,955,,2.3713619935031183,84.7812,,2.30207445454182
2000-09-07,82.4136,84.2225,82.2007,83.9565,78,955,,2.388193279681467,81.6155,,2.3713619935031183
2000-09-08,83.2116,83.4245,81.0303,81.1367,78,955,,2.4266223311327915,83.9565,,2.388193279681467
2000-09-11,80.445,81.8283,78.3168,78.8489,78,955,,2.504113593194735,81.1367,,2.4266223311327915
2000-09-12,79.5937,80.6046,77.3326,77.971,78,955,,2.5589626222522543,78.8489,,2.504113593194735
2000-09-13,76.8271,79.8066,76.8271,79.4341,78,955,,2.589001006377093,77.971,,2.5589626222522543
2000-09-15,79.2745,79.7001,77.1995,77.9444,78,955,,2.5826866487787297,79.4341,,2.589001006377093
2000-09-18,78.1572,79.1681,75.3374,76.1887,78,955,,2.6718304595802485,77.9444,,2.5826866487787297
2000-09-19,77.2527,79.78,76.5079,79.6469,78,955,,2.7375068553245168,76.1887,,2.6718304595802485
2000-09-20,79.4873,81.0569,77.7316,80.445,78,955,,2.7794920799441942,79.6469,,2.7375068553245168
2000-09-21,79.8066,80.4184,78.37,78.8489,78,955,,2.7291712170910367,80.445,,2.7794920799441942
2000-09-22,74.5925,78.7159,74.4861,78.4764,78,955,,2.8458589872988203,78.8489,,2.7291712170910367
2000-09-25,79.7001,80.2322,76.6675,77.0133,78,955,,2.8972047739203335,78.4764,,2.8458589872988203
2000-09-26,77.2527,78.7425,75.7364,76.0822,78,955,,2.904983004354596,77.0133,,2.8972047739203335
2000-09-27,77.1463,77.6252,74.965,75.8694,78,955,,2.887498504043554,76.0822,,2.904983004354596
2000-09-28,75.5236,79.1681,75.5236,78.9553,78,955,,2.941570039469014,75.8694,,2.887498504043554
2000-09-29,78.3168,78.4232,75.6566,75.8694,78,955,,2.967079322364084,78.9553,,2.941570039469014
2000-10-02,76.8271,76.8271,73.2092,73.4486,78,955,,3.0135665136237924,75.8694,,2.967079322364084
2000-10-03,74.965,75.3374,71.081,71.1874,78,955,,3.1023403340792357,73.4486,,3.0135665136237924
2000-10-04,71.081,73.9275,69.9105,73.2092,78,955,,3.16767316735929,71.1874,,3.1023403340792357
2000-10-05,72.5708,74.2201,71.9855,72.7836,78,955,,3.101025083976484,73.2092,,3.16767316735929
2000-10-06,72.8368,73.6881,69.1657,70.416,78,955,,3.2025518636924497,72.7836,,3.101025083976484
2000-10-09,70.283,71.3471,67.5695,70.4958,78,955,,3.2436267305715596,70.416,,3.2025518636924497
2000-10-10,69.6445,70.9214,67.3567,67.676,78,955,,3.266560535530734,70.4958,,3.2436267305715596
2000-10-11,65.4414,68.474,64.7497,65.9468,78,955,,3.299256211564253,67.676,,3.266560535530734
2000-10-12,67.4631,67.7292,63.3398,63.7388,78,955,,3.37712362502395,65.9468,,3.299256211564253
2000-10-13,63.5792,69.3785,63.526,69.3253,78,955,,3.553936223236525,63.7388,,3.37712362502395
2000-10-16,69.0593,70.0702,67.8888,68.8465,78,955,,3.455897921576773,69.3253,,3.553936223236525
2000-10-17,70.7618,70.7884,66.3991,67.5163,78,955,,3.5225694986070026,68.8465,,3.455897921576773
2000-10-18,65.335,69.1125,63.4728,66.7449,78,955,,3.67379310584936,67.5163,,3.5225694986070026
2000-10-19,70.1234,72.3579,69.3253,72.1983,78,955,,3.812307884002977,66.7449,,3.67379310584936
2000-10-20,71.9323,74.6989,71.8259,73.156,78,955,,3.7452144637170495,72.1983,,3.812307884002977
2000-10-23,73.3688,74.4861,71.6131,72.7836,78,955,80.240234,3.6829134305944025,73.156,,3.7452144637170495
2000-10-24,73.5816,74.0605,70.549,71.3471,78,955,80.1936805,3.6706696141233737,72.7836,80.240234,3.6829134305944025
2000-10-25,69.1657,69.8041,65.4414,66.133,78,955,80.1463285,3.8303146416859897,71.3471,80.1936805,3.6706696141233737
2000-10-26,66.5587,68.1016,62.6747,67.3035,78,955,80.1106815,3.9443564529941337,66.133,80.1463285,3.8303146416859897
2000-10-27,68.8199,69.6711,65.9468,67.3567,78,955,80.091794,3.928638134923124,67.3035,80.1106815,3.9443564529941337
2000-10-30,66.5587,67.9952,64.4305,65.5744,78,955,80.04324500000001,3.902642553857187,67.3567,80.091794,3.928638134923124
2000-10-31,66.3991,70.283,66.3458,69.7509,78,955,79.99842,3.960210942867388,65.5744,80.04324500000001,3.902642553857187
2000-11-01,68.3676,70.4958,67.4099,68.6336,78,955,79.965832,3.8977601612340043,69.7509,79.99842,3.960210942867388
2000-11-02,69.9637,70.8682,69.1657,70.1234,78,955,79.94588049999999,3.778963006860147,68.6336,79.965832,3.8977601612340043
2000-11-03,70.549,71.4003,69.4849,70.6554,78,955,79.915554,3.6458513635129943,70.1234,79.94588049999999,3.778963006860147
2000-11-06,71.1874,71.6131,69.8041,69.9637,78,955,79.87166,3.5146476946906375,70.6554,79.915554,3.6458513635129943
2000-11-07,69.3253,70.2032,68.3144,69.7243,78,955,79.8207165,3.3985157164984483,69.9637,79.87166,3.5146476946906375
2000-11-08,69.9105,70.0169,64.9625,64.9625,78,955,79.74224,3.5167931653199878,69.7243,79.8207165,3.3985157164984483
2000-11-09,63.6324,65.4946,62.1427,64.9625,78,955,79.65930750000001,3.5050150820828465,64.9625,79.74224,3.5167931653199878
2000-11-10,63.2068,64.0049,61.2914,61.2914,78,955,79.556889,3.5168782905055007,64.9625,79.65930750000001,3.5050150820828465
2000-11-13,60.387,63.1536,58.0992,60.4402,78,955,79.46936799999999,3.6267012697551073,61.2914,79.556889,3.5168782905055007
2000-11-14,62.1427,64.6965,61.9299,64.4305,78,955,79.39301999999999,3.6716726076297426,60.4402,79.46936799999999,3.6267012697551073
2000-11-15,64.3241,66.4523,63.659,65.3882,78,955,79.33462850000001,3.608931707084761,64.4305,79.39301999999999,3.6716726076297426
2000-11-16,64.1645,65.5478,62.1427,62.1427,78,955,79.2624035,3.5943722994358493,65.3882,79.33462850000001,3.608931707084761
2000-11-17,62.3023,64.0049,60.4402,62.7546,78,955,79.2095985,3.5922528494761465,62.1427,79.2624035,3.5943722994358493
2000-11-20,60.387,61.3446,58.9504,59.3495,78,955,79.127531,3.607391931656422,62.7546,79.2095985,3.5922528494761465
2000-11-21,59.7485,60.5466,58.2588,59.2963,78,955,79.0317635,3.5131353651095347,59.3495,79.127531,3.607391931656422
2000-11-22,58.2588,59.6953,56.7159,56.7957,78,955,78.92016749999999,3.4750114104588543,59.2963,79.0317635,3.5131353651095347
2000-11-24,58.2056,60.1209,58.0194,59.9613,46,795,78.8108325,3.4643105954260793,56.7957,78.92016749999999,3.4750114104588543
2000-11-27,61.7703,62.0895,58.5248,58.844,78,955,78.6932505,3.4714812671813595,59.9613,78.8108325,3.4643105954260793
2000-11-28,58.6844,59.4825,55.5986,55.7316,78,955,78.553722,3.500939748096977,58.844,78.6932505,3.4714812671813595
2000-11-29,56.0242,56.8223,53.5236,55.3325,78,955,78.398764,3.4864940518043355,55.7316,78.553722,3.500939748096977
2000-11-30,52.5659,54.6941,51.5018,53.1778,78,955,78.24167849999999,3.511080190961169,55.3325,78.398764,3.4864940518043355
2000-12-01,54.5345,56.8223,52.8851,54.1886,78,955,78.078341,3.541517320178228,53.1778,78.24167849999999,3.511080190961169
2000-12-04,54.5877,55.6252,52.5659,54.4813,78,955,77.928438,3.5070732258797834,54.1886,78.078341,3.541517320178228
2000-12-05,56.237,60.4402,55.7582,60.4402,78,955,77.807132,3.6822037097455134,54.4813,77.928438,3.5070732258797834
2000-12-06,60.0943,61.5309,57.6735,58.578,78,955,77.674919,3.6947177304779775,60.4402,77.807132,3.6822037097455134
2000-12-07,57.0351,58.711,56.2902,57.7799,78,955,77.5392475,3.6037236068724074,58.578,77.674919,3.6947177304779775
2000-12-08,60.52,62.5683,59.3229,61.185,78,955,77.40623649999999,3.6883433492386644,57.7799,77.5392475,3.6037236068724074
2000-12-11,61.318,63.6324,60.387,63.1004,78,955,77.299828,3.6567045385787598,61.185,77.40623649999999,3.6883433492386644
2000-12-13,62.5151,62.5683,58.1524,58.312,78,955,77.1477965,3.7489399286802767,63.1004,77.299828,3.6567045385787598
2000-12-14,58.312,59.3229,55.8646,56.0774,78,955,76.976412,3.7281799337745425,58.312,77.1477965,3.7489399286802767
2000-12-15,54.6941,55.8646,53.2576,54.3217,78,955,76.803764,3.6632956527906466,56.0774,76.976412,3.7281799337745425
2000-12-18,55.4656,56.1572,53.2576,53.9492,78,955,76.63218,3.608745963305601,54.3217,76.803764,3.6632956527906466
2000-12-19,54.0024,56.0508,50.89,51.0762,78,955,76.4338605,3.71960696592663,53.9492,76.63218,3.608745963305601
2000-12-20,48.7884,49.6929,46.607,47.1923,78,955,76.21199849999999,3.7731493255032995,51.0762,76.4338605,3.71960696592663
2000-12-21,46.8464,49.9855,46.1814,47.5115,78,955,75.998915,3.77536008796735,47.1923,76.21199849999999,3.7731493255032995
2000-12-22,49.0544,51.7146,49.0544,51.6082,78,955,75.784501,3.805912938826825,47.5115,75.998915,3.77536008796735
2000-12-26,51.5816,52.6989,49.4269,51.156,78,955,75.5657645,3.7677763003391944,51.6082,75.784501,3.805912938826825
2000-12-27,50.8102,52.5659,50.1717,52.1403,78,955,75.3593315,3.6696637074578233,51.156,75.5657645,3.7677763003391944
2000-12-28,51.7412,53.1778,51.289,52.1669,78,955,75.1472455,3.5424591569251214,52.1403,75.3593315,3.6696637074578233
2000-12-29,52.4063,52.9649,49.3737,49.7461,78,955,74.907826,3.5459406457161844,52.1669,75.1472455,3.5424591569251214
2001-01-02,49.8525,49.9589,44.6385,45.1173,78,955,74.6455285,3.672687742450743,49.7461,74.907826,3.5459406457161844
2001-01-03,44.4256,54.0556,44.399,53.4172,78,955,74.441224,4.1001100465614035,45.1173,74.6455285,3.672687742450743
2001-01-04,52.4595,54.162,51.555,52.3531,78,955,74.2530135,3.993459328949875,53.4172,74.441224,4.1001100465614035
2001-01-05,52.1935,52.1935,47.6711,48.2564,78,955,74.0558915,4.0426408054534555,52.3531,74.2530135,3.993459328949875
2001-01-08,47.9371,48.4692,45.5429,48.416,78,955,73.8350935,3.9629021764924945,48.2564,74.0558915,4.0426408054534555
2001-01-09,49.1608,50.3313,48.2032,48.8948,78,955,73.6077115,3.831844878171602,48.416,73.8350935,3.9629021764924945
2001-01-10,47.7775,51.3954,47.4583,51.1826,78,955,73.409259,3.8393631011593445,48.8948,73.6077115,3.831844878171602
2001-01-11,50.4377,54.2153,50.4377,53.5236,78,955,73.20309200000001,3.8349514510765346,51.1826,73.409259,3.8393631011593445
2001-01-12,53.4172,55.0133,52.3531,53.1778,78,955,72.980831,3.751040633142497,53.5236,73.20309200000001,3.8349514510765346
2001-01-16,53.2576,53.5502,51.555,52.3531,78,955,72.74673200000001,3.6256234450608895,53.1778,72.980831,3.751040633142497
2001-01-17,54.9069,55.838,53.7364,54.2153,78,955,72.5187515,3.6155717704136836,52.3531,72.74673200000001,3.6256234450608895
2001-01-18,54.5877,56.8223,53.6566,56.6094,78,955,72.30087950000001,3.583438072526992,54.2153,72.5187515,3.6155717704136836
2001-01-19,57.9928,58.1524,55.8114,56.4764,78,955,72.0940475,3.4946924959179215,56.6094,72.30087950000001,3.583438072526992
2001-01-22,56.0774,57.0351,55.1197,56.1572,78,955,71.906502,3.3818858890666417,56.4764,72.0940475,3.4946924959179215
2001-01-23,56.104,58.2322,55.5986,57.7799,78,955,71.7423665,3.328436896990453,56.1572,71.906502,3.3818858890666417
2001-01-24,57.9396,58.844,57.0617,57.8331,78,955,71.56346649999999,3.2179985472054207,57.7799,71.7423665,3.328436896990453
2001-01-25,56.9287,57.5937,55.0133,55.1463,78,955,71.4042525,3.189555793833605,57.8331,71.56346649999999,3.2179985472054207
2001-01-26,54.1088,56.0242,53.63,55.8114,78,955,71.253152,3.132744665702633,55.1463,71.4042525,3.189555793833605
2001-01-29,55.1197,57.2479,54.6941,57.1202,78,955,71.11258600000001,3.091391475295303,55.8114,71.253152,3.132744665702633
2001-01-30,57.1628,57.665,56.4392,56.9159,78,955,70.963816,2.9581349413456386,57.1202,71.11258600000001,3.091391475295303
2001-01-31,57.2479,57.8864,55.0091,55.2474,78,955,70.7846235,2.952361016963808,56.9159,70.963816,2.9581349413456386
2001-02-01,54.9495,55.8518,54.1408,55.3325,78,955,70.63565100000001,2.8636923728949646,55.2474,70.7846235,2.952361016963808
2001-02-02,55.2815,55.5794,52.3871,52.5234,78,955,70.5120045,2.88716434625961,55.3325,70.63565100000001,2.8636923728949646
2001-02-05,52.0892,52.6936,51.1783,52.4042,78,955,70.39521049999999,2.7891740358124957,52.5234,70.5120045,2.88716434625961
2001-02-06,52.3446,53.7322,52.0637,52.5234,78,955,70.3162555,2.7091258903973174,52.4042,70.39521049999999,2.7891740358124957
2001-02-07,51.5103,52.0381,49.8674,51.2464,78,955,70.199525,2.705331183940366,52.5234,70.3162555,2.7091258903973174
2001-02-08,51.8423,52.3531,49.927,49.9695,78,955,70.05566,2.685386099373197,51.2464,70.199525,2.705331183940366
2001-02-09,49.5865,49.8844,47.6796,48.0627,78,955,69.914232,2.6571370922751116,49.9695,70.05566,2.685386099373197
2001-02-12,47.8839,49.3226,47.3476,48.5139,78,955,69.785169,2.608413014255461,48.0627,69.914232,2.6571370922751116
2001-02-13,49.0757,50.3526,46.8198,46.905,78,955,69.6605645,2.6744406560943568,48.5139,69.785169,2.608413014255461
2001-02-14,47.1604,49.0417,46.0707,48.8969,78,955,69.5211795,2.695623466373331,46.905,69.6605645,2.6744406560943568
2001-02-15,50.0547,51.4933,49.927,50.3101,78,955,69.4013635,2.6885360759180927,48.8969,69.5211795,2.695623466373331
2001-02-16,47.6371,48.1649,46.4197,47.0412,78,955,69.2439215,2.7743834990668,50.3101,69.4013635,2.6885360759180927
2001-02-20,47.4498,47.5349,44.598,44.6065,78,955,69.065793,2.785991820562029,47.0412,69.2439215,2.7743834990668
2001-02-21,43.883,46.0282,43.3467,43.7553,78,955,68.87782200000001,2.7785281190933127,44.6065,69.065793,2.785991820562029
2001-02-22,43.7978,44.4022,41.6186,43.1168,78,955,68.7082065,2.778890396300933,43.7553,68.87782200000001,2.7785281190933127
2001-02-23,42.6401,43.9255,41.0738,43.6361,78,955,68.547838,2.784091082279438,43.1168,68.7082065,2.778890396300933
2001-02-26,44.4363,44.7768,42.7763,44.4789,78,955,68.39088550000001,2.7281202906880497,43.6361,68.547838,2.784091082279438
2001-02-27,43.8745,44.3086,41.6271,41.8399,78,955,68.20850100000001,2.7369545556389037,44.4789,68.39088550000001,2.7281202906880497
2001-02-28,42.0953,42.7423,39.8905,40.4353,78,955,68.0358525,2.7451578016646963,41.8399,68.20850100000001,2.7369545556389037
2001-03-01,39.9841,41.8825,38.9456,41.6526,78,955,67.8774045,2.758853672974361,40.4353,68.0358525,2.7451578016646963
2001-03-02,40.1799,42.2485,39.5841,39.8394,78,955,67.73197,2.752106982047621,41.6526,67.8774045,2.758853672974361
2001-03-05,40.4353,41.1674,40.1033,40.7248,78,955,67.5759325,2.6503850547585057,39.8394,67.73197,2.752106982047621
2001-03-06,41.9676,43.1253,41.7974,41.9421,78,955,67.4246515,2.6325361222757557,40.7248,67.5759325,2.6503850547585057
2001-03-07,42.904,42.9295,41.6867,42.3251,78,955,67.2619845,2.5332692563989156,41.9421,67.4246515,2.6325361222757557
2001-03-08,42.0102,42.3932,40.9461,41.0908,78,955,67.0795785,2.4556857380847075,42.3251,67.2619845,2.5332692563989156
2001-03-09,40.2225,40.3247,38.2646,38.4774,78,955,66.8942145,2.4821510425072284,41.0908,67.0795785,2.4556857380847075
2001-03-12,37.4559,38.2646,35.5831,35.7108,78,955,66.7083185,2.511590253756712,38.4774,66.8942145,2.4821510425072284
2001-03-13,36.4173,38.0603,35.864,38.0347,78,955,66.5512005,2.5000123784883757,35.7108,66.7083185,2.511590253756712
2001-03-14,36.3492,38.4093,36.0172,37.0388,78,955,66.38897,2.4923043514534915,38.0347,66.5512005,2.5000123784883757
2001-03-15,38.4774,38.571,35.9662,36.0257,78,955,66.24668,2.500339754921099,37.0388,66.38897,2.4923043514534915
2001-03-16,35.6512,36.4344,34.5275,34.9872,78,955,66.083502,2.4579512009981626,36.0257,66.24668,2.500339754921099
2001-03-19,35.2766,36.8174,34.6892,36.7663,78,955,65.9372005,2.434397543784008,34.9872,66.083502,2.4579512009981626
2001-03-20,36.9792,37.2941,34.2211,34.2211,78,955,65.778439,2.4800120049422936,36.7663,65.9372005,2.434397543784008
2001-03-21,34.4935,35.7108,33.8039,34.1359,78,955,65.587329,2.439075433160701,34.2211,65.778439,2.4800120049422936
2001-03-22,34.5616,36.3152,33.6166,36.179,78,955,65.41454800000001,2.4576129022206508,34.1359,65.587329,2.439075433160701
2001-03-23,37.0728,37.3112,35.3277,36.179,78,955,65.2224805,2.4237476949191756,36.179,65.41454800000001,2.4576129022206508
2001-03-26,37.0047,37.0217,35.3703,35.6937,78,955,65.0035125,2.3685800024249493,36.179,65.2224805,2.4237476949191756
2001-03-27,35.5831,37.209,35.2596,36.8174,78,955,64.791493,2.3386385736803104,35.6937,65.0035125,2.3685800024249493
2001-03-28,35.6682,35.8385,33.9657,33.9657,78,955,64.57346150000001,2.3752858184174315,36.8174,64.791493,2.3386385736803104
2001-03-30,33.4549,34.0338,32.4164,33.3102,78,955,64.344438,2.3211511171019,33.9657,64.57346150000001,2.3752858184174315
2001-04-02,33.3442,33.9231,31.7864,32.1354,78,955,64.1103385,2.307976037308907,33.3102,64.344438,2.3211511171019
2001-04-03,31.6672,31.7524,29.471,29.6753,78,955,63.8599485,2.333434891786842,32.1354,64.1103385,2.307976037308907
2001-04-04,29.5476,30.484,28.6027,29.0283,78,955,63.617895,2.3011395423734964,29.6753,63.8599485,2.333434891786842
2001-04-05,30.6457,32.3142,30.3988,32.1525,78,955,63.379092500000006,2.371479575061104,29.0283,63.617895,2.3011395423734964
2001-04-06,31.4119,31.5821,30.2201,30.7394,78,955,63.14226949999999,2.3401167482710257,32.1525,63.379092500000006,2.371479575061104
2001-04-09,31.3182,31.829,30.518,31.4544,78,955,62.901306999999996,2.2666084091088097,30.7394,63.14226949999999,2.3401167482710257
2001-04-10,32.2631,34.4424,32.161,33.9657,78,955,62.668378499999996,2.318136379886752,31.4544,62.901306999999996,2.2666084091088097
2001-04-11,35.8895,36.179,34.4339,35.0298,78,955,62.425873,2.3106480670376985,33.9657,62.668378499999996,2.318136379886752
2001-04-12,34.3062,36.4088,34.0508,36.3067,78,955,62.18922,2.314030347963577,35.0298,62.425873,2.3106480670376985
2001-04-16,35.7023,36.1194,34.5871,35.0042,78,955,61.94312849999999,2.2715710373947497,36.3067,62.18922,2.314030347963577
2001-04-17,34.0082,35.9832,33.9657,35.4554,78,955,61.716052499999996,2.2534231061522676,35.0042,61.94312849999999,2.2715710373947497
2001-04-18,37.2175,43.4148,36.9026,38.8094,78,955,61.519313499999996,2.6609928842842487,35.4554,61.716052499999996,2.2534231061522676
2001-04-19,39.2435,41.4824,38.8009,41.4568,78,955,61.326766500000005,2.6624576782639453,38.8094,61.519313499999996,2.6609928842842487
2001-04-20,41.0142,42.0868,40.2736,40.9886,78,955,61.13733200000001,2.601796415530806,41.4568,61.326766500000005,2.6624576782639453
2001-04-23,40.0012,40.6056,38.2135,38.4178,78,955,60.928792,2.614175242992891,40.9886,61.13733200000001,2.601796415530806
2001-04-24,38.3923,39.5159,37.2431,37.4133,78,955,60.7258705,2.589791297064828,38.4178,60.928792,2.614175242992891
2001-04-25,37.3707,38.8009,36.9707,38.4774,78,955,60.5192245,2.5355347758459112,37.4133,60.7258705,2.589791297064828
2001-04-26,39.0733,39.1584,37.3452,37.4048,78,955,60.3178565,2.4839394347140606,38.4774,60.5192245,2.5355347758459112
2001-04-27,38.4348,38.7072,37.6602,38.4008,78,955,60.107635499999994,2.3995437608059134,37.4048,60.3178565,2.4839394347140606
2001-04-30,39.3712,40.4949,38.6902,39.3542,78,955,59.896328999999994,2.377726349319777,38.4008,60.107635499999994,2.3995437608059134
2001-05-01,39.3287,40.7758,38.6477,40.7333,78,955,59.69910049999999,2.359895895796936,39.3542,59.896328999999994,2.377726349319777
2001-05-02,41.542,42.0527,40.6056,41.6271,78,955,59.50926750000001,2.2946961889542976,40.7333,59.69910049999999,2.359895895796936
2001-05-03,40.7758,40.7758,39.3287,39.882,78,955,59.29527950000001,2.2949607468861335,41.6271,59.50926750000001,2.2946961889542976
2001-05-07,40.861,41.3717,40.0948,40.1885,78,955,59.0759075,2.2374421221085528,39.882,59.29527950000001,2.2949607468861335
2001-05-08,41.1163,41.1589,40.0012,40.9886,78,955,58.8516245,2.160317684815085,40.1885,59.0759075,2.2374421221085528
2001-05-09,40.0522,40.8184,39.533,39.7798,78,955,58.618503999999994,2.109980707328293,40.9886,58.8516245,2.160317684815085
2001-05-10,40.7929,40.9035,38.9456,39.0052,78,955,58.3921515,2.0991177996619865,39.7798,58.618503999999994,2.109980707328293
2001-05-11,39.0222,39.5159,38.3838,38.6562,78,955,58.176557,2.0300450996861303,39.0052,58.3921515,2.0991177996619865
2001-05-14,38.5625,38.6136,37.5495,38.0433,78,955,57.9432665,1.964091878279978,38.6562,58.176557,2.0300450996861303
2001-05-15,38.222,39.4138,37.9496,38.0943,78,955,57.717946000000005,1.9283853155456945,38.0433,57.9432665,1.964091878279978
2001-05-16,37.7198,40.4523,37.507,40.231,78,955,57.516344,2.0010220787210025,38.0943,57.717946000000005,1.9283853155456945
2001-05-17,40.3928,41.5335,40.2651,40.8865,78,955,57.311103,1.9511276445266448,40.231,57.516344,2.0010220787210025
2001-05-18,40.5545,41.1844,40.2225,40.9461,78,955,57.110150000000004,1.880468527060456,40.8865,57.311103,1.9511276445266448
2001-05-21,41.0057,43.5169,40.8269,43.4999,78,955,56.9361985,1.9382922036989947,40.9461,57.110150000000004,1.880468527060456
2001-05-22,43.6787,43.9596,42.9125,43.3382,78,955,56.783119000000006,1.874635617720495,43.4999,56.9361985,1.9382922036989947
2001-05-23,42.9381,42.9466,41.5164,41.542,78,955,56.607225500000006,1.8708616450261741,43.3382,56.783119000000006,1.874635617720495
2001-05-24,41.6867,42.5465,41.0908,42.4869,78,955,56.4452345,1.841207241810019,41.542,56.607225500000006,1.8708616450261741
2001-05-25,42.5294,42.5805,41.4143,41.6271,78,955,56.2826685,1.7929924388235892,42.4869,56.4452345,1.841207241810019
2001-05-29,41.2866,41.2866,39.5415,39.7543,78,955,56.0962405,1.8138929789076186,41.6271,56.2826685,1.7929924388235892
2001-05-30,38.6732,39.0307,37.524,37.7113,78,955,55.9006615,1.8436363375570746,39.7543,56.0962405,1.8138929789076186
2001-05-31,37.9156,39.0307,37.7879,38.1795,78,955,55.6970485,1.8061908848744266,37.7113,55.9006615,1.8436363375570746
2001-06-04,39.4393,39.7203,38.554,38.9541,78,955,55.499969,1.7872343930976822,38.1795,55.6970485,1.8061908848744266
2001-06-05,39.4138,41.1674,39.3287,40.8269,78,955,55.31052400000001,1.8176676507335625,38.9541,55.499969,1.7872343930976822
2001-06-06,40.9291,41.2781,40.0693,40.3757,78,955,55.13039500000001,1.7741771042525942,40.8269,55.31052400000001,1.8176676507335625
2001-06-07,40.1204,41.6356,40.0693,41.6186,78,955,54.951426,1.7593287396631232,40.3757,55.13039500000001,1.7741771042525942
2001-06-08,41.4739,41.5164,39.9671,40.2395,78,955,54.757315,1.7516266868300427,41.6186,54.951426,1.7593287396631232
2001-06-11,39.9246,40.0097,38.7243,39.1925,78,955,54.55757,1.7347390663421824,40.2395,54.757315,1.7516266868300427
2001-06-12,38.1965,39.7543,37.6517,39.3031,78,955,54.358777,1.761014847317741,39.1925,54.55757,1.7347390663421824
2001-06-13,39.3883,39.7969,37.9241,37.9496,78,955,54.141777499999996,1.7689995010807593,39.3031,54.358777,1.761014847317741
2001-06-14,37.4729,37.7964,36.2726,36.3237,78,955,53.91930899999999,1.7624281081464193,37.9496,54.141777499999996,1.7689995010807593
2001-06-15,35.5831,36.6642,35.1404,36.1705,78,955,53.69367999999999,1.745383243278818,36.3237,53.91930899999999,1.7624281081464193
2001-06-18,36.2981,36.7493,35.2426,35.3958,78,955,53.4641775,1.7283344401874738,36.1705,53.69367999999999,1.745383243278818
2001-06-19,36.877,37.0813,35.1234,35.5746,78,955,53.2279875,1.744731980174083,35.3958,53.4641775,1.7283344401874738
2001-06-20,35.1574,36.5791,35.1404,36.5365,78,955,52.991020500000005,1.7228725530187912,35.5746,53.2279875,1.744731980174083
2001-06-21,36.3237,37.6517,36.0087,37.1579,78,955,52.7591555,1.7171673706603061,36.5365,52.991020500000005,1.7228725530187912
2001-06-22,37.1324,37.6261,36.2556,36.6897,78,955,52.522555499999996,1.6924054156131416,37.1579,52.7591555,1.7171673706603061
2001-06-25,37.1239,37.2856,36.3067,36.9792,78,955,52.28766900000001,1.641440743069346,36.6897,52.522555499999996,1.6924054156131416
2001-06-26,36.213,37.3622,36.1619,37.1154,78,955,52.0404285,1.6099306899929642,36.9792,52.28766900000001,1.641440743069346
2001-06-27,37.1835,37.5836,36.6046,37.2431,78,955,51.791166,1.5648642121363239,37.1154,52.0404285,1.6099306899929642
2001-06-28,37.7964,39.4649,37.7964,38.3667,78,955,51.559093499999996,1.6117881969837293,37.2431,51.791166,1.5648642121363239
2001-06-29,38.3838,39.6011,38.0518,39.1584,78,955,51.346808,1.6073247543420346,38.3667,51.559093499999996,1.6117881969837293
2001-07-02,38.8605,39.567,38.4689,38.7158,78,955,51.1206045,1.570951557603318,39.1584,51.346808,1.6073247543420346
2001-07-03,38.52,38.886,38.1369,38.852,46,795,50.909181,1.5122478749173671,38.7158,51.1206045,1.570951557603318
2001-07-05,38.1965,38.4604,37.1579,37.1664,78,955,50.7007685,1.5252373124232694,38.852,50.909181,1.5122478749173671
2001-07-06,36.6131,36.6982,35.3192,35.4554,78,955,50.4881905,1.548234647250179,37.1664,50.7007685,1.5252373124232694
2001-07-09,35.6597,36.3407,35.3703,35.9662,78,955,50.270851,1.5069607438751662,35.4554,50.4881905,1.548234647250179
2001-07-10,36.4003,36.5025,34.4254,34.4764,78,955,50.053511,1.5476849764555112,35.9662,50.270851,1.5069607438751662
2001-07-11,34.4083,34.9872,33.9401,34.8169,78,955,49.84665199999999,1.511928906708689,34.4764,50.053511,1.5476849764555112
2001-07-12,36.2896,37.3112,36.0087,37.1324,78,955,49.6340795,1.5820982705152113,34.8169,49.84665199999999,1.511928906708689
2001-07-13,36.9281,37.8219,36.5195,37.1579,78,955,49.417644,1.5621198226212676,37.1324,49.6340795,1.5820982705152113
2001-07-16,36.9196,37.3367,35.6682,35.7533,78,955,49.202166000000005,1.5697184067197487,37.1579,49.417644,1.5621198226212676
2001-07-17,35.6001,36.7068,35.3618,36.6727,78,955,48.99314749999999,1.5536670919540525,35.7533,49.202166000000005,1.5697184067197487
2001-07-18,35.9832,36.4769,35.0212,35.3618,78,955,48.784890000000004,1.560655156814477,36.6727,48.99314749999999,1.5536670919540525
2001-07-19,36.1449,36.9026,35.5405,35.9662,78,955,48.584309999999995,1.5592369313277286,35.3618,48.784890000000004,1.560655156814477
2001-07-20,35.3192,35.8725,35.2085,35.5916,78,955,48.382921,1.5019842933757481,35.9662,48.584309999999995,1.5592369313277286
2001-07-23,35.9576,36.0938,34.519,34.5956,78,955,48.161122500000005,1.5071854152774806,35.5916,48.382921,1.5019842933757481
2001-07-24,34.3743,34.8169,33.4634,34.0593,78,955,47.952072,1.4962078856148033,34.5956,48.161122500000005,1.5071854152774806
2001-07-25,34.17,34.6637,33.54,34.536,78,955,47.757509,1.4696001794994602,34.0593,47.952072,1.4962078856148033
2001-07-26,34.4339,35.6597,34.0338,35.4724,78,955,47.578934,1.4807644523923562,34.536,47.757509,1.4696001794994602
2001-07-27,35.4469,35.9747,35.2,35.6937,78,955,47.3913565,1.4303312772214734,35.4724,47.578934,1.4807644523923562
2001-07-30,35.864,36.0087,35.2426,35.4554,78,955,47.2047155,1.3828861859913677,35.6937,47.3913565,1.4303312772214734
2001-07-31,35.6171,36.4173,35.3277,35.7108,78,955,47.0311895,1.3619371727062697,35.4554,47.2047155,1.3828861859913677
2001-08-01,36.2896,37.0302,36.1024,36.6472,78,955,46.8619465,1.3588988032272507,35.7108,47.0311895,1.3619371727062697
2001-08-02,37.2771,37.4559,36.4514,37.1835,78,955,46.709483999999996,1.3335846029967329,36.6472,46.8619465,1.3588988032272507
2001-08-03,37.0558,37.0558,36.23,36.6472,78,955,46.562986,1.306435702782681,37.1835,46.709483999999996,1.3335846029967329
2001-08-06,36.2045,36.5195,36.0513,36.1619,78,955,46.425101500000004,1.2556831525839183,36.6472,46.562986,1.306435702782681
2001-08-07,35.8385,36.4514,35.7023,35.9917,78,955,46.2584335,1.2194986416850668,36.1619,46.425101500000004,1.2556831525839183
2001-08-08,35.6256,36.3067,34.3062,34.4679,78,955,46.0865405,1.2752844529932765,35.9917,46.2584335,1.2194986416850668
2001-08-09,34.3998,34.7999,34.0338,34.5105,78,955,45.921511499999994,1.2389141349223283,34.4679,46.0865405,1.2752844529932765
2001-08-10,34.4083,34.6892,33.3953,34.3317,78,955,45.7594455,1.2428416967135907,34.5105,45.921511499999994,1.2389141349223283
2001-08-13,34.553,35.1915,34.2211,35.0979,78,955,45.5739435,1.2233815755197628,34.3317,45.7594455,1.2428416967135907
2001-08-14,35.3192,35.498,34.5105,34.6126,78,955,45.381226500000004,1.2065328915540654,35.0979,45.5739435,1.2233815755197628
2001-08-15,34.5786,34.8425,33.3357,33.3613,78,955,45.184115,1.2279805421573464,34.6126,45.381226500000004,1.2065328915540654
2001-08-16,32.8931,33.5315,32.3823,33.5145,78,955,44.99495199999999,1.2223533605746788,33.3613,45.184115,1.2279805421573464
2001-08-17,32.7228,33.0293,32.1014,32.178,78,955,44.825177,1.2359781205336304,33.5145,44.99495199999999,1.2223533605746788
2001-08-20,32.2206,32.6207,31.9396,32.5611,78,955,44.651465,1.1963439690669426,32.178,44.825177,1.2359781205336304
2001-08-21,32.5951,32.9016,31.4033,31.4289,78,955,44.471826,1.2179122569907326,32.5611,44.651465,1.1963439690669426
2001-08-22,31.8801,32.2121,31.1054,32.0844,78,955,44.304376000000005,1.2099685243485374,31.4289,44.471826,1.2179122569907326
2001-08-23,32.0673,32.7398,31.7609,31.7694,78,955,44.1144685,1.1934636297522134,32.0844,44.304376000000005,1.2099685243485374
2001-08-24,32.2291,33.5315,32.1354,33.4975,78,955,43.938787999999995,1.234080513341341,31.7694,44.1144685,1.1934636297522134
2001-08-27,33.4379,33.9657,33.0548,33.489,78,955,43.755616,1.2109961909598166,33.4975,43.938787999999995,1.234080513341341
2001-08-28,33.4719,33.5741,32.3568,32.4078,78,955,43.564378,1.2114464630341155,33.489,43.755616,1.2109961909598166
2001-08-29,32.6632,32.7313,31.6077,31.7949,78,955,43.373534,1.2051717156745356,32.4078,43.564378,1.2114464630341155
2001-08-30,31.3267,31.7609,30.501,30.816,78,955,43.17899249999999,1.2115094502692116,31.7949,43.373534,1.2051717156745356
2001-08-31,30.6713,31.5225,30.5946,31.148,78,955,43.00992,1.1912516323928395,30.816,43.17899249999999,1.2115094502692116
2001-09-04,31.0799,31.9226,30.152,30.2031,78,955,42.836123,1.2326336586504936,31.148,43.00992,1.1912516323928395
2001-09-05,30.2116,30.5691,29.0709,30.0328,78,955,42.67983,1.251602683032601,30.2031,42.836123,1.2326336586504936
2001-09-06,29.5731,30.2201,28.858,28.9091,78,955,42.5221745,1.2594953485302725,30.0328,42.67983,1.251602683032601
2001-09-07,28.6197,29.505,28.3899,28.7559,78,955,42.3438015,1.2491813950638242,28.9091,42.5221745,1.2594953485302725
2001-09-10,28.509,29.2156,28.3813,28.9432,78,955,42.161576499999995,1.2195470097021224,28.7559,42.3438015,1.2491813950638242
2001-09-17,26.6022,27.9217,26.5596,26.5766,78,955,41.983746000000004,1.3026936518662566,28.9432,42.161576499999995,1.2195470097021224
2001-09-18,26.8405,27.2406,25.8531,25.9552,78,955,41.799749,1.308751248161524,26.5766,41.983746000000004,1.3026936518662566
2001-09-19,26.0829,26.3723,24.0569,25.6317,78,955,41.63116,1.3806547304357009,25.9552,41.799749,1.308751248161524
2001-09-20,24.9422,25.6147,24.5591,24.6698,78,955,41.4580275,1.358650821118865,25.6317,41.63116,1.3806547304357009
2001-09-21,23.3333,24.6613,23.1545,23.9803,78,955,41.2939505,1.3698400481818032,24.6698,41.4580275,1.358650821118865
2001-09-24,24.7549,25.5296,24.5166,25.1976,78,955,41.120132000000005,1.3826586161688172,23.9803,41.2939505,1.3698400481818032
2001-09-25,25.2912,25.9041,24.6443,25.1125,78,955,40.951474499999996,1.3738830007281873,25.1976,41.120132000000005,1.3826586161688172
2001-09-26,25.4955,25.5381,24.1846,24.2697,78,955,40.794165,1.3724270721047453,25.1125,40.951474499999996,1.3738830007281873
2001-09-27,24.1761,24.5081,23.3418,24.2697,78,955,40.638851,1.3577037098115492,24.2697,40.794165,1.3724270721047453
2001-09-28,24.5506,24.9848,24.2867,24.7379,78,955,40.4966515,1.31180344482501,24.2697,40.638851,1.3577037098115492
2001-10-01,24.5591,24.6698,23.9718,24.3548,78,955,40.3474825,1.272824627337509,24.7379,40.4966515,1.31180344482501
2001-10-02,24.3889,25.0358,24.1761,24.5591,78,955,40.1978715,1.2433157253848295,24.3548,40.3474825,1.272824627337509
2001-10-03,24.1931,26.9086,24.1165,26.4319,78,955,40.02783,1.3539431735716274,24.5591,40.1978715,1.2433157253848295
2001-10-04,26.9427,27.8706,26.3383,26.7128,78,955,39.868504,1.3666829468879398,26.4319,40.02783,1.3539431735716274
2001-10-05,26.3894,27.1555,25.7594,26.9427,78,955,39.714318,1.3687841649673727,26.7128,39.868504,1.3666829468879398
2001-10-08,26.5,27.5386,26.3553,27.1129,78,955,39.543957500000005,1.3555352960411315,26.9427,39.714318,1.3687841649673727
2001-10-09,27.1215,27.2577,26.2787,26.3638,78,955,39.3602745,1.3286399177524792,27.1129,39.543957500000005,1.3555352960411315
2001-10-10,26.2787,27.6663,26.1765,27.6578,78,955,39.2070035,1.3401513521987307,26.3638,39.3602745,1.3286399177524792
2001-10-11,28.2536,29.488,28.2111,29.4539,78,955,39.073886,1.3751548270416785,27.6578,39.2070035,1.3401513521987307
2001-10-12,29.2241,29.6157,28.2111,29.5476,78,955,38.9500155,1.3772580536815586,29.4539,39.073886,1.3751548270416785
2001-10-15,29.0453,29.4114,28.6537,29.2156,78,955,38.8263475,1.3427324784185901,29.5476,38.9500155,1.3772580536815586
2001-10-16,29.505,29.8455,29.0028,29.7519,78,955,38.719726,1.3070158728172623,29.2156,38.8263475,1.3427324784185901
2001-10-17,30.5351,30.6032,27.8876,27.9472,78,955,38.6235005,1.4076290247588865,29.7519,38.719726,1.3070158728172623
2001-10-18,27.8365,28.5516,27.5811,28.2366,78,955,38.527125999999996,1.3764055229903949,27.9472,38.6235005,1.4076290247588865
2001-10-19,27.9727,28.7304,27.6237,28.5601,78,955,38.411885500000004,1.3571408427767953,28.2366,38.527125999999996,1.3764055229903949
2001-10-22,28.4665,29.3092,28.2792,29.3092,78,955,38.3026515,1.33377363972131,28.5601,38.411885500000004,1.3571408427767953
2001-10-23,29.6412,30.135,29.0453,29.4199,78,955,38.1890495,1.316339808312645,29.3092,38.3026515,1.33377363972131
2001-10-24,29.4539,30.3733,29.2156,30.1775,78,955,38.0791025,1.3050083934331707,29.4199,38.1890495,1.316339808312645
2001-10-25,29.5391,31.3438,29.139,31.2927,78,955,37.9868355,1.3692792224736587,30.1775,38.0791025,1.3050083934331707
2001-10-26,31.0714,31.5481,30.7989,30.867,78,955,37.915583999999996,1.3249878494398262,31.2927,37.9868355,1.3692792224736587
2001-10-29,30.6457,30.7734,29.1134,29.156,78,955,37.794278,1.3556030030512674,30.867,37.915583999999996,1.3249878494398262
2001-10-30,28.6963,29.0198,27.9557,28.4324,78,955,37.6746745,1.3445099314047482,29.156,37.794278,1.3556030030512674
2001-10-31,28.9772,29.7604,28.6708,28.9091,78,955,37.577937999999996,1.3433306505901232,28.4324,37.6746745,1.3445099314047482
2001-11-01,29.3177,30.2712,28.7559,30.169,78,955,37.486703000000006,1.3556141755479716,28.9091,37.577937999999996,1.3433306505901232
2001-11-02,30.0243,30.518,29.7008,30.2201,78,955,37.3933295,1.3171560201516879,30.169,37.486703000000006,1.3556141755479716
2001-11-05,30.867,31.6332,30.7819,31.3608,78,955,37.2942205,1.3240091615694245,30.2201,37.3933295,1.3171560201516879
2001-11-06,31.1565,32.3312,30.9777,32.2802,78,955,37.1880035,1.3261156500287516,31.3608,37.2942205,1.3240091615694245
2001-11-07,32.0163,33.0633,31.9482,32.3057,78,955,37.083643,1.3110431035981263,32.2802,37.1880035,1.3261156500287516
2001-11-08,32.8165,33.54,31.7353,32.0503,78,955,36.982129,1.3463043104839745,32.3057,37.083643,1.3110431035981263
2001-11-09,31.9992,32.4164,31.5991,32.0844,78,955,36.8714745,1.308518288306548,32.0503,36.982129,1.3463043104839745
2001-11-12,31.497,32.6462,30.9011,32.3823,78,955,36.750339,1.3397026962846519,32.0844,36.8714745,1.308518288306548
2001-11-13,33.2251,33.6252,32.8846,33.489,78,955,36.635402000000006,1.3327882179786052,32.3823,36.750339,1.3397026962846519
2001-11-14,34.0167,34.2551,32.9782,33.6252,78,955,36.522742,1.3287962024087046,33.489,36.635402000000006,1.3327882179786052
2001-11-16,33.6081,33.7784,33.1314,33.5826,78,955,36.4017555,1.2800964736652256,33.6252,36.522742,1.3287962024087046
2001-11-19,33.872,34.3402,33.6166,34.3232,78,955,36.284206000000005,1.2427752969748527,33.5826,36.4017555,1.2800964736652256
2001-11-20,34.1189,34.2466,32.7569,32.8846,78,955,36.1728975,1.2658842043337917,34.3232,36.284206000000005,1.2427752969748527
2001-11-21,32.7484,33.157,32.3312,32.9101,78,955,36.058391,1.234449618309949,32.8846,36.1728975,1.2658842043337917
2001-11-23,32.9952,33.5656,32.8335,33.4379,46,795,35.9399795,1.1985675027163813,32.9101,36.058391,1.234449618309949
2001-11-26,33.6933,34.3487,33.4975,34.3317,78,955,35.8270585,1.1780126810937828,33.4379,35.9399795,1.1985675027163813
2001-11-27,34.0934,34.8765,33.3698,34.1615,78,955,35.721629,1.2014903467299414,34.3317,35.8270585,1.1780126810937828
2001-11-28,33.821,34.3658,32.9782,32.9867,78,955,35.609899999999996,1.2147838933920885,34.1615,35.721629,1.2014903467299414
2001-11-29,33.2251,33.9316,33.0208,33.9146,78,955,35.516856000000004,1.1955064724355111,32.9867,35.609899999999996,1.2147838933920885
2001-11-30,33.821,34.0848,33.506,33.821,78,955,35.423939999999995,1.1514560101186888,33.9146,35.516856000000004,1.1955064724355111
2001-12-03,33.4464,33.7103,33.0889,33.2166,78,955,35.327406,1.1215020093959251,33.821,35.423939999999995,1.1514560101186888
2001-12-04,33.489,34.6297,33.4038,34.6041,78,955,35.244194500000006,1.1423304372962164,33.2166,35.327406,1.1215020093959251
2001-12-05,35.0723,36.7323,35.0042,36.4344,78,955,35.176519000000006,1.212749691775058,34.6041,35.244194500000006,1.1423304372962164
2001-12-06,36.3492,36.8089,36.0598,36.4088,78,955,35.1182495,1.179631856648268,36.4344,35.176519000000006,1.212749691775058
2001-12-07,36.1619,36.2641,35.0212,35.515,78,955,35.053255,1.1944867240305346,36.4088,35.1182495,1.179631856648268
2001-12-10,35.1745,35.9491,34.7999,34.8765,78,955,34.9931125,1.1912519580283536,35.515,35.053255,1.1944867240305346
2001-12-11,35.2937,35.9747,35.0298,35.2085,78,955,34.9246705,1.1846053895977569,34.8765,34.9931125,1.1912519580283536
2001-12-12,35.3277,35.7023,34.5616,35.3873,78,955,34.8500565,1.1814692903407744,35.2085,34.9246705,1.1846053895977569
2001-12-13,34.6552,34.9021,33.9231,33.9401,78,955,34.784551,1.2016643410307195,35.3873,34.8500565,1.1814692903407744
2001-12-14,33.9401,34.4424,33.6847,34.0763,78,955,34.7319,1.1699526023856683,33.9401,34.784551,1.2016643410307195
2001-12-17,34.0678,35.1064,34.0678,34.7488,78,955,34.6868675,1.1605702736438352,34.0763,34.7319,1.1699526023856683
2001-12-18,35.0383,35.3277,34.7999,35.1574,78,955,34.6470705,1.1190223969549897,34.7488,34.6868675,1.1605702736438352
2001-12-19,34.5275,35.1745,34.3232,34.519,78,955,34.601485000000004,1.099899368601062,35.1574,34.6470705,1.1190223969549897
2001-12-20,34.1359,34.3062,33.0293,33.0378,78,955,34.5442795,1.1277422708438432,34.519,34.601485000000004,1.099899368601062
2001-12-21,33.5571,33.8039,33.3272,33.489,78,955,34.502525,1.101910680069283,33.0378,34.5442795,1.1277422708438432
2001-12-24,33.6592,33.7358,33.3272,33.4719,46,795,34.467707999999995,1.052388488635763,33.489,34.502525,1.101910680069283
2001-12-26,33.5145,34.3062,33.5145,33.7529,78,955,34.4282095,1.0368107394474941,33.4719,34.467707999999995,1.052388488635763
2001-12-27,33.9231,34.2211,33.7103,34.0082,78,955,34.3990535,0.9992385437726734,33.7529,34.4282095,1.0368107394474941
2001-12-28,34.2977,34.7318,34.2466,34.3402,78,955,34.3671305,0.9795500763603394,34.0082,34.3990535,0.9992385437726734
2001-12-31,34.3147,34.4339,33.3783,33.3783,78,955,34.3243115,0.9849822137631723,34.3402,34.3671305,0.9795500763603394
2002-01-02,33.6847,34.0934,33.1399,34.0678,78,955,34.283024999999995,0.9827334842086605,33.3783,34.3243115,0.9849822137631723
2002-01-03,34.3147,35.3618,34.2721,35.2766,78,955,34.253954,1.004966806765185,34.0678,34.283024999999995,0.9827334842086605
2002-01-04,35.7108,36.0002,34.8425,35.4554,78,955,34.238844,1.0158763205676717,35.2766,34.253954,1.004966806765185
2002-01-07,35.847,35.9406,34.8765,34.9617,78,955,34.2350985,1.0193208690985527,35.4554,34.238844,1.0158763205676717
2002-01-08,34.9872,35.5575,34.7744,35.3362,78,955,34.221606,1.0024479498772274,34.9617,34.2350985,1.0193208690985527
2002-01-09,35.7874,36.2641,34.8169,35.0127,78,955,34.2114755,1.0342159534574256,35.3362,34.221606,1.0024479498772274
2002-01-10,35.0468,35.3618,34.6297,35.1064,78,955,34.206879,1.012636242496181,35.0127,34.2114755,1.0342159534574256
2002-01-11,35.2,35.4128,34.4509,34.6297,78,955,34.2050915,1.009012225175025,35.1064,34.206879,1.012636242496181
2002-01-14,34.4679,34.6297,33.7954,33.9657,78,955,34.1910885,0.9965327805196662,34.6297,34.2050915,1.009012225175025
2002-01-15,34.0763,34.6892,33.6762,34.1615,78,955,34.1907905,0.997709010482547,33.9657,34.1910885,0.9965327805196662
2002-01-16,33.6507,33.8465,33.0208,33.0293,78,955,34.1852575,1.0079226525909362,34.1615,34.1907905,0.997709010482547
2002-01-17,33.6081,34.0253,33.208,33.9231,78,955,34.173978,1.0070710345487266,33.0293,34.1852575,1.0079226525909362
2002-01-18,33.0548,33.5826,32.5355,32.825,78,955,34.157208,1.0342516749381032,33.9231,34.173978,1.0070710345487266
2002-01-22,33.1995,33.2166,31.7779,31.829,78,955,34.1378845,1.0631408410139531,32.825,34.157208,1.0342516749381032
2002-01-23,32.0503,32.9356,31.7949,32.7994,78,955,34.1177945,1.068680780941528,31.829,34.1378845,1.0631408410139531
2002-01-24,33.1484,33.6337,33.0037,33.1655,78,955,34.1137935,1.0519392965885617,32.7994,34.1177945,1.068680780941528
2002-01-25,32.7484,33.3272,32.6547,33.0293,78,955,34.112389,1.0248364896893787,33.1655,34.1137935,1.0519392965885617
2002-01-28,33.3272,33.5315,32.7058,33.157,78,955,34.117497,1.0106124547115658,33.0293,34.112389,1.0248364896893787
2002-01-29,33.3102,33.54,31.9311,32.2376,78,955,34.1303085,1.0533472793750254,33.157,34.117497,1.0106124547115658
2002-01-30,32.3483,32.6036,31.3693,32.5866,78,955,34.1481,1.0662724737053808,32.2376,34.1303085,1.0533472793750254
2002-01-31,32.8335,32.9867,32.3653,32.8165,78,955,34.15142,1.0344958684407108,32.5866,34.1481,1.0662724737053808
2002-02-01,32.6888,33.0974,32.0929,32.3993,78,955,34.159719499999994,1.0323533064092316,32.8165,34.15142,1.0344958684407108
2002-02-04,32.3142,32.4078,31.165,31.3182,78,955,34.1590385,1.0473852130942867,32.3993,34.159719499999994,1.0323533064092316
2002-02-05,31.148,31.7779,30.8075,31.0032,78,955,34.144226,1.0418862693018376,31.3182,34.1590385,1.0473852130942867
2002-02-06,31.3608,31.4033,30.3903,30.6457,78,955,34.1223055,1.0398229643517065,31.0032,34.144226,1.0418862693018376
2002-02-07,30.6372,30.9777,29.9306,29.9732,78,955,34.090638,1.040342752612299,30.6457,34.1223055,1.0398229643517065
2002-02-08,30.186,30.7564,29.7689,30.7138,78,955,34.069186,1.0365682702828491,29.9732,34.090638,1.040342752612299
2002-02-11,30.7649,31.3267,30.6287,31.3182,78,955,34.0485,1.0123848224055028,30.7138,34.069186,1.0365682702828491
2002-02-12,30.9096,31.48,30.6798,31.0884,78,955,34.009895,0.9972287636622527,31.3182,34.0485,1.0123848224055028
2002-02-13,31.2586,31.6247,31.165,31.4544,78,955,33.959883,0.9643052805435204,31.0884,34.009895,0.9972287636622527
2002-02-14,31.6247,31.9822,31.1565,31.2586,78,955,33.911233,0.9544049033618401,31.4544,33.959883,0.9643052805435204
2002-02-15,31.3523,31.4204,30.3393,30.4584,78,955,33.871435999999996,0.9634545531217087,31.2586,33.911233,0.9544049033618401
2002-02-19,30.1094,30.186,29.2156,29.4199,78,955,33.831469,0.9834077993273012,30.4584,33.871435999999996,0.9634545531217087
2002-02-20,29.7093,29.9392,28.8836,29.8711,78,955,33.7884375,0.9885643850896367,29.4199,33.831469,0.9834077993273012
2002-02-21,29.6157,29.7519,28.6027,28.6027,78,955,33.744427,1.0085526432975198,29.8711,33.7884375,0.9885643850896367
2002-02-22,28.6112,29.1134,28.1685,28.7304,78,955,33.69607499999999,1.0040060259191255,28.6027,33.744427,1.0085526432975198
2002-02-25,28.9432,29.9988,28.9006,29.803,78,955,33.648318999999994,1.0228913097820451,28.7304,33.69607499999999,1.0040060259191255
2002-02-26,29.9902,30.1605,29.2581,29.7093,78,955,33.593199,1.0142847876547563,29.803,33.648318999999994,1.0228913097820451
2002-02-27,30.1264,30.2286,28.9943,29.2326,78,955,33.5312265,1.030000159965131,29.7093,33.593199,1.0142847876547563
2002-02-28,29.3773,29.7689,28.7304,28.7985,78,955,33.475809,1.030607291396193,29.2326,33.5312265,1.030000159965131
2002-03-01,29.0709,30.4159,29.0198,30.3903,78,955,33.426818000000004,1.0725210562964649,28.7985,33.475809,1.030607291396193
2002-03-04,30.3903,31.6928,30.135,31.6502,78,955,33.380126,1.1071838379895742,30.3903,33.426818000000004,1.0725210562964649
2002-03-05,31.4374,32.2376,31.3352,31.7268,78,955,33.339861,1.092556420990319,31.6502,33.380126,1.1071838379895742
2002-03-06,31.5651,32.3057,31.1565,32.161,78,955,33.30564,1.096602390919582,31.7268,33.339861,1.092556420990319
2002-03-07,32.4504,32.6292,31.5055,31.9311,78,955,33.2720145,1.0985379344253259,32.161,33.30564,1.096602390919582
2002-03-08,32.544,33.2251,32.4589,32.9186,78,955,33.246391,1.1124995105378026,31.9311,33.2720145,1.0985379344253259
2002-03-11,32.6462,33.3613,32.3993,32.9101,78,955,33.22047,1.1017495454993884,32.9186,33.246391,1.1124995105378026
2002-03-12,31.9822,32.2887,31.7694,32.1525,78,955,33.180077499999996,1.1045317208208605,32.9101,33.22047,1.1017495454993884
2002-03-13,31.846,32.0588,31.3863,31.514,78,955,33.133215,1.0803651693336564,32.1525,33.180077499999996,1.1045317208208605
2002-03-14,31.5481,31.8375,31.2586,31.3352,78,955,33.0851605,1.0445462286669664,31.514,33.133215,1.0803651693336564
2002-03-15,31.4033,31.7779,31.148,31.6247,78,955,33.0257845,1.0149286409050402,31.3352,33.0851605,1.0445462286669664
2002-03-18,32.0333,32.2972,31.5395,31.9056,78,955,32.9686215,0.99655516655468,31.6247,33.0257845,1.0149286409050402
2002-03-19,32.0077,32.2461,31.6843,31.8801,78,955,32.920311999999996,0.9655012260864885,31.9056,32.9686215,0.99655516655468
2002-03-20,31.3863,31.5651,30.7649,30.7734,78,955,32.8617445,0.9761939956517391,31.8801,32.920311999999996,0.9655012260864885
2002-03-21,30.7734,31.6162,30.5606,31.5821,78,955,32.8115195,0.9818658531051863,30.7734,32.8617445,0.9761939956517391
2002-03-22,31.4459,31.6162,31.0458,31.1735,78,955,32.768615499999996,0.9524754350262443,31.5821,32.8115195,0.9818658531051863
2002-03-25,31.2331,31.4119,30.2456,30.2882,78,955,32.7315,0.9677486182386554,31.1735,32.768615499999996,0.9524754350262443
2002-03-26,30.152,31.0032,30.135,30.4755,78,955,32.69298,0.96063800265018,30.2882,32.7315,0.9677486182386554
2002-03-27,30.3307,30.6457,30.152,30.4414,78,955,32.6504165,0.9272852881751672,30.4755,32.69298,0.96063800265018
2002-03-28,30.6627,30.9607,30.5606,30.7734,78,955,32.600148999999995,0.8981434818769408,30.4414,32.6504165,0.9272852881751672
2002-04-01,30.4755,31.4119,30.186,31.3012,78,955,32.554776499999996,0.9215546617428736,30.7734,32.600148999999995,0.8981434818769408
2002-04-02,30.6287,30.7734,29.8625,29.8881,78,955,32.496124,0.9584936144755255,31.3012,32.554776499999996,0.9215546617428736
2002-04-03,30.0498,30.1775,29.1986,29.5306,78,955,32.442579499999994,0.9599512134415593,29.8881,32.496124,0.9584936144755255
2002-04-04,29.3688,29.9306,29.1815,29.5901,78,955,32.3945675,0.9448904124814479,29.5306,32.442579499999994,0.9599512134415593
2002-04-05,29.803,29.9392,29.0964,29.1986,78,955,32.344045,0.9375982401613445,29.5901,32.3945675,0.9448904124814479
2002-04-08,28.492,29.5816,28.4494,29.5391,78,955,32.301992500000004,0.9514983658641056,29.1986,32.344045,0.9375982401613445
2002-04-09,29.6072,29.7774,28.509,28.5175,78,955,32.262961499999996,0.9741341968738124,29.5391,32.301992500000004,0.9514983658641056
2002-04-10,28.7389,29.156,28.2026,28.858,78,955,32.226399,0.9726531828113971,28.5175,32.262961499999996,0.9741341968738124
2002-04-11,28.6537,28.8155,27.9898,28.0919,78,955,32.1898795,0.9651922411820117,28.858,32.226399,0.9726531828113971
2002-04-12,28.3643,28.7729,28.0493,28.6197,78,955,32.155105,0.9479356525261539,28.0919,32.1898795,0.9651922411820117
2002-04-15,28.7729,28.9091,28.2622,28.7559,78,955,32.116202,0.9264331059171428,28.6197,32.155105,0.9479356525261539
2002-04-16,29.3092,29.9817,29.2922,29.9221,78,955,32.080023000000004,0.9478164554944897,28.7559,32.116202,0.9264331059171428
2002-04-17,30.135,30.2201,29.4965,29.7689,78,955,32.045419,0.9318009943877402,29.9221,32.080023000000004,0.9478164554944897
2002-04-18,29.6072,29.9221,28.9432,29.5901,78,955,32.0084735,0.9351652090743301,29.7689,32.045419,0.9318009943877402
2002-04-19,29.837,29.8455,29.2667,29.3688,78,955,31.969740499999997,0.9097105512833067,29.5901,32.0084735,0.9351652090743301
2002-04-22,28.9517,28.9602,28.3047,28.5686,78,955,31.926367999999997,0.9207383690487848,29.3688,31.969740499999997,0.9097105512833067
2002-04-23,28.5942,28.7559,27.8365,27.9727,78,955,31.874398,0.9206427712595858,28.5686,31.926367999999997,0.9207383690487848
2002-04-24,28.2707,28.3558,27.5386,27.5811,78,955,31.8165115,0.913254001883901,27.9727,31.874398,0.9206427712595858
2002-04-25,27.496,27.8621,27.2406,27.6152,78,955,31.761008500000003,0.8924144303207654,27.5811,31.8165115,0.913254001883901
2002-04-26,27.8025,27.9046,26.5341,26.5341,78,955,31.699419000000002,0.9265633995835678,27.6152,31.761008500000003,0.8924144303207654
2002-04-29,26.5937,26.8576,26.0148,26.4064,78,955,31.645619,0.920580299613313,26.5341,31.699419000000002,0.9265633995835678
2002-04-30,26.4149,27.4024,26.3383,27.0363,78,955,31.6035235,0.9308317067837907,26.4064,31.645619,0.920580299613313
2002-05-01,26.9597,27.1044,26.0914,26.8661,78,955,31.558023,0.9367008705849483,27.0363,31.6035235,0.9308317067837907
2002-05-02,26.7214,27.2321,25.9297,26.0318,78,955,31.5158,0.9628222369717376,26.8661,31.558023,0.9367008705849483
2002-05-03,25.9382,25.9722,25.0954,25.2402,78,955,31.4679165,0.9609349343308992,26.0318,31.5158,0.9628222369717376
2002-05-06,25.2231,25.5211,24.5591,24.6017,78,955,31.405263,0.9610110104501207,25.2402,31.4679165,0.9609349343308992
2002-05-07,24.9167,24.9848,24.1931,24.5506,78,955,31.342226499999995,0.9489173668465406,24.6017,31.405263,0.9610110104501207
2002-05-08,25.6488,27.13,25.5551,27.1215,78,955,31.2990675,1.0653804120717876,24.5506,31.342226499999995,0.9489173668465406
2002-05-09,26.8746,27.147,26.2191,26.2957,78,955,31.247182499999997,1.0555603826380884,27.1215,31.2990675,1.0653804120717876
2002-05-10,26.3894,26.466,25.1125,25.2402,78,955,31.196574499999997,1.076841783878225,26.2957,31.247182499999997,1.0555603826380884
2002-05-13,25.4274,26.3723,25.2572,26.2787,78,955,31.148137,1.0807887993154945,25.2402,31.196574499999997,1.076841783878225
2002-05-14,27.2832,27.7599,27.13,27.6663,78,955,31.1085105,1.1093895993643876,26.2787,31.148137,1.0807887993154945
2002-05-15,27.3087,28.6282,27.1129,27.7769,78,955,31.074417000000004,1.1383831994097884,27.6663,31.1085105,1.1093895993643876
2002-05-16,27.7003,27.9727,27.4279,27.8791,78,955,31.043516,1.0959843994519463,27.7769,31.074417000000004,1.1383831994097884
2002-05-17,28.3388,28.4409,27.6407,28.0919,78,955,31.011295500000003,1.074856942348236,27.8791,31.043516,1.0959843994519463
2002-05-20,27.7514,27.8365,27.1896,27.3854,78,955,30.9708605,1.0625314464662192,28.0919,31.011295500000003,1.074856942348236
2002-05-21,27.5471,27.7429,26.466,26.6447,78,955,30.9256155,1.0778434860043462,27.3854,30.9708605,1.0625314464662192
2002-05-22,26.3638,26.8916,26.0914,26.7724,78,955,30.8822005,1.0580118084326073,26.6447,30.9256155,1.0778434860043462
2002-05-23,26.9257,27.3258,26.2191,27.2917,78,955,30.840105000000005,1.061489536401707,26.7724,30.8822005,1.0580118084326073
2002-05-24,26.8916,26.9767,26.3979,26.5852,78,955,30.789794999999998,1.0495117123730135,27.2917,30.840105000000005,1.061489536401707
2002-05-28,26.7895,26.832,25.9552,26.3723,78,955,30.735739,1.0371751614892268,26.5852,30.789794999999998,1.0495117123730135
2002-05-29,26.0999,26.3042,25.7935,25.8275,78,955,30.6816405,1.0044340785257104,26.3723,30.735739,1.0371751614892268
2002-05-30,25.5466,26.151,25.453,26.0403,78,955,30.631032499999996,0.9825459300595883,25.8275,30.6816405,1.0044340785257104
2002-05-31,26.1851,26.4234,25.5636,25.6062,78,955,30.579105,0.9737783636267606,26.0403,30.631032499999996,0.9825459300595883
2002-06-03,25.5381,25.7509,24.5081,24.5591,78,955,30.529561000000005,0.9929941947962779,25.6062,30.579105,0.9737783636267606
2002-06-04,24.474,25.2657,24.3548,24.9763,78,955,30.48189,0.9871303237394008,24.5591,30.529561000000005,0.9929941947962779
2002-06-05,25.0444,25.3678,24.6613,25.2912,78,955,30.4366875,0.9670853006151579,24.9763,30.48189,0.9871303237394008
2002-06-06,25.1125,25.121,24.3719,24.5506,78,955,30.383950999999996,0.9636720648569324,25.2912,30.4366875,0.9670853006151579
2002-06-07,23.5206,24.5081,23.4269,24.1505,78,955,30.3316405,0.9751026316528657,24.5506,30.383950999999996,0.9636720648569324
2002-06-10,24.142,24.474,23.9547,24.0654,78,955,30.285161,0.9425453008205184,24.1505,30.3316405,0.9751026316528657
2002-06-11,24.3463,24.4229,23.2907,23.3333,78,955,30.234255000000005,0.956092065047624,24.0654,30.285161,0.9425453008205184
2002-06-12,23.1886,23.8015,22.8396,23.7675,78,955,30.192202499999997,0.9565069175442223,23.3333,30.234255000000005,0.956092065047624
2002-06-13,23.6313,24.0143,23.2822,23.4525,78,955,30.146659499999995,0.9404778520053493,23.7675,30.192202499999997,0.9565069175442223
2002-06-14,22.8651,23.5972,22.3033,23.5121,78,955,30.1070755,0.9657222911478245,23.4525,30.146659499999995,0.9404778520053493
2002-06-17,23.8356,24.474,23.7589,24.3463,78,955,30.068385,0.9654492703515514,23.5121,30.1070755,0.9657222911478245
2002-06-18,24.0995,24.6443,24.0995,24.1165,78,955,30.0301205,0.9354028938978693,24.3463,30.068385,0.9654492703515514
2002-06-19,23.9207,24.0313,23.1971,23.2567,78,955,29.9789165,0.9342598300480215,24.1165,30.0301205,0.9354028938978693
2002-06-20,23.2141,23.3674,22.3884,22.5246,78,955,29.924094500000002,0.9374555564731627,23.2567,29.9789165,0.9342598300480215
2002-06-21,22.4395,22.797,21.8351,21.9628,78,955,29.8718695,0.9392015881536511,22.5246,29.924094500000002,0.9374555564731627
2002-06-24,21.6648,22.8055,21.4605,22.431,78,955,29.82505,0.9681871889998188,21.9628,29.8718695,0.9392015881536511
2002-06-25,22.6268,22.7459,21.5371,21.6818,78,955,29.779379000000002,0.9853738183569747,22.431,29.82505,0.9681871889998188
2002-06-26,20.7965,21.9457,20.7625,21.767,78,955,29.732474000000003,0.999504259902905,21.6818,29.779379000000002,0.9853738183569747
2002-06-27,22.133,22.2607,21.2988,22.2267,78,955,29.692592000000005,0.9968182413384118,21.767,29.732474000000003,0.999504259902905
2002-06-28,22.1586,22.7715,22.0053,22.2181,78,955,29.6535185,0.9803455098142397,22.2267,29.692592000000005,0.9968182413384118
2002-07-01,22.1075,22.2522,21.12,21.1626,78,955,29.614786,0.9911922591132224,22.2181,29.6535185,0.9803455098142397
2002-07-02,20.9412,21.0689,20.3368,20.439,78,955,29.5732015,0.9793785263194208,21.1626,29.614786,0.9911922591132224
2002-07-03,20.3028,21.0689,20.107,21.0434,78,955,29.5337025,0.9781300601537479,20.439,29.5732015,0.9793785263194208
2002-07-05,21.5031,22.465,21.5031,22.4224,46,795,29.5129315,1.0098064844284804,21.0434,29.5337025,0.9781300601537479
2002-07-08,22.3033,22.5842,21.3498,21.4946,78,955,29.490628500000003,1.0258488783978748,22.4224,29.5129315,1.0098064844284804
2002-07-09,21.4946,21.6904,20.9327,21.0093,78,955,29.467516500000002,1.006695387083741,21.4946,29.490628500000003,1.0258488783978748
2002-07-10,21.2732,21.3073,20.2858,20.3794,78,955,29.4460645,1.0077528594349026,21.0093,29.467516500000002,1.006695387083741
2002-07-11,20.2262,21.1881,20.0304,21.1285,78,955,29.4318055,1.0184633694752667,20.3794,29.4460645,1.0077528594349026
2002-07-12,21.4946,21.7244,20.8987,21.1541,78,955,29.411588000000002,1.0046945573698904,21.1285,29.4318055,1.0184633694752667
2002-07-15,21.0093,21.6563,20.2177,21.6308,78,955,29.3941795,1.0356878032720411,21.1541,29.411588000000002,1.0046945573698904
2002-07-16,21.4946,22.15,21.1966,21.4265,78,955,29.3799635,1.0298101030383238,21.6308,29.3941795,1.0356878032720411
2002-07-17,22.1926,22.5076,21.1881,21.7414,78,955,29.367321999999998,1.0505022385355864,21.4265,29.3799635,1.0298101030383238
2002-07-18,21.6052,21.767,21.0008,21.0945,78,955,29.349104999999998,1.0301949357830444,21.7414,29.367321999999998,1.0505022385355864
2002-07-19,20.7114,21.0349,20.2602,20.4305,78,955,29.329483500000002,1.0162024403699699,21.0945,29.349104999999998,1.0301949357830444
2002-07-22,20.3028,20.8391,19.6558,19.9027,78,955,29.306201499999997,1.0281379803435433,20.4305,29.329483500000002,1.0162024403699699
2002-07-23,19.9623,20.2177,18.9663,18.9748,78,955,29.268916,1.0440852674618617,19.9027,29.306201499999997,1.0281379803435433
2002-07-24,18.5662,20.1325,18.4215,20.107,78,955,29.235886999999998,1.0917220340717286,18.9748,29.268916,1.0440852674618617
2002-07-25,19.792,19.9197,18.5577,18.9237,78,955,29.195792,1.1244061744951765,20.107,29.235886999999998,1.0917220340717286
2002-07-26,19.2046,19.443,18.7365,19.2642,78,955,29.1565485,1.094555733459807,18.9237,29.195792,1.1244061744951765
2002-07-29,19.8091,20.5326,19.6984,20.4305,78,955,29.126882000000002,1.106973181069821,19.2642,29.1565485,1.094555733459807
2002-07-30,20.2006,21.0179,20.0815,20.7199,78,955,29.0921925,1.0947893824219768,20.4305,29.126882000000002,1.106973181069821
2002-07-31,20.4305,20.5922,19.8857,20.3368,78,955,29.046606999999998,1.0761758551061211,20.7199,29.0921925,1.0947893824219768
2002-08-01,20.2091,20.3454,19.2898,19.3238,78,955,28.995488,1.0747061511699698,20.3368,29.046606999999998,1.0761758551061211
2002-08-02,19.3919,19.443,18.5747,18.8897,78,955,28.9438585,1.0599628546578292,19.3238,28.995488,1.0747061511699698
2002-08-05,18.8216,19.0003,18.132,18.1576,78,955,28.885886999999997,1.0462726507536984,18.8897,28.9438585,1.0599628546578292
2002-08-06,18.5577,19.5877,18.5577,19.094,78,955,28.841621,1.0736888899855772,18.1576,28.885886999999997,1.0462726507536984
2002-08-07,19.7495,19.8942,18.6939,19.443,78,955,28.797653,1.0827325407008932,19.094,28.841621,1.0736888899855772
2002-08-08,19.3664,20.09,19.0089,20.0304,78,955,28.7550045,1.0826159306508294,19.443,28.797653,1.0827325407008932
2002-08-09,19.7495,20.1836,19.4771,19.8261,78,955,28.707589,1.055750507032913,20.0304,28.7550045,1.0826159306508294
2002-08-12,19.6218,19.9878,19.4941,19.8601,78,955,28.659789999999997,1.0156040422448478,19.8261,28.707589,1.055750507032913
2002-08-13,19.775,20.3198,19.1961,19.2387,78,955,28.605096000000003,1.0233251820845015,19.8601,28.659789999999997,1.0156040422448478
2002-08-14,19.2983,20.5326,19.128,20.456,78,955,28.5509125,1.0505590976498942,19.2387,28.605096000000003,1.0233251820845015
2002-08-15,20.6348,20.8987,20.1921,20.7454,78,955,28.500304500000002,1.0259905906749018,20.456,28.5509125,1.0505590976498942
2002-08-16,20.5411,21.2817,20.2006,21.0519,78,955,28.459784,1.029926977055266,20.7454,28.500304500000002,1.0259905906749018
2002-08-19,21.086,21.784,21.0093,21.6818,78,955,28.426031,1.0116964786941756,21.0519,28.459784,1.029926977055266
2002-08-20,21.435,21.6478,21.1541,21.3669,78,955,28.38832,0.9771253016445915,21.6818,28.426031,1.0116964786941756
2002-08-21,21.6137,22.0053,21.2817,21.8776,78,955,28.346863,0.9590163515271206,21.3669,28.38832,0.9771253016445915
2002-08-22,21.9117,22.3118,21.6393,22.2181,78,955,28.306853,0.9385508978466123,21.8776,28.346863,0.9590163515271206
2002-08-23,21.9628,21.9713,21.2392,21.3924,78,955,28.257011,0.9414329765718543,22.2181,28.306853,0.9385508978466123
2002-08-26,21.5371,21.6137,20.9498,21.4946,78,955,28.203082999999996,0.9216091925310078,21.3924,28.257011,0.9414329765718543
2002-08-27,21.6478,21.7159,20.5582,20.6518,78,955,28.1448135,0.9384728216359359,21.4946,28.203082999999996,0.9216091925310078
2002-08-28,20.4475,20.5071,19.9112,20.0048,78,955,28.084585999999998,0.9243390486619406,20.6518,28.1448135,0.9384728216359359
2002-08-29,19.7495,20.6178,19.5962,20.3113,78,955,28.025720500000002,0.9312862594718019,20.0048,28.084585999999998,0.9243390486619406
2002-08-30,20.107,20.4305,19.9027,19.9878,78,955,27.963748,0.9024658123666731,20.3113,28.025720500000002,0.9312862594718019
2002-09-03,19.6303,19.6473,19.0174,19.0599,78,955,27.891602499999998,0.9073182543404823,19.9878,27.963748,0.9024658123666731
2002-09-04,19.1536,19.5962,18.9322,19.4515,78,955,27.820734,0.8899383790304477,19.0599,27.891602499999998,0.9073182543404823
2002-09-05,19.0684,19.0855,18.6683,18.7194,78,955,27.746418000000002,0.8823142090997015,19.4515,27.820734,0.8899383790304477
2002-09-06,19.2898,19.7665,19.2387,19.4941,78,955,27.6722725,0.8940846227354371,18.7194,27.746418000000002,0.8823142090997015
2002-09-09,19.2983,19.8942,19.0599,19.7324,78,955,27.6065115,0.889814292540049,19.4941,27.6722725,0.8940846227354371
2002-09-10,19.775,20.1496,19.6643,20.0389,78,955,27.5421555,0.8609204145014739,19.7324,27.6065115,0.889814292540049
2002-09-12,19.775,19.8005,19.3323,19.4004,78,955,27.471968,0.8498975277513688,20.0389,27.5421555,0.8609204145014739
2002-09-13,19.2387,19.6473,19.1706,19.5366,78,955,27.397992499999997,0.823240561483414,19.4004,27.471968,0.8498975277513688
2002-09-16,19.46,19.5792,19.0429,19.2046,78,955,27.323208,0.8027448070917416,19.5366,27.397992499999997,0.823240561483414
2002-09-17,19.6218,19.758,18.9493,19.0089,78,955,27.253319,0.8031701780137599,19.2046,27.323208,0.8027448070917416
2002-09-18,18.7365,19.1961,18.5407,18.9322,78,955,27.178406999999996,0.7926151652984913,19.0089,27.253319,0.8031701780137599
2002-09-19,18.4726,18.8386,18.3449,18.3874,78,955,27.101239,0.7779497963485993,18.9322,27.178406999999996,0.7926151652984913
2002-09-20,18.5832,18.6428,18.2853,18.43,78,955,27.027306000000003,0.7479176680379852,18.3874,27.101239,0.7779497963485993
2002-09-23,18.2597,18.3193,17.7149,17.8596,78,955,26.9435835,0.7455735488924149,18.43,27.027306000000003,0.7479176680379852
2002-09-24,17.6043,18.2597,17.5787,17.8596,78,955,26.850709499999997,0.7409611525429566,17.8596,26.9435835,0.7455735488924149
2002-09-25,18.1746,18.762,17.9618,18.6173,78,955,26.761752,0.7524924987898883,17.8596,26.850709499999997,0.7409611525429566
2002-09-26,18.8641,19.0089,18.1916,18.5321,78,955,26.6768375,0.757121606019182,18.6173,26.761752,0.7524924987898883
2002-09-27,18.3449,18.9067,18.1576,18.1746,78,955,26.593327999999996,0.7565486341606691,18.5321,26.6768375,0.757121606019182
2002-09-30,17.9363,18.081,17.4425,17.6383,78,955,26.505477,0.7548023031491929,18.1746,26.593327999999996,0.7565486341606691
2002-10-01,17.8001,18.4215,17.4255,18.4045,78,955,26.420562999999998,0.7720307100671079,17.6383,26.505477,0.7548023031491929
2002-10-02,18.3108,18.7024,17.8511,18.0129,78,955,26.340927,0.7776928022051717,18.4045,26.420562999999998,0.7720307100671079
2002-10-03,17.9277,18.2172,17.6043,17.6213,78,955,26.258652,0.7659218877619451,18.0129,26.340927,0.7776928022051717
2002-10-04,17.8256,17.8937,17.119,17.2638,78,955,26.171227,0.766548895778949,17.6213,26.258652,0.7659218877619451
2002-10-07,17.2467,17.5276,16.8977,17.0169,78,955,26.080524500000003,0.7567882603661669,17.2638,26.171227,0.766548895778949
2002-10-08,17.2638,17.5447,16.8211,17.1616,78,955,25.993737499999998,0.754417670340012,17.0169,26.080524500000003,0.7567882603661669
2002-10-09,16.9743,17.4766,16.8892,17.102,78,955,25.914058499999996,0.742487836744297,17.1616,25.993737499999998,0.754417670340012
2002-10-10,17.1105,18.0554,16.9488,17.9448,78,955,25.8363375,0.7684958484054187,17.102,25.914058499999996,0.742487836744297
2002-10-11,18.3278,19.0514,18.2342,18.8131,78,955,25.763043500000002,0.7926461449478889,17.9448,25.8363375,0.7684958484054187
2002-10-14,18.6173,19.1365,18.5407,19.0855,78,955,25.689706500000003,0.7785857060230397,18.8131,25.763043500000002,0.7926461449478889
2002-10-15,19.9538,20.0815,19.7324,20.0729,78,955,25.620029999999996,0.7941152984499653,19.0855,25.689706500000003,0.7785857060230397
2002-10-16,19.3323,19.7154,19.1706,19.2898,78,955,25.544778,0.8018427771321107,20.0729,25.620029999999996,0.7941152984499653
2002-10-17,20.09,20.2687,19.8346,19.9708,78,955,25.4777405,0.8144897216226743,19.2898,25.544778,0.8018427771321107
2002-10-18,19.8176,20.2602,19.5196,20.2432,78,955,25.408617500000002,0.8092118843639119,19.9708,25.4777405,0.8144897216226743
2002-10-21,20.0219,20.8135,19.8346,20.6859,78,955,25.335664,0.8213324640522042,20.2432,25.408617500000002,0.8092118843639119
2002-10-22,20.2006,20.7199,20.1325,20.3879,78,955,25.2603265,0.8046230023341896,20.6859,25.335664,0.8213324640522042
2002-10-23,20.3028,20.9668,20.1496,20.9327,78,955,25.190181500000005,0.8055213593103189,20.3879,25.2603265,0.8046230023341896
2002-10-24,21.0093,21.1626,20.3624,20.4305,78,955,25.115653,0.8051412622167248,20.9327,25.190181500000005,0.8055213593103189
2002-10-25,20.422,21.0689,20.422,21.0604,78,955,25.045891500000003,0.7938383149155301,20.4305,25.115653,0.8051412622167248
2002-10-28,21.2817,21.3158,20.5752,20.7029,78,955,24.973874000000002,0.7900355781358495,21.0604,25.045891500000003,0.7938383149155301
2002-10-29,20.6944,20.8306,19.8942,20.3539,78,955,24.902495,0.8004901796975744,20.7029,24.973874000000002,0.7900355781358495
2002-10-30,20.4816,21.103,20.3028,20.8902,78,955,24.837117499999998,0.8004694525763192,20.3539,24.902495,0.8004901796975744
2002-10-31,20.9923,21.3158,20.7454,20.9242,78,955,24.770931,0.7840359202494392,20.8902,24.837117499999998,0.8004694525763192
2002-11-01,20.7454,21.6223,20.5497,21.5371,78,955,24.71347,0.8046476402316219,20.9242,24.770931,0.7840359202494392
2002-11-04,22.1756,22.6693,21.9628,22.1075,78,955,24.654392,0.8280442373579348,21.5371,24.71347,0.8046476402316219
2002-11-05,21.8861,22.2522,21.7585,22.2181,78,955,24.601357500000002,0.8041625061180822,22.1075,24.654392,0.8280442373579348
2002-11-06,22.3799,22.5587,21.8266,22.5416,78,955,24.554920499999998,0.7990151842525051,22.2181,24.601357500000002,0.8041625061180822
2002-11-07,22.1245,22.2181,21.5456,21.6989,78,955,24.499418000000002,0.8130855282344689,22.5416,24.554920499999998,0.7990151842525051
2002-11-08,21.6989,22.0224,21.2477,21.3754,78,955,24.4404675,0.81034370478915,21.6989,24.499418000000002,0.8130855282344689
2002-11-11,21.2392,21.2988,20.5582,20.6433,78,955,24.378537499999997,0.8108334401613535,21.3754,24.4404675,0.81034370478915
2002-11-12,20.771,21.6223,20.771,21.2307,78,955,24.318906000000002,0.8228453372926854,20.6433,24.378537499999997,0.8108334401613535
2002-11-13,21.0264,21.6648,20.8476,21.418,78,955,24.264808,0.8224420989146364,21.2307,24.318906000000002,0.8228453372926854
2002-11-14,21.7755,22.4054,21.7244,22.3799,78,955,24.213774500000003,0.8342248061350196,21.418,24.264808,0.8224420989146364
2002-11-15,22.0479,22.5161,21.9202,22.4565,78,955,24.161974499999996,0.8172016056968039,22.3799,24.213774500000003,0.8342248061350196
2002-11-18,22.7374,22.7885,22.133,22.15,78,955,24.110728000000005,0.8056514910041751,22.4565,24.161974499999996,0.8172016056968039
2002-11-19,21.9628,22.1756,21.5371,21.7074,78,955,24.062673999999998,0.7937120987895911,22.15,24.110728000000005,0.8056514910041751
2002-11-20,21.7585,22.7034,21.7414,22.6863,78,955,24.0210895,0.8081612345903346,21.7074,24.062673999999998,0.7937120987895911
2002-11-21,22.9247,23.7079,22.8566,23.6653,78,955,23.986187499999996,0.823406860691025,22.6863,24.0210895,0.8081612345903346
2002-11-22,23.2993,23.7845,23.2567,23.6057,78,955,23.954349999999998,0.8022920849273806,23.6653,23.986187499999996,0.823406860691025
2002-11-25,23.6313,24.0058,23.444,23.8866,78,955,23.920214,0.7851140788611393,23.6057,23.954349999999998,0.8022920849273806
2002-11-26,23.6483,23.7249,22.8992,23.0183,78,955,23.8787145,0.7995630732282009,23.8866,23.920214,0.7851140788611393
2002-11-27,23.4355,24.0058,23.3929,23.8441,78,955,23.842493000000005,0.8129871394261866,23.0183,23.8787145,0.7995630732282009
2002-12-02,24.1931,24.5081,23.4695,23.7079,78,955,23.8037605,0.8291023437528875,23.8441,23.842493000000005,0.8129871394261866
2002-12-03,23.4525,23.478,22.9247,23.0524,78,955,23.7627295,0.8258236049133953,23.7079,23.8037605,0.8291023437528875
2002-12-04,22.6097,22.9417,22.3118,22.6438,78,955,23.7236565,0.8197362045624385,23.0524,23.7627295,0.8258236049133953
2002-12-05,22.9417,22.9758,22.2437,22.2948,78,955,23.688031000000002,0.8134764756651214,22.6438,23.7236565,0.8197362045624385
2002-12-06,21.9713,22.7459,21.9117,22.5331,78,955,23.651341000000002,0.814956727403327,22.2948,23.688031000000002,0.8134764756651214
2002-12-09,22.3203,22.3629,21.4946,21.5371,78,955,23.616013,0.8309241040173754,22.5331,23.651341000000002,0.814956727403327
2002-12-10,21.6393,22.0905,21.5797,21.8521,78,955,23.5816215,0.81110095373042,21.5371,23.616013,0.8309241040173754
2002-12-11,21.6648,22.1926,21.5542,21.9287,78,955,23.542250000000003,0.798765171321104,21.8521,23.5816215,0.81110095373042
2002-12-12,22.133,22.2777,21.7585,21.9883,78,955,23.503645000000002,0.7787962305124536,21.9287,23.542250000000003,0.798765171321104
2002-12-13,21.7244,21.767,21.3073,21.3243,78,955,23.464103499999997,0.7718107854758497,21.9883,23.503645000000002,0.7787962305124536
2002-12-16,21.4605,22.099,21.3413,22.0224,78,955,23.430223,0.7720171579418604,21.3243,23.464103499999997,0.7718107854758497
2002-12-17,22.0224,22.3033,21.8436,22.0138,78,955,23.388340499999998,0.749708789517442,22.0224,23.430223,0.7720171579418604
2002-12-18,21.7499,21.7925,21.3243,21.4435,78,955,23.337307,0.7454081616947675,22.0138,23.388340499999998,0.749708789517442
2002-12-19,21.4265,21.9457,21.12,21.3073,78,955,23.2852095,0.751143293002284,21.4435,23.337307,0.7454081616947675
2002-12-20,21.5627,21.6648,21.3413,21.4775,78,955,23.231792,0.7230259149306921,21.3073,23.2852095,0.751143293002284
2002-12-23,21.435,21.9287,21.3924,21.8521,78,955,23.181397,0.7096883495784999,21.4775,23.231792,0.7230259149306921
2002-12-26,21.7329,22.0564,21.4265,21.5031,78,955,23.124319500000002,0.7039891817514642,21.8521,23.181397,0.7096883495784999
2002-12-27,21.435,21.5627,21.0689,21.1285,78,955,23.0654115,0.6889756687692168,21.5031,23.124319500000002,0.7039891817514642
2002-12-30,21.1541,21.2562,20.7369,20.9412,78,955,23.009355,0.6768559781428443,21.1285,23.0654115,0.6889756687692168
2002-12-31,20.8902,21.0349,20.6688,20.7965,78,955,22.9557675,0.6546591225612125,20.9412,23.009355,0.6768559781428443
2003-01-02,21.0434,21.7499,20.8135,21.7074,78,955,22.907628499999998,0.675997756663983,20.7965,22.9557675,0.6546591225612125
2003-01-03,21.6648,21.8776,21.5201,21.801,78,955,22.858510000000003,0.6532479169022701,21.7074,22.907628499999998,0.675997756663983
2003-01-06,21.9032,22.6353,21.8776,22.4735,78,955,22.811349500000002,0.6661802085521082,21.801,22.858510000000003,0.6532479169022701
2003-01-07,22.4735,22.9247,22.3458,22.6778,78,955,22.765338,0.6599459079412435,22.4735,22.811349500000002,0.6661802085521082
2003-01-08,22.448,22.5501,21.9968,22.0564,78,955,22.721753,0.6614497716597262,22.6778,22.765338,0.6599459079412435
2003-01-09,22.3373,22.9673,22.3203,22.7544,78,955,22.6776145,0.679267645112603,22.0564,22.721753,0.6614497716597262
2003-01-10,22.431,23.2056,22.3203,23.0183,78,955,22.636838500000003,0.6939842418902742,22.7544,22.6776145,0.679267645112603
2003-01-13,23.2907,23.3844,22.7544,22.8821,78,955,22.599808000000003,0.6894139388981116,23.0183,22.636838500000003,0.6939842418902742
2003-01-14,22.9162,23.2567,22.8566,23.146,78,955,22.5631605,0.6687486575482464,22.8821,22.599808000000003,0.6894139388981116
2003-01-15,23.1971,23.2822,22.6268,22.7544,78,955,22.5247255,0.6677951820090859,23.146,22.5631605,0.6687486575482464
2003-01-16,22.8055,22.9673,22.3714,22.4735,78,955,22.483226,0.6626598118655799,22.7544,22.5247255,0.6677951820090859
2003-01-17,22.0479,22.0819,21.5286,21.5542,78,955,22.434491,0.6828198253037527,22.4735,22.483226,0.6626598118655799
2003-01-21,21.6308,21.7499,21.3669,21.3924,78,955,22.3920125,0.6614041234963417,21.5542,22.434491,0.6828198253037527
2003-01-22,21.2477,21.7329,21.1711,21.3073,78,955,22.350896000000002,0.6542895432466032,21.3924,22.3920125,0.6614041234963417
2003-01-23,21.6223,21.9968,21.3754,21.8436,78,955,22.312163499999997,0.6568045758718457,21.3073,22.350896000000002,0.6542895432466032
2003-01-24,21.7329,21.7329,20.9838,21.0689,78,955,22.271515,0.6713042490238568,21.8436,22.312163499999997,0.6568045758718457
2003-01-27,20.8135,21.3073,20.7454,20.8902,78,955,22.228270499999997,0.6634896598078671,21.0689,22.271515,0.6713042490238568
2003-01-28,21.0774,21.3243,20.788,21.1796,78,955,22.191581,0.6544046841073052,20.8902,22.228270499999997,0.6634896598078671
2003-01-29,21.0774,21.6648,20.7199,21.5286,78,955,22.154933999999997,0.675154349528212,21.1796,22.191581,0.6544046841073052
2003-01-30,21.5542,21.6393,20.8476,20.8902,78,955,22.1189255,0.6834790388476253,21.5286,22.154933999999997,0.675154349528212
2003-01-31,20.4816,21.0774,20.439,20.7795,78,955,22.0797245,0.6802591075013664,20.8902,22.1189255,0.6834790388476253
2003-02-03,20.8731,21.103,20.754,20.8646,78,955,22.040268,0.6565977426798403,20.7795,22.0797245,0.6802591075013664
2003-02-04,20.5837,20.6773,20.2772,20.5497,78,955,21.993406,0.6516550467741373,20.8646,22.040268,0.6565977426798403
2003-02-05,20.7114,21.1626,20.439,20.5071,78,955,21.947097,0.6567939720045561,20.5497,21.993406,0.6516550467741373
2003-02-06,20.4645,20.7284,20.3113,20.5582,78,955,21.9019375,0.6396729740042308,20.5071,21.947097,0.6567939720045561
2003-02-07,20.7369,20.8135,20.1325,20.2517,78,955,21.856352,0.6426249044325002,20.5582,21.9019375,0.6396729740042308
2003-02-10,20.3368,20.6433,20.107,20.5497,78,955,21.816257500000003,0.6350302684016074,20.2517,21.856352,0.6426249044325002
2003-02-11,20.6688,20.9498,20.3624,20.5241,78,955,21.7790145,0.6316281063729211,20.5497,21.816257500000003,0.6350302684016074
2003-02-12,20.4901,20.7114,20.2602,20.2858,78,955,21.742538,0.618740384489141,20.5241,21.7790145,0.6316281063729211
2003-02-13,20.3028,20.3283,19.8516,20.141,78,955,21.705166999999996,0.6085946427399165,20.2858,21.742538,0.618740384489141
2003-02-14,20.2858,20.7625,20.107,20.7625,78,955,21.676308999999996,0.611945025401351,20.141,21.705166999999996,0.6085946427399165
2003-02-18,21.0264,21.4775,21.0093,21.452,78,955,21.651536999999998,0.6193060950155402,20.7625,21.676308999999996,0.611945025401351
2003-02-19,21.452,21.4861,21.0349,21.2988,78,955,21.6228495,0.6072985168001445,21.452,21.651536999999998,0.6193060950155402
2003-02-20,21.4094,21.5116,21.1455,21.1796,78,955,21.594417,0.5900700513144201,21.2988,21.6228495,0.6072985168001445
2003-02-21,21.2222,21.5967,20.8646,21.4946,78,955,21.571731,0.6002150476491043,21.1796,21.594417,0.5900700513144201
2003-02-24,21.3754,21.4605,21.0349,21.0604,78,955,21.550832,0.590178258531311,21.4946,21.571731,0.6002150476491043
2003-02-25,20.8135,21.2392,20.4986,21.1285,78,955,21.533465999999997,0.6009226686362175,21.0604,21.550832,0.590178258531311
2003-02-26,21.0093,21.2307,20.6092,20.6178,78,955,21.513802000000002,0.6023924780193447,21.1285,21.533465999999997,0.6009226686362175
2003-02-27,20.788,21.2136,20.6603,21.0689,78,955,21.483539,0.6019215867322487,20.6178,21.513802000000002,0.6023924780193447
2003-02-28,21.12,21.469,21.0434,21.3754,78,955,21.4589375,0.5893271876799454,21.0689,21.483539,0.6019215867322487
2003-03-03,21.5116,21.6904,20.9072,20.9838,78,955,21.4376555,0.6031752457028066,21.3754,21.4589375,0.5893271876799454
2003-03-04,20.9923,21.086,20.788,20.805,78,955,21.410287000000004,0.5813770138668917,20.9838,21.4376555,0.6031752457028066
2003-03-05,20.771,21.0945,20.7029,21.0093,78,955,21.377001999999997,0.5678215128763995,20.805,21.410287000000004,0.5813770138668917
2003-03-06,20.7965,21.0093,20.6603,20.8221,78,955,21.342228,0.5521914048137995,21.0093,21.377001999999997,0.5678215128763995
2003-03-07,20.4986,21.0179,20.3964,20.9072,78,955,21.3073685,0.557142018755671,20.8221,21.342228,0.5521914048137995
2003-03-10,20.7284,20.8135,20.3539,20.4135,78,955,21.268976499999997,0.5568675888445517,20.9072,21.3073685,0.557142018755671
2003-03-11,20.4816,20.6348,20.2432,20.2772,78,955,21.2334355,0.5450627610699406,20.4135,21.268976499999997,0.5568675888445517
2003-03-12,20.2262,20.5837,20.0389,20.5667,78,955,21.2030455,0.5450439924220876,20.2772,21.2334355,0.5450627610699406
2003-03-13,20.9753,21.818,20.771,21.767,78,955,21.178018500000004,0.5954908501062242,20.5667,21.2030455,0.5450439924220876
2003-03-14,21.9032,22.116,21.5882,21.801,78,955,21.150564999999997,0.5906557893843509,21.767,21.178018500000004,0.5954908501062242
2003-03-17,21.6478,22.797,21.5797,22.78,78,955,21.131539000000004,0.6354160901426117,21.801,21.150564999999997,0.5906557893843509
2003-03-18,22.814,22.8992,22.4906,22.8566,78,955,21.113960500000005,0.6192149408467108,22.78,21.131539000000004,0.6354160901426117
2003-03-19,22.8566,22.9673,22.4139,22.7289,78,955,21.0984675,0.6145138736433744,22.8566,21.113960500000005,0.6192149408467108
2003-03-20,22.5927,23.1035,22.2777,22.8396,78,955,21.082464,0.6296057398117049,22.7289,21.0984675,0.6145138736433744
2003-03-21,23.1631,23.3078,22.7885,23.1205,78,955,21.0700355,0.6217267583965832,22.8396,21.082464,0.6296057398117049
2003-03-24,22.5331,22.6438,22.1075,22.1586,78,955,21.058033000000002,0.6496748470825414,23.1205,21.0700355,0.6217267583965832
2003-03-25,22.2607,22.78,22.1415,22.5672,78,955,21.045987500000003,0.6488766437195027,22.1586,21.058033000000002,0.6496748470825414
2003-03-26,22.5587,22.7885,22.4395,22.6182,78,955,21.0326225,0.627456883453824,22.5672,21.045987500000003,0.6488766437195027
2003-03-27,22.3629,22.6778,22.2181,22.4565,78,955,21.022152000000002,0.6154742489214081,22.6182,21.0326225,0.627456883453824
2003-03-28,22.2522,22.4991,22.0905,22.1586,78,955,21.0121925,0.6006975168555932,22.4565,21.022152000000002,0.6154742489214081
2003-03-31,21.7755,21.8691,21.4605,21.5542,78,955,20.9996365,0.6076548370801937,22.1586,21.0121925,0.6006975168555932
2003-04-01,21.6563,21.8521,21.4946,21.6478,78,955,20.991208999999998,0.5897866344316086,21.5542,20.9996365,0.6076548370801937
2003-04-02,22.1841,22.6097,22.1756,22.5076,78,955,20.9849095,0.6163661605436366,21.6478,20.991208999999998,0.5897866344316086
2003-04-03,22.6778,22.8566,22.3969,22.5161,78,955,20.9802275,0.6051757205048055,22.5076,20.9849095,0.6163661605436366
2003-04-04,22.6182,22.6438,22.1075,22.2267,78,955,20.973800499999996,0.6002560261830335,22.5161,20.9802275,0.6051757205048055
2003-04-07,23.0779,23.1375,22.2862,22.3118,78,955,20.963628000000003,0.622437738598531,22.2267,20.973800499999996,0.6002560261830335
2003-04-08,22.2607,22.3799,22.0309,22.133,78,955,20.953710500000003,0.6029064715557788,22.3118,20.963628000000003,0.622437738598531
2003-04-09,22.2181,22.3714,21.6478,21.6733,78,955,20.9457935,0.6115274378732233,22.133,20.953710500000003,0.6029064715557788
2003-04-10,21.6733,21.9372,21.5371,21.8521,78,955,20.942430999999996,0.596425478025136,21.6733,20.9457935,0.6115274378732233
2003-04-11,22.15,22.2692,21.5882,21.7159,78,955,20.9411965,0.6024665153090549,21.8521,20.942430999999996,0.596425478025136
2003-04-14,21.7925,22.2522,21.6989,22.1756,78,955,20.939919500000002,0.5989546213584082,21.7159,20.9411965,0.6024665153090549
2003-04-15,22.1075,22.4224,21.9968,22.3118,78,955,20.943069499999996,0.5865721484042361,22.1756,20.939919500000002,0.5989546213584082
2003-04-16,22.6863,22.8396,22.2352,22.3118,78,955,20.9457935,0.5878455663753623,22.3118,20.943069499999996,0.5865721484042361
2003-04-17,22.2692,22.9673,22.2607,22.9077,78,955,20.949198499999998,0.5963280259199795,22.3118,20.9457935,0.5878455663753623
2003-04-21,22.9332,23.0694,22.6608,22.8821,78,955,20.952518499999996,0.5829188812114097,22.9077,20.949198499999998,0.5963280259199795
2003-04-22,22.7544,23.3759,22.6863,23.3248,78,955,20.9633295,0.5905389611248806,22.8821,20.952518499999996,0.5829188812114097
2003-04-23,23.4099,23.6227,23.2056,23.5376,78,955,20.978822499999996,0.5781504639016747,23.3248,20.9633295,0.5905389611248806
2003-04-24,23.2907,23.6227,23.2141,23.461,78,955,20.9909105,0.5660397164801265,23.5376,20.978822499999996,0.5781504639016747
2003-04-25,23.2567,23.3418,22.8651,22.9332,78,955,20.9934645,0.568172593874403,23.461,20.9909105,0.5660397164801265
2003-04-28,23.0269,23.5206,22.9417,23.4269,78,955,21.003125999999998,0.5695459800262316,22.9332,20.9934645,0.568172593874403
2003-04-29,23.5291,23.8866,23.3418,23.6227,78,955,21.016192999999998,0.5677784100243581,23.4269,21.003125999999998,0.5695459800262316
2003-04-30,23.5376,23.6568,23.3503,23.3929,78,955,21.0312605,0.5491156664511897,23.6227,21.016192999999998,0.5677784100243581
2003-05-01,23.3588,23.7249,23.146,23.5632,78,955,21.043434,0.5512431188475334,23.3929,21.0312605,0.5491156664511897
2003-05-02,23.495,24.0739,23.4695,24.0654,78,955,21.057990499999995,0.5550400389298523,23.5632,21.043434,0.5512431188475334
2003-05-05,24.108,24.44,23.9803,24.0399,78,955,21.070036,0.5482300361491488,24.0654,21.057990499999995,0.5550400389298523
2003-05-06,24.0228,24.6017,24.0143,24.3719,78,955,21.084763000000002,0.5510278907099241,24.0399,21.070036,0.5482300361491488
2003-05-07,24.1846,24.4229,23.9377,24.0654,78,955,21.096383,0.546325898516358,24.3719,21.084763000000002,0.5510278907099241
2003-05-08,23.7079,23.9973,23.6313,23.6823,78,955,21.109322000000002,0.5383097629080468,24.0654,21.096383,0.546325898516358
2003-05-09,23.8696,24.2442,23.827,24.1846,78,955,21.128092499999998,0.5399947798431861,23.6823,21.109322000000002,0.5383097629080468
2003-05-12,24.142,24.6528,23.9803,24.5591,78,955,21.151374500000003,0.5494594384258157,24.1846,21.128092499999998,0.5399947798431861
2003-05-13,24.3719,24.6783,24.2952,24.4485,78,955,21.178743,0.5375766213954002,24.5591,21.151374500000003,0.5494594384258157
2003-05-14,24.5762,24.6613,24.142,24.3038,78,955,21.199727000000003,0.536271148438586,24.4485,21.178743,0.5375766213954002
2003-05-15,24.474,24.6698,24.3123,24.6102,78,955,21.2281595,0.5241089235501156,24.3038,21.199727000000003,0.536271148438586
2003-05-16,24.457,24.6358,24.2442,24.3974,78,955,21.2538255,0.5146440004393932,24.6102,21.2281595,0.5241089235501156
2003-05-19,24.2782,24.4144,23.5036,23.5802,78,955,21.269574,0.5429408575508652,24.3974,21.2538255,0.5146440004393932
2003-05-20,23.6398,23.8015,23.3333,23.5802,78,955,21.2838755,0.5376022248686605,23.5802,21.269574,0.5429408575508652
2003-05-21,23.5376,23.6227,23.3588,23.5887,78,955,21.300135,0.5180520659494704,23.5802,21.2838755,0.5376022248686605
2003-05-22,23.6313,24.108,23.5121,23.9462,78,955,21.323246999999995,0.5236126326673655,23.5887,21.300135,0.5180520659494704
2003-05-23,23.8696,24.0484,23.793,23.9037,78,955,21.348317,0.5044545874768395,23.9462,21.323246999999995,0.5236126326673655
2003-05-27,23.776,24.8741,23.7504,24.7975,78,955,21.381516500000004,0.5486864026570653,23.9037,21.348317,0.5044545874768395
2003-05-28,24.823,25.0273,24.6528,24.8315,78,955,21.410204000000004,0.5362445167529892,24.7975,21.381516500000004,0.5486864026570653
2003-05-29,24.8826,25.3678,24.823,24.9677,78,955,21.437827499999997,0.5368556226992042,24.8315,21.410204000000004,0.5362445167529892
2003-05-30,25.138,25.4274,25.0699,25.3338,78,955,21.464344499999996,0.5313445067921181,24.9677,21.437827499999997,0.5368556226992042
2003-06-02,25.6062,25.7084,24.9507,25.0614,78,955,21.490521000000005,0.5475127563069668,25.3338,21.464344499999996,0.5313445067921181
2003-06-03,25.0614,25.4019,24.9677,25.3764,78,955,21.5181025,0.5394189879993264,25.0614,21.490521000000005,0.5475127563069668
2003-06-04,25.3764,26.0318,25.2997,25.8956,78,955,21.551387,0.5531819174279459,25.3764,21.5181025,0.5394189879993264
2003-06-05,25.6488,26.0829,25.5126,26.0574,78,955,21.579394,0.5544046376116639,25.8956,21.551387,0.5531819174279459
2003-06-06,26.5341,26.7895,25.5977,25.6573,78,955,21.6039535,0.5999328777822593,26.0574,21.579394,0.5544046376116639
2003-06-09,25.5381,25.7254,25.138,25.2827,78,955,21.6251075,0.5990376722263836,25.6573,21.6039535,0.5999328777822593
2003-06-10,25.4189,25.6913,25.2657,25.6658,78,955,21.6450275,0.5866492670673562,25.2827,21.6251075,0.5990376722263836
2003-06-11,25.5977,26.0829,25.3678,25.9893,78,955,21.6681395,0.5958243194196879,25.6658,21.6450275,0.5866492670673562
2003-06-12,26.0744,26.1765,25.7594,26.0063,78,955,21.688782999999997,0.5830582966039961,25.9893,21.6681395,0.5958243194196879
2003-06-13,26.0914,26.1595,25.4189,25.5211,78,955,21.705298000000003,0.5943112754179964,26.0063,21.688782999999997,0.5830582966039961
2003-06-16,25.6828,26.2532,25.5381,26.2276,78,955,21.729474,0.6041533271738537,25.5211,21.705298000000003,0.5943112754179964
2003-06-17,26.4064,26.483,26.0148,26.2106,78,955,21.753054000000002,0.5944423752328641,26.2276,21.729474,0.6041533271738537
2003-06-18,26.0999,26.5766,25.9212,26.3885,78,955,21.7817375,0.5987964912876595,26.2106,21.753054000000002,0.5944423752328641
2003-06-19,26.3723,26.5937,25.8616,25.9467,78,955,21.811446999999998,0.608318170481398,26.3885,21.7817375,0.5987964912876595
2003-06-20,26.134,26.151,25.7509,25.8786,78,955,21.839283499999997,0.5934454440184409,25.9467,21.811446999999998,0.608318170481398
2003-06-24,25.3083,25.6232,25.138,25.2912,78,955,21.8658005,0.6039564837314093,25.8786,21.839283499999997,0.5934454440184409
2003-06-25,25.2572,25.6913,25.1039,25.2146,78,955,21.896574,0.6027738777505943,25.2912,21.8658005,0.6039564837314093
2003-06-26,25.2912,25.7765,25.2061,25.7169,78,955,21.927901,0.6004614579112661,25.2146,21.896574,0.6027738777505943
2003-06-27,25.7509,26.0233,25.344,25.5381,78,955,21.961994499999996,0.6060927823461756,25.7169,21.927901,0.6004614579112661
2003-06-30,25.6743,25.8275,25.3678,25.4104,78,955,21.991576,0.5956361550357346,25.5381,21.961994499999996,0.6060927823461756
2003-07-01,25.2827,25.819,24.9082,25.7926,78,955,22.021877,0.6181478582474678,25.4104,21.991576,0.5956361550357346
2003-07-02,25.8888,26.3298,25.8616,26.3128,78,955,22.0532465,0.6123658683726486,25.7926,22.021877,0.6181478582474678
2003-07-03,26.134,26.4745,25.9382,26.0318,56,845,22.086403500000003,0.6069325920603166,26.3128,22.0532465,0.6123658683726486
2003-07-07,26.3638,27.1385,26.357,27.1036,78,955,22.1242385,0.6426302640560082,26.0318,22.086403500000003,0.6069325920603166
2003-07-08,27.0534,27.5045,26.9172,27.4288,78,955,22.165359500000005,0.6386781023377218,27.1036,22.1242385,0.6426302640560082
2003-07-09,27.3939,27.6578,27.181,27.3854,78,955,22.207241999999997,0.6271153807421703,27.4288,22.165359500000005,0.6386781023377218
2003-07-10,27.1129,27.2321,26.6703,26.8661,78,955,22.2469115,0.6333999964034439,27.3854,22.207241999999997,0.6271153807421703
2003-07-11,26.9444,27.2321,26.9086,27.1036,78,955,22.2904925,0.6142999966603407,26.8661,22.2469115,0.6333999964034439
2003-07-14,27.5335,27.8791,27.3002,27.4279,78,955,22.335482,0.6258142826131736,27.1036,22.2904925,0.6142999966603407
2003-07-15,27.6918,27.794,27.1896,27.3854,78,955,22.383111,0.6242846909979471,27.4279,22.335482,0.6258142826131736
2003-07-16,27.6322,27.6663,27.0108,27.3598,78,955,22.430612,0.6265143559266653,27.3854,22.383111,0.6242846909979471
2003-07-17,26.9682,27.1044,26.426,26.5656,78,955,22.4703535,0.6484633305033322,27.3598,22.430612,0.6265143559266653
2003-07-18,26.7299,26.8576,26.3213,26.6447,78,955,22.510916499999997,0.6404516640388085,26.5656,22.4703535,0.6484633305033322
2003-07-21,26.5937,26.6447,26.0574,26.2447,78,955,22.551267000000003,0.636655116607465,26.6447,22.510916499999997,0.6404516640388085
2003-07-22,26.483,26.815,26.2702,26.6507,78,955,22.596329,0.6319154654212175,26.2447,22.551267000000003,0.636655116607465
2003-07-23,26.7128,26.9172,26.3809,26.8303,78,955,22.638458,0.6250857893197019,26.6507,22.596329,0.6319154654212175
2003-07-24,27.1129,27.2491,26.4745,26.5,78,955,22.680893499999996,0.6357653757968661,26.8303,22.638458,0.6250857893197019
2003-07-25,26.5,27.0542,26.1927,27.0448,78,955,22.728011000000002,0.6518892775256616,26.5,22.680893499999996,0.6357653757968661
2003-07-28,27.1215,27.2304,26.9001,27.1129,78,955,22.7772565,0.6289186148452572,27.0448,22.728011000000002,0.6518892775256616
2003-07-29,27.181,27.2577,26.5852,26.9512,78,955,22.826928,0.6320315709277389,27.1129,22.7772565,0.6289186148452572
2003-07-30,26.9938,27.0193,26.6703,26.7384,78,955,22.874812000000002,0.6118150301471861,26.9512,22.826928,0.6320315709277389
2003-07-31,27.0619,27.5045,26.832,26.9929,78,955,22.9242665,0.6228353851366729,26.7384,22.874812000000002,0.6118150301471861
2003-08-01,26.9767,27.0619,26.6447,26.8014,78,955,22.968549499999998,0.6081471433411964,26.9929,22.9242665,0.6228353851366729
2003-08-04,26.7469,27.0704,26.2532,26.8235,78,955,23.0086015,0.6230794902453966,26.8014,22.968549499999998,0.6081471433411964
2003-08-05,26.7384,26.798,25.9467,26.0063,78,955,23.0432055,0.6412023837992967,26.8235,23.0086015,0.6230794902453966
2003-08-06,25.8446,26.1936,25.6232,25.7254,78,955,23.071468,0.6361450706707755,26.0063,23.0432055,0.6412023837992967
2003-08-07,25.7254,25.9637,25.5636,25.785,78,955,23.103944000000002,0.6192847084800058,25.7254,23.071468,0.6361450706707755
2003-08-08,25.9041,26.0063,25.4785,25.5721,78,955,23.1319505,0.6127500864457197,25.785,23.103944000000002,0.6192847084800058
2003-08-11,25.6062,26.0489,25.5636,25.8786,78,955,23.160127499999998,0.603646508842454,25.5721,23.1319505,0.6127500864457197
2003-08-12,25.9722,26.2957,25.8156,26.2727,78,955,23.1880615,0.5948217582108501,25.8786,23.160127499999998,0.603646508842454
2003-08-13,26.3723,26.4456,26.0914,26.2361,78,955,23.217302500000002,0.5776344897672179,26.2727,23.1880615,0.5948217582108501
2003-08-14,26.2872,26.5511,26.1084,26.5085,78,955,23.245181499999997,0.5679963119267024,26.2361,23.217302500000002,0.5776344897672179
2003-08-15,26.3894,26.6362,26.3298,26.5137,78,955,23.2755975,0.5493108610747951,26.5085,23.245181499999997,0.5679963119267024
2003-08-18,26.6533,27.2066,26.5852,27.1896,78,955,23.3062435,0.5595672281408812,26.5137,23.2755975,0.5493108610747951
2003-08-19,27.3343,27.5556,27.1095,27.5471,78,955,23.3404645,0.5514624261308182,27.1896,23.3062435,0.5595672281408812
2003-08-20,27.3258,27.6833,27.2577,27.4705,78,955,23.376047500000006,0.5424722528357597,27.5471,23.3404645,0.5514624261308182
2003-08-21,27.7429,27.9387,27.4705,27.8195,78,955,23.410694,0.5371670919189198,27.4705,23.376047500000006,0.5424722528357597
2003-08-22,28.3132,28.4069,27.6152,27.6407,78,955,23.4442765,0.5553480139247111,27.8195,23.410694,0.5371670919189198
2003-08-25,27.5471,27.6731,27.4194,27.6237,78,955,23.4747095,0.5338017272158033,27.6407,23.4442765,0.5553480139247111
2003-08-26,27.479,27.7429,27.0789,27.6748,78,955,23.502546,0.5431016038432458,27.6237,23.4747095,0.5338017272158033
2003-08-27,27.6578,27.9472,27.5556,27.9302,78,955,23.531106499999996,0.5322800607115855,27.6748,23.502546,0.5431016038432458
2003-08-28,28.0408,28.1855,27.685,28.1685,78,955,23.559241,0.5300100563750438,27.9302,23.531106499999996,0.5322800607115855
2003-08-29,28.126,28.475,28.0749,28.3558,78,955,23.592525499999997,0.5207307666339694,28.1685,23.559241,0.5300100563750438
2003-09-02,28.509,28.824,28.2026,28.7976,78,955,23.629636499999997,0.5279214261601146,28.3558,23.592525499999997,0.5207307666339694
2003-09-03,29.0283,29.1134,28.6452,28.7636,78,955,23.670237999999998,0.5236556100058207,28.7976,23.629636499999997,0.5279214261601146
2003-09-04,28.7985,29.1305,28.6878,29.0709,78,955,23.709439000000003,0.5178730664339766,28.7636,23.670237999999998,0.5236556100058207
2003-09-05,28.9142,29.2326,28.6623,28.824,78,955,23.746469,0.5216178474029785,29.0709,23.709439000000003,0.5178730664339766
2003-09-08,28.9432,29.3773,28.9006,29.3339,78,955,23.781238999999996,0.5238808583027658,28.824,23.746469,0.5216178474029785
2003-09-09,29.2156,29.2718,28.8751,28.9857,78,955,23.813885,0.519232225566854,29.3339,23.781238999999996,0.5238808583027658
2003-09-10,28.7304,28.8495,28.1855,28.2026,78,955,23.844148,0.5393013523120788,28.9857,23.813885,0.519232225566854
2003-09-11,28.3286,28.7559,28.1004,28.5686,78,955,23.878454,0.5476012557183588,28.2026,23.844148,0.5393013523120788
2003-09-12,28.3813,28.7218,28.1345,28.7218,78,955,23.908631500000002,0.5504368803099048,28.5686,23.878454,0.5476012557183588
2003-09-15,28.807,28.8666,28.4699,28.5014,78,955,23.932812000000002,0.539455674573483,28.7218,23.908631500000002,0.5504368803099048
2003-09-16,28.5346,29.3092,28.5346,29.2411,78,955,23.960988999999998,0.5586231263896627,28.5014,23.932812000000002,0.539455674573483
2003-09-17,29.2241,29.3697,28.9687,29.0887,78,955,23.986999499999996,0.5473643316475443,29.2411,23.960988999999998,0.5586231263896627
2003-09-18,29.0879,29.6753,28.9432,29.6063,78,955,24.0199395,0.5605597365298625,29.0887,23.986999499999996,0.5473643316475443
2003-09-19,29.6157,29.6582,29.2496,29.4539,78,955,24.047988499999995,0.5497054696348723,29.6063,24.0199395,0.5605597365298625
2003-09-22,29.0538,29.1134,28.7474,28.9006,78,955,24.073952,0.5609050789466673,29.4539,24.047988499999995,0.5497054696348723
2003-09-23,28.9176,29.4199,28.8666,29.3424,78,955,24.105401999999998,0.5603618590219054,28.9006,24.073952,0.5609050789466673
2003-09-24,29.3773,29.3858,28.3132,28.3899,78,955,24.1341325,0.596950297663198,29.3424,24.105401999999998,0.5603618590219054
2003-09-25,28.4154,28.7218,28.0579,28.074,78,955,24.1630285,0.601732419258684,28.3899,24.1341325,0.596950297663198
2003-09-26,27.9983,28.2366,27.7173,27.7344,78,955,24.189035,0.595844389311635,28.074,24.1630285,0.601732419258684
2003-09-29,27.8859,28.2281,27.6237,28.1855,78,955,24.222277,0.5964555043608041,27.7344,24.189035,0.595844389311635
2003-09-30,28.0238,28.0579,27.5445,27.6143,78,955,24.251088,0.5996372540493182,28.1855,24.222277,0.5964555043608041
2003-10-01,27.7599,28.2877,27.5982,28.2026,78,955,24.2824575,0.6060560216172242,27.6143,24.251088,0.5996372540493182
2003-10-02,28.177,28.458,28.0323,28.2707,78,955,24.313869499999996,0.5931734486445652,28.2026,24.2824575,0.6060560216172242
2003-10-03,28.8155,29.3433,28.7899,29.0845,78,955,24.352670500000002,0.6274182023128104,28.2707,24.313869499999996,0.5931734486445652
2003-10-06,29.1815,29.2905,28.9943,29.2326,78,955,24.388721499999996,0.603759759290467,29.0845,24.352670500000002,0.6274182023128104
2003-10-07,29.0794,29.4633,28.9517,29.4284,78,955,24.425794500000002,0.597176919341148,29.2326,24.388721499999996,0.603759759290467
2003-10-08,29.6284,29.6582,29.1305,29.2965,78,955,24.4650595,0.5922142822453517,29.4284,24.425794500000002,0.597176919341148
2003-10-09,29.7263,30.0243,29.3092,29.488,78,955,24.505963,0.6018989763706836,29.2965,24.4650595,0.5922142822453517
2003-10-10,29.5987,29.7689,29.488,29.7349,78,955,24.54725,0.5789704780584919,29.488,24.505963,0.6018989763706836
2003-10-13,29.9136,30.1094,29.7263,29.9221,78,955,24.587600000000002,0.5649797296257426,29.7349,24.54725,0.5789704780584919
2003-10-14,29.8796,30.0924,29.7604,30.0583,78,955,24.630376000000002,0.5483383203667611,29.9221,24.587600000000002,0.5649797296257426
2003-10-15,30.4755,30.518,29.82,29.9732,78,955,24.674599500000003,0.559028440340564,30.0583,24.630376000000002,0.5483383203667611
2003-10-16,29.8796,30.2371,29.8455,30.1758,78,955,24.720772500000002,0.5470692660305237,29.9732,24.674599500000003,0.559028440340564
2003-10-17,30.146,30.2116,29.4625,29.505,78,955,24.764314999999996,0.5615000327426294,30.1758,24.720772500000002,0.5470692660305237
2003-10-20,29.4965,29.8115,29.3688,29.7834,78,955,24.804695000000002,0.5530143161181558,29.505,24.764314999999996,0.5615000327426294
2003-10-21,29.9136,30.1775,29.7425,30.1009,78,955,24.846194500000003,0.5445847221097161,29.7834,24.804695000000002,0.5530143161181558
2003-10-22,29.7008,29.7349,29.3177,29.4199,78,955,24.8809265,0.5616286705304507,30.1009,24.846194500000003,0.5445847221097161
2003-10-23,29.0709,29.3748,28.9857,29.2326,78,955,24.9137005,0.5525266226354184,29.4199,24.8809265,0.5616286705304507
2003-10-24,28.7644,29.0198,28.509,29.0113,78,955,24.948475,0.5647461495900314,29.2326,24.9137005,0.5525266226354184
2003-10-27,29.1815,29.3262,28.9772,29.0964,78,955,24.980185000000002,0.5493357103336006,29.0113,24.948475,0.5647461495900314
2003-10-28,29.3092,30.0498,29.2581,30.0413,78,955,25.015299999999996,0.5781974453097722,29.0964,24.980185000000002,0.5493357103336006
2003-10-29,29.9647,30.1435,29.854,30.0498,78,955,25.051138499999997,0.5575761992162171,30.0413,25.015299999999996,0.5781974453097722
2003-10-30,30.484,30.5265,29.9136,30.0081,78,955,25.085448999999997,0.5615278992722017,30.0498,25.051138499999997,0.5575761992162171
2003-10-31,30.169,30.2031,29.8455,29.9477,78,955,25.1214155,0.5469616207527586,30.0081,25.085448999999997,0.5615278992722017
2003-11-03,30.1605,30.6287,30.1009,30.5351,78,955,25.161723500000004,0.55653579069899,29.9477,25.1214155,0.5469616207527586
2003-11-04,30.3818,30.5351,30.1775,30.2967,78,955,25.205436,0.5423260913633479,30.5351,25.161723500000004,0.55653579069899
2003-11-05,30.2371,30.4499,29.9221,30.3393,78,955,25.2501705,0.541288513408823,30.2967,25.205436,0.5423260913633479
2003-11-06,30.4669,30.5606,30.0839,30.4916,78,955,25.296091999999998,0.5366750481653357,30.3393,25.2501705,0.541288513408823
2003-11-07,30.7138,30.7819,30.3648,30.4414,78,955,25.339081,0.5281339732963833,30.4916,25.296091999999998,0.5366750481653357
2003-11-10,30.3903,30.4269,29.8796,29.9494,78,955,25.3834835,0.5305386894894989,30.4414,25.339081,0.5281339732963833
2003-11-11,29.9221,30.0498,29.6668,29.803,78,955,25.4280475,0.5200002116688206,29.9494,25.3834835,0.5305386894894989
2003-11-12,29.9392,30.5444,29.9136,30.501,78,955,25.4746545,0.5358144822639048,29.803,25.4280475,0.5200002116688206
2003-11-13,30.3988,30.5606,30.2626,30.4669,78,955,25.519346,0.5188277335307689,30.501,25.4746545,0.5358144822639048
2003-11-14,30.4848,30.6627,29.7859,29.803,78,955,25.563909999999996,0.544397181135714,30.4669,25.519346,0.5188277335307689
2003-11-17,29.6582,29.7178,29.1645,29.471,78,955,25.6073675,0.5511188110545916,29.803,25.563909999999996,0.544397181135714
2003-11-18,29.6838,29.7689,28.9006,28.9262,78,955,25.647675500000002,0.5737746102649778,29.471,25.6073675,0.5511188110545916
2003-11-19,28.9517,29.2837,28.841,29.1986,78,955,25.690919999999995,0.5644121381031936,28.9262,25.647675500000002,0.5737746102649778
2003-11-20,28.8751,29.522,28.7814,28.9091,78,955,25.73293,0.5769969853815368,29.1986,25.690919999999995,0.5644121381031936
2003-11-21,29.0215,29.156,28.7133,29.0709,78,955,25.775493500000003,0.5674043435685697,28.9091,25.73293,0.5769969853815368
2003-11-24,29.3858,29.9988,29.3433,29.9953,78,955,25.824211499999997,0.5931540333136718,29.0709,25.775493500000003,0.5674043435685697
2003-11-25,30.0413,30.1775,29.8711,29.9051,78,955,25.8709885,0.5726716023626952,29.9953,25.824211499999997,0.5931540333136718
2003-11-26,30.135,30.2371,29.6327,30.0311,78,955,25.918523500000003,0.5749379164796458,29.9051,25.8709885,0.5726716023626952
2003-12-01,30.3988,30.6457,30.1945,30.5776,78,955,25.9699825,0.5777709224453855,30.0311,25.918523500000003,0.5749379164796458
2003-12-02,30.4925,30.6883,30.2882,30.3052,78,955,26.020803500000003,0.5650801422707152,30.5776,25.9699825,0.5777709224453855
2003-12-03,30.5095,30.7479,30.0924,30.1086,78,955,26.067534000000002,0.5715387035370927,30.3052,26.020803500000003,0.5650801422707152
2003-12-04,30.1264,30.3988,29.8625,30.3273,78,955,26.1119105,0.5690216532844432,30.1086,26.067534000000002,0.5715387035370927
2003-12-05,30.0243,30.2201,29.7604,29.837,78,955,26.1546015,0.5688701066212688,30.3273,26.1119105,0.5690216532844432
2003-12-08,29.8115,30.0754,29.6072,30.0073,78,955,26.19874,0.5616793847197495,29.837,26.1546015,0.5688701066212688
2003-12-09,30.169,30.186,29.2581,29.3007,78,955,26.2377705,0.5878380000969105,30.0073,26.19874,0.5616793847197495
2003-12-10,29.3714,29.5391,29.0538,29.3969,78,955,26.279453,0.5805138572328457,29.3007,26.2377705,0.5878380000969105
2003-12-11,29.3688,30.1264,29.3629,29.9988,78,955,26.3238045,0.5935842960019282,29.3969,26.279453,0.5805138572328457
2003-12-12,30.0583,30.0839,29.7263,29.9902,78,955,26.370666500000002,0.5767282748589334,29.9988,26.3238045,0.5935842960019282
2003-12-15,30.5861,30.6372,29.5391,29.5816,78,955,26.41323,0.6139691123690095,29.9902,26.370666500000002,0.5767282748589334
2003-12-16,29.6157,29.814,29.3007,29.7093,78,955,26.4548995,0.606778461485509,29.5816,26.41323,0.6139691123690095
2003-12-17,29.6327,29.7944,29.4318,29.6242,78,955,26.498101500000004,0.5893371428079727,29.7093,26.4548995,0.606778461485509
2003-12-18,29.7519,30.3393,29.751,30.2797,78,955,26.545474999999996,0.5983202040359749,29.6242,26.498101500000004,0.5893371428079727
2003-12-19,30.3137,30.3478,29.9647,30.1775,78,955,26.591316000000003,0.5829473323191194,30.2797,26.545474999999996,0.5983202040359749
2003-12-22,30.0924,30.3733,30.0413,30.2882,78,955,26.6386465,0.5650225228677539,30.1775,26.591316000000003,0.5829473323191194
2003-12-23,30.3052,30.6627,30.2456,30.6117,78,955,26.687168999999997,0.5544566283772002,30.2882,26.6386465,0.5650225228677539
2003-12-24,30.5211,30.6743,30.487,30.5721,46,795,26.737962000000003,0.5282311549216859,30.6117,26.687168999999997,0.5544566283772002
2003-12-26,30.6232,30.734,30.504,30.5296,46,795,26.789224,0.5069289295701369,30.5721,26.737962000000003,0.5282311549216859
2003-12-29,30.6829,31.0916,30.6743,31.0746,78,955,26.8417635,0.5108625774579844,30.5296,26.789224,0.5069289295701369
2003-12-30,31.1087,31.1257,30.9128,31.0627,78,955,26.888242,0.4895795362109853,31.0746,26.8417635,0.5108625774579844
2003-12-31,31.1853,31.2023,30.8702,30.9724,78,955,26.934099,0.47833099791020073,31.0627,26.888242,0.4895795362109853
2004-01-02,31.2194,31.3301,30.8447,30.9383,78,955,26.974890499999997,0.4788359266309008,30.9724,26.934099,0.47833099791020073
2004-01-05,31.1623,31.6435,31.158,31.6196,78,955,27.018705499999996,0.49500478901440775,30.9383,26.974890499999997,0.4788359266309008
2004-01-06,31.577,31.8666,31.4663,31.7899,78,955,27.0640105,0.48824016122766417,31.6196,27.018705499999996,0.49500478901440775
2004-01-07,31.7388,32.0403,31.5685,32.0284,78,955,27.1099545,0.4870658639971169,31.7899,27.0640105,0.48824016122766417
2004-01-08,32.2328,32.3435,32.0199,32.3094,78,955,27.155898999999998,0.4753897308544656,32.0284,27.1099545,0.4870658639971169
2004-01-09,32.1135,32.6585,32.0113,32.2055,78,955,27.206133499999996,0.48766189293628937,32.3094,27.155898999999998,0.4753897308544656
2004-01-12,32.2328,32.6322,32.088,32.6245,78,955,27.25642,0.4917003291551256,32.2055,27.206133499999996,0.48766189293628937
2004-01-13,32.5904,32.6534,32.0284,32.2753,78,955,27.3047055,0.5012217342154738,32.6245,27.25642,0.4917003291551256
2004-01-14,32.4312,32.5487,32.2242,32.4465,78,955,27.3546555,0.48859875320008234,32.2753,27.3047055,0.5012217342154738
2004-01-15,32.3009,32.7522,32.0454,32.4627,78,955,27.406176000000002,0.5041845565429337,32.4465,27.3546555,0.48859875320008234
2004-01-16,32.6841,32.897,32.5138,32.8459,78,955,27.4626345,0.49919280250415277,32.4627,27.406176000000002,0.5041845565429337
2004-01-20,32.9822,33.0843,32.6245,32.9225,78,955,27.519008,0.49637903089671337,32.8459,27.4626345,0.49919280250415277
2004-01-21,32.6935,32.9225,32.3605,32.7105,78,955,27.5700225,0.5010662429755194,32.9225,27.519008,0.49637903089671337
2004-01-22,32.8289,32.9481,32.4201,32.4312,78,955,27.619598,0.5029900827629822,32.7105,27.5700225,0.5010662429755194
2004-01-23,32.5393,32.7522,32.1731,32.386,78,955,27.6703945,0.5084265054227695,32.4312,27.619598,0.5029900827629822
2004-01-26,32.3435,32.88,32.2242,32.8459,78,955,27.723065,0.5189531836068574,32.386,27.6703945,0.5084265054227695
2004-01-27,32.7948,32.897,32.1561,32.1817,78,955,27.7733085,0.5348065276349387,32.8459,27.723065,0.5189531836068574
2004-01-28,32.3094,32.4116,31.5174,31.6417,78,955,27.8231505,0.560477489946729,32.1817,27.7733085,0.5348065276349387
2004-01-29,31.7133,31.7729,31.2194,31.6494,78,955,27.872137000000002,0.5599790978076769,31.6417,27.8231505,0.560477489946729
2004-01-30,31.6792,31.8836,31.4834,31.5847,78,955,27.921481,0.5485663051071287,31.6494,27.872137000000002,0.5599790978076769
2004-02-02,31.6792,31.9177,31.3556,31.4663,78,955,27.9679345,0.5495329975994767,31.5847,27.921481,0.5485663051071287
2004-02-03,31.4323,31.7133,31.3726,31.56,78,955,28.0141755,0.5346163549138,31.4663,27.9679345,0.5495329975994767
2004-02-04,31.1853,31.3931,30.9375,31.0014,78,955,28.0576235,0.5408937581342428,31.56,28.0141755,0.5346163549138
2004-02-05,31.0916,31.2449,30.9383,31.0695,78,955,28.098432499999998,0.5241584896960825,31.0014,28.0576235,0.5408937581342428
2004-02-06,31.1683,31.7388,31.1087,31.7218,78,955,28.142631,0.5345257404320766,31.0695,28.098432499999998,0.5241584896960825
2004-02-09,31.7984,31.8325,31.5515,31.5941,78,955,28.1839775,0.5164167589726425,31.7218,28.142631,0.5345257404320766
2004-02-10,31.5608,31.8581,31.5344,31.7048,78,955,28.2248135,0.5026512761888823,31.5941,28.1839775,0.5164167589726425
2004-02-11,31.7107,32.0795,31.5089,32.0028,78,955,28.2675225,0.5075047564611052,31.7048,28.2248135,0.5026512761888823
2004-02-12,31.9517,32.105,31.7303,31.7899,78,955,28.311805999999997,0.49801870242816887,32.0028,28.2675225,0.5075047564611052
2004-02-13,31.841,32.0028,31.3045,31.4748,78,955,28.3520455,0.5123245093975853,31.7899,28.311805999999997,0.49801870242816887
2004-02-17,31.7473,32.0369,31.6963,31.9032,78,955,28.393448000000003,0.5158799015834724,31.4748,28.3520455,0.5123245093975853
2004-02-18,31.9432,32.0795,31.7814,31.9262,78,955,28.436114500000002,0.5003241943275102,31.9032,28.393448000000003,0.5158799015834724
2004-02-19,32.2498,32.2753,31.4408,31.4748,78,955,28.4756725,0.5241938947326882,31.9262,28.436114500000002,0.5003241943275102
2004-02-20,31.5149,31.6281,31.1257,31.4323,78,955,28.512507,0.5226371879660677,31.4748,28.4756725,0.5241938947326882
2004-02-23,31.5089,31.5344,30.751,30.9971,78,955,28.547293,0.5412631031113486,31.4323,28.512507,0.5226371879660677
2004-02-24,30.9128,31.2108,30.7425,30.9809,78,955,28.580337999999998,0.5360514528891094,30.9971,28.547293,0.5412631031113486
2004-02-25,31.0235,31.2279,30.9383,31.1512,78,955,28.615767,0.5184477776827444,30.9809,28.580337999999998,0.5360514528891094
2004-02-26,31.0576,31.3726,30.917,31.2534,78,955,28.653622499999997,0.5139586507054053,31.1512,28.615767,0.5184477776827444
2004-02-27,31.3045,31.4578,30.8872,31.1172,78,955,28.688285500000003,0.5180044613693048,31.2534,28.653622499999997,0.5139586507054053
2004-03-01,31.2449,31.5685,31.0576,31.4919,78,955,28.7229495,0.5174969998429259,31.1172,28.688285500000003,0.5180044613693048
2004-03-02,31.4953,31.6622,31.1853,31.2338,78,955,28.756876000000002,0.5145972141398596,31.4919,28.7229495,0.5174969998429259
2004-03-03,31.0916,31.1938,30.8361,31.0661,78,955,28.7906875,0.5062474131298697,31.2338,28.756876000000002,0.5145972141398596
2004-03-04,31.032,31.3641,30.9979,31.3462,78,955,28.824367499999997,0.4962440264777361,31.0661,28.7906875,0.5062474131298697
2004-03-05,31.0167,31.6366,30.9639,31.2449,78,955,28.858604999999997,0.5088480245864694,31.3462,28.824367499999997,0.4962440264777361
2004-03-08,31.2432,31.3556,30.487,30.5211,78,955,28.8933095,0.5345445942588645,31.2449,28.858604999999997,0.5088480245864694
2004-03-09,30.4861,30.6403,30.2485,30.487,78,955,28.927843499999998,0.5243485518118027,30.5211,28.8933095,0.5345445942588645
2004-03-10,30.4444,30.6488,30.0101,30.0527,78,955,28.9601635,0.532516512396674,30.487,28.927843499999998,0.5243485518118027
2004-03-11,29.8653,30.2571,29.6865,29.7206,78,955,28.9890355,0.5352367615111975,30.0527,28.9601635,0.532516512396674
2004-03-12,29.959,30.2996,29.9335,30.2826,78,955,29.02093,0.5383627071175405,29.7206,28.9890355,0.5352367615111975
2004-03-15,30.1123,30.1464,29.6439,29.6609,78,955,29.045247,0.5455296566091448,30.2826,29.02093,0.5383627071175405
2004-03-16,29.8994,30.0186,29.4906,29.8091,78,955,29.070135,0.54427753827992,29.6609,29.045247,0.5455296566091448
2004-03-17,29.9846,30.3337,29.959,30.2315,78,955,29.096454000000005,0.5428719998313543,29.8091,29.070135,0.54427753827992
2004-03-18,30.1208,30.1974,29.7802,30.0544,78,955,29.120057000000003,0.5363311427005433,30.2315,29.096454000000005,0.5428719998313543
2004-03-19,30.0399,30.194,29.6524,29.6584,78,955,29.143041999999994,0.5367074896505044,30.0544,29.120057000000003,0.5363311427005433
2004-03-22,29.4055,29.4225,28.9797,29.2462,78,955,29.162391000000003,0.5468498118183255,29.6584,29.143041999999994,0.5367074896505044
2004-03-23,29.4566,29.5077,28.9626,29.0563,78,955,29.1781945,0.5467248252598738,29.2462,29.162391000000003,0.5468498118183255
2004-03-24,29.0819,29.4906,28.9626,29.3033,78,955,29.194423999999998,0.5453873377413115,29.0563,29.1781945,0.5467248252598738
2004-03-25,29.5077,30.1974,29.4906,30.1549,78,955,29.216912,0.5702953850455035,29.3033,29.194423999999998,0.5453873377413115
2004-03-26,30.0612,30.3022,30.0101,30.0356,78,955,29.240676500000003,0.5504242861136817,30.1549,29.216912,0.5702953850455035
2004-03-29,30.24,30.6232,30.2315,30.5296,78,955,29.2649955,0.5530796942484187,30.0356,29.240676500000003,0.5504242861136817
2004-03-30,30.3763,30.6062,30.246,30.5721,78,955,29.2879095,0.5393025732306748,30.5296,29.2649955,0.5530796942484187
2004-03-31,30.5892,30.6573,30.3252,30.3933,78,955,29.309844500000004,0.5245023894284837,30.5721,29.2879095,0.5393025732306748
2004-04-01,30.4955,30.8702,30.47,30.7254,78,955,29.335865999999996,0.5211022187550206,30.3933,29.309844500000004,0.5245023894284837
2004-04-02,31.4152,31.543,31.1001,31.5089,78,955,29.362272500000003,0.5422806317010905,30.7254,29.335865999999996,0.5211022187550206
2004-04-05,31.5191,31.9177,31.5004,31.9006,78,955,29.390722500000003,0.5333534437224413,31.5089,29.362272500000003,0.5422806317010905
2004-04-06,31.6452,31.7218,31.4408,31.56,78,955,29.41658,0.5280996263136957,31.9006,29.390722500000003,0.5333534437224413
2004-04-07,31.5038,31.6026,31.2194,31.4042,78,955,29.4438675,0.5177496530055744,31.56,29.41658,0.5280996263136957
2004-04-08,31.807,31.824,31.2875,31.5004,78,955,29.4719765,0.5190889635051763,31.4042,29.4438675,0.5177496530055744
2004-04-12,31.5319,31.7133,31.4919,31.6452,78,955,29.5037465,0.4978254661119494,31.5004,29.4719765,0.5190889635051763
2004-04-14,31.0065,31.4663,30.9979,31.2364,78,955,29.5338555,0.5085022185325243,31.6452,29.5037465,0.4978254661119494
2004-04-15,31.296,31.3897,30.6743,30.923,78,955,29.559886000000002,0.523280631494487,31.2364,29.5338555,0.5085022185325243
2004-04-16,30.8276,30.9298,30.4785,30.6999,78,955,29.585695,0.5181391578163094,30.923,29.559886000000002,0.523280631494487
2004-04-19,30.6658,31.1512,30.6403,31.1427,78,955,29.6143565,0.5176220751151444,30.6999,29.585695,0.5181391578163094
2004-04-20,31.1768,31.3301,30.4274,30.4444,78,955,29.637615500000003,0.5451276411783486,31.1427,29.6143565,0.5176220751151444
2004-04-21,30.5892,30.751,30.3584,30.7212,78,955,29.6596575,0.5342328096656095,30.4444,29.637615500000003,0.5451276411783486
2004-04-22,30.6573,31.5174,30.6403,31.4408,78,955,29.686702499999996,0.558723323260923,30.7212,29.6596575,0.5342328096656095
2004-04-23,31.577,31.7048,31.4237,31.6835,78,955,29.709602,0.5388930858851426,31.4408,29.686702499999996,0.558723323260923
2004-04-26,31.6622,31.7559,31.2108,31.3216,78,955,29.729066,0.5393364368933469,31.6835,29.709602,0.5388930858851426
2004-04-27,31.4629,31.6707,31.2449,31.3505,78,955,29.7488915,0.5312266914009649,31.3216,29.729066,0.5393364368933469
2004-04-28,31.2619,31.2705,30.6735,30.7254,78,955,29.768188,0.5416390705866103,31.3505,29.7488915,0.5312266914009649
2004-04-29,30.734,30.9469,30.0612,30.3337,78,955,29.7843385,0.5662148512589953,30.7254,29.768188,0.5416390705866103
2004-04-30,30.3678,30.487,29.6609,29.6669,78,955,29.7955335,0.5847780761690669,30.3337,29.7843385,0.5662148512589953
2004-05-03,29.8057,30.2485,29.712,29.959,78,955,29.8084015,0.5845510707284193,29.6669,29.7955335,0.5847780761690669
2004-05-04,29.9846,30.4444,29.8313,30.1549,78,955,29.822377000000003,0.5865902799621038,29.959,29.8084015,0.5845510707284193
2004-05-05,30.1634,30.4018,29.976,30.2537,78,955,29.8408175,0.5751052599648108,30.1549,29.822377000000003,0.5865902799621038
2004-05-06,30.0092,30.1804,29.678,30.0041,78,955,29.8576145,0.5751477413958955,30.2537,29.8408175,0.5751052599648108
2004-05-07,29.8824,30.3507,29.7717,29.7887,78,955,29.875334499999997,0.5754229027247602,30.0041,29.8576145,0.5751477413958955
2004-05-10,29.5247,29.7206,29.3118,29.5903,78,955,29.890032499999997,0.5683855525301342,29.7887,29.875334499999997,0.5754229027247602
2004-05-11,29.7785,30.1293,29.7376,30.0612,78,955,29.906187,0.5662865844922677,29.5903,29.890032499999997,0.5683855525301342
2004-05-12,29.9079,30.0186,29.1841,29.9905,78,955,29.9236395,0.5884875427428199,30.0612,29.906187,0.5662865844922677
2004-05-13,29.8568,30.1889,29.7376,29.9931,78,955,29.938381,0.5786884325469042,29.9905,29.9236395,0.5884875427428199
2004-05-14,29.976,30.0731,29.5068,29.6354,78,955,29.950993500000003,0.5778035445078397,29.9931,29.938381,0.5786884325469042
2004-05-17,29.2777,29.4779,29.0478,29.2352,78,955,29.962413499999997,0.5785032913287084,29.6354,29.950993500000003,0.5778035445078397
2004-05-18,29.5162,29.7206,29.4651,29.6039,78,955,29.976740999999997,0.5718530562338008,29.2352,29.962413499999997,0.5785032913287084
2004-05-19,29.942,30.2315,29.5588,29.5928,78,955,29.989740499999996,0.5790564093599578,29.6039,29.976740999999997,0.5718530562338008
2004-05-20,29.6184,29.8227,29.431,29.6099,78,955,30.003783000000002,0.5656738086913894,29.5928,29.989740499999996,0.5790564093599578
2004-05-21,29.8142,29.9505,29.5826,29.8057,78,955,30.018694,0.551547108070576,29.6099,30.003783000000002,0.5656738086913894
2004-05-24,30.0612,30.1974,29.8057,29.942,78,955,30.0383725,0.5401294574941061,29.8057,30.018694,0.551547108070576
2004-05-25,29.9335,30.7254,29.7623,30.6743,78,955,30.063117000000002,0.57034163910167,29.942,30.0383725,0.5401294574941061
2004-05-26,30.5381,30.8191,30.4955,30.7816,78,955,30.0881,0.5527172363086935,30.6743,30.063117000000002,0.57034163910167
2004-05-27,30.9043,31.0831,30.7084,30.963,78,955,30.1150545,0.5400017194295013,30.7816,30.0881,0.5527172363086935
2004-05-28,30.9809,31.1197,30.8361,31.1172,78,955,30.1412475,0.5216873108988228,30.963,30.1150545,0.5400017194295013
2004-06-01,30.8872,31.1172,30.751,31.1001,78,955,30.165384500000002,0.5105810744060497,31.1172,30.1412475,0.5216873108988228
2004-06-02,31.1342,31.2194,30.8021,30.9894,78,955,30.189150999999995,0.5039181405199034,31.1001,30.165384500000002,0.5105810744060497
2004-06-03,30.9128,30.9639,30.6062,30.6318,78,955,30.209767499999998,0.49529541619705303,30.9894,30.189150999999995,0.5039181405199034
2004-06-04,30.9383,31.1853,30.8106,30.8447,78,955,30.231422500000004,0.49945288646869235,30.6318,30.209767499999998,0.49529541619705303
2004-06-07,31.032,31.5855,30.9894,31.5651,78,955,30.2533,0.5166919660066429,30.8447,30.231422500000004,0.49945288646869235
2004-06-08,31.4237,31.6707,31.3812,31.6452,78,955,30.2737905,0.50046396843474,31.5651,30.2533,0.5166919660066429
2004-06-09,31.4919,31.5515,31.0916,31.1087,78,955,30.2919815,0.50425939926083,31.6452,30.2737905,0.50046396843474
2004-06-10,31.2449,31.3556,31.1257,31.3386,78,955,30.309577,0.4858765850279136,31.1087,30.2919815,0.50425939926083
2004-06-14,31.1768,31.1768,30.7425,30.8617,78,955,30.325682,0.4937496860973483,31.3386,30.309577,0.4858765850279136
2004-06-15,31.1342,31.5004,31.1342,31.3726,78,955,30.3444265,0.5041032799475377,30.8617,30.325682,0.4937496860973483
2004-06-16,31.313,31.4237,31.2108,31.3386,78,955,30.362745500000003,0.48330304566557075,31.3726,30.3444265,0.5041032799475377
2004-06-17,31.2108,31.216,30.8702,30.9979,78,955,30.378084000000005,0.4822385424037442,31.3386,30.362745500000003,0.48330304566557075
2004-06-18,30.9128,31.3726,30.8787,31.0107,78,955,30.392295,0.48307150366061963,30.9979,30.378084000000005,0.4822385424037442
2004-06-21,31.1001,31.1938,30.7084,30.785,78,955,30.404441000000002,0.48323782482771815,31.0107,30.392295,0.48307150366061963
2004-06-22,30.7936,31.2364,30.6701,31.2279,78,955,30.416592499999997,0.48917083734002387,30.785,30.404441000000002,0.48323782482771815
2004-06-23,31.1427,31.6707,31.0916,31.5855,78,955,30.430702,0.4955943489585936,31.2279,30.416592499999997,0.48917083734002387
2004-06-24,31.5259,31.807,31.4408,31.5293,78,955,30.442994,0.48635189546155116,31.5855,30.430702,0.4955943489585936
2004-06-25,31.5089,31.841,31.4919,31.7133,78,955,30.457440499999997,0.47654818864286896,31.5293,30.442994,0.48635189546155116
2004-06-28,31.9262,31.9517,31.4237,31.6026,78,955,30.468784,0.4802233180255211,31.7133,30.457440499999997,0.47654818864286896
2004-06-29,31.5941,31.91,31.577,31.8836,78,955,30.4832735,0.4697073667379838,31.6026,30.468784,0.4802233180255211
2004-06-30,31.8921,32.2753,31.807,32.1391,78,955,30.502955999999998,0.46960684054241375,31.8836,30.4832735,0.4697073667379838
2004-07-01,32.071,32.071,31.313,31.543,78,955,30.517827999999998,0.4950706376465271,32.1391,30.502955999999998,0.46960684054241375
2004-07-02,31.543,31.5515,31.1938,31.3216,78,955,30.530827,0.4852584492432038,31.543,30.517827999999998,0.4950706376465271
2004-07-06,31.1597,31.1683,30.5125,30.6488,78,955,30.541563999999997,0.508389988582975,31.3216,30.530827,0.4852584492432038
2004-07-07,30.6232,30.9043,30.5892,30.7254,78,955,30.548985500000004,0.4945835608270481,30.6488,30.541563999999997,0.508389988582975
2004-07-08,30.4955,30.768,30.2741,30.2911,78,955,30.5549975,0.4945347350536875,30.7254,30.548985500000004,0.4945835608270481
2004-07-09,30.5211,30.6888,30.3422,30.4785,78,955,30.5593585,0.48761796826413845,30.2911,30.5549975,0.4945347350536875
2004-07-12,30.2911,30.3933,30.0101,30.3158,78,955,30.563668000000003,0.4862452562452714,30.4785,30.5593585,0.48761796826413845
2004-07-13,30.3848,30.4955,30.1719,30.2571,78,955,30.570450500000003,0.47462773794203766,30.3158,30.563668000000003,0.4862452562452714
2004-07-14,29.976,30.3593,29.8483,29.9846,78,955,30.5736615,0.47722575666046374,30.2571,30.570450500000003,0.47462773794203766
2004-07-15,30.0782,30.223,29.8909,29.9675,78,955,30.5815495,0.4668596311847164,29.9846,30.5736615,0.47722575666046374
2004-07-16,30.1702,30.1889,29.4991,29.5332,78,955,30.5888455,0.4827839432429511,29.9675,30.5815495,0.4668596311847164
2004-07-19,29.6184,29.7802,29.3544,29.5766,78,955,30.5980565,0.4787136615827405,29.5332,30.5888455,0.4827839432429511
2004-07-20,29.5928,30.0527,29.5588,30.0305,78,955,30.6072815,0.4797984000411162,29.5766,30.5980565,0.4787136615827405
2004-07-21,30.2911,30.3593,29.3799,29.4055,78,955,30.6162375,0.515484228609608,30.0305,30.6072815,0.4797984000411162
2004-07-22,29.3629,29.8909,29.167,29.7717,78,955,30.624082999999995,0.5303710694232072,29.4055,30.6162375,0.515484228609608
2004-07-23,29.4906,29.5162,28.9797,29.0904,78,955,30.6281815,0.5490588501786923,29.7717,30.624082999999995,0.5303710694232072
2004-07-26,29.1585,29.3033,28.7583,29.0052,78,955,30.627785,0.5487689323087858,29.0904,30.6281815,0.5490588501786923
2004-07-27,29.1159,29.5588,29.0137,29.4395,78,955,30.6288195,0.5491140085724441,29.0052,30.627785,0.5487689323087858
2004-07-28,29.3033,29.4872,28.7923,29.2931,78,955,30.628142999999994,0.5595272936744125,29.4395,30.6288195,0.5491140085724441
2004-07-29,29.5588,29.7376,29.3799,29.6099,78,955,30.62971,0.5513110584119545,29.2931,30.628142999999994,0.5595272936744125
2004-07-30,29.6013,29.8909,29.5077,29.6788,78,955,30.630663999999996,0.5393031256682433,29.6099,30.62971,0.5513110584119545
2004-08-02,29.4736,29.8227,29.3459,29.7461,78,955,30.63072,0.5348386166919403,29.6788,30.630663999999996,0.5393031256682433
2004-08-03,29.6695,29.7384,29.1841,29.2011,78,955,30.627115,0.5367787154996587,29.7461,30.63072,0.5348386166919403
2004-08-04,29.0819,29.3467,28.9626,29.1841,78,955,30.622743999999997,0.5258730929639689,29.2011,30.627115,0.5367787154996587
2004-08-05,29.2522,29.2948,28.622,28.6476,78,955,30.616115999999998,0.5363678720379711,29.1841,30.622743999999997,0.5258730929639689
2004-08-06,28.4432,28.4432,27.813,27.8726,78,955,30.604599999999994,0.5576701668924019,28.6476,30.616115999999998,0.5363678720379711
2004-08-09,27.9407,28.0685,27.8215,27.9322,78,955,30.596736,0.5354794406858018,27.8726,30.604599999999994,0.5576701668924019
2004-08-10,28.0685,28.4687,28.0361,28.4602,78,955,30.590120000000002,0.5355523377796728,27.9322,30.596736,0.5354794406858018
2004-08-11,27.9748,28.1366,27.7278,28.0259,78,955,30.579745,0.5496128850811249,28.4602,30.590120000000002,0.5355523377796728
2004-08-12,27.8385,27.9808,27.566,27.6393,78,955,30.570842,0.5432048218610447,28.0259,30.579745,0.5496128850811249
2004-08-13,27.8045,27.8811,27.549,27.7023,78,955,30.563190499999997,0.5281259060138273,27.6393,30.570842,0.5432048218610447
2004-08-16,27.7704,28.2643,27.75,28.0855,78,955,30.5585615,0.5305454841556966,27.7023,30.563190499999997,0.5281259060138273
2004-08-17,28.2047,28.4772,28.1877,28.2473,78,955,30.554316,0.5206279495731468,28.0855,30.5585615,0.5305454841556966
2004-08-18,28.1536,28.869,28.111,28.8604,78,955,30.5484115,0.5375830960322078,28.2473,30.554316,0.5206279495731468
2004-08-19,28.7242,28.8264,28.4602,28.639,78,955,30.541357500000004,0.5277700177441927,28.8604,30.5484115,0.5375830960322078
2004-08-20,28.5879,29.0733,28.5368,28.9626,78,955,30.536130000000004,0.5283935879053219,28.639,30.541357500000004,0.5277700177441927
2004-08-23,28.9967,29.1841,28.8775,29.0376,78,955,30.5315795,0.5125511887692275,28.9626,30.536130000000004,0.5283935879053219
2004-08-24,29.167,29.2181,28.8008,28.9848,78,955,30.523827999999998,0.5057475324285684,29.0376,30.5315795,0.5125511887692275
2004-08-25,29.018,29.4651,28.869,29.414,78,955,30.519414499999996,0.5122012801122421,28.9848,30.523827999999998,0.5057475324285684
2004-08-26,29.3459,29.4225,29.2181,29.2948,78,955,30.514192,0.4902154743899391,29.414,30.519414499999996,0.5122012801122421
2004-08-27,29.3501,29.5332,29.3288,29.431,78,955,30.508889,0.4722286547906579,29.2948,30.514192,0.4902154743899391
2004-08-30,29.3033,29.3203,28.9678,28.9839,78,955,30.501601500000003,0.4715837508770395,29.431,30.508889,0.4722286547906579
2004-08-31,28.9712,29.0572,28.6688,28.9516,78,955,30.4966125,0.46564205438582246,28.9839,30.501601500000003,0.4715837508770395
2004-09-01,28.8945,29.3373,28.7838,29.1755,78,955,30.493475,0.4719176219296922,28.9516,30.4966125,0.46564205438582246
2004-09-02,29.1074,29.7035,29.0904,29.5928,78,955,30.488934,0.4820020775061427,29.1755,30.493475,0.4719176219296922
2004-09-03,29.3288,29.5247,28.9967,29.0674,78,955,30.481936500000003,0.4901519291128468,29.5928,30.488934,0.4820020775061427
2004-09-07,29.2948,29.4736,29.0563,29.2692,78,955,30.479267500000002,0.48494821989050063,29.0674,30.481936500000003,0.4901519291128468
2004-09-08,29.2181,29.5332,29.1074,29.15,78,955,30.4776625,0.48072334704117936,29.2692,30.479267500000002,0.48494821989050063
2004-09-09,29.3373,29.5928,29.0733,29.4395,78,955,30.480228999999998,0.48349310796680944,29.15,30.4776625,0.48072334704117936
2004-09-10,29.4736,29.9675,29.3629,29.9139,78,955,30.483805500000003,0.4921436002548946,29.4395,30.480228999999998,0.48349310796680944
2004-09-13,30.0101,30.4189,29.9343,30.1804,78,955,30.490161999999994,0.49306191452240206,29.9139,30.483805500000003,0.4921436002548946
2004-09-14,30.1889,30.4189,30.1123,30.3593,78,955,30.496603999999998,0.47974320634223044,30.1804,30.490161999999994,0.49306191452240206
2004-09-15,30.1634,30.1889,29.9079,29.9811,78,955,30.496533,0.4777186916034997,30.3593,30.496603999999998,0.47974320634223044
2004-09-16,30.0271,30.2911,29.9164,30.011,78,955,30.497062500000002,0.47036021363182123,29.9811,30.496533,0.4777186916034997
2004-09-17,30.0016,30.2485,29.942,30.1889,78,955,30.497851500000003,0.45865591265811967,30.011,30.497062500000002,0.47036021363182123
2004-09-20,30.0527,30.4614,29.976,30.1719,78,955,30.495823,0.4605662046111113,30.1889,30.497851500000003,0.45865591265811967
2004-09-21,30.2681,30.5211,30.1804,30.3763,78,955,30.4961785,0.4526114757103176,30.1719,30.495823,0.4605662046111113
2004-09-22,30.1804,30.1974,29.695,29.7631,78,955,30.494450999999998,0.4689463703024378,30.3763,30.4961785,0.4526114757103176
2004-09-23,29.7887,29.9335,29.701,29.8057,78,955,30.491843000000003,0.45205734385226354,29.7631,30.494450999999998,0.4689463703024378
2004-09-24,29.7972,29.9675,29.5928,29.6354,78,955,30.490834999999997,0.44653181929138763,29.8057,30.491843000000003,0.45205734385226354
2004-09-27,29.4821,29.5835,29.2777,29.3288,78,955,30.487442499999997,0.4401866893420029,29.6354,30.490834999999997,0.44653181929138763
2004-09-28,29.4225,29.5417,29.15,29.4566,78,955,30.488222,0.4367233543890027,29.3288,30.487442499999997,0.4401866893420029
2004-09-29,29.4165,29.9079,29.4055,29.8815,78,955,30.490645,0.44141454336121694,29.4566,30.488222,0.4367233543890027
2004-09-30,29.8227,30.0356,29.712,29.9079,78,955,30.490190499999997,0.43299921883541564,29.8815,30.490645,0.44141454336121694
2004-10-01,30.1889,30.785,30.1123,30.751,78,955,30.4939945,0.46472070320431447,29.9079,30.490190499999997,0.43299921883541564
2004-10-04,30.9639,31.1853,30.8702,30.9043,78,955,30.500608000000003,0.46254779583257777,30.751,30.4939945,0.46472070320431447
2004-10-05,30.8532,31.0746,30.7936,30.9469,78,955,30.506795999999998,0.4495800961302507,30.9043,30.500608000000003,0.46254779583257777
2004-10-06,30.9213,31.2108,30.751,31.1938,78,955,30.514643999999997,0.450310089263804,30.9469,30.506795999999998,0.4495800961302507
2004-10-07,31.1172,31.2279,30.8021,30.8336,78,955,30.517413500000004,0.44855936860210394,31.1938,30.514643999999997,0.450310089263804
2004-10-08,30.7254,30.8617,30.2315,30.3303,78,955,30.518177499999997,0.4615336994162393,30.8336,30.517413500000004,0.44855936860210394
2004-10-11,30.4172,30.5381,30.3167,30.4444,78,955,30.5189585,0.4443812923150793,30.3303,30.518177499999997,0.4615336994162393
2004-10-12,30.1719,30.487,29.976,30.4103,78,955,30.5179515,0.4491397714354307,30.4444,30.5189585,0.4443812923150793
2004-10-13,30.6999,30.7765,30.1719,30.3678,78,955,30.51693,0.4602440734757569,30.4103,30.5179515,0.4491397714354307
2004-10-14,30.3933,30.47,30.0867,30.1719,78,955,30.5151415,0.4547480682274885,30.3678,30.51693,0.4602440734757569
2004-10-15,30.2349,30.5347,30.0442,30.2996,78,955,30.5112665,0.4573017776398108,30.1719,30.5151415,0.4547480682274885
2004-10-18,30.24,30.8276,30.1549,30.8174,78,955,30.51004,0.4726873649512528,30.2996,30.5112665,0.4573017776398108
2004-10-19,30.9809,31.1427,30.5636,30.5807,78,955,30.5080815,0.4802882674547348,30.8174,30.51004,0.4726873649512528
2004-10-20,30.5125,30.8532,30.3593,30.7365,78,955,30.507072500000003,0.4812605340651109,30.5807,30.5080815,0.4802882674547348
2004-10-21,30.8617,31.313,30.751,31.2023,78,955,30.504986000000002,0.48806335306046006,30.7365,30.507072500000003,0.4812605340651109
2004-10-22,31.1768,31.2108,30.4359,30.4785,78,955,30.498428999999998,0.5085516849847128,31.2023,30.504986000000002,0.48806335306046006
2004-10-25,30.4274,30.487,30.223,30.3337,78,955,30.4899555,0.4910837074858047,30.4785,30.498428999999998,0.5085516849847128
2004-10-26,30.3593,30.4836,30.1549,30.4776,78,955,30.4807965,0.47948487123681854,30.3337,30.4899555,0.4910837074858047
2004-10-27,30.5211,31.4152,30.4103,31.3301,78,955,30.476419500000002,0.5170145232913315,30.4776,30.4807965,0.47948487123681854
2004-10-28,31.2364,31.6111,31.1427,31.4493,78,955,30.470543500000005,0.5135420573419506,31.3301,30.476419500000002,0.5170145232913315
2004-10-29,31.4323,31.7133,31.2279,31.4323,78,955,30.4663285,0.511531910388954,31.4493,30.470543500000005,0.5135420573419506
2004-11-01,31.4919,31.6622,31.3386,31.5259,78,955,30.461725500000004,0.4981082025040286,31.4323,30.4663285,0.511531910388954
2004-11-02,31.5855,31.9773,31.5259,31.6409,78,955,30.4576165,0.49477190232516943,31.5259,30.461725500000004,0.4981082025040286
2004-11-03,32.1561,32.2753,31.6366,31.7984,78,955,30.452379,0.5050524807305145,31.6409,30.4576165,0.49477190232516943
2004-11-04,31.7303,32.1731,31.6026,32.0539,78,955,30.448036000000002,0.5097273035354777,31.7984,30.452379,0.5050524807305145
2004-11-05,32.3775,32.4967,32.0284,32.2924,78,955,30.445945499999997,0.5067682104258007,32.0539,30.448036000000002,0.5097273035354777
2004-11-08,32.3009,32.4457,32.2328,32.3349,78,955,30.445464,0.4857776239668153,32.2924,30.445945499999997,0.5067682104258007
2004-11-09,32.3009,32.4882,32.1987,32.3579,78,955,30.4453235,0.47175779368347115,32.3349,30.445464,0.4857776239668153
2004-11-10,32.3094,32.4116,32.0539,32.1391,78,955,30.4417895,0.46361080842036617,32.3579,30.4453235,0.47175779368347115
2004-11-11,32.2924,32.6841,32.2413,32.633,78,955,30.444046000000004,0.46942432210462587,32.1391,30.4417895,0.46361080842036617
2004-11-12,32.65,32.9396,32.5053,32.9225,78,955,30.45045,0.46691544195429546,32.633,30.444046000000004,0.46942432210462587
2004-11-15,32.9055,33.0929,32.8118,33.0418,78,955,30.457411999999998,0.45364291038613164,32.9225,30.45045,0.46691544195429546
2004-11-16,32.9225,32.9396,32.633,32.7948,78,955,30.463462500000002,0.45043984535855075,33.0418,30.457411999999998,0.45364291038613164
2004-11-17,33.0673,33.4846,33.0673,33.2521,78,955,30.472391500000004,0.46753699926151127,32.7948,30.463462500000002,0.45043984535855075
2004-11-18,33.1951,33.5187,33.1159,33.459,78,955,30.4818865,0.462912927885689,33.2521,30.472391500000004,0.46753699926151127
2004-11-19,33.4165,33.459,32.8629,32.9225,78,955,30.491491999999997,0.47242629017956833,33.459,30.4818865,0.462912927885689
2004-11-22,32.88,33.2461,32.7693,33.2291,78,955,30.502290000000002,0.4727386980238847,32.9225,30.491491999999997,0.47242629017956833
2004-11-23,33.2206,33.3398,32.88,33.1184,78,955,30.509272999999997,0.47181450530789254,33.2291,30.502290000000002,0.4727386980238847
2004-11-24,33.2972,33.5442,33.2717,33.5187,78,955,30.518895999999998,0.46852775492875703,33.1184,30.509272999999997,0.47181450530789254
2004-11-29,33.6038,33.7571,33.1865,33.4676,78,955,30.527710000000003,0.4758186295767029,33.5187,30.518895999999998,0.46852775492875703
2004-12-01,33.448,34.0305,33.442,34.0126,78,955,30.537759,0.48386729889265295,33.4676,30.527710000000003,0.4758186295767029
2004-12-02,33.9104,34.3958,33.8593,34.1318,78,955,30.549468500000003,0.487626777543178,34.0126,30.537759,0.48386729889265295
2004-12-03,34.3277,34.5661,34.1318,34.1829,78,955,30.563009,0.4838177220043796,34.1318,30.549468500000003,0.487626777543178
2004-12-06,34.1659,34.4265,33.987,34.2936,78,955,30.574961,0.48065217043263786,34.1829,30.563009,0.4838177220043796
2004-12-07,34.337,34.4895,33.6805,33.706,78,955,30.58386,0.5041055868303064,34.2936,30.574961,0.48065217043263786
2004-12-08,33.7741,34.0466,33.6379,33.9027,78,955,30.595999499999998,0.4972909020567128,33.706,30.58386,0.5041055868303064
2004-12-09,33.6379,34.2255,33.4165,34.1063,78,955,30.609369500000003,0.5195558376240903,33.9027,30.595999499999998,0.4972909020567128
2004-12-10,33.8423,34.1233,33.8423,33.987,78,955,30.624319,0.5025161349366553,34.1063,30.609369500000003,0.5195558376240903
2004-12-13,34.2612,34.3532,34.0466,34.3022,78,955,30.6409255,0.4927792681554656,33.987,30.624319,0.5025161349366553
2004-12-14,34.2851,34.5661,34.2766,34.4469,78,955,30.657404,0.47825932043007496,34.3022,30.6409255,0.4927792681554656
2004-12-15,34.481,34.6428,34.1957,34.3532,78,955,30.672903,0.47603365468506953,34.4469,30.657404,0.47825932043007496
2004-12-16,34.3532,34.4384,33.9104,34.0637,78,955,30.687635500000003,0.4797455364932788,34.3532,30.672903,0.47603365468506953
2004-12-17,34.0894,34.227,33.9175,33.9373,78,955,30.6998625,0.46758514102947313,34.0637,30.687635500000003,0.4797455364932788
2004-12-20,34.0293,34.1935,33.608,33.7112,78,955,30.7122495,0.47600763095593956,33.9373,30.6998625,0.46758514102947313
2004-12-21,33.8659,34.141,33.7696,34.098,78,955,30.727408999999998,0.4727070858876582,33.7112,30.7122495,0.47600763095593956
2004-12-22,33.9906,34.3302,33.9502,34.1754,78,955,30.741554999999998,0.4660851511813966,34.098,30.727408999999998,0.4727070858876582
2004-12-23,34.0551,34.3044,33.9949,34.2021,78,955,30.756341000000003,0.45490049752558254,34.1754,30.741554999999998,0.4660851511813966
2004-12-27,34.3732,34.4076,33.8745,34.0379,78,955,30.773925,0.46048617627375554,34.2021,30.756341000000003,0.45490049752558254
2004-12-28,34.1075,34.3912,34.0551,34.3646,78,955,30.793313,0.45283002082562995,34.0379,30.773925,0.46048617627375554
2004-12-29,34.3216,34.5279,34.3044,34.399,78,955,30.8150445,0.4364493050523708,34.3646,30.793313,0.45283002082562995
2004-12-30,34.4505,34.4961,34.3302,34.3474,78,955,30.838178500000005,0.4171243546914872,34.399,30.8150445,0.4364493050523708
2004-12-31,34.4162,34.4944,34.3044,34.3216,78,955,30.8583735,0.40090118649923795,34.3474,30.838178500000005,0.4171243546914872
2005-01-03,34.4505,34.6414,33.8487,33.9605,78,955,30.8798715,0.42888681603500645,34.3216,30.8583735,0.40090118649923795
2005-01-04,34.1238,34.1668,33.1437,33.3458,78,955,30.897554999999997,0.47133061488964884,33.9605,30.8798715,0.42888681603500645
2005-01-05,33.2555,33.4962,33.0749,33.1351,78,955,30.912073,0.4677569995403884,33.3458,30.897554999999997,0.47133061488964884
2005-01-06,33.2039,33.2813,32.9752,32.9804,78,955,30.926702999999996,0.45621007100178934,33.1351,30.912073,0.4677569995403884
2005-01-07,33.1523,33.4214,32.8514,33.1351,78,955,30.944086500000004,0.4643379230730902,32.9804,30.926702999999996,0.45621007100178934
2005-01-10,33.0577,33.4188,33.0053,33.1093,78,955,30.963402000000002,0.4607066428535837,33.1351,30.944086500000004,0.4643379230730902
2005-01-11,32.989,33.0973,32.7302,32.8858,78,955,30.9825495,0.4548775969354702,33.1093,30.963402000000002,0.4607066428535837
2005-01-12,33.0491,33.1867,32.6794,33.1695,78,955,31.001880500000002,0.45862205429722236,32.8858,30.9825495,0.4548775969354702
2005-01-13,33.1867,33.2039,32.6794,32.7309,78,955,31.014760499999998,0.4633276218474205,33.1695,31.001880500000002,0.45862205429722236
2005-01-14,32.8428,33.1179,32.8342,33.0474,78,955,31.0298195,0.4578756488583191,32.7309,31.014760499999998,0.4633276218474205
2005-01-18,32.9116,33.3501,32.86,33.3148,78,955,31.0437455,0.4601773882255819,33.0474,31.0298195,0.4578756488583191
2005-01-19,33.3157,33.3157,32.7224,32.7353,78,955,31.0545615,0.46968614620946886,33.3148,31.0437455,0.4601773882255819
2005-01-20,32.3699,32.5083,32.0862,32.1206,78,955,31.063197999999996,0.4825014214802214,32.7353,31.0545615,0.46968614620946886
2005-01-21,32.2324,32.284,31.8025,31.8403,78,955,31.0687725,0.4824298913744913,32.1206,31.063197999999996,0.4825014214802214
2005-01-24,31.9314,31.983,31.3468,31.4087,78,955,31.068271499999994,0.4934134705620276,31.8403,31.0687725,0.4824298913744913
2005-01-25,31.6133,31.8885,31.5188,31.5592,78,955,31.0665645,0.4924410798075971,31.4087,31.068271499999994,0.4934134705620276
2005-01-26,31.7767,32.0604,31.6598,31.9572,78,955,31.0685505,0.4930667169641974,31.5592,31.0665645,0.4924410798075971
2005-01-27,31.8713,32.0432,31.7079,31.9057,78,955,31.071058000000004,0.4817976657524691,31.9572,31.0685505,0.4930667169641974
2005-01-28,32.0002,32.0432,31.4844,31.7423,78,955,31.072267500000002,0.4872978324844354,31.9057,31.071058000000004,0.4817976657524691
2005-01-31,32.1206,32.2668,32.0346,32.1636,78,955,31.074859500000002,0.48995513016411885,31.7423,31.072267500000002,0.4872978324844354
2005-02-01,32.2324,32.3684,32.1292,32.2496,78,955,31.079925499999998,0.4720440494381106,32.1636,31.074859500000002,0.48995513016411885
2005-02-02,32.3613,32.4387,32.0776,32.3011,78,955,31.086816,0.46411947447824564,32.2496,31.079925499999998,0.4720440494381106
2005-02-03,32.1378,32.1662,31.8111,31.9572,78,955,31.0931025,0.46596808344408513,32.3011,31.086816,0.46411947447824564
2005-02-04,31.94,32.5161,31.94,32.4989,78,955,31.0998835,0.4738346489123648,31.9572,31.0931025,0.46596808344408513
2005-02-07,32.4989,32.5935,32.2582,32.3699,78,955,31.109510999999998,0.4639393168471957,32.4989,31.0998835,0.4738346489123648
2005-02-08,32.3785,32.6794,32.3441,32.4482,78,955,31.118145999999996,0.4547507942152534,32.3699,31.109510999999998,0.4639393168471957
2005-02-09,32.4731,32.4989,31.867,31.9057,78,955,31.1204705,0.46740430891416374,32.4482,31.118145999999996,0.4547507942152534
2005-02-10,32.0346,32.0862,31.7079,31.94,78,955,31.121753000000002,0.46103971542029487,31.9057,31.1204705,0.46740430891416374
2005-02-11,31.8369,32.5419,31.7483,32.4215,78,955,31.1272525,0.48479402146170225,31.94,31.121753000000002,0.46103971542029487
2005-02-14,32.4129,32.6193,32.4026,32.5677,78,955,31.133338500000004,0.4656444485001523,32.4215,31.1272525,0.48479402146170225
2005-02-15,32.5849,33.0835,32.5161,32.7912,78,955,31.143667500000003,0.4729127021787128,32.5677,31.133338500000004,0.4656444485001523
2005-02-16,32.6966,32.8084,32.5247,32.6536,78,955,31.155267,0.45939750916594735,32.7912,31.143667500000003,0.4729127021787128
2005-02-17,32.7138,32.7912,32.1808,32.204,78,955,31.167952500000002,0.4701834013683801,32.6536,31.155267,0.45939750916594735
2005-02-18,32.2238,32.3011,32.0346,32.1086,78,955,31.1787005,0.45563458698492443,32.204,31.167952500000002,0.4701834013683801
2005-02-22,31.8377,32.2824,31.6305,31.7165,78,955,31.1865085,0.4696535450574299,32.1086,31.1787005,0.45563458698492443
2005-02-23,31.8455,31.8713,31.5506,31.7389,78,955,31.1939345,0.4590140061247565,31.7165,31.1865085,0.4696535450574299
2005-02-24,31.6821,32.1894,31.6047,32.1662,78,955,31.204745000000003,0.4679915771158452,31.7389,31.1939345,0.4590140061247565
2005-02-25,32.1378,32.3957,32.0604,32.3526,78,955,31.217564499999998,0.45851360732185603,32.1662,31.204745000000003,0.4679915771158452
2005-02-28,32.2066,32.3269,31.7449,32.0105,78,955,31.2296655,0.46916977822743783,32.3526,31.217564499999998,0.45851360732185603
2005-03-01,32.1292,32.4129,32.0948,32.3527,78,955,31.241123,0.4644005083540494,32.0105,31.2296655,0.46916977822743783
2005-03-02,32.1722,32.6708,32.1172,32.3321,78,955,31.252831,0.4707719006144746,32.3527,31.241123,0.4644005083540494
2005-03-03,32.4215,32.4387,31.8283,32.0604,78,955,31.263167499999998,0.48074533628486915,32.3321,31.252831,0.4707719006144746
2005-03-04,32.3183,32.4559,32.155,32.2582,78,955,31.2762815,0.4746563836930927,32.0604,31.263167499999998,0.48074533628486915
2005-03-07,32.3244,32.9202,32.2925,32.7052,78,955,31.2936315,0.4880380705721575,32.2582,31.2762815,0.4746563836930927
2005-03-08,32.645,32.8514,32.3699,32.4043,78,955,31.3076335,0.4875710655312889,32.7052,31.2936315,0.4880380705721575
2005-03-09,32.3871,32.6107,32.2152,32.3011,78,955,31.321174999999997,0.4809945608504825,32.4043,31.3076335,0.4875710655312889
2005-03-10,32.3355,32.3871,31.8799,32.2668,78,955,31.334459499999998,0.4828663779325907,32.3011,31.321174999999997,0.4809945608504825
2005-03-11,32.4,32.5178,31.8282,31.9486,78,955,31.345173999999997,0.49763306522312006,32.2668,31.334459499999998,0.4828663779325907
2005-03-14,32.0174,32.1206,31.8373,32.0948,78,955,31.355937999999995,0.48232356056432607,31.9486,31.345173999999997,0.49763306522312006
2005-03-15,32.1894,32.2238,31.8025,31.8283,78,955,31.361708,0.47796473480973123,32.0948,31.355937999999995,0.48232356056432607
2005-03-16,31.7337,31.9658,31.407,31.493,78,955,31.365265,0.48373868232332196,31.8283,31.361708,0.47796473480973123
2005-03-17,31.4758,31.7165,31.4156,31.5446,78,955,31.368173000000002,0.4706787764430846,31.493,31.365265,0.48373868232332196
2005-03-18,31.5961,31.6047,31.2522,31.3984,78,955,31.369579,0.46223743526857874,31.5446,31.368173000000002,0.4706787764430846
2005-03-21,31.4672,31.5961,31.1663,31.4422,78,955,31.3712895,0.4599204756065374,31.3984,31.369579,0.46223743526857874
2005-03-22,31.493,31.5961,31.0459,31.0545,78,955,31.371615000000002,0.4663690130632133,31.4422,31.3712895,0.4599204756065374
2005-03-23,31.0287,31.376,31.0115,31.1663,78,955,31.3742875,0.45909265498726953,31.0545,31.371615000000002,0.4663690130632133
2005-03-24,31.2866,31.5102,31.1895,31.1921,78,955,31.3760245,0.45086460820246466,31.1663,31.3742875,0.45909265498726953
2005-03-28,31.3038,31.4766,31.2178,31.2359,78,955,31.3743785,0.4389814219022887,31.1921,31.3760245,0.45086460820246466
2005-03-29,31.1749,31.45,30.8997,30.9943,78,955,31.371124,0.44693274890926815,31.2359,31.3743785,0.4389814219022887
2005-03-30,31.1491,31.6219,31.1405,31.5704,78,955,31.3734325,0.4598375525586062,30.9943,31.371124,0.44693274890926815
2005-03-31,31.5789,31.5961,31.3296,31.4328,78,955,31.3739035,0.44602772737584867,31.5704,31.3734325,0.4598375525586062
2005-04-01,31.6563,31.7114,31.0631,31.1061,78,955,31.3751255,0.46047574684900255,31.4328,31.3739035,0.44602772737584867
2005-04-04,31.1663,31.4156,30.9771,31.3468,78,955,31.3749965,0.4589060506455025,31.1061,31.3751255,0.46047574684900255
2005-04-05,31.3812,31.5265,31.3081,31.4328,78,955,31.3754675,0.44172704702796656,31.3468,31.3749965,0.4589060506455025
2005-04-06,31.5188,31.7294,31.3124,31.3812,78,955,31.377383999999996,0.43996082938311165,31.4328,31.3754675,0.44172704702796656
2005-04-07,31.4087,31.7698,31.3898,31.7509,78,955,31.381085,0.43629219871288943,31.3812,31.377383999999996,0.43996082938311165
2005-04-08,31.8111,31.8713,31.4672,31.5016,78,955,31.384668,0.4339927559476833,31.7509,31.381085,0.43629219871288943
2005-04-11,31.5961,31.6219,31.2952,31.3597,78,955,31.385327000000004,0.4263289876657058,31.5016,31.384668,0.4339927559476833
2005-04-12,31.3296,31.5875,30.9444,31.5274,78,955,31.385036500000002,0.4418126314038695,31.3597,31.385327000000004,0.4263289876657058
2005-04-13,31.4336,31.4672,30.9341,31.0029,78,955,31.382404499999996,0.4526331577321645,31.5274,31.385036500000002,0.4418126314038695
2005-04-14,31.0063,31.0227,30.5214,30.5713,78,955,31.376694500000003,0.45610936075129566,31.0029,31.382404499999996,0.4526331577321645
2005-04-15,30.2979,30.4097,29.8164,29.8689,78,955,31.368026,0.4774515492690602,30.5713,31.376694500000003,0.45610936075129566
2005-04-18,29.8594,30.0744,29.7821,29.868,78,955,31.357948,0.46422643860698454,29.8689,31.368026,0.4774515492690602
2005-04-19,30.1088,30.1775,29.8766,30.0761,78,955,31.347633000000002,0.45317455013505703,29.868,31.357948,0.46422643860698454
2005-04-20,30.2721,30.3409,29.7391,29.8611,78,955,31.339223500000003,0.46379065369683875,30.0761,31.347633000000002,0.45317455013505703
2005-04-21,30.1689,30.702,30.0572,30.6504,78,955,31.3358675,0.4907270355756361,29.8611,31.339223500000003,0.46379065369683875
2005-04-22,30.4828,30.4871,29.9342,30.1646,78,955,31.3334465,0.5068322473202336,30.6504,31.3358675,0.4907270355756361
2005-04-25,30.3495,30.4896,30.2197,30.4166,78,955,31.3319025,0.4938442296545026,30.1646,31.3334465,0.5068322473202336
2005-04-26,30.3409,30.665,30.126,30.132,78,955,31.331107000000003,0.497069641822038,30.4166,31.3319025,0.4938442296545026
2005-04-27,29.9798,30.3065,29.8594,30.1861,78,955,31.329645,0.49350038169189236,30.132,31.331107000000003,0.497069641822038
2005-04-28,30.0228,30.2205,29.8508,29.8766,78,955,31.327448999999998,0.48465749728532875,30.1861,31.329645,0.49350038169189236
2005-04-29,30.0916,30.1466,29.5327,30.0744,78,955,31.3265355,0.49388910462209107,29.8766,31.327448999999998,0.48465749728532875
2005-05-02,30.1775,30.3065,29.9936,30.1836,78,955,31.3275305,0.4809613114347988,30.0744,31.3265355,0.49388910462209107
2005-05-03,30.1346,30.4613,30.1174,30.2936,78,955,31.329161,0.4711712177608847,30.1836,31.3275305,0.4809613114347988
2005-05-04,30.3409,30.8069,30.2979,30.7192,78,955,31.335091,0.47418041649224996,30.2936,31.329161,0.4711712177608847
2005-05-05,30.7364,30.886,30.5472,30.7115,78,955,31.340765500000003,0.4645103867428035,30.7192,31.335091,0.47418041649224996
2005-05-06,30.9255,30.9685,30.7132,30.8138,78,955,31.344682000000002,0.4496882162611745,30.7115,31.340765500000003,0.4645103867428035
2005-05-09,30.8396,31.0029,30.6564,30.9814,78,955,31.352561499999997,0.4423176293853763,30.8138,31.344682000000002,0.4496882162611745
2005-05-10,30.8301,30.9169,30.6238,30.7278,78,955,31.357342000000003,0.4362663701435638,30.9814,31.352561499999997,0.4423176293853763
2005-05-11,30.7991,30.9737,30.3495,30.9083,78,955,31.366431500000004,0.4496902008475951,30.7278,31.357342000000003,0.4362663701435638
2005-05-12,30.9513,31.1233,30.6556,30.8052,78,955,31.3754315,0.45097661507276693,30.9083,31.366431500000004,0.4496902008475951
2005-05-13,30.9427,31.3554,30.855,31.1491,78,955,31.3839795,0.45806399971042644,30.8052,31.3754315,0.45097661507276693
2005-05-16,31.1577,31.4139,31.0631,31.3726,78,955,31.394377000000006,0.4504022854453962,31.1491,31.3839795,0.45806399971042644
2005-05-17,31.2514,31.5875,31.1482,31.5618,78,955,31.4041365,0.4496092650564393,31.3726,31.394377000000006,0.4504022854453962
2005-05-18,31.6391,32.1206,31.5618,31.9744,78,955,31.4156145,0.45740860326669375,31.5618,31.4041365,0.4496092650564393
2005-05-19,32.0604,32.2582,31.983,32.2496,78,955,31.428132,0.4450079887476444,31.9744,31.4156145,0.45740860326669375
2005-05-20,32.198,32.4043,32.112,32.3699,78,955,31.443976,0.43410027526566963,32.2496,31.428132,0.4450079887476444
2005-05-23,32.3785,32.6588,32.3269,32.5324,78,955,31.4607175,0.4268002556038359,32.3699,31.443976,0.43410027526566963
2005-05-24,32.4645,32.6708,32.4129,32.6528,78,955,31.4807435,0.4147359516321333,32.5324,31.4607175,0.4268002556038359
2005-05-25,32.5333,32.5685,32.3183,32.5075,78,955,31.503918000000002,0.409004812229838,32.6528,31.4807435,0.4147359516321333
2005-05-26,32.6536,32.903,32.6536,32.8256,78,955,31.528385000000004,0.40804018278484944,32.5075,31.503918000000002,0.409004812229838
2005-05-27,32.7912,32.8858,32.688,32.8583,78,955,31.5503755,0.393023026871646,32.8256,31.528385000000004,0.40804018278484944
2005-05-31,32.8342,32.8772,32.6021,32.7482,78,955,31.573987000000002,0.3845999535236714,32.8583,31.5503755,0.393023026871646
2005-06-01,32.6966,33.2555,32.688,33.0405,78,955,31.600993000000003,0.39766424255769456,32.7482,31.573987000000002,0.3845999535236714
2005-06-02,32.9546,33.2383,32.9288,33.2297,78,955,31.62863,0.39136679666071633,33.0405,31.600993000000003,0.39766424255769456
2005-06-03,33.2125,33.2211,32.688,32.7568,78,955,31.651986500000003,0.40210488261352223,33.2297,31.62863,0.39136679666071633
2005-06-06,32.774,32.8342,32.6365,32.7568,78,955,31.674534000000005,0.38750453385541384,32.7568,31.651986500000003,0.40210488261352223
2005-06-07,32.7998,33.0758,32.4456,32.492,78,955,31.692691999999997,0.404839924294313,32.7568,31.674534000000005,0.38750453385541384
2005-06-08,32.5849,32.6279,32.2925,32.4215,78,955,31.7116045,0.39987992970186204,32.492,31.692691999999997,0.404839924294313
2005-06-09,32.3785,32.7224,32.241,32.628,78,955,31.7299315,0.4057027918660148,32.4215,31.7116045,0.39987992970186204
2005-06-10,32.5849,32.5849,32.1378,32.2668,78,955,31.746077500000002,0.41173830673272815,32.628,31.7299315,0.4057027918660148
2005-06-13,32.2238,32.6279,32.2066,32.4224,78,955,31.763265500000003,0.41242128482324725,32.2668,31.746077500000002,0.41173830673272815
2005-06-14,32.4043,32.5333,32.241,32.3097,78,955,31.777744000000002,0.403841193050158,32.4224,31.763265500000003,0.41242128482324725
2005-06-15,32.5247,32.5591,32.026,32.413,78,955,31.793335,0.41307396497514653,32.3097,31.777744000000002,0.403841193050158
2005-06-16,32.4473,32.6708,32.3785,32.5849,78,955,31.8091045,0.40444725319120733,32.413,31.793335,0.41307396497514653
2005-06-17,32.7955,32.8815,32.4857,32.6062,78,955,31.827216,0.40382959224897835,32.5849,31.8091045,0.40444725319120733
2005-06-20,32.4599,32.7697,32.3394,32.6062,78,955,31.845488999999997,0.40572033565976584,32.6062,31.827216,0.40382959224897835
2005-06-21,32.5631,32.7103,32.4427,32.5717,78,955,31.862470000000002,0.3958545973983536,32.6062,31.845488999999997,0.40572033565976584
2005-06-22,32.7008,32.7869,32.3824,32.5545,78,955,31.8772785,0.3964721261556145,32.5717,31.862470000000002,0.3958545973983536
2005-06-23,32.589,32.8557,32.1243,32.1501,78,955,31.892692,0.4203955457159278,32.5545,31.8772785,0.3964721261556145
2005-06-24,32.1673,32.1931,31.8041,31.8059,78,955,31.9053755,0.41815300673621886,32.1501,31.892692,0.4203955457159278
2005-06-27,31.7973,31.8919,31.5821,31.651,78,955,31.917880499999995,0.41041350625506035,31.8059,31.9053755,0.41815300673621886
2005-06-28,31.7973,32.064,31.7542,31.978,78,955,31.930573,0.41059825580827036,31.651,31.917880499999995,0.41041350625506035
2005-06-29,32.0554,32.064,31.8145,31.9005,78,955,31.940506,0.39909123753625114,31.978,31.930573,0.41059825580827036
2005-06-30,31.9608,32.021,31.6251,31.651,78,955,31.947859000000005,0.39886329199794757,31.9005,31.940506,0.39909123753625114
2005-07-01,31.7198,31.8411,31.5649,31.6165,78,955,31.954145000000004,0.3901016282838084,31.651,31.947859000000005,0.39886329199794757
2005-07-05,31.5219,32.0038,31.4961,31.922,78,955,31.963849500000002,0.3985015119778221,31.6165,31.954145000000004,0.3901016282838084
2005-07-06,31.8661,32.0812,31.7232,31.7714,78,955,31.9726515,0.3956085468365494,31.922,31.963849500000002,0.3985015119778221
2005-07-07,31.4789,31.9177,31.4529,31.8919,78,955,31.9811665,0.4005507934910816,31.7714,31.9726515,0.3956085468365494
2005-07-08,31.9091,32.5373,31.8343,32.5201,78,955,31.992907499999998,0.42215430824171885,31.8919,31.9811665,0.4005507934910816
2005-07-11,32.589,32.8385,32.5287,32.7955,78,955,32.0050035,0.41474328622445356,32.5201,31.992907499999998,0.42215430824171885
2005-07-12,32.8041,33.0967,32.7094,32.9573,78,955,32.0209745,0.4127830514941352,32.7955,32.0050035,0.41474328622445356
2005-07-13,32.9762,33.0709,32.8471,33.0433,78,955,32.0371625,0.3992842621016973,32.9573,32.0209745,0.4127830514941352
2005-07-14,33.2679,33.4581,33.1483,33.3574,78,955,32.0557725,0.4003925290944332,33.0433,32.0371625,0.3992842621016973
2005-07-15,33.4228,33.5614,33.2593,33.4581,78,955,32.076419,0.39337163415911625,33.3574,32.0557725,0.4003925290944332
2005-07-18,33.3635,33.4667,33.2929,33.3204,78,955,32.095738000000004,0.3776879460048937,33.4581,32.076419,0.39337163415911625
2005-07-19,33.4839,33.73,33.4237,33.7163,78,955,32.114912,0.37996737843311545,33.3204,32.095738000000004,0.3776879460048937
2005-07-20,33.5011,34.0519,33.4753,33.9658,78,955,32.1352015,0.3940125656878934,33.7163,32.114912,0.37996737843311545
2005-07-21,34.0433,34.1577,33.7421,33.9546,78,955,32.1512195,0.39555452528161517,33.9658,32.1352015,0.3940125656878934
2005-07-22,33.9658,34.0691,33.7507,33.9254,78,955,32.166325,0.39004348776149955,33.9546,32.1512195,0.39555452528161517
2005-07-25,33.9572,34.1001,33.7335,33.7765,78,955,32.180473,0.38836895292139234,33.9254,32.166325,0.39004348776149955
2005-07-26,33.8763,34.0175,33.7249,33.9142,78,955,32.194075,0.3815283134270072,33.7765,32.180473,0.38836895292139234
2005-07-27,33.94,34.2154,33.7559,34.181,78,955,32.210812000000004,0.3870977196107928,33.9142,32.194075,0.3815283134270072
2005-07-28,34.2068,34.3539,34.1121,34.3359,78,955,32.23084,0.3767193110671651,34.181,32.210812000000004,0.3870977196107928
2005-07-29,34.3101,34.3531,34.0209,34.0519,78,955,32.2488775,0.37353936027665335,34.3359,32.23084,0.3767193110671651
2005-08-01,34.1121,34.2756,34.0089,34.1207,78,955,32.267429500000006,0.36590797739974956,34.0519,32.2488775,0.37353936027665335
2005-08-02,34.1638,34.5424,34.1242,34.4822,78,955,32.2880015,0.36989312187119616,34.1207,32.267429500000006,0.36590797739974956
2005-08-03,34.3445,34.5338,34.3187,34.4736,78,955,32.30951,0.3588364703089678,34.4822,32.2880015,0.36989312187119616
2005-08-04,34.3187,34.3703,34.0519,34.1293,78,955,32.3286585,0.3633267224297554,34.4736,32.30951,0.3588364703089678
2005-08-05,34.0863,34.2412,33.9288,33.9744,78,955,32.344443500000004,0.3596890993990583,34.1293,32.3286585,0.3633267224297554
2005-08-08,34.0089,34.0863,33.6819,33.7292,78,955,32.360186000000006,0.3628827351562686,33.9744,32.344443500000004,0.3596890993990583
2005-08-09,33.8798,34.0691,33.8247,33.94,78,955,32.376203499999995,0.3612411112165352,33.7292,32.360186000000006,0.3628827351562686
2005-08-10,34.0347,34.1509,33.5356,33.656,78,955,32.388472,0.3793881747010682,33.94,32.376203499999995,0.3612411112165352
2005-08-11,33.6732,34.0269,33.6474,33.94,78,955,32.4057795,0.37939616222242056,33.656,32.388472,0.3793881747010682
2005-08-12,33.6646,33.8368,33.5356,33.7232,78,955,32.422727,0.3811821506351045,33.94,32.4057795,0.37939616222242056
2005-08-15,33.6819,34.1035,33.6276,33.9546,78,955,32.440112,0.38794771130402533,33.7232,32.422727,0.3811821506351045
2005-08-16,33.8195,33.8454,33.3376,33.4065,78,955,32.450494,0.40430858906802336,33.9546,32.440112,0.38794771130402533
2005-08-17,33.5011,33.7077,33.3807,33.5786,78,955,32.4611405,0.3987865469917364,33.4065,32.450494,0.40430858906802336
2005-08-18,33.4495,33.6388,33.3635,33.4237,78,955,32.4710975,0.3899660793494696,33.5786,32.4611405,0.3987865469917364
2005-08-19,33.4667,33.5622,33.3807,33.4056,78,955,32.480495999999995,0.3750756451102218,33.4237,32.4710975,0.3899660793494696
2005-08-22,33.4667,33.7163,33.2146,33.4237,78,955,32.48941,0.38412024188806304,33.4056,32.480495999999995,0.3750756451102218
2005-08-23,33.4237,33.4925,33.2258,33.3385,78,955,32.4971105,0.3757330817532014,33.4237,32.48941,0.38412024188806304
2005-08-24,33.2576,33.7163,33.0967,33.1311,78,955,32.5024965,0.39315214734225834,33.3385,32.4971105,0.3757330817532014
2005-08-25,33.1741,33.2963,33.1225,33.2086,78,955,32.507077499999994,0.37748413681781134,33.1311,32.5024965,0.39315214734225834
2005-08-26,33.1569,33.2172,32.9332,33.095,78,955,32.510878,0.37080669847368186,33.2086,32.507077499999994,0.37748413681781134
2005-08-29,32.9246,33.4323,32.9246,33.3376,78,955,32.515776499999994,0.3805847914398474,33.095,32.510878,0.37080669847368186
2005-08-30,33.1827,33.2516,32.9762,33.2516,78,955,32.521339000000005,0.37921444919414427,33.3376,32.515776499999994,0.3805847914398474
2005-08-31,33.2533,33.57,33.1122,33.5528,78,955,32.525938,0.3848277028231339,33.2516,32.521339000000005,0.37921444919414427
2005-09-01,33.5442,33.6905,33.3721,33.4839,78,955,32.528745,0.3800828669071955,33.5528,32.525938,0.3848277028231339
2005-09-02,33.5442,33.5881,33.3376,33.3721,78,955,32.5303965,0.3708269478423955,33.4839,32.528745,0.3800828669071955
2005-09-06,33.5011,33.9142,33.4831,33.8738,78,955,32.5357915,0.38306073728222423,33.3721,32.5303965,0.3708269478423955
2005-09-07,33.8281,33.9736,33.7421,33.9142,78,955,32.539102,0.3722349703334937,33.8738,32.5357915,0.38306073728222423
2005-09-08,33.8109,34.0519,33.7937,33.9125,78,955,32.5413695,0.3640896153096729,33.9142,32.539102,0.3722349703334937
2005-09-09,33.9142,34.1552,33.8281,34.1035,78,955,32.5472745,0.36144749993041064,33.9125,32.5413695,0.3640896153096729
2005-09-12,34.1035,34.304,34.0605,34.1896,78,955,32.552077,0.35302267850681024,34.1035,32.5472745,0.36144749993041064
2005-09-13,34.1457,34.3445,34.0261,34.1035,78,955,32.5570025,0.3505496300420378,34.1896,32.552077,0.35302267850681024
2005-09-14,34.1207,34.1466,33.6905,33.7163,78,955,32.5579905,0.35808894218189224,34.1035,32.5570025,0.3505496300420378
2005-09-15,33.7851,33.854,33.6044,33.7077,78,955,32.559191,0.35033973202604285,33.7163,32.5579905,0.35808894218189224
2005-09-16,33.7851,33.9572,33.6552,33.9013,78,955,32.5586345,0.3468868940241826,33.7077,32.559191,0.35033973202604285
2005-09-19,33.8368,33.8884,33.4839,33.6449,78,955,32.5562,0.35192354445102675,33.9013,32.5586345,0.3468868940241826
2005-09-20,33.6991,34.0269,33.397,33.4925,78,955,32.552748,0.37177900556166765,33.6449,32.5562,0.35192354445102675
2005-09-21,33.4065,33.4495,33.1053,33.1311,78,955,32.5469355,0.3728805051644057,33.4925,32.552748,0.37177900556166765
2005-09-22,33.0795,33.329,32.9074,33.2516,78,955,32.5446635,0.3763604690812337,33.1311,32.5469355,0.3728805051644057
2005-09-23,33.1363,33.4581,33.0537,33.354,78,955,32.54192,0.3783632927182886,33.2516,32.5446635,0.3763604690812337
2005-09-26,33.5356,33.5872,33.1741,33.3548,78,955,32.5381625,0.3808444860955537,33.354,32.54192,0.3783632927182886
2005-09-27,33.3893,33.4753,33.1397,33.2774,78,955,32.534614499999996,0.37761273708872845,33.3548,32.5381625,0.3808444860955537
2005-09-28,33.3635,33.5184,33.181,33.2774,78,955,32.529490499999994,0.37474039872524806,33.2774,32.534614499999996,0.37761273708872845
2005-09-29,33.243,33.743,33.0838,33.7163,78,955,32.525837499999994,0.395058941673445,33.2774,32.529490499999994,0.37474039872524806
2005-09-30,33.693,33.9572,33.6732,33.9486,78,955,32.5238145,0.38712616012534173,33.7163,32.525837499999994,0.395058941673445
2005-10-03,34.0261,34.2068,34.0003,34.0536,78,955,32.523764,0.3779171486878175,33.9486,32.5238145,0.38712616012534173
2005-10-04,34.0777,34.3187,33.8109,33.8238,78,955,32.5231965,0.3871944952101165,34.0536,32.523764,0.3779171486878175
2005-10-05,33.8281,33.854,33.3376,33.3376,78,955,32.5213285,0.3964234598379651,33.8238,32.5231965,0.3871944952101165
2005-10-06,33.329,33.4409,32.632,32.916,78,955,32.5154185,0.42588606984953914,33.3376,32.5213285,0.3964234598379651
2005-10-07,33.0537,33.1397,32.8549,32.9986,78,955,32.5095345,0.4158084934317147,32.916,32.5154185,0.42588606984953914
2005-10-10,32.9504,33.0975,32.7697,32.8041,78,955,32.5025445,0.40952217247230627,32.9986,32.5095345,0.4158084934317147
2005-10-11,32.8815,32.9074,32.5287,32.6406,78,955,32.495558,0.40732058872428456,32.8041,32.5025445,0.40952217247230627
2005-10-12,32.4943,32.749,32.2103,32.2568,78,955,32.485018999999994,0.4167048323868361,32.6406,32.495558,0.40732058872428456
2005-10-13,32.2447,32.6234,32.1243,32.5115,78,955,32.475581500000004,0.422590201502062,32.2568,32.485018999999994,0.4167048323868361
2005-10-14,32.589,32.7611,32.4082,32.7525,78,955,32.467607,0.4176123299662003,32.5115,32.475581500000004,0.422590201502062
2005-10-17,32.749,32.8643,32.5459,32.8497,78,955,32.4602475,0.41052573496861433,32.7525,32.467607,0.4176123299662003
2005-10-18,32.8256,32.8557,32.6234,32.632,78,955,32.453605,0.3977953253279992,32.8497,32.4602475,0.41052573496861433
2005-10-19,32.4771,33.2688,32.3652,33.2688,78,955,32.45322,0.4339242306617134,32.632,32.453605,0.3977953253279992
2005-10-20,33.2688,33.4323,32.7869,32.959,78,955,32.4523395,0.44902964275730495,33.2688,32.45322,0.4339242306617134
2005-10-21,33.3024,33.3462,33.0278,33.1741,78,955,32.453308,0.44461323970321176,32.959,32.4523395,0.44902964275730495
2005-10-24,33.3135,33.6991,33.1027,33.6905,78,955,32.456085,0.4554551511529826,33.1741,32.453308,0.44461323970321176
2005-10-25,33.6302,33.725,33.3635,33.6311,78,955,32.458694,0.4487440689277695,33.6905,32.456085,0.4554551511529826
2005-10-26,33.527,33.7972,33.3548,33.3901,78,955,32.4612155,0.4482909211472145,33.6311,32.458694,0.4487440689277695
2005-10-27,33.3721,33.3893,32.7266,32.743,78,955,32.459083,0.46366299820812773,33.3901,32.4612155,0.4482909211472145
2005-10-28,32.8471,33.0382,32.632,32.9762,78,955,32.4603095,0.459558498336119,32.743,32.459083,0.46366299820812773
2005-10-31,33.0795,33.6044,33.0623,33.4392,78,955,32.4622685,0.47160431988353907,32.9762,32.4603095,0.459558498336119
2005-11-01,33.3548,33.57,33.3118,33.4271,78,955,32.46283,0.45636115417757217,33.4392,32.4622685,0.47160431988353907
2005-11-02,33.3247,33.9572,33.3118,33.8553,78,955,32.468430000000005,0.46986392887917433,33.4271,32.46283,0.45636115417757217
2005-11-03,34.1982,34.4995,34.1466,34.3737,78,955,32.479695500000005,0.4823165053878046,33.8553,32.468430000000005,0.46986392887917433
2005-11-04,34.4168,34.6199,34.2842,34.4822,78,955,32.492905,0.47184389786010444,34.3737,32.479695500000005,0.4823165053878046
2005-11-07,34.594,34.6715,34.3789,34.5338,78,955,32.5085305,0.45904076229866847,34.4822,32.492905,0.47184389786010444
2005-11-08,34.477,34.7231,34.4133,34.5321,78,955,32.523395,0.44838070784876377,34.5338,32.5085305,0.45904076229866847
2005-11-09,34.5252,34.7059,34.4477,34.5596,78,955,32.536407,0.43479637157385226,34.5321,32.523395,0.44838070784876377
2005-11-10,34.5768,35.0157,34.3531,34.9383,78,955,32.55157,0.45106805931857746,34.5596,32.536407,0.43479637157385226
2005-11-11,35.0845,35.2119,35.0071,35.0329,78,955,32.568023,0.4383917693672506,34.9383,32.55157,0.45106805931857746
2005-11-14,35.0845,35.162,34.9408,35.0501,78,955,32.5824555,0.4228780715553038,35.0329,32.568023,0.4383917693672506
2005-11-15,35.0415,35.1964,34.7489,34.8664,78,955,32.5955395,0.42463678072992483,35.0501,32.5824555,0.4228780715553038
2005-11-16,34.9744,35.0932,34.8178,35.0811,78,955,32.6094395,0.4139770106777877,34.8664,32.5955395,0.42463678072992483
2005-11-17,35.205,35.5578,35.1534,35.5578,78,955,32.6274425,0.41845722420080295,35.0811,32.6094395,0.4139770106777877
2005-11-18,35.73,35.8427,35.5148,35.6439,78,955,32.6431675,0.4119888510436027,35.5578,32.6274425,0.41845722420080295
2005-11-21,35.6267,35.7825,35.489,35.7575,78,955,32.6601055,0.4035253616833455,35.6439,32.6431675,0.4119888510436027
2005-11-22,35.6783,36.0312,35.5923,35.8935,78,955,32.677332,0.4060521215631063,35.7575,32.6601055,0.4035253616833455
2005-11-23,35.9021,36.1602,35.8935,35.9709,78,955,32.697658000000004,0.39609839859431306,35.8935,32.677332,0.4060521215631063
2005-11-25,36.0053,36.0914,35.9107,36.0484,43,780,32.718199999999996,0.38071279869471936,35.9709,32.697658000000004,0.39609839859431306
2005-11-28,36.1172,36.143,35.7127,35.7528,78,955,32.7348565,0.38425474164509676,36.0484,32.718199999999996,0.38071279869471936
2005-11-29,35.9451,36.0139,35.5751,35.5802,78,955,32.749919,0.3881508315275899,35.7528,32.7348565,0.38425474164509676
2005-11-30,35.532,35.7041,35.4451,35.4804,78,955,32.763365,0.3789257721327621,35.5802,32.749919,0.3881508315275899
2005-12-01,35.7214,36.186,35.7127,36.1482,78,955,32.780838,0.4022596455518503,35.4804,32.763365,0.3789257721327621
2005-12-02,36.0845,36.2575,36.0312,36.2299,78,955,32.8009675,0.389691099441004,36.1482,32.780838,0.4022596455518503
2005-12-05,36.186,36.1947,35.8238,35.9623,78,955,32.820236,0.39086316376664676,36.2299,32.8009675,0.389691099441004
2005-12-06,36.1817,36.4098,36.057,36.0914,78,955,32.8421105,0.394908652069029,35.9623,32.820236,0.39086316376664676
2005-12-07,36.143,36.1688,35.8238,36.0157,78,955,32.8634945,0.39134374834981256,36.0914,32.8421105,0.394908652069029
2005-12-08,36.1086,36.143,35.5148,35.7644,78,955,32.8814855,0.40826205203911164,36.0157,32.8634945,0.39134374834981256
2005-12-09,35.7738,35.9451,35.6094,35.8935,78,955,32.899190000000004,0.40307904832203195,35.7644,32.8814855,0.40826205203911164
2005-12-12,36.0312,36.0914,35.8676,36.0312,78,955,32.9192935,0.39027340201331523,35.8935,32.899190000000004,0.40307904832203195
2005-12-13,35.9881,36.3237,35.9365,36.1774,78,955,32.938417,0.39005387329807845,36.0312,32.9192935,0.39027340201331523
2005-12-14,36.1,36.2256,35.8917,36.0484,78,955,32.9569985,0.3860428823482157,36.1774,32.938417,0.39005387329807845
2005-12-15,36.143,36.2033,35.8057,36.1172,78,955,32.9772825,0.3868683907519144,36.0484,32.9569985,0.3860428823482157
2005-12-16,36.1188,36.1791,35.8419,35.8772,78,955,32.9953775,0.3833206485553488,36.1172,32.9772825,0.3868683907519144
2005-12-19,35.9549,35.9807,35.282,35.2906,78,955,33.0083045,0.4058477450871098,35.8772,32.9953775,0.3833206485553488
2005-12-20,35.3251,35.4977,35.1526,35.3338,78,955,33.022952000000004,0.4015086204380307,35.2906,33.0083045,0.4058477450871098
2005-12-21,35.3855,35.7219,35.3251,35.4632,78,955,33.038762500000004,0.40117229040674274,35.3338,33.022952000000004,0.4015086204380307
2005-12-22,35.4632,35.7668,35.4545,35.7047,78,955,33.055952000000005,0.39482426966340406,35.4632,33.038762500000004,0.40117229040674274
2005-12-23,35.8082,35.8772,35.6262,35.7219,78,955,33.0748185,0.3845511075445899,35.7047,33.055952000000005,0.39482426966340406
2005-12-27,35.8168,35.9549,35.3424,35.4028,78,955,33.0913585,0.40083317129140517,35.7219,33.0748185,0.3845511075445899
2005-12-28,35.42,35.5235,35.2561,35.3596,78,955,33.109015,0.39130223048487583,35.4028,33.0913585,0.40083317129140517
2005-12-29,35.3941,35.4718,35.0663,35.1259,78,955,33.1271795,0.3923163568788135,35.3596,33.109015,0.39130223048487583
2005-12-30,34.9801,35.006,34.8162,34.8679,78,955,33.143795999999995,0.3864151885303268,35.1259,33.1271795,0.3923163568788135
2006-01-03,35.0663,35.791,34.6436,35.6443,78,955,33.1650255,0.44077124649244614,34.8679,33.143795999999995,0.3864151885303268
2006-01-04,35.7219,36.0066,35.6616,35.998,78,955,33.1878045,0.4351661574572713,35.6443,33.1650255,0.44077124649244614
2006-01-05,36.0152,36.2309,35.998,36.1619,78,955,33.2133415,0.420718574781752,35.998,33.1878045,0.4351661574572713
2006-01-06,36.4552,36.8348,36.2827,36.8089,78,955,33.2415545,0.4387315337259125,36.1619,33.2133415,0.420718574781752
2006-01-09,36.8002,37.0246,36.6795,36.9641,78,955,33.2704145,0.43204356703120467,36.8089,33.2415545,0.4387315337259125
2006-01-10,36.783,37.0245,36.7054,36.9814,78,955,33.299142,0.42397616938611904,36.9641,33.2704145,0.43204356703120467
2006-01-11,37.1108,37.361,36.9814,37.2747,78,955,33.330544,0.420806443001396,36.9814,33.299142,0.42397616938611904
2006-01-12,37.2316,37.3437,36.9641,37.0849,78,955,33.3581165,0.41786312564415323,37.2747,33.330544,0.420806443001396
2006-01-13,37.0418,37.1367,36.8606,37.0677,78,955,33.386291,0.4077371880981423,37.0849,33.3581165,0.41786312564415323
2006-01-17,36.8002,36.9124,36.6622,36.8606,78,955,33.4150635,0.4075773889482752,37.0677,33.386291,0.4077371880981423
2006-01-18,36.2654,36.6277,36.2482,36.4207,78,955,33.440433,0.4222075754519699,36.8606,33.4150635,0.4075773889482752
2006-01-19,36.576,36.9383,36.4811,36.6881,78,955,33.4667095,0.42902132006254357,36.4207,33.440433,0.4222075754519699
2006-01-20,36.6105,36.6536,35.4977,35.6271,78,955,33.487939000000004,0.48340551148664734,36.6881,33.4667095,0.42902132006254357
2006-01-23,35.6874,35.7565,35.4373,35.5925,78,955,33.507147,0.4716765463804584,35.6271,33.487939000000004,0.48340551148664734
2006-01-24,35.6788,35.9721,35.6357,35.7478,78,955,33.528378,0.46509965021042543,35.5925,33.507147,0.4716765463804584
2006-01-25,35.9204,35.9462,35.4373,35.5839,78,955,33.549499,0.4682282466239663,35.7478,33.528378,0.46509965021042543
2006-01-26,35.8168,35.9635,35.5667,35.8513,78,955,33.5711185,0.4631262290079691,35.5839,33.549499,0.4682282466239663
2006-01-27,36.0756,36.5673,36.0066,36.3172,78,955,33.59769,0.4811886412216857,35.8513,33.5711185,0.4631262290079691
2006-01-30,36.3603,36.5069,36.2913,36.3948,78,955,33.6268075,0.4622180239915654,36.3172,33.59769,0.4811886412216857
2006-01-31,36.3517,36.4638,36.067,36.2395,78,955,33.6586605,0.4575453079921678,36.3948,33.6268075,0.4622180239915654
2006-02-01,36.0152,36.3776,35.9721,36.343,78,955,33.6910355,0.4538277859927275,36.2395,33.6586605,0.4575453079921678
2006-02-02,36.2395,36.2999,35.7219,35.7478,78,955,33.719393999999994,0.4657758012789617,36.343,33.6910355,0.4538277859927275
2006-02-03,35.4632,35.5667,35.1785,35.3079,78,955,33.746627999999994,0.4731703869018929,35.7478,33.719393999999994,0.4657758012789617
2006-02-06,35.282,35.3769,35.0146,35.1785,78,955,33.769268499999995,0.46525107355175754,35.3079,33.746627999999994,0.4731703869018929
2006-02-07,35.144,35.3079,34.8852,35.0663,78,955,33.793777,0.4622117111552034,35.1785,33.769268499999995,0.46525107355175754
2006-02-08,35.2993,35.4977,35.1008,35.4545,78,955,33.818966499999995,0.46001087464411766,35.0663,33.793777,0.4622117111552034
2006-02-09,35.5408,35.6874,35.0491,35.1095,78,955,33.843854,0.4727458121695374,35.4545,33.818966499999995,0.46001087464411766
2006-02-10,35.1008,35.42,34.7299,35.3251,78,955,33.869549,0.48827111130028483,35.1095,33.843854,0.4727458121695374
2006-02-13,35.1267,35.144,34.7644,34.9369,78,955,33.894850500000004,0.4934446033502643,35.3251,33.869549,0.48827111130028483
2006-02-14,34.9801,35.3855,34.8593,35.2734,78,955,33.9208455,0.4957842745395314,34.9369,33.894850500000004,0.4934446033502643
2006-02-15,35.1871,35.5925,35.1353,35.4977,78,955,33.947416,0.4930282549295649,35.2734,33.9208455,0.4957842745395314
2006-02-16,35.6271,35.8427,35.4977,35.8341,78,955,33.9751185,0.48245480814888164,35.4977,33.947416,0.4930282549295649
2006-02-17,35.7565,35.7651,35.5408,35.5667,78,955,33.999356000000006,0.4689437504239617,35.8341,33.9751185,0.48245480814888164
2006-02-21,35.5494,35.6012,35.0318,35.144,78,955,34.0215185,0.4761191968222503,35.5667,33.999356000000006,0.4689437504239617
2006-02-22,35.1957,35.7651,35.0922,35.6098,78,955,34.0454985,0.49017496847780373,35.144,34.0215185,0.4761191968222503
2006-02-23,35.558,35.8341,35.4373,35.4977,78,955,34.06808,0.48350532787224626,35.6098,34.0454985,0.49017496847780373
2006-02-24,35.4977,35.6184,35.3769,35.5839,78,955,34.0923605,0.46621923302422885,35.4977,34.06808,0.48350532787224626
2006-02-27,35.6874,36.1188,35.6529,35.9894,78,955,34.117765999999996,0.4711250020939268,35.5839,34.0923605,0.46621923302422885
2006-02-28,35.8772,35.9894,35.3424,35.4545,78,955,34.1410125,0.483687501944361,35.9894,34.117765999999996,0.4711250020939268
2006-03-01,35.5494,36.0326,35.4977,35.9376,78,955,34.164955,0.49043125180547803,35.4545,34.1410125,0.483687501944361
2006-03-02,35.8427,36.0929,35.7219,35.9721,78,955,34.187952499999994,0.48190044810508686,35.9376,34.164955,0.49043125180547803
2006-03-03,35.7565,36.2395,35.7047,35.7565,78,955,34.208926,0.4856789875261519,35.9721,34.187952499999994,0.48190044810508686
2006-03-06,35.8255,35.9117,35.3338,35.4459,78,955,34.2262835,0.4922662027028558,35.7565,34.208926,0.4856789875261519
2006-03-07,35.3941,35.4286,35.0663,35.2475,78,955,34.241273,0.48421861679550926,35.4459,34.2262835,0.4922662027028558
2006-03-08,35.1699,35.4459,34.9369,35.2475,78,955,34.255661,0.48598871559583007,35.2475,34.241273,0.48421861679550926
2006-03-09,35.3683,35.4977,34.9111,34.9197,78,955,34.2675975,0.4931752359104139,35.2475,34.255661,0.48598871559583007
2006-03-10,34.9197,35.1871,34.6695,34.9714,78,955,34.279190500000006,0.49491986191681303,34.9197,34.2675975,0.4931752359104139
2006-03-13,35.1612,35.3165,35.0405,35.0922,78,955,34.292114,0.4842184432084689,34.9714,34.279190500000006,0.49491986191681303
2006-03-14,35.0663,35.7306,35.0577,35.6788,78,955,34.30638,0.49769569726500723,35.0922,34.292114,0.4842184432084689
2006-03-15,35.8255,35.9807,35.6443,35.9807,78,955,34.321992,0.48617457603179226,35.6788,34.30638,0.49769569726500723
2006-03-16,36.1015,36.162,35.6529,35.6788,78,955,34.336645,0.4878121063152354,35.9807,34.321992,0.48617457603179226
2006-03-17,35.6693,35.9024,35.5916,35.7557,78,955,34.350221,0.4751683844355758,35.6788,34.336645,0.4878121063152354
2006-03-20,35.8938,35.9801,35.7384,35.8765,78,955,34.363455,0.45849207126160624,35.7557,34.350221,0.4751683844355758
2006-03-21,35.8333,36.265,35.4622,35.488,78,955,34.377111,0.4830854947429199,35.8765,34.363455,0.45849207126160624
2006-03-22,35.2895,35.6348,35.2722,35.5744,78,955,34.391199,0.47447938797556855,35.488,34.377111,0.4830854947429199
2006-03-23,35.4708,35.583,35.2377,35.4622,78,955,34.40605,0.4652522888344567,35.5744,34.391199,0.47447938797556855
2006-03-24,35.5916,35.8247,35.4104,35.6434,78,955,34.4221595,0.4616128396319953,35.4622,34.40605,0.4652522888344567
2006-03-27,35.6348,35.8333,35.6003,35.6797,78,955,34.437418,0.4452833510868531,35.6434,34.4221595,0.4616128396319953
2006-03-28,35.7125,35.9715,35.3845,35.5053,78,955,34.453610499999996,0.4554059688663633,35.6797,34.437418,0.4452833510868531
2006-03-29,35.5657,36.3427,35.5398,36.17,78,955,34.472348499999995,0.4826912568044804,35.5053,34.453610499999996,0.4554059688663633
2006-03-30,36.2477,36.5153,36.0751,36.2822,78,955,34.492211,0.4796561670327321,36.17,34.472348499999995,0.4826912568044804
2006-03-31,36.3772,36.4204,36.1182,36.1959,78,955,34.511125500000006,0.466980726530394,36.2822,34.492211,0.4796561670327321
2006-04-03,36.3858,36.5757,36.17,36.2304,78,955,34.529353,0.4626035317782227,36.1959,34.511125500000006,0.466980726530394
2006-04-04,36.2909,36.5239,36.1959,36.4289,78,955,34.548466499999996,0.45298899379406365,36.2304,34.529353,0.4626035317782227
2006-04-05,36.5153,36.8347,36.4376,36.7743,78,955,34.569307,0.4496183513802019,36.4289,34.548466499999996,0.45298899379406365
2006-04-06,36.757,37.0678,36.6534,36.8951,78,955,34.590924,0.4471027548530446,36.7743,34.569307,0.4496183513802019
2006-04-07,37.0246,37.1627,36.5153,36.5412,78,955,34.6108575,0.46140970093496986,36.8951,34.590924,0.4471027548530446
2006-04-10,36.6016,36.688,36.334,36.4808,78,955,34.632511,0.45373757943961485,36.5412,34.6108575,0.46140970093496986
2006-04-11,36.6016,36.6275,36.006,36.1873,78,955,34.654418,0.46572060947964217,36.4808,34.632511,0.45373757943961485
2006-04-12,36.2132,36.3254,36.0837,36.1959,78,955,34.6771425,0.4497191373739536,36.1873,34.654418,0.46572060947964217
2006-04-13,36.17,36.5412,36.0837,36.3427,78,955,34.698966,0.4502749132758143,36.1959,34.6771425,0.4497191373739536
2006-04-17,36.2909,36.4376,35.7298,35.9628,78,955,34.7192775,0.4686695623275423,36.3427,34.698966,0.4502749132758143
2006-04-18,36.0664,36.7398,36.0578,36.6534,78,955,34.7442895,0.4906931650184322,35.9628,34.7192775,0.4686695623275423
2006-04-19,36.7225,36.8174,36.5153,36.8088,78,955,34.770251,0.47722222465997244,36.6534,34.7442895,0.4906931650184322
2006-04-20,36.7916,36.9642,36.5844,36.688,78,955,34.794081,0.47026349432711695,36.8088,34.770251,0.47722222465997244
2006-04-21,36.8347,36.8779,36.101,36.2391,78,955,34.816419499999995,0.49216610187517984,36.688,34.794081,0.47026349432711695
2006-04-24,36.2218,36.3168,36.0146,36.2218,78,955,34.838069,0.47859709459838123,36.2391,34.816419499999995,0.49216610187517984
2006-04-25,36.3254,36.3427,35.9542,36.1441,78,955,34.856189,0.4721615878413541,36.2218,34.838069,0.47859709459838123
2006-04-26,36.1441,36.3081,35.9974,36.1441,78,955,34.872932,0.4606286172812577,36.1441,34.856189,0.4721615878413541
2006-04-27,35.9715,36.6793,35.8247,36.4808,78,955,34.8905495,0.48876943033259634,36.1441,34.872932,0.4606286172812577
2006-04-28,36.2563,36.4463,36.0664,36.1355,78,955,34.9060105,0.48345732816598236,36.4808,34.8905495,0.48876943033259634
2006-05-01,36.1959,36.2995,35.6607,35.7643,78,955,34.918045,0.49455323329698386,36.1355,34.9060105,0.48345732816598236
2006-05-02,35.9197,36.0233,35.7902,35.861,78,955,34.9300595,0.4777280023471993,35.7643,34.918045,0.49455323329698386
2006-05-03,35.9024,35.9456,35.6348,35.8161,78,955,34.942538,0.4658045736081137,35.861,34.9300595,0.4777280023471993
2006-05-04,35.8506,36.2477,35.8506,36.101,78,955,34.9544615,0.46336138977896296,35.8161,34.942538,0.4658045736081137
2006-05-05,36.3513,36.4377,36.2045,36.3858,78,955,34.9665615,0.4543141476518942,36.101,34.9544615,0.46336138977896296
2006-05-08,36.334,36.498,36.3168,36.4204,78,955,34.9788905,0.4348059942481873,36.3858,34.9665615,0.4543141476518942
2006-05-09,36.3427,36.4118,36.2304,36.2888,78,955,34.990707500000006,0.417319851801888,36.4204,34.9788905,0.4348059942481873
2006-05-10,36.1959,36.2391,35.8679,35.9542,78,955,35.001596000000006,0.41757557667318196,36.2888,34.990707500000006,0.417319851801888
2006-05-11,35.9369,35.9542,35.0737,35.1686,78,955,35.007868,0.4506416069108117,35.9542,35.001596000000006,0.41757557667318196
2006-05-12,35.0219,35.0651,34.6852,34.7025,78,955,35.0104755,0.4529814921314677,35.1686,35.007868,0.4506416069108117
2006-05-15,34.5644,34.8233,34.3486,34.6852,78,955,35.012221999999994,0.4545328141220776,34.7025,35.0104755,0.4529814921314677
2006-05-16,34.668,34.7543,34.3313,34.4263,78,955,35.014094,0.45228047025621504,34.6852,35.012221999999994,0.4545328141220776
2006-05-17,34.2536,34.3572,33.8651,33.9428,78,955,35.0132045,0.46006043666648533,34.4263,35.014094,0.45228047025621504
2006-05-18,34.0896,34.2363,33.6752,33.7098,78,955,35.0093425,0.46727754833316515,33.9428,35.0132045,0.46006043666648533
2006-05-19,33.8134,34.0723,33.4508,33.9601,78,955,35.006775000000005,0.4782934377379389,33.7098,35.0093425,0.46727754833316515
2006-05-22,33.6839,33.8738,33.3386,33.6321,78,955,35.004289,0.48852247789951453,33.9601,35.006775000000005,0.4782934377379389
2006-05-23,33.8997,33.9947,33.2954,33.2954,78,955,35.000893999999995,0.5035780151924064,33.6321,35.004289,0.48852247789951453
2006-05-24,33.2609,33.7011,33.0019,33.5285,78,955,34.9998905,0.5175510141072344,33.2954,35.000893999999995,0.5035780151924064
2006-05-25,33.7357,33.986,33.5112,33.9774,78,955,35.0000775,0.5144973702424316,33.5285,34.9998905,0.5175510141072344
2006-05-26,34.0551,34.1155,33.8651,34.1063,78,955,35.002329,0.49563327236797217,33.9774,35.0000775,0.5144973702424316
2006-05-30,33.9342,33.9515,33.3299,33.3299,78,955,34.9992785,0.5156880386274024,34.1063,35.002329,0.49563327236797217
2006-05-31,33.4249,33.7184,33.2695,33.5112,78,955,34.9982185,0.510917464439731,33.3299,34.9992785,0.5156880386274024
2006-06-01,33.5889,34.2968,33.5285,34.2881,78,955,34.999886000000004,0.5305376455511784,33.5112,34.9982185,0.510917464439731
2006-06-02,34.4953,34.5298,33.9342,34.2191,78,955,35.003949000000006,0.5351849565832375,34.2881,34.999886000000004,0.5305376455511784
2006-06-05,34.15,34.15,33.4767,33.4853,78,955,35.0034825,0.549986031113006,34.2191,35.003949000000006,0.5351849565832375
2006-06-06,33.5371,33.6234,33.1055,33.4335,78,955,35.0035315,0.5476941717477911,33.4853,35.0034825,0.549986031113006
2006-06-07,33.494,33.8134,33.1918,33.1918,78,955,35.0024625,0.5529731594800918,33.4335,35.0035315,0.5476941717477911
2006-06-08,33.0364,33.2868,32.3631,33.1487,78,955,35.0010875,0.5794536480886565,33.1918,35.0024625,0.5529731594800918
2006-06-09,33.2695,33.4422,32.8983,32.9328,78,955,34.999059,0.5769141017966097,33.1487,35.0010875,0.5794536480886565
2006-06-12,32.976,33.0278,32.2768,32.3113,78,955,34.99496,0.5893488088111375,32.9328,34.999059,0.5769141017966097
2006-06-13,32.389,32.6307,32.0782,32.1818,78,955,34.989826,0.5867167510389131,32.3113,34.99496,0.5893488088111375
2006-06-14,32.2509,32.5185,32.1128,32.484,78,955,34.986771,0.5737869831075624,32.1818,34.989826,0.5867167510389131
2006-06-15,32.6652,33.4853,32.6307,33.3472,78,955,34.986819,0.6043236271713079,32.484,34.986771,0.5737869831075624
2006-06-16,33.3004,33.4127,32.9981,33.145,78,955,34.986286,0.5907719395162145,33.3472,34.986819,0.6043236271713079
2006-06-19,33.2573,33.2918,32.7476,32.8599,78,955,34.9828215,0.5874453724079137,33.145,34.986286,0.5907719395162145
2006-06-20,32.9031,33.24,32.7735,32.8944,78,955,34.979874,0.5788064172359202,32.8599,34.9828215,0.5874453724079137
2006-06-21,32.9463,33.6805,32.9376,33.4214,78,955,34.9801205,0.5936131017190691,32.8944,34.979874,0.5788064172359202
2006-06-22,33.3436,33.4127,32.8167,32.9808,78,955,34.9756555,0.59440502302485,33.4214,34.9801205,0.5936131017190691
2006-06-23,32.9636,33.2832,32.7649,32.9549,78,955,34.970859,0.5889689499516467,32.9808,34.9756555,0.59440502302485
2006-06-26,32.9722,33.1536,32.8858,33.024,78,955,34.9664165,0.5660283106693859,32.9549,34.970859,0.5889689499516467
2006-06-27,33.0672,33.1104,32.3848,32.428,78,955,34.958039,0.5774262884787155,33.024,34.9664165,0.5660283106693859
2006-06-28,32.5057,32.6871,32.2898,32.6439,78,955,34.9503105,0.5645601250159501,32.428,34.958039,0.5774262884787155
2006-06-29,32.7908,33.6546,32.739,33.6546,78,955,34.948066,0.5964272589433823,32.6439,34.9503105,0.5645601250159501
2006-06-30,33.7928,33.8101,33.4127,33.4905,78,955,34.946937,0.582211026161712,33.6546,34.948066,0.5964272589433823
2006-07-03,33.5855,33.6892,33.525,33.6892,43,780,34.9468445,0.5548173814358757,33.4905,34.946937,0.582211026161712
2006-07-05,33.3782,33.4127,32.9031,32.9722,78,955,34.942199,0.5713375684761701,33.6892,34.9468445,0.5548173814358757
2006-07-06,33.0499,33.24,32.834,32.9117,78,955,34.938533,0.5595277421564436,32.9722,34.942199,0.5713375684761701
2006-07-07,32.7303,32.9722,32.4539,32.5489,78,955,34.933815,0.5565829034309837,32.9117,34.938533,0.5595277421564436
2006-07-10,32.6439,32.7649,32.1084,32.2811,78,955,34.929565000000004,0.5637198389001987,32.5489,34.933815,0.5565829034309837
2006-07-11,32.2034,32.6007,32.0306,32.5144,78,955,34.925879,0.5641755646930419,32.2811,34.929565000000004,0.5637198389001987
2006-07-12,32.4453,32.5144,31.8233,31.8924,78,955,34.918571,0.5732415957863962,32.5144,34.925879,0.5641755646930419
2006-07-13,31.6765,31.9961,31.3655,31.3741,78,955,34.9086675,0.5773386246587963,31.8924,34.918571,0.5732415957863962
2006-07-14,31.3568,31.4259,30.9163,31.0631,78,955,34.897596,0.5725001514688821,31.3741,34.9086675,0.5773386246587963
2006-07-17,31.0545,31.3136,30.9854,31.1322,78,955,34.88687,0.5550501406496764,31.0631,34.897596,0.5725001514688821
2006-07-18,31.2877,31.3828,30.7003,31.2273,78,955,34.874425,0.5641537020318425,31.1322,34.88687,0.5550501406496764
2006-07-19,31.1841,31.8147,31.1754,31.6073,78,955,34.8627185,0.5695212947438536,31.2273,34.874425,0.5641537020318425
2006-07-20,31.7369,31.7888,31.1322,31.1495,78,955,34.848198000000004,0.5757412022621496,31.6073,34.8627185,0.5695212947438536
2006-07-21,30.994,31.0631,30.7694,30.8299,78,955,34.8332285,0.5617668306719961,31.1495,34.848198000000004,0.5757412022621496
2006-07-24,30.9681,31.4692,30.9249,31.4346,78,955,34.823713500000004,0.5673049141954251,30.8299,34.8332285,0.5617668306719961
2006-07-25,31.5037,31.7369,31.305,31.616,78,955,34.8172135,0.5576331346100375,31.4346,34.823713500000004,0.5673049141954251
2006-07-26,31.5296,31.8492,31.2964,31.5901,78,955,34.810171,0.5572879107093206,31.616,34.8172135,0.5576331346100375
2006-07-27,31.7283,31.9961,31.3136,31.3914,78,955,34.8031075,0.5662316313729404,31.5901,34.810171,0.5572879107093206
2006-07-28,31.5814,32.0825,31.5296,32.0479,78,955,34.800144,0.5751508005605876,31.3914,34.8031075,0.5662316313729404
2006-07-31,32.0306,32.2379,31.8665,32.0393,78,955,34.7990565,0.5605971719491175,32.0479,34.800144,0.5751508005605876
2006-08-01,31.7801,31.7888,31.3223,31.521,78,955,34.794104,0.5717688025241805,32.0393,34.7990565,0.5605971719491175
2006-08-02,31.6246,32.0738,31.6246,31.8665,78,955,34.789674,0.5704138880581675,31.521,34.794104,0.5717688025241805
2006-08-03,31.5642,32.2552,31.5123,32.0565,78,955,34.785708,0.5827343246254415,31.8665,34.789674,0.5704138880581675
2006-08-04,32.3243,32.5057,31.6333,31.927,78,955,34.782183,0.6034247300093385,32.0565,34.785708,0.5827343246254415
2006-08-07,31.8924,31.9097,31.5555,31.711,78,955,34.774394,0.5868586778658144,31.927,34.782183,0.6034247300093385
2006-08-08,31.7974,31.8751,31.3223,31.521,78,955,34.767204,0.5844259151611134,31.711,34.774394,0.5868586778658144
2006-08-09,31.9615,32.2293,31.4691,31.5555,78,955,34.759111,0.5969812069353198,31.521,34.767204,0.5844259151611134
2006-08-10,31.4951,31.8579,31.3655,31.7628,78,955,34.7494725,0.589511120725654,31.5555,34.759111,0.5969812069353198
2006-08-11,31.6592,31.6937,31.4173,31.5642,78,955,34.739138,0.5720817549595357,31.7628,34.7494725,0.589511120725654
2006-08-14,31.8406,32.1948,31.7024,31.7542,78,955,34.7309585,0.5762616296052834,31.5642,34.739138,0.5720817549595357
2006-08-15,32.1516,32.6094,32.0393,32.5576,78,955,34.7300315,0.5961857989191918,31.7542,34.7309585,0.5762616296052834
2006-08-16,32.8167,33.3264,32.6871,33.3264,78,955,34.7317825,0.608515384710678,32.5576,34.7300315,0.5961857989191918
2006-08-17,33.2313,33.6719,33.2054,33.4387,78,955,34.73178,0.5983714286599155,33.3264,34.7317825,0.608515384710678
2006-08-18,33.3868,33.5423,33.0672,33.5078,78,955,34.7321835,0.5895663266127785,33.4387,34.73178,0.5983714286599155
2006-08-21,33.24,33.5078,33.0499,33.1968,78,955,34.728891,0.5801615889975803,33.5078,34.7321835,0.5895663266127785
2006-08-22,33.1363,33.525,33.0327,33.1881,78,955,34.722963,0.5738857612120389,33.1968,34.728891,0.5801615889975803
2006-08-23,33.2313,33.4041,32.7822,32.9722,78,955,34.715413000000005,0.577315349696893,33.1881,34.722963,0.5738857612120389
2006-08-24,33.0499,33.1277,32.7562,33.0586,78,955,34.708037,0.5626142532899719,32.9722,34.715413000000005,0.577315349696893
2006-08-25,32.9722,33.3782,32.8772,33.1018,78,955,34.7008855,0.558213235197831,33.0586,34.708037,0.5626142532899719
2006-08-28,33.0672,33.4559,33.0327,33.3523,78,955,34.694849,0.5485694326837003,33.1018,34.7008855,0.558213235197831
2006-08-29,33.3264,33.4818,32.9808,33.4449,78,955,34.687382,0.5451716160634358,33.3523,34.694849,0.5485694326837003
2006-08-30,33.4732,33.6546,33.3436,33.6114,78,955,34.6802745,0.5284450720589047,33.4449,34.687382,0.5451716160634358
2006-08-31,33.6373,33.7151,33.4818,33.5682,78,955,34.672864999999994,0.5073632811975544,33.6114,34.6802745,0.5284450720589047
2006-09-01,33.7496,33.8706,33.6028,33.7583,78,955,34.6673245,0.4927230468263009,33.5682,34.672864999999994,0.5073632811975544
2006-09-05,33.7928,34.1038,33.5596,34.0865,78,955,34.66235150000001,0.49639997205299347,33.7583,34.6673245,0.4927230468263009
2006-09-06,33.7583,33.8533,33.3523,33.4041,78,955,34.651583,0.5133856883349226,34.0865,34.66235150000001,0.49639997205299347
2006-09-07,33.3177,33.6028,33.1363,33.24,78,955,34.6395635,0.5100367105967141,33.4041,34.651583,0.5133856883349226
2006-09-08,33.2918,33.5337,33.2227,33.4473,78,955,34.6280125,0.49581980269694875,33.24,34.6395635,0.5100367105967141
2006-09-11,33.1795,33.8187,33.1018,33.6546,78,955,34.616817999999995,0.5116112453614526,33.4473,34.6280125,0.49581980269694875
2006-09-12,33.646,34.3802,33.646,34.2852,78,955,34.6083895,0.527510442121349,33.6546,34.616817999999995,0.5116112453614526
2006-09-13,34.3198,34.5374,34.2334,34.5012,78,955,34.6006535,0.5115454105412522,34.2852,34.6083895,0.527510442121349
2006-09-14,34.4234,34.6221,34.3543,34.5271,78,955,34.594525,0.49413502407402005,34.5012,34.6006535,0.5115454105412522
2006-09-15,34.8757,34.9621,34.5732,34.6509,78,955,34.5898785,0.4899110937830188,34.5271,34.594525,0.49413502407402005
2006-09-18,34.6769,34.9189,34.5213,34.6769,78,955,34.585861,0.4833174442270892,34.6509,34.5898785,0.4899110937830188
2006-09-19,34.7806,34.7892,34.1583,34.4435,78,955,34.5773375,0.493859055353726,34.6769,34.585861,0.4833174442270892
2006-09-20,34.746,35.0399,34.7374,34.9621,78,955,34.5709985,0.5011834085427458,34.4435,34.5773375,0.493859055353726
2006-09-21,35.0226,35.1523,34.6423,34.7287,78,955,34.5648305,0.5018131650754066,34.9621,34.5709985,0.5011834085427458
2006-09-22,34.7028,34.7114,34.3139,34.4694,78,955,34.556720500000004,0.49559793899859234,34.7287,34.5648305,0.5018131650754066
2006-09-25,34.6164,35.1436,34.2966,35.0572,78,955,34.551928,0.5206980862129786,34.4694,34.556720500000004,0.49559793899859234
2006-09-26,35.0226,35.2646,34.9189,35.23,78,955,34.549256,0.5081982229120516,35.0572,34.551928,0.5206980862129786
2006-09-27,35.1782,35.3943,35.0053,35.1868,78,955,34.5457225,0.49968406413261957,35.23,34.549256,0.5081982229120516
2006-09-28,35.2387,35.3424,34.9448,35.2905,78,955,34.542019,0.49239234526600373,35.1868,34.5457225,0.49968406413261957
2006-09-29,35.3424,35.377,35.109,35.135,78,955,34.536806999999996,0.47636432060414635,35.2905,34.542019,0.49239234526600373
2006-10-02,35.0917,35.1782,34.6423,34.6942,78,955,34.530036,0.48061686913242146,35.135,34.536806999999996,0.47636432060414635
2006-10-03,34.6164,34.988,34.4694,34.8584,78,955,34.523742,0.48332994990867706,34.6942,34.530036,0.48061686913242146
2006-10-04,34.7633,35.7054,34.6942,35.6968,78,955,34.522839999999995,0.5210349534866283,34.8584,34.523742,0.48332994990867706
2006-10-05,35.6795,35.9215,35.5931,35.8696,78,955,34.525735,0.5072753139518693,35.6968,34.522839999999995,0.5210349534866283
2006-10-06,35.7659,35.9215,35.6449,35.8005,78,955,34.528068499999996,0.4907985058124502,35.8696,34.525735,0.5072753139518693
2006-10-09,35.7573,36.0771,35.7141,35.9129,78,955,34.530317,0.4816700411115609,35.8005,34.528068499999996,0.4907985058124502
2006-10-10,35.9647,36.0857,35.7054,35.9734,78,955,34.5316605,0.474429323889307,35.9129,34.530317,0.4816700411115609
2006-10-11,35.8178,36.1549,35.5844,35.9042,78,955,34.532572,0.48129151504007045,35.9734,34.5316605,0.474429323889307
2006-10-12,36.0944,36.5179,36.0425,36.4747,78,955,34.5379315,0.4907492639657793,35.9042,34.532572,0.48129151504007045
2006-10-13,36.492,36.7513,36.4228,36.6648,78,955,34.5444575,0.4791600308253664,36.4747,34.5379315,0.4907492639657793
2006-10-16,36.6735,36.8377,36.6475,36.6994,78,955,34.552325,0.45852002862355434,36.6648,34.5444575,0.4791600308253664
2006-10-17,36.4487,36.4747,36.0944,36.3105,78,955,34.559538,0.4689828837218717,36.6994,34.552325,0.45852002862355434
2006-10-18,36.492,36.5697,35.9993,36.1289,78,955,34.561961000000004,0.47622696345602367,36.3105,34.559538,0.4689828837218717
2006-10-19,36.0339,36.397,35.9474,36.2154,78,955,34.563048,0.4743250374948789,36.1289,34.561961000000004,0.47622696345602367
2006-10-20,36.345,36.3537,35.9906,36.3018,78,955,34.5637475,0.4663803919595307,36.2154,34.563048,0.4743250374948789
2006-10-23,36.2327,36.8031,36.1462,36.6562,78,955,34.562984,0.47998893539099285,36.3018,34.5637475,0.4663803919595307
2006-10-24,36.5525,36.6908,36.2327,36.4055,78,955,34.560191,0.4784254400059221,36.6562,34.562984,0.47998893539099285
2006-10-25,36.4315,36.7513,36.345,36.6648,78,955,34.558608,0.4732736228626421,36.4055,34.560191,0.4784254400059221
2006-10-26,36.7945,37.097,36.492,37.0106,78,955,34.5572875,0.48268264980102504,36.6648,34.558608,0.4732736228626421
2006-10-27,36.9328,37.0106,36.371,36.492,78,955,34.554323,0.4938910319580943,37.0106,34.5572875,0.48268264980102504
2006-10-30,36.4487,36.8636,36.3537,36.7167,78,955,34.552567999999994,0.49503452967537287,36.492,34.554323,0.4938910319580943
2006-10-31,36.7858,36.9587,36.5697,36.7858,78,955,34.552194,0.4874606346985607,36.7167,34.552567999999994,0.49503452967537287
2006-11-01,36.9328,36.9673,36.1462,36.3018,78,955,34.5515995,0.5112920179343778,36.7858,34.552194,0.4874606346985607
2006-11-02,36.1419,36.4228,36.0771,36.3364,78,955,34.549840999999994,0.4994640166533509,36.3018,34.5515995,0.5112920179343778
2006-11-03,36.3882,36.466,35.9647,36.2327,78,955,34.552869,0.4995951583209687,36.3364,34.549840999999994,0.4994640166533509
2006-11-06,36.3537,36.9068,36.3537,36.7685,78,955,34.558749000000006,0.5120597898694706,36.2327,34.552869,0.4995951583209687
2006-11-07,36.7599,37.2439,36.708,37.0106,78,955,34.565063,0.5137626620216512,36.7685,34.558749000000006,0.5120597898694706
2006-11-08,36.7988,37.339,36.708,37.1834,78,955,34.5730605,0.5221367575915333,37.0106,34.565063,0.5137626620216512
2006-11-09,37.3995,37.4687,36.8809,37.0106,78,955,34.578857,0.5268269891921382,37.1834,34.5730605,0.5221367575915333
2006-11-10,37.0278,37.2007,36.8809,37.1899,78,955,34.583220499999996,0.5120393471069855,37.0106,34.578857,0.5268269891921382
2006-11-13,37.218,37.6329,37.1661,37.5724,78,955,34.589108499999995,0.5088079651707722,37.1899,34.583220499999996,0.5120393471069855
2006-11-14,37.5983,38.0045,37.3736,37.97,78,955,34.597761,0.5175288248014311,37.5724,34.589108499999995,0.5088079651707722
2006-11-15,38.0132,38.3676,37.9613,38.1169,78,955,34.6066305,0.5095839087441861,37.97,34.597761,0.5175288248014311
2006-11-16,38.2465,38.3935,38.0478,38.2984,78,955,34.6193835,0.4978779152624586,38.1169,34.6066305,0.5095839087441861
2006-11-17,38.0823,38.2811,37.9872,38.2811,78,955,34.6342495,0.48454377845799723,38.2984,34.6193835,0.4978779152624586
2006-11-20,38.1601,38.4453,38.0477,38.3503,78,955,34.6501085,0.4783335085681406,38.2811,34.6342495,0.48454377845799723
2006-11-21,38.3935,38.4713,38.2465,38.428,78,955,34.666917,0.460223972241845,38.3503,34.6501085,0.4783335085681406
2006-11-22,38.5318,38.6787,38.2552,38.6614,78,955,34.6829515,0.4576008313674273,38.428,34.666917,0.460223972241845
2006-11-24,38.3762,38.7738,38.3589,38.5923,43,780,34.7003655,0.45455077198403987,38.6614,34.6829515,0.4576008313674273
2006-11-27,38.4799,38.5577,37.728,37.7366,78,955,34.712423,0.4838185739851799,38.5923,34.7003655,0.45455077198403987
2006-11-28,37.6156,37.8922,37.46,37.823,78,955,34.726853500000004,0.4801315329862387,37.7366,34.712423,0.4838185739851799
2006-11-29,38.0305,38.186,37.7366,38.091,78,955,34.7409415,0.47793642348722143,37.823,34.726853500000004,0.4801315329862387
2006-11-30,38.0737,38.2725,37.849,38.0823,78,955,34.7538645,0.47404810752384874,38.091,34.7409415,0.47793642348722143
2006-12-01,38.0305,38.1169,37.3909,37.728,78,955,34.763334,0.4920446712721452,38.0823,34.7538645,0.47404810752384874
2006-12-04,37.8533,38.4453,37.849,38.2552,78,955,34.776776500000004,0.5081343376098493,37.728,34.763334,0.4920446712721452
2006-12-05,38.3676,38.5058,38.1947,38.3848,78,955,34.792980500000006,0.49406045635200313,38.2552,34.776776500000004,0.5081343376098493
2006-12-06,38.2811,38.3762,38.091,38.2552,78,955,34.8062075,0.4797561380411456,38.3848,34.792980500000006,0.49406045635200313
2006-12-07,38.3157,38.4453,37.7712,37.7712,78,955,34.817575000000005,0.4936378424667783,38.2552,34.8062075,0.4797561380411456
2006-12-08,37.6588,38.2552,37.5724,37.944,78,955,34.8293755,0.5071494251477228,37.7712,34.817575000000005,0.4936378424667783
2006-12-11,37.8879,38.3416,37.8144,38.0737,78,955,34.839797000000004,0.5085816090657427,37.944,34.8293755,0.5071494251477228
2006-12-12,38.0737,38.1428,37.6502,37.8576,78,955,34.851812499999994,0.507440065561047,38.0737,34.839797000000004,0.5085816090657427
2006-12-13,38.1212,38.1255,37.702,37.9181,78,955,34.861715000000004,0.5014443465924011,37.8576,34.851812499999994,0.507440065561047
2006-12-14,38.0045,38.5231,37.9786,38.3416,78,955,34.873562500000006,0.508841178978658,37.9181,34.861715000000004,0.5014443465924011
2006-12-15,38.6483,38.7348,38.38,38.4406,78,955,34.886983,0.5005810947658967,38.3416,34.873562500000006,0.508841178978658
2006-12-18,38.579,38.7261,37.904,38.0685,78,955,34.900096000000005,0.5235467308540469,38.4406,34.886983,0.5005810947658967
2006-12-19,37.7742,38.129,37.5406,37.9473,78,955,34.913595,0.528179107221615,38.0685,34.900096000000005,0.5235467308540469
2006-12-20,37.9819,38.1723,37.7915,37.8088,78,955,34.926401500000004,0.5176520281343568,37.9473,34.913595,0.528179107221615
2006-12-21,37.8694,37.8954,37.3934,37.5406,78,955,34.939506,0.5165340261247602,37.8088,34.926401500000004,0.5176520281343568
2006-12-22,37.5492,37.5665,37.1684,37.1684,78,955,34.950491,0.5080744528301344,37.5406,34.939506,0.5165340261247602
2006-12-26,37.1511,37.3156,37.1079,37.3156,78,955,34.961608,0.4866191347708393,37.1684,34.950491,0.5080744528301344
2006-12-27,37.3761,37.5579,37.2983,37.4973,78,955,34.9707005,0.47040348228720785,37.3156,34.961608,0.4866191347708393
2006-12-28,37.3934,37.5406,37.255,37.3848,78,955,34.977720999999995,0.45720323355240694,37.4973,34.9707005,0.47040348228720785
2006-12-29,37.3934,37.7396,37.3156,37.3329,78,955,34.9859915,0.45483157401294927,37.3848,34.977720999999995,0.45720323355240694
2007-01-03,37.6098,38.129,36.805,37.4108,78,955,34.99426700000001,0.5169150330120242,37.3329,34.9859915,0.45483157401294927
2007-01-04,37.4713,38.2588,37.3415,38.1377,78,955,35.005573,0.5455139592254509,37.4108,34.99426700000001,0.5169150330120242
2007-01-05,38.0165,38.0338,37.6271,37.9326,78,955,35.017796,0.5430201049950618,38.1377,35.005573,0.5455139592254509
2007-01-08,37.9819,38.181,37.7656,37.9819,78,955,35.0298335,0.5339043832097001,37.9326,35.017796,0.5430201049950618
2007-01-09,38.0771,38.3281,37.7569,38.181,78,955,35.0434275,0.5365683558375786,37.9819,35.0298335,0.5339043832097001
2007-01-10,38.0425,38.6483,37.9213,38.6396,78,955,35.0584085,0.5501706161348942,38.181,35.0434275,0.5365683558375786
2007-01-11,38.6915,39.1502,38.6396,39.0031,78,955,35.0750255,0.5473441435538301,38.6396,35.0584085,0.5501706161348942
2007-01-12,38.9598,39.2454,38.9165,39.2108,78,955,35.093553,0.5317409904428421,39.0031,35.0750255,0.5473441435538301
2007-01-16,39.2281,39.2887,39.055,39.1848,78,955,35.108627,0.5104523482683533,39.2108,35.093553,0.5317409904428421
2007-01-17,39.0204,39.1935,38.7954,38.8646,78,955,35.121539000000006,0.5024271805348994,39.1848,35.108627,0.5104523482683533
2007-01-18,38.7694,38.804,38.0338,38.1377,78,955,35.131248,0.525882381925264,38.8646,35.121539000000006,0.5024271805348994
2007-01-19,38.0598,38.3194,37.9992,38.2242,78,955,35.141217000000005,0.5111907832163166,38.1377,35.131248,0.525882381925264
2007-01-22,38.2588,38.2761,37.6531,37.8175,78,955,35.148160000000004,0.5191771558437225,38.2242,35.141217000000005,0.5111907832163166
2007-01-23,37.7656,38.0599,37.6444,37.705,78,955,35.1528135,0.5117716447120282,37.8175,35.148160000000004,0.5191771558437225
2007-01-24,37.956,38.354,37.8781,38.3281,78,955,35.159978499999994,0.5215736700897405,37.705,35.1528135,0.5117716447120282
2007-01-25,38.3886,38.4838,37.7136,37.8088,78,955,35.1663165,0.5393326936547593,38.3281,35.159978499999994,0.5215736700897405
2007-01-26,37.9127,37.93,37.4627,37.705,78,955,35.1724375,0.5341875012508481,37.8088,35.1663165,0.5393326936547593
2007-01-29,37.6011,37.9992,37.5579,37.731,78,955,35.180156000000004,0.5275526797329309,37.705,35.1724375,0.5341875012508481
2007-01-30,37.8002,37.8954,37.6617,37.8002,78,955,35.1881775,0.50656320260915,37.731,35.180156000000004,0.5275526797329309
2007-01-31,37.7223,38.2415,37.4973,38.129,78,955,35.197109,0.5235372595656392,37.8002,35.1881775,0.50656320260915
2007-02-01,38.3021,38.4233,37.956,38.0771,78,955,35.2076805,0.5195203124538075,38.129,35.197109,0.5235372595656392
2007-02-02,38.1723,38.2935,38.0252,38.2242,78,955,35.2155345,0.5015760044213929,38.0771,35.2076805,0.5195203124538075
2007-02-05,38.1983,38.3886,38.0425,38.181,78,955,35.222395500000005,0.4904705755341506,38.2242,35.2155345,0.5015760044213929
2007-02-06,38.2502,38.2761,37.7656,38.1377,78,955,35.229644,0.4919012487102827,38.181,35.222395500000005,0.4904705755341506
2007-02-07,38.3281,38.6396,38.181,38.5011,78,955,35.240954,0.4926154452309767,38.1377,35.229644,0.4919012487102827
2007-02-09,38.5704,38.7002,37.8435,37.9819,78,955,35.2497545,0.5186214848573358,38.5011,35.240954,0.4926154452309767
2007-02-12,37.9733,37.9819,37.7223,37.8261,78,955,35.2581645,0.5001199502246694,37.9819,35.2497545,0.5186214848573358
2007-02-13,37.8954,38.0771,37.8175,37.9473,78,955,35.2671805,0.4829399537800501,37.8261,35.2581645,0.5001199502246694
2007-02-14,38.1204,38.6915,38.1117,38.5877,78,955,35.277715,0.5016013856529037,37.9473,35.2671805,0.4829399537800501
2007-02-15,38.6223,38.8127,38.5531,38.7781,78,955,35.290928,0.484315572391982,38.5877,35.277715,0.5016013856529037
2007-02-16,38.6656,38.7954,38.5704,38.7521,78,955,35.305867,0.46579303150684054,38.7781,35.290928,0.484315572391982
2007-02-20,38.6396,39.0463,38.4492,38.9858,78,955,35.321491,0.47517210068492366,38.7521,35.305867,0.46579303150684054
2007-02-21,38.8733,39.1242,38.7954,39.1069,78,955,35.337945,0.46471695063600066,38.9858,35.321491,0.47517210068492366
2007-02-22,39.254,39.4185,39.0031,39.306,78,955,35.35397,0.46119431130485766,39.1069,35.337945,0.46471695063600066
2007-02-23,39.306,39.3233,38.9944,39.1675,78,955,35.3678785,0.45174471764022534,39.306,35.35397,0.46119431130485766
2007-02-26,39.3622,39.3752,38.7348,38.9858,78,955,35.3807055,0.46522009495163774,39.1675,35.3678785,0.45174471764022534
2007-02-27,38.3973,38.4925,37.2636,37.3848,78,955,35.386185499999996,0.5550043738836636,38.9858,35.3807055,0.46522009495163774
2007-02-28,37.3502,37.8694,37.1511,37.4864,78,955,35.3938465,0.5666683471776875,37.3848,35.386185499999996,0.5550043738836636
2007-03-01,36.8223,37.679,36.554,37.3242,78,955,35.4046245,0.6065491795221385,37.4864,35.3938465,0.5666683471776875
2007-03-02,37.0213,37.3329,36.7531,36.7686,78,955,35.414955,0.6046385238419857,37.3242,35.4046245,0.6065491795221385
2007-03-05,36.4848,37.0386,36.3983,36.4848,78,955,35.423953000000004,0.607185772138987,36.7686,35.414955,0.6046385238419857
2007-03-06,36.8309,37.2031,36.779,37.0906,78,955,35.4372745,0.6151225027004878,36.4848,35.423953000000004,0.607185772138987
2007-03-07,37.0906,37.1944,36.9088,36.9261,78,955,35.452191,0.5915851810790247,37.0906,35.4372745,0.6151225027004878
2007-03-08,37.3242,37.4194,37.0733,37.1771,78,955,35.4695275,0.5845648110019518,36.9261,35.452191,0.5915851810790247
2007-03-09,37.4973,37.506,36.9088,37.1425,78,955,35.4854395,0.5854673245018125,37.1771,35.4695275,0.5845648110019518
2007-03-12,37.1079,37.454,37.0646,37.4021,78,955,35.5042895,0.5714625156088261,37.1425,35.4854395,0.5854673245018125
2007-03-13,37.2117,37.4194,36.6665,36.6665,78,955,35.521145000000004,0.5844223359224816,37.4021,35.5042895,0.5714625156088261
2007-03-14,36.7184,37.1165,36.4329,37.1165,78,955,35.539085,0.5915064547851618,36.6665,35.521145000000004,0.5844223359224816
2007-03-15,37.0819,37.2636,36.9694,37.1165,78,955,35.5547805,0.5702702794433643,37.1165,35.539085,0.5915064547851618
2007-03-16,37.183,37.2696,36.8972,37.0877,78,955,35.5696875,0.5561366880545525,37.1165,35.5547805,0.5702702794433643
2007-03-19,37.2869,37.5726,37.1916,37.4081,78,955,35.5900785,0.5510483531935133,37.0877,35.5696875,0.5561366880545525
2007-03-20,37.4687,37.7458,37.4168,37.6246,78,955,35.610645500000004,0.5358091851082628,37.4081,35.5900785,0.5510483531935133
2007-03-21,37.7891,38.4732,37.538,38.4732,78,955,35.631571,0.5643371004576727,37.6246,35.610645500000004,0.5358091851082628
2007-03-22,38.4732,38.4905,38.1788,38.3346,78,955,35.652148499999996,0.5462915932821243,38.4732,35.631571,0.5643371004576727
2007-03-23,38.326,38.4212,38.1615,38.2048,78,955,35.675746000000004,0.5258207651905442,38.3346,35.652148499999996,0.5462915932821243
2007-03-26,38.2307,38.3779,37.7805,38.3779,78,955,35.700468,0.5309335676769334,38.2048,35.675746000000004,0.5258207651905442
2007-03-27,38.2827,38.3087,38.0575,38.0922,78,955,35.72497,0.5158954557000096,38.3779,35.700468,0.5309335676769334
2007-03-28,37.9147,38.1268,37.6765,37.6852,78,955,35.7476525,0.5112100660071522,38.0922,35.72497,0.5158954557000096
2007-03-29,37.9623,37.971,37.3215,37.7372,78,955,35.771674499999996,0.5210879184352125,37.6852,35.7476525,0.5112100660071522
2007-03-30,37.7285,37.9883,37.4267,37.7112,78,955,35.798674,0.5239816385469834,37.7372,35.771674499999996,0.5210879184352125
2007-04-02,37.8151,37.893,37.4947,37.7372,78,955,35.826451,0.5150043786507703,37.7112,35.798674,0.5239816385469834
2007-04-03,37.945,38.3693,37.919,38.2481,78,955,35.8552715,0.5233683516042869,37.7372,35.826451,0.5150043786507703
2007-04-04,38.274,38.4299,38.2134,38.3606,78,955,35.8803385,0.5014491836325523,38.2481,35.8552715,0.5233683516042869
2007-04-05,38.352,38.5944,38.3,38.5944,78,955,35.9075855,0.4866599562302274,38.3606,35.8803385,0.5014491836325523
2007-04-09,38.7157,38.7503,38.4299,38.4819,78,955,35.9356955,0.4747842450709254,38.5944,35.9075855,0.4866599562302274
2007-04-10,38.4819,38.6897,38.4559,38.681,78,955,35.9646285,0.45757108470871666,38.4819,35.9356955,0.4747842450709254
2007-04-11,38.655,38.6724,38.1615,38.2827,78,955,35.988935,0.46199457865809407,38.681,35.9646285,0.45757108470871666
2007-04-12,38.2221,38.6377,38.0575,38.6265,78,955,36.017163499999995,0.47043782303965914,38.2827,35.988935,0.46199457865809407
2007-04-13,38.5944,38.7243,38.352,38.681,78,955,36.045794,0.4634279785368266,38.6265,36.017163499999995,0.47043782303965914
2007-04-16,38.8109,39.0967,38.8109,39.036,78,955,36.075854,0.46001883721276765,38.681,36.045794,0.4634279785368266
2007-04-17,39.088,39.14,38.9321,39.062,78,955,36.109024,0.4420103488404273,39.036,36.075854,0.46001883721276765
2007-04-18,38.9062,39.1659,38.8196,38.9754,78,955,36.1406815,0.4351738953518253,39.062,36.109024,0.4420103488404273
2007-04-19,38.8022,39.1833,38.7243,39.0187,78,955,36.167502,0.43687575996955236,38.9754,36.1406815,0.4351738953518253
2007-04-20,39.4257,39.5469,39.14,39.3131,78,955,36.196615,0.44339891997172703,39.0187,36.167502,0.43687575996955236
2007-04-23,39.3305,39.4863,39.2612,39.3738,78,955,36.225038,0.4278061399737464,39.3131,36.196615,0.44339891997172703
2007-04-24,39.5123,39.6855,39.2525,39.5729,78,955,36.2580415,0.42817712997562163,39.3738,36.225038,0.4278061399737464
2007-04-25,39.6942,40.1098,39.5729,40.0665,78,955,36.293815499999994,0.4359430492630775,39.5729,36.2580415,0.42817712997562163
2007-04-26,40.1964,40.3956,40.1185,40.2137,78,955,36.3321395,0.42831140288714364,40.0665,36.293815499999994,0.4359430492630775
2007-04-27,40.1531,40.4389,40.0838,40.2743,78,955,36.372105499999996,0.4230820169666334,40.2137,36.3321395,0.42831140288714364
2007-04-30,40.2657,40.2916,39.7634,39.7981,78,955,36.408524,0.43059044432616,40.2743,36.372105499999996,0.4230820169666334
2007-05-01,39.8067,39.9539,39.5383,39.8933,78,955,36.448528499999995,0.42951969830286274,39.7981,36.408524,0.43059044432616
2007-05-02,39.9106,40.3349,39.876,40.2267,78,955,36.492791499999996,0.4316182912812297,39.8933,36.448528499999995,0.42951969830286274
2007-05-03,40.2916,40.4562,40.205,40.3523,78,955,36.5392375,0.41873127047542785,40.2267,36.492791499999996,0.4316182912812297
2007-05-04,40.4995,40.6034,40.1964,40.3696,78,955,36.5854245,0.4178933225843261,40.3523,36.5392375,0.41873127047542785
2007-05-07,40.3956,40.5081,40.3263,40.3609,78,955,36.6310925,0.40102951382830254,40.3696,36.5854245,0.4178933225843261
2007-05-08,40.2397,40.4995,40.0925,40.4648,78,955,36.67538,0.40145597712628067,40.3609,36.6310925,0.40102951382830254
2007-05-09,40.257,40.6727,40.231,40.5601,78,955,36.722433,0.404330550188689,40.4648,36.67538,0.40145597712628067
2007-05-10,40.4129,40.5081,39.8933,39.928,78,955,36.7679235,0.42307836803235377,40.5601,36.722433,0.404330550188689
2007-05-14,40.4995,40.5947,39.9972,40.2224,78,955,36.8118625,0.44047991317290036,39.928,36.7679235,0.42307836803235377
2007-05-15,40.1877,40.4389,39.824,39.8673,78,955,36.853119,0.4529384908034074,40.2224,36.8118625,0.44047991317290036
2007-05-16,40.0145,40.309,39.7548,40.3003,78,955,36.89667,0.4601714557460208,39.8673,36.853119,0.4529384908034074
2007-05-17,40.2657,40.3263,40.0838,40.1271,78,955,36.9403485,0.4446234946213055,40.3003,36.89667,0.4601714557460208
2007-05-18,40.2483,40.4389,40.1618,40.4215,78,955,36.9822165,0.435136102148355,40.1271,36.9403485,0.4446234946213055
2007-05-21,40.4735,40.9065,40.4129,40.7159,78,955,37.0255995,0.43931209485204403,40.4215,36.9822165,0.435136102148355
2007-05-22,40.7333,40.9411,40.5861,40.8199,78,955,37.072094,0.4332898023626121,40.7159,37.0255995,0.43931209485204403
2007-05-23,40.8632,41.019,40.5428,40.5665,78,955,37.115594,0.4363548164795683,40.8199,37.072094,0.4332898023626121
2007-05-24,40.5731,40.7333,39.8067,39.9366,78,955,37.1549945,0.47137232958817066,40.5665,37.115594,0.4363548164795683
2007-05-25,40.0578,40.3176,39.9886,40.231,78,955,37.1965145,0.46491716318901566,39.9366,37.1549945,0.47137232958817066
2007-05-29,40.257,40.5774,40.1877,40.4821,78,955,37.240370000000006,0.4595445086755144,40.231,37.1965145,0.46491716318901566
2007-05-30,40.2483,40.8718,40.1358,40.8632,78,955,37.287081,0.47929132948440606,40.4821,37.240370000000006,0.4595445086755144
2007-05-31,40.9757,41.1489,40.8805,41.0796,78,955,37.3347015,0.46546337737837695,40.8632,37.287081,0.47929132948440606
2007-06-01,41.2009,41.3654,41.019,41.071,78,955,37.3812425,0.45695885042277884,41.0796,37.3347015,0.46546337737837695
2007-06-04,40.9324,41.2528,40.9065,41.2009,78,955,37.429426,0.44905464682115176,41.071,37.3812425,0.45695885042277884
2007-06-05,41.071,41.2009,40.6986,41.1965,78,955,37.476637499999995,0.45285788633392654,41.2009,37.429426,0.44905464682115176
2007-06-06,41.019,41.0277,40.6652,40.7939,78,955,37.517819,0.4584608944529319,41.1965,37.476637499999995,0.45285788633392654
2007-06-07,40.6207,40.8805,40.1098,40.1185,78,955,37.551779499999995,0.48076368770629374,40.7939,37.517819,0.4584608944529319
2007-06-08,40.1185,40.638,39.9712,40.612,78,955,37.587646,0.49405199572727243,40.1185,37.551779499999995,0.48076368770629374
2007-06-11,40.6034,40.8632,40.4908,40.5428,78,955,37.622821,0.4853625674610386,40.612,37.587646,0.49405199572727243
2007-06-12,40.3263,40.7333,40.2224,40.309,78,955,37.658382,0.4871866697852501,40.5428,37.622821,0.4853625674610386
2007-06-13,40.4735,40.7766,40.3003,40.7506,78,955,37.6961945,0.48640905051487526,40.309,37.658382,0.4871866697852501
2007-06-14,40.7852,41.1229,40.7766,41.0104,78,955,37.7363855,0.47825840404952724,40.7506,37.6961945,0.48640905051487526
2007-06-15,41.3887,41.4841,41.2934,41.3887,78,955,37.778036,0.47793280376027536,41.0104,37.7363855,0.47825840404952724
2007-06-18,41.4667,41.4841,41.3107,41.4234,78,955,37.819644,0.4561804606345415,41.3887,37.778036,0.47793280376027536
2007-06-19,41.2761,41.4754,41.1721,41.3974,78,955,37.8598695,0.4452604277320743,41.4234,37.819644,0.4561804606345415
2007-06-20,41.4494,41.5274,40.9381,40.9554,78,955,37.897422,0.45554896860835487,41.3974,37.8598695,0.4452604277320743
2007-06-21,40.9944,41.4147,40.7994,41.3714,78,955,37.936222,0.4669597565649013,40.9554,37.897422,0.45554896860835487
2007-06-22,41.2847,41.3454,40.8514,41.0074,78,955,37.973418,0.4707483453816943,41.3714,37.936222,0.4669597565649013
2007-06-25,40.9988,41.2327,40.5741,40.7821,78,955,38.008537000000004,0.4841663207115733,41.0074,37.973418,0.4707483453816943
2007-06-26,41.0074,41.0074,40.5048,40.6521,78,955,38.041365,0.4854830120893176,40.7821,38.008537000000004,0.4841663207115733
2007-06-27,40.5221,41.2154,40.4701,41.2067,78,955,38.080378,0.5040413683686521,40.6521,38.041365,0.4854830120893176
2007-06-28,41.1807,41.4667,41.1374,41.1634,78,955,38.119994999999996,0.49155984205660574,41.2067,38.080378,0.5040413683686521
2007-06-29,41.4147,41.4927,40.9121,41.2154,78,955,38.1588355,0.49791985333827654,41.1634,38.119994999999996,0.49155984205660574
2007-07-02,41.3454,41.6383,41.3194,41.6227,78,955,38.198676,0.4925612923855424,41.2154,38.1588355,0.49791985333827654
2007-07-05,41.9,42.264,41.848,42.212,78,955,38.23831,0.5031854857865752,41.6227,38.198676,0.4925612923855424
2007-07-06,42.212,42.3853,42.03,42.3507,78,955,38.2775575,0.4926222368018198,42.212,38.23831,0.5031854857865752
2007-07-09,42.3767,42.446,42.2207,42.3853,78,955,38.3168485,0.4735277913159754,42.3507,38.2775575,0.4926222368018198
2007-07-10,42.1947,42.3767,41.9694,42.03,78,955,38.353744,0.46941152050769147,42.3853,38.3168485,0.4735277913159754
2007-07-11,41.9174,42.2987,41.874,42.29,78,955,38.3918095,0.4662178404714274,42.03,38.353744,0.46941152050769147
2007-07-12,42.4373,43.0439,42.394,43.0353,78,955,38.4347685,0.48676656615203984,42.29,38.3918095,0.4662178404714274
2007-07-13,43.0006,43.3039,42.9572,43.2952,78,955,38.476434,0.47676181142689406,43.0353,38.4347685,0.48676656615203984
2007-07-16,43.2433,43.3992,43.1219,43.2086,78,955,38.5188335,0.4625145391821162,43.2952,38.476434,0.47676181142689406
2007-07-17,43.3039,43.5899,43.2606,43.5119,78,955,38.564046,0.45671350066910815,43.2086,38.5188335,0.4625145391821162
2007-07-18,43.2779,43.4426,42.4027,43.4339,78,955,38.6059295,0.5033196791927429,43.5119,38.564046,0.45671350066910815
2007-07-19,43.6852,43.9019,43.5986,43.6939,78,955,38.648249,0.5007968449646896,43.4339,38.6059295,0.5033196791927429
2007-07-20,43.5812,43.6419,43.1046,43.3992,78,955,38.689311000000004,0.5071184988957833,43.6939,38.648249,0.5007968449646896
2007-07-23,43.5119,43.5986,43.2606,43.382,78,955,38.7297685,0.49503860611751316,43.3992,38.689311000000004,0.5071184988957833
2007-07-24,43.0786,43.4166,42.5066,42.654,78,955,38.7673635,0.5246787056805482,43.382,38.7297685,0.49503860611751316
2007-07-25,42.9573,43.0439,42.5153,42.836,78,955,38.8080725,0.5249587981319375,42.654,38.7673635,0.5246787056805482
2007-07-26,42.524,43.2606,41.64,42.4373,78,955,38.845967,0.603218883979656,42.836,38.8080725,0.5249587981319375
2007-07-27,42.368,42.5673,41.666,41.6747,78,955,38.8758565,0.6245103922668238,42.4373,38.845967,0.603218883979656
2007-07-30,41.7787,42.2293,41.5534,42.0647,78,955,38.906832,0.6281810785334792,41.6747,38.8758565,0.6245103922668238
2007-07-31,42.4373,43.2693,41.1201,41.1201,78,955,38.93343,0.7368252872096592,42.0647,38.906832,0.6281810785334792
2007-08-01,41.0681,41.5187,40.7128,41.5187,78,955,38.961459,0.7417591952661123,41.1201,38.93343,0.7368252872096592
2007-08-02,41.5447,41.9694,40.8774,41.8394,78,955,38.990789,0.766776395604247,41.5187,38.961459,0.7417591952661123
2007-08-03,41.8134,41.8654,40.8601,40.8774,78,955,39.015655,0.7838137959182293,41.8394,38.990789,0.766776395604247
2007-08-06,41.1288,41.614,40.7561,41.5794,78,955,39.0411785,0.7891056676383553,40.8774,39.015655,0.7838137959182293
2007-08-07,41.4927,42.134,41.1461,41.744,78,955,39.066574499999994,0.8033052628070445,41.5794,39.0411785,0.7891056676383553
2007-08-08,42.0387,42.5153,41.9434,42.2553,78,955,39.094354,0.8010191726065417,41.744,39.066574499999994,0.8033052628070445
2007-08-09,41.7614,42.4373,41.3281,41.3354,78,955,39.1194785,0.8230320888489316,42.2553,39.094354,0.8010191726065417
2007-08-10,40.9121,41.4494,40.4095,41.0594,78,955,39.144131,0.8385226539311504,41.3354,39.1194785,0.8230320888489316
2007-08-13,41.3194,41.4927,41.1461,41.2587,78,955,39.1693475,0.8095781786503542,41.0594,39.144131,0.8385226539311504
2007-08-14,41.3281,41.3714,40.5135,40.5135,78,955,39.190405999999996,0.8130297373181862,41.2587,39.1693475,0.8095781786503542
2007-08-15,40.4528,40.8081,39.7015,39.7669,78,955,39.205959500000006,0.8339990417954587,40.5135,39.190405999999996,0.8130297373181862
2007-08-16,39.4649,39.7855,38.4683,39.4562,78,955,39.221213,0.8685133959529259,39.7669,39.205959500000006,0.8339990417954587
2007-08-17,40.1322,40.3744,39.5073,40.2275,78,955,39.2390265,0.8720624390991454,39.4562,39.221213,0.8685133959529259
2007-08-20,40.2882,40.4875,39.9328,40.3367,78,955,39.255657,0.8493936934492062,40.2275,39.2390265,0.8720624390991454
2007-08-21,40.2795,40.8403,40.2015,40.7648,78,955,39.277021,0.8343512867742626,40.3367,39.255657,0.8493936934492062
2007-08-22,41.0551,41.3367,40.9641,41.2761,78,955,39.299818,0.8156047662903867,40.7648,39.277021,0.8343512867742626
2007-08-23,41.3887,41.4667,40.9294,41.1548,78,955,39.321663,0.7957258544125021,41.2761,39.299818,0.8156047662903867
2007-08-24,41.0594,41.796,41.0074,41.7787,78,955,39.3490475,0.7952168648116094,41.1548,39.321663,0.7957258544125021
2007-08-27,41.64,41.77,41.4581,41.4927,78,955,39.374829,0.7613156601822086,41.7787,39.3490475,0.7952168648116094
2007-08-28,41.2433,41.3367,40.4788,40.5048,78,955,39.3961895,0.7793573987406223,41.4927,39.374829,0.7613156601822086
2007-08-29,40.7734,41.7007,40.7734,41.6834,78,955,39.420764,0.8091104416877203,40.5048,39.3961895,0.7793573987406223
2007-08-30,41.4494,42.238,41.3801,41.8654,78,955,39.445038,0.8125954101385975,41.6834,39.420764,0.8091104416877203
2007-08-31,42.342,42.5153,42.1253,42.3507,78,955,39.4708745,0.8009743094144122,41.8654,39.445038,0.8125954101385975
2007-09-04,42.4027,43.3299,42.3853,43.1046,78,955,39.5013445,0.8137047158848113,42.3507,39.4708745,0.8009743094144122
2007-09-05,42.9486,43.0266,42.3507,42.5413,78,955,39.528101500000005,0.8094329504644673,43.1046,39.5013445,0.8137047158848113
2007-09-06,42.6626,42.7753,42.2987,42.602,78,955,39.5532495,0.7856591682884343,42.5413,39.528101500000005,0.8094329504644673
2007-09-07,42.056,42.1167,41.5534,41.796,78,955,39.572379500000004,0.8044406562678313,42.602,39.5532495,0.7856591682884343
2007-09-10,42.1349,42.2467,41.4321,41.7787,78,955,39.5906885,0.8051663236772719,41.796,39.572379500000004,0.8044406562678313
2007-09-11,42.0387,42.4533,41.7267,42.42,78,955,39.6112965,0.7995544434146095,41.7787,39.5906885,0.8051663236772719
2007-09-12,42.3247,42.784,42.2727,42.4027,78,955,39.6319045,0.7789648403135658,42.42,39.6112965,0.7995544434146095
2007-09-13,42.7146,42.7666,42.4113,42.6106,78,955,39.653206,0.7493173517197393,42.4027,39.6319045,0.7789648403135658
2007-09-14,42.29,42.732,42.2293,42.6453,78,955,39.6742925,0.7317018265969006,42.6106,39.653206,0.7493173517197393
2007-09-17,42.4546,42.55,42.108,42.2813,78,955,39.692392,0.7178159818399793,42.6453,39.6742925,0.7317018265969006
2007-09-18,42.5326,45.7304,42.316,43.3906,78,955,39.7163835,0.9129076974228381,42.2813,39.692392,0.7178159818399793
2007-09-19,43.5812,43.8412,43.3126,43.4946,78,955,39.7451735,0.885457147606921,43.3906,39.7163835,0.9129076974228381
2007-09-20,43.3906,43.5552,43.2606,43.3126,78,955,39.7726215,0.8432530656349982,43.4946,39.7451735,0.885457147606921
2007-09-21,43.5951,43.8031,43.3647,43.6731,78,955,39.800532000000004,0.818056418089641,43.3126,39.7726215,0.8432530656349982
2007-09-24,43.7945,44.1846,43.6384,43.8552,78,955,39.8293965,0.79863810251181,43.6731,39.800532000000004,0.818056418089641
2007-09-25,43.7164,44.28,43.6644,44.2714,78,955,39.8621135,0.7855639523323951,43.8552,39.8293965,0.79863810251181
2007-09-26,44.5315,44.6615,44.3234,44.5141,78,955,39.893408,0.7573165271657952,44.2714,39.8621135,0.7855639523323951
2007-09-27,44.7656,44.7829,44.5315,44.6702,78,955,39.924835,0.7224224895110954,44.5141,39.893408,0.7573165271657952
2007-09-28,44.6962,44.8089,44.3754,44.5661,78,955,39.9563895,0.7017851688317317,44.6702,39.924835,0.7224224895110954
2007-10-01,44.6095,45.2251,44.5488,45.1037,78,955,39.993052,0.699964799629465,44.5661,39.9563895,0.7017851688317317
2007-10-02,45.1211,45.1384,44.8436,45.1037,78,955,40.0288505,0.6710244567987886,45.1037,39.993052,0.699964799629465
2007-10-03,44.939,45.1471,44.6529,44.8176,78,955,40.06257,0.658394138456018,45.1037,40.0288505,0.6710244567987886
2007-10-04,44.8696,44.939,44.5141,44.8783,78,955,40.0976735,0.6417159857091597,44.8176,40.06257,0.658394138456018
2007-10-05,45.2338,45.8667,45.1384,45.7974,78,955,40.13707,0.6664791295870768,44.8783,40.0976735,0.6417159857091597
2007-10-08,45.78,46.0921,45.702,46.0835,78,955,40.1757795,0.6467377631880001,45.7974,40.13707,0.6664791295870768
2007-10-09,46.1875,46.3436,45.9794,46.2829,78,955,40.214991,0.6265564943888575,46.0835,40.1757795,0.6467377631880001
2007-10-10,46.2916,46.4476,46.1355,46.3869,78,955,40.256583,0.604095316218225,46.2829,40.214991,0.6265564943888575
2007-10-11,46.6384,46.7684,45.3291,45.6673,78,955,40.295182999999994,0.6637527936312092,46.3869,40.256583,0.604095316218225
2007-10-12,45.8754,46.4216,45.78,46.413,78,955,40.338204,0.67022045122898,45.6673,40.295182999999994,0.6637527936312092
2007-10-15,46.4823,46.569,45.6933,46.0488,78,955,40.380745,0.6848975618554816,46.413,40.338204,0.67022045122898
2007-10-16,45.7713,46.1962,45.676,45.8494,78,955,40.42415,0.6731334502943754,46.0488,40.380745,0.6848975618554816
2007-10-17,46.4823,46.5257,45.676,46.4303,78,955,40.4697235,0.6857453467019199,45.8494,40.42415,0.6731334502943754
2007-10-18,46.2482,46.7251,46.0575,46.6297,78,955,40.5153855,0.6844492505089257,46.4303,40.4697235,0.6857453467019199
2007-10-19,46.621,46.621,45.4245,45.4592,78,955,40.555757500000006,0.7216457326154309,46.6297,40.5153855,0.6844492505089257
2007-10-22,45.2338,46.0562,45.1037,45.9881,78,955,40.5990335,0.7381353231428995,45.4592,40.555757500000006,0.7216457326154309
2007-10-23,46.4823,47.0025,46.2482,46.9939,78,955,40.646949,0.7578685143469778,45.9881,40.5990335,0.7381353231428995
2007-10-24,46.595,46.7684,45.0864,46.6471,78,955,40.689496,0.8399850490364793,46.9939,40.646949,0.7578685143469778
2007-10-25,46.7164,46.8031,45.7367,46.0401,78,955,40.7300335,0.8561575455338738,46.6471,40.689496,0.8399850490364793
2007-10-26,46.8812,46.9939,46.3349,46.7771,78,955,40.774009500000005,0.8631320065671682,46.0401,40.7300335,0.8561575455338738
2007-10-29,46.9679,47.1066,46.6817,46.9419,78,955,40.817814,0.8318297203837991,46.7771,40.774009500000005,0.8631320065671682
2007-10-30,46.7598,47.306,46.7338,47.0459,78,955,40.8598455,0.8132847403563845,46.9419,40.817814,0.8318297203837991
2007-10-31,47.2193,47.7482,46.8551,47.7049,78,955,40.9033545,0.8189858303309283,47.0459,40.8598455,0.8132847403563845
2007-11-01,47.384,47.4881,46.7945,46.8205,78,955,40.941403,0.8255154138787194,47.7049,40.9033545,0.8189858303309283
2007-11-02,47.1846,47.2974,46.4736,47.202,78,955,40.981489,0.8253928843159541,46.8205,40.941403,0.8255154138787194
2007-11-05,46.7078,47.1673,46.465,46.8985,78,955,41.0216585,0.8190791068648142,47.202,40.981489,0.8253928843159541
2007-11-06,47.1066,47.4187,46.6297,47.4187,78,955,41.0680635,0.8169305992316134,46.8985,41.0216585,0.8190791068648142
2007-11-07,47.0199,47.3234,46.2222,46.2482,78,955,41.108183499999996,0.8440426992864982,47.4187,41.0680635,0.8169305992316134
2007-11-08,46.0835,46.2395,44.0459,44.8783,78,955,41.1434875,0.9410610779088908,46.2482,41.108183499999996,0.8440426992864982
2007-11-09,43.9852,44.3234,43.3523,43.361,78,955,41.171767499999994,0.9828424294868274,44.8783,41.1434875,0.9410610779088908
2007-11-12,43.2829,43.5604,42.1818,42.2685,78,955,41.1914695,1.0111108273806255,43.361,41.171767499999994,0.9828424294868274
2007-11-13,42.8321,44.0372,42.7887,44.0372,78,955,41.2226115,1.0652243397105805,42.2685,41.1914695,1.0111108273806255
2007-11-14,44.5661,44.6008,43.2656,43.4216,78,955,41.251194500000004,1.084508315445539,44.0372,41.2226115,1.0652243397105805
2007-11-15,43.3523,43.8205,42.806,43.1888,78,955,41.2784835,1.0795077214851438,43.4216,41.251194500000004,1.084508315445539
2007-11-16,43.465,43.7771,42.78,43.6471,78,955,41.307717999999994,1.0736214556647763,43.1888,41.2784835,1.0795077214851438
2007-11-19,43.491,43.7425,42.8407,43.1008,78,955,41.332577,1.0613484945458638,43.6471,41.307717999999994,1.0736214556647763
2007-11-20,43.3176,44.0286,42.4245,43.2916,78,955,41.3586495,1.100116459221159,43.1008,41.332577,1.0613484945458638
2007-11-21,42.8581,43.4997,42.3552,42.7627,78,955,41.381342,1.103286712133933,43.2916,41.3586495,1.100116459221159
2007-11-26,43.3349,43.6731,42.3985,42.4419,78,955,41.4026465,1.115523375552938,42.7627,41.381342,1.103286712133933
2007-11-27,42.8321,43.3956,42.5719,43.3696,78,955,41.428805999999994,1.1039645630134427,42.4419,41.4026465,1.115523375552938
2007-11-28,43.9072,44.8263,43.8725,44.6875,78,955,41.459737999999994,1.1291599513696258,43.3696,41.428805999999994,1.1039645630134427
2007-11-29,44.4534,44.991,44.3927,44.8523,78,955,41.49409,1.0912413834146526,44.6875,41.459737999999994,1.1291599513696258
2007-11-30,45.2685,45.3031,44.1846,44.5055,78,955,41.527487,1.093188427456463,44.8523,41.49409,1.0912413834146526
2007-12-03,44.3407,44.6789,44.0633,44.1066,78,955,41.558283499999995,1.0590749683524299,44.5055,41.527487,1.093188427456463
2007-12-04,43.7511,44.1673,43.6818,43.9245,78,955,41.58496749999999,1.0181053277558274,44.1066,41.558283499999995,1.0590749683524299
2007-12-05,44.3927,45.0864,44.3581,44.7656,78,955,41.614905,1.028376375773268,43.9245,41.58496749999999,1.0181053277558274
2007-12-06,44.7569,45.4072,44.7482,45.3724,78,955,41.6480065,1.0019923489323208,44.7656,41.614905,1.028376375773268
2007-12-07,45.3378,45.5546,45.1557,45.4072,78,955,41.6801135,0.9589143240085835,45.3724,41.6480065,1.0019923489323208
2007-12-10,45.4679,45.6846,45.3638,45.5632,78,955,41.71239500000001,0.9133347294365421,45.4072,41.6801135,0.9589143240085835
2007-12-11,45.6153,45.8147,44.4014,44.4881,78,955,41.738305499999996,0.9490465344767891,45.5632,41.71239500000001,0.9133347294365421
2007-12-12,45.3031,45.4592,44.124,44.9216,78,955,41.767076,0.9766289248713041,44.4881,41.738305499999996,0.9490465344767891
2007-12-13,44.5141,44.7656,44.202,44.6615,78,955,41.795454500000005,0.9582697159519253,44.9216,41.767076,0.9766289248713041
2007-12-14,44.2974,44.7396,44.15,44.2193,78,955,41.829627,0.9319361648125024,44.6615,41.795454500000005,0.9582697159519253
2007-12-17,44.0372,44.1673,43.1008,43.1355,78,955,41.857872500000006,0.9452621530401807,44.2193,41.829627,0.9319361648125024
2007-12-18,43.5604,43.5777,42.6413,43.3003,78,955,41.887753000000004,0.9446291421087392,43.1355,41.857872500000006,0.9452621530401807
2007-12-19,43.2656,43.5257,43.0141,43.2829,78,955,41.9203245,0.9136984891009722,43.3003,41.887753000000004,0.9446291421087392
2007-12-20,43.9245,44.1846,43.5257,44.15,78,955,41.958650500000005,0.9128414541651888,43.2829,41.9203245,0.9136984891009722
2007-12-21,44.881,45.0459,44.6814,45.0286,78,955,41.998340500000005,0.9116313502962472,44.15,41.958650500000005,0.9128414541651888
2007-12-26,45.2542,45.6795,45.1327,45.5667,78,955,42.041543499999996,0.8930076824179438,45.0286,41.998340500000005,0.9116313502962472
2007-12-27,45.4278,45.5667,44.881,44.9939,78,955,42.08062749999999,0.8781999908166619,45.5667,42.041543499999996,0.8930076824179438
2007-12-28,45.1674,45.2716,44.638,44.9505,78,955,42.1196675,0.8607285629011862,44.9939,42.08062749999999,0.8781999908166619
2007-12-31,44.7508,44.855,44.4471,44.4557,78,955,42.1549355,0.83520509412253,44.9505,42.1196675,0.8607285629011862
2008-01-02,44.4991,44.6727,43.5097,43.7527,78,955,42.1903665,0.8586190159709205,44.4557,42.1549355,0.83520509412253
2008-01-03,43.7354,44.0565,43.527,43.7701,78,955,42.223634499999996,0.8351105148301403,43.7527,42.1903665,0.8586190159709205
2008-01-04,43.2146,43.2493,41.878,41.904,78,955,42.247572,0.9106097637708446,43.7701,42.223634499999996,0.8351105148301403
2008-01-07,42.0168,42.2512,41.1663,41.8085,78,955,42.271176000000004,0.9230590663586412,41.904,42.247572,0.9106097637708446
2008-01-08,41.9127,42.3206,40.767,40.7757,78,955,42.288014000000004,0.9680977044758808,41.8085,42.271176000000004,0.9230590663586412
2008-01-09,40.8712,41.6263,40.3244,41.6089,78,955,42.307935500000006,0.9919407255847468,40.7757,42.288014000000004,0.9680977044758808
2008-01-10,41.1489,42.0168,41.0447,41.6697,78,955,42.323918000000006,0.9905235309001224,41.6089,42.307935500000006,0.9919407255847468
2008-01-11,41.418,41.4614,40.5327,40.8364,78,955,42.336427,1.0009861358358279,41.6697,42.323918000000006,0.9905235309001224
2008-01-14,41.3919,41.6697,41.0621,41.5915,78,955,42.3533605,0.9890085547046974,40.8364,42.336427,1.0009861358358279
2008-01-15,41.1229,41.2444,40.2289,40.4285,78,955,42.36361349999999,1.0156936579400762,41.5915,42.3533605,0.9890085547046974
2008-01-16,40.09,40.7149,39.4564,39.9425,78,955,42.372865000000004,1.0330369680872136,40.4285,42.36361349999999,1.0156936579400762
2008-01-17,40.1508,40.4285,39.2308,39.3783,78,955,42.381330500000004,1.0447986132238412,39.9425,42.372865000000004,1.0330369680872136
2008-01-18,39.6127,40.0466,38.8489,39.3696,78,955,42.3894925,1.0557201408507095,39.3783,42.381330500000004,1.0447986132238412
2008-01-22,37.1737,38.8575,37.087,38.3715,78,955,42.392793999999995,1.14335441650423,39.3696,42.3894925,1.0557201408507095
2008-01-23,36.9307,38.3194,36.1149,38.1806,78,955,42.395011,1.2228719581824994,38.3715,42.392793999999995,1.14335441650423
2008-01-24,38.3628,38.9964,38.2413,38.9877,78,955,42.398709,1.1937953897408926,38.1806,42.395011,1.2228719581824994
2008-01-25,39.7949,39.8123,38.1372,38.1806,78,955,42.39780900000001,1.228174290473686,38.9877,42.398709,1.1937953897408926
2008-01-28,38.2153,38.5711,37.816,38.5104,78,955,42.397389000000004,1.1943832697255656,38.1806,42.39780900000001,1.228174290473686
2008-01-29,38.684,38.7794,38.224,38.5711,78,955,42.39783500000001,1.1487416076023114,38.5104,42.397389000000004,1.1943832697255656
2008-01-30,38.3975,39.3349,38.3455,38.5624,78,955,42.397242,1.137360064202146,38.5711,42.39783500000001,1.1487416076023114
2008-01-31,38.0764,39.5693,38.033,39.17,78,955,42.401678499999996,1.1658557739019926,38.5624,42.397242,1.137360064202146
2008-02-01,39.5085,39.821,38.953,39.5779,78,955,42.4064355,1.1445803614804213,39.17,42.401678499999996,1.1658557739019926
2008-02-04,39.5606,39.5866,39.0051,39.0311,78,955,42.40818600000001,1.1043603356603913,39.5779,42.4064355,1.1445803614804213
2008-02-05,38.2847,38.71,37.8768,37.9028,78,955,42.40252,1.1079274545417919,39.0311,42.40818600000001,1.1043603356603913
2008-02-06,38.1285,38.3368,37.1217,37.1911,78,955,42.3931655,1.1155826363602352,37.9028,42.40252,1.1079274545417919
2008-02-07,36.7571,38.007,36.5836,37.4168,78,955,42.385372499999995,1.137569590905933,37.1911,42.3931655,1.1155826363602352
2008-02-08,37.4775,37.9896,37.2692,37.8421,78,955,42.3794895,1.107771762984081,37.4168,42.385372499999995,1.137569590905933
2008-02-11,38.007,38.3802,37.79,38.2413,78,955,42.3741305,1.0708023513423612,37.8421,42.3794895,1.107771762984081
2008-02-12,38.467,38.6926,37.7639,38.0243,78,955,42.367383,1.0606521833893354,38.2413,42.3741305,1.0708023513423612
2008-02-13,38.5277,38.953,38.3281,38.8836,78,955,42.3639365,1.051227027432955,38.0243,42.367383,1.0606521833893354
2008-02-14,38.9183,38.927,38.0938,38.1718,78,955,42.354463,1.0356536683306008,38.8836,42.3639365,1.051227027432955
2008-02-15,37.9983,38.1719,37.7119,38.033,78,955,42.3435595,0.9945355491641295,38.1718,42.354463,1.0356536683306008
2008-02-19,38.5277,38.6145,37.5556,37.7119,78,955,42.3307475,0.9991330099381203,38.033,42.3435595,0.9945355491641295
2008-02-20,37.5383,38.2673,37.5296,38.1632,78,955,42.32257299999999,0.9804592235139685,37.7119,42.3307475,0.9991330099381203
2008-02-21,38.5017,38.5972,37.6164,37.7466,78,955,42.3118395,0.9804835646915424,38.1632,42.32257299999999,0.9804592235139685
2008-02-22,37.9115,37.9115,37.1304,37.8941,78,955,42.3001765,0.966241881499289,37.7466,42.3118395,0.9804835646915424
2008-02-25,37.8594,38.25,37.6164,38.1024,78,955,42.288926999999994,0.9424817471064828,37.8941,42.3001765,0.966241881499289
2008-02-26,37.8768,38.6058,37.6424,38.2673,78,955,42.2784155,0.9439759080274484,38.1024,42.288926999999994,0.9424817471064828
2008-02-27,37.9896,38.5885,37.9028,38.4236,78,955,42.268729,0.925527628882631,38.2673,42.2784155,0.9439759080274484
2008-02-28,38.2847,38.6492,38.1458,38.3021,78,955,42.257915499999996,0.8953756553910144,38.4236,42.268729,0.925527628882631
2008-02-29,37.8855,38.3325,37.1911,37.3022,78,955,42.241626,0.9129488228630851,38.3021,42.257915499999996,0.8953756553910144
2008-03-03,37.2692,37.3126,36.6617,37.0436,78,955,42.227204,0.8942310498014362,37.3022,42.241626,0.9129488228630851
2008-03-04,36.8092,37.356,36.4707,37.2432,78,955,42.21230799999999,0.8935931176727623,37.0436,42.227204,0.8942310498014362
2008-03-05,37.3213,37.79,37.1043,37.4341,78,955,42.200142,0.8787436092675648,37.2432,42.21230799999999,0.8935931176727623
2008-03-06,37.3994,37.5556,36.5402,36.5922,78,955,42.181601500000006,0.8885047800341673,37.4341,42.200142,0.8787436092675648
2008-03-07,36.3752,37.0088,35.9152,36.5141,78,955,42.1635365,0.9031544386031556,36.5922,42.181601500000006,0.8885047800341673
2008-03-10,36.462,36.5749,35.733,35.7764,78,955,42.140311000000004,0.8987791215600733,36.5141,42.1635365,0.9031544386031556
2008-03-11,36.3318,37.1911,36.0281,37.1824,78,955,42.122643499999995,0.9356306128772107,35.7764,42.140311000000004,0.8987791215600733
2008-03-12,37.3387,37.7032,36.9741,37.0522,78,955,42.103805,0.9208784262431244,37.1824,42.122643499999995,0.9356306128772107
2008-03-13,36.6356,37.6077,36.2885,37.3734,78,955,42.0878395,0.9493299672257586,37.0522,42.103805,0.9208784262431244
2008-03-14,37.6338,37.6511,36.2277,36.6617,78,955,42.07146500000001,0.9831921124239188,37.3734,42.0878395,0.9493299672257586
2008-03-17,35.8111,36.462,35.6288,36.0107,78,955,42.050363499999996,0.9867426758222108,36.6617,42.07146500000001,0.9831921124239188
2008-03-18,36.6617,37.6164,36.5488,37.599,78,955,42.035948,1.0309539132634813,36.0107,42.050363499999996,0.9867426758222108
2008-03-19,37.7726,37.8421,36.653,36.6703,78,955,42.0149835,1.04225006231609,37.599,42.035948,1.0309539132634813
2008-03-20,36.7849,37.4363,36.5677,37.4276,78,955,41.9967235,1.0298464864363694,36.6703,42.0149835,1.04225006231609
2008-03-24,37.6014,38.8782,37.5927,38.7305,78,955,41.985020999999996,1.0599003088337717,37.4276,41.9967235,1.0298464864363694
2008-03-25,38.8087,39.1474,38.4613,38.939,78,955,41.9737115,1.0332002867742163,38.7305,41.985020999999996,1.0599003088337717
2008-03-26,38.8174,38.9564,38.4613,38.7913,78,955,41.961685499999994,0.9947645520046294,38.939,41.9737115,1.0332002867742163
2008-03-27,38.5915,38.661,37.9662,37.9748,78,955,41.94759,0.9826456554328701,38.7913,41.961685499999994,0.9947645520046294
2008-03-28,38.2441,38.5134,37.6361,37.7838,78,955,41.935916500000005,0.9751209657590936,37.9748,41.94759,0.9826456554328701
2008-03-31,37.914,38.2354,37.7403,38.027,78,955,41.922991499999995,0.9408337539191584,37.7838,41.935916500000005,0.9751209657590936
2008-04-01,38.6089,39.6165,38.5742,39.5904,78,955,41.918229499999995,0.9871670572106472,38.027,41.922991499999995,0.9408337539191584
2008-04-02,39.686,39.9726,39.2343,39.5123,78,955,41.914246000000006,0.9693908388384583,39.5904,41.918229499999995,0.9871670572106472
2008-04-03,39.3385,39.8771,39.2083,39.5991,78,955,41.9084885,0.9479200646357111,39.5123,41.914246000000006,0.9693908388384583
2008-04-04,39.7555,40.2592,39.4341,39.8423,78,955,41.902648,0.9391472028760174,39.5991,41.9084885,0.9479200646357111
2008-04-07,40.0855,40.3114,39.6512,39.7468,78,955,41.89443850000001,0.9192224026705873,39.8423,41.902648,0.9391472028760174
2008-04-08,39.4428,39.712,39.243,39.4254,78,955,41.8844485,0.8895493739084024,39.7468,41.89443850000001,0.9192224026705873
2008-04-09,39.4949,39.5123,38.7653,38.9911,78,955,41.872417,0.879367275772088,39.4254,41.8844485,0.8895493739084024
2008-04-10,39.0258,39.8163,39.0258,39.5644,78,955,41.86546200000001,0.87549818464551,38.9911,41.872417,0.879367275772088
2008-04-11,39.0953,39.1735,38.3223,38.4613,78,955,41.8509115,0.9016840285994022,39.5644,41.86546200000001,0.87549818464551
2008-04-14,38.4005,38.635,38.1746,38.2441,78,955,41.837095,0.8701637408423021,38.4613,41.8509115,0.9016840285994022
2008-04-15,38.4265,38.5221,37.9401,38.3397,78,955,41.824883,0.8495806164964234,38.2441,41.837095,0.8701637408423021
2008-04-16,38.8174,39.5036,38.7826,39.3993,78,955,41.818619,0.872032001032393,38.3397,41.824883,0.8495806164964234
2008-04-17,39.4515,39.4949,39.0693,39.3281,78,955,41.809225999999995,0.8401440009586508,39.3993,41.818619,0.872032001032393
2008-04-18,40.3982,40.763,40.1463,40.5633,78,955,41.806225500000004,0.8826265723187471,39.3281,41.809225999999995,0.8401440009586508
2008-04-21,40.4851,40.8933,40.3808,40.8586,78,955,41.804441499999996,0.8561889600102653,40.5633,41.806225500000004,0.8826265723187471
2008-04-22,40.5893,40.6241,39.8944,40.2419,78,955,41.7975375,0.8639040342952468,40.8586,41.804441499999996,0.8561889600102653
2008-04-23,40.5546,40.8759,40.3374,40.6935,78,955,41.789944999999996,0.847482317559872,40.2419,41.7975375,0.8639040342952468
2008-04-24,40.7109,41.51,40.294,41.0844,78,955,41.7836135,0.8738050091627384,40.6935,41.789944999999996,0.847482317559872
2008-04-25,41.1018,41.1278,40.4503,40.9976,78,955,41.776675,0.8597832227939715,41.0844,41.7836135,0.8738050091627384
2008-04-28,41.041,41.3624,40.9367,41.0497,78,955,41.7717735,0.8287772783086877,40.9976,41.776675,0.8597832227939715
2008-04-29,40.9454,41.484,40.8759,41.345,78,955,41.7670485,0.813014615572353,41.0497,41.7717735,0.8287772783086877
2008-04-30,41.4145,41.7445,40.8499,41.0062,78,955,41.756903,0.818842143031471,41.345,41.7670485,0.813014615572353
2008-05-01,41.0323,42.3178,41.0149,42.2918,78,955,41.75188599999999,0.8540391328149373,41.0062,41.756903,0.818842143031471
2008-05-02,42.7174,42.726,41.9877,42.3352,78,955,41.74751899999999,0.8457720518995848,42.2918,41.75188599999999,0.8540391328149373
2008-05-05,42.3265,42.5871,42.0399,42.231,78,955,41.7411145,0.8244454767639,42.3352,41.74751899999999,0.8457720518995848
2008-05-06,42.1007,42.6739,41.814,42.5176,78,955,41.736533,0.826977942709336,42.231,41.7411145,0.8244454767639
2008-05-07,42.5002,42.7608,41.5812,41.7532,78,955,41.726829499999994,0.8521652325158121,42.5176,41.736533,0.826977942709336
2008-05-08,41.9009,42.3004,41.7445,42.0485,78,955,41.720076,0.8310034301932542,41.7532,41.726829499999994,0.8521652325158121
2008-05-09,41.7185,42.092,41.6056,41.8575,78,955,41.7124535,0.8063888994651643,42.0485,41.720076,0.8310034301932542
2008-05-12,41.9356,42.726,41.8661,42.6479,78,955,41.712423,0.8108254066462238,41.8575,41.7124535,0.8063888994651643
2008-05-13,42.6739,42.8477,42.3526,42.7609,78,955,41.7120475,0.7882735918857793,42.6479,41.712423,0.8108254066462238
2008-05-14,42.9258,43.3688,42.5958,42.6479,78,955,41.7131005,0.7871826210367954,42.7609,41.7120475,0.7882735918857793
2008-05-15,42.6566,43.447,42.5436,43.4122,78,955,41.721788,0.7954838623913103,42.6479,41.7131005,0.7871826210367954
2008-05-16,43.5078,43.5252,42.9519,43.4296,78,955,41.7286125,0.7796135865062165,43.4122,41.721788,0.7954838623913103
2008-05-19,43.473,43.8378,42.8563,43.1074,78,955,41.738549000000006,0.7940340446129156,43.4296,41.7286125,0.7796135865062165
2008-05-20,42.9432,42.9693,42.4655,42.7868,78,955,41.7448895,0.7831673271405645,43.1074,41.738549000000006,0.7940340446129156
2008-05-21,42.8303,43.0822,41.7098,41.8661,78,955,41.74502299999999,0.8252553752019527,42.7868,41.7448895,0.7831673271405645
2008-05-22,41.953,42.2918,41.788,41.9964,78,955,41.750617999999996,0.8022942769732422,41.8661,41.74502299999999,0.8252553752019527
2008-05-23,41.8488,41.9964,41.5361,41.8661,78,955,41.7520515,0.7778661143322966,41.9964,41.750617999999996,0.8022942769732422
2008-05-27,41.9704,42.6566,41.9443,42.6296,78,955,41.756479500000005,0.7787685347371321,41.8661,41.7520515,0.7778661143322966
2008-05-28,42.8042,42.8737,42.3439,42.7608,78,955,41.759007000000004,0.7609850679701943,42.6296,41.756479500000005,0.7787685347371321
2008-05-29,42.7868,43.4036,42.7782,43.1517,78,955,41.768088500000005,0.7525432774008942,42.7608,41.759007000000004,0.7609850679701943
2008-05-30,43.3341,43.6381,43.2125,43.4122,78,955,41.7798525,0.7335330433008307,43.1517,41.768088500000005,0.7525432774008942
2008-06-02,43.3601,43.3601,42.5263,42.9085,78,955,41.788101499999996,0.7444163973507714,43.4122,41.7798525,0.7335330433008307
2008-06-03,43.0648,43.3427,42.2744,42.6913,78,955,41.7989905,0.7675509403971449,42.9085,41.788101499999996,0.7444163973507714
2008-06-04,42.535,43.5165,42.5089,43.2125,78,955,41.8162185,0.7846973017973491,42.6913,41.7989905,0.7675509403971449
2008-06-05,43.3167,43.9594,43.169,43.8995,78,955,41.838435,0.7851046373832531,43.2125,41.8162185,0.7846973017973491
2008-06-06,43.5252,43.612,42.5784,42.5871,78,955,41.850232999999996,0.8233900204273066,43.8995,41.838435,0.7851046373832531
2008-06-09,42.6566,42.726,41.649,42.3612,78,955,41.860355500000004,0.8415050189682132,42.5871,41.850232999999996,0.8233900204273066
2008-06-10,41.9269,42.5089,41.8314,42.1615,78,955,41.867339,0.8297903747561977,42.3612,41.860355500000004,0.8415050189682132
2008-06-11,42.0833,42.1441,41.1278,41.1452,78,955,41.8666845,0.8443553479878976,42.1615,41.867339,0.8297903747561977
2008-06-12,41.4405,41.788,40.8238,41.1886,78,955,41.8668535,0.8529156802744763,41.1452,41.8666845,0.8443553479878976
2008-06-13,41.4318,42.1007,41.2234,42.0225,78,955,41.8680725,0.8571431316834425,41.1886,41.8668535,0.8529156802744763
2008-06-16,41.8053,42.5784,41.7532,42.3873,78,955,41.87254550000001,0.8548614794203396,42.0225,41.8680725,0.8571431316834425
2008-06-17,42.5176,42.6131,42.1007,42.1701,78,955,41.880872,0.8303999451760297,42.3873,41.87254550000001,0.8548614794203396
2008-06-18,41.9183,42.0833,41.5448,41.7011,78,955,41.8809605,0.8157499490920272,42.1701,41.880872,0.8303999451760297
2008-06-19,41.6143,42.5697,41.3537,42.3786,78,955,41.883526499999995,0.8443392384425963,41.7011,41.8809605,0.8157499490920272
2008-06-20,42.0182,42.0269,41.036,41.2185,78,955,41.8778655,0.8799292928395535,42.3786,41.883526499999995,0.8443392384425963
2008-06-23,41.3924,41.4967,40.8361,40.9047,78,955,41.866866,0.8642629147795851,41.2185,41.8778655,0.8799292928395535
2008-06-24,40.7057,41.1751,40.3406,40.6883,78,955,41.857601,0.8621369922953289,40.9047,41.866866,0.8642629147795851
2008-06-25,40.8535,41.7227,40.8013,41.3402,78,955,41.851292,0.874441492845663,40.6883,41.857601,0.8621369922953289
2008-06-26,40.6101,40.6101,39.6713,39.6887,78,955,41.84075549999999,0.9311885290709729,41.3402,41.851292,0.874441492845663
2008-06-27,39.6279,39.8973,39.0889,39.6713,78,955,41.8302185,0.9224179198516177,39.6887,41.84075549999999,0.9311885290709729
2008-06-30,39.5757,39.8365,39.2454,39.2454,78,955,41.8143455,0.898752354147931,39.6713,41.8302185,0.9224179198516177
2008-07-01,38.9759,39.8625,38.8369,39.8365,78,955,41.8015145,0.9078129002802214,39.2454,41.8143455,0.898752354147931
2008-07-02,39.9408,40.0972,38.8021,38.8369,78,955,41.78264600000001,0.9354762645459197,39.8365,41.8015145,0.9078129002802214
2008-07-07,39.1585,39.5149,38.4544,39.0368,78,955,41.7646035,0.9444065313640682,38.8369,41.78264600000001,0.9354762645459197
2008-07-08,39.0715,39.9929,38.9151,39.9755,78,955,41.7530745,0.9539346362666344,39.0368,41.7646035,0.9444065313640682
2008-07-09,39.9495,40.0103,38.8803,38.8977,78,955,41.730610000000006,0.9665107336761607,39.9755,41.7530745,0.9539346362666344
2008-07-10,38.9586,39.4801,38.5761,39.3497,78,955,41.7098855,0.962045681270721,38.8977,41.730610000000006,0.9665107336761607
2008-07-11,38.9499,39.3497,38.1154,38.7412,78,955,41.6870285,0.9814924183228122,39.3497,41.7098855,0.962045681270721
2008-07-14,39.228,39.2715,38.3066,38.4457,78,955,41.6608915,0.9803072455854686,38.7412,41.6870285,0.9814924183228122
2008-07-15,38.2632,39.0542,37.6373,38.437,78,955,41.6338005,1.0114924423293636,38.4457,41.6608915,0.9803072455854686
2008-07-16,38.5066,39.4453,38.1762,39.4105,78,955,41.609496,1.0298929821629805,38.437,41.6338005,1.0114924423293636
2008-07-17,39.6018,39.8278,39.0975,39.6279,78,955,41.58506499999999,1.0084934834370538,39.4105,41.609496,1.0298929821629805
2008-07-18,39.2628,39.2628,38.8282,38.9586,78,955,41.55650699999999,0.9935796631915497,39.6279,41.58506499999999,1.0084934834370538
2008-07-21,39.1237,39.2802,38.6717,38.9238,78,955,41.52829549999999,0.9660739729635818,38.9586,41.55650699999999,0.9935796631915497
2008-07-22,38.2632,38.9499,38.1241,38.9238,78,955,41.497396,0.9560544034661831,38.9238,41.52829549999999,0.9660739729635818
2008-07-23,38.9759,39.8886,38.8716,39.4366,78,955,41.4690605,0.9604076603614555,38.9238,41.497396,0.9560544034661831
2008-07-24,39.6279,39.6452,38.8108,38.8369,78,955,41.439156999999994,0.9514071131927804,39.4366,41.4690605,0.9604076603614555
2008-07-25,39.0976,39.5322,38.9064,39.4105,78,955,41.411818,0.9331137479647249,38.8369,41.439156999999994,0.9514071131927804
2008-07-28,39.3323,39.567,38.4283,38.5935,78,955,41.3757985,0.9477984802529589,39.4105,41.411818,0.9331137479647249
2008-07-29,38.7934,39.5844,38.7412,39.4192,78,955,41.342477,0.9508771602348907,38.5935,41.3757985,0.9477984802529589
2008-07-30,39.5149,39.8278,39.0107,39.6018,78,955,41.3090715,0.9413216487895416,39.4192,41.342477,0.9508771602348907
2008-07-31,39.2106,40.1146,39.1324,39.5062,78,955,41.274668,0.9442415310188604,39.6018,41.3090715,0.9413216487895416
2008-08-01,39.5757,39.5931,38.5935,39.0281,78,955,41.241472,0.9481957073746562,39.5062,41.274668,0.9442415310188604
2008-08-04,39.0107,39.0455,38.5066,38.5848,78,955,41.202330999999994,0.9189602997050378,39.0281,41.241472,0.9481957073746562
2008-08-05,39.0281,39.9582,38.9759,39.9408,78,955,41.17179099999999,0.9514202782975348,38.5848,41.202330999999994,0.9189602997050378
2008-08-06,39.9234,40.6883,39.6192,40.5318,78,955,41.145203,0.9598259727048537,39.9408,41.17179099999999,0.9514202782975348
2008-08-07,40.2885,40.7231,40.0538,40.2189,78,955,41.114146,0.9390741175116498,40.5318,41.145203,0.9598259727048537
2008-08-08,40.2015,41.2359,40.1146,41.1316,78,955,41.0866555,0.9520902519751032,40.2189,41.114146,0.9390741175116498
2008-08-11,41.1142,41.9661,40.9751,41.4967,78,955,41.066843,0.9548695196911673,41.1316,41.0866555,0.9520902519751032
2008-08-12,41.5054,41.8618,41.2968,41.5141,78,955,41.044472999999996,0.9270216968560843,41.4967,41.066843,0.9548695196911673
2008-08-13,41.4967,41.827,41.0708,41.5314,78,955,41.0171605,0.9148201470806496,41.5141,41.044472999999996,0.9270216968560843
2008-08-14,41.3228,42.1225,41.2794,41.9748,78,955,40.993798999999996,0.9096972794320318,41.5314,41.0171605,0.9148201470806496
2008-08-15,42.0356,42.2181,41.6879,41.8704,78,955,40.972950499999996,0.8825903309011726,41.9748,40.993798999999996,0.9096972794320318
2008-08-18,41.9748,41.9921,41.0795,41.3663,78,955,40.945896499999996,0.8847338786939457,41.8704,40.972950499999996,0.8825903309011726
2008-08-19,41.1751,41.3663,40.6361,40.8448,78,955,40.915411,0.8736957445015213,41.3663,40.945896499999996,0.8847338786939457
2008-08-20,41.1664,41.3402,40.6275,40.923,78,955,40.8847965,0.8621960484656988,40.8448,40.915411,0.8736957445015213
2008-08-21,40.6188,40.923,40.3145,40.7405,78,955,40.8499745,0.8440749021467202,40.923,40.8847965,0.8621960484656988
2008-08-22,40.9665,41.4445,40.923,41.2794,78,955,40.822269,0.8340695519933832,40.7405,40.8499745,0.8440749021467202
2008-08-25,40.9925,41.036,40.3058,40.4623,78,955,40.7885705,0.8440360125652847,41.2794,40.822269,0.8340695519933832
2008-08-26,40.4275,40.6535,40.0885,40.358,78,955,40.755868,0.8241048688106213,40.4623,40.7885705,0.8440360125652847
2008-08-27,40.3754,40.9317,40.2363,40.6361,78,955,40.721955,0.8149116638955768,40.358,40.755868,0.8241048688106213
2008-08-28,40.7839,41.0968,40.7057,40.9404,78,955,40.695416,0.7896108307601787,40.6361,40.721955,0.8149116638955768
2008-08-29,40.5145,40.6361,39.9147,40.0972,78,955,40.6715105,0.8064743428487369,40.9404,40.695416,0.7896108307601787
2008-09-02,40.7318,40.923,39.4105,39.5844,78,955,40.6526275,0.8569047469309702,40.0972,40.6715105,0.8064743428487369
2008-09-03,39.5018,39.6697,38.9325,39.2193,78,955,40.6373815,0.8483544078644725,39.5844,40.6526275,0.8569047469309702
2008-09-04,38.9759,39.0368,37.9589,37.9589,78,955,40.60699,0.8777862358741528,39.2193,40.6373815,0.8483544078644725
2008-09-05,37.6373,38.0546,37.2114,37.8112,78,955,40.578938,0.8753157904545708,37.9589,40.60699,0.8777862358741528
2008-09-08,38.2806,38.437,37.0984,37.7066,78,955,40.551527,0.9084075197078156,37.8112,40.578938,0.8753157904545708
2008-09-09,37.6895,38.0633,36.8203,36.8376,78,955,40.5174795,0.9323069825858284,37.7066,40.551527,0.9084075197078156
2008-09-10,37.2636,37.533,36.8985,37.1488,78,955,40.4877195,0.9153850552582692,36.8376,40.5174795,0.9323069825858284
2008-09-11,36.6551,37.9763,36.6551,37.9589,78,955,40.461056000000006,0.9443718370255361,37.1488,40.4877195,0.9153850552582692
2008-09-12,37.5765,37.9937,37.2896,37.8199,78,955,40.436341999999996,0.9272095629522833,37.9589,40.461056000000006,0.9443718370255361
2008-09-15,36.8985,37.6286,36.5334,36.5856,78,955,40.4070605,0.9528731655985485,37.8199,40.436341999999996,0.9272095629522833
2008-09-16,36.0467,37.2375,36.0119,36.8463,78,955,40.374444000000004,0.9723536537700808,36.5856,40.4070605,0.9528731655985485
2008-09-17,36.377,36.5508,34.9341,34.9601,78,955,40.325807,1.0394855356436463,36.8463,40.374444000000004,0.9723536537700808
2008-09-18,35.7424,36.4813,34.3343,36.0988,78,955,40.2820395,1.1185937116691,34.9601,40.325807,1.0394855356436463
2008-09-19,38.1143,38.1229,36.6182,37.2879,78,955,40.2459515,1.1832727322641645,36.0988,40.2820395,1.1185937116691
2008-09-22,37.1836,37.2619,35.5831,35.5832,78,955,40.2033345,1.2205246799595812,37.2879,40.2459515,1.1832727322641645
2008-09-23,35.818,36.3138,35.1744,35.2961,78,955,40.1601925,1.2147300599624684,35.5832,40.2033345,1.2205246799595812
2008-09-24,35.531,35.8876,35.2439,35.5832,78,955,40.1142805,1.173942198536578,35.2961,40.1601925,1.2147300599624684
2008-09-25,35.8528,36.5486,35.6875,36.0789,78,955,40.067812999999994,1.1590463272125369,35.5832,40.1142805,1.173942198536578
2008-09-26,35.0526,35.8963,34.983,35.8006,78,955,40.01978,1.1545358752687842,36.0789,40.067812999999994,1.1590463272125369
2008-09-29,35.0178,35.1222,32.3388,32.5737,78,955,39.9548325,1.3193404556067285,35.8006,40.01978,1.1545358752687842
2008-09-30,32.8172,34.1828,32.7041,34.061,78,955,39.902696999999996,1.3400375659205335,32.5737,39.9548325,1.3193404556067285
2008-10-01,33.774,33.8958,33.0782,33.4783,78,955,39.8454805,1.3145205969262095,34.061,39.902696999999996,1.3400375659205335
2008-10-02,33.2782,33.2782,31.8691,31.9039,78,955,39.7816925,1.3355691257171944,33.4783,39.8454805,1.3145205969262095
2008-10-03,32.4171,33.2086,31.3995,31.4603,78,955,39.71789750000001,1.3693927595945374,31.9039,39.7816925,1.3355691257171944
2008-10-06,30.6688,30.8254,28.6248,30.347,78,955,39.653955,1.4741147053377848,31.4603,39.71789750000001,1.3693927595945374
2008-10-07,30.5732,30.6166,28.0682,28.5378,78,955,39.5801425,1.5508493692422285,30.347,39.653955,1.4741147053377848
2008-10-08,27.8246,29.6773,27.6942,28.4161,78,955,39.5058085,1.5817244142963551,28.5378,39.5801425,1.5508493692422285
2008-10-09,28.8336,29.2946,26.9374,27.4245,78,955,39.422181,1.637115527560901,28.4161,39.5058085,1.5817244142963551
2008-10-10,26.5373,28.2508,25.5545,27.2158,78,955,39.333116999999994,1.712771561306551,27.4245,39.422181,1.637115527560901
2008-10-13,28.5378,30.5645,28.1812,30.5645,78,955,39.258106000000005,1.8296235926417974,27.2158,39.333116999999994,1.712771561306551
2008-10-14,31.3995,31.443,28.8684,29.2076,78,955,39.1791745,1.8828361931673834,30.5645,39.258106000000005,1.8296235926417974
2008-10-15,28.9032,29.0075,26.5634,26.6242,78,955,39.087543000000004,1.9372193222268559,29.2076,39.1791745,1.8828361931673834
2008-10-16,26.807,28.0682,25.4414,28.0421,78,955,39.005475,1.9864750849249377,26.6242,39.087543000000004,1.9372193222268559
2008-10-17,27.5028,29.2685,27.3201,28.0508,78,955,38.926965499999994,1.983755436001728,28.0421,39.005475,1.9864750849249377
2008-10-20,28.5205,28.9293,27.5724,28.9206,78,955,38.852718,1.9389800477158905,28.0508,38.926965499999994,1.983755436001728
2008-10-21,28.39,28.9206,27.381,27.4071,78,955,38.7802335,1.9104529014504699,28.9206,38.852718,1.9389800477158905
2008-10-22,27.2853,27.4854,25.8415,26.633,78,955,38.704356000000004,1.891413408489722,27.4071,38.7802335,1.9104529014504699
2008-10-23,26.5025,27.0418,25.137,26.5286,78,955,38.6331205,1.8923695935975988,26.633,38.704356000000004,1.891413408489722
2008-10-24,24.4585,26.3112,24.4324,25.6849,78,955,38.5535005,1.9069289083406276,26.5286,38.6331205,1.8923695935975988
2008-10-27,25.337,26.2677,24.9282,24.963,78,955,38.469967,1.866398272030583,25.6849,38.5535005,1.9069289083406276
2008-10-28,25.8154,27.7202,25.0935,27.7115,78,955,38.404342500000006,1.930026966885541,24.963,38.469967,1.866398272030583
2008-10-29,27.7985,28.7727,27.181,27.6942,78,955,38.334856,1.9058607549651452,27.7115,38.404342500000006,1.930026966885541
2008-10-30,28.4248,28.7553,27.8159,28.5378,78,955,38.2754025,1.8455207010390635,27.6942,38.334856,1.9058607549651452
2008-10-31,28.1551,29.0771,27.9116,28.5813,78,955,38.2185965,1.7969477938219875,28.5378,38.2754025,1.8455207010390635
2008-11-03,28.5378,28.9589,28.2769,28.5552,78,955,38.164481,1.7173086656918457,28.5813,38.2185965,1.7969477938219875
2008-11-04,29.1293,29.5816,28.6857,29.4859,78,955,38.1150625,1.667958046713857,28.5552,38.164481,1.7173086656918457
2008-11-05,29.1206,29.225,27.7637,27.8159,78,955,38.062284500000004,1.6718324719485815,29.4859,38.1150625,1.667958046713857
2008-11-06,27.3897,27.7202,26.4416,26.5982,78,955,38.0043725,1.6505801525236827,27.8159,38.062284500000004,1.6718324719485815
2008-11-07,26.8939,27.381,26.6069,27.1723,78,955,37.9452955,1.5885958559148483,26.5982,38.0043725,1.6505801525236827
2008-11-10,27.7811,27.8072,26.4417,26.7635,78,955,37.88821,1.5726604376352162,27.1723,37.9452955,1.5885958559148483
2008-11-11,26.5025,26.7548,25.8502,26.2068,78,955,37.826692,1.525563263518415,26.7635,37.88821,1.5726604376352162
2008-11-12,25.7893,25.9198,24.9195,24.9978,78,955,37.7588255,1.5085444589813857,26.2068,37.826692,1.525563263518415
2008-11-13,24.9021,26.5547,23.7279,26.5199,78,955,37.698613,1.6027055690541436,24.9978,37.7588255,1.5085444589813857
2008-11-14,25.9198,26.459,25.1109,25.1979,78,955,37.6287525,1.5888694569788475,26.5199,37.698613,1.6027055690541436
2008-11-17,24.7804,25.424,24.5803,24.7021,78,955,37.554373500000004,1.5356430671946442,25.1979,37.6287525,1.5888694569788475
2008-11-18,24.8412,25.0065,23.8236,24.6499,78,955,37.4824675,1.5104471338235983,24.7021,37.554373500000004,1.5356430671946442
2008-11-19,24.7021,25.0326,23.3017,23.3278,78,955,37.4095925,1.5261937671219126,24.6499,37.4824675,1.5104471338235983
2008-11-20,23.0843,23.8758,22.1536,22.2493,78,955,37.334883500000004,1.5401942123274903,23.3278,37.4095925,1.5261937671219126
2008-11-21,22.5885,23.206,21.7883,23.206,78,955,37.2638295,1.5314446257326697,22.2493,37.334883500000004,1.5401942123274903
2008-11-24,23.6757,24.9108,23.467,24.6151,78,955,37.197694500000004,1.5438271524660503,23.206,37.2638295,1.5314446257326697
2008-11-25,24.9021,24.9108,23.9367,24.4672,78,955,37.128824,1.5031323558613325,24.6151,37.197694500000004,1.5438271524660503
2008-11-26,24.2498,25.5371,24.1889,25.5284,78,955,37.0663445,1.4920657590140944,24.4672,37.128824,1.5031323558613325
2008-12-01,24.789,24.7977,23.3887,23.4235,78,955,36.98904400000001,1.538325347655945,25.5284,37.0663445,1.4920657590140944
2008-12-02,23.7279,24.2585,23.3455,24.2237,78,955,36.9193035,1.4936592513948062,23.4235,36.98904400000001,1.538325347655945
2008-12-03,23.5974,24.9717,23.5452,24.876,78,955,36.8535185,1.4888621620094629,24.2237,36.9193035,1.4936592513948062
2008-12-04,24.4933,25.0326,23.7627,24.1889,78,955,36.785903499999996,1.4732220075802156,24.876,36.8535185,1.4888621620094629
2008-12-05,23.9106,25.2848,23.4409,25.1718,78,955,36.7209465,1.499699007038772,24.1889,36.785903499999996,1.4732220075802156
2008-12-08,25.7023,26.4938,25.6067,26.1538,78,955,36.662982500000005,1.4870062208217167,25.1718,36.7209465,1.499699007038772
2008-12-09,25.8154,26.8157,25.7197,26.0937,78,955,36.6039805,1.459077205048737,26.1538,36.662982500000005,1.4870062208217167
2008-12-10,26.172,26.4938,25.7632,26.0242,78,955,36.543589499999996,1.4070431189738273,26.0937,36.6039805,1.459077205048737
2008-12-11,25.9198,26.3286,25.1718,25.2935,78,955,36.4787205,1.3891686104756968,26.0242,36.543589499999996,1.4070431189738273
2008-12-12,24.9543,25.972,24.763,25.8067,78,955,36.415636,1.376299424013147,25.2935,36.4787205,1.3891686104756968
2008-12-15,25.8502,25.885,24.9978,25.3718,78,955,36.3509845,1.3413637508693508,25.8067,36.415636,1.376299424013147
2008-12-16,25.5893,26.6678,25.5719,26.5808,78,955,36.2973775,1.3381234829501114,25.3718,36.3509845,1.3413637508693508
2008-12-17,26.2938,26.6156,25.9372,26.259,78,955,36.243454500000006,1.2910003770251033,26.5808,36.2973775,1.3381234829501114
2008-12-18,26.259,26.4417,25.5371,25.8241,78,955,36.186358999999996,1.263400350094739,26.259,36.243454500000006,1.2910003770251033
2008-12-19,26.1143,26.454,25.9227,26.0272,78,955,36.1293245,1.218150325087972,25.8241,36.186358999999996,1.263400350094739
2008-12-22,26.0011,26.062,25.0342,25.4871,78,955,36.073799,1.2045538732959742,26.0272,36.1293245,1.218150325087972
2008-12-23,25.5046,25.8007,25.1648,25.3303,78,955,36.01788,1.1639357394891188,25.4871,36.073799,1.2045538732959742
2008-12-26,25.4262,25.461,25.2345,25.3826,78,955,35.965911,1.0969760438113245,25.3303,36.01788,1.1639357394891188
2008-12-29,25.4523,25.4697,24.7903,25.1039,78,955,35.9055185,1.0671491835390872,25.3826,35.965911,1.0969760438113245
2008-12-30,25.2345,25.7746,25.2084,25.6701,78,955,35.848608,1.0388313847148667,25.1039,35.9055185,1.0671491835390872
2008-12-31,25.6788,26.2014,25.6526,25.9052,78,955,35.791267,1.003829142949519,25.6701,35.848608,1.0388313847148667
2009-01-02,25.9314,27.116,25.8617,27.0202,78,955,35.7430595,1.021719918453125,25.9052,35.791267,1.003829142949519
2009-01-05,26.8547,27.2902,26.6456,27.0115,78,955,35.6980635,0.9947827814207587,27.0202,35.7430595,1.021719918453125
2009-01-06,27.2467,27.5515,27.0986,27.2728,78,955,35.6464325,0.9622982970335616,27.0115,35.6980635,0.9947827814207587
2009-01-07,26.8373,26.9157,26.2972,26.515,78,955,35.595656000000005,0.9632484186740214,27.2728,35.6464325,0.9622982970335616
2009-01-08,26.4279,26.8286,26.2014,26.8025,78,955,35.542530500000005,0.9392449601973059,26.515,35.595656000000005,0.9632484186740214
2009-01-09,26.8198,26.8198,26.062,26.2014,78,955,35.479884999999996,0.9262846058974983,26.8025,35.542530500000005,0.9392449601973059
2009-01-12,26.2275,26.2624,25.4349,25.7136,78,955,35.413758,0.9192285626191057,26.2014,35.479884999999996,0.9262846058974983
2009-01-13,25.7049,26.1143,25.4174,25.731,78,955,35.3484565,0.9033479510034552,25.7136,35.413758,0.9192285626191057
2009-01-14,25.4087,25.5046,24.799,24.9645,78,955,35.283404999999995,0.90539452593178,25.731,35.3484565,0.9033479510034552
2009-01-15,24.8687,25.5568,24.4506,25.3478,78,955,35.221225,0.9197377740795099,24.9645,35.283404999999995,0.90539452593178
2009-01-16,25.7136,25.7833,24.9993,25.6352,78,955,35.159265999999995,0.9100422187881163,25.3478,35.221225,0.9197377740795099
2009-01-20,25.5133,25.6352,24.3548,24.3983,78,955,35.0833055,0.9364963460175366,25.6352,35.159265999999995,0.9100422187881163
2009-01-21,24.7642,25.4262,24.4767,25.3826,78,955,35.012657,0.9430251784448557,24.3983,35.0833055,0.9364963460175366
2009-01-22,24.8513,25.461,24.6161,25.0603,78,955,34.939963,0.9360162371273659,25.3826,35.012657,0.9430251784448557
2009-01-23,24.6683,25.5655,24.5115,25.1648,78,955,34.8665755,0.9444436487611254,25.0603,34.939963,0.9360162371273659
2009-01-26,25.2258,25.7746,25.0429,25.3565,78,955,34.794624,0.9292476738496165,25.1648,34.8665755,0.9444436487611254
2009-01-27,25.3826,25.7572,25.3652,25.5742,78,955,34.725368,0.8914942685746439,25.3565,34.794624,0.9292476738496165
2009-01-28,25.9749,26.6979,25.9662,26.4366,78,955,34.6625955,0.9080803922478836,25.5742,34.725368,0.8914942685746439
2009-01-29,26.1056,26.1753,25.6788,25.7659,78,955,34.593603,0.897346078515892,26.4366,34.6625955,0.9080803922478836
2009-01-30,25.9749,26.0707,25.2084,25.2868,78,955,34.527730500000004,0.8948427871933282,25.7659,34.593603,0.897346078515892
2009-02-02,25.0603,25.792,25.0342,25.6091,78,955,34.4645555,0.8850540166795193,25.2868,34.527730500000004,0.8948427871933282
2009-02-03,25.6613,26.123,25.2868,26.0185,78,955,34.4029495,0.8815644440595538,25.6091,34.4645555,0.8850540166795193
2009-02-04,26.0664,26.6979,25.9488,26.0446,78,955,34.336176,0.8721026980553002,26.0185,34.4029495,0.8815644440595538
2009-02-05,25.6701,26.8024,25.6613,26.6369,78,955,34.27272,0.89131679105135,26.0446,34.336176,0.8721026980553002
2009-02-06,26.7502,27.447,26.6369,27.3164,78,955,34.2064855,0.8855155916905392,26.6369,34.27272,0.89131679105135
2009-02-09,27.3425,27.5864,27.1683,27.4644,78,955,34.1395145,0.8521287637126437,27.3164,34.2064855,0.8855155916905392
2009-02-10,27.2641,27.5951,26.2188,26.4192,78,955,34.070401,0.8895695663045975,27.4644,34.1395145,0.8521287637126437
2009-02-11,26.4192,26.5934,25.8965,26.3233,78,955,33.99855,0.8758074544256976,26.4192,34.070401,0.8895695663045975
2009-02-12,25.9836,26.6631,25.8181,26.6543,78,955,33.926399499999995,0.8736069219667192,26.3233,33.99855,0.8758074544256976
2009-02-13,26.5324,26.8111,26.3843,26.4976,78,955,33.8538995,0.8416921418262393,26.6543,33.926399499999995,0.8736069219667192
2009-02-17,25.6701,25.8443,25.3129,25.4784,78,955,33.776043,0.866192703124365,26.4976,33.8538995,0.8416921418262393
2009-02-18,25.6178,25.8442,25.1474,25.4784,78,955,33.69671,0.8540932243297675,25.4784,33.776043,0.866192703124365
2009-02-19,25.6352,25.792,25.0168,25.069,78,955,33.617024,0.8484579940204986,25.4784,33.69671,0.8540932243297675
2009-02-20,24.7903,25.3913,24.7293,25.1561,78,955,33.5313455,0.8351395658761775,25.069,33.617024,0.8484579940204986
2009-02-23,25.2868,25.3042,24.1544,24.2851,78,955,33.441095,0.8576153111707365,25.1561,33.5313455,0.8351395658761775
2009-02-24,24.3896,25.2432,24.3548,25.069,78,955,33.355285,0.8647927889442555,24.2851,33.441095,0.8576153111707365
2009-02-25,24.9297,25.4087,24.5115,24.9035,78,955,33.2672145,0.8671075897339513,25.069,33.355285,0.8647927889442555
2009-02-26,25.069,25.2171,24.1893,24.2154,78,955,33.1795255,0.878585619038669,24.9035,33.2672145,0.8671075897339513
2009-02-27,23.9454,24.3722,23.8583,23.9889,78,955,33.0892275,0.8525366462501927,24.2154,33.1795255,0.878585619038669
2009-03-02,23.6144,23.9628,23.0569,23.1788,78,955,32.995834,0.8582126000894648,23.9889,33.0892275,0.8525366462501927
2009-03-03,23.3879,23.6579,23.0133,23.1875,78,955,32.898532,0.8429545572259316,23.1788,32.995834,0.8582126000894648
2009-03-04,23.5273,24.137,23.4489,23.7973,78,955,32.803714,0.8505649459955079,23.1875,32.898532,0.8429545572259316
2009-03-05,23.5447,23.7276,23.0133,23.0926,78,955,32.7059375,0.8458103069958287,23.7973,32.803714,0.8505649459955079
2009-03-06,23.205,23.353,22.3949,22.8914,78,955,32.6033335,0.8538309993532697,23.0926,32.7059375,0.8458103069958287
2009-03-09,22.691,23.353,22.3253,22.4036,78,955,32.4982035,0.8662502136851793,22.8914,32.6033335,0.8538309993532697
2009-03-10,22.874,23.8583,22.7869,23.7973,78,955,32.401653,0.908282341279095,22.4036,32.4982035,0.8662502136851793
2009-03-11,24.0673,24.3809,23.745,24.1535,78,955,32.3084865,0.8888264597591596,23.7973,32.401653,0.908282341279095
2009-03-12,24.1457,25.0516,23.9018,24.9732,78,955,32.224022,0.9074674269192196,24.1535,32.3084865,0.8888264597591596
2009-03-13,24.9732,25.1213,24.6683,25.0516,78,955,32.139298,0.8750054678535613,24.9732,32.224022,0.9074674269192196
2009-03-16,25.1648,25.2432,24.5551,24.5987,78,955,32.052961,0.8616550772925927,25.0516,32.139298,0.8750054678535613
2009-03-17,24.7467,25.5394,24.6509,25.5394,78,955,31.96751,0.8673011432002646,24.5987,32.052961,0.8616550772925927
2009-03-18,25.461,26.3059,25.3303,25.8704,78,955,31.883058000000002,0.8750367758288171,25.5394,31.96751,0.8673011432002646
2009-03-19,26.245,26.245,25.6613,25.8704,78,955,31.7966515,0.8542270061267588,25.8704,31.883058000000002,0.8750367758288171
2009-03-20,25.8876,26.2017,25.2855,25.46,78,955,31.7068905,0.8586536485462761,25.8704,31.7966515,0.8542270061267588
2009-03-23,26.0533,26.9957,25.4761,26.9957,78,955,31.6273265,0.907014102221542,25.46,31.7068905,0.8586536485462761
2009-03-24,26.7426,26.9433,26.446,26.4634,78,955,31.546187,0.8814916663485746,26.9957,31.6273265,0.907014102221542
2009-03-25,26.6815,27.0916,25.8788,26.5856,78,955,31.4630525,0.9051565473236765,26.4634,31.546187,0.8814916663485746
2009-03-26,26.9433,27.4494,26.5393,27.4319,78,955,31.3807145,0.905509651086271,26.5856,31.4630525,0.9051565473236765
2009-03-27,27.1091,27.2051,26.795,26.8648,78,955,31.302103,0.8863232474372514,27.4319,31.3807145,0.905509651086271
2009-03-30,26.4285,26.4547,25.8439,26.2017,78,955,31.2213055,0.8959358726203047,26.8648,31.302103,0.8863232474372514
2009-03-31,26.446,27.0044,26.4111,26.4634,78,955,31.142815,0.8892761674331402,26.2017,31.2213055,0.8959358726203047
2009-04-01,26.1231,26.9433,25.9923,26.8561,78,955,31.0713695,0.8936850126164874,26.4634,31.142815,0.8892761674331402
2009-04-02,27.3447,28.1561,27.2487,27.7111,78,955,31.003981999999997,0.9227075117153095,26.8561,31.0713695,0.8936850126164874
2009-04-03,27.9641,28.2695,27.7722,28.2259,78,955,30.934998999999998,0.8966855465927875,27.7111,31.003981999999997,0.9227075117153095
2009-04-06,27.8943,28.2085,27.6151,28.1561,78,955,30.863843000000003,0.8762651504075882,28.2259,30.934998999999998,0.8966855465927875
2009-04-07,27.842,27.8507,27.2312,27.397,78,955,30.7899775,0.8797390682356174,28.1561,30.863843000000003,0.8762651504075882
2009-04-08,27.6762,28.0514,27.4755,27.8856,78,955,30.720899999999997,0.863643420504502,27.397,30.7899775,0.8797390682356174
2009-04-09,28.3917,28.8018,28.2957,28.7407,78,955,30.652710499999998,0.8673974618970376,27.8856,30.720899999999997,0.863643420504502
2009-04-13,28.6185,28.8541,28.383,28.6883,78,955,30.5900595,0.8390905003329635,28.7407,30.652710499999998,0.8673974618970376
2009-04-14,28.5226,28.6883,28.1561,28.3481,78,955,30.5272765,0.8171697503091806,28.6883,30.5900595,0.8390905003329635
2009-04-15,28.1299,28.2957,27.7896,28.2695,78,955,30.4651825,0.7986933395728105,28.3481,30.5272765,0.8171697503091806
2009-04-16,28.6447,29.1682,28.3655,28.9937,78,955,30.403450000000003,0.8058366724604669,28.2695,30.4651825,0.7986933395728105
2009-04-17,28.9326,29.2293,28.732,29.0635,78,955,30.350324,0.7837983387132906,28.9937,30.403450000000003,0.8058366724604669
2009-04-20,28.5226,28.636,27.9729,28.1212,78,955,30.2925735,0.8057127430909128,29.0635,30.350324,0.7837983387132906
2009-04-21,27.9903,28.5662,27.9903,28.5226,78,955,30.2389595,0.7892975471558474,28.1212,30.2925735,0.8057127430909128
2009-04-22,28.3568,29.2555,28.2608,28.6273,78,955,30.182913499999998,0.8039691509304299,28.5226,30.2389595,0.7892975471558474
2009-04-23,28.8018,28.9065,28.3481,28.9065,78,955,30.133261500000003,0.7864284972925422,28.6273,30.182913499999998,0.8039691509304299
2009-04-24,29.0984,29.6045,28.8541,29.4212,78,955,30.085183500000003,0.783855033200218,28.9065,30.133261500000003,0.7864284972925422
2009-04-27,29.1595,29.7179,29.0984,29.4125,78,955,30.032368499999997,0.7721153879716309,29.4212,30.085183500000003,0.783855033200218
2009-04-28,29.238,29.587,29.1071,29.2118,78,955,29.983939,0.7512428602593717,29.4125,30.032368499999997,0.7721153879716309
2009-04-29,29.4474,30.0146,29.4038,29.6132,78,955,29.9352565,0.7549255130979882,29.2118,29.983939,0.7512428602593717
2009-04-30,29.9971,30.4508,29.7005,29.9186,78,955,29.891143500000002,0.7608308335909891,29.6132,29.9352565,0.7549255130979882
2009-05-01,29.9099,30.1367,29.6743,29.9709,78,955,29.8487695,0.7395143454773473,29.9186,29.891143500000002,0.7608308335909891
2009-05-04,30.2501,30.6166,30.1193,30.6079,78,955,29.809624,0.7328133208003937,29.9709,29.8487695,0.7395143454773473
2009-05-05,30.5293,30.5904,30.2152,30.5555,78,955,29.765349,0.7085195121717943,30.6079,29.809624,0.7328133208003937
2009-05-06,30.8173,30.8347,30.0669,30.5642,78,955,29.720030499999996,0.7127538327309519,30.5555,29.765349,0.7085195121717943
2009-05-07,30.7562,30.7736,29.5609,29.8226,78,955,29.6743505,0.7484642732501695,30.5642,29.720030499999996,0.7127538327309519
2009-05-08,29.9709,30.3112,29.5609,29.9011,78,955,29.629237000000003,0.7485953965894431,29.8226,29.6743505,0.7484642732501695
2009-05-11,29.4736,30.2938,29.3863,29.9797,78,955,29.5845165,0.759945725404483,29.9011,29.629237000000003,0.7485953965894431
2009-05-12,30.0407,30.0844,29.2467,29.6045,78,955,29.535355999999997,0.7654996021613055,29.9797,29.5845165,0.759945725404483
2009-05-13,29.3427,29.3602,28.7581,28.8018,78,955,29.485180500000002,0.7712782020069269,29.6045,29.535355999999997,0.7654996021613055
2009-05-14,28.8803,29.4038,28.8628,29.1333,78,955,29.433794499999998,0.7591869018635751,28.8018,29.485180500000002,0.7712782020069269
2009-05-15,29.0984,29.5085,28.9937,29.1071,78,955,29.3863625,0.7417306945876055,29.1333,29.433794499999998,0.7591869018635751
2009-05-18,29.3078,29.9099,29.1334,29.875,78,955,29.338641500000005,0.7460927878313481,29.1071,29.3863625,0.7417306945876055
2009-05-19,29.779,30.3112,29.6219,29.9971,78,955,29.290618,0.742036160129109,29.875,29.338641500000005,0.7460927878313481
2009-05-20,30.1367,30.573,29.8226,29.9186,78,955,29.24268,0.742633577262744,29.9971,29.290618,0.742036160129109
2009-05-21,29.683,29.8924,29.0635,29.3776,78,955,29.194427499999996,0.7506668931725481,29.9186,29.24268,0.742633577262744
2009-05-22,29.4736,29.6394,29.0722,29.2904,78,955,29.1479555,0.7375621150887947,29.3776,29.194427499999996,0.7506668931725481
2009-05-26,28.9588,30.3897,28.9501,30.354,78,955,29.100021499999997,0.787707678296738,29.2904,29.1479555,0.7375621150887947
2009-05-27,30.2676,30.7038,30.0407,30.128,78,955,29.0480025,0.7788071298469711,30.354,29.100021499999997,0.787707678296738
2009-05-28,30.3461,30.5991,29.8488,30.5032,78,955,28.999423999999998,0.7767709062864732,30.128,29.0480025,0.7788071298469711
2009-05-29,30.5206,30.8871,30.3287,30.8871,78,955,28.9482015,0.7611729844088678,30.5032,28.999423999999998,0.7767709062864732
2009-06-01,31.175,31.8468,31.0703,31.7683,78,955,28.8995595,0.7753534855225203,30.8871,28.9482015,0.7611729844088678
2009-06-02,31.5764,32.0999,31.5066,31.777,78,955,28.850874000000005,0.7623496651280545,31.7683,28.8995595,0.7753534855225203
2009-06-03,31.6549,31.7334,31.3495,31.716,78,955,28.801796999999997,0.7384318319046221,31.777,28.850874000000005,0.7623496651280545
2009-06-04,31.7596,32.0999,31.7072,32.0475,78,955,28.7521605,0.7137367010542918,31.716,28.801796999999997,0.7384318319046221
2009-06-05,32.2482,32.3529,31.777,32.0999,78,955,28.703307999999996,0.7038912224075564,32.0475,28.7521605,0.7137367010542918
2009-06-08,31.873,32.2395,31.5153,31.9864,78,955,28.6564085,0.7053418493784452,32.0999,28.703307999999996,0.7038912224075564
2009-06-09,32.1435,32.4314,31.9952,32.2395,78,955,28.613382,0.6867460029942704,31.9864,28.6564085,0.7053418493784452
2009-06-10,32.4314,32.4314,31.6636,32.1173,78,955,28.5693535,0.6925355742089652,32.2395,28.613382,0.6867460029942704
2009-06-11,32.0737,32.4838,32.065,32.126,78,955,28.526280999999997,0.6729830331940394,32.1173,28.5693535,0.6925355742089652
2009-06-12,31.9952,32.0379,31.5851,31.9952,78,955,28.479860000000002,0.6635485308230364,32.126,28.526280999999997,0.6729830331940394
2009-06-15,31.6549,31.6985,31.0441,31.3233,78,955,28.434165000000004,0.6840879214785339,31.9952,28.479860000000002,0.6635485308230364
2009-06-16,31.4629,31.5764,30.9918,31.0092,78,955,28.387421,0.6769816413729243,31.3233,28.434165000000004,0.6840879214785339
2009-06-17,31.1227,31.5938,30.9307,31.2972,78,955,28.340726500000002,0.6759900955605725,31.0092,28.387421,0.6769816413729243
2009-06-18,31.2623,31.4629,31.0354,31.2535,78,955,28.292291999999996,0.6582408030205318,31.2972,28.340726500000002,0.6759900955605725
2009-06-19,31.4837,31.7632,31.3702,31.5711,78,955,28.2496615,0.6476307456619225,31.2535,28.292291999999996,0.6582408030205318
2009-06-22,31.274,31.3527,30.5926,30.6451,78,955,28.204965,0.6712642638289281,31.5711,28.2496615,0.6476307456619225
2009-06-23,30.7499,30.8023,30.3743,30.5926,78,955,28.1618315,0.6538882449840044,30.6451,28.204965,0.6712642638289281
2009-06-24,30.8373,31.3352,30.8198,31.0819,78,955,28.127446499999998,0.6602247989137183,30.5926,28.1618315,0.6538882449840044
2009-06-25,30.9071,31.7632,30.8198,31.7108,78,955,28.0969445,0.6804515989913099,31.0819,28.127446499999998,0.6602247989137183
2009-06-26,31.5623,31.8855,31.4924,31.7807,78,955,28.067314999999997,0.659926484777645,31.7108,28.0969445,0.6804515989913099
2009-06-29,31.8331,32.1039,31.5536,31.8419,78,955,28.0423365,0.6520960215792421,31.7807,28.067314999999997,0.659926484777645
2009-06-30,31.9292,32.0865,31.5448,31.7632,78,955,28.015408500000003,0.6442105914664392,31.8419,28.0423365,0.6520960215792421
2009-07-01,31.9205,32.1826,31.7894,31.8069,78,955,27.9846485,0.6281526920759792,31.7632,28.015408500000003,0.6442105914664392
2009-07-02,31.5274,31.5361,31.012,31.0906,78,955,27.951002000000003,0.6400632140705521,31.8069,27.9846485,0.6281526920759792
2009-07-06,30.9071,31.0469,30.6101,30.9508,78,955,27.922828,0.6286658416369412,31.0906,27.951002000000003,0.6400632140705521
2009-07-07,30.9421,31.0032,30.1471,30.1821,78,955,27.889507,0.6449111386628741,30.9508,27.922828,0.6286658416369412
2009-07-08,30.3393,30.4616,29.9637,30.3306,78,955,27.8663595,0.6344103430440975,30.1821,27.889507,0.6449111386628741
2009-07-09,30.4354,30.5839,30.2694,30.3743,78,955,27.837736999999997,0.6115596042552333,30.3306,27.8663595,0.6344103430440975
2009-07-10,30.2782,30.6975,30.1931,30.5053,78,955,27.803824000000006,0.6039053468084309,30.3743,27.837736999999997,0.6115596042552333
2009-07-13,30.5315,31.0993,30.1209,31.0819,78,955,27.7813175,0.630654964893543,30.5053,27.803824000000006,0.6039053468084309
2009-07-14,31.0294,31.2653,30.9246,31.2129,78,955,27.7609015,0.6099438959725755,31.0819,27.7813175,0.630654964893543
2009-07-15,31.7196,32.2612,31.5711,32.2262,78,955,27.7441165,0.6412550462602488,31.2129,27.7609015,0.6099438959725755
2009-07-16,32.0952,32.7067,32.0777,32.6281,78,955,27.726862500000003,0.640379685813088,32.2262,27.7441165,0.6412550462602488
2009-07-17,32.6368,32.8203,32.4708,32.8028,78,955,27.711873500000003,0.6196025653978678,32.6281,27.726862500000003,0.640379685813088
2009-07-20,32.9688,33.1959,32.8552,33.1348,78,955,27.714679,0.6034238107265919,32.8028,27.711873500000003,0.6196025653978678
2009-07-21,33.2571,33.3532,32.8814,33.3444,78,955,27.711096,0.5940221099604069,33.1348,27.714679,0.6034238107265919
2009-07-22,33.3706,33.7987,33.3095,33.6244,78,955,27.7118265,0.5865348163918063,33.3444,27.711096,0.5940221099604069
2009-07-23,33.589,34.4975,33.5366,34.3752,78,955,27.724183000000004,0.6132751866495346,33.6244,27.7118265,0.5865348163918063
2009-07-24,34.0083,34.3927,33.8772,34.3752,78,955,27.7387575,0.6062912447459962,34.3752,27.724183000000004,0.6132751866495346
2009-07-27,34.3228,34.4277,33.9559,34.3665,78,955,27.758854999999997,0.5966847272641395,34.3752,27.7387575,0.6062912447459962
2009-07-28,34.218,34.5849,34.0083,34.4801,78,955,27.788566499999998,0.5952501038881295,34.3665,27.758854999999997,0.5966847272641395
2009-07-29,34.3403,34.4451,34.0695,34.3752,78,955,27.818362,0.5820608107532633,34.4801,27.788566499999998,0.5952501038881295
2009-07-30,34.7159,35.1003,34.515,34.5674,78,955,27.8540765,0.5922778956994587,34.3752,27.818362,0.5820608107532633
2009-07-31,34.5587,34.8139,34.4277,34.4539,78,955,27.890267000000005,0.57755804600664,34.5674,27.8540765,0.5922778956994587
2009-08-03,34.8208,34.9955,34.6286,34.978,78,955,27.912334499999996,0.5749896141490229,34.4539,27.890267000000005,0.57755804600664
2009-08-04,34.8208,35.109,34.7421,34.9693,78,955,27.941143,0.5601260702812357,34.978,27.912334499999996,0.5749896141490229
2009-08-05,35.0566,35.0654,34.4713,34.7072,78,955,27.981558,0.5625527795468617,34.9693,27.941143,0.5601260702812357
2009-08-06,34.7596,34.8819,34.2791,34.4189,78,955,28.013442,0.5654275810078003,34.7072,27.981558,0.5625527795468617
2009-08-07,34.8732,35.0042,34.5849,34.8295,78,955,28.047335500000003,0.5668470395072429,34.4189,28.013442,0.5654275810078003
2009-08-10,34.7072,34.812,34.3665,34.5936,78,955,28.075700499999996,0.5594293938281543,34.8295,28.047335500000003,0.5668470395072429
2009-08-11,34.4277,34.5063,34.1132,34.2879,78,955,28.1101045,0.5537844371261436,34.5936,28.075700499999996,0.5594293938281543
2009-08-12,34.2529,35.1352,34.2442,34.8295,78,955,28.151086999999997,0.5778712630457046,34.2879,28.1101045,0.5537844371261436
2009-08-13,35.0304,35.0828,34.6286,35.0217,78,955,28.1935525,0.5690376013995828,34.8295,28.151086999999997,0.5778712630457046
2009-08-14,34.847,34.9081,34.3141,34.6198,78,955,28.238227000000002,0.5789349155853268,35.0217,28.1935525,0.5690376013995828
2009-08-17,34.0433,34.0782,33.5978,33.6152,78,955,28.281488,0.6105824216149462,34.6198,28.238227000000002,0.5789349155853268
2009-08-18,33.8249,34.9256,33.7288,34.087,78,955,28.3133655,0.660569391499593,33.6152,28.281488,0.6105824216149462
2009-08-19,33.7113,34.4189,33.6676,34.3316,78,955,28.346552499999998,0.6670501492496221,34.087,28.3133655,0.660569391499593
2009-08-20,34.3141,34.8033,34.2442,34.7247,78,955,28.377487000000002,0.6593394243032206,34.3316,28.346552499999998,0.6670501492496221
2009-08-21,34.9518,35.2575,34.7159,35.1877,78,955,28.410519,0.6509294654244193,34.7247,28.377487000000002,0.6593394243032206
2009-08-24,35.2575,35.441,35.0304,35.1527,78,955,28.4435065,0.6337630750369609,35.1877,28.410519,0.6509294654244193
2009-08-25,35.2401,35.607,35.1615,35.2575,78,955,28.472364499999998,0.620944283962892,35.1527,28.4435065,0.6337630750369609
2009-08-26,35.1964,35.4681,35.0129,35.2226,78,955,28.509398,0.6091054065369711,35.2575,28.472364499999998,0.620944283962892
2009-08-27,35.2226,35.3536,34.6548,35.2925,78,955,28.552869499999996,0.6155121632129016,35.2226,28.509398,0.6091054065369711
2009-08-28,35.7118,35.8865,35.0828,35.3274,78,955,28.593645000000002,0.6289541515548371,35.2925,28.552869499999996,0.6155121632129016
2009-08-31,35.0828,35.1178,34.7596,34.9693,78,955,28.634674,0.6245859978723487,35.3274,28.593645000000002,0.6289541515548371
2009-09-01,34.8295,35.4585,34.2093,34.3053,78,955,28.675166499999996,0.6692012837386097,34.9693,28.634674,0.6245859978723487
2009-09-02,34.1481,34.4801,34.1044,34.2879,78,955,28.721617000000002,0.6482369063287091,34.3053,28.675166499999996,0.6692012837386097
2009-09-03,34.4539,34.5676,34.087,34.5325,78,955,28.761680000000002,0.6362628415909439,34.2879,28.721617000000002,0.6482369063287091
2009-09-04,34.5849,35.275,34.5237,35.2401,78,955,28.811891,0.6444797814773051,34.5325,28.761680000000002,0.6362628415909439
2009-09-08,35.5109,35.6244,35.3449,35.5895,78,955,28.866328,0.6258955113717836,35.2401,28.811891,0.6444797814773051
2009-09-09,35.607,36.07,35.4585,35.8953,78,955,28.922555000000003,0.6248672605595132,35.5895,28.866328,0.6258955113717836
2009-09-10,35.9127,36.2796,35.8166,36.2272,78,955,28.987052,0.6133053133766909,35.8953,28.922555000000003,0.6248672605595132
2009-09-11,36.2622,36.3583,36.0088,36.2622,78,955,29.057116499999996,0.5944620767069273,36.2272,28.987052,0.6133053133766909
2009-09-14,36.0176,36.4369,36.0001,36.4107,78,955,29.12314,0.5832004997992896,36.2622,29.057116499999996,0.5944620767069273
2009-09-15,36.3932,36.6465,36.3146,36.5242,78,955,29.182685499999998,0.5652504640993407,36.4107,29.12314,0.5832004997992896
2009-09-16,36.6815,37.1095,36.5504,37.0484,78,955,29.245591499999996,0.5666825738065304,36.5242,29.182685499999998,0.5652504640993407
2009-09-17,36.9698,37.2668,36.8737,37.0484,78,955,29.303191500000004,0.5542838185346357,37.0484,29.245591499999996,0.5666825738065304
2009-09-18,37.2151,37.2676,36.9091,37.1102,78,955,29.371624999999998,0.540299260067876,37.0484,29.303191500000004,0.5542838185346357
2009-09-21,36.9178,37.3375,36.8654,37.2326,78,955,29.436669499999997,0.5354278843487418,37.1102,29.371624999999998,0.540299260067876
2009-09-22,37.4425,37.4512,37.11,37.2938,78,955,29.498758499999997,0.5215544640381174,37.2326,29.436669499999997,0.5354278843487418
2009-09-23,37.4512,37.7485,37.0551,37.0927,78,955,29.563277499999998,0.5338291451782518,37.2938,29.498758499999997,0.5215544640381174
2009-09-24,37.2588,37.3288,36.5243,36.7954,78,955,29.6213955,0.5531627776655198,37.0927,29.563277499999998,0.5338291451782518
2009-09-25,36.5243,36.8041,36.3582,36.4631,78,955,29.672942,0.5455011506894114,36.7954,29.6213955,0.5531627776655198
2009-09-28,36.6555,37.3026,36.6293,37.0927,78,955,29.727937,0.5665010684973107,36.4631,29.672942,0.5455011506894114
2009-09-29,37.084,37.2677,36.7517,36.9353,78,955,29.782492500000004,0.5628938493189313,37.0927,29.727937,0.5665010684973107
2009-09-30,37.0665,37.2522,36.3757,36.9266,78,955,29.840657999999998,0.5852942886532934,36.9353,29.782492500000004,0.5628938493189313
2009-10-01,36.8216,36.8391,35.851,35.851,78,955,29.8908795,0.6203161251780582,36.9266,29.840657999999998,0.5852942886532934
2009-10-02,35.6062,36.0696,35.6062,35.7548,78,955,29.9427945,0.6091078305224826,35.851,29.8908795,0.6203161251780582
2009-10-05,35.921,36.2008,35.7024,36.0259,78,955,29.99002,0.6012001283423056,35.7548,29.9427945,0.6091078305224826
2009-10-06,36.227,36.8479,36.2183,36.673,78,955,30.042089999999998,0.6169715477464269,36.0259,29.99002,0.6012001283423056
2009-10-07,36.6293,36.7954,36.5243,36.7779,78,955,30.096859,0.5922664371931111,36.673,30.042089999999998,0.6169715477464269
2009-10-08,36.9965,37.2676,36.8479,36.9266,78,955,30.151355999999996,0.5849402631078889,36.7779,30.096859,0.5922664371931111
2009-10-09,36.8566,37.2064,36.7779,37.1277,78,955,30.209559,0.5737659586001825,36.9266,30.151355999999996,0.5849402631078889
2009-10-12,37.2938,37.4862,36.9703,37.2151,78,955,30.268983,0.5696326758430262,37.1277,30.209559,0.5737659586001825
2009-10-13,37.1976,37.3813,37.049,37.2393,78,955,30.328266499999998,0.5526803418542389,37.2151,30.268983,0.5696326758430262
2009-10-14,37.6873,37.8561,37.4687,37.7398,78,955,30.391446000000002,0.5572603174360788,37.2393,30.328266499999998,0.5526803418542389
2009-10-15,37.5387,37.7048,37.4862,37.6698,78,955,30.4514445,0.5355702947620736,37.7398,30.391446000000002,0.5572603174360788
2009-10-16,37.5299,37.5911,37.1452,37.4075,78,955,30.508956,0.5347867022790683,37.6698,30.4514445,0.5355702947620736
2009-10-19,37.4337,37.836,37.2414,37.7835,78,955,30.5627725,0.5390590806877064,37.4075,30.508956,0.5347867022790683
2009-10-20,37.9934,38.0021,37.5474,37.7922,78,955,30.616676,0.5330334320671556,37.7835,30.5627725,0.5390590806877064
2009-10-21,37.7747,38.3169,37.6523,37.731,78,955,30.668967000000002,0.5424310440623588,37.7922,30.616676,0.5330334320671556
2009-10-22,37.6698,38.0283,37.4162,37.8884,78,955,30.725834,0.5474073980579045,37.731,30.668967000000002,0.5424310440623588
2009-10-23,38.2032,38.2382,37.6174,37.7135,78,955,30.780389,0.5526497267680539,37.8884,30.725834,0.5474073980579045
2009-10-26,37.7485,38.2644,37.4162,37.5824,78,955,30.837294,0.5737604605703356,37.7135,30.780389,0.5526497267680539
2009-10-27,37.5474,37.6961,36.8828,37.0315,78,955,30.8938835,0.5908704276724545,37.5824,30.837294,0.5737604605703356
2009-10-28,36.8916,37.0053,36.1134,36.2008,78,955,30.9462325,0.6142439685529936,37.0315,30.8938835,0.5908704276724545
2009-10-29,36.4456,36.8916,36.3232,36.7954,78,955,31.005387,0.6197122565134937,36.2008,30.9462325,0.6142439685529936
2009-10-30,36.7779,36.8566,35.7811,35.8248,78,955,31.057772,0.6522685239053869,36.7954,31.005387,0.6197122565134937
2009-11-02,35.8598,36.3495,35.5362,35.9647,78,955,31.109419499999998,0.6637707721978592,35.8248,31.057772,0.6522685239053869
2009-11-03,35.8248,36.1308,35.7111,36.0784,78,955,31.167820000000003,0.6463371456122977,35.9647,31.109419499999998,0.6637707721978592
2009-11-04,36.297,36.6118,36.0959,36.1308,78,955,31.221561,0.6382702066399908,36.0784,31.167820000000003,0.6463371456122977
2009-11-05,36.5506,37.0752,36.5331,37.0315,78,955,31.281417,0.6601366204514202,36.1308,31.221561,0.6382702066399908
2009-11-06,36.8654,37.2938,36.7954,37.2414,78,955,31.3418,0.64858400470489,37.0315,31.281417,0.6601366204514202
2009-11-09,37.5299,38.0546,37.4949,38.0458,78,955,31.405246499999997,0.6603422900831123,37.2414,31.3418,0.64858400470489
2009-11-10,37.9934,38.2744,37.9496,38.1333,78,955,31.468042,0.6363749836486046,38.0458,31.405246499999997,0.6603422900831123
2009-11-11,38.4218,38.5967,38.1333,38.379,78,955,31.527754,0.6240196276737042,38.1333,31.468042,0.6363749836486046
2009-11-12,38.4131,38.6142,38.0808,38.1595,78,955,31.589722000000002,0.617546797125582,38.379,31.527754,0.6240196276737042
2009-11-13,38.2819,38.5967,38.1507,38.483,78,955,31.655703,0.6052934544737546,38.1595,31.589722000000002,0.617546797125582
2009-11-16,38.6404,39.0427,38.5792,38.8765,78,955,31.722040000000003,0.6020367791542012,38.483,31.655703,0.6052934544737546
2009-11-17,38.7716,38.9989,38.6929,38.9989,78,955,31.786942,0.5808912949289009,38.8765,31.722040000000003,0.6020367791542012
2009-11-18,38.8765,38.9027,38.518,38.7803,78,955,31.8506205,0.5737490595768364,38.9989,31.786942,0.5808912949289009
2009-11-19,38.5267,38.5442,37.9059,38.1849,78,955,31.9083605,0.5952241267499191,38.7803,31.8506205,0.5737490595768364
2009-11-20,37.9671,38.0808,37.8447,37.9934,78,955,31.961745500000003,0.5770081176963531,38.1849,31.9083605,0.5952241267499191
2009-11-23,38.3606,38.824,38.3519,38.5967,78,955,32.017407,0.5951218235751847,37.9934,31.961745500000003,0.5770081176963531
2009-11-24,38.5967,38.6054,38.2382,38.4655,78,955,32.077638500000006,0.5788416933198147,38.5967,32.017407,0.5951218235751847
2009-11-25,38.5967,38.6667,38.483,38.6229,78,955,32.1391365,0.5518672866541137,38.4655,32.077638500000006,0.5788416933198147
2009-11-30,37.9584,38.142,37.6961,38.0808,78,955,32.196269,0.5786481947502484,38.6229,32.1391365,0.5518672866541137
2009-12-01,38.3694,38.7366,38.3694,38.483,78,955,32.256196,0.5841590379823735,38.0808,32.196269,0.5786481947502484
2009-12-02,38.6142,38.9027,38.4568,38.5442,78,955,32.321524999999994,0.574283392412204,38.483,32.256196,0.5841590379823735
2009-12-03,38.6841,38.9115,38.3694,38.3868,78,955,32.386067,0.5719845786684751,38.5442,32.321524999999994,0.574283392412204
2009-12-04,38.8678,39.1126,38.177,38.5792,78,955,32.453618,0.5979571087635841,38.3868,32.386067,0.5719845786684751
2009-12-07,38.5442,38.7279,38.3169,38.3956,78,955,32.5198155,0.5846030295661854,38.5792,32.453618,0.5979571087635841
2009-12-08,38.1945,38.4743,37.9147,38.1595,78,955,32.5891875,0.5828170988828862,38.3956,32.5198155,0.5846030295661854
2009-12-09,38.1333,38.5792,37.8797,38.5442,78,955,32.656563500000004,0.591151591819823,38.1595,32.5891875,0.5828170988828862
2009-12-10,38.6929,38.9465,38.6841,38.7279,78,955,32.7256855,0.5776621924041216,38.5442,32.656563500000004,0.591151591819823
2009-12-11,38.929,38.9902,38.4306,38.5967,78,955,32.797592,0.5763720358038275,38.7279,32.7256855,0.5776621924041216
2009-12-14,38.8503,38.9989,38.6404,38.9552,78,955,32.8724235,0.5639311761035541,38.5967,32.797592,0.5763720358038275
2009-12-15,38.8328,39.0601,38.6229,38.7366,78,955,32.9502125,0.5548789492390144,38.9552,32.8724235,0.5639311761035541
2009-12-16,38.8853,39.0864,38.7279,38.7891,78,955,33.0282205,0.5408518814362276,38.7366,32.9502125,0.5548789492390144
2009-12-17,38.6229,38.6579,38.2644,38.3256,78,955,33.100862,0.539698175619354,38.7891,33.0282205,0.5408518814362276
2009-12-18,38.6728,38.9619,38.5414,38.9444,78,955,33.180121,0.5465983059322571,38.3256,33.100862,0.539698175619354
2009-12-21,39.1283,39.5312,39.1283,39.3911,78,955,33.2626195,0.5494698555085242,38.9444,33.180121,0.5465983059322571
2009-12-22,39.4787,39.6714,39.4437,39.6101,78,955,33.348651999999994,0.5302434372579151,39.3911,33.2626195,0.5494698555085242
2009-12-23,39.6977,39.9167,39.6013,39.9079,78,955,33.429204999999996,0.5148974774537781,39.6101,33.348651999999994,0.5302434372579151
2009-12-28,40.3634,40.5561,40.2408,40.4773,78,955,33.510824,0.5244190862070799,39.9079,33.429204999999996,0.5148974774537781
2009-12-29,40.4948,40.5123,40.2846,40.3196,78,955,33.587556,0.5032248657637175,40.4773,33.510824,0.5244190862070799
2009-12-30,40.2933,40.5211,40.2583,40.4422,78,955,33.664508999999995,0.48605166106630904,40.3196,33.587556,0.5032248657637175
2009-12-31,40.5123,40.5342,40.0743,40.0831,78,955,33.741931,0.48418368527585826,40.4422,33.664508999999995,0.48605166106630904
2010-01-04,40.5736,40.7181,40.5298,40.6341,78,955,33.817404499999995,0.4949562791847254,40.0831,33.741931,0.48418368527585826
2010-01-05,40.6262,40.7313,40.4335,40.6612,78,955,33.8913585,0.48087368781438755,40.6341,33.817404499999995,0.4949562791847254
2010-01-06,40.6349,40.7751,40.3546,40.451,78,955,33.9642615,0.47656128154193156,40.6612,33.8913585,0.48087368781438755
2010-01-07,40.4685,40.5298,40.2232,40.4422,78,955,34.0391725,0.46442119000322235,40.451,33.9642615,0.47656128154193156
2010-01-08,40.3284,40.7751,40.232,40.7751,78,955,34.1080695,0.47004110500299234,40.4422,34.0391725,0.46442119000322235
2010-01-11,40.8189,40.8539,40.3984,40.6174,78,955,34.1788395,0.46900245464563584,40.7751,34.1080695,0.47004110500299234
2010-01-12,40.3634,40.4159,39.8816,40.1006,78,955,34.2464145,0.4880594221709479,40.6174,34.1788395,0.46900245464563584
2010-01-13,40.232,40.7225,39.9517,40.6087,78,955,34.312298500000004,0.5082551777301655,40.1006,34.2464145,0.4880594221709479
2010-01-14,40.5211,40.7488,40.486,40.6262,78,955,34.3811055,0.4907226650351541,40.6087,34.312298500000004,0.5082551777301655
2010-01-15,40.6963,40.7751,39.9867,40.1786,78,955,34.450990000000004,0.5119853318183576,40.6262,34.3811055,0.4907226650351541
2010-01-19,40.2495,40.8539,40.2495,40.8014,78,955,34.52268,0.5236506652599036,40.1786,34.450990000000004,0.5119853318183576
2010-01-20,40.5298,40.5386,39.794,40.2232,78,955,34.5895155,0.5582041891699108,40.8014,34.52268,0.5236506652599036
2010-01-21,40.3459,40.5999,39.6802,39.8466,78,955,34.650193,0.5840253185149171,40.2232,34.5895155,0.5582041891699108
2010-01-22,39.7152,39.8378,38.5765,38.6816,78,955,34.7024715,0.6330306529067087,39.8466,34.650193,0.5840253185149171
2010-01-25,38.8831,39.067,38.6465,38.8042,78,955,34.755711999999995,0.6178498919848007,38.6816,34.7024715,0.6330306529067087
2010-01-26,38.7867,39.321,38.5852,38.8393,78,955,34.812923500000004,0.6262748997001718,38.8042,34.755711999999995,0.6178498919848007
2010-01-27,38.7955,39.286,38.5502,39.1458,78,955,34.8692245,0.6340981211501598,38.8393,34.812923500000004,0.6262748997001718
2010-01-28,38.8831,38.9181,37.9458,38.1473,78,955,34.9162575,0.6745196839251486,39.1458,34.8692245,0.6340981211501598
2010-01-29,38.4538,38.559,37.3414,37.4903,78,955,34.9602675,0.7133111350733521,38.1473,34.9162575,0.6745196839251486
2010-02-01,37.5867,37.9114,37.5604,37.8845,78,955,35.0079495,0.6924389111395415,37.4903,34.9602675,0.7133111350733521
2010-02-02,37.937,38.3487,37.6918,38.2349,78,955,35.0577765,0.689900417486717,37.8845,35.0079495,0.6924389111395415
2010-02-03,38.0597,38.5152,38.0334,38.4451,78,955,35.1050335,0.6750361019519516,38.2349,35.0577765,0.689900417486717
2010-02-04,38.1648,38.2436,37.3326,37.3589,78,955,35.1465105,0.7062835232410978,38.4451,35.1050335,0.6750361019519516
2010-02-05,37.4553,37.683,36.8947,37.6042,78,955,35.1939255,0.7121418430095907,37.3589,35.1465105,0.7062835232410978
2010-02-08,37.6042,37.8232,37.3502,37.3677,78,955,35.238150999999995,0.6950602827946198,37.6042,35.1939255,0.7121418430095907
2010-02-09,37.8056,38.1122,37.4553,37.7706,78,955,35.2838675,0.6985916911664329,37.3677,35.238150999999995,0.6950602827946198
2010-02-10,37.7531,37.937,37.4465,37.683,78,955,35.327749999999995,0.6837279989402589,37.7706,35.2838675,0.6985916911664329
2010-02-11,37.6743,38.3575,37.4553,38.2436,78,955,35.371862,0.6993331418730976,37.683,35.327749999999995,0.6837279989402589
2010-02-12,37.902,38.4363,37.8056,38.3487,78,955,35.416543000000004,0.6944307745964482,38.2436,35.371862,0.6993331418730976
2010-02-16,38.6028,38.848,38.41,38.813,78,955,35.464549000000005,0.6804928621252733,38.3487,35.416543000000004,0.6944307745964482
2010-02-17,38.9794,39.0407,38.7692,39.0407,78,955,35.511686499999996,0.6512790862591825,38.813,35.464549000000005,0.6804928621252733
2010-02-18,39.0144,39.3561,38.9356,39.2947,78,955,35.558567,0.6347948658120979,39.0407,35.511686499999996,0.6512790862591825
2010-02-19,39.2072,39.4612,39.0845,39.2772,78,955,35.605098500000004,0.6163595182540909,39.2947,35.558567,0.6347948658120979
2010-02-22,39.4261,39.4437,39.032,39.1896,78,955,35.648007,0.6017409812359418,39.2772,35.605098500000004,0.6163595182540909
2010-02-23,39.1458,39.1896,38.4976,38.6728,78,955,35.6885935,0.6081880540048031,39.1896,35.648007,0.6017409812359418
2010-02-24,38.9005,39.2334,38.8217,39.067,78,955,35.7311075,0.6047889072901744,38.6728,35.6885935,0.6081880540048031
2010-02-25,38.6378,39.1546,38.3925,39.0933,78,955,35.777460999999995,0.6160254139123051,39.067,35.7311075,0.6047889072901744
2010-02-26,39.067,39.2947,38.8918,39.2159,78,955,35.824035,0.6008021700614259,39.0933,35.777460999999995,0.6160254139123051
2010-03-01,39.3736,39.8466,39.3736,39.7765,78,955,35.873019,0.602937729342753,39.2159,35.824035,0.6008021700614259
2010-03-02,39.8904,40.1619,39.8116,39.8904,78,955,35.924448500000004,0.5873993201039852,39.7765,35.873019,0.602937729342753
2010-03-03,39.9955,40.1356,39.794,39.9342,78,955,35.9801105,0.5698422258108434,39.8904,35.924448500000004,0.5873993201039852
2010-03-04,39.978,40.1269,39.7678,40.0743,78,955,36.0348155,0.5547892096814974,39.9342,35.9801105,0.5698422258108434
2010-03-05,40.3809,40.74,40.2846,40.6875,78,955,36.0927175,0.562711408989962,40.0743,36.0348155,0.5547892096814974
2010-03-08,40.6963,40.8539,40.6787,40.7576,78,955,36.147130499999996,0.5350320226335364,40.6875,36.0927175,0.562711408989962
2010-03-09,40.6437,41.2131,40.6437,40.9887,78,955,36.2020885,0.537486878159712,40.7576,36.147130499999996,0.5350320226335364
2010-03-10,40.9941,41.4145,40.9941,41.3182,78,955,36.259086499999995,0.5295092440054465,40.9887,36.2020885,0.537486878159712
2010-03-11,41.2306,41.4758,41.1517,41.4662,78,955,36.3195295,0.5148371551479147,41.3182,36.259086499999995,0.5295092440054465
2010-03-12,41.6072,41.6335,41.2569,41.4846,78,955,36.380500500000004,0.5049630726373492,41.4662,36.3195295,0.5148371551479147
2010-03-15,41.3882,41.5021,41.0904,41.3882,78,955,36.4356715,0.49830142459182397,41.4846,36.380500500000004,0.5049630726373492
2010-03-16,41.5109,41.7036,41.3707,41.6423,78,955,36.493243,0.48648703712097957,41.3882,36.4356715,0.49830142459182397
2010-03-17,41.6948,41.9576,41.6335,41.7474,78,955,36.549464,0.47488796304090974,41.6423,36.493243,0.48648703712097957
2010-03-18,41.7999,41.9401,41.6948,41.8875,78,955,36.604466,0.4584888228237019,41.7474,36.549464,0.47488796304090974
2010-03-19,42.0469,42.0469,41.4945,41.6435,78,955,36.653842,0.46519676405058025,41.8875,36.604466,0.4584888228237019
2010-03-22,41.4857,42.1872,41.4331,42.0118,78,955,36.705016,0.48583270947553836,41.6435,36.653842,0.46519676405058025
2010-03-23,42.0908,42.3538,41.8891,42.3188,78,955,36.758030000000005,0.4843232302272857,42.0118,36.705016,0.48583270947553836
2010-03-24,42.2135,42.2398,42.0118,42.1083,78,955,36.808334,0.47165728521105116,42.3188,36.758030000000005,0.4843232302272857
2010-03-25,42.4591,42.6169,42.0031,42.0381,78,955,36.858025000000005,0.4818103362674045,42.1083,36.808334,0.47165728521105116
2010-03-26,42.2135,42.3801,41.8628,42.0995,78,955,36.9085905,0.4843453122483041,42.0381,36.858025000000005,0.4818103362674045
2010-03-29,42.2924,42.4415,42.1785,42.2925,78,955,36.9588555,0.47417778994485377,42.0995,36.9085905,0.4843453122483041
2010-03-30,42.4064,42.5731,42.1434,42.424,78,955,37.010389,0.47100080494879254,42.2925,36.9588555,0.47417778994485377
2010-03-31,42.2924,42.4854,42.1521,42.2486,78,955,37.061002,0.46116503316673607,42.424,37.010389,0.47100080494879254
2010-04-01,42.3889,42.7046,41.9066,42.2398,78,955,37.112224999999995,0.48522467365482647,42.2486,37.061002,0.46116503316673607
2010-04-05,42.3188,42.7221,42.2135,42.6344,78,955,37.1687805,0.48689433982233843,42.2398,37.112224999999995,0.48522467365482647
2010-04-06,42.5204,42.88,42.4327,42.7397,78,955,37.227433,0.4840661726921718,42.6344,37.1687805,0.48689433982233843
2010-04-07,42.6958,42.8537,42.4152,42.652,78,955,37.284207,0.4808114460713027,42.7397,37.227433,0.4840661726921718
2010-04-08,42.5292,42.8098,42.3012,42.7134,78,955,37.3415065,0.48279634278049544,42.652,37.284207,0.4808114460713027
2010-04-09,42.766,43.0115,42.6476,42.9852,78,955,37.398577,0.47430374686760296,42.7134,37.3415065,0.48279634278049544
2010-04-12,43.0203,43.143,42.915,43.029,78,955,37.4604965,0.4567106220913457,42.9852,37.398577,0.47430374686760296
2010-04-13,42.9852,43.2746,42.8449,43.2307,78,955,37.523687,0.45478129194196365,43.029,37.4604965,0.4567106220913457
2010-04-14,43.4675,43.7744,43.4061,43.7569,78,955,37.587062,0.4611326282318235,43.2307,37.523687,0.45478129194196365
2010-04-15,43.7393,44.0112,43.7305,43.9585,78,955,37.6483005,0.44824458335812206,43.7569,37.587062,0.4611326282318235
2010-04-16,43.8007,43.9498,43.143,43.4324,78,955,37.706559,0.47447711311825624,43.9585,37.6483005,0.44824458335812206
2010-04-19,43.2833,43.5464,42.88,43.4083,78,955,37.764391,0.4881858907526662,43.4324,37.706559,0.47447711311825624
2010-04-20,43.6297,43.7393,43.3447,43.6253,78,955,37.8237015,0.4815011842703327,43.4083,37.764391,0.4881858907526662
2010-04-21,43.9235,44.0112,43.6034,43.8708,78,955,37.884021000000004,0.4762368139653091,43.6253,37.8237015,0.4815011842703327
2010-04-22,43.4587,44.1602,43.1956,44.0988,78,955,37.949062,0.5111198986820731,43.8708,37.884021000000004,0.4762368139653091
2010-04-23,44.1076,44.3444,43.9235,44.2918,78,955,38.015767000000004,0.5046756202047824,44.0988,37.949062,0.5111198986820731
2010-04-26,44.3093,44.4145,44.1076,44.1865,78,955,38.085789,0.490548790190155,44.2918,38.015767000000004,0.5046756202047824
2010-04-27,44.0287,44.2216,43.1518,43.2921,78,955,38.1505965,0.531923876605144,44.1865,38.085789,0.490548790190155
2010-04-28,43.4938,43.5201,42.9501,43.3017,78,955,38.2152335,0.5346435997047766,43.2921,38.1505965,0.531923876605144
2010-04-29,43.5026,44.1339,43.5026,44.0462,78,955,38.282938,0.5558976282972926,43.3017,38.2152335,0.5346435997047766
2010-04-30,44.0287,44.0988,43.143,43.1781,78,955,38.343419000000004,0.5844620834189144,44.0462,38.282938,0.5558976282972926
2010-05-03,43.3359,43.9936,43.3359,43.7832,78,955,38.4062705,0.6009647917461348,43.1781,38.343419000000004,0.5844620834189144
2010-05-04,43.2395,43.2483,42.1609,42.4678,78,955,38.4574785,0.6739173066214111,43.7832,38.4062705,0.6009647917461348
2010-05-05,42.0732,42.5292,41.7751,42.2574,78,955,38.505625,0.679644641862739,42.4678,38.4574785,0.6739173066214111
2010-05-06,41.9592,42.3715,36.4348,40.8456,78,955,38.545838999999994,1.0551485960154001,42.2574,38.505625,0.679644641862739
2010-05-07,40.5299,41.0385,38.8316,39.881,78,955,38.57957,1.1374165534428715,40.8456,38.545838999999994,1.0551485960154001
2010-05-10,41.5822,41.9154,41.4857,41.8803,78,955,38.622249499999995,1.2014867996255234,39.881,38.57957,1.1374165534428715
2010-05-11,41.4857,42.4327,41.3892,41.8365,78,955,38.66331,1.1902020282237,41.8803,38.622249499999995,1.2014867996255234
2010-05-12,42.0732,42.6695,42.0031,42.6257,78,955,38.704562499999994,1.1646875976362927,41.8365,38.66331,1.1902020282237
2010-05-13,42.4591,42.7835,41.8541,41.9505,78,955,38.742439,1.1478813406622714,42.6257,38.704562499999994,1.1646875976362927
2010-05-14,41.6435,41.6699,40.6702,41.1613,78,955,38.776413000000005,1.1573398163292519,41.9505,38.742439,1.1478813406622714
2010-05-17,41.2489,41.4506,40.3984,41.3103,78,955,38.81056400000001,1.149829829448591,41.1613,38.776413000000005,1.1573398163292519
2010-05-18,41.626,41.7225,40.5299,40.714,78,955,38.842258,1.1528848416308344,41.3103,38.81056400000001,1.149829829448591
2010-05-19,40.565,40.8894,39.9424,40.3984,78,955,38.871413000000004,1.1381787815143465,40.714,38.842258,1.1528848416308344
2010-05-20,39.6092,39.7056,38.8024,38.8638,78,955,38.8934625,1.170880297120465,40.3984,38.871413000000004,1.1381787815143465
2010-05-21,38.2675,39.6092,38.136,39.3286,78,955,38.9152155,1.1924745616118602,38.8638,38.8934625,1.170880297120465
2010-05-24,39.2935,39.7451,39.1444,39.1619,78,955,38.936178500000004,1.1502049500681562,39.3286,38.9152155,1.1924745616118602
2010-05-25,38.3026,39.2496,37.908,39.2058,78,955,38.9586715,1.1638760250632878,39.1619,38.936178500000004,1.1502049500681562
2010-05-26,39.3987,39.9599,38.6884,38.7761,78,955,38.9804575,1.1715634518444813,39.2058,38.9586715,1.1638760250632878
2010-05-27,39.653,40.2405,39.539,40.223,78,955,39.007425,1.192480348141304,38.7761,38.9804575,1.1715634518444813
2010-05-28,40.2844,40.3282,39.6355,39.995,78,955,39.034432,1.1567817518454966,40.223,39.007425,1.192480348141304
2010-06-01,39.8547,40.5562,39.5741,39.6179,78,955,39.061082,1.1443044838565324,39.995,39.034432,1.1567817518454966
2010-06-02,39.8547,40.5825,39.5741,40.565,78,955,39.0897595,1.134597020723923,39.6179,39.061082,1.1443044838565324
2010-06-03,40.6614,41.0122,40.4071,40.9245,78,955,39.1192735,1.0967758049579286,40.565,39.0897595,1.134597020723923
2010-06-04,40.0827,40.5913,39.4053,39.5653,78,955,39.144000999999996,1.1269489617466484,40.9245,39.1192735,1.0967758049579286
2010-06-07,39.767,39.8635,38.7761,38.8287,78,955,39.1700685,1.1241240359076023,39.5653,39.144000999999996,1.1269489617466484
2010-06-08,38.9076,39.0041,38.2237,38.7586,78,955,39.1934265,1.0995723190570592,38.8287,39.1700685,1.1241240359076023
2010-06-09,39.0041,39.3812,38.3114,38.4341,78,955,39.213939,1.097445724838698,38.7586,39.1934265,1.0995723190570592
2010-06-10,38.934,39.5653,38.7937,39.5302,78,955,39.2379665,1.0998567444930767,38.4341,39.213939,1.097445724838698
2010-06-11,39.1356,39.9336,39.1181,39.881,78,955,39.261433000000004,1.0795455484578569,39.5302,39.2379665,1.0998567444930767
2010-06-14,40.2493,40.5474,39.8196,39.881,78,955,39.28507449999999,1.054420866425153,39.881,39.261433000000004,1.0795455484578569
2010-06-15,40.0915,41.0122,39.8575,40.9526,78,955,39.31355,1.0615836616804992,39.881,39.28507449999999,1.054420866425153
2010-06-16,40.8368,41.3366,40.7754,41.1437,78,955,39.343155499999995,1.0258419715604636,40.9526,39.31355,1.0615836616804992
2010-06-17,41.3542,41.3717,40.8982,41.2577,78,955,39.3729815,0.9863889735918586,41.1437,39.343155499999995,1.0258419715604636
2010-06-18,41.3537,41.5909,41.1692,41.3097,78,955,39.402893,0.9460540469067259,41.2577,39.3729815,0.9863889735918586
2010-06-21,41.8193,41.8896,40.7035,40.9408,78,955,39.432750500000004,0.9632001864133887,41.3097,39.402893,0.9460540469067259
2010-06-22,41.1077,41.4152,40.5454,40.6245,78,955,39.464346500000005,0.956528744526718,40.9408,39.432750500000004,0.9632001864133887
2010-06-23,40.6684,40.8265,40.1413,40.4663,78,955,39.4952385,0.9371481199176669,40.6245,39.464346500000005,0.956528744526718
2010-06-24,40.2731,40.4048,39.7108,39.8338,78,955,39.521745,0.924173254209262,40.4663,39.4952385,0.9371481199176669
2010-06-25,39.9831,40.1149,39.4911,39.7635,78,955,39.544362,0.902718021765743,39.8338,39.521745,0.924173254209262
2010-06-28,39.7898,40.0183,39.3681,39.6317,78,955,39.564573,0.8846810202110476,39.7635,39.544362,0.902718021765743
2010-06-29,39.0255,39.0606,37.8394,38.1294,78,955,39.5757435,0.9495109473388301,39.6317,39.564573,0.8846810202110476
2010-06-30,38.0064,38.3666,37.4617,37.5495,78,955,39.582355,0.9463244511003421,38.1294,39.5757435,0.9495109473388301
2010-07-01,37.6198,37.7428,36.6973,37.409,78,955,39.588089,0.9534084188788894,37.5495,39.582355,0.9463244511003421
2010-07-02,37.488,37.6211,36.9785,37.3123,78,955,39.592597,0.9312078175303975,37.409,39.588089,0.9534084188788894
2010-07-06,37.857,38.103,37.119,37.4265,78,955,39.5971085,0.9349786877067978,37.3123,39.592597,0.9312078175303975
2010-07-07,37.5495,38.6653,37.5144,38.6214,78,955,39.6049735,0.9566802100134555,37.4265,39.5971085,0.9349786877067978
2010-07-08,38.9201,38.9904,38.3754,38.8146,78,955,39.6138045,0.9322744807267802,38.6214,39.6049735,0.9566802100134555
2010-07-09,38.8146,39.21,38.7268,39.1836,78,955,39.624171499999996,0.900197732103439,38.8146,39.6138045,0.9322744807267802
2010-07-12,39.1661,39.5614,39.0606,39.3154,78,955,39.6345855,0.871669322667479,39.1836,39.624171499999996,0.900197732103439
2010-07-13,39.6493,39.9743,39.3594,39.825,78,955,39.6472415,0.8564715139055165,39.3154,39.6345855,0.871669322667479
2010-07-14,39.8953,40.2467,39.7459,40.0183,78,955,39.661869499999995,0.831066405769408,39.825,39.6472415,0.8564715139055165
2010-07-15,39.948,40.1852,39.5263,40.071,78,955,39.6782475,0.8187688053573077,40.0183,39.661869499999995,0.831066405769408
2010-07-16,39.9216,40.0869,38.9201,38.964,78,955,39.690751999999996,0.8436281764032144,40.071,39.6782475,0.8187688053573077
2010-07-19,39.0782,39.3681,38.7444,39.2891,78,955,39.701733999999995,0.8279190209458419,38.964,39.690751999999996,0.8436281764032144
2010-07-20,38.6477,39.7635,38.5335,39.7547,78,955,39.715831,0.8566390908782822,39.2891,39.701733999999995,0.8279190209458419
2010-07-21,40.194,40.2028,39.1485,39.2276,78,955,39.727336,0.8707577272441196,39.7547,39.715831,0.8566390908782822
2010-07-22,39.7635,40.396,39.7459,40.2116,78,955,39.749139,0.8920178895838253,39.2276,39.727336,0.8707577272441196
2010-07-23,39.9392,40.5015,39.8689,40.4927,78,955,39.772828499999996,0.873488040327838,40.2116,39.749139,0.8920178895838253
2010-07-26,40.5278,40.8178,40.3345,40.7958,78,955,39.796678,0.8456174660187068,40.4927,39.772828499999996,0.873488040327838
2010-07-27,41.0198,41.0462,40.5981,40.7738,78,955,39.817182,0.8172233613030846,40.7958,39.796678,0.8456174660187068
2010-07-28,40.7475,40.9232,40.3082,40.4575,78,955,39.83558,0.8027788354957216,40.7738,39.817182,0.8172233613030846
2010-07-29,40.686,40.7738,39.7547,40.1588,78,955,39.851741000000004,0.8182303472460273,40.4575,39.83558,0.8027788354957216
2010-07-30,39.8513,40.4927,39.5966,40.2643,78,955,39.867424,0.8237924652998823,40.1588,39.851741000000004,0.8182303472460273
2010-08-02,40.7475,41.1077,40.5982,41.011,78,955,39.8864035,0.825193003492748,40.2643,39.867424,0.8237924652998823
2010-08-03,40.9671,41.0286,40.6333,40.844,78,955,39.904427,0.7944863603861232,41.011,39.8864035,0.825193003492748
2010-08-04,41.0198,41.2834,40.8529,41.2394,78,955,39.921924999999995,0.7691230489299715,40.844,39.904427,0.7944863603861232
2010-08-05,41.0462,41.2219,40.8705,41.1516,78,955,39.939334,0.7405356882921167,41.2394,39.921924999999995,0.7691230489299715
2010-08-06,40.6948,41.1604,40.4575,41.0813,78,955,39.957702999999995,0.7378474248426797,41.1516,39.939334,0.7405356882921167
2010-08-09,41.301,41.4591,41.1077,41.3624,78,955,39.9755975,0.7121297516396312,41.0813,39.957702999999995,0.7378474248426797
2010-08-10,41.0462,41.2482,40.6596,41.0198,78,955,39.9917355,0.7114633408082293,41.3624,39.9755975,0.7121297516396312
2010-08-11,40.3345,40.3433,39.7196,39.8865,78,955,40.002513,0.7535159593219269,41.0198,39.9917355,0.7114633408082293
2010-08-12,39.1485,39.7459,39.0519,39.5702,78,955,40.010922,0.7593076765132175,39.8865,40.002513,0.7535159593219269
2010-08-13,39.4384,39.5878,39.2803,39.2935,78,955,40.018822,0.7270356996194166,39.5702,40.010922,0.7593076765132175
2010-08-16,39.0782,39.6317,38.9201,39.3594,78,955,40.027707,0.7259331496466015,39.2935,40.018822,0.7270356996194166
2010-08-17,39.6317,40.2203,39.5614,39.8671,78,955,40.041885,0.7355736389575587,39.3594,40.027707,0.7259331496466015
2010-08-18,39.7898,40.2555,39.6317,40.0007,78,955,40.0608845,0.727589807603447,39.8671,40.041885,0.7355736389575587
2010-08-19,39.7811,39.9392,39.1485,39.4121,78,955,40.073968,0.7364905356317725,40.0007,40.0608845,0.727589807603447
2010-08-20,39.3506,39.5614,39.1309,39.4648,78,955,40.092167999999994,0.7146340688009317,39.4121,40.073968,0.7364905356317725
2010-08-23,39.7547,39.8338,39.0606,39.0694,78,955,40.1076915,0.7188173496008649,39.4648,40.092167999999994,0.7146340688009317
2010-08-24,38.6653,38.7619,38.1865,38.3578,78,955,40.1190885,0.7305375389150888,39.0694,40.1076915,0.7188173496008649
2010-08-25,38.0854,38.8849,38.0152,38.718,78,955,40.1320245,0.7404777147068683,38.3578,40.1190885,0.7305375389150888
2010-08-26,38.8674,38.9376,38.2172,38.2524,78,955,40.138129,0.7390435922278067,38.718,40.1320245,0.7404777147068683
2010-08-27,38.5335,38.7971,37.7516,38.7356,78,955,40.1456,0.760933335640106,38.2524,40.138129,0.7390435922278067
2010-08-30,38.5423,38.8761,38.3051,38.3139,78,955,40.1469405,0.7473666688086698,38.7356,40.1456,0.760933335640106
2010-08-31,38.1206,38.5247,37.9361,38.226,78,955,40.147403999999995,0.7360261924651934,38.3139,40.1469405,0.7473666688086698
2010-09-01,38.7444,39.456,38.718,39.3154,78,955,40.152086,0.7713100358605369,38.226,40.147403999999995,0.7360261924651934
2010-09-02,39.3945,39.7811,39.2979,39.7723,78,955,40.16015,0.7507307475847845,39.3154,40.152086,0.7713100358605369
2010-09-03,40.1764,40.4312,40.0183,40.4224,78,955,40.169847,0.7441714084715854,39.7723,40.16015,0.7507307475847845
2010-09-07,40.2555,40.44,40.0842,40.1588,78,955,40.176258499999996,0.7164305935807576,40.4224,40.169847,0.7441714084715854
2010-09-08,40.2731,40.809,40.2555,40.6333,78,955,40.1844305,0.7116998368964176,40.1588,40.176258499999996,0.7164305935807576
2010-09-09,40.9935,41.0286,40.6948,40.7914,78,955,40.194486,0.6890998485466735,40.6333,40.1844305,0.7116998368964176
2010-09-10,40.8353,41.0023,40.6333,40.9232,78,955,40.208177500000005,0.6662355736504826,40.7914,40.194486,0.6890998485466735
2010-09-13,41.2482,41.6172,41.2395,41.5206,78,955,40.2258135,0.6682187469611621,40.9232,40.208177500000005,0.6662355736504826
2010-09-14,41.4415,41.9072,41.3625,41.6875,78,955,40.2412675,0.6593959793210795,41.5206,40.2258135,0.6682187469611621
2010-09-15,41.5997,41.995,41.4591,41.9511,78,955,40.2586955,0.6505748379410022,41.6875,40.2412675,0.6593959793210795
2010-09-16,41.8896,42.1532,41.7666,42.118,78,955,40.276171000000005,0.6317194923737879,41.9511,40.2586955,0.6505748379410022
2010-09-17,42.392,42.392,42.0486,42.2511,78,955,40.2970225,0.6111252429185174,42.118,40.276171000000005,0.6317194923737879
2010-09-20,42.4273,43.0877,42.3657,42.9908,78,955,40.3195615,0.6272305827100517,42.2511,40.2970225,0.6111252429185174
2010-09-21,43.0085,43.299,42.8059,42.9732,78,955,40.3417065,0.6176498268021907,42.9908,40.3195615,0.6272305827100517
2010-09-22,42.8059,43.1678,42.6386,42.8587,78,955,40.364066,0.6113319820306059,42.9732,40.3417065,0.6176498268021907
2010-09-23,42.6122,43.2902,42.5505,42.8587,78,955,40.3854635,0.6205011261712768,42.8587,40.364066,0.6113319820306059
2010-09-24,43.3431,43.757,43.2814,43.7217,78,955,40.412094,0.6403439028733284,42.8587,40.3854635,0.6205011261712768
2010-09-27,43.7217,43.8098,43.4576,43.4928,78,955,40.4387605,0.6197621955252338,43.7217,40.412094,0.6403439028733284
2010-09-28,43.5985,43.6249,42.7883,43.4928,78,955,40.4635035,0.635250610130574,43.4928,40.4387605,0.6197621955252338
2010-09-29,43.4135,43.6161,43.2462,43.3959,78,955,40.4868435,0.6162969951212475,43.4928,40.4635035,0.635250610130574
2010-09-30,43.6249,43.889,42.9292,43.2022,78,955,40.509871,0.6408329240411585,43.3959,40.4868435,0.6162969951212475
2010-10-01,43.5632,43.6161,42.9565,43.167,78,955,40.53093,0.6421734294667903,43.2022,40.509871,0.6408329240411585
2010-10-04,43.0261,43.1934,42.4449,42.7002,78,955,40.550748,0.6497681845048768,43.167,40.53093,0.6421734294667903
2010-10-05,43.1758,43.8186,43.1493,43.7217,78,955,40.575411,0.6832418856116714,42.7002,40.550748,0.6497681845048768
2010-10-06,43.6689,43.7746,43.0701,43.3684,78,955,40.600625,0.6847603223536951,43.7217,40.575411,0.6832418856116714
2010-10-07,43.6073,43.6249,43.1493,43.4928,78,955,40.623367,0.6698202993284311,43.3684,40.600625,0.6847603223536951
2010-10-08,43.5456,43.9155,43.2198,43.801,78,955,40.6454165,0.6716688493764005,43.4928,40.623367,0.6698202993284311
2010-10-11,43.8274,44.0476,43.6953,43.8274,78,955,40.666503000000006,0.6488567887066575,43.801,40.6454165,0.6716688493764005
2010-10-12,43.757,44.2149,43.3783,44.1356,78,955,40.6876415,0.6622670180847532,43.8274,40.666503000000006,0.6488567887066575
2010-10-13,44.3822,44.6904,44.2765,44.4791,78,955,40.7076505,0.6545908025072709,44.1356,40.6876415,0.6622670180847532
2010-10-14,44.5055,44.5935,44.1796,44.4086,78,955,40.7280955,0.63739860232818,44.4791,40.7076505,0.6545908025072709
2010-10-15,44.9458,45.3508,44.5847,45.3508,78,955,40.7526385,0.65917013073331,44.4086,40.7280955,0.63739860232818
2010-10-18,45.3685,45.5182,45.2011,45.5094,78,955,40.77977,0.6347365499666453,45.3508,40.7526385,0.65917013073331
2010-10-19,44.752,45.1219,44.3998,44.7608,78,955,40.8004035,0.6686553678261707,45.5094,40.77977,0.6347365499666453
2010-10-20,44.8753,45.4125,44.7961,45.0779,78,955,40.822487,0.6674442701243013,44.7608,40.8004035,0.6686553678261707
2010-10-21,45.3596,45.5359,44.7256,45.1666,78,955,40.846064999999996,0.6776482508297083,45.0779,40.822487,0.6674442701243013
2010-10-22,45.1747,45.5182,45.0955,45.4741,78,955,40.871224500000004,0.659437661484729,45.1666,40.846064999999996,0.6776482508297083
2010-10-25,45.6591,45.9937,45.6591,45.6943,78,955,40.8958205,0.6494492570929625,45.4741,40.871224500000004,0.659437661484729
2010-10-26,45.4477,45.9232,45.2804,45.8175,78,955,40.921821,0.648974310157751,45.6943,40.8958205,0.6494492570929625
2010-10-27,45.5886,45.9937,45.4917,45.9585,78,955,40.9511105,0.6384761451464827,45.8175,40.921821,0.648974310157751
2010-10-28,46.1698,46.1874,45.6502,46.0553,78,955,40.9783435,0.6312421347788767,45.9585,40.9511105,0.6384761451464827
2010-10-29,46.0465,46.2226,45.9407,45.9497,78,955,41.004961,0.6062891251518141,46.0553,40.9783435,0.6312421347788767
2010-11-01,46.1258,46.4516,45.7735,45.9937,78,955,41.0340365,0.611418473355256,45.9497,41.004961,0.6062891251518141
2010-11-02,46.3723,46.6101,46.2975,46.4692,78,955,41.0623755,0.6117742966870239,45.9937,41.0340365,0.611418473355256
2010-11-03,46.5308,46.707,46.1082,46.6717,78,955,41.094618,0.6108475612093797,46.4692,41.0623755,0.6117742966870239
2010-11-04,47.2265,47.4303,47.112,47.2794,78,955,41.131781999999994,0.6214013068372812,46.6717,41.094618,0.6108475612093797
2010-11-05,47.2882,47.385,47.1208,47.2617,78,955,41.174682499999996,0.5958869277774751,47.2794,41.131781999999994,0.6214013068372812
2010-11-08,47.1737,47.4026,47.0679,47.3234,78,955,41.21727849999999,0.5772307186505125,47.2617,41.174682499999996,0.5958869277774751
2010-11-09,47.5171,47.5877,46.8567,47.0592,78,955,41.258378,0.5882142387469046,47.3234,41.21727849999999,0.5772307186505125
2010-11-10,47.1385,47.3498,46.7598,47.297,78,955,41.299133999999995,0.588341793122126,47.0592,41.258378,0.5882142387469046
2010-11-11,46.5749,47.0944,46.3723,47.024,78,955,41.343517500000004,0.612367379327688,47.297,41.299133999999995,0.588341793122126
2010-11-12,46.7686,46.9535,45.888,46.2314,78,955,41.38722299999999,0.6497697093757104,47.024,41.343517500000004,0.612367379327688
2010-11-15,46.478,46.5661,46.0465,46.0729,78,955,41.428165,0.6404718729917309,46.2314,41.38722299999999,0.6497697093757104
2010-11-16,45.7295,46.0079,44.7785,45.3067,78,955,41.463524,0.6871810249208927,46.0729,41.428165,0.6404718729917309
2010-11-17,45.342,45.6767,45.2188,45.4477,78,955,41.498537000000006,0.6708038088551144,45.3067,41.463524,0.6871810249208927
2010-11-18,45.9232,46.4868,45.9056,46.161,78,955,41.5425475,0.697110679651178,45.4477,41.498537000000006,0.6708038088551144
2010-11-19,46.0905,46.3107,45.9144,46.2226,78,955,41.5856395,0.6756242025332365,46.161,41.5425475,0.697110679651178
2010-11-22,46.0201,46.5838,45.9408,46.5838,78,955,41.631719999999994,0.6732939023522906,46.2226,41.5856395,0.6756242025332365
2010-11-23,46.1346,46.1874,45.5886,45.8616,78,955,41.672174999999996,0.6962871950414125,46.5838,41.631719999999994,0.6732939023522906
2010-11-24,46.3019,46.8919,46.2843,46.7774,78,955,41.717647,0.7201452525384542,45.8616,41.672174999999996,0.6962871950414125
2010-11-29,46.3988,46.5837,45.8792,46.4428,78,955,41.758643,0.7328634487857076,46.7774,41.717647,0.7201452525384542
2010-11-30,45.9497,46.161,45.6855,45.844,78,955,41.7961195,0.7346089167295857,46.4428,41.758643,0.7328634487857076
2010-12-01,46.5661,47.0768,46.5308,46.8302,78,955,41.8362055,0.7701939941060436,45.844,41.7961195,0.7346089167295857
2010-12-02,46.9095,47.385,46.8567,47.3234,78,955,41.877619,0.7548087088127549,46.8302,41.8362055,0.7701939941060436
2010-12-03,47.112,47.4995,47.112,47.4291,78,955,41.918290999999996,0.7285723724689863,47.3234,41.877619,0.7548087088127549
2010-12-06,47.4379,47.5083,47.2705,47.4247,78,955,41.959028499999995,0.6935172030069159,47.4291,41.918290999999996,0.7285723724689863
2010-12-07,47.9838,47.9926,47.3938,47.4379,78,955,42.00027,0.6867516885064222,47.4247,41.959028499999995,0.6935172030069159
2010-12-08,47.5788,47.6844,47.2793,47.6404,78,955,42.045108,0.6666337107559632,47.4379,42.00027,0.6867516885064222
2010-12-09,47.9134,47.9398,47.5083,47.6844,78,955,42.088195000000006,0.6498384457019658,47.6404,42.045108,0.6666337107559632
2010-12-10,47.8077,48.0367,47.6316,48.0014,78,955,42.132735499999995,0.6323571281518258,47.6844,42.088195000000006,0.6498384457019658
2010-12-13,48.1776,48.204,47.7901,47.8077,78,955,42.1756945,0.6167530475695524,48.0014,42.132735499999995,0.6323571281518258
2010-12-14,47.9222,48.0983,47.7549,47.8958,78,955,42.216291,0.5972278298860131,47.8077,42.1756945,0.6167530475695524
2010-12-15,47.8782,48.1688,47.5788,47.702,78,955,42.255349,0.5967115563227262,47.8958,42.216291,0.5972278298860131
2010-12-16,47.7373,48.1335,47.6052,48.0543,78,955,42.2959495,0.5918250165853882,47.702,42.255349,0.5967115563227262
2010-12-17,48.1233,48.2468,48.0086,48.0968,78,955,42.336062,0.566566086829289,48.0543,42.2959495,0.5918250165853882
2010-12-20,48.1762,48.3174,47.788,48.1409,78,955,42.373329000000005,0.5639113663414829,48.0968,42.336062,0.566566086829289
2010-12-21,48.3262,48.4233,48.1939,48.4233,78,955,42.411657500000004,0.5438034116028052,48.1409,42.373329000000005,0.5639113663414829
2010-12-22,48.4056,48.4939,48.3439,48.425,78,955,42.448839,0.515674596488319,48.4233,42.411657500000004,0.5438034116028052
2010-12-23,48.335,48.4145,48.185,48.3086,78,955,42.483791000000004,0.4959835538820102,48.425,42.448839,0.515674596488319
2010-12-27,48.1939,48.4056,47.8321,48.3086,78,955,42.518003,0.5015204428904383,48.3086,42.483791000000004,0.4959835538820102
2010-12-28,48.4233,48.4586,48.1321,48.2468,78,955,42.55181399999999,0.48901898268397814,48.3086,42.518003,0.5015204428904383
2010-12-29,48.3703,48.4409,48.2909,48.335,78,955,42.586548,0.4679533410636939,48.2468,42.55181399999999,0.48901898268397814
2010-12-30,48.3439,48.3527,48.1321,48.2203,78,955,42.619438,0.4502852452734299,48.335,42.586548,0.4679533410636939
2010-12-31,48.1762,48.1939,47.8321,48.0527,78,955,42.6509645,0.44585058489675666,48.2203,42.619438,0.4502852452734299
2011-01-03,48.4939,49.138,48.485,48.7987,78,955,42.6855205,0.4915255431184167,48.0527,42.6509645,0.44585058489675666
2011-01-04,48.9968,49.0145,48.4586,48.7586,78,955,42.721095999999996,0.49612371860995846,48.7987,42.6855205,0.4915255431184167
2011-01-05,48.6262,49.1998,48.5909,49.1821,78,955,42.756947499999995,0.5041791672806761,48.7586,42.721095999999996,0.49612371860995846
2011-01-06,49.2262,49.3762,49.1292,49.3321,78,955,42.792014,0.4858092267606278,49.1821,42.756947499999995,0.5041791672806761
2011-01-07,49.4292,49.4556,48.8115,49.2968,78,955,42.8279565,0.4971157105634397,49.3321,42.792014,0.4858092267606278
2011-01-10,49.1645,49.5703,49.0409,49.4733,78,955,42.8651325,0.49942173123747996,49.2968,42.8279565,0.4971157105634397
2011-01-11,49.6674,49.7292,49.3674,49.5527,78,955,42.9023985,0.4895916075776596,49.4733,42.8651325,0.49942173123747996
2011-01-12,49.7821,49.9056,49.588,49.9047,78,955,42.940459499999996,0.4798279213221124,49.5527,42.9023985,0.4895916075776596
2011-01-13,49.9321,50.0556,49.7733,49.9409,78,955,42.978044,0.46571878408481865,49.9047,42.940459499999996,0.4798279213221124
2011-01-14,49.9321,50.3115,49.8174,50.3071,78,955,43.0183365,0.4677460137930461,49.9409,42.978044,0.46571878408481865
2011-01-18,49.8703,50.4968,49.8512,50.435,78,955,43.0593125,0.4804498699506858,50.3071,43.0183365,0.4677460137930461
2011-01-19,50.4968,50.5233,49.6939,49.8703,78,955,43.09549199999999,0.5053748792399225,50.435,43.0593125,0.4804498699506858
2011-01-20,49.6762,49.7203,49.1292,49.5086,78,955,43.12933650000001,0.5222123878656426,49.8703,43.09549199999999,0.5053748792399225
2011-01-21,49.7556,49.8439,49.1027,49.1292,78,955,43.1617225,0.5378543601609538,49.5086,43.12933650000001,0.5222123878656426
2011-01-24,49.2262,49.8174,49.1292,49.8086,78,955,43.197198500000006,0.5485933344351716,49.1292,43.1617225,0.5378543601609538
2011-01-25,49.5703,49.8968,49.4556,49.8615,78,955,43.231579999999994,0.5409223819755166,49.8086,43.197198500000006,0.5485933344351716
2011-01-26,49.9674,50.2762,49.8086,50.1245,78,955,43.2670575,0.5356850689772658,49.8615,43.231579999999994,0.5409223819755166
2011-01-27,50.3027,50.6027,50.2233,50.4527,78,955,43.3031675,0.5315789926217468,50.1245,43.2670575,0.5356850689772658
2011-01-28,50.435,50.488,48.9439,49.1733,78,955,43.3302495,0.6039019217201935,50.4527,43.3031675,0.5315789926217468
2011-01-31,49.2439,49.5527,48.8733,49.4115,78,955,43.3575145,0.6092946415973226,49.1733,43.3302495,0.6039019217201935
2011-02-01,49.7816,50.4527,49.7292,50.3292,78,955,43.3919985,0.6401450243403712,49.4115,43.3575145,0.6092946415973226
2011-02-02,50.2233,50.4439,50.1527,50.2497,78,955,43.42620550000001,0.6152203797446302,50.3292,43.3919985,0.6401450243403712
2011-02-03,50.1615,50.4174,49.7645,50.3203,78,955,43.4596805,0.6179117811914425,50.2497,43.42620550000001,0.6152203797446302
2011-02-04,50.338,50.6644,50.2056,50.6292,78,955,43.493472499999996,0.6065466539634826,50.3203,43.4596805,0.6179117811914425
2011-02-07,50.7262,51.1497,50.6468,50.8674,78,955,43.52731550000001,0.6004004643946629,50.6292,43.493472499999996,0.6065466539634826
2011-02-08,50.8586,51.238,50.788,51.2371,78,955,43.562042,0.5896575740807586,50.8674,43.52731550000001,0.6004004643946629
2011-02-09,51.1056,51.2821,50.9556,51.1233,78,955,43.596726,0.5708606045035618,51.2371,43.562042,0.5896575740807586
2011-02-10,50.8321,51.2644,50.7262,51.1941,78,955,43.636236,0.568527704181879,51.1233,43.596726,0.5708606045035618
2011-02-11,51.0615,51.5997,50.9733,51.5644,78,955,43.6775495,0.5726614395974589,51.1941,43.636236,0.568527704181879
2011-02-14,51.5556,51.7586,51.5115,51.688,78,955,43.7157585,0.5494070510547835,51.5644,43.6775495,0.5726614395974589
2011-02-15,51.5644,51.6791,51.3792,51.6262,78,955,43.757999,0.5322208331222993,51.688,43.7157585,0.5494070510547835
2011-02-16,51.7409,52.0939,51.7321,51.9615,78,955,43.7988905,0.5276122021849923,51.6262,43.757999,0.5322208331222993
2011-02-17,51.6968,52.0365,51.6615,51.9439,78,955,43.846270999999994,0.51671133060035,51.9615,43.7988905,0.5276122021849923
2011-02-18,51.9527,52.0321,51.6262,51.8468,78,955,43.894218,0.5087962355574681,51.9439,43.846270999999994,0.51671133060035
2011-02-22,51.1674,51.2909,50.2409,50.3115,78,955,43.9415475,0.587160790160506,51.8468,43.894218,0.5087962355574681
2011-02-23,50.2939,50.4968,49.5262,49.9145,78,955,43.991715000000006,0.6145493051490412,50.3115,43.9415475,0.587160790160506
2011-02-24,50.0292,50.3203,49.535,50.1439,78,955,44.033033,0.6267457833526816,49.9145,43.991715000000006,0.6145493051490412
2011-02-25,50.4262,50.9292,50.3997,50.8586,78,955,44.0781435,0.6380710845417757,50.1439,44.033033,0.6267457833526816
2011-02-28,51.0703,51.2203,50.6733,50.9733,78,955,44.1198815,0.6315660070745064,50.8586,44.0781435,0.6380710845417757
2011-03-01,51.1674,51.1939,50.0247,50.1703,78,955,44.160980499999994,0.6699684351406128,50.9733,44.1198815,0.6315660070745064
2011-03-02,50.135,50.7447,50.1086,50.4262,78,955,44.207305,0.6675492612019975,50.1703,44.160980499999994,0.6699684351406128
2011-03-03,50.8939,51.4983,50.885,51.4144,78,955,44.257825499999996,0.6964457425447119,50.4262,44.207305,0.6675492612019975
2011-03-04,51.3968,51.4056,50.8144,51.1497,78,955,44.310004,0.6895567609343755,51.4144,44.257825499999996,0.6964457425447119
2011-03-07,51.3527,51.4055,50.0027,50.462,78,955,44.360322000000004,0.7405027065819205,51.1497,44.310004,0.6895567609343755
2011-03-08,50.3821,50.8939,50.0909,50.6644,78,955,44.419325,0.7449667989689266,50.462,44.360322000000004,0.7405027065819205
2011-03-09,50.4792,50.5321,50.0468,50.3203,78,955,44.4742835,0.7358691704711463,50.6644,44.419325,0.7449667989689266
2011-03-10,49.7556,49.8703,49.3321,49.535,78,955,44.526149,0.7538928011517791,50.3203,44.4742835,0.7358691704711463
2011-03-11,49.2792,49.9939,49.2527,49.8262,78,955,44.579251000000006,0.7529861724980806,49.535,44.526149,0.7538928011517791
2011-03-14,49.5703,49.9321,49.288,49.6674,78,955,44.6337075,0.7452085887482179,49.8262,44.579251000000006,0.7529861724980806
2011-03-15,48.2115,49.2527,48.0615,48.9792,78,955,44.6774885,0.8066865466947737,49.6674,44.6337075,0.7452085887482179
2011-03-16,48.5556,48.8292,47.4439,47.8056,78,955,44.716541500000005,0.8587303647880041,48.9792,44.6774885,0.8066865466947737
2011-03-17,48.5203,48.7409,47.761,48.2203,78,955,44.7595535,0.8673853387317182,47.8056,44.716541500000005,0.8587303647880041
2011-03-18,48.7744,48.7921,48.0764,48.1205,78,955,44.79733100000001,0.8565506716794525,48.2203,44.7595535,0.8673853387317182
2011-03-21,48.8539,49.2869,48.7567,49.0306,78,955,44.8378615,0.8786827665594918,48.1205,44.79733100000001,0.8565506716794525
2011-03-22,49.1013,49.1367,48.8451,48.96,78,955,44.884835,0.8367482832338136,49.0306,44.8378615,0.8786827665594918
2011-03-23,48.7656,49.3664,48.4386,49.225,78,955,44.936816500000006,0.8432519772885411,48.96,44.884835,0.8367482832338136
2011-03-24,49.5873,50.2058,49.3222,50.1086,78,955,44.9935665,0.8530768360536455,49.225,44.936816500000006,0.8432519772885411
2011-03-25,50.2677,50.5593,50.1528,50.2147,78,955,45.0524695,0.824335633478385,50.1086,44.9935665,0.8530768360536455
2011-03-28,50.4444,50.4532,49.9231,49.9496,78,955,45.104566500000004,0.8033188025156436,50.2147,45.0524695,0.824335633478385
2011-03-29,49.8435,50.4179,49.6845,50.409,78,955,45.1572065,0.7983246023359549,49.9496,45.104566500000004,0.8033188025156436
2011-03-30,50.6565,50.7448,50.4356,50.6653,78,955,45.211128,0.7652871307405295,50.409,45.1572065,0.7983246023359549
2011-03-31,50.5769,50.789,50.4974,50.736,78,955,45.260045,0.7314523356876347,50.6653,45.211128,0.7652871307405295
2011-04-01,51.0011,51.1601,50.6211,50.7625,78,955,45.308139000000004,0.7177057402813751,50.736,45.260045,0.7314523356876347
2011-04-04,50.9127,50.9657,50.3825,50.6123,78,955,45.354912000000006,0.7080981874041339,50.7625,45.308139000000004,0.7177057402813751
2011-04-05,50.5062,50.7978,50.3649,50.4709,78,955,45.400718,0.6884411740181247,50.6123,45.354912000000006,0.7080981874041339
2011-04-06,50.842,51.0099,50.303,50.5681,78,955,45.448854499999996,0.689759661588259,50.4709,45.400718,0.6884411740181247
2011-04-07,50.5681,50.895,50.197,50.5681,78,955,45.4985725,0.6903482571890978,50.5681,45.448854499999996,0.689759661588259
2011-04-08,50.789,50.8685,50.0556,50.3207,78,955,45.547844500000004,0.6991019531041622,50.5681,45.4985725,0.6903482571890978
2011-04-11,50.5062,50.6211,49.9761,50.1616,78,955,45.5994835,0.6952375278824361,50.3207,45.547844500000004,0.6991019531041622
2011-04-12,49.9407,50.0468,49.6138,49.8259,78,955,45.6497955,0.6847062758908338,50.1616,45.5994835,0.6952375278824361
2011-04-13,50.1616,50.3649,49.8347,50.2235,78,955,45.7027545,0.6742986847557744,49.8259,45.6497955,0.6847062758908338
2011-04-14,49.8789,50.2147,49.6845,50.1395,78,955,45.762805,0.6646344929875049,50.2235,45.7027545,0.6742986847557744
2011-04-15,49.9496,50.25,49.7287,50.0379,78,955,45.825247,0.6543963149169686,50.1395,45.762805,0.6646344929875049
2011-04-18,49.5608,49.7198,48.8804,49.7022,78,955,45.886713,0.6903322924228994,50.0379,45.825247,0.6543963149169686
2011-04-19,49.8259,50.0114,49.5696,50.0114,78,955,45.95020850000001,0.6725799858212639,49.7022,45.886713,0.6903322924228994
2011-04-20,50.8862,51.1954,50.8332,51.1424,78,955,46.018787999999994,0.7091099868340306,50.0114,45.95020850000001,0.6725799858212639
2011-04-21,51.6637,51.6637,51.3898,51.54,78,955,46.083381,0.6956949877744567,51.1424,46.018787999999994,0.7091099868340306
2011-04-25,51.6019,51.7079,51.4959,51.6814,78,955,46.147715,0.6611453457905672,51.54,46.083381,0.6956949877744567
2011-04-26,51.8228,52.1586,51.6991,51.973,78,955,46.211662,0.6480063925198126,51.6814,46.147715,0.6611453457905672
2011-04-27,52.0614,52.3883,51.8316,52.3353,78,955,46.2767615,0.641484507339826,51.973,46.211662,0.6480063925198126
2011-04-28,52.1851,52.3353,52.026,52.2381,78,955,46.338827,0.617757042529838,52.3353,46.2767615,0.641484507339826
2011-04-29,52.1674,52.3883,52.1144,52.2292,78,955,46.39988149999999,0.593195825206278,52.2381,46.338827,0.617757042529838
2011-05-02,52.2999,52.4325,51.973,52.1253,78,955,46.460153,0.5836461234058294,52.2292,46.39988149999999,0.593195825206278
2011-05-03,52.0879,52.1321,51.54,51.8581,78,955,46.5246235,0.5842499717339846,52.1253,46.460153,0.5836461234058294
2011-05-04,51.8846,52.0172,51.3457,51.7786,78,955,46.587070999999995,0.5904821166101287,51.8581,46.5246235,0.5842499717339846
2011-05-05,51.5224,52.1055,51.3191,51.4959,78,955,46.645776999999995,0.6044762511379768,51.7786,46.587070999999995,0.5904821166101287
2011-05-06,52.0084,52.3088,51.5224,51.6726,78,955,46.70800199999999,0.6193636617709785,51.4959,46.645776999999995,0.6044762511379768
2011-05-09,51.7433,52.0614,51.5489,51.8493,78,955,46.76619049999999,0.6117305430730511,51.6726,46.70800199999999,0.6193636617709785
2011-05-10,52.0349,52.3795,51.9332,52.3088,78,955,46.825271,0.6059069328535476,51.8493,46.76619049999999,0.6117305430730511
2011-05-11,52.2292,52.406,51.5666,51.92,78,955,46.880892,0.6225850090782941,52.3088,46.825271,0.6059069328535476
2011-05-12,51.7433,52.2999,51.4605,52.2292,78,955,46.938168999999995,0.6380717941441301,51.92,46.880892,0.6225850090782941
2011-05-13,52.1144,52.1939,51.5931,51.6107,78,955,46.99393499999999,0.6379309517052636,52.2292,46.938168999999995,0.6380717941441301
2011-05-16,51.3898,51.5312,50.6034,50.7183,78,955,47.0467325,0.6643144551548877,51.6107,46.99393499999999,0.6379309517052636
2011-05-17,50.4621,50.8685,50.3472,50.8597,78,955,47.099709499999996,0.6540991369295384,50.7183,47.0467325,0.6643144551548877
2011-05-18,50.7978,51.3722,50.7271,51.2661,78,955,47.150985,0.6534563414345713,50.8597,47.099709499999996,0.6540991369295384
2011-05-19,51.4517,51.5489,51.1159,51.434,78,955,47.203935,0.6377094599035306,51.2661,47.150985,0.6534563414345713
2011-05-20,51.381,51.434,50.9745,51.0629,78,955,47.253052499999995,0.624980212767564,51.434,47.203935,0.6377094599035306
2011-05-23,50.356,50.4974,50.0556,50.303,78,955,47.2988095,0.6522887689984523,51.0629,47.253052499999995,0.624980212767564
2011-05-24,50.4267,50.4267,49.9761,49.9849,78,955,47.34332750000001,0.6378824283557054,50.303,47.2988095,0.6522887689984523
2011-05-25,49.9142,50.4179,49.8966,50.1793,78,955,47.387412000000005,0.6295551120445839,49.9849,47.34332750000001,0.6378824283557054
2011-05-26,50.0291,50.6299,50.0203,50.5062,78,955,47.434844000000005,0.6281297468985423,50.1793,47.387412000000005,0.6295551120445839
2011-05-27,50.5769,50.7978,50.5327,50.736,78,955,47.489091499999994,0.604091907834361,50.5062,47.434844000000005,0.6281297468985423
2011-05-31,51.222,51.5047,50.9569,51.5047,78,955,47.548764,0.6158496287033354,50.736,47.489091499999994,0.604091907834361
2011-06-01,51.434,51.5666,50.4002,50.4356,78,955,47.604474499999995,0.6551746552245259,51.5047,47.548764,0.6158496287033354
2011-06-02,50.5504,50.7271,50.2677,50.5416,78,955,47.660385500000004,0.6411907512799171,50.4356,47.604474499999995,0.6551746552245259
2011-06-03,49.9761,50.356,49.7198,49.7976,78,955,47.710038,0.6540914119027804,50.5416,47.660385500000004,0.6411907512799171
2011-06-06,49.6933,49.9496,49.3576,49.391,78,955,47.7569895,0.6496563110525817,49.7976,47.710038,0.6540914119027804
2011-06-07,49.5255,49.711,49.2604,49.278,78,955,47.806318999999995,0.6354380031202546,49.391,47.7569895,0.6496563110525817
2011-06-08,49.1985,49.278,48.8009,48.9423,78,955,47.8537065,0.6241281457545221,49.278,47.806318999999995,0.6354380031202546
2011-06-09,48.9334,49.2692,48.8009,49.0262,78,955,47.9034905,0.6129975639149134,48.9423,47.8537065,0.6241281457545221
2011-06-10,48.8097,48.8981,48.2354,48.2619,78,955,47.953011,0.6256977379209914,49.0262,47.9034905,0.6129975639149134
2011-06-13,48.3414,48.5358,48.1117,48.2619,78,955,48.0007305,0.6112978994980637,48.2619,47.953011,0.6256977379209914
2011-06-14,48.6419,49.013,48.6242,48.9069,78,955,48.054002999999994,0.6212837638196307,48.2619,48.0007305,0.6112978994980637
2011-06-15,48.4475,48.7302,47.8731,47.9792,78,955,48.10022099999999,0.6507492092610856,48.9069,48.054002999999994,0.6212837638196307
2011-06-16,47.9968,48.1559,47.3739,47.7848,78,955,48.1475755,0.660124265742437,47.9792,48.10022099999999,0.6507492092610856
2011-06-17,48.2197,48.2817,47.4945,47.6353,78,955,48.194622,0.6692011039036914,47.7848,48.1475755,0.660124265742437
2011-06-20,47.5201,48.0249,47.5024,47.8832,78,955,48.237461,0.6587224536248564,47.6353,48.194622,0.6692011039036914
2011-06-21,48.0603,48.9636,47.8478,48.9061,78,955,48.28313,0.6913708497945095,47.8832,48.237461,0.6587224536248564
2011-06-22,48.698,48.9902,48.5474,48.5607,78,955,48.3238215,0.6736157890949016,48.9061,48.28313,0.6913708497945095
2011-06-23,48.0603,49.0345,47.8744,49.0079,78,955,48.368067,0.7083646613024087,48.5607,48.3238215,0.6736157890949016
2011-06-24,48.7599,48.8219,48.0603,48.1577,78,955,48.405688999999995,0.7254528997808082,49.0079,48.368067,0.7083646613024087
2011-06-27,48.202,49.1762,48.1046,48.9193,78,955,48.4463285,0.7501776926536078,48.1577,48.405688999999995,0.7254528997808082
2011-06-28,49.0345,49.6632,48.9636,49.6544,78,955,48.4899845,0.7497292860354932,48.9193,48.4463285,0.7501776926536078
2011-06-29,49.7961,49.9555,49.5038,49.8581,78,955,48.531672,0.728441479890101,49.6544,48.4899845,0.7497292860354932
2011-06-30,50.044,50.5577,50.0086,50.5045,78,955,48.575757,0.726381374183665,49.8581,48.531672,0.728441479890101
2011-07-01,50.5488,51.3503,50.4071,51.2838,78,955,48.6224205,0.7418684188848317,50.5045,48.575757,0.726381374183665
2011-07-05,51.3193,51.5938,51.213,51.5318,78,955,48.6694895,0.7160778175359152,51.2838,48.6224205,0.7418684188848317
2011-07-06,51.4875,51.7975,51.3104,51.7001,78,955,48.7167345,0.6997222591404925,51.5318,48.6694895,0.7160778175359152
2011-07-07,52.0897,52.5679,52.0189,52.4262,78,955,48.763911500000006,0.7117278120590289,51.7001,48.7167345,0.6997222591404925
2011-07-08,51.9746,52.2757,51.6912,52.2668,78,955,48.810379499999996,0.7133901111976697,52.4262,48.763911500000006,0.7117278120590289
2011-07-11,51.7266,51.9923,51.151,51.337,78,955,48.85277099999999,0.7421336746835504,52.2668,48.810379499999996,0.7133901111976697
2011-07-12,51.3104,51.4255,50.8853,50.9296,78,955,48.893125500000004,0.7277098407775825,51.337,48.85277099999999,0.7421336746835504
2011-07-13,51.3016,51.6646,50.965,51.1244,78,955,48.930139,0.7282305664363267,50.9296,48.893125500000004,0.7277098407775825
2011-07-14,51.3016,51.5229,50.3628,50.54,78,955,48.965375,0.7590783831194462,51.1244,48.930139,0.7282305664363267
2011-07-15,51.1156,51.2218,50.7525,51.2218,78,955,49.00402,0.7535584986109145,50.54,48.965375,0.7590783831194462
2011-07-18,50.9562,51.1776,50.4603,50.9473,78,955,49.041776999999996,0.7541257487101353,51.2218,49.00402,0.7535584986109145
2011-07-19,51.4698,52.1606,51.4432,52.1251,78,955,49.0863915,0.7869239095165544,50.9473,49.041776999999996,0.7541257487101353
2011-07-20,52.3997,52.4174,51.8063,51.8949,78,955,49.130031,0.7743650588368006,52.1251,49.0863915,0.7869239095165544
2011-07-21,51.9392,52.5325,51.6646,52.2447,78,955,49.17775350000001,0.7810461260627434,51.8949,49.130031,0.7743650588368006
2011-07-22,52.2226,52.869,52.1783,52.7893,78,955,49.2230915,0.7745928313439759,52.2447,49.17775350000001,0.7810461260627434
2011-07-25,52.3642,52.9664,52.2668,52.6742,78,955,49.2696205,0.7692362005336917,52.7893,49.2230915,0.7745928313439759
2011-07-26,52.6388,52.9842,52.5325,52.7982,78,955,49.3161475,0.7465550433527138,52.6742,49.2696205,0.7692362005336917
2011-07-27,52.4705,52.5059,51.3104,51.4432,78,955,49.3543585,0.7995011116846629,52.7982,49.3161475,0.7465550433527138
2011-07-28,51.461,52.1871,51.2661,51.5584,78,955,49.393013499999995,0.8081796037071869,51.4432,49.3543585,0.7995011116846629
2011-07-29,51.1244,51.9037,50.8676,51.3635,78,955,49.42915300000001,0.8244596320138163,51.5584,49.393013499999995,0.8081796037071869
2011-08-01,51.9569,52.0897,50.5045,51.151,78,955,49.4625125,0.8787982297271152,51.3635,49.42915300000001,0.8244596320138163
2011-08-02,50.8853,51.1156,49.7784,49.8315,78,955,49.48962699999999,0.9140697847466074,51.151,49.4625125,0.8787982297271152
2011-08-03,49.92,50.3717,49.0168,50.3008,78,955,49.514377,0.9455576572647064,49.8315,49.48962699999999,0.9140697847466074
2011-08-04,49.5747,49.6721,47.9895,47.9895,78,955,49.5267775,1.0431106817457991,50.3008,49.514377,0.9455576572647064
2011-08-05,48.5208,48.7334,46.3335,47.6795,78,955,49.541371,1.1400242044782423,47.9895,49.5267775,1.0431106817457991
2011-08-08,46.236,47.0419,44.828,44.828,78,955,49.5401215,1.2622724755869388,47.6795,49.541371,1.1400242044782423
2011-08-09,45.4213,46.9976,44.2169,46.9888,78,955,49.549232499999995,1.3707315844735857,44.828,49.5401215,1.2622724755869388
2011-08-10,45.8995,46.9744,44.9874,45.0671,78,955,49.5471975,1.415779328439758,46.9888,49.549232499999995,1.3707315844735857
2011-08-11,45.6693,47.5467,45.4656,47.0242,78,955,49.553847000000005,1.4917665192654894,45.0671,49.5471975,1.415779328439758
2011-08-12,47.3076,47.7327,46.8294,47.4404,78,955,49.561961499999995,1.4497331964608118,47.0242,49.553847000000005,1.4917665192654894
2011-08-15,47.6175,48.1312,47.405,48.1249,78,955,49.57279350000001,1.3980522538564681,47.4404,49.561961499999995,1.4497331964608118
2011-08-16,47.6618,48.1312,47.0951,47.715,78,955,49.581092000000005,1.372198521438149,48.1249,49.57279350000001,1.3980522538564681
2011-08-17,47.8035,48.1932,46.9534,47.4493,78,955,49.588589999999996,1.3627414841925667,47.715,49.581092000000005,1.372198521438149
2011-08-18,46.1652,46.1741,44.704,45.1379,78,955,49.58431100000001,1.4614956638930976,47.4493,49.588589999999996,1.3627414841925667
2011-08-19,44.6597,45.7578,44.2701,44.3232,78,955,49.573581,1.463367402186448,45.1379,49.58431100000001,1.4614956638930976
2011-08-22,45.3505,45.377,44.3321,44.456,78,955,49.5625025,1.434112587744559,44.3232,49.573581,1.463367402186448
2011-08-23,44.7748,46.298,44.58,46.2892,78,955,49.55755150000001,1.463247402905662,44.456,49.5625025,1.434112587744559
2011-08-24,46.2095,47.3076,45.7933,46.6523,78,955,49.5545045,1.466894016983829,46.2892,49.55755150000001,1.463247402905662
2011-08-25,46.6168,46.8515,45.7401,45.9172,78,955,49.5474735,1.44150158719927,46.6523,49.5545045,1.466894016983829
2011-08-26,45.7667,47.2102,45.2973,47.0162,78,955,49.5472585,1.475172902399322,45.9172,49.5474735,1.44150158719927
2011-08-29,47.5024,48.4146,47.5024,48.3614,78,955,49.552580500000005,1.4696891236565135,47.0162,49.5472585,1.475172902399322
2011-08-30,48.1666,48.9725,47.9186,48.6625,78,955,49.560773,1.439989900538191,48.3614,49.552580500000005,1.4696891236565135
2011-08-31,48.9636,49.3621,48.3526,48.7865,78,955,49.57354850000001,1.40924062192832,48.6625,49.560773,1.439989900538191
2011-09-01,48.8928,49.2736,48.2286,48.2994,78,955,49.584681,1.383223434647726,48.7865,49.57354850000001,1.40924062192832
2011-09-02,47.4493,48.3652,46.9268,47.1748,78,955,49.5940215,1.3871646178871742,48.2994,49.584681,1.383223434647726
2011-09-06,46.0855,47.2598,45.9704,47.1836,78,955,49.602700999999996,1.3801814308952332,47.1748,49.5940215,1.3871646178871742
2011-09-07,47.8478,48.3969,47.7327,48.388,78,955,49.613836,1.368261328688431,47.1836,49.602700999999996,1.3801814308952332
2011-09-08,48.14,48.8559,48.0072,48.1843,78,955,49.6236445,1.331149805210686,48.388,49.613836,1.368261328688431
2011-09-09,47.8301,48.0337,46.8028,47.0862,78,955,49.6261565,1.3347462476956373,48.1843,49.6236445,1.331149805210686
2011-09-12,46.5814,47.715,46.5549,47.715,78,955,49.635423499999995,1.3222715157173774,47.0862,49.6261565,1.3347462476956373
2011-09-13,47.8921,48.4323,47.6441,48.326,78,955,49.64316650000001,1.2841235503089932,47.715,49.635423499999995,1.3222715157173774
2011-09-14,48.5828,49.5747,48.1046,49.0168,78,955,49.6560365,1.2974075824297797,48.326,49.64316650000001,1.2841235503089932
2011-09-15,49.5747,49.8403,49.0522,49.7606,78,955,49.675619499999996,1.2635570408276524,49.0168,49.6560365,1.2974075824297797
2011-09-16,49.9145,50.2605,49.7637,50.1895,78,955,49.692416,1.2090101093399632,49.7606,49.675619499999996,1.2635570408276524
2011-09-19,49.5951,50.4912,49.1781,50.2428,78,955,49.707012999999996,1.2164451015299658,50.1895,49.692416,1.2090101093399632
2011-09-20,50.4823,50.8816,49.8879,49.9766,78,955,49.7197505,1.200534737134968,50.2428,49.707012999999996,1.2164451015299658
2011-09-21,50.2605,50.5089,49.1249,49.1515,78,955,49.728384500000004,1.2136393987681846,49.9766,49.7197505,1.200534737134968
2011-09-22,47.8473,48.3175,46.8004,47.5279,78,955,49.728834500000005,1.2948865845704567,49.1515,49.728384500000004,1.2136393987681846
2011-09-23,47.1464,48.2465,47.1029,48.0247,78,955,49.730756,1.284080399958281,47.5279,49.728834500000005,1.2948865845704567
2011-09-26,48.2732,48.6901,47.2085,48.6014,78,955,49.735341,1.298188942818404,48.0247,49.730756,1.284080399958281
2011-09-27,49.4177,49.8613,48.7789,49.0894,78,955,49.740781,1.2954540183313752,48.6014,49.735341,1.298188942818404
2011-09-28,49.3112,49.6572,48.2643,48.3353,78,955,49.743419,1.3024144455934201,49.0894,49.740781,1.2954540183313752
2011-09-29,49.0894,49.1781,46.9956,47.8296,78,955,49.74308800000001,1.3652776994796043,48.3353,49.743419,1.3024144455934201
2011-09-30,47.1908,47.5634,46.5431,46.5697,78,955,49.7374265,1.3596507209453468,47.8296,49.74308800000001,1.3652776994796043
2011-10-03,46.1705,46.8891,45.3454,45.3542,78,955,49.723926,1.3727970980206792,46.5697,49.7374265,1.3596507209453468
2011-10-04,44.8929,46.3923,44.4448,46.3302,78,955,49.715093,1.4138473053049163,45.3542,49.723926,1.3727970980206792
2011-10-05,46.206,47.6243,45.8333,47.5013,78,955,49.711895000000005,1.4407867834974222,46.3302,49.715093,1.4138473053049163
2011-10-06,47.4392,48.2998,47.2085,48.2732,78,955,49.7111445,1.4158234418190347,47.5013,49.711895000000005,1.4407867834974222
2011-10-07,48.2732,48.495,47.661,47.9449,78,955,49.708744,1.3742646245462464,48.2732,49.7111445,1.4158234418190347
2011-10-10,48.7789,49.5862,48.699,49.5862,78,955,49.715132000000004,1.3933385799358002,47.9449,49.708744,1.3742646245462464
2011-10-11,49.5064,50.0919,49.4177,49.9411,78,955,49.7232945,1.3419715385118145,49.5862,49.715132000000004,1.3933385799358002
2011-10-12,50.4468,50.7751,50.1807,50.225,78,955,49.7331855,1.3056878571895423,49.9411,49.7232945,1.3419715385118145
2011-10-13,50.1186,50.7396,50.0653,50.6598,78,955,49.7448095,1.2605887245331466,50.225,49.7331855,1.3056878571895423
2011-10-14,51.3163,51.6179,51.0235,51.6091,78,955,49.761753500000005,1.2389823870664933,50.6598,49.7448095,1.2605887245331466
2011-10-17,51.3695,51.5381,50.5458,50.8283,78,955,49.7756315,1.2264336451331723,51.6091,49.761753500000005,1.2389823870664933
2011-10-18,50.7396,51.7155,50.2694,51.4405,78,955,49.7888405,1.2421240990522315,50.8283,49.7756315,1.2264336451331723
2011-10-19,51.2098,51.3252,50.2871,50.4557,78,955,49.797326000000005,1.2357866634056434,51.4405,49.7888405,1.2421240990522315
2011-10-20,50.4025,50.5001,49.4975,50.2162,78,955,49.8024965,1.2191304731623833,50.4557,49.797326000000005,1.2357866634056434
2011-10-21,50.7041,51.1566,50.3758,50.8461,78,955,49.810066500000005,1.1992211536507844,50.2162,49.8024965,1.2191304731623833
2011-10-24,51.0235,52.0349,50.9703,51.893,78,955,49.8230475,1.1984767855328713,50.8461,49.810066500000005,1.1992211536507844
2011-10-25,51.6978,51.7422,50.7662,50.8816,78,955,49.83008900000001,1.1933570151376665,51.893,49.8230475,1.1984767855328713
2011-10-26,51.1477,51.2631,49.8724,50.8372,78,955,49.83651150000001,1.2074529426278333,50.8816,49.83008900000001,1.1933570151376665
2011-10-27,52.0083,52.5229,51.4849,52.2124,78,955,49.84805,1.241613446725845,50.8372,49.83651150000001,1.2074529426278333
2011-10-28,51.9019,52.3543,51.893,52.2656,78,955,49.8596735,1.1858767719597134,52.2124,49.84805,1.241613446725845
2011-10-31,51.822,52.0261,51.3784,51.3873,78,955,49.8650745,1.164542716819734,52.2656,49.8596735,1.1858767719597134
2011-11-01,50.1895,50.5444,49.7903,50.0653,78,955,49.863226000000004,1.1954325227611817,51.3873,49.8650745,1.164542716819734
2011-11-02,50.5799,50.713,50.0254,50.4823,78,955,49.866286,1.1591587711353832,50.0653,49.863226000000004,1.1954325227611817
2011-11-03,50.8727,51.6135,50.3137,51.5461,78,955,49.876473499999996,1.1692045731971419,50.4823,49.866286,1.1591587711353832
2011-11-04,51.2631,51.5026,50.7662,51.2985,78,955,49.88732,1.1413971036830606,51.5461,49.876473499999996,1.1692045731971419
2011-11-07,51.2364,51.68,50.7219,51.6446,78,955,49.896499999999996,1.1283044534199849,51.2985,49.88732,1.1413971036830606
2011-11-08,52.0083,52.3277,51.4316,52.2479,78,955,49.908432000000005,1.111718421032843,51.6446,49.896499999999996,1.1283044534199849
2011-11-09,51.2098,51.3074,50.2428,50.4202,78,955,49.9099105,1.1755313909590683,52.2479,49.908432000000005,1.111718421032843
2011-11-10,50.917,50.9437,49.8879,50.3492,78,955,49.909393,1.1669791487477064,50.4202,49.9099105,1.1755313909590683
2011-11-11,50.8106,51.476,50.7485,51.3074,78,955,49.920063500000005,1.1641092095514414,50.3492,49.909393,1.1669791487477064
2011-11-14,51.1832,51.4671,50.8195,51.0058,78,955,49.928035,1.1272156945834817,51.3074,49.920063500000005,1.1641092095514414
2011-11-15,50.8816,51.7776,50.8017,51.5647,78,955,49.9342125,1.1164074306846616,51.0058,49.928035,1.1272156945834817
2011-11-16,51.2187,51.5736,50.6243,50.7041,78,955,49.9364845,1.1044711856357574,51.5647,49.9342125,1.1164074306846616
2011-11-17,50.5888,50.6065,49.2225,49.5951,78,955,49.9328585,1.1314089580903461,50.7041,49.9364845,1.1044711856357574
2011-11-18,49.5419,49.5951,49.0628,49.1515,78,955,49.925470000000004,1.0886154610838927,49.5951,49.9328585,1.1314089580903461
2011-11-21,48.5216,48.5571,47.7142,48.2111,78,955,49.9121885,1.1135214995779004,49.1515,49.925470000000004,1.0886154610838927
2011-11-22,48.078,48.5127,47.7941,48.3619,78,955,49.8978125,1.085312821036622,48.2111,49.9121885,1.1135214995779004
2011-11-23,48.007,48.0602,47.2529,47.2529,78,955,49.8784605,1.0870047623911494,48.3619,49.8978125,1.085312821036622
2011-11-28,48.0514,48.6103,48.0336,48.5393,78,955,49.8651865,1.106318707934639,47.2529,49.8784605,1.0870047623911494
2011-11-29,48.495,48.8853,48.1046,48.2288,78,955,49.8485085,1.0830602287964508,48.5393,49.8651865,1.106318707934639
2011-11-30,49.5419,50.0742,49.391,50.0298,78,955,49.8402175,1.1375130695967042,48.2288,49.8485085,1.0830602287964508
2011-12-01,50.021,50.5045,49.9943,50.3581,78,955,49.833877,1.0927049931969395,50.0298,49.8402175,1.1375130695967042
2011-12-02,50.8638,50.8727,50.1895,50.2073,78,955,49.825106000000005,1.0634546365400153,50.3581,49.833877,1.0927049931969395
2011-12-05,50.9969,51.1211,50.4956,50.7662,78,955,49.81921750000001,1.0527650196443001,50.2073,49.825106000000005,1.0634546365400153
2011-12-06,50.8195,50.9703,50.4734,50.642,78,955,49.813193500000004,1.0130603753839933,50.7662,49.81921750000001,1.0527650196443001
2011-12-07,50.4912,50.8727,49.9943,50.6243,78,955,49.814757500000006,1.0034417771422794,50.642,49.813193500000004,1.0130603753839933
2011-12-08,50.3404,50.7041,49.6927,49.7903,78,955,49.814136500000004,1.0040102216321163,50.6243,49.814757500000006,1.0034417771422794
2011-12-09,49.9145,50.7396,49.8968,50.5888,78,955,49.816361,1.0001023486583938,49.7903,49.814136500000004,1.0040102216321163
2011-12-12,50.0653,50.0831,49.5951,50.0298,78,955,49.812217000000004,0.9996450380399369,50.5888,49.816361,1.0001023486583938
2011-12-13,50.3581,50.5533,49.2668,49.4709,78,955,49.804705000000006,1.0201346781799412,50.0298,49.812217000000004,0.9996450380399369
2011-12-14,49.258,49.3201,48.424,48.7079,78,955,49.797393,1.0220464868813741,49.4709,49.804705000000006,1.0201346781799412
2011-12-15,49.116,49.1692,48.495,48.5748,78,955,49.788136,0.9972003092469902,48.7079,49.797393,1.0220464868813741
2011-12-16,48.8326,49.4822,48.7347,48.8148,78,955,49.775138000000005,0.9907860014436335,48.5748,49.788136,0.9972003092469902
2011-12-19,48.9928,49.1174,48.2009,48.3432,78,955,49.761105500000006,0.9854798584833745,48.8148,49.775138000000005,0.9907860014436335
2011-12-20,49.1174,49.8292,49.0907,49.7758,78,955,49.75767449999999,1.0212312971631332,48.3432,49.761105500000006,0.9854798584833745
2011-12-21,49.5089,49.5178,48.4834,49.064,78,955,49.749672499999996,1.0406004902229091,49.7758,49.75767449999999,1.0212312971631332
2011-12-22,49.1351,49.4965,49.0907,49.4644,78,955,49.74539300000001,0.9971647409212726,49.064,49.749672499999996,1.0406004902229091
2011-12-23,49.5445,49.9004,49.4564,49.8915,78,955,49.747175500000004,0.9576529737126099,49.4644,49.74539300000001,0.9971647409212726
2011-12-27,49.8381,50.2029,49.7669,50.025,78,955,49.748169499999996,0.9203920470188521,49.8915,49.747175500000004,0.9576529737126099
2011-12-28,49.9805,50.0605,49.3309,49.4733,78,955,49.747199,0.9067640436603626,50.025,49.748169499999996,0.9203920470188521
2011-12-29,49.5445,49.8559,49.3843,49.8114,78,955,49.751360000000005,0.8756808976846221,49.4733,49.747199,0.9067640436603626
2011-12-30,49.7046,49.936,49.669,49.677,78,955,49.76071699999999,0.8322036907071493,49.8114,49.751360000000005,0.8756808976846221
2012-01-03,50.6389,50.8881,50.4966,50.63,78,955,49.772765500000006,0.859267712799496,49.677,49.76071699999999,0.8322036907071493
2012-01-04,50.541,50.9148,50.3275,50.8436,78,955,49.786381,0.8398414475995319,50.63,49.772765500000006,0.859267712799496
2012-01-05,50.7368,51.3063,50.541,51.2618,78,955,49.79753699999999,0.8345170584852799,50.8436,49.786381,0.8398414475995319
2012-01-06,51.2974,51.5554,51.0749,51.422,78,955,49.809847,0.8092301257363314,51.2618,49.79753699999999,0.8345170584852799
2012-01-09,51.5643,51.591,51.1025,51.2885,78,955,49.820164500000004,0.7863208310408792,51.422,49.809847,0.8092301257363314
2012-01-10,51.8402,51.9692,51.5109,51.6355,78,955,49.827799000000006,0.7787764859665309,51.2885,49.820164500000004,0.7863208310408792
2012-01-11,51.6266,51.8669,51.4397,51.7512,78,955,49.83548149999999,0.7536638798260643,51.6355,49.827799000000006,0.7787764859665309
2012-01-12,51.8669,52.027,51.4842,51.9647,78,955,49.845557,0.7386021741242026,51.7512,49.83548149999999,0.7536638798260643
2012-01-13,51.6889,51.7868,51.3241,51.769,78,955,49.852357000000005,0.7316020188296167,51.9647,49.845557,0.7386021741242026
2012-01-17,52.2406,52.463,52.0448,52.205,78,955,49.8600555,0.7289161603417871,51.769,49.852357000000005,0.7316020188296167
2012-01-18,52.3563,52.9346,52.2406,52.9168,78,955,49.870959500000005,0.7289650060316598,52.205,49.8600555,0.7289161603417871
2012-01-19,53.1749,53.3617,53.077,53.2639,78,955,49.883466500000004,0.7086746484579697,52.9168,49.870959500000005,0.7289650060316598
2012-01-20,53.0325,53.2105,52.9969,53.1838,78,955,49.89632399999999,0.6771264592824006,53.2639,49.883466500000004,0.7086746484579697
2012-01-23,53.2016,53.5753,52.8901,53.1838,78,955,49.90988850000001,0.6777031407622293,53.1838,49.89632399999999,0.6771264592824006
2012-01-24,52.9791,53.2461,52.8634,53.1037,78,955,49.9225665,0.6566314878506414,53.1838,49.90988850000001,0.6777031407622293
2012-01-25,53.6465,53.9045,53.2403,53.771,78,955,49.938581000000006,0.6669292387184524,53.1037,49.9225665,0.6566314878506414
2012-01-26,53.9846,54.1003,53.3261,53.5753,78,955,49.954854,0.6745914359528488,53.771,49.938581000000006,0.6669292387184524
2012-01-27,53.4685,53.8422,53.4418,53.7177,78,955,49.972634500000005,0.655006333384788,53.5753,49.954854,0.6745914359528488
2012-01-30,53.2816,53.8689,53.0859,53.7799,78,955,49.9924045,0.664148738143017,53.7177,49.972634500000005,0.655006333384788
2012-01-31,54.038,54.1537,53.513,53.8422,78,955,50.010498000000005,0.6624738282756589,53.7799,49.9924045,0.664148738143017
2012-02-01,54.1448,54.4918,53.9757,54.2871,78,955,50.031236,0.6615542691131119,53.8422,50.010498000000005,0.6624738282756589
2012-02-02,54.4562,54.6431,54.2515,54.4651,78,955,50.053371999999996,0.6422718213193179,54.2871,50.031236,0.6615542691131119
2012-02-03,54.9634,55.2748,54.8832,55.2036,78,955,50.080879,0.6542309769393666,54.4651,50.053371999999996,0.6422718213193179
2012-02-06,55.0079,55.1858,54.8655,55.1769,78,955,50.106706499999994,0.6316501928722693,55.2036,50.080879,0.6542309769393666
2012-02-07,55.1147,55.3905,54.8744,55.2748,78,955,50.1273685,0.6233966076671074,55.1769,50.106706499999994,0.6316501928722693
2012-02-08,55.3015,55.5774,55.088,55.5685,78,955,50.147510999999994,0.6138254214051708,55.2748,50.1273685,0.6233966076671074
2012-02-09,55.7731,56.0401,55.4528,55.9778,78,955,50.168993,0.6119307484476586,55.5685,50.147510999999994,0.6138254214051708
2012-02-10,55.5862,55.7375,55.3905,55.5818,78,955,50.187037000000004,0.6101714092728258,55.9778,50.168993,0.6119307484476586
2012-02-13,55.9956,56.1735,55.7464,56.0845,78,955,50.20578299999999,0.6088520228961951,55.5818,50.187037000000004,0.6101714092728258
2012-02-14,55.9689,56.2536,55.782,56.2447,78,955,50.225816,0.5990483069750385,56.0845,50.20578299999999,0.6088520228961951
2012-02-15,56.5294,56.8231,55.7642,55.8354,78,955,50.243847,0.631894856476821,56.2447,50.225816,0.5990483069750385
2012-02-16,55.871,56.6807,55.7286,56.6095,78,955,50.266268,0.6547666524427624,55.8354,50.243847,0.631894856476821
2012-02-17,56.6273,56.6718,56.1913,56.4405,78,955,50.289179999999995,0.6423190344111365,56.6095,50.266268,0.6547666524427624
2012-02-21,56.5116,56.8498,56.2447,56.6006,78,955,50.313289999999995,0.6396605319531983,56.4405,50.289179999999995,0.6423190344111365
2012-02-22,56.5028,56.6629,56.2625,56.3604,78,955,50.337612500000006,0.6225704939565411,56.6006,50.313289999999995,0.6396605319531983
2012-02-23,56.4049,56.7786,56.1379,56.7074,78,955,50.3627865,0.6238654586739306,56.3604,50.337612500000006,0.6225704939565411
2012-02-24,56.8765,57.0099,56.7697,56.9032,78,955,50.388056000000006,0.6009107830543644,56.7074,50.3627865,0.6238654586739306
2012-02-27,56.5917,57.179,56.3515,56.9832,78,955,50.411427999999994,0.6170957271219099,56.9032,50.388056000000006,0.6009107830543644
2012-02-28,57.0277,57.5528,56.9743,57.5438,78,955,50.439547000000005,0.6143388894703448,56.9832,50.411427999999994,0.6170957271219099
2012-02-29,57.6061,57.8019,57.1256,57.3036,78,955,50.464919,0.6187646830796062,57.5438,50.439547000000005,0.6143388894703448
2012-03-01,57.5349,57.8197,57.357,57.7663,78,955,50.495697,0.6114314914310626,57.3036,50.464919,0.6187646830796062
2012-03-02,57.6862,57.9072,57.5349,57.704,78,955,50.530625500000006,0.5943506706145583,57.7663,50.495697,0.6114314914310626
2012-03-05,57.6862,57.7574,56.9388,57.1256,78,955,50.561955,0.6103684798563752,57.704,50.530625500000006,0.5943506706145583
2012-03-06,56.5828,56.6985,56.2625,56.5698,78,955,50.5884735,0.6284207312952053,57.1256,50.561955,0.6103684798563752
2012-03-07,56.8142,57.1345,56.743,57.0099,78,955,50.616353,0.6238692504884051,56.5698,50.5884735,0.6284207312952053
2012-03-08,57.3214,57.7841,57.2146,57.6061,78,955,50.649069,0.6346071611678048,57.0099,50.616353,0.6238692504884051
2012-03-09,57.6862,57.962,57.6773,57.8464,78,955,50.686786000000005,0.6146995067986762,57.6061,50.649069,0.6346071611678048
2012-03-12,57.8108,57.9353,57.5883,57.8642,78,955,50.72618249999999,0.5955781134559138,57.8464,50.686786000000005,0.6146995067986762
2012-03-13,58.2112,58.9586,58.0777,58.9586,78,955,50.770078999999996,0.6312082482090628,57.8642,50.72618249999999,0.5955781134559138
2012-03-14,59.012,59.3857,58.7985,59.1811,78,955,50.813453499999994,0.6280648019084157,58.9586,50.770078999999996,0.6312082482090628
2012-03-15,59.3412,59.4569,59.0387,59.3234,78,955,50.8563905,0.6130744589149574,59.1811,50.813453499999994,0.6280648019084157
2012-03-16,59.4151,59.4241,59.1478,59.2636,78,955,50.895185,0.5890191404210323,59.3234,50.8563905,0.6130744589149574
2012-03-19,59.3795,59.8519,59.228,59.7093,78,955,50.9415535,0.5915106303909585,59.2636,50.895185,0.5890191404210323
2012-03-20,59.4062,59.8831,59.2369,59.8162,78,955,50.9879265,0.5954170139344616,59.7093,50.9415535,0.5915106303909585
2012-03-21,59.8341,60.1549,59.7449,59.8252,78,955,51.0380645,0.5821729415105712,59.8162,50.9879265,0.5954170139344616
2012-03-22,59.4597,59.843,59.433,59.6915,78,955,51.08956700000001,0.5698748742598164,59.8252,51.0380645,0.5821729415105712
2012-03-23,59.7717,59.7895,59.326,59.6647,78,955,51.1415005,0.5622766689555435,59.6915,51.08956700000001,0.5698748742598164
2012-03-26,60.048,60.7076,60.0123,60.7058,78,955,51.200317999999996,0.5966069068872901,59.6647,51.1415005,0.5622766689555435
2012-03-27,60.7388,61.0463,60.7254,60.7967,78,955,51.2591705,0.5783135563953408,60.7058,51.200317999999996,0.5966069068872901
2012-03-28,60.8323,61.0641,60.1995,60.5471,78,955,51.3205965,0.598762588081388,60.7967,51.2591705,0.5783135563953408
2012-03-29,60.2619,60.5471,59.8965,60.3421,78,955,51.38099750000001,0.6024652603612888,60.5471,51.3205965,0.598762588081388
2012-03-30,60.6006,60.6273,59.9678,60.2084,78,955,51.437505,0.6065391703354825,60.3421,51.38099750000001,0.6024652603612888
2012-04-02,60.1282,60.9126,60.0391,60.8323,78,955,51.5017705,0.6256078010258053,60.2084,51.437505,0.6065391703354825
2012-04-03,60.8947,61.0997,60.4758,60.8145,78,955,51.566919,0.6254858152382476,60.8323,51.5017705,0.6256078010258053
2012-04-04,60.3689,60.3956,59.638,59.9856,78,955,51.6286705,0.6648439712926588,60.8145,51.566919,0.6254858152382476
2012-04-05,59.8875,60.4134,59.8341,60.3599,78,955,51.691053999999994,0.6587336876288977,59.9856,51.6286705,0.6648439712926588
2012-04-09,59.6112,60.146,59.5043,59.8965,78,955,51.746005999999994,0.6727955670839767,60.3599,51.691053999999994,0.6587336876288977
2012-04-10,59.8965,60.1104,58.7556,58.9338,78,955,51.79787149999999,0.721510169435121,59.8965,51.746005999999994,0.6727955670839767
2012-04-11,59.4597,59.6202,59.0764,59.2191,78,955,51.8489275,0.7190023001897552,58.9338,51.79787149999999,0.721510169435121
2012-04-12,59.326,59.9678,59.2553,59.8965,78,955,51.907621500000005,0.7211235644619155,59.2191,51.8489275,0.7190023001897552
2012-04-13,59.6825,59.7093,58.9695,58.9962,78,955,51.958006,0.7358290241432078,59.8965,51.907621500000005,0.7211235644619155
2012-04-16,59.2993,59.326,58.1495,58.3634,78,955,52.001551,0.7673055224186929,58.9962,51.958006,0.7358290241432078
2012-04-17,58.6041,59.7093,58.4971,59.5221,78,955,52.049871,0.8086336993887863,58.3634,52.001551,0.7673055224186929
2012-04-18,59.3528,59.7182,59.1923,59.3706,78,955,52.0942015,0.7884384351467302,59.5221,52.049871,0.8086336993887863
2012-04-19,59.1656,59.8697,58.4882,58.7333,78,955,52.131449,0.8307999754933926,59.3706,52.0942015,0.7884384351467302
2012-04-20,59.0141,59.2815,58.4525,58.5149,78,955,52.1663645,0.8306714058152932,58.7333,52.131449,0.8307999754933926
2012-04-23,58.0158,58.096,57.481,58.0247,78,955,52.197987499999996,0.8451877339713434,58.5149,52.1663645,0.8306714058152932
2012-04-24,57.9088,58.1406,57.4453,57.6949,78,955,52.224331,0.8344814672591043,58.0247,52.197987499999996,0.8451877339713434
2012-04-25,58.8804,59.2636,58.8001,59.2369,78,955,52.259181500000004,0.8869256481691683,57.6949,52.224331,0.8344814672591043
2012-04-26,59.2012,59.7093,59.1388,59.5667,78,955,52.30033,0.8643238161570846,59.2369,52.259181500000004,0.8869256481691683
2012-04-27,59.8252,60.1193,59.5132,59.9321,78,955,52.345342499999994,0.8458792578601504,59.5667,52.30033,0.8643238161570846
2012-04-30,59.736,59.8697,59.4597,59.5221,78,955,52.387331,0.8192021680129968,59.9321,52.345342499999994,0.8458792578601504
2012-05-01,59.433,60.2797,59.3528,59.6112,78,955,52.432686999999994,0.8268948702977825,59.5221,52.387331,0.8192021680129968
2012-05-02,59.2725,59.8162,59.1656,59.7717,78,955,52.47543650000001,0.814302379562227,59.6112,52.432686999999994,0.8268948702977825
2012-05-03,59.8073,59.8519,58.9829,59.1478,78,955,52.516439,0.8182093524506393,59.7717,52.47543650000001,0.814302379562227
2012-05-04,58.6041,58.6754,57.6682,57.6771,78,955,52.544199,0.8654515415613079,59.1478,52.516439,0.8182093524506393
2012-05-07,57.3116,57.998,57.3027,57.7216,78,955,52.5733325,0.8532978600212141,57.6771,52.544199,0.8654515415613079
2012-05-08,57.3384,57.7038,56.5808,57.5077,78,955,52.59964749999999,0.8738337271625558,57.7216,52.5733325,0.8532978600212141
2012-05-09,56.8482,57.6503,56.6075,57.374,78,955,52.62257100000001,0.8859027466509447,57.5077,52.59964749999999,0.8738337271625558
2012-05-10,57.588,57.6058,56.9997,57.2047,78,955,52.64522349999999,0.8659168361758776,57.374,52.62257100000001,0.8859027466509447
2012-05-11,57.0086,57.8108,56.964,57.1958,78,955,52.6672115,0.8645513478776007,57.2047,52.64522349999999,0.8659168361758776
2012-05-14,56.7145,57.1156,56.5808,56.6521,78,955,52.693256,0.8467262516006289,57.1958,52.6672115,0.8645513478776007
2012-05-15,56.8571,57.2849,56.3847,56.4916,78,955,52.717922,0.8505458050577266,56.6521,52.693256,0.8467262516006289
2012-05-16,56.6966,56.8482,55.9836,56.0816,78,955,52.741512500000006,0.8515496761250315,56.4916,52.717922,0.8505458050577266
2012-05-17,56.1084,56.2064,54.914,54.914,78,955,52.760327499999995,0.8830389849732436,56.0816,52.741512500000006,0.8515496761250315
2012-05-18,55.0834,55.226,54.1564,54.2277,78,955,52.782308500000006,0.8963647717608692,54.914,52.760327499999995,0.8830389849732436
2012-05-21,54.299,55.7697,54.2366,55.6984,78,955,52.8092965,0.94248157377795,54.2277,52.782308500000006,0.8963647717608692
2012-05-22,55.8588,56.1084,55.2518,55.6271,78,955,52.8474845,0.9363471756509536,55.6984,52.8092965,0.94248157377795
2012-05-23,55.1992,55.8945,54.7001,55.7608,78,955,52.887890999999996,0.9547795202473142,55.6271,52.8474845,0.9363471756509536
2012-05-24,55.8499,55.8945,54.9853,55.4131,78,955,52.940816500000004,0.9515238402296489,55.7608,52.887890999999996,0.9547795202473142
2012-05-25,55.4399,55.5469,55.1635,55.3062,78,955,52.982403500000004,0.9109435659275313,55.4131,52.940816500000004,0.9515238402296489
2012-05-29,55.8231,56.2866,55.5112,56.0014,78,955,53.037074999999994,0.9159047397898508,55.3062,52.982403500000004,0.9109435659275313
2012-05-30,55.5201,55.7518,55.2081,55.5557,78,955,53.0797325,0.9071472583762897,56.0014,53.037074999999994,0.9159047397898508
2012-05-31,55.4934,55.6271,54.8962,55.3062,78,955,53.1190615,0.894558168492269,55.5557,53.0797325,0.9071472583762897
2012-06-01,54.3436,54.6555,53.8266,53.8712,78,955,53.14779299999999,0.9363468707428211,55.3062,53.1190615,0.894558168492269
2012-06-04,53.987,54.3346,53.5146,54.2455,78,955,53.1804455,0.9280363799754768,53.8712,53.14779299999999,0.9363468707428211
2012-06-05,54.0583,54.5842,54.0405,54.4773,78,955,53.2155855,0.9005837814058001,54.2455,53.1804455,0.9280363799754768
2012-06-06,54.9051,55.7697,54.8338,55.7518,78,955,53.268654999999995,0.9285706541625287,54.4773,53.2155855,0.9005837814058001
2012-06-07,56.2866,56.3134,55.4577,55.5112,78,955,53.324595,0.9233656074366337,55.7518,53.268654999999995,0.9285706541625287
2012-06-08,55.3953,56.1084,55.226,56.0371,78,955,53.3825005,0.9204394926197315,55.5112,53.324595,0.9233656074366337
2012-06-11,56.4471,56.4916,55.0566,55.1457,78,955,53.42678299999999,0.9571938145754646,56.0371,53.3825005,0.9204394926197315
2012-06-12,55.3418,55.7875,54.9764,55.7608,78,955,53.4723255,0.9467585421057888,55.1457,53.42678299999999,0.9571938145754646
2012-06-13,55.6003,56.0192,55.1903,55.3597,78,955,53.51953799999999,0.938340074812518,55.7608,53.4723255,0.9467585421057888
2012-06-14,55.3775,55.8053,55.0834,55.6181,78,955,53.5625475,0.9228800694687671,55.3597,53.51953799999999,0.938340074812518
2012-06-15,55.7177,56.352,55.7088,56.2984,78,955,53.6022325,0.9093814930781409,55.6181,53.5625475,0.9228800694687671
2012-06-18,56.0482,56.9416,55.95,56.7897,78,955,53.64286849999999,0.9152542435725592,56.2984,53.6022325,0.9093814930781409
2012-06-19,57.0845,57.6295,57.0399,57.3883,78,955,53.6858775,0.9098646547459477,56.7897,53.64286849999999,0.9152542435725592
2012-06-20,57.4955,57.6831,57.0041,57.4597,78,955,53.73167899999999,0.8933743222640944,57.3883,53.6858775,0.9098646547459477
2012-06-21,57.3615,57.4508,55.941,56.0036,78,955,53.775823,0.938040442102373,57.4597,53.73167899999999,0.8933743222640944
2012-06-22,56.1822,56.6647,56.0402,56.6111,78,955,53.8229605,0.9182589819522038,56.0036,53.775823,0.938040442102373
2012-06-25,56.1286,56.1465,55.3425,55.4765,78,955,53.858402999999996,0.9432833403841892,56.6111,53.8229605,0.9182589819522038
2012-06-26,55.682,56.0125,55.4385,55.8517,78,955,53.89674,0.9169059589281761,55.4765,53.858402999999996,0.9432833403841892
2012-06-27,56.0572,56.4413,56.0035,56.2,78,955,53.942309,0.8935269618618776,55.8517,53.89674,0.9169059589281761
2012-06-28,55.7713,55.807,54.9762,55.5569,78,955,53.9815185,0.9171178931574581,56.2,53.942309,0.8935269618618776
2012-06-29,56.6021,57.2989,56.4681,57.2989,78,955,54.026382999999996,0.9760380436462114,55.5569,53.9815185,0.9171178931574581
2012-07-02,57.3793,57.5133,57.0577,57.4865,78,955,54.068731500000005,0.9388638976714823,57.2989,54.026382999999996,0.9760380436462114
2012-07-05,57.8707,58.2905,57.6027,58.0047,78,955,54.109952,0.9292307621235194,57.4865,54.068731500000005,0.9388638976714823
2012-07-06,57.7545,57.7903,56.8612,57.2543,78,955,54.145276,0.9445357076861254,58.0047,54.109952,0.9292307621235194
2012-07-09,57.2007,57.4061,56.888,57.1739,78,955,54.1799315,0.9140760142799739,57.2543,54.145276,0.9445357076861254
2012-07-10,57.4687,57.6295,56.3877,56.6379,78,955,54.213238000000004,0.9374848704028327,57.1739,54.1799315,0.9140760142799739
2012-07-11,56.5396,56.6915,55.8338,56.3073,78,955,54.249017,0.9317859510883447,56.6379,54.213238000000004,0.9374848704028327
2012-07-12,55.8785,56.0036,55.2621,55.7892,78,955,54.29032349999999,0.9398869545820345,56.3073,54.249017,0.9317859510883447
2012-07-13,55.8964,56.7451,55.8874,56.6111,78,955,54.33325549999999,0.9410307435404607,55.7892,54.29032349999999,0.9398869545820345
2012-07-16,56.5128,56.7451,56.2359,56.4592,78,955,54.3725445,0.9101856904304279,56.6111,54.33325549999999,0.9410307435404607
2012-07-17,56.7987,56.9416,55.95,56.7629,78,955,54.41091200000001,0.9160009982568258,56.4592,54.3725445,0.9101856904304279
2012-07-18,56.6289,57.692,56.6289,57.5312,78,955,54.456891500000005,0.9265080698099096,56.7629,54.41091200000001,0.9160009982568258
2012-07-19,57.9243,58.3441,57.8171,58.1565,78,955,54.50852599999999,0.9183932076806304,57.5312,54.456891500000005,0.9265080698099096
2012-07-20,58.1476,58.1565,57.3615,57.3972,78,955,54.5626635,0.9095794071320141,58.1565,54.50852599999999,0.9183932076806304
2012-07-23,56.2805,56.888,55.8428,56.7093,78,955,54.61943899999999,0.9556380209082989,57.3972,54.5626635,0.9095794071320141
2012-07-24,56.7987,56.8701,55.8785,56.2537,78,955,54.669056499999996,0.9582067337005631,56.7093,54.61943899999999,0.9556380209082989
2012-07-25,55.8249,56.2359,55.5212,55.8606,78,955,54.710853,0.9420848241505231,56.2537,54.669056499999996,0.9582067337005631
2012-07-26,56.6647,56.9327,56.2537,56.6021,78,955,54.7524975,0.9513716224254857,55.8606,54.710853,0.9420848241505231
2012-07-27,57.022,58.0583,56.8523,57.9868,78,955,54.802707,0.987430792252237,56.6021,54.7524975,0.9513716224254857
2012-07-30,58.0761,58.3441,57.7099,57.8885,78,955,54.8442185,0.9622000213770772,57.9868,54.802707,0.987430792252237
2012-07-31,57.9868,58.228,57.8349,57.8796,78,955,54.883911,0.9215500198501434,57.8885,54.8442185,0.9622000213770772
2012-08-01,58.2905,58.3172,57.4865,57.7277,78,955,54.9214245,0.9150607327179903,57.8796,54.883911,0.9215500198501434
2012-08-02,57.2632,58.0851,57.0935,57.5044,78,955,54.9556475,0.9205278232381338,57.7277,54.9214245,0.9150607327179903
2012-08-03,58.4156,58.8533,58.2369,58.63,78,955,54.990752,0.9511258358639815,57.5044,54.9556475,0.9205278232381338
2012-08-06,58.9069,59.3089,58.7819,59.0409,78,955,55.03181500000001,0.9316811333022684,58.63,54.990752,0.9511258358639815
2012-08-07,59.3,59.7824,59.2107,59.5323,78,955,55.072274,0.9180967666378209,59.0409,55.03181500000001,0.9316811333022684
2012-08-08,59.3893,59.6413,59.2911,59.4965,78,955,55.117478,0.8775327118779767,59.5323,55.072274,0.9180967666378209
2012-08-09,59.5144,59.7735,59.3983,59.6663,78,955,55.1647285,0.8416518038866926,59.4965,55.117478,0.8775327118779767
2012-08-10,59.4965,59.7467,59.3268,59.7377,78,955,55.209186499999994,0.8115266750376431,59.6663,55.1647285,0.8416518038866926
2012-08-13,59.7109,59.8718,59.4072,59.8628,78,955,55.2490355,0.7867461982492397,59.7377,55.209186499999994,0.8115266750376431
2012-08-14,60.104,60.2202,59.7288,59.8807,78,955,55.294031,0.7656500412314369,59.8628,55.2490355,0.7867461982492397
2012-08-15,59.8539,60.1397,59.845,60.0415,78,955,55.3400525,0.7320107525720485,59.8807,55.294031,0.7656500412314369
2012-08-16,60.2738,60.8991,60.2023,60.7562,78,955,55.3827715,0.7409814131026163,60.0415,55.3400525,0.7320107525720485
2012-08-17,60.8991,61.042,60.7562,61.0241,78,955,55.426564,0.7084684550238581,60.7562,55.3827715,0.7409814131026163
2012-08-20,60.9795,61.1314,60.7472,61.1135,78,955,55.47519500000001,0.685306422522154,61.0241,55.426564,0.7084684550238581
2012-08-21,61.31,61.5334,60.64,60.8723,78,955,55.52923,0.7001702494848573,61.1135,55.47519500000001,0.685306422522154
2012-08-22,60.7204,61.2476,60.5775,61.1046,78,955,55.582341500000005,0.698022374521653,60.8723,55.52923,0.7001702494848573
2012-08-23,60.8723,61.051,60.4707,60.6311,78,955,55.62776650000001,0.6934422049129633,61.1046,55.582341500000005,0.698022374521653
2012-08-24,60.4882,61.1492,60.3899,60.9974,78,955,55.676261,0.6981463331334661,60.6311,55.62776650000001,0.6934422049129633
2012-08-27,61.2832,61.3458,60.9706,61.0956,78,955,55.723516,0.675078737909647,60.9974,55.676261,0.6981463331334661
2012-08-28,61.051,61.2698,60.8455,61.0778,78,955,55.7676655,0.6571659709161005,61.0956,55.723516,0.675078737909647
2012-08-29,61.1135,61.2564,60.8455,61.1046,78,955,55.8210875,0.6395755444220932,61.0778,55.7676655,0.6571659709161005
2012-08-30,60.8455,60.8634,60.3899,60.4792,78,955,55.8717375,0.6449415769633723,61.1046,55.8210875,0.6395755444220932
2012-08-31,60.9259,61.1492,60.2738,60.8723,78,955,55.919562,0.66140289289456,60.4792,55.8717375,0.6449415769633723
2012-09-04,60.774,61.0599,60.2291,60.8366,78,955,55.968716,0.673502686259234,60.8723,55.919562,0.66140289289456
2012-09-05,60.774,61.0599,60.6043,60.7562,78,955,56.0146735,0.6579382086692885,60.8366,55.968716,0.673502686259234
2012-09-06,61.1224,62.1319,61.1224,62.0872,78,955,56.071589,0.7092069080500537,60.7562,56.0146735,0.6579382086692885
2012-09-07,61.9711,62.1319,61.846,62.0024,78,955,56.1336255,0.6789707003321931,62.0872,56.071589,0.7092069080500537
2012-09-10,61.8728,61.9979,61.185,61.2386,78,955,56.194061000000005,0.6888585074513222,62.0024,56.1336255,0.6789707003321931
2012-09-11,61.2296,61.4798,61.0331,61.1403,78,955,56.258706999999994,0.6715614712047991,61.2386,56.194061000000005,0.6888585074513222
2012-09-12,61.3547,61.4708,60.9348,61.319,78,955,56.3234925,0.6618785089758846,61.1403,56.258706999999994,0.6715614712047991
2012-09-13,61.3815,62.4088,61.3011,62.1498,78,955,56.397977,0.693722901191893,61.319,56.3234925,0.6618785089758846
2012-09-14,62.391,62.918,62.3463,62.6947,78,955,56.468754,0.6990426939639006,62.1498,56.397977,0.693722901191893
2012-09-17,62.7126,62.7483,62.4982,62.7126,78,955,56.54117300000001,0.6669753586807652,62.6947,56.468754,0.6990426939639006
2012-09-18,62.5696,62.8019,62.5518,62.7662,78,955,56.60485500000001,0.6371985473464251,62.7126,56.54117300000001,0.6669753586807652
2012-09-19,62.793,63.052,62.5875,62.8823,78,955,56.66747599999999,0.6248629368216806,62.7662,56.60485500000001,0.6371985473464251
2012-09-20,62.5964,62.8823,62.4178,62.8376,78,955,56.7306275,0.6134084413344177,62.8823,56.66747599999999,0.6248629368216806
2012-09-21,63.1334,63.1962,62.784,62.8557,78,955,56.79107499999999,0.5990364098105306,62.8376,56.7306275,0.6134084413344177
2012-09-24,62.3182,62.5869,62.1928,62.4436,78,955,56.850083,0.6035980948240642,62.8557,56.79107499999999,0.5990364098105306
2012-09-25,62.6407,62.784,61.5746,61.5836,78,955,56.9048795,0.6468696594794884,62.4436,56.850083,0.6035980948240642
2012-09-26,61.5208,61.5567,60.7862,61.1087,78,955,56.961471499999995,0.6576218266595247,61.5836,56.9048795,0.6468696594794884
2012-09-27,61.2252,62.0852,61.1446,61.9598,78,955,57.0183265,0.6803988390409874,61.1087,56.961471499999995,0.6576218266595247
2012-09-28,61.7448,61.924,61.3775,61.4402,78,955,57.0753785,0.6733917791094887,61.9598,57.0183265,0.6803988390409874
2012-10-01,61.7269,62.1121,61.1446,61.3506,78,955,57.13477699999999,0.6943995091730967,61.4402,57.0753785,0.6733917791094887
2012-10-02,61.6283,61.7986,61.0371,61.5119,78,955,57.19879699999999,0.6991924013750183,61.3506,57.13477699999999,0.6943995091730967
2012-10-03,61.709,62.0315,61.4492,61.924,78,955,57.265543,0.6908429441339459,61.5119,57.19879699999999,0.6991924013750183
2012-10-04,62.0225,62.3003,61.8165,62.139,78,955,57.33216399999999,0.6760541624100929,61.924,57.265543,0.6908429441339459
2012-10-05,62.4257,62.5332,61.6373,61.7806,78,955,57.399350999999996,0.6917574365236575,62.139,57.33216399999999,0.6760541624100929
2012-10-08,61.4492,61.5656,61.0908,61.2431,78,955,57.45668750000001,0.6916176196291104,61.7806,57.399350999999996,0.6917574365236575
2012-10-09,61.0729,61.0819,60.1143,60.2576,78,955,57.5126555,0.7228449325127452,61.2431,57.45668750000001,0.6916176196291104
2012-10-10,60.2397,60.4099,59.8455,59.953,78,955,57.5650985,0.7115274373332633,60.2576,57.5126555,0.7228449325127452
2012-10-11,60.4189,60.4458,59.7291,59.7648,78,955,57.614465,0.7118969060951728,59.953,57.5650985,0.7115274373332633
2012-10-12,59.7828,60.0785,59.6215,59.747,78,955,57.663075,0.693689984231232,59.7648,57.614465,0.7118969060951728
2012-10-15,59.962,60.2576,59.6036,60.177,78,955,57.7165935,0.6908549853575723,59.747,57.663075,0.693689984231232
2012-10-16,60.289,61.0998,60.2487,61.0371,78,955,57.772722,0.7074224864034602,60.177,57.7165935,0.6908549853575723
2012-10-17,60.7056,61.1894,60.6339,61.0012,78,955,57.829343,0.6965708802317846,61.0371,57.772722,0.7074224864034602
2012-10-18,60.8041,60.9923,60.0605,60.3114,78,955,57.87775,0.7140086745009429,61.0012,57.829343,0.6965708802317846
2012-10-19,60.2128,60.2666,58.7705,58.8421,78,955,57.917742499999996,0.7730723406080184,60.3114,57.87775,0.7140086745009429
2012-10-22,58.7884,59.299,58.6809,59.1736,78,955,57.9573015,0.7620028877074456,58.8421,57.917742499999996,0.7730723406080184
2012-10-23,58.6629,59.084,58.4031,58.5644,78,955,57.993013499999996,0.7626098242997709,59.1736,57.9573015,0.7620028877074456
2012-10-24,58.9138,59.0123,58.2867,58.3404,78,955,58.028273,0.7599662654212158,58.5644,57.993013499999996,0.7626098242997709
2012-10-25,58.7794,58.878,58.206,58.3763,78,955,58.061977,0.7536829607482717,58.3404,58.028273,0.7599662654212158
2012-10-26,58.3852,58.7911,57.9194,58.5554,78,955,58.095998,0.7621127492662522,58.3763,58.061977,0.7536829607482717
2012-10-31,58.5196,58.5823,57.991,58.1702,78,955,58.1270255,0.7499118386043768,58.5554,58.095998,0.7621127492662522
2012-11-01,58.5286,59.1288,58.3852,59.0303,78,955,58.163332,0.764818135846921,58.1702,58.1270255,0.7499118386043768
2012-11-02,59.3169,59.3169,58.3315,58.3494,78,955,58.194053999999994,0.7805739832864266,59.0303,58.163332,0.764818135846921
2012-11-05,58.4076,58.8869,58.2688,58.7615,78,955,58.223277499999995,0.7689686987659675,58.3494,58.194053999999994,0.7805739832864266
2012-11-06,58.869,59.2811,58.645,58.9048,78,955,58.251481999999996,0.7594780774255413,58.7615,58.223277499999995,0.7689686987659675
2012-11-07,58.2688,58.3225,57.2474,57.4983,78,955,58.2730545,0.8236153576094314,58.9048,58.251481999999996,0.7594780774255413
2012-11-08,57.6327,57.7805,56.6024,56.6203,78,955,58.290237,0.8489356892087578,57.4983,58.2730545,0.8236153576094314
2012-11-09,56.6114,57.4356,56.5845,56.8353,78,955,58.308895,0.849090282836704,56.6203,58.290237,0.8489356892087578
2012-11-12,57.1489,57.2206,56.6651,56.8174,78,955,58.324127,0.8281195483483677,56.8353,58.308895,0.849090282836704
2012-11-13,56.3605,56.9608,56.2441,56.4322,78,955,58.3384115,0.8201610091806268,56.8174,58.324127,0.8281195483483677
2012-11-14,56.683,56.7637,55.6707,55.7513,78,955,58.3485795,0.8396495085248681,56.4322,58.3384115,0.8201610091806268
2012-11-15,55.8051,55.9842,55.3661,55.5542,78,955,58.357451,0.8238245436302346,55.7513,58.3485795,0.8396495085248681
2012-11-16,55.6169,55.9753,54.9271,55.7961,78,955,58.367220499999995,0.8398513619423603,55.5542,58.357451,0.8238245436302346
2012-11-19,56.4143,57.1847,56.4053,57.1399,78,955,58.3814845,0.8790476932321916,55.7961,58.367220499999995,0.8398513619423603
2012-11-20,57.131,57.2385,56.6114,57.1578,78,955,58.39494800000001,0.8610514294298921,57.1399,58.3814845,0.8790476932321916
2012-11-21,57.1937,57.3549,56.9787,57.2743,78,955,58.40530149999999,0.8264191844706139,57.1578,58.39494800000001,0.8610514294298921
2012-11-26,58.0269,58.4211,57.8208,58.3942,78,955,58.42138800000001,0.8493035284369991,57.2743,58.40530149999999,0.8264191844706139
2012-11-27,58.3763,58.5913,58.0985,58.1971,78,955,58.4359995,0.8238389906914988,58.3942,58.42138800000001,0.8493035284369991
2012-11-28,57.9283,58.7436,57.561,58.6898,78,955,58.451606,0.8494647770706776,58.1971,58.4359995,0.8238389906914988
2012-11-29,58.9675,59.2498,58.7525,59.0482,78,955,58.466958,0.8287887215656293,58.6898,58.451606,0.8494647770706776
2012-11-30,59.0571,59.1019,58.7794,58.9675,78,955,58.4838865,0.7926252414537985,59.0482,58.466958,0.8287887215656293
2012-12-03,59.4155,59.4603,58.8063,58.8645,78,955,58.497786500000004,0.7827234384928127,58.9675,58.4838865,0.7926252414537985
2012-12-04,58.8511,58.9228,58.4121,58.7525,78,955,58.5103255,0.7632931928861832,58.8645,58.497786500000004,0.7827234384928127
2012-12-05,58.7077,58.7257,57.8298,58.1433,78,955,58.521865,0.774679393394313,58.7525,58.5103255,0.7632931928861832
2012-12-06,57.9731,58.663,57.8118,58.5106,78,955,58.531370499999994,0.7801451510090048,58.1433,58.521865,0.774679393394313
2012-12-07,58.8152,58.869,57.9731,58.1702,78,955,58.540019,0.7884133545083615,58.5106,58.531370499999994,0.7801451510090048
2012-12-10,58.0089,58.6405,58.0089,58.3404,78,955,58.54871800000001,0.7772124006149075,58.1702,58.540019,0.7884133545083615
2012-12-11,58.7525,59.4334,58.6943,59.1109,78,955,58.562470499999996,0.7997686577138424,58.3404,58.54871800000001,0.7772124006149075
2012-12-12,59.3886,59.4155,58.8152,58.9586,78,955,58.5737265,0.7855208964485684,59.1109,58.562470499999996,0.7997686577138424
2012-12-13,58.869,59.2722,58.2598,58.5196,78,955,58.581808499999994,0.8017265467022421,58.9586,58.5737265,0.7855208964485684
2012-12-14,58.1344,58.3046,57.7581,57.9642,78,955,58.5867135,0.7988532219377962,58.5196,58.581808499999994,0.8017265467022421
2012-12-17,57.991,58.7436,57.9283,58.7257,78,955,58.592622999999996,0.8000279917993822,57.9642,58.5867135,0.7988532219377962
2012-12-18,58.9944,59.7111,58.86,59.6395,78,955,58.6043025,0.8132688495279977,58.7257,58.592622999999996,0.8000279917993822
2012-12-19,59.7649,59.8097,59.3259,59.3349,78,955,58.612145500000004,0.7897353602759981,59.6395,58.6043025,0.8132688495279977
2012-12-20,59.4692,59.4961,59.0661,59.3528,78,955,58.620389499999995,0.7640399773991411,59.3349,58.612145500000004,0.7897353602759981
2012-12-21,58.4613,58.8126,58.2,58.7315,78,955,58.628419,0.7918085504420596,59.3528,58.620389499999995,0.7640399773991411
2012-12-26,58.6324,58.7225,57.9207,58.1279,78,955,58.63620950000001,0.7931650825533411,58.7315,58.628419,0.7918085504420596
2012-12-27,58.1459,58.236,57.2991,58.0288,78,955,58.641304,0.8034318623709591,58.1279,58.63620950000001,0.7931650825533411
2012-12-28,57.6054,58.0468,57.4342,57.4612,78,955,58.6405795,0.7898010150587479,58.0288,58.641304,0.8034318623709591
2012-12-31,57.3711,58.7875,57.2811,58.6685,78,955,58.64469,0.8409866568402659,57.4612,58.6405795,0.7898010150587479
2013-01-02,60.0919,60.5694,59.8937,60.5514,78,955,58.658126,0.9166947527802469,58.6685,58.64469,0.8409866568402659
2013-01-04,60.2541,60.2541,59.8847,60.0379,78,955,58.6635225,0.8988379847245149,60.5514,58.658126,0.9166947527802469
2013-01-07,59.8667,60.146,59.6865,60.0559,78,955,58.667896500000005,0.8674567001013352,60.0379,58.6635225,0.8988379847245149
2013-01-08,60.0379,60.1956,59.6145,59.9478,78,955,58.6710185,0.847002650094097,60.0559,58.667896500000005,0.8674567001013352
2013-01-09,60.0199,60.3172,59.9568,60.146,78,955,58.67543049999999,0.8128881750873758,59.9478,58.6710185,0.847002650094097
2013-01-10,60.5514,60.6055,59.9568,60.4974,78,955,58.679371,0.8011604482954202,60.146,58.67543049999999,0.8128881750873758
2013-01-11,60.4884,60.6235,60.3622,60.5965,78,955,58.683272499999994,0.7625989877028901,60.4974,58.679371,0.8011604482954202
2013-01-14,60.2721,60.4974,60.0649,60.3172,78,955,58.6857325,0.7460990600098264,60.5965,58.683272499999994,0.7625989877028901
2013-01-15,60.0379,60.1181,59.7605,60.0289,78,955,58.6874195,0.7325705557234102,60.3172,58.6857325,0.7460990600098264
2013-01-16,60.137,60.4793,60.0019,60.2721,78,955,58.6904565,0.7143440874574526,60.0289,58.6874195,0.7325705557234102
2013-01-17,60.5244,60.7947,60.4163,60.5694,78,955,58.689774500000006,0.7006480812104916,60.2721,58.6904565,0.7143440874574526
2013-01-18,60.3622,60.4884,60.155,60.4523,78,955,58.6880525,0.6802017896954565,60.5694,58.689774500000006,0.7006480812104916
2013-01-22,60.4974,60.5694,60.119,60.5424,78,955,58.688029,0.6637873761457812,60.4523,58.6880525,0.6802017896954565
2013-01-23,60.8577,61.074,60.7767,60.8938,78,955,58.6907875,0.6543454207067967,60.5424,58.688029,0.6637873761457812
2013-01-24,60.0739,60.6145,59.9658,60.0559,78,955,58.690025000000006,0.6738921763705967,60.8938,58.6907875,0.6543454207067967
2013-01-25,60.2631,60.5334,60.128,60.3541,78,955,58.687633999999996,0.6598641637726969,60.0559,58.690025000000006,0.6738921763705967
2013-01-28,60.3802,60.7046,60.2992,60.4884,78,955,58.6860035,0.6416881520746471,60.3541,58.687633999999996,0.6598641637726969
2013-01-29,60.4163,60.6415,60.0289,60.5064,78,955,58.688607499999996,0.6396104269264582,60.4884,58.6860035,0.6416881520746471
2013-01-30,60.6145,60.7947,60.2451,60.3983,78,955,58.6887995,0.6331811107174254,60.5064,58.688607499999996,0.6396104269264582
2013-01-31,60.3532,60.6776,60.1911,60.2577,78,955,58.690605500000004,0.6227038885233236,60.3983,58.6887995,0.6331811107174254
2013-02-01,60.6685,61.065,60.4253,60.9388,78,955,58.70063050000001,0.6358893250573718,60.2577,58.690605500000004,0.6227038885233236
2013-02-04,60.5875,60.7766,59.8757,59.8847,78,955,58.7039585,0.6664043732675595,60.9388,58.70063050000001,0.6358893250573718
2013-02-05,60.146,60.9659,60.0109,60.7767,78,955,58.7083595,0.6960326323198763,59.8847,58.7039585,0.6664043732675595
2013-02-06,60.5514,60.8577,60.3983,60.5785,78,955,58.716271,0.6791303014398854,60.7767,58.7083595,0.6960326323198763
2013-02-07,60.6595,60.6965,59.9658,60.6235,78,955,58.7275715,0.6828138513370363,60.5785,58.716271,0.6791303014398854
2013-02-08,60.9388,61.3803,60.9298,61.2541,78,955,58.7362315,0.6880985762415336,60.6235,58.7275715,0.6828138513370363
2013-02-11,61.2812,61.3172,61.065,61.2541,78,955,58.74564899999999,0.6569629636528528,61.2541,58.7362315,0.6880985762415336
2013-02-12,61.1911,61.3082,60.9568,61.0019,78,955,58.756992,0.635137037677649,61.2541,58.74564899999999,0.6569629636528528
2013-02-13,61.2001,61.4704,61.0514,61.2451,78,955,58.770643,0.6232343921292454,61.0019,58.756992,0.635137037677649
2013-02-14,60.9478,61.3082,60.9208,61.2091,78,955,58.786565,0.6063890784057279,61.2451,58.770643,0.6232343921292454
2013-02-15,61.2361,61.3623,60.8667,61.0469,78,955,58.803324999999994,0.5984755728053185,61.2091,58.786565,0.6063890784057279
2013-02-19,61.1731,61.4974,61.137,61.4794,78,955,58.8145375,0.5879058890335099,61.0469,58.803324999999994,0.5984755728053185
2013-02-20,61.4794,61.4884,60.5244,60.5334,78,955,58.819371000000004,0.6147697541025449,61.4794,58.8145375,0.5879058890335099
2013-02-21,60.3262,60.3712,59.6685,59.8937,78,955,58.819179000000005,0.6326362002380773,60.5334,58.819371000000004,0.6147697541025449
2013-02-22,60.2181,60.4974,59.9928,60.4793,78,955,58.823965,0.6305693287925002,59.8937,58.819179000000005,0.6326362002380773
2013-02-25,60.9028,61.092,59.6865,59.7046,78,955,58.82443200000001,0.6859215195930356,60.4793,58.823965,0.6305693287925002
2013-02-26,59.8397,60.0739,59.4253,59.9658,78,955,58.8254025,0.6832556967649618,59.7046,58.82443200000001,0.6859215195930356
2013-02-27,59.9748,60.9478,59.8847,60.5785,78,955,58.832556000000004,0.7103874327103216,59.9658,58.8254025,0.6832556967649618
2013-02-28,60.5785,61.0289,60.4884,60.4974,78,955,58.8466575,0.6982526160881558,60.5785,58.832556000000004,0.7103874327103216
2013-03-01,60.2361,60.8127,59.9478,60.7136,78,955,58.8616175,0.7101560006532874,60.4974,58.8466575,0.6982526160881558
2013-03-04,60.5334,60.9839,60.4253,60.9568,78,955,58.878863,0.6993305720351954,60.7136,58.8616175,0.7101560006532874
2013-03-05,61.3532,61.9569,61.3352,61.8758,78,955,58.901371999999995,0.7208141026041098,60.9568,58.878863,0.6993305720351954
2013-03-06,62.056,62.0812,61.6415,61.7226,78,955,58.923961500000004,0.7007345238466736,61.8758,58.901371999999995,0.7208141026041098
2013-03-07,61.7947,61.9839,61.6686,61.8938,78,955,58.9474515,0.673203486429054,61.7226,58.923961500000004,0.7007345238466736
2013-03-08,62.101,62.1821,61.7136,61.9479,78,955,58.973930499999994,0.6585818088269787,61.8938,58.9474515,0.673203486429054
2013-03-11,61.8758,62.1551,61.6866,62.1371,78,955,59.002158,0.6450045367679087,61.9479,58.973930499999994,0.6585818088269787
2013-03-12,61.9659,62.1009,61.6145,61.9118,78,955,59.03130899999999,0.6362613555702008,62.1371,59.002158,0.6450045367679087
2013-03-13,61.9839,62.065,61.6145,61.8307,78,955,59.0658925,0.6229926873151863,61.9118,59.03130899999999,0.6362613555702008
2013-03-14,62.047,62.1731,61.91,62.047,78,955,59.104988999999996,0.6029503525069586,61.8307,59.0658925,0.6229926873151863
2013-03-15,62.0829,62.119,61.7126,61.8662,78,955,59.135828000000004,0.5889110416136043,62.047,59.104988999999996,0.6029503525069586
2013-03-18,61.3063,61.9806,61.1618,61.7217,78,955,59.166301000000004,0.605331681498347,61.8662,59.135828000000004,0.5889110416136043
2013-03-19,61.8932,62.0377,61.0625,61.6223,78,955,59.1956085,0.6317508471056081,61.7217,59.166301000000004,0.605331681498347
2013-03-20,62.0739,62.1822,61.7578,62.0197,78,955,59.2286415,0.6266186437409218,61.6223,59.1956085,0.6317508471056081
2013-03-21,61.4869,61.6314,61.1979,61.3334,78,955,59.258777499999994,0.6405601691879991,62.0197,59.2286415,0.6266186437409218
2013-03-22,61.5953,61.9836,61.523,61.9203,78,955,59.288372,0.6412487285317139,61.3334,59.258777499999994,0.6405601691879991
2013-03-25,62.1371,62.2725,61.4146,61.6765,78,955,59.31897599999999,0.6567238193508773,61.9203,59.288372,0.6412487285317139
2013-03-26,61.9565,62.0648,61.812,62.0468,78,955,59.352678999999995,0.6375506893972432,61.6765,59.31897599999999,0.6567238193508773
2013-03-27,61.6314,62.1732,61.532,62.1461,78,955,59.3940535,0.6378113544402977,62.0468,59.352678999999995,0.6375506893972432
2013-03-28,62.1371,62.3628,61.9836,62.2906,78,955,59.434279,0.6193391148374191,62.1461,59.3940535,0.6378113544402977
2013-04-01,62.3177,62.3899,61.6856,61.8571,78,955,59.471178,0.6254077494918889,62.2906,59.434279,0.6193391148374191
2013-04-02,62.1371,62.5525,62.1009,62.3357,78,955,59.5040975,0.630407195956754,61.8571,59.471178,0.6254077494918889
2013-04-03,62.3809,62.4712,61.6223,61.7939,78,955,59.53551100000001,0.6460138248169859,62.3357,59.5040975,0.630407195956754
2013-04-04,61.7759,61.9474,61.4598,61.7939,78,955,59.564295,0.6346985516157726,61.7939,59.53551100000001,0.6460138248169859
2013-04-05,60.8186,61.3695,60.6742,61.2882,78,955,59.5950075,0.6693415122146461,61.7939,59.564295,0.6346985516157726
2013-04-08,61.2973,61.6223,61.1257,61.6133,78,955,59.624269999999996,0.6570028327707429,61.2882,59.5950075,0.6693415122146461
2013-04-09,61.7849,62.2725,61.4869,62.0152,78,955,59.6575475,0.66618834471569,61.6133,59.624269999999996,0.6570028327707429
2013-04-10,62.2183,63.3652,62.2003,63.2297,78,955,59.69560549999999,0.7150320343788551,62.0152,59.6575475,0.66618834471569
2013-04-11,63.0672,63.3471,63.004,63.2026,78,955,59.7301265,0.6884654604946512,63.2297,59.69560549999999,0.7150320343788551
2013-04-12,63.0672,63.2026,62.6789,63.1665,78,955,59.7620105,0.6766964990307475,63.2026,59.7301265,0.6884654604946512
2013-04-15,62.9227,63.022,61.8391,61.8932,78,955,59.784535,0.723175320528551,63.1665,59.7620105,0.6766964990307475
2013-04-16,62.2906,62.8053,62.1371,62.7511,78,955,59.810992000000006,0.7366699404907976,61.8932,59.784535,0.723175320528551
2013-04-17,62.1642,62.2084,61.1437,61.514,78,955,59.838544,0.7988649447414549,62.7511,59.810992000000006,0.7366699404907976
2013-04-18,61.7036,61.7036,60.3942,60.6471,78,955,59.858724,0.8353317344027797,61.514,59.838544,0.7988649447414549
2013-04-19,60.7825,61.6142,60.6832,61.4779,78,955,59.888731,0.8447437533740094,60.6471,59.858724,0.8353317344027797
2013-04-22,61.7036,62.3448,61.4779,62.128,78,955,59.9201125,0.8463263424187232,61.4779,59.888731,0.8447437533740094
2013-04-23,62.4892,62.9408,62.1461,62.6969,78,955,59.952597,0.8439316036745289,62.128,59.9201125,0.8463263424187232
2013-04-24,62.5434,62.9137,62.417,62.6969,78,955,59.988297,0.8191293462692053,62.6969,59.952597,0.8439316036745289
2013-04-25,62.8775,63.2568,62.8414,63.013,78,955,60.0168675,0.8006129643928335,62.6969,59.988297,0.8191293462692053
2013-04-26,62.8685,63.004,62.5525,62.8143,78,955,60.04350649999999,0.7763191812219166,63.013,60.0168675,0.8006129643928335
2013-04-29,63.013,63.6451,62.9949,63.3923,78,955,60.0704445,0.7802106682774937,62.8143,60.04350649999999,0.7763191812219166
2013-04-30,63.4735,63.8709,63.2478,63.8618,78,955,60.10348199999999,0.7689884776862443,63.3923,60.0704445,0.7802106682774937
2013-05-01,63.8618,63.9792,63.4374,63.5819,78,955,60.135522,0.7527607292800842,63.8618,60.10348199999999,0.7689884776862443
2013-05-02,63.6722,64.503,63.618,64.3585,78,955,60.174125000000004,0.7647849629029355,63.5819,60.135522,0.7527607292800842
2013-05-03,64.9635,65.3247,64.9364,65.1351,78,955,60.218264,0.7791717512670115,64.3585,60.174125000000004,0.7647849629029355
2013-05-06,65.2435,65.4783,65.1893,65.3789,78,955,60.2662125,0.7480309118907973,65.1351,60.218264,0.7791717512670115
2013-05-07,65.4783,65.5324,65.099,65.3247,78,955,60.309780499999995,0.7255572753271683,65.3789,60.2662125,0.7480309118907973
2013-05-08,65.2976,65.713,65.1983,65.6498,78,955,60.35573350000001,0.710496041375227,65.3247,60.309780499999995,0.7255572753271683
2013-05-09,65.5053,66.0101,65.4421,65.5776,78,955,60.399807,0.7003177527055677,65.6498,60.35573350000001,0.710496041375227
2013-05-10,65.6679,65.993,65.5866,65.9749,78,955,60.4420255,0.6799664846551694,65.5776,60.399807,0.7003177527055677
2013-05-13,65.8575,66.2097,65.7943,66.0472,78,955,60.481479,0.6610688786083709,65.9749,60.4420255,0.6799664846551694
2013-05-14,66.0381,66.589,66.0381,66.3813,78,955,60.5263995,0.6531996729934872,66.0472,60.481479,0.6610688786083709
2013-05-15,66.2639,66.589,66.1013,66.5167,78,955,60.5754365,0.641378267779667,66.3813,60.5263995,0.6531996729934872
2013-05-16,66.607,66.9095,66.4174,66.4535,78,955,60.6264355,0.6307155343668333,66.5167,60.5754365,0.641378267779667
2013-05-17,66.7786,67.1218,66.58,67.0947,78,955,60.68260599999999,0.6334001390549158,66.4535,60.6264355,0.6307155343668333
2013-05-20,66.905,67.2075,66.7244,66.9682,78,955,60.7344365,0.6226644148367071,67.0947,60.68260599999999,0.6334001390549158
2013-05-21,66.9863,67.3114,66.7244,67.0676,78,955,60.77984049999999,0.6201169566340854,66.9682,60.7344365,0.6226644148367071
2013-05-22,67.1488,67.6816,66.1375,66.4987,78,955,60.8228915,0.6861157454459365,67.0676,60.77984049999999,0.6201169566340854
2013-05-23,65.8756,66.5529,65.7672,66.3,78,955,60.8649935,0.6932289064855118,66.4987,60.8228915,0.6861157454459365
2013-05-24,65.8846,66.309,65.704,66.309,78,955,60.9079,0.686926841736547,66.3,60.8649935,0.6932289064855118
2013-05-28,67.0495,67.3114,66.5167,66.7335,78,955,60.9540455,0.7094606387553657,66.309,60.9079,0.686926841736547
2013-05-29,66.4535,66.6432,66.0291,66.3993,78,955,60.992892000000005,0.7090991645585544,66.7335,60.9540455,0.7094606387553657
2013-05-30,66.4264,67.0721,66.4174,66.7605,78,955,61.03148999999999,0.706506367090087,66.3993,60.992892000000005,0.7090991645585544
2013-05-31,66.5077,67.0134,66.0833,66.1104,78,955,61.064380500000006,0.7224773408693672,66.7605,61.03148999999999,0.706506367090087
2013-06-03,66.1826,66.2819,65.406,66.2639,78,955,61.098217500000004,0.73343610223584,66.1104,61.064380500000006,0.7224773408693672
2013-06-04,66.3903,66.6612,65.6498,65.9117,78,955,61.1294445,0.753290666361851,66.2639,61.098217500000004,0.73343610223584
2013-06-05,65.713,65.9569,65.0087,65.1079,78,955,61.156295500000006,0.7672127616217188,65.9117,61.1294445,0.753290666361851
2013-06-06,65.1532,65.388,64.5391,65.3699,78,955,61.183831,0.7730475643630247,65.1079,61.156295500000006,0.7672127616217188
2013-06-07,65.6769,66.3452,65.4873,66.2729,78,955,61.215792,0.7874941669085231,65.3699,61.183831,0.7730475643630247
2013-06-10,66.4084,66.607,66.1555,66.3,78,955,61.24708449999999,0.763494583557914,66.2729,61.215792,0.7874941669085231
2013-06-11,65.6227,66.2278,65.415,65.6408,78,955,61.2715075,0.7721735418752051,66.3,61.24708449999999,0.763494583557914
2013-06-12,66.0201,66.0472,64.7829,64.8913,78,955,61.2908435,0.8073254317412624,65.6408,61.2715075,0.7721735418752051
2013-06-13,64.801,65.8485,64.6113,65.695,78,955,61.313750999999996,0.838030758045458,64.8913,61.2908435,0.8073254317412624
2013-06-14,65.704,65.7763,65.1721,65.2796,78,955,61.33578750000001,0.8213285610422114,65.695,61.313750999999996,0.838030758045458
2013-06-17,65.8124,66.2819,65.5595,65.8846,78,955,61.3596875,0.8342550923963385,65.2796,61.33578750000001,0.8213285610422114
2013-06-18,65.9839,66.5709,65.9749,66.4355,78,955,61.3887095,0.823686871510885,65.8846,61.3596875,0.8342550923963385
2013-06-19,66.4445,66.5348,65.6318,65.6589,78,955,61.412017000000006,0.8293520949743938,66.4355,61.3887095,0.823686871510885
2013-06-20,64.9455,65.1622,63.9251,64.0876,78,955,61.426976999999994,0.8939555167619372,65.6589,61.412017000000006,0.8293520949743938
2013-06-21,64.119,64.2911,63.2674,63.8381,78,955,61.44077849999999,0.9032229798503701,64.0876,61.426976999999994,0.8939555167619372
2013-06-24,63.2765,63.6569,62.6423,63.1678,78,955,61.451094499999996,0.9241213384324864,63.8381,61.44077849999999,0.9032229798503701
2013-06-25,63.7747,63.8834,63.2402,63.5935,78,955,61.466666000000004,0.9092269571158805,63.1678,61.451094499999996,0.9241213384324864
2013-06-26,64.1552,64.3182,63.9468,64.1869,78,955,61.483239000000005,0.8960464601790323,63.5935,61.466666000000004,0.9092269571158805
2013-06-27,64.5175,64.8799,64.436,64.4813,78,955,61.501462499999995,0.8815431415948166,64.1869,61.483239000000005,0.8960464601790323
2013-06-28,64.2458,64.9433,64.128,64.5175,78,955,61.520269,0.8768114886237579,64.4813,61.501462499999995,0.8815431415948166
2013-07-01,64.9977,65.4959,64.898,64.9705,78,955,61.534685499999995,0.8840678108649187,64.5175,61.520269,0.8768114886237579
2013-07-02,64.9433,65.3868,64.6353,64.9795,78,955,61.54957100000001,0.874598681517424,64.9705,61.534685499999995,0.8840678108649187
2013-07-05,65.6318,65.7767,65.0973,65.736,78,955,61.572058,0.8690702042661798,64.9795,61.54957100000001,0.874598681517424
2013-07-08,66.0757,66.121,65.5684,65.8039,78,955,61.59537600000001,0.8464651896757382,65.736,61.572058,0.8690702042661798
2013-07-09,66.121,66.3565,65.813,66.2025,78,955,61.61979349999999,0.8254748189846141,65.8039,61.59537600000001,0.8464651896757382
2013-07-10,66.1119,66.6917,66.1119,66.592,78,955,61.642004500000006,0.8079266176285695,66.2025,61.61979349999999,0.8254748189846141
2013-07-11,67.2986,67.9328,67.2624,67.9328,78,955,61.668195,0.8459890020836718,66.592,61.642004500000006,0.8079266176285695
2013-07-12,67.9599,68.2589,67.7787,68.2498,78,955,61.695881,0.8198612162205522,67.9328,61.668195,0.8459890020836718
2013-07-15,68.2679,68.4129,68.0958,68.3676,78,955,61.723887999999995,0.7839497007762268,68.2498,61.695881,0.8198612162205522
2013-07-16,68.431,68.4763,68.1049,68.2906,78,955,61.750929500000005,0.7544818650064959,68.3676,61.723887999999995,0.7839497007762268
2013-07-17,68.4853,68.6122,68.2589,68.44,78,955,61.778941499999995,0.7258260175060323,68.2906,61.750929500000005,0.7544818650064959
2013-07-18,68.431,68.6122,68.1683,68.2951,78,955,61.8061385,0.70568844482703,68.44,61.778941499999995,0.7258260175060323
2013-07-19,67.6882,67.7063,67.3711,67.5795,78,955,61.831818000000005,0.7212821273393855,68.2951,61.8061385,0.70568844482703
2013-07-22,67.824,67.9237,67.5613,67.7697,78,955,61.862748499999995,0.6956476896722861,67.5795,61.831818000000005,0.7212821273393855
2013-07-23,67.8965,67.9056,67.2171,67.2805,78,955,61.8936075,0.6951371404099802,67.7697,61.862748499999995,0.6956476896722861
2013-07-24,67.9328,67.9599,67.3349,67.4798,78,955,61.921207499999994,0.6940130589521245,67.2805,61.8936075,0.6951371404099802
2013-07-25,67.8422,67.9962,67.4526,67.9237,78,955,61.953625,0.6832692690269727,67.4798,61.921207499999994,0.6940130589521245
2013-07-26,67.6429,68.286,67.5342,68.286,78,955,61.988302000000004,0.688164321239332,67.9237,61.953625,0.6832692690269727
2013-07-29,68.1411,68.431,67.9689,68.132,78,955,62.0214025,0.6720168697222364,68.286,61.988302000000004,0.688164321239332
2013-07-30,68.3948,68.8024,68.2589,68.4853,78,955,62.054209,0.671901379027791,68.132,62.0214025,0.6720168697222364
2013-07-31,68.6393,69.0378,68.5125,68.6212,78,955,62.08662,0.6633727090972352,68.4853,62.054209,0.671901379027791
2013-08-01,69.1195,69.4365,69.0379,69.3369,78,955,62.124401500000005,0.6742246584474323,68.6212,62.08662,0.6633727090972352
2013-08-02,69.3641,69.7445,69.192,69.7355,78,955,62.1668635,0.6655300399869021,69.3369,62.124401500000005,0.6742246584474323
2013-08-05,69.6539,69.8261,69.5543,69.7626,78,955,62.214388500000005,0.6374064657021232,69.7355,62.1668635,0.6655300399869021
2013-08-06,69.6811,69.7445,69.0742,69.3369,78,955,62.261308,0.6410488610091145,69.7626,62.214388500000005,0.6374064657021232
2013-08-07,69.1648,69.3622,68.7299,69.2372,78,955,62.30867,0.6404239423656064,69.3369,62.261308,0.6410488610091145
2013-08-08,69.6086,69.7355,69.1195,69.5634,78,955,62.357752,0.6386793750537774,69.2372,62.30867,0.6404239423656064
2013-08-09,69.4818,69.6992,69.0923,69.2916,78,955,62.403325,0.6364094196927941,69.5634,62.357752,0.6386793750537774
2013-08-12,69.0289,69.5814,69.0198,69.4546,78,955,62.445412499999996,0.6310658897147373,69.2916,62.403325,0.6364094196927941
2013-08-13,69.5452,69.9982,69.047,69.8261,78,955,62.489537,0.6539326118779705,69.4546,62.445412499999996,0.6310658897147373
2013-08-14,69.817,69.9167,69.4818,69.5905,78,955,62.5359325,0.6382874253152583,69.8261,62.489537,0.6539326118779705
2013-08-15,68.8296,68.8386,68.2045,68.4129,78,955,62.5837865,0.6916954663641692,69.5905,62.5359325,0.6382874253152583
2013-08-16,68.431,68.7299,68.2589,68.3495,78,955,62.629666,0.6759315044810146,68.4129,62.5837865,0.6916954663641692
2013-08-19,68.3857,68.9655,68.2408,68.2589,78,955,62.6781385,0.6794149684466573,68.3495,62.629666,0.6759315044810146
2013-08-20,68.3857,68.8749,68.3313,68.5578,78,955,62.729225500000005,0.6748853278433246,68.2589,62.6781385,0.6794149684466573
2013-08-21,68.3585,68.9292,68.0686,68.3223,78,955,62.7789555,0.6881506615688008,68.5578,62.729225500000005,0.6748853278433246
2013-08-23,69.4999,69.5452,69.2101,69.4546,78,955,62.8334515,0.7263470428853147,68.3223,62.7789555,0.6881506615688008
2013-08-26,69.4999,70.0072,69.3459,69.4456,78,955,62.8898285,0.7217008255363634,69.4546,62.8334515,0.7263470428853147
2013-08-27,68.6846,69.0108,67.9056,68.0324,78,955,62.934839000000004,0.7801507665694798,69.4456,62.8898285,0.7217008255363634
2013-08-28,68.0143,68.6212,67.9871,68.3313,78,955,62.9847485,0.7697185689573743,68.0324,62.934839000000004,0.7801507665694798
2013-08-29,68.3132,69.1557,68.2136,68.7933,78,955,63.0349075,0.7820315283175616,68.3313,62.9847485,0.7697185689573743
2013-08-30,68.8839,68.8839,68.123,68.3676,78,955,63.082221499999996,0.7805221334377352,68.7933,63.0349075,0.7820315283175616
2013-09-03,68.9383,69.2463,68.431,68.7571,78,955,63.138515500000004,0.7875348381921834,68.3676,63.082221499999996,0.7805221334377352
2013-09-04,68.9745,69.6086,68.7843,69.4999,78,955,63.2029135,0.7921037783213133,68.7571,63.138515500000004,0.7875348381921834
2013-09-05,69.5271,69.8034,69.509,69.6177,78,955,63.266825499999996,0.7572035084412195,69.4999,63.2029135,0.7921037783213133
2013-09-06,69.8442,70.0616,68.893,69.6811,78,955,63.331143999999995,0.7865889721239895,69.6177,63.266825499999996,0.7572035084412195
2013-09-09,69.9619,70.6232,69.9619,70.5055,78,955,63.4015105,0.7976969026865615,69.6811,63.331143999999995,0.7865889721239895
2013-09-10,70.9041,70.9494,70.587,70.8488,78,955,63.476998,0.772425695351807,70.5055,63.4015105,0.7976969026865615
2013-09-11,70.3787,70.7591,70.2881,70.7229,78,955,63.55284149999999,0.7573024313981064,70.8488,63.476998,0.772425695351807
2013-09-12,70.7138,70.886,70.5236,70.6685,78,955,63.62720350000001,0.7290951148696698,70.7229,63.55284149999999,0.7573024313981064
2013-09-13,70.7591,70.7908,70.3334,70.7048,78,955,63.695028,0.7096883209504081,70.6685,63.62720350000001,0.7290951148696698
2013-09-16,71.2845,71.3117,70.3605,70.5145,78,955,63.76181149999999,0.726939155168236,70.7048,63.695028,0.7096883209504081
2013-09-17,70.6414,71.0853,70.6414,70.9947,78,955,63.830413500000006,0.7157863583705053,70.5145,63.76181149999999,0.726939155168236
2013-09-18,71.1034,71.9911,70.9584,71.8552,78,955,63.8977185,0.7384230470583267,70.9947,63.830413500000006,0.7157863583705053
2013-09-19,72.0546,72.1859,71.8915,72.0183,78,955,63.9668245,0.7092999722684469,71.8552,63.8977185,0.7384230470583267
2013-09-20,72.2078,72.2714,71.7353,71.7717,78,955,64.032234,0.6969285456778439,72.0183,63.9668245,0.7092999722684469
2013-09-23,72.0897,72.1533,71.2856,71.6354,78,955,64.09517000000001,0.709126506700855,71.7717,64.032234,0.6969285456778439
2013-09-24,71.7808,72.0079,71.39,71.6263,78,955,64.15846400000001,0.7026103276507943,71.6354,64.09517000000001,0.709126506700855
2013-09-25,71.6717,71.7808,71.2356,71.39,78,955,64.2210915,0.6913667328185944,71.6263,64.15846400000001,0.7026103276507943
2013-09-26,71.6626,72.1079,71.6445,71.9261,78,955,64.28695950000001,0.6932619661886947,71.39,64.2210915,0.6913667328185944
2013-09-27,71.5445,71.9716,71.4082,71.8444,78,955,64.35546500000001,0.6839861114609309,71.9261,64.28695950000001,0.6932619661886947
2013-09-30,71.1175,71.8625,70.8721,71.6263,78,955,64.42104350000001,0.7058728177851497,71.8444,64.35546500000001,0.6839861114609309
2013-10-01,71.6626,72.435,71.6405,72.3895,78,955,64.49214,0.713217616514782,71.6263,64.42104350000001,0.7058728177851497
2013-10-02,71.8989,72.4713,71.8353,72.3714,78,955,64.56229499999999,0.7077020724780116,72.3895,64.49214,0.713217616514782
2013-10-03,72.2714,72.435,71.1447,71.5263,78,955,64.624372,0.7493162101581538,72.3714,64.56229499999999,0.7077020724780116
2013-10-04,71.5173,72.2441,71.4627,72.1533,78,955,64.69034549999999,0.7516079094325717,71.5263,64.624372,0.7493162101581538
2013-10-07,71.5263,72.0988,71.4809,71.5445,78,955,64.75547,0.7459502016159593,72.1533,64.69034549999999,0.7516079094325717
2013-10-08,71.5445,71.6081,70.1362,70.1998,78,955,64.816648,0.7978037586433901,71.5445,64.75547,0.7459502016159593
2013-10-09,70.3361,70.3633,69.3729,69.9453,78,955,64.872746,0.8115606330260047,70.1998,64.816648,0.7978037586433901
2013-10-10,70.6904,71.5899,70.6813,71.4264,78,955,64.9316805,0.8710634449527184,69.9453,64.872746,0.8115606330260047
2013-10-11,71.2538,72.0443,71.2356,71.9806,78,955,64.99490899999999,0.8666089131703815,71.4264,64.9316805,0.8710634449527184
2013-10-14,71.5445,72.4986,71.49,72.4804,78,955,65.060547,0.8767511336582114,71.9806,64.99490899999999,0.8666089131703815
2013-10-15,72.435,72.7893,72.126,72.226,78,955,65.1280195,0.8615046241111959,72.4804,65.060547,0.8767511336582114
2013-10-16,72.5349,73.071,72.4986,73.0437,78,955,65.2025985,0.8603257223889675,72.226,65.1280195,0.8615046241111959
2013-10-17,72.6894,73.4799,72.6439,73.4344,78,955,65.27962649999999,0.8585881707897555,73.0437,65.2025985,0.8603257223889675
2013-10-18,74.1068,74.6702,73.916,74.6429,78,955,65.365535,0.8855318728762014,73.4344,65.27962649999999,0.8585881707897555
2013-10-21,74.7883,74.9973,74.5702,74.7792,78,955,65.4460885,0.8527867390993296,74.6429,65.365535,0.8855318728762014
2013-10-22,75.0609,75.3244,74.443,74.8882,78,955,65.5177725,0.8548305434493775,74.7792,65.4460885,0.8527867390993296
2013-10-23,74.5429,74.6883,74.0977,74.4703,78,955,65.5899345,0.8502355046315644,74.8882,65.5177725,0.8548305434493775
2013-10-24,74.4975,74.9427,74.3976,74.7974,78,955,65.663642,0.8284401114435959,74.4703,65.5899345,0.8502355046315644
2013-10-25,75.5061,75.6696,74.9609,75.288,78,955,65.740343,0.8315658177690538,74.7974,65.663642,0.8284401114435959
2013-10-28,75.3244,75.4607,75.0063,75.3334,78,955,65.81628,0.8046254022141218,75.288,65.740343,0.8315658177690538
2013-10-29,75.5697,75.6515,75.1426,75.4607,78,955,65.8910965,0.7835021591988272,75.3334,65.81628,0.8046254022141218
2013-10-30,75.7332,75.8559,75.0336,75.3789,78,955,65.96500850000001,0.786273433541768,75.4607,65.8910965,0.7835021591988272
2013-10-31,75.2062,75.6878,74.9427,75.2153,78,955,66.03949899999999,0.7833324740030698,75.3789,65.96500850000001,0.786273433541768
2013-11-01,75.4516,75.5688,74.8701,75.2153,78,955,66.115431,0.777287297288565,75.2153,66.03949899999999,0.7833324740030698
2013-11-04,75.4607,75.4788,75.0881,75.3425,78,955,66.190783,0.7496739189108111,75.2153,66.115431,0.777287297288565
2013-11-05,75.0427,75.6151,74.8428,75.4516,78,955,66.26519400000001,0.751290067560039,75.3425,66.190783,0.7496739189108111
2013-11-06,75.7332,75.7787,75.1699,75.4061,78,955,66.33996300000001,0.741112205591465,75.4516,66.26519400000001,0.751290067560039
2013-11-07,75.397,75.5333,73.9342,73.9978,78,955,66.40724,0.802397048049217,75.4061,66.33996300000001,0.741112205591465
2013-11-08,74.2613,75.0154,74.0614,74.9973,78,955,66.4777575,0.817768687474273,73.9978,66.40724,0.802397048049217
2013-11-11,74.861,75.0881,74.6338,74.8973,78,955,66.5519645,0.791806638368968,74.9973,66.4777575,0.817768687474273
2013-11-12,74.652,75.1063,74.6155,74.9882,78,955,66.625135,0.7703061641997565,74.8973,66.5519645,0.791806638368968
2013-11-13,74.5157,75.9059,74.5066,75.9059,78,955,66.7022225,0.8152342953283451,74.9882,66.625135,0.7703061641997565
2013-11-14,75.6787,76.1966,75.5424,76.1058,78,955,66.7802195,0.803731845662035,75.9059,66.7022225,0.8152342953283451
2013-11-15,76.1694,76.2875,75.9695,76.2784,78,955,66.85961999999999,0.7690367138290324,76.1058,66.7802195,0.803731845662035
2013-11-18,76.2693,76.4192,75.397,75.5606,78,955,66.9361345,0.7871198056983871,76.2784,66.85961999999999,0.7690367138290324
2013-11-19,75.497,75.8604,75.1972,75.3334,78,955,67.0081075,0.7782683910056455,75.5606,66.9361345,0.7871198056983871
2013-11-20,75.5424,75.806,74.92,75.1154,78,955,67.08426100000001,0.7859635059338134,75.3334,67.0081075,0.7782683910056455
2013-11-21,75.4334,75.9695,75.397,75.8968,78,955,67.15986149999999,0.7908303983671127,75.1154,67.08426100000001,0.7859635059338134
2013-11-22,76.0422,76.342,75.9786,76.3148,78,955,67.23854299999999,0.7661425127694618,75.8968,67.15986149999999,0.7908303983671127
2013-11-25,76.5873,76.6691,76.3057,76.4783,78,955,67.31781699999999,0.7373751904287859,76.3148,67.23854299999999,0.7661425127694618
2013-11-26,76.5237,77.0871,76.3466,76.8781,78,955,67.39593699999999,0.7375983911124449,76.4783,67.31781699999999,0.7373751904287859
2013-11-27,77.0416,77.4505,76.9871,77.4324,78,955,67.4768285,0.7257985060329847,76.8781,67.39593699999999,0.7375983911124449
2013-12-02,77.9866,78.1047,77.5505,77.6595,78,955,67.56011649999999,0.7219771841734853,77.4324,67.4768285,0.7257985060329847
2013-12-03,77.6141,77.814,77.3051,77.605,78,955,67.641916,0.7067573853039505,77.6595,67.56011649999999,0.7219771841734853
2013-12-04,77.2779,77.9321,77.0326,77.6868,78,955,67.7243045,0.7205247149250972,77.605,67.641916,0.7067573853039505
2013-12-05,77.7504,77.8321,77.3869,77.5959,78,955,67.8070495,0.7008586638590187,77.6868,67.7243045,0.7205247149250972
2013-12-06,78.2319,78.3046,77.7685,78.132,78,955,67.8903125,0.7014187592976597,77.5959,67.8070495,0.7008586638590187
2013-12-09,78.4591,78.6226,78.3228,78.45,78,955,67.9798955,0.6863602764906841,78.132,67.8903125,0.7014187592976597
2013-12-10,78.3137,78.55,78.2501,78.4046,78,955,68.07245,0.6587559710270634,78.45,67.9798955,0.6863602764906841
2013-12-11,78.3864,78.5054,77.287,77.4051,78,955,68.15707900000001,0.6987305445251295,78.4046,68.07245,0.6587559710270634
2013-12-12,77.4505,77.6142,77.1416,77.2234,78,955,68.24467299999999,0.6825783627733345,77.4051,68.15707900000001,0.6987305445251295
2013-12-13,77.5596,77.5959,76.968,77.0962,78,955,68.33032499999999,0.6786727654323818,77.2234,68.24467299999999,0.6825783627733345
2013-12-16,77.4778,77.9684,77.4233,77.5323,78,955,68.415094,0.6924961393300693,77.0962,68.33032499999999,0.6786727654323818
2013-12-17,77.5323,77.714,77.2234,77.396,78,955,68.499587,0.6780749865207786,77.5323,68.415094,0.6924961393300693
2013-12-18,77.4324,78.341,76.3693,78.2955,78,955,68.5874965,0.7704767731978658,77.396,68.499587,0.6780749865207786
2013-12-19,78.132,78.1502,77.7049,78.0502,78,955,68.67296350000001,0.7576284322551617,78.2955,68.5874965,0.7704767731978658
2013-12-20,78.1593,79.007,78.1411,78.8247,78,955,68.75770800000001,0.7718549728083646,78.0502,68.67296350000001,0.7576284322551617
2013-12-23,79.4718,79.6632,79.2531,79.6541,78,955,68.8473655,0.7766153318934811,78.8247,68.75770800000001,0.7718549728083646
2013-12-26,79.8455,80.0369,79.6997,79.964,78,955,68.9377165,0.7484856653296612,79.6541,68.8473655,0.7766153318934811
2013-12-27,80.0552,80.119,79.6742,79.7726,78,955,69.02684,0.7267938320918284,79.964,68.9377165,0.7484856653296612
2013-12-30,79.6541,79.7635,79.4262,79.645,78,955,69.1143795,0.6996228440852693,79.7726,69.02684,0.7267938320918284
2013-12-31,79.7908,80.1737,79.7726,80.1645,78,955,69.205643,0.6874140695077502,79.645,69.1143795,0.6996228440852693
2014-01-02,79.7999,79.8273,79.3169,79.5539,78,955,69.294259,0.698855921685768,80.1645,69.205643,0.6874140695077502
2014-01-03,79.5447,79.6177,78.9523,78.9705,78,955,69.37887649999999,0.6964662129939279,79.5539,69.294259,0.698855921685768
2014-01-06,78.9796,79.0799,78.3872,78.6879,78,955,69.462985,0.696197197780075,78.9705,69.37887649999999,0.6964662129939279
2014-01-07,79.0252,79.5265,78.8976,79.3807,78,955,69.55127999999999,0.7063688265100697,78.6879,69.462985,0.696197197780075
2014-01-08,79.3989,79.7999,79.2485,79.5994,78,955,69.6411655,0.6952996246164924,79.3807,69.55127999999999,0.7063688265100697
2014-01-09,79.8638,79.882,79.0434,79.3078,78,955,69.727606,0.7055353657153144,79.5994,69.6411655,0.6952996246164924
2014-01-10,79.5174,79.6632,78.9158,79.5721,78,955,69.81879950000001,0.708525696735649,79.3078,69.727606,0.7055353657153144
2014-01-13,79.4627,79.7361,78.0909,78.4054,78,955,69.90122500000001,0.7754310041116733,79.5721,69.81879950000001,0.708525696735649
2014-01-14,78.6606,79.9549,78.6606,79.8911,78,955,69.992298,0.8307216466751249,78.4054,69.90122500000001,0.7754310041116733
2014-01-15,80.2101,80.7023,80.1554,80.5382,78,955,70.084755,0.8293272433411873,79.8911,69.992298,0.8307216466751249
2014-01-16,80.4653,80.675,80.356,80.5747,78,955,70.176898,0.7928752973882457,80.5382,70.084755,0.8293272433411873
2014-01-17,80.3195,80.5475,79.9093,80.1007,78,955,70.26594850000001,0.7837699190033715,80.5747,70.176898,0.7928752973882457
2014-01-21,80.6112,80.7479,80.0369,80.7205,78,955,70.3602655,0.7785720676459877,80.1007,70.26594850000001,0.7837699190033715
2014-01-22,80.8937,81.1216,80.6841,80.9666,78,955,70.45342,0.7542097770998458,80.7205,70.3602655,0.7785720676459877
2014-01-23,80.6659,80.6841,80.0825,80.6476,78,955,70.54768849999999,0.7634876501641429,80.9666,70.45342,0.7542097770998458
2014-01-24,80.2648,80.3742,79.0343,79.0434,78,955,70.633936,0.8241885322952751,80.6476,70.54768849999999,0.7634876501641429
2014-01-27,79.089,79.1984,77.7035,78.3234,78,955,70.719112,0.8720964942741841,79.0434,70.633936,0.8241885322952751
2014-01-28,77.8585,78.3325,77.7582,78.2504,78,955,70.80229750000001,0.850825316111742,78.3234,70.719112,0.8720964942741841
2014-01-29,77.5668,78.1502,77.2569,77.421,78,955,70.8793265,0.8610163649609031,78.2504,70.80229750000001,0.850825316111742
2014-01-30,78.378,79.1163,78.2778,78.8247,78,955,70.9573015,0.9206080531779807,77.421,70.8793265,0.8610163649609031
2014-01-31,77.9679,79.007,77.8858,78.5968,78,955,71.0342725,0.9349360493795537,78.8247,70.9573015,0.9206080531779807
2014-02-03,78.5148,78.8429,76.628,76.8376,78,955,71.102628,1.0263620458524427,78.5968,71.0342725,0.9349360493795537
2014-02-04,77.2022,77.7035,76.9835,77.4301,78,955,71.1803125,1.0149004711486977,76.8376,71.102628,1.0263620458524427
2014-02-05,77.1475,77.4667,76.3272,77.1749,78,955,71.2524315,1.0238004374952192,77.4301,71.1803125,1.0149004711486977
2014-02-06,77.4119,78.2778,77.4028,78.1593,78,955,71.33565800000001,1.029450406245561,77.1749,71.2524315,1.0238004374952192
2014-02-07,78.6333,79.6259,78.3872,79.5447,78,955,71.430146,1.0606753772280209,78.1593,71.33565800000001,1.029450406245561
2014-02-10,79.5265,80.0643,79.49,80.0278,78,955,71.5228955,1.0259342788545913,79.5447,71.430146,1.0606753772280209
2014-02-11,80.1554,81.0942,80.1099,80.9302,78,955,71.6169065,1.028824687507835,80.0278,71.5228955,1.0259342788545913
2014-02-12,81.0942,81.2761,80.8482,81.0851,78,955,71.7088475,0.9859014955429893,80.9302,71.6169065,1.028824687507835
2014-02-13,80.4927,81.7596,80.4836,81.7232,78,955,71.803979,1.0066228172899194,81.0851,71.7088475,0.9859014955429893
2014-02-14,81.632,82.0422,81.4224,81.8599,78,955,71.8982135,0.978992616054925,81.7232,71.803979,1.0066228172899194
2014-02-18,81.9693,82.4133,81.7961,82.2701,78,955,71.9954925,0.953150286336717,81.8599,71.8982135,0.978992616054925
2014-02-19,82.0969,82.2928,81.5318,81.6958,78,955,72.08701,0.939425265884094,82.2701,71.9954925,0.953150286336717
2014-02-20,81.7505,82.2336,81.4042,82.0878,78,955,72.17814,0.9315663183209439,81.6958,72.08701,0.939425265884094
2014-02-21,82.343,82.4569,81.869,81.9237,78,955,72.269849,0.9070187241551626,82.0878,72.17814,0.9315663183209439
2014-02-24,82.1242,82.7805,82.0695,82.4614,78,955,72.36036349999999,0.9034316724297944,81.9237,72.269849,0.9070187241551626
2014-02-25,82.5162,82.6893,82.0513,82.3065,78,955,72.4462205,0.8844722672562381,82.4614,72.36036349999999,0.9034316724297944
2014-02-26,82.5435,82.7987,81.9146,82.2245,78,955,72.5304485,0.8844456767379356,82.3065,72.4462205,0.8844722672562381
2014-02-27,82.2525,82.8566,82.1244,82.7559,78,955,72.61760450000001,0.8735709855423692,82.2245,72.5304485,0.8844456767379356
2014-02-28,82.7468,83.2501,81.9505,82.6827,78,955,72.702769,0.9040016294321999,82.7559,72.61760450000001,0.8735709855423692
2014-03-03,81.8956,82.2891,81.3373,82.0512,78,955,72.78513699999999,0.9355300844727569,82.6827,72.702769,0.9040016294321999
2014-03-04,82.9481,83.2685,82.8841,83.1586,78,955,72.8710555,0.9556565070104177,82.0512,72.78513699999999,0.9355300844727569
2014-03-05,83.2547,83.4881,83.0763,83.3691,78,955,72.957665,0.9168096136525308,83.1586,72.8710555,0.9556565070104177
2014-03-06,83.5156,83.5934,82.9664,83.2501,78,955,73.042009,0.896108926963065,83.3691,72.957665,0.9168096136525308
2014-03-07,83.5339,83.6162,82.4365,82.8474,78,955,73.1236625,0.9163654321799897,83.2501,73.042009,0.896108926963065
2014-03-10,82.8108,82.971,82.399,82.9207,78,955,73.2059985,0.8917679013099906,82.8474,73.1236625,0.9163654321799897
2014-03-11,83.1312,83.3371,82.3258,82.5728,78,955,73.283389,0.9003059083592775,82.9207,73.2059985,0.8917679013099906
2014-03-12,82.2068,82.9298,81.8956,82.8749,78,955,73.3629225,0.9098697720479004,82.5728,73.283389,0.9003059083592775
2014-03-13,83.1952,83.2227,81.3373,81.7034,78,955,73.4361015,0.9795505026159079,82.8749,73.3629225,0.9098697720479004
2014-03-14,81.438,81.8041,81.1176,81.1359,78,955,73.5092875,0.9586183238576295,81.7034,73.4361015,0.9795505026159079
2014-03-17,81.6759,82.2891,81.6302,81.8681,78,955,73.587128,0.9725170150106558,81.1359,73.5092875,0.9586183238576295
2014-03-18,81.9505,82.9573,81.9414,82.8703,78,955,73.6699345,0.9808515139384666,81.8681,73.587128,0.9725170150106558
2014-03-19,82.8841,82.9756,81.8681,82.4173,78,955,73.74835350000001,0.9898978343714334,82.8703,73.6699345,0.9808515139384666
2014-03-20,82.1702,82.8841,81.9871,82.6369,78,955,73.82954149999999,0.9832622747734744,82.4173,73.74835350000001,0.9898978343714334
2014-03-21,83.1218,83.1585,81.4843,81.6357,78,955,73.9039175,1.032614969432512,82.6369,73.82954149999999,0.9832622747734744
2014-03-24,81.9384,82.0026,80.1863,80.9385,78,955,73.978058,1.088592471615904,81.6357,73.9039175,1.032614969432512
2014-03-25,81.3605,81.8742,80.5166,81.2045,78,955,74.052761,1.1078072950719111,80.9385,73.978058,1.088592471615904
2014-03-26,81.6082,81.7825,80.1404,80.1588,78,955,74.1239965,1.1459710597096318,81.2045,74.052761,1.1078072950719111
2014-03-27,80.0578,80.3973,79.2597,79.6909,78,955,74.1969115,1.1453731268732301,80.1588,74.1239965,1.1459710597096318
2014-03-28,79.9478,80.7367,79.6359,79.8744,78,955,74.269434,1.1421893320965704,79.6909,74.1969115,1.1453731268732301
2014-03-31,80.4798,80.966,80.3789,80.434,78,955,74.3402395,1.1385758083753867,79.8744,74.269434,1.1421893320965704
2014-04-01,80.8193,81.8926,80.8009,81.8375,78,955,74.417927,1.1614346792057166,80.434,74.3402395,1.1385758083753867
2014-04-02,82.1861,82.2687,81.677,82.0485,78,955,74.4999655,1.1207393449767362,81.8375,74.417927,1.1614346792057166
2014-04-03,82.1494,82.2678,80.9293,81.388,78,955,74.58244900000001,1.1362936774783976,82.0485,74.4999655,1.1207393449767362
2014-04-04,81.9109,82.021,79.0212,79.2047,78,955,74.6499975,1.269401271944227,81.388,74.58244900000001,1.1362936774783976
2014-04-07,78.746,79.4707,77.9305,78.4892,78,955,74.7160455,1.288744038233925,79.2047,74.6499975,1.269401271944227
2014-04-08,78.5717,79.3148,78.2965,79.2047,78,955,74.782646,1.2694266069315026,78.4892,74.7160455,1.288744038233925
2014-04-09,79.5074,80.6083,79.2873,80.544,78,955,74.8531885,1.2790104207221094,79.2047,74.782646,1.2694266069315026
2014-04-10,80.6083,80.6174,77.847,78.0763,78,955,74.91527549999999,1.385538247813388,80.544,74.8531885,1.2790104207221094
2014-04-11,77.3792,78.3791,76.9755,77.1498,78,955,74.98058650000002,1.3868283729695743,78.0763,74.91527549999999,1.385538247813388
2014-04-14,77.8378,78.1773,77.0489,77.7736,78,955,75.050264,1.3683692034717476,77.1498,74.98058650000002,1.3868283729695743
2014-04-15,78.0305,78.4708,76.3976,78.0213,78,955,75.1245315,1.418714260366623,77.7736,75.050264,1.3683692034717476
2014-04-16,78.7368,79.0579,78.0589,79.0487,78,955,75.2018075,1.3914203846261506,78.0213,75.1245315,1.418714260366623
2014-04-17,78.7919,79.4707,78.5534,79.0763,78,955,75.2762545,1.3575546428671397,79.0487,75.2018075,1.3914203846261506
2014-04-21,79.2689,79.6634,78.8928,79.6542,78,955,75.352119,1.3156293112337727,79.0763,75.2762545,1.3575546428671397
2014-04-22,79.9019,80.4936,79.8008,80.3055,78,955,75.43105899999999,1.2816129318599316,79.6542,75.352119,1.3156293112337727
2014-04-23,80.3147,80.3239,79.5441,79.5808,78,955,75.50411050000001,1.2457691510127933,80.3055,75.43105899999999,1.2816129318599316
2014-04-24,80.911,80.9202,79.4891,80.3606,78,955,75.581016,1.2590070687975938,79.5808,75.50411050000001,1.2457691510127933
2014-04-25,79.8835,79.9661,78.8745,79.0533,78,955,75.6476025,1.2752279924549093,80.3606,75.581016,1.2590070687975938
2014-04-28,79.4249,79.9111,78.0763,79.3423,78,955,75.7152945,1.315197421565273,79.0533,75.6476025,1.2752279924549093
2014-04-29,79.5808,80.1037,79.1772,79.9569,78,955,75.7840665,1.2874333200248966,79.3423,75.7152945,1.315197421565273
2014-04-30,79.6175,80.2505,79.3882,80.1771,78,955,75.851992,1.257066654308833,79.9569,75.7840665,1.2874333200248966
2014-05-01,80.2964,80.8651,80.0945,80.4156,78,955,75.914406,1.2223190361439162,80.1771,75.851992,1.257066654308833
2014-05-02,80.6725,80.8284,80.067,80.2597,78,955,75.97445549999999,1.189396247847923,80.4156,75.914406,1.2223190361439162
2014-05-05,79.7918,80.7,79.59,80.6725,78,955,76.03598,1.183725087287357,80.2597,75.97445549999999,1.189396247847923
2014-05-06,80.5716,80.5991,79.5992,79.6359,78,955,76.09270649999999,1.175837581052546,80.6725,76.03598,1.183725087287357
2014-05-07,79.8102,79.8835,78.4616,79.4065,78,955,76.14753900000001,1.193413468120221,79.6359,76.09270649999999,1.175837581052546
2014-05-08,79.1313,80.2964,78.9387,79.3331,78,955,76.202729,1.2051482203973487,79.4065,76.14753900000001,1.193413468120221
2014-05-09,79.2689,79.6817,78.7552,79.6267,78,955,76.262965,1.1852447760832525,79.3331,76.202729,1.2051482203973487
2014-05-12,80.0945,80.966,80.0303,80.9202,78,955,76.3287175,1.1962487206487342,79.6267,76.262965,1.1852447760832525
2014-05-13,81.0211,81.2871,80.8376,80.9844,78,955,76.397237,1.1429095263166817,80.9202,76.3287175,1.1962487206487342
2014-05-14,80.755,81.0486,80.3789,80.5532,78,955,76.462604,1.1091088458654896,80.9844,76.397237,1.1429095263166817
2014-05-15,80.5532,80.6908,79.4249,79.9386,78,955,76.5226785,1.1203082140179548,80.5532,76.462604,1.1091088458654896
2014-05-16,80.0303,80.5073,79.4799,80.4523,78,955,76.58350999999999,1.1136719130166723,79.9386,76.5226785,1.1203082140179548
2014-05-19,80.2413,81.1495,80.0854,81.0302,78,955,76.64800100000001,1.1101310620869098,80.4523,76.58350999999999,1.1136719130166723
2014-05-20,80.9844,81.2779,80.3973,80.7367,78,955,76.709258,1.0937359862235594,81.0302,76.64800100000001,1.1101310620869098
2014-05-21,80.8743,81.544,80.8284,81.4981,78,955,76.7736425,1.0732762729218763,80.7367,76.709258,1.0937359862235594
2014-05-22,81.5898,82.0852,81.4614,81.8467,78,955,76.8361915,1.0411708248560283,81.4981,76.7736425,1.0732762729218763
2014-05-23,81.9476,82.4705,81.755,82.443,78,955,76.899729,1.0179086230805983,81.8467,76.8361915,1.0411708248560283
2014-05-27,82.8191,83.4888,82.7457,83.4888,78,955,76.96835999999999,1.019900864289127,82.443,76.899729,1.0179086230805983
2014-05-28,83.4521,83.5713,83.1539,83.2136,78,955,77.0377435,0.9768650882684752,83.4888,76.96835999999999,1.019900864289127
2014-05-29,83.5255,83.764,83.3512,83.7548,78,955,77.11033149999999,0.9464032962492981,83.2136,77.0377435,0.9768650882684752
2014-05-30,83.7823,83.8924,83.3236,83.7548,78,955,77.1812885,0.9194316322314908,83.7548,77.11033149999999,0.9464032962492981
2014-06-02,83.8741,83.8832,83.1493,83.6814,78,955,77.2532375,0.9061793727863847,83.7548,77.1812885,0.9194316322314908
2014-06-03,83.397,83.7823,83.2961,83.6447,78,955,77.324188,0.8761808461587867,83.6814,77.2532375,0.9061793727863847
2014-06-04,83.4429,84.0942,83.3053,83.9474,78,955,77.3947945,0.8699465000045875,83.6447,77.324188,0.8761808461587867
2014-06-05,84.0392,84.8189,83.7456,84.6722,78,955,77.470203,0.8844717500042601,83.9474,77.3947945,0.8699465000045875
2014-06-06,84.9932,85.1217,84.8098,85.1125,78,955,77.553701,0.8534023392896702,84.6722,77.470203,0.8844717500042601
2014-06-09,85.1767,85.296,84.851,85.0758,78,955,77.6373325,0.8242307436261229,85.1125,77.553701,0.8534023392896702
2014-06-10,85.0116,85.2776,84.9107,85.2134,78,955,77.722105,0.7915642619385429,85.0758,77.6373325,0.8242307436261229
2014-06-11,84.9382,85.3327,84.8556,85.1859,78,955,77.8052455,0.7691025289429333,85.2134,77.722105,0.7915642619385429
2014-06-12,85.0299,85.1217,84.1493,84.452,78,955,77.885894,0.7882094911612957,85.1859,77.8052455,0.7691025289429333
2014-06-13,84.8281,84.9015,84.3236,84.6813,78,955,77.9620275,0.7731873846497745,84.452,77.885894,0.7882094911612957
2014-06-16,84.5437,85.0116,84.3603,84.7547,78,955,78.038573,0.7644811428890769,84.6813,77.9620275,0.7731873846497745
2014-06-17,84.7088,85.0391,84.5621,84.8098,78,955,78.12246,0.7439467755398574,84.7547,78.038573,0.7644811428890769
2014-06-18,84.9015,85.406,84.3786,85.3051,78,955,78.207329,0.7641934344298676,84.8098,78.12246,0.7439467755398574
2014-06-19,85.406,85.4703,84.8465,85.2317,78,955,78.28952100000001,0.7541653319705907,85.3051,78.207329,0.7641934344298676
2014-06-20,85.2674,85.4238,85.1111,85.3134,78,955,78.37425,0.7226320939726919,85.2317,78.28952100000001,0.7541653319705907
2014-06-23,85.2996,85.3778,85.0927,85.3502,78,955,78.4572155,0.691379801546071,85.3134,78.37425,0.7226320939726919
2014-06-24,85.3502,86.0677,85.0191,85.2582,78,955,78.536007,0.7168955300070665,85.3502,78.4572155,0.691379801546071
2014-06-25,85.0651,85.9573,85.0651,85.8101,78,955,78.616969,0.7294172778637048,85.2582,78.536007,0.7168955300070665
2014-06-26,85.8653,85.8745,85.1939,85.8561,78,955,78.697844,0.7259303294448687,85.8101,78.616969,0.7294172778637048
2014-06-27,85.7365,86.247,85.7182,86.2149,78,955,78.77639099999999,0.7118495916273784,85.8561,78.697844,0.7259303294448687
2014-06-30,86.1965,86.592,86.1597,86.3712,78,955,78.854003,0.6918817636539941,86.2149,78.77639099999999,0.7118495916273784
2014-07-01,86.6564,87.5578,86.6472,87.3462,78,955,78.93711950000001,0.7272187805358516,86.3712,78.854003,0.6918817636539941
2014-07-02,87.3646,87.6038,87.3002,87.475,78,955,79.02115199999999,0.6969602962118625,87.3462,78.93711950000001,0.7272187805358516
2014-07-07,87.9257,88.0361,87.5946,87.751,78,955,79.106383,0.6872559893395874,87.475,79.02115199999999,0.6969602962118625
2014-07-08,87.613,87.659,86.3436,86.7208,78,955,79.1874145,0.7386948472439033,87.751,79.106383,0.6872559893395874
2014-07-09,86.9323,87.4428,86.684,87.3554,78,955,79.269218,0.7401309295836251,86.7208,79.1874145,0.7386948472439033
2014-07-10,86.2608,87.429,86.1229,87.0703,78,955,79.3452935,0.7805572917562233,87.3554,79.269218,0.7401309295836251
2014-07-11,87.2635,87.6314,87.0243,87.613,78,955,79.423267,0.7681674852022076,87.0703,79.3452935,0.7805572917562233
2014-07-14,88.0269,88.3534,87.8751,88.1649,78,955,79.505233,0.7661840934020495,87.613,79.423267,0.7681674852022076
2014-07-15,88.2845,88.4224,87.2267,87.8613,78,955,79.58636249999999,0.796863801016189,88.1649,79.505233,0.7661840934020495
2014-07-16,88.4776,88.5788,88.1051,88.2109,78,955,79.6692855,0.7911949580864615,87.8613,79.58636249999999,0.796863801016189
2014-07-17,87.9625,88.2753,86.7575,87.0335,78,955,79.747503,0.8430953182231433,88.2109,79.6692855,0.7911949580864615
2014-07-18,87.5118,88.4592,87.383,88.404,78,955,79.8298925,0.8847099383500611,87.0335,79.747503,0.8430953182231433
2014-07-21,88.2201,88.45,87.8889,88.2845,78,955,79.912093,0.8615949427536279,88.404,79.8298925,0.8847099383500611
2014-07-22,88.7168,89.0019,88.6202,88.8731,78,955,79.998327,0.8512953039855126,88.2845,79.912093,0.8615949427536279
2014-07-23,89.1675,89.5354,89.0111,89.425,78,955,80.0835045,0.8377956394151189,88.8731,79.998327,0.8512953039855126
2014-07-24,89.5906,89.6918,89.2043,89.3422,78,955,80.16835850000001,0.8127745223140388,89.425,80.0835045,0.8377956394151189
2014-07-25,88.9007,89.1031,88.5144,88.9558,78,955,80.25550600000001,0.8138477707201797,89.3422,80.16835850000001,0.8127745223140388
2014-07-28,89.0387,89.2411,88.3212,89.0019,78,955,80.339749,0.8214229299544524,88.9558,80.25550600000001,0.8138477707201797
2014-07-29,89.1951,89.4066,88.7812,88.8547,78,955,80.4263,0.8074212921005629,89.0019,80.339749,0.8214229299544524
2014-07-30,89.3422,89.517,88.8547,89.2043,78,955,80.52132250000001,0.7970554855219514,88.8547,80.4263,0.8074212921005629
2014-07-31,88.4868,88.6156,87.2726,87.4105,78,955,80.6086485,0.8781015222703838,89.2043,80.52132250000001,0.7970554855219514
2014-08-01,87.2267,87.6958,86.5,87.0703,78,955,80.686868,0.9007942706796426,87.4105,80.6086485,0.8781015222703838
2014-08-04,87.291,88.0177,86.9415,87.6866,78,955,80.76539799999999,0.9133232513453824,87.0703,80.686868,0.9007942706796426
2014-08-05,87.3278,87.5762,86.6012,87.0059,78,955,80.8380255,0.9256144476778546,87.6866,80.76539799999999,0.9133232513453824
2014-08-06,86.454,87.4842,86.3896,86.9323,78,955,80.911557,0.9376848442722936,87.0059,80.8380255,0.9256144476778546
2014-08-07,87.337,87.5109,86.3574,86.6748,78,955,80.9797125,0.9531002125385589,86.9323,80.911557,0.9376848442722936
2014-08-08,86.8127,87.3922,86.4356,87.291,78,955,81.0489955,0.9533501973572339,86.6748,80.9797125,0.9531002125385589
2014-08-11,87.613,88.0821,87.567,87.8153,78,955,81.1148575,0.941760897546003,87.291,81.0489955,0.9533501973572339
2014-08-12,87.7326,87.9993,87.3186,87.751,78,955,81.1797165,0.9231136905784315,87.8153,81.1148575,0.941760897546003
2014-08-13,88.1281,88.7352,88.0821,88.7076,78,955,81.2488135,0.9274769983942579,87.751,81.1797165,0.9231136905784315
2014-08-14,88.7996,89.1767,88.6984,89.1583,78,955,81.3222535,0.8953929270803817,88.7076,81.2488135,0.9274769983942579
2014-08-15,89.6458,89.8022,88.7444,89.563,78,955,81.3960815,0.9069934322889258,89.1583,81.3222535,0.8953929270803817
2014-08-18,90.0321,90.3632,89.9309,90.2805,78,955,81.471044,0.8993653299825742,89.563,81.3960815,0.9069934322889258
2014-08-19,90.492,90.8416,90.4368,90.7956,78,955,81.54835499999999,0.8752035206981045,90.2805,81.471044,0.8993653299825742
2014-08-20,90.722,90.9703,90.63,90.8048,78,955,81.62507550000001,0.8369961263625255,90.7956,81.54835499999999,0.8752035206981045
2014-08-21,90.8416,91.0163,90.6944,90.9703,78,955,81.7030325,0.8002035459080594,90.8048,81.62507550000001,0.8369961263625255
2014-08-22,91.0071,91.2923,90.8048,91.0991,78,955,81.7824515,0.7778675783431979,90.9703,81.7030325,0.8002035459080594
2014-08-25,91.5406,91.6878,91.2095,91.421,78,955,81.86348,0.76435560846154,91.0991,81.7824515,0.7778675783431979
2014-08-26,91.5498,91.6234,91.3107,91.5314,78,955,81.94442450000001,0.7320944935714305,91.421,81.86348,0.76435560846154
2014-08-27,91.5498,91.651,91.3475,91.5498,78,955,82.02491549999999,0.7014806011734712,91.5314,81.94442450000001,0.7320944935714305
2014-08-28,91.2463,91.5498,91.1359,91.421,78,955,82.10499,0.6809391296610803,91.5498,82.02491549999999,0.7014806011734712
2014-08-29,91.6602,91.7936,91.3108,91.7798,78,955,82.1939,0.6667863346852887,91.421,82.10499,0.6809391296610803
2014-09-02,92.0189,92.0741,91.6695,92.0465,78,955,82.279146,0.6480587393506254,91.7798,82.1939,0.6667863346852887
2014-09-03,92.2765,92.2949,91.3383,91.5038,78,955,82.36217850000001,0.6700974008255804,92.0465,82.279146,0.6480587393506254
2014-09-04,91.7338,92.1845,91.1911,91.4118,78,955,82.44429650000001,0.6931904436237528,91.5038,82.36217850000001,0.6700974008255804
2014-09-05,91.5958,91.9361,91.0899,91.8994,78,955,82.524264,0.7041196976506274,91.4118,82.44429650000001,0.6931904436237528
2014-09-08,91.881,92.2857,91.6326,92.0557,78,955,82.60401350000001,0.7004754335327261,91.8994,82.524264,0.7041196976506274
2014-09-09,92.0373,92.4053,91.1216,91.3015,78,955,82.67912899999999,0.742134331137531,92.0557,82.60401350000001,0.7004754335327261
2014-09-10,91.4118,92.0833,91.1543,92.0373,78,955,82.76151250000001,0.7554818789134208,91.3015,82.67912899999999,0.742134331137531
2014-09-11,91.651,92.0189,91.2831,91.9913,78,955,82.844802,0.7553903161338905,92.0373,82.76151250000001,0.7554818789134208
2014-09-12,91.8902,91.9177,91.2187,91.5038,78,955,82.926744,0.7566195792671838,91.9913,82.844802,0.7553903161338905
2014-09-15,91.605,91.6142,90.3403,90.6116,78,955,83.00031800000001,0.7935681807480991,91.5038,82.926744,0.7566195792671838
2014-09-16,90.2897,91.5866,90.1885,91.4118,78,955,83.075803,0.8367490249803776,90.6116,83.00031800000001,0.7935681807480991
2014-09-17,91.4026,91.9821,90.9979,91.559,78,955,83.15120649999999,0.8472812374817793,91.4118,83.075803,0.8367490249803776
2014-09-18,91.8258,92.2443,91.7338,92.2397,78,955,83.22801450000001,0.8357111490902235,91.559,83.15120649999999,0.8472812374817793
2014-09-19,92.6158,92.6343,91.8137,92.164,78,955,83.30167249999998,0.8346317812980646,92.2397,83.22801450000001,0.8357111490902235
2014-09-22,91.9612,91.9704,90.9285,91.3296,78,955,83.370023,0.8632652254910602,92.164,83.30167249999998,0.8346317812980646
2014-09-23,90.9746,91.4817,90.8917,91.0853,78,955,83.43742449999999,0.8437462808131276,91.3296,83.370023,0.8632652254910602
2014-09-24,91.159,92.0965,90.8548,92.0442,78,955,83.5092115,0.8721715464693335,91.0853,83.43742449999999,0.8437462808131276
2014-09-25,91.7676,91.8782,90.0803,90.1264,78,955,83.571864,0.9501521502929533,92.0442,83.5092115,0.8721715464693335
2014-09-26,90.403,91.242,90.2555,91.1037,78,955,83.63672249999999,0.9619698538434568,90.1264,83.571864,0.9501521502929533
2014-09-29,90.1725,91.2051,90.1264,90.9839,78,955,83.69939199999999,0.9703077214260669,91.1037,83.63672249999999,0.9619698538434568
2014-09-30,91.2051,91.5555,90.6519,91.1074,78,955,83.762906,0.9655428841813476,90.9839,83.69939199999999,0.9703077214260669
2014-10-01,90.8548,90.9193,89.3427,89.6377,78,955,83.824069,1.0226255353112517,91.1074,83.762906,0.9655428841813476
2014-10-02,89.6101,89.9051,88.4852,89.6101,78,955,83.88600249999999,1.0510022827890193,89.6377,83.824069,1.0226255353112517
2014-10-03,90.1356,90.8824,89.8406,90.5321,78,955,83.953182,1.0668092625898038,89.6101,83.88600249999999,1.0510022827890193
2014-10-06,90.7902,91.0207,90.0422,90.3385,78,955,84.017213,1.0605014581191043,90.5321,83.953182,1.0668092625898038
2014-10-07,89.8821,90.154,89.0292,89.0384,78,955,84.075425,1.0782727825391678,90.3385,84.017213,1.0605014581191043
2014-10-08,89.1214,91.0576,88.5682,90.8179,78,955,84.138037,1.1790675837863693,89.0384,84.075425,1.0782727825391678
2014-10-09,90.6612,90.8824,89.1675,89.2966,78,955,84.194269,1.2173413278016287,90.8179,84.138037,1.1790675837863693
2014-10-10,88.7803,89.2781,87.0561,87.0745,78,955,84.235518,1.2904240901015123,89.2966,84.194269,1.2173413278016287
2014-10-13,86.9362,87.5816,85.6362,85.7192,78,955,84.26584350000002,1.3372080836656894,87.0745,84.235518,1.2904240901015123
2014-10-14,86.3001,86.8255,85.4795,85.7284,78,955,84.29466550000001,1.337836077689569,85.7192,84.26584350000002,1.3372080836656894
2014-10-15,84.4099,85.5256,83.2021,85.1752,78,955,84.3216785,1.4227263578545992,85.7284,84.29466550000001,1.337836077689569
2014-10-16,83.3773,85.3596,83.3404,84.6773,78,955,84.34683999999999,1.4653316180078422,85.1752,84.3216785,1.4227263578545992
2014-10-17,85.7376,86.5674,85.249,85.7837,78,955,84.37493599999999,1.495672216721568,84.6773,84.34683999999999,1.4653316180078422
2014-10-20,85.71,87.1022,85.5624,87.0377,78,955,84.41235499999999,1.498824201241456,85.7837,84.37493599999999,1.495672216721568
2014-10-21,88.0888,89.315,87.8859,89.3058,78,955,84.4640315,1.5544296154384947,87.0377,84.41235499999999,1.498824201241456
2014-10-22,89.5824,89.7115,88.7941,88.8356,78,955,84.51477000000001,1.5089275000500308,89.3058,84.4640315,1.5544296154384947
2014-10-23,89.7207,90.6888,89.5916,90.2094,78,955,84.5689135,1.5335183929036,88.8356,84.51477000000001,1.5089275000500308
2014-10-24,90.3292,90.9931,90.025,90.8824,78,955,84.6253285,1.4931313648390565,90.2094,84.5689135,1.5335183929036
2014-10-27,90.7257,91.159,90.3752,91.0023,78,955,84.68380099999999,1.442464838779124,90.8824,84.6253285,1.4931313648390565
2014-10-28,91.3803,92.3853,91.3527,92.3577,78,955,84.74772899999999,1.4382173502949005,91.0023,84.68380099999999,1.442464838779124
2014-10-29,92.0534,92.3116,91.3711,92.0165,78,955,84.8157845,1.4059589681309788,92.3577,84.74772899999999,1.4382173502949005
2014-10-30,91.62,92.4406,91.408,92.2286,78,955,84.877472,1.3792904704073377,92.0165,84.8157845,1.4059589681309788
2014-10-31,93.7407,93.8144,93.1875,93.4917,78,955,84.94223950000001,1.3940411510925281,92.2286,84.877472,1.3792904704073377
2014-11-03,93.6116,94.0174,93.5194,93.7683,78,955,85.00820750000001,1.3320167831573475,93.4917,84.94223950000001,1.3940411510925281
2014-11-04,93.4548,93.6986,92.8187,93.4641,78,955,85.0750245,1.3047012986461077,93.7683,85.00820750000001,1.3320167831573475
2014-11-05,94.0542,94.0726,93.1368,93.4548,78,955,85.138696,1.2783512058856716,93.4641,85.0750245,1.3047012986461077
2014-11-06,93.418,93.7868,93.0501,93.7499,78,955,85.2026125,1.2396618340366952,93.4548,85.138696,1.2783512058856716
2014-11-07,93.9251,93.9619,93.1875,93.6669,78,955,85.267709,1.206428845891217,93.7499,85.2026125,1.2396618340366952
2014-11-10,93.713,94.1279,93.4733,94.0081,78,955,85.3425325,1.1670124997561302,93.6669,85.267709,1.206428845891217
2014-11-11,94.0219,94.2939,93.7683,94.2847,78,955,85.422339,1.1211973212021207,94.0081,85.3425325,1.1670124997561302
2014-11-12,93.9251,94.5705,93.9251,94.4598,78,955,85.503386,1.0872117982591116,94.2847,85.422339,1.1211973212021207
2014-11-13,94.6442,95.2251,94.4322,94.8655,78,955,85.5906085,1.0661895269548898,94.4598,85.503386,1.0872117982591116
2014-11-14,94.8471,95.1606,94.5336,95.1513,78,955,85.6722415,1.0348188464581116,94.8655,85.5906085,1.0661895269548898
2014-11-17,94.9393,95.1606,94.4322,94.8747,78,955,85.75363099999998,1.0129317859968185,95.1513,85.6722415,1.0348188464581116
2014-11-18,94.9669,95.723,94.9586,95.5847,78,955,85.8473665,1.001172372711331,94.8747,85.75363099999998,1.0129317859968185
2014-11-19,95.4925,95.4925,94.718,95.1606,78,955,85.936019,0.9915672032319499,95.5847,85.8473665,1.001172372711331
2014-11-20,94.7549,95.6677,94.6811,95.5847,78,955,86.028068,0.9912124030010961,95.1606,85.936019,0.9915672032319499
2014-11-21,96.4329,96.5251,95.4648,95.7783,78,955,86.11616300000001,0.9961472313581605,95.5847,86.028068,0.9912124030010961
2014-11-24,96.0273,96.562,95.9443,96.5251,78,955,86.201065,0.9809724291182916,95.7783,86.11616300000001,0.9961472313581605
2014-11-25,96.6634,96.9493,96.4145,96.6634,78,955,86.28424299999999,0.9491029698955558,96.5251,86.201065,0.9809724291182916
2014-11-26,96.7556,97.3457,96.6579,97.2812,78,955,86.365998,0.9304384720458729,96.6634,86.28424299999999,0.9491029698955558
2014-12-01,97.4748,97.6591,96.2762,96.6358,78,955,86.4437515,0.9627571526140243,97.2812,86.365998,0.9304384720458729
2014-12-02,96.7464,97.1953,96.5344,97.0322,78,955,86.5202965,0.9411959274273081,96.6358,86.4437515,0.9627571526140243
2014-12-03,97.1613,97.3319,96.5921,97.1982,78,955,86.596988,0.9268105040396434,97.0322,86.5202965,0.9411959274273081
2014-12-04,97.106,97.5301,96.7464,97.1429,78,955,86.67135199999998,0.9165883251796697,97.1982,86.596988,0.9268105040396434
2014-12-05,97.3088,97.4564,96.9446,97.1521,78,955,86.7486335,0.8876748733811224,97.1429,86.67135199999998,0.9165883251796697
2014-12-08,96.9124,97.3365,95.9581,96.4514,78,955,86.8204515,0.9227266681396136,97.1521,86.7486335,0.8876748733811224
2014-12-09,95.345,96.8478,95.0039,96.7925,78,955,86.8947955,0.9885247632724987,96.4514,86.8204515,0.9227266681396136
2014-12-10,96.6173,96.8386,95.0776,95.2528,78,955,86.9587525,1.0437015658958915,96.7925,86.8947955,0.9885247632724987
2014-12-11,95.5294,96.8478,95.5109,95.723,78,955,87.025835,1.0830800254747572,95.2528,86.9587525,1.0437015658958915
2014-12-12,94.7825,95.8797,94.6627,94.6719,78,955,87.08807200000001,1.0926457379408459,95.723,87.025835,1.0830800254747572
2014-12-15,95.1513,95.5017,93.4134,93.713,78,955,87.1428575,1.1637638995164998,94.6719,87.08807200000001,1.0926457379408459
2014-12-16,93.1045,94.4783,92.164,92.1917,78,955,87.1904025,1.2459450495510358,93.713,87.1428575,1.1637638995164998
2014-12-17,92.247,94.1279,92.1272,93.8513,78,955,87.24940299999999,1.2998561174402472,92.1917,87.1904025,1.2459450495510358
2014-12-18,95.2067,96.1287,94.9485,96.1195,78,955,87.3142075,1.3696806804802295,93.8513,87.24940299999999,1.2998561174402472
2014-12-19,96.2167,96.9293,95.9761,96.4573,78,955,87.3796485,1.339932060445927,96.1195,87.3142075,1.3696806804802295
2014-12-22,96.3833,96.809,96.3369,96.7627,78,955,87.4472115,1.2779440561283608,96.4573,87.3796485,1.339932060445927
2014-12-23,97.1329,97.1422,96.3278,96.4481,78,955,87.51521499999998,1.244833766404907,96.7627,87.4472115,1.2779440561283608
2014-12-26,96.7998,97.4105,96.772,97.2162,78,955,87.58669250000001,1.2246599259474138,96.4481,87.51521499999998,1.244833766404907
2014-12-29,97.1144,97.4013,97.0542,97.1977,78,955,87.659817,1.1619770740940278,97.2162,87.58669250000001,1.2246599259474138
2014-12-30,96.9108,97.1329,96.4064,96.5314,78,955,87.72809950000001,1.135500140230168,97.1977,87.659817,1.1619770740940278
2014-12-31,96.7072,97.0866,95.4116,95.5319,78,955,87.79724199999998,1.1740358444994416,96.5314,87.72809950000001,1.135500140230168
2015-01-02,96.0131,96.4296,94.8008,95.3191,78,955,87.86815800000001,1.2065189984637672,95.5319,87.79724199999998,1.1740358444994416
2015-01-05,94.8471,94.9582,93.5978,93.8569,78,955,87.928102,1.2432890700020696,95.3191,87.86815800000001,1.2065189984637672
2015-01-06,94.005,94.1623,92.1911,92.6353,78,955,87.97692699999999,1.2952827078590645,93.8569,87.928102,1.2432890700020696
2015-01-07,93.2183,94.0235,92.9916,93.8014,78,955,88.03384750000001,1.3019196572977028,92.6353,87.97692699999999,1.2952827078590645
2015-01-08,94.5972,95.7818,94.4964,95.5967,78,955,88.0986465,1.3503825389192956,93.8014,88.03384750000001,1.3019196572977028
2015-01-09,95.8836,95.9206,94.4122,94.9767,78,955,88.1653515,1.3616695004250599,95.5967,88.0986465,1.3503825389192956
2015-01-12,95.1525,95.2543,93.732,94.0142,78,955,88.23073000000001,1.3731431075375558,94.9767,88.1653515,1.3616695004250599
2015-01-13,94.8934,95.8928,93.1906,93.9309,78,955,88.294362,1.4680757427134439,94.0142,88.23073000000001,1.3731431075375558
2015-01-14,93.0055,93.9151,92.6076,93.4682,78,955,88.36090899999999,1.4577346182339115,93.9309,88.294362,1.4680757427134439
2015-01-15,93.8661,94.0142,92.1032,92.2189,78,955,88.42354899999998,1.4901107169314893,93.4682,88.36090899999999,1.4577346182339115
2015-01-16,92.0986,93.4219,91.9505,93.3109,78,955,88.4907315,1.4887742371506678,92.2189,88.42354899999998,1.4901107169314893
2015-01-20,93.8661,94.2826,92.8112,94.042,78,955,88.5587715,1.4875332202113347,93.3109,88.4907315,1.4887742371506678
2015-01-21,93.7644,94.9665,93.4356,94.5232,78,955,88.62219999999999,1.4906308473390968,94.042,88.5587715,1.4875332202113347
2015-01-22,94.8934,96.3741,94.0605,96.263,78,955,88.69327249999998,1.5494143582434465,94.5232,88.62219999999999,1.4906308473390968
2015-01-23,96.263,96.7812,95.9854,96.4759,78,955,88.768712,1.4955847612260575,96.263,88.69327249999998,1.5494143582434465
2015-01-26,96.3648,96.5499,95.8836,96.3833,78,955,88.854605,1.4363501354241957,96.4759,88.768712,1.4955847612260575
2015-01-27,94.8656,94.9119,93.5608,93.9124,78,955,88.931721,1.5353608400367533,96.3833,88.854605,1.4363501354241957
2015-01-28,95.3838,95.4856,93.3757,93.4034,78,955,89.0027145,1.5763993514627004,93.9124,88.931721,1.5353608400367533
2015-01-29,93.3201,94.4657,92.5058,94.2733,78,955,89.071361,1.6037922549296508,93.4034,89.0027145,1.5763993514627004
2015-01-30,94.2086,94.9304,93.4312,93.5793,78,955,89.148876,1.596321379577533,94.2733,89.071361,1.6037922549296508
2015-02-02,93.7736,94.4584,92.3114,94.3751,78,955,89.23500250000001,1.635655566750566,93.5793,89.148876,1.596321379577533
2015-02-03,94.7083,95.3468,94.0975,95.3006,78,955,89.3226375,1.6080587405540974,94.3751,89.23500250000001,1.635655566750566
2015-02-04,94.8934,95.8281,94.6805,95.1988,78,955,89.40852500000001,1.57516883051452,95.3006,89.3226375,1.6080587405540974
2015-02-05,95.4394,96.0872,95.1988,96.0316,78,955,89.49343950000001,1.5261139140491966,95.1988,89.40852500000001,1.57516883051452
2015-02-06,96.1705,96.4018,95.097,95.4301,78,955,89.5752085,1.5103057773313968,96.0316,89.49343950000001,1.5261139140491966
2015-02-09,95.0599,95.5828,94.9026,95.1247,78,955,89.652561,1.4510125075220113,95.4301,89.5752085,1.5103057773313968
2015-02-10,95.6615,96.7442,95.5134,96.6147,78,955,89.73410700000001,1.4630473284132963,95.1247,89.652561,1.4510125075220113
2015-02-11,96.7165,97.1884,96.5406,96.9756,78,955,89.821081,1.4048153763837754,96.6147,89.73410700000001,1.4630473284132963
2015-02-12,97.5956,98.1324,97.4476,98.1046,78,955,89.909801,1.3870999923563632,96.9756,89.821081,1.4048153763837754
2015-02-13,98.373,98.956,98.1888,98.9282,78,955,90.0091755,1.3488357071880512,98.1046,89.909801,1.3870999923563632
2015-02-17,98.9375,99.0948,98.6906,99.0393,78,955,90.10766050000001,1.2813617281031908,98.9282,90.0091755,1.3488357071880512
2015-02-18,98.9097,99.2243,98.7802,99.1688,78,955,90.20371999999999,1.2215573189529634,99.0393,90.10766050000001,1.2813617281031908
2015-02-19,99.1041,99.7241,99.0763,99.6593,78,955,90.301131,1.1805746533134662,99.1688,90.20371999999999,1.2215573189529634
2015-02-20,99.5945,100.3812,99.2799,100.3164,78,955,90.40063500000001,1.1749121780767906,99.6593,90.301131,1.1805746533134662
2015-02-23,100.2701,100.4552,100.048,100.4367,78,955,90.50152,1.1200755939284488,100.3164,90.40063500000001,1.1749121780767906
2015-02-24,100.2979,100.6218,99.9925,100.52,78,955,90.6007575,1.08502019436213,100.4367,90.50152,1.1200755939284488
2015-02-25,100.3441,100.7421,100.0295,100.2423,78,955,90.70378949999998,1.058418751907692,100.52,90.6007575,1.08502019436213
2015-02-26,100.3534,100.8161,100.0711,100.7513,78,955,90.81051350000001,1.0360316982,100.2423,90.70378949999998,1.058418751907692
2015-02-27,100.7236,100.7883,100.1591,100.2979,78,955,90.9153375,1.006972291185715,100.7513,90.81051350000001,1.0360316982
2015-03-02,100.5107,101.2603,100.4922,101.2233,78,955,91.02332050000001,1.0037885561010214,100.2979,90.9153375,1.006972291185715
2015-03-03,100.9179,101.0197,100.1128,100.7236,78,955,91.1223375,1.0114108020938057,101.2233,91.02332050000001,1.0037885561010214
2015-03-04,100.4182,100.5662,99.8166,100.3812,78,955,91.21932149999999,1.0039528876585346,100.7236,91.1223375,1.0114108020938057
2015-03-05,100.6218,100.8392,100.122,100.519,78,955,91.31915049999999,0.9834705385400683,100.3812,91.21932149999999,1.0039528876585346
2015-03-06,100.3997,100.6033,99.1503,99.3632,78,955,91.41627349999999,1.017008357215778,100.519,91.31915049999999,0.9834705385400683
2015-03-09,99.6038,99.933,99.1966,99.6686,78,955,91.51235499999999,0.9969649031289369,99.3632,91.41627349999999,1.017008357215778
2015-03-10,98.9745,99.0023,97.8362,97.864,78,955,91.596524,1.0566388386197267,99.6686,91.51235499999999,0.9969649031289369
2015-03-11,97.9797,98.1046,97.2347,97.2625,78,955,91.679153,1.0433003501468892,97.864,91.596524,1.0566388386197267
2015-03-12,97.1977,98.0213,97.1329,97.9195,78,955,91.76126000000001,1.0322360394221106,97.2625,91.679153,1.0433003501468892
2015-03-13,97.8177,98.2064,96.8738,97.4846,78,955,91.83944950000001,1.053690608034817,97.9195,91.76126000000001,1.0322360394221106
2015-03-16,97.8455,98.7709,97.7437,98.7709,78,955,91.92108900000001,1.0703055646037585,97.4846,91.83944950000001,1.053690608034817
2015-03-17,98.4702,99.0578,98.2434,98.8634,78,955,91.99796199999999,1.0520265957034904,98.7709,91.92108900000001,1.0703055646037585
2015-03-18,98.6414,100.3256,98.1231,99.8722,78,955,92.081255,1.1342032674389555,98.8634,91.99796199999999,1.0520265957034904
2015-03-19,99.974,100.2979,99.8259,100.0017,78,955,92.1624895,1.0869030340504584,99.8722,92.081255,1.1342032674389555
2015-03-20,100.8425,101.1671,100.6477,100.7126,78,955,92.2472785,1.092509960189712,100.0017,92.1624895,1.0869030340504584
2015-03-23,100.6106,100.8889,100.4344,100.4436,78,955,92.3310895,1.0469378201761619,100.7126,92.2472785,1.092509960189712
2015-03-24,100.4622,100.926,100.0912,100.1097,78,955,92.4134145,1.0317851187350076,100.4436,92.3310895,1.0469378201761619
2015-03-25,100.2674,100.3602,97.7816,97.8001,78,955,92.48267799999999,1.1422718959682219,100.1097,92.4134145,1.0317851187350076
2015-03-26,97.0117,98.0413,96.6871,97.494,78,955,92.54678700000001,1.157409617684778,97.8001,92.48267799999999,1.1422718959682219
2015-03-27,97.4662,98.1062,97.3178,97.8743,78,955,92.61059599999999,1.1310517878501505,97.494,92.54678700000001,1.157409617684778
2015-03-30,98.4772,99.0801,98.468,98.9967,78,955,92.68020050000001,1.1363909458608537,97.8743,92.61059599999999,1.1310517878501505
2015-03-31,98.7184,98.9225,97.9207,97.9485,78,955,92.743876,1.1320773068707932,98.9967,92.68020050000001,1.1363909458608537
2015-04-01,97.9485,97.9671,96.8077,97.4384,78,955,92.8051385,1.1340289278085942,97.9485,92.743876,1.1320773068707932
2015-04-02,97.5312,97.8187,97.188,97.5312,78,955,92.87053450000002,1.0980768615365522,97.4384,92.8051385,1.1340289278085942
2015-04-06,96.919,98.57,96.7798,98.2917,78,955,92.9385865,1.1475142285696553,97.5312,92.87053450000002,1.0980768615365522
2015-04-07,98.2454,98.9688,98.1341,98.1341,78,955,93.00548350000001,1.1251703551003942,98.2917,92.9385865,1.1475142285696553
2015-04-08,98.1712,99.0523,98.1619,98.9132,78,955,93.0760005,1.1103867583075089,98.1341,93.00548350000001,1.1251703551003942
2015-04-09,98.8668,99.5717,98.5329,99.5346,78,955,93.147148,1.1052734184284019,98.9132,93.0760005,1.1103867583075089
2015-04-10,99.4975,99.952,99.2749,99.9335,78,955,93.22065699999999,1.0746896028263728,99.5346,93.147148,1.1052734184284019
2015-04-13,100.017,100.5271,99.581,99.6738,78,955,93.292459,1.0655046311959178,99.9335,93.22065699999999,1.0746896028263728
2015-04-14,99.5903,99.8778,98.839,99.4048,78,955,93.362732,1.0635971575390661,99.6738,93.292459,1.0655046311959178
2015-04-15,99.6645,100.2396,99.5448,100.0077,78,955,93.4364795,1.047254503429133,99.4048,93.362732,1.0635971575390661
2015-04-16,99.7573,100.0633,99.6181,99.8778,78,955,93.50681800000001,1.004250610327052,100.0077,93.4364795,1.047254503429133
2015-04-17,98.9317,99.2007,97.9022,98.3474,78,955,93.56927449999999,1.0736327095894056,99.8778,93.50681800000001,1.004250610327052
2015-04-20,98.8204,99.9799,98.7833,99.7944,78,955,93.637172,1.1135518017615915,98.3474,93.56927449999999,1.0736327095894056
2015-04-21,100.3787,100.5549,100.1097,100.2303,78,955,93.7064675,1.0883338159214784,99.7944,93.637172,1.1135518017615915
2015-04-22,100.49,100.9445,99.8407,100.7776,78,955,93.77362450000001,1.089438543355659,100.2303,93.7064675,1.0883338159214784
2015-04-23,100.4344,101.6123,100.4158,101.1671,78,955,93.84208500000001,1.0970857902588262,100.7776,93.77362450000001,1.089438543355659
2015-04-24,102.2245,102.6697,102.0576,102.5028,78,955,93.91584399999999,1.1260510909546244,101.1671,93.84208500000001,1.0970857902588262
2015-04-27,102.9109,103.1057,102.0483,102.2709,78,955,93.9935945,1.121147441600723,102.5028,93.91584399999999,1.1260510909546244
2015-04-28,102.3451,102.5399,101.2042,102.0576,78,955,94.0671055,1.1364726243435288,102.2709,93.9935945,1.121147441600723
2015-04-29,101.501,102.0947,100.8703,101.4176,78,955,94.13884200000001,1.1427531511761342,102.0576,94.0671055,1.1364726243435288
2015-04-30,100.8518,101.2599,99.3028,99.8129,78,955,94.1998415,1.2121850689492666,101.4176,94.13884200000001,1.1427531511761342
2015-05-01,100.221,101.2135,100.2025,101.1764,78,955,94.264899,1.225643278310033,99.8129,94.1998415,1.2121850689492666
2015-05-04,101.4732,101.9463,101.2599,101.2877,78,955,94.332031,1.193090187002173,101.1764,94.264899,1.225643278310033
2015-05-05,100.9167,101.1022,99.6181,99.6738,78,955,94.3893455,1.2271266022163037,101.2877,94.332031,1.193090187002173
2015-05-06,99.8407,100.1283,98.3149,98.9967,78,955,94.4491615,1.2690032734865677,99.6738,94.3893455,1.2271266022163037
2015-05-07,98.9503,99.85,98.8761,99.5625,78,955,94.504954,1.2479244682375272,98.9967,94.4491615,1.2690032734865677
2015-05-08,100.6013,101.028,100.4529,100.8054,78,955,94.56755849999999,1.2634655776491328,99.5625,94.504954,1.2479244682375272
2015-05-11,100.8796,101.0836,100.3509,100.4158,78,955,94.62527200000001,1.2255537506741954,100.8054,94.56755849999999,1.2634655776491328
2015-05-12,99.8315,100.4807,99.0616,99.9891,78,955,94.6780925,1.2393784827688958,100.4158,94.62527200000001,1.2255537506741954
2015-05-13,100.4065,100.926,100.0262,100.1561,78,955,94.732162,1.2177728768568326,99.9891,94.6780925,1.2393784827688958
2015-05-14,100.9909,101.7236,100.6199,101.6402,78,955,94.795584,1.2427533856527737,100.1561,94.732162,1.2177728768568326
2015-05-15,101.8999,102.039,101.3897,101.6494,78,955,94.85882149999999,1.2003638581061469,101.6402,94.795584,1.2427533856527737
2015-05-18,101.4732,102.2894,101.399,102.0854,78,955,94.92497499999999,1.1782235825271363,101.6494,94.85882149999999,1.2003638581061469
2015-05-19,102.1874,102.3544,101.8071,101.9463,78,955,94.988685,1.133157612346626,102.0854,94.92497499999999,1.1782235825271363
2015-05-20,102.0483,102.6512,101.4964,102.0297,78,955,95.061781,1.1347034971790106,101.9463,94.988685,1.133157612346626
2015-05-21,101.8628,102.7068,101.7144,102.5492,78,955,95.13917550000001,1.1245389616662245,102.0297,95.061781,1.1347034971790106
2015-05-22,102.4471,102.8367,102.3822,102.4935,78,955,95.21321,1.0766790358329223,102.5492,95.13917550000001,1.1245389616662245
2015-05-26,102.2431,102.3822,100.8796,101.2692,78,955,95.2845265,1.1150519618448567,102.4935,95.21321,1.0766790358329223
2015-05-27,101.5938,103.0315,101.3712,102.9202,78,955,95.364466,1.1612839645702238,101.2692,95.2845265,1.1150519618448567
2015-05-28,102.7254,102.9666,102.3729,102.6976,78,955,95.44458,1.1207422528152076,102.9202,95.364466,1.1612839645702238
2015-05-29,102.6141,102.7625,101.835,102.0854,78,955,95.518552,1.106939234756979,102.6976,95.44458,1.1207422528152076
2015-06-01,102.6234,102.6976,101.5845,102.3915,78,955,95.591433,1.107379289417194,102.0854,95.518552,1.106939234756979
2015-06-02,102.039,102.5955,101.5381,102.0854,78,955,95.66310500000002,1.103809340173109,102.3915,95.591433,1.107379289417194
2015-06-03,102.5584,102.781,102.1503,102.3822,78,955,95.73147800000001,1.074651530160744,102.0854,95.66310500000002,1.103809340173109
2015-06-04,101.8257,102.475,101.297,101.6402,78,955,95.7938875,1.0820335637206906,102.3822,95.73147800000001,1.074651530160744
2015-06-05,101.4918,101.7422,100.759,101.3897,78,955,95.85302099999998,1.0749740234549268,101.6402,95.7938875,1.0820335637206906
2015-06-08,101.3341,101.4083,100.1468,100.3509,78,955,95.90337299999999,1.0882973074938604,101.3897,95.85302099999998,1.0749740234549268
2015-06-09,100.1097,100.5457,99.4326,100.2025,78,955,95.9504075,1.0900689283871563,100.3509,95.90337299999999,1.0882973074938604
2015-06-10,100.5271,101.8535,100.4158,101.5103,78,955,96.003935,1.1301354335023592,100.2025,95.9504075,1.0900689283871563
2015-06-11,101.8999,102.1689,101.5289,101.6958,78,955,96.05756249999999,1.096454331109333,101.5103,96.003935,1.1301354335023592
2015-06-12,101.1671,101.3805,100.7312,100.8703,78,955,96.1064185,1.087036164601524,101.6958,96.05756249999999,1.096454331109333
2015-06-15,100.119,100.5271,99.5346,100.3973,78,955,96.1513,1.104797867129987,100.8703,96.1064185,1.087036164601524
2015-06-16,100.2674,101.0835,100.221,100.8981,78,955,96.1981335,1.087490876620702,100.3973,96.1513,1.104797867129987
2015-06-17,101.0836,101.5196,100.5735,101.1949,78,955,96.246359,1.077391528290652,100.8981,96.1981335,1.087490876620702
2015-06-18,101.566,102.846,101.5103,102.6234,78,955,96.30237100000001,1.1183707048413198,101.1949,96.246359,1.077391528290652
2015-06-19,102.7399,102.8003,102.117,102.1263,78,955,96.35410350000001,1.0872942259240819,102.6234,96.30237100000001,1.1183707048413198
2015-06-22,102.9165,103.2233,102.6841,102.8979,78,955,96.4083605,1.0879874955009328,102.1263,96.35410350000001,1.0872942259240819
2015-06-23,103.0281,103.0931,102.5725,103.0002,78,955,96.4658425,1.0474598172508662,102.8979,96.4083605,1.0879874955009328
2015-06-24,102.8793,103.3163,102.4424,102.4702,78,955,96.5211345,1.0350626874472324,103.0002,96.4658425,1.0474598172508662
2015-06-25,102.87,102.9723,102.0937,102.2657,78,955,96.572966,1.023886781201002,102.4702,96.5211345,1.0350626874472324
2015-06-26,102.2471,102.4795,101.2059,101.5963,78,955,96.62066899999999,1.0417234396866448,102.2657,96.572966,1.023886781201002
2015-06-29,100.4621,101.0199,99.142,99.2256,78,955,96.6602895,1.1426217654233133,101.5963,96.62066899999999,1.0417234396866448
2015-06-30,99.9322,100.146,99.2349,99.5789,78,955,96.6979975,1.126748782178791,99.2256,96.6602895,1.1426217654233133
2015-07-01,100.5272,100.7284,99.8671,100.3227,78,955,96.7396545,1.1283738691660194,99.5789,96.6979975,1.126748782178791
2015-07-02,100.6202,100.7038,100.0531,100.3784,78,955,96.7840275,1.0942543070827324,100.3227,96.7396545,1.1283738691660194
2015-07-06,99.7277,100.7038,99.5138,100.1367,78,955,96.831653,1.1010932851482513,100.3784,96.7840275,1.0942543070827324
2015-07-07,100.239,100.4714,98.3889,100.3041,78,955,96.8761145,1.1711937647805188,100.1367,96.831653,1.1010932851482513
2015-07-08,99.6533,99.7834,98.4486,98.6027,78,955,96.911333,1.2200727815819108,100.3041,96.8761145,1.1711937647805188
2015-07-09,99.9415,100.0303,98.5656,98.5749,78,955,96.943009,1.2375461543260597,98.6027,96.911333,1.2200727815819108
2015-07-10,99.8857,100.4528,99.5231,100.0902,78,955,96.98264,1.283285714731341,98.5749,96.943009,1.2375461543260597
2015-07-13,100.9456,101.9217,100.9363,101.8102,78,955,97.035043,1.3224438779648169,100.0902,96.98264,1.283285714731341
2015-07-14,101.9775,102.7863,101.9217,102.4981,78,955,97.09210700000001,1.2977050295387587,101.8102,97.035043,1.3224438779648169
2015-07-15,102.7027,103.0188,102.3308,102.6097,78,955,97.1449345,1.2541546702859905,102.4981,97.09210700000001,1.2977050295387587
2015-07-16,103.465,104.0879,103.2605,104.0507,78,955,97.21455600000002,1.2701579081227057,102.6097,97.1449345,1.2541546702859905
2015-07-17,104.906,105.5847,104.7294,105.5847,78,955,97.286961,1.2890037718282261,104.0507,97.21455600000002,1.2701579081227057
2015-07-20,105.8171,106.347,105.501,105.9659,78,955,97.36187100000001,1.2573606452690664,105.5847,97.286961,1.2890037718282261
2015-07-21,106.0031,106.1704,105.594,105.8636,78,955,97.435652,1.2087205991784193,105.9659,97.36187100000001,1.2573606452690664
2015-07-22,104.2831,105.2119,104.2738,104.7201,78,955,97.511064,1.2359405563799615,105.8636,97.435652,1.2087205991784193
2015-07-23,104.8038,105.1477,104.0414,104.2924,78,955,97.58447550000001,1.226680516638536,104.7201,97.511064,1.2359405563799615
2015-07-24,104.8688,104.9246,103.1303,103.2977,78,955,97.6483035,1.2672247654500688,104.2924,97.58447550000001,1.226680516638536
2015-07-27,102.7027,103.1452,102.2099,102.4424,78,955,97.70882300000001,1.254408710775064,103.2977,97.6483035,1.2672247654500688
2015-07-28,102.8886,103.5208,102.0658,103.3163,78,955,97.7802125,1.2687366600054166,102.4424,97.70882300000001,1.254408710775064
2015-07-29,103.5394,103.9299,103.1396,103.7346,78,955,97.84479599999999,1.2345626128621727,103.3163,97.7802125,1.2687366600054166
2015-07-30,103.465,104.3727,102.8431,104.2088,78,955,97.919357,1.2556367119434453,103.7346,97.84479599999999,1.2345626128621727
2015-07-31,104.5249,104.5806,103.8648,104.0786,78,955,98.0043775,1.217076946804628,104.2088,97.919357,1.2556367119434453
2015-08-03,104.0972,104.3854,103.0662,103.7811,78,955,98.094687,1.2243714506042982,104.0786,98.0043775,1.217076946804628
2015-08-04,103.7067,103.888,103.1303,103.5487,78,955,98.18378849999999,1.191037775561134,103.7811,98.094687,1.2243714506042982
2015-08-05,104.1344,105.0548,104.0135,104.3389,78,955,98.279607,1.2135422201639106,103.5487,98.18378849999999,1.191037775561134
2015-08-06,104.4505,104.5899,102.2192,102.712,78,955,98.36978050000002,1.2961963472950597,104.3389,98.279607,1.2135422201639106
2015-08-07,102.4238,102.7956,101.7079,102.5446,78,955,98.453585,1.2813037510596983,102.712,98.36978050000002,1.2961963472950597
2015-08-10,103.2047,103.9485,103.1954,103.716,78,955,98.5369765,1.290060625984005,102.5446,98.453585,1.2813037510596983
2015-08-11,103.1768,103.5767,101.8288,102.4052,78,955,98.6024735,1.3327134384137187,103.716,98.5369765,1.290060625984005
2015-08-12,101.6893,102.949,100.6109,102.7399,78,955,98.67199500000001,1.4045267642413102,102.4052,98.6024735,1.3327134384137187
2015-08-13,102.8421,103.3442,102.3587,102.5353,78,955,98.7336245,1.374596281081217,102.7399,98.67199500000001,1.4045267642413102
2015-08-14,102.3494,102.8886,102.1356,102.7492,78,955,98.7929585,1.3301965467182728,102.5353,98.7336245,1.374596281081217
2015-08-17,102.4888,103.6231,102.2285,103.5766,78,955,98.85583000000001,1.334796793381253,102.7492,98.7929585,1.3301965467182728
2015-08-18,103.4511,103.5394,102.9258,103.0745,78,955,98.909414,1.2859398795683066,103.5766,98.85583000000001,1.334796793381253
2015-08-19,102.7492,103.293,101.7916,102.4052,78,955,98.96135749999999,1.3013298881705706,103.0745,98.909414,1.2859398795683066
2015-08-20,101.4383,101.7637,99.5417,99.551,78,955,98.9979695,1.4129134675869575,102.4052,98.96135749999999,1.3013298881705706
2015-08-21,98.1472,98.9839,95.3209,95.3209,78,955,99.0071155,1.6141410770450326,99.551,98.9979695,1.4129134675869575
2015-08-24,87.5952,95.3209,78.7818,91.6115,78,955,98.9963315,2.6802095715418153,95.3209,99.0071155,1.6141410770450326
2015-08-25,94.8933,95.5162,91.1466,91.1838,78,955,98.98493,2.8008803164316847,91.6115,98.9963315,2.6802095715418153
2015-08-26,93.8613,95.9717,91.9741,95.7486,78,955,98.996399,2.942810293829421,91.1838,98.98493,2.8008803164316847
2015-08-27,97.171,98.2774,96.0181,98.1658,78,955,99.0184785,2.9132381299844625,95.7486,98.996399,2.942810293829421
2015-08-28,97.6916,98.547,97.4778,98.2216,78,955,99.041252,2.781521120699858,98.1658,99.0184785,2.9132381299844625
2015-08-31,97.6452,98.1844,96.7341,96.9944,78,955,99.0561835,2.689091040649868,98.2216,99.041252,2.781521120699858
2015-09-01,94.5586,96.0275,93.5545,94.0101,78,955,99.0548105,2.74272025203202,96.9944,99.0561835,2.689091040649868
2015-09-02,95.6463,96.6039,94.5493,96.6039,78,955,99.065531,2.73208309117259,94.0101,99.0548105,2.74272025203202
2015-09-03,96.9758,97.6359,95.8509,96.1019,78,955,99.071713,2.6644342989459777,96.6039,99.065531,2.73208309117259
2015-09-04,94.8003,95.6138,94.447,94.9677,78,955,99.070795,2.592324706164122,96.1019,99.071713,2.6644342989459777
2015-09-08,96.7991,97.7707,96.3994,97.6638,78,955,99.08474050000001,2.607372941438114,94.9677,99.070795,2.592324706164122
2015-09-09,98.8073,98.8352,96.3064,96.5667,78,955,99.08965049999999,2.601760588478249,97.6638,99.08474050000001,2.607372941438114
2015-09-10,96.4459,98.2495,96.3343,97.5708,78,955,99.1017015,2.5527205464440885,96.5667,99.08965049999999,2.601760588478249
2015-09-11,97.1617,98.1193,96.8828,98.1193,78,955,99.1143745,2.4587047931266532,97.5708,99.1017015,2.5527205464440885
2015-09-14,98.5098,98.5284,97.4778,97.8125,78,955,99.12454549999998,2.3581258793318924,98.1193,99.1143745,2.4587047931266532
2015-09-15,98.0821,99.3093,97.7195,98.9746,78,955,99.136793,2.3032454593796143,97.8125,99.12454549999998,2.3581258793318924
2015-09-16,99.0211,99.6533,98.6771,99.551,78,955,99.15123100000001,2.208456497995357,98.9746,99.136793,2.3032454593796143
2015-09-17,99.4581,101.0804,99.142,99.5789,78,955,99.16271950000001,2.189166748138546,99.551,99.15123100000001,2.208456497995357
2015-09-18,98.0726,99.3494,98.0166,98.1937,78,955,99.170509,2.144390551842936,99.5789,99.16271950000001,2.189166748138546
2015-09-21,98.725,99.3028,97.6066,98.492,78,955,99.17780799999998,2.112376940997012,98.1937,99.170509,2.144390551842936
2015-09-22,96.9728,97.32,96.1154,97.0381,78,955,99.1770075,2.1312500166400836,98.492,99.17780799999998,2.112376940997012
2015-09-23,97.2804,97.5413,96.5907,97.0567,78,955,99.17657650000001,2.046917872594364,97.0381,99.1770075,2.1312500166400836
2015-09-24,96.1527,97.1033,95.3139,96.7538,78,955,99.17458500000001,2.028523738837624,97.0567,99.17657650000001,2.046917872594364
2015-09-25,97.7743,97.8675,95.3232,95.9383,78,955,99.1720195,2.0653649003492225,96.7538,99.17458500000001,2.028523738837624
2015-09-28,95.5096,95.5749,92.9094,93.1797,78,955,99.15395550000001,2.1341888360385632,95.9383,99.1720195,2.0653649003492225
2015-09-29,93.422,94.3726,92.0333,92.7137,78,955,99.14125999999999,2.1488396334643807,93.1797,99.15395550000001,2.1341888360385632
2015-09-30,94.0278,94.9411,93.6643,94.8106,78,955,99.136698,2.154451088216925,92.7137,99.14125999999999,2.1488396334643807
2015-10-01,95.0063,95.2766,93.7482,95.2207,78,955,99.139442,2.1097331533442882,94.8106,99.136698,2.154451088216925
2015-10-02,93.9439,96.9262,93.6456,96.9169,78,955,99.1554615,2.1933664995339814,95.2207,99.139442,2.1097331533442882
2015-10-05,97.6532,98.5852,97.4388,98.3522,78,955,99.186264,2.155861749567269,96.9169,99.1554615,2.1933664995339814
2015-10-06,98.1005,98.4174,97.094,97.8582,78,955,99.20629850000002,2.0964001960267504,98.3522,99.186264,2.155861749567269
2015-10-07,98.4733,98.6597,97.1965,98.4127,78,955,99.21776450000002,2.0511716105962683,97.8582,99.20629850000002,2.0964001960267504
2015-10-08,98.0726,99.0045,97.1219,98.8135,78,955,99.22954549999999,2.0391307812679633,98.4127,99.21776450000002,2.0511716105962683
2015-10-09,98.8741,99.4705,98.6131,99.2655,78,955,99.2420595,1.9547214397488228,98.8135,99.22954549999999,2.0391307812679633
2015-10-12,99.4705,99.7128,99.1164,99.5171,78,955,99.2574045,1.8576984797667644,99.2655,99.2420595,1.9547214397488228
2015-10-13,98.9579,99.9645,98.7902,98.8741,78,955,99.265694,1.8088843026405672,99.5171,99.2574045,1.8576984797667644
2015-10-14,98.8834,99.3773,98.3149,98.7156,78,955,99.27328349999999,1.755563995309099,98.8741,99.265694,1.8088843026405672
2015-10-15,99.0884,100.3513,98.9579,100.3373,78,955,99.292313,1.7470022813584491,98.7156,99.27328349999999,1.755563995309099
2015-10-16,100.561,100.8219,100.0758,100.7846,78,955,99.3185765,1.675509261261417,100.3373,99.292313,1.7470022813584491
2015-10-19,100.6355,101.4091,100.4118,101.3531,78,955,99.3487465,1.6270657425998871,100.7846,99.3185765,1.675509261261417
2015-10-20,101.1574,101.3811,100.4771,100.8312,78,955,99.38361800000001,1.575418189557039,101.3531,99.3487465,1.6270657425998871
2015-10-21,101.3345,101.437,100.1695,100.2441,78,955,99.421662,1.5534240331601075,100.8312,99.38361800000001,1.575418189557039
2015-10-22,101.1108,102.3317,100.8135,102.2572,78,955,99.46394099999999,1.5915794593629566,100.2441,99.421662,1.5534240331601075
2015-10-23,104.9972,105.5377,104.4473,105.0997,78,955,99.511456,1.7122166408370314,102.2572,99.46394099999999,1.5915794593629566
2015-10-26,105.0345,105.3793,104.6337,105.1743,78,955,99.56244400000001,1.6431725950629577,105.0997,99.511456,1.7122166408370314
2015-10-27,104.8854,105.5377,104.8667,105.398,78,955,99.61936299999999,1.5737316954156042,105.1743,99.56244400000001,1.6431725950629577
2015-10-28,105.5471,106.2647,104.699,106.2554,78,955,99.6809855,1.5731580028859187,105.398,99.61936299999999,1.5737316954156042
2015-10-29,105.7801,106.274,105.6682,106.0876,78,955,99.7440825,1.5040610026797818,106.2554,99.6809855,1.5731580028859187
2015-10-30,106.1435,106.3206,105.603,105.6216,78,955,99.81109600000002,1.4478852167740834,106.0876,99.7440825,1.5040610026797818
2015-11-02,105.9012,106.9404,105.6775,106.8239,78,955,99.87866100000001,1.4386648441473628,105.6216,99.81109600000002,1.4478852167740834
2015-11-03,106.5909,107.5695,106.4418,107.1874,78,955,99.944388,1.4164530695654087,106.8239,99.87866100000001,1.4386648441473628
2015-11-04,107.5415,107.6161,106.7493,107.206,78,955,100.00780200000001,1.3771921360250223,107.1874,99.944388,1.4164530695654087
2015-11-05,107.2899,107.5462,106.3486,106.8891,78,955,100.06093249999999,1.364364126308949,107.206,100.00780200000001,1.3771921360250223
2015-11-06,106.7027,107.1035,106.0224,106.973,78,955,100.113418,1.3441309744297378,106.8891,100.06093249999999,1.364364126308949
2015-11-09,106.5816,106.7214,105.1883,105.8546,78,955,100.16077449999999,1.3756001905418995,106.973,100.113418,1.3441309744297378
2015-11-10,105.2768,105.6775,104.9692,105.575,78,955,100.2190875,1.3405858912174784,105.8546,100.16077449999999,1.3756001905418995
2015-11-11,105.8639,106.3765,105.2675,105.4166,78,955,100.27915349999999,1.324044041844801,105.575,100.2190875,1.3405858912174784
2015-11-12,104.9879,105.5284,104.3448,104.3914,78,955,100.329744,1.3140123245701723,105.4166,100.27915349999999,1.324044041844801
2015-11-13,103.9813,104.0932,102.3131,102.3783,78,955,100.373739,1.3686043013865885,104.3914,100.329744,1.3140123245701723
2015-11-16,102.2478,103.8602,102.0335,103.8136,78,955,100.4209315,1.4013254227161183,102.3783,100.373739,1.3686043013865885
2015-11-17,104.0186,104.6524,103.6457,103.8881,78,955,100.46386899999999,1.3731378925221096,103.8136,100.4209315,1.4013254227161183
2015-11-18,104.3262,106.0037,103.9084,105.8826,78,955,100.517288,1.4261709001991019,103.8881,100.46386899999999,1.3731378925221096
2015-11-19,105.9478,106.4604,105.7707,105.9478,78,955,100.56686900000001,1.373565835899166,105.8826,100.517288,1.4261709001991019
2015-11-20,106.4697,106.8031,106.3765,106.6654,78,955,100.62304549999999,1.3365468476206541,105.9478,100.56686900000001,1.373565835899166
2015-11-23,106.74,107.1221,105.9292,106.3765,78,955,100.6793045,1.3262863585048938,106.6654,100.62304549999999,1.3365468476206541
2015-11-24,105.7055,106.5443,105.1628,106.302,78,955,100.72774100000001,1.3302301900402589,106.3765,100.6793045,1.3262863585048938
2015-11-25,106.4231,106.5816,106.1622,106.3672,78,955,100.774699,1.2651708907516688,106.302,100.72774100000001,1.3302301900402589
2015-11-30,106.8052,106.8518,105.9199,106.2461,78,955,100.8154065,1.2413658271265495,106.3672,100.774699,1.2651708907516688
2015-12-01,106.6887,107.3272,106.1629,107.3178,78,955,100.8573545,1.2358611251889395,106.2461,100.8154065,1.2413658271265495
2015-12-02,107.3924,107.877,106.507,106.6841,78,955,100.89557850000001,1.245442473389729,107.3178,100.8573545,1.2358611251889395
2015-12-03,106.9544,107.1408,104.236,104.8854,78,955,100.92416150000001,1.3639680110047478,106.6841,100.89557850000001,1.245442473389729
2015-12-04,105.165,107.4856,104.9599,107.2899,78,955,100.96231449999999,1.4522702959329803,104.8854,100.92416150000001,1.3639680110047478
2015-12-07,107.3831,107.4483,106.3113,106.8239,78,955,100.994852,1.4297509890806246,107.2899,100.96231449999999,1.4522702959329803
2015-12-08,105.7241,107.1734,105.6682,106.8518,78,955,101.0269275,1.4351402041462944,106.8239,100.994852,1.4297509890806246
2015-12-09,106.3486,106.9544,104.5685,105.2116,78,955,101.05038549999999,1.5030516181358453,106.8518,101.0269275,1.4351402041462944
2015-12-10,105.4539,106.3952,105.1379,105.6775,78,955,101.07756150000002,1.4854979311261423,105.2116,101.05038549999999,1.5030516181358453
2015-12-11,104.466,105.6839,103.1892,103.273,78,955,101.09017,1.5575837931885603,105.6775,101.07756150000002,1.4854979311261423
2015-12-14,103.4315,104.0839,101.9403,104.0652,78,955,101.10900649999999,1.5994420936750924,103.273,101.09017,1.5575837931885603
2015-12-15,104.9413,105.575,104.5405,104.671,78,955,101.126245,1.5930390869840143,104.0652,101.10900649999999,1.5994420936750924
2015-12-16,105.3886,106.4045,104.2796,106.2088,78,955,101.15367100000002,1.6310291521994416,104.671,101.126245,1.5930390869840143
2015-12-17,106.6748,106.6934,104.6617,104.6896,78,955,101.175213,1.6596484984709101,106.2088,101.15367100000002,1.6310291521994416
2015-12-18,104.3148,104.5953,102.7442,102.7442,78,955,101.186339,1.6800593200087017,104.6896,101.175213,1.6596484984709101
2015-12-21,103.6417,103.838,102.8844,103.8193,78,955,101.2086195,1.6381836542937935,102.7442,101.186339,1.6800593200087017
2015-12-22,104.3802,104.6513,103.8193,104.4831,78,955,101.232692,1.5805991075585233,103.8193,101.2086195,1.6381836542937935
2015-12-23,105.0346,105.3525,104.857,105.2964,78,955,101.269854,1.529799171304344,104.4831,101.232692,1.5805991075585233
2015-12-28,105.0066,105.2216,104.2493,105.1842,78,955,101.3094625,1.4953206590683195,105.2964,101.269854,1.529799171304344
2015-12-29,105.8433,107.0867,105.7639,106.8296,78,955,101.354013,1.5244048977062958,105.1842,101.3094625,1.4953206590683195
2015-12-30,106.7268,106.8016,105.876,105.9041,78,955,101.39611049999999,1.483633119298703,106.8296,101.354013,1.5244048977062958
2015-12-31,105.5208,105.7171,104.5579,104.5859,78,955,101.42518549999998,1.473816467920224,105.9041,101.39611049999999,1.483633119298703
2016-01-04,102.3048,102.4637,101.0801,102.445,78,955,101.44309350000002,1.6189581487830647,104.5859,101.42518549999998,1.473816467920224
2016-01-05,102.8751,103.0059,101.7158,102.1271,78,955,101.45436799999999,1.5954682810128455,102.445,101.44309350000002,1.6189581487830647
2016-01-06,100.4443,101.7999,100.4163,101.2203,78,955,101.460461,1.6037062609404988,102.1271,101.45436799999999,1.5954682810128455
2016-01-07,99.0607,101.211,97.9856,98.051,78,955,101.447153,1.7202058137304626,101.2203,101.460461,1.6037062609404988
2016-01-08,98.7896,99.3692,97.1348,97.247,78,955,101.43117000000001,1.756933969892573,98.051,101.447153,1.7202058137304626
2016-01-11,97.9669,98.2193,96.041,97.5602,78,955,101.41842249999999,1.7870315434716755,97.247,101.43117000000001,1.756933969892573
2016-01-12,98.453,99.1729,97.3031,98.6961,78,955,101.4229025,1.7929435760808414,97.5602,101.41842249999999,1.7870315434716755
2016-01-13,99.0981,99.3131,95.1155,95.2651,78,955,101.411758,1.9647047492179248,98.6961,101.4229025,1.7929435760808414
2016-01-14,95.639,98.1445,94.1152,97.2844,78,955,101.40880850000002,2.112175838559501,95.2651,101.411758,1.9647047492179248
2016-01-15,94.0217,95.3025,93.0307,94.2741,78,955,101.3851955,2.265141850090966,97.2844,101.40880850000002,2.112175838559501
2016-01-19,95.5455,95.7045,93.3766,94.4704,78,955,101.36780499999999,2.2696245750844684,94.2741,101.3851955,2.265141850090966
2016-01-20,93.0026,95.1996,90.9178,94.2086,78,955,101.351656,2.4133513911498636,94.4704,101.36780499999999,2.2696245750844684
2016-01-21,94.6013,95.6848,93.3205,94.3115,78,955,101.3355575,2.409847720353445,94.2086,101.351656,2.4133513911498636
2016-01-22,96.1439,97.0507,95.8545,97.004,78,955,101.329119,2.4333728831853425,94.3115,101.3355575,2.409847720353445
2016-01-25,96.7235,97.219,95.4894,95.6016,78,955,101.31645649999999,2.3831033915292457,97.004,101.329119,2.4333728831853425
2016-01-26,95.9569,96.845,95.1342,96.4524,78,955,101.3041525,2.3350817207057277,95.6016,101.31645649999999,2.3831033915292457
2016-01-27,95.8727,96.2841,93.629,94.031,78,955,101.2766345,2.369961597798175,96.4524,101.3041525,2.3350817207057277
2016-01-28,95.5362,95.6297,93.7319,95.3305,78,955,101.2536195,2.33623576938402,94.031,101.2766345,2.369961597798175
2016-01-29,95.3773,97.3873,95.3025,97.3405,78,955,101.241953,2.318276071570876,95.3305,101.2536195,2.33623576938402
2016-02-01,96.8731,97.9762,96.5085,97.5836,78,955,101.232847,2.2575206378872426,97.3405,101.241953,2.318276071570876
2016-02-02,97.2003,97.2003,95.209,95.5081,78,955,101.210349,2.2658834494667253,97.5836,101.232847,2.2575206378872426
2016-02-03,96.1065,96.1345,93.3766,95.0407,78,955,101.1861635,2.301027488790531,95.5081,101.210349,2.2658834494667253
2016-02-04,94.7509,95.7839,93.9001,95.022,78,955,101.1695365,2.271225525305494,95.0407,101.1861635,2.301027488790531
2016-02-05,94.6948,94.7322,91.3572,91.7405,78,955,101.129267,2.3707665592122447,95.022,101.1695365,2.271225525305494
2016-02-08,90.0577,90.7309,88.6648,90.3289,78,955,101.07976000000001,2.4211189478399415,91.7405,101.129267,2.3707665592122447
2016-02-09,89.1509,91.4133,88.9826,90.039,78,955,101.02606699999998,2.4218033087085176,90.3289,101.07976000000001,2.4211189478399415
2016-02-10,91.1516,92.2641,90.3289,90.413,78,955,100.9722965,2.407753072372195,90.039,101.02606699999998,2.4218033087085176
2016-02-11,89.235,90.9833,88.992,90.3195,78,955,100.91138000000001,2.3780064243456094,90.413,100.9722965,2.407753072372195
2016-02-12,91.3198,91.7312,90.4317,91.6377,78,955,100.858214,2.3089845368923516,90.3195,100.91138000000001,2.3780064243456094
2016-02-16,92.9652,93.6384,92.4137,93.6197,78,955,100.8160245,2.286964212828613,91.6377,100.858214,2.3089845368923516
2016-02-17,94.4237,95.9569,94.1432,95.8073,78,955,100.78797300000001,2.2905524833408557,93.6197,100.8160245,2.286964212828613
2016-02-18,96.1158,96.1439,94.6106,94.7415,78,955,100.762616,2.2364630202450804,95.8073,100.78797300000001,2.2905524833408557
2016-02-19,94.3395,95.3025,94.0637,95.0313,78,955,100.73189049999999,2.16520137594186,94.7415,100.762616,2.2364630202450804
2016-02-22,95.8541,96.6487,95.8073,96.5459,78,955,100.7081815,2.1260727062317275,95.0313,100.73189049999999,2.16520137594186
2016-02-23,95.9849,96.2561,94.9005,94.9846,78,955,100.68473549999999,2.0917389415008905,96.5459,100.7081815,2.1260727062317275
2016-02-24,93.9001,95.9943,93.2738,95.8727,78,955,100.66911549999999,2.136650445679398,94.9846,100.68473549999999,2.0917389415008905
2016-02-25,96.0691,96.8076,95.209,96.7983,78,955,100.6552945,2.098218270988012,95.8727,100.66911549999999,2.136650445679398
2016-02-26,97.4901,97.5704,96.465,96.6674,78,955,100.63460450000001,2.0273026802031544,96.7983,100.6552945,2.098218270988012
2016-02-29,96.5833,97.3218,95.8541,95.8634,78,955,100.61184250000001,1.9873310601886431,96.6674,100.63460450000001,2.0273026802031544
2016-03-01,96.7141,98.9018,96.443,98.8924,78,955,100.606359,2.0624074130323113,95.8634,100.61184250000001,1.9873310601886431
2016-03-02,98.7522,98.9579,98.1726,98.9158,78,955,100.60015750000001,1.9711854549585743,98.8924,100.606359,2.0624074130323113
2016-03-03,98.827,98.8644,98.0417,98.7429,78,955,100.585671,1.892822208175819,98.9158,100.60015750000001,1.9711854549585743
2016-03-04,98.8644,99.4253,98.1352,98.7849,78,955,100.5713485,1.849770621877546,98.7429,100.585671,1.892822208175819
2016-03-07,98.2754,98.855,97.4808,98.1913,78,955,100.551878,1.8158012917434359,98.7849,100.5713485,1.849770621877546
2016-03-08,97.5088,98.3631,97.2003,97.3499,78,955,100.528896,1.7691583423331907,98.1913,100.551878,1.8158012917434359
2016-03-09,97.7612,98.0136,97.1909,97.9949,78,955,100.50872199999999,1.7015541750236771,97.3499,100.528896,1.7691583423331907
2016-03-10,98.453,98.9672,96.5833,97.8642,78,955,100.48529699999999,1.7502931625219866,97.9949,100.50872199999999,1.7015541750236771
2016-03-11,98.9111,99.5562,98.5933,99.5469,78,955,100.470564,1.7461293651989882,97.8642,100.48529699999999,1.7502931625219866
2016-03-14,99.1729,99.9582,99.1542,99.6964,78,955,100.4627,1.678834410541918,99.5469,100.470564,1.7461293651989882
2016-03-15,99.3505,99.7993,99.0514,99.6777,78,955,100.4464875,1.6123390955032098,99.6964,100.4627,1.678834410541918
2016-03-16,99.444,100.837,99.416,100.5752,78,955,100.43587550000001,1.598672017252981,99.6777,100.4464875,1.6123390955032098
2016-03-17,100.2761,100.7529,99.9115,100.4911,78,955,100.427904,1.5445811588777676,100.5752,100.43587550000001,1.598672017252981
2016-03-18,100.7604,100.9245,100.1416,100.6948,78,955,100.4194205,1.49017536181507,100.4911,100.427904,1.5445811588777676
2016-03-21,100.4791,101.1636,100.4416,101.0605,78,955,100.414296,1.4353056931139943,100.6948,100.4194205,1.49017536181507
2016-03-22,100.5072,101.6137,100.4791,101.3511,78,955,100.40914049999999,1.4138267150344226,101.0605,100.414296,1.4353056931139943
2016-03-23,101.1823,101.2574,100.3197,100.5354,78,955,100.40361650000001,1.3865105211033928,101.3511,100.40914049999999,1.4138267150344226
2016-03-24,100.0197,100.601,99.8884,100.5635,78,955,100.39948550000001,1.338374055310293,100.5354,100.40361650000001,1.3865105211033928
2016-03-28,100.8542,100.8729,100.2541,100.4416,78,955,100.39993899999999,1.2869759085024155,100.5635,100.39948550000001,1.338374055310293
2016-03-29,100.2634,102.1106,100.0806,102.0169,78,955,100.409011,1.3400490578951,100.4416,100.39993899999999,1.2869759085024155
2016-03-30,102.6545,103.1796,102.3263,102.5513,78,955,100.414216,1.327381268045449,102.0169,100.409011,1.3400490578951
2016-03-31,102.4857,102.8514,102.2325,102.3825,78,955,100.41764950000001,1.2767754631850596,102.5513,100.414216,1.327381268045449
2016-04-01,101.8106,103.5171,101.6324,103.4702,78,955,100.43064899999999,1.3201986443861264,102.3825,100.41764950000001,1.2767754631850596
2016-04-04,103.414,103.5499,102.842,103.0389,78,955,100.443857,1.2764630269299744,103.4702,100.43064899999999,1.3201986443861264
2016-04-05,102.2888,102.6732,101.9606,102.1106,78,955,100.4499195,1.2623085250064048,103.0389,100.443857,1.2764630269299744
2016-04-06,102.2044,103.8078,102.195,103.7656,78,955,100.462773,1.2933722017916611,102.1106,100.4499195,1.2623085250064048
2016-04-07,103.1796,103.353,101.8387,102.2325,78,955,100.4608185,1.3386241873779714,103.7656,100.462773,1.2933722017916611
2016-04-08,102.9358,103.1608,101.8434,102.2044,78,955,100.461209,1.33710817399383,102.2325,100.4608185,1.3386241873779714
2016-04-11,102.6545,103.1608,101.8153,101.8387,78,955,100.455913,1.337707590137128,102.2044,100.461209,1.33710817399383
2016-04-12,101.8856,102.8795,101.2808,102.6826,78,955,100.45432499999998,1.3563499051273329,101.8387,100.455913,1.337707590137128
2016-04-13,103.4421,104.1547,103.339,104.0047,78,955,100.4619975,1.36461776904681,102.6826,100.45432499999998,1.3563499051273329
2016-04-14,103.142,104.3891,103.142,104.0047,78,955,100.47069249999998,1.3562236426863237,104.0047,100.4619975,1.36461776904681
2016-04-15,103.9203,104.1313,103.4796,103.7421,78,955,100.48142150000001,1.3059005253515856,104.0047,100.47069249999998,1.3562236426863237
2016-04-18,103.4515,104.3282,103.3765,104.2766,78,955,100.5066765,1.2806004878264727,103.7421,100.48142150000001,1.3059005253515856
2016-04-19,104.4923,104.4923,103.0295,103.639,78,955,100.526977,1.2936147386960104,104.2766,100.5066765,1.2806004878264727
2016-04-20,103.6484,104.2204,103.3014,103.7234,78,955,100.5439805,1.2668565430748666,103.639,100.526977,1.2936147386960104
2016-04-21,103.6953,104.1266,103.2827,103.7234,78,955,100.5607055,1.2366453614266613,103.7234,100.5439805,1.2668565430748666
2016-04-22,102.4013,102.8795,101.3793,102.1763,78,955,100.57090349999999,1.3157492641818995,103.7234,100.5607055,1.2366453614266613
2016-04-25,101.8481,102.195,101.6887,102.1763,78,955,100.58026450000001,1.257931459597478,102.1763,100.57090349999999,1.3157492641818995
2016-04-26,102.3919,102.5701,101.3793,101.7074,78,955,100.59578800000001,1.253136355340515,102.1763,100.58026450000001,1.257931459597478
2016-04-27,100.6385,101.1073,100.0384,100.8823,78,955,100.60732499999999,1.282840901387622,101.7074,100.59578800000001,1.253136355340515
2016-04-28,100.9761,101.5794,99.4575,99.6821,78,955,100.6052845,1.3427736941456498,100.8823,100.60732499999999,1.282840901387622
2016-04-29,99.5977,99.8556,98.3413,99.1289,78,955,100.591878,1.3550255731352456,99.6821,100.6052845,1.3427736941456498
2016-05-02,99.3633,100.2072,98.9718,100.0572,78,955,100.57967349999998,1.346480889339871,99.1289,100.591878,1.3550255731352456
2016-05-03,99.3539,99.8039,98.8757,99.1383,78,955,100.56231650000001,1.334696540101309,100.0572,100.57967349999998,1.346480889339871
2016-05-04,98.5757,98.9049,98.2571,98.4913,78,955,100.53451949999999,1.302303930094073,99.1383,100.56231650000001,1.334696540101309
2016-05-05,98.857,99.0726,98.2756,98.4819,78,955,100.49900549999998,1.2662107922302106,98.4913,100.53451949999999,1.302303930094073
2016-05-06,97.9943,99.0164,97.8912,99.007,78,955,100.46421099999999,1.256138592785196,98.4819,100.49900549999998,1.2662107922302106
2016-05-09,99.0257,99.7384,98.9601,99.2508,78,955,100.431147,1.2220072647291107,99.007,100.46421099999999,1.256138592785196
2016-05-10,99.6352,100.6854,99.4571,100.6385,78,955,100.41073899999999,1.237192460105603,99.2508,100.431147,1.2220072647291107
2016-05-11,100.4791,100.7885,99.7009,99.7384,78,955,100.387969,1.2265072843837739,100.6385,100.41073899999999,1.237192460105603
2016-05-12,100.029,100.0806,98.585,99.2977,78,955,100.36796899999999,1.2457281926420765,99.7384,100.387969,1.2265072843837739
2016-05-13,99.2508,99.8124,98.7257,98.932,78,955,100.350417,1.2343690360247848,99.2977,100.36796899999999,1.2457281926420765
2016-05-16,99.082,100.526,98.9789,100.1509,78,955,100.33459,1.260056962023014,98.932,100.350417,1.2343690360247848
2016-05-17,100.0853,100.3666,98.6413,98.9038,78,955,100.31043600000001,1.293288607592799,100.1509,100.33459,1.260056962023014
2016-05-18,98.7257,99.7946,98.4913,99.2508,78,955,100.285646,1.2940037070504569,98.9038,100.31043600000001,1.293288607592799
2016-05-19,98.8757,99.1148,98.0225,98.7444,78,955,100.25897499999999,1.2893105851182818,99.2508,100.285646,1.2940037070504569
2016-05-20,99.1476,100.2353,99.082,99.8227,78,955,100.239183,1.3037098290384044,98.7444,100.25897499999999,1.2893105851182818
2016-05-23,99.9071,100.301,99.6071,99.6727,78,955,100.219803,1.2601519841070898,99.8227,100.239183,1.3037098290384044
2016-05-24,100.2541,101.82,100.2213,101.6887,78,955,100.20655200000002,1.3235196995280112,99.6727,100.219803,1.2601519841070898
2016-05-25,102.0731,102.7389,101.9081,102.4388,78,955,100.205186,1.3039968638474393,101.6887,100.20655200000002,1.3235196995280112
2016-05-26,102.5326,102.8608,102.2888,102.7107,78,955,100.2060165,1.2517113735726226,102.4388,100.205186,1.3039968638474393
2016-05-27,102.8139,103.2733,102.7764,103.2546,78,955,100.2037095,1.20248913260315,102.7107,100.2060165,1.2517113735726226
2016-05-31,103.4046,103.6203,102.9392,103.4796,78,955,100.2090815,1.165247051702925,103.2546,100.2037095,1.20248913260315
2016-06-01,103.142,103.7046,103.0577,103.4609,78,955,100.2126865,1.1282222622955735,103.4796,100.2090815,1.165247051702925
2016-06-02,103.2639,103.6953,102.7013,103.6859,78,955,100.2184395,1.1186349578458896,103.4609,100.2126865,1.1282222622955735
2016-06-03,103.489,103.5359,102.5232,103.1983,78,955,100.22068500000002,1.1217824608568976,103.6859,100.2184395,1.1186349578458896
2016-06-06,103.3765,103.8453,103.2077,103.5546,78,955,100.22057500000001,1.0878694279385472,103.1983,100.22068500000002,1.1217824608568976
2016-06-07,103.639,103.7328,103.2639,103.3202,78,955,100.22180350000001,1.0436573259429363,103.5546,100.22057500000001,1.0878694279385472
2016-06-08,103.489,103.7046,103.1045,103.4796,78,955,100.22717550000002,1.011974659804155,103.3202,100.22180350000001,1.0436573259429363
2016-06-09,103.0764,103.4327,102.8701,103.3108,78,955,100.24597450000002,0.9832264698181448,103.4796,100.22717550000002,1.011974659804155
2016-06-10,102.3919,102.5795,101.7918,102.1388,78,955,100.280064,1.0214960076882778,103.3108,100.24597450000002,0.9832264698181448
2016-06-13,101.5855,102.1388,101.1636,101.2949,78,955,100.328481,1.018189149996258,102.1388,100.280064,1.0214960076882778
2016-06-14,101.0605,101.6559,100.5541,101.2949,78,955,100.3790365,1.024161353567954,101.2949,100.328481,1.018189149996258
2016-06-15,101.5762,101.6793,100.8354,101.0042,78,955,100.40531449999999,1.0112855425988136,101.2949,100.3790365,1.024161353567954
2016-06-16,100.4885,101.398,99.8603,101.2949,78,955,100.42096,1.048886575270327,101.0042,100.40531449999999,1.0112855425988136
2016-06-17,101.1162,101.1256,99.8846,100.1479,78,955,100.43059149999999,1.0747018198938745,101.2949,100.42096,1.048886575270327
2016-06-20,101.3137,101.765,100.6744,100.7496,78,955,100.4493675,1.1134445470443115,100.1479,100.43059149999999,1.0747018198938745
2016-06-21,100.9,101.2714,100.6932,101.0316,78,955,100.484475,1.0752127936840032,100.7496,100.4493675,1.1134445470443115
2016-06-22,101.1445,101.718,100.7402,100.8342,78,955,100.5056265,1.0682547369922888,101.0316,100.484475,1.0752127936840032
2016-06-23,101.6239,102.2821,101.1821,102.2539,78,955,100.5363865,1.0953722557785541,100.8342,100.5056265,1.0682547369922888
2016-06-24,98.5402,100.1291,97.835,98.1077,78,955,100.55208649999999,1.332767094651515,102.2539,100.5363865,1.0953722557785541
2016-06-27,97.4025,97.4025,95.6632,96.1709,78,955,100.544622,1.4121765878906918,98.1077,100.55208649999999,1.332767094651515
2016-06-28,97.1487,98.2581,97.1205,98.2111,78,955,100.55284400000001,1.4603925458984992,96.1709,100.544622,1.4121765878906918
2016-06-29,98.9632,100.1573,98.936,99.9316,78,955,100.56464799999999,1.495093078334321,98.2111,100.55284400000001,1.4603925458984992
2016-06-30,100.1479,101.1633,99.7812,101.1633,78,955,100.579868,1.4870221441675844,99.9316,100.56464799999999,1.495093078334321
2016-07-01,101.0598,101.9906,101.0222,101.5863,78,955,100.598737,1.4499777052984713,101.1633,100.579868,1.4870221441675844
2016-07-05,101.1445,101.2197,100.4487,101.0034,78,955,100.608881,1.4276650120628656,101.5863,100.598737,1.4499777052984713
2016-07-06,100.5333,101.8684,100.1949,101.8214,78,955,100.62023300000001,1.4452246540583746,101.0034,100.608881,1.4276650120628656
2016-07-07,101.906,102.3479,101.6427,102.1222,78,955,100.6329495,1.3923657501970614,101.8214,100.62023300000001,1.4452246540583746
2016-07-08,102.6393,103.7582,102.4983,103.7017,78,955,100.6604895,1.4097681966115567,102.1222,100.6329495,1.3923657501970614
2016-07-11,104.0496,104.6748,104.0402,104.2941,78,955,100.68950000000001,1.3785776111393029,103.7017,100.6604895,1.4097681966115567
2016-07-12,104.9146,105.1026,104.6795,104.8394,78,955,100.72850650000001,1.3378577817722097,104.2941,100.68950000000001,1.3785776111393029
2016-07-13,105.1026,105.1308,104.5667,104.5761,78,955,100.76610349999999,1.2825893687884802,104.8394,100.72850650000001,1.3378577817722097
2016-07-14,105.2624,105.4787,105.018,105.2624,78,955,100.8086465,1.2554472710178748,104.5761,100.76610349999999,1.2825893687884802
2016-07-15,105.5069,105.5821,104.877,105.1026,78,955,100.854468,1.2161367516594555,105.2624,100.8086465,1.2554472710178748
2016-07-18,105.1778,105.9958,105.159,105.7983,78,955,100.91756099999999,1.1930698408266378,105.1026,100.854468,1.2161367516594555
2016-07-19,105.4599,105.7513,105.2342,105.4129,78,955,100.981057,1.148143423624735,105.7983,100.91756099999999,1.1930698408266378
2016-07-20,106.0052,106.8513,105.8642,106.6539,78,955,101.0402735,1.1688760362229684,105.4129,100.981057,1.148143423624735
2016-07-21,106.7291,106.936,106.118,106.4095,78,955,101.09621750000001,1.143813462207043,106.6539,101.0402735,1.1688760362229684
2016-07-22,106.5035,106.9736,106.1565,106.8513,78,955,101.1458895,1.1204767863351122,106.4095,101.09621750000001,1.143813462207043
2016-07-25,106.7667,106.8889,106.5035,106.8701,78,955,101.188479,1.0679713015968904,106.8513,101.1458895,1.1204767863351122
2016-07-26,106.8325,107.3684,106.4471,106.9924,78,955,101.23414999999999,1.0574947800542545,106.8701,101.188479,1.0679713015968904
2016-07-27,107.8949,108.0078,107.2744,107.7163,78,955,101.28066799999999,1.0544880100503793,106.9924,101.23414999999999,1.0574947800542545
2016-07-28,107.8949,108.224,107.5565,108.1018,78,955,101.32710949999999,1.0268460093324954,107.7163,101.28066799999999,1.0544880100503793
2016-07-29,108.3462,108.6283,107.9984,108.3462,78,955,101.372513,0.9984927229516023,108.1018,101.32710949999999,1.0268460093324954
2016-08-01,108.412,109.183,108.2804,108.9009,78,955,101.419432,0.9916432427407741,108.3462,101.372513,0.9984927229516023
2016-08-02,108.7599,108.8445,107.3872,108.083,78,955,101.46547649999998,1.028933011116432,108.9009,101.419432,0.9916432427407741
2016-08-03,107.9984,108.4496,107.933,108.4402,78,955,101.51409949999999,0.9923377960366868,108.083,101.46547649999998,1.028933011116432
2016-08-04,108.4214,108.8539,108.1488,108.7505,78,955,101.5561655,0.9718208106054951,108.4402,101.51409949999999,0.9923377960366868
2016-08-05,109.324,110.0385,109.183,109.7941,78,955,101.601213,0.9944050384193881,108.7505,101.5561655,0.9718208106054951
2016-08-08,109.8317,109.8787,109.324,109.6719,78,955,101.64280699999999,0.9629975356751459,109.7941,101.601213,0.9944050384193881
2016-08-09,109.7471,110.2736,109.6907,109.9163,78,955,101.6882325,0.9371905688412074,109.6719,101.64280699999999,0.9629975356751459
2016-08-10,109.9633,110.0197,109.3522,109.6437,78,955,101.7352305,0.9179269567811215,109.9163,101.6882325,0.9371905688412074
2016-08-11,110.0103,110.3488,109.7941,110.1138,78,955,101.7745135,0.9027250312967559,109.6437,101.7352305,0.9179269567811215
2016-08-12,109.9163,110.1984,109.8035,110.1866,78,955,101.799948,0.8664518147755595,110.1138,101.7745135,0.9027250312967559
2016-08-15,110.3112,110.9129,110.2924,110.6685,78,955,101.82741899999999,0.8564409708630193,110.1866,101.799948,0.8664518147755595
2016-08-16,110.4428,110.4616,110.0291,110.0479,78,955,101.85066850000001,0.8409380443728033,110.6685,101.82741899999999,0.8564409708630193
2016-08-17,110.0762,110.283,109.465,110.2172,78,955,101.87047749999999,0.8392996126318887,110.0479,101.85066850000001,0.8409380443728033
2016-08-18,110.142,110.4334,109.9492,110.283,78,955,101.8914545,0.8139353545867538,110.2172,101.87047749999999,0.8392996126318887
2016-08-19,110.095,110.4898,109.7753,110.236,78,955,101.9145265,0.8068328292591287,110.283,101.8914545,0.8139353545867538
2016-08-22,110.0856,110.518,109.8787,110.3065,78,955,101.93193949999998,0.7948661985977629,110.236,101.9145265,0.8068328292591287
2016-08-23,110.7437,110.95,110.4804,110.5274,78,955,101.94863950000001,0.7840543272693514,110.3065,101.93193949999998,0.7948661985977629
2016-08-24,110.471,110.6027,109.4462,109.7753,78,955,101.96148599999998,0.8106575896072545,110.5274,101.94863950000001,0.7840543272693514
2016-08-25,109.512,109.9727,109.3992,109.5967,78,955,101.97502400000002,0.7937177617781657,109.7753,101.96148599999998,0.8106575896072545
2016-08-26,109.6813,110.5086,109.136,109.7659,78,955,101.98898849999999,0.8350664930797257,109.5967,101.97502400000002,0.7937177617781657
2016-08-29,109.8223,110.2369,109.8035,109.9351,78,955,102.009391,0.8090617435740313,109.7659,101.98898849999999,0.8350664930797257
2016-08-30,109.7471,110.0856,109.2112,109.5967,78,955,102.0294995,0.8137287618901715,109.9351,102.009391,0.8090617435740313
2016-08-31,109.418,109.5873,109.0138,109.465,78,955,102.0497415,0.7972409931837303,109.5967,102.0294995,0.8137287618901715
2016-09-01,109.512,109.8881,108.9761,109.7565,78,955,102.076567,0.8054380650991777,109.465,102.0497415,0.7972409931837303
2016-09-02,110.3018,110.5274,109.7001,110.0856,78,955,102.11510349999999,0.8069996318778074,109.7565,102.076567,0.8054380650991777
2016-09-06,110.2736,110.8001,110.0573,110.8001,78,955,102.150036,0.8024139438865356,110.0856,102.11510349999999,0.8069996318778074
2016-09-07,110.8941,111.0539,110.4428,110.8753,78,955,102.184972,0.7887486621803541,110.8001,102.150036,0.8024139438865356
2016-09-08,110.5368,110.565,109.9257,110.2172,78,955,102.20664500000001,0.8002380434531853,110.8753,102.184972,0.7887486621803541
2016-09-09,109.2676,109.5403,107.4248,107.4437,78,955,102.2141245,0.9425353260636721,110.2172,102.20664500000001,0.8002380434531853
2016-09-12,106.8419,109.5214,106.8325,109.3428,78,955,102.2275115,1.0672756599162672,107.4437,102.2141245,0.9425353260636721
2016-09-13,108.8163,109.1454,107.8667,108.3838,78,955,102.23754799999999,1.0964773984936769,109.3428,102.2275115,1.0672756599162672
2016-09-14,108.5249,109.5026,108.4778,108.9291,78,955,102.2506835,1.0980718700298433,108.3838,102.23754799999999,1.0964773984936769
2016-09-15,108.9573,110.7672,108.9291,110.6215,78,955,102.27195499999999,1.1509310221705686,108.9291,102.2506835,1.0980718700298433
2016-09-16,110.4839,110.6649,110.0032,110.5593,78,955,102.293521,1.115985949158385,110.6215,102.27195499999999,1.1509310221705686
2016-09-19,110.8091,111.172,109.8524,110.0692,78,955,102.30727800000001,1.1305298099327856,110.5593,102.293521,1.115985949158385
2016-09-20,110.4556,110.729,110.088,110.2765,78,955,102.32524,1.096906252080444,110.0692,102.30727800000001,1.1305298099327856
2016-09-21,110.7384,111.5207,110.0975,111.3605,78,955,102.3576155,1.120212948360413,110.2765,102.32524,1.096906252080444
2016-09-22,112.0297,112.369,111.8955,112.2464,78,955,102.382398,1.112233452048955,111.3605,102.3576155,1.120212948360413
2016-09-23,112.0862,112.1616,111.3699,111.5113,78,955,102.40583500000001,1.095395348331172,112.2464,102.382398,1.112233452048955
2016-09-26,110.8986,111.0306,110.4368,110.5876,78,955,102.424514,1.0939028234503743,111.5113,102.40583500000001,1.095395348331172
2016-09-27,110.5687,111.7424,110.4179,111.6998,78,955,102.456955,1.1103740503467763,110.5876,102.424514,1.0939028234503743
2016-09-28,111.8035,111.9448,111.3039,111.8836,78,955,102.4879855,1.076840189607721,111.6998,102.456955,1.1103740503467763
2016-09-29,111.7092,111.8977,110.5912,111.0588,78,955,102.52691449999999,1.0932444617785981,111.8836,102.4879855,1.076840189607721
2016-09-30,111.3557,112.2276,111.2474,111.8694,78,955,102.56593550000001,1.098641285937269,111.0588,102.52691449999999,1.0932444617785981
2016-10-03,111.7186,111.8789,111.3039,111.7469,78,955,102.601315,1.0612383369417502,111.8694,102.56593550000001,1.098641285937269
2016-10-04,112.0202,112.3124,111.1437,111.5772,78,955,102.62815699999999,1.0689141700173397,111.7469,102.601315,1.0612383369417502
2016-10-05,111.8789,112.3218,111.8506,111.9731,78,955,102.6645745,1.0457488721589576,111.5772,102.62815699999999,1.0689141700173397
2016-10-06,111.8129,112.1437,111.3605,111.9166,78,955,102.7104365,1.0269953812904602,111.9731,102.6645745,1.0457488721589576
2016-10-07,112.0297,112.171,111.1154,111.6621,78,955,102.7496505,1.0290385683411425,111.9166,102.7104365,1.0269953812904602
2016-10-10,112.2182,112.614,112.1899,112.3595,78,955,102.78903249999999,1.0235286706024902,111.6621,102.7496505,1.0290385683411425
2016-10-11,112.2559,112.2936,110.2765,110.729,78,955,102.81619549999999,1.0992051941308836,112.3595,102.78903249999999,1.0235286706024902
2016-10-12,110.8185,111.0494,110.3331,110.6724,78,955,102.84363649999999,1.071854823121535,110.729,102.81619549999999,1.0992051941308836
2016-10-13,109.9325,110.5782,109.2775,110.286,78,955,102.86091849999998,1.0949294786128534,110.6724,102.84363649999999,1.071854823121535
2016-10-14,110.7855,111.2662,110.3425,110.4085,78,955,102.88344049999999,1.086734515854792,110.286,102.86091849999998,1.0949294786128534
2016-10-17,110.3708,110.5593,109.9674,110.0975,78,955,102.9109985,1.0513891932937354,110.4085,102.88344049999999,1.086734515854792
2016-10-18,111.3887,111.6055,111.0306,111.0871,78,955,102.95420899999999,1.084004250915612,110.0975,102.9109985,1.0513891932937354
2016-10-19,111.0023,111.2379,110.8798,111.0588,78,955,102.9988675,1.0321539472787822,111.0871,102.95420899999999,1.084004250915612
2016-10-20,110.908,111.1908,110.3048,110.9457,78,955,103.0474945,1.0217143796160117,111.0588,102.9988675,1.0321539472787822
2016-10-21,111.0306,111.4264,110.663,111.3699,78,955,103.114089,1.0032633525005827,110.9457,103.0474945,1.0217143796160117
2016-10-24,112.0956,112.7743,112.0596,112.6894,78,955,103.19130100000001,1.0319159701791123,111.3699,103.114089,1.0032633525005827
2016-10-25,112.746,112.7837,112.171,112.3124,78,955,103.265062,1.001971972309175,112.6894,103.19130100000001,1.0319159701791123
2016-10-26,111.6055,112.1899,111.2474,111.5867,78,955,103.32951499999999,1.0064739742870907,112.3124,103.265062,1.001971972309175
2016-10-27,112.0674,112.1522,110.908,111.0966,78,955,103.4086725,1.023454404695155,111.5867,103.32951499999999,1.0064739742870907
2016-10-28,110.7195,111.3228,110.0315,110.3425,78,955,103.47396299999998,1.0425862329312159,111.0966,103.4086725,1.023454404695155
2016-10-31,110.7761,110.7761,110.2106,110.2483,78,955,103.55383400000001,1.0085086448647005,110.3425,103.47396299999998,1.0425862329312159
2016-11-01,110.4556,110.4745,108.4902,109.4471,78,955,103.62871750000001,1.078208027374365,110.2483,103.55383400000001,1.0085086448647005
2016-11-02,109.3811,109.6168,108.2878,108.5423,78,955,103.700386,1.0961217397047671,109.4471,103.62871750000001,1.078208027374365
2016-11-03,108.4103,108.7402,107.3735,107.5055,78,955,103.766356,1.1154487582972834,108.5423,103.700386,1.0961217397047671
2016-11-04,107.185,107.9579,106.9305,107.1002,78,955,103.81683699999999,1.109159561276049,107.5055,103.766356,1.1154487582972834
2016-11-07,108.8062,109.777,108.6742,109.6733,78,955,103.8871955,1.2211338783277599,107.1002,103.81683699999999,1.109159561276049
2016-11-08,109.5319,110.8798,109.2963,110.4085,78,955,103.956976,1.24701717273292,109.6733,103.8871955,1.2211338783277599
2016-11-09,109.0607,111.0683,108.957,110.8609,78,955,104.04112549999999,1.3087516603948544,110.4085,103.956976,1.24701717273292
2016-11-10,111.351,111.5772,107.6327,109.0607,78,955,104.10977650000001,1.4970193989380796,110.8609,104.04112549999999,1.3087516603948544
2016-11-11,108.5894,109.3811,108.2407,109.1738,78,955,104.16894300000001,1.4715465847282168,109.0607,104.10977650000001,1.4970193989380796
2016-11-14,109.1926,109.2775,107.4772,108.0427,78,955,104.2212385,1.4950289715333447,109.1738,104.16894300000001,1.4715465847282168
2016-11-15,108.8345,109.9184,108.7025,109.5602,78,955,104.291499,1.5222197592809636,108.0427,104.2212385,1.4950289715333447
2016-11-16,109.0513,110.2701,109.023,110.2011,78,955,104.36730099999998,1.5025683479037522,109.5602,104.291499,1.5222197592809636
2016-11-17,110.1446,111.0117,109.909,111.0023,78,955,104.44720249999999,1.4740063230534841,110.2011,104.36730099999998,1.5025683479037522
2016-11-18,111.0588,111.3133,110.4745,110.5782,78,955,104.54139099999999,1.4286344428353777,111.0023,104.44720249999999,1.4740063230534841
2016-11-21,110.8421,111.8317,110.8138,111.7469,78,955,104.64848099999999,1.416124839775708,110.5782,104.54139099999999,1.4286344428353777
2016-11-22,112.1333,112.3407,111.794,112.0674,78,955,104.758623,1.3573873512203003,111.7469,104.64848099999999,1.416124839775708
2016-11-23,111.6998,111.8223,111.1248,111.6244,78,955,104.86468,1.3277596832759941,112.0674,104.758623,1.3573873512203003
2016-11-28,111.8223,112.237,111.6056,111.728,78,955,104.9717225,1.2780197058991374,111.6244,104.86468,1.3277596832759941
2016-11-29,111.8129,112.6423,111.5018,112.1239,78,955,105.0741535,1.2681968697634851,111.728,104.9717225,1.2780197058991374
2016-11-30,112.1993,112.2874,110.7101,110.7101,78,955,105.1596055,1.2902756647803797,112.1239,105.0741535,1.2681968697634851
2016-12-01,110.7101,110.7195,108.6648,108.8816,78,955,105.224977,1.3448774030103523,110.7101,105.1596055,1.2902756647803797
2016-12-02,108.9381,109.4848,108.5988,109.0418,78,955,105.29647849999999,1.3121004456524707,108.8816,105.224977,1.3448774030103523
2016-12-05,109.6356,110.3331,109.1172,109.8995,78,955,105.37081950000001,1.3106146995344377,109.0418,105.29647849999999,1.3121004456524707
2016-12-06,110.1634,110.3519,109.7016,110.154,78,955,105.43886,1.2634493638534066,109.8995,105.37081950000001,1.3106146995344377
2016-12-07,109.9372,111.6998,109.6091,111.5772,78,955,105.521823,1.3225386950067346,110.154,105.43886,1.2634493638534066
2016-12-08,111.5961,112.0391,111.3887,111.7752,78,955,105.6013355,1.2745287882205396,111.5772,105.521823,1.3225386950067346
2016-12-09,112.1899,112.6708,112.1616,112.6329,78,955,105.6805085,1.247462446204787,111.7752,105.6013355,1.2745287882205396
2016-12-12,112.1145,112.3595,111.6621,112.1333,78,955,105.75783799999999,1.227700842904446,112.6329,105.6805085,1.247462446204787
2016-12-13,112.4915,114.1504,112.4632,113.5471,78,955,105.8462565,1.2840864969826997,112.1333,105.75783799999999,1.227700842904446
2016-12-14,113.632,114.0467,112.9722,113.2644,78,955,105.91811650000001,1.269116032912507,113.5471,105.8462565,1.2840864969826997
2016-12-15,113.4529,114.1504,113.1796,113.5,78,955,105.9910375,1.247807744847329,113.2644,105.91811650000001,1.269116032912507
2016-12-16,113.6951,113.9314,112.8348,113.0711,78,955,106.0626785,1.237007191643948,113.5,105.9910375,1.247807744847329
2016-12-19,113.194,114.2244,113.0144,113.5249,78,955,106.13637849999999,1.2350781065265237,113.0711,106.0626785,1.237007191643948
2016-12-20,113.8463,114.1677,113.7518,113.9692,78,955,106.215268,1.1927725274889145,113.5249,106.13637849999999,1.2350781065265237
2016-12-21,113.9787,114.0826,113.6194,113.8558,78,955,106.2977975,1.1406602040968492,113.9692,106.215268,1.1927725274889145
2016-12-22,113.8841,113.9125,113.1089,113.5343,78,955,106.3754945,1.1165844752327878,113.8558,106.2977975,1.1406602040968492
2016-12-23,113.402,113.6761,113.2602,113.6383,78,955,106.454365,1.0665355841447322,113.5343,106.3754945,1.1165844752327878
2016-12-27,113.8558,114.8767,113.8274,114.2433,78,955,106.52784700000001,1.0788116138486799,113.6383,106.454365,1.0665355841447322
2016-12-28,114.4419,114.5648,113.246,113.3453,78,955,106.5960915,1.0959536414309177,114.2433,106.52784700000001,1.0788116138486799
2016-12-29,113.298,113.5627,112.8064,113.1562,78,955,106.66348399999998,1.0716926670429958,113.3453,106.5960915,1.0959536414309177
2016-12-30,113.3736,113.3925,111.6815,112.0313,78,955,106.7207645,1.1173574765399246,113.1562,106.66348399999998,1.0716926670429958
2017-01-03,112.7875,113.4304,112.3905,112.9955,78,955,106.78328649999999,1.137481942501359,112.0313,106.7207645,1.1173574765399246
2017-01-04,113.1279,113.8274,113.1147,113.6194,78,955,106.8479095,1.1156546608941182,112.9955,106.78328649999999,1.137481942501359
2017-01-05,113.5911,114.3379,113.5343,114.2623,78,955,106.9139185,1.0933650422588241,113.6194,106.8479095,1.1156546608941182
2017-01-06,114.3757,115.5668,114.0874,115.2454,78,955,106.98339,1.1209389678117652,114.2623,106.9139185,1.0933650422588241
2017-01-09,115.3588,115.8504,115.2832,115.6424,78,955,107.058925,1.0840861843966383,115.2454,106.98339,1.1209389678117652
2017-01-10,115.6802,116.2474,115.425,115.8977,78,955,107.135596,1.0653943140825928,115.6424,107.058925,1.0840861843966383
2017-01-11,115.926,116.2096,115.3494,116.2002,78,955,107.21438900000001,1.050737577362407,115.8977,107.135596,1.0653943140825928
2017-01-12,115.7842,116.1047,114.9523,116.0206,78,955,107.2844075,1.0648206075508067,116.2002,107.21438900000001,1.050737577362407
2017-01-13,116.0962,116.6256,116.0867,116.4271,78,955,107.35378650000001,1.031976278440035,116.0206,107.2844075,1.0648206075508067
2017-01-17,116.0773,116.3042,115.7409,116.0867,78,955,107.4223075,1.0072779728371755,116.4271,107.35378650000001,1.031976278440035
2017-01-18,116.238,116.4271,115.9544,116.3231,78,955,107.486572,0.9690938319202336,116.0867,107.4223075,1.0072779728371755
2017-01-19,116.4554,116.8903,116.0111,116.238,78,955,107.55256750000001,0.9626728439259311,116.3231,107.486572,0.9690938319202336
2017-01-20,116.7579,117.0604,116.2002,116.5121,78,955,107.62457500000001,0.9553533550740794,116.238,107.55256750000001,0.9626728439259311
2017-01-23,116.4271,116.7768,115.8693,116.5972,78,955,107.68873300000001,0.9519352582830737,116.5121,107.62457500000001,0.9553533550740794
2017-01-24,116.8336,117.5709,116.6395,117.3818,78,955,107.7644795,0.9534898826914251,116.5972,107.68873300000001,0.9519352582830737
2017-01-25,118.1098,118.6013,118.0247,118.5635,78,955,107.846275,0.972490605356323,117.3818,107.7644795,0.9534898826914251
2017-01-26,118.7242,118.9416,118.4915,118.6675,78,955,107.930419,0.9351769906880137,118.5635,107.846275,0.972490605356323
2017-01-27,118.9275,119.0372,118.5351,118.9227,78,955,108.0116195,0.904242919924584,118.6675,107.930419,0.9351769906880137
2017-01-30,118.5162,118.5257,117.344,118.0058,78,955,108.081625,0.9524184256442575,118.9227,108.0116195,0.904242919924584
2017-01-31,117.5993,117.7883,117.0793,117.7883,78,955,108.15054300000001,0.9505671095268099,118.0058,108.081625,0.9524184256442575
2017-02-01,118.5635,118.8093,118.0341,118.573,78,955,108.2246975,0.955598030274894,117.7883,108.15054300000001,0.9505671095268099
2017-02-02,118.365,118.8282,118.0341,118.469,78,955,108.2956595,0.9440624566838302,118.573,108.2246975,0.955598030274894
2017-02-03,118.6108,118.9322,118.4784,118.8093,78,955,108.371511,0.9097151383492709,118.469,108.2956595,0.9440624566838302
2017-02-06,118.5635,118.97,118.4973,118.9416,78,955,108.44760199999999,0.8784997713243232,118.8093,108.371511,0.9097151383492709
2017-02-07,119.1685,119.6317,119.0834,119.3765,78,955,108.5258675,0.8650426448011574,118.9416,108.44760199999999,0.8784997713243232
2017-02-08,119.2158,119.7546,118.9984,119.6034,78,955,108.613003,0.8572681701725029,119.3765,108.5258675,0.8650426448011574
2017-02-09,119.7074,120.284,119.6412,120.0288,78,955,108.7022655,0.8446490151601822,119.6034,108.613003,0.8572681701725029
2017-02-10,120.2462,120.5865,120.076,120.3975,78,955,108.795716,0.8241526569344547,120.0288,108.7022655,0.8446490151601822
2017-02-13,120.7756,121.2483,120.7377,121.0875,78,955,108.89674200000002,0.8260560385819942,120.3975,108.795716,0.8241526569344547
2017-02-14,121.1443,121.5082,120.7567,121.5035,78,955,109.005849,0.8207306072547094,121.0875,108.89674200000002,0.8260560385819942
2017-02-15,121.4184,122.2787,121.3522,122.2219,78,955,109.121314,0.8282855638793734,121.5035,109.005849,0.8207306072547094
2017-02-16,122.2976,122.5434,121.8722,122.1841,78,955,109.2319485,0.8170651664594181,122.2219,109.121314,0.8282855638793734
2017-02-17,122.0329,122.723,121.9856,122.723,78,955,109.34987199999999,0.8113747974266021,122.1841,109.2319485,0.8170651664594181
2017-02-21,122.9215,123.3942,122.8837,123.328,78,955,109.47405549999999,0.8013623118961305,122.723,109.34987199999999,0.8113747974266021
2017-02-22,123.1956,123.4509,122.9981,123.3563,78,955,109.59842750000001,0.7764650039035506,123.328,109.47405549999999,0.8013623118961305
2017-02-23,123.5549,123.5549,122.411,122.912,78,955,109.71795250000001,0.8027103607675828,123.3563,109.59842750000001,0.7764650039035506
2017-02-24,122.3921,123.1389,122.307,123.1389,78,955,109.83739299999999,0.8047953349984701,122.912,109.71795250000001,0.8027103607675828
2017-02-27,122.912,123.2996,122.7041,123.2996,78,955,109.9506985,0.7898456682128652,123.1389,109.83739299999999,0.8047953349984701
2017-02-28,123.2618,123.3185,122.5717,122.8931,78,955,110.06647199999999,0.7867709776262315,123.2996,109.9506985,0.7898456682128652
2017-03-01,123.6588,124.4813,123.4603,124.2733,78,955,110.19135,0.8440159077957865,122.8931,110.06647199999999,0.7867709776262315
2017-03-02,124.245,124.245,123.4792,123.6305,78,955,110.3148425,0.8404504858103732,124.2733,110.19135,0.8440159077957865
2017-03-03,123.5076,123.8952,123.2155,123.8715,78,955,110.4334455,0.8289683082524891,123.6305,110.3148425,0.8404504858103732
2017-03-06,123.4225,123.7912,123.0916,123.5832,78,955,110.5568425,0.825463429091597,123.8715,110.4334455,0.8289683082524891
2017-03-07,123.3091,123.9141,123.1578,123.3752,78,955,110.6774645,0.8205231841564837,123.5832,110.5568425,0.825463429091597
2017-03-08,123.4225,123.9803,123.328,123.5832,78,955,110.80165850000002,0.8085072424310203,123.3752,110.6774645,0.8205231841564837
2017-03-09,123.5643,123.8574,123.0255,123.6872,78,955,110.92098100000001,0.8101781536859478,123.5832,110.80165850000002,0.8085072424310203
2017-03-10,124.2355,124.4057,123.6683,124.1977,78,955,111.043606,0.8049797141369511,123.6872,110.92098100000001,0.8101781536859478
2017-03-13,124.1599,124.4435,124.0937,124.3962,78,955,111.1571435,0.7724668774128833,124.1977,111.043606,0.8049797141369511
2017-03-14,124.1315,124.1788,123.6116,124.0937,78,955,111.265418,0.7733335290262486,124.3962,111.1571435,0.7724668774128833
2017-03-15,124.3868,125.1667,123.9708,124.8783,78,955,111.376256,0.8035168483815173,124.0937,111.265418,0.7733335290262486
2017-03-16,125.1052,125.1147,124.5096,124.8122,78,955,111.484044,0.7893442163542655,124.8783,111.376256,0.8035168483815173
2017-03-17,124.9109,125.0815,124.6836,124.6836,78,955,111.590064,0.7613839151861043,124.8122,111.484044,0.7893442163542655
2017-03-20,124.712,125.1478,124.5321,124.8541,78,955,111.69703,0.75097792124424,124.6836,111.590064,0.7613839151861043
2017-03-21,125.3372,125.4509,122.8932,122.9879,78,955,111.79354,0.8800294982982237,124.8541,111.69703,0.75097792124424
2017-03-22,123.0448,123.9258,122.8458,123.7931,78,955,111.89651399999998,0.8943131055626363,122.9879,111.79354,0.8800294982982237
2017-03-23,123.6416,123.9826,123.2816,123.5184,78,955,111.99633299999999,0.8805050265938772,123.7931,111.89651399999998,0.8943131055626363
2017-03-24,123.8879,124.371,123.2721,123.7458,78,955,112.098461,0.8961046675514575,123.5184,111.99633299999999,0.8805050265938772
2017-03-27,122.8837,124.1626,122.5806,123.9542,78,955,112.200834,0.9450971912977815,123.7458,112.098461,0.8961046675514575
2017-03-28,123.9163,125.072,123.67,124.712,78,955,112.30784,0.9777331062050829,123.9542,112.200834,0.9450971912977815
2017-03-29,124.7878,125.3278,124.6552,125.2804,78,955,112.423548,0.9559378843332915,124.712,112.30784,0.9777331062050829
2017-03-30,125.252,125.6214,125.1193,125.4793,78,955,112.54447,0.9235208925951992,125.2804,112.423548,0.9559378843332915
2017-03-31,125.2993,125.7446,125.162,125.3846,78,955,112.6649185,0.8991694002669707,125.4793,112.54447,0.9235208925951992
2017-04-03,125.4983,125.8109,124.6268,125.3088,78,955,112.7864415,0.9195215859621871,125.3846,112.6649185,0.8991694002669707
2017-04-04,124.9488,125.5456,124.9204,125.5172,78,955,112.90755300000001,0.898498615536316,125.3088,112.7864415,0.9195215859621871
2017-04-05,125.6877,126.4456,124.7783,125.0151,78,955,113.031889,0.9534130001408647,125.5172,112.90755300000001,0.898498615536316
2017-04-06,125.1572,125.413,124.7594,125.0909,78,955,113.15359550000001,0.9319977858450885,125.0151,113.031889,0.9534130001408647
2017-04-07,125.0341,125.3941,124.5699,125.0057,78,955,113.27346599999998,0.9242979439990101,125.0909,113.15359550000001,0.9319977858450885
2017-04-10,125.1478,125.5788,124.7181,125.0815,78,955,113.39470250000001,0.9197552337133662,125.0057,113.27346599999998,0.9242979439990101
2017-04-11,124.9109,125.1336,123.6226,124.5604,78,955,113.506235,0.9619870027338397,125.0815,113.39470250000001,0.9197552337133662
2017-04-12,124.5131,124.6078,123.8879,124.03,78,955,113.63584650000001,0.9446950739671367,124.5604,113.506235,0.9619870027338397
2017-04-13,123.8594,124.5794,123.5089,123.5089,78,955,113.7725365,0.953681140112342,124.03,113.63584650000001,0.9446950739671367
2017-04-17,123.9068,124.5699,123.8405,124.551,78,955,113.904236,0.9613467729614609,123.5089,113.7725365,0.953681140112342
2017-04-18,124.1057,124.7215,124.0489,124.371,78,955,114.026433,0.940722003464214,124.551,113.904236,0.9613467729614609
2017-04-19,124.9015,125.3183,124.3899,124.5604,78,955,114.14341850000001,0.9411918603596272,124.371,114.026433,0.940722003464214
2017-04-20,125.0815,125.8772,124.8731,125.5741,78,955,114.2633575,0.9680210131910825,124.5604,114.14341850000001,0.9411918603596272
2017-04-21,125.7067,125.7635,125.252,125.5551,78,955,114.386116,0.9354123693917193,125.5741,114.2633575,0.9680210131910825
2017-04-24,126.9571,127.2081,126.7527,127.0755,78,955,114.51238649999999,0.9866686287208827,125.5551,114.386116,0.9354123693917193
2017-04-25,127.4876,128.2326,127.3929,128.0086,78,955,114.64181850000001,0.9988422980979615,127.0755,114.51238649999999,0.9866686287208827
2017-04-26,128.0465,128.3686,127.7528,127.8286,78,955,114.76245300000001,0.9714821339481067,128.0086,114.64181850000001,0.9988422980979615
2017-04-27,128.1507,128.5959,128.0655,128.577,78,955,114.8838675,0.9568976958089567,127.8286,114.76245300000001,0.9714821339481067
2017-04-28,129.098,129.1548,128.6149,128.8091,78,955,115.003716,0.9298192889654595,128.577,114.8838675,0.9568976958089567
2017-05-01,129.2685,130.14,129.1927,129.9222,78,955,115.1304465,0.9584679111822114,128.8091,115.003716,0.9298192889654595
2017-05-02,130.14,130.2442,129.799,130.1969,78,955,115.25511900000001,0.9218059175263391,129.9222,115.1304465,0.9584679111822114
2017-05-03,129.9127,129.9411,129.4154,129.7611,78,955,115.3784115,0.9117840662744573,130.1969,115.25511900000001,0.9218059175263391
2017-05-04,129.7895,130.1874,129.3633,129.818,78,955,115.49851000000001,0.9055209186834238,129.7611,115.3784115,0.9117840662744573
2017-05-05,130.1495,130.2916,129.6664,130.2916,78,955,115.6229035,0.8854979959203205,129.818,115.49851000000001,0.9055209186834238
2017-05-08,130.3579,130.5758,130.0927,130.5758,78,955,115.742513,0.8567552819260105,130.2916,115.6229035,0.8854979959203205
2017-05-09,130.7747,131.3223,130.6611,131.0305,78,955,115.865618,0.848879904645583,130.5758,115.742513,0.8567552819260105
2017-05-10,131.1063,131.1536,130.6421,131.0873,78,955,115.986798,0.8247813400280423,131.0305,115.865618,0.848879904645583
2017-05-11,130.7558,131.04,130.14,131.0021,78,955,116.10745800000001,0.833532672883183,131.0873,115.986798,0.8247813400280423
2017-05-12,131.0684,131.3242,130.9452,131.3052,78,955,116.229022,0.8010660533915264,131.0021,116.10745800000001,0.833532672883183
2017-05-15,131.3242,131.7883,131.2294,131.7126,78,955,116.3490035,0.7837684781492741,131.3052,116.229022,0.8010660533915264
2017-05-16,132.0157,132.2809,131.6652,132.2715,78,955,116.469852,0.7717635868528977,131.7126,116.3490035,0.7837684781492741
2017-05-17,131.2484,131.4568,128.8801,128.9085,78,955,116.5726635,0.9588804735062625,132.2715,116.469852,0.7717635868528977
2017-05-18,128.8896,130.4621,128.7096,130.0264,78,955,116.678291,1.0155675825415293,128.9085,116.5726635,0.9588804735062625
2017-05-19,130.4526,131.1252,130.4053,130.5853,78,955,116.79080250000001,1.0215127552171352,130.0264,116.678291,1.0155675825415293
2017-05-22,130.86,131.7457,130.819,131.6841,78,955,116.907022,1.0314332727016262,130.5853,116.79080250000001,1.0215127552171352
2017-05-23,132.0725,132.0725,131.4664,131.8073,78,955,117.02230599999999,1.00105232465151,131.6841,116.907022,1.0314332727016262
2017-05-24,132.2052,132.4799,131.8357,132.423,78,955,117.13545049999999,0.9775914443192584,131.8073,117.02230599999999,1.00105232465151
2017-05-25,132.9204,133.8819,132.6314,133.5408,78,955,117.25479500000002,1.0119706268678827,132.423,117.13545049999999,0.9775914443192584
2017-05-26,133.5693,133.8345,133.3893,133.7682,78,955,117.3740545,0.971487010663034,133.5408,117.25479500000002,1.0119706268678827
2017-05-30,133.6924,134.0476,133.6261,133.8819,78,955,117.4952455,0.9322022241871016,133.7682,117.3740545,0.971487010663034
2017-05-31,134.3082,134.365,133.1619,133.8061,78,955,117.61370700000002,0.9515520653165948,133.8819,117.4952455,0.9322022241871016
2017-06-01,134.1092,134.4124,133.5503,134.4124,78,955,117.734836,0.945162632079695,133.8061,117.61370700000002,0.9515520653165948
2017-06-02,134.8386,135.928,134.6208,135.8996,78,955,117.8609915,0.9859081583597172,134.4124,117.734836,0.945162632079695
2017-06-05,135.8807,136.108,135.6817,135.8523,78,955,117.9900135,0.9459361470483088,135.8996,117.8609915,0.9859081583597172
2017-06-06,135.7291,136.1554,135.1323,135.3312,78,955,118.1155835,0.9514478508305724,135.8523,117.9900135,0.9459361470483088
2017-06-07,135.6817,135.9754,135.0849,135.8523,78,955,118.24343,0.9470944329141032,135.3312,118.1155835,0.9514478508305724
2017-06-08,136.1649,136.2217,135.2649,136.0133,78,955,118.3723165,0.9477876877059521,135.8523,118.24343,0.9470944329141032
2017-06-09,136.1554,136.3164,130.8316,132.6125,78,955,118.4838465,1.2718599957269539,136.0133,118.3723165,0.9477876877059521
2017-06-12,131.5231,132.1294,130.2253,131.9115,78,955,118.590767,1.3515271388893149,132.6125,118.4838465,1.2718599957269539
2017-06-13,132.6409,133.1525,131.9399,132.9535,78,955,118.706658,1.3436323432543649,131.9115,118.590767,1.3515271388893149
2017-06-14,133.4651,133.503,131.3147,132.3851,78,955,118.8206,1.4039657473076244,132.9535,118.706658,1.3436323432543649
2017-06-15,131.0589,131.9399,130.2442,131.7883,78,955,118.930712,1.456603908214222,132.3851,118.8206,1.4039657473076244
2017-06-16,131.7694,131.7694,130.7416,131.2944,78,955,119.0375085,1.4273250576274907,131.7883,118.930712,1.456603908214222
2017-06-19,132.4628,133.5457,132.3013,133.4222,78,955,119.15663599999999,1.4861804106540994,131.2944,119.0375085,1.4273250576274907
2017-06-20,133.2892,133.4602,132.3298,132.3773,78,955,119.2711975,1.4607675241788052,133.4222,119.15663599999999,1.4861804106540994
2017-06-21,132.6623,133.7547,132.5958,133.6882,78,955,119.390856,1.454812701023178,132.3773,119.2711975,1.4607675241788052
2017-06-22,133.8781,134.1441,133.3082,133.6326,78,955,119.50859100000001,1.4106046509500947,133.6882,119.390856,1.454812701023178
2017-06-23,133.4887,134.3341,133.1277,134.1536,78,955,119.6253585,1.3960186044536596,133.6326,119.50859100000001,1.4106046509500947
2017-06-26,134.8945,135.1605,133.2417,133.5362,78,955,119.73866300000002,1.43336013270697,134.1536,119.6253585,1.3960186044536596
2017-06-27,133.0517,133.1942,131.1044,131.1044,78,955,119.843099,1.5046772660850443,133.5362,119.73866300000002,1.43336013270697
2017-06-28,131.5984,133.1182,130.8385,132.9947,78,955,119.970854,1.560036032793255,131.1044,119.843099,1.5046772660850443
2017-06-29,132.4153,132.4533,129.4231,130.6865,78,955,120.0775725,1.7037191733080217,132.9947,119.970854,1.560036032793255
2017-06-30,131.0855,131.3989,130.316,130.582,78,955,120.1885635,1.6593749466431627,130.6865,120.0775725,1.7037191733080217
2017-07-05,129.7271,130.9905,129.3376,130.62,78,955,120.29701800000001,1.6589124504543644,130.582,120.1885635,1.6593749466431627
2017-07-06,129.6131,130.1926,128.9957,129.4706,78,955,120.39126349999998,1.6564401325647673,130.62,120.29701800000001,1.6589124504543644
2017-07-07,129.8886,131.2089,129.8886,130.8195,78,955,120.49256450000001,1.662287265952999,129.4706,120.39126349999998,1.6564401325647673
2017-07-10,130.9335,132.0211,130.6105,131.7029,78,955,120.600733,1.6443096040992127,130.8195,120.49256450000001,1.662287265952999
2017-07-11,131.5034,132.2443,131.0285,132.0638,78,955,120.7096695,1.6137017752349834,131.7029,120.600733,1.6443096040992127
2017-07-12,133.1847,133.8022,132.9425,133.6692,78,955,120.821213,1.6226087912896283,132.0638,120.7096695,1.6137017752349834
2017-07-13,133.7547,134.2676,133.5552,133.9541,78,955,120.92975150000001,1.5575938776260816,133.6692,120.821213,1.6226087912896283
2017-07-14,134.4861,135.17,134.1156,135.0085,78,955,121.0472375,1.53318717208136,133.9541,120.92975150000001,1.5575938776260816
2017-07-17,135.132,135.5405,134.809,135.037,78,955,121.1694845,1.4759238026469779,135.0085,121.0472375,1.53318717208136
2017-07-18,134.942,135.9964,134.5431,135.9679,78,955,121.290825,1.4743078167436212,135.037,121.1694845,1.4759238026469779
2017-07-19,136.3384,136.9653,136.3099,136.7658,78,955,121.41523600000001,1.4402429726905075,135.9679,121.290825,1.4743078167436212
2017-07-20,137.0793,137.2028,136.3289,136.9463,78,955,121.5446735,1.3997899032126135,136.7658,121.41523600000001,1.4402429726905075
2017-07-21,136.4049,136.8893,136.1674,136.8798,78,955,121.66972549999998,1.355440624411714,136.9463,121.5446735,1.3997899032126135
2017-07-24,136.8513,137.6112,136.7088,137.4782,78,955,121.798382,1.3230805798108773,136.8798,121.66972549999998,1.355440624411714
2017-07-25,137.0603,137.4877,136.7943,137.1553,78,955,121.9262725,1.2781033955386716,137.4782,121.798382,1.3230805798108773
2017-07-26,137.4877,137.6872,137.2883,137.6112,78,955,122.05446300000001,1.2248031530001935,137.1553,121.9262725,1.2781033955386716
2017-07-27,138.5516,138.6466,135.17,136.8038,78,955,122.178899,1.3856457849287525,137.6112,122.05446300000001,1.2248031530001935
2017-07-28,135.9774,136.8563,135.7114,136.6423,78,955,122.3038,1.368449657433842,136.8038,122.178899,1.3856457849287525
2017-07-31,136.9938,137.1933,135.7589,136.0154,78,955,122.4220795,1.3731603961885666,136.6423,122.3038,1.368449657433842
2017-08-01,136.4999,136.5568,135.9489,136.3289,78,955,122.55007900000001,1.318498939317955,136.0154,122.4220795,1.3731603961885666
2017-08-02,137.2123,137.2788,135.4645,136.7373,78,955,122.68040350000001,1.353913300795244,136.3289,122.55007900000001,1.318498939317955
2017-08-03,136.9463,136.9463,135.9584,136.2382,78,955,122.81016450000001,1.3277694935955835,136.7373,122.68040350000001,1.353913300795244
2017-08-04,136.4524,136.7563,135.8919,136.4334,78,955,122.94028899999999,1.2946716726244718,136.2382,122.81016450000001,1.3277694935955835
2017-08-07,136.6803,137.3168,136.5093,137.2408,78,955,123.07600550000001,1.2652951245798665,136.4334,122.94028899999999,1.2946716726244718
2017-08-08,137.0413,138.1812,136.6898,137.0793,78,955,123.20596649999999,1.2814454728241615,137.2408,123.07600550000001,1.2652951245798665
2017-08-09,135.9679,136.9653,135.6402,136.9083,78,955,123.335214,1.2927065104795783,137.0793,123.20596649999999,1.2814454728241615
2017-08-10,136.1484,136.2149,133.8306,133.9541,78,955,123.45025600000001,1.4202060454453223,136.9083,123.335214,1.2927065104795783
2017-08-11,134.1631,135.2745,133.8401,134.9705,78,955,123.568259,1.421219899342084,133.9541,123.45025600000001,1.4202060454453223
2017-08-14,136.0534,136.9273,136.0154,136.7088,78,955,123.688356,1.4594756208176505,134.9705,123.568259,1.421219899342084
2017-08-15,136.9938,137.0717,136.4429,136.8133,78,955,123.8108605,1.400141647902103,136.7088,123.688356,1.4594756208176505
2017-08-16,137.1363,137.6967,136.5955,137.0508,78,955,123.938181,1.3787886730519532,136.8133,123.8108605,1.400141647902103
2017-08-17,136.5283,136.7278,134.2486,134.2486,78,955,124.053941,1.4804609106910993,137.0508,123.938181,1.3787886730519532
2017-08-18,134.3341,135.075,133.6027,134.1346,78,955,124.17290150000001,1.479877988498877,134.2486,124.053941,1.4804609106910993
2017-08-21,134.1536,134.4386,133.1562,134.0111,78,955,124.2917155,1.4657724178918141,134.1346,124.17290150000001,1.479877988498877
2017-08-22,134.6951,136.1674,134.6571,136.0249,78,955,124.4246045,1.5150958166138264,134.0111,124.2917155,1.4657724178918141
2017-08-23,135.36,135.8444,135.246,135.5405,78,955,124.5595955,1.4625104011414098,136.0249,124.4246045,1.5150958166138264
2017-08-24,135.8634,135.9964,134.3816,135.151,78,955,124.69782300000001,1.4733882296313094,135.5405,124.5595955,1.4625104011414098
2017-08-25,135.6354,136.0059,134.6761,134.8565,78,955,124.83660449999999,1.4631319275147878,135.151,124.69782300000001,1.4733882296313094
2017-08-28,135.2745,135.588,134.8376,135.246,78,955,124.96446800000001,1.4122225041208734,134.8565,124.83660449999999,1.4631319275147878
2017-08-29,134.1156,136.0344,133.9921,135.8159,78,955,125.091505,1.4572280395408117,135.246,124.96446800000001,1.4122225041208734
2017-08-30,135.9394,137.6302,135.8349,137.4117,78,955,125.224259,1.482733179573611,135.8159,125.091505,1.4572280395408117
2017-08-31,137.7632,138.8841,137.7157,138.7321,78,955,125.372616,1.4819950953183525,137.4117,125.224259,1.482733179573611
2017-09-01,139.0266,139.2403,138.3141,138.6846,78,955,125.52017,1.4422954456527555,138.7321,125.372616,1.4819950953183525
2017-09-05,138.2382,138.5706,136.4049,137.4212,78,955,125.66706249999999,1.5021100566775583,138.6846,125.52017,1.4422954456527555
2017-09-06,137.7917,138.1717,136.8608,137.8487,78,955,125.80850500000001,1.4884521954863024,137.4212,125.66706249999999,1.5021100566775583
2017-09-07,138.1147,138.5326,137.6777,138.1717,78,955,125.94835800000001,1.4431984672372817,137.8487,125.80850500000001,1.4884521954863024
2017-09-08,138.0007,138.0672,136.8418,137.0033,78,955,126.07836300000001,1.4351057195774746,138.1717,125.94835800000001,1.4431984672372817
2017-09-11,138.0197,138.7986,138.0197,138.5231,78,955,126.2180875,1.4608338824647975,137.0033,126.07836300000001,1.4351057195774746
2017-09-12,138.9221,139.0741,138.2382,138.8841,78,955,126.3537735,1.416195748003025,138.5231,126.2180875,1.4608338824647975
2017-09-13,138.6371,139.1026,138.4281,139.0741,78,955,126.488807,1.3632174802885226,138.8841,126.3537735,1.416195748003025
2017-09-14,138.5421,138.9571,138.1812,138.2667,78,955,126.6220185,1.3296233745536281,139.0741,126.488807,1.3632174802885226
2017-09-15,138.2667,139.245,138.0102,138.7036,78,955,126.7568965,1.3228502763712267,138.2667,126.6220185,1.3296233745536281
2017-09-18,138.8747,139.3412,138.1417,138.5605,78,955,126.88907950000001,1.3140395423447107,138.7036,126.7568965,1.3228502763712267
2017-09-19,138.808,138.9984,138.3321,138.7985,78,955,127.02952150000002,1.267772432177232,138.5605,126.88907950000001,1.3140395423447107
2017-09-20,138.7509,138.9032,137.3039,138.3797,78,955,127.17701199999999,1.2914529727360011,138.7985,127.02952150000002,1.267772432177232
2017-09-21,138.2749,138.2845,137.0374,137.5134,78,955,127.31936999999999,1.29508490325486,138.3797,127.17701199999999,1.2914529727360011
2017-09-22,137.0754,137.5895,136.9469,137.3896,78,955,127.45682049999999,1.2484788387366548,137.5134,127.31936999999999,1.29508490325486
2017-09-25,136.847,136.923,135.2762,135.9521,78,955,127.58581099999999,1.3102589216840375,137.3896,127.45682049999999,1.2484788387366548
2017-09-26,136.628,136.8946,135.8188,136.3043,78,955,127.7094465,1.2935118558494623,135.9521,127.58581099999999,1.3102589216840375
2017-09-27,137.0183,138.0369,136.6756,137.5514,78,955,127.83832749999999,1.3248752947173572,136.3043,127.7094465,1.2935118558494623
2017-09-28,137.2182,137.6148,136.8755,137.4753,78,955,127.9625395,1.283048487951833,137.5514,127.83832749999999,1.3248752947173572
2017-09-29,137.7514,138.5653,137.3896,138.4653,78,955,128.0941995,1.2753807388124168,137.4753,127.9625395,1.283048487951833
2017-10-02,138.6843,139.1508,137.9703,138.5986,78,955,128.21945699999998,1.268603543182958,138.4653,128.0941995,1.2753807388124168
2017-10-03,138.7414,139.046,138.4653,138.9128,78,955,128.347699,1.2194675758127453,138.5986,128.21945699999998,1.268603543182958
2017-10-04,138.6081,139.3126,138.4844,139.0175,78,955,128.47528649999998,1.1915198918261214,138.9128,128.347699,1.2194675758127453
2017-10-05,139.522,140.455,139.3757,140.3788,78,955,128.611825,1.209089899552827,139.0175,128.47528649999998,1.1915198918261214
2017-10-06,139.9123,140.5597,139.9028,140.5311,78,955,128.746856,1.1696477638704808,140.3788,128.611825,1.209089899552827
2017-10-09,140.7596,140.9017,140.2265,140.3979,78,955,128.87899950000002,1.134330066451162,140.5311,128.746856,1.1696477638704808
2017-10-10,140.8738,141.0262,139.8933,140.5216,78,955,129.0123285,1.134227918847506,140.3979,128.87899950000002,1.134330066451162
2017-10-11,140.4455,140.9595,140.2646,140.9405,78,955,129.1493595,1.1028473532155405,140.5216,129.0123285,1.134227918847506
2017-10-12,140.7501,141.2308,140.5264,140.6739,78,955,129.2845375,1.0743868279858584,140.9405,129.1493595,1.1028473532155405
2017-10-13,141.2737,141.3784,141.0738,141.2166,78,955,129.419404,1.0479663402725825,140.6739,129.2845375,1.0743868279858584
2017-10-16,141.5593,141.7401,141.2668,141.7021,78,955,129.56118800000002,1.0105044588245418,141.2166,129.419404,1.0479663402725825
2017-10-17,141.6449,141.902,141.4355,141.8829,78,955,129.7048215,0.9716469974799313,141.7021,129.56118800000002,1.0105044588245418
2017-10-18,142.0448,142.0448,141.5021,141.7116,78,955,129.85322299999999,0.9410079262313646,141.8829,129.7048215,0.9716469974799313
2017-10-19,140.9119,141.207,140.1979,141.207,78,955,129.9942805,0.9819145029291244,141.7116,129.85322299999999,0.9410079262313646
2017-10-20,141.7592,141.8829,141.3974,141.5497,78,955,130.133932,0.9600563241484736,141.207,129.9942805,0.9819145029291244
2017-10-23,141.8544,141.8734,140.4455,140.6454,78,955,130.2658475,0.9934737295664393,141.5497,130.133932,0.9600563241484736
2017-10-24,140.8929,141.1785,140.3598,140.9119,78,955,130.39418,0.9809898917402656,140.6454,130.2658475,0.9934737295664393
2017-10-25,140.6168,141.0642,139.3031,140.3312,78,955,130.51762399999998,1.0367120423302467,140.9119,130.39418,0.9809898917402656
2017-10-26,140.2836,140.612,139.8647,139.9219,78,955,130.637745,1.0160397535923718,140.3312,130.51762399999998,1.0367120423302467
2017-10-27,142.159,144.2438,142.0353,143.9678,78,955,130.776583,1.2521726283357737,139.9219,130.637745,1.0160397535923718
2017-10-30,143.825,144.8817,143.7392,144.301,78,955,130.917985,1.2443388691689317,143.9678,130.776583,1.2521726283357737
2017-10-31,144.7389,145.053,144.3486,144.8341,78,955,131.06001999999998,1.2091718070854374,144.301,130.917985,1.2443388691689317
2017-11-01,145.4148,145.4909,144.2248,144.7865,78,955,131.203519,1.2132381065793365,144.8341,131.06001999999998,1.2091718070854374
2017-11-02,144.6246,144.6913,143.5299,144.5199,78,955,131.344503,1.2163353846808118,144.7865,131.203519,1.2132381065793365
2017-11-03,145.0816,145.9289,144.5485,145.8908,78,955,131.49276700000001,1.2300971429178962,144.5199,131.344503,1.2163353846808118
2017-11-06,145.7765,146.462,145.748,146.3858,78,955,131.6421355,1.1932330612809037,145.8908,131.49276700000001,1.2300971429178962
2017-11-07,146.2906,146.6831,145.9764,146.481,78,955,131.7915545,1.158480699760838,146.3858,131.6421355,1.1932330612809037
2017-11-08,146.4239,147.1188,146.243,147.0807,78,955,131.940049,1.1382892212064923,146.481,131.7915545,1.158480699760838
2017-11-09,145.9003,146.3858,144.8055,146.3001,78,955,132.078732,1.219497133977458,147.0807,131.940049,1.1382892212064923
2017-11-10,145.9955,146.4144,145.7099,146.2835,78,955,132.216812,1.1827116244076392,146.3001,132.078732,1.219497133977458
2017-11-13,145.7765,146.6707,145.748,146.481,78,955,132.35460350000002,1.1641393655213808,146.2835,132.216812,1.1827116244076392
2017-11-14,145.9479,146.1288,145.2434,145.9479,78,955,132.494314,1.169386553698424,146.481,132.35460350000002,1.1641393655213808
2017-11-15,145.3196,145.6528,144.4914,145.2434,78,955,132.6315895,1.1898946570056799,145.9479,132.494314,1.169386553698424
2017-11-16,146.024,147.452,145.9669,147.1188,78,955,132.7743185,1.2626593243624162,145.2434,132.6315895,1.1898946570056799
2017-11-17,147.1569,147.2616,146.4144,146.5476,78,955,132.9147115,1.2329836583365286,147.1188,132.7743185,1.2626593243624162
2017-11-20,146.6809,146.7952,146.2335,146.4334,78,955,133.052832,1.1850348255982053,146.5476,132.9147115,1.2329836583365286
2017-11-21,147.0903,148.0994,147.0665,148.0232,78,955,133.19824,1.219389480912619,146.4334,133.052832,1.1850348255982053
2017-11-22,148.1565,148.3564,147.8814,148.2136,78,955,133.3424255,1.1662188037045744,148.0232,133.19824,1.219389480912619
2017-11-27,148.6991,149.0418,148.3469,148.6896,78,955,133.4878565,1.1420746034399607,148.2136,133.3424255,1.1662188037045744
2017-11-28,149.0037,149.1656,148.2231,149.0894,78,955,133.6331595,1.1278192746228224,148.6896,133.4878565,1.1420746034399607
2017-11-29,148.9085,148.9371,145.767,146.4905,78,955,133.7636245,1.2845750407211936,149.0894,133.6331595,1.1278192746228224
2017-11-30,147.0427,147.9851,146.7428,147.6995,78,955,133.8966845,1.2995768235268221,146.4905,133.7636245,1.2845750407211936
2017-12-01,146.7761,147.7852,144.9483,147.0903,78,955,134.0246185,1.4093856218463359,147.6995,133.8966845,1.2995768235268221
2017-12-04,148.0042,148.1517,145.2339,145.3957,78,955,134.1404875,1.517129506000169,147.0903,134.0246185,1.4093856218463359
2017-12-05,145.3101,147.1283,144.796,145.4433,78,955,134.2567835,1.5753559698573,145.3957,134.1404875,1.517129506000169
2017-12-06,144.9483,146.3525,144.7579,146.1002,78,955,134.3736695,1.5767305434389205,145.4433,134.2567835,1.5753559698573
2017-12-07,146.1192,147.0427,145.9669,146.6428,78,955,134.49024350000002,1.5409497903361395,146.1002,134.3736695,1.5767305434389205
2017-12-08,147.6519,148.0613,147.0427,147.2807,78,955,134.60986549999998,1.5322033767407006,146.6428,134.49024350000002,1.5409497903361395
2017-12-11,147.3283,148.4611,147.3283,148.4135,78,955,134.737373,1.5070745641163643,147.2807,134.60986549999998,1.5322033767407006
2017-12-12,148.3278,148.6515,147.8994,148.2136,78,955,134.8627465,1.4531478095366228,148.4135,134.737373,1.5070745641163643
2017-12-13,148.7753,148.9752,148.2802,148.4992,78,955,134.98874450000002,1.4037515374268632,148.2136,134.8627465,1.4531478095366228
2017-12-14,148.7753,149.137,148.2326,148.385,78,955,135.116204,1.3680835704678023,148.4992,134.98874450000002,1.4037515374268632
2017-12-15,148.9752,150.2413,148.7277,150.0414,78,955,135.2450445,1.4029561725772453,148.385,135.116204,1.3680835704678023
2017-12-18,151.0016,151.4595,150.7918,151.2783,78,955,135.3832835,1.404037874536012,150.0414,135.2450445,1.4029561725772453
2017-12-19,151.0493,151.202,150.0191,150.4579,78,955,135.5162155,1.3936923120691536,151.2783,135.3832835,1.404037874536012
2017-12-20,150.9539,150.9921,149.6852,150.2957,78,955,135.649778,1.38749286120707,150.4579,135.5162155,1.3936923120691536
2017-12-21,150.4674,150.9635,150.124,150.3053,78,955,135.7844285,1.3483505139779948,150.2957,135.649778,1.38749286120707
2017-12-22,150.0668,150.1832,149.7233,150.124,78,955,135.91713249999998,1.2936111915509947,150.3053,135.7844285,1.3483505139779948
2017-12-26,149.3036,149.5039,148.7694,149.3418,78,955,136.0454055,1.2979675350116384,150.124,135.91713249999998,1.2936111915509947
2017-12-27,149.3131,149.7329,149.1891,149.3608,78,955,136.171221,1.2440984253679503,149.3418,136.0454055,1.2979675350116384
2017-12-28,149.8187,149.8333,149.3322,149.5182,78,955,136.296831,1.19102710927024,149.3608,136.171221,1.2440984253679503
2017-12-29,149.6566,149.6756,148.5309,148.5786,78,955,136.4192555,1.1877180300366514,149.5182,136.296831,1.19102710927024
2018-01-02,149.2941,151.2258,148.9793,151.1734,78,955,136.55073099999998,1.2919667421768906,148.5786,136.4192555,1.1877180300366514
2018-01-03,151.3164,152.7951,151.3069,152.652,78,955,136.68993,1.3155191177356844,151.1734,136.55073099999998,1.2919667421768906
2018-01-04,153.1957,153.3865,152.7116,152.9286,78,955,136.831155,1.2740177521831375,152.652,136.68993,1.3155191177356844
2018-01-05,153.6346,154.5694,153.3675,154.4263,78,955,136.979016,1.3002164841700572,152.9286,136.831155,1.2740177521831375
2018-01-08,154.4454,155.1418,154.4073,155.0178,78,955,137.1391655,1.2598081638721956,154.4263,136.979016,1.3002164841700572
2018-01-09,155.3517,155.5329,154.6076,155.1037,78,955,137.2957185,1.2359147235956118,155.0178,137.1391655,1.2598081638721956
2018-01-10,154.3596,154.7412,153.7013,154.7125,78,955,137.45168900000002,1.2478065290530682,155.1037,137.2957185,1.2359147235956118
2018-01-11,154.9987,155.781,154.7412,155.781,78,955,137.611865,1.234998919834992,154.7125,137.45168900000002,1.2478065290530682
2018-01-12,155.5234,157.0783,155.4375,156.8971,78,955,137.7765795,1.2639847112753506,155.781,137.611865,1.234998919834992
2018-01-16,157.9274,158.7525,156.0004,156.4392,78,955,137.9352155,1.3702786604699675,156.8971,137.7765795,1.2639847112753506
2018-01-17,157.1833,158.3948,156.4773,158.1477,78,955,138.09955200000002,1.4120873275792558,156.4392,137.9352155,1.3702786604699675
2018-01-18,157.9274,158.5473,157.5315,158.1849,78,955,138.26308,1.3837810898950242,158.1477,138.09955200000002,1.4120873275792558
2018-01-19,158.6619,158.9386,157.9131,158.681,78,955,138.429562,1.3581895834739528,158.1849,138.26308,1.3837810898950242
2018-01-22,158.5856,160.379,158.4425,160.3695,78,955,138.6048655,1.3994974703686702,158.681,138.429562,1.3581895834739528
2018-01-23,160.8846,161.8481,160.794,161.6859,78,955,138.785709,1.4051476510566223,160.3695,138.6048655,1.3994974703686702
2018-01-24,161.9912,162.4014,159.7303,160.7034,78,955,138.9641505,1.4955728188382917,161.6859,138.785709,1.4051476510566223
2018-01-25,161.7432,161.8195,160.0833,160.5984,78,955,139.141688,1.5127604746355563,160.7034,138.9641505,1.4955728188382917
2018-01-26,161.4665,163.0119,161.1804,162.9929,78,955,139.331624,1.577099012161588,160.5984,139.141688,1.5127604746355563
2018-01-29,162.6685,163.0406,161.9244,162.2583,78,955,139.517508,1.5441776541500476,162.9929,139.331624,1.577099012161588
2018-01-30,160.8274,161.6192,160.0928,160.9705,78,955,139.6995585,1.588557821710757,162.2583,139.517508,1.5441776541500476
2018-01-31,161.8577,162.1628,160.5889,161.5238,78,955,139.88702750000002,1.5875108344457036,160.9705,139.6995585,1.588557821710757
2018-02-01,160.379,161.9149,159.7113,160.2359,78,955,140.0706625,1.6315172034138672,161.5238,139.88702750000002,1.5875108344457036
2018-02-02,159.6349,159.9784,156.8971,156.9829,78,955,140.232822,1.7534659745985905,160.2359,140.0706625,1.6315172034138672
2018-02-05,155.6379,158.1182,150.725,150.8681,78,955,140.3653075,2.1563041192701204,156.9829,140.232822,1.7534659745985905
2018-02-06,148.7789,155.0273,146.5562,154.8365,78,955,140.516688,2.6073609678936838,150.8681,140.3653075,2.1563041192701204
2018-02-07,154.3405,156.0195,152.8237,152.8332,78,955,140.6529835,2.6493923273298488,154.8365,140.516688,2.6073609678936838
2018-02-08,153.2911,153.3961,146.4036,146.4036,78,955,140.757226,2.9596143039491434,152.8332,140.6529835,2.6493923273298488
2018-02-09,148.4641,150.0,143.2126,148.9411,78,955,140.866554,3.2330275679527753,146.4036,140.757226,2.9596143039491434
2018-02-12,150.4007,152.5852,149.2559,151.6122,78,955,140.984572,3.262389884527576,148.9411,140.866554,3.2330275679527753
2018-02-13,150.6964,152.6424,150.4576,152.2895,78,955,141.1068765,3.1854191784898918,151.6122,140.984572,3.262389884527576
2018-02-14,151.4882,155.428,150.725,155.2181,78,955,141.240082,3.293817808597757,152.2895,141.1068765,3.1854191784898918
2018-02-15,156.5632,158.0323,154.9606,158.0323,78,955,141.38619799999998,3.277952250840774,155.2181,141.240082,3.293817808597757
2018-02-16,157.5935,159.0769,157.0973,157.4313,78,955,141.5237435,3.185212804352148,158.0323,141.38619799999998,3.277952250840774
2018-02-20,156.8017,159.0053,156.7445,157.6316,78,955,141.66091699999998,3.1191833183269955,157.4313,141.5237435,3.185212804352148
2018-02-21,158.4043,159.9974,157.1451,157.1547,78,955,141.79788499999998,3.1001202241607806,157.6316,141.66091699999998,3.1191833183269955
2018-02-22,157.9178,158.7573,156.8083,157.2691,78,955,141.9351405,3.017897351006438,157.1547,141.79788499999998,3.1001202241607806
2018-02-23,158.4139,160.3886,157.832,160.379,78,955,142.0855775,3.0251546830774063,157.2691,141.9351405,3.017897351006438
2018-02-26,161.1517,162.5159,161.0468,162.5063,78,955,142.24523000000002,2.961707920000449,160.379,142.0855775,3.0251546830774063
2018-02-27,162.5731,162.8689,160.4649,160.4744,78,955,142.3924495,2.9218716400004165,162.5063,142.24523000000002,2.961707920000449
2018-02-28,161.4093,161.9817,159.406,159.406,78,955,142.534043,2.8971450942861003,160.4744,142.3924495,2.9218716400004165
2018-03-01,159.5872,160.3313,155.4957,156.9639,78,955,142.663852,3.0356061589799506,159.406,142.534043,2.8971450942861003
2018-03-02,155.1323,158.6238,154.5027,158.3376,78,955,142.799014,3.1131414333385243,156.9639,142.663852,3.0356061589799506
2018-03-05,157.6507,160.5126,157.0116,160.0547,78,955,142.9407245,3.1408456166714873,158.3376,142.799014,3.1131414333385243
2018-03-06,160.856,161.3234,159.7685,160.7606,78,955,143.08317,3.0275637869092384,160.0547,142.9407245,3.1408456166714873
2018-03-07,159.5586,161.2853,159.2724,161.1327,78,955,143.244291,2.9550878021300075,160.7606,143.08317,3.0275637869092384
2018-03-08,161.7336,162.1534,161.1708,162.0198,78,955,143.404258,2.8169172448350075,161.1327,143.244291,2.9550878021300075
2018-03-09,163.2218,165.1297,162.9547,165.1297,78,955,143.57698,2.837844584489651,162.0198,143.404258,2.8169172448350075
2018-03-12,165.6544,166.4462,165.3014,165.8643,78,955,143.747881,2.729177114168961,165.1297,143.57698,2.837844584489651
2018-03-13,166.7515,167.1426,163.3807,163.861,78,955,143.9081495,2.8029430345854633,165.8643,143.747881,2.729177114168961
2018-03-14,164.6337,164.7863,163.0596,163.7847,78,955,144.06495800000002,2.726068532115075,163.861,143.9081495,2.8029430345854633
2018-03-15,163.9182,164.586,163.031,163.5366,78,955,144.214937,2.6424207798211414,163.7847,144.06495800000002,2.726068532115075
2018-03-16,163.8705,164.2712,163.0644,163.1741,78,955,144.3619665,2.5398764384053445,163.5366,144.214937,2.6424207798211414
2018-03-19,161.6669,161.6955,158.2741,159.7176,78,955,144.491145,2.708456692804963,163.1741,144.3619665,2.5398764384053445
2018-03-20,159.6698,160.568,159.2016,160.1858,78,955,144.6230435,2.6125955004617514,159.7176,144.491145,2.708456692804963
2018-03-21,159.794,161.256,158.8003,159.4405,78,955,144.748184,2.6013886790001983,160.1858,144.6230435,2.6125955004617514
2018-03-22,157.3765,158.3989,155.3603,155.4368,78,955,144.84587,2.707018059071612,159.4405,144.748184,2.6013886790001983
2018-03-23,155.3699,156.0388,151.3949,151.3949,78,955,144.923583,2.845366769137926,155.4368,144.84587,2.707018059071612
2018-03-26,154.4908,157.281,152.0829,157.109,78,955,145.032472,3.0625619999137883,151.3949,144.923583,2.845366769137926
2018-03-27,158.2365,158.2556,150.6687,151.9204,78,955,145.1128125,3.3857289999199454,157.109,145.032472,3.0625619999137883
2018-03-28,151.1751,152.6753,149.1016,150.2865,78,955,145.1841785,3.399155499925664,151.9204,145.1128125,3.3857289999199454
2018-03-29,151.1082,154.5195,149.669,153.048,78,955,145.286356,3.5028229642166866,150.2865,145.1841785,3.399155499925664
2018-04-02,151.93,152.6371,147.0376,148.6907,78,955,145.370252,3.6819356096297806,153.048,145.286356,3.5028229642166866
2018-04-03,149.9425,150.898,147.5727,150.2482,78,955,145.4567255,3.656461637513368,148.6907,145.370252,3.6819356096297806
2018-04-04,147.4103,153.1053,147.1905,152.6371,78,955,145.5579855,3.8177715205481286,150.2482,145.4567255,3.656461637513368
2018-04-05,154.1468,154.3953,152.3886,153.4588,78,955,145.666338,3.688409269080405,152.6371,145.5579855,3.8177715205481286
2018-04-06,151.8726,153.3252,148.9487,149.7131,78,955,145.7584315,3.7471014641460902,153.4588,145.666338,3.688409269080405
2018-04-09,150.9744,153.7264,150.4585,150.6305,78,955,145.844473,3.766115645278514,149.7131,145.7584315,3.7471014641460902
2018-04-10,152.9906,154.5386,151.9969,153.9462,78,955,145.95231750000002,3.776257384901476,150.6305,145.844473,3.766115645278514
2018-04-11,153.1148,154.7966,152.9811,153.2008,78,955,146.0498805,3.6362032859799434,153.9462,145.95231750000002,3.776257384901476
2018-04-12,154.1277,155.5323,153.9939,154.9112,78,955,146.1562735,3.543010194124234,153.2008,146.0498805,3.6362032859799434
2018-04-13,155.7617,156.0006,153.5257,154.2233,78,955,146.256622,3.4667166088296453,154.9112,146.1562735,3.543010194124234
2018-04-16,155.2266,155.9337,154.2997,155.3126,78,955,146.365504,3.3412654224846703,154.2233,146.256622,3.4667166088296453
2018-04-17,156.8892,159.0575,156.6217,158.6187,78,955,146.5030755,3.3700964637357655,155.3126,146.365504,3.3412654224846703
2018-04-18,158.7429,159.5743,157.9594,159.0009,78,955,146.6331065,3.24472528775464,158.6187,146.5030755,3.3700964637357655
2018-04-19,158.2843,158.6092,157.0325,157.6345,78,955,146.7678465,3.153559195772166,159.0009,146.6331065,3.24472528775464
2018-04-20,157.1759,157.2905,154.5386,155.1692,78,955,146.8907825,3.14944068178844,157.6345,146.7678465,3.153559195772166
2018-04-23,155.8286,156.4497,153.8602,154.701,78,955,147.0111875,3.1094449188035527,155.1692,146.8907825,3.14944068178844
2018-04-24,155.3699,155.6613,150.3916,151.4522,78,955,147.12109550000002,3.263748853174728,154.701,147.0111875,3.1094449188035527
2018-04-25,151.7293,152.2262,149.5125,151.6624,78,955,147.22530999999998,3.2244596493765343,151.4522,147.12109550000002,3.263748853174728
2018-04-26,153.5735,155.303,153.0575,154.7679,78,955,147.340635,3.2541839601353537,151.6624,147.22530999999998,3.2244596493765343
2018-04-27,157.0421,157.0994,154.0035,154.9017,78,955,147.4548245,3.2428779629828286,154.7679,147.340635,3.2541839601353537
2018-04-30,155.2552,156.2108,153.4015,153.7359,78,955,147.555158,3.2119081084840557,154.9017,147.4548245,3.2428779629828286
2018-05-01,153.4015,155.561,153.0193,155.4655,78,955,147.66271500000002,3.164036100735196,153.7359,147.555158,3.2119081084840557
2018-05-02,155.8477,156.2968,154.443,154.615,78,955,147.7607475,3.0704478078255377,155.4655,147.66271500000002,3.164036100735196
2018-05-03,153.9175,155.1788,152.1402,154.5864,78,955,147.8584945,3.068172964409428,154.615,147.7607475,3.0704478078255377
2018-05-04,153.9557,157.9021,153.8219,157.5437,78,955,147.9663735,3.1404606098087537,154.5864,147.8584945,3.068172964409428
2018-05-07,158.2365,159.364,158.1505,158.7621,78,955,148.076355,3.046163423393843,157.5437,147.9663735,3.1404606098087537
2018-05-08,158.4658,159.0296,157.5294,158.6283,78,955,148.184765,2.9357374645799954,158.7621,148.076355,3.046163423393843
2018-05-09,158.9914,160.5298,158.4085,160.4295,78,955,148.3025135,2.877563359967138,158.6283,148.184765,2.9357374645799954
2018-05-10,160.9407,162.1924,160.8069,162.0778,78,955,148.4255115,2.7979445485409142,160.4295,148.3025135,2.877563359967138
2018-05-11,161.8007,162.3071,161.2178,161.9058,78,955,148.549264,2.675898509359419,162.0778,148.4255115,2.7979445485409142
2018-05-14,162.2975,163.2244,161.9344,162.1924,78,955,148.67217,2.5789486158337467,161.9058,148.549264,2.675898509359419
2018-05-15,160.912,161.0076,159.5551,160.4247,78,955,148.7902745,2.5831165718456206,162.1924,148.67217,2.5789486158337467
2018-05-16,160.6062,161.8389,160.5393,161.4662,78,955,148.91439400000002,2.4996225309995044,160.4247,148.7902745,2.5831165718456206
2018-05-17,160.912,162.0682,160.0616,160.8356,78,955,149.038495,2.464406635928111,161.4662,148.91439400000002,2.4996225309995044
2018-05-18,160.2622,160.7782,159.7749,160.0138,78,955,149.15691950000001,2.36414187621896,160.8356,149.038495,2.464406635928111
2018-05-21,161.2178,161.9631,160.224,160.9311,78,955,149.2778885,2.3345103136318914,160.0138,149.15691950000001,2.36414187621896
2018-05-22,161.6191,161.9153,160.4151,160.6922,78,955,149.4001585,2.2749167198010425,160.9311,149.2778885,2.3345103136318914
2018-05-23,159.4787,162.0682,159.4596,162.0586,78,955,149.5282845,2.2987512398152536,160.6922,149.4001585,2.2749167198010425
2018-05-24,162.0204,162.2975,160.3769,161.9679,78,955,149.65192,2.2717404369713075,162.0586,149.5282845,2.2987512398152536
2018-05-25,161.9822,162.7562,161.686,162.1829,78,955,149.777438,2.185916120044786,161.9679,149.65192,2.2717404369713075
2018-05-29,161.3898,162.3644,160.4916,161.4375,78,955,149.900084,2.163550682898729,162.1829,149.777438,2.185916120044786
2018-05-30,162.0682,162.8995,161.6955,162.6033,78,955,150.04333,2.1134399198345335,161.4375,149.900084,2.163550682898729
2018-05-31,162.5746,163.5875,162.0873,162.4695,78,955,150.180825,2.0696370684177814,162.6033,150.04333,2.1134399198345335
2018-06-01,163.2913,165.1546,163.2722,165.0686,78,955,150.322624,2.113598706387938,162.4695,150.180825,2.0696370684177814
2018-06-04,165.4603,166.5879,165.3744,166.4732,78,955,150.4709235,2.0711487987887987,165.0686,150.322624,2.113598706387938
2018-06-05,166.9032,167.3428,166.3251,167.0561,78,955,150.62095,1.9959024560181715,166.4732,150.4709235,2.0711487987887987
2018-06-06,167.2568,168.069,166.3968,168.0594,78,955,150.790004,1.972780852016872,167.0561,150.62095,1.9959024560181715
2018-06-07,168.0881,168.1072,165.833,166.7312,78,955,150.952987,1.9943107911585245,168.0594,150.790004,1.972780852016872
2018-06-08,165.8139,166.9319,165.4795,166.6834,78,955,151.11634850000002,1.955602877504345,166.7312,150.952987,1.9943107911585245
2018-06-11,166.5497,167.5434,166.5305,167.1134,78,955,151.271791,1.8882669576826063,166.6834,151.11634850000002,1.955602877504345
2018-06-12,167.3619,168.1741,167.1803,168.0116,78,955,151.4341465,1.8291550321338486,167.1134,151.271791,1.8882669576826063
2018-06-13,168.2792,169.2634,167.6294,167.9543,78,955,151.598163,1.8152153869814298,168.0116,151.4341465,1.8291550321338486
2018-06-14,168.7665,169.98,168.6518,169.7029,78,955,151.772395,1.830250002197042,167.9543,151.598163,1.8152153869814298
2018-06-15,169.12,169.4402,168.2792,169.1487,78,955,151.94190849999998,1.8012107163258244,169.7029,151.772395,1.830250002197042
2018-06-18,168.0845,169.157,167.5196,169.0134,78,955,152.107896,1.789509950873981,169.1487,151.94190849999998,1.8012107163258244
2018-06-19,166.8875,168.5729,166.3417,168.5442,78,955,152.2635585,1.8525235258115529,169.0134,152.107896,1.789509950873981
2018-06-20,169.2911,170.4306,169.157,169.7316,78,955,152.418556,1.854943273967871,168.5442,152.2635585,1.8525235258115529
2018-06-21,170.1625,170.3348,167.9313,168.2665,78,955,152.5664655,1.894125897255881,169.7316,152.418556,1.854943273967871
2018-06-22,168.8314,168.8879,167.2802,167.7111,78,955,152.717915,1.8736669045947463,168.2665,152.5664655,1.894125897255881
2018-06-25,166.3992,166.6098,162.6072,164.0914,78,955,152.84912849999998,2.1043978399808347,167.7111,152.717915,1.8736669045947463
2018-06-26,164.6947,165.7179,164.101,164.7713,78,955,152.9821265,2.0702622799822032,164.0914,152.84912849999998,2.1043978399808347
2018-06-27,165.4416,166.2172,162.4156,162.4635,78,955,153.1094275,2.193929259983473,164.7713,152.9821265,2.0702622799822032
2018-06-28,162.3295,164.484,161.9943,163.9286,78,955,153.236455,2.215055741413225,162.4635,153.1094275,2.193929259983473
2018-06-29,164.7138,165.5852,164.1584,164.168,78,955,153.3628745,2.1751660455979946,163.9286,153.236455,2.215055741413225
2018-07-02,162.8274,165.5182,162.4731,165.4799,78,955,153.4949035,2.2373041851981395,164.168,153.3628745,2.1751660455979946
2018-07-05,164.6181,165.7193,163.7754,165.5852,78,955,153.631496,2.2163467433982733,165.4799,153.4949035,2.2373041851981395
2018-07-06,165.9395,168.2856,165.6618,168.0749,78,955,153.7783525,2.2509219760126826,165.5852,153.631496,2.2163467433982733
2018-07-09,169.0134,169.7124,168.3622,169.6645,78,955,153.9338725,2.2071061205832048,168.0749,153.7783525,2.2509219760126826
2018-07-10,169.8656,170.1816,169.2145,169.789,78,955,154.08882499999999,2.1185342548272628,169.6645,153.9338725,2.2071061205832048
2018-07-11,168.4963,169.5592,168.3431,168.9368,78,955,154.2416105,2.070488950911029,169.789,154.08882499999999,2.1185342548272628
2018-07-12,169.6933,171.8287,169.5688,171.7616,78,955,154.41285150000002,2.129161168703098,168.9368,154.2416105,2.070488950911029
2018-07-13,171.8095,172.2692,171.3595,171.9627,78,955,154.58571700000002,2.042056799510021,171.7616,154.41285150000002,2.129161168703098
2018-07-16,172.0202,172.317,171.2924,171.5701,78,955,154.76380699999999,1.9693813138307352,171.9627,154.58571700000002,2.042056799510021
2018-07-17,169.7794,172.9873,169.7603,172.6618,78,955,154.9455945,2.059211219985683,171.5701,154.76380699999999,1.9693813138307352
2018-07-18,172.633,172.7863,171.7712,172.2979,78,955,155.119327,1.984631847129564,172.6618,154.9455945,2.059211219985683
2018-07-19,171.7329,172.25,171.235,171.4935,78,955,155.28941799999998,1.91879385804888,172.2979,155.119327,1.984631847129564
2018-07-20,171.9532,172.5277,171.2062,171.3978,78,955,155.4540805,1.8761300110453898,171.4935,155.28941799999998,1.91879385804888
2018-07-23,170.8615,172.0202,170.2008,171.8909,78,955,155.620542,1.8720778673992906,171.3978,155.4540805,1.8761300110453898
2018-07-24,173.696,174.328,171.9436,172.6618,78,955,155.789287,1.9124365911564851,171.8909,155.620542,1.8720778673992906
2018-07-25,172.7096,175.1706,172.6426,175.0653,78,955,155.969526,1.9564054060738805,172.6618,155.789287,1.9124365911564851
2018-07-26,172.7001,173.2459,172.183,172.5181,78,955,156.1302225,2.0225407342114616,175.0653,155.969526,1.9564054060738805
2018-07-27,173.5619,173.6194,169.1091,170.1242,78,955,156.278188,2.200237824624929,172.5181,156.1302225,2.0225407342114616
2018-07-30,170.1242,170.1912,166.878,167.7302,78,955,156.4148495,2.2797351228660068,170.1242,156.278188,2.200237824624929
2018-07-31,168.3143,169.6167,167.4046,168.6878,78,955,156.5556805,2.2749040426612934,167.7302,156.4148495,2.2797351228660068
2018-08-01,169.3677,170.1146,168.6591,169.6071,78,955,156.6990135,2.2163751824712015,168.6878,156.5556805,2.2749040426612934
2018-08-02,168.4101,172.1159,168.3335,171.9053,78,955,156.8551705,2.3282340980089744,169.6071,156.6990135,2.2163751824712015
2018-08-03,172.1638,172.4511,171.4839,172.4415,78,955,157.01129500000002,2.2310173767226185,171.9053,156.8551705,2.3282340980089744
2018-08-06,172.3362,173.5044,172.1159,173.4853,78,955,157.170211,2.170837564099574,172.4415,157.01129500000002,2.2310173767226185
2018-08-07,173.9258,174.4141,173.5715,174.0503,78,955,157.331048,2.082120595235318,173.4853,157.170211,2.170837564099574
2018-08-08,173.8492,174.6152,173.38,174.2035,78,955,157.4935075,2.0216262670042235,174.0503,157.331048,2.082120595235318
2018-08-09,174.2226,174.8834,173.9354,174.1364,78,955,157.6581545,1.9449386765039225,174.2035,157.4935075,2.0216262670042235
2018-08-10,173.0161,173.5332,172.2117,172.8437,78,955,157.8146245,1.9434930567536426,174.1364,157.6581545,1.9449386765039225
2018-08-13,173.1789,174.2897,172.5957,172.7096,78,955,157.9749455,1.9256721241283836,172.8437,157.8146245,1.9434930567536426
2018-08-14,173.3321,173.9545,172.4032,173.7726,78,955,158.139249,1.8989312581192133,172.7096,157.9749455,1.9256721241283836
2018-08-15,172.4511,172.9203,170.5647,171.685,78,955,158.296018,1.992429025396414,173.7726,158.139249,1.8989312581192133
2018-08-16,172.9107,173.3129,171.8574,172.1926,78,955,158.4573715,1.9663912378680994,171.685,158.296018,1.992429025396414
2018-08-17,171.7233,172.6618,170.7063,172.2404,78,955,158.5987345,1.9656132923060925,172.1926,158.4573715,1.9663912378680994
2018-08-20,172.633,172.6762,171.4073,172.0776,78,955,158.7376175,1.9158480571413719,172.2404,158.5987345,1.9656132923060925
2018-08-21,172.6139,173.7438,172.4894,172.6905,78,955,158.8768995,1.8980160530598456,172.0776,158.7376175,1.9158480571413719
2018-08-22,172.3266,173.5811,172.1255,173.3512,78,955,159.019723,1.866414906412714,172.6905,158.8768995,1.8980160530598456
2018-08-23,173.1023,174.3232,172.8437,173.1023,78,955,159.162635,1.8387781273832347,173.3512,159.019723,1.866414906412714
2018-08-24,173.696,174.8834,173.6672,174.7397,78,955,159.3068795,1.8346582611415738,173.1023,159.162635,1.8387781273832347
2018-08-27,175.6494,176.5113,175.343,176.4825,78,955,159.457363,1.8301540996314618,174.7397,159.3068795,1.8346582611415738
2018-08-28,176.9613,177.172,176.4059,176.7602,78,955,159.608759,1.7541502353720713,176.4825,159.457363,1.8301540996314618
2018-08-29,177.0667,178.9148,177.0188,178.819,78,955,159.7674505,1.782753789988353,176.7602,159.608759,1.7541502353720713
2018-08-30,178.503,179.5658,177.9093,178.4456,78,955,159.928178,1.7737356621320417,178.819,159.7674505,1.782753789988353
2018-08-31,178.2828,179.2404,178.0913,178.6945,78,955,160.09023299999998,1.7291188291226105,178.4456,159.928178,1.7737356621320417
2018-09-04,178.2062,178.4935,177.0092,177.9859,78,955,160.24775749999998,1.7259889127567107,178.6945,160.09023299999998,1.7291188291226105
2018-09-05,177.6891,177.6891,175.0653,175.6782,78,955,160.396409,1.8113182761312299,177.9859,160.24775749999998,1.7259889127567107
2018-09-06,175.7548,175.9559,172.9203,174.1076,78,955,160.54073,1.898766970693286,175.6782,160.396409,1.8113182761312299
2018-09-07,172.882,174.9217,172.7863,173.5715,78,955,160.6729935,1.9156693299294782,174.1076,160.54073,1.898766970693286
2018-09-10,174.395,174.5195,173.0592,174.012,78,955,160.8103155,1.883142949220229,173.5715,160.6729935,1.9156693299294782
2018-09-11,173.2938,175.6399,172.8629,175.343,78,955,160.9548635,1.9469898814187852,174.012,160.8103155,1.883142949220229
2018-09-12,175.1132,175.2185,173.3321,174.8451,78,955,161.088973,1.9515548898888713,175.343,160.9548635,1.9469898814187852
2018-09-13,175.8792,177.0379,175.8506,176.6166,78,955,161.230988,1.968786683468238,174.8451,161.088973,1.9515548898888713
2018-09-14,176.8273,177.1002,175.4866,176.1857,78,955,161.3684685,1.943416206077649,176.6166,161.230988,1.968786683468238
2018-09-17,175.8505,176.0133,173.4853,173.6481,78,955,161.49126199999998,1.9974864770721028,176.1857,161.3684685,1.943416206077649
2018-09-18,173.8109,175.9367,173.7055,175.066,78,955,161.6341395,2.0182803001383816,173.6481,161.49126199999998,1.9974864770721028
2018-09-19,175.1036,175.5249,173.8109,174.9504,78,955,161.770394,1.99654599298564,175.066,161.6341395,2.0182803001383816
2018-09-20,176.1378,177.1241,175.7355,176.8081,78,955,161.918983,2.0091998506295226,174.9504,161.770394,1.99654599298564
2018-09-21,177.4114,177.6125,175.6973,175.8984,78,955,162.0714965,2.0024855755845565,176.8081,161.918983,2.0091998506295226
2018-09-24,174.6406,176.4728,173.9211,176.3577,78,955,162.2260685,2.0417151773285176,175.8984,162.0714965,2.0024855755845565
2018-09-25,176.3002,176.7798,175.7246,176.6359,78,955,162.378747,1.9712498075193368,176.3577,162.2260685,2.0417151773285176
2018-09-26,176.7606,178.4202,176.4201,176.7127,78,955,162.5290965,1.97331053555367,176.6359,162.378747,1.9712498075193368
2018-09-27,177.5089,178.8999,177.3938,178.2571,78,955,162.6839785,1.988588354442693,176.7127,162.5290965,1.97331053555367
2018-09-28,177.7103,178.6984,177.4417,178.2092,78,955,162.832957,1.9363106148396432,178.2571,162.6839785,1.988588354442693
2018-10-01,179.2164,179.8975,178.142,178.5641,78,955,162.9847095,1.9233955709225268,178.2092,162.832957,1.9363106148396432
2018-10-02,178.3818,179.557,177.7775,178.19,78,955,163.1331635,1.913117315856631,178.5641,162.9847095,1.9233955709225268
2018-10-03,178.9286,179.3603,178.1036,178.4298,78,955,163.2833875,1.8662303647240142,178.19,163.1331635,1.913117315856631
2018-10-04,177.6815,177.7775,173.6909,175.0243,78,955,163.408302,2.0714210529580135,178.4298,163.2833875,1.8662303647240142
2018-10-05,174.9667,175.5231,171.1679,172.8755,78,955,163.516288,2.2345481206038693,175.0243,163.408302,2.0714210529580135
2018-10-08,172.0601,173.2905,169.729,171.801,78,955,163.62300349999998,2.329330397703593,172.8755,163.516288,2.2345481206038693
2018-10-09,171.8874,173.6525,171.4749,172.2519,78,955,163.7327845,2.318492512153337,171.801,163.62300349999998,2.329330397703593
2018-10-10,171.283,171.3502,164.52,164.7406,78,955,163.804961,2.7051644755709554,172.2519,163.7327845,2.318492512153337
2018-10-11,164.0787,166.3426,160.9801,162.7261,78,955,163.8679715,2.8949741558873168,164.7406,163.804961,2.7051644755709554
2018-10-12,166.9086,167.7432,163.9758,167.2348,78,955,163.9574365,3.0465545733239368,162.7261,163.8679715,2.8949741558873168
2018-10-15,166.6208,166.9566,164.5775,165.1147,78,955,164.03620600000002,3.0187506752293713,167.2348,163.9574365,3.0465545733239368
2018-10-16,166.9374,170.4196,166.6304,169.9208,78,955,164.138219,3.1820470555701306,165.1147,164.03620600000002,3.0187506752293713
2018-10-17,170.8993,171.0034,168.3284,170.0839,78,955,164.2457455,3.1458294087436935,169.9208,164.138219,3.1820470555701306
2018-10-18,169.4124,169.4891,165.4217,166.2851,78,955,164.32130400000003,3.254141593833431,170.0839,164.2457455,3.1458294087436935
2018-10-19,167.2923,168.904,165.3737,165.9973,78,955,164.38803049999999,3.273867194273899,166.2851,164.32130400000003,3.254141593833431
2018-10-22,166.9662,168.1159,165.5656,166.8415,78,955,164.457595,3.222183823254336,165.9973,164.38803049999999,3.273867194273899
2018-10-23,163.8484,167.0429,161.949,166.3426,78,955,164.51717650000003,3.355877835879026,166.8415,164.457595,3.222183823254336
2018-10-24,166.074,166.3043,158.3229,158.6107,78,955,164.535141,3.6890079904590953,166.3426,164.51717650000003,3.355877835879026
2018-10-25,161.1528,165.0763,160.3566,164.0019,78,955,164.57963199999998,3.8873359911405885,158.6107,164.535141,3.6890079904590953
2018-10-26,158.5243,163.0426,157.5458,160.0017,78,955,164.60607799999997,4.070819134630546,164.0019,164.57963199999998,3.8873359911405885
2018-10-29,162.2752,162.9467,153.5743,157.0566,78,955,164.61245599999998,4.449503482156936,160.0017,164.60607799999997,4.070819134630546
2018-10-30,156.2028,159.2774,155.421,159.1095,78,955,164.623518,4.407138947717155,157.0566,164.61245599999998,4.449503482156936
2018-10-31,161.6804,164.2801,161.6804,162.7548,78,955,164.65509600000001,4.461671880023074,159.1095,164.623518,4.407138947717155
2018-11-01,163.1865,165.2298,161.9107,165.1147,78,955,164.689931,4.38005960287857,162.7548,164.65509600000001,4.461671880023074
2018-11-02,164.5487,165.5272,161.3734,162.6397,78,955,164.71220499999998,4.363898202672958,165.1147,164.689931,4.38005960287857
2018-11-05,162.7069,162.7548,160.2798,162.0737,78,955,164.72916850000001,4.2289769024820325,162.6397,164.71220499999998,4.363898202672958
2018-11-06,162.0546,164.2226,161.8531,163.3304,78,955,164.743973,4.096157123733315,162.0737,164.72916850000001,4.2289769024820325
2018-11-07,165.2394,168.3955,164.8749,168.3284,78,955,164.77718549999997,4.165367329180936,163.3304,164.743973,4.096157123733315
2018-11-08,167.6473,168.1672,166.5633,167.3883,78,955,164.81060999999997,3.9939196628108684,168.3284,164.77718549999997,4.165367329180936
2018-11-09,165.7958,166.1987,163.2345,164.5679,78,955,164.83045749999997,4.005339686895806,167.3883,164.81060999999997,3.9939196628108684
2018-11-12,163.3592,163.695,159.4165,159.7043,78,955,164.81401449999998,4.08720113783182,164.5679,164.83045749999997,4.005339686895806
2018-11-13,160.347,162.5822,159.2438,159.7235,78,955,164.80134049999998,4.033715342272405,159.7043,164.81401449999998,4.08720113783182
2018-11-14,161.2583,161.8339,157.565,158.4188,78,955,164.78858200000002,4.050514246395805,159.7235,164.80134049999998,4.033715342272405
2018-11-15,158.131,161.6804,156.8072,161.2487,78,955,164.7872065,4.10927751451039,158.4188,164.78858200000002,4.050514246395805
2018-11-16,159.7139,161.4598,159.0328,160.7019,78,955,164.7895365,3.9891148349025047,161.2487,164.7872065,4.10927751451039
2018-11-19,159.9441,160.1072,154.9653,155.445,78,955,164.78184699999997,4.113935203838039,160.7019,164.7895365,3.9891148349025047
2018-11-20,151.9243,154.8118,150.7348,152.7397,78,955,164.79120499999996,4.156525546421035,155.445,164.78184699999997,4.113935203838039
2018-11-21,154.7255,155.3778,153.5935,153.8717,78,955,164.786381,4.048066578819533,152.7397,164.79120499999996,4.156525546421035
2018-11-26,154.8598,156.3371,154.2171,156.2892,78,955,164.803661,3.9350189660467083,153.8717,164.786381,4.048066578819533
2018-11-27,155.4066,157.1813,154.62,156.8168,78,955,164.855727,3.836896182757657,156.2892,164.803661,3.9350189660467083
2018-11-28,157.92,161.8243,157.047,161.7859,78,955,164.919951,3.9205107411321096,156.8168,164.855727,3.836896182757657
2018-11-29,161.1816,162.3711,160.0304,161.3159,78,955,164.9684695,3.8076671167655323,161.7859,164.919951,3.9205107411321096
2018-11-30,161.4982,162.5726,160.7211,162.5246,78,955,165.01964500000003,3.667940894139422,161.3159,164.9684695,3.8076671167655323
2018-12-03,166.0452,166.2563,164.0787,165.2586,78,955,165.0698475,3.6724951159866075,162.5246,165.01964500000003,3.667940894139422
2018-12-04,164.4048,164.9133,158.7833,159.0711,78,955,165.07504149999997,3.8726954648447074,165.2586,165.0698475,3.6724951159866075
2018-12-06,155.8671,160.1168,155.186,160.0976,78,955,165.088373,3.948274360212943,159.0711,165.07504149999997,3.8726954648447074
2018-12-07,159.3685,160.3182,154.313,154.7735,78,955,165.0740825,4.095197620197733,160.0976,165.088373,3.948274360212943
2018-12-10,154.5528,157.1142,152.922,156.4139,78,955,165.0703785,4.102126361612182,154.7735,165.0740825,4.095197620197733
2018-12-11,158.9176,159.0232,155.6272,156.9127,78,955,165.06859649999998,4.051688764354171,156.4139,165.0703785,4.102126361612182
2018-12-12,159.3014,160.7787,158.2461,158.3229,78,955,165.05831600000002,4.038425281186015,156.9127,165.06859649999998,4.051688764354171
2018-12-13,159.3014,160.0304,157.354,158.3996,78,955,165.0377825,3.941137761101298,158.3229,165.05831600000002,4.038425281186015
2018-12-14,156.5482,157.1429,154.1595,154.3706,78,955,165.00726350000002,3.9624922067369184,158.3996,165.0377825,3.941137761101298
2018-12-17,153.8813,155.09,149.8139,151.1089,78,955,164.965778,4.05632133482714,154.3706,165.00726350000002,3.9624922067369184
2018-12-18,152.2121,153.44,150.6485,151.9915,78,955,164.940916,3.965976953768058,151.1089,164.965778,4.05632133482714
2018-12-19,151.7996,154.1787,147.0991,148.4805,78,955,164.8916305,4.188378599927482,151.9915,164.940916,3.965976953768058
2018-12-20,147.8953,149.5261,144.2691,146.2645,78,955,164.82267949999996,4.264708699932663,148.4805,164.8916305,4.188378599927482
2018-12-21,146.8209,147.8185,140.7485,141.5735,78,955,164.726744,4.465086649937472,146.2645,164.82267949999996,4.264708699932663
2018-12-26,139.6024,146.7028,138.6307,146.6836,78,955,164.65449850000002,4.722730460656225,141.5735,164.726744,4.465086649937472
2018-12-27,144.8556,147.3667,141.5074,147.3474,78,955,164.58113649999999,4.803913999180781,146.6836,164.65449850000002,4.722730460656225
2018-12-28,148.1748,149.695,145.9716,147.2512,78,955,164.491744,4.726734427810725,147.3474,164.58113649999999,4.803913999180781
2018-12-31,148.6174,149.1081,146.9241,148.4057,78,955,164.404451,4.545110540109959,147.2512,164.491744,4.726734427810725
2019-01-02,145.2693,149.8489,145.1634,149.0215,78,955,164.3302535,4.555138358673532,148.4057,164.404451,4.545110540109959
2019-01-03,146.8471,147.4533,143.8261,144.0281,78,955,164.2314705,4.600871333053995,149.0215,164.3302535,4.555138358673532
2019-01-04,146.4142,151.0516,145.9908,150.4647,78,955,164.16611100000003,4.773916237835853,144.0281,164.2314705,4.600871333053995
2019-01-07,150.609,152.8411,150.1953,152.0137,78,955,164.11030900000003,4.621907935133293,150.4647,164.16611100000003,4.773916237835853
2019-01-08,153.5146,154.0437,151.244,153.5146,78,955,164.079294,4.491750225480915,152.0137,164.11030900000003,4.621907935133293
2019-01-09,154.0822,155.4031,153.428,154.6883,78,955,164.05180650000003,4.3119894950894215,153.5146,164.079294,4.491750225480915
2019-01-10,153.5434,155.256,152.6871,155.1213,78,955,164.03021049999998,4.187483102583036,154.6883,164.05180650000003,4.3119894950894215
2019-01-11,154.2458,154.7653,153.7358,154.6691,78,955,164.026372,3.9873414523985318,155.1213,164.03021049999998,4.187483102583036
2019-01-14,153.2933,153.8994,152.5813,153.2644,78,955,164.03571949999997,3.85165992008435,154.6691,164.026372,3.9873414523985318
2019-01-15,153.8802,156.4394,153.8509,156.2758,78,955,164.0315535,3.8033270686497547,153.2644,164.03571949999997,3.85165992008435
2019-01-16,156.4682,157.5747,156.1411,156.2277,78,955,164.05309,3.634060849460487,156.2758,164.0315535,3.8033270686497547
2019-01-17,155.7082,158.1327,155.4484,157.4304,78,955,164.0888095,3.566220788784739,156.2277,164.05309,3.634060849460487
2019-01-18,158.5945,159.7298,157.6132,158.9409,78,955,164.11827399999999,3.4757335895858303,157.4304,164.0888095,3.566220788784739
2019-01-22,157.8344,157.921,154.6691,155.9295,78,955,164.15446799999998,3.532595476043986,158.9409,164.11827399999999,3.4757335895858303
2019-01-23,156.5933,157.3149,154.2458,156.0353,78,955,164.1834035,3.499488656326558,155.9295,164.15446799999998,3.532595476043986
2019-01-24,156.4875,157.2476,155.9223,157.007,78,955,164.205253,3.3441894665889467,156.0353,164.1834035,3.499488656326558
2019-01-25,158.2481,159.3738,157.7382,158.989,78,955,164.23290400000002,3.2743759332611635,157.007,164.205253,3.3441894665889467
2019-01-28,156.8531,156.9397,155.6216,156.9108,78,955,164.2688925,3.2810205094567952,158.989,164.23290400000002,3.2743759332611635
2019-01-29,157.0166,157.0551,154.8904,155.3907,78,955,164.29269349999998,3.2012833302098818,156.9108,164.2688925,3.2810205094567952
2019-01-30,157.1994,159.98,156.7184,159.5278,78,955,164.32060149999998,3.3004273780520315,155.3907,164.29269349999998,3.2012833302098818
2019-01-31,160.3359,162.5873,160.1628,161.7887,78,955,164.363541,3.2832182796197427,159.5278,164.32060149999998,3.3004273780520315
2019-02-01,161.0287,162.2121,160.6631,161.0864,78,955,164.394417,3.15934554536119,161.7887,164.363541,3.2832182796197427
2019-02-04,161.1537,163.078,160.9902,163.078,78,955,164.4386905,3.082806577835392,161.0864,164.394417,3.15934554536119
2019-02-05,163.3185,164.7424,163.2608,164.55,78,955,164.4848775,2.9814918222757214,163.078,164.4386905,3.082806577835392
2019-02-06,164.5788,164.8771,163.3185,164.0401,78,955,164.5119845,2.879856692113171,164.55,164.4848775,2.9814918222757214
2019-02-07,162.6354,163.0297,160.6246,161.8657,78,955,164.52630850000003,2.9181169283908024,164.0401,164.5119845,2.879856692113171
2019-02-08,160.4129,162.1255,160.259,162.1255,78,955,164.54876349999998,2.843001433505745,161.8657,164.52630850000003,2.9181169283908024
2019-02-11,162.7316,163.1549,161.6155,162.0196,78,955,164.5830155,2.749887045398192,162.1255,164.54876349999998,2.843001433505745
2019-02-12,163.1453,164.6558,162.9144,164.4441,78,955,164.631731,2.7417665421554647,162.0196,164.5830155,2.749887045398192
2019-02-13,165.1272,165.6372,164.3479,164.4923,78,955,164.6969315,2.6380189320015024,164.4441,164.631731,2.7417665421554647
2019-02-14,163.9246,165.3197,163.3954,164.6847,78,955,164.76204299999998,2.5870390082871104,164.4923,164.6969315,2.6380189320015024
2019-02-15,165.9739,165.9931,164.655,165.4447,78,955,164.81542699999997,2.497829079123745,164.6847,164.76204299999998,2.5870390082871104
2019-02-19,164.8963,166.2529,164.8867,165.743,78,955,164.8696335,2.416998430614908,165.4447,164.81542699999997,2.497829079123745
2019-02-20,165.8969,166.5223,164.829,165.743,78,955,164.929669,2.365305685570986,165.743,164.8696335,2.416998430614908
2019-02-21,165.2716,165.7334,164.2421,165.0984,78,955,164.97783349999997,2.3035624223159155,165.743,164.929669,2.365305685570986
2019-02-22,165.464,166.455,165.387,166.3395,78,955,165.036456,2.2359222492933513,165.0984,164.97783349999997,2.3035624223159155
2019-02-25,167.5999,168.0424,166.8302,166.936,78,955,165.098204,2.1978492314866833,166.3395,165.036456,2.2359222492933513
2019-02-26,166.4838,167.648,166.2625,167.1188,78,955,165.14607949999998,2.139824286380492,166.936,165.098204,2.1978492314866833
2019-02-27,166.3684,167.215,165.2523,166.9937,78,955,165.1872375,2.1271725516390294,167.1188,165.14607949999998,2.139824286380492
2019-02-28,166.4838,167.2247,166.1567,166.6089,78,955,165.22714050000002,2.0515173693791,166.9937,165.1872375,2.1271725516390294
2019-03-01,167.8019,168.0328,166.6185,167.8115,78,955,165.26405049999997,2.006687557280593,166.6089,165.22714050000002,2.0515173693791
2019-03-04,168.7255,169.1296,165.9354,167.8308,78,955,165.2928155,2.0915098746176954,167.8115,165.26405049999997,2.006687557280593
2019-03-05,167.9078,168.4513,167.1044,167.9174,78,955,165.3228735,2.0383234550021463,167.8308,165.2928155,2.0915098746176954
2019-03-06,168.0617,168.129,166.7147,166.9456,78,955,165.34663949999998,1.9937503510734214,167.9174,165.3228735,2.0383234550021463
2019-03-07,166.5319,166.6185,164.3191,164.9541,78,955,165.36928650000002,2.0389467545681783,166.9456,165.34663949999998,1.9937503510734214
2019-03-08,163.1068,164.7713,162.9216,164.6943,78,955,165.385427,2.0384862720990227,164.9541,165.36928650000002,2.0389467545681783
2019-03-11,165.3293,168.2252,165.3293,168.1194,78,955,165.42184600000002,2.1450872526633784,164.6943,165.385427,2.0384862720990227
2019-03-12,168.5331,169.4664,168.1497,169.043,78,955,165.466992,2.0880810203302786,168.1194,165.42184600000002,2.1450872526633784
2019-03-13,169.9089,171.1886,169.6684,170.313,78,955,165.5139015,2.092189518878116,169.043,165.466992,2.0880810203302786
2019-03-14,170.4044,170.6209,169.9667,170.0244,78,955,165.5605625,1.9894759818153935,170.313,165.5139015,2.092189518878116
2019-03-15,170.6883,172.1026,170.5632,171.5157,78,955,165.60784800000002,1.9958134116857214,170.0244,165.5605625,1.9894759818153935
2019-03-18,171.5188,172.5213,171.1733,171.9622,78,955,165.65781950000002,1.9495410251367402,171.5157,165.60784800000002,1.9958134116857214
2019-03-19,172.6948,173.4948,171.8466,172.5695,78,955,165.7097525,1.928016666198402,171.9622,165.65781950000002,1.9495410251367402
2019-03-20,172.5791,174.3237,171.7984,173.2923,78,955,165.7690265,1.9706797614699458,172.5695,165.7097525,1.928016666198402
2019-03-21,172.7237,176.2225,172.7237,175.9622,78,955,165.835821,2.0798312070792346,173.2923,165.7690265,1.9706797614699458
2019-03-22,175.1912,175.6827,171.9237,172.0393,78,955,165.88367,2.219736120859289,175.9622,165.835821,2.0798312070792346
2019-03-25,171.4996,172.3767,170.5357,171.7984,78,955,165.917319,2.1926835407979115,172.0393,165.88367,2.219736120859289
2019-03-26,173.0899,174.1598,171.702,172.5791,78,955,165.9478485,2.211620430740917,171.7984,165.917319,2.1926835407979115
2019-03-27,172.7911,173.2249,170.2176,171.567,78,955,165.970403,2.2684546856879937,172.5791,165.9478485,2.211620430740917
2019-03-28,171.9333,172.5116,170.8345,171.8948,78,955,165.98958,2.2262150652817083,171.567,165.970403,2.2684546856879937
2019-03-29,173.1189,173.3309,172.1357,173.2249,78,955,166.02204849999998,2.1697782749044445,171.8948,165.98958,2.2262150652817083
2019-04-01,174.8249,175.6731,174.2369,175.5574,78,955,166.0664185,2.1896655409826993,173.2249,166.02204849999998,2.1697782749044445
2019-04-02,175.6345,176.2948,175.2104,176.1261,78,955,166.111482,2.110718002341079,175.5574,166.0664185,2.1896655409826993
2019-04-03,177.0996,178.237,176.5877,177.1382,78,955,166.157115,2.1107310021738583,176.1261,166.111482,2.110718002341079
2019-04-04,177.1671,177.8321,176.049,177.0851,78,955,166.20276900000002,2.0873287877328677,177.1382,166.157115,2.1107310021738583
2019-04-05,177.6394,178.0924,177.3678,177.9863,78,955,166.244186,2.010183874323376,177.0851,166.20276900000002,2.0873287877328677
2019-04-08,177.7068,178.5839,176.9936,178.4586,78,955,166.29073549999998,1.9801921690145645,177.9863,166.244186,2.010183874323376
2019-04-09,177.8321,178.4201,177.4369,177.8129,78,955,166.33473300000003,1.9117284426563799,178.4586,166.29073549999998,1.9801921690145645
2019-04-10,178.0731,178.8249,177.8514,178.7767,78,955,166.38589549999998,1.8474621253237813,177.8129,166.33473300000003,1.9117284426563799
2019-04-11,179.0562,179.0659,178.0152,178.3719,78,955,166.429097,1.7905505449435117,178.7767,166.38589549999998,1.8474621253237813
2019-04-12,179.143,179.2297,178.372,179.1237,78,955,166.483383,1.723925506018975,178.3719,166.429097,1.7905505449435117
2019-04-15,179.0948,179.3454,177.9478,179.1623,78,955,166.540639,1.700616541303335,179.1237,166.483383,1.723925506018975
2019-04-16,179.7695,180.155,179.2104,179.7984,78,955,166.61917400000002,1.6500510740673833,179.1623,166.540639,1.700616541303335
2019-04-17,180.9647,181.1382,179.8562,180.3767,78,955,166.69720100000004,1.627890283062572,179.7984,166.61917400000002,1.6500510740673833
2019-04-18,180.7044,180.743,179.5574,180.608,78,955,166.78792350000003,1.5962981199866737,180.3767,166.69720100000004,1.627890283062572
2019-04-22,179.7984,182.0346,179.6924,181.1767,78,955,166.87416399999998,1.6495768257019128,180.608,166.78792350000003,1.5962981199866737
2019-04-23,181.5623,183.6538,181.3309,183.4129,78,955,166.9703885,1.7086856238660606,181.1767,166.87416399999998,1.6495768257019128
2019-04-24,183.5575,183.8177,182.796,182.8346,78,955,167.05716199999998,1.659615222161343,183.4129,166.9703885,1.7086856238660606
2019-04-25,184.2418,184.3093,182.6032,183.5285,78,955,167.14687849999999,1.662935563435534,182.8346,167.05716199999998,1.659615222161343
2019-04-26,183.3261,183.7984,181.7743,183.7695,78,955,167.2253515,1.688733023190137,183.5285,167.14687849999999,1.662935563435534
2019-04-29,183.731,184.4057,183.4611,184.0972,78,955,167.29751499999998,1.635580664390842,183.7695,167.2253515,1.688733023190137
2019-04-30,182.6322,182.9888,181.408,182.6996,78,955,167.362068,1.7108391883629246,184.0972,167.29751499999998,1.635580664390842
2019-05-01,183.8659,184.4057,181.9719,182.0056,78,955,167.427412,1.762479246337001,182.6996,167.362068,1.7108391883629246
2019-05-02,182.0538,182.9888,180.1165,181.3888,78,955,167.475548,1.8417521573129292,182.0056,167.427412,1.762479246337001
2019-05-03,182.8249,184.3382,182.4876,184.2129,78,955,167.536799,1.9208698603620056,181.3888,167.475548,1.8417521573129292
2019-05-06,180.3382,183.3261,180.0105,183.1237,78,955,167.594567,2.0838362989075754,184.2129,167.536799,1.9208698603620056
2019-05-07,181.0707,181.8514,177.8418,179.5285,78,955,167.6289005,2.312269420414178,183.1237,167.594567,2.0838362989075754
2019-05-08,178.9598,180.4056,178.2755,178.9213,78,955,167.6620175,2.299257318956022,179.5285,167.6289005,2.312269420414178
2019-05-09,177.1189,178.7113,175.5092,178.1309,78,955,167.6952045,2.3787460818877353,178.9213,167.6620175,2.299257318956022
2019-05-10,177.408,179.1719,174.4877,178.3237,78,955,167.729834,2.5434213617528973,178.1309,167.6952045,2.3787460818877353
2019-05-13,173.7839,174.7092,171.6249,172.1068,78,955,167.73091349999999,2.8402341216276907,178.3237,167.729834,2.5434213617528973
2019-05-14,173.0128,175.0659,172.396,173.9671,78,955,167.73744,2.8487245415114275,172.1068,167.73091349999999,2.8402341216276907
2019-05-15,172.8972,176.9165,172.8297,176.4153,78,955,167.74418999999997,2.937158502832041,173.9671,167.73744,2.8487245415114275
2019-05-16,176.502,179.3454,176.3381,178.237,78,955,167.77278450000003,2.9421686097726107,176.4153,167.74418999999997,2.937158502832041
2019-05-17,176.4827,178.8744,176.2707,176.4056,78,955,167.80419149999997,2.917992280503139,178.237,167.77278450000003,2.9421686097726107
2019-05-20,173.9863,174.632,172.8586,173.4562,78,955,167.8328215,2.9629214033243434,176.4056,167.80419149999997,2.917992280503139
2019-05-21,174.9405,175.7406,174.3815,175.2297,78,955,167.865531,2.914455588801176,173.4562,167.8328215,2.9629214033243434
2019-05-22,174.2755,175.49,174.2177,174.4972,78,955,167.8899815,2.7971587610296638,175.2297,167.865531,2.914455588801176
2019-05-23,172.5502,172.5531,170.7381,171.8466,78,955,167.88968799999998,2.865868849527544,174.4972,167.8899815,2.7971587610296638
2019-05-24,172.8201,173.3502,171.5092,171.6827,78,955,167.885894,2.7926639317041486,171.8466,167.88968799999998,2.865868849527544
2019-05-28,172.2128,173.167,171.0562,171.0851,78,955,167.87389299999998,2.743959365153853,171.6827,167.885894,2.7926639317041486
2019-05-29,170.0827,170.6032,168.7622,169.7068,78,955,167.85217550000002,2.713883696214293,171.0851,167.87389299999998,2.743959365153853
2019-05-30,170.1598,170.8634,169.4176,170.4104,78,955,167.83321,2.6233062893418446,169.7068,167.85217550000002,2.713883696214293
2019-05-31,168.4056,168.955,167.5959,167.6152,78,955,167.800604,2.636962982960285,170.4104,167.83321,2.6233062893418446
2019-06-03,167.2489,167.6634,163.1525,164.0586,78,955,167.7566785,2.77081562703455,167.6152,167.800604,2.636962982960285
2019-06-04,165.7646,168.6465,165.1767,168.5887,78,955,167.73607399999997,2.900607367960653,164.0586,167.7566785,2.77081562703455
2019-06-05,170.2176,170.2273,168.0779,169.8514,78,955,167.716468,2.8469496988206076,168.5887,167.73607399999997,2.900607367960653
2019-06-06,170.1405,171.6056,169.3791,171.1815,78,955,167.71395050000004,2.802631863190565,169.8514,167.716468,2.8469496988206076
2019-06-07,172.049,175.1975,171.8851,174.4683,78,955,167.72532900000002,2.8893010158198096,171.1815,167.71395050000004,2.802631863190565
2019-06-10,175.6249,178.1695,175.6249,176.4731,78,955,167.7464925,2.947293800404109,174.4683,167.72532900000002,2.8893010158198096
2019-06-11,178.4008,178.6996,176.1743,176.7622,78,955,167.76991550000002,2.917151386089531,176.4731,167.7464925,2.947293800404109
2019-06-12,176.2707,176.6562,175.4225,175.7695,78,955,167.78531049999998,2.8044762870831357,176.7622,167.76991550000002,2.917151386089531
2019-06-13,176.502,177.2249,176.1357,176.8201,78,955,167.80265500000002,2.708113695148626,175.7695,167.78531049999998,2.8044762870831357
2019-06-14,175.808,176.4924,175.3646,175.9815,78,955,167.817051,2.618641288352296,176.8201,167.80265500000002,2.708113695148626
2019-06-17,176.3863,177.5912,176.2273,177.0803,78,955,167.828754,2.546574053469987,175.9815,167.817051,2.618641288352296
2019-06-18,179.1333,180.9358,178.7277,179.6635,78,955,167.84465899999998,2.640068763936417,177.0803,167.828754,2.546574053469987
2019-06-19,179.9815,180.7526,178.8635,180.3574,78,955,167.86264500000001,2.5864281379409597,179.6635,167.84465899999998,2.640068763936417
2019-06-20,182.8828,182.902,180.666,181.996,78,955,167.87852999999998,2.5834404138023177,180.3574,167.86264500000001,2.5864281379409597
2019-06-21,181.755,182.9117,181.373,181.8032,78,955,167.895318,2.508816098530724,181.996,167.87852999999998,2.5834404138023177
2019-06-24,182.1082,182.3014,181.6638,181.7411,78,955,167.91055100000003,2.375157805778529,181.8032,167.895318,2.508816098530724
2019-06-25,181.6542,181.7411,178.3698,178.6403,78,955,167.913823,2.4463108196514907,181.7411,167.91055100000003,2.375157805778529
2019-06-26,179.8091,180.9586,179.1812,179.4614,78,955,167.932739,2.437167189676384,178.6403,167.913823,2.4463108196514907
2019-06-27,180.1279,180.5819,179.6642,180.1569,78,955,167.96298550000003,2.3431195332709276,179.4614,167.932739,2.437167189676384
2019-06-28,180.5916,180.7848,179.7415,180.408,78,955,167.997168,2.250275280894432,180.1569,167.96298550000003,2.3431195332709276
2019-07-01,183.8276,184.0884,181.9729,182.794,78,955,168.04107800000003,2.352427046544831,180.408,167.997168,2.250275280894432
2019-07-02,182.7554,183.5668,182.2434,183.5572,78,955,168.08214900000002,2.2789251146487715,182.794,168.04107800000003,2.352427046544831
2019-07-05,183.6827,184.8902,182.9486,184.6004,78,955,168.13092550000002,2.2548304636024303,183.5572,168.08214900000002,2.2789251146487715
2019-07-08,183.4026,183.4123,182.5042,183.2674,78,955,168.16417950000002,2.2434997162022574,184.6004,168.13092550000002,2.2548304636024303
2019-07-09,182.369,184.4072,182.2338,184.2044,78,955,168.204273,2.238492593616381,183.2674,168.16417950000002,2.2434997162022574
2019-07-10,185.267,186.5227,184.9578,186.0011,78,955,168.266038,2.244193122643782,184.2044,168.204273,2.238492593616381
2019-07-11,186.3295,186.7642,185.2863,185.8562,78,955,168.31998900000002,2.189457899597796,186.0011,168.266038,2.244193122643782
2019-07-12,186.0784,186.9574,185.9045,186.9381,78,955,168.3799275,2.111725192483668,185.8562,168.31998900000002,2.189457899597796
2019-07-15,187.3728,187.5853,186.8608,187.4984,78,955,168.43337899999997,2.012637678734833,186.9381,168.3799275,2.111725192483668
2019-07-16,187.2666,187.4887,186.0108,186.5614,78,955,168.486694,1.9751349873966317,187.4984,168.43337899999997,2.012637678734833
2019-07-17,186.629,186.9091,185.6437,185.6534,78,955,168.5331725,1.9244396311540153,186.5614,168.486694,1.9751349873966317
2019-07-18,184.7936,186.2329,184.2044,185.9818,78,955,168.579902,1.9318725146430147,185.6534,168.5331725,1.9244396311540153
2019-07-19,187.2376,187.2376,184.3203,184.4169,78,955,168.618423,2.0022601921685124,185.9818,168.579902,1.9318725146430147
2019-07-22,185.0061,186.3778,184.9289,186.0301,78,955,168.657288,1.999305892727905,184.4169,168.618423,2.0022601921685124
2019-07-23,186.9961,187.2183,185.7499,187.1989,78,955,168.7022365,1.9613840432473406,186.0301,168.657288,1.999305892727905
2019-07-24,186.5034,188.5223,186.4648,188.5127,78,955,168.7519795,1.9682494687296739,187.1989,168.7022365,1.9613840432473406
2019-07-25,187.8751,187.9041,186.3682,186.6966,78,955,168.7945125,1.9808387923918396,188.5127,168.7519795,1.9682494687296739
2019-07-26,187.9041,188.8991,187.8172,188.6189,78,955,168.845458,1.9966717357924235,186.6966,168.7945125,1.9808387923918396
2019-07-29,188.5223,188.5417,186.8125,188.02,78,955,168.9104365,1.983080897521536,188.6189,168.845458,1.9966717357924235
2019-07-30,186.5904,187.9234,186.4261,187.1989,78,955,168.9820535,1.9552822619842847,188.02,168.9104365,1.983080897521536
2019-07-31,187.7012,187.8172,182.881,184.6874,78,955,169.04648550000002,2.1682049575568367,187.1989,168.9820535,1.9552822619842847
2019-08-01,185.0061,188.3485,182.794,183.6441,78,955,169.1034465,2.410083174874205,184.6874,169.04648550000002,2.1682049575568367
2019-08-02,182.398,182.5622,179.8767,181.0552,78,955,169.1850195,2.5070343766689054,183.6441,169.1034465,2.410083174874205
2019-08-05,177.2686,177.2686,173.1052,174.5348,78,955,169.24406299999998,2.8958176354782705,181.0552,169.1850195,2.5070343766689054
2019-08-06,176.1963,177.5487,174.9116,177.0271,78,955,169.2930245,2.9042520900869664,174.5348,169.24406299999998,2.8958176354782705
2019-08-07,175.182,178.2346,173.7717,177.7999,78,955,169.3564505,3.0155840836521826,177.0271,169.2930245,2.9042520900869664
2019-08-08,178.8528,181.915,178.2925,181.8763,78,955,169.41622799999996,3.0941209348198826,177.7999,169.3564505,3.0155840836521826
2019-08-09,180.949,181.6059,178.7369,180.1086,78,955,169.46635149999997,3.0973551537613195,181.8763,169.41622799999996,3.0941209348198826
2019-08-12,179.046,179.5773,177.2589,178.0897,78,955,169.5253745,3.0796654999212243,180.1086,169.46635149999997,3.0973551537613195
2019-08-13,178.0124,183.2287,177.7612,182.0309,78,955,169.6055425,3.2502251070697086,178.0897,169.5253745,3.0796654999212243
2019-08-14,179.0073,179.6256,176.2156,176.4958,78,955,169.65381399999998,3.4334447422790157,182.0309,169.6055425,3.2502251070697086
2019-08-15,176.8822,177.3458,174.9985,176.3702,78,955,169.703952,3.355862974973371,176.4958,169.65381399999998,3.4334447422790157
2019-08-16,177.8482,179.6256,177.8385,179.1522,78,955,169.8066595,3.3486870481895576,176.3702,169.703952,3.355862974973371
2019-08-19,181.6252,182.4076,181.1229,181.8957,78,955,169.8961285,3.34202368760459,179.1522,169.8066595,3.3486870481895576
2019-08-20,181.6059,182.2193,180.5916,180.6302,78,955,169.99927100000002,3.219571995632834,181.8957,169.8961285,3.34202368760459
2019-08-21,182.2434,182.794,181.5672,182.2144,78,955,170.12506000000002,3.1441597102304897,180.6302,169.99927100000002,3.219571995632834
2019-08-22,182.5525,183.0162,180.1955,181.6542,78,955,170.2377835,3.1210554452140253,182.2144,170.12506000000002,3.1441597102304897
2019-08-23,180.4274,182.0406,175.3849,175.9741,78,955,170.30388,3.373530056270168,181.6542,170.2377835,3.1210554452140253
2019-08-26,177.9061,178.5823,176.8532,178.5533,78,955,170.371073,3.3188636236794427,175.9741,170.30388,3.373530056270168
2019-08-27,179.7512,180.0796,177.4618,178.2732,78,955,170.4492405,3.268787650559482,178.5533,170.371073,3.3188636236794427
2019-08-28,177.597,179.0943,176.689,178.8142,78,955,170.53294300000002,3.2071099612338054,178.2732,170.4492405,3.268787650559482
2019-08-29,180.9973,182.0465,180.3259,181.5189,78,955,170.6238855,3.208909249717106,178.8142,170.53294300000002,3.2071099612338054
2019-08-30,182.5139,182.5429,180.0699,181.1422,78,955,170.68795450000002,3.1563443033087424,181.5189,170.6238855,3.208909249717106
2019-09-03,179.925,180.8137,178.7369,179.3454,78,955,170.74774000000002,3.1026982816438333,181.1422,170.68795450000002,3.1563443033087424
2019-09-04,181.0456,182.0792,180.5433,181.9343,78,955,170.834572,3.0763484043835576,179.3454,170.74774000000002,3.1026982816438333
2019-09-05,183.9146,185.7838,183.8663,185.2959,78,955,170.96253000000002,3.131573518356161,181.9343,170.834572,3.0763484043835576
2019-09-06,185.4988,185.634,184.668,185.0738,78,955,171.08928150000003,2.976889695616434,185.2959,170.96253000000002,3.131573518356161
2019-09-09,185.6437,185.7306,183.7455,184.6487,78,955,171.220431,2.9060475745009757,185.0738,171.08928150000003,2.976889695616434
2019-09-10,183.7117,184.2527,182.4849,184.243,78,955,171.33540250000001,2.8530298906080476,184.6487,171.220431,2.9060475745009757
2019-09-11,184.4652,185.9818,184.0788,185.9045,78,955,171.46141550000002,2.7851706127074722,184.243,171.33540250000001,2.8530298906080476
2019-09-12,187.054,188.0876,186.4068,186.6387,78,955,171.61738400000002,2.7421655689426525,185.9045,171.46141550000002,2.7851706127074722
2019-09-13,186.3875,186.8222,185.7499,186.0301,78,955,171.783836,2.6228894568753214,186.6387,171.61738400000002,2.7421655689426525
2019-09-16,184.7936,185.5471,184.6101,185.1221,78,955,171.940088,2.5369687813842283,186.0301,171.783836,2.6228894568753214
2019-09-17,185.1607,186.0494,184.784,185.9721,78,955,172.0885025,2.4461424398567835,185.1221,171.940088,2.5369687813842283
2019-09-18,185.663,186.0494,183.6441,185.9721,78,955,172.234279,2.443225122724155,185.9721,172.0885025,2.4461424398567835
2019-09-19,186.3006,187.4356,185.9238,186.2716,78,955,172.35670749999997,2.3766947568152865,185.9721,172.234279,2.443225122724155
2019-09-20,186.5421,186.7353,183.6924,184.3589,78,955,172.4719225,2.4242808456141947,186.2716,172.35670749999997,2.3766947568152865
2019-09-23,184.2564,184.9436,183.6369,184.3532,78,955,172.5810655,2.3444536423560383,184.3589,172.4719225,2.4242808456141947
2019-09-24,185.234,185.6406,181.1503,181.8462,78,955,172.6640035,2.497728382187751,184.3532,172.5810655,2.3444536423560383
2019-09-25,181.7688,184.4693,180.2395,183.9757,78,955,172.78852650000002,2.6214477834600554,181.8462,172.6640035,2.497728382187751
2019-09-26,183.7821,183.9079,181.9527,183.2981,78,955,172.904529,2.5787015132129083,183.9757,172.78852650000002,2.6214477834600554
2019-09-27,183.5982,183.7434,179.7942,181.1396,78,955,173.0363595,2.6765942622691306,183.2981,172.904529,2.5787015132129083
2019-09-30,181.7301,183.0465,181.3913,182.7271,78,955,173.1679255,2.621616100678479,181.1396,173.0363595,2.6765942622691306
2019-10-01,183.4627,184.4788,180.9606,181.2074,78,955,173.289399,2.685657807772874,182.7271,173.1679255,2.621616100678479
2019-10-02,180.0652,180.0652,177.1517,178.1003,78,955,173.388286,2.783517964360526,181.2074,173.289399,2.685657807772874
2019-10-03,178.1681,180.2361,175.9902,180.162,78,955,173.497098,2.8879738240490602,178.1003,173.388286,2.783517964360526
2019-10-04,180.9945,183.0174,180.888,182.8335,78,955,173.6394125,2.8856471223312705,180.162,173.497098,2.8879738240490602
2019-10-07,182.1947,183.6563,181.885,182.1753,78,955,173.7947445,2.8060508993076083,182.8335,173.6394125,2.8856471223312705
2019-10-08,181.0138,181.8329,179.3296,179.3586,78,955,173.93158,2.8088829779284934,182.1753,173.7947445,2.8060508993076083
2019-10-09,180.9654,182.0495,180.4524,181.3332,78,955,174.0958435,2.8004556223621724,179.3586,173.93158,2.8088829779284934
2019-10-10,181.2655,183.3562,181.1203,182.6109,78,955,174.2775755,2.7601302207648755,181.3332,174.0958435,2.8004556223621724
2019-10-11,184.6823,186.4536,184.6049,184.8856,78,955,174.494136,2.8374566335673848,182.6109,174.2775755,2.7601302207648755
2019-10-14,184.7017,185.5534,184.5323,184.9824,78,955,174.68563000000003,2.707716874026859,184.8856,174.494136,2.8374566335673848
2019-10-15,185.505,187.7507,185.4179,187.3151,78,955,174.88546850000003,2.7120442401677964,184.9824,174.68563000000003,2.707716874026859
2019-10-16,186.7053,187.3248,186.26,186.8408,78,955,175.08341650000003,2.59438393729867,187.3151,174.88546850000003,2.7120442401677964
2019-10-17,187.9539,188.2637,186.6278,187.3344,78,955,175.27806,2.525920798920193,186.8408,175.08341650000003,2.59438393729867
2019-10-18,187.1215,187.4603,184.5903,185.5341,78,955,175.46062299999997,2.550497884711606,187.3344,175.27806,2.525920798920193
2019-10-21,186.473,187.3151,185.9793,187.2183,78,955,175.676574,2.495533750089349,185.5341,175.46062299999997,2.550497884711606
2019-10-22,187.8378,188.1862,185.6406,185.718,78,955,175.85284049999999,2.499109910797253,187.2183,175.676574,2.495533750089349
2019-10-23,185.2921,186.0937,185.0211,186.0568,78,955,176.023056,2.397216345740308,185.718,175.85284049999999,2.499109910797253
2019-10-24,187.4312,187.983,186.5601,187.8571,78,955,176.19476849999998,2.3635723210445714,186.0568,176.023056,2.397216345740308
2019-10-25,186.8892,189.4639,186.8602,189.3381,78,955,176.36801749999998,2.3807242981128165,187.8571,176.19476849999998,2.3635723210445714
2019-10-28,190.2576,191.4869,190.2479,191.2546,78,955,176.54868399999998,2.364158276819044,189.3381,176.36801749999998,2.3807242981128165
2019-10-29,190.9158,191.2013,189.7252,189.8027,78,955,176.724352,2.304532685617684,191.2546,176.54868399999998,2.364158276819044
2019-10-30,190.1221,190.9932,189.0283,190.6254,78,955,176.91115699999997,2.280273208073564,189.8027,176.724352,2.304532685617684
2019-10-31,191.2255,191.3127,189.6575,190.7125,78,955,177.08334050000002,2.2356251217825953,190.6254,176.91115699999997,2.280273208073564
2019-11-01,191.5934,192.5032,191.2933,192.4935,78,955,177.26466950000002,2.2038447559409806,190.7125,177.08334050000002,2.2356251217825953
2019-11-04,193.7712,194.0956,193.3356,193.6551,78,955,177.445793,2.1608629876594803,192.4935,177.26466950000002,2.2038447559409806
2019-11-05,193.9261,194.1197,193.1517,193.6938,78,955,177.6195575,2.0756584885409453,193.6551,177.445793,2.1608629876594803
2019-11-06,193.568,193.5873,192.4113,193.3453,78,955,177.80663650000002,2.019004310788021,193.6938,177.6195575,2.0756584885409453
2019-11-07,194.3229,195.2522,193.4421,194.0035,78,955,177.9964775,2.0109968600174466,193.3453,177.80663650000002,2.019004310788021
2019-11-08,193.6164,194.7972,193.1421,194.7972,78,955,178.18542850000003,1.9855756557304864,194.0035,177.9964775,2.0109968600174466
2019-11-11,193.8099,194.5904,193.5292,194.5165,78,955,178.363066,1.9343202517497373,194.7972,178.18542850000003,1.9855756557304864
2019-11-12,194.6811,195.7265,194.381,195.0489,78,955,178.55375650000002,1.892261662339041,194.5165,178.363066,1.9343202517497373
2019-11-13,194.4004,195.3054,194.2745,194.9134,78,955,178.75136999999998,1.830735829314824,195.0489,178.55375650000002,1.892261662339041
2019-11-14,194.3907,195.0973,193.8003,194.9618,78,955,178.92854000000003,1.7926118415066221,194.9134,178.75136999999998,1.830735829314824
2019-11-15,196.1233,196.3024,195.5232,196.2201,78,955,179.100697,1.7603252813990058,194.9618,178.92854000000003,1.7926118415066221
2019-11-18,196.1136,196.8686,195.3006,196.5686,78,955,179.278108,1.7465877612990757,196.2201,179.100697,1.7603252813990058
2019-11-19,197.3042,197.3042,196.0943,196.8396,78,955,179.446916,1.708252921206285,196.5686,179.278108,1.7465877612990757
2019-11-20,196.3459,196.9267,194.1874,195.6393,78,955,179.60236250000003,1.7818991411201228,196.8396,179.446916,1.708252921206285
2019-11-21,195.4651,195.5909,194.623,195.2134,78,955,179.75822900000003,1.7272134881829713,195.6393,179.60236250000003,1.7818991411201228
2019-11-22,195.6877,195.8329,194.3036,195.349,78,955,179.9256455,1.7130768104556167,195.2134,179.75822900000003,1.7272134881829713
2019-11-25,196.162,197.7107,196.162,197.701,78,955,180.103523,1.7594070382802165,195.349,179.9256455,1.7130768104556167
2019-11-26,197.7688,198.3012,197.5075,198.0398,78,955,180.28362399999997,1.690427964117344,197.701,180.103523,1.7594070382802165
2019-11-27,198.5528,199.4433,198.3205,199.4433,78,955,180.45862,1.6699331095375325,198.0398,180.28362399999997,1.690427964117344
2019-12-02,198.5335,198.6012,195.3102,196.3556,78,955,180.61793649999998,1.8458736017134219,199.4433,180.45862,1.6699331095375325
2019-12-03,193.8971,195.0295,192.842,194.9424,78,955,180.769225,1.9649969158767489,196.3556,180.61793649999998,1.8458736017134219
2019-12-04,195.9975,196.404,195.6587,195.9104,78,955,180.92155350000002,1.9290399933141242,194.9424,180.769225,1.9649969158767489
2019-12-05,196.6363,196.6363,195.3683,196.2879,78,955,181.07427800000002,1.881822850934544,195.9104,180.92155350000002,1.9290399933141242
2019-12-06,197.672,198.5673,197.6043,198.3496,78,955,181.237311,1.9102212187249323,196.2879,181.07427800000002,1.881822850934544
2019-12-09,198.0689,199.0017,197.4397,197.4978,78,955,181.39930800000002,1.8853482745302952,198.3496,181.237311,1.9102212187249323
2019-12-10,197.6236,198.3108,196.917,197.3623,78,955,181.55442200000002,1.8502376834924168,197.4978,181.39930800000002,1.8853482745302952
2019-12-11,197.8172,198.6109,197.4978,198.4657,78,955,181.7120705,1.8072635632429572,197.3623,181.55442200000002,1.8502376834924168
2019-12-12,198.2044,200.6726,197.9343,199.9563,78,955,181.876258,1.873766165868459,198.4657,181.7120705,1.8072635632429572
2019-12-13,199.7627,201.2437,199.3562,200.5468,78,955,182.04402349999998,1.8747471540207112,199.9563,181.876258,1.873766165868459
2019-12-16,201.8051,202.8117,201.7954,202.4536,78,955,182.223247,1.9026152144478041,200.5468,182.04402349999998,1.8747471540207112
2019-12-17,202.773,202.986,202.3375,202.5794,78,955,182.3970865,1.8130355562729599,202.4536,182.223247,1.9026152144478041
2019-12-18,202.8698,203.3925,202.6182,202.715,78,955,182.5715075,1.7416115879677498,202.5794,182.3970865,1.8130355562729599
2019-12-19,202.9182,204.1669,202.8989,204.1281,78,955,182.752561,1.7209179031129103,202.715,182.5715075,1.7416115879677498
2019-12-20,205.0186,205.2509,204.496,204.9799,78,955,182.94273250000003,1.6781951957477035,204.1281,182.752561,1.7209179031129103
2019-12-23,205.675,205.7914,205.287,205.4034,78,955,183.14497899999998,1.6162883960514407,204.9799,182.94273250000003,1.6781951957477035
2019-12-26,205.8981,207.4017,205.869,207.3726,78,955,183.3583705,1.6435749391906236,205.4034,183.14497899999998,1.6162883960514407
2019-12-27,208.1195,208.1292,206.6548,207.198,78,955,183.55376349999997,1.6314910149627222,207.3726,183.3583705,1.6435749391906236
2019-12-30,207.1107,207.2271,204.8311,205.8011,78,955,183.73755400000002,1.686098799608243,207.198,183.55376349999997,1.6314910149627222
2019-12-31,205.2773,206.3831,204.8699,206.2085,78,955,183.9170315,1.6737488853505125,205.8011,183.73755400000002,1.686098799608243
2020-01-02,207.9352,209.6715,207.5666,209.6618,78,955,184.11521849999997,1.801552536396906,206.2085,183.9170315,1.6737488853505125
2020-01-03,206.907,209.0119,206.8876,207.78,78,955,184.29654000000002,1.871027355225699,209.6618,184.11521849999997,1.801552536396906
2020-01-06,206.1115,209.1283,205.8787,209.0798,78,955,184.48212800000002,1.969496829852434,207.78,184.29654000000002,1.871027355225699
2020-01-07,209.1671,209.6618,208.4105,209.0507,78,955,184.66453400000003,1.918197056291545,209.0798,184.48212800000002,1.969496829852434
2020-01-08,209.0119,211.6019,208.7112,210.6028,78,955,184.8510865,1.987661552270721,209.0507,184.66453400000003,1.918197056291545
2020-01-09,212.3391,212.8338,211.1872,212.4458,78,955,185.0335045,2.0050428699656693,210.6028,184.8510865,1.987661552270721
2020-01-10,213.1733,213.28,211.5049,211.9026,78,955,185.232821,1.9886183792538366,212.4458,185.0335045,2.0050428699656693
2020-01-13,212.7368,214.3568,212.4167,214.3277,78,955,185.4454675,2.021874209307133,211.9026,185.232821,1.9886183792538366
2020-01-14,214.1434,214.5799,213.1539,213.5032,78,955,185.65008799999998,1.979311765785196,214.3277,185.4454675,2.021874209307133
2020-01-15,213.5711,214.5702,212.8726,213.5711,78,955,185.8601085,1.9591894968005388,213.5032,185.65008799999998,1.979311765785196
2020-01-16,214.6284,215.6566,214.1822,215.6372,78,955,186.0788205,1.9682116756005001,213.5711,185.8601085,1.9591894968005388
2020-01-17,216.5199,216.8594,215.4646,216.7139,78,955,186.2962655,1.9272536987718933,215.6372,186.0788205,1.9682116756005001
2020-01-21,216.0543,217.1311,215.9864,216.646,78,955,186.50170850000003,1.8713570060024725,216.7139,186.2962655,1.9272536987718933
2020-01-22,217.6646,218.4018,216.8885,217.1505,78,955,186.7068305,1.8631029341451546,216.646,186.50170850000003,1.8713570060024725
2020-01-23,217.005,217.9556,216.0252,217.8004,78,955,186.91014149999998,1.8679098674205001,217.1505,186.7068305,1.8631029341451546
2020-01-24,218.8577,219.1099,215.0262,216.0155,78,955,187.10479349999997,2.02618059117618,217.8004,186.91014149999998,1.8679098674205001
2020-01-27,211.1945,212.7121,210.6707,211.5146,78,955,187.272435,2.2632248346635953,216.0155,187.10479349999997,2.02618059117618
2020-01-28,213.0181,215.3074,212.4943,214.7933,78,955,187.4541085,2.3724802036161954,211.5146,187.272435,2.2632248346635953
2020-01-29,215.9864,216.2483,214.2113,215.0746,78,955,187.64041699999999,2.348517331929325,214.7933,187.4541085,2.3724802036161954
2020-01-30,213.7651,216.0252,213.1046,215.9282,78,955,187.8261745,2.3893803796486597,215.0746,187.64041699999999,2.348517331929325
2020-01-31,216.8109,216.8594,211.7426,212.4458,78,955,187.996544,2.5841960668166113,215.9282,187.8261745,2.3893803796486597
2020-02-03,213.542,216.2047,213.3964,215.6372,78,955,188.1791115,2.6681034906154255,212.4458,187.996544,2.5841960668166113
2020-02-04,218.6346,221.0306,217.919,220.6038,78,955,188.38631900000001,2.8627675270000372,215.6372,188.1791115,2.6681034906154255
2020-02-05,223.3295,223.3489,220.0508,221.4089,78,955,188.59437149999997,2.89386270364289,220.6038,188.38631900000001,2.8627675270000372
2020-02-06,221.923,223.3489,221.147,223.2713,78,955,188.80884449999996,2.844436796239826,221.4089,188.59437149999997,2.89386270364289
2020-02-07,222.2916,223.5332,221.6902,222.3013,78,955,189.01731099999998,2.7729055965084095,223.2713,188.80884449999996,2.844436796239826
2020-02-10,221.5835,225.0271,221.535,225.0077,78,955,189.236466,2.824276625329237,222.3013,189.01731099999998,2.7729055965084095
2020-02-11,226.2202,227.0059,224.4644,225.0271,78,955,189.44453699999997,2.8040782949485763,225.0077,189.236466,2.824276625329237
2020-02-12,226.3463,227.3551,225.8225,227.2678,78,955,189.666703,2.7700727024522496,225.0271,189.44453699999997,2.8040782949485763
2020-02-13,225.6479,227.8887,225.3957,226.9283,78,955,189.883702,2.7502817951342315,227.2678,189.666703,2.7700727024522496
2020-02-14,227.2581,227.8208,226.5501,227.5298,78,955,190.10250349999998,2.6445973811960726,226.9283,189.883702,2.7502817951342315
2020-02-18,226.4724,228.1215,226.259,227.7044,78,955,190.32053950000002,2.588733282539211,227.5298,190.10250349999998,2.6445973811960726
2020-02-19,228.9751,230.3525,228.7811,229.8869,78,955,190.556476,2.5929737623578393,227.7044,190.32053950000002,2.588733282539211
2020-02-20,229.3728,229.8481,224.9301,227.6947,78,955,190.7849215,2.7618184936179926,229.8869,190.556476,2.5929737623578393
2020-02-21,226.647,226.9962,222.4479,223.4071,78,955,190.995013,2.9393171726452794,227.6947,190.7849215,2.7618184936179926
2020-02-24,215.191,217.5288,213.6584,214.7545,78,955,191.147721,3.4257016603134747,223.4071,190.995013,2.9393171726452794
2020-02-25,216.5005,217.2745,208.3038,208.9925,78,955,191.27706499999996,3.821772970291083,214.7545,191.147721,3.4257016603134747
2020-02-26,210.176,213.6778,208.459,209.9431,78,955,191.42913800000002,3.921560615270291,208.9925,191.27706499999996,3.821772970291083
2020-02-27,204.7244,207.9449,199.3407,199.4377,78,955,191.53172000000004,4.398763428465269,209.9431,191.42913800000002,3.921560615270291
2020-02-28,192.958,200.9607,192.2304,200.4757,78,955,191.643444,4.708158897860606,199.4377,191.53172000000004,4.398763428465269
2020-03-02,202.6097,210.079,199.7676,209.9916,78,955,191.80178349999997,5.108390405156279,200.4757,191.643444,4.708158897860606
2020-03-03,210.6125,213.0278,201.3972,203.3373,78,955,191.95793600000002,5.574262519073689,209.9916,191.80178349999997,5.108390405156279
2020-03-04,206.9264,211.7862,205.0348,211.6407,78,955,192.14630400000001,5.779593767711283,203.3373,191.95793600000002,5.574262519073689
2020-03-05,206.3055,209.8752,203.8029,205.2385,78,955,192.29042,5.926608498589049,211.6407,192.14630400000001,5.779593767711283
2020-03-06,198.5356,202.8813,196.8284,201.8531,78,955,192.4085005,6.104000748689831,205.2385,192.29042,5.926608498589049
2020-03-10,195.092,198.1767,187.8752,198.1282,78,955,192.51711350000002,6.6664221237834145,201.8531,192.4085005,6.104000748689831
2020-03-11,193.346,194.7331,186.9535,189.4465,78,955,192.59706500000001,6.988441972084599,198.1282,192.51711350000002,6.6664221237834145
2020-03-13,181.3952,188.651,172.7911,188.1466,78,955,192.66164949999998,7.678938974078556,189.4465,192.59706500000001,6.988441972084599
2020-03-17,170.1429,178.8635,164.6913,176.5548,78,955,192.67193749999998,8.805821904501515,188.1466,192.66164949999998,7.678938974078556
2020-03-19,170.463,177.9904,166.4859,172.4128,78,955,192.67476850000003,8.99858462560855,176.5548,192.67193749999998,8.805821904501515
2020-03-20,176.2929,177.389,165.0018,165.6226,78,955,192.644468,9.240628580922227,172.4128,192.67476850000003,8.99858462560855
2020-03-23,166.1888,169.3481,160.3271,165.8486,78,955,192.6182855,9.224940825142067,165.6226,192.644468,9.240628580922227
2020-03-24,174.8891,178.6997,172.9838,178.6608,78,955,192.6630555,9.483952194774778,165.8486,192.6182855,9.224940825142067
2020-03-25,179.2635,184.2211,174.9571,177.0471,78,955,192.696239,9.468241323719438,178.6608,192.6630555,9.483952194774778
2020-03-26,178.6997,187.3415,178.4858,186.7972,78,955,192.792149,9.527252657739478,177.0471,192.696239,9.468241323719438
2020-03-27,181.7617,185.198,179.5065,179.7787,78,955,192.87074950000002,9.367498896472375,186.7972,192.792149,9.527252657739478
2020-03-30,181.8784,187.118,181.1402,186.7486,78,955,192.96154900000002,9.222627546724349,179.7787,192.87074950000002,9.367498896472375
2020-03-31,186.2042,189.8009,183.9198,185.1446,78,955,193.038015,8.98394700767261,186.7486,192.96154900000002,9.222627546724349
2020-04-01,179.6231,182.4228,175.8125,177.2998,78,955,193.0686065,9.008815078553138,185.1446,193.038015,8.98394700767261
2020-04-02,176.5027,184.7947,175.9195,180.8285,78,955,193.1004075,8.999271144370772,177.2998,193.0686065,9.008815078553138
2020-04-03,180.2939,181.8508,176.2305,178.3983,78,955,193.1100335,8.75791606263,180.8285,193.1004075,8.999271144370772
2020-04-06,185.0669,192.134,183.9101,191.0938,78,955,193.18169149999997,9.113472058156429,178.3983,193.1100335,8.75791606263
2020-04-07,196.5375,197.0041,190.53,190.7439,78,955,193.2565635,8.924945482573827,191.0938,193.18169149999997,9.113472058156429
2020-04-08,192.5714,195.5557,190.8897,194.8753,78,955,193.3468395,8.631149376675697,190.7439,193.2565635,8.924945482573827
2020-04-09,196.5861,197.5485,193.4736,195.2058,78,955,193.44296100000003,8.305702992627433,194.8753,193.3468395,8.631149376675697
2020-04-13,194.3406,197.7429,193.2033,197.3735,78,955,193.54442699999998,8.036695636011187,195.2058,193.44296100000003,8.305702992627433
2020-04-14,201.3883,206.5695,200.6592,205.9377,78,955,193.675798,8.119503090581818,197.3735,193.54442699999998,8.036695636011187
2020-04-15,202.7103,205.3641,201.3397,203.5852,78,955,193.791937,7.867967155540261,205.9377,193.675798,8.119503090581818
2020-04-16,205.8307,208.3864,203.8379,207.3958,78,955,193.918936,7.648912358715958,203.5852,193.791937,7.867967155540261
2020-04-17,209.933,210.4676,206.1613,209.1845,78,955,194.0558425,7.41015433309339,207.3958,193.918936,7.648912358715958
2020-04-20,207.318,209.8552,206.6376,206.7056,78,955,194.18066499999998,7.1106861664438625,209.1845,194.0558425,7.41015433309339
2020-04-21,204.7614,205.2669,197.9471,199.065,78,955,194.28278849999998,7.228387154555016,206.7056,194.18066499999998,7.1106861664438625
2020-04-22,203.3033,206.4237,202.5159,205.1794,78,955,194.41137849999998,7.237695214943943,199.065,194.28278849999998,7.228387154555016
2020-04-23,205.8696,208.4505,204.2316,204.6739,78,955,194.5339635,7.022066985305091,205.1794,194.41137849999998,7.237695214943943
2020-04-24,205.0531,208.3193,203.6533,208.086,78,955,194.67235349999999,6.853776486354728,204.6739,194.5339635,7.022066985305091
2020-04-27,210.1468,210.5843,208.5137,209.34,78,955,194.8050835,6.542671023043676,208.086,194.67235349999999,6.853776486354728
2020-04-28,211.2064,211.255,205.3155,205.6169,78,955,194.915382,6.499587378540557,209.34,194.8050835,6.542671023043676
2020-04-29,210.1954,213.8311,209.1358,212.6451,78,955,195.0556055,6.622059708644803,205.6169,194.915382,6.499587378540557
2020-04-30,213.8699,213.8991,211.2842,213.0534,78,955,195.2045355,6.335834015170175,212.6451,195.0556055,6.622059708644803
2020-05-01,208.5332,210.6231,205.7724,206.7056,78,955,195.31704150000002,6.403345871229448,213.0534,195.2045355,6.335834015170175
2020-05-04,205.6752,209.4372,205.228,209.2136,78,955,195.433104,6.2466211661416295,206.7056,195.31704150000002,6.403345871229448
2020-05-05,211.3328,213.9963,210.7981,211.5855,78,955,195.5617505,6.142055368560084,209.2136,195.433104,6.2466211661416295
2020-05-06,213.2478,214.8712,212.023,212.859,78,955,195.69135500000002,5.9380299850915055,211.5855,195.5617505,6.142055368560084
2020-05-07,215.5711,216.514,214.2685,215.6975,78,955,195.8323505,5.774956414727827,212.859,195.69135500000002,5.9380299850915055
2020-05-08,217.3111,218.7207,216.271,218.4971,78,955,195.992029,5.578402385104411,215.6975,195.8323505,5.774956414727827
2020-05-11,217.2528,221.5689,217.0195,220.3246,78,955,196.165385,5.504902214739812,218.4971,195.992029,5.578402385104411
2020-05-12,221.112,221.7293,215.8919,215.9405,78,955,196.3151785,5.528652056544112,220.3246,196.165385,5.504902214739812
2020-05-13,216.4363,218.3416,210.662,213.3158,78,955,196.459673,5.682291195362389,215.9405,196.3151785,5.528652056544112
2020-05-14,212.0035,215.678,209.9621,215.6391,78,955,196.60771799999998,5.684691824265076,213.3158,196.459673,5.682291195362389
2020-05-15,212.6645,217.0973,212.2368,217.0487,78,955,196.756967,5.625820979674714,215.6391,196.60771799999998,5.684691824265076
2020-05-18,219.9552,222.298,219.1776,221.1412,78,955,196.9201095,5.5989266239836635,217.0487,196.756967,5.625820979674714
2020-05-19,221.3064,223.4353,220.383,220.4218,78,955,197.0887355,5.417024722270544,221.1412,196.9201095,5.5989266239836635
2020-05-20,223.0756,225.292,223.0756,224.9032,78,955,197.270157,5.377965813536935,220.4218,197.0887355,5.417024722270544
2020-05-21,225.0101,225.6566,221.9675,222.4827,78,955,197.4424705,5.25733254114144,224.9032,197.270157,5.377965813536935
2020-05-22,222.0647,223.4548,221.1509,223.1923,78,955,197.62243750000002,5.046373073917051,222.4827,197.4424705,5.25733254114144
2020-05-26,226.7988,227.0515,222.4049,222.7451,78,955,197.812726,5.017817854351548,223.1923,197.62243750000002,5.046373073917051
2020-05-27,222.1327,223.9797,217.6903,223.8533,78,955,198.013772,5.108645150469294,222.7451,197.812726,5.017817854351548
2020-05-28,222.6285,226.9543,222.6285,223.3867,78,955,198.2254295,5.052727639721486,223.8533,198.013772,5.108645150469294
2020-05-29,223.9991,227.0807,222.3757,226.3808,78,955,198.48465950000002,5.027889951169953,223.3867,198.2254295,5.052727639721486
2020-06-01,225.9142,227.9069,225.5253,227.6445,78,955,198.73774650000004,4.8388692403721,226.3808,198.48465950000002,5.027889951169953
2020-06-02,227.8778,229.1123,225.535,229.0929,78,955,198.99421149999998,4.748757151774093,227.6445,198.73774650000004,4.8388692403721
2020-06-03,229.6275,230.8427,228.7818,230.0747,78,955,199.2352035,4.556767355218801,229.0929,198.99421149999998,4.748757151774093
2020-06-04,229.715,231.1537,227.1584,228.4416,78,955,199.47686850000002,4.516662544131743,230.0747,199.2352035,4.556767355218801
2020-06-05,229.472,233.5908,229.054,232.9132,78,955,199.75098599999998,4.561843790979477,228.4416,199.47686850000002,4.516662544131743
2020-06-08,232.7674,234.9352,231.2704,234.8282,78,955,200.0149725,4.497769234480944,232.9132,199.75098599999998,4.561843790979477
2020-06-09,233.9145,237.3654,233.7589,236.4127,78,955,200.31455700000004,4.434107146303733,234.8282,200.0149725,4.497769234480944
2020-06-10,238.182,240.899,237.6862,239.3485,78,955,200.6294485,4.4378352072820375,236.4127,200.31455700000004,4.434107146303733
2020-06-11,235.499,236.7919,227.4306,227.5862,78,955,200.8716185,4.972125549619036,239.3485,200.6294485,4.4378352072820375
2020-06-12,232.4369,233.6909,225.2726,229.1901,78,955,201.1080905,5.21828086750339,227.5862,200.8716185,4.972125549619036
2020-06-15,225.953,232.7674,225.0101,231.9994,78,955,201.3649365,5.399639376967435,229.1901,201.1080905,5.21828086750339
2020-06-16,236.9766,237.5695,232.4272,236.1697,78,955,201.63471299999998,5.411815135755475,231.9994,201.3649365,5.399639376967435
2020-06-17,237.5695,238.6486,235.9559,236.7627,78,955,201.91025549999998,5.217592626058654,236.1697,201.63471299999998,5.411815135755475
2020-06-18,236.5002,237.7056,235.7226,237.4723,78,955,202.2177465,4.986550295625893,236.7627,201.91025549999998,5.217592626058654
2020-06-19,239.854,240.1067,235.6837,237.346,78,955,202.51171,4.946296703081186,237.4723,202.2177465,4.986550295625893
2020-06-22,237.3743,240.393,236.9945,240.2956,78,955,202.821822,4.835739795718245,237.346,202.51171,4.946296703081186
2020-06-23,241.8731,244.5607,241.318,242.2042,78,955,203.138772,4.794979810309799,240.2956,202.821822,4.835739795718245
2020-06-24,241.4836,242.7836,235.8065,237.384,78,955,203.41809750000002,4.950845538144814,242.2042,203.138772,4.794979810309799
2020-06-25,237.4717,239.8769,234.8133,239.6237,78,955,203.710505,4.958899428277328,237.384,203.41809750000002,4.950845538144814
2020-06-26,239.3023,239.5068,233.3916,233.7811,78,955,203.9826835,5.049842326257519,239.6237,203.710505,4.958899428277328
2020-06-29,233.6837,236.4395,231.1227,236.4005,78,955,204.2550145,5.06891073152484,233.7811,203.9826835,5.049842326257519
2020-06-30,236.3616,241.6491,236.2155,240.7922,78,955,204.53249600000004,5.0949599649873525,236.4005,204.2550145,5.06891073152484
2020-07-01,241.1135,244.921,240.5976,243.8596,78,955,204.82642499999997,5.039848538916827,240.7922,204.53249600000004,5.0949599649873525
2020-07-02,246.3329,247.5988,245.106,245.4955,78,955,205.13065899999998,4.9469450718513395,243.8596,204.82642499999997,5.039848538916827
2020-07-06,248.7186,252.1346,248.7186,251.6107,78,955,205.46749749999998,5.067813281004817,245.4955,205.13065899999998,4.9469450718513395
2020-07-07,251.3283,254.0354,249.5755,249.8287,78,955,205.7871185,5.024390903790188,251.6107,205.46749749999998,5.067813281004817
2020-07-08,251.2309,253.1979,249.7703,253.12,78,955,206.11952499999998,4.910334410662318,249.8287,205.7871185,5.024390903790188
2020-07-09,255.0189,255.9732,250.8707,255.1844,78,955,206.4652965,4.924060524186438,253.12,206.11952499999998,4.910334410662318
2020-07-10,255.0384,257.2975,252.4579,257.0833,78,955,206.82510249999999,4.918027629601694,255.1844,206.4652965,4.924060524186438
2020-07-13,259.8585,262.7116,250.9291,251.747,78,955,207.15397700000003,5.408347084630143,257.0833,206.82510249999999,4.918027629601694
2020-07-14,249.3516,253.9477,246.1284,253.5777,78,955,207.49200500000003,5.5805580071565615,251.747,207.15397700000003,5.408347084630143
2020-07-15,254.8144,255.7979,250.7343,253.938,78,955,207.830337,5.543632435216807,253.5777,207.49200500000003,5.5805580071565615
2020-07-16,251.2017,252.9642,248.9134,252.1852,78,955,208.1694685,5.506558689844177,253.938,207.830337,5.543632435216807
2020-07-17,252.8961,253.4803,250.4227,252.5747,78,955,208.51057600000001,5.331633069141023,252.1852,208.1694685,5.506558689844177
2020-07-20,253.2953,260.4135,252.0002,259.7903,78,955,208.9002965,5.551752135630949,252.5747,208.51057600000001,5.331633069141023
2020-07-21,261.3678,261.3678,256.2215,257.1222,78,955,209.266029,5.522791268800167,259.7903,208.9002965,5.551752135630949
2020-07-22,257.502,258.9139,255.6616,257.9694,78,955,209.63938550000003,5.360613321028728,257.1222,209.266029,5.522791268800167
2020-07-23,257.6091,258.281,249.819,251.1823,78,955,209.98959900000003,5.582140940955249,257.9694,209.63938550000003,5.360613321028728
2020-07-24,247.4625,250.189,244.7262,248.7381,78,955,210.319654,5.644566588029873,251.1823,209.98959900000003,5.582140940955249
2020-07-27,250.5591,253.6848,249.7167,253.2661,78,955,210.67994749999997,5.594718974599167,248.7381,210.319654,5.644566588029873
2020-07-28,252.565,253.0324,249.78,250.0235,78,955,211.0395635,5.444103333556369,253.2661,210.67994749999997,5.594718974599167
2020-07-29,251.5523,253.8212,251.1433,253.0129,78,955,211.40381800000003,5.3265030954452,250.0235,211.0395635,5.444103333556369
2020-07-30,251.0459,254.8436,249.819,254.308,78,955,211.7611905,5.304938588627687,253.0129,211.40381800000003,5.3265030954452
2020-07-31,258.836,258.9724,254.0062,258.8653,78,955,212.14464049999998,5.28074297515428,254.308,211.7611905,5.304938588627687
2020-08-03,261.0173,263.0622,260.842,262.2442,78,955,212.5590685,5.20332561978612,258.8653,212.14464049999998,5.28074297515428
2020-08-04,261.7086,263.3446,261.0562,263.3446,78,955,212.96912550000002,4.995116646944257,262.2442,212.5590685,5.20332561978612
2020-08-05,263.7535,264.3962,262.8772,263.997,78,955,213.37605599999998,4.746822600733953,263.3446,212.96912550000002,4.995116646944257
2020-08-06,263.6756,267.7654,263.1011,267.3808,78,955,213.78853199999998,4.740928129252959,263.997,213.37605599999998,4.746822600733953
2020-08-07,266.8501,267.6698,262.1809,264.3768,78,955,214.18550399999995,4.794354691449176,267.3808,213.78853199999998,4.740928129252959
2020-08-10,264.6105,264.8442,259.6735,263.1888,78,955,214.56487249999998,4.821236499202808,264.3768,214.18550399999995,4.794354691449176
2020-08-11,262.0202,263.3446,257.687,258.2518,78,955,214.92192749999998,4.880976749259751,263.1888,214.56487249999998,4.821236499202808
2020-08-12,260.3551,265.6816,260.3551,264.7955,78,955,215.30923299999998,5.063035552884054,258.2518,214.92192749999998,4.880976749259751
2020-08-13,265.4674,267.6194,264.3865,265.331,78,955,215.7082175,4.932311584820906,264.7955,215.30923299999998,5.063035552884054
2020-08-14,265.8569,266.2269,263.6172,265.0779,78,955,216.09751550000001,4.766410757333697,265.331,215.7082175,4.932311584820906
2020-08-17,266.7333,268.6029,266.558,268.0478,78,955,216.5091645,4.677738560381288,265.0779,216.09751550000001,4.766410757333697
2020-08-18,269.1579,271.159,267.6973,270.6692,78,955,216.93222649999998,4.590878663211196,268.0478,216.5091645,4.677738560381288
2020-08-19,270.6478,271.6995,268.34,268.895,78,955,217.33741600000002,4.502923044410398,270.6692,216.93222649999998,4.590878663211196
2020-08-20,268.0673,273.0725,267.6486,272.5369,78,955,217.75341,4.568707112666798,268.895,217.33741600000002,4.502923044410398
2020-08-21,272.7219,274.9323,272.1289,274.4552,78,955,218.169413,4.442613747476314,272.5369,217.75341,4.568707112666798
2020-08-24,277.6589,278.4963,273.8904,276.169,78,955,218.6012445,4.454277051228008,274.4552,218.169413,4.442613747476314
2020-08-25,275.3608,278.5547,274.9616,278.321,78,955,219.03972250000004,4.392764404711725,276.169,218.6012445,4.454277051228008
2020-08-26,279.5772,284.5531,279.436,284.222,78,955,219.50726999999998,4.524145518660884,278.321,219.03972250000004,4.392764404711725
2020-08-27,285.3419,286.1413,281.1304,283.3554,78,955,219.96157949999997,4.558913695899392,284.222,219.50726999999998,4.524145518660884
2020-08-28,284.6018,285.4879,283.297,284.8258,78,955,220.41743300000002,4.389769860478007,283.3554,219.96157949999997,4.558913695899392
2020-08-31,285.4685,288.9594,284.9426,287.2505,78,955,220.88521649999998,4.371472013301007,284.8258,220.41743300000002,4.389769860478007
2020-09-01,289.792,292.168,288.0295,292.0219,78,955,221.37859949999998,4.410474012350937,287.2505,220.88521649999998,4.371472013301007
2020-09-02,295.284,295.5372,289.1006,294.7874,78,955,221.882519,4.555197297183013,292.0219,221.37859949999998,4.410474012350937
2020-09-03,290.3762,290.7852,276.948,279.6746,78,955,222.30690599999997,5.504068918812799,294.7874,221.882519,4.555197297183013
2020-09-04,278.2626,281.3494,264.6689,276.0327,78,955,222.71448700000002,6.3023854246118844,279.6746,222.30690599999997,5.504068918812799
2020-09-08,265.0973,270.9204,262.585,262.9258,78,955,223.05387149999999,6.812765037139607,276.0327,222.71448700000002,6.3023854246118844
2020-09-09,268.2718,272.6976,265.8374,270.492,78,955,223.4317645,7.024124677343924,262.9258,223.05387149999999,6.812765037139607
2020-09-10,273.5983,274.7912,263.4614,265.0486,78,955,223.78219849999996,7.331672914676499,270.492,223.4317645,7.024124677343924
2020-09-11,267.1617,267.9992,259.8974,263.364,78,955,224.117918,7.3866819921996045,265.0486,223.78219849999996,7.331672914676499
2020-09-14,267.0838,269.9467,265.7984,267.8726,78,955,224.47443800000002,7.329254707042494,263.364,224.117918,7.3866819921996045
2020-09-15,271.5826,273.0919,269.9856,271.7287,78,955,224.8488835,7.178543656539461,267.8726,224.47443800000002,7.329254707042494
2020-09-16,272.42,273.0043,267.0546,267.2347,78,955,225.2068605,7.090769109643786,271.7287,224.8488835,7.178543656539461
2020-09-17,260.4817,265.2239,259.6832,263.2764,78,955,225.54717549999998,7.123678458954943,267.2347,225.2068605,7.090769109643786
2020-09-18,264.4936,264.9513,255.7395,259.7611,78,955,225.86923600000003,7.27282999760102,263.2764,225.54717549999998,7.123678458954943
2020-09-21,256.0034,261.006,253.6532,260.8987,78,955,226.1852245,7.278542140629517,259.7611,225.86923600000003,7.27282999760102
2020-09-22,263.3757,266.3012,259.9236,265.6869,78,955,226.52346,7.21418913058455,260.8987,226.1852245,7.278542140629517
2020-09-23,265.3943,265.5796,256.7154,257.5246,78,955,226.81386649999996,7.339711335542796,265.6869,226.52346,7.21418913058455
2020-09-24,255.0964,262.03,254.7356,258.8314,78,955,227.1262455,7.33647481157545,257.5246,226.81386649999996,7.339711335542796
2020-09-25,259.2214,265.6332,257.7391,264.8775,78,955,227.47592100000003,7.3763051821772025,258.8314,227.1262455,7.33647481157545
2020-09-28,269.7338,270.1629,267.0568,270.1532,78,955,227.847135,7.226954812021687,264.8775,227.47592100000003,7.3763051821772025
2020-09-29,269.8509,270.8163,268.5362,269.0122,78,955,228.2107565,6.873608039734425,270.1532,227.847135,7.226954812021687
2020-09-30,269.2463,274.1124,269.0317,271.1966,78,955,228.5749915,6.74693603689625,269.0122,228.2107565,6.873608039734425
2020-10-01,274.8438,275.8574,272.8934,275.2533,78,955,228.96376899999998,6.59792631997509,271.1966,228.5749915,6.74693603689625
2020-10-02,269.1975,272.8347,266.6523,267.5299,78,955,229.314607,6.741003011405441,275.2533,228.96376899999998,6.59792631997509
2020-10-05,269.4705,273.5273,269.373,273.3615,78,955,229.68908599999997,6.687888510590769,267.5299,229.314607,6.741003011405441
2020-10-06,272.3571,274.2099,267.4422,268.3198,78,955,230.0309035,6.693589331262856,273.3615,229.68908599999997,6.687888510590769
2020-10-07,270.9333,273.7711,270.397,273.1567,78,955,230.393953,6.604854379029795,268.3198,230.0309035,6.693589331262856
2020-10-08,275.3119,275.4581,273.3518,274.483,78,955,230.7541,6.297464780527667,273.1567,230.393953,6.604854379029795
2020-10-09,276.0237,278.6957,275.6922,278.6372,78,955,231.134389,6.148553010489976,274.483,230.7541,6.297464780527667
2020-10-12,283.3473,290.076,282.2844,287.209,78,955,231.55685899999997,6.526427795454979,278.6372,231.134389,6.148553010489976
2020-10-13,288.9546,289.6758,285.834,287.131,78,955,231.97187350000002,6.334668667208194,287.209,231.55685899999997,6.526427795454979
2020-10-14,288.0087,288.9936,283.0548,284.8881,78,955,232.3714145,6.306392333836182,287.131,231.97187350000002,6.334668667208194
2020-10-15,280.1097,283.4936,279.4271,282.8207,78,955,232.758501,6.246007167133598,284.8881,232.3714145,6.306392333836182
2020-10-16,284.5858,285.9891,280.9971,281.2897,78,955,233.1280865,6.1564352266240565,282.8207,232.758501,6.246007167133598
2020-10-19,283.279,284.2445,275.7702,276.6478,78,955,233.4753355,6.3219969961509115,281.2897,233.1280865,6.1564352266240565
2020-10-20,277.4963,280.4803,275.9262,277.4085,78,955,233.8333725,6.1957186392829895,276.6478,233.4753355,6.3219969961509115
2020-10-21,277.6035,280.1877,276.6478,277.1354,78,955,234.188007,6.0060173079056325,277.4085,233.8333725,6.1957186392829895
2020-10-22,277.9741,278.881,273.8491,277.2037,78,955,234.52571650000002,5.936437500198084,277.1354,234.188007,6.0060173079056325
2020-10-23,277.7888,277.8376,274.787,277.8181,78,955,234.87590699999998,5.730306250183937,277.2037,234.52571650000002,5.936437500198084
2020-10-26,275.4094,278.2179,269.8899,273.4395,78,955,235.19770549999998,5.915855803742225,277.8181,234.87590699999998,5.730306250183937
2020-10-27,274.4244,276.4674,273.2445,275.5849,78,955,235.5303765,5.723501817760637,273.4395,235.19770549999998,5.915855803742225
2020-10-28,271.2064,271.7233,264.6434,264.9652,78,955,235.80218849999997,6.096215973634878,275.5849,235.5303765,5.723501817760637
2020-10-29,266.2622,272.5521,265.7551,269.373,78,955,236.0868245,6.202693404089531,264.9652,235.80218849999997,6.096215973634878
2020-10-30,267.5641,268.4076,260.4404,263.0149,78,955,236.342386,6.397686732368848,269.373,236.0868245,6.202693404089531
2020-11-02,264.9847,266.7303,260.3429,263.3464,78,955,236.5874795,6.396951965771075,263.0149,236.342386,6.397686732368848
2020-11-03,265.1018,269.9484,264.1168,267.8127,78,955,236.859027,6.411598253930283,263.3464,236.5874795,6.396951965771075
2020-11-04,276.5211,281.6017,274.873,279.7294,78,955,237.1898185,6.93855552150669,267.8127,236.859027,6.411598253930283
2020-11-05,286.1558,288.0574,284.7516,287.0042,78,955,237.5466535,7.037801555684782,279.7294,237.1898185,6.93855552150669
2020-11-06,286.2631,288.0282,282.6354,287.326,78,955,237.899714,6.920301444564442,287.0042,237.5466535,7.037801555684782
2020-11-09,289.9298,291.7143,280.9679,281.2799,78,955,238.2228835,7.193594198524125,287.326,237.899714,6.920301444564442
2020-11-10,278.1886,279.544,273.6541,276.4236,78,955,238.51924900000003,7.224466041486686,281.2799,238.2228835,7.193594198524125
2020-11-11,278.8225,283.045,278.4422,282.6452,78,955,238.84347300000002,7.181389895666208,276.4236,238.51924900000003,7.224466041486686
2020-11-12,283.4936,284.8237,280.1195,281.2604,78,955,239.1696975,7.004447760261477,282.6452,238.84347300000002,7.181389895666208
2020-11-13,282.811,284.3322,280.7242,283.8447,78,955,239.531348,6.761844348814229,281.2604,239.1696975,7.004447760261477
2020-11-16,283.4546,286.2241,282.7915,285.7755,78,955,239.886259,6.524041181041787,283.8447,239.531348,6.761844348814229
2020-11-17,286.0876,286.4484,284.3712,284.8686,78,955,240.235229,6.206409668110232,285.7755,239.886259,6.524041181041787
2020-11-18,284.459,286.0876,282.8207,282.8695,78,955,240.56993549999999,5.996444691816645,284.8686,240.235229,6.206409668110232
2020-11-19,282.2941,285.4342,281.6798,284.9856,78,955,240.93263449999998,5.836298642401169,282.8695,240.56993549999999,5.996444691816645
2020-11-20,285.0441,285.7901,283.084,283.1523,78,955,241.27021000000002,5.6127130250868,284.9856,240.93263449999998,5.836298642401169
2020-11-23,284.1762,285.4829,280.9191,283.162,78,955,241.58300099999997,5.537790666152025,283.1523,241.27021000000002,5.6127130250868
2020-11-24,284.264,287.6576,282.4404,287.209,78,955,241.9120015,5.514891332855452,283.162,241.58300099999997,5.537790666152025
2020-11-25,288.1257,289.5689,287.2773,289.0618,78,955,242.24095400000002,5.289534809080061,287.209,241.9120015,5.514891332855452
2020-11-30,291.8704,292.5237,287.4626,291.9289,78,955,242.58909200000002,5.2732180370029145,289.0618,242.24095400000002,5.289534809080061
2020-12-01,294.3766,297.5654,293.3624,296.1221,78,955,242.94466400000002,5.299166748645565,291.9289,242.58909200000002,5.2732180370029145
2020-12-02,294.7081,296.6438,292.8943,296.3074,78,955,243.3010655,5.188476266599454,296.1221,242.94466400000002,5.299166748645565
2020-12-03,296.5219,298.287,295.9963,296.639,78,955,243.64792150000002,4.981492247556633,296.3074,243.3010655,5.188476266599454
2020-12-04,296.717,298.0822,296.0929,298.014,78,955,244.00334999999998,4.767764229874017,296.639,243.64792150000002,4.981492247556633
2020-12-07,298.1212,299.9936,297.936,299.6328,78,955,244.363865,4.574181070597305,298.014,244.00334999999998,4.767764229874017
2020-12-08,299.1647,300.9395,297.3801,300.5592,78,955,244.728139,4.5016967084117825,299.6328,244.363865,4.574181070597305
2020-12-09,300.4617,300.7055,292.7578,293.9182,78,955,245.04829550000002,4.747839800668084,300.5592,244.728139,4.5016967084117825
2020-12-10,291.7826,296.1416,290.6904,294.9227,78,955,245.3844355,4.798079814906076,293.9182,245.04829550000002,4.747839800668084
2020-12-11,293.3429,294.4838,291.061,294.4351,78,955,245.7395755,4.731195542412789,294.9227,245.3844355,4.798079814906076
2020-12-14,295.537,298.4528,295.4883,296.2879,78,955,246.14724250000003,4.680231575097594,294.4351,245.7395755,4.731195542412789
2020-12-15,298.7453,299.6523,296.561,299.623,78,955,246.60039500000002,4.586243605447769,296.2879,246.14724250000003,4.680231575097594
2020-12-16,300.0813,302.0951,299.0096,301.3393,78,955,247.057376,4.479047633630073,299.623,246.60039500000002,4.586243605447769
2020-12-17,302.8996,303.514,301.7099,303.2799,78,955,247.576587,4.3144513740850705,301.3393,247.057376,4.479047633630073
2020-12-18,303.9235,304.2356,299.9741,302.1585,78,955,248.085001,4.31066913307899,303.2799,247.576587,4.3144513740850705
2020-12-21,299.425,302.3363,296.6016,301.8869,78,955,248.5444775,4.412385623573346,302.1585,248.085001,4.31066913307899
2020-12-22,302.7075,303.5482,299.7718,302.6098,78,955,249.04084,4.366958079032395,301.8869,248.5444775,4.412385623573346
2020-12-23,302.6684,303.0299,300.9343,301.0565,78,955,249.487919,4.204718216244367,302.6098,249.04084,4.366958079032395
2020-12-28,305.0326,305.951,303.2058,305.443,78,955,249.9889415,4.253988343655483,301.0565,249.487919,4.204718216244367
2020-12-29,306.84,307.4311,304.8373,305.7067,78,955,250.50820949999996,4.135403461965805,305.443,249.9889415,4.253988343655483
2020-12-30,306.9279,307.2406,305.1303,305.6872,78,955,251.04600449999998,3.9907532146825333,305.7067,250.50820949999996,4.135403461965805
2020-12-31,305.6677,306.9963,304.5735,306.3613,78,955,251.6305785,3.8787565564909237,305.6872,251.04600449999998,3.9907532146825333
2021-01-04,307.8463,308.0221,298.1452,302.1116,78,955,252.2004035,4.307195373884432,306.3613,251.6305785,3.8787565564909237
2021-01-05,301.1835,304.9447,301.1835,304.5833,78,955,252.840546,4.26819570432126,302.1116,252.2004035,4.307195373884432
2021-01-06,300.0014,304.6907,298.9267,300.4801,78,955,253.48088249999998,4.375038868298314,304.5833,252.840546,4.26819570432126
2021-01-07,303.1276,308.5594,303.0983,307.7779,78,955,254.191659,4.639628949134148,300.4801,253.48088249999998,4.375038868298314
2021-01-08,310.0249,312.0276,307.8183,311.7345,78,955,254.92108849999997,4.611776881338853,307.7779,254.191659,4.639628949134148
2021-01-11,308.706,309.8783,306.5176,307.0647,78,955,255.563108,4.654999961243222,311.7345,254.92108849999997,4.611776881338853
2021-01-12,307.2112,308.3054,304.0264,306.7423,78,955,256.211584,4.62814282115442,307.0647,255.563108,4.654999961243222
2021-01-13,306.9475,309.5559,306.3418,308.7157,78,955,256.8211765,4.527139762500536,306.7423,256.211584,4.62814282115442
2021-01-14,309.1749,310.2105,306.6266,307.0061,78,955,257.4573135,4.459765493750499,308.7157,256.8211765,4.527139762500536
2021-01-15,306.8889,307.856,303.4207,304.7103,78,955,258.047122,4.458017958482605,307.0061,257.4573135,4.459765493750499
2021-01-19,306.9865,309.6243,305.9021,309.1358,78,955,258.667078,4.490588104305275,304.7103,258.047122,4.458017958482605
2021-01-20,312.7603,317.2543,312.3988,316.2676,78,955,259.361917,4.749724668283468,309.1358,258.667078,4.490588104305275
2021-01-21,317.6646,319.5892,316.2676,318.9737,78,955,260.052643,4.647715763406077,316.2676,259.361917,4.749724668283468
2021-01-22,317.8014,318.9346,317.225,317.9577,78,955,260.75044,4.44064320887707,318.9737,260.052643,4.647715763406077
2021-01-25,321.3282,322.7056,314.001,320.7811,78,955,261.39887650000003,4.745211551100138,317.9577,260.75044,4.44064320887707
2021-01-26,321.2793,322.1586,319.6771,321.0253,78,955,262.0502835,4.583517868878699,320.7811,261.39887650000003,4.745211551100138
2021-01-27,318.7392,318.7783,310.0444,312.3793,78,955,262.6378035,5.040473735387366,321.0253,262.0502835,4.583517868878699
2021-01-28,313.2781,318.8955,312.6528,313.962,78,955,263.2315845,5.14588275428827,312.3793,262.6378035,5.040473735387366
2021-01-29,312.1741,313.3263,305.5504,307.475,78,955,263.78209200000003,5.379148271839107,313.962,263.2315845,5.14588275428827
2021-02-01,310.8064,316.0819,308.7353,315.0366,78,955,264.3275865,5.609701966707742,307.475,263.78209200000003,5.379148271839107
2021-02-02,317.9674,321.2891,317.8111,320.1851,78,955,264.910586,5.655616111942902,315.0366,264.3275865,5.609701966707742
2021-02-03,322.2172,322.5835,318.7979,318.8076,78,955,265.467645,5.522043532518409,320.1851,264.910586,5.655616111942902
2021-02-04,320.2828,322.7154,318.9346,322.6861,78,955,266.035153,5.406740423052809,318.8076,265.467645,5.522043532518409
2021-02-05,323.5849,324.7401,321.9339,323.7608,78,955,266.620429,5.220987535691893,322.6861,266.035153,5.406740423052809
2021-02-08,325.4216,326.0468,323.7705,325.9003,78,955,267.2546055,5.011345568856758,323.7608,266.620429,5.220987535691893
2021-02-09,324.9526,327.0921,324.9429,325.7928,78,955,267.85767250000004,4.806906599652704,325.9003,267.2546055,5.011345568856758
2021-02-10,327.2778,327.7272,321.9046,325.0601,78,955,268.4596035,4.879456128248938,325.7928,267.85767250000004,4.806906599652704
2021-02-11,326.6232,327.2778,324.4642,326.8479,78,955,269.053413,4.731894976231157,325.0601,268.4596035,4.879456128248938
2021-02-12,326.0664,328.8604,324.9624,328.6992,78,955,269.650209,4.6723310493575045,326.8479,269.053413,4.731894976231157
2021-02-16,329.4759,330.3942,326.633,327.776,78,955,270.26100449999996,4.607250260117685,328.6992,269.650209,4.6723310493575045
2021-02-17,324.7768,326.506,322.5591,326.2422,78,955,270.82899,4.65079667010928,327.776,270.26100449999996,4.607250260117685
2021-02-18,322.5786,325.5281,320.7908,324.7768,78,955,271.387607,4.707982622244334,326.2422,270.82899,4.65079667010928
2021-02-19,326.164,326.291,322.3637,323.4091,78,955,271.97112450000003,4.65221957779831,324.7768,271.387607,4.707982622244334
2021-02-22,318.9737,320.2437,314.8021,315.0073,78,955,272.500093,4.9347038936698615,323.4091,271.97112450000003,4.65221957779831
2021-02-23,309.6927,315.7498,303.831,314.1183,78,955,273.012757,5.43356790126487,315.0073,272.500093,4.9347038936698615
2021-02-24,311.461,316.971,308.6767,316.6388,78,955,273.531656,5.63790590831738,314.1183,273.012757,5.43356790126487
2021-02-25,313.9913,316.5606,304.0655,305.5016,78,955,273.9806765,6.133291200580426,316.6388,273.531656,5.63790590831738
2021-02-26,308.5594,311.7541,303.7138,307.1135,78,955,274.4237585,6.269506114824682,305.5016,273.9806765,6.133291200580426
2021-03-01,311.9788,316.4727,310.6061,316.1406,78,955,274.9028385,6.490198535194347,307.1135,274.4237585,6.269506114824682
2021-03-02,316.7267,316.8537,310.8064,311.0338,78,955,275.378305,6.458562925537609,316.1406,274.9028385,6.490198535194347
2021-03-03,309.9858,310.9041,301.9748,302.0433,78,955,275.8219425,6.6443084308563485,311.0338,275.378305,6.458562925537609
2021-03-04,301.6622,304.847,293.192,297.0803,78,955,276.2291485,7.002214971509464,302.0433,275.8219425,6.6443084308563485
2021-03-05,299.718,302.4721,290.5933,301.6133,78,955,276.6519715,7.350542473544504,297.0803,276.2291485,7.002214971509464
2021-03-08,301.0174,302.9127,292.6059,293.0064,78,955,277.0112975,7.561703725434179,301.6133,276.6519715,7.350542473544504
2021-03-09,300.3531,306.4981,299.8451,304.6028,78,955,277.43220249999996,7.985274887903169,293.0064,277.0112975,7.561703725434179
2021-03-10,308.8818,309.1749,303.0201,303.7528,78,955,277.82645049999996,7.854526681624369,304.6028,277.43220249999996,7.985274887903169
2021-03-11,308.4813,312.4868,307.5923,310.7966,78,955,278.26802,7.917346204365489,303.7528,277.82645049999996,7.854526681624369
2021-03-12,306.6153,308.3444,304.213,308.2077,78,955,278.69309699999997,7.822078618339383,310.7966,278.26802,7.917346204365489
2021-03-15,308.5301,311.6466,306.8547,311.5294,78,955,279.13701849999995,7.605637288457999,308.2077,278.69309699999997,7.822078618339383
2021-03-16,313.6884,316.7267,311.7443,313.2292,78,955,279.58389800000003,7.433613196425283,311.5294,279.13701849999995,7.605637288457999
2021-03-17,310.1323,316.3848,308.4031,314.5286,78,955,280.0396075,7.472762253823476,313.2292,279.58389800000003,7.433613196425283
2021-03-18,309.5657,310.5525,304.3879,304.8177,78,955,280.431792,7.663329235693227,314.5286,280.0396075,7.472762253823476
2021-03-19,304.7298,307.475,302.522,306.1952,78,955,280.8245455,7.46973429028657,304.8177,280.431792,7.663329235693227
2021-03-22,308.3254,313.7346,308.3156,311.6903,78,955,281.23753250000004,7.474710412408958,306.1952,280.8245455,7.46973429028657
2021-03-23,312.7663,314.077,309.465,310.0959,78,955,281.6376385,7.270231097236891,311.6903,281.23753250000004,7.474710412408958
2021-03-24,311.7001,311.7099,304.9116,304.9508,78,955,282.02018449999997,7.236521733148541,310.0959,281.6376385,7.270231097236891
2021-03-25,303.1999,306.0512,300.6761,304.5204,78,955,282.3782205,7.103563037923643,304.9508,282.02018449999997,7.236521733148541
2021-03-26,304.3052,309.421,302.9064,309.108,78,955,282.7496195,7.061494249500524,304.5204,282.3782205,7.103563037923643
2021-03-29,308.6091,310.0665,305.6453,308.971,78,955,283.112411,6.87290180310763,309.108,282.7496195,7.061494249500524
2021-03-30,307.0147,308.032,304.7356,307.5331,78,955,283.453334,6.6845088171713725,308.971,283.112411,6.87290180310763
2021-03-31,309.2742,313.7346,308.9123,311.9837,78,955,283.8753215,6.650008187373419,307.5331,283.453334,6.6845088171713725
2021-04-01,316.0138,317.6179,315.7594,317.4614,78,955,284.31667799999997,6.577450459703891,311.9837,283.8753215,6.650008187373419
2021-04-05,319.9655,324.5922,319.7405,323.8488,78,955,284.775925,6.616975426867897,317.4614,284.31667799999997,6.577450459703891
2021-04-06,323.5064,325.5606,322.812,323.5554,78,955,285.2128535,6.340662896377333,323.8488,284.775925,6.616975426867897
2021-04-07,323.1152,325.2182,322.1762,324.377,78,955,285.65092500000003,6.105044118064669,323.5554,285.2128535,6.340662896377333
2021-04-08,327.2528,327.9473,326.4506,327.8201,78,955,286.102664,5.923990966774333,324.377,285.65092500000003,6.105044118064669
2021-04-09,326.392,329.9525,325.6486,329.7373,78,955,286.56462050000005,5.80827018343331,327.8201,286.102664,5.923990966774333
2021-04-13,330.8524,333.6304,330.6372,333.1707,78,955,287.028996,5.671472313188074,329.7373,286.56462050000005,5.80827018343331
2021-04-14,333.4054,333.5326,328.3386,329.1406,78,955,287.463678,5.637367147960356,333.1707,287.028996,5.671472313188074
2021-04-15,332.0751,334.5352,331.9186,334.1293,78,955,287.9474045,5.6200266373917565,329.1406,287.463678,5.637367147960356
2021-04-16,334.677,334.7553,332.6522,334.5205,78,955,288.42188849999997,5.368817591863773,334.1293,287.9474045,5.6200266373917565
2021-04-19,332.9652,334.1195,329.5433,331.4687,78,955,288.9103265,5.340844906730649,334.5205,288.42188849999997,5.368817591863773
2021-04-20,330.8133,332.1045,327.0783,328.9646,78,955,289.373147,5.3183702705356,331.4687,288.9103265,5.340844906730649
2021-04-21,327.7614,332.0653,326.6757,331.8893,78,955,289.82863249999997,5.323458108354484,328.9646,289.373147,5.3183702705356
2021-04-22,331.4784,332.4762,326.7148,327.8984,78,955,290.2488265,5.354739672043448,331.8893,289.82863249999997,5.323458108354484
2021-04-23,328.5146,333.3242,328.5048,332.0164,78,955,290.68143100000003,5.359815409754633,327.8984,290.2488265,5.354739672043448
2021-04-26,332.2512,334.452,331.498,334.1684,78,955,291.0942195,5.187971451915017,332.0164,290.68143100000003,5.359815409754633
2021-04-27,334.4618,334.677,331.7621,332.6424,78,955,291.508288,5.025609205349662,334.1684,291.0942195,5.187971451915017
2021-04-28,332.3881,333.4054,330.9406,331.3415,78,955,291.89939549999997,4.842694262110398,332.6424,291.508288,5.025609205349662
2021-04-29,334.8727,335.3128,329.5418,332.7892,78,955,292.2874195,4.909001814816795,331.3415,291.89939549999997,4.842694262110398
2021-04-30,330.3242,332.8283,329.6884,330.5101,78,955,292.6545535,4.78263739947274,332.7892,292.2874195,4.909001814816795
2021-05-03,331.8306,332.574,328.3972,328.7905,78,955,293.039771,4.739363299510402,330.5101,292.6545535,4.78263739947274
2021-05-04,326.2746,326.5974,319.0852,322.9391,78,955,293.386578,5.09407306383109,328.7905,293.039771,4.739363299510402
2021-05-05,324.9932,325.8638,321.0611,321.7751,78,955,293.72576349999997,5.07326070212887,322.9391,293.386578,5.09407306383109
2021-05-06,321.5795,324.4259,319.3199,324.289,78,955,294.08628250000004,5.075599223405379,321.7751,293.72576349999997,5.07326070212887
2021-05-07,327.0865,329.2971,325.7856,326.8615,78,955,294.4577165,5.070777850304996,324.289,294.08628250000004,5.075599223405379
2021-05-10,325.5117,325.6877,318.4396,318.4983,78,955,294.75125649999995,5.310143718140353,326.8615,294.4577165,5.070777850304996
2021-05-11,312.7174,319.0068,312.0522,318.2048,78,955,295.0566695,5.427604881130326,318.4983,294.75125649999995,5.310143718140353
2021-05-12,313.2358,315.5736,309.0982,309.9785,78,955,295.316715,5.6903902467638705,318.2048,295.0566695,5.427604881130326
2021-05-13,312.9326,315.3584,309.9785,312.375,78,955,295.6226785,5.668212371995025,309.9785,295.316715,5.6903902467638705
2021-05-14,315.5834,320.1807,315.0454,319.2221,78,955,295.9750985,5.820890059709666,312.375,295.6226785,5.668212371995025
2021-05-17,317.5201,318.244,314.4291,317.3538,78,955,296.295537,5.747469341158976,319.2221,295.9750985,5.820890059709666
2021-05-18,318.3026,319.5156,314.9084,315.1138,78,955,296.6209885,5.666021531076195,317.3538,296.295537,5.747469341158976
2021-05-19,309.7438,315.8475,309.3916,315.5638,78,955,296.933743,5.722441421713613,315.1138,296.6209885,5.666021531076195
2021-05-20,317.0408,322.5087,316.8158,321.6871,78,955,297.27063849999996,5.809759891591209,315.5638,296.933743,5.722441421713613
2021-05-21,323.2619,323.6336,319.5058,319.8286,78,955,297.575455,5.6896198993346925,321.6871,297.27063849999996,5.809759891591209
2021-05-24,322.1762,326.3822,321.8142,325.2671,78,955,297.8905695,5.75133276366793,319.8286,297.575455,5.6896198993346925
2021-05-25,326.7735,327.4973,324.5091,325.678,78,955,298.2022365,5.55396613769165,325.2671,297.8905695,5.75133276366793
2021-05-26,326.3725,327.3017,325.678,326.7539,78,955,298.516021,5.273232842142246,325.678,298.2022365,5.55396613769165
2021-05-27,326.3725,327.2332,325.4041,325.5801,78,955,298.80701750000003,5.027223353417798,326.7539,298.516021,5.273232842142246
2021-05-28,326.842,328.2406,326.3138,326.4996,78,955,299.1176315,4.858171685316524,325.5801,298.80701750000003,5.027223353417798
2021-06-01,327.9864,328.451,324.1912,325.5606,78,955,299.4294905,4.815430850651061,326.4996,299.1176315,4.858171685316524
2021-06-02,325.9714,327.0376,324.4504,326.1377,78,955,299.76892,4.656271504175986,325.5606,299.4294905,4.815430850651061
2021-06-03,323.3304,324.6118,321.11,322.6652,78,955,300.0582685,4.682802111020557,326.1377,299.76892,4.656271504175986
2021-06-04,324.602,328.7183,324.5335,328.3483,78,955,300.373355,4.780680531661944,322.6652,300.0582685,4.682802111020557
2021-06-07,327.7027,329.3069,327.0376,329.1602,78,955,300.6937665,4.601296207971805,328.3483,300.373355,4.780680531661944
2021-06-08,330.9894,331.8795,327.7125,329.2971,78,955,301.000013,4.570275050259536,329.1602,300.6937665,4.601296207971805
2021-06-09,330.7937,331.5665,329.2981,329.483,78,955,301.294082,4.405926832383856,329.2971,301.000013,4.570275050259536
2021-06-10,329.8547,333.0239,329.3754,332.9261,78,955,301.6142375,4.351824915785011,329.483,301.294082,4.405926832383856
2021-06-11,332.9261,333.7967,332.2707,333.7576,78,955,301.920341,4.149980278943225,332.9261,301.6142375,4.351824915785011
2021-06-14,334.2173,336.9757,333.0239,336.9659,78,955,302.2328945,4.135824544732994,333.7576,301.920341,4.149980278943225
2021-06-15,336.6333,336.9463,334.0608,334.7161,78,955,302.52563000000004,4.047915648680638,336.9659,302.2328945,4.135824544732994
2021-06-16,335.2541,336.3301,330.0797,333.4934,78,955,302.801492,4.205235959489165,334.7161,302.52563000000004,4.047915648680638
2021-06-17,332.5446,338.8146,332.4957,337.7973,78,955,303.0693685,4.356211962382795,333.4934,302.801492,4.205235959489165
2021-06-18,336.1247,337.2772,334.3934,335.127,78,955,303.3282265,4.288189679355454,337.7973,303.0693685,4.356211962382795
2021-06-21,335.3369,337.55,333.1041,337.1681,78,955,303.589938,4.299454702258635,335.127,303.3282265,4.288189679355454
2021-06-22,337.0212,340.8209,336.7176,340.3214,78,955,303.8552925,4.285443652097304,337.1681,303.589938,4.299454702258635
2021-06-23,340.3116,341.6924,339.6947,340.4585,78,955,304.0974755,4.122033391233211,340.3214,303.8552925,4.285443652097304
2021-06-24,342.4954,344.1798,341.9372,342.6032,78,955,304.33655450000003,4.093409577573695,340.4585,304.0974755,4.122033391233211
2021-06-25,343.2103,343.4551,341.6141,342.231,78,955,304.6493365,3.9325231791755746,342.6032,304.33655450000003,4.093409577573695
2021-06-28,343.5139,346.5203,343.4551,346.3538,78,955,305.000942,3.9580072378058926,342.231,304.6493365,3.9325231791755746
2021-06-29,346.2069,347.666,345.3647,347.6073,78,955,305.4243495,3.839671006534041,346.3538,305.000942,3.9580072378058926
2021-06-30,347.4702,347.8717,346.5007,347.0883,78,955,305.807331,3.66333736321018,347.6073,305.4243495,3.839671006534041
2021-07-01,346.7357,347.7346,345.3745,347.245,78,955,306.218313,3.570248980123738,347.0883,305.807331,3.66333736321018
2021-07-02,349.1546,351.5342,348.9,351.2209,78,955,306.6575975,3.6216026244006136,347.245,306.218313,3.570248980123738
2021-07-06,351.828,353.013,349.1056,352.7094,78,955,307.0817815,3.6420167226577123,351.2209,306.6575975,3.6216026244006136
2021-07-07,354.9422,355.2457,351.5049,353.3557,78,955,307.4899165,3.649072671039303,352.7094,307.0817815,3.6420167226577123
2021-07-08,348.3711,352.2002,347.0785,351.4265,78,955,307.9108755,3.8367960516793524,353.3557,307.4899165,3.649072671039303
2021-07-09,350.7508,354.0118,350.1632,353.5222,78,955,308.36210450000004,3.8376391908451115,351.4265,307.9108755,3.8367960516793524
2021-07-12,354.9422,355.373,353.3557,354.903,78,955,308.837814,3.707614962927602,353.5222,308.36210450000004,3.8376391908451115
2021-07-13,354.5406,357.8947,354.051,354.8344,78,955,309.3074925,3.7173353227184887,354.903,308.837814,3.707614962927602
2021-07-14,357.2533,357.9192,354.7169,355.4612,78,955,309.756364,3.6805470853814524,354.8344,309.3074925,3.7173353227184887
2021-07-15,355.4612,355.6668,351.0348,352.9542,78,955,310.233512,3.7485080078542063,355.4612,309.756364,3.6805470853814524
2021-07-16,353.9237,354.903,349.8401,350.1926,78,955,310.690318,3.8423931501503357,352.9542,310.233512,3.7485080078542063
2021-07-19,346.7162,347.8227,344.7478,347.3331,78,955,311.10259599999995,3.9568507822824577,350.1926,310.690318,3.8423931501503357
2021-07-20,348.283,352.8171,346.4713,351.309,78,955,311.508375,4.1274900121194245,347.3331,311.10259599999995,3.9568507822824577
2021-07-21,350.9271,354.051,350.7018,353.9727,78,955,311.9331775,4.071897868396608,351.309,311.508375,4.1274900121194245
2021-07-22,354.2567,356.4209,354.2567,356.4013,78,955,312.359201,3.9559194492254246,353.9727,311.9331775,4.071897868396608
2021-07-23,357.7429,360.8521,356.4992,360.4457,78,955,312.785163,3.9912680599950385,356.4013,312.359201,3.9559194492254246
2021-07-26,359.8778,361.2488,359.0072,360.8375,78,955,313.25170099999997,3.8662917699953936,360.4457,312.785163,3.9912680599950385
2021-07-27,360.5633,360.5926,352.6996,356.8909,78,955,313.669348,4.171406643567152,360.8375,313.25170099999997,3.8662917699953936
2021-07-28,358.0269,359.8386,355.7158,358.213,78,955,314.11881400000004,4.167934740455211,356.8909,313.669348,4.171406643567152
2021-07-29,357.6842,360.0632,357.6842,358.8887,78,955,314.547474,4.040153687565554,358.213,314.11881400000004,4.167934740455211
2021-07-30,354.9422,357.6058,354.903,356.9595,78,955,314.9598565,4.036264138453725,358.8887,314.547474,4.040153687565554
2021-08-02,358.6928,359.2804,356.3327,356.9693,78,955,315.351517,3.958509557135602,356.9595,314.9598565,4.036264138453725
2021-08-03,357.7233,359.3294,354.5015,359.1727,78,955,315.7113355,4.020608874483059,356.9693,315.351517,3.958509557135602
2021-08-04,359.1629,360.6906,358.0563,359.7309,78,955,316.074335,3.921586812019983,359.1727,315.7113355,4.020608874483059
2021-08-05,360.5143,362.2476,359.8386,362.1105,78,955,316.460447,3.8212377540185525,359.7309,316.074335,3.921586812019983
2021-08-06,360.7199,361.7188,359.3049,360.4359,78,955,316.848523,3.7486922001600864,362.1105,316.460447,3.8212377540185525
2021-08-09,360.8864,361.6209,359.7798,361.0627,78,955,317.247388,3.612435614434365,360.4359,316.848523,3.7486922001600864
2021-08-10,361.6111,361.9049,358.0465,359.251,78,955,317.660404,3.630004499117626,361.0627,317.247388,3.612435614434365
2021-08-11,360.5143,361.0137,357.2826,358.6439,78,955,318.066581,3.6372256063235078,359.251,317.660404,3.630004499117626
2021-08-12,358.1052,360.2793,356.7489,359.9659,78,955,318.4807335,3.6295952058718277,358.6439,318.066581,3.6372256063235078
2021-08-13,360.2597,361.5132,359.77,361.1802,78,955,318.900616,3.4948526911666975,359.9659,318.4807335,3.6295952058718277
2021-08-16,360.054,361.3761,356.1663,361.3271,78,955,319.318161,3.6173489275119355,361.1802,318.900616,3.4948526911666975
2021-08-17,358.5655,359.5448,355.706,358.1297,78,955,319.74161200000003,3.7604740041182225,361.3271,319.318161,3.6173489275119355
2021-08-18,357.6156,359.0258,354.3693,354.6973,78,955,320.137174,3.8244758609669205,358.1297,319.74161200000003,3.7604740041182225
2021-08-19,352.7583,358.1052,352.5037,356.4307,78,955,320.5945015,3.9514061566121437,354.6973,320.137174,3.8244758609669205
2021-08-20,357.4883,360.5143,357.1847,360.1324,78,955,321.04829850000004,3.96084857399699,356.4307,320.5945015,3.9514061566121437
2021-08-23,361.1606,366.1893,361.141,365.4695,78,955,321.5605715,4.110566532997204,360.1324,321.04829850000004,3.96084857399699
2021-08-24,366.0864,367.2224,365.6262,366.6348,78,955,322.0770135,3.942161780640262,365.4695,321.5605715,4.110566532997204
2021-08-25,366.8699,367.6141,366.1109,366.8111,78,955,322.5720055,3.767950224880243,366.6348,322.0770135,3.942161780640262
2021-08-26,366.1746,366.8601,364.265,364.686,78,955,322.9967885,3.6841752088173685,366.8111,322.5720055,3.767950224880243
2021-08-27,365.3422,368.7599,364.8525,368.2996,78,955,323.40326550000003,3.712012693901845,364.686,322.9967885,3.6841752088173685
2021-08-30,369.0341,372.8729,369.0243,372.442,78,955,323.8288455,3.773533215766,368.2996,323.40326550000003,3.712012693901845
2021-08-31,372.6281,372.6956,370.5226,372.0307,78,955,324.2825995,3.6592094146398577,372.442,323.8288455,3.773533215766
2021-09-01,373.1569,374.7825,372.491,372.7064,78,955,324.7640135,3.5943944564512966,372.0307,324.2825995,3.6592094146398577
2021-09-02,374.0578,374.3908,371.2962,372.5399,78,955,325.213487,3.5586948524190625,372.7064,324.7640135,3.5943944564512966
2021-09-03,371.3648,374.0676,371.3452,373.6857,78,955,325.6756135,3.4989595058177048,372.5399,325.213487,3.5586948524190625
2021-09-07,373.7444,374.8491,372.6067,374.2047,78,955,326.1274135,3.409205255402157,373.6857,325.6756135,3.4989595058177048
2021-09-08,374.0186,374.0186,370.6107,372.9414,78,955,326.563243,3.422404880016288,374.2047,326.1274135,3.409205255402157
2021-09-09,373.1177,374.2341,371.3648,371.5704,78,955,326.996752,3.382897388586554,372.9414,326.563243,3.422404880016288
2021-09-10,373.3331,374.0578,368.4514,368.7109,78,955,327.425959,3.541719003687515,371.5704,326.996752,3.382897388586554
2021-09-13,371.1395,371.5704,366.4684,368.564,78,955,327.843851,3.653167646281266,368.7109,327.425959,3.541719003687515
2021-09-14,370.0134,370.7674,366.5271,367.4085,78,955,328.265132,3.6951056715468895,368.564,327.843851,3.653167646281266
2021-09-15,367.9471,370.5716,365.636,370.1798,78,955,328.700221,3.7837124092935377,367.4085,328.265132,3.6951056715468895
2021-09-16,368.9068,371.0514,366.9335,370.503,78,955,329.116691,3.8075829514868578,370.1798,328.700221,3.7837124092935377
2021-09-17,369.9938,370.0427,365.0386,366.0766,78,955,329.50176500000003,3.9259270263806547,370.503,329.116691,3.8075829514868578
2021-09-20,360.2851,362.0106,353.8537,358.6478,78,955,329.8353595,4.518567953067749,366.0766,329.50176500000003,3.9259270263806547
2021-09-21,360.3733,361.5792,357.8341,358.8439,78,955,330.1489685,4.463320242134341,358.6478,329.8353595,4.518567953067749
2021-09-22,359.8929,363.7949,358.7835,362.3047,78,955,330.478955,4.5024687962676015,358.8439,330.1489685,4.463320242134341
2021-09-23,363.491,366.7067,362.8429,365.5988,78,955,330.82375400000006,4.495292453677058,362.3047,330.478955,4.5024687962676015
2021-09-24,363.3831,366.4321,363.0106,366.0106,78,955,331.16373699999997,4.418592992700124,365.5988,330.82375400000006,4.495292453677058
2021-09-27,362.9419,363.9729,360.5204,363.089,78,955,331.48101800000006,4.495136350364402,366.0106,331.16373699999997,4.418592992700124
2021-09-28,358.5008,359.1772,352.3047,352.7949,78,955,331.7421965,4.944362325338371,363.089,331.48101800000006,4.495136350364402
2021-09-29,354.0988,356.2459,351.6037,352.3047,78,955,332.034129,4.922779302099917,352.7949,331.7421965,4.944362325338371
2021-09-30,353.9419,355.5694,350.0988,350.7164,78,955,332.3130975,4.961909351949922,352.3047,332.034129,4.922779302099917
2021-10-01,351.5694,354.1674,347.4321,353.0498,78,955,332.606171,5.0885801125249275,350.7164,332.3130975,4.961909351949922
2021-10-04,351.4909,351.8243,343.4517,345.785,78,955,332.8536565,5.4106886759160036,353.0498,332.606171,5.0885801125249275
2021-10-05,346.7752,352.638,346.5498,350.3733,78,955,333.107408,5.513710913350572,345.785,332.8536565,5.4106886759160036
2021-10-06,347.1282,352.8929,346.2262,352.6184,78,955,333.3638035,5.596067276682673,350.3733,333.107408,5.513710913350572
2021-10-07,355.687,358.5204,355.1478,355.8145,78,955,333.62647649999997,5.6179196140624805,352.6184,333.3638035,5.596067276682673
2021-10-08,356.9615,357.1739,353.54,354.0204,78,955,333.885786,5.476203927343731,355.8145,333.62647649999997,5.6179196140624805
2021-10-11,352.5302,356.0792,351.2753,351.3635,78,955,334.13316899999995,5.42818221824775,354.0204,333.885786,5.476203927343731
2021-10-12,352.8243,353.2655,349.4909,350.1478,78,955,334.370859,5.310069202658623,351.3635,334.13316899999995,5.42818221824775
2021-10-13,352.4419,353.6184,350.4223,352.9419,78,955,334.63028599999996,5.178678545325863,350.1478,334.370859,5.310069202658623
2021-10-14,356.5596,359.6576,355.8929,359.4125,78,955,334.90013350000004,5.288465792088304,352.9419,334.63028599999996,5.178678545325863
2021-10-15,360.6674,361.8243,359.6282,361.7557,78,955,335.1803785,5.082989664081994,359.4125,334.90013350000004,5.288465792088304
2021-10-18,360.3929,365.5596,359.7949,365.3439,78,955,335.47866200000004,5.131683259504709,361.7557,335.1803785,5.082989664081994
2021-10-19,366.4125,368.1576,365.7361,368.0792,78,955,335.78725149999997,4.966113026682943,365.3439,335.47866200000004,5.131683259504709
2021-10-20,368.5694,369.1822,366.138,367.6282,78,955,336.1148345,4.828833524777022,368.0792,335.78725149999997,4.966113026682943
2021-10-21,366.8047,370.0694,366.5204,369.8831,78,955,336.4413335,4.7374168444358045,367.6282,336.1148345,4.828833524777022
2021-10-22,368.6086,369.5792,365.0841,366.6969,78,955,336.7724175,4.741815641261821,369.8831,336.4413335,4.7374168444358045
2021-10-25,368.2067,371.442,366.2361,370.5204,78,955,337.08612999999997,4.774964524028833,366.6969,336.7724175,4.741815641261821
2021-10-26,372.7655,375.2067,370.4959,371.491,78,955,337.3849125,4.77038134374106,370.5204,337.08612999999997,4.774964524028833
2021-10-27,372.138,375.6381,371.8733,372.5008,78,955,337.71209300000004,4.725861247759557,371.491,337.3849125,4.77038134374106
2021-10-28,374.4616,376.942,373.6822,376.6675,78,955,338.06171900000004,4.705528301491016,372.5008,337.71209300000004,4.725861247759557
2021-10-29,373.589,378.7067,373.2361,378.5106,78,955,338.4106935,4.760176279955943,376.6675,338.06171900000004,4.705528301491016
2021-11-01,378.9812,379.9616,376.8832,379.8341,78,955,338.7748335,4.640049402816233,378.5106,338.4106935,4.760176279955943
2021-11-02,379.2165,381.9028,379.1675,381.4812,78,955,339.158688,4.503995874043644,379.8341,338.7748335,4.640049402816233
2021-11-03,381.893,385.893,380.8636,385.5253,78,955,339.5406355,4.54152474018338,381.4812,339.158688,4.503995874043644
2021-11-04,386.7263,391.3734,386.1969,390.4518,78,955,339.9115565,4.634851544455995,385.5253,339.5406355,4.54152474018338
2021-11-05,392.1969,393.1283,389.3734,390.7557,78,955,340.27046649999994,4.57199786270914,390.4518,339.9115565,4.634851544455995
2021-11-08,390.7557,391.7851,389.6087,390.2557,78,955,340.6319565,4.400883729658488,390.7557,340.27046649999994,4.57199786270914
2021-11-09,391.3342,391.7361,386.1969,387.54,78,955,340.96575099999995,4.482192034682881,390.2557,340.6319565,4.400883729658488
2021-11-10,384.7753,387.6087,379.9322,381.8537,78,955,341.269893,4.710356889348388,387.54,340.96575099999995,4.482192034682881
2021-11-11,384.8734,385.0498,382.589,382.9616,78,955,341.6228045,4.60219568296636,381.8537,341.269893,4.710356889348388
2021-11-12,384.089,387.5008,382.4812,386.9714,78,955,341.9878515,4.632010277040194,382.9616,341.6228045,4.60219568296636
2021-11-15,388.1479,388.4714,384.4077,386.893,78,955,342.38494149999997,4.59141668582304,386.9714,341.9878515,4.632010277040194
2021-11-16,386.1479,390.1283,385.942,389.7067,78,955,342.758292,4.562479779692824,386.893,342.38494149999997,4.59141668582304
2021-11-17,389.9518,391.8828,388.8636,389.8538,78,955,343.1066355,4.4522455097147615,389.7067,342.758292,4.562479779692824
2021-11-18,391.8832,394.3832,389.6577,393.8734,78,955,343.48196449999995,4.471763687592279,389.8538,343.1066355,4.4522455097147615
2021-11-19,395.5204,397.3538,394.6871,396.0499,78,955,343.8487835000001,4.4009519956214005,393.8734,343.48196449999995,4.471763687592279
2021-11-22,397.6185,400.6969,391.3636,391.5106,78,955,344.18753250000003,4.75326256736273,396.0499,343.8487835000001,4.4009519956214005
2021-11-23,390.3047,392.3832,385.2165,389.6871,78,955,344.50646649999993,4.925650955408249,391.5106,344.18753250000003,4.75326256736273
2021-11-24,387.1675,391.2263,384.844,391.0695,78,955,344.83284999999995,5.02969731573623,389.6871,344.50646649999993,4.925650955408249
2021-11-26,388.344,389.7459,382.1283,382.991,78,955,345.1225045,5.309090364612212,391.0695,344.83284999999995,5.02969731573623
2021-11-29,388.0989,392.8734,387.393,391.7851,78,955,345.4471905,5.635755338568484,382.991,345.1225045,5.309090364612212
2021-11-30,390.9616,393.3244,384.0694,385.942,78,955,345.7334045,5.894272814385025,391.7851,345.4471905,5.635755338568484
2021-12-01,390.4812,392.6283,379.0596,379.4616,78,955,345.99183250000004,6.442446184786097,385.942,345.7334045,5.894272814385025
2021-12-02,378.2361,384.0596,376.8047,382.2655,78,955,346.27194899999995,6.500478600158516,379.4616,345.99183250000004,6.442446184786097
2021-12-03,383.6185,384.6479,371.4714,375.6969,78,955,346.52654950000004,6.977337271575763,382.2655,346.27194899999995,6.500478600158516
2021-12-06,376.1086,380.0008,371.8635,378.7263,78,955,346.8031355,7.060191752177498,375.6969,346.52654950000004,6.977337271575763
2021-12-07,385.2753,390.6479,385.2753,390.1479,78,955,347.1788385,7.407435198450535,378.7263,346.8031355,7.060191752177498
2021-12-08,390.3636,391.9812,388.4518,391.7851,78,955,347.5671725,7.1304326842754975,390.1479,347.1788385,7.407435198450535
2021-12-09,390.54,392.3538,385.8144,386.0204,78,955,347.91408049999995,7.088216063970106,391.7851,347.5671725,7.1304326842754975
2021-12-10,388.8145,390.4714,385.6479,390.2557,78,955,348.33785099999994,6.926450630829386,386.0204,347.91408049999995,7.088216063970106
2021-12-13,390.1969,390.5155,384.1969,384.5498,78,955,348.7250325,6.883032728627284,390.2557,348.33785099999994,6.926450630829386
2021-12-14,379.7067,382.442,374.7459,380.7557,78,955,349.048108,7.091666105153906,384.5498,348.7250325,6.883032728627284
2021-12-15,380.3734,389.6281,376.3537,389.2655,78,955,349.43926650000003,7.533289954785771,380.7557,349.048108,7.091666105153906
2021-12-16,390.2361,390.6626,377.6577,379.2753,78,955,349.82542649999994,7.924119243729646,389.2655,349.43926650000003,7.533289954785771
2021-12-17,375.8145,381.5596,374.2851,377.3733,78,955,350.2268915000001,7.877717869177528,379.2753,349.82542649999994,7.924119243729646
2021-12-20,372.6282,374.5032,370.5471,373.659,78,955,350.58711999999997,7.80260944995056,377.3733,350.2268915000001,7.877717869177528
2021-12-21,377.0064,382.3859,373.228,382.0816,78,955,351.032496,7.8994159178112335,373.659,350.58711999999997,7.80260944995056
2021-12-22,381.7773,386.931,381.1098,386.6954,78,955,351.44295900000003,7.750971923681858,382.0816,351.032496,7.8994159178112335
2021-12-23,387.1077,391.1178,386.9114,389.7189,78,955,351.8727895,7.5132167862760095,386.6954,351.44295900000003,7.750971923681858
2021-12-27,390.9558,396.0801,390.916,396.0114,78,955,352.2988635,7.43092987297058,389.7189,351.8727895,7.5132167862760095
2021-12-28,396.9439,397.1599,393.3609,394.3425,78,955,352.7295375,7.171506310615538,396.0114,352.2988635,7.43092987297058
2021-12-29,394.4113,395.658,391.7902,394.2346,78,955,353.1430635,6.9355272884287125,394.3425,352.7295375,7.171506310615538
2021-12-30,393.9499,396.1683,392.4185,392.8013,78,955,353.540924,6.707975339255233,394.2346,353.1430635,6.9355272884287125
2021-12-31,392.3596,393.7034,390.0527,390.2687,78,955,353.9196245,6.489598529308428,392.8013,353.540924,6.707975339255233
2022-01-03,391.7313,394.5683,389.6011,394.4113,78,955,354.36759249999994,6.380855777214973,390.2687,353.9196245,6.489598529308428
2022-01-04,394.8628,394.9119,386.075,389.2183,78,955,354.78270799999996,6.556287507413904,394.4113,354.36759249999994,6.380855777214973
2022-01-05,387.5004,388.6293,376.9868,377.1046,78,955,355.1097795,6.96165982831291,389.2183,354.78270799999996,6.556287507413904
2022-01-06,375.3769,380.2459,373.1583,376.9868,78,955,355.444234,6.970655554861989,377.1046,355.1097795,6.96165982831291
2022-01-07,376.9868,378.6851,371.1067,372.8442,78,955,355.783701,7.014065872371846,376.9868,355.444234,6.970655554861989
2022-01-10,367.9457,373.659,362.5368,373.3645,78,955,356.1279215,7.307504024345284,372.8442,355.783701,7.014065872371846
2022-01-11,372.3926,378.9108,370.2999,378.8225,78,955,356.476494,7.40060373689205,373.3645,356.1279215,7.307504024345284
2022-01-12,381.3454,383.0436,377.9488,380.3146,78,955,356.833212,7.235903469971191,378.8225,356.476494,7.40060373689205
2022-01-13,381.6202,382.327,369.7912,370.7238,78,955,357.14916550000004,7.614467507830392,380.3146,356.833212,7.235903469971191
2022-01-14,368.1911,373.3743,367.985,373.0896,78,955,357.454695,7.455526971556792,370.7238,357.14916550000004,7.614467507830392
2022-01-18,367.2586,369.32,362.9887,363.9994,78,955,357.687385,7.644482187874166,373.0896,357.454695,7.455526971556792
2022-01-19,365.256,367.8181,359.4936,359.8078,78,955,357.86718,7.693054888740297,363.9994,357.687385,7.644482187874166
2022-01-20,362.9981,367.0131,354.5461,354.978,78,955,358.02429300000006,8.03405096811599,359.8078,357.86718,7.693054888740297
2022-01-21,352.8478,355.5375,344.9651,344.9945,78,955,358.1273805,8.215361613250563,354.978,358.02429300000006,8.03405096811599
2022-01-24,339.5365,347.4879,328.0216,347.0953,78,955,358.22375650000004,9.019000069446955,344.9945,358.1273805,8.215361613250563
2022-01-25,340.2629,344.5915,335.4135,338.6039,78,955,358.2680895,9.20920006448646,347.0953,358.22375650000004,9.019000069446955
2022-01-26,346.4375,350.3347,334.53,338.653,78,955,358.295501,9.68030720273743,338.6039,358.2680895,9.20920006448646
2022-01-27,342.9821,344.8276,333.8134,334.7656,78,955,358.323626,9.775585259684757,338.653,358.295501,9.68030720273743
2022-01-28,336.7387,345.5639,331.7519,345.4952,78,955,358.38045550000004,10.063900598278703,334.7656,358.323626,9.775585259684757
2022-01-31,346.7713,356.9806,345.073,356.6174,78,955,358.49094,10.195593412687368,345.4952,358.38045550000004,10.063900598278703
2022-02-01,357.7463,359.474,352.5533,358.7966,78,955,358.62757949999997,9.96167245463827,356.6174,358.49094,10.195593412687368
2022-02-02,363.0178,363.3123,357.6039,361.7809,78,955,358.79166100000003,9.657867279306963,358.7966,358.62757949999997,9.96167245463827
2022-02-03,352.0036,355.2921,345.9958,347.1149,78,955,358.86778899999996,10.095526759356465,361.7809,358.79166100000003,9.657867279306963
2022-02-04,347.5861,354.7718,345.5148,351.4244,78,955,358.98541900000004,10.035631990831003,347.1149,358.86778899999996,10.095526759356465
2022-02-07,352.0723,354.4283,347.3505,348.6561,78,955,359.06861749999996,9.824358277200215,351.4244,358.98541900000004,10.035631990831003
2022-02-08,347.5174,353.6331,346.3296,352.6122,78,955,359.1608365,9.644296971685913,348.6561,359.06861749999996,9.824358277200215
2022-02-09,357.0591,360.0728,355.4786,360.0434,78,955,359.2978415,9.48831861656549,352.6122,359.1608365,9.644296971685913
2022-02-10,352.9263,359.767,350.001,351.8759,78,955,359.4005135,9.527895858239388,360.0434,359.2978415,9.48831861656549
2022-02-11,351.8858,353.4662,339.4579,340.793,78,955,359.44053249999996,9.847924725508005,351.8759,359.4005135,9.527895858239388
2022-02-14,340.1058,344.5429,337.583,341.2937,78,955,359.49445049999997,9.641637245114572,340.793,359.44053249999996,9.847924725508005
2022-02-15,346.4375,349.8341,345.3675,349.677,78,955,359.59888300000006,9.562977441892102,341.2937,359.49445049999997,9.641637245114572
2022-02-16,347.429,350.5405,344.2779,349.4807,78,955,359.73159100000004,9.327236196042668,349.677,359.59888300000006,9.562977441892102
2022-02-17,346.2216,346.9775,338.6923,339.1144,78,955,359.8182875,9.431605039182479,349.4807,359.73159100000004,9.327236196042668
2022-02-18,340.0568,340.4494,332.9201,335.3153,78,955,359.873419,9.295726107812305,339.1144,359.8182875,9.431605039182479
2022-02-22,332.3115,337.7302,328.2179,331.8893,78,955,359.898558,9.31119567154,335.3153,359.873419,9.295726107812305
2022-02-23,335.0601,335.9073,323.0642,323.3685,78,955,359.922909,9.563474552144285,331.8893,359.898558,9.31119567154
2022-02-24,312.9924,334.7852,312.423,334.4024,78,955,360.003897,10.477669226991122,323.3685,359.922909,9.563474552144285
2022-02-25,335.0503,339.6346,331.2022,339.5267,78,955,360.15163800000005,10.331578567920326,334.4024,360.003897,10.477669226991122
2022-02-28,336.189,342.1477,335.0601,340.7832,78,955,360.29367900000005,10.099865813068874,339.5267,360.15163800000005,10.331578567920326
2022-03-01,339.4089,341.6942,332.6845,335.2957,78,955,360.374047,10.021996826421098,340.7832,360.29367900000005,10.099865813068874
2022-03-02,336.7878,342.1968,333.9999,340.8126,78,955,360.491341,9.891632767391018,335.2957,360.374047,10.021996826421098
2022-03-03,343.522,343.6202,334.1079,335.9829,78,955,360.5956865,9.864537569720234,340.8126,360.491341,9.891632767391018
2022-03-04,333.5974,335.0503,328.7775,331.1629,78,955,360.673682,9.674599171883075,335.9829,360.5956865,9.864537569720234
2022-03-07,331.104,332.2722,318.6958,318.8725,78,955,360.659609,9.953299231034284,331.1629,360.673682,9.674599171883075
2022-03-08,318.1068,327.0989,314.0722,317.351,78,955,360.647221,10.17282785738898,318.8725,360.659609,9.953299231034284
2022-03-09,325.6754,330.2107,323.0544,328.9051,78,955,360.66541099999995,10.364747296146907,317.351,360.647221,10.17282785738898
2022-03-10,324.7527,326.4117,320.7181,325.3368,78,955,360.663705,10.209193917850701,328.9051,360.66541099999995,10.364747296146907
2022-03-11,328.1885,328.5026,317.9596,318.3905,78,955,360.621888,10.23303720943279,325.3368,360.663705,10.209193917850701
2022-03-14,317.2037,320.6003,311.6279,312.374,78,955,360.5558575,10.142991694473306,318.3905,360.621888,10.23303720943279
2022-03-15,314.995,322.917,313.3752,322.1611,78,955,360.534165,10.171563716296639,312.374,360.5558575,10.142991694473306
2022-03-16,326.0779,334.1963,322.378,334.1472,78,955,360.57709800000003,10.304680593704024,322.1611,360.534165,10.171563716296639
2022-03-17,332.1642,338.1818,330.8592,338.0444,78,955,360.6366315,10.091674837010881,334.1472,360.57709800000003,10.304680593704024
2022-03-18,336.4541,345.3381,335.2859,345.0436,78,955,360.74852350000003,10.088855205795817,338.0444,360.6366315,10.091674837010881
2022-03-21,344.2031,346.4441,339.6573,344.1245,78,955,360.8274045,9.85299411966754,345.0436,360.74852350000003,10.088855205795817
2022-03-22,344.5668,351.7221,344.2031,350.8474,78,955,360.9358405,9.691894539691287,344.1245,360.8274045,9.85299411966754
2022-03-23,347.9282,351.5354,345.7462,345.815,78,955,361.01843,9.413130643999052,350.8474,360.9358405,9.691894539691287
2022-03-24,347.7415,353.5405,345.5732,353.4815,78,955,361.1384225,9.309857026570551,345.815,361.01843,9.413130643999052
2022-03-25,353.4225,354.4938,348.8657,353.2063,78,955,361.2398235,9.046874381815513,353.4815,361.1384225,9.309857026570551
2022-03-28,353.1866,358.7595,351.9384,358.7497,78,955,361.364784,8.88789049740012,353.2063,361.2398235,9.046874381815513
2022-03-29,362.5436,365.4627,359.7915,364.8239,78,955,361.50407400000006,8.732541176157252,358.7497,361.364784,8.88789049740012
2022-03-30,362.9515,364.6273,359.3099,360.9071,78,955,361.635029,8.502645377860302,364.8239,361.50407400000006,8.732541176157252
2022-03-31,360.9513,361.3052,355.4865,355.8011,78,955,361.7465675,8.310934993727427,360.9071,361.635029,8.502645377860302
2022-04-01,356.5972,357.3835,352.4495,355.693,78,955,361.836046,8.069725351318327,355.8011,361.7465675,8.310934993727427
2022-04-04,356.4989,362.9859,356.2335,362.9466,78,955,361.975144,8.014237826224164,355.693,361.836046,8.069725351318327
2022-04-05,361.5116,362.2291,353.7665,354.946,78,955,362.0640335,8.09751369577958,362.9466,361.975144,8.014237826224164
2022-04-06,349.5598,350.6705,344.557,347.1223,78,955,362.0980379999999,8.261191288938184,354.946,362.0640335,8.09751369577958
2022-04-07,346.2082,350.2478,342.719,348.0658,78,955,362.1360745,8.208877625442598,347.1223,362.0980379999999,8.261191288938184
2022-04-08,346.2868,347.0436,342.5322,343.1318,78,955,362.13871750000004,8.017786366482415,348.0658,362.1360745,8.208877625442598
2022-04-11,338.9054,339.8293,334.7036,335.0427,78,955,362.102776,8.047101626019385,343.1318,362.13871750000004,8.017786366482415
2022-04-12,339.8392,341.7361,332.2464,333.706,78,955,362.039537,8.150144367018003,335.0427,362.102776,8.047101626019385
2022-04-13,333.9911,341.4806,333.2539,340.4289,78,955,362.003645,8.155612626516717,333.706,362.039537,8.150144367018003
2022-04-14,340.5075,341.0284,332.4184,332.6052,78,955,361.9312295,8.188068867479807,340.4289,362.003645,8.155612626516717
2022-04-18,331.5732,335.2,330.0409,333.1556,78,955,361.8607825000001,7.971713948374104,332.6052,361.9312295,8.188068867479807
2022-04-19,332.2415,340.9105,331.2095,340.2028,78,955,361.8056920000001,8.095234380633098,333.1556,361.8607825000001,7.971713948374104
2022-04-20,341.1464,341.6083,334.1385,335.2098,78,955,361.718194,8.05056049630216,340.2028,361.8056920000001,8.095234380633098
2022-04-21,339.2593,341.913,327.4942,328.4968,78,955,361.59389949999996,8.505434746566293,335.2098,361.718194,8.05056049630216
2022-04-22,328.6049,329.8138,319.3953,319.8278,78,955,361.43590599999993,8.6420822646687,328.4968,361.59389949999996,8.505434746566293
2022-04-25,318.1864,324.2508,316.9087,323.9755,78,955,361.2881725,8.549226388620937,319.8278,361.43590599999993,8.6420822646687
2022-04-26,321.8624,322.0491,311.4291,311.4832,78,955,361.0710735,8.834738789433729,323.9755,361.2881725,8.549226388620937
2022-04-27,311.8075,317.351,309.6059,311.3063,78,955,360.853433,8.756907447331319,311.4832,361.0710735,8.834738789433729
2022-04-28,316.3386,324.2409,312.0827,322.3243,78,955,360.6877485,9.055314058236224,311.3063,360.853433,8.756907447331319
2022-04-29,318.1569,321.6216,307.247,307.876,78,955,360.4623575,9.485455911219349,322.3243,360.6877485,9.055314058236224
2022-05-02,307.4632,313.2622,304.3426,313.0067,78,955,360.276428,9.445037631846539,307.876,360.4623575,9.485455911219349
2022-05-03,313.046,315.6702,310.5691,313.4489,78,955,360.107007,9.134756372428932,313.0067,360.276428,9.445037631846539
2022-05-04,313.8421,324.6341,308.5159,324.0935,78,955,359.9709295,9.633573774398293,313.4489,360.107007,9.134756372428932
2022-05-05,319.6017,319.6804,304.318,308.0235,78,955,359.74118350000003,10.357997076226988,324.0935,359.9709295,9.633573774398293
2022-05-06,305.6253,309.6944,299.8803,304.1018,78,955,359.479686,10.319147285067917,308.0235,359.74118350000003,10.357997076226988
2022-05-09,298.2635,300.76,290.6561,292.1009,78,955,359.13796199999996,10.542472478991641,304.1018,359.479686,10.319147285067917
2022-05-10,299.2857,300.5241,291.4915,295.6687,78,955,358.812118,10.434624444777953,292.1009,359.13796199999996,10.542472478991641
2022-05-11,293.3295,298.8827,285.9677,286.8327,78,955,358.46182699999997,10.611794127293814,295.6687,358.812118,10.434624444777953
2022-05-12,282.5277,290.6855,280.0607,286.2626,78,955,358.10207499999996,10.612723118201398,286.8327,358.46182699999997,10.611794127293814
2022-05-13,290.6561,297.8104,289.0466,296.7302,78,955,357.7912825,10.679514324044154,286.2626,358.10207499999996,10.612723118201398
2022-05-16,294.9905,297.0841,292.0419,293.4376,78,955,357.4736730000001,10.276849015183858,296.7302,357.7912825,10.679514324044154
2022-05-17,299.2071,301.3104,295.4033,301.0057,78,955,357.193855,10.105131228385016,293.4376,357.4736730000001,10.276849015183858
2022-05-18,296.3764,297.0742,284.8866,286.1053,78,955,356.828518,10.534700426357514,301.0057,357.193855,10.105131228385016
2022-05-19,284.3362,289.3488,282.6554,284.6409,78,955,356.453068,10.260321824474834,286.1053,356.828518,10.534700426357514
2022-05-20,288.1104,288.7689,275.4116,283.599,78,955,356.06051049999996,10.481534551298058,284.6409,356.453068,10.260321824474834
2022-05-23,284.7883,288.8377,282.3704,288.4151,78,955,355.70040649999993,10.194803511919623,283.599,356.06051049999996,10.481534551298058
2022-05-24,283.1911,283.9135,277.4167,282.3311,78,955,355.3067485,10.252203261068223,288.4151,355.70040649999993,10.194803511919623
2022-05-25,280.8175,288.366,280.6111,286.3707,78,955,354.942347,10.073824456706205,282.3311,355.3067485,10.252203261068223
2022-05-26,285.4665,295.767,285.1814,294.1846,78,955,354.6200505,10.110379852655763,286.3707,354.942347,10.073824456706205
2022-05-27,297.3494,303.9544,297.2413,303.9368,78,955,354.339905,10.086052720323211,294.1846,354.6200505,10.110379852655763
2022-05-31,303.7873,305.9987,299.1186,303.0305,78,955,354.04915650000004,9.85705609744298,303.9368,354.339905,10.086052720323211
2022-06-01,305.1535,307.2961,298.5289,300.7404,78,955,353.74622299999993,9.77920923333991,303.0305,354.04915650000004,9.85705609744298
2022-06-02,299.6297,309.1734,298.2046,309.0358,78,955,353.5007535,9.86418000238706,300.7404,353.74622299999993,9.77920923333991
2022-06-03,303.7381,305.1535,299.6985,300.8583,78,955,353.2315585,9.826545716502268,309.0358,353.5007535,9.86418000238706
2022-06-06,305.4287,307.0013,300.3865,301.9886,78,955,352.959348,9.597135308180677,300.8583,353.2315585,9.826545716502268
2022-06-07,298.6075,305.35,297.5053,304.6424,78,955,352.681898,9.471961357596346,301.9886,352.959348,9.597135308180677
2022-06-08,303.7578,306.3821,301.5168,302.4309,78,955,352.366705,9.142914117768035,304.6424,352.681898,9.471961357596346
2022-06-09,300.6716,303.7578,294.1059,294.1256,78,955,352.004159,9.179270252213172,302.4309,352.366705,9.142914117768035
2022-06-10,288.6215,289.8206,283.4457,283.7366,78,955,351.58878649999997,9.286458091340805,294.1256,352.004159,9.179270252213172
2022-06-13,274.9595,277.5052,269.8289,270.7725,78,955,351.119219,9.61654679910218,283.7366,351.58878649999997,9.286458091340805
2022-06-14,272.925,273.8882,268.6568,271.3819,78,955,350.63463049999996,9.303322027737739,270.7725,351.119219,9.61654679910218
2022-06-15,274.6548,281.9183,271.8733,278.031,78,955,350.1625755,9.391399025756472,271.3819,350.63463049999996,9.303322027737739
2022-06-16,270.8708,271.3327,264.6688,266.9884,78,955,349.63736399999993,9.67502766677387,278.031,350.1625755,9.391399025756472
2022-06-17,267.4897,272.4434,265.8796,270.0058,78,955,349.123861,9.452797119147167,266.9884,349.63736399999993,9.67502766677387
2022-06-21,274.4907,279.1189,274.3824,276.8934,78,955,348.64562849999993,9.428533039208082,270.0058,349.123861,9.452797119147167
2022-06-22,274.2642,280.8225,273.6636,276.3715,78,955,348.15905749999996,9.266416393550363,276.8934,348.64562849999993,9.428533039208082
2022-06-23,278.8727,281.3542,276.0269,280.5468,78,955,347.69076800000005,8.985050936868193,276.3715,348.15905749999996,9.266416393550363
2022-06-24,283.3729,290.4924,283.1071,290.4826,78,955,347.27847399999996,9.053661584234748,280.5468,347.69076800000005,8.985050936868193
2022-06-27,291.4771,292.0482,286.8391,288.0109,78,955,346.86067649999995,8.779050042503696,290.4826,347.27847399999996,9.053661584234748
2022-06-28,288.523,291.1325,279.0204,279.1386,78,955,346.41281499999997,9.017125039467718,288.0109,346.86067649999995,8.779050042503696
2022-06-29,279.0697,280.98,276.5488,279.5325,78,955,345.9676575,8.689558965220025,279.1386,346.41281499999997,9.017125039467718
2022-06-30,276.4602,279.5522,271.5661,275.958,78,955,345.51040500000005,8.63931189627574,279.5325,345.9676575,8.689558965220025
2022-07-01,274.6877,278.213,272.797,277.8191,78,955,345.0486015,8.409075332256043,275.958,345.51040500000005,8.63931189627574
2022-07-05,274.0476,282.6934,272.5214,282.6344,78,955,344.6092585,8.53499852280918,277.8191,345.0486015,8.409075332256043
2022-07-06,282.9593,286.5043,281.2262,284.3379,78,955,344.200565,8.302362914037095,282.6344,344.6092585,8.53499852280918
2022-07-07,285.2439,291.1817,285.2045,290.4333,78,955,343.85949250000004,8.19817984874873,284.3379,344.200565,8.302362914037095
2022-07-08,287.617,292.2157,286.6717,290.8666,78,955,343.519606,8.00859557383811,290.4333,343.85949250000004,8.19817984874873
2022-07-11,288.3654,288.6313,283.7372,284.5644,78,955,343.13090450000004,7.9457958899925325,290.8666,343.519606,8.00859557383811
2022-07-12,285.8839,287.814,280.2612,281.817,78,955,342.7119955,7.91772475499307,284.5644,343.13090450000004,7.9457958899925325
2022-07-13,276.3125,283.6486,275.7413,281.2557,78,955,342.28822099999996,7.9169801296364195,281.817,342.7119955,7.91772475499307
2022-07-14,278.6659,283.1661,275.5247,282.3192,78,955,341.884372,7.897295834662389,281.2557,342.28822099999996,7.9169801296364195
2022-07-15,285.3226,287.5186,283.6782,287.4398,78,955,341.5575965,7.704588989329359,282.3192,341.884372,7.897295834662389
2022-07-18,290.2167,291.6347,283.7963,284.9878,78,955,341.221012,7.71414691866298,287.4398,341.5575965,7.704588989329359
2022-07-19,288.6608,294.0374,287.0164,293.6731,78,955,340.93579550000004,7.809536424472767,284.9878,341.221012,7.71414691866298
2022-07-20,294.1654,299.5912,293.3805,298.3899,78,955,340.662496,7.695333822724715,293.6731,340.93579550000004,7.809536424472767
2022-07-21,298.8625,302.7374,296.1841,302.7325,78,955,340.4472335,7.613759978244377,298.3899,340.662496,7.695333822724715
2022-07-22,301.7478,303.8354,295.5293,297.3855,78,955,340.1822945,7.6632128369412085,302.7325,340.4472335,7.613759978244377
2022-07-25,297.4052,297.8778,293.6632,295.7705,78,955,339.898055,7.416883348588263,297.3855,340.1822945,7.6632128369412085
2022-07-26,293.9586,294.2048,289.0547,289.8524,78,955,339.5682445,7.366805966546244,295.7705,339.898055,7.416883348588263
2022-07-27,294.4707,303.8255,293.8996,302.053,78,955,339.30840750000004,7.838684111792941,289.8524,339.5682445,7.366805966546244
2022-07-28,301.9053,305.6537,298.1191,305.0269,78,955,339.07672449999995,7.816963818093447,302.053,339.30840750000004,7.838684111792941
2022-07-29,306.6221,311.5556,305.1953,310.6299,78,955,338.879135,7.7249449739439155,305.0269,339.07672449999995,7.816963818093447
2022-08-01,308.8673,313.9386,307.7546,310.4232,78,955,338.6665415,7.614877475805067,310.6299,338.879135,7.7249449739439155
2022-08-02,308.1386,313.6777,307.0752,309.4975,78,955,338.4169665,7.54256479896185,310.4232,338.6665415,7.614877475805067
2022-08-03,311.2208,318.7825,311.1617,317.8972,78,955,338.19767400000006,7.667024456178863,309.4975,338.4169665,7.54256479896185
2022-08-04,317.9858,319.7583,315.8687,319.3693,78,955,337.96780099999995,7.397208423594661,317.8972,338.19767400000006,7.667024456178863
2022-08-05,314.3128,318.8819,313.525,316.8829,78,955,337.7118195,7.286286393337901,319.3693,337.96780099999995,7.397208423594661
2022-08-08,317.7593,321.4816,314.3325,315.7997,78,955,337.452677,7.276487365242339,316.8829,337.7118195,7.286286393337901
2022-08-09,313.8992,314.1552,310.6004,312.1957,78,955,337.16424,7.1281168391536,315.7997,337.452677,7.276487365242339
2022-08-10,319.6303,321.2452,317.139,320.94,78,955,336.93545549999993,7.2653584934997735,312.1957,337.16424,7.1281168391536
2022-08-11,323.2738,325.3121,318.4191,319.1281,78,955,336.678494,7.238761458249788,320.94,336.93545549999993,7.2653584934997735
2022-08-12,321.1911,325.5337,320.1326,325.4894,78,955,336.44848600000006,7.179249925517659,319.1281,336.678494,7.238761458249788
2022-08-15,324.3865,328.4684,324.3668,328.0103,78,955,336.22603349999997,6.959417787980682,325.4894,336.44848600000006,7.179249925517659
2022-08-16,326.9812,329.311,324.1305,327.2323,78,955,335.9788575,6.832352231696347,328.0103,336.22603349999997,6.959417787980682
2022-08-17,324.0418,326.3658,321.3732,323.4609,78,955,335.703609,6.762834215146609,327.2323,335.9788575,6.832352231696347
2022-08-18,323.4215,325.4401,321.7967,324.288,78,955,335.42587849999995,6.540017485493279,323.4609,335.703609,6.762834215146609
2022-08-19,321.1861,321.8459,317.1586,317.9366,78,955,335.1081555,6.582116236529476,324.288,335.42587849999995,6.540017485493279
2022-08-22,313.6333,313.8697,308.7393,309.6649,78,955,334.72885349999996,6.76891507677737,317.9366,335.1081555,6.582116236529476
2022-08-23,309.3006,312.1563,308.5423,309.3006,78,955,334.3230975,6.543563999864699,309.6649,334.72885349999996,6.76891507677737
2022-08-24,308.759,312.0283,308.2075,310.2065,78,955,333.92035150000004,6.349080857017222,309.3006,334.3230975,6.543563999864699
2022-08-25,312.0086,315.7013,310.9329,315.6323,78,955,333.5472345,6.288060795801706,310.2065,333.92035150000004,6.349080857017222
2022-08-26,315.3861,316.5974,302.6537,302.7226,78,955,333.1231475000001,6.834892167530155,315.6323,333.5472345,6.288060795801706
2022-08-29,299.9654,302.5257,298.6459,299.7586,78,955,332.712672,6.637878441278003,302.7226,333.1231475000001,6.834892167530155
2022-08-30,301.4228,302.0432,293.8799,296.4007,78,955,332.2798675,6.74683712404386,299.7586,332.712672,6.637878441278003
2022-08-31,299.3549,300.251,294.5889,294.6873,78,955,331.818447,6.669355900897867,296.4007,332.2798675,6.74683712404386
2022-09-01,292.1861,295.1994,288.4737,294.8547,78,955,331.35825550000004,6.673380479405163,294.6873,331.818447,6.669355900897867
2022-09-02,297.7203,299.1087,289.035,290.6992,78,955,330.86321799999996,6.916260445161936,294.8547,331.35825550000004,6.673380479405163
2022-09-06,291.1423,292.068,286.4255,288.5821,78,955,330.3568595,6.825277556221797,290.6992,330.86321799999996,6.916260445161936
2022-09-07,289.0547,295.4062,288.7889,294.3821,78,955,329.85940300000004,6.825193445063097,288.5821,330.3568595,6.825277556221797
2022-09-08,292.3142,297.2575,290.9355,295.9182,78,955,329.35874449999994,6.789251056130019,294.3821,329.85940300000004,6.825193445063097
2022-09-09,298.2028,302.8999,298.1634,302.3485,78,955,328.912934,6.802997409263589,295.9182,329.35874449999994,6.789251056130019
2022-09-12,303.7861,306.3267,303.471,306.0116,78,955,328.4945565,6.601226165744762,302.3485,328.912934,6.802997409263589
2022-09-13,297.1885,298.3899,288.3113,289.1335,78,955,327.98487650000004,7.394017153905849,306.0116,328.4945565,6.601226165744762
2022-09-14,290.3595,292.3929,288.5821,291.5461,78,955,327.527652,7.138073071484,289.1335,327.98487650000004,7.394017153905849
2022-09-15,289.5766,291.999,285.0371,286.5732,78,955,327.00159249999996,7.125489280663716,291.5461,327.527652,7.138073071484
2022-09-16,283.3237,285.2931,281.2557,284.8007,78,955,326.495886,6.996347189187736,286.5732,327.00159249999996,7.125489280663716
2022-09-19,282.2797,287.2713,282.1712,287.1627,78,955,326.03439149999997,6.860900961388612,284.8007,326.495886,6.996347189187736
2022-09-20,284.588,287.1331,282.5066,284.7853,78,955,325.5469905,6.703415178432282,287.1627,326.03439149999997,6.860900961388612
2022-09-21,285.6929,289.9742,279.5866,279.5866,78,955,325.066439,6.9665712371156925,284.7853,325.5469905,6.703415178432282
2022-09-22,278.1858,279.2019,275.0439,276.2622,78,955,324.5541185,6.793437577321713,279.5866,325.066439,6.9665712371156925
2022-09-23,273.796,274.092,268.3408,271.7935,78,955,323.9623465,6.874006321798735,276.2622,324.5541185,6.793437577321713
2022-09-26,271.2608,275.7098,269.8698,270.4519,78,955,323.3556805,6.8001487273845385,271.7935,323.9623465,6.874006321798735
2022-09-27,274.0525,276.42,268.4296,270.8169,78,955,322.779663,6.885166675428502,270.4519,323.3556805,6.8001487273845385
2022-09-28,270.7478,277.446,269.2533,276.0846,78,955,322.2088075,6.978561912897895,270.8169,322.779663,6.885166675428502
2022-09-29,272.1683,272.5136,265.2038,268.3605,78,955,321.627861,7.257293204833761,276.0846,322.2088075,6.978561912897895
2022-09-30,267.3642,271.4679,263.4874,263.5663,78,955,321.041914,7.308950833059922,268.3605,321.627861,7.257293204833761
2022-10-03,265.4307,271.4383,263.9115,269.8402,78,955,320.4447875,7.3491686306985,263.5663,321.041914,7.308950833059922
2022-10-04,275.2165,279.0243,275.2165,278.3535,78,955,319.9401785,7.480235157077179,269.8402,320.4447875,7.3491686306985
2022-10-05,274.526,279.9713,271.6948,278.1661,78,955,319.4441425,7.537111217285952,278.3535,319.9401785,7.480235157077179
2022-10-06,277.1698,280.3363,275.6506,276.0156,78,955,318.95592550000003,7.333438987479813,278.1661,319.4441425,7.537111217285952
2022-10-07,271.3002,271.4285,264.1187,265.3814,78,955,318.37242449999997,7.659400488374113,276.0156,318.95592550000003,7.333438987479813
2022-10-10,265.6675,266.0522,260.0741,262.5699,78,955,317.751797,7.539307596347394,265.3814,318.37242449999997,7.659400488374113
2022-10-11,261.1593,264.0102,257.4994,259.3343,78,955,317.099874,7.465842768036866,262.5699,317.751797,7.539307596347394
2022-10-12,259.8374,261.7709,258.407,259.1765,78,955,316.4156995,7.172846856034233,259.3343,317.099874,7.465842768036866
2022-10-13,251.7286,266.5158,250.821,265.115,78,955,315.769562,7.781557794888931,259.1765,316.4156995,7.172846856034233
2022-10-14,267.5122,268.1336,256.6215,257.1147,78,955,315.08396250000004,8.048025095254005,265.115,315.769562,7.781557794888931
2022-10-17,263.1815,266.5849,263.1322,265.845,78,955,314.449181,8.149609017021575,257.1147,315.08396250000004,8.048025095254005
2022-10-18,272.7997,273.4606,265.1052,268.0054,78,955,313.8378645,8.164308372948604,265.845,314.449181,8.149609017021575
2022-10-19,266.2791,269.9784,264.4442,266.9301,78,955,313.20045849999997,7.97644348916656,268.0054,313.8378645,8.164308372948604
2022-10-20,265.9338,271.1227,264.2963,265.3814,78,955,312.58127399999995,7.8942975256546655,266.9301,313.20045849999997,7.97644348916656
2022-10-21,264.3554,272.2364,263.2147,271.7441,78,955,312.0544715,7.97482627382219,265.3814,312.58127399999995,7.8942975256546655
2022-10-24,271.9612,275.621,268.2915,274.7726,78,955,311.54340049999996,7.928731539977748,271.7441,312.0544715,7.97482627382219
2022-10-25,275.6309,280.7507,275.621,280.4153,78,955,311.081256,7.789400715693622,274.7726,311.54340049999996,7.928731539977748
2022-10-26,274.6937,280.139,273.6776,274.1511,78,955,310.585189,7.7142792360012225,280.4153,311.081256,7.789400715693622
2022-10-27,273.0463,274.5156,268.6565,269.1398,78,955,310.0367755,7.581766433429708,274.1511,310.585189,7.7142792360012225
2022-10-28,268.548,277.8879,268.3803,277.4065,78,955,309.522235,7.719325973899016,269.1398,310.0367755,7.581766433429708
2022-10-31,275.1475,275.9761,272.2571,274.161,78,955,309.03942099999995,7.535759832906231,277.4065,309.522235,7.719325973899016
2022-11-01,277.6877,278.2549,271.024,271.32,78,955,308.530573,7.513984130555787,274.161,309.03942099999995,7.535759832906231
2022-11-02,271.3594,274.4471,262.0175,262.0668,78,955,308.02090999999996,7.865099549801802,271.32,308.530573,7.513984130555787
2022-11-03,259.4527,260.9225,256.582,256.9766,78,955,307.506754,7.695078153387389,262.0668,308.02090999999996,7.865099549801802
2022-11-04,261.9287,263.004,255.5758,261.1001,78,955,307.0373645,7.676015428145434,256.9766,307.506754,7.695078153387389
2022-11-07,262.1556,264.5133,260.0051,263.9609,78,955,306.63219649999996,7.449742897563617,261.1001,307.0373645,7.676015428145434
2022-11-08,265.4603,269.1596,261.9287,265.8943,78,955,306.22619149999997,7.43411126202336,263.9609,306.63219649999996,7.449742897563617
2022-11-09,264.1384,264.9276,259.4724,259.7092,78,955,305.831718,7.36181045759312,265.8943,306.22619149999997,7.43411126202336
2022-11-10,272.2768,279.2216,270.1461,278.8369,78,955,305.53263749999996,8.229709710622185,259.7092,305.831718,7.36181045759312
2022-11-11,278.7382,284.736,277.3868,284.0751,78,955,305.279185,8.166816159863457,278.8369,305.53263749999996,8.229709710622185
2022-11-14,281.9936,285.3032,280.5928,281.5201,78,955,304.9593095,7.919929291301781,284.0751,305.279185,8.166816159863457
2022-11-15,288.2577,289.2935,282.1021,285.5055,78,955,304.60375,7.9094629133516525,281.5201,304.9593095,7.919929291301781
2022-11-16,283.5029,283.8433,280.7507,281.5398,78,955,304.217466,7.684129848112248,285.5055,304.60375,7.9094629133516525
2022-11-17,277.1303,282.4463,276.9231,280.9677,78,955,303.8134,7.529777716104233,281.5398,304.217466,7.684129848112248
2022-11-18,283.9962,284.0948,278.5026,280.9282,78,955,303.4824665,7.391379307811077,280.9677,303.8134,7.529777716104233
2022-11-21,279.5669,280.7309,277.2388,278.0181,78,955,303.115435,7.126952214395999,280.9282,303.4824665,7.391379307811077
2022-11-22,278.8172,282.2402,276.6667,282.0528,78,955,302.7824185,7.015991341939143,278.0181,303.115435,7.126952214395999
2022-11-23,282.112,285.5449,281.9246,284.953,78,955,302.4441225,6.773441960372061,282.0528,302.7824185,7.015991341939143
2022-11-28,281.0466,283.0787,277.9491,278.8073,78,955,302.037942,6.789903248916913,284.953,302.4441225,6.773441960372061
2022-11-29,279.1131,279.5176,275.3941,276.7456,78,955,301.6622905,6.599445873994279,278.8073,302.037942,6.789903248916913
2022-11-30,277.0415,289.481,276.1833,289.4514,78,955,301.4055825,7.077892597280403,276.7456,301.6622905,6.599445873994279
2022-12-01,289.698,291.7498,286.9457,289.7473,78,955,301.1478505,6.9154788403318035,289.4514,301.4055825,7.077892597280403
2022-12-02,284.6374,289.481,284.4598,288.6523,78,955,300.842727,6.799194637450962,289.7473,301.1478505,6.9154788403318035
2022-12-05,286.4525,287.7349,282.2797,283.6312,78,955,300.5134795,6.768723591918754,288.6523,300.842727,6.799194637450962
2022-12-06,283.5917,283.7298,276.4644,277.9047,78,955,300.207431,6.804200478210271,283.6312,300.5134795,6.768723591918754
2022-12-07,276.6765,278.7481,275.0095,276.6469,78,955,299.914089,6.5852290154809685,277.9047,300.207431,6.804200478210271
2022-12-08,278.097,280.9874,276.0057,280.0503,78,955,299.654894,6.470691228660899,276.6469,299.914089,6.5852290154809685
2022-12-09,278.9849,281.7766,277.7814,278.2746,78,955,299.4294245,6.2938704266136885,280.0503,299.654894,6.470691228660899
2022-12-12,278.393,281.7766,277.3572,281.7569,78,955,299.166197,6.159979681855567,278.2746,299.4294245,6.2938704266136885
2022-12-13,292.6179,292.8596,282.0429,284.8149,78,955,298.89263800000003,6.513031133151601,281.7569,299.166197,6.159979681855567
2022-12-14,284.1836,287.4685,279.3597,282.546,78,955,298.601452,6.6270146236407745,284.8149,298.89263800000003,6.513031133151601
2022-12-15,278.5114,279.1822,271.9414,273.1745,78,955,298.290846,6.911127864809291,282.546,298.601452,6.6270146236407745
2022-12-16,272.4643,274.013,268.9228,270.511,78,955,297.939338,6.781061588751483,273.1745,298.290846,6.911127864809291
2022-12-19,270.8222,270.9112,265.5021,266.8371,78,955,297.593609,6.683064332412093,270.511,297.939338,6.781061588751483
2022-12-20,265.5614,268.3006,263.9792,266.5701,78,955,297.270645,6.514374022954086,266.8371,297.593609,6.683064332412093
2022-12-21,267.5886,271.7221,266.7382,270.4563,78,955,297.028564,6.417061592743079,266.5701,297.270645,6.514374022954086
2022-12-22,267.371,267.5044,259.5342,263.8408,78,955,296.76101300000005,6.738850050404288,270.4563,297.028564,6.417061592743079
2022-12-23,262.5058,265.0571,260.5973,264.4736,78,955,296.4388555,6.576060761089694,263.8408,296.76101300000005,6.738850050404288
2022-12-27,263.7716,263.8803,260.1028,260.6072,78,955,296.1152075,6.418542135297572,264.4736,296.4388555,6.576060761089694
2022-12-28,260.2017,262.5157,256.8396,257.1263,78,955,295.8088865,6.365510554204885,260.6072,296.1152075,6.418542135297572
2022-12-29,260.0336,264.4291,259.3315,263.5441,78,955,295.564737,6.432459800333107,257.1263,295.8088865,6.365510554204885
2022-12-30,260.6863,263.4452,259.3711,263.3562,78,955,295.2707125,6.271069814595028,263.5441,295.564737,6.432459800333107
2023-01-03,263.9135,265.3919,257.5084,259.7973,78,955,294.898963,6.386243399266813,263.3562,295.2707125,6.271069814595028
2023-01-04,261.9094,262.7346,257.9014,261.0744,78,955,294.514113,6.27531172789061,259.7973,294.898963,6.386243399266813
2023-01-05,259.4142,259.5517,256.6538,256.9878,78,955,294.073834,6.14283231875557,261.0744,294.514113,6.27531172789061
2023-01-06,258.6873,265.1807,255.75,264.0215,78,955,293.673319,6.377680010273029,256.9878,294.073834,6.14283231875557
2023-01-09,266.0452,270.4364,265.1611,265.7701,78,955,293.2479325,6.380338580967813,264.0215,293.673319,6.377680010273029
2023-01-10,264.7779,268.118,264.2278,268.118,78,955,292.8594475,6.202471539470111,265.7701,293.2479325,6.380338580967813
2023-01-11,269.1102,272.7646,268.3047,272.686,78,955,292.45547000000005,6.091337858079387,268.118,292.8594475,6.202471539470111
2023-01-12,273.2165,275.1616,268.9137,274.1105,78,955,292.059991,6.102520868216575,272.686,292.45547000000005,6.091337858079387
2023-01-13,271.6447,276.2609,271.2911,275.9868,78,955,291.6461765,6.021612234772536,274.1105,292.059991,6.102520868216575
2023-01-17,275.8198,277.8631,274.6517,276.4878,78,955,291.204496,5.820882789431638,275.9868,291.6461765,6.021612234772536
2023-01-18,278.1578,279.6707,272.7744,272.966,78,955,290.7647905,5.897698304472236,276.4878,291.204496,5.820882789431638
2023-01-19,271.3696,272.4846,269.0611,270.2399,78,955,290.33698449999997,5.755355568438505,272.966,290.7647905,5.897698304472236
2023-01-20,271.8805,278.0301,270.849,277.7943,78,955,289.947491,5.900701599264329,270.2399,290.33698449999997,5.755355568438505
2023-01-23,278.5115,285.0933,277.7452,283.9047,78,955,289.5522815,6.004087199316876,277.7943,289.947491,5.900701599264329
2023-01-24,282.2445,284.445,281.7238,283.3251,78,955,289.194177,5.769595256508529,283.9047,289.5522815,6.004087199316876
2023-01-25,278.7669,283.276,276.2225,282.6276,78,955,288.8717035,5.864809881043634,283.3251,289.194177,5.769595256508529
2023-01-26,286.0855,288.345,283.4322,288.2075,78,955,288.572412,5.854280603826235,282.6276,288.8717035,5.864809881043634
2023-01-27,286.8518,293.0014,286.7339,290.9777,78,955,288.3116415,5.883796274981503,288.2075,288.572412,5.854280603826235
2023-01-30,287.7654,289.1898,284.779,285.0246,78,955,288.061551,5.906289398197112,290.9777,288.3116415,5.883796274981503
2023-01-31,285.1916,289.5238,285.0835,289.4747,78,955,287.8403945,5.8057830126116015,285.0246,288.061551,5.906289398197112
2023-02-01,289.2193,298.0803,287.1465,295.7717,78,955,287.6171085,6.172069940282203,289.4747,287.8403945,5.8057830126116015
2023-02-02,302.0982,308.1495,301.3221,306.2634,78,955,287.48539949999997,6.615336373119187,295.7717,287.6171085,6.172069940282203
2023-02-03,299.5636,306.8823,299.1707,300.7818,78,955,287.3235305,6.693640917896387,306.2634,287.48539949999997,6.615336373119187
2023-02-06,298.1785,300.5165,296.8916,298.2473,78,955,287.113753,6.493395138046645,300.7818,287.3235305,6.693640917896387
2023-02-07,298.1097,305.5463,296.9898,304.4755,78,955,286.9600815,6.640759771043311,298.2473,287.113753,6.493395138046645
2023-02-08,303.1002,304.0432,298.316,299.0135,78,955,286.812665,6.6063840731116485,304.4755,286.9600815,6.640759771043311
2023-02-09,303.3949,303.5422,294.9072,296.3218,78,955,286.695135,6.75128521074653,299.0135,286.812665,6.6063840731116485
2023-02-10,294.1999,296.2531,292.0092,294.4553,78,955,286.547534,6.577093409978919,296.3218,286.695135,6.75128521074653
2023-02-13,295.8208,299.7208,294.642,299.2149,78,955,286.4861925,6.483408166408995,294.4553,286.547534,6.577093409978919
2023-02-14,297.5498,302.2946,295.6047,301.3024,78,955,286.436173,6.498157583094069,299.2149,286.4861925,6.483408166408995
2023-02-15,299.5243,303.8173,298.8367,303.7977,78,955,286.34354,6.389760612873063,301.3024,286.436173,6.498157583094069
2023-02-16,299.0135,302.9921,297.8052,297.9329,78,955,286.2938245,6.361384854810702,303.7977,286.34354,6.389760612873063
2023-02-17,295.7619,296.6067,292.8442,295.8405,78,955,286.2079935,6.270478793752797,297.9329,286.2938245,6.361384854810702
2023-02-21,292.0289,293.4631,288.7085,288.8362,78,955,286.08493000000004,6.332016022770454,295.8405,286.2079935,6.270478793752797
2023-02-22,289.4256,291.1348,287.4019,289.0228,78,955,285.9095765,6.146364878286849,288.8362,286.08493000000004,6.332016022770454
2023-02-23,292.7067,292.8737,287.3921,291.5966,78,955,285.827442,6.098881672694928,289.0228,285.9095765,6.146364878286849
2023-02-24,286.616,287.8047,284.9362,286.675,78,955,285.740308,6.138990124645293,291.5966,285.827442,6.098881672694928
2023-02-27,289.8775,291.2626,288.1682,288.7576,78,955,285.7235915,6.028176544313487,286.675,285.740308,6.138990124645293
2023-02-28,288.1289,290.9031,287.7949,288.3155,78,955,285.6868255,5.819606791148239,288.7576,285.7235915,6.028176544313487
2023-03-01,288.0699,288.7478,285.0835,286.0168,78,955,285.682746,5.66565630606622,288.3155,285.6868255,5.819606791148239
2023-03-02,283.5707,289.2389,283.2858,288.5218,78,955,285.694042,5.686187998490062,286.0168,285.682746,5.66565630606622
2023-03-03,290.182,294.6321,289.6712,294.416,78,955,285.682471,5.7164817128836285,288.5218,285.694042,5.686187998490062
2023-03-06,295.6342,298.6402,294.5339,294.7402,78,955,285.688984,5.609890161963369,294.416,285.682471,5.7164817128836285
2023-03-07,294.7795,295.7029,290.5062,291.1054,78,955,285.6394825,5.580376578965987,294.7402,285.688984,5.609890161963369
2023-03-08,291.5082,293.1684,289.681,292.6281,78,955,285.6720965,5.430878251896991,291.1054,285.6394825,5.580376578965987
2023-03-09,293.08,295.6735,286.6847,287.3331,78,955,285.6855575,5.6850155196186325,292.6281,285.6720965,5.430878251896991
2023-03-10,287.6671,289.1604,282.3132,283.4135,78,955,285.68462999999997,5.768028696788729,287.3331,285.6855575,5.6850155196186325
2023-03-13,281.6747,289.2782,280.1618,285.5944,78,955,285.6705265,6.0071980755895344,283.4135,285.68462999999997,5.768028696788729
2023-03-14,289.1211,292.6772,288.2762,292.1468,78,955,285.719605,6.0840267844759985,285.5944,285.6705265,6.0071980755895344
2023-03-15,289.514,293.9936,288.0699,293.6596,78,955,285.75604949999996,6.072574871299142,292.1468,285.719605,6.0840267844759985
2023-03-16,292.6969,301.7641,291.9503,301.3914,78,955,285.7920835,6.3398052376349145,293.6596,285.75604949999996,6.072574871299142
2023-03-17,301.3123,303.6994,298.0213,299.9468,78,955,285.7721335,6.292540577803851,301.3914,285.7920835,6.3398052376349145
2023-03-20,299.3569,301.3641,297.1432,300.9804,78,955,285.761883,6.144566250817864,299.9468,285.7721335,6.292540577803851
2023-03-21,302.9776,305.7916,301.4575,305.3193,78,955,285.78477749999996,6.049325804330877,300.9804,285.761883,6.144566250817864
2023-03-22,305.2701,310.1698,301.0197,301.0591,78,955,285.744894,6.270809675450101,305.3193,285.78477749999996,6.049325804330877
2023-03-23,304.9257,309.0876,302.0626,304.788,78,955,285.7645425,6.396358984346524,301.0591,285.744894,6.270809675450101
2023-03-24,304.3354,305.9785,302.0036,305.9391,78,955,285.78429500000004,6.223397628321771,304.788,285.7645425,6.396358984346524
2023-03-27,306.5787,307.6609,302.9284,303.7303,78,955,285.77973449999996,6.116904940584503,305.9391,285.78429500000004,6.223397628321771
2023-03-28,303.2039,303.2334,299.8627,302.161,78,955,285.77838499999996,5.956240301971323,303.7303,285.77973449999996,6.116904940584503
2023-03-29,305.8703,308.3005,305.0536,307.7692,78,955,285.846603,5.969330280401943,302.161,285.77838499999996,5.956240301971323
2023-03-30,310.1403,311.2226,308.8711,310.5929,78,955,285.9808845,5.789620974658946,307.7692,285.846603,5.969330280401943
2023-03-31,310.8192,315.9944,310.5142,315.719,78,955,286.20561699999996,5.767519476469019,310.5929,285.9808845,5.789620974658946
2023-04-03,313.6331,315.2565,312.305,315.0007,78,955,286.423711,5.599410942435517,315.719,286.20561699999996,5.767519476469019
2023-04-04,315.4336,316.447,312.7034,313.9873,78,955,286.6034925,5.466853017975838,315.0007,286.423711,5.599410942435517
2023-04-05,312.9739,313.1805,309.0089,310.7602,78,955,286.8223515,5.431963516691852,313.9873,286.6034925,5.466853017975838
2023-04-06,309.1761,313.4167,307.779,312.9739,78,955,287.037192,5.446658979785291,310.7602,286.8223515,5.431963516691852
2023-04-10,309.9829,312.7968,308.2021,312.7968,78,955,287.21670900000004,5.398454766943488,312.9739,287.037192,5.446658979785291
2023-04-11,312.7083,312.7673,310.2289,310.7405,78,955,287.388554,5.196272283590383,312.7968,287.21670900000004,5.398454766943488
2023-04-12,312.6984,313.2888,307.5281,307.9955,78,955,287.5257975,5.236588549048212,310.7405,287.388554,5.196272283590383
2023-04-13,309.7468,314.4989,309.5697,314.1251,78,955,287.64401,5.327075081259054,307.9955,287.5257975,5.236588549048212
2023-04-14,312.4721,315.1975,310.524,313.4363,78,955,287.77113699999995,5.280391146883407,314.1251,287.64401,5.327075081259054
2023-04-17,313.0231,314.0561,310.9471,313.6479,78,955,287.9436835,5.12529177924888,313.4363,287.77113699999995,5.280391146883407
2023-04-18,315.8173,316.2404,312.5213,313.702,78,955,288.114531,5.024849509302534,313.6479,287.9436835,5.12529177924888
2023-04-19,311.3111,314.6367,311.1832,313.6036,78,955,288.302759,4.912610258638069,313.702,288.114531,5.024849509302534
2023-04-20,310.6027,314.1251,309.8944,311.2128,78,955,288.46972750000003,4.8639023830210615,313.6036,288.302759,4.912610258638069
2023-04-21,310.8192,312.2852,309.0384,311.4981,78,955,288.61404600000003,4.748395069948125,311.2128,288.46972750000003,4.8639023830210615
2023-04-24,311.2718,312.6188,308.6842,310.8487,78,955,288.7466,4.690266850666119,311.4981,288.61404600000003,4.748395069948125
2023-04-25,309.2253,309.8944,304.8962,304.9454,78,955,288.8191605,4.7804263613328235,310.8487,288.7466,4.690266850666119
2023-04-26,308.389,309.8599,306.3228,306.7656,78,955,288.89865549999996,4.790003049809049,304.9454,288.8191605,4.7804263613328235
2023-04-27,310.6126,315.6894,309.9731,315.2368,78,955,289.0520175,5.0852742605369725,306.7656,288.89865549999996,4.790003049809049
2023-04-28,314.9515,317.4506,313.8201,317.4211,78,955,289.230038,4.981361813355759,315.2368,289.0520175,5.0852742605369725
2023-05-01,316.8996,318.4148,315.9157,316.9783,78,955,289.40865099999996,4.804057398116062,317.4211,289.230038,4.981361813355759
2023-05-02,316.9291,317.2538,312.4918,314.2136,78,955,289.568123,4.801053298250629,316.9783,289.40865099999996,4.804057398116062
2023-05-03,314.5973,317.2735,312.0687,312.236,78,955,289.692104,4.829892348375586,314.2136,289.568123,4.801053298250629
2023-05-04,311.9507,313.1018,310.037,311.134,78,955,289.822835,4.70381432349162,312.236,289.692104,4.829892348375586
2023-05-05,313.3281,318.5427,312.9739,317.7064,78,955,289.9430015,4.897020443242219,311.134,289.822835,4.70381432349162
2023-05-08,317.2243,318.8182,316.1371,318.523,78,955,290.04366699999997,4.738740411582062,317.7064,289.9430015,4.897020443242219
2023-05-09,316.8111,317.6769,316.142,316.4077,78,955,290.11204299999997,4.570330382183346,318.523,290.04366699999997,4.738740411582062
2023-05-10,318.8871,320.7564,316.4175,319.9103,78,955,290.224667,4.554499640598822,316.4077,290.11204299999997,4.570330382183346
2023-05-11,320.4514,321.4845,318.8969,320.9335,78,955,290.350482,4.4140068091274784,319.9103,290.224667,4.554499640598822
2023-05-12,321.4353,321.8978,317.7359,319.7922,78,955,290.500181,4.395999179904087,320.9335,290.350482,4.4140068091274784
2023-05-15,320.2645,321.76,318.7395,321.5927,78,955,290.5978795,4.297749238482365,319.7922,290.500181,4.395999179904087
2023-05-16,320.8056,323.6023,320.7663,321.8682,78,955,290.682086,4.193338578590769,321.5927,290.5978795,4.297749238482365
2023-05-17,322.9505,326.3646,321.7698,325.8333,78,955,290.758103,4.222014394405716,321.8682,290.682086,4.193338578590769
2023-05-18,326.1777,332.0514,326.158,331.7956,78,955,290.864965,4.36459193766245,325.8333,290.758103,4.222014394405716
2023-05-19,332.0514,332.7549,330.0246,331.038,78,955,290.9726675,4.247856799257989,331.7956,290.864965,4.36459193766245
2023-05-22,330.8314,333.2124,330.8216,332.2187,78,955,291.044275,4.115209885025276,331.038,290.9726675,4.247856799257989
2023-05-23,330.4772,332.1301,327.6338,327.9486,78,955,291.0871715,4.148759178952043,332.2187,291.044275,4.115209885025276
2023-05-24,326.0301,327.5403,324.2492,326.3056,78,955,291.134285,4.1166620947411845,327.9486,291.0871715,4.148759178952043
2023-05-25,333.6749,335.5147,326.2625,334.2554,78,955,291.2265635,4.483486230831101,326.3056,291.134285,4.1166620947411845
2023-05-26,335.2688,343.617,335.1704,342.7856,78,955,291.37951300000003,4.83192292862888,334.2554,291.2265635,4.483486230831101
2023-05-30,347.0262,348.2265,342.9135,344.3205,78,955,291.4964155,4.875421290869674,342.7856,291.37951300000003,4.83192292862888
2023-05-31,342.7561,344.9502,340.9261,342.0674,78,955,291.611112,4.814612627236125,344.3205,291.4964155,4.875421290869674
2023-06-01,342.1264,347.6657,341.0737,346.3768,78,955,291.715549,4.941568868147834,342.0674,291.611112,4.814612627236125
2023-06-02,348.0986,350.0959,346.3375,348.9251,78,955,291.820123,4.857056806137274,346.3768,291.715549,4.941568868147834
2023-06-05,348.7185,351.7341,348.1478,349.1809,78,955,291.929866,4.766288462841755,348.9251,291.820123,4.857056806137274
2023-06-06,348.5709,350.0861,347.2426,349.1415,78,955,292.058269,4.62894642978163,349.1809,291.929866,4.766288462841755
2023-06-07,349.4072,351.3651,342.5692,343.1792,78,955,292.152725,4.9265859705115105,349.1415,292.058269,4.62894642978163
2023-06-08,343.494,347.9215,343.2677,347.3755,78,955,292.2999195,4.913422686903545,343.1792,292.152725,4.9265859705115105
2023-06-09,348.9152,351.8964,347.341,348.7775,78,955,292.4954825,4.887849637839008,347.3755,292.2999195,4.913422686903545
2023-06-12,350.4501,354.7792,349.4761,354.7202,78,955,292.7225805,4.9674103779933665,348.7775,292.4954825,4.887849637839008
2023-06-13,357.4357,358.2425,354.2282,357.4062,78,955,292.958579,4.899331065279554,354.7202,292.7225805,4.9674103779933665
2023-06-14,357.416,360.289,354.6119,360.0036,78,955,293.18043550000004,4.954885989188157,357.4062,292.958579,4.899331065279554
2023-06-15,358.7344,365.779,358.1146,364.2934,78,955,293.4882895,5.148422704246146,360.0036,293.18043550000004,4.954885989188157
2023-06-16,366.7137,366.8416,361.5582,361.9517,78,955,293.799255,5.158063939657137,364.2934,293.4882895,5.148422704246146
2023-06-20,360.5474,362.8824,358.5177,361.5178,78,955,294.1248405,5.101395086824487,361.9517,293.799255,5.158063939657137
2023-06-21,360.3405,360.774,355.631,356.6754,78,955,294.434781,5.157495437765599,361.5178,294.1248405,5.101395086824487
2023-06-22,355.3059,360.9218,354.902,360.7937,78,955,294.764476,5.219088620782344,356.6754,294.434781,5.157495437765599
2023-06-23,356.8626,359.4932,355.4958,357.1976,78,955,295.096968,5.224718005012178,360.7937,294.764476,5.219088620782344
2023-06-26,356.6557,359.4538,352.3108,352.4487,78,955,295.416301,5.361738147511311,357.1976,295.096968,5.224718005012178
2023-06-27,353.9463,359.1877,353.2172,358.4882,78,955,295.7368315,5.4601139941176475,352.4487,295.416301,5.361738147511311
2023-06-28,356.636,361.109,356.5609,359.1976,78,955,296.0532285,5.394970137394957,358.4882,295.7368315,5.4601139941176475
2023-06-29,358.8626,359.503,356.7936,358.4784,78,955,296.333878,5.203143699009599,359.1976,296.0532285,5.394970137394957
2023-06-30,362.1237,365.0203,361.8085,363.9661,78,955,296.6236505,5.298769149080343,358.4784,296.333878,5.203143699009599
2023-07-03,364.6065,365.4538,363.5228,364.6657,78,955,297.0013115,5.058214209860317,363.9661,296.6236505,5.298769149080343
2023-07-05,363.2518,366.5179,363.2174,364.8134,78,955,297.36764800000003,4.932663194870295,364.6657,297.0013115,5.058214209860317
2023-07-06,361.0991,362.4784,359.1385,362.0499,78,955,297.7450315,4.9856801095224155,364.8134,297.36764800000003,4.932663194870295
2023-07-07,361.8085,365.0105,360.6065,360.8429,78,955,298.1252425,4.944131530270814,362.0499,297.7450315,4.9856801095224155
2023-07-10,360.5572,361.6311,358.0449,361.0498,78,955,298.494678,4.847136420965757,360.8429,298.1252425,4.944131530270814
2023-07-11,361.375,363.1898,359.237,362.7297,78,955,298.88439999999997,4.78325524803963,361.0498,298.494678,4.847136420965757
2023-07-12,366.843,368.6657,364.8331,367.3948,78,955,299.323441,4.865594158893945,362.7297,298.88439999999997,4.78325524803963
2023-07-13,370.4983,374.3801,369.917,373.5623,78,955,299.8099415,5.017001718972952,367.3948,299.323441,4.865594158893945
2023-07-14,373.9811,377.2077,372.5968,373.5032,78,955,300.31849,4.9879944533320275,373.5623,299.8099415,5.017001718972952
2023-07-17,374.1929,377.8383,373.7101,376.9516,78,955,300.85098849999997,4.941359135236883,373.5032,300.31849,4.9879944533320275
2023-07-18,376.321,381.4147,374.3899,380.0649,78,955,301.39722850000004,5.0901763398628175,376.9516,300.85098849999997,4.941359135236883
2023-07-19,381.1093,382.2521,378.6265,379.7004,78,955,301.9153075,4.985563744158329,380.0649,301.39722850000004,5.0901763398628175
2023-07-20,376.9614,378.4245,370.1731,371.119,78,955,302.4291,5.30997347671845,379.7004,301.9153075,4.985563744158329
2023-07-21,373.5821,374.3111,369.6519,370.0303,78,955,302.96142,5.263489656952847,371.119,302.4291,5.30997347671845
2023-07-24,371.0598,372.0057,368.8135,370.6855,78,955,303.4656465,5.11554039574193,370.0303,302.96142,5.263489656952847
2023-07-25,371.385,374.853,371.3653,373.2077,78,955,303.93991750000004,5.047823224617508,370.6855,303.4656465,5.11554039574193
2023-07-26,372.1436,373.6412,369.6411,371.9761,78,955,304.4089675,4.972985851430545,373.2077,303.93991750000004,5.047823224617508
2023-07-27,377.4146,379.0304,369.7692,370.981,78,955,304.8837945,5.279286862042647,371.9761,304.4089675,4.972985851430545
2023-07-28,375.119,378.8432,374.6067,377.8186,78,955,305.4459805,5.463780657611032,370.981,304.8837945,5.279286862042647
2023-07-31,378.124,379.1979,376.6954,378.1831,78,955,306.0240465,5.252260610638816,377.8186,305.4459805,5.463780657611032
2023-08-01,376.6658,377.8974,375.0698,377.1486,78,955,306.613118,5.099477709878903,378.1831,306.0240465,5.252260610638816
2023-08-02,373.6609,373.6609,367.6214,368.8628,78,955,307.1615495,5.415743587744695,377.1486,306.613118,5.099477709878903
2023-08-03,366.4489,370.3997,366.2814,368.2618,78,955,307.6772835,5.323069045762929,368.8628,307.1615495,5.415743587744695
2023-08-04,370.2027,372.518,366.045,366.5179,78,955,308.22429950000003,5.4052069710655735,368.2618,307.6772835,5.323069045762929
2023-08-07,368.3603,369.7495,366.0253,369.6608,78,955,308.7433785,5.28513504456089,366.5179,308.22429950000003,5.4052069710655735
2023-08-08,367.1386,367.1583,363.375,366.4489,78,955,309.235596,5.35661111280654,369.6608,308.7433785,5.28513504456089
2023-08-09,366.7938,366.9514,361.7198,362.439,78,955,309.7131405,5.34768174760607,366.4489,309.235596,5.35661111280654
2023-08-10,365.4933,368.8332,361.6164,363.1188,78,955,310.2018275,5.4811901942056345,362.439,309.7131405,5.34768174760607
2023-08-11,360.5868,362.5671,359.306,360.8035,78,955,310.6471245,5.362019466048092,363.1188,310.2018275,5.4811901942056345
2023-08-14,360.035,365.0006,359.3158,364.9908,78,955,311.0982155,5.3850752184732285,360.8035,310.6471245,5.362019466048092
2023-08-15,363.907,364.7041,360.3405,361.0104,78,955,311.501191,5.332591274296567,364.9908,311.0982155,5.3850752184732285
2023-08-16,360.4686,362.0055,357.0892,357.1286,78,955,311.9160785,5.302856183275382,361.0104,311.501191,5.332591274296567
2023-08-17,358.5867,358.9316,352.8724,353.296,78,955,312.3368595,5.356880741612853,357.1286,311.9160785,5.302856183275382
2023-08-18,350.0152,354.1039,349.4733,352.8527,78,955,312.7140905,5.305003545783365,353.296,312.3368595,5.356880741612853
2023-08-21,354.3108,359.2074,353.8478,358.5867,78,955,313.13621900000004,5.379981863941695,352.8527,312.7140905,5.305003545783365
2023-08-22,361.1385,361.1484,357.3256,358.0055,78,955,313.56964650000003,5.268754587945858,358.5867,313.13621900000004,5.379981863941695
2023-08-23,359.1976,364.7543,358.9808,363.7198,78,955,314.0779115,5.374472117378298,358.0055,313.56964650000003,5.268754587945858
2023-08-24,367.1386,367.2371,355.6803,355.7591,78,955,314.571824,5.816066966136992,363.7198,314.0779115,5.374472117378298
2023-08-25,356.7247,360.3405,353.2862,358.6951,78,955,315.059799,5.9045121828414935,355.7591,314.571824,5.816066966136992
2023-08-28,361.572,362.2814,358.8725,361.4341,78,955,315.547165,5.738925598352815,358.6951,315.059799,5.9045121828414935
2023-08-29,361.1484,369.5918,360.8242,369.1977,78,955,316.06368200000003,5.955259484184754,361.4341,315.547165,5.738925598352815
2023-08-30,369.3455,371.8743,368.3406,371.3653,78,955,316.6219625,5.78229094960013,369.1977,316.06368200000003,5.955259484184754
2023-08-31,371.3751,374.1131,371.3062,372.3111,78,955,317.0893335,5.569763024628691,371.3653,316.6219625,5.78229094960013
2023-09-01,374.784,375.2077,370.5279,372.0943,78,955,317.5294295,5.5061942371552135,372.3111,317.0893335,5.569763024628691
2023-09-05,371.2076,373.7094,370.2815,372.4786,78,955,317.984222,5.357744648786985,372.0943,317.5294295,5.5061942371552135
2023-09-06,371.7101,372.0549,367.1977,369.2716,78,955,318.4030525,5.352255745302198,372.4786,317.984222,5.357744648786985
2023-09-07,364.7445,367.3455,363.7001,366.5376,78,955,318.8280415,5.367916049209181,369.2716,318.4030525,5.352255745302198
2023-09-08,366.5179,369.316,366.114,367.0499,78,955,319.2584525,5.213207759979953,366.5376,318.8280415,5.367916049209181
2023-09-11,370.114,371.917,368.1435,371.3948,78,955,319.71078550000004,5.188485777124242,367.0499,319.2584525,5.213207759979953
2023-09-12,369.7298,371.3866,367.0007,367.3061,78,955,320.15722550000004,5.13174393590108,371.3948,319.71078550000004,5.188485777124242
2023-09-13,367.5228,370.2914,366.3898,368.715,78,955,320.5905365,5.043876511908148,367.3061,320.15722550000004,5.13174393590108
2023-09-14,370.4391,372.6855,368.3701,371.7101,78,955,321.02432200000004,4.991842475343281,368.715,320.5905365,5.043876511908148
2023-09-15,370.3603,370.7643,364.3996,365.1878,78,955,321.4562245,5.157460869961618,371.7101,321.02432200000004,4.991842475343281
2023-09-18,364.3966,366.8337,364.1105,365.7187,78,955,321.90109,4.9835850935357895,365.1878,321.4562245,5.157460869961618
2023-09-19,364.3966,365.741,361.9102,364.9393,78,955,322.2785295,4.9012433011403775,365.7187,321.90109,4.9835850935357895
2023-09-20,366.0049,366.3601,359.6014,359.6803,78,955,322.6281945,5.033918779630349,364.9393,322.2785295,4.9012433011403775
2023-09-21,355.9902,356.7795,352.9216,352.9858,78,955,322.949862,5.1571174382281795,359.6803,322.6281945,5.033918779630349
2023-09-22,354.8358,356.9768,352.823,353.1683,78,955,323.2975475,5.08545190692617,352.9858,322.949862,5.1571174382281795
2023-09-25,352.1718,354.9048,351.1851,354.8555,78,955,323.68230150000005,4.98789819928859,353.1683,323.2975475,5.08545190692617
2023-09-26,352.231,352.7736,348.5015,349.493,78,955,324.046532,5.085476899339404,354.8555,323.68230150000005,4.98789819928859
2023-09-27,350.6424,352.2211,346.676,350.3958,78,955,324.3982595,5.118307120815159,349.493,324.046532,5.085476899339404
2023-09-28,349.3894,355.3686,348.531,353.2768,78,955,324.7732705,5.241113755042648,350.3958,324.3982595,5.118307120815159
2023-09-29,356.7203,358.1115,352.2606,353.563,78,955,325.132301,5.2846699153967425,353.2768,324.7732705,5.241113755042648
2023-10-02,353.7603,357.8451,353.1486,356.4835,78,955,325.490644,5.242657778582691,353.563,325.132301,5.2846699153967425
2023-10-03,353.9971,356.1974,348.5655,350.1688,78,955,325.828758,5.433753651541071,356.4835,325.490644,5.242657778582691
2023-10-04,351.0272,355.8027,350.5635,354.964,78,955,326.2377055,5.448049819288141,350.1688,325.828758,5.433753651541071
2023-10-05,354.9443,355.3488,350.4056,353.8886,78,955,326.6545935,5.411989117910416,354.964,326.2377055,5.448049819288141
2023-10-06,350.9088,361.0321,350.1195,359.8283,78,955,327.1195495,5.804889895202528,353.8886,326.6545935,5.411989117910416
2023-10-09,357.4702,362.2161,355.9704,361.6734,78,955,327.59506600000003,5.8363763312594905,359.8283,327.1195495,5.804889895202528
2023-10-10,362.0089,366.3305,361.5057,363.627,78,955,328.0609195,5.7641208790266685,361.6734,327.59506600000003,5.8363763312594905
2023-10-11,365.0083,366.4607,363.2817,366.2515,78,955,328.572973,5.579469387667619,363.627,328.0609195,5.7641208790266685
2023-10-12,366.7745,368.7577,362.6009,364.9195,78,955,329.0752025,5.620707288548502,366.2515,328.572973,5.579469387667619
2023-10-13,365.6299,366.2121,359.0094,360.3808,78,955,329.5740705,5.733706767937894,364.9195,329.0752025,5.620707288548502
2023-10-16,361.7326,365.5411,361.5846,364.5545,78,955,330.11121149999997,5.692749141656613,360.3808,329.5740705,5.733706767937894
2023-10-17,360.9334,364.9886,358.812,363.3507,78,955,330.61024449999996,5.72730991725257,364.5545,330.11121149999997,5.692749141656613
2023-10-18,360.7953,363.0054,357.1939,358.2496,78,955,331.0847115,5.75798778030596,363.3507,330.61024449999996,5.72730991725257
2023-10-19,359.9467,361.1406,354.372,355.1416,78,955,331.561433,5.830174367426962,358.2496,331.0847115,5.75798778030596
2023-10-20,354.668,355.2403,349.6459,349.8926,78,955,332.005524,5.8133333411821795,355.1416,331.561433,5.830174367426962
2023-10-23,348.5507,354.4707,346.4391,350.9286,78,955,332.475228,5.971780959669169,349.8926,332.005524,5.8133333411821795
2023-10-24,352.744,355.112,351.047,354.4016,78,955,332.9271285,5.844039462549943,350.9286,332.475228,5.971780959669169
2023-10-25,351.9448,352.1224,345.0875,345.6301,78,955,333.3264285,6.091900929510661,354.4016,332.9271285,5.844039462549943
2023-10-26,344.4659,345.4032,337.7861,339.0589,78,955,333.681133,6.217050863117047,345.6301,333.3264285,6.091900929510661
2023-10-27,341.8117,344.1896,339.4931,340.8152,78,955,334.02177900000004,6.1394543728944,339.0589,333.681133,6.217050863117047
2023-10-30,343.1931,345.8669,341.8315,344.4955,78,955,334.373704,6.061757631973371,340.8152,334.02177900000004,6.1394543728944
2023-10-31,344.5744,346.5675,341.9992,346.2418,78,955,334.724979,5.955082086832418,344.4955,334.373704,6.061757631973371
2023-11-01,347.0312,352.7636,346.9326,352.3296,78,955,335.104188,5.995561937772958,346.2418,334.724979,5.955082086832418
2023-11-02,356.7203,358.8318,355.4968,358.595,78,955,335.532333,6.031750370789173,352.3296,335.104188,5.995561937772958
2023-11-03,359.8875,364.1006,359.6606,362.8278,78,955,335.9952725,5.994168201447087,358.595,335.532333,6.031750370789173
2023-11-06,363.5777,364.8505,362.0187,364.2979,78,955,336.42779049999996,5.76828475848658,362.8278,335.9952725,5.994168201447087
2023-11-07,365.3339,368.5998,364.1253,367.7019,78,955,336.8467765,5.675871561451826,364.2979,336.42779049999996,5.76828475848658
2023-11-08,368.1065,368.807,365.6793,367.9979,78,955,337.2701405,5.493859307062411,367.7019,336.8467765,5.675871561451826
2023-11-09,368.659,369.8035,364.6433,365.1514,78,955,337.68275950000003,5.470026499415094,367.9979,337.2701405,5.493859307062411
2023-11-10,366.8633,373.4937,366.3305,373.3259,78,955,338.10835149999997,5.675188892314014,365.1514,337.68275950000003,5.470026499415094
2023-11-13,371.767,373.2371,370.2377,372.2307,78,955,338.51461650000005,5.49040397143444,373.3259,338.10835149999997,5.675188892314014
2023-11-14,378.5948,381.1108,378.0718,380.1537,78,955,338.99026200000003,5.732525116331978,372.2307,338.51461650000005,5.49040397143444
2023-11-15,382.0876,382.5809,379.1128,380.4694,78,955,339.44523549999997,5.570780465165408,380.1537,338.99026200000003,5.732525116331978
2023-11-16,379.7097,381.0417,378.4468,380.8148,78,955,339.870451,5.358217574796449,380.4694,339.44523549999997,5.570780465165408
2023-11-17,380.0748,381.91,379.167,380.9134,78,955,340.243701,5.17141631945385,380.8148,339.870451,5.358217574796449
2023-11-20,380.9036,386.1921,380.9036,385.531,78,955,340.66744700000004,5.179779439492861,380.9134,340.243701,5.17141631945385
2023-11-21,383.8241,384.0412,381.5449,383.2518,78,955,341.0924695,5.094516622386229,385.531,340.66744700000004,5.179779439492861
2023-11-22,385.3633,387.83,383.8537,384.8404,78,955,341.494294,5.057636863644355,383.2518,341.0924695,5.094516622386229
2023-11-24,384.4556,406.8076,383.3209,384.0609,78,955,341.919531,6.373998516241185,384.8404,341.494294,5.057636863644355
2023-11-27,383.8241,385.9355,383.1038,383.9524,78,955,342.357684,6.12097719365253,384.0609,341.919531,6.373998516241185
2023-11-28,383.2321,385.5705,382.8769,385.013,78,955,342.81047249999995,5.876164536963064,383.9524,342.357684,6.12097719365253
2023-11-29,387.455,388.8857,384.2681,384.5542,78,955,343.237169,5.78626707003713,385.013,342.81047249999995,5.876164536963064
2023-11-30,384.8798,385.3436,380.6766,383.6465,78,955,343.6488895,5.706319422177334,384.5542,343.237169,5.78626707003713
2023-12-01,382.5809,385.3337,380.9259,384.7713,78,955,344.0537575,5.613568034878953,383.6465,343.6488895,5.706319422177334
2023-12-04,380.943,381.4413,377.5588,381.1206,78,955,344.46969599999994,5.727777460959026,384.7713,344.0537575,5.613568034878953
2023-12-05,379.2657,383.3209,379.0881,382.132,78,955,344.9011535,5.62099335660481,381.1206,344.46969599999994,5.727777460959026
2023-12-06,385.0673,385.166,379.5716,379.8824,78,955,345.3563845,5.619093831133038,382.132,344.9011535,5.62099335660481
2023-12-07,382.8966,386.054,381.8014,385.3633,78,955,345.83808700000003,5.658558557480675,379.8824,345.3563845,5.619093831133038
2023-12-08,383.4886,387.386,383.3013,386.9222,78,955,346.314715,5.5461400890891985,385.3633,345.83808700000003,5.658558557480675
2023-12-11,386.5177,390.5137,386.3105,390.2572,78,955,346.832626,5.450215797011397,386.9222,346.314715,5.5461400890891985
2023-12-12,390.2868,393.4737,389.1521,393.4343,78,955,347.3560095,5.369600382939154,390.2572,346.832626,5.450215797011397
2023-12-13,394.2927,398.9695,393.523,398.3775,78,955,347.90631950000005,5.381428927014928,393.4343,347.3560095,5.369600382939154
2023-12-14,399.5812,400.8836,395.0031,397.9927,78,955,348.4661990000001,5.4170768607995745,398.3775,347.90631950000005,5.381428927014928
2023-12-15,398.7919,401.1203,398.19,399.5417,78,955,349.02129850000006,5.253542799313889,397.9927,348.4661990000001,5.4170768607995745
2023-12-18,400.3251,403.3504,399.9989,402.4804,78,955,349.56162050000006,5.150339742220039,399.5417,349.02129850000006,5.253542799313889
2023-12-19,402.9055,404.6257,402.7127,404.4972,78,955,350.11040550000007,4.93569404634718,402.4804,349.56162050000006,5.150339742220039
2023-12-20,403.7063,405.802,398.3182,398.3874,78,955,350.6468155,5.117701614465241,404.4972,350.11040550000007,4.93569404634718
2023-12-21,402.4309,403.4986,399.8704,403.1526,78,955,351.199438,5.117237213432009,398.3874,350.6468155,5.117701614465241
2023-12-22,404.3489,405.3078,401.8562,403.7952,78,955,351.78174850000005,4.998263126758293,403.1526,351.199438,5.117237213432009
2023-12-26,404.596,406.8798,404.4972,406.1927,78,955,352.39564450000006,4.861572903418413,403.7952,351.78174850000005,4.998263126758293
2023-12-27,406.4898,407.3182,405.6292,407.0338,78,955,353.0028415,4.634960553174238,406.1927,352.39564450000006,4.861572903418413
2023-12-28,408.1911,408.4384,406.4799,406.747,78,955,353.5758425,4.44378479937608,407.0338,353.0028415,4.634960553174238
2023-12-29,406.8162,407.1723,403.1564,405.016,78,955,354.1326245,4.413221599420646,406.747,353.5758425,4.44378479937608
2024-01-02,401.4353,401.6825,395.896,398.2007,78,955,354.616671,4.749420056604885,405.016,354.1326245,4.413221599420646
2024-01-03,395.5894,396.6478,393.5715,394.0117,78,955,355.08699550000006,4.740832909704534,398.2007,354.616671,4.749420056604885
2024-01-04,392.1373,395.2531,391.7614,391.9394,78,955,355.5417905,4.651609130439927,394.0117,355.08699550000006,4.740832909704534
2024-01-05,392.1472,395.2234,391.0492,392.4637,78,955,355.9775125,4.617508478265649,391.9394,355.5417905,4.651609130439927
2024-01-08,393.6704,400.8418,393.522,400.6143,78,955,356.47528850000003,4.886122158389529,392.4637,355.9775125,4.617508478265649
2024-01-09,397.5479,402.276,397.3501,401.3858,78,955,356.95827750000007,4.888963432790278,400.6143,356.47528850000003,4.886122158389529
2024-01-10,401.6628,405.0704,400.7725,404.0961,78,955,357.4490625,4.846744616162403,401.3858,356.95827750000007,4.888963432790278
2024-01-11,405.3424,406.7375,399.8546,404.8973,78,955,357.9548975,4.992184286436518,404.0961,357.4490625,4.846744616162403
2024-01-12,405.9458,406.7865,403.7202,405.1149,78,955,358.46966699999996,4.8546211231196255,404.8973,357.9548975,4.992184286436518
2024-01-16,403.8784,406.6579,402.4145,405.0852,78,955,358.956247,4.810962471468224,405.1149,358.46966699999996,4.8546211231196255
2024-01-17,401.7617,403.1613,398.5469,402.7805,78,955,359.41718499999996,4.934343723506208,405.0852,358.956247,4.810962471468224
2024-01-18,406.0645,409.0863,404.7193,408.7055,78,955,359.88211750000005,5.032304886112906,402.7805,359.41718499999996,4.934343723506208
2024-01-19,410.7134,416.767,410.1249,416.6681,78,955,360.3904545,5.248675965676271,408.7055,359.88211750000005,5.032304886112906
2024-01-22,418.8146,420.1178,416.5494,417.1429,78,955,360.90623250000004,5.1286562538422515,416.6681,360.3904545,5.248675965676271
2024-01-23,417.8452,419.052,416.0054,418.8146,78,955,361.4465045,4.979937949996377,417.1429,360.90623250000004,5.1286562538422515
2024-01-24,422.8008,425.1847,420.7137,421.1687,78,955,361.9874785,5.079235239282354,418.8146,361.4465045,4.979937949996377
2024-01-25,423.7108,424.3835,419.3784,421.6831,78,955,362.53191,5.073939865047902,421.1687,361.9874785,5.079235239282354
2024-01-26,419.8334,421.5842,418.5574,419.1706,78,955,363.07406050000003,4.934779874687341,421.6831,362.53191,5.073939865047902
2024-01-29,419.6652,423.7009,419.0124,423.513,78,955,363.65164799999997,4.917188455066815,419.1706,363.07406050000003,4.934779874687341
2024-01-30,422.4645,423.0382,419.774,420.595,78,955,364.1839975,4.833032136847755,423.513,363.65164799999997,4.917188455066815
2024-01-31,416.2823,418.2803,412.2664,412.3653,78,955,364.67864249999997,5.082715555644348,420.595,364.1839975,4.833032136847755
2024-02-01,414.2447,417.7908,413.2753,417.499,78,955,365.197898,5.107200158812608,412.3653,364.67864249999997,5.082715555644348
2024-02-02,419.2003,425.5704,418.2013,424.4873,78,955,365.75182449999994,5.31892871889742,417.499,365.197898,5.107200158812608
2024-02-05,424.4131,424.9473,420.3873,423.7999,78,955,366.30280600000003,5.264719524690462,424.4873,365.75182449999994,5.31892871889742
2024-02-06,424.9473,425.5506,420.6049,423.0085,78,955,366.8617845,5.2419324157839995,423.7999,366.30280600000003,5.264719524690462
2024-02-07,425.7386,428.1323,424.4329,427.341,78,955,367.44099900000003,5.23349438608514,423.0085,366.8617845,5.2419324157839995
2024-02-08,427.4201,428.8544,426.7376,428.1026,78,955,368.0272685,5.010873358507632,427.341,367.44099900000003,5.23349438608514
2024-02-09,429.2303,433.0929,428.4391,432.3362,78,955,368.66422250000005,5.0094038328999435,428.1026,368.0272685,5.010873358507632
2024-02-12,432.1977,434.3738,429.9326,430.5854,78,955,369.2833215,4.968817844835664,432.3362,368.66422250000005,5.0094038328999435
2024-02-13,422.6426,426.5892,420.7142,423.8691,78,955,369.826483,5.318987998775973,430.5854,369.2833215,4.968817844835664
2024-02-14,426.5794,428.9434,424.2251,428.5379,78,955,370.38206699999995,5.301510284577689,423.8691,369.826483,5.318987998775973
2024-02-15,429.2105,430.259,426.6486,429.8139,78,955,370.946245,5.180716692822141,428.5379,370.38206699999995,5.301510284577689
2024-02-16,430.17,430.2689,425.1847,425.9166,78,955,371.50476000000003,5.173822643334843,429.8139,370.946245,5.180716692822141
2024-02-20,423.8988,425.4122,418.9036,422.692,78,955,372.05704,5.305192454525214,425.9166,371.50476000000003,5.173822643334843
2024-02-21,419.9422,421.0797,417.0539,420.9907,78,955,372.6063235,5.328971564916271,422.692,372.05704,5.305192454525214
2024-02-22,429.7743,434.354,429.0028,433.3847,78,955,373.184715,5.9028521674222505,420.9907,372.6063235,5.328971564916271
2024-02-23,434.8783,435.8081,431.0602,432.0098,78,955,373.752149,5.820355584034949,433.3847,373.184715,5.9028521674222505
2024-02-26,432.8505,433.8397,431.6191,431.8911,78,955,374.32956600000006,5.563230185175309,432.0098,373.752149,5.820355584034949
2024-02-27,432.9198,433.2363,430.3035,432.8703,78,955,374.894366,5.375342314805647,431.8911,374.32956600000006,5.563230185175309
2024-02-28,430.7041,431.9306,429.5864,430.5557,78,955,375.442477,5.225953578033812,432.8703,374.894366,5.375342314805647
2024-02-29,433.4737,435.3135,430.2985,434.3244,78,955,376.015138,5.21088546531711,430.5557,375.442477,5.225953578033812
2024-03-01,435.1256,441.7331,435.0662,440.833,78,955,376.6113395,5.3678722177944564,434.3244,376.015138,5.21088546531711
2024-03-04,440.7736,441.1989,438.9536,439.0822,78,955,377.1974095,5.144831345094852,440.833,376.6113395,5.3678722177944564
2024-03-05,436.1543,436.1642,428.9434,431.3174,78,955,377.72483,5.501543391873792,439.0822,377.1974095,5.144831345094852
2024-03-06,435.541,437.1929,432.1483,434.0969,78,955,378.23633650000005,5.528254578168521,431.3174,377.72483,5.501543391873792
2024-03-07,437.6182,441.8716,436.0752,440.6747,78,955,378.78452000000004,5.688714965442197,434.0969,378.23633650000005,5.528254578168521
2024-03-08,440.9714,443.7707,433.5825,434.2354,78,955,379.2946035,6.010106753624897,440.6747,378.78452000000004,5.688714965442197
2024-03-11,432.7615,433.899,430.714,432.6033,78,955,379.817877,5.832341985508835,434.2354,379.2946035,6.010106753624897
2024-03-12,434.9574,439.2009,431.7229,438.8744,78,955,380.380721,5.949888986543918,432.6033,379.817877,5.832341985508835
2024-03-13,437.8457,437.8655,434.354,435.452,78,955,380.886704,5.847782630362209,438.8744,380.380721,5.949888986543918
2024-03-14,436.7082,437.2325,431.6537,434.4332,78,955,381.344942,5.828569585336337,435.452,380.886704,5.847782630362209
2024-03-15,431.3372,434.11,428.045,429.1709,78,955,381.76919399999997,5.86854318638374,434.4332,381.344942,5.828569585336337
2024-03-18,434.5371,436.8251,433.0614,433.2892,78,955,382.225303,5.996090101642046,429.1709,381.76919399999997,5.86854318638374
2024-03-19,431.2885,434.7847,429.1887,434.3886,78,955,382.665362,5.967512237239043,433.2892,382.225303,5.996090101642046
2024-03-20,435.5771,439.8657,433.8735,439.5686,78,955,383.11857950000007,5.969275648864828,434.3886,382.665362,5.967512237239043
2024-03-21,444.5901,445.0457,441.4108,441.5396,78,955,383.58037299999995,5.9341202453744835,439.5686,383.11857950000007,5.969275648864828
2024-03-22,441.0939,443.2134,440.2421,441.9357,78,955,384.04434399999997,5.722490227847733,441.5396,383.58037299999995,5.9341202453744835
2024-03-25,439.3111,441.9952,438.3107,440.4897,78,955,384.53089650000004,5.576919497287182,441.9357,384.04434399999997,5.722490227847733
2024-03-26,442.0348,442.9509,438.8555,439.0734,78,955,384.989386,5.471096676052382,440.4897,384.53089650000004,5.576919497287182
2024-03-27,442.1734,442.2725,437.7065,440.6828,78,955,385.4489125,5.40644691347721,439.0734,384.989386,5.471096676052382
2024-03-28,440.5293,441.3811,439.4101,439.7271,78,955,385.873947,5.161057848228838,440.6828,385.4489125,5.40644691347721
2024-04-01,440.7175,443.253,438.7861,440.7373,78,955,386.29060250000003,5.111475144783921,439.7271,385.873947,5.161057848228838
2024-04-02,435.8742,437.2113,433.8438,436.8548,78,955,386.6748585,5.238762634442215,440.7373,386.29060250000003,5.111475144783921
2024-04-03,434.7649,439.7568,434.755,437.8353,78,955,387.04256799999996,5.221836731982057,436.8548,386.6748585,5.238762634442215
2024-04-04,442.0645,442.6786,430.9517,431.0805,78,955,387.38821200000007,5.6864841082690525,437.8353,387.04256799999996,5.221836731982057
2024-04-05,432.6058,438.9347,431.7936,436.3001,78,955,387.76212350000003,5.841320957678409,431.0805,387.38821200000007,5.6864841082690525
2024-04-08,437.1915,438.2711,435.0026,436.4091,78,955,388.160792,5.657548032129952,436.3001,387.76212350000003,5.841320957678409
2024-04-09,438.7267,439.004,433.2595,438.0334,78,955,388.54699050000005,5.663758886977814,436.4091,388.160792,5.657548032129952
2024-04-10,432.8237,435.0423,432.1105,434.0815,78,955,388.93141,5.682268966479397,438.0334,388.54699050000005,5.663758886977814
2024-04-11,436.0525,442.0645,433.7745,441.2028,78,955,389.3751805,5.868535468873727,434.0815,388.93141,5.682268966479397
2024-04-12,436.8845,438.0136,432.7048,434.1013,78,955,389.753246,6.056354363954178,441.2028,389.3751805,5.868535468873727
2024-04-15,437.8353,437.9244,426.0986,426.8711,78,955,390.0916135,6.468457623671738,434.1013,389.753246,6.056354363954178
2024-04-16,426.782,429.6146,425.5934,426.9602,78,955,390.43402249999997,6.293653507695187,426.8711,390.0916135,6.468457623671738
2024-04-17,428.9609,428.9807,420.8393,421.7307,78,955,390.72284550000006,6.425635400002676,426.9602,390.43402249999997,6.293653507695187
2024-04-18,422.4141,424.1474,418.7891,419.314,78,955,390.99608700000005,6.349397157145342,421.7307,390.72284550000006,6.425635400002676
2024-04-19,418.1849,418.7098,409.1224,410.6774,78,955,391.22540699999996,6.623840217349246,419.314,390.99608700000005,6.349397157145342
2024-04-22,413.3218,417.1549,409.984,414.8471,78,955,391.489393,6.662915916110015,410.6774,391.22540699999996,6.623840217349246
2024-04-23,416.7488,422.2061,414.8684,421.077,78,955,391.7905635000001,6.712636207816441,414.8471,391.489393,6.662915916110015
2024-04-24,424.1078,425.6231,420.146,422.3547,78,955,392.097088,6.6243836215438385,421.077,391.7905635000001,6.712636207816441
2024-04-25,415.2334,421.2553,414.1439,420.3243,78,955,392.385061,6.737699077147851,422.3547,392.097088,6.6243836215438385
2024-04-26,423.5333,428.4162,422.84,426.9305,78,955,392.6827395,6.834427714494434,420.3243,392.385061,6.737699077147851
2024-04-29,428.9906,429.6146,425.8708,428.6044,78,955,392.95795,6.613668592030548,426.9305,392.6827395,6.834427714494434
2024-04-30,427.0296,428.4261,420.453,420.4728,78,955,393.192798,6.723506549742654,428.6044,392.95795,6.613668592030548
2024-05-01,419.106,426.0292,416.6398,417.4223,78,955,393.3951515,6.9139275104753235,420.4728,393.192798,6.723506549742654
2024-05-02,421.2355,423.7215,416.6101,422.8499,78,955,393.6090765,6.928032688298515,417.4223,393.3951515,6.9139275104753235
2024-05-03,430.2881,432.3086,428.4855,431.3182,78,955,393.8671655,7.108794639134337,422.8499,393.6090765,6.928032688298515
2024-05-06,433.1208,436.1317,432.3482,436.1169,78,955,394.19215500000007,6.9448450220533156,431.3182,393.8671655,7.108794639134337
2024-05-07,436.4883,437.7462,435.379,436.0822,78,955,394.5224145,6.617870377620934,436.1169,394.19215500000007,6.9448450220533156
2024-05-08,433.4873,437.2608,433.3684,435.8742,78,955,394.848358,6.423193922076583,436.0822,394.5224145,6.617870377620934
2024-05-09,436.1218,437.3797,434.2697,436.8151,78,955,395.16639499999997,6.186537213356828,435.8742,394.848358,6.423193922076583
2024-05-10,438.3107,440.0638,436.2892,437.8353,78,955,395.495691,6.014255983831342,436.8151,395.16639499999997,6.186537213356828
2024-05-13,439.7469,439.8459,437.4292,438.8654,78,955,395.835113,5.75728769927196,437.8353,395.495691,6.014255983831342
2024-05-14,438.4197,442.1982,438.2315,441.7079,78,955,396.1545595,5.629388577895392,438.8654,395.835113,5.75728769927196
2024-05-15,444.1444,448.8193,442.629,448.5123,78,955,396.5062055000001,5.73524653661715,441.7079,396.1545595,5.629388577895392
2024-05-16,448.3835,450.3446,447.4921,447.6407,78,955,396.858666,5.529336069715926,448.5123,396.5062055000001,5.73524653661715
2024-05-17,447.7893,448.3934,445.2437,447.4525,78,955,397.2516145,5.359362064736217,447.6407,396.858666,5.529336069715926
2024-05-20,447.6605,451.2261,447.4674,450.5724,78,955,397.6631675,5.246093345826487,447.4525,397.2516145,5.359362064736217
2024-05-21,448.7104,451.6322,448.5123,451.444,78,955,398.087798,5.094222392553168,450.5724,397.6631675,5.246093345826487
2024-05-22,451.7015,452.4542,448.75,451.3251,78,955,398.4961195000001,4.994935078799371,451.444,398.087798,5.094222392553168
2024-05-23,456.1486,456.1783,447.532,449.3046,78,955,398.910398,5.25574685888513,451.3251,398.4961195000001,4.994935078799371
2024-05-24,450.9389,454.8412,449.2327,453.6329,78,955,399.3663675,5.280943511821906,449.3046,398.910398,5.25574685888513
2024-05-28,454.7917,455.3463,452.3255,455.2869,78,955,399.8272079999999,5.119504689548914,453.6329,399.3663675,5.280943511821906
2024-05-29,451.1271,453.8607,450.9884,452.167,78,955,400.2840255,5.060861497438276,455.2869,399.8272079999999,5.119504689548914
2024-05-30,451.1469,451.2855,445.9074,447.2346,78,955,400.69524449999994,5.146485676192684,452.167,400.2840255,5.060861497438276
2024-05-31,447.4624,448.1557,438.8208,447.403,78,955,401.1272075,5.445658127893207,447.2346,400.69524449999994,5.146485676192684
2024-06-03,450.2257,451.2261,443.6195,448.8193,78,955,401.585661,5.600011118757975,447.403,401.1272075,5.445658127893207
2024-06-04,448.542,451.2211,446.8197,450.0079,78,955,402.06922050000003,5.514396038846689,448.8193,401.585661,5.600011118757975
2024-06-05,453.6032,459.1794,450.0653,459.1595,78,955,402.6007545,5.775617750357639,450.0079,402.06922050000003,5.514396038846689
2024-06-06,459.7835,460.1005,457.7729,458.9813,78,955,403.10272749999996,5.529330768189237,459.1595,402.6007545,5.775617750357639
2024-06-07,458.5752,461.289,457.4263,458.5455,78,955,403.6054275,5.410285713318576,458.9813,403.10272749999996,5.529330768189237
2024-06-10,457.4065,460.7443,457.1192,460.3679,78,955,404.088668,5.282772448081538,458.5455,403.6054275,5.410285713318576
2024-06-11,459.11,463.6661,457.6145,463.5769,78,955,404.627757,5.337688701789996,460.3679,404.088668,5.282772448081538
2024-06-12,467.4793,471.9462,466.786,469.6087,78,955,405.182325,5.5542323659478505,463.5769,404.627757,5.337688701789996
2024-06-13,473.1545,473.8181,469.886,472.1542,78,955,405.7359255,5.45817291123729,469.6087,405.182325,5.5542323659478505
2024-06-14,471.966,474.6798,471.5005,474.5914,78,955,406.262894,5.295396274720342,472.1542,405.7359255,5.45817291123729
2024-06-17,474.8779,482.2072,473.5705,480.4145,78,955,406.80814,5.534060826526034,474.5914,406.262894,5.295396274720342
2024-06-18,480.3748,481.2563,478.8099,480.5927,78,955,407.34954799999997,5.313513624631315,480.4145,406.80814,5.534060826526034
2024-06-20,481.7714,482.1861,475.0363,476.7795,78,955,407.87297400000006,5.444676937157651,480.5927,407.34954799999997,5.313513624631315
2024-06-21,476.5913,477.9235,474.0954,475.4721,78,955,408.3879415,5.329207155932106,476.7795,407.87297400000006,5.444676937157651
2024-06-24,474.371,476.1071,470.0458,470.1351,78,955,408.89225899999997,5.381499501936957,475.4721,408.3879415,5.329207155932106
2024-06-25,472.2779,475.8591,471.3354,475.5416,78,955,409.437279,5.405963823227173,470.1351,408.89225899999997,5.381499501936957
2024-06-26,474.7381,477.0892,474.3214,476.5634,78,955,409.9848465,5.2175235501395205,475.5416,409.437279,5.405963823227173
2024-06-27,476.2956,479.2519,475.4821,477.734,78,955,410.51654250000007,5.114114725129554,476.5634,409.9848465,5.2175235501395205
2024-06-28,478.5674,483.3192,474.6488,475.1647,78,955,411.05583550000006,5.368135101906017,477.734,410.51654250000007,5.114114725129554
2024-07-01,476.2162,478.6467,472.4614,478.1011,78,955,411.602766,5.426504023198444,475.1647,411.05583550000006,5.368135101906017
2024-07-02,476.5833,483.1605,476.4543,483.1307,78,955,412.15986899999996,5.517910878684271,478.1011,411.602766,5.426504023198444
2024-07-03,482.347,487.5453,468.0412,486.9004,78,955,412.76843199999996,6.51692438734968,483.1307,412.15986899999996,5.517910878684271
2024-07-05,487.9718,492.6443,487.6742,492.2773,78,955,413.40122499999995,6.461708359681845,486.9004,412.76843199999996,6.51692438734968
2024-07-08,492.5749,493.929,491.5531,493.4479,78,955,414.043768,6.169864905418856,492.2773,413.40122499999995,6.461708359681845
2024-07-09,494.8962,496.0172,492.2872,493.805,78,955,414.7143915,5.995588840746081,493.4479,414.043768,6.169864905418856
2024-07-10,495.7296,499.5092,494.4201,498.9537,78,955,415.444231,5.9747753521213625,493.805,414.7143915,5.995588840746081
2024-07-11,499.0628,499.2711,486.8161,487.9917,78,955,416.11834799999997,6.437648541255549,498.9537,415.444231,5.9747753521213625
2024-07-12,488.5869,495.6403,488.1206,490.8983,78,955,416.798562,6.524145074023013,487.9917,416.11834799999997,6.437648541255549
2024-07-15,492.6542,497.0192,490.1543,492.2376,78,955,417.51228499999996,6.5484847115928,490.8983,416.798562,6.524145074023013
2024-07-16,493.6562,494.4697,489.2218,492.4261,78,955,418.2224365,6.455585803621887,492.2376,417.51228499999996,6.5484847115928
2024-07-17,484.3906,484.9049,477.863,477.9622,78,955,418.84586349999995,7.03469396050604,492.4261,418.2224365,6.455585803621887
2024-07-18,481.6625,481.8411,472.4763,475.7103,78,955,419.45660000000004,7.201130106184181,477.9622,418.84586349999995,7.03469396050604
2024-07-19,475.3333,477.8531,470.1648,471.4545,78,955,420.031455,7.235927955742452,475.7103,419.45660000000004,7.201130106184181
2024-07-22,477.3273,479.4999,473.9016,478.488,78,955,420.673051,7.293747387475135,471.4545,420.031455,7.235927955742452
2024-07-23,477.5753,480.5713,476.3154,476.7916,78,955,421.282189,7.076758288369769,478.488,420.673051,7.293747387475135
2024-07-24,470.0458,470.4128,458.8259,459.6393,78,955,421.8109425,7.854539839200502,476.7916,421.282189,7.076758288369769
2024-07-25,460.0262,464.2126,452.0007,454.5998,78,955,422.28479999999996,8.165779850686182,459.6393,421.8109425,7.854539839200502
2024-07-26,458.9648,462.2186,456.1077,459.312,78,955,422.772993,8.126709861351452,454.5998,422.28479999999996,8.165779850686182
2024-07-29,462.0004,464.1829,457.938,460.1453,78,955,423.25558450000005,7.992294871254922,459.312,422.772993,8.126709861351452
2024-07-30,462.1393,462.8446,450.5325,453.7367,78,955,423.6930105,8.300852380450998,460.1453,423.25558450000005,7.992294871254922
2024-07-31,464.1432,469.024,462.6948,467.2879,78,955,424.20485249999996,8.799884353275928,453.7367,423.6930105,8.300852380450998
2024-08-01,468.0022,471.762,452.3479,456.0184,78,955,424.6830405,9.558042613756221,467.2879,424.20485249999996,8.799884353275928
2024-08-02,447.2984,449.9571,440.9296,445.1358,78,955,425.08594700000003,9.953096712773633,456.0184,424.6830405,9.558042613756221
2024-08-05,421.327,438.7669,420.077,432.279,78,955,425.4305885,11.032075519004088,445.1358,425.08594700000003,9.953096712773633
2024-08-06,433.7472,443.5089,431.0985,436.0984,78,955,425.81983249999996,11.130527267646652,432.279,425.4305885,11.032075519004088
2024-08-07,442.9335,445.4235,430.91,431.3664,78,955,426.20095649999996,11.37216817710046,436.0984,425.81983249999996,11.130527267646652
2024-08-08,437.5467,445.4136,433.6679,444.6299,78,955,426.674643,11.563241878736141,431.3664,426.20095649999996,11.37216817710046
2024-08-09,443.1815,448.4591,442.0605,446.9413,78,955,427.15470650000003,11.194338887397844,444.6299,426.674643,11.563241878736141
2024-08-12,447.7944,450.7507,444.9816,447.8837,78,955,427.622117,10.806821824012282,446.9413,427.15470650000003,11.194338887397844
2024-08-13,452.1892,459.1632,452.0503,458.9152,78,955,428.1885425,10.84058455086855,447.8837,427.622117,10.806821824012282
2024-08-14,459.8179,461.4045,454.7486,459.1235,78,955,428.78886550000004,10.541678511520795,458.9152,428.1885425,10.84058455086855
2024-08-15,465.0261,471.0378,464.6491,470.7104,78,955,429.4383415,10.639722903555025,459.1235,428.78886550000004,10.541678511520795
2024-08-16,468.8553,472.6151,467.8931,471.2362,78,955,430.072045,10.217028410443952,470.7104,429.4383415,10.639722903555025
2024-08-19,471.385,477.4761,469.5994,477.4265,78,955,430.7279685,10.049862095412239,471.2362,430.072045,10.217028410443952
2024-08-20,476.5238,479.0931,474.7381,476.375,78,955,431.3481955,9.643086231454223,477.4265,430.7279685,10.049862095412239
2024-08-21,477.2182,480.5117,475.502,478.6864,78,955,431.94865250000004,9.312130072064637,476.375,431.3481955,9.643086231454223
2024-08-22,480.978,481.6724,470.0359,471.0477,78,955,432.489752,9.478156495488587,478.6864,431.94865250000004,9.312130072064637
2024-08-23,475.4226,478.8947,471.4941,476.1964,78,955,433.0492445,9.361645317239402,471.0477,432.489752,9.478156495488587
2024-08-26,475.6309,476.5535,469.4704,471.5438,78,955,433.568454,9.198892080293732,476.1964,433.0492445,9.361645317239402
2024-08-27,469.9168,474.0338,467.9526,473.0318,78,955,434.0936235,8.976199788844177,471.5438,433.568454,9.198892080293732
2024-08-28,472.4961,473.2203,464.163,467.526,78,955,434.60549649999996,8.981992661069594,473.0318,434.0936235,8.976199788844177
2024-08-29,469.5101,474.123,465.6332,466.9308,78,955,435.07352099999997,8.946836042421765,467.526,434.60549649999996,8.981992661069594
2024-08-30,471.2561,473.1012,466.7621,472.5953,78,955,435.575344,8.760569182248783,466.9308,435.07352099999997,8.946836042421765
2024-09-03,469.4307,469.5597,455.7507,458.1612,78,955,435.9653815,9.3379999549453,472.5953,435.575344,8.760569182248783
2024-09-04,455.0165,460.7504,454.0839,456.9509,78,955,436.347789,9.147178529592065,458.1612,435.9653815,9.3379999549453
2024-09-05,455.3141,461.6532,454.2913,457.4668,78,955,436.731049,9.019658634621207,456.9509,436.347789,9.147178529592065
2024-09-06,456.6632,457.5461,444.6199,445.2945,78,955,437.05295450000006,9.298697303576839,457.4668,436.731049,9.019658634621207
2024-09-09,449.4511,451.832,446.2404,450.8896,78,955,437.3797475,9.10146892474992,445.2945,437.05295450000006,9.298697303576839
2024-09-10,452.6058,455.5125,448.6278,455.0165,78,955,437.73857100000004,8.943128287267783,450.8896,437.3797475,9.10146892474992
2024-09-11,456.2466,465.6312,447.6853,464.7186,78,955,438.13796199999996,9.586183409605798,455.0165,437.73857100000004,8.943128287267783
2024-09-12,464.917,470.264,463.1304,469.4704,78,955,438.56500950000003,9.410998880348242,464.7186,438.13796199999996,9.586183409605798
2024-09-13,468.7165,472.7342,468.4883,471.5537,78,955,439.003016,9.042063246037655,469.4704,438.56500950000003,9.410998880348242
2024-09-16,469.4208,470.0854,466.1471,469.4506,78,955,439.425204,8.782387299892108,471.5537,439.003016,9.042063246037655
2024-09-17,472.4961,473.7957,467.2185,469.7382,78,955,439.851124,8.624873921328387,469.4506,439.425204,8.782387299892108
2024-09-18,470.9188,475.0159,467.0796,467.5756,78,955,440.27076950000003,8.57569006980493,469.7382,439.851124,8.624873921328387
2024-09-19,478.7658,482.3569,476.6626,479.5594,78,955,440.74471,9.018947921961718,467.5756,440.27076950000003,8.57569006980493
2024-09-20,478.6467,479.8372,474.4901,478.5773,78,955,441.23199350000004,8.756673070393026,479.5594,440.74471,9.018947921961718
2024-09-23,479.7744,480.9566,478.4333,479.8439,78,955,441.720553,8.311432136793524,478.5773,441.23199350000004,8.756673070393026
2024-09-24,481.2745,483.1322,477.0127,482.1586,78,955,442.23193399999997,8.154865555593988,479.8439,441.720553,8.311432136793524
2024-09-25,481.5526,484.5826,481.3738,482.7348,78,955,442.7187915,7.8015751587658455,482.1586,442.23193399999997,8.154865555593988
2024-09-26,490.1259,490.4537,482.6057,486.2217,78,955,443.215289,7.804891218854,482.7348,442.7187915,7.8015751587658455
2024-09-27,487.2748,487.4138,482.3672,483.5792,78,955,443.681899,7.607870417507282,486.2217,443.215289,7.804891218854
2024-09-30,482.5858,485.1985,479.7446,484.8409,78,955,444.138932,7.4540153876853354,483.5792,443.681899,7.607870417507282
2024-10-01,484.4932,484.7912,474.2609,478.0061,78,955,444.53707499999996,7.677300002850668,484.8409,444.138932,7.4540153876853354
2024-10-02,477.2014,480.6983,474.5788,478.771,78,955,444.9409665,7.566028574075622,478.0061,444.53707499999996,7.677300002850668
2024-10-03,476.5855,481.3589,475.8404,478.4631,78,955,445.33557349999995,7.419776533070222,478.771,444.9409665,7.566028574075622
2024-10-04,484.2448,484.672,479.2131,484.2845,78,955,445.744594,7.333285352136637,478.4631,445.33557349999995,7.419776533070222
2024-10-07,482.1984,483.3706,477.7081,478.8902,78,955,446.116559,7.279222112698305,484.2845,445.744594,7.333285352136637
2024-10-08,481.4732,486.7681,480.6635,486.1124,78,955,446.555184,7.321984818934141,478.8902,446.116559,7.279222112698305
2024-10-09,485.7846,490.4835,484.7415,489.9272,78,955,446.989057,7.209128760438847,486.1124,446.555184,7.321984818934141
2024-10-10,487.6225,491.2186,486.3111,489.3609,78,955,447.4168855,7.044726706121784,489.9272,446.989057,7.209128760438847
2024-10-11,487.5132,491.1392,486.9469,490.0961,78,955,447.83640249999996,6.840981941398799,489.3609,447.4168855,7.044726706121784
2024-10-14,492.5101,495.55,492.0035,494.2287,78,955,448.27237700000006,6.741904659870316,490.0961,447.83640249999996,6.840981941398799
2024-10-15,494.5566,495.2221,485.4667,487.5529,78,955,448.6764065,6.957154327022437,494.2287,448.27237700000006,6.741904659870316
2024-10-16,487.9503,488.4569,484.364,487.7019,78,955,449.089836,6.752564732235124,487.5529,448.6764065,6.957154327022437
2024-10-17,493.1757,493.2254,487.9603,488.1192,78,955,449.5394285,6.664774394218326,487.7019,449.089836,6.752564732235124
2024-10-18,490.8113,492.3114,490.0563,491.2584,78,955,450.02566199999995,6.488161937488447,488.1192,449.5394285,6.664774394218326
2024-10-21,490.0067,492.9671,488.0794,492.222,78,955,450.527075,6.373843227667844,491.2584,450.02566199999995,6.488161937488447
2024-10-22,489.4901,494.1741,488.7351,492.7684,78,955,451.0285985,6.307068711405856,492.222,450.527075,6.373843227667844
2024-10-23,490.3444,491.0001,481.8606,485.1588,78,955,451.45132099999995,6.635692374876867,492.7684,451.0285985,6.307068711405856
2024-10-24,488.8742,489.7583,486.2217,489.0927,78,955,451.88985549999995,6.490250062385664,485.1588,451.45132099999995,6.635692374876867
2024-10-25,491.8842,496.9904,491.1789,492.0233,78,955,452.3294915,6.590782200786692,489.0927,451.88985549999995,6.490250062385664
2024-10-28,495.1824,495.242,491.8445,492.1425,78,955,452.76571750000005,6.362690615016217,492.0233,452.3294915,6.590782200786692
2024-10-29,492.4604,498.0534,490.6027,496.8514,78,955,453.2244,6.440405571086486,492.1425,452.76571750000005,6.362690615016217
2024-10-30,496.1063,497.06,492.6293,493.136,78,955,453.664654,6.296855173151736,496.8514,453.2244,6.440405571086486
2024-10-31,489.1424,489.1921,480.5691,480.7182,78,955,454.0543425000001,6.744715517926615,493.136,453.664654,6.296855173151736
2024-11-01,482.3076,487.5238,482.0096,484.1951,78,955,454.4317905,6.7490644095032835,480.7182,454.0543425000001,6.744715517926615
2024-11-04,483.619,486.1621,481.0703,482.7646,78,955,454.762273,6.630688380253051,484.1951,454.4317905,6.7490644095032835
2024-11-05,484.4038,489.6391,484.3143,489.0132,78,955,455.12162449999994,6.648103495949263,482.7646,454.762273,6.630688380253051
2024-11-06,497.2686,503.0801,496.3149,502.2953,78,955,455.539028,7.178017531952889,489.0132,455.12162449999994,6.648103495949263
2024-11-07,505.0571,510.9481,504.9974,510.2229,78,955,455.984299,7.283359136813399,502.2953,455.539028,7.178017531952889
2024-11-08,509.6616,511.5317,509.0407,510.7792,78,955,456.4297795,6.941047769898155,510.2229,455.984299,7.283359136813399
2024-11-11,511.9812,512.1898,507.5605,510.4513,78,955,456.88618299999996,6.775922929191144,510.7792,456.4297795,6.941047769898155
2024-11-12,510.3917,511.2759,506.4776,509.5374,78,955,457.316305,6.634664148534633,510.4513,456.88618299999996,6.775922929191144
2024-11-13,509.0308,511.5938,506.5969,508.9016,78,955,457.757838,6.517680995067873,509.5374,457.316305,6.634664148534633
2024-11-14,508.544,509.4182,504.4312,505.3253,78,955,458.222638,6.408346638277313,508.9016,457.757838,6.517680995067873
2024-11-15,499.633,500.0204,491.2385,493.1956,78,955,458.601121,6.956807592686078,505.3253,458.222638,6.408346638277313
2024-11-18,494.8546,498.8382,493.4638,496.7222,78,955,458.96229550000004,6.862935621779927,493.1956,458.601121,6.956807592686078
2024-11-19,494.1493,500.6399,493.8115,500.08,78,955,459.34369599999997,6.860468791652789,496.7222,458.96229550000004,6.862935621779927
2024-11-20,499.8515,500.1694,493.2899,499.8813,78,955,459.72805999999997,6.86182816367759,500.08,459.34369599999997,6.860468791652789
2024-11-21,502.9113,503.6265,494.2883,501.6595,78,955,460.0996525,7.03871186627205,499.8813,459.72805999999997,6.86182816367759
2024-11-22,501.1032,503.1993,499.474,502.4443,78,955,460.47136099999994,6.802039590109761,501.6595,460.0996525,7.03871186627205
2024-11-25,506.5472,508.0895,500.9468,503.2391,78,955,460.82587549999994,6.826372476530492,502.4443,460.47136099999994,6.802039590109761
2024-11-26,504.7392,506.7856,503.8947,505.9511,78,955,461.20270400000004,6.592095871064027,503.2391,460.82587549999994,6.826372476530492
2024-11-27,504.8286,504.8981,498.6296,501.9576,78,955,461.5931465,6.644196165988026,505.9511,461.20270400000004,6.592095871064027
2024-11-29,502.6033,506.9843,480.041,506.4975,78,955,461.98294450000003,8.09413215413174,501.9576,461.5931465,6.644196165988026
2024-12-02,507.6499,512.8654,507.2625,511.9117,78,955,462.39343349999996,7.970829857408046,506.4975,461.98294450000003,8.09413215413174
2024-12-03,510.5706,513.7495,509.9944,513.5111,78,955,462.831406,7.669706296164616,511.9117,462.39343349999996,7.970829857408046
2024-12-04,516.8987,520.0776,516.1834,519.8094,78,955,463.316993,7.590905846438566,513.5111,462.831406,7.669706296164616
2024-12-05,519.869,520.5941,517.9914,518.3689,78,955,463.803884,7.234605428835813,519.8094,463.316993,7.590905846438566
2024-12-06,519.0445,523.2566,518.9153,523.048,78,955,464.2522005,7.066969326776112,518.3689,463.803884,7.234605428835813
2024-12-09,522.0943,522.889,517.7928,518.9253,78,955,464.686778,6.9375572320063865,523.048,464.2522005,7.066969326776112
2024-12-10,520.177,521.9254,515.7463,517.1272,78,955,465.11295849999993,6.883381715434498,518.9253,464.686778,6.9375572320063865
2024-12-11,521.5479,527.121,521.1406,526.4554,78,955,465.580884,7.105554450046318,517.1272,465.11295849999993,6.883381715434498
2024-12-12,524.2103,525.4819,522.5612,523.038,78,955,466.0432955,6.876171989328729,526.4554,465.580884,7.105554450046318
2024-12-13,526.972,529.6603,523.8329,527.0117,78,955,466.50673200000006,6.8580382758052485,523.038,466.0432955,6.876171989328729
2024-12-16,529.5748,535.6049,529.4953,534.6611,78,955,466.97587250000004,6.981978398962019,527.0117,466.50673200000006,6.8580382758052485
2024-12-17,532.8332,533.9458,530.6179,532.3266,78,955,467.4420945,6.772065656179023,534.6611,466.97587250000004,6.981978398962019
2024-12-18,531.6312,533.3497,511.6236,513.1336,78,955,467.8511755,7.840210966451948,532.3266,467.4420945,6.772065656179023
2024-12-19,517.763,518.3291,510.4513,510.7891,78,955,468.23463649999997,7.842895897419668,513.1336,467.8511755,7.840210966451948
2024-12-20,507.0836,521.3691,505.9412,515.4085,78,955,468.6083055,8.384681904746836,510.7891,468.23463649999997,7.842895897419668
2024-12-23,516.9576,520.6392,513.5547,520.3108,78,955,469.0386825,8.291811768693487,515.4085,468.6083055,8.384681904746836
2024-12-24,522.2113,527.7038,515.3059,527.3008,78,955,469.51216999999997,8.585103785215384,520.3108,469.0386825,8.291811768693487
2024-12-26,525.6839,528.5893,523.6839,526.9077,78,955,469.9523365,8.322267800557142,527.3008,469.51216999999997,8.585103785215384
2024-12-27,523.3854,523.8232,515.2761,519.9626,78,955,470.3748895,8.558648671945914,526.9077,469.9523365,8.322267800557142
2024-12-30,512.9378,516.7686,509.2762,512.9975,78,955,470.76771099999996,8.710630909664058,519.9626,470.3748895,8.558648671945914
2024-12-31,514.3209,515.0771,507.714,508.6593,78,955,471.165153,8.614378701830908,512.9975,470.76771099999996,8.710630909664058
2025-01-02,511.7338,514.0622,503.1867,507.6244,78,955,471.536829,8.775887365985843,508.6593,471.165153,8.614378701830908
2025-01-03,510.7886,517.0526,509.9727,515.9726,78,955,471.94474899999994,8.822481125558284,507.6244,471.536829,8.775887365985843
2025-01-06,521.4053,525.2859,519.4253,521.9028,78,955,472.35642,8.857539616589829,515.9726,471.94474899999994,8.822481125558284
2025-01-07,522.9675,523.3655,510.7189,512.5796,78,955,472.71162000000004,9.128186786833412,521.9028,472.35642,8.857539616589829
2025-01-08,512.5099,514.3407,508.0224,512.7288,78,955,473.0655855,8.927480587773882,512.5796,472.71162000000004,9.128186786833412
2025-01-10,508.9279,509.0274,501.4056,504.6792,78,955,473.386533,9.098603402932891,512.7288,473.0655855,8.927480587773882
2025-01-13,498.6992,503.4952,497.2067,503.0772,78,955,473.706552,8.982453159866255,504.6792,473.386533,9.098603402932891
2025-01-14,506.2016,507.6095,499.0873,502.5797,78,955,474.0160365,8.949577934161523,503.0772,473.706552,8.982453159866255
2025-01-15,510.4702,515.2661,508.908,513.9527,78,955,474.3871645,9.216493796007132,502.5797,474.0160365,8.949577934161523
2025-01-16,516.3905,516.47,510.3906,510.51,78,955,474.73602800000003,8.99241566772091,513.9527,474.3871645,9.216493796007132
2025-01-17,520.2412,521.4584,510.5484,519.1566,78,955,475.147537,9.132128834312274,510.51,474.73602800000003,8.99241566772091
2025-01-21,521.863,523.3456,517.4651,522.0421,78,955,475.568571,8.899869631861398,519.1566,475.147537,9.132128834312274
2025-01-22,526.9276,531.1564,526.6192,528.858,78,955,476.0574585,8.915186086728438,522.0421,475.568571,8.899869631861398
2025-01-23,526.4003,530.1017,525.8132,530.0619,78,955,476.5262675,8.584708509104978,528.858,476.0574585,8.915186086728438
2025-01-24,530.3604,531.1266,525.5147,526.9973,78,955,476.97920849999997,8.372365044168916,530.0619,476.5262675,8.584708509104978
2025-01-27,508.4503,515.4054,507.6045,511.4851,78,955,477.34646699999996,9.159538969585423,526.9973,476.97920849999997,8.372365044168916
2025-01-28,512.6492,520.3904,509.2264,519.2561,78,955,477.77234,9.302714757472177,511.4851,477.34646699999996,9.159538969585423
2025-01-29,519.8531,519.9825,514.3197,518.1815,78,955,478.1572335,9.042720846224162,519.2561,477.77234,9.302714757472177
2025-01-30,521.0969,523.47,515.6243,520.5198,78,955,478.589326,8.957219357208157,518.1815,478.1572335,9.042720846224162
2025-01-31,524.2909,528.8657,518.5895,519.674,78,955,479.0533405,9.051432260264711,520.5198,478.589326,8.957219357208157
2025-02-03,510.908,518.2508,508.5001,515.5597,78,955,479.496338,9.203037098817234,519.674,479.0533405,9.051432260264711
2025-02-04,516.0422,522.4899,515.6442,521.9227,78,955,479.997298,9.040691591758861,515.5597,479.496338,9.203037098817234
2025-02-05,519.2163,524.3804,518.0223,524.2212,78,955,480.521834,8.84907790663323,521.9227,479.997298,9.040691591758861
2025-02-06,524.7287,527.1664,523.1181,526.9475,78,955,481.1031845,8.506165199016566,524.2212,480.521834,8.84907790663323
2025-02-07,527.4948,529.445,519.5845,520.3307,78,955,481.6306025,8.602903399086811,526.9475,481.1031845,8.506165199016566
2025-02-10,524.5894,527.7108,524.1217,526.5744,78,955,482.15808949999996,8.515560299152037,520.3307,481.6306025,8.602903399086811
2025-02-11,523.3357,527.2759,523.2063,525.3157,78,955,482.6728945,8.197991706355458,526.5744,482.15808949999996,8.515560299152037
2025-02-12,519.6939,526.5495,519.3457,525.6839,78,955,483.1996925,8.126978013044354,525.3157,482.6728945,8.197991706355458
2025-02-13,527.3356,533.5445,526.5495,533.2062,78,955,483.731071,8.107951012112613,525.6839,483.1996925,8.126978013044354
2025-02-14,533.3305,536.1514,532.9972,535.435,78,955,484.265224,7.754111654104566,533.2062,483.731071,8.107951012112613
2025-02-18,537.037,537.3056,533.3654,536.629,78,955,484.846005,7.481689393097097,535.435,484.265224,7.754111654104566
2025-02-19,535.8827,538.1116,533.7833,536.8678,78,955,485.4432325,7.256447293590155,536.629,484.846005,7.481689393097097
2025-02-20,536.0419,536.4101,529.8032,534.5096,78,955,486.00153099999994,7.242743915476576,536.8678,485.4432325,7.256447293590155
2025-02-21,535.6937,535.7136,523.0869,523.475,78,955,486.462315,7.627312207228252,534.5096,486.00153099999994,7.242743915476576
2025-02-24,525.2461,526.4291,516.9377,517.2362,78,955,486.8679115,7.760461335283377,523.475,486.462315,7.627312207228252
2025-02-25,516.6492,516.7288,506.8981,510.7289,78,955,487.241145,7.94457838276314,517.2362,486.8679115,7.760461335283377
2025-02-26,512.9577,517.0671,508.8185,511.9229,78,955,487.62138849999997,7.966294212565773,510.7289,487.241145,7.94457838276314
2025-02-27,515.5447,516.4799,497.5549,497.8335,78,955,487.9264805,8.749058911668223,511.9229,487.62138849999997,7.966294212565773
2025-02-28,497.6345,506.2414,494.4505,505.6842,78,955,488.26572500000003,8.966333275120496,497.8335,487.9264805,8.749058911668223
2025-03-03,508.9677,510.4801,491.1172,494.8386,78,955,488.545591,9.70894518404046,505.6842,488.26572500000003,8.966333275120496
2025-03-04,491.7142,501.2265,485.3014,493.0475,78,955,488.802289,10.152956242323283,494.8386,488.545591,9.70894518404046
2025-03-05,493.7242,501.1171,488.8088,499.5947,78,955,489.05770099999995,10.306909367871619,493.0475,488.802289,10.152956242323283
2025-03-06,491.2267,496.0923,483.774,485.8934,78,955,489.2489645,10.700751555880787,499.5947,489.05770099999995,10.306909367871619
2025-03-07,484.7293,490.8187,478.1323,489.3561,78,955,489.4584825,10.842583587603588,485.8934,489.2489645,10.700751555880787
2025-03-10,481.0378,481.5552,466.3216,470.9384,78,955,489.5603125,11.713434759917622,489.3561,489.4584825,10.842583587603588
2025-03-11,469.9932,476.4159,464.6798,469.3165,78,955,489.649675,11.715053705637793,470.9384,489.5603125,11.713434759917622
2025-03-12,476.7692,478.6597,469.4359,474.6996,78,955,489.76654749999994,11.54563558380652,469.3165,489.649675,11.715053705637793
2025-03-13,473.8737,473.9036,464.1027,466.0529,78,955,489.85028900000003,11.477868756391766,474.6996,489.76654749999994,11.54563558380652
2025-03-14,471.3663,478.1622,470.7593,477.2567,78,955,489.96840799999995,11.522970988078066,466.0529,489.85028900000003,11.477868756391766
2025-03-17,477.2169,483.4158,475.416,480.3214,78,955,490.09358050000003,11.271315917501061,477.2567,489.96840799999995,11.522970988078066
2025-03-18,477.0179,477.2169,470.0529,472.3613,78,955,490.19455200000004,11.199686209108124,480.3214,490.09358050000003,11.271315917501061
2025-03-19,474.4309,482.9084,472.5006,478.391,78,955,490.350334,11.15307290845754,472.3613,490.19455200000004,11.199686209108124
2025-03-20,474.5006,482.1323,473.804,476.8985,78,955,490.4978115,10.951303414996287,478.391,490.350334,11.15307290845754
2025-03-21,471.7145,479.2069,470.5454,478.7194,78,955,490.647312,10.787746028210842,476.8985,490.4978115,10.951303414996287
2025-03-24,486.0143,489.7709,482.6861,488.7147,78,955,490.840846,10.806585597624352,478.7194,490.647312,10.787746028210842
2025-03-25,489.6513,491.8735,488.6848,491.7041,78,955,491.0035690000001,10.262450912079755,488.7147,490.840846,10.806585597624352
2025-03-26,490.5581,491.4151,481.1117,482.6861,78,955,491.122093,10.28601870407406,491.7041,491.0035690000001,10.262450912079755
2025-03-27,480.7031,484.8583,478.5508,479.8761,78,955,491.228746,10.0018387966402,482.6861,491.122093,10.28601870407406
2025-03-28,478.1123,478.8198,466.3939,467.3592,78,955,491.2637025,10.250436025451618,479.8761,491.228746,10.0018387966402
2025-03-31,460.2856,468.1975,455.7119,467.2708,78,955,491.282172,10.410090595062217,467.3592,491.2637025,10.250436025451618
2025-04-01,465.6466,471.9542,462.7768,470.9577,78,955,491.288917,10.32204126684349,467.2708,491.282172,10.410090595062217
2025-04-02,464.4708,477.8632,464.2117,474.4653,78,955,491.3004725,10.559859747783241,470.9577,491.288917,10.32204126684349
2025-04-03,454.825,458.4422,448.5473,449.0854,78,955,491.1729425,11.656869765798724,474.4653,491.3004725,10.559859747783241
2025-04-04,436.5898,438.8119,421.5532,421.7038,78,955,490.879389,12.79082192538453,449.0854,491.1729425,11.656869765798724
2025-04-07,407.2141,441.5721,400.9663,422.45,78,955,490.5886755,14.777606073571349,421.7038,490.879389,12.79082192538453
2025-04-08,436.6097,441.5705,408.3401,414.7672,78,955,490.278614,16.095662782601963,422.45,490.5886755,14.777606073571349
2025-04-09,414.0996,466.1747,413.9601,463.4942,78,955,490.2187245,18.675586869558963,414.7672,490.278614,16.095662782601963
2025-04-10,451.9552,453.978,431.0993,444.6113,78,955,490.09110549999997,19.655537807447605,463.4942,490.2187245,18.675586869558963
2025-04-11,443.0767,454.1773,439.7685,452.6328,78,955,489.9765615,19.280770821201347,444.6113,490.09110549999997,19.655537807447605
2025-04-14,462.8166,463.4045,451.0285,455.7916,78,955,489.8727025,18.787572905401248,452.6328,489.9765615,19.280770821201347
2025-04-15,456.9176,460.744,454.536,456.3695,78,955,489.76588,17.889031983586875,455.7916,489.8727025,18.787572905401248
2025-04-16,447.4412,451.0185,436.2111,442.6482,78,955,489.6032975,18.051129699044957,456.3695,489.76588,17.889031983586875
2025-04-17,445.5878,446.1658,439.7984,442.4888,78,955,489.425236,17.216577577684603,442.6482,489.6032975,18.051129699044957
2025-04-21,436.6794,437.5264,426.4159,431.6971,78,955,489.16806800000006,17.134886322135703,442.4888,489.425236,17.216577577684603
2025-04-22,437.2674,445.9964,436.0716,442.8077,78,955,488.9476045,16.932344441983155,431.6971,489.16806800000006,17.134886322135703
2025-04-23,456.5489,461.7405,451.2776,452.7623,78,955,488.75002950000004,17.075234124698643,442.8077,488.9476045,16.932344441983155
2025-04-24,454.8649,466.0053,454.2172,465.5469,78,955,488.61052450000005,16.801503115791597,452.7623,488.75002950000004,17.075234124698643
2025-04-25,465.3178,471.4161,463.7433,470.8581,78,955,488.49579,16.149452893235054,465.5469,488.61052450000005,16.801503115791597
2025-04-28,471.3563,473.128,464.3811,470.7784,78,955,488.35491349999995,15.620699115146834,470.8581,488.49579,16.149452893235054
2025-04-29,468.5064,474.7386,467.9285,473.7379,78,955,488.28364450000004,14.991370606922064,470.7784,488.35491349999995,15.620699115146834
2025-04-30,465.4772,475.5116,460.7938,473.8076,78,955,488.198191,14.971829849284775,473.7379,488.28364450000004,14.991370606922064
2025-05-01,481.6996,485.4562,479.039,479.4874,78,955,488.13444,14.734456288621582,473.8076,488.198191,14.971829849284775
2025-05-02,484.8185,489.173,483.1146,487.1303,78,955,488.107961,14.373823696577185,479.4874,488.13444,14.734456288621582
2025-05-05,482.8854,487.2997,482.3871,484.2306,78,955,488.139303,13.698022003964528,487.1303,488.107961,14.373823696577185
2025-05-06,477.8632,483.3338,476.4981,479.7166,78,955,488.15933449999994,13.271913289395632,484.2306,488.139303,13.698022003964528
2025-05-07,480.3743,484.0811,475.095,481.6398,78,955,488.210261,12.965783768724513,479.7166,488.15933449999994,13.271913289395632
2025-05-08,486.8015,490.9567,482.4569,486.4926,78,955,488.250284,12.705149213815623,481.6398,488.210261,12.965783768724513
2025-05-09,488.4755,489.8008,484.4747,486.3232,78,955,488.297942,12.17807426997165,486.4926,488.250284,12.705149213815623
2025-05-12,505.1962,506.093,499.7056,506.0033,78,955,488.52976199999995,12.720340393545106,486.3232,488.297942,12.17807426997165
2025-05-13,507.3585,515.5594,506.6211,513.7558,78,955,488.825542,12.494323222577595,506.0033,488.52976199999995,12.720340393545106
2025-05-14,514.9415,517.3908,513.9252,516.8647,78,955,489.11330549999997,11.861514420964909,513.7558,488.825542,12.494323222577595
2025-05-15,514.6924,520.0833,513.3472,517.4526,78,955,489.399842,11.495413390895985,516.8647,489.11330549999997,11.861514420964909
2025-05-16,518.8178,519.8541,515.2704,519.6747,78,955,489.72953199999995,11.001719577260559,517.4526,489.399842,11.495413390895985
2025-05-19,512.4205,520.6812,512.4205,520.1829,78,955,489.994007,10.805932464599094,519.6747,489.72953199999995,11.001719577260559
2025-05-20,517.632,519.0868,514.8319,518.3993,78,955,490.3059115,10.416294431413444,520.1829,489.994007,10.805932464599094
2025-05-21,514.4433,521.1495,509.4311,511.2347,78,955,490.63640599999997,10.509301972026769,518.3993,490.3059115,10.416294431413444
2025-05-22,511.8426,515.8782,510.4874,512.2013,78,955,491.0360175,10.143694688310573,511.2347,490.63640599999997,10.509301972026769
2025-05-23,504.389,510.029,503.7911,507.4845,78,955,491.39294800000005,10.019873639145532,512.2013,491.0360175,10.143694688310573
2025-05-27,514.3237,519.8641,512.7693,519.3658,78,955,491.83294500000005,10.188425522063707,507.4845,491.39294800000005,10.019873639145532
2025-05-28,520.3324,521.8271,516.5558,517.1138,78,955,492.1953645,9.837202270487726,519.3658,491.83294500000005,10.188425522063707
2025-05-29,524.4677,524.6172,515.4896,518.1203,78,955,492.5512595,9.78651639402432,517.1138,492.1953645,9.837202270487726
2025-05-30,517.6021,518.8377,510.1187,517.2932,78,955,492.89830700000005,9.710265223022585,518.1203,492.5512595,9.78651639402432
2025-06-02,515.4099,521.5979,514.1444,521.3588,78,955,493.21052499999996,9.549067707092398,517.2932,492.89830700000005,9.710265223022585
2025-06-03,521.7075,526.8692,520.8406,525.5539,78,955,493.54267699999997,9.297605728014368,521.3588,493.21052499999996,9.549067707092398
2025-06-04,526.1418,527.9653,524.1084,526.9091,78,955,493.8236705,8.908983890299055,525.5539,493.54267699999997,9.297605728014368
2025-06-05,528.3041,531.1639,520.8107,522.8435,78,955,494.08170700000005,9.012142183849125,526.9091,493.8236705,8.908983890299055
2025-06-06,528.1247,529.9184,526.3411,527.9653,78,955,494.334401,8.873767742145622,522.8435,494.08170700000005,9.012142183849125
2025-06-09,528.2642,530.4664,527.1382,528.8023,78,955,494.59653750000007,8.477655760563795,527.9653,494.334401,8.873767742145622
2025-06-10,529.2906,533.0074,527.0187,532.3896,78,955,494.8650535,8.29987320623781,528.8023,494.59653750000007,8.477655760563795
2025-06-11,533.7249,534.8807,528.2343,530.5661,78,955,495.1626455,8.18176797722083,532.3896,494.8650535,8.29987320623781
2025-06-12,529.2109,532.7521,528.9618,531.7718,78,955,495.4405225,7.8680916931336276,530.5661,495.1626455,8.18176797722083
2025-06-13,525.8129,529.9881,523.8698,525.0756,78,955,495.70818149999997,7.870513715052649,531.7718,495.4405225,7.8680916931336276
2025-06-16,528.623,533.4757,528.5731,532.3796,78,955,496.0049205,7.9083413068346,525.0756,495.70818149999997,7.870513715052649
2025-06-17,529.8287,531.438,526.0421,527.1283,78,955,496.302932,7.796138356346413,532.3796,496.0049205,7.9083413068346
2025-06-18,528.2244,530.6657,525.5339,527.0884,78,955,496.60372,7.605828473750241,527.1283,496.302932,7.796138356346413
2025-06-20,530.3767,531.6721,523.0229,524.8464,78,955,496.8649755,7.680355011339506,527.0884,496.60372,7.605828473750241
2025-06-23,525.5297,530.8767,522.3774,530.4078,78,955,497.2262085,7.738851081958117,524.8464,496.8649755,7.680355011339506
2025-06-24,535.5852,539.3859,534.9667,538.4233,78,955,497.6335705000001,7.827368861818255,530.4078,497.2262085,7.738851081958117
2025-06-25,540.7426,541.9896,538.0691,539.8548,78,955,498.0455104999999,7.548306800259804,538.4233,497.6335705000001,7.827368861818255
2025-06-26,542.0295,545.3414,540.2039,544.8825,78,955,498.54345050000006,7.401042028812681,539.8548,498.0455104999999,7.548306800259804
2025-06-27,545.93,548.6533,543.2216,546.8777,78,955,499.02339099999995,7.260374741040345,544.8825,498.54345050000006,7.401042028812681
2025-06-30,549.9203,551.4565,547.6757,550.2993,78,955,499.499805,7.068833688108892,546.8777,499.02339099999995,7.260374741040345
2025-07-01,548.394,549.3716,543.3363,545.6507,78,955,499.9044655,7.061274138958255,550.2993,499.499805,7.068833688108892
2025-07-02,544.8327,549.6609,544.7928,549.4714,78,955,500.30447050000004,6.9046188433183735,545.6507,499.9044655,7.061274138958255
2025-07-03,551.8356,555.8458,549.6314,554.4792,78,955,500.71909800000003,6.866746068795635,549.4714,500.30447050000004,6.9046188433183735
2025-07-07,552.1748,552.9928,548.2443,550.7183,78,955,501.1254365,6.821614206738807,554.4792,500.71909800000003,6.866746068795635
2025-07-08,552.0351,552.6636,549.7606,550.9777,78,955,501.531634,6.54171319197175,550.7183,501.1254365,6.821614206738807
2025-07-09,553.1324,556.2748,551.7558,554.9081,78,955,501.9682965,6.452812249688054,550.9777,501.531634,6.54171319197175
2025-07-10,555.5366,555.9456,551.4066,554.12,78,955,502.3410995,6.316111374710335,554.9081,501.9682965,6.452812249688054
2025-07-11,551.9553,554.4393,550.7083,552.8631,78,955,502.71252849999996,6.131460562231025,554.12,502.3410995,6.316111374710335
2025-07-14,552.6436,555.5914,550.2894,554.8283,78,955,503.0874505,6.072213379214525,552.8631,502.71252849999996,6.131460562231025
2025-07-15,558.8884,559.4371,555.3071,555.347,78,955,503.45339250000006,5.967683852127772,554.8283,503.0874505,6.072213379214525
2025-07-16,555.9256,558.8485,550.2195,555.9855,78,955,503.819646,6.157777862690067,555.347,503.45339250000006,5.967683852127772
2025-07-17,556.6638,560.9434,555.8558,560.4346,78,955,504.1907105000001,6.081336586783631,555.9855,503.819646,6.157777862690067
2025-07-18,561.7514,563.3537,558.6191,559.896,78,955,504.5722945,5.985141116299086,560.4346,504.1907105000001,6.081336586783631
2025-07-21,560.7239,564.6843,560.694,562.7889,78,955,504.9620345,5.89965246513487,559.896,504.5722945,5.985141116299086
2025-07-22,562.9286,562.9784,557.2524,559.9259,78,955,505.37163350000003,5.887248717625236,562.7889,504.9620345,5.89965246513487
2025-07-23,560.9733,562.4697,558.22,562.4597,78,955,505.79007699999994,5.770280952080573,559.9259,505.37163350000003,5.887248717625236
2025-07-24,563.7566,564.8639,561.926,563.7166,78,955,506.2163445,5.567968026931954,562.4597,505.79007699999994,5.770280952080573
2025-07-25,563.557,566.3153,562.8986,565.0135,78,955,506.6199894999999,5.414306025008242,563.7166,506.2163445,5.567968026931954
2025-07-28,566.3602,567.657,565.4923,566.8191,78,955,507.059634,5.216391308936227,565.0135,506.6199894999999,5.414306025008242
2025-07-29,569.3729,570.7196,565.1531,565.9512,78,955,507.458828,5.241399072583641,566.8191,507.059634,5.216391308936227
2025-07-30,566.7991,569.2332,563.6767,566.7193,78,955,507.8427884999999,5.263906281684812,565.9512,507.458828,5.241399072583641
2025-07-31,573.1437,573.2335,562.4996,563.6269,78,955,508.2141185,5.65462011870733,566.7193,507.8427884999999,5.263906281684812
2025-08-01,557.4719,557.6614,550.3392,552.504,78,955,508.526158,6.199840110228233,563.6269,508.2141185,5.65462011870733
2025-08-04,557.6913,562.9435,557.5916,562.7291,78,955,508.8686599999999,6.502672959497642,552.504,508.526158,6.199840110228233
2025-08-05,564.0159,565.1838,558.3697,558.8286,78,955,509.2250385,6.524917748104958,562.7291,508.8686599999999,6.502672959497642
2025-08-06,559.7463,566.3802,559.2675,565.9412,78,955,509.616235,6.598252194668882,558.8286,509.2250385,6.524917748104958
2025-08-07,570.2807,571.9266,563.7366,567.8764,78,955,510.015021,6.711948466478252,565.9412,509.616235,6.598252194668882
2025-08-08,569.0636,573.3731,568.7644,573.1537,78,955,510.4244975,6.625145004586951,567.8764,510.015021,6.711948466478252
2025-08-11,573.2933,575.3982,570.1809,571.368,78,955,510.8202275,6.524584647116456,573.1537,510.4244975,6.625145004586951
2025-08-12,573.7622,578.9396,571.0937,578.6104,78,955,511.2494375,6.618964315179569,571.368,510.8202275,6.524584647116456
2025-08-13,581.3437,581.9022,577.533,578.9396,78,955,511.7183415,6.458266864095313,578.6104,511.2494375,6.618964315179569
2025-08-14,576.8746,580.4658,576.5055,578.4508,78,955,512.165132,6.279840659517074,578.9396,511.7183415,6.458266864095313
2025-08-15,578.3909,578.4308,574.1755,575.8271,78,955,512.584151,6.136659183837276,578.4508,512.165132,6.279840659517074
2025-08-18,575.0391,576.3608,573.8432,575.6975,78,955,513.0019259999999,5.878154956420329,575.8271,512.584151,6.136659183837276
2025-08-19,574.9892,575.1588,566.869,567.8965,78,955,513.3571515,6.088893888104589,575.6975,513.0019259999999,5.878154956420329
2025-08-20,566.9488,567.0685,557.4818,564.4748,78,955,513.7138454999999,6.397880038954256,567.8965,513.3571515,6.088893888104589
2025-08-21,562.9784,565.1132,559.6166,561.951,78,955,514.1200094999999,6.33350289331467,564.4748,513.7138454999999,6.397880038954256
2025-08-22,563.2977,572.595,561.9011,570.5999,78,955,514.5520335,6.644959829506479,561.951,514.1200094999999,6.33350289331467
2025-08-25,569.0137,571.8938,567.7768,568.9639,78,955,514.98303,6.464391270256022,570.5999,514.5520335,6.644959829506479
2025-08-26,568.4451,571.5276,567.4176,571.2583,78,955,515.3942555,6.296220465237736,568.9639,514.98303,6.464391270256022
2025-08-27,570.2009,573.009,568.9838,572.1461,78,955,515.7435095,6.134004717720758,571.2583,515.3942555,6.296220465237736
2025-08-28,572.7147,576.5953,571.0687,575.6675,78,955,516.0707325,6.090618666454985,572.1461,515.7435095,6.134004717720758
2025-08-29,573.2584,573.6325,567.1583,568.924,78,955,516.3614565,6.263374475993912,575.6675,516.0707325,6.090618666454985
2025-09-02,559.9458,564.5895,558.1751,564.2454,78,955,516.630427,6.583769156280056,568.924,516.3614565,6.263374475993912
2025-09-03,567.8466,570.3056,565.3477,568.6047,78,955,516.9257635,6.54637135940291,564.2454,516.630427,6.583769156280056
2025-09-04,569.3529,574.2011,567.6421,573.8719,78,955,517.250615,6.547273405159843,568.6047,516.9257635,6.54637135940291
2025-09-05,579.0792,579.7077,570.141,574.6301,78,955,517.597139,6.762946733362718,573.8719,517.250615,6.547273405159843
2025-09-08,576.9644,579.4284,576.3658,577.4133,78,955,518.0182275,6.6226148238368125,574.6301,517.597139,6.762946733362718
2025-09-09,578.2612,579.5281,575.6376,579.0593,78,955,518.429913,6.427463764991324,577.4133,518.0182275,6.6226148238368125
2025-09-10,582.3213,582.3513,577.1439,579.2887,78,955,518.8259565,6.34031635320623,579.0593,518.429913,6.427463764991324
2025-09-11,581.8225,583.4586,580.2065,582.6705,78,955,519.2399025,6.185286613691506,579.2887,518.8259565,6.34031635320623
2025-09-12,583.6182,586.4313,582.6804,585.2342,78,955,519.6577759999999,6.012108998427829,582.6705,519.2399025,6.185286613691506
2025-09-15,587.0099,590.3518,586.8653,590.262,78,955,520.0968645,5.94821549854013,585.2342,519.6577759999999,6.012108998427829
2025-09-16,591.1698,591.4192,589.0549,589.7333,78,955,520.5293355,5.692221534358698,590.262,520.0968645,5.94821549854013
2025-09-17,589.6634,590.3119,582.9448,588.4963,78,955,520.9420615,5.811855710475937,589.7333,520.5293355,5.692221534358698
2025-09-18,593.4642,596.6863,591.5189,593.933,78,955,521.4019385,5.981723159727651,588.4963,520.9420615,5.811855710475937
2025-09-19,595.8783,598.5917,594.4019,597.9931,78,955,521.8594165,5.887221505461388,593.933,521.4019385,5.981723159727651
2025-09-22,596.9744,602.0979,596.9545,601.4687,78,955,522.3072015,5.834091397928427,597.9931,521.8594165,5.887221505461388
2025-09-23,601.5985,601.7982,596.2154,597.3739,78,955,522.7265155,5.816142012362104,601.4687,522.3072015,5.834091397928427
2025-09-24,598.8121,599.1317,592.6,595.2966,78,955,523.1039515,5.867253297193383,597.3739,522.7265155,5.816142012362104
2025-09-25,591.4415,594.3528,587.7463,592.7898,78,955,523.476056,5.987470918822426,595.2966,523.1039515,5.867253297193383
2025-09-26,593.5888,595.5363,590.303,595.2866,78,955,523.8372489999999,5.933601567477966,592.7898,523.476056,5.987470918822426
2025-09-29,598.3427,601.2789,596.6449,597.9831,78,955,524.2325380000001,5.937794312658111,595.2866,523.8372489999999,5.933601567477966
2025-09-30,597.6636,599.9406,595.3365,599.5611,78,955,524.6447075,5.842530433182533,597.9831,524.2325380000001,5.937794312658111
2025-10-01,596.4052,603.0167,595.5762,602.4974,78,955,525.0249175,5.956671116526641,599.5611,524.6447075,5.842530433182533
2025-10-02,606.2825,606.3824,602.1578,604.9242,78,955,525.4343484999999,5.8329517510604525,602.4974,525.0249175,5.956671116526641
2025-10-03,605.7332,606.5477,600.6148,602.3825,78,955,525.8112025,5.840090911698993,604.9242,525.4343484999999,5.8329517510604525
2025-10-06,607.6707,608.5796,605.1939,606.9317,78,955,526.1725554999999,5.865591560863349,602.3825,525.8112025,5.840090911698993
2025-10-07,608.24,608.9291,602.2577,603.6958,78,955,526.5294015,5.923149306515963,606.9317,526.1725554999999,5.865591560863349
2025-10-08,604.6346,610.9665,604.4848,610.6669,78,955,527.017068,6.019402927479112,603.6958,526.5294015,5.923149306515963
2025-10-09,610.6968,610.8267,606.702,609.9178,78,955,527.5127115,5.884067004087744,610.6669,527.017068,6.019402927479112
2025-10-10,610.6169,612.3947,588.2956,588.73,78,955,527.879319,7.185140789510042,609.9178,527.5127115,5.884067004087744
2025-10-13,598.912,602.1778,596.4651,601.2689,78,955,528.2841095,7.632473590259327,588.73,527.879319,7.185140789510042
2025-10-14,594.5475,601.9181,589.3742,597.284,78,955,528.6340255,7.983289762383661,601.2689,528.2841095,7.632473590259327
2025-10-15,603.2364,605.923,595.1668,601.3888,78,955,529.006431,8.181354779356258,597.284,528.6340255,7.983289762383661
2025-10-16,604.335,607.5309,594.7373,599.2016,78,955,529.4026259999999,8.510800866545095,601.3888,529.006431,8.181354779356258
2025-10-17,597.1842,604.7345,595.6062,603.1066,78,955,529.8531715,8.554907947506166,599.2016,529.4026259999999,8.510800866545095
2025-10-20,606.3624,612.0151,606.2875,610.7667,78,955,530.3637085,8.580164522684298,603.1066,529.8531715,8.554907947506166
2025-10-21,610.8566,611.9365,608.5396,610.6269,78,955,530.878721,8.209931342492569,610.7667,530.3637085,8.580164522684298
2025-10-22,610.0377,610.6269,598.9719,604.6047,78,955,531.3218815,8.45600767517167,610.6269,530.878721,8.209931342492569
2025-10-23,604.1353,610.587,603.7458,609.818,78,955,531.7614575,8.34066426980226,604.6047,531.3218815,8.45600767517167
2025-10-24,615.2011,617.6279,614.3422,616.2297,78,955,532.2797079999999,8.302752536244954,609.818,531.7614575,8.34066426980226
2025-10-27,623.7201,627.745,623.2308,627.2756,78,955,532.852442,8.53222021222746,616.2297,532.2797079999999,8.302752536244954
2025-10-28,629.5527,633.8671,628.4441,632.0794,78,955,533.489443,8.393597339925497,627.2756,532.852442,8.53222021222746
2025-10-29,634.776,636.1941,629.4428,635.0556,78,955,534.149335,8.276290387073677,632.0794,533.489443,8.393597339925497
2025-10-30,631.3603,632.6886,625.1883,625.2082,78,955,534.7624775,8.389933930854129,635.0556,534.149335,8.276290387073677
2025-10-31,633.3578,633.3877,625.8874,628.3842,78,955,535.334635,8.374902935793116,625.2082,534.7624775,8.389933930854129
2025-11-03,634.2966,635.0057,629.0433,631.3004,78,955,535.938587,8.249659868950758,628.3842,535.334635,8.374902935793116
2025-11-04,622.4817,626.147,617.6629,618.4469,78,955,536.4350384999999,8.634505592597128,631.3004,535.938587,8.249659868950758
2025-11-05,617.6979,625.7975,616.4195,622.4917,78,955,536.9372865,8.687612335983049,618.4469,536.4350384999999,8.634505592597128
2025-11-06,620.9936,621.2433,609.5183,610.9166,78,955,537.3475794999999,8.99374002626998,622.4917,536.9372865,8.687612335983049
2025-11-07,607.5309,609.1688,597.9032,608.979,78,955,537.742165,9.28085859582213,610.9166,537.3475794999999,8.99374002626998
2025-11-10,618.1273,623.5104,616.0999,622.3819,78,955,538.219088,9.655897267549118,608.979,537.742165,9.28085859582213
2025-11-11,619.7752,621.9224,616.7291,620.724,78,955,538.7652825,9.369961748438465,622.3819,538.219088,9.655897267549118
2025-11-12,624.0397,624.0597,617.0187,620.2446,78,955,539.270225,9.20360733783572,620.724,538.7652825,9.369961748438465
2025-11-13,616.7491,617.3283,605.3038,607.6308,78,955,539.7174715,9.613406813704595,620.2446,539.270225,9.20360733783572
2025-11-14,598.7821,612.5644,596.4052,608.0402,78,955,540.1550735,10.080963469868548,607.6308,539.7174715,9.613406813704595
2025-11-17,605.5235,611.6956,599.1017,602.8769,78,955,540.571088,10.260458936306506,608.0402,540.1550735,10.080963469868548
2025-11-18,598.852,601.5386,590.5826,595.5662,78,955,540.9711205,10.4057332979989,602.8769,540.571088,10.260458936306506
2025-11-19,596.3053,605.3837,593.8285,598.9918,78,955,541.356466,10.487838062427551,595.5662,540.9711205,10.4057332979989
2025-11-20,610.8367,613.2436,584.0011,584.9227,78,955,541.6599735,11.827456772254159,598.9918,541.356466,10.487838062427551
2025-11-21,586.7176,596.2154,579.9962,589.4041,78,955,541.9722565,12.14115271709315,584.9227,541.6599735,11.827456772254159
2025-11-24,594.5176,605.903,594.3977,604.5347,78,955,542.3932765,12.452420380157928,589.4041,541.9722565,12.14115271709315
2025-11-25,602.737,609.4785,596.555,608.1301,78,955,542.801055,12.48606892443237,604.5347,542.3932765,12.452420380157928
2025-11-26,611.7255,615.4008,609.6082,613.5232,78,955,543.2420925,12.113542572687203,608.1301,542.801055,12.48606892443237
2025-11-28,615.3209,618.7265,613.4833,618.2671,78,955,543.7050085,11.62280381749526,613.5232,543.2420925,12.113542572687203
2025-12-01,612.8441,618.6467,611.7355,616.4095,78,955,544.121025,11.28626068767417,618.2671,543.7050085,11.62280381749526
2025-12-02,618.6666,622.9511,616.799,621.2733,78,955,544.5502165,10.947356352840304,616.4095,544.121025,11.28626068767417
2025-12-03,618.8264,623.4205,617.2384,622.7314,78,955,544.9807284999999,10.606980899065995,621.2733,544.5502165,10.947356352840304
2025-12-04,624.1296,624.1396,618.7465,622.0623,78,955,545.406701,10.234560834846995,622.7314,544.9807284999999,10.606980899065995
2025-12-05,623.5803,628.1145,622.9112,624.7089,78,955,545.8576975,9.935820775215065,622.0623,545.406701,10.234560834846995
2025-12-08,626.4067,628.0346,620.8938,623.3806,78,955,546.3572255,9.736176434128268,624.7089,545.8576975,9.935820775215065
2025-12-09,622.2121,625.0684,620.2046,624.3094,78,955,546.8925915,9.388149545976246,623.3806,546.3572255,9.736176434128268
2025-12-10,623.051,628.4041,620.1947,626.7463,78,955,547.4726784999999,9.303953149835083,624.3094,546.8925915,9.388149545976246
2025-12-11,623.021,624.9785,616.9288,624.8187,78,955,548.0371575,9.340635067704007,626.7463,547.4726784999999,9.303953149835083
2025-12-12,621.2833,622.7414,610.577,612.7842,78,955,548.611911,9.690711134296581,624.8187,548.0371575,9.340635067704007
2025-12-15,617.578,617.6279,608.5396,609.7081,78,955,549.1320304999999,9.647681767561112,612.7842,548.611911,9.690711134296581
2025-12-16,607.481,612.7242,606.1328,611.0164,78,955,549.7129195000001,9.429375927021034,609.7081,549.1320304999999,9.647681767561112
2025-12-17,612.2748,612.8641,599.5112,599.5911,78,955,550.2456375,9.70962764651953,611.0164,549.7129195000001,9.429375927021034
2025-12-18,609.019,612.145,606.1427,608.3698,78,955,550.789513,9.91278995748242,599.5911,550.2456375,9.70962764651953
2025-12-19,611.1662,616.829,611.0863,616.4495,78,955,551.4422935,9.808962103376526,608.3698,550.789513,9.91278995748242
2025-12-22,621.35,621.65,617.77,619.16,78,955,552.091313,9.479786238849634,616.4495,551.4422935,9.808962103376526
2025-12-23,618.2,622.41,617.78,622.21,78,955,552.847671,9.13337293607466,619.16,552.091313,9.479786238849634
2025-12-24,621.99,624.28,621.72,623.225,78,955,553.6172135,8.663846297783609,622.21,552.847671,9.13337293607466
2025-12-26,624.66,625.515,623.14,623.84,78,955,554.3629155,8.214642990799065,623.225,553.6172135,8.663846297783609
2025-12-29,620.1,622.78,618.73,620.88,78,955,555.137051,7.992882777170562,623.84,554.3629155,8.214642990799065
2025-12-30,619.84,622.18,619.215,619.42,78,955,555.8478675,7.633748293086946,620.88,555.137051,7.992882777170562
2025-12-31,619.65,619.96,614.05,614.28,78,955,556.5176605,7.510623415009313,619.42,555.8478675,7.633748293086946
2026-01-02,620.06,622.85,610.15,613.09,78,955,557.2213039999999,7.881293171080079,614.28,556.5176605,7.510623415009313
2026-01-05,619.32,620.81,616.72,617.95,78,955,557.9190990000001,7.869772230288639,613.09,557.2213039999999,7.881293171080079
2026-01-06,619.23,624.0213,618.54,623.47,78,955,558.6519565,7.741309928125161,617.95,557.9190990000001,7.869772230288639
2026-01-07,623.04,627.94,622.56,624.06,78,955,559.3786595,7.572644933259086,623.47,558.6519565,7.741309928125161
2026-01-08,623.03,623.42,617.8,620.43,78,955,560.037236,7.478884580883437,624.06,559.3786595,7.572644933259086
2026-01-09,621.41,627.89,619.06,626.67,78,955,560.7120655,7.575392825106052,620.43,560.037236,7.478884580883437
2026-01-12,622.31,628.845,622.26,627.19,78,955,561.434585,7.504650480455623,626.67,560.7120655,7.575392825106052
2026-01-13,627.27,629.47,623.695,626.13,78,955,562.1658545,7.381104017565934,627.19,561.434585,7.504650480455623
2026-01-14,622.24,623.45,614.56,619.65,78,955,562.9273085,7.6803108734540855,626.13,562.1658545,7.381104017565934
2026-01-15,626.6,630.0,620.75,621.66,78,955,563.6992545,7.871002953921653,619.65,562.9273085,7.6803108734540855
2026-01-16,625.5,626.08,618.88,621.04,78,955,564.449666,7.823074171498681,621.66,563.6992545,7.871002953921653
2026-01-20,610.53,615.055,607.05,608.04,78,955,565.1175395,8.26356887353449,621.04,564.449666,7.823074171498681
2026-01-21,609.47,620.42,607.8635,616.12,78,955,565.9527125,8.570206811139164,608.04,565.1175395,8.26356887353449
2026-01-22,622.35,622.46,617.78,620.78,78,955,566.9480934999999,8.410906324629225,616.12,565.9527125,8.570206811139164
2026-01-23,619.73,625.3999,618.65,622.78,78,955,567.9497435,8.29226301572714,620.78,566.9480934999999,8.410906324629225
2026-01-26,623.21,627.61,622.12,625.48,78,955,569.0033075,8.092101371746631,622.78,567.9497435,8.29226301572714
2026-01-27,628.91,632.0427,627.34,631.08,78,955,569.8412364999999,7.982858416621868,625.48,569.0033075,8.092101371746631
2026-01-28,635.46,636.6,631.81,632.97,78,955,570.78303,7.806939958291734,631.08,569.8412364999999,7.982858416621868
2026-01-29,632.65,633.67,618.27,629.36,78,955,571.666666,8.349301389842323,632.97,570.78303,7.806939958291734
2026-01-30,625.71,628.256,619.2975,621.81,78,955,572.496758,8.471672719139299,629.36,571.666666,8.349301389842323
2026-02-02,618.7,628.49,618.66,626.24,78,955,573.3461105,8.568696096343638,621.81,572.496758,8.471672719139299
2026-02-03,628.3,629.98,610.96,616.45,78,955,574.2151195,9.315217803747663,626.24,573.3461105,8.568696096343638
2026-02-04,615.02,615.1,600.47,605.62,78,955,575.0307755,9.791273674908545,616.45,574.2151195,9.315217803747663
2026-02-05,600.21,604.81,594.76,597.04,78,955,575.85749,9.867611269557937,605.62,575.0307755,9.791273674908545
2026-02-06,600.19,611.41,598.77,609.63,78,955,576.6916015,10.189210464589513,597.04,575.85749,9.867611269557937
2026-02-09,607.54,616.46,605.07,614.33,78,955,577.49944,10.27498114569026,609.63,576.6916015,10.189210464589513
2026-02-10,615.305,617.02,611.01,611.48,78,955,578.2291055000001,9.970339635283812,614.33,577.49944,10.27498114569026
2026-02-11,616.38,617.52,607.69,613.0,78,955,578.9398150000001,9.960315375620677,611.48,578.2291055000001,9.970339635283812
2026-02-12,614.71,615.81,599.5699,600.56,78,955,579.5887230000001,10.4088714202192,613.0,578.9398150000001,9.960315375620677
2026-02-13,600.43,606.48,596.42,601.78,78,955,580.2289335,10.383952033060691,600.56,579.5887230000001,10.4088714202192
2026-02-17,598.375,603.95,593.34,601.2,78,955,580.8658955,10.4000983164135,601.78,580.2289335,10.383952033060691
2026-02-18,602.11,609.771,600.72,605.7,78,955,581.4969585,10.303734150955387,601.2,580.8658955,10.4000983164135
2026-02-19,602.81,605.815,600.75,603.5,78,955,582.078807,9.929538854458578,605.7,581.4969585,10.303734150955387
2026-02-20,600.12,610.35,599.23,608.79,78,955,582.701604,10.014571793425823,603.5,582.078807,9.929538854458578
2026-02-23,606.605,608.01,599.05,601.46,78,955,583.310321,9.994959522466837,608.79,582.701604,10.014571793425823
2026-02-24,602.4,608.99,599.73,607.8,78,955,583.941122,9.942462413719205,601.46,583.310321,9.994959522466837
2026-02-25,611.07,616.83,611.0,616.52,78,955,584.591259,9.877286527024983,607.8,583.941122,9.942462413719205
2026-02-26,615.59,615.59,603.98,609.26,78,955,585.2059429999999,10.067480346523196,616.52,584.591259,9.877286527024983
2026-02-27,602.98,608.32,602.19,607.45,78,955,585.7131765,9.85337460748582,609.26,585.2059429999999,10.067480346523196
2026-03-02,598.86,609.92,597.99,608.08,78,955,586.1847975,10.0017049926654,607.45,585.7131765,9.85337460748582
2026-03-03,596.33,603.96,591.87,601.67,78,955,586.608824,10.445154636046446,608.08,586.1847975,10.0017049926654
2026-03-04,604.16,612.88,603.43,610.55,78,955,587.074311,10.499786447757417,601.67,586.608824,10.445154636046446
2026-03-05,607.4,612.76,602.26,608.9,78,955,587.5204375000001,10.49980170148903,610.55,587.074311,10.499786447757417
2026-03-06,600.31,606.0,598.33,599.81,78,955,587.918573,10.50481586566838,608.9,587.5204375000001,10.49980170148903
2026-03-09,594.225,609.27,591.33,607.755,78,955,588.3653515000001,11.035900446692063,599.81,587.918573,10.50481586566838
2026-03-10,607.78,613.29,605.42,607.65,78,955,588.847428,10.809764700499773,607.755,588.3653515000001,11.035900446692063
2026-03-11,608.95,612.43,605.03,607.73,78,955,589.3250714999999,10.566210079035502,607.65,588.847428,10.809764700499773
2026-03-12,602.76,604.14,597.05,597.34,78,955,589.774349,10.57433793053297,607.73,589.3250714999999,10.566210079035502
2026-03-13,599.73,603.5999,592.57,593.69,78,955,590.1459699999999,10.606878078352045,597.34,589.774349,10.57433793053297
2026-03-16,600.04,603.86,599.11,600.31,78,955,590.561951,10.575672501326897,593.69,590.1459699999999,10.606878078352045
2026-03-17,603.14,605.9,601.87,603.4,78,955,590.9883494999999,10.219553036946406,600.31,590.561951,10.575672501326897
2026-03-18,601.49,603.16,594.56,594.78,78,955,591.3757835,10.12101353430738,603.4,590.9883494999999,10.219553036946406
2026-03-19,589.51,595.8,587.08,592.99,78,955,591.7339395,10.020941138999705,594.78,591.3757835,10.12101353430738
2026-03-20,591.06,591.17,578.54,582.11,78,955,592.0167200000001,10.337302486214014,592.99,591.7339395,10.020941138999705
