scenario,scenario_role,spread_usd,commission_rt_usd,sample,entry_model,risk_rule,vol_floor_k,target_r,trades,tp_pct,sl_pct,time_pct,ambiguous_same_bar_pct,avg_gross_R,pf_gross,avg_net_R,pf_net,median_risk_price,min_risk_price,median_entry_delay_minutes,sum_net_R
S10_C6,sensitivity,0.1,6.0,DISPLACEMENT_ORIGIN_ONLY,ACCEPTANCE_RETEST,STRUCTURAL,,0.5,14,21.428571428571427,78.57142857142857,0.0,50.0,-0.8603293828449441,0.11074514876438016,-0.9963818352786479,0.08443616315660422,0.5185170906095209,0.20400000000017826,6.0,-13.949345693901071
S10_C6,sensitivity,0.1,6.0,DISPLACEMENT_ORIGIN_ONLY,ACCEPTANCE_RETEST,STRUCTURAL,,1.0,14,14.285714285714285,85.71428571428571,0.0,42.857142857142854,-0.8960436685592298,0.1375079712011971,-1.0320961209929336,0.11361101212322461,0.5185170906095209,0.20400000000017826,6.0,-14.449345693901071
S10_C6,sensitivity,0.1,6.0,DISPLACEMENT_ORIGIN_ONLY,ACCEPTANCE_RETEST,STRUCTURAL,,1.5,14,14.285714285714285,85.71428571428571,0.0,42.857142857142854,-0.8246150971306584,0.20626195680179563,-0.9606675495643622,0.17495558831748867,0.5185170906095209,0.20400000000017826,6.0,-13.449345693901071
S10_C6,sensitivity,0.1,6.0,DISPLACEMENT_ORIGIN_ONLY,ACCEPTANCE_RETEST,STRUCTURAL,,2.0,14,14.285714285714285,85.71428571428571,0.0,42.857142857142854,-0.7531865257020869,0.2750159424023942,-0.8892389781357908,0.23630016451175273,0.5185170906095209,0.20400000000017826,6.0,-12.449345693901071
S10_C6,sensitivity,0.1,6.0,DISPLACEMENT_ORIGIN_ONLY,ACCEPTANCE_RETEST,STRUCTURAL,,2.5,14,14.285714285714285,85.71428571428571,0.0,42.857142857142854,-0.6817579542735156,0.3437699280029927,-0.8178104067072194,0.29764474070601676,0.5185170906095209,0.20400000000017826,6.0,-11.449345693901071
S10_C6,sensitivity,0.1,6.0,DISPLACEMENT_ORIGIN_ONLY,ACCEPTANCE_RETEST,STRUCTURAL,,3.0,14,14.285714285714285,85.71428571428571,0.0,42.857142857142854,-0.6103293828449442,0.41252391360359125,-0.7463818352786479,0.3589893169002808,0.5185170906095209,0.20400000000017826,6.0,-10.449345693901071
S10_C6,sensitivity,0.1,6.0,DISPLACEMENT_ORIGIN_ONLY,CLEAN_REJECTION,STRUCTURAL,,0.5,932,60.08583690987125,22.854077253218886,17.06008583690987,0.0,0.042552462851249306,1.1595194506494229,0.02219491020660883,1.0813459752486203,3.65625,0.42200000000002547,1.0,20.685656312559427
S10_C6,sensitivity,0.1,6.0,DISPLACEMENT_ORIGIN_ONLY,CLEAN_REJECTION,STRUCTURAL,,1.0,932,37.66094420600859,32.61802575107296,29.721030042918457,0.0,0.045529158010940964,1.1209168751684675,0.02517160536630048,1.0652827472934987,3.65625,0.42200000000002547,1.0,23.459936201392047
S10_C6,sensitivity,0.1,6.0,DISPLACEMENT_ORIGIN_ONLY,CLEAN_REJECTION,STRUCTURAL,,1.5,932,25.321888412017167,37.01716738197425,37.66094420600859,0.0,0.05052317838244862,1.1192351009498889,0.030165625737808142,1.0694601416094835,3.65625,0.42200000000002547,1.0,28.11436318763719
S10_C6,sensitivity,0.1,6.0,DISPLACEMENT_ORIGIN_ONLY,CLEAN_REJECTION,STRUCTURAL,,2.0,932,16.30901287553648,38.8412017167382,44.84978540772532,0.0,0.044045745390145476,1.099345431438419,0.023688192745505002,1.052119791558774,3.65625,0.42200000000002547,1.0,22.07739563881066
S10_C6,sensitivity,0.1,6.0,DISPLACEMENT_ORIGIN_ONLY,CLEAN_REJECTION,STRUCTURAL,,2.5,932,10.944206008583691,40.66523605150215,48.39055793991417,0.0,0.014141005475868001,1.030621750745996,-0.006216547168772477,0.9868739008363979,3.65625,0.42200000000002547,1.0,-5.793821961295949
S10_C6,sensitivity,0.1,6.0,DISPLACEMENT_ORIGIN_ONLY,CLEAN_REJECTION,STRUCTURAL,,3.0,932,9.2274678111588,40.987124463519315,49.78540772532189,0.0,0.037081961293828965,1.079743581394904,0.0167244086491885,1.0350680233083154,3.65625,0.42200000000002547,1.0,15.587148861043683
S10_C6,sensitivity,0.1,6.0,DISPLACEMENT_ORIGIN_ONLY,FAILED_AUCTION,STRUCTURAL,,0.5,158,63.29113924050633,36.708860759493675,0.0,0.0,-0.050694985648497386,0.8619232153051918,-0.09468151728984273,0.7532645613274841,1.615772050958526,0.3859999999997399,3.0,-14.95967973179515
S10_C6,sensitivity,0.1,6.0,DISPLACEMENT_ORIGIN_ONLY,FAILED_AUCTION,STRUCTURAL,,1.0,158,49.36708860759494,48.734177215189874,1.89873417721519,0.0,0.010735293450455216,1.0219639693529088,-0.03325123819089013,0.9348994133451064,1.615772050958526,0.3859999999997399,3.0,-5.253695634160641
S10_C6,sensitivity,0.1,6.0,DISPLACEMENT_ORIGIN_ONLY,FAILED_AUCTION,STRUCTURAL,,1.5,158,39.24050632911392,55.69620253164557,5.063291139240507,0.0,0.04829931716624297,1.0864976744781725,0.004312785524897626,1.0073896762685075,1.615772050958526,0.3859999999997399,3.0,0.6814201129338249
S10_C6,sensitivity,0.1,6.0,DISPLACEMENT_ORIGIN_ONLY,FAILED_AUCTION,STRUCTURAL,,2.0,158,29.746835443037973,63.92405063291139,6.329113924050633,0.0,-0.015626999381952302,0.9756082381405831,-0.05961353102329763,0.9109658836700886,1.615772050958526,0.3859999999997399,3.0,-9.418937901681026
S10_C6,sensitivity,0.1,6.0,DISPLACEMENT_ORIGIN_ONLY,FAILED_AUCTION,STRUCTURAL,,2.5,158,21.518987341772153,68.35443037974683,10.126582278481013,0.0,-0.07767274764508997,0.8866043101817472,-0.1216592792864353,0.8302302351026069,1.615772050958526,0.3859999999997399,3.0,-19.222166127256777
S10_C6,sensitivity,0.1,6.0,DISPLACEMENT_ORIGIN_ONLY,FAILED_AUCTION,STRUCTURAL,,3.0,158,18.9873417721519,69.62025316455697,11.39240506329114,0.0,-0.047271784165979415,0.9322393771728877,-0.09125831580732473,0.8750447838006732,1.615772050958526,0.3859999999997399,3.0,-14.418813897557307
S10_C6,sensitivity,0.1,6.0,DISPLACEMENT_ORIGIN_ONLY,PASSIVE_TOUCH,STRUCTURAL,,0.5,455,52.74725274725275,47.03296703296703,0.21978021978021978,19.78021978021978,-0.20742127268354268,0.5597623795648569,-0.28964111515552476,0.4370009491677578,1.00950247221067,0.2015000000001237,3.0,-131.78670739576376
S10_C6,sensitivity,0.1,6.0,DISPLACEMENT_ORIGIN_ONLY,PASSIVE_TOUCH,STRUCTURAL,,1.0,455,43.2967032967033,55.824175824175825,0.8791208791208791,17.802197802197803,-0.12375473524373974,0.7787139114568031,-0.2059745777157218,0.6614984111000175,1.00950247221067,0.2015000000001237,3.0,-93.71843286065342
S10_C6,sensitivity,0.1,6.0,DISPLACEMENT_ORIGIN_ONLY,PASSIVE_TOUCH,STRUCTURAL,,1.5,455,34.94505494505494,63.29670329670329,1.7582417582417582,16.923076923076923,-0.10526432117462252,0.8344152565304827,-0.1874841636466046,0.7284384510559153,1.00950247221067,0.2015000000001237,3.0,-85.3052944592051
S10_C6,sensitivity,0.1,6.0,DISPLACEMENT_ORIGIN_ONLY,PASSIVE_TOUCH,STRUCTURAL,,2.0,455,29.89010989010989,67.25274725274726,2.857142857142857,16.923076923076923,-0.06551971191480836,0.9031587081976675,-0.14773955438679043,0.7987108505527089,1.00950247221067,0.2015000000001237,3.0,-67.22149724598964
S10_C6,sensitivity,0.1,6.0,DISPLACEMENT_ORIGIN_ONLY,PASSIVE_TOUCH,STRUCTURAL,,2.5,455,25.934065934065938,70.54945054945055,3.5164835164835164,16.923076923076923,-0.04165777573046235,0.9414413717528151,-0.12387761820244439,0.8393536505417514,1.00950247221067,0.2015000000001237,3.0,-56.3643162821122
S10_C6,sensitivity,0.1,6.0,DISPLACEMENT_ORIGIN_ONLY,PASSIVE_TOUCH,STRUCTURAL,,3.0,455,21.0989010989011,73.84615384615385,5.054945054945055,16.923076923076923,-0.06446512040319889,0.9133944027109016,-0.14668496287518096,0.8180961919162343,1.00950247221067,0.2015000000001237,3.0,-66.74165810820733
S10_C6,sensitivity,0.1,6.0,DISPLACEMENT_ORIGIN_ONLY,RECLAIM_PULLBACK,STRUCTURAL,,0.5,787,56.5438373570521,30.241423125794153,13.214739517153747,2.1601016518424396,-0.03905593683307531,0.8817975462707178,-0.06817008349960565,0.8006449777537784,2.913914003678201,0.2984999999998763,3.0,-53.64985571418965
S10_C6,sensitivity,0.1,6.0,DISPLACEMENT_ORIGIN_ONLY,RECLAIM_PULLBACK,STRUCTURAL,,1.0,787,36.72172808132147,40.02541296060991,23.252858958068614,2.1601016518424396,-0.033914255823552834,0.9225922072988998,-0.06302840249008317,0.8609635928836297,2.913914003678201,0.2984999999998763,3.0,-49.603352759695454
S10_C6,sensitivity,0.1,6.0,DISPLACEMENT_ORIGIN_ONLY,RECLAIM_PULLBACK,STRUCTURAL,,1.5,787,24.396442185514612,45.48919949174079,30.1143583227446,2.1601016518424396,-0.05523381060741518,0.88855598939421,-0.0843479572739455,0.8356388425587223,2.913914003678201,0.2984999999998763,3.0,-66.38184237459511
S10_C6,sensitivity,0.1,6.0,DISPLACEMENT_ORIGIN_ONLY,RECLAIM_PULLBACK,STRUCTURAL,,2.0,787,17.78907242693774,47.77636594663278,34.43456162642948,2.1601016518424396,-0.043256005349917,0.9167124447933349,-0.07237015201644731,0.8654491633183253,2.913914003678201,0.2984999999998763,3.0,-56.95530963694404
S10_C6,sensitivity,0.1,6.0,DISPLACEMENT_ORIGIN_ONLY,RECLAIM_PULLBACK,STRUCTURAL,,2.5,787,12.706480304955528,50.19059720457433,37.10292249047014,2.1601016518424396,-0.06684872747955593,0.8770474649735917,-0.09596287414608627,0.829625475508332,2.913914003678201,0.2984999999998763,3.0,-75.5227819529699
S10_C6,sensitivity,0.1,6.0,DISPLACEMENT_ORIGIN_ONLY,RECLAIM_PULLBACK,STRUCTURAL,,3.0,787,10.038119440914867,50.69885641677255,39.26302414231258,2.1601016518424396,-0.05574008438802853,0.8984587099148349,-0.08485423105455886,0.8508725596150235,2.913914003678201,0.2984999999998763,3.0,-66.78027983993782
S10_C6,sensitivity,0.1,6.0,DISPLACEMENT_ORIGIN_ONLY,TOUCH_NEXT_OPEN,VOL_FLOOR_0.25,0.25,0.5,1140,65.17543859649123,21.403508771929825,13.421052631578947,0.3508771929824561,0.09121167416642986,1.3760272090040282,0.06075436631159153,1.2419185609410663,2.922001821953245,0.14000000000010004,1.0,69.25997759521434
S10_C6,sensitivity,0.1,6.0,DISPLACEMENT_ORIGIN_ONLY,TOUCH_NEXT_OPEN,VOL_FLOOR_0.25,0.25,1.0,1140,43.24561403508772,33.33333333333333,23.42105263157895,0.08771929824561403,0.09647296974169985,1.2595220956465933,0.06601566188686149,1.171535628553656,2.922001821953245,0.14000000000010004,1.0,75.2578545510221
S10_C6,sensitivity,0.1,6.0,DISPLACEMENT_ORIGIN_ONLY,TOUCH_NEXT_OPEN,VOL_FLOOR_0.25,0.25,1.5,1140,30.0,39.3859649122807,30.614035087719298,0.08771929824561403,0.09376759252407908,1.2152560783809585,0.06331028466924074,1.1401563279778528,2.922001821953245,0.14000000000010004,1.0,72.17372452293445
S10_C6,sensitivity,0.1,6.0,DISPLACEMENT_ORIGIN_ONLY,TOUCH_NEXT_OPEN,VOL_FLOOR_0.25,0.25,2.0,1140,21.842105263157897,42.368421052631575,35.78947368421053,0.08771929824561403,0.0991588704142381,1.212610057439842,0.06870156255939974,1.1420152952394185,2.922001821953245,0.14000000000010004,1.0,78.31978131771571
S10_C6,sensitivity,0.1,6.0,DISPLACEMENT_ORIGIN_ONLY,TOUCH_NEXT_OPEN,VOL_FLOOR_0.25,0.25,2.5,1140,16.57894736842105,44.56140350877193,38.859649122807014,0.08771929824561403,0.09631203531192646,1.1972321019234593,0.06585472745708812,1.1299511839950984,2.922001821953245,0.14000000000010004,1.0,75.07438930108046
S10_C6,sensitivity,0.1,6.0,DISPLACEMENT_ORIGIN_ONLY,TOUCH_NEXT_OPEN,VOL_FLOOR_0.25,0.25,3.0,1140,13.07017543859649,46.05263157894737,40.87719298245614,0.0,0.09270265485159289,1.1841475696035686,0.062245346996754526,1.1191275088076615,2.922001821953245,0.14000000000010004,1.0,70.95969557630016
S10_C6,sensitivity,0.1,6.0,DISPLACEMENT_ORIGIN_ONLY,TOUCH_NEXT_OPEN,VOL_FLOOR_0.50,0.5,0.5,1140,65.35087719298247,21.228070175438596,13.421052631578947,0.08771929824561403,0.09384325311379901,1.389694599732579,0.06899903443076935,1.2785030335119334,3.084239185541686,0.14000000000010004,1.0,78.65889925107706
S10_C6,sensitivity,0.1,6.0,DISPLACEMENT_ORIGIN_ONLY,TOUCH_NEXT_OPEN,VOL_FLOOR_0.50,0.5,1.0,1140,42.89473684210526,33.68421052631579,23.42105263157895,0.17543859649122806,0.08941696973058413,1.2382787978525727,0.06457275104755444,1.1671466423275274,3.084239185541686,0.14000000000010004,1.0,73.61293619421207
S10_C6,sensitivity,0.1,6.0,DISPLACEMENT_ORIGIN_ONLY,TOUCH_NEXT_OPEN,VOL_FLOOR_0.50,0.5,1.5,1140,29.561403508771928,39.64912280701755,30.789473684210527,0.0,0.08583273058513836,1.195843936329344,0.0609885119021087,1.1350606727582198,3.084239185541686,0.14000000000010004,1.0,69.52690356840392
S10_C6,sensitivity,0.1,6.0,DISPLACEMENT_ORIGIN_ONLY,TOUCH_NEXT_OPEN,VOL_FLOOR_0.50,0.5,2.0,1140,20.701754385964914,42.89473684210526,36.40350877192983,0.0,0.07617109389359705,1.1614883818233492,0.051326875210567384,1.1055780982794234,3.084239185541686,0.14000000000010004,1.0,58.51263774004682
S10_C6,sensitivity,0.1,6.0,DISPLACEMENT_ORIGIN_ONLY,TOUCH_NEXT_OPEN,VOL_FLOOR_0.50,0.5,2.5,1140,14.561403508771932,45.35087719298246,40.08771929824562,0.0,0.05325537926859259,1.1073171446922323,0.02841116058556293,1.0555330538173398,3.084239185541686,0.14000000000010004,1.0,32.38872306754174
S10_C6,sensitivity,0.1,6.0,DISPLACEMENT_ORIGIN_ONLY,TOUCH_NEXT_OPEN,VOL_FLOOR_0.50,0.5,3.0,1140,10.789473684210527,46.228070175438596,42.98245614035088,0.0,0.050146953350298444,1.0992617029073637,0.025302734667268772,1.0485796027258216,3.084239185541686,0.14000000000010004,1.0,28.8451175206864
S10_C6,sensitivity,0.1,6.0,DISPLACEMENT_ORIGIN_ONLY,TOUCH_NEXT_OPEN,VOL_FLOOR_0.75,0.75,0.5,1140,64.73684210526316,21.75438596491228,13.508771929824562,0.0,0.0851176159145333,1.3453498951783507,0.06421570291660389,1.254376732501468,3.465852352323557,0.14000000000010004,1.0,73.20590132492843
S10_C6,sensitivity,0.1,6.0,DISPLACEMENT_ORIGIN_ONLY,TOUCH_NEXT_OPEN,VOL_FLOOR_0.75,0.75,1.0,1140,42.63157894736842,33.33333333333333,24.035087719298247,0.0,0.09112413736523466,1.2446062588976916,0.07022222436730526,1.1839366590501743,3.465852352323557,0.14000000000010004,1.0,80.05333577872798
S10_C6,sensitivity,0.1,6.0,DISPLACEMENT_ORIGIN_ONLY,TOUCH_NEXT_OPEN,VOL_FLOOR_0.75,0.75,1.5,1140,27.631578947368425,38.59649122807017,33.771929824561404,0.0,0.07658391953949109,1.1773399729174356,0.05568200654156169,1.1257133092709213,3.465852352323557,0.14000000000010004,1.0,63.47748745738033
S10_C6,sensitivity,0.1,6.0,DISPLACEMENT_ORIGIN_ONLY,TOUCH_NEXT_OPEN,VOL_FLOOR_0.75,0.75,2.0,1140,17.982456140350877,41.14035087719298,40.87719298245614,0.0,0.06579288431982683,1.1435770346941194,0.04489097132189741,1.0954841133428062,3.465852352323557,0.14000000000010004,1.0,51.17570730696305
S10_C6,sensitivity,0.1,6.0,DISPLACEMENT_ORIGIN_ONLY,TOUCH_NEXT_OPEN,VOL_FLOOR_0.75,0.75,2.5,1140,12.105263157894736,42.10526315789473,45.78947368421053,0.0,0.059821707005513515,1.1275240304610799,0.0389197940075841,1.0808542705211255,3.465852352323557,0.14000000000010004,1.0,44.36856516864587
S10_C6,sensitivity,0.1,6.0,DISPLACEMENT_ORIGIN_ONLY,TOUCH_NEXT_OPEN,VOL_FLOOR_0.75,0.75,3.0,1140,8.859649122807017,42.54385964912281,48.59649122807018,0.0,0.06647231533047424,1.140388770409658,0.045570402332544835,1.093792992947434,3.465852352323557,0.14000000000010004,1.0,51.95025865910111
S10_C6,sensitivity,0.1,6.0,DISPLACEMENT_ORIGIN_ONLY,TOUCH_NEXT_OPEN,VOL_FLOOR_1.00,1.0,0.5,1140,64.03508771929825,22.105263157894736,13.859649122807017,0.0,0.07822676150124863,1.3128085566022158,0.06030800179509684,1.236222016594071,3.894623401194856,0.1548749616692585,1.0,68.7511220464104
S10_C6,sensitivity,0.1,6.0,DISPLACEMENT_ORIGIN_ONLY,TOUCH_NEXT_OPEN,VOL_FLOOR_1.00,1.0,1.0,1140,40.70175438596491,32.45614035087719,26.842105263157894,0.0,0.08355167327773311,1.2276312268540734,0.06563291357158131,1.174983391310788,3.894623401194856,0.1548749616692585,1.0,74.8215214716027
S10_C6,sensitivity,0.1,6.0,DISPLACEMENT_ORIGIN_ONLY,TOUCH_NEXT_OPEN,VOL_FLOOR_1.00,1.0,1.5,1140,23.684210526315788,37.01754385964912,39.29824561403509,0.0,0.05583029291653565,1.133383294968526,0.03791153321038387,1.0885854160178863,3.894623401194856,0.1548749616692585,1.0,43.219147859837605
S10_C6,sensitivity,0.1,6.0,DISPLACEMENT_ORIGIN_ONLY,TOUCH_NEXT_OPEN,VOL_FLOOR_1.00,1.0,2.0,1140,13.859649122807017,38.07017543859649,48.07017543859649,0.0,0.04991099745336363,1.1156996610387395,0.03199223774721182,1.0725097356008026,3.894623401194856,0.1548749616692585,1.0,36.47115103182148
S10_C6,sensitivity,0.1,6.0,DISPLACEMENT_ORIGIN_ONLY,TOUCH_NEXT_OPEN,VOL_FLOOR_1.00,1.0,2.5,1140,7.894736842105263,38.859649122807014,53.24561403508772,0.0,0.027817094202567824,1.0631964122325817,0.009898334496416018,1.0219847546089411,3.894623401194856,0.1548749616692585,1.0,11.28410132591426
S10_C6,sensitivity,0.1,6.0,DISPLACEMENT_ORIGIN_ONLY,TOUCH_NEXT_OPEN,VOL_FLOOR_1.00,1.0,3.0,1140,5.263157894736842,39.122807017543856,55.614035087719294,0.0,0.027118745421797284,1.0612437152450638,0.009199985715645478,1.0203092054102922,3.894623401194856,0.1548749616692585,1.0,10.487983715835846
S10_C6,sensitivity,0.1,6.0,DOZ_OBJECTIVE_ONLY,ACCEPTANCE_RETEST,STRUCTURAL,,0.5,2,50.0,50.0,0.0,0.0,-0.25,0.5,-0.29604900492562786,0.4421376856990756,1.4651327058796824,0.9776853754540298,10.0,-0.5920980098512557
S10_C6,sensitivity,0.1,6.0,DOZ_OBJECTIVE_ONLY,ACCEPTANCE_RETEST,STRUCTURAL,,1.0,2,50.0,50.0,0.0,0.0,0.0,1.0,-0.04604900492562786,0.9132271886354798,1.4651327058796824,0.9776853754540298,10.0,-0.09209800985125571
S10_C6,sensitivity,0.1,6.0,DOZ_OBJECTIVE_ONLY,ACCEPTANCE_RETEST,STRUCTURAL,,1.5,2,50.0,50.0,0.0,0.0,0.25,1.5,0.2039509950743722,1.384316691571884,1.4651327058796824,0.9776853754540298,10.0,0.4079019901487444
S10_C6,sensitivity,0.1,6.0,DOZ_OBJECTIVE_ONLY,ACCEPTANCE_RETEST,STRUCTURAL,,2.0,2,50.0,50.0,0.0,0.0,0.5,2.0,0.4539509950743722,1.8554061945082883,1.4651327058796824,0.9776853754540298,10.0,0.9079019901487444
S10_C6,sensitivity,0.1,6.0,DOZ_OBJECTIVE_ONLY,ACCEPTANCE_RETEST,STRUCTURAL,,2.5,2,50.0,50.0,0.0,0.0,0.75,2.5,0.7039509950743721,2.326495697444692,1.4651327058796824,0.9776853754540298,10.0,1.4079019901487442
S10_C6,sensitivity,0.1,6.0,DOZ_OBJECTIVE_ONLY,ACCEPTANCE_RETEST,STRUCTURAL,,3.0,2,50.0,50.0,0.0,0.0,1.0,3.0,0.9539509950743721,2.7975852003810964,1.4651327058796824,0.9776853754540298,10.0,1.9079019901487442
S10_C6,sensitivity,0.1,6.0,DOZ_OBJECTIVE_ONLY,CLEAN_REJECTION,STRUCTURAL,,0.5,16,81.25,18.75,0.0,0.0,0.21874999999999523,2.1666666666666416,0.1917265811144776,1.9932561009665628,2.181681265027464,1.2259999999998854,1.0,3.0676252978316416
S10_C6,sensitivity,0.1,6.0,DOZ_OBJECTIVE_ONLY,CLEAN_REJECTION,STRUCTURAL,,1.0,16,68.75,25.0,6.25,0.0,0.44807121661721405,2.792284866468856,0.4210477977316964,2.636290984133705,2.181681265027464,1.2259999999998854,1.0,6.736764763707143
S10_C6,sensitivity,0.1,6.0,DOZ_OBJECTIVE_ONLY,CLEAN_REJECTION,STRUCTURAL,,1.5,16,56.25,37.5,6.25,0.0,0.4793212166172157,2.278189910979242,0.4522977977316981,2.1712619253055414,2.181681265027464,1.2259999999998854,1.0,7.2367647637071695
S10_C6,sensitivity,0.1,6.0,DOZ_OBJECTIVE_ONLY,CLEAN_REJECTION,STRUCTURAL,,2.0,16,50.0,37.5,12.5,0.0,0.6224741647931934,2.6039136650681107,0.5954507459076758,2.4842265040167706,2.181681265027464,1.2259999999998854,1.0,9.527211934522812
S10_C6,sensitivity,0.1,6.0,DOZ_OBJECTIVE_ONLY,CLEAN_REJECTION,STRUCTURAL,,2.5,16,43.75,37.5,18.75,0.0,0.7465940395516104,2.9237302526331668,0.7195706206660929,2.7936089492614498,2.181681265027464,1.2259999999998854,1.0,11.513129930657486
S10_C6,sensitivity,0.1,6.0,DOZ_OBJECTIVE_ONLY,CLEAN_REJECTION,STRUCTURAL,,3.0,16,25.0,56.25,18.75,0.0,0.21534403955160997,1.3741229022442039,0.18832062066609237,1.3168539173476832,2.181681265027464,1.2259999999998854,1.0,3.013129930657478
S10_C6,sensitivity,0.1,6.0,DOZ_OBJECTIVE_ONLY,FAILED_AUCTION,STRUCTURAL,,0.5,20,65.0,35.0,0.0,0.0,-0.024999999999999262,0.9285714285714307,-0.06113807149162177,0.8328630570791329,1.6703963216865532,0.7047510204322407,2.0,-1.2227614298324354
S10_C6,sensitivity,0.1,6.0,DOZ_OBJECTIVE_ONLY,FAILED_AUCTION,STRUCTURAL,,1.0,20,55.00000000000001,45.0,0.0,0.0,0.1,1.2222222222222223,0.06386192850837746,1.1363246393242405,1.6703963216865532,0.7047510204322407,2.0,1.2772385701675493
S10_C6,sensitivity,0.1,6.0,DOZ_OBJECTIVE_ONLY,FAILED_AUCTION,STRUCTURAL,,1.5,20,45.0,50.0,5.0,0.0,0.21190675102903805,1.423813502058076,0.1757686795374155,1.338092005666452,1.6703963216865532,0.7047510204322407,2.0,3.51537359074831
S10_C6,sensitivity,0.1,6.0,DOZ_OBJECTIVE_ONLY,FAILED_AUCTION,STRUCTURAL,,2.0,20,30.0,65.0,5.0,0.0,-0.013093248970962135,0.9798565400446737,-0.04923132046258464,0.9268219486573623,1.6703963216865532,0.7047510204322407,2.0,-0.9846264092516928
S10_C6,sensitivity,0.1,6.0,DOZ_OBJECTIVE_ONLY,FAILED_AUCTION,STRUCTURAL,,2.5,20,25.0,70.0,5.0,0.0,-0.03809324897096724,0.9455810728986183,-0.07423132046258979,0.8976634136169183,1.6703963216865532,0.7047510204322407,2.0,-1.4846264092517958
S10_C6,sensitivity,0.1,6.0,DOZ_OBJECTIVE_ONLY,FAILED_AUCTION,STRUCTURAL,,3.0,20,20.0,70.0,10.0,0.0,0.0415931108435371,1.0594187297764817,0.005455039351914548,1.0075204119013572,1.6703963216865532,0.7047510204322407,2.0,0.10910078703829096
S10_C6,sensitivity,0.1,6.0,DOZ_OBJECTIVE_ONLY,PASSIVE_TOUCH,STRUCTURAL,,0.5,32,50.0,50.0,0.0,40.625,-0.2500000000000098,0.49999999999998035,-0.3476376589468863,0.37771643906499175,0.714184005194852,0.20250000000010004,0.0,-11.124405086300362
S10_C6,sensitivity,0.1,6.0,DOZ_OBJECTIVE_ONLY,PASSIVE_TOUCH,STRUCTURAL,,1.0,32,46.875,53.125,0.0,40.625,-0.0625,0.8823529411764706,-0.16013765894687643,0.7290847755861821,0.714184005194852,0.20250000000010004,0.0,-5.124405086300046
S10_C6,sensitivity,0.1,6.0,DOZ_OBJECTIVE_ONLY,PASSIVE_TOUCH,STRUCTURAL,,1.5,32,31.25,68.75,0.0,37.5,-0.2187499999999872,0.6818181818182004,-0.3163876589468637,0.5852684041141714,0.714184005194852,0.20250000000010004,0.0,-10.124405086299639
S10_C6,sensitivity,0.1,6.0,DOZ_OBJECTIVE_ONLY,PASSIVE_TOUCH,STRUCTURAL,,2.0,32,31.25,68.75,0.0,34.375,-0.0625,0.9090909090909091,-0.16013765894687648,0.790086164935995,0.714184005194852,0.20250000000010004,0.0,-5.124405086300047
S10_C6,sensitivity,0.1,6.0,DOZ_OBJECTIVE_ONLY,PASSIVE_TOUCH,STRUCTURAL,,2.5,32,25.0,75.0,0.0,34.375,-0.12500000000001577,0.8333333333333123,-0.22263765894689225,0.7322532623314422,0.714184005194852,0.20250000000010004,0.0,-7.124405086300552
S10_C6,sensitivity,0.1,6.0,DOZ_OBJECTIVE_ONLY,PASSIVE_TOUCH,STRUCTURAL,,3.0,32,21.875,75.0,3.125,34.375,-0.10480739922213075,0.8622871292897837,-0.20244505816900724,0.7603274742240994,0.714184005194852,0.20250000000010004,0.0,-6.4782418614082316
S10_C6,sensitivity,0.1,6.0,DOZ_OBJECTIVE_ONLY,RECLAIM_PULLBACK,STRUCTURAL,,0.5,25,56.00000000000001,44.0,0.0,16.0,-0.16000000000000003,0.6363636363636362,-0.20639647116123172,0.5558516963782534,1.3755282437032292,0.4467510204322025,3.0,-5.159911779030793
S10_C6,sensitivity,0.1,6.0,DOZ_OBJECTIVE_ONLY,RECLAIM_PULLBACK,STRUCTURAL,,1.0,25,44.0,56.00000000000001,0.0,16.0,-0.12,0.7857142857142857,-0.1663964711612317,0.7176760926203967,1.3755282437032292,0.4467510204322025,3.0,-4.159911779030793
S10_C6,sensitivity,0.1,6.0,DOZ_OBJECTIVE_ONLY,RECLAIM_PULLBACK,STRUCTURAL,,1.5,25,44.0,56.00000000000001,0.0,16.0,0.09999999999999694,1.1785714285714233,0.053603528838765326,1.0909487899922574,1.3755282437032292,0.4467510204322025,3.0,1.3400882209691332
S10_C6,sensitivity,0.1,6.0,DOZ_OBJECTIVE_ONLY,RECLAIM_PULLBACK,STRUCTURAL,,2.0,25,36.0,60.0,4.0,16.0,0.17021082073286803,1.2836847012214467,0.12381434957163627,1.1966399985977634,1.3755282437032292,0.4467510204322025,3.0,3.0953587392909068
S10_C6,sensitivity,0.1,6.0,DOZ_OBJECTIVE_ONLY,RECLAIM_PULLBACK,STRUCTURAL,,2.5,25,28.000000000000004,64.0,8.0,16.0,0.10618978760079266,1.164885589348468,0.05979331643956096,1.088473091448357,1.3755282437032292,0.4467510204322025,3.0,1.4948329109890242
S10_C6,sensitivity,0.1,6.0,DOZ_OBJECTIVE_ONLY,RECLAIM_PULLBACK,STRUCTURAL,,3.0,25,24.0,68.0,8.0,16.0,0.0861897876007856,1.1260045867392832,0.039793316439553826,1.0554122304008176,1.3755282437032292,0.4467510204322025,3.0,0.9948329109888456
S10_C6,sensitivity,0.1,6.0,DOZ_OBJECTIVE_ONLY,TOUCH_NEXT_OPEN,VOL_FLOOR_0.25,0.25,0.5,36,80.55555555555556,19.444444444444446,0.0,0.0,0.20833333333332577,2.0714285714285228,0.1659541924634794,1.824229458687574,1.8124176618892216,0.6572293906875213,1.0,5.974350928685258
S10_C6,sensitivity,0.1,6.0,DOZ_OBJECTIVE_ONLY,TOUCH_NEXT_OPEN,VOL_FLOOR_0.25,0.25,1.0,36,66.66666666666666,30.555555555555557,2.7777777777777777,0.0,0.3658094296076563,2.19719449689779,0.32343028873781,2.0182169625590767,1.8124176618892216,0.6572293906875213,1.0,11.643490394561159
S10_C6,sensitivity,0.1,6.0,DOZ_OBJECTIVE_ONLY,TOUCH_NEXT_OPEN,VOL_FLOOR_0.25,0.25,1.5,36,52.77777777777778,41.66666666666667,5.555555555555555,0.0,0.3671519934136233,1.8554074561373564,0.3247728525437769,1.7241203640666074,1.8124176618892216,0.6572293906875213,1.0,11.691822691575968
S10_C6,sensitivity,0.1,6.0,DOZ_OBJECTIVE_ONLY,TOUCH_NEXT_OPEN,VOL_FLOOR_0.25,0.25,2.0,36,41.66666666666667,50.0,8.333333333333332,0.0,0.31966441482516195,1.6166755767055832,0.2772852739553156,1.5089729052441245,1.8124176618892216,0.6572293906875213,1.0,9.982269862391362
S10_C6,sensitivity,0.1,6.0,DOZ_OBJECTIVE_ONLY,TOUCH_NEXT_OPEN,VOL_FLOOR_0.25,0.25,2.5,36,41.66666666666667,50.0,8.333333333333332,0.0,0.5279977481584864,2.0185785490792587,0.48561860728863987,1.891380598279213,1.8124176618892216,0.6572293906875213,1.0,17.482269862391036
S10_C6,sensitivity,0.1,6.0,DOZ_OBJECTIVE_ONLY,TOUCH_NEXT_OPEN,VOL_FLOOR_0.25,0.25,3.0,36,30.555555555555557,61.111111111111114,8.333333333333332,0.0,0.2918866370473804,1.4636960713915963,0.24950749617753398,1.3782333965734415,1.8124176618892216,0.6572293906875213,1.0,8.982269862391224
S10_C6,sensitivity,0.1,6.0,DOZ_OBJECTIVE_ONLY,TOUCH_NEXT_OPEN,VOL_FLOOR_0.50,0.5,0.5,36,77.77777777777779,22.22222222222222,0.0,0.0,0.16666666666666713,1.7500000000000038,0.13912182104220708,1.6130760065822818,2.135688091079541,1.2259999999998854,1.0,5.008385557519455
S10_C6,sensitivity,0.1,6.0,DOZ_OBJECTIVE_ONLY,TOUCH_NEXT_OPEN,VOL_FLOOR_0.50,0.5,1.0,36,58.333333333333336,38.88888888888889,2.7777777777777777,0.0,0.19914276294099353,1.5120813904197046,0.1715979173165335,1.4295246643633093,2.135688091079541,1.2259999999998854,1.0,6.177525023395207
S10_C6,sensitivity,0.1,6.0,DOZ_OBJECTIVE_ONLY,TOUCH_NEXT_OPEN,VOL_FLOOR_0.50,0.5,1.5,36,47.22222222222222,47.22222222222222,5.555555555555555,0.0,0.2283612491433293,1.4711681338029177,0.20081640351886926,1.402661126532201,2.135688091079541,1.2259999999998854,1.0,7.2293905266792935
S10_C6,sensitivity,0.1,6.0,DOZ_OBJECTIVE_ONLY,TOUCH_NEXT_OPEN,VOL_FLOOR_0.50,0.5,2.0,36,36.11111111111111,52.77777777777778,11.11111111111111,0.0,0.2250850086907072,1.4122082205565072,0.1975401630662471,1.3513066847921116,2.135688091079541,1.2259999999998854,1.0,7.111445870384896
S10_C6,sensitivity,0.1,6.0,DOZ_OBJECTIVE_ONLY,TOUCH_NEXT_OPEN,VOL_FLOOR_0.50,0.5,2.5,36,33.33333333333333,52.77777777777778,13.88888888888889,0.0,0.35824761969893265,1.6560748523133344,0.3307027740744727,1.58812392076793,2.135688091079541,1.2259999999998854,1.0,11.905299866681016
S10_C6,sensitivity,0.1,6.0,DOZ_OBJECTIVE_ONLY,TOUCH_NEXT_OPEN,VOL_FLOOR_0.50,0.5,3.0,36,16.666666666666664,63.888888888888886,19.444444444444446,0.0,-0.005675261820082162,0.991363930771911,-0.033220107444542214,0.9509258769729579,2.135688091079541,1.2259999999998854,1.0,-1.1959238680035198
S10_C6,sensitivity,0.1,6.0,DOZ_OBJECTIVE_ONLY,TOUCH_NEXT_OPEN,VOL_FLOOR_0.75,0.75,0.5,36,75.0,25.0,0.0,0.0,0.12499999999999997,1.4999999999999973,0.10497080863417163,1.4125374877950039,3.091272917375063,1.2259999999998854,1.0,3.7789491108301787
S10_C6,sensitivity,0.1,6.0,DOZ_OBJECTIVE_ONLY,TOUCH_NEXT_OPEN,VOL_FLOOR_0.75,0.75,1.0,36,58.333333333333336,36.11111111111111,5.555555555555555,0.0,0.21862175374254575,1.591813470279186,0.1985925623767174,1.526509770492472,3.091272917375063,1.2259999999998854,1.0,7.149332245561826
S10_C6,sensitivity,0.1,6.0,DOZ_OBJECTIVE_ONLY,TOUCH_NEXT_OPEN,VOL_FLOOR_0.75,0.75,1.5,36,44.44444444444444,44.44444444444444,11.11111111111111,0.0,0.24375374406098022,1.5332782639394116,0.22372455269515193,1.4792339114670792,3.091272917375063,1.2259999999998854,1.0,8.05408389702547
S10_C6,sensitivity,0.1,6.0,DOZ_OBJECTIVE_ONLY,TOUCH_NEXT_OPEN,VOL_FLOOR_0.75,0.75,2.0,36,27.77777777777778,50.0,22.22222222222222,0.0,0.13429983355569788,1.2563902075910802,0.1142706421898696,1.2137127852719058,3.091272917375063,1.2259999999998854,1.0,4.1137431188353055
S10_C6,sensitivity,0.1,6.0,DOZ_OBJECTIVE_ONLY,TOUCH_NEXT_OPEN,VOL_FLOOR_0.75,0.75,2.5,36,16.666666666666664,52.77777777777778,30.555555555555557,0.0,0.133568497174827,1.2421526147259627,0.11353930580899865,1.2016322798727768,3.091272917375063,1.2259999999998854,1.0,4.087415009123951
S10_C6,sensitivity,0.1,6.0,DOZ_OBJECTIVE_ONLY,TOUCH_NEXT_OPEN,VOL_FLOOR_0.75,0.75,3.0,36,11.11111111111111,55.55555555555556,33.33333333333333,0.0,0.08972314172531873,1.1548643912248395,0.06969395035949043,1.1176789473482391,3.091272917375063,1.2259999999998854,1.0,2.5089822129416555
S10_C6,sensitivity,0.1,6.0,DOZ_OBJECTIVE_ONLY,TOUCH_NEXT_OPEN,VOL_FLOOR_1.00,1.0,0.5,36,75.0,25.0,0.0,0.0,0.12499999999999795,1.4999999999999885,0.10954795241023046,1.4323221154241323,4.014838441682392,1.2699842937567116,1.0,3.9437262867682965
S10_C6,sensitivity,0.1,6.0,DOZ_OBJECTIVE_ONLY,TOUCH_NEXT_OPEN,VOL_FLOOR_1.00,1.0,1.0,36,50.0,36.11111111111111,13.88888888888889,0.0,0.17759567927042516,1.4792217260288612,0.16214363168065765,1.4308407751396999,4.014838441682392,1.2699842937567116,1.0,5.837170740503676
S10_C6,sensitivity,0.1,6.0,DOZ_OBJECTIVE_ONLY,TOUCH_NEXT_OPEN,VOL_FLOOR_1.00,1.0,1.5,36,30.555555555555557,41.66666666666667,27.77777777777778,0.0,0.10107910835196801,1.2213112377767934,0.08562706076220057,1.1846582044512421,4.014838441682392,1.2699842937567116,1.0,3.0825741874392207
S10_C6,sensitivity,0.1,6.0,DOZ_OBJECTIVE_ONLY,TOUCH_NEXT_OPEN,VOL_FLOOR_1.00,1.0,2.0,36,16.666666666666664,44.44444444444444,38.88888888888889,0.0,0.1232021450347399,1.254283996206678,0.10775009744497248,1.219023705529743,4.014838441682392,1.2699842937567116,1.0,3.879003508019009
S10_C6,sensitivity,0.1,6.0,DOZ_OBJECTIVE_ONLY,TOUCH_NEXT_OPEN,VOL_FLOOR_1.00,1.0,2.5,36,8.333333333333332,47.22222222222222,44.44444444444444,0.0,0.024148533217450585,1.0471389686146648,0.008696485627683104,1.0166904227650502,4.014838441682392,1.2699842937567116,1.0,0.31307348259659173
S10_C6,sensitivity,0.1,6.0,DOZ_OBJECTIVE_ONLY,TOUCH_NEXT_OPEN,VOL_FLOOR_1.00,1.0,3.0,36,0.0,47.22222222222222,52.77777777777778,0.0,-0.01867483219715315,0.9635459296472061,-0.03412687978692064,0.9345031917855876,4.014838441682392,1.2699842937567116,1.0,-1.228567672329143
S10_C6,sensitivity,0.1,6.0,MEMORY_ONLY,ACCEPTANCE_RETEST,STRUCTURAL,,0.5,23,52.17391304347826,47.82608695652174,0.0,4.3478260869565215,-0.2179650795964768,0.5448009412911027,-0.24671798023041527,0.49990074480328806,2.075927704607466,1.0000000000002274,15.0,-5.674513545299551
S10_C6,sensitivity,0.1,6.0,MEMORY_ONLY,ACCEPTANCE_RETEST,STRUCTURAL,,1.0,23,21.73913043478261,69.56521739130434,8.695652173913043,4.3478260869565215,-0.49682037288715813,0.3053197204120526,-0.5255732735210966,0.2864721275550451,2.075927704607466,1.0000000000002274,15.0,-12.088185290985223
S10_C6,sensitivity,0.1,6.0,MEMORY_ONLY,ACCEPTANCE_RETEST,STRUCTURAL,,1.5,23,13.043478260869565,78.26086956521739,8.695652173913043,4.3478260869565215,-0.6055160250610686,0.24511953913321632,-0.634268925695007,0.23171961165999713,2.075927704607466,1.0000000000002274,15.0,-14.588185290985162
S10_C6,sensitivity,0.1,6.0,MEMORY_ONLY,ACCEPTANCE_RETEST,STRUCTURAL,,2.0,23,13.043478260869565,78.26086956521739,8.695652173913043,4.3478260869565215,-0.5402986337567234,0.3264242979946988,-0.5690515343906618,0.3107164546204511,2.075927704607466,1.0000000000002274,15.0,-13.088185290985221
S10_C6,sensitivity,0.1,6.0,MEMORY_ONLY,ACCEPTANCE_RETEST,STRUCTURAL,,2.5,23,8.695652173913043,78.26086956521739,13.043478260869565,4.3478260869565215,-0.5103914568716289,0.36370876700271154,-0.5391443575055674,0.3469425671424482,2.075927704607466,1.0000000000002274,15.0,-12.40032022262805
S10_C6,sensitivity,0.1,6.0,MEMORY_ONLY,ACCEPTANCE_RETEST,STRUCTURAL,,3.0,23,8.695652173913043,78.26086956521739,13.043478260869565,4.3478260869565215,-0.46691319600206366,0.41791193957703526,-0.4956660966360022,0.39960712911608626,2.075927704607466,1.0000000000002274,15.0,-11.40032022262805
S10_C6,sensitivity,0.1,6.0,MEMORY_ONLY,CLEAN_REJECTION,STRUCTURAL,,0.5,368,63.58695652173913,32.880434782608695,3.532608695652174,0.0,-0.02102107349331211,0.9381826468847189,-0.045838842880517976,0.8687263988547944,2.4000332146950996,1.3682647952064144,1.0,-16.868694180030616
S10_C6,sensitivity,0.1,6.0,MEMORY_ONLY,CLEAN_REJECTION,STRUCTURAL,,1.0,368,46.73913043478261,43.75,9.510869565217392,0.0,0.025772681783166163,1.056154802003087,0.0009549123959602776,1.002025470933433,2.4000332146950996,1.3682647952064144,1.0,0.35140776171338217
S10_C6,sensitivity,0.1,6.0,MEMORY_ONLY,CLEAN_REJECTION,STRUCTURAL,,1.5,368,31.793478260869566,53.2608695652174,14.945652173913043,0.0,-0.029227463394451505,0.9474101535569637,-0.054045232781657376,0.9053324372495675,2.4000332146950996,1.3682647952064144,1.0,-19.888645663649914
S10_C6,sensitivity,0.1,6.0,MEMORY_ONLY,CLEAN_REJECTION,STRUCTURAL,,2.0,368,26.6304347826087,55.16304347826087,18.206521739130434,0.0,0.03437120254095614,1.0597805758533447,0.009553433153750289,1.0161777540365748,2.4000332146950996,1.3682647952064144,1.0,3.515663400580106
S10_C6,sensitivity,0.1,6.0,MEMORY_ONLY,CLEAN_REJECTION,STRUCTURAL,,2.5,368,19.021739130434785,56.25,24.728260869565215,0.0,0.05054392007974092,1.0860622398635906,0.025726150692535078,1.0426528056761106,2.4000332146950996,1.3682647952064144,1.0,9.467223454852908
S10_C6,sensitivity,0.1,6.0,MEMORY_ONLY,CLEAN_REJECTION,STRUCTURAL,,3.0,368,14.945652173913043,57.608695652173914,27.445652173913043,0.0,0.052531700301871535,1.0873504672056669,0.027713930914665664,1.0448734701976885,2.4000332146950996,1.3682647952064144,1.0,10.198726576596965
S10_C6,sensitivity,0.1,6.0,MEMORY_ONLY,FAILED_AUCTION,STRUCTURAL,,0.5,61,54.09836065573771,45.90163934426229,0.0,0.0,-0.1885245901639335,0.5892857142857163,-0.20774940650988402,0.5555907225304731,3.1893119497292446,1.5844922638784738,8.0,-12.672713797102926
S10_C6,sensitivity,0.1,6.0,MEMORY_ONLY,FAILED_AUCTION,STRUCTURAL,,1.0,61,40.98360655737705,55.73770491803278,3.278688524590164,0.0,-0.15028509395291423,0.7330376740815451,-0.16950991029886472,0.7048103791149528,3.1893119497292446,1.5844922638784738,8.0,-10.340104528230748
S10_C6,sensitivity,0.1,6.0,MEMORY_ONLY,FAILED_AUCTION,STRUCTURAL,,1.5,61,29.508196721311474,67.21311475409836,3.278688524590164,0.0,-0.23225230706766892,0.6572928548689154,-0.25147712341361944,0.6360832437573786,3.1893119497292446,1.5844922638784738,8.0,-15.340104528230787
S10_C6,sensitivity,0.1,6.0,MEMORY_ONLY,FAILED_AUCTION,STRUCTURAL,,2.0,61,22.950819672131146,68.85245901639344,8.19672131147541,0.0,-0.1873054242266497,0.730143423369467,-0.20653024057260025,0.7081406563122612,3.1893119497292446,1.5844922638784738,8.0,-12.598344674928615
S10_C6,sensitivity,0.1,6.0,MEMORY_ONLY,FAILED_AUCTION,STRUCTURAL,,2.5,61,11.475409836065573,75.40983606557377,13.114754098360656,0.0,-0.38820762110735174,0.49204400127558995,-0.4074324374533022,0.4772640273024169,3.1893119497292446,1.5844922638784738,8.0,-24.853378684651435
S10_C6,sensitivity,0.1,6.0,MEMORY_ONLY,FAILED_AUCTION,STRUCTURAL,,3.0,61,8.19672131147541,77.04918032786885,14.754098360655737,0.0,-0.4302057663611194,0.44891188113119823,-0.44943058270706987,0.4355594533594934,3.1893119497292446,1.5844922638784738,8.0,-27.415265545131263
S10_C6,sensitivity,0.1,6.0,MEMORY_ONLY,PASSIVE_TOUCH,STRUCTURAL,,0.5,345,53.91304347826087,45.507246376811594,0.5797101449275363,20.869565217391305,-0.24100211918950548,0.5279719207980301,-0.29042580193329864,0.4558790328357792,1.2099650371467305,0.6000000000001364,2.0,-100.19690166698803
S10_C6,sensitivity,0.1,6.0,MEMORY_ONLY,PASSIVE_TOUCH,STRUCTURAL,,1.0,345,42.31884057971014,56.52173913043478,1.1594202898550725,20.579710144927535,-0.19983046739467344,0.6792545523205,-0.24925415013846663,0.6175723149267031,1.2099650371467305,0.6000000000001364,2.0,-85.99268179777098
S10_C6,sensitivity,0.1,6.0,MEMORY_ONLY,PASSIVE_TOUCH,STRUCTURAL,,1.5,345,33.04347826086956,65.21739130434783,1.7391304347826086,20.579710144927535,-0.21498953861477954,0.6974712645982453,-0.2644132213585727,0.6444363373890559,1.2099650371467305,0.6000000000001364,2.0,-91.22256136870759
S10_C6,sensitivity,0.1,6.0,MEMORY_ONLY,PASSIVE_TOUCH,STRUCTURAL,,2.0,345,27.246376811594203,70.14492753623188,2.608695652173913,20.579710144927535,-0.21059454198704666,0.7234261247262546,-0.2600182247308398,0.6738302527552054,1.2099650371467305,0.6000000000001364,2.0,-89.70628753213973
S10_C6,sensitivity,0.1,6.0,MEMORY_ONLY,PASSIVE_TOUCH,STRUCTURAL,,2.5,345,23.18840579710145,73.62318840579711,3.1884057971014492,20.579710144927535,-0.20556114550140542,0.7418297075029872,-0.2549848282451986,0.6941395491218465,1.2099650371467305,0.6000000000001364,2.0,-87.96976574459352
S10_C6,sensitivity,0.1,6.0,MEMORY_ONLY,PASSIVE_TOUCH,STRUCTURAL,,3.0,345,20.0,75.65217391304347,4.3478260869565215,20.579710144927535,-0.19143499437930758,0.7655776936156836,-0.24085867712310072,0.7182825506183501,1.2099650371467305,0.6000000000001364,2.0,-83.09624360746975
S10_C6,sensitivity,0.1,6.0,MEMORY_ONLY,RECLAIM_PULLBACK,STRUCTURAL,,0.5,323,55.72755417956656,41.17647058823529,3.0959752321981426,1.238390092879257,-0.14175377707444894,0.6641833643924,-0.1700067706416265,0.6089038720071657,2.0925131475325998,1.1811064504820479,4.0,-54.912186917245364
S10_C6,sensitivity,0.1,6.0,MEMORY_ONLY,RECLAIM_PULLBACK,STRUCTURAL,,1.0,323,37.15170278637771,56.965944272445824,5.88235294117647,1.238390092879257,-0.21040764973541637,0.6412692057949735,-0.23866064330259393,0.6049559628618923,2.0925131475325998,1.1811064504820479,4.0,-77.08738778673784
S10_C6,sensitivity,0.1,6.0,MEMORY_ONLY,RECLAIM_PULLBACK,STRUCTURAL,,1.5,323,27.24458204334365,63.77708978328174,8.978328173374612,1.238390092879257,-0.22550616874646592,0.6567430704102372,-0.25375916231364354,0.6250396497328351,2.0925131475325998,1.1811064504820479,4.0,-81.96420942730686
S10_C6,sensitivity,0.1,6.0,MEMORY_ONLY,RECLAIM_PULLBACK,STRUCTURAL,,2.0,323,20.743034055727556,65.94427244582043,13.312693498452013,1.238390092879257,-0.19668277056618694,0.7101776227481393,-0.2249357641333645,0.6781691096264739,2.0925131475325998,1.1811064504820479,4.0,-72.65425181507673
S10_C6,sensitivity,0.1,6.0,MEMORY_ONLY,RECLAIM_PULLBACK,STRUCTURAL,,2.5,323,16.09907120743034,67.80185758513932,16.09907120743034,1.238390092879257,-0.19374338398830174,0.722115357948172,-0.22199637755547927,0.6908037608120996,2.0925131475325998,1.1811064504820479,4.0,-71.7048299504198
S10_C6,sensitivity,0.1,6.0,MEMORY_ONLY,RECLAIM_PULLBACK,STRUCTURAL,,3.0,323,13.93188854489164,69.3498452012384,16.718266253869967,1.238390092879257,-0.1800167551984017,0.7474114942910047,-0.2082697487655793,0.7161742011820069,2.0925131475325998,1.1811064504820479,4.0,-67.27112885128211
S10_C6,sensitivity,0.1,6.0,MEMORY_ONLY,TOUCH_NEXT_OPEN,VOL_FLOOR_0.25,0.25,0.5,535,63.73831775700934,33.271028037383175,2.990654205607477,0.3738317757009346,-0.02012361087920281,0.9408255302742223,-0.05533821092758679,0.8436357961797213,1.9841070116538815,0.18067219268073131,1.0,-29.605942846258934
S10_C6,sensitivity,0.1,6.0,MEMORY_ONLY,TOUCH_NEXT_OPEN,VOL_FLOOR_0.25,0.25,1.0,535,46.35514018691589,47.28971962616823,6.355140186915888,0.0,-0.019078548816823023,0.9609303698969391,-0.054293148865206996,0.8929944897908314,1.9841070116538815,0.18067219268073131,1.0,-29.04683464288574
S10_C6,sensitivity,0.1,6.0,MEMORY_ONLY,TOUCH_NEXT_OPEN,VOL_FLOOR_0.25,0.25,1.5,535,34.953271028037385,54.953271028037385,10.093457943925234,0.0,-0.01309283850234538,0.9768707980702791,-0.04830743855072933,0.9178370524045795,1.9841070116538815,0.18067219268073131,1.0,-25.844479624640194
S10_C6,sensitivity,0.1,6.0,MEMORY_ONLY,TOUCH_NEXT_OPEN,VOL_FLOOR_0.25,0.25,2.0,535,28.41121495327103,58.504672897196265,13.084112149532709,0.0,0.022585006828057266,1.0375349448438083,-0.012629593220326694,0.979790268537759,1.9841070116538815,0.18067219268073131,1.0,-6.756832372874781
S10_C6,sensitivity,0.1,6.0,MEMORY_ONLY,TOUCH_NEXT_OPEN,VOL_FLOOR_0.25,0.25,2.5,535,22.05607476635514,60.747663551401864,17.19626168224299,0.0,0.039905710467612036,1.063906817292727,0.004691110419228042,1.0072315087444879,1.9841070116538815,0.18067219268073131,1.0,2.5097440742870027
S10_C6,sensitivity,0.1,6.0,MEMORY_ONLY,TOUCH_NEXT_OPEN,VOL_FLOOR_0.25,0.25,3.0,535,17.75700934579439,62.80373831775701,19.439252336448597,0.0,0.03512338325137707,1.0543962733412748,-9.121679700688851e-05,0.9998640134305397,1.9841070116538815,0.18067219268073131,1.0,-0.04880098639868535
S10_C6,sensitivity,0.1,6.0,MEMORY_ONLY,TOUCH_NEXT_OPEN,VOL_FLOOR_0.50,0.5,0.5,535,63.177570093457945,33.83177570093458,2.990654205607477,0.0,-0.028651924846582213,0.9171423779111249,-0.058781060657588945,0.835464287491641,2.1327483725585807,0.2841957146690627,1.0,-31.447867451810087
S10_C6,sensitivity,0.1,6.0,MEMORY_ONLY,TOUCH_NEXT_OPEN,VOL_FLOOR_0.50,0.5,1.0,535,44.48598130841121,48.97196261682243,6.5420560747663545,0.0,-0.055437181629926675,0.8904379187733422,-0.08556631744093339,0.8362407625959143,2.1327483725585807,0.2841957146690627,1.0,-45.77797983089936
S10_C6,sensitivity,0.1,6.0,MEMORY_ONLY,TOUCH_NEXT_OPEN,VOL_FLOOR_0.50,0.5,1.5,535,33.64485981308411,56.074766355140184,10.2803738317757,0.0,-0.044008992530447946,0.9237759921570025,-0.07413812834145467,0.8756593370045791,2.1327483725585807,0.2841957146690627,1.0,-39.66389866267825
S10_C6,sensitivity,0.1,6.0,MEMORY_ONLY,TOUCH_NEXT_OPEN,VOL_FLOOR_0.50,0.5,2.0,535,27.663551401869157,59.25233644859813,13.084112149532709,0.0,-7.952462040528019e-05,0.999869447632848,-0.030208660431412012,0.9519656821187051,2.1327483725585807,0.2841957146690627,1.0,-16.161633330805426
S10_C6,sensitivity,0.1,6.0,MEMORY_ONLY,TOUCH_NEXT_OPEN,VOL_FLOOR_0.50,0.5,2.5,535,20.5607476635514,61.6822429906542,17.75700934579439,0.0,-0.001362874166047314,0.997849469324623,-0.031492009977054036,0.9518794038807304,2.1327483725585807,0.2841957146690627,1.0,-16.84822533772391
S10_C6,sensitivity,0.1,6.0,MEMORY_ONLY,TOUCH_NEXT_OPEN,VOL_FLOOR_0.50,0.5,3.0,535,15.887850467289718,63.925233644859816,20.186915887850468,0.0,-0.02132092418465489,0.9675414634315684,-0.0514500599956616,0.924151336977477,2.1327483725585807,0.2841957146690627,1.0,-27.525782097678956
S10_C6,sensitivity,0.1,6.0,MEMORY_ONLY,TOUCH_NEXT_OPEN,VOL_FLOOR_0.75,0.75,0.5,535,62.24299065420561,34.018691588785046,3.7383177570093453,0.0,-0.03648415034087748,0.895598940220885,-0.0625090696977676,0.8258779938797828,2.483565458407611,0.426293572003594,1.0,-33.44235228830566
S10_C6,sensitivity,0.1,6.0,MEMORY_ONLY,TOUCH_NEXT_OPEN,VOL_FLOOR_0.75,0.75,1.0,535,43.925233644859816,48.41121495327103,7.663551401869159,0.0,-0.05836097298282406,0.8840216132820555,-0.08438589233971419,0.8368749234341246,2.483565458407611,0.426293572003594,1.0,-45.14645240174709
S10_C6,sensitivity,0.1,6.0,MEMORY_ONLY,TOUCH_NEXT_OPEN,VOL_FLOOR_0.75,0.75,1.5,535,33.271028037383175,54.20560747663551,12.52336448598131,0.0,-0.030089552027590036,0.9464007155054787,-0.05611447138448016,0.9027926853561161,2.483565458407611,0.426293572003594,1.0,-30.021242190696885
S10_C6,sensitivity,0.1,6.0,MEMORY_ONLY,TOUCH_NEXT_OPEN,VOL_FLOOR_0.75,0.75,2.0,535,25.607476635514022,58.504672897196265,15.887850467289718,0.0,-0.021504393251117006,0.9644185193379046,-0.04752931260800713,0.9234966945961454,2.483565458407611,0.426293572003594,1.0,-25.428182245283814
S10_C6,sensitivity,0.1,6.0,MEMORY_ONLY,TOUCH_NEXT_OPEN,VOL_FLOOR_0.75,0.75,2.5,535,18.69158878504673,60.18691588785047,21.121495327102803,0.0,-0.01965543252481661,0.9683716634514465,-0.045680351881706736,0.9284785111543941,2.483565458407611,0.426293572003594,1.0,-24.438988256713102
S10_C6,sensitivity,0.1,6.0,MEMORY_ONLY,TOUCH_NEXT_OPEN,VOL_FLOOR_0.75,0.75,3.0,535,13.457943925233645,61.6822429906542,24.85981308411215,0.0,-0.03471111465270548,0.9455171252757704,-0.06073603400959561,0.9072509761492153,2.483565458407611,0.426293572003594,1.0,-32.49377819513365
S10_C6,sensitivity,0.1,6.0,MEMORY_ONLY,TOUCH_NEXT_OPEN,VOL_FLOOR_1.00,1.0,0.5,535,60.373831775700936,34.205607476635514,5.420560747663552,0.0,-0.05285614196652453,0.8518408587411265,-0.07567810983636326,0.7928955097837735,2.886424460640339,0.5683914293381254,1.0,-40.48778876245434
S10_C6,sensitivity,0.1,6.0,MEMORY_ONLY,TOUCH_NEXT_OPEN,VOL_FLOOR_1.00,1.0,1.0,535,43.36448598130841,45.60747663551402,11.02803738317757,0.0,-0.03776252907844003,0.9217917852294726,-0.06058449694827876,0.8776213326972476,2.886424460640339,0.5683914293381254,1.0,-32.41270586732914
S10_C6,sensitivity,0.1,6.0,MEMORY_ONLY,TOUCH_NEXT_OPEN,VOL_FLOOR_1.00,1.0,1.5,535,30.093457943925234,52.336448598130836,17.570093457943926,0.0,-0.049950362412910836,0.909677159723848,-0.07277233028274954,0.8716915890725335,2.886424460640339,0.5683914293381254,1.0,-38.93319670127101
S10_C6,sensitivity,0.1,6.0,MEMORY_ONLY,TOUCH_NEXT_OPEN,VOL_FLOOR_1.00,1.0,2.0,535,21.49532710280374,54.57943925233645,23.925233644859816,0.0,-0.03181635664541604,0.9447525128233728,-0.05463832451525472,0.9074640601457333,2.886424460640339,0.5683914293381254,1.0,-29.23150361566128
S10_C6,sensitivity,0.1,6.0,MEMORY_ONLY,TOUCH_NEXT_OPEN,VOL_FLOOR_1.00,1.0,2.5,535,14.205607476635516,54.953271028037385,30.8411214953271,0.0,-0.02281151859376362,0.9607708992420785,-0.04563348646360235,0.9234780620652064,2.886424460640339,0.5683914293381254,1.0,-24.41391525802726
S10_C6,sensitivity,0.1,6.0,MEMORY_ONLY,TOUCH_NEXT_OPEN,VOL_FLOOR_1.00,1.0,3.0,535,9.158878504672897,55.51401869158879,35.32710280373832,0.0,-0.03143512009110819,0.946489021894704,-0.0542570879609469,0.9099443511080789,2.886424460640339,0.5683914293381254,1.0,-29.027542059106594
S10_C6,sensitivity,0.1,6.0,OBJECTIVE_LIQUIDITY_ONLY,ACCEPTANCE_RETEST,STRUCTURAL,,0.5,32,46.875,53.125,0.0,9.375,-0.2968750000000048,0.4411764705882263,-0.32579491490502,0.4040741192057497,2.0939798063076296,1.5538696421003806,7.0,-10.42543727696064
S10_C6,sensitivity,0.1,6.0,OBJECTIVE_LIQUIDITY_ONLY,ACCEPTANCE_RETEST,STRUCTURAL,,1.0,32,34.375,65.625,0.0,9.375,-0.3125,0.5238095238095238,-0.3414199149050152,0.4942578609671232,2.0939798063076296,1.5538696421003806,7.0,-10.925437276960487
S10_C6,sensitivity,0.1,6.0,OBJECTIVE_LIQUIDITY_ONLY,ACCEPTANCE_RETEST,STRUCTURAL,,1.5,32,31.25,68.75,0.0,9.375,-0.21874999999999833,0.6818181818181843,-0.2476699149050135,0.6498047259320349,2.0939798063076296,1.5538696421003806,7.0,-7.925437276960432
S10_C6,sensitivity,0.1,6.0,OBJECTIVE_LIQUIDITY_ONLY,ACCEPTANCE_RETEST,STRUCTURAL,,2.0,32,25.0,75.0,0.0,9.375,-0.25,0.6666666666666666,-0.27891991490501516,0.6385331178471795,2.0939798063076296,1.5538696421003806,7.0,-8.925437276960485
S10_C6,sensitivity,0.1,6.0,OBJECTIVE_LIQUIDITY_ONLY,ACCEPTANCE_RETEST,STRUCTURAL,,2.5,32,21.875,78.125,0.0,9.375,-0.23437500000000117,0.6999999999999986,-0.26329491490501633,0.6724810983189894,2.0939798063076296,1.5538696421003806,7.0,-8.425437276960523
S10_C6,sensitivity,0.1,6.0,OBJECTIVE_LIQUIDITY_ONLY,ACCEPTANCE_RETEST,STRUCTURAL,,3.0,32,9.375,87.5,3.125,9.375,-0.5639186136971781,0.3555215843460821,-0.5928385286021933,0.3413951877080538,2.0939798063076296,1.5538696421003806,7.0,-18.970832915270186
S10_C6,sensitivity,0.1,6.0,OBJECTIVE_LIQUIDITY_ONLY,CLEAN_REJECTION,STRUCTURAL,,0.5,1397,68.86184681460273,24.838940586972083,6.299212598425196,0.0,0.0873309937559867,1.3344338125163004,0.06243955579463044,1.2326189287390978,2.414748971684503,0.9274999999997817,1.0,87.22805944509872
S10_C6,sensitivity,0.1,6.0,OBJECTIVE_LIQUIDITY_ONLY,CLEAN_REJECTION,STRUCTURAL,,1.0,1397,45.8840372226199,38.0100214745884,16.105941302791695,0.0,0.08761432956971435,1.2182397309197315,0.0627228916083581,1.1519936641078448,2.414748971684503,0.9274999999997817,1.0,87.62387957687626
S10_C6,sensitivity,0.1,6.0,OBJECTIVE_LIQUIDITY_ONLY,CLEAN_REJECTION,STRUCTURAL,,1.5,1397,30.851825340014315,44.09448818897638,25.053686471009307,0.0,0.08684386938546214,1.186353434828684,0.06195243142410587,1.1293142590530139,2.414748971684503,0.9274999999997817,1.0,86.5475466994759
S10_C6,sensitivity,0.1,6.0,OBJECTIVE_LIQUIDITY_ONLY,CLEAN_REJECTION,STRUCTURAL,,2.0,1397,20.830350751610595,47.67358625626342,31.496062992125985,0.0,0.06316894656459814,1.1254763387052424,0.03827750860324189,1.073958612073169,2.414748971684503,0.9274999999997817,1.0,53.473679518728915
S10_C6,sensitivity,0.1,6.0,OBJECTIVE_LIQUIDITY_ONLY,CLEAN_REJECTION,STRUCTURAL,,2.5,1397,14.81746599856836,48.89047959914102,36.292054402290624,0.0,0.06889346003133642,1.1333483081398472,0.04400202206998017,1.0828375866150717,2.414748971684503,0.9274999999997817,1.0,61.4708248317623
S10_C6,sensitivity,0.1,6.0,OBJECTIVE_LIQUIDITY_ONLY,CLEAN_REJECTION,STRUCTURAL,,3.0,1397,11.309949892627058,49.60629921259843,39.08375089477452,0.0,0.0846788753494437,1.1614954839494027,0.05978743738808743,1.1109012232578512,2.414748971684503,0.9274999999997817,1.0,83.52305003115814
S10_C6,sensitivity,0.1,6.0,OBJECTIVE_LIQUIDITY_ONLY,FAILED_AUCTION,STRUCTURAL,,0.5,188,64.8936170212766,34.57446808510639,0.5319148936170213,0.0,-0.02338716149811388,0.9327675470575708,-0.04281042284182838,0.879251455444518,3.1736933984466305,1.4085000000000036,7.0,-8.048359494263735
S10_C6,sensitivity,0.1,6.0,OBJECTIVE_LIQUIDITY_ONLY,FAILED_AUCTION,STRUCTURAL,,1.0,188,45.21276595744681,51.59574468085106,3.1914893617021276,0.0,-0.07128892871116314,0.8642713774967404,-0.09071219005487766,0.8306245337349561,3.1736933984466305,1.4085000000000036,7.0,-17.053891730316998
S10_C6,sensitivity,0.1,6.0,OBJECTIVE_LIQUIDITY_ONLY,FAILED_AUCTION,STRUCTURAL,,1.5,188,39.361702127659576,54.25531914893617,6.382978723404255,0.0,0.06163741863229172,1.1107372947017495,0.0422141572885772,1.0743845631650042,3.1736933984466305,1.4085000000000036,7.0,7.936261570252513
S10_C6,sensitivity,0.1,6.0,OBJECTIVE_LIQUIDITY_ONLY,FAILED_AUCTION,STRUCTURAL,,2.0,188,25.53191489361702,61.170212765957444,13.297872340425531,0.0,-0.017488360513744174,0.9720525326848176,-0.03691162185745866,0.942142247114587,3.1736933984466305,1.4085000000000036,7.0,-6.939384909202228
S10_C6,sensitivity,0.1,6.0,OBJECTIVE_LIQUIDITY_ONLY,FAILED_AUCTION,STRUCTURAL,,2.5,188,18.085106382978726,63.297872340425535,18.617021276595743,0.0,-0.050687216683331524,0.9216810509360562,-0.07011047802704602,0.8937501468246275,3.1736933984466305,1.4085000000000036,7.0,-13.180769869084653
S10_C6,sensitivity,0.1,6.0,OBJECTIVE_LIQUIDITY_ONLY,FAILED_AUCTION,STRUCTURAL,,3.0,188,13.829787234042554,63.829787234042556,22.340425531914892,0.0,-0.03362000272557949,0.9484757898889021,-0.05304326406929401,0.920276393603748,3.1736933984466305,1.4085000000000036,7.0,-9.972133645027274
S10_C6,sensitivity,0.1,6.0,OBJECTIVE_LIQUIDITY_ONLY,PASSIVE_TOUCH,STRUCTURAL,,0.5,864,56.71296296296296,42.93981481481482,0.3472222222222222,17.36111111111111,-0.15393202342896903,0.6481528322652824,-0.2051813444218664,0.5537137858163187,1.1572097233155318,0.4959999999998672,2.0,-177.27668158049255
S10_C6,sensitivity,0.1,6.0,OBJECTIVE_LIQUIDITY_ONLY,PASSIVE_TOUCH,STRUCTURAL,,1.0,864,46.41203703703704,53.125,0.4629629629629629,16.435185185185187,-0.07580471783652329,0.8596014160255585,-0.12705403882942065,0.775995596098407,1.1572097233155318,0.4959999999998672,2.0,-109.77468954861943
S10_C6,sensitivity,0.1,6.0,OBJECTIVE_LIQUIDITY_ONLY,PASSIVE_TOUCH,STRUCTURAL,,1.5,864,38.773148148148145,60.30092592592593,0.9259259259259258,16.203703703703702,-0.026902491399300985,0.9560215500573267,-0.07815181239219833,0.8783826321991762,1.1572097233155318,0.4959999999998672,2.0,-67.52316590685936
S10_C6,sensitivity,0.1,6.0,OBJECTIVE_LIQUIDITY_ONLY,PASSIVE_TOUCH,STRUCTURAL,,2.0,864,32.870370370370374,65.50925925925925,1.6203703703703702,16.203703703703702,0.0002763723112514722,1.0004161998208663,-0.050972948681645876,0.9269465429544815,1.1572097233155318,0.4959999999998672,2.0,-44.040627660942036
S10_C6,sensitivity,0.1,6.0,OBJECTIVE_LIQUIDITY_ONLY,PASSIVE_TOUCH,STRUCTURAL,,2.5,864,28.125,69.67592592592592,2.199074074074074,16.203703703703702,0.009526405854971453,1.0134991481821831,-0.041722915137925885,0.9437349549051074,1.1572097233155318,0.4959999999998672,2.0,-36.04859867916797
S10_C6,sensitivity,0.1,6.0,OBJECTIVE_LIQUIDITY_ONLY,PASSIVE_TOUCH,STRUCTURAL,,3.0,864,23.37962962962963,73.37962962962963,3.2407407407407405,16.203703703703702,-0.010710419499958683,0.9855798780787182,-0.06195974049285603,0.9206206694940603,1.1572097233155318,0.4959999999998672,2.0,-53.533215785827615
S10_C6,sensitivity,0.1,6.0,OBJECTIVE_LIQUIDITY_ONLY,RECLAIM_PULLBACK,STRUCTURAL,,0.5,1131,64.45623342175067,31.918656056587093,3.6251105216622457,1.8567639257294428,0.00027015425482069546,1.0008302803280378,-0.028335774824392382,0.9154534768978436,2.0399999999992815,0.791999999999689,4.0,-32.047761326387786
S10_C6,sensitivity,0.1,6.0,OBJECTIVE_LIQUIDITY_ONLY,RECLAIM_PULLBACK,STRUCTURAL,,1.0,1131,44.38549955791335,45.62334217506631,9.991158267020337,1.7683465959328029,-0.0028243280176276767,0.9939602831427878,-0.031430257096840775,0.9347677292671619,2.0399999999992815,0.791999999999689,4.0,-35.54762077652691
S10_C6,sensitivity,0.1,6.0,OBJECTIVE_LIQUIDITY_ONLY,RECLAIM_PULLBACK,STRUCTURAL,,1.5,1131,31.29973474801061,53.227232537577365,15.473032714412025,1.7683465959328029,-0.021853859053918186,0.9599014848914932,-0.05045978813313126,0.9101417535321377,2.0399999999992815,0.791999999999689,4.0,-57.070020378571456
S10_C6,sensitivity,0.1,6.0,OBJECTIVE_LIQUIDITY_ONLY,RECLAIM_PULLBACK,STRUCTURAL,,2.0,1131,23.69584438549956,56.32183908045977,19.982316534040674,1.7683465959328029,-0.008237554235267447,0.9857315311597998,-0.03684348331448053,0.9380722654957316,2.0399999999992815,0.791999999999689,4.0,-41.66997962867748
S10_C6,sensitivity,0.1,6.0,OBJECTIVE_LIQUIDITY_ONLY,RECLAIM_PULLBACK,STRUCTURAL,,2.5,1131,16.799292661361626,58.17860300618921,25.022104332449157,1.7683465959328029,-0.014402488193347265,0.9758735482208901,-0.043008417272560356,0.9300949455420013,2.0399999999992815,0.791999999999689,4.0,-48.64251993526576
S10_C6,sensitivity,0.1,6.0,OBJECTIVE_LIQUIDITY_ONLY,RECLAIM_PULLBACK,STRUCTURAL,,3.0,1131,13.085764809902741,59.41644562334217,27.49778956675508,1.7683465959328029,-0.01398048209535094,0.9770565323650187,-0.04258641117456401,0.932184438145981,2.0399999999992815,0.791999999999689,4.0,-48.16523103843189
S10_C6,sensitivity,0.1,6.0,OBJECTIVE_LIQUIDITY_ONLY,TOUCH_NEXT_OPEN,VOL_FLOOR_0.25,0.25,0.5,1764,71.93877551020408,23.97959183673469,4.081632653061225,0.5668934240362812,0.11397892872173394,1.4584568574634733,0.08216225708417847,1.3194829456475414,2.045006043968442,0.34616884710263035,1.0,144.93422149649084
S10_C6,sensitivity,0.1,6.0,OBJECTIVE_LIQUIDITY_ONLY,TOUCH_NEXT_OPEN,VOL_FLOOR_0.25,0.25,1.0,1764,51.30385487528345,37.188208616780045,11.507936507936508,0.05668934240362812,0.14754455705085914,1.3798985441499398,0.11572788541330369,1.2880928134560774,2.045006043968442,0.34616884710263035,1.0,204.1439898690677
S10_C6,sensitivity,0.1,6.0,OBJECTIVE_LIQUIDITY_ONLY,TOUCH_NEXT_OPEN,VOL_FLOOR_0.25,0.25,1.5,1764,35.997732426303855,45.18140589569161,18.820861678004537,0.05668934240362812,0.13717666531984402,1.2907313216068954,0.10535999368228854,1.2158764141849019,2.045006043968442,0.34616884710263035,1.0,185.85502885555698
S10_C6,sensitivity,0.1,6.0,OBJECTIVE_LIQUIDITY_ONLY,TOUCH_NEXT_OPEN,VOL_FLOOR_0.25,0.25,2.0,1764,26.077097505668934,49.88662131519274,24.03628117913832,0.0,0.12009576062528435,1.2309082598900356,0.08827908898772886,1.1640691185503826,2.045006043968442,0.34616884710263035,1.0,155.72431297435372
S10_C6,sensitivity,0.1,6.0,OBJECTIVE_LIQUIDITY_ONLY,TOUCH_NEXT_OPEN,VOL_FLOOR_0.25,0.25,2.5,1764,20.181405895691608,51.70068027210885,28.117913832199548,0.0,0.13942617267501475,1.2587508418693791,0.10760950103745928,1.1930313184302412,2.045006043968442,0.34616884710263035,1.0,189.82315983007817
S10_C6,sensitivity,0.1,6.0,OBJECTIVE_LIQUIDITY_ONLY,TOUCH_NEXT_OPEN,VOL_FLOOR_0.25,0.25,3.0,1764,16.3265306122449,53.2312925170068,30.4421768707483,0.0,0.14944753067701813,1.2696024034988895,0.11763085903946267,1.205059848683118,2.045006043968442,0.34616884710263035,1.0,207.50083534561216
S10_C6,sensitivity,0.1,6.0,OBJECTIVE_LIQUIDITY_ONLY,TOUCH_NEXT_OPEN,VOL_FLOOR_0.50,0.5,0.5,1764,72.44897959183673,23.46938775510204,4.081632653061225,0.05668934240362812,0.12163198994622286,1.499490220770167,0.09289089966638084,1.3700723077774075,2.1661068296334447,0.5579999999999927,1.0,163.8595470114958
S10_C6,sensitivity,0.1,6.0,OBJECTIVE_LIQUIDITY_ONLY,TOUCH_NEXT_OPEN,VOL_FLOOR_0.50,0.5,1.0,1764,50.79365079365079,37.641723356009074,11.564625850340136,0.0,0.13783352762815523,1.3507324554150093,0.10909243734831323,1.2692413673702678,2.1661068296334447,0.5579999999999927,1.0,192.43905948242454
S10_C6,sensitivity,0.1,6.0,OBJECTIVE_LIQUIDITY_ONLY,TOUCH_NEXT_OPEN,VOL_FLOOR_0.50,0.5,1.5,1764,35.317460317460316,45.69160997732426,18.99092970521542,0.0,0.12198306144563933,1.2555605309761053,0.0932419711657973,1.1894423661290716,2.1661068296334447,0.5579999999999927,1.0,164.47883713646644
S10_C6,sensitivity,0.1,6.0,OBJECTIVE_LIQUIDITY_ONLY,TOUCH_NEXT_OPEN,VOL_FLOOR_0.50,0.5,2.0,1764,25.22675736961451,50.17006802721088,24.6031746031746,0.0,0.10325139786665326,1.1972429300607055,0.07451030758681125,1.138012982678309,2.1661068296334447,0.5579999999999927,1.0,131.43618258313504
S10_C6,sensitivity,0.1,6.0,OBJECTIVE_LIQUIDITY_ONLY,TOUCH_NEXT_OPEN,VOL_FLOOR_0.50,0.5,2.5,1764,18.70748299319728,52.26757369614512,29.024943310657598,0.0,0.1033864937339698,1.1895982250805381,0.07464540345412779,1.132719846571415,2.1661068296334447,0.5579999999999927,1.0,131.67449169308142
S10_C6,sensitivity,0.1,6.0,OBJECTIVE_LIQUIDITY_ONLY,TOUCH_NEXT_OPEN,VOL_FLOOR_0.50,0.5,3.0,1764,14.45578231292517,53.79818594104309,31.746031746031743,0.0,0.10040966012856255,1.1790728970252689,0.07166856984872053,1.1238974682380465,2.1661068296334447,0.5579999999999927,1.0,126.423357213143
S10_C6,sensitivity,0.1,6.0,OBJECTIVE_LIQUIDITY_ONLY,TOUCH_NEXT_OPEN,VOL_FLOOR_0.75,0.75,0.5,1764,71.82539682539682,23.922902494331066,4.2517006802721085,0.0,0.11317084702029487,1.4547653329428396,0.08762653788971277,1.342687265565808,2.4314891945528228,0.5579999999999927,1.0,154.57321283745333
S10_C6,sensitivity,0.1,6.0,OBJECTIVE_LIQUIDITY_ONLY,TOUCH_NEXT_OPEN,VOL_FLOOR_0.75,0.75,1.0,1764,48.75283446712018,38.54875283446712,12.698412698412698,0.0,0.11036204890355408,1.2735360250090693,0.084817739772972,1.2045379929379756,2.4314891945528228,0.5579999999999927,1.0,149.6184929595226
S10_C6,sensitivity,0.1,6.0,OBJECTIVE_LIQUIDITY_ONLY,TOUCH_NEXT_OPEN,VOL_FLOOR_0.75,0.75,1.5,1764,32.76643990929705,46.14512471655329,21.08843537414966,0.0,0.08593411051029852,1.1777658068599504,0.060389801379716425,1.1215031581058366,2.4314891945528228,0.5579999999999927,1.0,106.52760963381978
S10_C6,sensitivity,0.1,6.0,OBJECTIVE_LIQUIDITY_ONLY,TOUCH_NEXT_OPEN,VOL_FLOOR_0.75,0.75,2.0,1764,22.90249433106576,49.88662131519274,27.2108843537415,0.0,0.07168028039364319,1.137275684047894,0.046135971263061105,1.0859304596064456,2.4314891945528228,0.5579999999999927,1.0,81.38385330803979
S10_C6,sensitivity,0.1,6.0,OBJECTIVE_LIQUIDITY_ONLY,TOUCH_NEXT_OPEN,VOL_FLOOR_0.75,0.75,2.5,1764,15.816326530612246,51.247165532879826,32.93650793650794,0.0,0.07250444463950272,1.1352356253804459,0.046960135508920614,1.0851859404272903,2.4314891945528228,0.5579999999999927,1.0,82.83767903773597
S10_C6,sensitivity,0.1,6.0,OBJECTIVE_LIQUIDITY_ONLY,TOUCH_NEXT_OPEN,VOL_FLOOR_0.75,0.75,3.0,1764,11.11111111111111,52.21088435374149,36.67800453514739,0.0,0.07008863427029925,1.1283928057170438,0.044544325139717136,1.0793539317439613,2.4314891945528228,0.5579999999999927,1.0,78.57618954646102
S10_C6,sensitivity,0.1,6.0,OBJECTIVE_LIQUIDITY_ONLY,TOUCH_NEXT_OPEN,VOL_FLOOR_1.00,1.0,0.5,1764,70.578231292517,24.43310657596372,4.988662131519274,0.0,0.1010986906319177,1.3961500747244788,0.07855961149783519,1.3005443886672805,2.791879949817133,0.6284999999998035,1.0,138.57915468218127
S10_C6,sensitivity,0.1,6.0,OBJECTIVE_LIQUIDITY_ONLY,TOUCH_NEXT_OPEN,VOL_FLOOR_1.00,1.0,1.0,1764,45.91836734693878,38.88888888888889,15.192743764172336,0.0,0.08107625464531489,1.1978719102276423,0.05853717551123235,1.1393889739843235,2.791879949817133,0.6284999999998035,1.0,103.25957760181387
S10_C6,sensitivity,0.1,6.0,OBJECTIVE_LIQUIDITY_ONLY,TOUCH_NEXT_OPEN,VOL_FLOOR_1.00,1.0,1.5,1764,29.535147392290252,44.954648526077094,25.510204081632654,0.0,0.0614399129347736,1.129036761805698,0.03890083380069107,1.0796825681807687,2.791879949817133,0.6284999999998035,1.0,68.62107082441905
S10_C6,sensitivity,0.1,6.0,OBJECTIVE_LIQUIDITY_ONLY,TOUCH_NEXT_OPEN,VOL_FLOOR_1.00,1.0,2.0,1764,18.877551020408163,47.05215419501133,34.070294784580504,0.0,0.057117846642643556,1.114484777446913,0.03457876750856103,1.0675956929227015,2.791879949817133,0.6284999999998035,1.0,60.99694588510165
S10_C6,sensitivity,0.1,6.0,OBJECTIVE_LIQUIDITY_ONLY,TOUCH_NEXT_OPEN,VOL_FLOOR_1.00,1.0,2.5,1764,12.244897959183673,48.07256235827664,39.682539682539684,0.0,0.0539773987553204,1.1059226343972999,0.03143831962123786,1.0601643782847865,2.791879949817133,0.6284999999998035,1.0,55.45719581186358
S10_C6,sensitivity,0.1,6.0,OBJECTIVE_LIQUIDITY_ONLY,TOUCH_NEXT_OPEN,VOL_FLOOR_1.00,1.0,3.0,1764,7.993197278911565,48.52607709750567,43.480725623582764,0.0,0.05307351495035297,1.1031282792681978,0.030534435816270446,1.057861521096972,2.791879949817133,0.6284999999998035,1.0,53.862744779901064
S11_C6_PRIMARY,primary,0.11,6.0,DISPLACEMENT_ORIGIN_ONLY,ACCEPTANCE_RETEST,STRUCTURAL,,0.5,14,21.428571428571427,78.57142857142857,0.0,50.0,-0.8613336855652755,0.11063030689752754,-0.9908806841696257,0.08486515180071955,0.5185170906095209,0.22400000000016007,6.0,-13.87232957837476
S11_C6_PRIMARY,primary,0.11,6.0,DISPLACEMENT_ORIGIN_ONLY,ACCEPTANCE_RETEST,STRUCTURAL,,1.0,14,14.285714285714285,85.71428571428571,0.0,42.857142857142854,-0.8970479712795612,0.13737517097965068,-1.0265949698839114,0.11415031769256309,0.5185170906095209,0.22400000000016007,6.0,-14.37232957837476
S11_C6_PRIMARY,primary,0.11,6.0,DISPLACEMENT_ORIGIN_ONLY,ACCEPTANCE_RETEST,STRUCTURAL,,1.5,14,14.285714285714285,85.71428571428571,0.0,42.857142857142854,-0.8256193998509896,0.206062756469476,-0.95516639845534,0.17578609340148682,0.5185170906095209,0.22400000000016007,6.0,-13.37232957837476
S11_C6_PRIMARY,primary,0.11,6.0,DISPLACEMENT_ORIGIN_ONLY,ACCEPTANCE_RETEST,STRUCTURAL,,2.0,14,14.285714285714285,85.71428571428571,0.0,42.857142857142854,-0.7541908284224182,0.27475034195930137,-0.8837378270267686,0.23742186911041052,0.5185170906095209,0.22400000000016007,6.0,-12.37232957837476
S11_C6_PRIMARY,primary,0.11,6.0,DISPLACEMENT_ORIGIN_ONLY,ACCEPTANCE_RETEST,STRUCTURAL,,2.5,14,14.285714285714285,85.71428571428571,0.0,42.857142857142854,-0.6827622569938468,0.34343792744912666,-0.8123092555981971,0.2990576448193342,0.5185170906095209,0.22400000000016007,6.0,-11.37232957837476
S11_C6_PRIMARY,primary,0.11,6.0,DISPLACEMENT_ORIGIN_ONLY,ACCEPTANCE_RETEST,STRUCTURAL,,3.0,14,14.285714285714285,85.71428571428571,0.0,42.857142857142854,-0.6113336855652752,0.412125512938952,-0.7408806841696257,0.3606934205282579,0.5185170906095209,0.22400000000016007,6.0,-10.37232957837476
S11_C6_PRIMARY,primary,0.11,6.0,DISPLACEMENT_ORIGIN_ONLY,CLEAN_REJECTION,STRUCTURAL,,0.5,932,59.76394849785408,23.17596566523605,17.06008583690987,0.0,0.03752592228906153,1.1389494624048893,0.017349328409762884,1.0628112372084892,3.6791259516196533,0.4470000000001164,1.0,16.169574077899007
S11_C6_PRIMARY,primary,0.11,6.0,DISPLACEMENT_ORIGIN_ONLY,CLEAN_REJECTION,STRUCTURAL,,1.0,932,37.66094420600859,32.61802575107296,29.721030042918457,0.0,0.044970655655445634,1.1193864262172082,0.024794061776147,1.0642876498975828,3.6791259516196533,0.4470000000001164,1.0,23.108065575369004
S11_C6_PRIMARY,primary,0.11,6.0,DISPLACEMENT_ORIGIN_ONLY,CLEAN_REJECTION,STRUCTURAL,,1.5,932,25.0,37.1244635193133,37.8755364806867,0.0,0.045367458742296043,1.1067554677822473,0.025190864862997396,1.0578405392397268,3.6791259516196533,0.4470000000001164,1.0,23.477886052313572
S11_C6_PRIMARY,primary,0.11,6.0,DISPLACEMENT_ORIGIN_ONLY,CLEAN_REJECTION,STRUCTURAL,,2.0,932,16.09442060085837,38.94849785407725,44.957081545064376,0.0,0.03895495983435432,1.0876175076035057,0.018778365955055693,1.0412017418741533,3.6791259516196533,0.4470000000001164,1.0,17.501437070111905
S11_C6_PRIMARY,primary,0.11,6.0,DISPLACEMENT_ORIGIN_ONLY,CLEAN_REJECTION,STRUCTURAL,,2.5,932,10.944206008583691,40.66523605150215,48.39055793991417,0.0,0.012223079504660207,1.0264586163447196,-0.00795351437463842,0.9832094907186689,3.6791259516196533,0.4470000000001164,1.0,-7.412675397163007
S11_C6_PRIMARY,primary,0.11,6.0,DISPLACEMENT_ORIGIN_ONLY,CLEAN_REJECTION,STRUCTURAL,,3.0,932,9.012875536480687,40.987124463519315,50.0,0.0,0.032108705742651705,1.0690229847983652,0.011932111863353067,1.0250147958827596,3.6791259516196533,0.4470000000001164,1.0,11.120728256645059
S11_C6_PRIMARY,primary,0.11,6.0,DISPLACEMENT_ORIGIN_ONLY,FAILED_AUCTION,STRUCTURAL,,0.5,158,63.92405063291139,36.075949367088604,0.0,0.0,-0.04121795953325589,0.8857716337050636,-0.08460452988687957,0.7753295969949071,1.6217599447119255,0.41099999999983083,3.0,-13.367515722126972
S11_C6_PRIMARY,primary,0.11,6.0,DISPLACEMENT_ORIGIN_ONLY,FAILED_AUCTION,STRUCTURAL,,1.0,158,50.0,48.10126582278481,1.89873417721519,0.0,0.023339079695856337,1.048374337855833,-0.020047490657767352,0.9601892602549759,1.6217599447119255,0.41099999999983083,3.0,-3.1675035239272415
S11_C6_PRIMARY,primary,0.11,6.0,DISPLACEMENT_ORIGIN_ONLY,FAILED_AUCTION,STRUCTURAL,,1.5,158,39.87341772151899,55.06329113924051,5.063291139240507,0.0,0.06366684522890882,1.1153182295035207,0.02028027487528513,1.0351821317691938,1.6217599447119255,0.41099999999983083,3.0,3.2042834302950505
S11_C6_PRIMARY,primary,0.11,6.0,DISPLACEMENT_ORIGIN_ONLY,FAILED_AUCTION,STRUCTURAL,,2.0,158,30.37974683544304,63.29113924050633,6.329113924050633,0.0,0.00279341898381164,1.0044034159490665,-0.04059315136981206,0.9387103106654355,1.6217599447119255,0.41099999999983083,3.0,-6.413717916430305
S11_C6_PRIMARY,primary,0.11,6.0,DISPLACEMENT_ORIGIN_ONLY,FAILED_AUCTION,STRUCTURAL,,2.5,158,21.518987341772153,68.35443037974683,10.126582278481013,0.0,-0.07853948031796573,0.8853452242411527,-0.1219260506715894,0.8298292995850504,1.6217599447119255,0.41099999999983083,3.0,-19.264316006111127
S11_C6_PRIMARY,primary,0.11,6.0,DISPLACEMENT_ORIGIN_ONLY,FAILED_AUCTION,STRUCTURAL,,3.0,158,19.62025316455696,68.9873417721519,11.39240506329114,0.0,-0.022991005727653134,0.9667441640643929,-0.06637757608127681,0.9081871790381976,1.6217599447119255,0.41099999999983083,3.0,-10.487657020841736
S11_C6_PRIMARY,primary,0.11,6.0,DISPLACEMENT_ORIGIN_ONLY,PASSIVE_TOUCH,STRUCTURAL,,0.5,454,52.42290748898678,47.3568281938326,0.22026431718061676,20.26431718061674,-0.21262128397951874,0.5521271528625239,-0.29319885391681494,0.433702484901729,1.0122397416980675,0.2215000000001055,3.0,-133.112279678234
S11_C6_PRIMARY,primary,0.11,6.0,DISPLACEMENT_ORIGIN_ONLY,PASSIVE_TOUCH,STRUCTURAL,,1.0,454,42.951541850220266,56.167400881057276,0.881057268722467,18.722466960352424,-0.13099809071988558,0.7673327590994676,-0.21157566065718172,0.6541358085474696,1.0122397416980675,0.2215000000001055,3.0,-96.05534993836051
S11_C6_PRIMARY,primary,0.11,6.0,DISPLACEMENT_ORIGIN_ONLY,PASSIVE_TOUCH,STRUCTURAL,,1.5,454,34.36123348017621,63.65638766519823,1.9823788546255507,17.62114537444934,-0.11583389018145923,0.8188636942014984,-0.1964114601187554,0.7167647743832654,1.0122397416980675,0.2215000000001055,3.0,-89.17080289391495
S11_C6_PRIMARY,primary,0.11,6.0,DISPLACEMENT_ORIGIN_ONLY,PASSIVE_TOUCH,STRUCTURAL,,2.0,454,29.735682819383257,67.40088105726872,2.8634361233480177,17.62114537444934,-0.07031757983893662,0.8963222356436503,-0.15089514977623283,0.794621889405347,1.0122397416980675,0.2215000000001055,3.0,-68.50639799840971
S11_C6_PRIMARY,primary,0.11,6.0,DISPLACEMENT_ORIGIN_ONLY,PASSIVE_TOUCH,STRUCTURAL,,2.5,454,25.55066079295154,70.92511013215858,3.524229074889868,17.62114537444934,-0.05522416925875783,0.9227992957484025,-0.135801739196054,0.824647125295585,1.0122397416980675,0.2215000000001055,3.0,-61.653989595008525
S11_C6_PRIMARY,primary,0.11,6.0,DISPLACEMENT_ORIGIN_ONLY,PASSIVE_TOUCH,STRUCTURAL,,3.0,454,20.26431718061674,74.44933920704845,5.286343612334802,17.62114537444934,-0.09313116434387773,0.8759201999032361,-0.17370873428117392,0.7861685072162179,1.0122397416980675,0.2215000000001055,3.0,-78.86376536365296
S11_C6_PRIMARY,primary,0.11,6.0,DISPLACEMENT_ORIGIN_ONLY,RECLAIM_PULLBACK,STRUCTURAL,,0.5,785,56.560509554140125,30.19108280254777,13.248407643312103,2.1656050955414012,-0.038766470379442905,0.8825415391090021,-0.0676186899591838,0.801904499559508,2.9144999999998618,0.3184999999998581,3.0,-53.08067161795928
S11_C6_PRIMARY,primary,0.11,6.0,DISPLACEMENT_ORIGIN_ONLY,RECLAIM_PULLBACK,STRUCTURAL,,1.0,785,36.43312101910828,40.12738853503185,23.439490445859875,2.1656050955414012,-0.03726665649914077,0.9151726949027931,-0.06611887607888167,0.8544614468858308,2.9144999999998618,0.3184999999998581,3.0,-51.903317721922114
S11_C6_PRIMARY,primary,0.11,6.0,DISPLACEMENT_ORIGIN_ONLY,RECLAIM_PULLBACK,STRUCTURAL,,1.5,785,24.45859872611465,45.22292993630573,30.318471337579616,2.1656050955414012,-0.0505957979241222,0.8974023766331822,-0.0794480175038631,0.8443306061547867,2.9144999999998618,0.3184999999998581,3.0,-62.36669374053253
S11_C6_PRIMARY,primary,0.11,6.0,DISPLACEMENT_ORIGIN_ONLY,RECLAIM_PULLBACK,STRUCTURAL,,2.0,785,17.8343949044586,47.64331210191083,34.52229299363057,2.1656050955414012,-0.04178619111088052,0.9193655272870284,-0.07063841069062142,0.8683155910023428,2.9144999999998618,0.3184999999998581,3.0,-55.451152392137814
S11_C6_PRIMARY,primary,0.11,6.0,DISPLACEMENT_ORIGIN_ONLY,RECLAIM_PULLBACK,STRUCTURAL,,2.5,785,12.738853503184714,50.06369426751592,37.19745222929936,2.1656050955414012,-0.06564822326088685,0.8790162035442094,-0.09450044284062777,0.8318553503908774,2.9144999999998618,0.3184999999998581,3.0,-74.18284762989279
S11_C6_PRIMARY,primary,0.11,6.0,DISPLACEMENT_ORIGIN_ONLY,RECLAIM_PULLBACK,STRUCTURAL,,3.0,785,10.191082802547772,50.445859872611464,39.36305732484077,2.1656050955414012,-0.04983941938648172,0.9088586598082303,-0.07869163896622261,0.861098153473875,2.9144999999998618,0.3184999999998581,3.0,-61.772936588484754
S11_C6_PRIMARY,primary,0.11,6.0,DISPLACEMENT_ORIGIN_ONLY,TOUCH_NEXT_OPEN,VOL_FLOOR_0.25,0.25,0.5,1142,64.44833625218914,22.066549912434326,13.485113835376533,0.3502626970227671,0.0796320864752572,1.3180192339696515,0.048443979351146395,1.1860811055246128,2.925841374120637,0.05177179370591116,1.0,55.32302441900918
S11_C6_PRIMARY,primary,0.11,6.0,DISPLACEMENT_ORIGIN_ONLY,TOUCH_NEXT_OPEN,VOL_FLOOR_0.25,0.25,1.0,1142,42.73204903677758,33.71278458844133,23.555166374781088,0.08756567425569177,0.08719468919137248,1.231495409401918,0.05600658206726166,1.143268847743961,2.925841374120637,0.05177179370591116,1.0,63.959516720812815
S11_C6_PRIMARY,primary,0.11,6.0,DISPLACEMENT_ORIGIN_ONLY,TOUCH_NEXT_OPEN,VOL_FLOOR_0.25,0.25,1.5,1142,29.509632224168126,39.754816112084065,30.735551663747813,0.08756567425569177,0.08214245906784036,1.186499298905962,0.050954351943729555,1.1113538186762777,2.925841374120637,0.05177179370591116,1.0,58.18986991973915
S11_C6_PRIMARY,primary,0.11,6.0,DISPLACEMENT_ORIGIN_ONLY,TOUCH_NEXT_OPEN,VOL_FLOOR_0.25,0.25,2.0,1142,21.62872154115587,42.556917688266196,35.814360770577935,0.08756567425569177,0.09201951768968336,1.1960259031702565,0.06083141056557256,1.124720832616543,2.925841374120637,0.05177179370591116,1.0,69.46947086588386
S11_C6_PRIMARY,primary,0.11,6.0,DISPLACEMENT_ORIGIN_ONLY,TOUCH_NEXT_OPEN,VOL_FLOOR_0.25,0.25,2.5,1142,16.46234676007005,44.74605954465849,38.79159369527145,0.08756567425569177,0.08869554189084133,1.1805262047817902,0.05750743476673052,1.1126014526773838,2.925841374120637,0.05177179370591116,1.0,65.67349050360626
S11_C6_PRIMARY,primary,0.11,6.0,DISPLACEMENT_ORIGIN_ONLY,TOUCH_NEXT_OPEN,VOL_FLOOR_0.25,0.25,3.0,1142,12.87215411558669,46.234676007005255,40.893169877408056,0.08756567425569177,0.08354191449638751,1.1649753016405637,0.052353807372276705,1.0994468149869159,2.925841374120637,0.05177179370591116,1.0,59.78804801914
S11_C6_PRIMARY,primary,0.11,6.0,DISPLACEMENT_ORIGIN_ONLY,TOUCH_NEXT_OPEN,VOL_FLOOR_0.50,0.5,0.5,1142,64.71103327495622,21.80385288966725,13.485113835376533,0.17513134851138354,0.08461701582807778,1.3429556006046435,0.059440290676509924,1.233706427741169,3.0894318736634103,0.10354358741182232,1.0,67.88081195257433
S11_C6_PRIMARY,primary,0.11,6.0,DISPLACEMENT_ORIGIN_ONLY,TOUCH_NEXT_OPEN,VOL_FLOOR_0.50,0.5,1.0,1142,42.64448336252189,33.80035026269702,23.555166374781088,0.2626970227670753,0.08647037166179315,1.2296753401393068,0.061293646510225314,1.1579705892324734,3.0894318736634103,0.10354358741182232,1.0,69.9973443146773
S11_C6_PRIMARY,primary,0.11,6.0,DISPLACEMENT_ORIGIN_ONLY,TOUCH_NEXT_OPEN,VOL_FLOOR_0.50,0.5,1.5,1142,29.15936952714536,39.92994746059544,30.910683012259195,0.08756567425569177,0.07745061045415146,1.175554965950972,0.0522738853025836,1.1148907578154774,3.0894318736634103,0.10354358741182232,1.0,59.696777015550474
S11_C6_PRIMARY,primary,0.11,6.0,DISPLACEMENT_ORIGIN_ONLY,TOUCH_NEXT_OPEN,VOL_FLOOR_0.50,0.5,2.0,1142,20.577933450087567,42.99474605954466,36.42732049036778,0.0,0.07271743744031117,1.1538062670479605,0.0475407122887433,1.0974838665149054,3.0894318736634103,0.10354358741182232,1.0,54.29149343374485
S11_C6_PRIMARY,primary,0.11,6.0,DISPLACEMENT_ORIGIN_ONLY,TOUCH_NEXT_OPEN,VOL_FLOOR_0.50,0.5,2.5,1142,14.535901926444833,45.44658493870403,40.01751313485114,0.0,0.04983959828166175,1.1002195183484997,0.02466287313009388,1.048067480119631,3.0894318736634103,0.10354358741182232,1.0,28.16500111456721
S11_C6_PRIMARY,primary,0.11,6.0,DISPLACEMENT_ORIGIN_ONLY,TOUCH_NEXT_OPEN,VOL_FLOOR_0.50,0.5,3.0,1142,10.683012259194395,46.32224168126095,42.99474605954466,0.0,0.045577936904840514,1.0900307718793032,0.020401211753272648,1.03905895723484,3.0894318736634103,0.10354358741182232,1.0,23.298183822237366
S11_C6_PRIMARY,primary,0.11,6.0,DISPLACEMENT_ORIGIN_ONLY,TOUCH_NEXT_OPEN,VOL_FLOOR_0.75,0.75,0.5,1142,64.44833625218914,21.978984238178633,13.572679509632223,0.0,0.08120459959764109,1.326348702413768,0.06008800987628027,1.235792959273538,3.467409568834761,0.15531538111773346,1.0,68.62050727871207
S11_C6_PRIMARY,primary,0.11,6.0,DISPLACEMENT_ORIGIN_ONLY,TOUCH_NEXT_OPEN,VOL_FLOOR_0.75,0.75,1.0,1142,42.46935201401051,33.36252189141856,24.168126094570926,0.0,0.0899365732545995,1.2412000734210433,0.06881998353323869,1.1801250700260222,3.467409568834761,0.15531538111773346,1.0,78.59242119495859
S11_C6_PRIMARY,primary,0.11,6.0,DISPLACEMENT_ORIGIN_ONLY,TOUCH_NEXT_OPEN,VOL_FLOOR_0.75,0.75,1.5,1142,27.32049036777583,38.79159369527145,33.887915936952716,0.0,0.07034895660470561,1.1621391437145214,0.04923236688334479,1.1106357962479576,3.467409568834761,0.15531538111773346,1.0,56.223362980779754
S11_C6_PRIMARY,primary,0.11,6.0,DISPLACEMENT_ORIGIN_ONLY,TOUCH_NEXT_OPEN,VOL_FLOOR_0.75,0.75,2.0,1142,17.950963222416814,41.155866900175134,40.893169877408056,0.0,0.0648815492025527,1.1415134186320328,0.04376495948119189,1.0930528428885073,3.467409568834761,0.15531538111773346,1.0,49.97958372752114
S11_C6_PRIMARY,primary,0.11,6.0,DISPLACEMENT_ORIGIN_ONLY,TOUCH_NEXT_OPEN,VOL_FLOOR_0.75,0.75,2.5,1142,12.084063047285463,42.20665499124343,45.709281961471106,0.0,0.05632489507642298,1.1197875280448075,0.03520830535506217,1.0729805352376105,3.467409568834761,0.15531538111773346,1.0,40.207884715481
S11_C6_PRIMARY,primary,0.11,6.0,DISPLACEMENT_ORIGIN_ONLY,TOUCH_NEXT_OPEN,VOL_FLOOR_0.75,0.75,3.0,1142,8.756567425569177,42.64448336252189,48.59894921190893,0.0,0.06184464318796841,1.1303131130927007,0.04072805346660759,1.0835898629102718,3.467409568834761,0.15531538111773346,1.0,46.51143705886587
S11_C6_PRIMARY,primary,0.11,6.0,DISPLACEMENT_ORIGIN_ONLY,TOUCH_NEXT_OPEN,VOL_FLOOR_1.00,1.0,0.5,1142,63.8353765323993,22.241681260945708,13.922942206654993,0.0,0.07563191749223705,1.3006509947073734,0.057516927567850394,1.2239697331919053,3.89498102779158,0.165000000000191,1.0,65.68433128248515
S11_C6_PRIMARY,primary,0.11,6.0,DISPLACEMENT_ORIGIN_ONLY,TOUCH_NEXT_OPEN,VOL_FLOOR_1.00,1.0,1.0,1142,40.63047285464098,32.399299474605954,26.970227670753065,0.0,0.08405143376237166,1.229297662689839,0.06593644383798504,1.1760411667926658,3.89498102779158,0.165000000000191,1.0,75.29941886297891
S11_C6_PRIMARY,primary,0.11,6.0,DISPLACEMENT_ORIGIN_ONLY,TOUCH_NEXT_OPEN,VOL_FLOOR_1.00,1.0,1.5,1142,23.817863397548162,36.952714535901926,39.229422066549915,0.0,0.05731032737860006,1.1370938876021228,0.03919533745421342,1.0917093543234468,3.89498102779158,0.165000000000191,1.0,44.76107537271173
S11_C6_PRIMARY,primary,0.11,6.0,DISPLACEMENT_ORIGIN_ONLY,TOUCH_NEXT_OPEN,VOL_FLOOR_1.00,1.0,2.0,1142,13.835376532399298,38.091068301225924,48.07355516637478,0.0,0.04891064595917646,1.1132921998532048,0.03079565603478981,1.0697120798909667,3.89498102779158,0.165000000000191,1.0,35.168639191729966
S11_C6_PRIMARY,primary,0.11,6.0,DISPLACEMENT_ORIGIN_ONLY,TOUCH_NEXT_OPEN,VOL_FLOOR_1.00,1.0,2.5,1142,7.705779334500876,38.96672504378284,53.327495621716295,0.0,0.022850289460870418,1.0517700612023493,0.004735299536483768,1.0104840638311057,3.89498102779158,0.165000000000191,1.0,5.407712070664463
S11_C6_PRIMARY,primary,0.11,6.0,DISPLACEMENT_ORIGIN_ONLY,TOUCH_NEXT_OPEN,VOL_FLOOR_1.00,1.0,3.0,1142,5.166374781085814,39.229422066549915,55.60420315236427,0.0,0.02365078249751647,1.0532666459363413,0.005535792573129822,1.0121820755194495,3.89498102779158,0.165000000000191,1.0,6.3218751185142565
S11_C6_PRIMARY,primary,0.11,6.0,DOZ_OBJECTIVE_ONLY,ACCEPTANCE_RETEST,STRUCTURAL,,0.5,2,50.0,50.0,0.0,0.0,-0.25,0.5,-0.29604900492562786,0.4421376856990756,1.4651327058796824,0.9776853754540298,10.0,-0.5920980098512557
S11_C6_PRIMARY,primary,0.11,6.0,DOZ_OBJECTIVE_ONLY,ACCEPTANCE_RETEST,STRUCTURAL,,1.0,2,50.0,50.0,0.0,0.0,0.0,1.0,-0.04604900492562786,0.9132271886354798,1.4651327058796824,0.9776853754540298,10.0,-0.09209800985125571
S11_C6_PRIMARY,primary,0.11,6.0,DOZ_OBJECTIVE_ONLY,ACCEPTANCE_RETEST,STRUCTURAL,,1.5,2,50.0,50.0,0.0,0.0,0.25,1.5,0.2039509950743722,1.384316691571884,1.4651327058796824,0.9776853754540298,10.0,0.4079019901487444
S11_C6_PRIMARY,primary,0.11,6.0,DOZ_OBJECTIVE_ONLY,ACCEPTANCE_RETEST,STRUCTURAL,,2.0,2,50.0,50.0,0.0,0.0,0.5,2.0,0.4539509950743722,1.8554061945082883,1.4651327058796824,0.9776853754540298,10.0,0.9079019901487444
S11_C6_PRIMARY,primary,0.11,6.0,DOZ_OBJECTIVE_ONLY,ACCEPTANCE_RETEST,STRUCTURAL,,2.5,2,50.0,50.0,0.0,0.0,0.75,2.5,0.7039509950743721,2.326495697444692,1.4651327058796824,0.9776853754540298,10.0,1.4079019901487442
S11_C6_PRIMARY,primary,0.11,6.0,DOZ_OBJECTIVE_ONLY,ACCEPTANCE_RETEST,STRUCTURAL,,3.0,2,50.0,50.0,0.0,0.0,1.0,3.0,0.9539509950743721,2.7975852003810964,1.4651327058796824,0.9776853754540298,10.0,1.9079019901487442
S11_C6_PRIMARY,primary,0.11,6.0,DOZ_OBJECTIVE_ONLY,CLEAN_REJECTION,STRUCTURAL,,0.5,16,81.25,18.75,0.0,0.0,0.21874999999998382,2.1666666666665804,0.191860328288435,1.9940631645873061,2.1866812650275733,1.2509999999999764,1.0,3.06976525261496
S11_C6_PRIMARY,primary,0.11,6.0,DOZ_OBJECTIVE_ONLY,CLEAN_REJECTION,STRUCTURAL,,1.0,16,68.75,25.0,6.25,0.0,0.44778041203400776,2.791121648136031,0.42089074032245893,2.635848663634125,2.1866812650275733,1.2509999999999764,1.0,6.734251845159343
S11_C6_PRIMARY,primary,0.11,6.0,DOZ_OBJECTIVE_ONLY,CLEAN_REJECTION,STRUCTURAL,,1.5,16,56.25,37.5,6.25,0.0,0.47903041203402086,2.277414432090722,0.4521407403224721,2.170970582681904,2.1866812650275733,1.2509999999999764,1.0,7.234251845159553
S11_C6_PRIMARY,primary,0.11,6.0,DOZ_OBJECTIVE_ONLY,CLEAN_REJECTION,STRUCTURAL,,2.0,16,50.0,37.5,12.5,0.0,0.6218967240095201,2.6012431602696697,0.5950070522979714,2.482220338525832,2.1866812650275733,1.2509999999999764,1.0,9.520112836767542
S11_C6_PRIMARY,primary,0.11,6.0,DOZ_OBJECTIVE_ONLY,CLEAN_REJECTION,STRUCTURAL,,2.5,16,37.5,43.75,18.75,0.0,0.527103109550825,2.169044530886196,0.5002134378392763,2.071287950211973,2.1866812650275733,1.2509999999999764,1.0,8.00341500542842
S11_C6_PRIMARY,primary,0.11,6.0,DOZ_OBJECTIVE_ONLY,CLEAN_REJECTION,STRUCTURAL,,3.0,16,25.0,56.25,18.75,0.0,0.21460310955083026,1.372650092394534,0.18771343783928154,1.3157379175955908,2.1866812650275733,1.2509999999999764,1.0,3.0034150054285047
S11_C6_PRIMARY,primary,0.11,6.0,DOZ_OBJECTIVE_ONLY,FAILED_AUCTION,STRUCTURAL,,0.5,20,65.0,35.0,0.0,0.0,-0.024999999999999262,0.9285714285714307,-0.060974531127131214,0.833278016417669,1.6753963216866623,0.7097510204323498,2.0,-1.2194906225426243
S11_C6_PRIMARY,primary,0.11,6.0,DOZ_OBJECTIVE_ONLY,FAILED_AUCTION,STRUCTURAL,,1.0,20,55.00000000000001,45.0,0.0,0.0,0.1,1.2222222222222223,0.06402546887286806,1.1366964080110802,1.6753963216866623,0.7097510204323498,2.0,1.280509377457361
S11_C6_PRIMARY,primary,0.11,6.0,DOZ_OBJECTIVE_ONLY,FAILED_AUCTION,STRUCTURAL,,1.5,20,45.0,50.0,5.0,0.0,0.21179680491360636,1.4235936098272126,0.1758222737864744,1.3382478349241282,1.6753963216866623,0.7097510204323498,2.0,3.516445475729488
S11_C6_PRIMARY,primary,0.11,6.0,DOZ_OBJECTIVE_ONLY,FAILED_AUCTION,STRUCTURAL,,2.0,20,30.0,65.0,5.0,0.0,-0.013203195086393848,0.9796873921747787,-0.049177726213525785,0.9268920809270512,1.6753963216866623,0.7097510204323498,2.0,-0.9835545242705157
S11_C6_PRIMARY,primary,0.11,6.0,DOZ_OBJECTIVE_ONLY,FAILED_AUCTION,STRUCTURAL,,2.5,20,25.0,70.0,5.0,0.0,-0.03820319508639893,0.9454240070194302,-0.07417772621353089,0.897723346750593,1.6753963216866623,0.7097510204323498,2.0,-1.4835545242706178
S11_C6_PRIMARY,primary,0.11,6.0,DOZ_OBJECTIVE_ONLY,FAILED_AUCTION,STRUCTURAL,,3.0,20,20.0,70.0,10.0,0.0,0.04099287703362995,1.0585612529051855,0.005018345906497945,1.0069193226911135,1.6753963216866623,0.7097510204323498,2.0,0.1003669181299589
S11_C6_PRIMARY,primary,0.11,6.0,DOZ_OBJECTIVE_ONLY,PASSIVE_TOUCH,STRUCTURAL,,0.5,32,50.0,50.0,0.0,40.625,-0.25000000000001465,0.4999999999999707,-0.3467884774138506,0.3783102895323073,0.714184005194852,0.22250000000008185,0.0,-11.09723127724322
S11_C6_PRIMARY,primary,0.11,6.0,DOZ_OBJECTIVE_ONLY,PASSIVE_TOUCH,STRUCTURAL,,1.0,32,46.875,53.125,0.0,40.625,-0.0625,0.8823529411764706,-0.15928847741383595,0.7301414181528149,0.714184005194852,0.22250000000008185,0.0,-5.09723127724275
S11_C6_PRIMARY,primary,0.11,6.0,DOZ_OBJECTIVE_ONLY,PASSIVE_TOUCH,STRUCTURAL,,1.5,32,31.25,68.75,0.0,40.625,-0.2187499999999872,0.6818181818182004,-0.3155384774138231,0.5859206132924558,0.714184005194852,0.22250000000008185,0.0,-10.09723127724234
S11_C6_PRIMARY,primary,0.11,6.0,DOZ_OBJECTIVE_ONLY,PASSIVE_TOUCH,STRUCTURAL,,2.0,32,31.25,68.75,0.0,37.5,-0.0625,0.9090909090909091,-0.15928847741383595,0.7909666181516215,0.714184005194852,0.22250000000008185,0.0,-5.09723127724275
S11_C6_PRIMARY,primary,0.11,6.0,DOZ_OBJECTIVE_ONLY,PASSIVE_TOUCH,STRUCTURAL,,2.5,32,25.0,75.0,0.0,37.5,-0.12500000000001577,0.8333333333333123,-0.22178847741385171,0.7330018301650564,0.714184005194852,0.22250000000008185,0.0,-7.097231277243255
S11_C6_PRIMARY,primary,0.11,6.0,DOZ_OBJECTIVE_ONLY,PASSIVE_TOUCH,STRUCTURAL,,3.0,32,21.875,75.0,3.125,37.5,-0.10498180614992841,0.8620895694297203,-0.20177028356376436,0.7609353538185101,0.714184005194852,0.22250000000008185,0.0,-6.45664907404046
S11_C6_PRIMARY,primary,0.11,6.0,DOZ_OBJECTIVE_ONLY,RECLAIM_PULLBACK,STRUCTURAL,,0.5,25,56.00000000000001,44.0,0.0,16.0,-0.1599999999999942,0.6363636363636495,-0.20626641279789393,0.5561244788006653,1.3755282437032292,0.4467510204322025,3.0,-5.156660319947348
S11_C6_PRIMARY,primary,0.11,6.0,DOZ_OBJECTIVE_ONLY,RECLAIM_PULLBACK,STRUCTURAL,,1.0,25,44.0,56.00000000000001,0.0,16.0,-0.12,0.7857142857142857,-0.16626641279789972,0.717893207764212,1.3755282437032292,0.4467510204322025,3.0,-4.156660319947493
S11_C6_PRIMARY,primary,0.11,6.0,DOZ_OBJECTIVE_ONLY,RECLAIM_PULLBACK,STRUCTURAL,,1.5,25,44.0,56.00000000000001,0.0,16.0,0.09999999999999114,1.1785714285714128,0.05373358720209146,1.0911706078564989,1.3755282437032292,0.4467510204322025,3.0,1.3433396800522865
S11_C6_PRIMARY,primary,0.11,6.0,DOZ_OBJECTIVE_ONLY,RECLAIM_PULLBACK,STRUCTURAL,,2.0,25,36.0,60.0,4.0,16.0,0.1701691069996006,1.2836151783326677,0.12390269420170093,1.196782626753643,1.3755282437032292,0.4467510204322025,3.0,3.097567355042523
S11_C6_PRIMARY,primary,0.11,6.0,DOZ_OBJECTIVE_ONLY,RECLAIM_PULLBACK,STRUCTURAL,,2.5,25,28.000000000000004,64.0,8.0,16.0,0.10603118336950296,1.1646094407420577,0.059764770571603225,1.0884165327699318,1.3755282437032292,0.4467510204322025,3.0,1.4941192642900807
S11_C6_PRIMARY,primary,0.11,6.0,DOZ_OBJECTIVE_ONLY,RECLAIM_PULLBACK,STRUCTURAL,,3.0,25,24.0,68.0,8.0,16.0,0.08603118336948999,1.1257512270522867,0.039764770571590204,1.0553640410904233,1.3755282437032292,0.4467510204322025,3.0,0.9941192642897552
S11_C6_PRIMARY,primary,0.11,6.0,DOZ_OBJECTIVE_ONLY,TOUCH_NEXT_OPEN,VOL_FLOOR_0.25,0.25,0.5,36,80.55555555555556,19.444444444444446,0.0,0.0,0.2083333333333207,2.071428571428497,0.16607357503464337,1.8248732081048833,1.8149176618892762,0.6572293906875213,1.0,5.978648701247161
S11_C6_PRIMARY,primary,0.11,6.0,DOZ_OBJECTIVE_ONLY,TOUCH_NEXT_OPEN,VOL_FLOOR_0.25,0.25,1.0,36,63.888888888888886,33.33333333333333,2.7777777777777777,0.0,0.31012462757067455,1.9303738827120263,0.2678648692719972,1.7711956853798039,1.8149176618892762,0.6572293906875213,1.0,9.6431352937919
S11_C6_PRIMARY,primary,0.11,6.0,DOZ_OBJECTIVE_ONLY,TOUCH_NEXT_OPEN,VOL_FLOOR_0.25,0.25,1.5,36,52.77777777777778,41.66666666666667,5.555555555555555,0.0,0.36687674440047613,1.854475507179186,0.3246169861017989,1.723583071441216,1.8149176618892762,0.6572293906875213,1.0,11.686211499664761
S11_C6_PRIMARY,primary,0.11,6.0,DOZ_OBJECTIVE_ONLY,TOUCH_NEXT_OPEN,VOL_FLOOR_0.25,0.25,2.0,36,41.66666666666667,50.0,8.333333333333332,0.0,0.31926177194513555,1.615574159413894,0.2770020136464584,1.5082404381623293,1.8149176618892762,0.6572293906875213,1.0,9.9720724912725
S11_C6_PRIMARY,primary,0.11,6.0,DOZ_OBJECTIVE_ONLY,TOUCH_NEXT_OPEN,VOL_FLOOR_0.25,0.25,2.5,36,38.88888888888889,52.77777777777778,8.333333333333332,0.0,0.4303728830562352,1.7876251499761442,0.388113124757558,1.6760002381343289,1.8149176618892762,0.6572293906875213,1.0,13.972072491272087
S11_C6_PRIMARY,primary,0.11,6.0,DOZ_OBJECTIVE_ONLY,TOUCH_NEXT_OPEN,VOL_FLOOR_0.25,0.25,3.0,36,30.555555555555557,61.111111111111114,8.333333333333332,0.0,0.29148399416735393,1.4628553977124805,0.24922423586867667,1.377690347076322,1.8149176618892762,0.6572293906875213,1.0,8.97207249127236
S11_C6_PRIMARY,primary,0.11,6.0,DOZ_OBJECTIVE_ONLY,TOUCH_NEXT_OPEN,VOL_FLOOR_0.50,0.5,0.5,36,75.0,25.0,0.0,0.0,0.12499999999999452,1.4999999999999778,0.0975010375359408,1.3813670469635282,2.135688091079541,1.2509999999999764,1.0,3.510037351293869
S11_C6_PRIMARY,primary,0.11,6.0,DOZ_OBJECTIVE_ONLY,TOUCH_NEXT_OPEN,VOL_FLOOR_0.50,0.5,1.0,36,58.333333333333336,38.88888888888889,2.7777777777777777,0.0,0.19901351645956852,1.5117490423246116,0.17151455399551485,1.429324071784555,2.135688091079541,1.2509999999999764,1.0,6.174523943838535
S11_C6_PRIMARY,primary,0.11,6.0,DOZ_OBJECTIVE_ONLY,TOUCH_NEXT_OPEN,VOL_FLOOR_0.50,0.5,1.5,36,47.22222222222222,47.22222222222222,5.555555555555555,0.0,0.22804424730045236,1.4703318764781392,0.20054528483639864,1.4019728650491188,2.135688091079541,1.2509999999999764,1.0,7.219630254110351
S11_C6_PRIMARY,primary,0.11,6.0,DOZ_OBJECTIVE_ONLY,TOUCH_NEXT_OPEN,VOL_FLOOR_0.50,0.5,2.0,36,36.11111111111111,52.77777777777778,11.11111111111111,0.0,0.22456476577193257,1.411018258592976,0.19706580330787885,1.350273305788061,2.135688091079541,1.2509999999999764,1.0,7.094368919083639
S11_C6_PRIMARY,primary,0.11,6.0,DOZ_OBJECTIVE_ONLY,TOUCH_NEXT_OPEN,VOL_FLOOR_0.50,0.5,2.5,36,30.555555555555557,55.55555555555556,13.88888888888889,0.0,0.26045051077179127,1.4536360518040758,0.23295154830773765,1.393688185042708,2.135688091079541,1.2509999999999764,1.0,8.386255739078555
S11_C6_PRIMARY,primary,0.11,6.0,DOZ_OBJECTIVE_ONLY,TOUCH_NEXT_OPEN,VOL_FLOOR_0.50,0.5,3.0,36,16.666666666666664,63.888888888888886,19.444444444444446,0.0,-0.006443820303949046,0.9901991123211136,-0.03394278276800274,0.9498787364395368,2.135688091079541,1.2509999999999764,1.0,-1.2219401796480986
S11_C6_PRIMARY,primary,0.11,6.0,DOZ_OBJECTIVE_ONLY,TOUCH_NEXT_OPEN,VOL_FLOOR_0.75,0.75,0.5,36,75.0,25.0,0.0,0.0,0.12499999999999487,1.499999999999977,0.10500246799474465,1.4126619097485538,3.1037729173751085,1.2509999999999764,1.0,3.7800888478108075
S11_C6_PRIMARY,primary,0.11,6.0,DOZ_OBJECTIVE_ONLY,TOUCH_NEXT_OPEN,VOL_FLOOR_0.75,0.75,1.0,36,58.333333333333336,36.11111111111111,5.555555555555555,0.0,0.21836733702014932,1.5909245312170086,0.1983698050148991,1.525744725382909,3.1037729173751085,1.2509999999999764,1.0,7.141312980536368
S11_C6_PRIMARY,primary,0.11,6.0,DOZ_OBJECTIVE_ONLY,TOUCH_NEXT_OPEN,VOL_FLOOR_0.75,0.75,1.5,36,44.44444444444444,44.44444444444444,11.11111111111111,0.0,0.24334233520155862,1.5321085835304822,0.22334480319630845,1.4781832350430808,3.1037729173751085,1.2509999999999764,1.0,8.040412915067105
S11_C6_PRIMARY,primary,0.11,6.0,DOZ_OBJECTIVE_ONLY,TOUCH_NEXT_OPEN,VOL_FLOOR_0.75,0.75,2.0,36,27.77777777777778,50.0,22.22222222222222,0.0,0.133693565275657,1.2551057182628513,0.1136960332704068,1.2125344222504735,3.1037729173751085,1.2509999999999764,1.0,4.093057197734645
S11_C6_PRIMARY,primary,0.11,6.0,DOZ_OBJECTIVE_ONLY,TOUCH_NEXT_OPEN,VOL_FLOOR_0.75,0.75,2.5,36,13.88888888888889,55.55555555555556,30.555555555555557,0.0,0.03534240500539181,1.0609744173833051,0.015344873000141614,1.0258997526683553,3.1037729173751085,1.2509999999999764,1.0,0.5524154280050981
S11_C6_PRIMARY,primary,0.11,6.0,DOZ_OBJECTIVE_ONLY,TOUCH_NEXT_OPEN,VOL_FLOOR_0.75,0.75,3.0,36,11.11111111111111,55.55555555555556,33.33333333333333,0.0,0.08866916693217684,1.1529763125267698,0.0686716349269266,1.1159070107600477,3.1037729173751085,1.2509999999999764,1.0,2.4721788573693577
S11_C6_PRIMARY,primary,0.11,6.0,DOZ_OBJECTIVE_ONLY,TOUCH_NEXT_OPEN,VOL_FLOOR_1.00,1.0,0.5,36,75.0,25.0,0.0,0.0,0.12499999999999795,1.4999999999999885,0.10955244481486806,1.4323398443349291,4.014838441682392,1.2699842937567116,1.0,3.94388801333525
S11_C6_PRIMARY,primary,0.11,6.0,DOZ_OBJECTIVE_ONLY,TOUCH_NEXT_OPEN,VOL_FLOOR_1.00,1.0,1.0,36,50.0,36.11111111111111,13.88888888888889,0.0,0.17715498108309558,1.4778086009638625,0.16170742589796563,1.4294834836316999,4.014838441682392,1.2699842937567116,1.0,5.821467332326763
S11_C6_PRIMARY,primary,0.11,6.0,DOZ_OBJECTIVE_ONLY,TOUCH_NEXT_OPEN,VOL_FLOOR_1.00,1.0,1.5,36,30.555555555555557,41.66666666666667,27.77777777777778,0.0,0.10050347711894277,1.219962058465813,0.08505592193381285,1.1833535780416662,4.014838441682392,1.2699842937567116,1.0,3.0620131896172627
S11_C6_PRIMARY,primary,0.11,6.0,DOZ_OBJECTIVE_ONLY,TOUCH_NEXT_OPEN,VOL_FLOOR_1.00,1.0,2.0,36,16.666666666666664,44.44444444444444,38.88888888888889,0.0,0.1222907339168889,1.252306817709729,0.10684317873175894,1.2170988036084662,4.014838441682392,1.2699842937567116,1.0,3.846354434343322
S11_C6_PRIMARY,primary,0.11,6.0,DOZ_OBJECTIVE_ONLY,TOUCH_NEXT_OPEN,VOL_FLOOR_1.00,1.0,2.5,36,8.333333333333332,47.22222222222222,44.44444444444444,0.0,0.02310563328415519,1.0450869475740923,0.0076580780990252945,1.0146922940855176,4.014838441682392,1.2699842937567116,1.0,0.2756908115649106
S11_C6_PRIMARY,primary,0.11,6.0,DOZ_OBJECTIVE_ONLY,TOUCH_NEXT_OPEN,VOL_FLOOR_1.00,1.0,3.0,36,0.0,47.22222222222222,52.77777777777778,0.0,-0.0200118770768229,0.9609500228136733,-0.035459432261952806,0.9319698232165569,4.014838441682392,1.2699842937567116,1.0,-1.276539561430301
S11_C6_PRIMARY,primary,0.11,6.0,MEMORY_ONLY,ACCEPTANCE_RETEST,STRUCTURAL,,0.5,23,52.17391304347826,47.82608695652174,0.0,4.3478260869565215,-0.21739130434782825,0.545454545454541,-0.24605733856603185,0.5005938667056892,2.075927704607466,1.0200000000002092,15.0,-5.659318787018733
S11_C6_PRIMARY,primary,0.11,6.0,MEMORY_ONLY,ACCEPTANCE_RETEST,STRUCTURAL,,1.0,23,21.73913043478261,69.56521739130434,8.695652173913043,4.3478260869565215,-0.496260013775302,0.3054809566503785,-0.5249260479935056,0.28673562802799024,2.075927704607466,1.0200000000002092,15.0,-12.07329910385063
S11_C6_PRIMARY,primary,0.11,6.0,MEMORY_ONLY,ACCEPTANCE_RETEST,STRUCTURAL,,1.5,23,13.043478260869565,78.26086956521739,8.695652173913043,4.3478260869565215,-0.6049556659492176,0.24521515206395872,-0.6336217001674211,0.23191252241956462,2.075927704607466,1.0200000000002092,15.0,-14.573299103850687
S11_C6_PRIMARY,primary,0.11,6.0,MEMORY_ONLY,ACCEPTANCE_RETEST,STRUCTURAL,,2.0,23,8.695652173913043,78.26086956521739,13.043478260869565,4.3478260869565215,-0.554160419265421,0.3085908417253586,-0.5828264534836246,0.29348742253445076,2.075927704607466,1.0200000000002092,15.0,-13.405008430123367
S11_C6_PRIMARY,primary,0.11,6.0,MEMORY_ONLY,ACCEPTANCE_RETEST,STRUCTURAL,,2.5,23,8.695652173913043,78.26086956521739,13.043478260869565,4.3478260869565215,-0.5106821583958557,0.3628373499673578,-0.5393481926140594,0.3461925425012457,2.075927704607466,1.0200000000002092,15.0,-12.405008430123367
S11_C6_PRIMARY,primary,0.11,6.0,MEMORY_ONLY,ACCEPTANCE_RETEST,STRUCTURAL,,3.0,23,8.695652173913043,78.26086956521739,13.043478260869565,4.3478260869565215,-0.46720389752629055,0.41708385820935695,-0.49586993174449423,0.3988976624680406,2.075927704607466,1.0200000000002092,15.0,-11.405008430123367
S11_C6_PRIMARY,primary,0.11,6.0,MEMORY_ONLY,CLEAN_REJECTION,STRUCTURAL,,0.5,368,63.315217391304344,32.880434782608695,3.804347826086957,0.0,-0.02456585522507124,0.9282104598525039,-0.049216083677078505,0.8599157056302967,2.4080912362268236,1.3732647952065236,1.0,-18.11151879316489
S11_C6_PRIMARY,primary,0.11,6.0,MEMORY_ONLY,CLEAN_REJECTION,STRUCTURAL,,1.0,368,46.73913043478261,43.75,9.510869565217392,0.0,0.025503691874343707,1.055573567334127,0.0008534634223364207,1.0018107344589569,2.4080912362268236,1.3732647952065236,1.0,0.3140745394198028
S11_C6_PRIMARY,primary,0.11,6.0,MEMORY_ONLY,CLEAN_REJECTION,STRUCTURAL,,1.5,368,31.793478260869566,53.2608695652174,14.945652173913043,0.0,-0.03003248635143111,0.9459613314449651,-0.054682714803438386,0.9042001432134097,2.4080912362268236,1.3732647952065236,1.0,-20.123239047665326
S11_C6_PRIMARY,primary,0.11,6.0,MEMORY_ONLY,CLEAN_REJECTION,STRUCTURAL,,2.0,368,25.815217391304344,55.16304347826087,19.021739130434785,0.0,0.025381883487926037,1.044145193368001,0.0007316550359187802,1.001239157978418,2.4080912362268236,1.3732647952065236,1.0,0.2692490532181111
S11_C6_PRIMARY,primary,0.11,6.0,MEMORY_ONLY,CLEAN_REJECTION,STRUCTURAL,,2.5,368,19.021739130434785,56.25,24.728260869565215,0.0,0.048491083896090845,1.0825664590272102,0.023840855444083556,1.0395329794689934,2.4080912362268236,1.3732647952065236,1.0,8.773434803422749
S11_C6_PRIMARY,primary,0.11,6.0,MEMORY_ONLY,CLEAN_REJECTION,STRUCTURAL,,3.0,368,14.673913043478262,57.608695652173914,27.717391304347828,0.0,0.046399300724741785,1.077152080695553,0.02174907227273453,1.0352201043839326,2.4080912362268236,1.3732647952065236,1.0,8.003658596366307
S11_C6_PRIMARY,primary,0.11,6.0,MEMORY_ONLY,FAILED_AUCTION,STRUCTURAL,,0.5,61,54.09836065573771,45.90163934426229,0.0,0.0,-0.1885245901639335,0.5892857142857163,-0.20769785231694773,0.5556786677726564,3.1943119497293537,1.6085000000000491,8.0,-12.669568991333811
S11_C6_PRIMARY,primary,0.11,6.0,MEMORY_ONLY,FAILED_AUCTION,STRUCTURAL,,1.0,61,40.98360655737705,55.73770491803278,3.278688524590164,0.0,-0.1503837205342986,0.7328799853664065,-0.16955698268731284,0.704728083727911,3.1943119497293537,1.6085000000000491,8.0,-10.342975943926083
S11_C6_PRIMARY,primary,0.11,6.0,MEMORY_ONLY,FAILED_AUCTION,STRUCTURAL,,1.5,61,29.508196721311474,67.21311475409836,3.278688524590164,0.0,-0.2323509336490533,0.6571659898833139,-0.25152419580206753,0.6360129258542045,3.1943119497293537,1.6085000000000491,8.0,-15.34297594392612
S11_C6_PRIMARY,primary,0.11,6.0,MEMORY_ONLY,FAILED_AUCTION,STRUCTURAL,,2.0,61,22.950819672131146,68.85245901639344,8.19672131147541,0.0,-0.18762586963192548,0.7296961178434501,-0.20679913178493975,0.7077588517606033,3.1943119497293537,1.6085000000000491,8.0,-12.614747038881324
S11_C6_PRIMARY,primary,0.11,6.0,MEMORY_ONLY,FAILED_AUCTION,STRUCTURAL,,2.5,61,11.475409836065573,75.40983606557377,13.114754098360656,0.0,-0.38880528648628193,0.4913293541788306,-0.40797854863929606,0.47660154024065443,3.1943119497293537,1.6085000000000491,8.0,-24.88669146699706
S11_C6_PRIMARY,primary,0.11,6.0,MEMORY_ONLY,FAILED_AUCTION,STRUCTURAL,,3.0,61,8.19672131147541,77.04918032786885,14.754098360655737,0.0,-0.4308922145577095,0.4481041170658604,-0.45006547671072367,0.43480179243779726,3.1943119497293537,1.6085000000000491,8.0,-27.453994079354143
S11_C6_PRIMARY,primary,0.11,6.0,MEMORY_ONLY,PASSIVE_TOUCH,STRUCTURAL,,0.5,343,53.352769679300295,46.06413994169096,0.5830903790087464,21.282798833819243,-0.2497122978926741,0.5165075876459567,-0.29875934298843365,0.44645087601877154,1.2200000000000273,0.6200000000001182,2.0,-102.47445464503275
S11_C6_PRIMARY,primary,0.11,6.0,MEMORY_ONLY,PASSIVE_TOUCH,STRUCTURAL,,1.0,343,41.690962099125365,57.14285714285714,1.1661807580174928,20.99125364431487,-0.2126820547960027,0.6621904911146419,-0.26172909989176224,0.6024706114019279,1.2200000000000273,0.6200000000001182,2.0,-89.77308126287446
S11_C6_PRIMARY,primary,0.11,6.0,MEMORY_ONLY,PASSIVE_TOUCH,STRUCTURAL,,1.5,343,32.06997084548105,66.1807580174927,1.749271137026239,20.99125364431487,-0.23960706649240363,0.6675156283973548,-0.2886541115881633,0.6171033291348197,1.2200000000000273,0.6200000000001182,2.0,-99.00836027474
S11_C6_PRIMARY,primary,0.11,6.0,MEMORY_ONLY,PASSIVE_TOUCH,STRUCTURAL,,2.0,343,26.53061224489796,70.8454810495627,2.623906705539359,20.99125364431487,-0.23231644965749582,0.6978284721989217,-0.2813634947532554,0.650309852715995,1.2200000000000273,0.6200000000001182,2.0,-96.5076787003666
S11_C6_PRIMARY,primary,0.11,6.0,MEMORY_ONLY,PASSIVE_TOUCH,STRUCTURAL,,2.5,343,22.448979591836736,74.34402332361516,3.206997084548105,20.99125364431487,-0.23169421679951227,0.7117544648094297,-0.2807412618952718,0.6662975485571696,1.2200000000000273,0.6200000000001182,2.0,-96.29425283007824
S11_C6_PRIMARY,primary,0.11,6.0,MEMORY_ONLY,PASSIVE_TOUCH,STRUCTURAL,,3.0,343,18.950437317784257,76.38483965014578,4.664723032069971,20.99125364431487,-0.23019728838605558,0.7207476121157788,-0.27924433348181515,0.6763211530361705,1.2200000000000273,0.6200000000001182,2.0,-95.78080638426259
S11_C6_PRIMARY,primary,0.11,6.0,MEMORY_ONLY,RECLAIM_PULLBACK,STRUCTURAL,,0.5,321,55.140186915887845,41.74454828660436,3.115264797507788,1.2461059190031152,-0.1495615927132076,0.6497045020031631,-0.17764406102270563,0.595922222319435,2.1160000000006676,1.1811064504820479,4.0,-57.02374358828851
S11_C6_PRIMARY,primary,0.11,6.0,MEMORY_ONLY,RECLAIM_PULLBACK,STRUCTURAL,,1.0,321,37.07165109034268,57.3208722741433,5.607476635514018,1.2461059190031152,-0.21330199090735028,0.6376040522056005,-0.2413844592168483,0.6017529683016922,2.1160000000006676,1.1811064504820479,4.0,-77.48441140860831
S11_C6_PRIMARY,primary,0.11,6.0,MEMORY_ONLY,RECLAIM_PULLBACK,STRUCTURAL,,1.5,321,26.791277258566975,64.48598130841121,8.722741433021806,1.2461059190031152,-0.2379696647492319,0.6408455559884325,-0.26605213305873,0.6101323880629917,2.1160000000006676,1.1811064504820479,4.0,-85.40273471185232
S11_C6_PRIMARY,primary,0.11,6.0,MEMORY_ONLY,RECLAIM_PULLBACK,STRUCTURAL,,2.0,321,20.5607476635514,66.35514018691589,13.084112149532709,1.2461059190031152,-0.20311033064656178,0.701867199664708,-0.23119279895605982,0.6704340847049034,2.1160000000006676,1.1811064504820479,4.0,-74.2128884648952
S11_C6_PRIMARY,primary,0.11,6.0,MEMORY_ONLY,RECLAIM_PULLBACK,STRUCTURAL,,2.5,321,15.887850467289718,68.22429906542055,15.887850467289718,1.2461059190031152,-0.20176810921387525,0.7117459572068836,-0.22985057752337335,0.6810639888230791,2.1160000000006676,1.1811064504820479,4.0,-73.78203538500284
S11_C6_PRIMARY,primary,0.11,6.0,MEMORY_ONLY,RECLAIM_PULLBACK,STRUCTURAL,,3.0,321,13.707165109034266,69.78193146417445,16.510903426791277,1.2461059190031152,-0.18970588957962928,0.7348782738134289,-0.21778835788912734,0.704330210144651,2.1160000000006676,1.1811064504820479,4.0,-69.91006288240987
S11_C6_PRIMARY,primary,0.11,6.0,MEMORY_ONLY,TOUCH_NEXT_OPEN,VOL_FLOOR_0.25,0.25,0.5,535,63.36448598130842,33.45794392523365,3.177570093457944,0.3738317757009346,-0.025382874841086502,0.926085656312293,-0.06017297169863786,0.8315080419745172,2.0027502436173563,0.20567219268082226,1.0,-32.192539858771255
S11_C6_PRIMARY,primary,0.11,6.0,MEMORY_ONLY,TOUCH_NEXT_OPEN,VOL_FLOOR_0.25,0.25,1.0,535,46.35514018691589,47.28971962616823,6.355140186915888,0.0,-0.019201678093231603,0.9606765330597269,-0.05399177495078297,0.8935280336613811,2.0027502436173563,0.20567219268082226,1.0,-28.88559959866889
S11_C6_PRIMARY,primary,0.11,6.0,MEMORY_ONLY,TOUCH_NEXT_OPEN,VOL_FLOOR_0.25,0.25,1.5,535,34.953271028037385,54.953271028037385,10.093457943925234,0.0,-0.013617451571047887,0.9759441119342326,-0.04840754842859924,0.9176260398088185,2.0027502436173563,0.20567219268082226,1.0,-25.898038409300593
S11_C6_PRIMARY,primary,0.11,6.0,MEMORY_ONLY,TOUCH_NEXT_OPEN,VOL_FLOOR_0.25,0.25,2.0,535,28.037383177570092,58.69158878504673,13.271028037383179,0.0,0.014996067388489947,1.0248450169805123,-0.019794029469061416,0.9684125139798154,2.0027502436173563,0.20567219268082226,1.0,-10.589805765947858
S11_C6_PRIMARY,primary,0.11,6.0,MEMORY_ONLY,TOUCH_NEXT_OPEN,VOL_FLOOR_0.25,0.25,2.5,535,22.05607476635514,60.747663551401864,17.19626168224299,0.0,0.03835490752550519,1.0614217183015855,0.003564810667953815,1.0054978181705865,2.0027502436173563,0.20567219268082226,1.0,1.907173707355291
S11_C6_PRIMARY,primary,0.11,6.0,MEMORY_ONLY,TOUCH_NEXT_OPEN,VOL_FLOOR_0.25,0.25,3.0,535,17.570093457943926,62.80373831775701,19.626168224299064,0.0,0.03061439423698344,1.047411125602806,-0.004175702620567929,0.9937721264609842,2.0027502436173563,0.20567219268082226,1.0,-2.2340009020038423
S11_C6_PRIMARY,primary,0.11,6.0,MEMORY_ONLY,TOUCH_NEXT_OPEN,VOL_FLOOR_0.50,0.5,0.5,535,62.80373831775701,34.018691588785046,3.177570093457944,0.0,-0.033794089794356455,0.9031734584736172,-0.06370007881567287,0.8233076903001497,2.142262690002851,0.2841957146690627,1.0,-34.07954216638498
S11_C6_PRIMARY,primary,0.11,6.0,MEMORY_ONLY,TOUCH_NEXT_OPEN,VOL_FLOOR_0.50,0.5,1.0,535,44.48598130841121,48.97196261682243,6.5420560747663545,0.0,-0.05544711092636276,0.8903892295680366,-0.08535309994767917,0.8365756521751576,2.142262690002851,0.2841957146690627,1.0,-45.66390847200836
S11_C6_PRIMARY,primary,0.11,6.0,MEMORY_ONLY,TOUCH_NEXT_OPEN,VOL_FLOOR_0.50,0.5,1.5,535,33.64485981308411,56.074766355140184,10.2803738317757,0.0,-0.04442988975420755,0.9230333907290078,-0.07433587877552394,0.8752817159997055,2.142262690002851,0.2841957146690627,1.0,-39.76969514490531
S11_C6_PRIMARY,primary,0.11,6.0,MEMORY_ONLY,TOUCH_NEXT_OPEN,VOL_FLOOR_0.50,0.5,2.0,535,27.476635514018692,59.25233644859813,13.271028037383179,0.0,-0.0019447213767186278,0.9968068943038216,-0.03185071039803504,0.9493368170310935,2.142262690002851,0.2841957146690627,1.0,-17.040130062948748
S11_C6_PRIMARY,primary,0.11,6.0,MEMORY_ONLY,TOUCH_NEXT_OPEN,VOL_FLOOR_0.50,0.5,2.5,535,20.5607476635514,61.6822429906542,17.75700934579439,0.0,-0.0028157107691080072,0.9955563155312441,-0.032721699790424455,0.9499838531003922,2.142262690002851,0.2841957146690627,1.0,-17.506109387877082
S11_C6_PRIMARY,primary,0.11,6.0,MEMORY_ONLY,TOUCH_NEXT_OPEN,VOL_FLOOR_0.50,0.5,3.0,535,15.700934579439252,63.925233644859816,20.373831775700936,0.0,-0.025736336348803585,0.9608145089251324,-0.05564232537012001,0.9179457784519894,2.142262690002851,0.2841957146690627,1.0,-29.768644073014205
S11_C6_PRIMARY,primary,0.11,6.0,MEMORY_ONLY,TOUCH_NEXT_OPEN,VOL_FLOOR_0.75,0.75,0.5,535,61.86915887850467,34.205607476635514,3.925233644859813,0.0,-0.041786345445919776,0.8815691030915271,-0.06761721229635241,0.8134192704502197,2.490469091203346,0.426293572003594,1.0,-36.17520857854854
S11_C6_PRIMARY,primary,0.11,6.0,MEMORY_ONLY,TOUCH_NEXT_OPEN,VOL_FLOOR_0.75,0.75,1.0,535,43.73831775700935,48.598130841121495,7.663551401869159,0.0,-0.06227437107432809,0.8767095895517155,-0.0881052379247607,0.8302951711089994,2.490469091203346,0.426293572003594,1.0,-47.13630228974698
S11_C6_PRIMARY,primary,0.11,6.0,MEMORY_ONLY,TOUCH_NEXT_OPEN,VOL_FLOOR_0.75,0.75,1.5,535,33.271028037383175,54.20560747663551,12.52336448598131,0.0,-0.030694738212683224,0.9453275443734637,-0.05652560506311585,0.9020724285755515,2.490469091203346,0.426293572003594,1.0,-30.24119870876698
S11_C6_PRIMARY,primary,0.11,6.0,MEMORY_ONLY,TOUCH_NEXT_OPEN,VOL_FLOOR_0.75,0.75,2.0,535,25.42056074766355,58.504672897196265,16.074766355140188,0.0,-0.023558084520528856,0.9610236718735193,-0.04938895137096149,0.9204971950071748,2.490469091203346,0.426293572003594,1.0,-26.423088983464396
S11_C6_PRIMARY,primary,0.11,6.0,MEMORY_ONLY,TOUCH_NEXT_OPEN,VOL_FLOOR_0.75,0.75,2.5,535,18.69158878504673,60.18691588785047,21.121495327102803,0.0,-0.021294838704593123,0.9657367319988556,-0.04712570555502575,0.9262106203924032,2.490469091203346,0.426293572003594,1.0,-25.212252471938775
S11_C6_PRIMARY,primary,0.11,6.0,MEMORY_ONLY,TOUCH_NEXT_OPEN,VOL_FLOOR_0.75,0.75,3.0,535,13.271028037383179,61.6822429906542,25.04672897196262,0.0,-0.03937206297051662,0.9382077914211305,-0.06520292982094923,0.9004245277144052,2.490469091203346,0.426293572003594,1.0,-34.88356745420784
S11_C6_PRIMARY,primary,0.11,6.0,MEMORY_ONLY,TOUCH_NEXT_OPEN,VOL_FLOOR_1.00,1.0,0.5,535,60.0,34.39252336448598,5.607476635514018,0.0,-0.05816630794029951,0.838485720490786,-0.08083013750478857,0.7808445477399915,2.888750849297258,0.5683914293381254,1.0,-43.244123565061884
S11_C6_PRIMARY,primary,0.11,6.0,MEMORY_ONLY,TOUCH_NEXT_OPEN,VOL_FLOOR_1.00,1.0,1.0,535,43.36448598130841,45.794392523364486,10.841121495327103,0.0,-0.039113403256369,0.9191907416764052,-0.061777232820858057,0.8754919262443881,2.888750849297258,0.5683914293381254,1.0,-33.05081955915906
S11_C6_PRIMARY,primary,0.11,6.0,MEMORY_ONLY,TOUCH_NEXT_OPEN,VOL_FLOOR_1.00,1.0,1.5,535,30.093457943925234,52.523364485981304,17.38317757009346,0.0,-0.05174659655621571,0.9066332096592713,-0.07441042612070478,0.8690644632323705,2.888750849297258,0.5683914293381254,1.0,-39.80957797457706
S11_C6_PRIMARY,primary,0.11,6.0,MEMORY_ONLY,TOUCH_NEXT_OPEN,VOL_FLOOR_1.00,1.0,2.0,535,21.30841121495327,54.76635514018692,23.925233644859816,0.0,-0.03510592831323648,0.9391691528259661,-0.05776975787772555,0.902349253040685,2.888750849297258,0.5683914293381254,1.0,-30.90682046458317
S11_C6_PRIMARY,primary,0.11,6.0,MEMORY_ONLY,TOUCH_NEXT_OPEN,VOL_FLOOR_1.00,1.0,2.5,535,14.205607476635516,55.32710280373831,30.467289719626166,0.0,-0.02697555349767893,0.9538096628939626,-0.049639383062168,0.9170991184949504,2.888750849297258,0.5683914293381254,1.0,-26.557069938259882
S11_C6_PRIMARY,primary,0.11,6.0,MEMORY_ONLY,TOUCH_NEXT_OPEN,VOL_FLOOR_1.00,1.0,3.0,535,8.97196261682243,55.887850467289724,35.14018691588785,0.0,-0.038464915149762295,0.9348020191763221,-0.06112874471425136,0.8989480761183094,2.888750849297258,0.5683914293381254,1.0,-32.703878422124475
S11_C6_PRIMARY,primary,0.11,6.0,OBJECTIVE_LIQUIDITY_ONLY,ACCEPTANCE_RETEST,STRUCTURAL,,0.5,32,46.875,53.125,0.0,9.375,-0.2968750000000028,0.4411764705882301,-0.3257928075598674,0.4040779738439247,2.0939798063076296,1.5538696421003806,7.0,-10.425369841915757
S11_C6_PRIMARY,primary,0.11,6.0,OBJECTIVE_LIQUIDITY_ONLY,ACCEPTANCE_RETEST,STRUCTURAL,,1.0,32,34.375,65.625,0.0,9.375,-0.3125,0.5238095238095238,-0.34141780755986467,0.49426098255786116,2.0939798063076296,1.5538696421003806,7.0,-10.92536984191567
S11_C6_PRIMARY,primary,0.11,6.0,OBJECTIVE_LIQUIDITY_ONLY,ACCEPTANCE_RETEST,STRUCTURAL,,1.5,32,31.25,68.75,0.0,9.375,-0.21875000000000036,0.6818181818181813,-0.24766780755986495,0.6498077056331104,2.0939798063076296,1.5538696421003806,7.0,-7.925369841915678
S11_C6_PRIMARY,primary,0.11,6.0,OBJECTIVE_LIQUIDITY_ONLY,ACCEPTANCE_RETEST,STRUCTURAL,,2.0,32,25.0,75.0,0.0,9.375,-0.25,0.6666666666666666,-0.2789178075598646,0.6385358488657998,2.0939798063076296,1.5538696421003806,7.0,-8.925369841915668
S11_C6_PRIMARY,primary,0.11,6.0,OBJECTIVE_LIQUIDITY_ONLY,ACCEPTANCE_RETEST,STRUCTURAL,,2.5,32,21.875,78.125,0.0,9.375,-0.23437499999999914,0.7000000000000012,-0.26329280755986373,0.6724837196965048,2.0939798063076296,1.5538696421003806,7.0,-8.42536984191564
S11_C6_PRIMARY,primary,0.11,6.0,OBJECTIVE_LIQUIDITY_ONLY,ACCEPTANCE_RETEST,STRUCTURAL,,3.0,32,9.375,87.5,3.125,9.375,-0.5640094799362994,0.35541773721565795,-0.5929272874961639,0.34129658238488003,2.0939798063076296,1.5538696421003806,7.0,-18.973673199877243
S11_C6_PRIMARY,primary,0.11,6.0,OBJECTIVE_LIQUIDITY_ONLY,CLEAN_REJECTION,STRUCTURAL,,0.5,1397,68.6471009305655,24.982104509663564,6.370794559770938,0.0,0.0845922579227941,1.322036767492352,0.05987951341891745,1.2218028438648214,2.4289575621473887,0.9524999999998727,1.0,83.65168024622768
S11_C6_PRIMARY,primary,0.11,6.0,OBJECTIVE_LIQUIDITY_ONLY,CLEAN_REJECTION,STRUCTURAL,,1.0,1397,45.59770937723694,37.93843951324266,16.463851109520398,0.0,0.08455964921954824,1.210227293616006,0.05984690471567161,1.1447682667673111,2.4289575621473887,0.9524999999998727,1.0,83.60612588779324
S11_C6_PRIMARY,primary,0.11,6.0,OBJECTIVE_LIQUIDITY_ONLY,CLEAN_REJECTION,STRUCTURAL,,1.5,1397,30.708661417322837,43.808160343593414,25.483178239083752,0.0,0.08630383180653618,1.1857653364847436,0.06159108730265955,1.128967208763616,2.4289575621473887,0.9524999999998727,1.0,86.04274896181539
S11_C6_PRIMARY,primary,0.11,6.0,OBJECTIVE_LIQUIDITY_ONLY,CLEAN_REJECTION,STRUCTURAL,,2.0,1397,20.687186828919113,47.4588403722262,31.85397279885469,0.0,0.058815603023029336,1.116968212047403,0.0341028585191527,1.0659739167594076,2.4289575621473887,0.9524999999998727,1.0,47.64169335125632
S11_C6_PRIMARY,primary,0.11,6.0,OBJECTIVE_LIQUIDITY_ONLY,CLEAN_REJECTION,STRUCTURAL,,2.5,1397,14.74588403722262,48.60415175375805,36.64996420901932,0.0,0.06756267644219156,1.1311299818376455,0.04284993193831493,1.0808966057437959,2.4289575621473887,0.9524999999998727,1.0,59.861354917825956
S11_C6_PRIMARY,primary,0.11,6.0,OBJECTIVE_LIQUIDITY_ONLY,CLEAN_REJECTION,STRUCTURAL,,3.0,1397,11.166785969935576,49.31997136721546,39.51324266284896,0.0,0.08046478860673532,1.1538711293064,0.05575204410285871,1.103703351089907,2.4289575621473887,0.9524999999998727,1.0,77.88560561169362
S11_C6_PRIMARY,primary,0.11,6.0,OBJECTIVE_LIQUIDITY_ONLY,FAILED_AUCTION,STRUCTURAL,,0.5,188,64.8936170212766,34.57446808510639,0.5319148936170213,0.0,-0.023393067776313607,0.9327517097483947,-0.04275398970293247,0.8794048368456902,3.1786933984467396,1.4335000000000946,7.0,-8.037750064151304
S11_C6_PRIMARY,primary,0.11,6.0,OBJECTIVE_LIQUIDITY_ONLY,FAILED_AUCTION,STRUCTURAL,,1.0,188,45.21276595744681,51.59574468085106,3.1914893617021276,0.0,-0.07139744319061594,0.8640765461971522,-0.09075836511723477,0.8305417522586901,3.1786933984467396,1.4335000000000946,7.0,-17.062572642040138
S11_C6_PRIMARY,primary,0.11,6.0,OBJECTIVE_LIQUIDITY_ONLY,FAILED_AUCTION,STRUCTURAL,,1.5,188,39.361702127659576,54.25531914893617,6.382978723404255,0.0,0.061403575447592985,1.1103066016164604,0.04204265352097414,1.0740800317914858,3.1786933984467396,1.4335000000000946,7.0,7.904018861943138
S11_C6_PRIMARY,primary,0.11,6.0,OBJECTIVE_LIQUIDITY_ONLY,FAILED_AUCTION,STRUCTURAL,,2.0,188,25.53191489361702,61.170212765957444,13.297872340425531,0.0,-0.018060636944767054,0.9711404603965184,-0.03742155887138589,0.9413442373270421,3.1786933984467396,1.4335000000000946,7.0,-7.0352530678205465
S11_C6_PRIMARY,primary,0.11,6.0,OBJECTIVE_LIQUIDITY_ONLY,FAILED_AUCTION,STRUCTURAL,,2.5,188,18.085106382978726,63.297872340425535,18.617021276595743,0.0,-0.051544222130541405,0.9203649078300814,-0.07090514405716024,0.8925500070221052,3.1786933984467396,1.4335000000000946,7.0,-13.330167082746126
S11_C6_PRIMARY,primary,0.11,6.0,OBJECTIVE_LIQUIDITY_ONLY,FAILED_AUCTION,STRUCTURAL,,3.0,188,13.829787234042554,63.829787234042556,22.340425531914892,0.0,-0.03474384389398262,0.9467587907082519,-0.05410476582060144,0.9186840311293071,3.1786933984467396,1.4335000000000946,7.0,-10.17169597427307
S11_C6_PRIMARY,primary,0.11,6.0,OBJECTIVE_LIQUIDITY_ONLY,PASSIVE_TOUCH,STRUCTURAL,,0.5,858,56.29370629370629,43.35664335664335,0.34965034965034963,17.365967365967368,-0.16019834352304374,0.637286940465936,-0.21110534851278814,0.5449427274281781,1.1604356025540028,0.515999999999849,2.0,-181.12838902397223
S11_C6_PRIMARY,primary,0.11,6.0,OBJECTIVE_LIQUIDITY_ONLY,PASSIVE_TOUCH,STRUCTURAL,,1.0,858,45.8041958041958,53.729603729603724,0.4662004662004662,16.433566433566433,-0.08793209891952249,0.8389445472759409,-0.1388391039092669,0.7578477626011966,1.1604356025540028,0.515999999999849,2.0,-119.123951154151
S11_C6_PRIMARY,primary,0.11,6.0,OBJECTIVE_LIQUIDITY_ONLY,PASSIVE_TOUCH,STRUCTURAL,,1.5,858,38.111888111888106,60.95571095571095,0.9324009324009324,16.200466200466202,-0.04342426149267898,0.9297631587501414,-0.09433126648242338,0.8547109822429986,1.1604356025540028,0.515999999999849,2.0,-80.93622664191926
S11_C6_PRIMARY,primary,0.11,6.0,OBJECTIVE_LIQUIDITY_ONLY,PASSIVE_TOUCH,STRUCTURAL,,2.0,858,32.634032634032636,65.73426573426573,1.6317016317016315,16.200466200466202,-0.00677488999081844,0.9898316154021496,-0.057681894980562816,0.9175803575060496,1.1604356025540028,0.515999999999849,2.0,-49.4910658933229
S11_C6_PRIMARY,primary,0.11,6.0,OBJECTIVE_LIQUIDITY_ONLY,PASSIVE_TOUCH,STRUCTURAL,,2.5,858,27.855477855477854,69.8135198135198,2.331002331002331,16.200466200466202,0.000978028938937363,1.0013826584745966,-0.049928976050807046,0.9328071724936158,1.1604356025540028,0.515999999999849,2.0,-42.83906145159244
S11_C6_PRIMARY,primary,0.11,6.0,OBJECTIVE_LIQUIDITY_ONLY,PASSIVE_TOUCH,STRUCTURAL,,3.0,858,22.727272727272727,73.89277389277389,3.37995337995338,16.200466200466202,-0.03884298929387322,0.9480819205161634,-0.0897499942836176,0.885835037237662,1.1604356025540028,0.515999999999849,2.0,-77.0054950953439
S11_C6_PRIMARY,primary,0.11,6.0,OBJECTIVE_LIQUIDITY_ONLY,RECLAIM_PULLBACK,STRUCTURAL,,0.5,1127,64.15261756876663,32.20940550133097,3.6379769299023956,1.8633540372670807,-0.004127655335813776,0.9874272315785749,-0.03259980233861673,0.9035878683503067,2.0519999999994525,0.8119999999996708,4.0,-36.739977235621055
S11_C6_PRIMARY,primary,0.11,6.0,OBJECTIVE_LIQUIDITY_ONLY,RECLAIM_PULLBACK,STRUCTURAL,,1.0,1127,44.36557231588287,45.43034605146406,10.204081632653061,1.774622892635315,-0.0034634102551111814,0.9925929754357322,-0.031935557257914145,0.9337097974418236,2.0519999999994525,0.8119999999996708,4.0,-35.99137302966924
S11_C6_PRIMARY,primary,0.11,6.0,OBJECTIVE_LIQUIDITY_ONLY,RECLAIM_PULLBACK,STRUCTURAL,,1.5,1127,30.967169476486244,52.97249334516415,16.060337178349602,1.774622892635315,-0.024707706418146173,0.9546746955031956,-0.053179853420949136,0.905313553783685,2.0519999999994525,0.8119999999996708,4.0,-59.93369480540967
S11_C6_PRIMARY,primary,0.11,6.0,OBJECTIVE_LIQUIDITY_ONLY,RECLAIM_PULLBACK,STRUCTURAL,,2.0,1127,23.247559893522627,55.98935226264419,20.763087843833187,1.774622892635315,-0.013869525647882491,0.9759552229817929,-0.04234167265068546,0.9287686745769921,2.0519999999994525,0.8119999999996708,4.0,-47.71906507732251
S11_C6_PRIMARY,primary,0.11,6.0,OBJECTIVE_LIQUIDITY_ONLY,RECLAIM_PULLBACK,STRUCTURAL,,2.5,1127,16.592724046140194,57.7639751552795,25.643300798580306,1.774622892635315,-0.016727707233018443,0.9719165043443587,-0.04519985423582139,0.926370736763573,2.0519999999994525,0.8119999999996708,4.0,-50.940235723770705
S11_C6_PRIMARY,primary,0.11,6.0,OBJECTIVE_LIQUIDITY_ONLY,RECLAIM_PULLBACK,STRUCTURAL,,3.0,1127,13.043478260869565,59.006211180124225,27.95031055900621,1.774622892635315,-0.016485818252351618,0.9728884986575215,-0.044957965255154594,0.9282584359776808,2.0519999999994525,0.8119999999996708,4.0,-50.66762684255923
S11_C6_PRIMARY,primary,0.11,6.0,OBJECTIVE_LIQUIDITY_ONLY,TOUCH_NEXT_OPEN,VOL_FLOOR_0.25,0.25,0.5,1765,71.61473087818698,24.24929178470255,4.135977337110481,0.623229461756374,0.1095047976212761,1.4356124894807571,0.07792916551933524,1.2997266546501733,2.0600000000004,0.34750000000008185,1.0,137.5449771416267
S11_C6_PRIMARY,primary,0.11,6.0,OBJECTIVE_LIQUIDITY_ONLY,TOUCH_NEXT_OPEN,VOL_FLOOR_0.25,0.25,1.0,1765,50.82152974504249,37.28045325779037,11.89801699716714,0.11331444759206798,0.1420891972207442,1.3641998428324822,0.11051356511880334,1.2739067488995859,2.0600000000004,0.34750000000008185,1.0,195.05644243468788
S11_C6_PRIMARY,primary,0.11,6.0,OBJECTIVE_LIQUIDITY_ONLY,TOUCH_NEXT_OPEN,VOL_FLOOR_0.25,0.25,1.5,1765,35.75070821529745,45.155807365439095,19.093484419263458,0.11331444759206798,0.13282431283639984,1.2810971635028816,0.10124868073445897,1.207178500270295,2.0600000000004,0.34750000000008185,1.0,178.70392149632008
S11_C6_PRIMARY,primary,0.11,6.0,OBJECTIVE_LIQUIDITY_ONLY,TOUCH_NEXT_OPEN,VOL_FLOOR_0.25,0.25,2.0,1765,25.77903682719547,49.801699716713884,24.41926345609065,0.05665722379603399,0.11444993638329495,1.219953664916176,0.08287430428135407,1.1539686827537134,2.0600000000004,0.34750000000008185,1.0,146.27314705658995
S11_C6_PRIMARY,primary,0.11,6.0,OBJECTIVE_LIQUIDITY_ONLY,TOUCH_NEXT_OPEN,VOL_FLOOR_0.25,0.25,2.5,1765,19.886685552407933,51.61473087818697,28.4985835694051,0.0,0.1310268087754312,1.2430330140058818,0.09945117667349036,1.178308613567052,2.0600000000004,0.34750000000008185,1.0,175.5313268287105
S11_C6_PRIMARY,primary,0.11,6.0,OBJECTIVE_LIQUIDITY_ONLY,TOUCH_NEXT_OPEN,VOL_FLOOR_0.25,0.25,3.0,1765,16.203966005665723,53.03116147308782,30.76487252124646,0.0,0.14508850891546687,1.2621682883621217,0.11351287681352598,1.1982287029398646,2.0600000000004,0.34750000000008185,1.0,200.35022757587336
S11_C6_PRIMARY,primary,0.11,6.0,OBJECTIVE_LIQUIDITY_ONLY,TOUCH_NEXT_OPEN,VOL_FLOOR_0.50,0.5,0.5,1765,72.1813031161473,23.68271954674221,4.135977337110481,0.05665722379603399,0.11800338119068052,1.480243956574921,0.08947730870255187,1.3533156193897322,2.1769999999999072,0.5716034338225383,1.0,157.92744986000406
S11_C6_PRIMARY,primary,0.11,6.0,OBJECTIVE_LIQUIDITY_ONLY,TOUCH_NEXT_OPEN,VOL_FLOOR_0.50,0.5,1.0,1765,50.36827195467423,37.6770538243626,11.954674220963172,0.0,0.133513537706675,1.3387088191573469,0.10498746521854636,1.2583668575367455,2.1769999999999072,0.5716034338225383,1.0,185.30287611073433
S11_C6_PRIMARY,primary,0.11,6.0,OBJECTIVE_LIQUIDITY_ONLY,TOUCH_NEXT_OPEN,VOL_FLOOR_0.50,0.5,1.5,1765,35.184135977337114,45.55240793201133,19.263456090651555,0.0,0.12046518227378535,1.25261405872726,0.09193910978565673,1.1869991679303313,2.1769999999999072,0.5716034338225383,1.0,162.2725287716841
S11_C6_PRIMARY,primary,0.11,6.0,OBJECTIVE_LIQUIDITY_ONLY,TOUCH_NEXT_OPEN,VOL_FLOOR_0.50,0.5,2.0,1765,25.042492917847024,49.97167138810198,24.98583569405099,0.0,0.10099656083909028,1.1932642791332526,0.07247048835096166,1.1344794804761509,2.1769999999999072,0.5716034338225383,1.0,127.91041193944733
S11_C6_PRIMARY,primary,0.11,6.0,OBJECTIVE_LIQUIDITY_ONLY,TOUCH_NEXT_OPEN,VOL_FLOOR_0.50,0.5,2.5,1765,18.640226628895185,52.011331444759215,29.348441926345608,0.0,0.10240805205820855,1.1883076207569119,0.07388197957007993,1.131730852318338,2.1769999999999072,0.5716034338225383,1.0,130.40169394119107
S11_C6_PRIMARY,primary,0.11,6.0,OBJECTIVE_LIQUIDITY_ONLY,TOUCH_NEXT_OPEN,VOL_FLOOR_0.50,0.5,3.0,1765,14.390934844192635,53.59773371104816,32.01133144475921,0.0,0.09725625401826367,1.173727950441414,0.06873018153013505,1.119022336127568,2.1769999999999072,0.5716034338225383,1.0,121.30877040068836
S11_C6_PRIMARY,primary,0.11,6.0,OBJECTIVE_LIQUIDITY_ONLY,TOUCH_NEXT_OPEN,VOL_FLOOR_0.75,0.75,0.5,1765,71.61473087818698,24.07932011331445,4.305949008498584,0.0,0.11039217533645222,1.4406981655831645,0.0850280225811987,1.3303903280310307,2.4495000000003984,0.5830000000000837,1.0,150.0744598558157
S11_C6_PRIMARY,primary,0.11,6.0,OBJECTIVE_LIQUIDITY_ONLY,TOUCH_NEXT_OPEN,VOL_FLOOR_0.75,0.75,1.0,1765,48.38526912181303,38.58356940509915,13.031161473087819,0.0,0.10652052718475483,1.2632295731892456,0.0811563744295013,1.1951467506411715,2.4495000000003984,0.5830000000000837,1.0,143.2410008680698
S11_C6_PRIMARY,primary,0.11,6.0,OBJECTIVE_LIQUIDITY_ONLY,TOUCH_NEXT_OPEN,VOL_FLOOR_0.75,0.75,1.5,1765,32.63456090651558,46.06232294617564,21.30311614730878,0.0,0.08375885915978452,1.1732161176505989,0.05839470640453101,1.1174677648444074,2.4495000000003984,0.5830000000000837,1.0,103.06665680399723
S11_C6_PRIMARY,primary,0.11,6.0,OBJECTIVE_LIQUIDITY_ONLY,TOUCH_NEXT_OPEN,VOL_FLOOR_0.75,0.75,2.0,1765,22.6628895184136,49.801699716713884,27.53541076487252,0.0,0.06810520089665738,1.1303964728560485,0.04274104814140387,1.0795962364500613,2.4495000000003984,0.5830000000000837,1.0,75.43794996957783
S11_C6_PRIMARY,primary,0.11,6.0,OBJECTIVE_LIQUIDITY_ONLY,TOUCH_NEXT_OPEN,VOL_FLOOR_0.75,0.75,2.5,1765,15.750708215297452,51.10481586402267,33.14447592067989,0.0,0.07047252061354584,1.1315533960466284,0.04510836785829232,1.081903419971204,2.4495000000003984,0.5830000000000837,1.0,79.61626926988595
S11_C6_PRIMARY,primary,0.11,6.0,OBJECTIVE_LIQUIDITY_ONLY,TOUCH_NEXT_OPEN,VOL_FLOOR_0.75,0.75,3.0,1765,11.104815864022664,52.067988668555245,36.827195467422094,0.0,0.06816145642577263,1.1249640917600356,0.04279730367051913,1.0763127409910058,2.4495000000003984,0.5830000000000837,1.0,75.53724097846626
S11_C6_PRIMARY,primary,0.11,6.0,OBJECTIVE_LIQUIDITY_ONLY,TOUCH_NEXT_OPEN,VOL_FLOOR_1.00,1.0,0.5,1765,70.25495750708215,24.759206798866856,4.985835694050992,0.0,0.09650968625750106,1.373959523246613,0.07411055292309404,1.280381644569466,2.8114999999997963,0.6534999999998945,1.0,130.805125909261
S11_C6_PRIMARY,primary,0.11,6.0,OBJECTIVE_LIQUIDITY_ONLY,TOUCH_NEXT_OPEN,VOL_FLOOR_1.00,1.0,1.0,1765,45.55240793201133,38.98016997167139,15.467422096317279,0.0,0.07731193668524519,1.188131885624859,0.05491280335083821,1.1303927826565772,2.8114999999997963,0.6534999999998945,1.0,96.92109791422943
S11_C6_PRIMARY,primary,0.11,6.0,OBJECTIVE_LIQUIDITY_ONLY,TOUCH_NEXT_OPEN,VOL_FLOOR_1.00,1.0,1.5,1765,29.348441926345608,44.98583569405099,25.6657223796034,0.0,0.057764729299901896,1.121133554262565,0.03536559596549489,1.0723394593416131,2.8114999999997963,0.6534999999998945,1.0,62.42027687909848
S11_C6_PRIMARY,primary,0.11,6.0,OBJECTIVE_LIQUIDITY_ONLY,TOUCH_NEXT_OPEN,VOL_FLOOR_1.00,1.0,2.0,1765,18.69688385269122,47.08215297450425,34.22096317280453,0.0,0.052422319935587824,1.1049205517643783,0.030023186601180814,1.0586114128265733,2.8114999999997963,0.6534999999998945,1.0,52.99092435108414
S11_C6_PRIMARY,primary,0.11,6.0,OBJECTIVE_LIQUIDITY_ONLY,TOUCH_NEXT_OPEN,VOL_FLOOR_1.00,1.0,2.5,1765,12.067988668555241,48.04532577903683,39.88668555240793,0.0,0.05017656806605133,1.0984324629397297,0.027777434731644318,1.0531476596820324,2.8114999999997963,0.6534999999998945,1.0,49.02717230135222
S11_C6_PRIMARY,primary,0.11,6.0,OBJECTIVE_LIQUIDITY_ONLY,TOUCH_NEXT_OPEN,VOL_FLOOR_1.00,1.0,3.0,1765,7.875354107648726,48.4985835694051,43.626062322946176,0.0,0.04885664353934188,1.0949044541844168,0.02645751020493489,1.050126061865203,2.8114999999997963,0.6534999999998945,1.0,46.69750551171008
S12_C6,sensitivity,0.12,6.0,DISPLACEMENT_ORIGIN_ONLY,ACCEPTANCE_RETEST,STRUCTURAL,,0.5,14,21.428571428571427,78.57142857142857,0.0,50.0,-0.8615689782579877,0.11060343564247083,-0.9856172430655313,0.08527970396113925,0.5185170906095209,0.24400000000014188,6.0,-13.798641402917438
S12_C6,sensitivity,0.12,6.0,DISPLACEMENT_ORIGIN_ONLY,ACCEPTANCE_RETEST,STRUCTURAL,,1.0,14,14.285714285714285,85.71428571428571,0.0,42.857142857142854,-0.8972832639722734,0.13734409500790745,-1.021331528779817,0.11467113424422502,0.5185170906095209,0.24400000000014188,6.0,-14.298641402917438
S12_C6,sensitivity,0.12,6.0,DISPLACEMENT_ORIGIN_ONLY,ACCEPTANCE_RETEST,STRUCTURAL,,1.5,14,14.285714285714285,85.71428571428571,0.0,42.857142857142854,-0.825854692543702,0.20601614251186118,-0.9499029573512455,0.1765881262722324,0.5185170906095209,0.24400000000014188,6.0,-13.298641402917438
S12_C6,sensitivity,0.12,6.0,DISPLACEMENT_ORIGIN_ONLY,ACCEPTANCE_RETEST,STRUCTURAL,,2.0,14,14.285714285714285,85.71428571428571,0.0,42.857142857142854,-0.7544261211151306,0.2746881900158149,-0.8784743859226741,0.23850511830023974,0.5185170906095209,0.24400000000014188,6.0,-12.298641402917438
S12_C6,sensitivity,0.12,6.0,DISPLACEMENT_ORIGIN_ONLY,ACCEPTANCE_RETEST,STRUCTURAL,,2.5,14,14.285714285714285,85.71428571428571,0.0,42.857142857142854,-0.6829975496865591,0.34336023751976863,-0.8070458144941027,0.30042211032824706,0.5185170906095209,0.24400000000014188,6.0,-11.298641402917438
S12_C6,sensitivity,0.12,6.0,DISPLACEMENT_ORIGIN_ONLY,ACCEPTANCE_RETEST,STRUCTURAL,,3.0,14,14.285714285714285,85.71428571428571,0.0,42.857142857142854,-0.6115689782579877,0.41203228502372236,-0.7356172430655313,0.36233910235625444,0.5185170906095209,0.24400000000014188,6.0,-10.298641402917438
S12_C6,sensitivity,0.12,6.0,DISPLACEMENT_ORIGIN_ONLY,CLEAN_REJECTION,STRUCTURAL,,0.5,932,59.76394849785408,23.17596566523605,17.06008583690987,0.0,0.037325804420395334,1.1381595471295578,0.01733746356970647,1.0627574620864408,3.69855667391073,0.47199999999998,1.0,16.15851604696643
S12_C6,sensitivity,0.12,6.0,DISPLACEMENT_ORIGIN_ONLY,CLEAN_REJECTION,STRUCTURAL,,1.0,932,37.446351931330476,32.83261802575107,29.721030042918457,0.0,0.04011905557184974,1.1058639571798212,0.02013071472116088,1.051889171194135,3.69855667391073,0.47199999999998,1.0,18.76182612012194
S12_C6,sensitivity,0.12,6.0,DISPLACEMENT_ORIGIN_ONLY,CLEAN_REJECTION,STRUCTURAL,,1.5,932,24.463519313304722,37.23175965665236,38.30472103004292,0.0,0.03807908180784205,1.0892766994876513,0.018090740957153188,1.0413873169411594,3.69855667391073,0.47199999999998,1.0,16.86057057206677
S12_C6,sensitivity,0.12,6.0,DISPLACEMENT_ORIGIN_ONLY,CLEAN_REJECTION,STRUCTURAL,,2.0,932,15.879828326180256,38.94849785407725,45.171673819742495,0.0,0.035705038382506944,1.0802785960687642,0.015716697531818095,1.0344783741688535,3.69855667391073,0.47199999999998,1.0,14.647962099654464
S12_C6,sensitivity,0.12,6.0,DISPLACEMENT_ORIGIN_ONLY,CLEAN_REJECTION,STRUCTURAL,,2.5,932,10.836909871244634,40.66523605150215,48.497854077253216,0.0,0.009122657311105993,1.0197402434254326,-0.01086568353958287,0.97706538889936,3.69855667391073,0.47199999999998,1.0,-10.126817058891236
S12_C6,sensitivity,0.12,6.0,DISPLACEMENT_ORIGIN_ONLY,CLEAN_REJECTION,STRUCTURAL,,3.0,932,8.798283261802576,40.987124463519315,50.21459227467812,0.0,0.027922724376707123,1.0600032052719628,0.007934383526018272,1.0166311801181986,3.69855667391073,0.47199999999998,1.0,7.394845446249029
S12_C6,sensitivity,0.12,6.0,DISPLACEMENT_ORIGIN_ONLY,FAILED_AUCTION,STRUCTURAL,,0.5,158,63.29113924050633,36.708860759493675,0.0,0.0,-0.050728187009919275,0.8618452788120662,-0.09348971039065866,0.7559119141949099,1.6267599447118073,0.4359999999996944,3.0,-14.771374241724068
S12_C6,sensitivity,0.12,6.0,DISPLACEMENT_ORIGIN_ONLY,FAILED_AUCTION,STRUCTURAL,,1.0,158,49.36708860759494,48.734177215189874,1.89873417721519,0.0,0.010590433946645631,1.0216634299427505,-0.03217108943409374,0.9369042940374147,1.6267599447118073,0.4359999999996944,3.0,-5.083032130586811
S12_C6,sensitivity,0.12,6.0,DISPLACEMENT_ORIGIN_ONLY,FAILED_AUCTION,STRUCTURAL,,1.5,158,39.87341772151899,55.06329113924051,5.063291139240507,0.0,0.0631897278146805,1.1144319182977491,0.02042820443394114,1.0354509585237235,1.6267599447118073,0.4359999999996944,3.0,3.2276563005626997
S12_C6,sensitivity,0.12,6.0,DISPLACEMENT_ORIGIN_ONLY,FAILED_AUCTION,STRUCTURAL,,2.0,158,29.746835443037973,63.92405063291139,6.329113924050633,0.0,-0.016780601098415747,0.9738135057395081,-0.05954212447915513,0.9110335676649527,1.6267599447118073,0.4359999999996944,3.0,-9.40765566770651
S12_C6,sensitivity,0.12,6.0,DISPLACEMENT_ORIGIN_ONLY,FAILED_AUCTION,STRUCTURAL,,2.5,158,21.518987341772153,68.35443037974683,10.126582278481013,0.0,-0.07943537373142875,0.8840554302613957,-0.12219689711216812,0.8293659817238634,1.6267599447118073,0.4359999999996944,3.0,-19.307109743722563
S12_C6,sensitivity,0.12,6.0,DISPLACEMENT_ORIGIN_ONLY,FAILED_AUCTION,STRUCTURAL,,3.0,158,19.62025316455696,68.9873417721519,11.39240506329114,0.0,-0.024098847271737195,0.9651470829962181,-0.06686037065247655,0.9074735068304144,1.6267599447118073,0.4359999999996944,3.0,-10.563938563091295
S12_C6,sensitivity,0.12,6.0,DISPLACEMENT_ORIGIN_ONLY,PASSIVE_TOUCH,STRUCTURAL,,0.5,454,51.541850220264315,48.23788546255506,0.22026431718061676,20.484581497797357,-0.2256611958863744,0.5331506150351877,-0.30453145047283475,0.4217554513007819,1.0156655238700978,0.2415000000000873,3.0,-138.25727851466698
S12_C6,sensitivity,0.12,6.0,DISPLACEMENT_ORIGIN_ONLY,PASSIVE_TOUCH,STRUCTURAL,,1.0,454,42.290748898678416,56.82819383259912,0.881057268722467,18.94273127753304,-0.14413667442638703,0.746922990456699,-0.22300692901284738,0.6393907728567834,1.0156655238700978,0.2415000000000873,3.0,-101.24514577183271
S12_C6,sensitivity,0.12,6.0,DISPLACEMENT_ORIGIN_ONLY,PASSIVE_TOUCH,STRUCTURAL,,1.5,454,33.92070484581498,64.09691629955947,1.9823788546255507,17.841409691629956,-0.1268276331174417,0.8030007965897394,-0.20569788770390204,0.7050786792383819,1.0156655238700978,0.2415000000000873,3.0,-93.38684101757153
S12_C6,sensitivity,0.12,6.0,DISPLACEMENT_ORIGIN_ONLY,PASSIVE_TOUCH,STRUCTURAL,,2.0,454,29.295154185022028,67.84140969162996,2.8634361233480177,17.841409691629956,-0.08353182846607779,0.8776179752222448,-0.16240208305253814,0.7800361372016436,1.0156655238700978,0.2415000000000873,3.0,-73.73054570585232
S12_C6,sensitivity,0.12,6.0,DISPLACEMENT_ORIGIN_ONLY,PASSIVE_TOUCH,STRUCTURAL,,2.5,454,25.11013215859031,71.36563876651982,3.524229074889868,17.841409691629956,-0.07065157330543918,0.901825566386783,-0.1495218278918995,0.8078152998017614,1.0156655238700978,0.2415000000000873,3.0,-67.88290986292238
S12_C6,sensitivity,0.12,6.0,DISPLACEMENT_ORIGIN_ONLY,PASSIVE_TOUCH,STRUCTURAL,,3.0,454,19.823788546255507,74.8898678414097,5.286343612334802,17.841409691629956,-0.11096274215091008,0.8530091892298667,-0.18983299673737042,0.7674331165054856,1.0156655238700978,0.2415000000000873,3.0,-86.18418051876617
S12_C6,sensitivity,0.12,6.0,DISPLACEMENT_ORIGIN_ONLY,RECLAIM_PULLBACK,STRUCTURAL,,0.5,782,56.01023017902813,30.818414322250636,13.171355498721226,2.1739130434782608,-0.048218851164067676,0.856727996648526,-0.07660885457036905,0.779914848825049,2.9445639586715515,0.33849999999983993,3.0,-59.908124274028594
S12_C6,sensitivity,0.12,6.0,DISPLACEMENT_ORIGIN_ONLY,RECLAIM_PULLBACK,STRUCTURAL,,1.0,782,35.933503836317136,40.53708439897698,23.52941176470588,2.1739130434782608,-0.04584063503801164,0.8966912607577544,-0.074230638444313,0.8381956391761652,2.9445639586715515,0.33849999999983993,3.0,-58.04835926345277
S12_C6,sensitivity,0.12,6.0,DISPLACEMENT_ORIGIN_ONLY,RECLAIM_PULLBACK,STRUCTURAL,,1.5,782,24.168797953964194,45.52429667519181,30.30690537084399,2.1739130434782608,-0.05856083602131258,0.8820481462172988,-0.08695083942761397,0.8307256135046116,2.9445639586715515,0.33849999999983993,3.0,-67.99555643239412
S12_C6,sensitivity,0.12,6.0,DISPLACEMENT_ORIGIN_ONLY,RECLAIM_PULLBACK,STRUCTURAL,,2.0,782,17.391304347826086,47.9539641943734,34.654731457800516,2.1739130434782608,-0.05226499661621667,0.8998071368234473,-0.08065500002251802,0.8505939995026278,2.9445639586715515,0.33849999999983993,3.0,-63.072210017609095
S12_C6,sensitivity,0.12,6.0,DISPLACEMENT_ORIGIN_ONLY,RECLAIM_PULLBACK,STRUCTURAL,,2.5,782,12.404092071611252,50.25575447570333,37.34015345268542,2.1739130434782608,-0.0751973180289398,0.8619887647543873,-0.10358732143524117,0.8163785858951602,2.9445639586715515,0.33849999999983993,3.0,-81.00528536235859
S12_C6,sensitivity,0.12,6.0,DISPLACEMENT_ORIGIN_ONLY,RECLAIM_PULLBACK,STRUCTURAL,,3.0,782,9.974424552429667,50.51150895140665,39.514066496163686,2.1739130434782608,-0.057163207644041904,0.895653486784648,-0.08555321105034326,0.8491740759895862,2.9445639586715515,0.33849999999983993,3.0,-66.90261104136843
S12_C6,sensitivity,0.12,6.0,DISPLACEMENT_ORIGIN_ONLY,TOUCH_NEXT_OPEN,VOL_FLOOR_0.25,0.25,0.5,1142,64.01050788091068,22.504378283712782,13.485113835376533,0.43782837127845886,0.07277946812588895,1.285447674668671,0.041974928710066854,1.1583373506844103,2.9459999999999127,0.05177179370591116,1.0,47.935368586896345
S12_C6,sensitivity,0.12,6.0,DISPLACEMENT_ORIGIN_ONLY,TOUCH_NEXT_OPEN,VOL_FLOOR_0.25,0.25,1.0,1142,42.556917688266196,33.887915936952716,23.555166374781088,0.08756567425569177,0.08312604812904875,1.2195459111113576,0.05232150871322666,1.133222631385658,2.9459999999999127,0.05177179370591116,1.0,59.75116295050485
S12_C6,sensitivity,0.12,6.0,DISPLACEMENT_ORIGIN_ONLY,TOUCH_NEXT_OPEN,VOL_FLOOR_0.25,0.25,1.5,1142,29.15936952714536,39.84238178633975,30.998248686514884,0.08756567425569177,0.07787338922903517,1.1763606162258349,0.047068849813213076,1.1026498979125305,2.9459999999999127,0.05177179370591116,1.0,53.75262648668933
S12_C6,sensitivity,0.12,6.0,DISPLACEMENT_ORIGIN_ONLY,TOUCH_NEXT_OPEN,VOL_FLOOR_0.25,0.25,2.0,1142,21.19089316987741,42.73204903677758,36.077057793345006,0.08756567425569177,0.08365039204781233,1.177440507086371,0.05284585263199022,1.107913928359005,2.9459999999999127,0.05177179370591116,1.0,60.34996370573283
S12_C6,sensitivity,0.12,6.0,DISPLACEMENT_ORIGIN_ONLY,TOUCH_NEXT_OPEN,VOL_FLOOR_0.25,0.25,2.5,1142,16.374781085814362,44.74605954465849,38.879159369527144,0.08756567425569177,0.08576963897634053,1.1744817633502251,0.05496509956051842,1.107622619353949,2.9459999999999127,0.05177179370591116,1.0,62.77014369811204
S12_C6,sensitivity,0.12,6.0,DISPLACEMENT_ORIGIN_ONLY,TOUCH_NEXT_OPEN,VOL_FLOOR_0.25,0.25,3.0,1142,12.609457092819614,46.32224168126095,41.06830122591944,0.08756567425569177,0.07582644851363944,1.1494056372131594,0.04502190909781732,1.085355461628883,2.9459999999999127,0.05177179370591116,1.0,51.415020189707384
S12_C6,sensitivity,0.12,6.0,DISPLACEMENT_ORIGIN_ONLY,TOUCH_NEXT_OPEN,VOL_FLOOR_0.50,0.5,0.5,1142,64.44833625218914,22.066549912434326,13.485113835376533,0.2626970227670753,0.08042745440795962,1.3223452081313085,0.05547035512007725,1.2156326060999938,3.104035009195941,0.10354358741182232,1.0,63.34714554712822
S12_C6,sensitivity,0.12,6.0,DISPLACEMENT_ORIGIN_ONLY,TOUCH_NEXT_OPEN,VOL_FLOOR_0.50,0.5,1.0,1142,42.46935201401051,33.97548161120841,23.555166374781088,0.17513134851138354,0.08243774836788013,1.2178453657255284,0.05748064907999778,1.1474319147109975,3.104035009195941,0.10354358741182232,1.0,65.64290124935746
S12_C6,sensitivity,0.12,6.0,DISPLACEMENT_ORIGIN_ONLY,TOUCH_NEXT_OPEN,VOL_FLOOR_0.50,0.5,1.5,1142,28.809106830122595,40.01751313485114,31.17338003502627,0.08756567425569177,0.07322007468704453,1.1655656368512615,0.048262975399162154,1.1058437860344918,3.104035009195941,0.10354358741182232,1.0,55.11631790584318
S12_C6,sensitivity,0.12,6.0,DISPLACEMENT_ORIGIN_ONLY,TOUCH_NEXT_OPEN,VOL_FLOOR_0.50,0.5,2.0,1142,20.2276707530648,43.08231173380035,36.690017513134855,0.0,0.06700078360715293,1.1413941831453331,0.04204368431927057,1.0860337911795723,3.104035009195941,0.10354358741182232,1.0,48.013887492607
S12_C6,sensitivity,0.12,6.0,DISPLACEMENT_ORIGIN_ONLY,TOUCH_NEXT_OPEN,VOL_FLOOR_0.50,0.5,2.5,1142,14.448336252189142,45.44658493870403,40.10507880910683,0.0,0.04691835652136057,1.0943080903792675,0.02196125723347822,1.042797071313883,3.104035009195941,0.10354358741182232,1.0,25.07975576063213
S12_C6,sensitivity,0.12,6.0,DISPLACEMENT_ORIGIN_ONLY,TOUCH_NEXT_OPEN,VOL_FLOOR_0.50,0.5,3.0,1142,10.507880910683012,46.409807355516634,43.08231173380035,0.0,0.039103680527838774,1.077078317073813,0.014146581239956418,1.0270286200180145,3.104035009195941,0.10354358741182232,1.0,16.15539577603023
S12_C6,sensitivity,0.12,6.0,DISPLACEMENT_ORIGIN_ONLY,TOUCH_NEXT_OPEN,VOL_FLOOR_0.75,0.75,0.5,1142,64.27320490367777,22.15411558669002,13.572679509632223,0.0,0.07840489098553653,1.3128011268260702,0.05741757230879871,1.2236941970696693,3.4738187789850823,0.15531538111773346,1.0,65.57086757664813
S12_C6,sensitivity,0.12,6.0,DISPLACEMENT_ORIGIN_ONLY,TOUCH_NEXT_OPEN,VOL_FLOOR_0.75,0.75,1.0,1142,42.03152364273205,33.80035026269702,24.168126094570926,0.0,0.08015576994468324,1.2123957139502604,0.0591684512679454,1.1530219519283589,3.4738187789850823,0.15531538111773346,1.0,67.57037134799364
S12_C6,sensitivity,0.12,6.0,DISPLACEMENT_ORIGIN_ONLY,TOUCH_NEXT_OPEN,VOL_FLOOR_0.75,0.75,1.5,1142,26.79509632224168,39.14185639229422,34.0630472854641,0.0,0.060291416877294036,1.1377927979505333,0.03930409820055623,1.0875919100866942,3.4738187789850823,0.15531538111773346,1.0,44.88528014503521
S12_C6,sensitivity,0.12,6.0,DISPLACEMENT_ORIGIN_ONLY,TOUCH_NEXT_OPEN,VOL_FLOOR_0.75,0.75,2.0,1142,17.513134851138354,41.33099824868651,41.155866900175134,0.0,0.05753938154603259,1.124973983025795,0.036552062869294785,1.0774076166370636,3.4738187789850823,0.15531538111773346,1.0,41.742455796734646
S12_C6,sensitivity,0.12,6.0,DISPLACEMENT_ORIGIN_ONLY,TOUCH_NEXT_OPEN,VOL_FLOOR_0.75,0.75,2.5,1142,11.908931698774081,42.38178633975482,45.709281961471106,0.0,0.04803367606171483,1.101735999436956,0.027046357384977005,1.0558441213283258,3.4738187789850823,0.15531538111773346,1.0,30.88694013364374
S12_C6,sensitivity,0.12,6.0,DISPLACEMENT_ORIGIN_ONLY,TOUCH_NEXT_OPEN,VOL_FLOOR_0.75,0.75,3.0,1142,8.669001751313484,42.819614711033275,48.51138353765324,0.0,0.05535726976257743,1.1161701964211692,0.03436995108583961,1.070268763725884,3.4738187789850823,0.15531538111773346,1.0,39.25048414002883
S12_C6,sensitivity,0.12,6.0,DISPLACEMENT_ORIGIN_ONLY,TOUCH_NEXT_OPEN,VOL_FLOOR_1.00,1.0,0.5,1142,63.74781085814361,22.329246935201404,13.922942206654993,0.0,0.07415115454279227,1.2936653170269012,0.056124209031033837,1.2177707238577289,3.8968568054287447,0.19000000000005457,1.0,64.09384671344064
S12_C6,sensitivity,0.12,6.0,DISPLACEMENT_ORIGIN_ONLY,TOUCH_NEXT_OPEN,VOL_FLOOR_1.00,1.0,1.0,1142,40.4553415061296,32.57443082311734,26.970227670753065,0.0,0.08002630504844278,1.2172022372707594,0.06199935953668433,1.1647110955115074,3.8968568054287447,0.19000000000005457,1.0,70.80326859089351
S12_C6,sensitivity,0.12,6.0,DISPLACEMENT_ORIGIN_ONLY,TOUCH_NEXT_OPEN,VOL_FLOOR_1.00,1.0,1.5,1142,23.29246935201401,37.04028021015762,39.66725043782837,0.0,0.05197792195491307,1.1240478859667689,0.03395097644315466,1.0792631347502866,3.8968568054287447,0.19000000000005457,1.0,38.77201509808262
S12_C6,sensitivity,0.12,6.0,DISPLACEMENT_ORIGIN_ONLY,TOUCH_NEXT_OPEN,VOL_FLOOR_1.00,1.0,2.0,1142,13.572679509632223,38.17863397548161,48.24868651488616,0.0,0.04338521222135079,1.100262516544013,0.02535826670959237,1.0572788537511852,3.8968568054287447,0.19000000000005457,1.0,28.959140582354486
S12_C6,sensitivity,0.12,6.0,DISPLACEMENT_ORIGIN_ONLY,TOUCH_NEXT_OPEN,VOL_FLOOR_1.00,1.0,2.5,1142,7.618213660245184,38.96672504378284,53.41506129597198,0.0,0.020005378623165038,1.0453108767252124,0.00197843311140661,1.0043795120191237,3.8968568054287447,0.19000000000005457,1.0,2.2593706132263485
S12_C6,sensitivity,0.12,6.0,DISPLACEMENT_ORIGIN_ONLY,TOUCH_NEXT_OPEN,VOL_FLOOR_1.00,1.0,3.0,1142,5.166374781085814,39.229422066549915,55.60420315236427,0.0,0.02191791961372037,1.0493490346121723,0.0038909741019619412,1.0085609594722762,3.8968568054287447,0.19000000000005457,1.0,4.443492424440537
S12_C6,sensitivity,0.12,6.0,DOZ_OBJECTIVE_ONLY,ACCEPTANCE_RETEST,STRUCTURAL,,0.5,2,50.0,50.0,0.0,0.0,-0.25,0.5,-0.29604900492562786,0.4421376856990756,1.4651327058796824,0.9776853754540298,10.0,-0.5920980098512557
S12_C6,sensitivity,0.12,6.0,DOZ_OBJECTIVE_ONLY,ACCEPTANCE_RETEST,STRUCTURAL,,1.0,2,50.0,50.0,0.0,0.0,0.0,1.0,-0.04604900492562786,0.9132271886354798,1.4651327058796824,0.9776853754540298,10.0,-0.09209800985125571
S12_C6,sensitivity,0.12,6.0,DOZ_OBJECTIVE_ONLY,ACCEPTANCE_RETEST,STRUCTURAL,,1.5,2,50.0,50.0,0.0,0.0,0.25,1.5,0.2039509950743722,1.384316691571884,1.4651327058796824,0.9776853754540298,10.0,0.4079019901487444
S12_C6,sensitivity,0.12,6.0,DOZ_OBJECTIVE_ONLY,ACCEPTANCE_RETEST,STRUCTURAL,,2.0,2,50.0,50.0,0.0,0.0,0.5,2.0,0.4539509950743722,1.8554061945082883,1.4651327058796824,0.9776853754540298,10.0,0.9079019901487444
S12_C6,sensitivity,0.12,6.0,DOZ_OBJECTIVE_ONLY,ACCEPTANCE_RETEST,STRUCTURAL,,2.5,2,50.0,50.0,0.0,0.0,0.75,2.5,0.7039509950743721,2.326495697444692,1.4651327058796824,0.9776853754540298,10.0,1.4079019901487442
S12_C6,sensitivity,0.12,6.0,DOZ_OBJECTIVE_ONLY,ACCEPTANCE_RETEST,STRUCTURAL,,3.0,2,50.0,50.0,0.0,0.0,1.0,3.0,0.9539509950743721,2.7975852003810964,1.4651327058796824,0.9776853754540298,10.0,1.9079019901487442
S12_C6,sensitivity,0.12,6.0,DOZ_OBJECTIVE_ONLY,CLEAN_REJECTION,STRUCTURAL,,0.5,16,81.25,18.75,0.0,0.0,0.2187499999999985,2.1666666666666585,0.19201297208627077,1.995080034572643,2.191681265027455,1.27599999999984,1.0,3.0722075533803324
S12_C6,sensitivity,0.12,6.0,DOZ_OBJECTIVE_ONLY,CLEAN_REJECTION,STRUCTURAL,,1.0,16,68.75,25.0,6.25,0.0,0.4474943237106752,2.789977294842701,0.42075729579694754,2.6356356388329005,2.191681265027455,1.27599999999984,1.0,6.732116732751161
S12_C6,sensitivity,0.12,6.0,DOZ_OBJECTIVE_ONLY,CLEAN_REJECTION,STRUCTURAL,,1.5,16,56.25,37.5,6.25,0.0,0.47874432371067105,2.276651529895123,0.4520072957969434,2.170805740433187,2.191681265027455,1.27599999999984,1.0,7.232116732751094
S12_C6,sensitivity,0.12,6.0,DOZ_OBJECTIVE_ONLY,CLEAN_REJECTION,STRUCTURAL,,2.0,16,50.0,37.5,12.5,0.0,0.6213254641548804,2.5985985212836096,0.5945884362411528,2.480363825491579,2.191681265027455,1.27599999999984,1.0,9.513414979858444
S12_C6,sensitivity,0.12,6.0,DOZ_OBJECTIVE_ONLY,CLEAN_REJECTION,STRUCTURAL,,2.5,16,37.5,43.75,18.75,0.0,0.526368704183153,2.166677825906241,0.4996316762694252,2.069671075183979,2.191681265027455,1.27599999999984,1.0,7.994106820310803
S12_C6,sensitivity,0.12,6.0,DOZ_OBJECTIVE_ONLY,CLEAN_REJECTION,STRUCTURAL,,3.0,16,25.0,56.25,18.75,0.0,0.21386870418314882,1.3711910156825098,0.18713167626942104,1.3146762265382606,2.191681265027455,1.27599999999984,1.0,2.9941068203107366
S12_C6,sensitivity,0.12,6.0,DOZ_OBJECTIVE_ONLY,FAILED_AUCTION,STRUCTURAL,,0.5,20,65.0,35.0,0.0,0.0,-0.024999999999999228,0.9285714285714308,-0.06081322315049857,0.8336873617709174,1.680396321686544,0.7147510204322316,2.0,-1.2162644630099715
S12_C6,sensitivity,0.12,6.0,DOZ_OBJECTIVE_ONLY,FAILED_AUCTION,STRUCTURAL,,1.0,20,55.00000000000001,45.0,0.0,0.0,0.1,1.2222222222222223,0.06418677684950067,1.1370633071986478,1.680396321686544,0.7147510204322316,2.0,1.2837355369900134
S12_C6,sensitivity,0.12,6.0,DOZ_OBJECTIVE_ONLY,FAILED_AUCTION,STRUCTURAL,,1.5,20,40.0,55.00000000000001,5.0,0.0,0.08668703524598813,1.1576127913563423,0.0508738120954888,1.089010598811513,1.680396321686544,0.7147510204322316,2.0,1.017476241909776
S12_C6,sensitivity,0.12,6.0,DOZ_OBJECTIVE_ONLY,FAILED_AUCTION,STRUCTURAL,,2.0,20,30.0,65.0,5.0,0.0,-0.013312964754007273,0.9795185157630658,-0.04912618790450661,0.9269592641956377,1.680396321686544,0.7147510204322316,2.0,-0.9825237580901323
S12_C6,sensitivity,0.12,6.0,DOZ_OBJECTIVE_ONLY,FAILED_AUCTION,STRUCTURAL,,2.5,20,25.0,70.0,5.0,0.0,-0.038312964754003476,0.9452671932085664,-0.07412618790450284,0.8977805909037285,1.680396321686544,0.7147510204322316,2.0,-1.482523758090057
S12_C6,sensitivity,0.12,6.0,DOZ_OBJECTIVE_ONLY,FAILED_AUCTION,STRUCTURAL,,3.0,20,20.0,70.0,10.0,0.0,0.0403951628429355,1.0577073754899078,0.004581939692436155,1.0063184574995137,1.680396321686544,0.7147510204322316,2.0,0.09163879384872309
S12_C6,sensitivity,0.12,6.0,DOZ_OBJECTIVE_ONLY,PASSIVE_TOUCH,STRUCTURAL,,0.5,32,46.875,53.125,0.0,40.625,-0.29687500000001465,0.4411764705882077,-0.39290232170209094,0.33357983791157964,0.714184005194852,0.24250000000006366,0.0,-12.57287429446691
S12_C6,sensitivity,0.12,6.0,DOZ_OBJECTIVE_ONLY,PASSIVE_TOUCH,STRUCTURAL,,1.0,32,46.875,53.125,0.0,40.625,-0.0625,0.8823529411764706,-0.15852732170207628,0.7311143315049071,0.714184005194852,0.24250000000006366,0.0,-5.072874294466441
S12_C6,sensitivity,0.12,6.0,DOZ_OBJECTIVE_ONLY,PASSIVE_TOUCH,STRUCTURAL,,1.5,32,31.25,68.75,0.0,40.625,-0.2187499999999872,0.6818181818182004,-0.3147773217020635,0.5865064513620871,0.714184005194852,0.24250000000006366,0.0,-10.072874294466033
S12_C6,sensitivity,0.12,6.0,DOZ_OBJECTIVE_ONLY,PASSIVE_TOUCH,STRUCTURAL,,2.0,32,31.25,68.75,0.0,37.5,-0.0625,0.9090909090909091,-0.15852732170207634,0.791757473339523,0.714184005194852,0.24250000000006366,0.0,-5.072874294466443
S12_C6,sensitivity,0.12,6.0,DOZ_OBJECTIVE_ONLY,PASSIVE_TOUCH,STRUCTURAL,,2.5,32,25.0,75.0,0.0,37.5,-0.12500000000001577,0.8333333333333123,-0.22102732170209205,0.7336741036859197,0.714184005194852,0.24250000000006366,0.0,-7.072874294466946
S12_C6,sensitivity,0.12,6.0,DOZ_OBJECTIVE_ONLY,PASSIVE_TOUCH,STRUCTURAL,,3.0,32,21.875,75.0,3.125,37.5,-0.10515621307771815,0.8618921000753842,-0.20118353477979445,0.7614647248096144,0.714184005194852,0.24250000000006366,0.0,-6.437873112953422
S12_C6,sensitivity,0.12,6.0,DOZ_OBJECTIVE_ONLY,RECLAIM_PULLBACK,STRUCTURAL,,0.5,25,56.00000000000001,44.0,0.0,16.0,-0.1599999999999998,0.6363636363636368,-0.20612023549131606,0.5564109017903159,1.3755282437032292,0.4467510204322025,3.0,-5.153005887282902
S12_C6,sensitivity,0.12,6.0,DOZ_OBJECTIVE_ONLY,RECLAIM_PULLBACK,STRUCTURAL,,1.0,25,44.0,56.00000000000001,0.0,16.0,-0.12,0.7857142857142857,-0.16612023549131624,0.7181271287430497,1.3755282437032292,0.4467510204322025,3.0,-4.153005887282906
S12_C6,sensitivity,0.12,6.0,DOZ_OBJECTIVE_ONLY,RECLAIM_PULLBACK,STRUCTURAL,,1.5,25,44.0,56.00000000000001,0.0,16.0,0.09999999999999673,1.178571428571423,0.053879764508680476,1.0914232024761614,1.3755282437032292,0.4467510204322025,3.0,1.346994112717012
S12_C6,sensitivity,0.12,6.0,DOZ_OBJECTIVE_ONLY,RECLAIM_PULLBACK,STRUCTURAL,,2.0,25,36.0,60.0,4.0,16.0,0.1701273932663351,1.2835456554438918,0.12400715777501886,1.1969577585471067,1.3755282437032292,0.4467510204322025,3.0,3.1001789443754717
S12_C6,sensitivity,0.12,6.0,DOZ_OBJECTIVE_ONLY,RECLAIM_PULLBACK,STRUCTURAL,,2.5,25,28.000000000000004,64.0,8.0,16.0,0.105872579138209,1.1643333923417951,0.05975234364689274,1.0883867188087568,1.3755282437032292,0.4467510204322025,3.0,1.4938085911723185
S12_C6,sensitivity,0.12,6.0,DOZ_OBJECTIVE_ONLY,RECLAIM_PULLBACK,STRUCTURAL,,3.0,25,24.0,68.0,8.0,16.0,0.08587257913820157,1.1254979539276155,0.0397523436468854,1.0553400045133992,1.3755282437032292,0.4467510204322025,3.0,0.993808591172135
S12_C6,sensitivity,0.12,6.0,DOZ_OBJECTIVE_ONLY,TOUCH_NEXT_OPEN,VOL_FLOOR_0.25,0.25,0.5,36,80.55555555555556,19.444444444444446,0.0,0.0,0.20833333333334003,2.071428571428596,0.16620071682977874,1.8255950087895165,1.817417661889217,0.6572293906875213,1.0,5.983225805872035
S12_C6,sensitivity,0.12,6.0,DOZ_OBJECTIVE_ONLY,TOUCH_NEXT_OPEN,VOL_FLOOR_0.25,0.25,1.0,36,63.888888888888886,33.33333333333333,2.7777777777777777,0.0,0.309997477204749,1.9299924316142496,0.2678648607011877,1.771259711884432,1.817417661889217,0.6572293906875213,1.0,9.643134985242757
S12_C6,sensitivity,0.12,6.0,DOZ_OBJECTIVE_ONLY,TOUCH_NEXT_OPEN,VOL_FLOOR_0.25,0.25,1.5,36,52.77777777777778,41.66666666666667,5.555555555555555,0.0,0.366604579412631,1.8535533355062088,0.3244719629090698,1.723087129496077,1.817417661889217,0.6572293906875213,1.0,11.680990664726513
S12_C6,sensitivity,0.12,6.0,DOZ_OBJECTIVE_ONLY,TOUCH_NEXT_OPEN,VOL_FLOOR_0.25,0.25,2.0,36,41.66666666666667,50.0,8.333333333333332,0.0,0.3188628640545079,1.6144830411242574,0.2767302475509467,1.507539839287202,1.817417661889217,0.6572293906875213,1.0,9.962288911834081
S12_C6,sensitivity,0.12,6.0,DOZ_OBJECTIVE_ONLY,TOUCH_NEXT_OPEN,VOL_FLOOR_0.25,0.25,2.5,36,38.88888888888889,52.77777777777778,8.333333333333332,0.0,0.4299739751656199,1.7865039464373698,0.38784135866205877,1.675302490645436,1.817417661889217,0.6572293906875213,1.0,13.962288911834115
S12_C6,sensitivity,0.12,6.0,DOZ_OBJECTIVE_ONLY,TOUCH_NEXT_OPEN,VOL_FLOOR_0.25,0.25,3.0,36,30.555555555555557,61.111111111111114,8.333333333333332,0.0,0.29108508627672625,1.4620225838156866,0.24895246977316512,1.3771706713619456,1.817417661889217,0.6572293906875213,1.0,8.962288911833944
S12_C6,sensitivity,0.12,6.0,DOZ_OBJECTIVE_ONLY,TOUCH_NEXT_OPEN,VOL_FLOOR_0.50,0.5,0.5,36,75.0,25.0,0.0,0.0,0.12499999999999963,1.4999999999999982,0.09755539340242916,1.3816052594481947,2.135688091079541,1.27599999999984,1.0,3.5119941624874498
S12_C6,sensitivity,0.12,6.0,DOZ_OBJECTIVE_ONLY,TOUCH_NEXT_OPEN,VOL_FLOOR_0.50,0.5,1.0,36,58.333333333333336,38.88888888888889,2.7777777777777777,0.0,0.198886366093643,1.511422084240803,0.17144175949607257,1.429160284784036,2.135688091079541,1.27599999999984,1.0,6.171903341858613
S12_C6,sensitivity,0.12,6.0,DOZ_OBJECTIVE_ONLY,TOUCH_NEXT_OPEN,VOL_FLOOR_0.50,0.5,1.5,36,47.22222222222222,47.22222222222222,5.555555555555555,0.0,0.22772934157307118,1.4695005880419256,0.2002847349755008,1.4013140257548427,2.135688091079541,1.27599999999984,1.0,7.210250459118029
S12_C6,sensitivity,0.12,6.0,DOZ_OBJECTIVE_ONLY,TOUCH_NEXT_OPEN,VOL_FLOOR_0.50,0.5,2.0,36,36.11111111111111,52.77777777777778,11.11111111111111,0.0,0.2240472699327404,1.4098351816778234,0.19660266333516999,1.3492673546660048,2.135688091079541,1.27599999999984,1.0,7.07769588006612
S12_C6,sensitivity,0.12,6.0,DOZ_OBJECTIVE_ONLY,TOUCH_NEXT_OPEN,VOL_FLOOR_0.50,0.5,2.5,36,30.555555555555557,55.55555555555556,13.88888888888889,0.0,0.2598783711464626,1.4523917276134408,0.2324337645488922,1.3926351201505998,2.135688091079541,1.27599999999984,1.0,8.367615523760119
S12_C6,sensitivity,0.12,6.0,DOZ_OBJECTIVE_ONLY,TOUCH_NEXT_OPEN,VOL_FLOOR_0.50,0.5,3.0,36,16.666666666666664,63.888888888888886,19.444444444444446,0.0,-0.00720963170822213,0.9890395753995405,-0.034654238305792534,0.9488483143586138,2.135688091079541,1.27599999999984,1.0,-1.2475525790085311
S12_C6,sensitivity,0.12,6.0,DOZ_OBJECTIVE_ONLY,TOUCH_NEXT_OPEN,VOL_FLOOR_0.75,0.75,0.5,36,75.0,25.0,0.0,0.0,0.1249999999999965,1.4999999999999838,0.10503365920131527,1.4127855775249232,3.1162729173750403,1.27599999999984,1.0,3.7812117312473497
S12_C6,sensitivity,0.12,6.0,DOZ_OBJECTIVE_ONLY,TOUCH_NEXT_OPEN,VOL_FLOOR_0.75,0.75,1.0,36,58.333333333333336,36.11111111111111,5.555555555555555,0.0,0.2181150164132583,1.5900418645441778,0.198148675614577,1.5249854317581777,3.1162729173750403,1.27599999999984,1.0,7.133352322124772
S12_C6,sensitivity,0.12,6.0,DOZ_OBJECTIVE_ONLY,TOUCH_NEXT_OPEN,VOL_FLOOR_0.75,0.75,1.5,36,44.44444444444444,44.44444444444444,11.11111111111111,0.0,0.24293302245764192,1.5309446684226384,0.22296668165896064,1.4771377671435568,3.1162729173750403,1.27599999999984,1.0,8.026800539722583
S12_C6,sensitivity,0.12,6.0,DOZ_OBJECTIVE_ONLY,TOUCH_NEXT_OPEN,VOL_FLOOR_0.75,0.75,2.0,36,27.77777777777778,50.0,22.22222222222222,0.0,0.1330893931111375,1.253826504972456,0.1131230523124562,1.2113605141043153,3.1162729173750403,1.27599999999984,1.0,4.072429883248423
S12_C6,sensitivity,0.12,6.0,DOZ_OBJECTIVE_ONLY,TOUCH_NEXT_OPEN,VOL_FLOOR_0.75,0.75,2.5,36,13.88888888888889,55.55555555555556,30.555555555555557,0.0,0.03434063117372085,1.0592194519223264,0.014374290375039622,1.024251976305897,3.1162729173750403,1.27599999999984,1.0,0.5174744535014264
S12_C6,sensitivity,0.12,6.0,DOZ_OBJECTIVE_ONLY,TOUCH_NEXT_OPEN,VOL_FLOOR_0.75,0.75,3.0,36,11.11111111111111,55.55555555555556,33.33333333333333,0.0,0.08761728825457663,1.1510935475561996,0.0676509474558954,1.1141391423134737,3.1162729173750403,1.27599999999984,1.0,2.435434108412234
S12_C6,sensitivity,0.12,6.0,DOZ_OBJECTIVE_ONLY,TOUCH_NEXT_OPEN,VOL_FLOOR_1.00,1.0,0.5,36,75.0,25.0,0.0,0.0,0.1249999999999959,1.4999999999999802,0.10956305145057654,1.4323817025630945,4.014838441682392,1.27599999999984,1.0,3.9442698522207555
S12_C6,sensitivity,0.12,6.0,DOZ_OBJECTIVE_ONLY,TOUCH_NEXT_OPEN,VOL_FLOOR_1.00,1.0,1.0,36,50.0,36.11111111111111,13.88888888888889,0.0,0.17671637901127754,1.4764024501671533,0.1612794304618582,1.4281492399095699,4.014838441682392,1.27599999999984,1.0,5.806059496626895
S12_C6,sensitivity,0.12,6.0,DOZ_OBJECTIVE_ONLY,TOUCH_NEXT_OPEN,VOL_FLOOR_1.00,1.0,1.5,36,30.555555555555557,41.66666666666667,27.77777777777778,0.0,0.09989496446722092,1.2185253110960816,0.08445801591780154,1.1819785943890055,4.014838441682392,1.27599999999984,1.0,3.0404885730408555
S12_C6,sensitivity,0.12,6.0,DOZ_OBJECTIVE_ONLY,TOUCH_NEXT_OPEN,VOL_FLOOR_1.00,1.0,2.0,36,16.666666666666664,44.44444444444444,38.88888888888889,0.0,0.12134644138035543,1.2502452774610218,0.10590949283093615,1.2151056929852628,4.014838441682392,1.27599999999984,1.0,3.812741741913701
S12_C6,sensitivity,0.12,6.0,DOZ_OBJECTIVE_ONLY,TOUCH_NEXT_OPEN,VOL_FLOOR_1.00,1.0,2.5,36,8.333333333333332,47.22222222222222,44.44444444444444,0.0,0.022029851932184645,1.042969331861754,0.006592903382765321,1.012643545502119,4.014838441682392,1.27599999999984,1.0,0.23734452177955156
S12_C6,sensitivity,0.12,6.0,DOZ_OBJECTIVE_ONLY,TOUCH_NEXT_OPEN,VOL_FLOOR_1.00,1.0,3.0,36,0.0,47.22222222222222,52.77777777777778,0.0,-0.0213818033751544,0.9582946899571527,-0.03681875192457376,0.929390810351246,4.014838441682392,1.27599999999984,1.0,-1.3254750692846553
S12_C6,sensitivity,0.12,6.0,MEMORY_ONLY,ACCEPTANCE_RETEST,STRUCTURAL,,0.5,23,52.17391304347826,47.82608695652174,0.0,4.3478260869565215,-0.2173913043478373,0.545454545454522,-0.24597311957647439,0.5007018186017339,2.075927704607466,1.040000000000191,15.0,-5.657381750258911
S12_C6,sensitivity,0.12,6.0,MEMORY_ONLY,ACCEPTANCE_RETEST,STRUCTURAL,,1.0,23,21.73913043478261,69.56521739130434,8.695652173913043,4.3478260869565215,-0.49627453226027496,0.30539655656849424,-0.524856347488912,0.28677555648235653,2.075927704607466,1.040000000000191,15.0,-12.071695992244976
S12_C6,sensitivity,0.12,6.0,MEMORY_ONLY,ACCEPTANCE_RETEST,STRUCTURAL,,1.5,23,13.043478260869565,78.26086956521739,8.695652173913043,4.3478260869565215,-0.6049701844341855,0.24513495247066458,-0.6335519996628226,0.2319443867156877,2.075927704607466,1.040000000000191,15.0,-14.57169599224492
S12_C6,sensitivity,0.12,6.0,MEMORY_ONLY,ACCEPTANCE_RETEST,STRUCTURAL,,2.0,23,8.695652173913043,78.26086956521739,13.043478260869565,4.3478260869565215,-0.5550089771737502,0.307475163713545,-0.5835907924023873,0.2925123996069112,2.075927704607466,1.040000000000191,15.0,-13.42258822525491
S12_C6,sensitivity,0.12,6.0,MEMORY_ONLY,ACCEPTANCE_RETEST,STRUCTURAL,,2.5,23,8.695652173913043,78.26086956521739,13.043478260869565,4.3478260869565215,-0.511530716304185,0.36172613393035524,-0.5401125315328221,0.34522113122559667,2.075927704607466,1.040000000000191,15.0,-12.42258822525491
S12_C6,sensitivity,0.12,6.0,MEMORY_ONLY,ACCEPTANCE_RETEST,STRUCTURAL,,3.0,23,8.695652173913043,78.26086956521739,13.043478260869565,4.3478260869565215,-0.46805245543461976,0.4159771041471655,-0.49663427066325694,0.39792986284428217,2.075927704607466,1.040000000000191,15.0,-11.42258822525491
S12_C6,sensitivity,0.12,6.0,MEMORY_ONLY,CLEAN_REJECTION,STRUCTURAL,,0.5,368,62.77173913043478,32.880434782608695,4.3478260869565215,0.0,-0.029895021193603342,0.9132876007341757,-0.05437198285865308,0.8463974881799066,2.4277357019195733,1.3782647952064053,1.0,-20.008889691984333
S12_C6,sensitivity,0.12,6.0,MEMORY_ONLY,CLEAN_REJECTION,STRUCTURAL,,1.0,368,46.46739130434783,44.02173913043478,9.510869565217392,0.0,0.019750387891926947,1.0427827366551394,-0.004726573773122809,0.9900294091960373,2.4277357019195733,1.3782647952064053,1.0,-1.7393791485091938
S12_C6,sensitivity,0.12,6.0,MEMORY_ONLY,CLEAN_REJECTION,STRUCTURAL,,1.5,368,31.521739130434785,53.2608695652174,15.217391304347828,0.0,-0.03170413493368531,0.9429580854643108,-0.05618109659873504,0.9015673394972961,2.4277357019195733,1.3782647952064053,1.0,-20.674643548334494
S12_C6,sensitivity,0.12,6.0,MEMORY_ONLY,CLEAN_REJECTION,STRUCTURAL,,2.0,368,24.728260869565215,55.16304347826087,20.108695652173914,0.0,0.01770713981357985,1.030793975477407,-0.0067698218514698795,0.9885336926493383,2.4277357019195733,1.3782647952064053,1.0,-2.4912944413409157
S12_C6,sensitivity,0.12,6.0,MEMORY_ONLY,CLEAN_REJECTION,STRUCTURAL,,2.5,368,19.021739130434785,56.25,24.728260869565215,0.0,0.04642679429673039,1.0790446961903049,0.02194983263168065,1.0363997957218263,2.4277357019195733,1.3782647952064053,1.0,8.07753840845848
S12_C6,sensitivity,0.12,6.0,MEMORY_ONLY,CLEAN_REJECTION,STRUCTURAL,,3.0,368,14.402173913043478,57.608695652173914,27.98913043478261,0.0,0.03974680159640136,1.0660839371669077,0.015269839931351616,1.0247291222241666,2.4277357019195733,1.3782647952064053,1.0,5.619301094737395
S12_C6,sensitivity,0.12,6.0,MEMORY_ONLY,FAILED_AUCTION,STRUCTURAL,,0.5,61,54.09836065573771,45.90163934426229,0.0,0.0,-0.18852459016393727,0.5892857142857082,-0.20764029633764652,0.5557734139009951,3.1993119497292355,1.6334999999999127,8.0,-12.666058076596437
S12_C6,sensitivity,0.12,6.0,MEMORY_ONLY,FAILED_AUCTION,STRUCTURAL,,1.0,61,40.98360655737705,55.73770491803278,3.278688524590164,0.0,-0.1504820335812923,0.7327228267725581,-0.16959773975500153,0.7046536196633836,3.1993119497292355,1.6334999999999127,8.0,-10.345462125055093
S12_C6,sensitivity,0.12,6.0,MEMORY_ONLY,FAILED_AUCTION,STRUCTURAL,,1.5,61,29.508196721311474,67.21311475409836,3.278688524590164,0.0,-0.2324492466960458,0.6570395507513911,-0.251564952869755,0.6359485101609188,3.1993119497292355,1.6334999999999127,8.0,-15.345462125055056
S12_C6,sensitivity,0.12,6.0,MEMORY_ONLY,FAILED_AUCTION,STRUCTURAL,,2.0,61,21.311475409836063,70.49180327868852,8.19672131147541,0.0,-0.2371255039652986,0.6662834583727975,-0.2562412101390078,0.6461708503308815,3.1993119497292355,1.6334999999999127,8.0,-15.630713818479476
S12_C6,sensitivity,0.12,6.0,MEMORY_ONLY,FAILED_AUCTION,STRUCTURAL,,2.5,61,11.475409836065573,75.40983606557377,13.114754098360656,0.0,-0.38940065310503946,0.4906176416873317,-0.4085163592787486,0.47594548053620045,3.1993119497292355,1.6334999999999127,8.0,-24.919497916003664
S12_C6,sensitivity,0.12,6.0,MEMORY_ONLY,FAILED_AUCTION,STRUCTURAL,,3.0,61,8.19672131147541,77.04918032786885,14.754098360655737,0.0,-0.43157603729394195,0.4472996467406172,-0.4506917434676511,0.43405051018062984,3.1993119497292355,1.6334999999999127,8.0,-27.49219635152672
S12_C6,sensitivity,0.12,6.0,MEMORY_ONLY,PASSIVE_TOUCH,STRUCTURAL,,0.5,338,52.662721893491124,46.74556213017752,0.591715976331361,21.597633136094675,-0.26080481137100164,0.5023933504306533,-0.30955934200666757,0.4346196222365417,1.2248507818219423,0.6400000000001,2.0,-104.63105759825365
S12_C6,sensitivity,0.12,6.0,MEMORY_ONLY,PASSIVE_TOUCH,STRUCTURAL,,1.0,338,41.124260355029584,57.98816568047337,0.8875739644970414,21.301775147928996,-0.22700290682881563,0.6443329359356117,-0.2757574374644816,0.5866793550057111,1.2248507818219423,0.6400000000001,2.0,-93.20601386299478
S12_C6,sensitivity,0.12,6.0,MEMORY_ONLY,PASSIVE_TOUCH,STRUCTURAL,,1.5,338,31.65680473372781,66.86390532544378,1.4792899408284024,21.301775147928996,-0.25286096780957407,0.6525265395530643,-0.30161549844524,0.6036276601963239,1.2248507818219423,0.6400000000001,2.0,-101.94603847449112
S12_C6,sensitivity,0.12,6.0,MEMORY_ONLY,PASSIVE_TOUCH,STRUCTURAL,,2.0,338,26.331360946745562,71.30177514792899,2.366863905325444,21.301775147928996,-0.24106944213031073,0.6883880404459208,-0.2898239727659767,0.6418592699836477,1.2248507818219423,0.6400000000001,2.0,-97.96050279490012
S12_C6,sensitivity,0.12,6.0,MEMORY_ONLY,PASSIVE_TOUCH,STRUCTURAL,,2.5,338,21.893491124260358,75.14792899408283,2.9585798816568047,21.301775147928996,-0.2538175036674626,0.6874484973869789,-0.3025720343031285,0.6438561437577478,1.2248507818219423,0.6400000000001,2.0,-102.26934759445743
S12_C6,sensitivity,0.12,6.0,MEMORY_ONLY,PASSIVE_TOUCH,STRUCTURAL,,3.0,338,18.639053254437872,76.92307692307693,4.437869822485207,21.301775147928996,-0.24399822916265937,0.706011448923605,-0.2927527597983253,0.6628098785227916,1.2248507818219423,0.6400000000001,2.0,-98.95043281183396
S12_C6,sensitivity,0.12,6.0,MEMORY_ONLY,RECLAIM_PULLBACK,STRUCTURAL,,0.5,319,54.54545454545454,42.31974921630094,3.1347962382445136,1.2539184952978055,-0.15832918369203958,0.6341101155979039,-0.1863072835848309,0.5818210185225763,2.1177351479777826,1.1811064504820479,4.0,-59.43202346356105
S12_C6,sensitivity,0.12,6.0,MEMORY_ONLY,RECLAIM_PULLBACK,STRUCTURAL,,1.0,319,36.677115987460816,57.68025078369906,5.6426332288401255,1.2539184952978055,-0.22098641020532347,0.6268916370285857,-0.2489645100981148,0.5917520275785914,2.1177351479777826,1.1811064504820479,4.0,-79.41967872129862
S12_C6,sensitivity,0.12,6.0,MEMORY_ONLY,RECLAIM_PULLBACK,STRUCTURAL,,1.5,319,26.01880877742947,64.89028213166145,9.090909090909092,1.2539184952978055,-0.25253552441705124,0.621169078289315,-0.28051362430984256,0.5913755638728102,2.1177351479777826,1.1811064504820479,4.0,-89.48384615483977
S12_C6,sensitivity,0.12,6.0,MEMORY_ONLY,RECLAIM_PULLBACK,STRUCTURAL,,2.0,319,20.06269592476489,66.77115987460816,13.166144200626958,1.2539184952978055,-0.21736613893453907,0.6828747647897004,-0.24534423882733042,0.6523353068778996,2.1177351479777826,1.1811064504820479,4.0,-78.2648121859184
S12_C6,sensitivity,0.12,6.0,MEMORY_ONLY,RECLAIM_PULLBACK,STRUCTURAL,,2.5,319,15.673981191222571,68.65203761755487,15.673981191222571,1.2539184952978055,-0.21330617122926476,0.6971096399137302,-0.2412842711220561,0.667187046824559,2.1177351479777826,1.1811064504820479,4.0,-76.9696824879359
S12_C6,sensitivity,0.12,6.0,MEMORY_ONLY,RECLAIM_PULLBACK,STRUCTURAL,,3.0,319,13.793103448275861,69.90595611285266,16.30094043887147,1.2539184952978055,-0.19038520786174393,0.734386288831637,-0.21836330775453525,0.7040322559490139,2.1177351479777826,1.1811064504820479,4.0,-69.65789517369674
S12_C6,sensitivity,0.12,6.0,MEMORY_ONLY,TOUCH_NEXT_OPEN,VOL_FLOOR_0.25,0.25,0.5,535,62.99065420560748,33.45794392523365,3.551401869158879,0.3738317757009346,-0.029065733331094305,0.915793182115812,-0.06345336889020498,0.8231428654609979,2.0096536228222703,0.22975357418855194,1.0,-33.94755235625966
S12_C6,sensitivity,0.12,6.0,MEMORY_ONLY,TOUCH_NEXT_OPEN,VOL_FLOOR_0.25,0.25,1.0,535,45.60747663551402,47.85046728971963,6.5420560747663545,0.0,-0.034261262998154546,0.9308883446723126,-0.0686488985572652,0.8665901966440994,2.0096536228222703,0.22975357418855194,1.0,-36.72716072813689
S12_C6,sensitivity,0.12,6.0,MEMORY_ONLY,TOUCH_NEXT_OPEN,VOL_FLOOR_0.25,0.25,1.5,535,34.76635514018692,54.76635514018692,10.46728971962617,0.0,-0.014685776724426353,0.9740560600318245,-0.04907341228353704,0.9164529082796781,2.0096536228222703,0.22975357418855194,1.0,-26.254275571692315
S12_C6,sensitivity,0.12,6.0,MEMORY_ONLY,TOUCH_NEXT_OPEN,VOL_FLOOR_0.25,0.25,2.0,535,27.102803738317753,58.69158878504673,14.205607476635516,0.0,0.006140639512192363,1.0101423801058864,-0.02824699604691833,0.9550425768688052,2.0096536228222703,0.22975357418855194,1.0,-15.112142885101306
S12_C6,sensitivity,0.12,6.0,MEMORY_ONLY,TOUCH_NEXT_OPEN,VOL_FLOOR_0.25,0.25,2.5,535,21.869158878504674,60.5607476635514,17.570093457943926,0.0,0.03420936644111189,1.0547833180136386,-0.000178269117998789,0.9997249410076032,2.0096536228222703,0.22975357418855194,1.0,-0.09537397812935211
S12_C6,sensitivity,0.12,6.0,MEMORY_ONLY,TOUCH_NEXT_OPEN,VOL_FLOOR_0.25,0.25,3.0,535,17.38317757009346,62.616822429906534,20.0,0.0,0.025813855880795194,1.039976276934007,-0.008573779678315468,0.9872071312898297,2.0096536228222703,0.22975357418855194,1.0,-4.586972127898775
S12_C6,sensitivity,0.12,6.0,MEMORY_ONLY,TOUCH_NEXT_OPEN,VOL_FLOOR_0.50,0.5,0.5,535,62.42990654205608,34.018691588785046,3.551401869158879,0.0,-0.03748264128826969,0.893146077749968,-0.0671558048250958,0.8146462299231606,2.156968453350828,0.2841957146690627,1.0,-35.92835558142625
S12_C6,sensitivity,0.12,6.0,MEMORY_ONLY,TOUCH_NEXT_OPEN,VOL_FLOOR_0.50,0.5,1.0,535,43.925233644859816,49.34579439252336,6.728971962616822,0.0,-0.06678338403983324,0.8694202527788832,-0.09645654757665936,0.81730081785499,2.156968453350828,0.2841957146690627,1.0,-51.604252953512756
S12_C6,sensitivity,0.12,6.0,MEMORY_ONLY,TOUCH_NEXT_OPEN,VOL_FLOOR_0.50,0.5,1.5,535,33.45794392523365,55.887850467289724,10.654205607476635,0.0,-0.04552271063007965,0.9211412302253297,-0.07519587416690576,0.8738152744061163,2.156968453350828,0.2841957146690627,1.0,-40.22979267929458
S12_C6,sensitivity,0.12,6.0,MEMORY_ONLY,TOUCH_NEXT_OPEN,VOL_FLOOR_0.50,0.5,2.0,535,26.542056074766357,59.25233644859813,14.205607476635516,0.0,-0.01081218337676155,0.9823016190953521,-0.04048534691358765,0.9357955482050351,2.156968453350828,0.2841957146690627,1.0,-21.659660598769392
S12_C6,sensitivity,0.12,6.0,MEMORY_ONLY,TOUCH_NEXT_OPEN,VOL_FLOOR_0.50,0.5,2.5,535,20.373831775700936,61.49532710280374,18.13084112149533,0.0,-0.006991585685938979,0.9889662927065767,-0.03666474922276509,0.9439471792973211,2.156968453350828,0.2841957146690627,1.0,-19.61564083417932
S12_C6,sensitivity,0.12,6.0,MEMORY_ONLY,TOUCH_NEXT_OPEN,VOL_FLOOR_0.50,0.5,3.0,535,15.514018691588785,63.73831775700934,20.747663551401867,0.0,-0.030571598026231595,0.9534542071984794,-0.06024476156305768,0.9111448403596988,2.156968453350828,0.2841957146690627,1.0,-32.23094743623586
S12_C6,sensitivity,0.12,6.0,MEMORY_ONLY,TOUCH_NEXT_OPEN,VOL_FLOOR_0.75,0.75,0.5,535,61.308411214953274,34.39252336448598,4.299065420560748,0.0,-0.0482570623790071,0.8646137052596141,-0.07389484944996756,0.7981452925311062,2.5005072816424523,0.426293572003594,1.0,-39.533744455732645
S12_C6,sensitivity,0.12,6.0,MEMORY_ONLY,TOUCH_NEXT_OPEN,VOL_FLOOR_0.75,0.75,1.0,535,43.177570093457945,48.97196261682243,7.850467289719626,0.0,-0.07359197624994719,0.8558898476406352,-0.09922976332090766,0.8109328446881692,2.5005072816424523,0.426293572003594,1.0,-53.087923376685595
S12_C6,sensitivity,0.12,6.0,MEMORY_ONLY,TOUCH_NEXT_OPEN,VOL_FLOOR_0.75,0.75,1.5,535,33.084112149532714,54.01869158878505,12.897196261682243,0.0,-0.0317880809393888,0.9433780162814749,-0.057425868010349254,0.9004921699527421,2.5005072816424523,0.426293572003594,1.0,-30.72283938553685
S12_C6,sensitivity,0.12,6.0,MEMORY_ONLY,TOUCH_NEXT_OPEN,VOL_FLOOR_0.75,0.75,2.0,535,24.485981308411215,58.3177570093458,17.19626168224299,0.0,-0.02842352393095764,0.952972288612529,-0.054061311001918105,0.9129590617245519,2.5005072816424523,0.426293572003594,1.0,-28.922801386026187
S12_C6,sensitivity,0.12,6.0,MEMORY_ONLY,TOUCH_NEXT_OPEN,VOL_FLOOR_0.75,0.75,2.5,535,18.50467289719626,60.0,21.49532710280374,0.0,-0.025473854229112705,0.9590117643530965,-0.05111164130007316,0.9199550944250143,2.5005072816424523,0.426293572003594,1.0,-27.34472809553914
S12_C6,sensitivity,0.12,6.0,MEMORY_ONLY,TOUCH_NEXT_OPEN,VOL_FLOOR_0.75,0.75,3.0,535,13.084112149532709,61.49532710280374,25.42056074766355,0.0,-0.044269534380841344,0.9305210967578623,-0.06990732145180178,0.8932228966100965,2.5005072816424523,0.426293572003594,1.0,-37.400416976713956
S12_C6,sensitivity,0.12,6.0,MEMORY_ONLY,TOUCH_NEXT_OPEN,VOL_FLOOR_1.00,1.0,0.5,535,59.439252336448604,34.57943925233645,5.981308411214954,0.0,-0.06470384686762504,0.822146143746143,-0.08720517668426941,0.7659424800739176,2.890911171933112,0.5683914293381254,1.0,-46.65476952608414
S12_C6,sensitivity,0.12,6.0,MEMORY_ONLY,TOUCH_NEXT_OPEN,VOL_FLOOR_1.00,1.0,1.0,535,42.61682242990654,46.16822429906542,11.214953271028037,0.0,-0.054014233716561416,0.8900521619036955,-0.07651556353320578,0.8480682337771464,2.890911171933112,0.5683914293381254,1.0,-40.93582649026509
S12_C6,sensitivity,0.12,6.0,MEMORY_ONLY,TOUCH_NEXT_OPEN,VOL_FLOOR_1.00,1.0,1.5,535,29.719626168224302,52.336448598130836,17.94392523364486,0.0,-0.0541496330681691,0.9023071609091342,-0.07665096288481346,0.8651159391840303,2.890911171933112,0.5683914293381254,1.0,-41.008265143375205
S12_C6,sensitivity,0.12,6.0,MEMORY_ONLY,TOUCH_NEXT_OPEN,VOL_FLOOR_1.00,1.0,2.0,535,20.5607476635514,54.57943925233645,24.85981308411215,0.0,-0.03854671311990877,0.933214672666471,-0.0610480429365531,0.8968051003459366,2.890911171933112,0.5683914293381254,1.0,-32.66070297105591
S12_C6,sensitivity,0.12,6.0,MEMORY_ONLY,TOUCH_NEXT_OPEN,VOL_FLOOR_1.00,1.0,2.5,535,13.831775700934578,55.140186915887845,31.02803738317757,0.0,-0.032074307094919485,0.9450876428394782,-0.05457563691156386,0.9088567479051821,2.890911171933112,0.5683914293381254,1.0,-29.197965747686666
S12_C6,sensitivity,0.12,6.0,MEMORY_ONLY,TOUCH_NEXT_OPEN,VOL_FLOOR_1.00,1.0,3.0,535,8.97196261682243,55.700934579439256,35.32710280373832,0.0,-0.04066698820799706,0.9310808129021159,-0.06316831802464143,0.8955790566345767,2.890911171933112,0.5683914293381254,1.0,-33.79505014318316
S12_C6,sensitivity,0.12,6.0,OBJECTIVE_LIQUIDITY_ONLY,ACCEPTANCE_RETEST,STRUCTURAL,,0.5,32,46.875,53.125,0.0,9.375,-0.2968750000000068,0.44117647058822257,-0.3257807831493561,0.40409996822473637,2.0939798063076296,1.5538696421003806,7.0,-10.424985060779395
S12_C6,sensitivity,0.12,6.0,OBJECTIVE_LIQUIDITY_ONLY,ACCEPTANCE_RETEST,STRUCTURAL,,1.0,32,34.375,65.625,0.0,9.375,-0.3125,0.5238095238095238,-0.3414057831493494,0.4942787942051293,2.0939798063076296,1.5538696421003806,7.0,-10.92498506077918
S12_C6,sensitivity,0.12,6.0,OBJECTIVE_LIQUIDITY_ONLY,ACCEPTANCE_RETEST,STRUCTURAL,,1.5,32,31.25,68.75,0.0,9.375,-0.21874999999999634,0.6818181818181872,-0.24765578314934564,0.649824707664782,2.0939798063076296,1.5538696421003806,7.0,-7.92498506077906
S12_C6,sensitivity,0.12,6.0,OBJECTIVE_LIQUIDITY_ONLY,ACCEPTANCE_RETEST,STRUCTURAL,,2.0,32,25.0,75.0,0.0,9.375,-0.25,0.6666666666666666,-0.27890578314934933,0.638551431927268,2.0939798063076296,1.5538696421003806,7.0,-8.924985060779179
S12_C6,sensitivity,0.12,6.0,OBJECTIVE_LIQUIDITY_ONLY,ACCEPTANCE_RETEST,STRUCTURAL,,2.5,32,21.875,78.125,0.0,9.375,-0.23437500000000316,0.6999999999999961,-0.26328078314935244,0.6724986771510588,2.0939798063076296,1.5538696421003806,7.0,-8.424985060779278
S12_C6,sensitivity,0.12,6.0,OBJECTIVE_LIQUIDITY_ONLY,ACCEPTANCE_RETEST,STRUCTURAL,,3.0,32,9.375,87.5,3.125,9.375,-0.5641003461754164,0.3553138900852385,-0.5930061293247656,0.3412089942723978,2.0939798063076296,1.5538696421003806,7.0,-18.9761961383925
S12_C6,sensitivity,0.12,6.0,OBJECTIVE_LIQUIDITY_ONLY,CLEAN_REJECTION,STRUCTURAL,,0.5,1397,68.07444523979957,25.053686471009307,6.8718682891911245,0.0,0.07994717119261847,1.3019103420241653,0.05542027158730258,1.2036387189600395,2.4489999999998417,0.9774999999997362,1.0,77.42211940746171
S12_C6,sensitivity,0.12,6.0,OBJECTIVE_LIQUIDITY_ONLY,CLEAN_REJECTION,STRUCTURAL,,1.0,1397,45.096635647816754,38.153185397279884,16.750178954903365,0.0,0.07726669855708655,1.190693634714194,0.05273979895177063,1.126654206552701,2.4489999999998417,0.9774999999997362,1.0,73.67749913562358
S12_C6,sensitivity,0.12,6.0,OBJECTIVE_LIQUIDITY_ONLY,CLEAN_REJECTION,STRUCTURAL,,1.5,1397,30.279169649248388,43.808160343593414,25.912670007158194,0.0,0.08062886726511942,1.1732412438344417,0.056101967659803506,1.1172775911039097,2.4489999999998417,0.9774999999997362,1.0,78.3744488207455
S12_C6,sensitivity,0.12,6.0,OBJECTIVE_LIQUIDITY_ONLY,CLEAN_REJECTION,STRUCTURAL,,2.0,1397,20.32927702219041,47.31567644953471,32.35504652827487,0.0,0.05251444379921755,1.1044490306722037,0.027987544193901624,1.0541565502103007,2.4489999999998417,0.9774999999997362,1.0,39.09859923888057
S12_C6,sensitivity,0.12,6.0,OBJECTIVE_LIQUIDITY_ONLY,CLEAN_REJECTION,STRUCTURAL,,2.5,1397,14.602720114531136,48.46098783106657,36.936292054402294,0.0,0.06451895562170004,1.1253639364527148,0.03999205601638412,1.075596604098698,2.4489999999998417,0.9774999999997362,1.0,55.86890225488862
S12_C6,sensitivity,0.12,6.0,OBJECTIVE_LIQUIDITY_ONLY,CLEAN_REJECTION,STRUCTURAL,,3.0,1397,11.166785969935576,49.17680744452398,39.656406585540445,0.0,0.07785185547729397,1.1490393386574167,0.05332495587197805,1.0993119030667164,2.4489999999998417,0.9774999999997362,1.0,74.49496335315334
S12_C6,sensitivity,0.12,6.0,OBJECTIVE_LIQUIDITY_ONLY,FAILED_AUCTION,STRUCTURAL,,0.5,188,64.8936170212766,34.57446808510639,0.5319148936170213,0.0,-0.023398965878837708,0.9327358948984461,-0.042692342037003256,0.8795718680894837,3.183933795372127,1.4584999999999582,7.0,-8.026160302956612
S12_C6,sensitivity,0.12,6.0,OBJECTIVE_LIQUIDITY_ONLY,FAILED_AUCTION,STRUCTURAL,,1.0,188,45.21276595744681,51.59574468085106,3.1914893617021276,0.0,-0.0715000393196545,0.8638918125500263,-0.09079341547782002,0.830476528698872,3.183933795372127,1.4584999999999582,7.0,-17.069162109830163
S12_C6,sensitivity,0.12,6.0,OBJECTIVE_LIQUIDITY_ONLY,FAILED_AUCTION,STRUCTURAL,,1.5,188,38.82978723404255,54.25531914893617,6.914893617021277,0.0,0.05570034770646963,1.1000524593251493,0.036406971548304114,1.0641489769283756,3.183933795372127,1.4584999999999582,7.0,6.8445106510811735
S12_C6,sensitivity,0.12,6.0,OBJECTIVE_LIQUIDITY_ONLY,FAILED_AUCTION,STRUCTURAL,,2.0,188,25.53191489361702,61.170212765957444,13.297872340425531,0.0,-0.01862462901537691,0.970241558625637,-0.037918005173542414,0.9405664642248798,3.183933795372127,1.4584999999999582,7.0,-7.128584972625974
S12_C6,sensitivity,0.12,6.0,OBJECTIVE_LIQUIDITY_ONLY,FAILED_AUCTION,STRUCTURAL,,2.5,188,18.085106382978726,63.297872340425535,18.617021276595743,0.0,-0.05239070217082446,0.9190647045133401,-0.07168407832899001,0.8913721267404416,3.183933795372127,1.4584999999999582,7.0,-13.476606725850123
S12_C6,sensitivity,0.12,6.0,OBJECTIVE_LIQUIDITY_ONLY,FAILED_AUCTION,STRUCTURAL,,3.0,188,13.829787234042554,63.829787234042556,22.340425531914892,0.0,-0.03585618641660312,0.9450593597874275,-0.05514956257476868,0.9171156291559669,3.183933795372127,1.4584999999999582,7.0,-10.368117764056512
S12_C6,sensitivity,0.12,6.0,OBJECTIVE_LIQUIDITY_ONLY,PASSIVE_TOUCH,STRUCTURAL,,0.5,854,55.97189695550351,43.676814988290396,0.351288056206089,17.56440281030445,-0.16498814740011536,0.6291131266846144,-0.21551861294025407,0.5385915868465706,1.1608204943173632,0.5359999999998308,2.0,-184.05289545097696
S12_C6,sensitivity,0.12,6.0,OBJECTIVE_LIQUIDITY_ONLY,PASSIVE_TOUCH,STRUCTURAL,,1.0,854,45.31615925058548,54.215456674473074,0.468384074941452,16.74473067915691,-0.09764993201662689,0.8227162510782919,-0.14818039755676554,0.7437423205872055,1.1608204943173632,0.5359999999998308,2.0,-126.54605951347777
S12_C6,sensitivity,0.12,6.0,OBJECTIVE_LIQUIDITY_ONLY,PASSIVE_TOUCH,STRUCTURAL,,1.5,854,37.93911007025761,61.124121779859486,0.936768149882904,16.510538641686182,-0.04774029123180181,0.9229873890564159,-0.09827075677194048,0.8489882023192974,1.1608204943173632,0.5359999999998308,2.0,-83.92322628323717
S12_C6,sensitivity,0.12,6.0,OBJECTIVE_LIQUIDITY_ONLY,PASSIVE_TOUCH,STRUCTURAL,,2.0,854,32.43559718969556,65.92505854800936,1.639344262295082,16.510538641686182,-0.012804741219506666,0.9808376271956754,-0.06333520675964535,0.9097346713366867,1.1608204943173632,0.5359999999998308,2.0,-54.088266572737126
S12_C6,sensitivity,0.12,6.0,OBJECTIVE_LIQUIDITY_ONLY,PASSIVE_TOUCH,STRUCTURAL,,2.5,854,27.400468384074944,70.02341920374707,2.576112412177986,16.510538641686182,-0.010315797063064593,0.9854604590496632,-0.06084626260320325,0.9183298274043155,1.1608204943173632,0.5359999999998308,2.0,-51.962708263135575
S12_C6,sensitivity,0.12,6.0,OBJECTIVE_LIQUIDITY_ONLY,PASSIVE_TOUCH,STRUCTURAL,,3.0,854,22.482435597189696,73.88758782201405,3.629976580796253,16.510538641686182,-0.04494089151799489,0.9399832941236423,-0.09547135705813356,0.8786235193068913,1.1608204943173632,0.5359999999998308,2.0,-81.53253892764606
S12_C6,sensitivity,0.12,6.0,OBJECTIVE_LIQUIDITY_ONLY,RECLAIM_PULLBACK,STRUCTURAL,,0.5,1120,63.74999999999999,32.589285714285715,3.660714285714286,1.875,-0.009850109962411325,0.9703416808184009,-0.03814852114523605,0.8884491056105763,2.0559999999998126,0.8319999999996526,4.0,-42.72634368266438
S12_C6,sensitivity,0.12,6.0,OBJECTIVE_LIQUIDITY_ONLY,RECLAIM_PULLBACK,STRUCTURAL,,1.0,1120,43.92857142857143,45.982142857142854,10.089285714285715,1.7857142857142856,-0.01403440932037285,0.9703393018654115,-0.04233282050319757,0.9131464368431538,2.0559999999998126,0.8319999999996526,4.0,-47.412758963581275
S12_C6,sensitivity,0.12,6.0,OBJECTIVE_LIQUIDITY_ONLY,RECLAIM_PULLBACK,STRUCTURAL,,1.5,1120,30.625000000000004,53.30357142857143,16.071428571428573,1.7857142857142856,-0.03359288161225713,0.9387555820265179,-0.061891292795081855,0.8904616985739643,2.0559999999998126,0.8319999999996526,4.0,-69.31824793049168
S12_C6,sensitivity,0.12,6.0,OBJECTIVE_LIQUIDITY_ONLY,RECLAIM_PULLBACK,STRUCTURAL,,2.0,1120,23.125,56.25,20.625,1.7857142857142856,-0.021073777596922305,0.9636358472811529,-0.04937218877974704,0.9173125333996633,2.0559999999998126,0.8319999999996526,4.0,-55.29685143331669
S12_C6,sensitivity,0.12,6.0,OBJECTIVE_LIQUIDITY_ONLY,RECLAIM_PULLBACK,STRUCTURAL,,2.5,1120,16.517857142857142,57.94642857142858,25.535714285714285,1.7857142857142856,-0.022812719081197794,0.9618243706031849,-0.05111113026402253,0.9169944284045329,2.0559999999998126,0.8319999999996526,4.0,-57.24446589570523
S12_C6,sensitivity,0.12,6.0,OBJECTIVE_LIQUIDITY_ONLY,RECLAIM_PULLBACK,STRUCTURAL,,3.0,1120,12.767857142857142,59.285714285714285,27.946428571428573,1.7857142857142856,-0.028677840900010708,0.9530624508408233,-0.056976252082835445,0.9094960358979767,2.0559999999998126,0.8319999999996526,4.0,-63.813402332775695
S12_C6,sensitivity,0.12,6.0,OBJECTIVE_LIQUIDITY_ONLY,TOUCH_NEXT_OPEN,VOL_FLOOR_0.25,0.25,0.5,1766,71.1211778029445,24.631936579841447,4.246885617214043,0.622876557191393,0.10253511520302933,1.4008451677361713,0.07124440878316829,1.2693364004986356,2.0737499999999045,0.37249999999994543,1.0,125.8176259110752
S12_C6,sensitivity,0.12,6.0,OBJECTIVE_LIQUIDITY_ONLY,TOUCH_NEXT_OPEN,VOL_FLOOR_0.25,0.25,1.0,1766,50.22650056625142,37.54246885617214,12.231030577576444,0.11325028312570783,0.133605519024531,1.3400345841034105,0.10231481260466994,1.2518210595187813,2.0737499999999045,0.37249999999994543,1.0,180.68795905984712
S12_C6,sensitivity,0.12,6.0,OBJECTIVE_LIQUIDITY_ONLY,TOUCH_NEXT_OPEN,VOL_FLOOR_0.25,0.25,1.5,1766,35.16421291053228,45.300113250283125,19.535673839184597,0.11325028312570783,0.1253019635400726,1.2643266539420563,0.09401125712021155,1.1917940005511056,2.0737499999999045,0.37249999999994543,1.0,166.0238800742936
S12_C6,sensitivity,0.12,6.0,OBJECTIVE_LIQUIDITY_ONLY,TOUCH_NEXT_OPEN,VOL_FLOOR_0.25,0.25,2.0,1766,25.424688561721403,49.830124575311444,24.74518686296716,0.05662514156285391,0.1066578028261449,1.204667241523042,0.07536709640628385,1.1398410317024865,2.0737499999999045,0.37249999999994543,1.0,133.09829225349728
S12_C6,sensitivity,0.12,6.0,OBJECTIVE_LIQUIDITY_ONLY,TOUCH_NEXT_OPEN,VOL_FLOOR_0.25,0.25,2.5,1766,19.762174405436014,51.642129105322766,28.595696489241224,0.0,0.12587909776543707,1.2333252706710165,0.09458839134557603,1.1695094455256758,2.0737499999999045,0.37249999999994543,1.0,167.04309911628727
S12_C6,sensitivity,0.12,6.0,OBJECTIVE_LIQUIDITY_ONLY,TOUCH_NEXT_OPEN,VOL_FLOOR_0.25,0.25,3.0,1766,16.08154020385051,53.05775764439411,30.860702151755383,0.0,0.1390640275664434,1.251094790143473,0.10777332114658235,1.1880955141501002,2.0737499999999045,0.37249999999994543,1.0,190.32768514486443
S12_C6,sensitivity,0.12,6.0,OBJECTIVE_LIQUIDITY_ONLY,TOUCH_NEXT_OPEN,VOL_FLOOR_0.50,0.5,0.5,1766,71.7440543601359,24.009060022650054,4.246885617214043,0.0,0.11187826356089993,1.4482867193804443,0.08358691926002484,1.3250040705146366,2.197966330249983,0.5716034338225383,1.0,147.61449941320387
S12_C6,sensitivity,0.12,6.0,OBJECTIVE_LIQUIDITY_ONLY,TOUCH_NEXT_OPEN,VOL_FLOOR_0.50,0.5,1.0,1766,49.77349943374858,37.93884484711212,12.287655719139298,0.0,0.12505209435284098,1.315039615158799,0.09676075005196588,1.2364772874349843,2.197966330249983,0.5716034338225383,1.0,170.87948459177176
S12_C6,sensitivity,0.12,6.0,OBJECTIVE_LIQUIDITY_ONLY,TOUCH_NEXT_OPEN,VOL_FLOOR_0.50,0.5,1.5,1766,34.65458663646659,45.63986409966025,19.70554926387316,0.0,0.11437804263387889,1.2393777174833842,0.08608669833300381,1.17478231509576,2.197966330249983,0.5716034338225383,1.0,152.02910925608472
S12_C6,sensitivity,0.12,6.0,OBJECTIVE_LIQUIDITY_ONLY,TOUCH_NEXT_OPEN,VOL_FLOOR_0.50,0.5,2.0,1766,24.688561721404305,50.0,25.311438278595695,0.0,0.09321362036672451,1.1781053049948331,0.06492227606584941,1.1203155725261726,2.197966330249983,0.5716034338225383,1.0,114.65273953229006
S12_C6,sensitivity,0.12,6.0,OBJECTIVE_LIQUIDITY_ONLY,TOUCH_NEXT_OPEN,VOL_FLOOR_0.50,0.5,2.5,1766,18.516421291053227,52.038505096262746,29.44507361268403,0.0,0.097275764525021,1.1787527312935127,0.06898442022414591,1.1229377329000148,2.197966330249983,0.5716034338225383,1.0,121.82648611584167
S12_C6,sensitivity,0.12,6.0,OBJECTIVE_LIQUIDITY_ONLY,TOUCH_NEXT_OPEN,VOL_FLOOR_0.50,0.5,3.0,1766,14.269535673839185,53.5673839184598,32.16308040770102,0.0,0.09207250432212209,1.1645319531927203,0.06378116002124701,1.1105145347427858,2.197966330249983,0.5716034338225383,1.0,112.63752859752222
S12_C6,sensitivity,0.12,6.0,OBJECTIVE_LIQUIDITY_ONLY,TOUCH_NEXT_OPEN,VOL_FLOOR_0.75,0.75,0.5,1766,71.1211778029445,24.462061155152888,4.416761041902604,0.0,0.10341609381325559,1.4056864214427653,0.07824476066300351,1.2987824145437334,2.4661229518035395,0.6079999999999472,1.0,138.1802473308642
S12_C6,sensitivity,0.12,6.0,OBJECTIVE_LIQUIDITY_ONLY,TOUCH_NEXT_OPEN,VOL_FLOOR_0.75,0.75,1.0,1766,47.7916194790487,38.84484711211778,13.363533408833522,0.0,0.09802466573170482,1.2405788394026696,0.07285333258145273,1.1739881738915192,2.4661229518035395,0.6079999999999472,1.0,128.65898533884553
S12_C6,sensitivity,0.12,6.0,OBJECTIVE_LIQUIDITY_ONLY,TOUCH_NEXT_OPEN,VOL_FLOOR_0.75,0.75,1.5,1766,31.993204983012458,46.26274065685164,21.7440543601359,0.0,0.07480490181140825,1.1540281403572696,0.049633568661156174,1.0994257406272816,2.4661229518035395,0.6079999999999472,1.0,87.65288225560181
S12_C6,sensitivity,0.12,6.0,OBJECTIVE_LIQUIDITY_ONLY,TOUCH_NEXT_OPEN,VOL_FLOOR_0.75,0.75,2.0,1766,22.366930917327295,49.830124575311444,27.802944507361264,0.0,0.06170728911428291,1.1180569815193686,0.03653595596403084,1.067999699346443,2.4661229518035395,0.6079999999999472,1.0,64.52249823247847
S12_C6,sensitivity,0.12,6.0,OBJECTIVE_LIQUIDITY_ONLY,TOUCH_NEXT_OPEN,VOL_FLOOR_0.75,0.75,2.5,1766,15.685164212910532,51.075877689694224,33.23895809739524,0.0,0.0673331382769796,1.1257331998529945,0.04216180512672754,1.076589463851354,2.4661229518035395,0.6079999999999472,1.0,74.45774785380084
S12_C6,sensitivity,0.12,6.0,OBJECTIVE_LIQUIDITY_ONLY,TOUCH_NEXT_OPEN,VOL_FLOOR_0.75,0.75,3.0,1766,11.098527746319366,52.038505096262746,36.86296715741789,0.0,0.0650925170661824,1.1193761821145713,0.03992118391593031,1.071218204980963,2.4661229518035395,0.6079999999999472,1.0,70.50081079553293
S12_C6,sensitivity,0.12,6.0,OBJECTIVE_LIQUIDITY_ONLY,TOUCH_NEXT_OPEN,VOL_FLOOR_1.00,1.0,0.5,1766,69.76217440543601,25.084937712344278,5.152887882219705,0.0,0.08976096799306432,1.3422584649210236,0.06750900379045387,1.2513367653110932,2.8274999999999864,0.6784999999997581,1.0,119.22090069394153
S12_C6,sensitivity,0.12,6.0,OBJECTIVE_LIQUIDITY_ONLY,TOUCH_NEXT_OPEN,VOL_FLOOR_1.00,1.0,1.0,1766,44.960362400906,39.29784824462061,15.741789354473386,0.0,0.0683967091122244,1.165147233213777,0.04614474490961396,1.108727134317136,2.8274999999999864,0.6784999999997581,1.0,81.49161951037826
S12_C6,sensitivity,0.12,6.0,OBJECTIVE_LIQUIDITY_ONLY,TOUCH_NEXT_OPEN,VOL_FLOOR_1.00,1.0,1.5,1766,28.652321630804078,45.18686296715742,26.160815402038505,0.0,0.048433893963106676,1.1011460071811914,0.026181929760496235,1.0533393692116235,2.8274999999999864,0.6784999999997581,1.0,46.23728795703635
S12_C6,sensitivity,0.12,6.0,OBJECTIVE_LIQUIDITY_ONLY,TOUCH_NEXT_OPEN,VOL_FLOOR_1.00,1.0,2.0,1766,18.516421291053227,47.28199320498302,34.20158550396376,0.0,0.04484453127706062,1.0893992061703681,0.02259256707445017,1.0439365405540608,2.8274999999999864,0.6784999999997581,1.0,39.898473453479
S12_C6,sensitivity,0.12,6.0,OBJECTIVE_LIQUIDITY_ONLY,TOUCH_NEXT_OPEN,VOL_FLOOR_1.00,1.0,2.5,1766,12.004530011325027,48.131370328425824,39.86409966024915,0.0,0.04543463123579746,1.088980893740965,0.023182667033187013,1.0442878636231774,2.8274999999999864,0.6784999999997581,1.0,40.940589980608266
S12_C6,sensitivity,0.12,6.0,OBJECTIVE_LIQUIDITY_ONLY,TOUCH_NEXT_OPEN,VOL_FLOOR_1.00,1.0,3.0,1766,7.757644394110985,48.58437146092866,43.65798414496036,0.0,0.04317533230038161,1.0837296439617414,0.020923368097771164,1.0395807495746565,2.8274999999999864,0.6784999999997581,1.0,36.95066806066387
S18_C9_STRESS,stress,0.18,9.0,DISPLACEMENT_ORIGIN_ONLY,ACCEPTANCE_RETEST,STRUCTURAL,,0.5,14,21.428571428571427,78.57142857142857,0.0,35.714285714285715,-0.8665201344631507,0.11004100809677292,-1.0185664738659395,0.07688607003015084,0.536499999999819,0.36400000000003274,6.0,-14.259930634123151
S18_C9_STRESS,stress,0.18,9.0,DISPLACEMENT_ORIGIN_ONLY,ACCEPTANCE_RETEST,STRUCTURAL,,1.0,14,14.285714285714285,85.71428571428571,0.0,28.57142857142857,-0.9022344201774226,0.13669342276798957,-1.0542807595802113,0.10794468287698682,0.536499999999819,0.36400000000003274,6.0,-14.75993063412296
S18_C9_STRESS,stress,0.18,9.0,DISPLACEMENT_ORIGIN_ONLY,ACCEPTANCE_RETEST,STRUCTURAL,,1.5,14,14.285714285714285,85.71428571428571,0.0,28.57142857142857,-0.8308058487488373,0.2050401341519976,-0.982852188151626,0.16838231901742198,0.536499999999819,0.36400000000003274,6.0,-13.759930634122764
S18_C9_STRESS,stress,0.18,9.0,DISPLACEMENT_ORIGIN_ONLY,ACCEPTANCE_RETEST,STRUCTURAL,,2.0,14,14.285714285714285,85.71428571428571,0.0,28.57142857142857,-0.7593772773202797,0.27338684553597914,-0.9114236167230685,0.22881995515783374,0.536499999999819,0.36400000000003274,6.0,-12.75993063412296
S18_C9_STRESS,stress,0.18,9.0,DISPLACEMENT_ORIGIN_ONLY,ACCEPTANCE_RETEST,STRUCTURAL,,2.5,14,14.285714285714285,85.71428571428571,0.0,28.57142857142857,-0.6879487058917222,0.34173355691996066,-0.8399950452945107,0.2892575912982456,0.536499999999819,0.36400000000003274,6.0,-11.759930634123151
S18_C9_STRESS,stress,0.18,9.0,DISPLACEMENT_ORIGIN_ONLY,ACCEPTANCE_RETEST,STRUCTURAL,,3.0,14,14.285714285714285,85.71428571428571,0.0,28.57142857142857,-0.6165201344631369,0.4100802683039687,-0.7685664738659254,0.34969522743868076,0.536499999999819,0.36400000000003274,6.0,-10.759930634122956
S18_C9_STRESS,stress,0.18,9.0,DISPLACEMENT_ORIGIN_ONLY,CLEAN_REJECTION,STRUCTURAL,,0.5,932,58.047210300429185,24.141630901287552,17.811158798283262,0.0,0.017543060266155912,1.0623614794273653,-0.010710694961468509,0.9631293739136922,3.8124999999998863,0.6219999999998436,1.0,-9.98236770408865
S18_C9_STRESS,stress,0.18,9.0,DISPLACEMENT_ORIGIN_ONLY,CLEAN_REJECTION,STRUCTURAL,,1.0,932,36.26609442060086,33.047210300429185,30.686695278969957,0.0,0.024146781732661108,1.0630105053851415,-0.004106973494963298,0.9896405222477963,3.8124999999998863,0.6219999999998436,1.0,-3.8276992973057933
S18_C9_STRESS,stress,0.18,9.0,DISPLACEMENT_ORIGIN_ONLY,CLEAN_REJECTION,STRUCTURAL,,1.5,932,23.390557939914164,37.01716738197425,39.592274678111586,0.0,0.0253786970255025,1.0595815560699662,-0.0028750582021219136,0.9934823288847446,3.8124999999998863,0.6219999999998436,1.0,-2.6795542443776235
S18_C9_STRESS,stress,0.18,9.0,DISPLACEMENT_ORIGIN_ONLY,CLEAN_REJECTION,STRUCTURAL,,2.0,932,14.914163090128755,38.73390557939914,46.3519313304721,0.0,0.01891167925533681,1.0425890617282163,-0.009342075972287594,0.9796841517067364,3.8124999999998863,0.6219999999998436,1.0,-8.706814806172037
S18_C9_STRESS,stress,0.18,9.0,DISPLACEMENT_ORIGIN_ONLY,CLEAN_REJECTION,STRUCTURAL,,2.5,932,10.72961373390558,40.02145922746781,49.24892703862661,0.0,0.007001620223677595,1.015315835445946,-0.021252135003946803,0.9551169075462238,3.8124999999998863,0.6219999999998436,1.0,-19.80698982367842
S18_C9_STRESS,stress,0.18,9.0,DISPLACEMENT_ORIGIN_ONLY,CLEAN_REJECTION,STRUCTURAL,,3.0,932,8.047210300429185,40.66523605150215,51.28755364806867,0.0,0.007188526408530744,1.0155063205393804,-0.021065228819093677,0.9561445089960527,3.8124999999998863,0.6219999999998436,1.0,-19.632793259395307
S18_C9_STRESS,stress,0.18,9.0,DISPLACEMENT_ORIGIN_ONLY,FAILED_AUCTION,STRUCTURAL,,0.5,158,62.65822784810127,37.34177215189873,0.0,0.0,-0.06012658227847746,0.8389830508474673,-0.11825596903554454,0.7011985043195551,1.695999999999799,0.585999999999558,3.0,-18.684443107616037
S18_C9_STRESS,stress,0.18,9.0,DISPLACEMENT_ORIGIN_ONLY,FAILED_AUCTION,STRUCTURAL,,1.0,158,48.734177215189874,48.734177215189874,2.5316455696202533,0.0,0.007296213669631046,1.014926850269261,-0.05083317308743604,0.9018509719592936,1.695999999999799,0.585999999999558,3.0,-8.031641347814894
S18_C9_STRESS,stress,0.18,9.0,DISPLACEMENT_ORIGIN_ONLY,FAILED_AUCTION,STRUCTURAL,,1.5,158,37.34177215189873,56.32911392405063,6.329113924050633,0.0,0.014095211685388421,1.0249144648790245,-0.04403417507167866,0.9266647651452343,1.695999999999799,0.585999999999558,3.0,-6.957399661325228
S18_C9_STRESS,stress,0.18,9.0,DISPLACEMENT_ORIGIN_ONLY,FAILED_AUCTION,STRUCTURAL,,2.0,158,27.21518987341772,63.92405063291139,8.860759493670885,0.0,-0.052818627858411724,0.9176886940761654,-0.11094801461547883,0.8371030231348789,1.695999999999799,0.585999999999558,3.0,-17.529786309245655
S18_C9_STRESS,stress,0.18,9.0,DISPLACEMENT_ORIGIN_ONLY,FAILED_AUCTION,STRUCTURAL,,2.5,158,21.518987341772153,67.08860759493672,11.39240506329114,0.0,-0.06541079595947817,0.9028560773853235,-0.12354018271654524,0.8270902491442806,1.695999999999799,0.585999999999558,3.0,-19.51934886921415
S18_C9_STRESS,stress,0.18,9.0,DISPLACEMENT_ORIGIN_ONLY,FAILED_AUCTION,STRUCTURAL,,3.0,158,18.354430379746837,67.72151898734177,13.924050632911392,0.0,-0.021018482873965263,0.9690753750390511,-0.07914786963103235,0.8902380173566145,1.695999999999799,0.585999999999558,3.0,-12.50536340170311
S18_C9_STRESS,stress,0.18,9.0,DISPLACEMENT_ORIGIN_ONLY,PASSIVE_TOUCH,STRUCTURAL,,0.5,445,50.78651685393258,48.98876404494382,0.22471910112359553,18.876404494382022,-0.2368989608240195,0.5173518018716493,-0.33917078016840563,0.3784143841862041,1.05074999999988,0.36149999999997817,3.0,-150.9309971749405
S18_C9_STRESS,stress,0.18,9.0,DISPLACEMENT_ORIGIN_ONLY,PASSIVE_TOUCH,STRUCTURAL,,1.0,445,40.89887640449438,58.20224719101124,0.8988764044943821,17.752808988764045,-0.1718461076028771,0.7053666217368945,-0.2741179269472632,0.5756947640337078,1.05074999999988,0.36149999999997817,3.0,-121.98247749153212
S18_C9_STRESS,stress,0.18,9.0,DISPLACEMENT_ORIGIN_ONLY,PASSIVE_TOUCH,STRUCTURAL,,1.5,445,33.48314606741573,64.04494382022472,2.4719101123595504,17.078651685393258,-0.13425184481686223,0.7917324091718417,-0.23652366416124831,0.668147896530469,1.05074999999988,0.36149999999997817,3.0,-105.2530305517555
S18_C9_STRESS,stress,0.18,9.0,DISPLACEMENT_ORIGIN_ONLY,PASSIVE_TOUCH,STRUCTURAL,,2.0,445,28.539325842696627,68.53932584269663,2.9213483146067416,17.078651685393258,-0.1063231781081704,0.8458228070676426,-0.20859499745255647,0.7262613378564753,1.05074999999988,0.36149999999997817,3.0,-92.82477386638763
S18_C9_STRESS,stress,0.18,9.0,DISPLACEMENT_ORIGIN_ONLY,PASSIVE_TOUCH,STRUCTURAL,,2.5,445,23.595505617977526,72.58426966292136,3.8202247191011236,17.078651685393258,-0.11773112962900949,0.8391618394785749,-0.22000294897339556,0.7278723337674097,1.05074999999988,0.36149999999997817,3.0,-97.90131229316103
S18_C9_STRESS,stress,0.18,9.0,DISPLACEMENT_ORIGIN_ONLY,PASSIVE_TOUCH,STRUCTURAL,,3.0,445,19.325842696629213,74.6067415730337,6.067415730337078,17.078651685393258,-0.11227126935907188,0.8507447345668193,-0.21454308870345795,0.7416791521028644,1.05074999999988,0.36149999999997817,3.0,-95.47167447303879
S18_C9_STRESS,stress,0.18,9.0,DISPLACEMENT_ORIGIN_ONLY,RECLAIM_PULLBACK,STRUCTURAL,,0.5,764,54.05759162303665,32.32984293193717,13.612565445026178,2.486910994764398,-0.07380413955697969,0.7905490505796788,-0.1137847000082361,0.6921006663007584,2.9855943298445027,0.43249999999989086,3.0,-86.93151080629238
S18_C9_STRESS,stress,0.18,9.0,DISPLACEMENT_ORIGIN_ONLY,RECLAIM_PULLBACK,STRUCTURAL,,1.0,764,34.424083769633505,41.49214659685864,24.083769633507853,2.486910994764398,-0.06795364878568753,0.8500919279067265,-0.10793420923694393,0.7728653005585757,2.9855943298445027,0.43249999999989086,3.0,-82.46173585702516
S18_C9_STRESS,stress,0.18,9.0,DISPLACEMENT_ORIGIN_ONLY,RECLAIM_PULLBACK,STRUCTURAL,,1.5,764,23.56020942408377,45.54973821989529,30.89005235602094,2.486910994764398,-0.06623986651852176,0.866877146379424,-0.10622042696977815,0.7963678248435017,2.9855943298445027,0.43249999999989086,3.0,-81.1524062049105
S18_C9_STRESS,stress,0.18,9.0,DISPLACEMENT_ORIGIN_ONLY,RECLAIM_PULLBACK,STRUCTURAL,,2.0,764,16.361256544502616,48.03664921465969,35.602094240837694,2.486910994764398,-0.06702921815496479,0.8717471547825923,-0.10700977860622117,0.804847891206354,2.9855943298445027,0.43249999999989086,3.0,-81.75547085515298
S18_C9_STRESS,stress,0.18,9.0,DISPLACEMENT_ORIGIN_ONLY,RECLAIM_PULLBACK,STRUCTURAL,,2.5,764,11.780104712041885,49.60732984293193,38.61256544502618,2.486910994764398,-0.07592566326832724,0.8590210903783315,-0.11590622371958365,0.7948724681319962,2.9855943298445027,0.43249999999989086,3.0,-88.5523549217619
S18_C9_STRESS,stress,0.18,9.0,DISPLACEMENT_ORIGIN_ONLY,RECLAIM_PULLBACK,STRUCTURAL,,3.0,764,9.81675392670157,50.0,40.18324607329843,2.486910994764398,-0.05576792960998969,0.8973530798327867,-0.0957484900612461,0.8320808942777645,2.9855943298445027,0.43249999999989086,3.0,-73.15184640679202
S18_C9_STRESS,stress,0.18,9.0,DISPLACEMENT_ORIGIN_ONLY,TOUCH_NEXT_OPEN,VOL_FLOOR_0.25,0.25,0.5,1143,62.46719160104986,23.35958005249344,14.173228346456693,0.26246719160104987,0.0565178731114429,1.2146286886267905,0.014686302638390067,1.0531681542232412,3.0509999999997035,0.19599999999968531,1.0,16.786443915679847
S18_C9_STRESS,stress,0.18,9.0,DISPLACEMENT_ORIGIN_ONLY,TOUCH_NEXT_OPEN,VOL_FLOOR_0.25,0.25,1.0,1143,41.20734908136483,34.38320209973753,24.409448818897637,0.0,0.06479040469844649,1.1688254262357358,0.022958834225393656,1.0570311915580484,3.0509999999997035,0.19599999999968531,1.0,26.24194751962495
S18_C9_STRESS,stress,0.18,9.0,DISPLACEMENT_ORIGIN_ONLY,TOUCH_NEXT_OPEN,VOL_FLOOR_0.25,0.25,1.5,1143,28.78390201224847,39.63254593175853,31.583552055993003,0.0,0.07342413996624936,1.1671796794170688,0.03159256949319652,1.0684725544910187,3.0509999999997035,0.19599999999968531,1.0,36.110306930723624
S18_C9_STRESS,stress,0.18,9.0,DISPLACEMENT_ORIGIN_ONLY,TOUCH_NEXT_OPEN,VOL_FLOOR_0.25,0.25,2.0,1143,20.384951881014874,42.43219597550306,37.182852143482066,0.0,0.0764035981209579,1.1632290993135868,0.03457202764790507,1.070232057647724,3.0509999999997035,0.19599999999968531,1.0,39.51582760155549
S18_C9_STRESS,stress,0.18,9.0,DISPLACEMENT_ORIGIN_ONLY,TOUCH_NEXT_OPEN,VOL_FLOOR_0.25,0.25,2.5,1143,15.835520559930009,44.35695538057743,39.807524059492565,0.0,0.07995188958539882,1.1640632968780877,0.038120319112345986,1.0743418651013046,3.0509999999997035,0.19599999999968531,1.0,43.571524745411466
S18_C9_STRESS,stress,0.18,9.0,DISPLACEMENT_ORIGIN_ONLY,TOUCH_NEXT_OPEN,VOL_FLOOR_0.25,0.25,3.0,1143,11.986001749781277,45.93175853018373,42.082239720035,0.0,0.06128590012013126,1.1217728881886189,0.019454329647078415,1.0367187638167954,3.0509999999997035,0.19599999999968531,1.0,22.23629878661063
S18_C9_STRESS,stress,0.18,9.0,DISPLACEMENT_ORIGIN_ONLY,TOUCH_NEXT_OPEN,VOL_FLOOR_0.50,0.5,0.5,1143,62.642169728783905,23.184601924759406,14.173228346456693,0.0,0.059142545027454606,1.2260983677748685,0.023854882903642557,1.0875235465236468,3.1829999999997654,0.19599999999968531,1.0,27.266131158863445
S18_C9_STRESS,stress,0.18,9.0,DISPLACEMENT_ORIGIN_ONLY,TOUCH_NEXT_OPEN,VOL_FLOOR_0.50,0.5,1.0,1143,41.119860017497814,34.47069116360455,24.409448818897637,0.0,0.06305828073328558,1.1639507505059845,0.027770618609473538,1.0692778757117667,3.1829999999997654,0.19599999999968531,1.0,31.741817070628255
S18_C9_STRESS,stress,0.18,9.0,DISPLACEMENT_ORIGIN_ONLY,TOUCH_NEXT_OPEN,VOL_FLOOR_0.50,0.5,1.5,1143,28.346456692913385,39.89501312335958,31.758530183727036,0.0,0.06549499405383061,1.1482497049955818,0.030207331930018576,1.065568979341903,3.1829999999997654,0.19599999999968531,1.0,34.52698039601123
S18_C9_STRESS,stress,0.18,9.0,DISPLACEMENT_ORIGIN_ONLY,TOUCH_NEXT_OPEN,VOL_FLOOR_0.50,0.5,2.0,1143,19.07261592300962,43.044619422572175,37.882764654418196,0.0,0.04934563109203025,1.1040672088213455,0.0140579689682182,1.028385211839901,3.1829999999997654,0.19599999999968531,1.0,16.068258530673404
S18_C9_STRESS,stress,0.18,9.0,DISPLACEMENT_ORIGIN_ONLY,TOUCH_NEXT_OPEN,VOL_FLOOR_0.50,0.5,2.5,1143,13.823272090988626,45.14435695538058,41.032370953630796,0.0,0.03672828708956831,1.0741733603345311,0.0014406249657562473,1.0027852640540282,3.1829999999997654,0.19599999999968531,1.0,1.6466343358593907
S18_C9_STRESS,stress,0.18,9.0,DISPLACEMENT_ORIGIN_ONLY,TOUCH_NEXT_OPEN,VOL_FLOOR_0.50,0.5,3.0,1143,9.88626421697288,46.106736657917764,44.00699912510937,0.0,0.02118129656259423,1.0419430921155837,-0.014106365561217823,0.973261882231322,3.1829999999997654,0.19599999999968531,1.0,-16.12357583647197
S18_C9_STRESS,stress,0.18,9.0,DISPLACEMENT_ORIGIN_ONLY,TOUCH_NEXT_OPEN,VOL_FLOOR_0.75,0.75,0.5,1143,62.55468066491689,23.184601924759406,14.260717410323709,0.0,0.05828252389228471,1.2224511932175819,0.027967953177444823,1.103088698343663,3.5344999999997526,0.19599999999968531,1.0,31.967370481819433
S18_C9_STRESS,stress,0.18,9.0,DISPLACEMENT_ORIGIN_ONLY,TOUCH_NEXT_OPEN,VOL_FLOOR_0.75,0.75,1.0,1143,40.85739282589677,34.033245844269466,25.109361329833767,0.0,0.06502399133615204,1.1705682951971979,0.03470942062131216,1.0878979463153873,3.5344999999997526,0.19599999999968531,1.0,39.6728677701598
S18_C9_STRESS,stress,0.18,9.0,DISPLACEMENT_ORIGIN_ONLY,TOUCH_NEXT_OPEN,VOL_FLOOR_0.75,0.75,1.5,1143,26.334208223972006,39.107611548556434,34.55818022747157,0.0,0.05106729306682632,1.1165499891849668,0.02075272235198644,1.0456776792471814,3.5344999999997526,0.19599999999968531,1.0,23.7203616483205
S18_C9_STRESS,stress,0.18,9.0,DISPLACEMENT_ORIGIN_ONLY,TOUCH_NEXT_OPEN,VOL_FLOOR_0.75,0.75,2.0,1143,16.79790026246719,41.38232720909886,41.819772528433944,0.0,0.04180482036501981,1.0905275023523961,0.011490249650179933,1.0239687862681652,3.5344999999997526,0.19599999999968531,1.0,13.133355350155664
S18_C9_STRESS,stress,0.18,9.0,DISPLACEMENT_ORIGIN_ONLY,TOUCH_NEXT_OPEN,VOL_FLOOR_0.75,0.75,2.5,1143,11.461067366579178,42.25721784776903,46.28171478565179,0.0,0.03750083560304677,1.0794849113128875,0.007186264888206903,1.0146719935011317,3.5344999999997526,0.19599999999968531,1.0,8.21390076722049
S18_C9_STRESS,stress,0.18,9.0,DISPLACEMENT_ORIGIN_ONLY,TOUCH_NEXT_OPEN,VOL_FLOOR_0.75,0.75,3.0,1143,8.223972003499561,42.69466316710411,49.08136482939632,0.0,0.041247672428133327,1.0866218198557571,0.010933101713293439,1.022115076217506,3.5344999999997526,0.19599999999968531,1.0,12.4965352582944
S18_C9_STRESS,stress,0.18,9.0,DISPLACEMENT_ORIGIN_ONLY,TOUCH_NEXT_OPEN,VOL_FLOOR_1.00,1.0,0.5,1143,62.117235345581804,23.184601924759406,14.698162729658792,0.0,0.05590207169391684,1.2130458808928752,0.029534461892463143,1.1091885535519148,3.94007602502161,0.20708717482364464,1.0,33.757889943085374
S18_C9_STRESS,stress,0.18,9.0,DISPLACEMENT_ORIGIN_ONLY,TOUCH_NEXT_OPEN,VOL_FLOOR_1.00,1.0,1.0,1143,39.45756780402449,32.808398950131235,27.73403324584427,0.0,0.06683842914785763,1.1797270297068316,0.040470819346403925,1.105465202574547,3.94007602502161,0.20708717482364464,1.0,46.25814651293969
S18_C9_STRESS,stress,0.18,9.0,DISPLACEMENT_ORIGIN_ONLY,TOUCH_NEXT_OPEN,VOL_FLOOR_1.00,1.0,1.5,1143,22.659667541557305,37.270341207349084,40.06999125109361,0.0,0.03666953354559949,1.0868739757080736,0.010301923744145807,1.0236316622301083,3.94007602502161,0.20708717482364464,1.0,11.775098839558657
S18_C9_STRESS,stress,0.18,9.0,DISPLACEMENT_ORIGIN_ONLY,TOUCH_NEXT_OPEN,VOL_FLOOR_1.00,1.0,2.0,1143,12.860892388451445,38.320209973753286,48.818897637795274,0.0,0.028050977391412716,1.0645011811984004,0.001683367589959041,1.0037433677121184,3.94007602502161,0.20708717482364464,1.0,1.924089155323184
S18_C9_STRESS,stress,0.18,9.0,DISPLACEMENT_ORIGIN_ONLY,TOUCH_NEXT_OPEN,VOL_FLOOR_1.00,1.0,2.5,1143,7.699037620297462,39.02012248468941,53.28083989501312,0.0,0.010718063041534413,1.0242002404241761,-0.01564954675991927,0.965832169304505,3.94007602502161,0.20708717482364464,1.0,-17.887431946587725
S18_C9_STRESS,stress,0.18,9.0,DISPLACEMENT_ORIGIN_ONLY,TOUCH_NEXT_OPEN,VOL_FLOOR_1.00,1.0,3.0,1143,5.074365704286964,39.37007874015748,55.55555555555556,0.0,0.007898097756922667,1.0176932546139792,-0.018469512044531025,0.9600034769057468,3.94007602502161,0.20708717482364464,1.0,-21.11065226689896
S18_C9_STRESS,stress,0.18,9.0,DOZ_OBJECTIVE_ONLY,ACCEPTANCE_RETEST,STRUCTURAL,,0.5,2,50.0,50.0,0.0,0.0,-0.25,0.5,-0.31907350738844176,0.4156452658427665,1.4651327058796824,0.9776853754540298,10.5,-0.6381470147768835
S18_C9_STRESS,stress,0.18,9.0,DOZ_OBJECTIVE_ONLY,ACCEPTANCE_RETEST,STRUCTURAL,,1.0,2,50.0,50.0,0.0,0.0,0.0,1.0,-0.06907350738844176,0.8734980181286505,1.4651327058796824,0.9776853754540298,10.5,-0.13814701477688351
S18_C9_STRESS,stress,0.18,9.0,DOZ_OBJECTIVE_ONLY,ACCEPTANCE_RETEST,STRUCTURAL,,1.5,2,50.0,50.0,0.0,0.0,0.25,1.5,0.18092649261155824,1.3313507704145344,1.4651327058796824,0.9776853754540298,10.5,0.3618529852231165
S18_C9_STRESS,stress,0.18,9.0,DOZ_OBJECTIVE_ONLY,ACCEPTANCE_RETEST,STRUCTURAL,,2.0,2,50.0,50.0,0.0,0.0,0.5,2.0,0.43092649261155824,1.7892035227004182,1.4651327058796824,0.9776853754540298,10.5,0.8618529852231165
S18_C9_STRESS,stress,0.18,9.0,DOZ_OBJECTIVE_ONLY,ACCEPTANCE_RETEST,STRUCTURAL,,2.5,2,50.0,50.0,0.0,0.0,0.75,2.5,0.6809264926115581,2.247056274986302,1.4651327058796824,0.9776853754540298,10.5,1.3618529852231163
S18_C9_STRESS,stress,0.18,9.0,DOZ_OBJECTIVE_ONLY,ACCEPTANCE_RETEST,STRUCTURAL,,3.0,2,50.0,50.0,0.0,0.0,1.0,3.0,0.9309264926115581,2.7049090272721856,1.4651327058796824,0.9776853754540298,10.5,1.8618529852231163
S18_C9_STRESS,stress,0.18,9.0,DOZ_OBJECTIVE_ONLY,CLEAN_REJECTION,STRUCTURAL,,0.5,16,68.75,25.0,6.25,0.0,0.10212070832045722,1.4084828332818287,0.06369910922085255,1.2446289267009447,2.2574999999998226,1.4259999999997035,1.0,1.0191857475336408
S18_C9_STRESS,stress,0.18,9.0,DOZ_OBJECTIVE_ONLY,CLEAN_REJECTION,STRUCTURAL,,1.0,16,68.75,25.0,6.25,0.0,0.4458707083204504,2.7834828332818016,0.4074491092208457,2.564760316009604,2.2574999999998226,1.4259999999997035,1.0,6.519185747533531
S18_C9_STRESS,stress,0.18,9.0,DOZ_OBJECTIVE_ONLY,CLEAN_REJECTION,STRUCTURAL,,1.5,16,56.25,37.5,6.25,0.0,0.4771207083204456,2.2723218888545214,0.438699109220841,2.122514898215865,2.2574999999998226,1.4259999999997035,1.0,7.019185747533456
S18_C9_STRESS,stress,0.18,9.0,DOZ_OBJECTIVE_ONLY,CLEAN_REJECTION,STRUCTURAL,,2.0,16,50.0,37.5,12.5,0.0,0.618113079506047,2.5838590558341292,0.5796914804064424,2.4177212339122836,2.2574999999998226,1.4259999999997035,1.0,9.275063686503078
S18_C9_STRESS,stress,0.18,9.0,DOZ_OBJECTIVE_ONLY,CLEAN_REJECTION,STRUCTURAL,,2.5,16,31.25,50.0,18.75,0.0,0.30343460392572613,1.5888988089781853,0.26501300482612133,1.490525950935641,2.2574999999998226,1.4259999999997035,1.0,4.240208077217941
S18_C9_STRESS,stress,0.18,9.0,DOZ_OBJECTIVE_ONLY,CLEAN_REJECTION,STRUCTURAL,,3.0,16,25.0,56.25,18.75,0.0,0.2096846039257278,1.3629283171145907,0.17126300482612303,1.2834682222156766,2.2574999999998226,1.4259999999997035,1.0,2.7402080772179684
S18_C9_STRESS,stress,0.18,9.0,DOZ_OBJECTIVE_ONLY,FAILED_AUCTION,STRUCTURAL,,0.5,20,65.0,35.0,0.0,0.0,-0.024999999999989753,0.9285714285714578,-0.07530037634347708,0.7973543168789944,1.7584999999999127,0.8264999999998963,2.0,-1.5060075268695416
S18_C9_STRESS,stress,0.18,9.0,DOZ_OBJECTIVE_ONLY,FAILED_AUCTION,STRUCTURAL,,1.0,20,55.00000000000001,45.0,0.0,0.0,0.1,1.2222222222222223,0.049699623656512704,1.1045230409575513,1.7584999999999127,0.8264999999998963,2.0,0.9939924731302541
S18_C9_STRESS,stress,0.18,9.0,DOZ_OBJECTIVE_ONLY,FAILED_AUCTION,STRUCTURAL,,1.5,20,35.0,60.0,5.0,0.0,-0.03896790102823701,0.9350534982862717,-0.0892682773717243,0.858609796696702,1.7584999999999127,0.8264999999998963,2.0,-1.785365547434486
S18_C9_STRESS,stress,0.18,9.0,DOZ_OBJECTIVE_ONLY,FAILED_AUCTION,STRUCTURAL,,2.0,20,30.0,65.0,5.0,0.0,-0.01396790102822767,0.9785109214950344,-0.06426827737171496,0.9057415307707596,1.7584999999999127,0.8264999999998963,2.0,-1.2853655474342993
S18_C9_STRESS,stress,0.18,9.0,DOZ_OBJECTIVE_ONLY,FAILED_AUCTION,STRUCTURAL,,2.5,20,20.0,70.0,10.0,0.0,-0.06505410394014108,0.9070655657997985,-0.11535448028362838,0.8431472577552354,1.7584999999999127,0.8264999999998963,2.0,-2.3070896056725676
S18_C9_STRESS,stress,0.18,9.0,DOZ_OBJECTIVE_ONLY,FAILED_AUCTION,STRUCTURAL,,3.0,20,20.0,70.0,10.0,0.0,0.034945896059849615,1.049922708656928,-0.015354480283637706,0.9791218136277836,1.7584999999999127,0.8264999999998963,2.0,-0.3070896056727541
S18_C9_STRESS,stress,0.18,9.0,DOZ_OBJECTIVE_ONLY,PASSIVE_TOUCH,STRUCTURAL,,0.5,32,43.75,56.25,0.0,43.75,-0.34375000000001804,0.3888888888888568,-0.4708431600216193,0.26946780594592823,0.714184005194852,0.3609999999998763,0.0,-15.066981120691818
S18_C9_STRESS,stress,0.18,9.0,DOZ_OBJECTIVE_ONLY,PASSIVE_TOUCH,STRUCTURAL,,1.0,32,40.625,59.375,0.0,40.625,-0.1875,0.6842105263157895,-0.3145931600216012,0.5397735120184719,0.714184005194852,0.3609999999998763,0.0,-10.066981120691239
S18_C9_STRESS,stress,0.18,9.0,DOZ_OBJECTIVE_ONLY,PASSIVE_TOUCH,STRUCTURAL,,1.5,32,28.125,71.875,0.0,40.625,-0.2968749999999902,0.5869565217391441,-0.4239681600215913,0.4830331934586596,0.714184005194852,0.3609999999998763,0.0,-13.566981120690922
S18_C9_STRESS,stress,0.18,9.0,DOZ_OBJECTIVE_ONLY,PASSIVE_TOUCH,STRUCTURAL,,2.0,32,28.125,71.875,0.0,37.5,-0.15625,0.782608695652174,-0.2833431600216012,0.6545046953897683,0.714184005194852,0.3609999999998763,0.0,-9.066981120691239
S18_C9_STRESS,stress,0.18,9.0,DOZ_OBJECTIVE_ONLY,PASSIVE_TOUCH,STRUCTURAL,,2.5,32,21.875,75.0,3.125,37.5,-0.21474609375001047,0.7180407744582505,-0.34183925377161173,0.6062954141548591,0.714184005194852,0.3609999999998763,0.0,-10.938856120691575
S18_C9_STRESS,stress,0.18,9.0,DOZ_OBJECTIVE_ONLY,PASSIVE_TOUCH,STRUCTURAL,,3.0,32,21.875,75.0,3.125,37.5,-0.10537109375000137,0.861648929349915,-0.2324642537716026,0.7322652628533528,0.714184005194852,0.3609999999998763,0.0,-7.438856120691283
S18_C9_STRESS,stress,0.18,9.0,DOZ_OBJECTIVE_ONLY,RECLAIM_PULLBACK,STRUCTURAL,,0.5,24,54.166666666666664,45.83333333333333,0.0,16.666666666666664,-0.18750000000001174,0.5909090909090653,-0.254687124700185,0.4845086492563856,1.4334999999998672,0.5284999999998945,3.0,-6.112490992804441
S18_C9_STRESS,stress,0.18,9.0,DOZ_OBJECTIVE_ONLY,RECLAIM_PULLBACK,STRUCTURAL,,1.0,24,41.66666666666667,58.333333333333336,0.0,16.666666666666664,-0.16666666666666666,0.7142857142857143,-0.23385379136683995,0.6266575712558766,1.4334999999998672,0.5284999999998945,3.0,-5.612490992804159
S18_C9_STRESS,stress,0.18,9.0,DOZ_OBJECTIVE_ONLY,RECLAIM_PULLBACK,STRUCTURAL,,1.5,24,41.66666666666667,58.333333333333336,0.0,16.666666666666664,0.041666666666675255,1.071428571428586,-0.02552045803349808,0.9592571506786368,1.4334999999998672,0.5284999999998945,3.0,-0.6124909928039539
S18_C9_STRESS,stress,0.18,9.0,DOZ_OBJECTIVE_ONLY,RECLAIM_PULLBACK,STRUCTURAL,,2.0,24,37.5,58.333333333333336,4.166666666666666,16.666666666666664,0.21862199048618378,1.374780555119172,0.15143486578601048,1.2417624288177624,1.4334999999998672,0.5284999999998945,3.0,3.6344367788642518
S18_C9_STRESS,stress,0.18,9.0,DOZ_OBJECTIVE_ONLY,RECLAIM_PULLBACK,STRUCTURAL,,2.5,24,29.166666666666668,62.5,8.333333333333332,16.666666666666664,0.15099527351964506,1.2396268392594838,0.08380814881947178,1.1238775599734785,1.4334999999998672,0.5284999999998945,3.0,2.0113955716673226
S18_C9_STRESS,stress,0.18,9.0,DOZ_OBJECTIVE_ONLY,RECLAIM_PULLBACK,STRUCTURAL,,3.0,24,20.833333333333336,70.83333333333334,8.333333333333332,16.666666666666664,-0.036504726480347326,0.9488342389107778,-0.1036918511805206,0.8645286064071237,1.4334999999998672,0.5284999999998945,3.0,-2.4886044283324944
S18_C9_STRESS,stress,0.18,9.0,DOZ_OBJECTIVE_ONLY,TOUCH_NEXT_OPEN,VOL_FLOOR_0.25,0.25,0.5,37,75.67567567567568,21.62162162162162,2.7027027027027026,0.0,0.16578192792235646,1.766741416640893,0.10296693775939522,1.4517369894563283,1.8311667718492843,0.6572293906875213,1.0,3.8097766970976235
S18_C9_STRESS,stress,0.18,9.0,DOZ_OBJECTIVE_ONLY,TOUCH_NEXT_OPEN,VOL_FLOOR_0.25,0.25,1.0,37,62.16216216216216,35.13513513513514,2.7027027027027026,0.0,0.27389003603046075,1.7795331794713087,0.21107504586749953,1.562936900348134,1.8311667718492843,0.6572293906875213,1.0,7.809776697097483
S18_C9_STRESS,stress,0.18,9.0,DOZ_OBJECTIVE_ONLY,TOUCH_NEXT_OPEN,VOL_FLOOR_0.25,0.25,1.5,37,51.35135135135135,43.24324324324324,5.405405405405405,0.0,0.32868337899174627,1.7382714831309407,0.26586838882878505,1.559125875494697,1.8311667718492843,0.6572293906875213,1.0,9.837130386665047
S18_C9_STRESS,stress,0.18,9.0,DOZ_OBJECTIVE_ONLY,TOUCH_NEXT_OPEN,VOL_FLOOR_0.25,0.25,2.0,37,43.24324324324324,48.64864864864865,8.108108108108109,0.0,0.3626260259909213,1.716852540747404,0.29981103582796015,1.5518734172170825,1.8311667718492843,0.6572293906875213,1.0,11.093008325634525
S18_C9_STRESS,stress,0.18,9.0,DOZ_OBJECTIVE_ONLY,TOUCH_NEXT_OPEN,VOL_FLOOR_0.25,0.25,2.5,37,35.13513513513514,56.75675675675676,8.108108108108109,0.0,0.2950584584233439,1.5027066078583462,0.23224346826038267,1.3692763654469928,1.8311667718492843,0.6572293906875213,1.0,8.593008325634159
S18_C9_STRESS,stress,0.18,9.0,DOZ_OBJECTIVE_ONLY,TOUCH_NEXT_OPEN,VOL_FLOOR_0.25,0.25,3.0,37,32.432432432432435,59.45945945945946,8.108108108108109,0.0,0.36262602599091354,1.590628153717427,0.2998110358279524,1.4566457765532064,1.8311667718492843,0.6572293906875213,1.0,11.093008325634237
S18_C9_STRESS,stress,0.18,9.0,DOZ_OBJECTIVE_ONLY,TOUCH_NEXT_OPEN,VOL_FLOOR_0.50,0.5,0.5,37,67.56756756756756,29.72972972972973,2.7027027027027026,0.0,0.04416030630073417,1.1485392121024702,0.003086203473808535,1.0100280760046103,2.1255777374596256,1.3144587813750426,1.0,0.1141895285309158
S18_C9_STRESS,stress,0.18,9.0,DOZ_OBJECTIVE_ONLY,TOUCH_NEXT_OPEN,VOL_FLOOR_0.50,0.5,1.0,37,59.45945945945946,37.83783783783784,2.7027027027027026,0.0,0.21983598197642273,1.5809950952234104,0.1787618791494971,1.4540532911584318,2.1255777374596256,1.3144587813750426,1.0,6.6141895285313925
S18_C9_STRESS,stress,0.18,9.0,DOZ_OBJECTIVE_ONLY,TOUCH_NEXT_OPEN,VOL_FLOOR_0.50,0.5,1.5,37,48.64864864864865,45.94594594594595,5.405405405405405,0.0,0.2611158114241796,1.5529377090936765,0.220041708597254,1.4468779471505908,2.1255777374596256,1.3144587813750426,1.0,8.141543218098398
S18_C9_STRESS,stress,0.18,9.0,DOZ_OBJECTIVE_ONLY,TOUCH_NEXT_OPEN,VOL_FLOOR_0.50,0.5,2.0,37,35.13513513513514,54.054054054054056,10.81081081081081,0.0,0.1888358686042569,1.3372595094504163,0.14776176577733133,1.252613331303517,2.1255777374596256,1.3144587813750426,1.0,5.467185333761259
S18_C9_STRESS,stress,0.18,9.0,DOZ_OBJECTIVE_ONLY,TOUCH_NEXT_OPEN,VOL_FLOOR_0.50,0.5,2.5,37,27.027027027027028,59.45945945945946,13.513513513513514,0.0,0.12878496552013657,1.2097588726674233,0.08771086269321093,1.136676064090299,2.1255777374596256,1.3144587813750426,1.0,3.2453019196488047
S18_C9_STRESS,stress,0.18,9.0,DOZ_OBJECTIVE_ONLY,TOUCH_NEXT_OPEN,VOL_FLOOR_0.50,0.5,3.0,37,16.216216216216218,64.86486486486487,18.91891891891892,0.0,-0.037620472507455496,0.943683678146899,-0.07869457533438115,0.8872384948942553,2.1255777374596256,1.3144587813750426,1.0,-2.9116992873721026
S18_C9_STRESS,stress,0.18,9.0,DOZ_OBJECTIVE_ONLY,TOUCH_NEXT_OPEN,VOL_FLOOR_0.75,0.75,0.5,37,72.97297297297297,24.324324324324326,2.7027027027027026,0.0,0.12524138738181503,1.5148812592363485,0.09538996344257962,1.3821545027672058,3.1495458347502243,1.4259999999997035,1.0,3.529428647375446
S18_C9_STRESS,stress,0.18,9.0,DOZ_OBJECTIVE_ONLY,TOUCH_NEXT_OPEN,VOL_FLOOR_0.75,0.75,1.0,37,59.45945945945946,35.13513513513514,5.405405405405405,0.0,0.23781421547525475,1.659861597876833,0.20796279153601932,1.5596096578817973,3.1495458347502243,1.4259999999997035,1.0,7.694623286832715
S18_C9_STRESS,stress,0.18,9.0,DOZ_OBJECTIVE_ONLY,TOUCH_NEXT_OPEN,VOL_FLOOR_0.75,0.75,1.5,37,43.24324324324324,45.94594594594595,10.81081081081081,0.0,0.20699091590768798,1.4370940192987205,0.17713949196845258,1.3624096791705118,3.1495458347502243,1.4259999999997035,1.0,6.554161202832745
S18_C9_STRESS,stress,0.18,9.0,DOZ_OBJECTIVE_ONLY,TOUCH_NEXT_OPEN,VOL_FLOOR_0.75,0.75,2.0,37,27.027027027027028,51.35135135135135,21.62162162162162,0.0,0.09897847560158834,1.1837319830371316,0.06912705166235304,1.1244229781015043,3.1495458347502243,1.4259999999997035,1.0,2.557700911507063
S18_C9_STRESS,stress,0.18,9.0,DOZ_OBJECTIVE_ONLY,TOUCH_NEXT_OPEN,VOL_FLOOR_0.75,0.75,2.5,37,13.513513513513514,56.75675675675676,29.72972972972973,0.0,0.0005774650650025401,1.000974188464637,-0.029273958874232845,0.9521871285057238,3.1495458347502243,1.4259999999997035,1.0,-1.0831364783466153
S18_C9_STRESS,stress,0.18,9.0,DOZ_OBJECTIVE_ONLY,TOUCH_NEXT_OPEN,VOL_FLOOR_0.75,0.75,3.0,37,10.81081081081081,56.75675675675676,32.432432432432435,0.0,0.052121708529592435,1.087929764558957,0.0222702845903571,1.0363738385994983,3.1495458347502243,1.4259999999997035,1.0,0.8240005298432127
S18_C9_STRESS,stress,0.18,9.0,DOZ_OBJECTIVE_ONLY,TOUCH_NEXT_OPEN,VOL_FLOOR_1.00,1.0,0.5,37,72.97297297297297,24.324324324324326,2.7027027027027026,0.0,0.12524138738181562,1.5148812592363496,0.10211134139957116,1.4114123704099724,3.8302824370311526,1.4259999999997035,1.0,3.778119631784133
S18_C9_STRESS,stress,0.18,9.0,DOZ_OBJECTIVE_ONLY,TOUCH_NEXT_OPEN,VOL_FLOOR_1.00,1.0,1.0,37,48.64864864864865,37.83783783783784,13.513513513513514,0.0,0.14239292512671706,1.3660910597966582,0.11926287914447263,1.2995161790936531,3.8302824370311526,1.4259999999997035,1.0,4.4127265283454875
S18_C9_STRESS,stress,0.18,9.0,DOZ_OBJECTIVE_ONLY,TOUCH_NEXT_OPEN,VOL_FLOOR_1.00,1.0,1.5,37,29.72972972972973,43.24324324324324,27.027027027027028,0.0,0.06665585461733775,1.1408960123348737,0.04352580863509327,1.0899096219784161,3.8302824370311526,1.4259999999997035,1.0,1.610454919498451
S18_C9_STRESS,stress,0.18,9.0,DOZ_OBJECTIVE_ONLY,TOUCH_NEXT_OPEN,VOL_FLOOR_1.00,1.0,2.0,37,16.216216216216218,45.94594594594595,37.83783783783784,0.0,0.08556733336739737,1.1710961749967828,0.062437287385152904,1.121989909967774,3.8302824370311526,1.4259999999997035,1.0,2.3101796332506574
S18_C9_STRESS,stress,0.18,9.0,DOZ_OBJECTIVE_ONLY,TOUCH_NEXT_OPEN,VOL_FLOOR_1.00,1.0,2.5,37,8.108108108108109,48.64864864864865,43.24324324324324,0.0,-0.011832634315561535,0.9775531258226616,-0.03496268029780603,0.9353209121758059,3.8302824370311526,1.4259999999997035,1.0,-1.2936191710188232
S18_C9_STRESS,stress,0.18,9.0,DOZ_OBJECTIVE_ONLY,TOUCH_NEXT_OPEN,VOL_FLOOR_1.00,1.0,3.0,37,0.0,48.64864864864865,51.35135135135135,0.0,-0.05578817213933507,0.8941681076927692,-0.07891821812157955,0.8540055191038989,3.8302824370311526,1.4259999999997035,1.0,-2.9199740704984434
S18_C9_STRESS,stress,0.18,9.0,MEMORY_ONLY,ACCEPTANCE_RETEST,STRUCTURAL,,0.5,22,45.45454545454545,54.54545454545454,0.0,4.545454545454546,-0.3181818181818295,0.41666666666664587,-0.360507204135716,0.36741070047804764,2.128000000000384,1.1600000000000819,12.5,-7.931158490985752
S18_C9_STRESS,stress,0.18,9.0,MEMORY_ONLY,ACCEPTANCE_RETEST,STRUCTURAL,,1.0,22,22.727272727272727,72.72727272727273,4.545454545454546,4.545454545454546,-0.4996709743282718,0.31295241029862625,-0.5419963602821584,0.28630078089836114,2.128000000000384,1.1600000000000819,12.5,-11.923919926207484
S18_C9_STRESS,stress,0.18,9.0,MEMORY_ONLY,ACCEPTANCE_RETEST,STRUCTURAL,,1.5,22,13.636363636363635,81.81818181818183,4.545454545454546,4.545454545454546,-0.613307337964633,0.2504021424876708,-0.6556327239185195,0.23183886581784607,2.128000000000384,1.1600000000000819,12.5,-14.423919926207427
S18_C9_STRESS,stress,0.18,9.0,MEMORY_ONLY,ACCEPTANCE_RETEST,STRUCTURAL,,2.0,22,9.090909090909092,81.81818181818183,9.090909090909092,4.545454545454546,-0.5659613788312658,0.3082694258728973,-0.6082867647851523,0.2873109683228288,2.128000000000384,1.1600000000000819,12.5,-13.38230882527335
S18_C9_STRESS,stress,0.18,9.0,MEMORY_ONLY,ACCEPTANCE_RETEST,STRUCTURAL,,2.5,22,9.090909090909092,81.81818181818183,9.090909090909092,4.545454545454546,-0.5205068333767204,0.36382498142845277,-0.5628322193306068,0.3405670275710814,2.128000000000384,1.1600000000000819,12.5,-12.38230882527335
S18_C9_STRESS,stress,0.18,9.0,MEMORY_ONLY,ACCEPTANCE_RETEST,STRUCTURAL,,3.0,22,9.090909090909092,81.81818181818183,9.090909090909092,4.545454545454546,-0.47505228792217497,0.41938053698400835,-0.5173776738760614,0.39382308681933403,2.128000000000384,1.1600000000000819,12.5,-11.38230882527335
S18_C9_STRESS,stress,0.18,9.0,MEMORY_ONLY,CLEAN_REJECTION,STRUCTURAL,,0.5,368,61.141304347826086,33.96739130434783,4.891304347826087,0.0,-0.05001138941580027,0.8600970091753418,-0.08501960930501087,0.7709412444686187,2.5152977134591765,1.408264795206378,1.0,-31.287216224244002
S18_C9_STRESS,stress,0.18,9.0,MEMORY_ONLY,CLEAN_REJECTION,STRUCTURAL,,1.0,368,43.75,45.65217391304348,10.597826086956522,0.0,-0.023903629340661873,0.9499916831676808,-0.058911849229872464,0.8813926215193548,2.5152977134591765,1.408264795206378,1.0,-21.679560516593067
S18_C9_STRESS,stress,0.18,9.0,MEMORY_ONLY,CLEAN_REJECTION,STRUCTURAL,,1.5,368,30.434782608695656,52.9891304347826,16.57608695652174,0.0,-0.045670905766614485,0.9175027865919121,-0.08067912565582509,0.8597675578276383,2.5152977134591765,1.408264795206378,1.0,-29.689918241343634
S18_C9_STRESS,stress,0.18,9.0,MEMORY_ONLY,CLEAN_REJECTION,STRUCTURAL,,2.0,368,22.82608695652174,55.16304347826087,22.01086956521739,0.0,-0.009629522437196513,0.9832630340056088,-0.04463774232640712,0.9253147582438592,2.5152977134591765,1.408264795206378,1.0,-16.42668917611782
S18_C9_STRESS,stress,0.18,9.0,MEMORY_ONLY,CLEAN_REJECTION,STRUCTURAL,,2.5,368,17.119565217391305,56.52173913043478,26.358695652173914,0.0,-0.0026777855266480154,0.995468427342637,-0.037686005415858634,0.9386098662759346,2.5152977134591765,1.408264795206378,1.0,-13.868449993035977
S18_C9_STRESS,stress,0.18,9.0,MEMORY_ONLY,CLEAN_REJECTION,STRUCTURAL,,3.0,368,13.043478260869565,57.88043478260869,29.076086956521742,0.0,-0.013441193746768196,0.9777649380549824,-0.048449413635978794,0.9228327541599336,2.5152977134591765,1.408264795206378,1.0,-17.829384218040197
S18_C9_STRESS,stress,0.18,9.0,MEMORY_ONLY,FAILED_AUCTION,STRUCTURAL,,0.5,61,50.81967213114754,49.18032786885246,0.0,0.0,-0.23770491803278504,0.5166666666666704,-0.26560598738522867,0.47445324309042897,3.252499999999827,1.7834999999997763,8.0,-16.20196523049895
S18_C9_STRESS,stress,0.18,9.0,MEMORY_ONLY,FAILED_AUCTION,STRUCTURAL,,1.0,61,40.98360655737705,55.73770491803278,3.278688524590164,0.0,-0.15106541164548257,0.7317908588816184,-0.17896648099792617,0.6911937870536063,3.252499999999827,1.7834999999997763,8.0,-10.916955340873496
S18_C9_STRESS,stress,0.18,9.0,MEMORY_ONLY,FAILED_AUCTION,STRUCTURAL,,1.5,61,29.508196721311474,67.21311475409836,3.278688524590164,0.0,-0.23303262476023798,0.6562897394249803,-0.2609336941126816,0.6257695857748817,3.252499999999827,1.7834999999997763,8.0,-15.916955340873578
S18_C9_STRESS,stress,0.18,9.0,MEMORY_ONLY,FAILED_AUCTION,STRUCTURAL,,2.0,61,19.672131147540984,72.1311475409836,8.19672131147541,0.0,-0.2889611281525504,0.6026233015773412,-0.31686219750499395,0.575994327406096,3.252499999999827,1.7834999999997763,8.0,-19.328594047804632
S18_C9_STRESS,stress,0.18,9.0,MEMORY_ONLY,FAILED_AUCTION,STRUCTURAL,,2.5,61,8.19672131147541,77.04918032786885,14.754098360655737,0.0,-0.4786685957428118,0.38745854046177935,-0.5065696650952554,0.3699747440443464,3.252499999999827,1.7834999999997763,8.0,-30.90074957081058
S18_C9_STRESS,stress,0.18,9.0,MEMORY_ONLY,FAILED_AUCTION,STRUCTURAL,,3.0,61,8.19672131147541,77.04918032786885,14.754098360655737,0.0,-0.43768498918543436,0.4399043420060373,-0.465586058537878,0.4209464247241246,3.252499999999827,1.7834999999997763,8.0,-28.400749570810557
S18_C9_STRESS,stress,0.18,9.0,MEMORY_ONLY,PASSIVE_TOUCH,STRUCTURAL,,0.5,332,50.903614457831324,48.19277108433735,0.9036144578313252,21.686746987951807,-0.2844789774361923,0.4722068004246933,-0.35349053269468256,0.3833151001375148,1.2679999999998017,0.7200000000000273,2.0,-117.35885685463461
S18_C9_STRESS,stress,0.18,9.0,MEMORY_ONLY,PASSIVE_TOUCH,STRUCTURAL,,1.0,332,39.1566265060241,59.63855421686747,1.2048192771084338,21.385542168674696,-0.2625203447433179,0.5986458967228203,-0.33153190000180816,0.5237893491420241,1.2679999999998017,0.7200000000000273,2.0,-110.0685908006003
S18_C9_STRESS,stress,0.18,9.0,MEMORY_ONLY,PASSIVE_TOUCH,STRUCTURAL,,1.5,332,30.72289156626506,67.16867469879519,2.108433734939759,21.385542168674696,-0.266247837503029,0.6350545150336538,-0.3352593927615192,0.5683000870163805,1.2679999999998017,0.7200000000000273,2.0,-111.30611839682437
S18_C9_STRESS,stress,0.18,9.0,MEMORY_ONLY,PASSIVE_TOUCH,STRUCTURAL,,2.0,332,25.0,72.59036144578313,2.4096385542168677,21.385542168674696,-0.2801328533308484,0.6425837269169787,-0.34914440858933865,0.5817510955805221,1.2679999999998017,0.7200000000000273,2.0,-115.91594365166043
S18_C9_STRESS,stress,0.18,9.0,MEMORY_ONLY,PASSIVE_TOUCH,STRUCTURAL,,2.5,332,20.783132530120483,75.6024096385542,3.614457831325301,21.385542168674696,-0.2729291789272949,0.6646618589215458,-0.34194073418578513,0.605580875685578,1.2679999999998017,0.7200000000000273,2.0,-113.52432374968066
S18_C9_STRESS,stress,0.18,9.0,MEMORY_ONLY,PASSIVE_TOUCH,STRUCTURAL,,3.0,332,15.66265060240964,79.21686746987952,5.120481927710843,21.385542168674696,-0.3386998398684011,0.6016218151235762,-0.4077113951268913,0.5498956381116571,1.2679999999998017,0.7200000000000273,2.0,-135.3601831821279
S18_C9_STRESS,stress,0.18,9.0,MEMORY_ONLY,RECLAIM_PULLBACK,STRUCTURAL,,0.5,316,54.74683544303798,42.08860759493671,3.1645569620253164,1.2658227848101267,-0.1551130478629804,0.639748757378442,-0.19547458064187517,0.5644619231490439,2.1759999999997035,1.1811064504820479,5.0,-61.769967482832556
S18_C9_STRESS,stress,0.18,9.0,MEMORY_ONLY,RECLAIM_PULLBACK,STRUCTURAL,,1.0,316,35.75949367088608,57.27848101265823,6.962025316455696,1.2658227848101267,-0.22297614433702254,0.6214307344954584,-0.2633376771159173,0.571147789009681,2.1759999999997035,1.1811064504820479,5.0,-83.21470596862987
S18_C9_STRESS,stress,0.18,9.0,MEMORY_ONLY,RECLAIM_PULLBACK,STRUCTURAL,,1.5,316,25.0,64.87341772151899,10.126582278481013,1.2658227848101267,-0.26308870002417195,0.6057172789020098,-0.30345023280306677,0.5639276820239505,2.1759999999997035,1.1811064504820479,5.0,-95.89027356576909
S18_C9_STRESS,stress,0.18,9.0,MEMORY_ONLY,RECLAIM_PULLBACK,STRUCTURAL,,2.0,316,19.303797468354432,66.45569620253164,14.240506329113925,1.2658227848101267,-0.22959539682697877,0.6638830123052197,-0.2699569296058735,0.6209684781610196,2.1759999999997035,1.1811064504820479,5.0,-85.30638975545602
S18_C9_STRESS,stress,0.18,9.0,MEMORY_ONLY,RECLAIM_PULLBACK,STRUCTURAL,,2.5,316,15.18987341772152,68.0379746835443,16.77215189873418,1.2658227848101267,-0.21717296812967188,0.6892666424324742,-0.25753450090856667,0.6465358513137889,2.1759999999997035,1.1811064504820479,5.0,-81.38090228710706
S18_C9_STRESS,stress,0.18,9.0,MEMORY_ONLY,RECLAIM_PULLBACK,STRUCTURAL,,3.0,316,13.291139240506327,69.30379746835443,17.405063291139243,1.2658227848101267,-0.19489094748761762,0.7261085822176041,-0.23525248026651238,0.6828032110007536,2.1759999999997035,1.1811064504820479,5.0,-74.33978376421791
S18_C9_STRESS,stress,0.18,9.0,MEMORY_ONLY,TOUCH_NEXT_OPEN,VOL_FLOOR_0.25,0.25,0.5,537,61.08007448789572,35.19553072625698,3.7243947858473,0.186219739292365,-0.057570155858846374,0.8417679003379291,-0.10617450516253366,0.7235795632398245,2.135693221610609,0.29961342141838015,1.0,-57.015709272280574
S18_C9_STRESS,stress,0.18,9.0,MEMORY_ONLY,TOUCH_NEXT_OPEN,VOL_FLOOR_0.25,0.25,1.0,537,43.01675977653631,49.34823091247672,7.635009310986965,0.0,-0.07510315545291894,0.853259731466846,-0.12370750475660623,0.7708313815802907,2.135693221610609,0.29961342141838015,1.0,-66.43093005429755
S18_C9_STRESS,stress,0.18,9.0,MEMORY_ONLY,TOUCH_NEXT_OPEN,VOL_FLOOR_0.25,0.25,1.5,537,33.14711359404097,55.121042830540034,11.731843575418994,0.0,-0.04077959529831489,0.9285509850599789,-0.08938394460200216,0.8514204277023631,2.135693221610609,0.29961342141838015,1.0,-47.99917825127516
S18_C9_STRESS,stress,0.18,9.0,MEMORY_ONLY,TOUCH_NEXT_OPEN,VOL_FLOOR_0.25,0.25,2.0,537,25.512104283054004,59.0316573556797,15.456238361266294,0.0,-0.028590160488594713,0.9531199041480735,-0.07719450979228198,0.8799077639438639,2.135693221610609,0.29961342141838015,1.0,-41.45345175845542
S18_C9_STRESS,stress,0.18,9.0,MEMORY_ONLY,TOUCH_NEXT_OPEN,VOL_FLOOR_0.25,0.25,2.5,537,19.73929236499069,60.893854748603346,19.366852886405958,0.0,-0.019438323278465924,0.9691258593738689,-0.06804267258215319,0.8974604199251037,2.135693221610609,0.29961342141838015,1.0,-36.538915176616264
S18_C9_STRESS,stress,0.18,9.0,MEMORY_ONLY,TOUCH_NEXT_OPEN,VOL_FLOOR_0.25,0.25,3.0,537,15.456238361266294,62.75605214152699,21.787709497206702,0.0,-0.02782436249719583,0.9570757962644335,-0.0764287118008831,0.8881138627142674,2.135693221610609,0.29961342141838015,1.0,-41.04221823707423
S18_C9_STRESS,stress,0.18,9.0,MEMORY_ONLY,TOUCH_NEXT_OPEN,VOL_FLOOR_0.50,0.5,0.5,537,60.70763500931099,35.567970204841714,3.7243947858473,0.0,-0.0631567480376175,0.8281720234364447,-0.10535479175421068,0.7261249813005,2.2540006291831958,0.3806721926805494,1.0,-56.57552317201114
S18_C9_STRESS,stress,0.18,9.0,MEMORY_ONLY,TOUCH_NEXT_OPEN,VOL_FLOOR_0.50,0.5,1.0,537,42.27188081936685,49.906890130353815,7.82122905027933,0.0,-0.08888765489329953,0.8284505083451361,-0.13108569860989272,0.7583136599044689,2.2540006291831958,0.3806721926805494,1.0,-70.3930201535124
S18_C9_STRESS,stress,0.18,9.0,MEMORY_ONLY,TOUCH_NEXT_OPEN,VOL_FLOOR_0.50,0.5,1.5,537,32.02979515828678,56.052141527001865,11.91806331471136,0.0,-0.06566933203467594,0.8867542923152398,-0.10786737575126913,0.8222469549898165,2.2540006291831958,0.3806721926805494,1.0,-57.924780778431526
S18_C9_STRESS,stress,0.18,9.0,MEMORY_ONLY,TOUCH_NEXT_OPEN,VOL_FLOOR_0.50,0.5,2.0,537,25.139664804469277,59.40409683426443,15.456238361266294,0.0,-0.03982337672873444,0.9350779750759983,-0.08202142044532765,0.8721982423748349,2.2540006291831958,0.3806721926805494,1.0,-44.045502779140946
S18_C9_STRESS,stress,0.18,9.0,MEMORY_ONLY,TOUCH_NEXT_OPEN,VOL_FLOOR_0.50,0.5,2.5,537,18.6219739292365,61.452513966480446,19.925512104283055,0.0,-0.04748995889903331,0.9252134993490916,-0.08968800261562654,0.8650306676303269,2.2540006291831958,0.3806721926805494,1.0,-48.16245740459145
S18_C9_STRESS,stress,0.18,9.0,MEMORY_ONLY,TOUCH_NEXT_OPEN,VOL_FLOOR_0.50,0.5,3.0,537,14.152700186219738,63.3147113594041,22.532588454376164,0.0,-0.06399308571573827,0.9020957171794429,-0.10619112943233146,0.8447328497371099,2.2540006291831958,0.3806721926805494,1.0,-57.02463650516199
S18_C9_STRESS,stress,0.18,9.0,MEMORY_ONLY,TOUCH_NEXT_OPEN,VOL_FLOOR_0.75,0.75,0.5,537,59.40409683426443,35.940409683426445,4.655493482309125,0.0,-0.07539953796046826,0.7982468884923943,-0.11223610700370382,0.7112747285611164,2.5693474576271456,0.426293572003594,1.0,-60.27078946098895
S18_C9_STRESS,stress,0.18,9.0,MEMORY_ONLY,TOUCH_NEXT_OPEN,VOL_FLOOR_0.75,0.75,1.0,537,41.527001862197395,49.34823091247672,9.124767225325884,0.0,-0.0932814562285387,0.8190983374165819,-0.13011802527177424,0.7576281817700621,2.5693474576271456,0.426293572003594,1.0,-69.87337957094276
S18_C9_STRESS,stress,0.18,9.0,MEMORY_ONLY,TOUCH_NEXT_OPEN,VOL_FLOOR_0.75,0.75,1.5,537,31.843575418994412,54.18994413407822,13.966480446927374,0.0,-0.050485124519220215,0.9105249617630744,-0.08732169356245574,0.8513259155959112,2.5693474576271456,0.426293572003594,1.0,-46.891749443038734
S18_C9_STRESS,stress,0.18,9.0,MEMORY_ONLY,TOUCH_NEXT_OPEN,VOL_FLOOR_0.75,0.75,2.0,537,23.277467411545626,58.10055865921788,18.6219739292365,0.0,-0.04902342714215723,0.9187470183149608,-0.08585999618539276,0.8632227524065618,2.5693474576271456,0.426293572003594,1.0,-46.10681795155592
S18_C9_STRESS,stress,0.18,9.0,MEMORY_ONLY,TOUCH_NEXT_OPEN,VOL_FLOOR_0.75,0.75,2.5,537,16.387337057728118,60.33519553072626,23.277467411545626,0.0,-0.07998091217144569,0.8723907093180467,-0.11681748121468122,0.8208220618909134,2.5693474576271456,0.426293572003594,1.0,-62.73098741228382
S18_C9_STRESS,stress,0.18,9.0,MEMORY_ONLY,TOUCH_NEXT_OPEN,VOL_FLOOR_0.75,0.75,3.0,537,12.104283054003725,61.08007448789572,26.81564245810056,0.0,-0.07158365728585057,0.8871299095996869,-0.10842022632908611,0.8356638834196211,2.5693474576271456,0.426293572003594,1.0,-58.221661538719246
S18_C9_STRESS,stress,0.18,9.0,MEMORY_ONLY,TOUCH_NEXT_OPEN,VOL_FLOOR_1.00,1.0,0.5,537,58.10055865921788,35.754189944134076,6.145251396648044,0.0,-0.08494417243751365,0.7746880680046832,-0.11733186048068386,0.6995447341980783,2.968576493053011,0.5683914293381254,1.0,-63.00720907812723
S18_C9_STRESS,stress,0.18,9.0,MEMORY_ONLY,TOUCH_NEXT_OPEN,VOL_FLOOR_1.00,1.0,1.0,537,41.340782122905026,46.55493482309125,12.104283054003725,0.0,-0.06945770202196976,0.8596560943802106,-0.10184539006513996,0.8016271994765181,2.968576493053011,0.5683914293381254,1.0,-54.69097446498016
S18_C9_STRESS,stress,0.18,9.0,MEMORY_ONLY,TOUCH_NEXT_OPEN,VOL_FLOOR_1.00,1.0,1.5,537,29.236499068901306,51.955307262569825,18.808193668528865,0.0,-0.05495315973304889,0.9001060329557675,-0.0873408477762191,0.8468683246552293,2.968576493053011,0.5683914293381254,1.0,-46.90203525582966
S18_C9_STRESS,stress,0.18,9.0,MEMORY_ONLY,TOUCH_NEXT_OPEN,VOL_FLOOR_1.00,1.0,2.0,537,19.73929236499069,54.18994413407822,26.0707635009311,0.0,-0.04909381686366493,0.9143187381242043,-0.08148150490683514,0.8627924827890477,2.968576493053011,0.5683914293381254,1.0,-43.755568134970474
S18_C9_STRESS,stress,0.18,9.0,MEMORY_ONLY,TOUCH_NEXT_OPEN,VOL_FLOOR_1.00,1.0,2.5,537,12.849162011173185,54.93482309124767,32.21601489757914,0.0,-0.051810580315044166,0.9110180344765266,-0.08419826835821438,0.8605229441056708,2.968576493053011,0.5683914293381254,1.0,-45.21447010836112
S18_C9_STRESS,stress,0.18,9.0,MEMORY_ONLY,TOUCH_NEXT_OPEN,VOL_FLOOR_1.00,1.0,3.0,537,8.379888268156424,55.3072625698324,36.312849162011176,0.0,-0.05716158539153075,0.9024519244813566,-0.08954927343470095,0.8526041022909872,2.968576493053011,0.5683914293381254,1.0,-48.087959834434415
S18_C9_STRESS,stress,0.18,9.0,OBJECTIVE_LIQUIDITY_ONLY,ACCEPTANCE_RETEST,STRUCTURAL,,0.5,32,40.625,59.375,0.0,9.375,-0.39062500000000533,0.3421052631578858,-0.43358110593112,0.3002103434845834,2.0939798063076296,1.5662073026765029,7.0,-13.87459538979584
S18_C9_STRESS,stress,0.18,9.0,OBJECTIVE_LIQUIDITY_ONLY,ACCEPTANCE_RETEST,STRUCTURAL,,1.0,32,28.125,71.875,0.0,9.375,-0.4375,0.391304347826087,-0.4804561059311146,0.3591034961793245,2.0939798063076296,1.5662073026765029,7.0,-15.374595389795667
S18_C9_STRESS,stress,0.18,9.0,OBJECTIVE_LIQUIDITY_ONLY,ACCEPTANCE_RETEST,STRUCTURAL,,1.5,32,25.0,75.0,0.0,9.375,-0.3749999999999978,0.500000000000003,-0.41795610593111243,0.46570538087604063,2.0939798063076296,1.5662073026765029,7.0,-13.374595389795598
S18_C9_STRESS,stress,0.18,9.0,OBJECTIVE_LIQUIDITY_ONLY,ACCEPTANCE_RETEST,STRUCTURAL,,2.0,32,21.875,78.125,0.0,9.375,-0.34375,0.56,-0.38670610593111465,0.5253127648904646,2.0939798063076296,1.5662073026765029,7.0,-12.374595389795669
S18_C9_STRESS,stress,0.18,9.0,OBJECTIVE_LIQUIDITY_ONLY,ACCEPTANCE_RETEST,STRUCTURAL,,2.5,32,18.75,81.25,0.0,9.375,-0.3437500000000017,0.5769230769230748,-0.3867061059311164,0.5436777120129515,2.0939798063076296,1.5662073026765029,7.0,-12.374595389795724
S18_C9_STRESS,stress,0.18,9.0,OBJECTIVE_LIQUIDITY_ONLY,ACCEPTANCE_RETEST,STRUCTURAL,,3.0,32,6.25,90.625,3.125,9.375,-0.6914318367903842,0.23704073181750712,-0.7343879427214988,0.22280327342330214,2.0939798063076296,1.5662073026765029,7.0,-23.50041416708796
S18_C9_STRESS,stress,0.18,9.0,OBJECTIVE_LIQUIDITY_ONLY,CLEAN_REJECTION,STRUCTURAL,,0.5,1397,65.99856836077308,25.626342161775234,8.375089477451683,0.0,0.062082055151786164,1.2269708449601993,0.027111572075813377,1.09527110064323,2.564000000000078,1.1274999999995998,1.0,37.87486618991129
S18_C9_STRESS,stress,0.18,9.0,OBJECTIVE_LIQUIDITY_ONLY,CLEAN_REJECTION,STRUCTURAL,,1.0,1397,41.80386542591267,38.43951324266285,19.75662133142448,0.0,0.04223148870174106,1.1024090067565506,0.007261005625768259,1.0169264483403868,2.564000000000078,1.1274999999995998,1.0,10.143624859198258
S18_C9_STRESS,stress,0.18,9.0,OBJECTIVE_LIQUIDITY_ONLY,CLEAN_REJECTION,STRUCTURAL,,1.5,1397,28.274874731567646,43.52183249821045,28.203292770221903,0.0,0.05082466320894968,1.1089117214845512,0.015854180132976892,1.0326588277516182,2.564000000000078,1.1274999999995998,1.0,22.148289645768717
S18_C9_STRESS,stress,0.18,9.0,OBJECTIVE_LIQUIDITY_ONLY,CLEAN_REJECTION,STRUCTURAL,,2.0,1397,18.396564065855404,46.67143879742305,34.93199713672155,0.0,0.023746798834868018,1.0474386578621417,-0.011223684241104781,0.9784477950481374,2.564000000000078,1.1274999999995998,1.0,-15.67948688482338
S18_C9_STRESS,stress,0.18,9.0,OBJECTIVE_LIQUIDITY_ONLY,CLEAN_REJECTION,STRUCTURAL,,2.5,1397,13.528990694345024,47.602004294917684,38.8690050107373,0.0,0.04286492646557099,1.0840317201599539,0.007894443389598197,1.0148750959739135,2.564000000000078,1.1274999999995998,1.0,11.02853741526868
S18_C9_STRESS,stress,0.18,9.0,OBJECTIVE_LIQUIDITY_ONLY,CLEAN_REJECTION,STRUCTURAL,,3.0,1397,10.164638511095205,48.38940586972083,41.44595561918397,0.0,0.04707811157589641,1.0907902911244047,0.01210762849992361,1.0224429457845454,2.564000000000078,1.1274999999995998,1.0,16.914357014393282
S18_C9_STRESS,stress,0.18,9.0,OBJECTIVE_LIQUIDITY_ONLY,FAILED_AUCTION,STRUCTURAL,,0.5,188,63.829787234042556,35.638297872340424,0.5319148936170213,0.0,-0.039398638782422224,0.8901160082099937,-0.06761034711807382,0.816587555044311,3.246723477128967,1.6084999999998217,7.0,-12.710745258197878
S18_C9_STRESS,stress,0.18,9.0,OBJECTIVE_LIQUIDITY_ONLY,FAILED_AUCTION,STRUCTURAL,,1.0,188,44.680851063829785,52.12765957446809,3.1914893617021276,0.0,-0.08267700718819329,0.8442478185379415,-0.11088871552384491,0.7968984962588801,3.246723477128967,1.6084999999998217,7.0,-20.847078518482842
S18_C9_STRESS,stress,0.18,9.0,OBJECTIVE_LIQUIDITY_ONLY,FAILED_AUCTION,STRUCTURAL,,1.5,188,37.234042553191486,55.85106382978723,6.914893617021277,0.0,0.014143517381578407,1.0246898829195972,-0.014068190954073181,0.976119869118328,3.246723477128967,1.6084999999998217,7.0,-2.644819899365758
S18_C9_STRESS,stress,0.18,9.0,OBJECTIVE_LIQUIDITY_ONLY,FAILED_AUCTION,STRUCTURAL,,2.0,188,25.0,61.170212765957444,13.829787234042554,0.0,-0.02424333469632107,0.9612749892803414,-0.05245504303197267,0.9185173448163984,3.246723477128967,1.6084999999998217,7.0,-9.861548090010862
S18_C9_STRESS,stress,0.18,9.0,OBJECTIVE_LIQUIDITY_ONLY,FAILED_AUCTION,STRUCTURAL,,2.5,188,18.085106382978726,63.297872340425535,18.617021276595743,0.0,-0.05781390816621253,0.9107211391665639,-0.08602561650186408,0.8708259930013573,3.246723477128967,1.6084999999998217,7.0,-16.172815902350447
S18_C9_STRESS,stress,0.18,9.0,OBJECTIVE_LIQUIDITY_ONLY,FAILED_AUCTION,STRUCTURAL,,3.0,188,13.829787234042554,63.829787234042556,22.340425531914892,0.0,-0.04289998239719903,0.9342916333982505,-0.0711116907328506,0.894102230084118,3.246723477128967,1.6084999999998217,7.0,-13.368997857775913
S18_C9_STRESS,stress,0.18,9.0,OBJECTIVE_LIQUIDITY_ONLY,PASSIVE_TOUCH,STRUCTURAL,,0.5,833,54.14165666266506,45.49819927971189,0.36014405762304924,18.127250900360146,-0.1922549800743459,0.584729512515645,-0.2636264888447405,0.4682191696687913,1.240000000000009,0.6559999999997217,2.0,-219.60086520766885
S18_C9_STRESS,stress,0.18,9.0,OBJECTIVE_LIQUIDITY_ONLY,PASSIVE_TOUCH,STRUCTURAL,,1.0,833,43.21728691476591,56.182472989195674,0.6002400960384154,17.767106842737096,-0.13770717749628844,0.7585892621811413,-0.20907868626668305,0.6576130059626235,1.240000000000009,0.6559999999997217,2.0,-174.16254566014698
S18_C9_STRESS,stress,0.18,9.0,OBJECTIVE_LIQUIDITY_ONLY,PASSIVE_TOUCH,STRUCTURAL,,1.5,833,35.77430972388956,63.1452581032413,1.0804321728691477,17.52701080432173,-0.10092851424157408,0.8423532385291187,-0.17230002301196864,0.7485950838401412,1.240000000000009,0.6559999999997217,2.0,-143.5259191689699
S18_C9_STRESS,stress,0.18,9.0,OBJECTIVE_LIQUIDITY_ONLY,PASSIVE_TOUCH,STRUCTURAL,,2.0,833,30.4921968787515,67.3469387755102,2.1608643457382954,17.52701080432173,-0.06342441588510207,0.9070944429014793,-0.13479592465549664,0.8156243929456624,1.240000000000009,0.6559999999997217,2.0,-112.2850052380287
S18_C9_STRESS,stress,0.18,9.0,OBJECTIVE_LIQUIDITY_ONLY,PASSIVE_TOUCH,STRUCTURAL,,2.5,833,25.45018007202881,71.42857142857143,3.12124849939976,17.52701080432173,-0.06825248161999077,0.9057016140073372,-0.13962399039038537,0.8198961625232607,1.240000000000009,0.6559999999997217,2.0,-116.30678399519101
S18_C9_STRESS,stress,0.18,9.0,OBJECTIVE_LIQUIDITY_ONLY,PASSIVE_TOUCH,STRUCTURAL,,3.0,833,20.64825930372149,75.1500600240096,4.201680672268908,17.52701080432173,-0.10698116803643389,0.8595544656081668,-0.17835267680682845,0.7814854857697182,1.240000000000009,0.6559999999997217,2.0,-148.5677797800881
S18_C9_STRESS,stress,0.18,9.0,OBJECTIVE_LIQUIDITY_ONLY,RECLAIM_PULLBACK,STRUCTURAL,,0.5,1079,60.7970342910102,34.75440222428175,4.448563484708063,2.2242817423540315,-0.049323583630970565,0.8616410689609864,-0.09013173158212948,0.7576577448731722,2.1439999999995507,0.9519999999995434,4.0,-97.2521383771177
S18_C9_STRESS,stress,0.18,9.0,OBJECTIVE_LIQUIDITY_ONLY,RECLAIM_PULLBACK,STRUCTURAL,,1.0,1079,41.705282669138086,47.08063021316033,11.214087117701576,2.131603336422614,-0.04838265413006238,0.900570730188206,-0.08919080208122131,0.8243985067519993,2.1439999999995507,0.9519999999995434,4.0,-96.23687544563779
S18_C9_STRESS,stress,0.18,9.0,OBJECTIVE_LIQUIDITY_ONLY,RECLAIM_PULLBACK,STRUCTURAL,,1.5,1079,28.544949026876736,53.66079703429101,17.794253938832252,2.131603336422614,-0.06472264748346146,0.8833199059809268,-0.1055307954346204,0.8177334943068626,2.1439999999995507,0.9519999999995434,4.0,-113.86772827395542
S18_C9_STRESS,stress,0.18,9.0,OBJECTIVE_LIQUIDITY_ONLY,RECLAIM_PULLBACK,STRUCTURAL,,2.0,1079,21.408711770157556,56.255792400370716,22.335495829471732,2.131603336422614,-0.05529432276989746,0.9051359203098239,-0.09610247072105639,0.8420797061391506,2.1439999999995507,0.9519999999995434,4.0,-103.69456590801984
S18_C9_STRESS,stress,0.18,9.0,OBJECTIVE_LIQUIDITY_ONLY,RECLAIM_PULLBACK,STRUCTURAL,,2.5,1079,15.19925857275255,57.92400370713624,26.876737720111215,2.131603336422614,-0.05644291281800714,0.9058850459228133,-0.09725106076916605,0.8446925999413278,2.1439999999995507,0.9519999999995434,4.0,-104.93389456993017
S18_C9_STRESS,stress,0.18,9.0,OBJECTIVE_LIQUIDITY_ONLY,RECLAIM_PULLBACK,STRUCTURAL,,3.0,1079,11.492122335495829,59.22150139017609,29.28637627432808,2.131603336422614,-0.06738490246202715,0.8900219889121491,-0.10819305041318607,0.8308788665343225,2.1439999999995507,0.9519999999995434,4.0,-116.74030139582777
S18_C9_STRESS,stress,0.18,9.0,OBJECTIVE_LIQUIDITY_ONLY,TOUCH_NEXT_OPEN,VOL_FLOOR_0.25,0.25,0.5,1767,68.76061120543294,26.032823995472555,5.206564799094511,0.5659309564233164,0.0757872899703813,1.279042686458025,0.031494617690151674,1.1105698314183143,2.1899999999996,0.40108270000604834,1.0,55.650989458498
S18_C9_STRESS,stress,0.18,9.0,OBJECTIVE_LIQUIDITY_ONLY,TOUCH_NEXT_OPEN,VOL_FLOOR_0.25,0.25,1.0,1767,47.14204867006225,38.48330503678552,14.374646293152235,0.1697792869269949,0.09327471342689958,1.2299978444419342,0.048982041146669944,1.1151954178410126,2.1899999999996,0.40108270000604834,1.0,86.55126670616579
S18_C9_STRESS,stress,0.18,9.0,OBJECTIVE_LIQUIDITY_ONLY,TOUCH_NEXT_OPEN,VOL_FLOOR_0.25,0.25,1.5,1767,32.88058856819468,45.72722127900396,21.39219015280136,0.1697792869269949,0.08706887327417738,1.1809550996168425,0.04277620099394776,1.0847848051911264,2.1899999999996,0.40108270000604834,1.0,75.5855471563057
S18_C9_STRESS,stress,0.18,9.0,OBJECTIVE_LIQUIDITY_ONLY,TOUCH_NEXT_OPEN,VOL_FLOOR_0.25,0.25,2.0,1767,23.429541595925297,49.745331069609506,26.825127334465193,0.056593095642331635,0.07266876897715088,1.13890083349228,0.02837609669692124,1.0517173157528832,2.1899999999996,0.40108270000604834,1.0,50.14056286345983
S18_C9_STRESS,stress,0.18,9.0,OBJECTIVE_LIQUIDITY_ONLY,TOUCH_NEXT_OPEN,VOL_FLOOR_0.25,0.25,2.5,1767,18.222976796830785,51.44312393887945,30.333899264289755,0.0,0.08861950787535833,1.1638520243045596,0.04432683559512869,1.0781180510320434,2.1899999999996,0.40108270000604834,1.0,78.3255184965924
S18_C9_STRESS,stress,0.18,9.0,OBJECTIVE_LIQUIDITY_ONLY,TOUCH_NEXT_OPEN,VOL_FLOOR_0.25,0.25,3.0,1767,14.374646293152235,53.027730616864744,32.597623089983024,0.0,0.08317105887628094,1.1493672319254342,0.03887838659605132,1.0665233276757435,2.1899999999996,0.40108270000604834,1.0,68.69810911522268
S18_C9_STRESS,stress,0.18,9.0,OBJECTIVE_LIQUIDITY_ONLY,TOUCH_NEXT_OPEN,VOL_FLOOR_0.50,0.5,0.5,1767,69.43972835314092,25.353706847764574,5.206564799094511,0.0,0.0859740471860007,1.3246676721138324,0.045702458137132286,1.1653212872413286,2.2839999999996508,0.6923376942052607,1.0,80.75624352831275
S18_C9_STRESS,stress,0.18,9.0,OBJECTIVE_LIQUIDITY_ONLY,TOUCH_NEXT_OPEN,VOL_FLOOR_0.50,0.5,1.0,1767,46.74589700056593,38.879456706281836,14.374646293152235,0.0,0.08535622253404639,1.208438573148927,0.04508463348517796,1.1054289862965954,2.2839999999996508,0.6923376942052607,1.0,79.66454736830946
S18_C9_STRESS,stress,0.18,9.0,OBJECTIVE_LIQUIDITY_ONLY,TOUCH_NEXT_OPEN,VOL_FLOOR_0.50,0.5,1.5,1767,32.42784380305603,46.12337294850028,21.44878324844369,0.0,0.07681121570482108,1.15833475938002,0.03653962665595266,1.072137505606137,2.2839999999996508,0.6923376942052607,1.0,64.56552030106835
S18_C9_STRESS,stress,0.18,9.0,OBJECTIVE_LIQUIDITY_ONLY,TOUCH_NEXT_OPEN,VOL_FLOOR_0.50,0.5,2.0,1767,22.637238256932655,50.08488964346349,27.27787209960385,0.0,0.05638978012152357,1.1070413596968682,0.016118191072655153,1.0292949334605508,2.2839999999996508,0.6923376942052607,1.0,28.480843625381656
S18_C9_STRESS,stress,0.18,9.0,OBJECTIVE_LIQUIDITY_ONLY,TOUCH_NEXT_OPEN,VOL_FLOOR_0.50,0.5,2.5,1767,16.808149405772497,52.06564799094511,31.126202603282398,0.0,0.05441973792876961,1.0994055715039017,0.014148148879901188,1.024734833570361,2.2839999999996508,0.6923376942052607,1.0,24.999779070785397
S18_C9_STRESS,stress,0.18,9.0,OBJECTIVE_LIQUIDITY_ONLY,TOUCH_NEXT_OPEN,VOL_FLOOR_0.50,0.5,3.0,1767,13.129598189020939,53.19750990379174,33.67289190718733,0.0,0.05596672363423369,1.1001380037981037,0.01569513458536526,1.0268751851924531,2.2839999999996508,0.6923376942052607,1.0,27.733302812340415
S18_C9_STRESS,stress,0.18,9.0,OBJECTIVE_LIQUIDITY_ONLY,TOUCH_NEXT_OPEN,VOL_FLOOR_0.75,0.75,0.5,1767,69.04357668364459,25.46689303904924,5.4895302773061685,0.0,0.08183166291269423,1.306522442904551,0.045765134782650284,1.1648439826087817,2.5599999999994907,0.7579999999998108,1.0,80.86699316094305
S18_C9_STRESS,stress,0.18,9.0,OBJECTIVE_LIQUIDITY_ONLY,TOUCH_NEXT_OPEN,VOL_FLOOR_0.75,0.75,1.0,1767,45.04810413129598,39.501980758347486,15.449915110356535,0.0,0.06379533402865399,1.1528769443504059,0.027728805898610057,1.0638892604640813,2.5599999999994907,0.7579999999998108,1.0,48.99680002284397
S18_C9_STRESS,stress,0.18,9.0,OBJECTIVE_LIQUIDITY_ONLY,TOUCH_NEXT_OPEN,VOL_FLOOR_0.75,0.75,1.5,1767,30.333899264289755,46.01018675721562,23.655913978494624,0.0,0.053312085212113405,1.1096621194689704,0.017245557082069474,1.0341064169854275,2.5599999999994907,0.7579999999998108,1.0,30.47289936401676
S18_C9_STRESS,stress,0.18,9.0,OBJECTIVE_LIQUIDITY_ONLY,TOUCH_NEXT_OPEN,VOL_FLOOR_0.75,0.75,2.0,1767,20.71307300509338,49.40577249575552,29.8811544991511,0.0,0.03693703078236317,1.0707992426652477,0.0008705026523192265,1.0016040428239736,2.5599999999994907,0.7579999999998108,1.0,1.5381781866480733
S18_C9_STRESS,stress,0.18,9.0,OBJECTIVE_LIQUIDITY_ONLY,TOUCH_NEXT_OPEN,VOL_FLOOR_0.75,0.75,2.5,1767,14.770797962648558,50.42444821731748,34.80475382003396,0.0,0.04706982101011147,1.0883910321192702,0.011003292880067541,1.0198610503828662,2.5599999999994907,0.7579999999998108,1.0,19.442818519079346
S18_C9_STRESS,stress,0.18,9.0,OBJECTIVE_LIQUIDITY_ONLY,TOUCH_NEXT_OPEN,VOL_FLOOR_0.75,0.75,3.0,1767,10.299943406904358,51.32993774759479,38.37011884550085,0.0,0.041651640216750135,1.0768907902712614,0.005585112086706192,1.009909792539895,2.5599999999994907,0.7579999999998108,1.0,9.868893057209842
S18_C9_STRESS,stress,0.18,9.0,OBJECTIVE_LIQUIDITY_ONLY,TOUCH_NEXT_OPEN,VOL_FLOOR_1.00,1.0,0.5,1767,67.79852857951329,26.259196378041878,5.942275042444821,0.0,0.06700798960478725,1.2430083907814184,0.03485942899796389,1.1220783054242083,2.8844999999994343,0.7579999999998108,1.0,61.5966110394022
S18_C9_STRESS,stress,0.18,9.0,OBJECTIVE_LIQUIDITY_ONLY,TOUCH_NEXT_OPEN,VOL_FLOOR_1.00,1.0,1.0,1767,42.558007923033394,39.67176004527448,17.770232031692135,0.0,0.039742022943632806,1.0943032044826038,0.007593462336809441,1.0173888921280496,2.8844999999994343,0.7579999999998108,1.0,13.417647949142282
S18_C9_STRESS,stress,0.18,9.0,OBJECTIVE_LIQUIDITY_ONLY,TOUCH_NEXT_OPEN,VOL_FLOOR_1.00,1.0,1.5,1767,26.93831352574986,45.16129032258064,27.900396151669497,0.0,0.022742684531170166,1.0472264712416748,-0.0094058760756532,0.9811529867213126,2.8844999999994343,0.7579999999998108,1.0,-16.620183025679204
S18_C9_STRESS,stress,0.18,9.0,OBJECTIVE_LIQUIDITY_ONLY,TOUCH_NEXT_OPEN,VOL_FLOOR_1.00,1.0,2.0,1767,17.31748726655348,46.91567628749292,35.766836445953594,0.0,0.02750504674209318,1.0549562996123791,-0.004643513864730187,0.991048007143965,2.8844999999994343,0.7579999999998108,1.0,-8.20508899897824
S18_C9_STRESS,stress,0.18,9.0,OBJECTIVE_LIQUIDITY_ONLY,TOUCH_NEXT_OPEN,VOL_FLOOR_1.00,1.0,2.5,1767,11.148839841539331,47.821165817770236,41.029994340690436,0.0,0.022607860278336722,1.0443204003887112,-0.009540700328486642,0.981956280104292,2.8844999999994343,0.7579999999998108,1.0,-16.858417480435897
S18_C9_STRESS,stress,0.18,9.0,OBJECTIVE_LIQUIDITY_ONLY,TOUCH_NEXT_OPEN,VOL_FLOOR_1.00,1.0,3.0,1767,7.357102433503113,48.16072439162422,44.48217317487266,0.0,0.02259527992615136,1.0439583646136412,-0.009553280680671997,0.9820706842512632,2.8844999999994343,0.7579999999998108,1.0,-16.88064696274742
