scenario,scenario_role,spread_usd,commission_rt_usd,sample,entry_model,risk_rule,vol_floor_k,target_r,trades,tp_pct,sl_pct,time_pct,ambiguous_same_bar_pct,avg_gross_R,pf_gross,avg_net_R,pf_net,median_risk_price,min_risk_price,median_entry_delay_minutes,sum_net_R
S10_C6,sensitivity,0.1,6.0,DISPLACEMENT_ORIGIN_ONLY,ACCEPTANCE_RETEST,STRUCTURAL,,0.5,15,60.0,40.0,0.0,13.333333333333334,-0.10377617576381694,0.7429858867539263,-0.23559715673726223,0.48266449041712317,0.4855000000002292,0.25900000000001455,8.0,-3.5339573510589335
S10_C6,sensitivity,0.1,6.0,DISPLACEMENT_ORIGIN_ONLY,ACCEPTANCE_RETEST,STRUCTURAL,,1.0,15,46.666666666666664,53.333333333333336,0.0,13.333333333333334,-0.07044284243043979,0.8688482679279764,-0.20226382340388507,0.6623196843387464,0.4855000000002292,0.25900000000001455,8.0,-3.0339573510582762
S10_C6,sensitivity,0.1,6.0,DISPLACEMENT_ORIGIN_ONLY,ACCEPTANCE_RETEST,STRUCTURAL,,1.5,15,33.33333333333333,66.66666666666666,0.0,13.333333333333334,-0.17044284243040633,0.7457757296467964,-0.3022638234038517,0.5995158951023942,0.4855000000002292,0.25900000000001455,8.0,-4.533957351057776
S10_C6,sensitivity,0.1,6.0,DISPLACEMENT_ORIGIN_ONLY,ACCEPTANCE_RETEST,STRUCTURAL,,2.0,15,26.666666666666668,66.66666666666666,6.666666666666667,13.333333333333334,-0.13777176075274475,0.7947091119307257,-0.26959274172619013,0.6462180907858427,0.4855000000002292,0.25900000000001455,8.0,-4.043891125892852
S10_C6,sensitivity,0.1,6.0,DISPLACEMENT_ORIGIN_ONLY,ACCEPTANCE_RETEST,STRUCTURAL,,2.5,15,26.666666666666668,66.66666666666666,6.666666666666667,13.333333333333334,-0.0044384274194448166,0.9933863899133574,-0.13625940839289005,0.8211891264543449,0.4855000000002292,0.25900000000001455,8.0,-2.0438911258933508
S10_C6,sensitivity,0.1,6.0,DISPLACEMENT_ORIGIN_ONLY,ACCEPTANCE_RETEST,STRUCTURAL,,3.0,15,26.666666666666668,66.66666666666666,6.666666666666667,13.333333333333334,0.12889490591392191,1.1920636678960885,-0.0029260750595234103,0.9961601621229349,0.4855000000002292,0.25900000000001455,8.0,-0.04389112589285116
S10_C6,sensitivity,0.1,6.0,DISPLACEMENT_ORIGIN_ONLY,CLEAN_REJECTION,STRUCTURAL,,0.5,804,57.08955223880597,23.00995024875622,19.900497512437813,0.0,0.027548130467806034,1.1024070613576653,-0.0053466930198724704,0.9809203133226347,2.2757500000000164,0.3369999999999891,1.0,-4.298741187977466
S10_C6,sensitivity,0.1,6.0,DISPLACEMENT_ORIGIN_ONLY,CLEAN_REJECTION,STRUCTURAL,,1.0,804,34.701492537313435,29.726368159203982,35.57213930348259,0.0,0.05981017879932038,1.1721398867625574,0.026915355311641884,1.0742613766382847,2.2757500000000164,0.3369999999999891,1.0,21.639945670560074
S10_C6,sensitivity,0.1,6.0,DISPLACEMENT_ORIGIN_ONLY,CLEAN_REJECTION,STRUCTURAL,,1.5,804,23.6318407960199,33.83084577114428,42.53731343283582,0.0,0.06418252415829805,1.164241692687657,0.03128770067061956,1.0766899872490303,2.2757500000000164,0.3369999999999891,1.0,25.155311339178127
S10_C6,sensitivity,0.1,6.0,DISPLACEMENT_ORIGIN_ONLY,CLEAN_REJECTION,STRUCTURAL,,2.0,804,15.671641791044777,35.44776119402985,48.88059701492538,0.0,0.06338130116189561,1.1555605764091297,0.030486477674217107,1.0715939147365463,2.2757500000000164,0.3369999999999891,1.0,24.511128050070553
S10_C6,sensitivity,0.1,6.0,DISPLACEMENT_ORIGIN_ONLY,CLEAN_REJECTION,STRUCTURAL,,2.5,804,10.696517412935323,36.691542288557216,52.61194029850746,0.0,0.04547220055177293,1.108132759604996,0.012577377064094428,1.0285964745982308,2.2757500000000164,0.3369999999999891,1.0,10.11221115953192
S10_C6,sensitivity,0.1,6.0,DISPLACEMENT_ORIGIN_ONLY,CLEAN_REJECTION,STRUCTURAL,,3.0,804,6.8407960199004965,37.81094527363184,55.348258706467654,0.0,0.017187948150677475,1.039813090909347,-0.01570687533700103,0.9652300578843076,2.2757500000000164,0.3369999999999891,1.0,-12.628327770948829
S10_C6,sensitivity,0.1,6.0,DISPLACEMENT_ORIGIN_ONLY,FAILED_AUCTION,STRUCTURAL,,0.5,205,56.58536585365853,39.51219512195122,3.902439024390244,0.4878048780487805,-0.11245650716551774,0.7176950893366867,-0.16650516636781232,0.6047668546696294,1.2450000000001182,0.2838113948064347,2.0,-34.133559105401524
S10_C6,sensitivity,0.1,6.0,DISPLACEMENT_ORIGIN_ONLY,FAILED_AUCTION,STRUCTURAL,,1.0,205,38.53658536585366,54.146341463414636,7.317073170731707,0.0,-0.15192445645759176,0.7229970638114794,-0.20597311565988635,0.6451977617495899,1.2450000000001182,0.2838113948064347,2.0,-42.2244887102767
S10_C6,sensitivity,0.1,6.0,DISPLACEMENT_ORIGIN_ONLY,FAILED_AUCTION,STRUCTURAL,,1.5,205,29.756097560975608,60.48780487804878,9.75609756097561,0.0,-0.1423060208049304,0.7682840726235958,-0.19635468000722495,0.6982582662165588,1.2450000000001182,0.2838113948064347,2.0,-40.25270940148111
S10_C6,sensitivity,0.1,6.0,DISPLACEMENT_ORIGIN_ONLY,FAILED_AUCTION,STRUCTURAL,,2.0,205,25.365853658536587,63.41463414634146,11.219512195121952,0.0,-0.09373250955348135,0.8543187741184265,-0.14778116875577593,0.7833244402257314,1.2450000000001182,0.2838113948064347,2.0,-30.295139594934064
S10_C6,sensitivity,0.1,6.0,DISPLACEMENT_ORIGIN_ONLY,FAILED_AUCTION,STRUCTURAL,,2.5,205,20.48780487804878,64.8780487804878,14.634146341463413,0.0,-0.06177890062751145,0.9061171491512163,-0.11582755982980604,0.8340326784512477,1.2450000000001182,0.2838113948064347,2.0,-23.74464976511024
S10_C6,sensitivity,0.1,6.0,DISPLACEMENT_ORIGIN_ONLY,FAILED_AUCTION,STRUCTURAL,,3.0,205,16.585365853658537,66.34146341463415,17.073170731707318,0.0,-0.048012885378333856,0.9286241173489633,-0.10206154458062847,0.856943027091556,1.2450000000001182,0.2838113948064347,2.0,-20.922616639028835
S10_C6,sensitivity,0.1,6.0,DISPLACEMENT_ORIGIN_ONLY,PASSIVE_TOUCH,STRUCTURAL,,0.5,446,47.53363228699551,52.46636771300448,0.0,34.52914798206278,-0.2995661001297345,0.44239204093716683,-0.4316926782751871,0.2957618846462101,0.4883750000001328,0.20200000000022555,1.0,-192.53493451073345
S10_C6,sensitivity,0.1,6.0,DISPLACEMENT_ORIGIN_ONLY,PASSIVE_TOUCH,STRUCTURAL,,1.0,446,41.47982062780269,58.52017937219731,0.0,34.08071748878923,-0.1837423373214241,0.6930160549919469,-0.3158689154668767,0.5364690432666425,0.4883750000001328,0.20200000000022555,1.0,-140.877536298227
S10_C6,sensitivity,0.1,6.0,DISPLACEMENT_ORIGIN_ONLY,PASSIVE_TOUCH,STRUCTURAL,,1.5,446,34.97757847533632,64.34977578475336,0.672645739910314,33.856502242152466,-0.13355506506689005,0.7971049297862715,-0.2656816432123426,0.644669348258611,0.4883750000001328,0.20200000000022555,1.0,-118.49401287270481
S10_C6,sensitivity,0.1,6.0,DISPLACEMENT_ORIGIN_ONLY,PASSIVE_TOUCH,STRUCTURAL,,2.0,446,29.372197309417043,68.60986547085201,2.0179372197309418,32.95964125560538,-0.106174458933559,0.8485385290465782,-0.2383010370790116,0.7004802519743146,0.4883750000001328,0.20200000000022555,1.0,-106.28226253723918
S10_C6,sensitivity,0.1,6.0,DISPLACEMENT_ORIGIN_ONLY,PASSIVE_TOUCH,STRUCTURAL,,2.5,446,26.45739910313901,71.0762331838565,2.4663677130044843,32.73542600896861,-0.051292591853763204,0.9293162817713501,-0.18341916999921584,0.7772463105049746,0.4883750000001328,0.20200000000022555,1.0,-81.80494981965026
S10_C6,sensitivity,0.1,6.0,DISPLACEMENT_ORIGIN_ONLY,PASSIVE_TOUCH,STRUCTURAL,,3.0,446,22.869955156950674,73.99103139013454,3.1390134529147984,32.511210762331835,-0.0463311673414416,0.9386188861440408,-0.17845774548689416,0.7918203609321518,0.4883750000001328,0.20200000000022555,1.0,-79.5921544871548
S10_C6,sensitivity,0.1,6.0,DISPLACEMENT_ORIGIN_ONLY,RECLAIM_PULLBACK,STRUCTURAL,,0.5,704,55.25568181818182,31.96022727272727,12.784090909090908,3.4090909090909087,-0.056207404560965096,0.8355102566432403,-0.10563737336421566,0.7087325026774779,1.5074317463064517,0.2573113948064929,3.0,-74.36871084840783
S10_C6,sensitivity,0.1,6.0,DISPLACEMENT_ORIGIN_ONLY,RECLAIM_PULLBACK,STRUCTURAL,,1.0,704,36.93181818181818,40.340909090909086,22.727272727272727,3.2670454545454546,-0.028309186306882738,0.9346742789571767,-0.07773915511013331,0.8307658630974931,1.5074317463064517,0.2573113948064929,3.0,-54.728365197533854
S10_C6,sensitivity,0.1,6.0,DISPLACEMENT_ORIGIN_ONLY,RECLAIM_PULLBACK,STRUCTURAL,,1.5,704,26.988636363636363,43.89204545454545,29.119318181818183,2.9829545454545454,0.015297674231404884,1.032556225402082,-0.034132294571845676,0.9315356709758367,1.5074317463064517,0.2573113948064929,3.0,-24.029135378579355
S10_C6,sensitivity,0.1,6.0,DISPLACEMENT_ORIGIN_ONLY,RECLAIM_PULLBACK,STRUCTURAL,,2.0,704,20.02840909090909,47.44318181818182,32.528409090909086,2.9829545454545454,0.006409045412088118,1.0126800409346197,-0.04302092339116244,0.919815958686097,1.5074317463064517,0.2573113948064929,3.0,-30.286730067378357
S10_C6,sensitivity,0.1,6.0,DISPLACEMENT_ORIGIN_ONLY,RECLAIM_PULLBACK,STRUCTURAL,,2.5,704,16.051136363636363,49.00568181818182,34.94318181818182,2.9829545454545454,0.024799918783925644,1.0475943460363286,-0.02463005001932491,0.9554872387387253,1.5074317463064517,0.2573113948064929,3.0,-17.339555213604736
S10_C6,sensitivity,0.1,6.0,DISPLACEMENT_ORIGIN_ONLY,RECLAIM_PULLBACK,STRUCTURAL,,3.0,704,13.210227272727273,50.0,36.78977272727273,2.9829545454545454,0.04296655167916121,1.0809144993665156,-0.006463417124089366,0.9885442783737713,1.5074317463064517,0.2573113948064929,3.0,-4.550245655358914
S10_C6,sensitivity,0.1,6.0,DISPLACEMENT_ORIGIN_ONLY,TOUCH_NEXT_OPEN,VOL_FLOOR_0.25,0.25,0.5,1033,58.857696030977735,25.84704743465634,15.295256534365926,1.1616650532429817,0.01609810441906152,1.056061654531934,-0.03221861763270631,0.8943704020963323,1.7470589013485096,0.14887448482400162,1.0,-33.28183201458562
S10_C6,sensitivity,0.1,6.0,DISPLACEMENT_ORIGIN_ONLY,TOUCH_NEXT_OPEN,VOL_FLOOR_0.25,0.25,1.0,1033,38.52855759922556,34.07550822846079,27.395934172313652,0.29041626331074544,0.053576071542575515,1.1413387978293463,0.005259349490807701,1.0130719671578063,1.7470589013485096,0.14887448482400162,1.0,5.432908024004355
S10_C6,sensitivity,0.1,6.0,DISPLACEMENT_ORIGIN_ONLY,TOUCH_NEXT_OPEN,VOL_FLOOR_0.25,0.25,1.5,1033,27.879961277831562,39.20619554695063,32.91384317521781,0.29041626331074544,0.068530239772446,1.1583845790999028,0.02021351772067818,1.0439619228612995,1.7470589013485096,0.14887448482400162,1.0,20.88056380546056
S10_C6,sensitivity,0.1,6.0,DISPLACEMENT_ORIGIN_ONLY,TOUCH_NEXT_OPEN,VOL_FLOOR_0.25,0.25,2.0,1033,19.748305905130685,41.626331074540175,38.62536302032914,0.0968054211035818,0.07259278656655414,1.15880325772936,0.02427606451478634,1.0499362218935544,1.7470589013485096,0.14887448482400162,1.0,25.07717464377429
S10_C6,sensitivity,0.1,6.0,DISPLACEMENT_ORIGIN_ONLY,TOUCH_NEXT_OPEN,VOL_FLOOR_0.25,0.25,2.5,1033,14.714424007744434,43.75605033881897,41.52952565343659,0.0968054211035818,0.054271655219572786,1.1132991944881416,0.005954933167804971,1.0116769967949524,1.7470589013485096,0.14887448482400162,1.0,6.151445962342535
S10_C6,sensitivity,0.1,6.0,DISPLACEMENT_ORIGIN_ONLY,TOUCH_NEXT_OPEN,VOL_FLOOR_0.25,0.25,3.0,1033,10.745401742497581,45.40174249757987,43.852855759922555,0.0968054211035818,0.03271591637925486,1.0660302306630232,-0.015600805672512942,0.9704421750722059,1.7470589013485096,0.14887448482400162,1.0,-16.11563225970587
S10_C6,sensitivity,0.1,6.0,DISPLACEMENT_ORIGIN_ONLY,TOUCH_NEXT_OPEN,VOL_FLOOR_0.50,0.5,0.5,1033,59.53533397870281,25.169409486931265,15.295256534365926,0.1936108422071636,0.0263316852154338,1.0939395352014651,-0.013636528191363441,0.953666519336817,1.84900000000016,0.28300000000012915,1.0,-14.086533621678434
S10_C6,sensitivity,0.1,6.0,DISPLACEMENT_ORIGIN_ONLY,TOUCH_NEXT_OPEN,VOL_FLOOR_0.50,0.5,1.0,1033,39.01258470474346,33.494675701839306,27.49273959341723,0.0,0.06477704878557272,1.1735875526342407,0.02480883537877546,1.0632932409306508,1.84900000000016,0.28300000000012915,1.0,25.62752694627505
S10_C6,sensitivity,0.1,6.0,DISPLACEMENT_ORIGIN_ONLY,TOUCH_NEXT_OPEN,VOL_FLOOR_0.50,0.5,1.5,1033,27.879961277831562,38.62536302032914,33.494675701839306,0.0,0.07780787741728598,1.1822877541131147,0.03783966401048874,1.0843077047636,1.84900000000016,0.28300000000012915,1.0,39.088372922834864
S10_C6,sensitivity,0.1,6.0,DISPLACEMENT_ORIGIN_ONLY,TOUCH_NEXT_OPEN,VOL_FLOOR_0.50,0.5,2.0,1033,19.36108422071636,40.9486931268151,39.690222652468535,0.0,0.08091660446318645,1.1797244243036862,0.04094839105638922,1.0864463160417432,1.84900000000016,0.28300000000012915,1.0,42.299687961250065
S10_C6,sensitivity,0.1,6.0,DISPLACEMENT_ORIGIN_ONLY,TOUCH_NEXT_OPEN,VOL_FLOOR_0.50,0.5,2.5,1033,13.552758954501451,43.27202323330106,43.17521781219748,0.0,0.04752168216736056,1.1002461637685692,0.007553468760563321,1.015131831957892,1.84900000000016,0.28300000000012915,1.0,7.802733229661911
S10_C6,sensitivity,0.1,6.0,DISPLACEMENT_ORIGIN_ONLY,TOUCH_NEXT_OPEN,VOL_FLOOR_0.50,0.5,3.0,1033,9.970958373668925,44.627299128751204,45.40174249757987,0.0,0.033009652391069975,1.0676978539013615,-0.006958561015727253,0.986451149679751,1.84900000000016,0.28300000000012915,1.0,-7.188193529246252
S10_C6,sensitivity,0.1,6.0,DISPLACEMENT_ORIGIN_ONLY,TOUCH_NEXT_OPEN,VOL_FLOOR_0.75,0.75,0.5,1033,59.728944820909966,24.78218780251694,15.488867376573086,0.0968054211035818,0.031569126045676674,1.1142322956403026,-0.0021984823771875233,0.9923651667699562,2.0776093796878286,0.3119952796392688,1.0,-2.2710322956347113
S10_C6,sensitivity,0.1,6.0,DISPLACEMENT_ORIGIN_ONLY,TOUCH_NEXT_OPEN,VOL_FLOOR_0.75,0.75,1.0,1033,38.62536302032914,32.72023233301064,28.654404646660215,0.0,0.06906366318137579,1.1881972916103958,0.03529605475851157,1.0922072195856196,2.0776093796878286,0.3119952796392688,1.0,36.46082456554245
S10_C6,sensitivity,0.1,6.0,DISPLACEMENT_ORIGIN_ONLY,TOUCH_NEXT_OPEN,VOL_FLOOR_0.75,0.75,1.5,1033,26.33107454017425,37.463697967086155,36.205227492739596,0.0,0.07554316530663634,1.1809557075970938,0.041775556883772144,1.0958313404447229,2.0776093796878286,0.3119952796392688,1.0,43.154150260936625
S10_C6,sensitivity,0.1,6.0,DISPLACEMENT_ORIGIN_ONLY,TOUCH_NEXT_OPEN,VOL_FLOOR_0.75,0.75,2.0,1033,16.84414327202323,39.59341723136496,43.56243949661181,0.0,0.0621929639158213,1.141505048711421,0.028425355492957105,1.0619246423683313,2.0776093796878286,0.3119952796392688,1.0,29.36339222422469
S10_C6,sensitivity,0.1,6.0,DISPLACEMENT_ORIGIN_ONLY,TOUCH_NEXT_OPEN,VOL_FLOOR_0.75,0.75,2.5,1033,11.22942884801549,40.755082284607944,48.01548886737657,0.0,0.04186706450861341,1.0925760031184166,0.008099456085749222,1.0171425528889264,2.0776093796878286,0.3119952796392688,1.0,8.366738136578945
S10_C6,sensitivity,0.1,6.0,DISPLACEMENT_ORIGIN_ONLY,TOUCH_NEXT_OPEN,VOL_FLOOR_0.75,0.75,3.0,1033,7.357212003872217,41.626331074540175,51.016456921587604,0.0,0.020462869694931028,1.0443920662032655,-0.013304738727933165,0.9723924441135045,2.0776093796878286,0.3119952796392688,1.0,-13.743795105954959
S10_C6,sensitivity,0.1,6.0,DISPLACEMENT_ORIGIN_ONLY,TOUCH_NEXT_OPEN,VOL_FLOOR_1.00,1.0,0.5,1033,59.43852855759923,24.20135527589545,16.36011616650532,0.0,0.036026398108773096,1.132869342123037,0.006916731032342822,1.024611862627036,2.329405359184696,0.41599370618569176,1.0,7.1449831564101345
S10_C6,sensitivity,0.1,6.0,DISPLACEMENT_ORIGIN_ONLY,TOUCH_NEXT_OPEN,VOL_FLOOR_1.00,1.0,1.0,1033,35.6243949661181,31.84898354307841,32.526621490803485,0.0,0.05021340829770244,1.1386744114458123,0.021103741221272163,1.0561292814642695,2.329405359184696,0.41599370618569176,1.0,21.800164681574145
S10_C6,sensitivity,0.1,6.0,DISPLACEMENT_ORIGIN_ONLY,TOUCH_NEXT_OPEN,VOL_FLOOR_1.00,1.0,1.5,1033,22.45885769603098,35.237173281703775,42.30396902226525,0.0,0.059017683729317795,1.148106431614758,0.029908016652887524,1.0722369575794328,2.329405359184696,0.41599370618569176,1.0,30.894981202432813
S10_C6,sensitivity,0.1,6.0,DISPLACEMENT_ORIGIN_ONLY,TOUCH_NEXT_OPEN,VOL_FLOOR_1.00,1.0,2.0,1033,13.45595353339787,36.59244917715392,49.95159728944821,0.0,0.04649449454490793,1.1125906209024456,0.01738482746847766,1.0405068727458617,2.329405359184696,0.41599370618569176,1.0,17.958526774937425
S10_C6,sensitivity,0.1,6.0,DISPLACEMENT_ORIGIN_ONLY,TOUCH_NEXT_OPEN,VOL_FLOOR_1.00,1.0,2.5,1033,8.712487899322362,37.463697967086155,53.82381413359148,0.0,0.033796193387431665,1.080069580407078,0.004686526311001419,1.010677514871335,2.329405359184696,0.41599370618569176,1.0,4.841181679264466
S10_C6,sensitivity,0.1,6.0,DISPLACEMENT_ORIGIN_ONLY,TOUCH_NEXT_OPEN,VOL_FLOOR_1.00,1.0,3.0,1033,5.711519845111327,37.7541142303969,56.534365924491766,0.0,0.033044956483323076,1.0777511641076747,0.003935289406892814,1.0089013696898559,2.329405359184696,0.41599370618569176,1.0,4.065153957320277
S10_C6,sensitivity,0.1,6.0,DOZ_OBJECTIVE_ONLY,ACCEPTANCE_RETEST,STRUCTURAL,,0.5,5,60.0,40.0,0.0,40.0,-0.10000000000008483,0.749999999999788,-0.24235525690037613,0.4952862143673159,0.5462655151895888,0.20612815669142037,9.0,-1.2117762845018807
S10_C6,sensitivity,0.1,6.0,DOZ_OBJECTIVE_ONLY,ACCEPTANCE_RETEST,STRUCTURAL,,1.0,5,60.0,40.0,0.0,40.0,0.2,1.5,0.057644743099708726,1.120047309407599,0.5462655151895888,0.20612815669142037,9.0,0.28822371549854364
S10_C6,sensitivity,0.1,6.0,DOZ_OBJECTIVE_ONLY,ACCEPTANCE_RETEST,STRUCTURAL,,1.5,5,40.0,60.0,0.0,40.0,8.482103908136196e-14,1.0000000000001414,-0.1423552569002064,0.795929082841289,0.5462655151895888,0.20612815669142037,9.0,-0.711776284501032
S10_C6,sensitivity,0.1,6.0,DOZ_OBJECTIVE_ONLY,ACCEPTANCE_RETEST,STRUCTURAL,,2.0,5,40.0,60.0,0.0,20.0,0.2,1.3333333333333333,0.057644743099708774,1.0826356247734663,0.5462655151895888,0.20612815669142037,9.0,0.28822371549854386
S10_C6,sensitivity,0.1,6.0,DOZ_OBJECTIVE_ONLY,ACCEPTANCE_RETEST,STRUCTURAL,,2.5,5,20.0,80.0,0.0,20.0,-0.3000000000000509,0.6249999999999364,-0.4423552569003422,0.516809245622265,0.5462655151895888,0.20612815669142037,9.0,-2.211776284501711
S10_C6,sensitivity,0.1,6.0,DOZ_OBJECTIVE_ONLY,ACCEPTANCE_RETEST,STRUCTURAL,,3.0,5,20.0,80.0,0.0,20.0,-0.2,0.75,-0.34235525690029134,0.6260406262469195,0.5462655151895888,0.20612815669142037,9.0,-1.7117762845014566
S10_C6,sensitivity,0.1,6.0,DOZ_OBJECTIVE_ONLY,CLEAN_REJECTION,STRUCTURAL,,0.5,23,82.6086956521739,8.695652173913043,8.695652173913043,0.0,0.31100310014077853,3.890301442401047,0.2616884090370411,3.2920930289381265,1.2350000000001273,0.47849999999994,1.0,6.018833407851945
S10_C6,sensitivity,0.1,6.0,DOZ_OBJECTIVE_ONLY,CLEAN_REJECTION,STRUCTURAL,,1.0,23,65.21739130434783,17.391304347826086,17.391304347826086,0.0,0.5085084492775624,3.613648813955788,0.459193758173825,3.2531131237949586,1.2350000000001273,0.47849999999994,1.0,10.561456437997975
S10_C6,sensitivity,0.1,6.0,DOZ_OBJECTIVE_ONLY,CLEAN_REJECTION,STRUCTURAL,,1.5,23,52.17391304347826,21.73913043478261,26.08695652173913,0.0,0.6492059776683581,3.727331196806992,0.5998912865646208,3.405862070796371,1.2350000000001273,0.47849999999994,1.0,13.797499590986277
S10_C6,sensitivity,0.1,6.0,DOZ_OBJECTIVE_ONLY,CLEAN_REJECTION,STRUCTURAL,,2.0,23,43.47826086956522,26.08695652173913,30.434782608695656,0.0,0.7453739953544545,3.6477206192289633,0.6960593042507172,3.3584384807687373,1.2350000000001273,0.47849999999994,1.0,16.009363997766496
S10_C6,sensitivity,0.1,6.0,DOZ_OBJECTIVE_ONLY,CLEAN_REJECTION,STRUCTURAL,,2.5,23,39.130434782608695,26.08695652173913,34.78260869565217,0.0,0.9102710205261068,4.233468520708783,0.8609563294223692,3.91715450848961,1.2350000000001273,0.47849999999994,1.0,19.801995576714493
S10_C6,sensitivity,0.1,6.0,DOZ_OBJECTIVE_ONLY,CLEAN_REJECTION,STRUCTURAL,,3.0,23,34.78260869565217,26.08695652173913,39.130434782608695,0.0,1.0918592635159121,4.87850703583035,1.0425445724121745,4.53242492770102,1.2350000000001273,0.47849999999994,1.0,23.978525165480015
S10_C6,sensitivity,0.1,6.0,DOZ_OBJECTIVE_ONLY,FAILED_AUCTION,STRUCTURAL,,0.5,31,51.61290322580645,32.25806451612903,16.129032258064516,0.0,-0.043723085594840866,0.8655479063111464,-0.08289896519253619,0.7569015188909384,2.0189056362057727,0.4924999999998363,2.0,-2.5698679209686217
S10_C6,sensitivity,0.1,6.0,DOZ_OBJECTIVE_ONLY,FAILED_AUCTION,STRUCTURAL,,1.0,31,35.483870967741936,45.16129032258064,19.35483870967742,0.0,-0.07598987086374191,0.8327082115675797,-0.11516575046143718,0.7579924044419478,2.0189056362057727,0.4924999999998363,2.0,-3.5701382643045525
S10_C6,sensitivity,0.1,6.0,DOZ_OBJECTIVE_ONLY,FAILED_AUCTION,STRUCTURAL,,1.5,31,32.25806451612903,45.16129032258064,22.58064516129032,0.0,0.08923277355056836,1.196446053985631,0.050056893952873056,1.1051888126296332,2.0189056362057727,0.4924999999998363,2.0,1.5517637125390646
S10_C6,sensitivity,0.1,6.0,DOZ_OBJECTIVE_ONLY,FAILED_AUCTION,STRUCTURAL,,2.0,31,29.03225806451613,45.16129032258064,25.806451612903224,0.0,0.1790925332182415,1.3883607393508546,0.1399166536205462,1.287813380846032,2.0189056362057727,0.4924999999998363,2.0,4.337416262236932
S10_C6,sensitivity,0.1,6.0,DOZ_OBJECTIVE_ONLY,FAILED_AUCTION,STRUCTURAL,,2.5,31,25.806451612903224,45.16129032258064,29.03225806451613,0.0,0.28768705773589776,1.6238471053834271,0.24851117813820242,1.5111960621354041,2.0189056362057727,0.4924999999998363,2.0,7.703846522284275
S10_C6,sensitivity,0.1,6.0,DOZ_OBJECTIVE_ONLY,FAILED_AUCTION,STRUCTURAL,,3.0,31,25.806451612903224,45.16129032258064,29.03225806451613,0.0,0.4167193158004141,1.9036525346861701,0.37754343620271874,1.7766198660269845,2.0189056362057727,0.4924999999998363,2.0,11.70384652228428
S10_C6,sensitivity,0.1,6.0,DOZ_OBJECTIVE_ONLY,PASSIVE_TOUCH,STRUCTURAL,,0.5,45,28.888888888888886,71.11111111111111,0.0,62.22222222222222,-0.5683706070287526,0.20263944223108094,-0.7262485436582482,0.12441219204207442,0.4147499999999127,0.20337815669154224,0.0,-32.68118446462117
S10_C6,sensitivity,0.1,6.0,DOZ_OBJECTIVE_ONLY,PASSIVE_TOUCH,STRUCTURAL,,1.0,45,28.888888888888886,71.11111111111111,0.0,60.0,-0.4239261625843126,0.40527888446214966,-0.581804099213808,0.2985589019903461,0.4147499999999127,0.20337815669154224,0.0,-26.18118446462136
S10_C6,sensitivity,0.1,6.0,DOZ_OBJECTIVE_ONLY,PASSIVE_TOUCH,STRUCTURAL,,1.5,45,26.666666666666668,73.33333333333333,0.0,57.77777777777777,-0.33503727369542796,0.544190089829027,-0.49291521032492336,0.4230308075479162,0.4147499999999127,0.20337815669154224,0.0,-22.181184464621552
S10_C6,sensitivity,0.1,6.0,DOZ_OBJECTIVE_ONLY,PASSIVE_TOUCH,STRUCTURAL,,2.0,45,24.444444444444443,75.55555555555556,0.0,55.55555555555556,-0.26837060702875704,0.6456028501781336,-0.42624854365825243,0.5148951163904755,0.4147499999999127,0.20337815669154224,0.0,-19.18118446462136
S10_C6,sensitivity,0.1,6.0,DOZ_OBJECTIVE_ONLY,PASSIVE_TOUCH,STRUCTURAL,,2.5,45,24.444444444444443,75.55555555555556,0.0,55.55555555555556,-0.14614838480653045,0.8070035627226726,-0.3040263214360258,0.6539937661518392,0.4147499999999127,0.20337815669154224,0.0,-13.681184464621163
S10_C6,sensitivity,0.1,6.0,DOZ_OBJECTIVE_ONLY,PASSIVE_TOUCH,STRUCTURAL,,3.0,45,22.22222222222222,77.77777777777779,0.0,55.55555555555556,-0.11281505147320148,0.8552691501958251,-0.2706929881026969,0.700849518539691,0.4147499999999127,0.20337815669154224,0.0,-12.18118446462136
S10_C6,sensitivity,0.1,6.0,DOZ_OBJECTIVE_ONLY,RECLAIM_PULLBACK,STRUCTURAL,,0.5,31,54.83870967741935,38.70967741935484,6.451612903225806,19.35483870967742,-0.10657604758566165,0.7246785437370408,-0.18159701953182567,0.5653557570792718,0.879999999999427,0.26900000000000546,3.0,-5.629507605486595
S10_C6,sensitivity,0.1,6.0,DOZ_OBJECTIVE_ONLY,RECLAIM_PULLBACK,STRUCTURAL,,1.0,31,41.935483870967744,45.16129032258064,12.903225806451612,19.35483870967742,-0.01637364798199961,0.9637440651827152,-0.0913946199281636,0.8115487429219129,0.879999999999427,0.26900000000000546,3.0,-2.8332332177730715
S10_C6,sensitivity,0.1,6.0,DOZ_OBJECTIVE_ONLY,RECLAIM_PULLBACK,STRUCTURAL,,1.5,31,38.70967741935484,45.16129032258064,16.129032258064516,19.35483870967742,0.16083452476494378,1.356133590550947,0.08581355281877977,1.1769433683924375,0.879999999999427,0.26900000000000546,3.0,2.660220137382173
S10_C6,sensitivity,0.1,6.0,DOZ_OBJECTIVE_ONLY,RECLAIM_PULLBACK,STRUCTURAL,,2.0,31,35.483870967741936,48.38709677419355,16.129032258064516,19.35483870967742,0.2576087183133316,1.5323913511808853,0.18258774636716757,1.3517919477454539,0.879999999999427,0.26900000000000546,3.0,5.660220137382194
S10_C6,sensitivity,0.1,6.0,DOZ_OBJECTIVE_ONLY,RECLAIM_PULLBACK,STRUCTURAL,,2.5,31,25.806451612903224,54.83870967741935,19.35483870967742,19.35483870967742,0.1252928872349192,1.2271153680927915,0.0502719152887552,1.0844944730766923,0.879999999999427,0.26900000000000546,3.0,1.5584293739514112
S10_C6,sensitivity,0.1,6.0,DOZ_OBJECTIVE_ONLY,RECLAIM_PULLBACK,STRUCTURAL,,3.0,31,25.806451612903224,54.83870967741935,19.35483870967742,19.35483870967742,0.25432514529943373,1.4610090027028728,0.17930417335326979,1.3013653162191177,0.879999999999427,0.26900000000000546,3.0,5.5584293739513635
S10_C6,sensitivity,0.1,6.0,DOZ_OBJECTIVE_ONLY,TOUCH_NEXT_OPEN,VOL_FLOOR_0.25,0.25,0.5,54,59.25925925925925,33.33333333333333,7.4074074074074066,7.4074074074074066,-0.03930423951773153,0.8856333082810437,-0.10639152871446589,0.7102084475161731,0.9919793541060926,0.3783671772382214,1.0,-5.745142550581158
S10_C6,sensitivity,0.1,6.0,DOZ_OBJECTIVE_ONLY,TOUCH_NEXT_OPEN,VOL_FLOOR_0.25,0.25,1.0,54,46.2962962962963,40.74074074074074,12.962962962962962,5.555555555555555,0.08025203870634078,1.192108793021898,0.013164749509606399,1.0296082354075053,0.9919793541060926,0.3783671772382214,1.0,0.7108964735187455
S10_C6,sensitivity,0.1,6.0,DOZ_OBJECTIVE_ONLY,TOUCH_NEXT_OPEN,VOL_FLOOR_0.25,0.25,1.5,54,38.88888888888889,44.44444444444444,16.666666666666664,1.8518518518518516,0.19212365030797618,1.422454323401441,0.1250363611112418,1.2580384983145287,0.9919793541060926,0.3783671772382214,1.0,6.751963500007057
S10_C6,sensitivity,0.1,6.0,DOZ_OBJECTIVE_ONLY,TOUCH_NEXT_OPEN,VOL_FLOOR_0.25,0.25,2.0,54,35.18518518518518,44.44444444444444,20.37037037037037,0.0,0.3636981287866992,1.7997237543251925,0.2966108395899647,1.6121180667079156,0.9919793541060926,0.3783671772382214,1.0,16.016985337858095
S10_C6,sensitivity,0.1,6.0,DOZ_OBJECTIVE_ONLY,TOUCH_NEXT_OPEN,VOL_FLOOR_0.25,0.25,2.5,54,29.629629629629626,48.148148148148145,22.22222222222222,0.0,0.3876357506190608,1.788171124956838,0.3205484614223263,1.6104727898711526,0.9919793541060926,0.3783671772382214,1.0,17.30961691680562
S10_C6,sensitivity,0.1,6.0,DOZ_OBJECTIVE_ONLY,TOUCH_NEXT_OPEN,VOL_FLOOR_0.25,0.25,3.0,54,27.77777777777778,48.148148148148145,24.074074074074073,0.0,0.5297937059665565,2.0772177245257946,0.4627064167698221,1.881207402722799,0.9919793541060926,0.3783671772382214,1.0,24.986146505570392
S10_C6,sensitivity,0.1,6.0,DOZ_OBJECTIVE_ONLY,TOUCH_NEXT_OPEN,VOL_FLOOR_0.50,0.5,0.5,54,61.111111111111114,31.48148148148148,7.4074074074074066,5.555555555555555,-0.011526461739955878,0.96455033289828,-0.06170114260139431,0.8198461333598834,1.2496724448765235,0.39000000000010004,1.0,-3.331861700475293
S10_C6,sensitivity,0.1,6.0,DOZ_OBJECTIVE_ONLY,TOUCH_NEXT_OPEN,VOL_FLOOR_0.50,0.5,1.0,54,48.148148148148145,38.88888888888889,12.962962962962962,0.0,0.11728907574339055,1.293792541061062,0.06711439488195213,1.1599983572807877,1.2496724448765235,0.39000000000010004,1.0,3.624177323625415
S10_C6,sensitivity,0.1,6.0,DOZ_OBJECTIVE_ONLY,TOUCH_NEXT_OPEN,VOL_FLOOR_0.50,0.5,1.5,54,38.88888888888889,44.44444444444444,16.666666666666664,0.0,0.19212365030798498,1.4224543234014646,0.14194896944654659,1.2970876290382862,1.2496724448765235,0.39000000000010004,1.0,7.665244350113516
S10_C6,sensitivity,0.1,6.0,DOZ_OBJECTIVE_ONLY,TOUCH_NEXT_OPEN,VOL_FLOOR_0.50,0.5,2.0,54,31.48148148148148,48.148148148148145,20.37037037037037,0.0,0.2525870176755708,1.5135795487204455,0.20241233681413237,1.3918205439220372,1.2496724448765235,0.39000000000010004,1.0,10.930266187963149
S10_C6,sensitivity,0.1,6.0,DOZ_OBJECTIVE_ONLY,TOUCH_NEXT_OPEN,VOL_FLOOR_0.50,0.5,2.5,54,27.77777777777778,48.148148148148145,24.074074074074073,0.0,0.3486420615615877,1.7088861268069975,0.2984673807001493,1.577759504630911,1.2496724448765235,0.39000000000010004,1.0,16.11723855780806
S10_C6,sensitivity,0.1,6.0,DOZ_OBJECTIVE_ONLY,TOUCH_NEXT_OPEN,VOL_FLOOR_0.50,0.5,3.0,54,25.925925925925924,48.148148148148145,25.925925925925924,0.0,0.48154075764984583,1.9791060810653374,0.4313660767884074,1.835018722163916,1.2496724448765235,0.39000000000010004,1.0,23.293768146574
S10_C6,sensitivity,0.1,6.0,DOZ_OBJECTIVE_ONLY,TOUCH_NEXT_OPEN,VOL_FLOOR_0.75,0.75,0.5,54,64.81481481481481,27.77777777777778,7.4074074074074066,1.8518518518518516,0.044029093815604964,1.1528188203125662,0.0033474203948802173,1.0111570047402587,1.6270772479375633,0.39000000000010004,1.0,0.18076070132353173
S10_C6,sensitivity,0.1,6.0,DOZ_OBJECTIVE_ONLY,TOUCH_NEXT_OPEN,VOL_FLOOR_0.75,0.75,1.0,54,46.2962962962963,38.88888888888889,14.814814814814813,0.0,0.09531876346560761,1.2367133332478717,0.05463709004488289,1.1300689586293473,1.6270772479375633,0.39000000000010004,1.0,2.950402862423676
S10_C6,sensitivity,0.1,6.0,DOZ_OBJECTIVE_ONLY,TOUCH_NEXT_OPEN,VOL_FLOOR_0.75,0.75,1.5,54,35.18518518518518,44.44444444444444,20.37037037037037,0.0,0.13798470581908817,1.301124448683352,0.09730303239836345,1.2038900539686914,1.6270772479375633,0.39000000000010004,1.0,5.254363749511627
S10_C6,sensitivity,0.1,6.0,DOZ_OBJECTIVE_ONLY,TOUCH_NEXT_OPEN,VOL_FLOOR_0.75,0.75,2.0,54,31.48148148148148,44.44444444444444,24.074074074074073,0.0,0.291040665779261,1.6351389417180753,0.2503589923585363,1.5246055256998103,1.6270772479375633,0.39000000000010004,1.0,13.51938558736096
S10_C6,sensitivity,0.1,6.0,DOZ_OBJECTIVE_ONLY,TOUCH_NEXT_OPEN,VOL_FLOOR_0.75,0.75,2.5,54,27.77777777777778,44.44444444444444,27.77777777777778,0.0,0.38700067089925433,1.8445527565744484,0.3463189974785295,1.7256813826438162,1.6270772479375633,0.39000000000010004,1.0,18.701225863840595
S10_C6,sensitivity,0.1,6.0,DOZ_OBJECTIVE_ONLY,TOUCH_NEXT_OPEN,VOL_FLOOR_0.75,0.75,3.0,54,24.074074074074073,44.44444444444444,31.48148148148148,0.0,0.5000024352209883,2.0911568550478097,0.4593207618002636,1.9624667659789319,1.6270772479375633,0.39000000000010004,1.0,24.803321137214233
S10_C6,sensitivity,0.1,6.0,DOZ_OBJECTIVE_ONLY,TOUCH_NEXT_OPEN,VOL_FLOOR_1.00,1.0,0.5,54,70.37037037037037,22.22222222222222,7.4074074074074066,0.0,0.1270143155063072,1.5461631116608923,0.09330158657573381,1.3865141379231536,2.0179815678976274,0.48796161736715365,1.0,5.038285675089626
S10_C6,sensitivity,0.1,6.0,DOZ_OBJECTIVE_ONLY,TOUCH_NEXT_OPEN,VOL_FLOOR_1.00,1.0,1.0,54,44.44444444444444,38.88888888888889,16.666666666666664,0.0,0.089190908283394,1.2219711921602985,0.05547817935282056,1.1333168525568562,2.0179815678976274,0.48796161736715365,1.0,2.9958216850523103
S10_C6,sensitivity,0.1,6.0,DOZ_OBJECTIVE_ONLY,TOUCH_NEXT_OPEN,VOL_FLOOR_1.00,1.0,1.5,54,37.03703703703704,38.88888888888889,24.074074074074073,0.0,0.23513954655728936,1.5851964788553607,0.2014268176267159,1.4840387637048935,2.0179815678976274,0.48796161736715365,1.0,10.87704815184266
S10_C6,sensitivity,0.1,6.0,DOZ_OBJECTIVE_ONLY,TOUCH_NEXT_OPEN,VOL_FLOOR_1.00,1.0,2.0,54,31.48148148148148,38.88888888888889,29.629629629629626,0.0,0.3658234050943157,1.9104320037970037,0.33211067616374224,1.7980786421468675,2.0179815678976274,0.48796161736715365,1.0,17.93397651284208
S10_C6,sensitivity,0.1,6.0,DOZ_OBJECTIVE_ONLY,TOUCH_NEXT_OPEN,VOL_FLOOR_1.00,1.0,2.5,54,22.22222222222222,38.88888888888889,38.88888888888889,0.0,0.40254791797961026,2.0018290314038283,0.3688351890490369,1.8846755459279936,2.0179815678976274,0.48796161736715365,1.0,19.91710020864799
S10_C6,sensitivity,0.1,6.0,DOZ_OBJECTIVE_ONLY,TOUCH_NEXT_OPEN,VOL_FLOOR_1.00,1.0,3.0,54,18.51851851851852,38.88888888888889,42.592592592592595,0.0,0.4838353275243928,2.204130628635541,0.45012259859381937,2.0796487631026213,2.0179815678976274,0.48796161736715365,1.0,24.306620324066245
S10_C6,sensitivity,0.1,6.0,MEMORY_ONLY,ACCEPTANCE_RETEST,STRUCTURAL,,0.5,8,37.5,62.5,0.0,0.0,-0.4375000000000055,0.2999999999999912,-0.4792822600655233,0.2612999951277829,1.5080000000000382,0.9959999999994125,10.0,-3.8342580805241866
S10_C6,sensitivity,0.1,6.0,MEMORY_ONLY,ACCEPTANCE_RETEST,STRUCTURAL,,1.0,8,25.0,62.5,12.5,0.0,-0.40214719781989083,0.38334903659134434,-0.44392945788540855,0.347964057548479,1.5080000000000382,0.9959999999994125,10.0,-3.5514356630832684
S10_C6,sensitivity,0.1,6.0,MEMORY_ONLY,ACCEPTANCE_RETEST,STRUCTURAL,,1.5,8,12.5,75.0,12.5,0.0,-0.5896471978199052,0.2412670347727872,-0.6314294578854228,0.22180185664677435,1.5080000000000382,0.9959999999994125,10.0,-5.0514356630833825
S10_C6,sensitivity,0.1,6.0,MEMORY_ONLY,ACCEPTANCE_RETEST,STRUCTURAL,,2.0,8,12.5,75.0,12.5,0.0,-0.5271471978198908,0.32168937969707406,-0.5689294578854086,0.298829279666391,1.5080000000000382,0.9959999999994125,10.0,-4.551435663083269
S10_C6,sensitivity,0.1,6.0,MEMORY_ONLY,ACCEPTANCE_RETEST,STRUCTURAL,,2.5,8,12.5,75.0,12.5,0.0,-0.46464719781987657,0.40211172462136097,-0.5064294578853943,0.37585670268600774,1.5080000000000382,0.9959999999994125,10.0,-4.051435663083154
S10_C6,sensitivity,0.1,6.0,MEMORY_ONLY,ACCEPTANCE_RETEST,STRUCTURAL,,3.0,8,0.0,87.5,12.5,0.0,-0.9021471978198908,0.0,-0.9439294578854086,0.0,1.5080000000000382,0.9959999999994125,10.0,-7.551435663083269
S10_C6,sensitivity,0.1,6.0,MEMORY_ONLY,CLEAN_REJECTION,STRUCTURAL,,0.5,159,54.088050314465406,42.138364779874216,3.7735849056603774,0.0,-0.16197664354801802,0.6257726130877884,-0.1992913620612918,0.556733485607604,1.6424270806319328,0.8153645677159602,1.0,-31.687326567745398
S10_C6,sensitivity,0.1,6.0,MEMORY_ONLY,CLEAN_REJECTION,STRUCTURAL,,1.0,159,38.9937106918239,52.20125786163522,8.80503144654088,0.0,-0.13346213342850455,0.7525877413629344,-0.17077685194177833,0.6953749877766168,1.6424270806319328,0.8153645677159602,1.0,-27.153519458742753
S10_C6,sensitivity,0.1,6.0,MEMORY_ONLY,CLEAN_REJECTION,STRUCTURAL,,1.5,159,32.70440251572327,56.60377358490566,10.69182389937107,0.0,-0.06210387102470537,0.8936442203552355,-0.09941858953797914,0.8360905678189686,1.6424270806319328,0.8153645677159602,1.0,-15.807555736538683
S10_C6,sensitivity,0.1,6.0,MEMORY_ONLY,CLEAN_REJECTION,STRUCTURAL,,2.0,159,27.67295597484277,57.23270440251572,15.09433962264151,0.0,0.04482013691042481,1.075938662615639,0.007505418397151016,1.0122432130225576,1.6424270806319328,0.8153645677159602,1.0,1.1933615251470115
S10_C6,sensitivity,0.1,6.0,MEMORY_ONLY,CLEAN_REJECTION,STRUCTURAL,,2.5,159,20.754716981132077,58.490566037735846,20.754716981132077,0.0,0.042234100293056506,1.0697866500895972,0.004919381779782703,1.0078187219377912,1.6424270806319328,0.8153645677159602,1.0,0.7821817029854499
S10_C6,sensitivity,0.1,6.0,MEMORY_ONLY,CLEAN_REJECTION,STRUCTURAL,,3.0,159,18.238993710691823,58.490566037735846,23.270440251572328,0.0,0.08735908513108726,1.1443501309105146,0.05004436661781347,1.0795390568680054,1.6424270806319328,0.8153645677159602,1.0,7.957054292232341
S10_C6,sensitivity,0.1,6.0,MEMORY_ONLY,FAILED_AUCTION,STRUCTURAL,,0.5,23,60.86956521739131,39.130434782608695,0.0,0.0,-0.08695652173914005,0.7777777777777533,-0.11163553897691073,0.7214325232950851,2.446999999999889,1.4782572988722222,8.0,-2.567617396468947
S10_C6,sensitivity,0.1,6.0,MEMORY_ONLY,FAILED_AUCTION,STRUCTURAL,,1.0,23,26.08695652173913,60.86956521739131,13.043478260869565,0.0,-0.28025304214462554,0.539584287905258,-0.3049320593823962,0.511280464288519,2.446999999999889,1.4782572988722222,8.0,-7.013437365795112
S10_C6,sensitivity,0.1,6.0,MEMORY_ONLY,FAILED_AUCTION,STRUCTURAL,,1.5,23,17.391304347826086,65.21739130434783,17.391304347826086,0.0,-0.2962086932524502,0.5458133370129097,-0.32088771049022086,0.5203682751014481,2.446999999999889,1.4782572988722222,8.0,-7.38041734127508
S10_C6,sensitivity,0.1,6.0,MEMORY_ONLY,FAILED_AUCTION,STRUCTURAL,,2.0,23,17.391304347826086,65.21739130434783,17.391304347826086,0.0,-0.20925217151332412,0.6791466703462364,-0.23393118875109475,0.6503424222858307,2.446999999999889,1.4782572988722222,8.0,-5.380417341275179
S10_C6,sensitivity,0.1,6.0,MEMORY_ONLY,FAILED_AUCTION,STRUCTURAL,,2.5,23,4.3478260869565215,65.21739130434783,30.434782608695656,0.0,-0.3214460326957799,0.5071160831998041,-0.3461250499335506,0.4826459558809262,2.446999999999889,1.4782572988722222,8.0,-7.960876148471663
S10_C6,sensitivity,0.1,6.0,MEMORY_ONLY,FAILED_AUCTION,STRUCTURAL,,3.0,23,0.0,65.21739130434783,34.78260869565217,0.0,-0.40631501891383726,0.37698363766544946,-0.430994036151608,0.3557920536608261,2.446999999999889,1.4782572988722222,8.0,-9.912862831486983
S10_C6,sensitivity,0.1,6.0,MEMORY_ONLY,PASSIVE_TOUCH,STRUCTURAL,,0.5,149,48.322147651006716,51.67785234899329,0.0,26.845637583892618,-0.3882287884585015,0.3836068204797333,-0.46216156249742185,0.30872298820925087,0.8220038318315801,0.4680000000000746,3.0,-68.86207281211585
S10_C6,sensitivity,0.1,6.0,MEMORY_ONLY,PASSIVE_TOUCH,STRUCTURAL,,1.0,149,36.91275167785235,61.74496644295302,1.342281879194631,27.516778523489933,-0.3648277252752655,0.5029291919022378,-0.43876049931418587,0.4385017133106168,0.8220038318315801,0.4680000000000746,3.0,-65.3753143978137
S10_C6,sensitivity,0.1,6.0,MEMORY_ONLY,PASSIVE_TOUCH,STRUCTURAL,,1.5,149,26.174496644295303,72.48322147651007,1.342281879194631,26.845637583892618,-0.44872034272493405,0.4666585207701303,-0.5226531167638545,0.4170145098217156,0.8220038318315801,0.4680000000000746,3.0,-77.87531439781432
S10_C6,sensitivity,0.1,6.0,MEMORY_ONLY,PASSIVE_TOUCH,STRUCTURAL,,2.0,149,21.476510067114095,75.83892617449665,2.684563758389262,26.845637583892618,-0.4418517962846295,0.49568540647051956,-0.5157845703235497,0.4478422382403865,0.8220038318315801,0.4680000000000746,3.0,-76.85190097820892
S10_C6,sensitivity,0.1,6.0,MEMORY_ONLY,PASSIVE_TOUCH,STRUCTURAL,,2.5,149,20.13422818791946,75.83892617449665,4.026845637583892,26.845637583892618,-0.3529503052047846,0.5971545409520179,-0.42688307924370494,0.5430130734224992,0.8220038318315801,0.4680000000000746,3.0,-63.605578807312035
S10_C6,sensitivity,0.1,6.0,MEMORY_ONLY,PASSIVE_TOUCH,STRUCTURAL,,3.0,149,17.449664429530202,77.85234899328859,4.697986577181208,26.845637583892618,-0.3475038446302962,0.6122809323013063,-0.4214366186692166,0.5590654028197392,0.8220038318315801,0.4680000000000746,3.0,-62.79405618171327
S10_C6,sensitivity,0.1,6.0,MEMORY_ONLY,RECLAIM_PULLBACK,STRUCTURAL,,0.5,145,54.48275862068965,42.758620689655174,2.7586206896551726,0.6896551724137931,-0.16184734058934847,0.6274298779626528,-0.20355460039846052,0.551403987851154,1.4399999999998272,0.7479999999998199,4.0,-29.515417057776773
S10_C6,sensitivity,0.1,6.0,MEMORY_ONLY,RECLAIM_PULLBACK,STRUCTURAL,,1.0,145,40.689655172413794,53.79310344827586,5.517241379310345,0.6896551724137931,-0.12899182937410772,0.7632102358656315,-0.17069908918321977,0.6997215803027694,1.4399999999998272,0.7479999999998199,4.0,-24.751367931566868
S10_C6,sensitivity,0.1,6.0,MEMORY_ONLY,RECLAIM_PULLBACK,STRUCTURAL,,1.5,145,30.344827586206897,60.689655172413794,8.96551724137931,0.6896551724137931,-0.12105016534768916,0.8029306903851233,-0.16275742515680125,0.7460287882562665,1.4399999999998272,0.7479999999998199,4.0,-23.59982664773618
S10_C6,sensitivity,0.1,6.0,MEMORY_ONLY,RECLAIM_PULLBACK,STRUCTURAL,,2.0,145,25.517241379310345,63.44827586206897,11.03448275862069,0.6896551724137931,-0.07267645602304522,0.8867682147187591,-0.11438371583215726,0.8291385450234474,1.4399999999998272,0.7479999999998199,4.0,-16.585638795662803
S10_C6,sensitivity,0.1,6.0,MEMORY_ONLY,RECLAIM_PULLBACK,STRUCTURAL,,2.5,145,22.758620689655174,64.13793103448275,13.10344827586207,0.6896551724137931,-0.01286850880712682,0.980164626459243,-0.05457576861623886,0.919391595556181,1.4399999999998272,0.7479999999998199,4.0,-7.913486449354635
S10_C6,sensitivity,0.1,6.0,MEMORY_ONLY,RECLAIM_PULLBACK,STRUCTURAL,,3.0,145,18.620689655172416,65.51724137931035,15.862068965517242,0.6896551724137931,-0.012706799786095764,0.9808216253813871,-0.05441405959520779,0.9213011371561904,1.4399999999998272,0.7479999999998199,4.0,-7.890038641305129
S10_C6,sensitivity,0.1,6.0,MEMORY_ONLY,TOUCH_NEXT_OPEN,VOL_FLOOR_0.25,0.25,0.5,231,57.14285714285714,41.55844155844156,1.2987012987012987,0.0,-0.13334872882179702,0.6817931332608361,-0.1851427659569116,0.5816763448467781,1.3081745576919275,0.24397521919874499,1.0,-42.767978936046575
S10_C6,sensitivity,0.1,6.0,MEMORY_ONLY,TOUCH_NEXT_OPEN,VOL_FLOOR_0.25,0.25,1.0,231,38.961038961038966,56.27705627705628,4.761904761904762,0.0,-0.1757503433436656,0.6924021389894964,-0.22754438047878023,0.6232907849964373,1.3081745576919275,0.24397521919874499,1.0,-52.562751890598236
S10_C6,sensitivity,0.1,6.0,MEMORY_ONLY,TOUCH_NEXT_OPEN,VOL_FLOOR_0.25,0.25,1.5,231,29.43722943722944,63.20346320346321,7.35930735930736,0.0,-0.1766125896933499,0.7244520320853298,-0.22840662682846444,0.6625719246132434,1.3081745576919275,0.24397521919874499,1.0,-52.761930797375285
S10_C6,sensitivity,0.1,6.0,MEMORY_ONLY,TOUCH_NEXT_OPEN,VOL_FLOOR_0.25,0.25,2.0,231,23.809523809523807,65.80086580086581,10.38961038961039,0.0,-0.13295022662255188,0.800651746111342,-0.18474426375766645,0.7376390484070596,1.3081745576919275,0.24397521919874499,1.0,-42.67592492802095
S10_C6,sensitivity,0.1,6.0,MEMORY_ONLY,TOUCH_NEXT_OPEN,VOL_FLOOR_0.25,0.25,2.5,231,19.480519480519483,66.66666666666666,13.852813852813853,0.0,-0.10497435189388622,0.8449753238358096,-0.1567683890290008,0.780774768196096,1.3081745576919275,0.24397521919874499,1.0,-36.21349786569919
S10_C6,sensitivity,0.1,6.0,MEMORY_ONLY,TOUCH_NEXT_OPEN,VOL_FLOOR_0.25,0.25,3.0,231,16.883116883116884,66.66666666666666,16.450216450216452,0.0,-0.05540440771020178,0.9181795342539951,-0.10719844484531638,0.8500934782465293,1.3081745576919275,0.24397521919874499,1.0,-24.762840759268084
S10_C6,sensitivity,0.1,6.0,MEMORY_ONLY,TOUCH_NEXT_OPEN,VOL_FLOOR_0.50,0.5,0.5,231,58.44155844155844,40.25974025974026,1.2987012987012987,0.0,-0.11386820934127984,0.719588922007451,-0.16135566142455995,0.6210653762399541,1.349356146969967,0.4760239300505873,1.0,-37.27315778907335
S10_C6,sensitivity,0.1,6.0,MEMORY_ONLY,TOUCH_NEXT_OPEN,VOL_FLOOR_0.50,0.5,1.0,231,39.39393939393939,55.84415584415584,4.761904761904762,0.0,-0.1670923346856562,0.7053227105246908,-0.21457978676893638,0.6398125730751003,1.349356146969967,0.4760239300505873,1.0,-49.5679307436243
S10_C6,sensitivity,0.1,6.0,MEMORY_ONLY,TOUCH_NEXT_OPEN,VOL_FLOOR_0.50,0.5,1.5,231,30.303030303030305,62.33766233766234,7.35930735930736,0.0,-0.15496756804832806,0.75491155393536,-0.20245502013160818,0.6949575489733739,1.349356146969967,0.4760239300505873,1.0,-46.76710965040149
S10_C6,sensitivity,0.1,6.0,MEMORY_ONLY,TOUCH_NEXT_OPEN,VOL_FLOOR_0.50,0.5,2.0,231,24.675324675324674,64.93506493506493,10.38961038961039,0.0,-0.10697620064852534,0.837487995335317,-0.15446365273180548,0.776447622813693,1.349356146969967,0.4760239300505873,1.0,-35.681103781047064
S10_C6,sensitivity,0.1,6.0,MEMORY_ONLY,TOUCH_NEXT_OPEN,VOL_FLOOR_0.50,0.5,2.5,231,19.480519480519483,66.66666666666666,13.852813852813853,0.0,-0.10497435189388615,0.84497532383581,-0.1524618039771663,0.7855754615615711,1.349356146969967,0.4760239300505873,1.0,-35.21867671872541
S10_C6,sensitivity,0.1,6.0,MEMORY_ONLY,TOUCH_NEXT_OPEN,VOL_FLOOR_0.50,0.5,3.0,231,16.883116883116884,66.66666666666666,16.450216450216452,0.0,-0.05540440771020165,0.9181795342539952,-0.1028918597934818,0.855291364986124,1.349356146969967,0.4760239300505873,1.0,-23.768019612294296
S10_C6,sensitivity,0.1,6.0,MEMORY_ONLY,TOUCH_NEXT_OPEN,VOL_FLOOR_0.75,0.75,0.5,231,58.44155844155844,39.39393939393939,2.1645021645021645,0.0,-0.10850553996598346,0.7292418035681623,-0.15184526183661498,0.6371337433102956,1.4597787662090438,0.4760239300505873,1.0,-35.07625548425806
S10_C6,sensitivity,0.1,6.0,MEMORY_ONLY,TOUCH_NEXT_OPEN,VOL_FLOOR_0.75,0.75,1.0,231,38.52813852813853,56.27705627705628,5.194805194805195,0.0,-0.18443257701817664,0.6790763594816412,-0.2277722988888082,0.6209058512392107,1.4597787662090438,0.4760239300505873,1.0,-52.6154010433147
S10_C6,sensitivity,0.1,6.0,MEMORY_ONLY,TOUCH_NEXT_OPEN,VOL_FLOOR_0.75,0.75,1.5,231,32.03463203463203,60.17316017316018,7.792207792207792,0.0,-0.11152998053654206,0.818252680934378,-0.15486970240717365,0.7584391390412681,1.4597787662090438,0.4760239300505873,1.0,-35.77490125605711
S10_C6,sensitivity,0.1,6.0,MEMORY_ONLY,TOUCH_NEXT_OPEN,VOL_FLOOR_0.75,0.75,2.0,231,24.675324675324674,63.20346320346321,12.121212121212121,0.0,-0.092304320411918,0.8569292808420675,-0.13564404228254953,0.7988727702054668,1.4597787662090438,0.4760239300505873,1.0,-31.333773767268944
S10_C6,sensitivity,0.1,6.0,MEMORY_ONLY,TOUCH_NEXT_OPEN,VOL_FLOOR_0.75,0.75,2.5,231,18.181818181818183,64.5021645021645,17.316017316017316,0.0,-0.0779369091359875,0.8815823321611069,-0.12127663100661905,0.8237575623520441,1.4597787662090438,0.4760239300505873,1.0,-28.014901762529
S10_C6,sensitivity,0.1,6.0,MEMORY_ONLY,TOUCH_NEXT_OPEN,VOL_FLOOR_0.75,0.75,3.0,231,14.285714285714285,64.93506493506493,20.77922077922078,0.0,-0.07293850588893154,0.8899011034041645,-0.11627822775956309,0.8321578652755688,1.4597787662090438,0.4760239300505873,1.0,-26.860270612459075
S10_C6,sensitivity,0.1,6.0,MEMORY_ONLY,TOUCH_NEXT_OPEN,VOL_FLOOR_1.00,1.0,0.5,231,58.00865800865801,39.39393939393939,2.5974025974025974,0.0,-0.1104948566590828,0.7241513990228375,-0.1494480720759346,0.6416646139222234,1.6756442687749313,0.4760239300505873,1.0,-34.52250464954089
S10_C6,sensitivity,0.1,6.0,MEMORY_ONLY,TOUCH_NEXT_OPEN,VOL_FLOOR_1.00,1.0,1.0,231,38.095238095238095,53.67965367965368,8.225108225108226,0.0,-0.1584592991794992,0.712179775688087,-0.19741251459635098,0.6558715685619265,1.6756442687749313,0.4760239300505873,1.0,-45.60229087175708
S10_C6,sensitivity,0.1,6.0,MEMORY_ONLY,TOUCH_NEXT_OPEN,VOL_FLOOR_1.00,1.0,1.5,231,29.87012987012987,58.00865800865801,12.121212121212121,0.0,-0.11580672564002527,0.8052837455676516,-0.15475994105687704,0.7502083924380303,1.6756442687749313,0.4760239300505873,1.0,-35.7495463841386
S10_C6,sensitivity,0.1,6.0,MEMORY_ONLY,TOUCH_NEXT_OPEN,VOL_FLOOR_1.00,1.0,2.0,231,22.07792207792208,59.74025974025974,18.181818181818183,0.0,-0.07079393154615919,0.8843353740187163,-0.10974714696301095,0.8279356398604212,1.6756442687749313,0.4760239300505873,1.0,-25.35159094845553
S10_C6,sensitivity,0.1,6.0,MEMORY_ONLY,TOUCH_NEXT_OPEN,VOL_FLOOR_1.00,1.0,2.5,231,13.852813852813853,61.038961038961034,25.108225108225106,0.0,-0.11279989518620602,0.819534343023251,-0.15175311060305777,0.7670439846141268,1.6756442687749313,0.4760239300505873,1.0,-35.054968549306345
S10_C6,sensitivity,0.1,6.0,MEMORY_ONLY,TOUCH_NEXT_OPEN,VOL_FLOOR_1.00,1.0,3.0,231,12.121212121212121,61.038961038961034,26.83982683982684,0.0,-0.06703067252916486,0.8927593475543554,-0.10598388794601664,0.8373042626085753,1.6756442687749313,0.4760239300505873,1.0,-24.482278115529844
S10_C6,sensitivity,0.1,6.0,OBJECTIVE_LIQUIDITY_ONLY,ACCEPTANCE_RETEST,STRUCTURAL,,0.5,44,54.54545454545454,43.18181818181818,2.272727272727273,9.090909090909092,-0.1708628198149322,0.6148182236538973,-0.21360707068842608,0.5389674263856075,1.3679999999997108,0.8960000000008677,7.5,-9.398711110290748
S10_C6,sensitivity,0.1,6.0,OBJECTIVE_LIQUIDITY_ONLY,ACCEPTANCE_RETEST,STRUCTURAL,,1.0,44,34.090909090909086,61.36363636363637,4.545454545454546,9.090909090909092,-0.29276744426800216,0.5379859786252261,-0.335511695141496,0.49269047882578393,1.3679999999997108,0.8960000000008677,7.5,-14.762514586225823
S10_C6,sensitivity,0.1,6.0,OBJECTIVE_LIQUIDITY_ONLY,ACCEPTANCE_RETEST,STRUCTURAL,,1.5,44,25.0,63.63636363636363,11.363636363636363,9.090909090909092,-0.26093459309991096,0.6055888927802242,-0.30367884397340483,0.5607208455776369,1.3679999999997108,0.8960000000008677,7.5,-13.361869134829814
S10_C6,sensitivity,0.1,6.0,OBJECTIVE_LIQUIDITY_ONLY,ACCEPTANCE_RETEST,STRUCTURAL,,2.0,44,15.909090909090908,68.18181818181817,15.909090909090908,9.090909090909092,-0.32018587705756507,0.5471426784150104,-0.36293012793105883,0.5088333891418743,1.3679999999997108,0.8960000000008677,7.5,-15.96892562896659
S10_C6,sensitivity,0.1,6.0,OBJECTIVE_LIQUIDITY_ONLY,ACCEPTANCE_RETEST,STRUCTURAL,,2.5,44,13.636363636363635,68.18181818181817,18.181818181818183,9.090909090909092,-0.2590552973079578,0.6336031771314096,-0.30179954818145166,0.5915636376516108,1.3679999999997108,0.8960000000008677,7.5,-13.279180119983872
S10_C6,sensitivity,0.1,6.0,OBJECTIVE_LIQUIDITY_ONLY,ACCEPTANCE_RETEST,STRUCTURAL,,3.0,44,11.363636363636363,68.18181818181817,20.454545454545457,9.090909090909092,-0.2117454915883522,0.7005161593646482,-0.254489742461846,0.6555897273789125,1.3679999999997108,0.8960000000008677,7.5,-11.197548668321225
S10_C6,sensitivity,0.1,6.0,OBJECTIVE_LIQUIDITY_ONLY,CLEAN_REJECTION,STRUCTURAL,,0.5,1383,62.76211135213304,26.60882140274765,10.629067245119305,0.07230657989877079,0.027730220134555363,1.0949219288071492,-0.0053124014893646924,0.9824810551666286,1.7879999999997835,0.944999999999709,1.0,-7.347051259791369
S10_C6,sensitivity,0.1,6.0,OBJECTIVE_LIQUIDITY_ONLY,CLEAN_REJECTION,STRUCTURAL,,1.0,1383,38.46710050614605,36.659436008676785,24.87346348517715,0.07230657989877079,0.03798626809974493,1.0947303046220664,0.004943646475824883,1.0118748047822148,1.7879999999997835,0.944999999999709,1.0,6.837063076065814
S10_C6,sensitivity,0.1,6.0,OBJECTIVE_LIQUIDITY_ONLY,CLEAN_REJECTION,STRUCTURAL,,1.5,1383,25.16268980477224,40.05784526391902,34.77946493130875,0.07230657989877079,0.055112588366684215,1.1258018403138705,0.022069966742764156,1.0485046231214112,1.7879999999997835,0.944999999999709,1.0,30.522764005242827
S10_C6,sensitivity,0.1,6.0,OBJECTIVE_LIQUIDITY_ONLY,CLEAN_REJECTION,STRUCTURAL,,2.0,1383,15.835140997830802,42.010122921185825,42.15473608098337,0.0,0.04539304373997008,1.0990492037083466,0.012350422116050017,1.025948282910641,1.7879999999997835,0.944999999999709,1.0,17.080633786497174
S10_C6,sensitivity,0.1,6.0,OBJECTIVE_LIQUIDITY_ONLY,CLEAN_REJECTION,STRUCTURAL,,2.5,1383,10.12292118582791,43.02241503976862,46.85466377440347,0.0,0.03304387315794889,1.0705107845722934,1.251534028840206e-06,1.0000025712647498,1.7879999999997835,0.944999999999709,1.0,0.0017308715618860049
S10_C6,sensitivity,0.1,6.0,OBJECTIVE_LIQUIDITY_ONLY,CLEAN_REJECTION,STRUCTURAL,,3.0,1383,7.592190889370933,43.38394793926248,49.0238611713666,0.0,0.04357434305222569,1.0922694444337775,0.010531721428305638,1.0214730210238612,1.7879999999997835,0.944999999999709,1.0,14.565370735346697
S10_C6,sensitivity,0.1,6.0,OBJECTIVE_LIQUIDITY_ONLY,FAILED_AUCTION,STRUCTURAL,,0.5,232,68.53448275862068,25.43103448275862,6.0344827586206895,0.0,0.08430784255743815,1.3210180704661543,0.059024796530589924,1.218651310802923,2.4103027708951004,0.793999999999869,4.0,13.693752795096863
S10_C6,sensitivity,0.1,6.0,OBJECTIVE_LIQUIDITY_ONLY,FAILED_AUCTION,STRUCTURAL,,1.0,232,47.41379310344828,39.6551724137931,12.931034482758621,0.0,0.09162569575788296,1.2247262526423377,0.06634264973103471,1.1582527723154994,2.4103027708951004,0.793999999999869,4.0,15.391494737600052
S10_C6,sensitivity,0.1,6.0,OBJECTIVE_LIQUIDITY_ONLY,FAILED_AUCTION,STRUCTURAL,,1.5,232,34.05172413793103,44.827586206896555,21.120689655172413,0.0,0.11080416763175452,1.238650570860449,0.08552112160490631,1.1790804762495655,2.4103027708951004,0.793999999999869,4.0,19.840900212338266
S10_C6,sensitivity,0.1,6.0,OBJECTIVE_LIQUIDITY_ONLY,FAILED_AUCTION,STRUCTURAL,,2.0,232,19.82758620689655,47.8448275862069,32.327586206896555,0.0,0.0904527830728266,1.1829298687073497,0.06516973704597835,1.1281446018973986,2.4103027708951004,0.793999999999869,4.0,15.119378994666977
S10_C6,sensitivity,0.1,6.0,OBJECTIVE_LIQUIDITY_ONLY,FAILED_AUCTION,STRUCTURAL,,2.5,232,15.086206896551724,48.275862068965516,36.637931034482754,0.0,0.11339116967786148,1.226580099585151,0.08810812365101321,1.1711568508525567,2.4103027708951004,0.793999999999869,4.0,20.441084687035065
S10_C6,sensitivity,0.1,6.0,OBJECTIVE_LIQUIDITY_ONLY,FAILED_AUCTION,STRUCTURAL,,3.0,232,10.344827586206897,48.706896551724135,40.94827586206897,0.0,0.12533577044917374,1.2483093086866222,0.10005272442232549,1.192694618817237,2.4103027708951004,0.793999999999869,4.0,23.212232065979514
S10_C6,sensitivity,0.1,6.0,OBJECTIVE_LIQUIDITY_ONLY,PASSIVE_TOUCH,STRUCTURAL,,0.5,953,46.69464847848898,52.67576075550892,0.6295907660020986,34.62749213011542,-0.31739181397040167,0.4238919958541003,-0.3890973169520822,0.3394982412613649,0.8231291278984827,0.43000000000006366,1.0,-370.80974305533437
S10_C6,sensitivity,0.1,6.0,OBJECTIVE_LIQUIDITY_ONLY,PASSIVE_TOUCH,STRUCTURAL,,1.0,953,38.61490031479538,59.49632738719832,1.888772298006296,33.36831059811123,-0.23241443788197902,0.6256088590667725,-0.3041199408636597,0.5421207880673791,0.8231291278984827,0.43000000000006366,1.0,-289.82630364306766
S10_C6,sensitivity,0.1,6.0,OBJECTIVE_LIQUIDITY_ONLY,PASSIVE_TOUCH,STRUCTURAL,,1.5,953,32.3189926547744,64.32318992654774,3.3578174186778593,33.05351521511018,-0.17519703350489385,0.7386585667575719,-0.24690253648657445,0.6559413376246719,0.8231291278984827,0.43000000000006366,1.0,-235.29811727170545
S10_C6,sensitivity,0.1,6.0,OBJECTIVE_LIQUIDITY_ONLY,PASSIVE_TOUCH,STRUCTURAL,,2.0,953,27.38719832109129,67.47114375655823,5.141657922350472,32.73871983210913,-0.12621301330250909,0.8201809018117678,-0.1979185162841897,0.7366655428790899,0.8231291278984827,0.43000000000006366,1.0,-188.6163460188328
S10_C6,sensitivity,0.1,6.0,OBJECTIVE_LIQUIDITY_ONLY,PASSIVE_TOUCH,STRUCTURAL,,2.5,953,23.189926547743966,70.19937040923399,6.610703043022036,32.73871983210913,-0.10147726799668004,0.860832017468227,-0.17318277097836068,0.7782349578074577,0.8231291278984827,0.43000000000006366,1.0,-165.04318074237773
S10_C6,sensitivity,0.1,6.0,OBJECTIVE_LIQUIDITY_ONLY,PASSIVE_TOUCH,STRUCTURAL,,3.0,953,19.097586568730325,72.92759706190975,7.974816369359916,32.73871983210913,-0.11570157847922292,0.8470792701912702,-0.18740708146090357,0.7687496692028417,0.8231291278984827,0.43000000000006366,1.0,-178.5989486322411
S10_C6,sensitivity,0.1,6.0,OBJECTIVE_LIQUIDITY_ONLY,RECLAIM_PULLBACK,STRUCTURAL,,0.5,1121,63.69313113291704,30.33006244424621,5.976806422836753,2.7653880463871543,0.006743930580010668,1.0213617621788458,-0.03166272631276514,0.9037418802720141,1.5339999999998781,0.7000000000000455,3.0,-35.493916196609725
S10_C6,sensitivity,0.1,6.0,OBJECTIVE_LIQUIDITY_ONLY,RECLAIM_PULLBACK,STRUCTURAL,,1.0,1121,43.978590544157,40.67796610169492,15.343443354148082,2.943800178412132,0.04797679948984625,1.1126544861017496,0.009570142597070454,1.0215615451506062,1.5339999999998781,0.7000000000000455,3.0,10.728129851315979
S10_C6,sensitivity,0.1,6.0,OBJECTIVE_LIQUIDITY_ONLY,RECLAIM_PULLBACK,STRUCTURAL,,1.5,1121,30.240856378233723,45.673505798394295,24.08563782337199,2.7653880463871543,0.06761874334124543,1.1415385484720646,0.02921208644846961,1.0586509690186396,1.5339999999998781,0.7000000000000455,3.0,32.74674890873443
S10_C6,sensitivity,0.1,6.0,OBJECTIVE_LIQUIDITY_ONLY,RECLAIM_PULLBACK,STRUCTURAL,,2.0,1121,20.69580731489741,48.43889384478145,30.86529884032114,2.8545941123996434,0.06758376362633428,1.1333863263854982,0.02917710673355847,1.0552319463757538,1.5339999999998781,0.7000000000000455,3.0,32.70753664831904
S10_C6,sensitivity,0.1,6.0,OBJECTIVE_LIQUIDITY_ONLY,RECLAIM_PULLBACK,STRUCTURAL,,2.5,1121,14.362176628010706,50.133809099018734,35.504014272970565,2.7653880463871543,0.055978150245283034,1.1068401401478518,0.017571493352507236,1.032163297817424,1.5339999999998781,0.7000000000000455,3.0,19.697644048160612
S10_C6,sensitivity,0.1,6.0,OBJECTIVE_LIQUIDITY_ONLY,RECLAIM_PULLBACK,STRUCTURAL,,3.0,1121,11.239964317573595,50.579839429081176,38.18019625334523,2.7653880463871543,0.07893852957014907,1.1493906637497875,0.04053187267737327,1.0735637587954319,1.5339999999998781,0.7000000000000455,3.0,45.436229271335435
S10_C6,sensitivity,0.1,6.0,OBJECTIVE_LIQUIDITY_ONLY,TOUCH_NEXT_OPEN,VOL_FLOOR_0.25,0.25,0.5,1829,64.3521049753964,28.157463094587204,7.490431930016403,1.0934937124111537,0.027706374518677992,1.092591211367837,-0.015060684931399988,0.951931433317405,1.5655000000001564,0.19093825336162376,1.0,-27.54599273953058
S10_C6,sensitivity,0.1,6.0,OBJECTIVE_LIQUIDITY_ONLY,TOUCH_NEXT_OPEN,VOL_FLOOR_0.25,0.25,1.0,1829,42.59158009841443,38.983050847457626,18.425369054127938,0.7107709130672498,0.050137262905833924,1.1205647136774226,0.00737020345575595,1.0169238800399063,1.5655000000001564,0.19093825336162376,1.0,13.480102120577632
S10_C6,sensitivity,0.1,6.0,OBJECTIVE_LIQUIDITY_ONLY,TOUCH_NEXT_OPEN,VOL_FLOOR_0.25,0.25,1.5,1829,29.305631492618918,44.01312192454893,26.681246582832145,0.38272279934390374,0.06532348362100607,1.1392219480294294,0.02255642417092808,1.0458721293659963,1.5655000000001564,0.19093825336162376,1.0,41.255699808627455
S10_C6,sensitivity,0.1,6.0,OBJECTIVE_LIQUIDITY_ONLY,TOUCH_NEXT_OPEN,VOL_FLOOR_0.25,0.25,2.0,1829,19.956260251503554,46.80153089119737,33.24220885729907,0.3280481137233461,0.058752323726844115,1.1180451080674485,0.015985264276766123,1.030631966744025,1.5655000000001564,0.19093825336162376,1.0,29.237048362205236
S10_C6,sensitivity,0.1,6.0,OBJECTIVE_LIQUIDITY_ONLY,TOUCH_NEXT_OPEN,VOL_FLOOR_0.25,0.25,2.5,1829,14.434117003827229,48.27774740295243,37.28813559322034,0.16402405686167304,0.05916097907988372,1.115320982729766,0.016393919629805746,1.030473632308555,1.5655000000001564,0.19093825336162376,1.0,29.98447900291471
S10_C6,sensitivity,0.1,6.0,OBJECTIVE_LIQUIDITY_ONLY,TOUCH_NEXT_OPEN,VOL_FLOOR_0.25,0.25,3.0,1829,10.770913067249863,49.152542372881356,40.07654455986878,0.16402405686167304,0.05781134948665107,1.1107859268288496,0.015044290036573087,1.0274890959860241,1.5655000000001564,0.19093825336162376,1.0,27.516006476892176
S10_C6,sensitivity,0.1,6.0,OBJECTIVE_LIQUIDITY_ONLY,TOUCH_NEXT_OPEN,VOL_FLOOR_0.50,0.5,0.5,1829,64.68015308911974,27.82941498086386,7.490431930016403,0.5467468562055768,0.032627096224527995,1.1102442457185753,-0.007348751357962326,0.9761966342270111,1.592499999999518,0.26399999999966894,1.0,-13.440866233713095
S10_C6,sensitivity,0.1,6.0,OBJECTIVE_LIQUIDITY_ONLY,TOUCH_NEXT_OPEN,VOL_FLOOR_0.50,0.5,1.0,1829,42.318206670311646,39.20174958993986,18.480043739748496,0.2733734281027884,0.045337323256717944,1.1084519809702982,0.005361475674227625,1.0122803528308928,1.592499999999518,0.26399999999966894,1.0,9.806139008162326
S10_C6,sensitivity,0.1,6.0,OBJECTIVE_LIQUIDITY_ONLY,TOUCH_NEXT_OPEN,VOL_FLOOR_0.50,0.5,1.5,1829,29.086932750136686,43.95844723892838,26.95462001093494,0.16402405686167304,0.06417692616263072,1.136938675319758,0.024201078580140388,1.049423684286816,1.592499999999518,0.26399999999966894,1.0,44.26377272307677
S10_C6,sensitivity,0.1,6.0,OBJECTIVE_LIQUIDITY_ONLY,TOUCH_NEXT_OPEN,VOL_FLOOR_0.50,0.5,2.0,1829,19.51886276653909,46.80153089119737,33.67960634226353,0.16402405686167304,0.053549641303490846,1.1075241402790938,0.013573793721000515,1.0260832814534833,1.592499999999518,0.26399999999966894,1.0,24.826468715709943
S10_C6,sensitivity,0.1,6.0,OBJECTIVE_LIQUIDITY_ONLY,TOUCH_NEXT_OPEN,VOL_FLOOR_0.50,0.5,2.5,1829,13.996719518862765,48.441771459814106,37.561509021323126,0.10934937124111535,0.04697331043559617,1.091216472321475,0.006997462853105844,1.0129998956229596,1.592499999999518,0.26399999999966894,1.0,12.798359558330588
S10_C6,sensitivity,0.1,6.0,OBJECTIVE_LIQUIDITY_ONLY,TOUCH_NEXT_OPEN,VOL_FLOOR_0.50,0.5,3.0,1829,10.333515582285402,49.152542372881356,40.51394204483324,0.054674685620557675,0.048000034530508356,1.09193000821786,0.008024186948018035,1.0147023846709748,1.592499999999518,0.26399999999966894,1.0,14.676237927924985
S10_C6,sensitivity,0.1,6.0,OBJECTIVE_LIQUIDITY_ONLY,TOUCH_NEXT_OPEN,VOL_FLOOR_0.75,0.75,0.5,1829,64.89885183160197,27.610716238381627,7.490431930016403,0.16402405686167304,0.03589250427172303,1.1221743914461528,-0.0011172023357619023,0.9963452594769617,1.6755085362678988,0.2993008920533621,1.0,-2.0433630721085194
S10_C6,sensitivity,0.1,6.0,OBJECTIVE_LIQUIDITY_ONLY,TOUCH_NEXT_OPEN,VOL_FLOOR_0.75,0.75,1.0,1829,42.59158009841443,38.27227993439038,19.13613996719519,0.16402405686167304,0.058946896543908306,1.1441250120199065,0.021937189936423383,1.0515091753773984,1.6755085362678988,0.2993008920533621,1.0,40.12312039371837
S10_C6,sensitivity,0.1,6.0,OBJECTIVE_LIQUIDITY_ONLY,TOUCH_NEXT_OPEN,VOL_FLOOR_0.75,0.75,1.5,1829,28.485511208310555,43.08365226899945,28.430836522689994,0.054674685620557675,0.06918170042156606,1.1501969652647184,0.03217199381408113,1.0670723001544316,1.6755085362678988,0.2993008920533621,1.0,58.842576685954384
S10_C6,sensitivity,0.1,6.0,OBJECTIVE_LIQUIDITY_ONLY,TOUCH_NEXT_OPEN,VOL_FLOOR_0.75,0.75,2.0,1829,18.753417167851286,45.434663750683434,35.811919081465284,0.054674685620557675,0.06552508820398995,1.1352427805542942,0.028515381596505008,1.056511933901011,1.6755085362678988,0.2993008920533621,1.0,52.15463294000766
S10_C6,sensitivity,0.1,6.0,OBJECTIVE_LIQUIDITY_ONLY,TOUCH_NEXT_OPEN,VOL_FLOOR_0.75,0.75,2.5,1829,12.957900492072172,46.6375068343357,40.40459267359213,0.0,0.06305397654579317,1.1268521713863486,0.026044269938308225,1.0502950329262255,1.6755085362678988,0.2993008920533621,1.0,47.634969717165745
S10_C6,sensitivity,0.1,6.0,OBJECTIVE_LIQUIDITY_ONLY,TOUCH_NEXT_OPEN,VOL_FLOOR_0.75,0.75,3.0,1829,9.404045926735922,47.2936030617824,43.30235101148168,0.0,0.06375552524351971,1.1265926073255486,0.02674581863603479,1.0509788980231638,1.6755085362678988,0.2993008920533621,1.0,48.918102285307626
S10_C6,sensitivity,0.1,6.0,OBJECTIVE_LIQUIDITY_ONLY,TOUCH_NEXT_OPEN,VOL_FLOOR_1.00,1.0,0.5,1829,65.06287588846365,26.790595954073265,8.146528157463093,0.054674685620557675,0.045158748093463215,1.157879376817424,0.011558113320430698,1.0389540533733992,1.86850000000004,0.3990678560711495,1.0,21.139789263067748
S10_C6,sensitivity,0.1,6.0,OBJECTIVE_LIQUIDITY_ONLY,TOUCH_NEXT_OPEN,VOL_FLOOR_1.00,1.0,1.0,1829,40.732640787315475,37.7255330781848,21.541826134499725,0.054674685620557675,0.04844459806741698,1.119208550193033,0.01484396329438445,1.0351945030606964,1.86850000000004,0.3990678560711495,1.0,27.149608865429162
S10_C6,sensitivity,0.1,6.0,OBJECTIVE_LIQUIDITY_ONLY,TOUCH_NEXT_OPEN,VOL_FLOOR_1.00,1.0,1.5,1829,25.751776927282666,41.55276107162384,32.695462001093496,0.054674685620557675,0.05935185470712465,1.1325691838662792,0.025751219934092136,1.055417548183901,1.86850000000004,0.3990678560711495,1.0,47.09898125945452
S10_C6,sensitivity,0.1,6.0,OBJECTIVE_LIQUIDITY_ONLY,TOUCH_NEXT_OPEN,VOL_FLOOR_1.00,1.0,2.0,1829,16.074357572443958,43.46637506834335,40.45926735921269,0.0,0.05370852994079551,1.1150027827615845,0.020107895167763002,1.041477045567935,1.86850000000004,0.3990678560711495,1.0,36.77734026183853
S10_C6,sensitivity,0.1,6.0,OBJECTIVE_LIQUIDITY_ONLY,TOUCH_NEXT_OPEN,VOL_FLOOR_1.00,1.0,2.5,1829,10.934937124111537,44.395844723892836,44.66921815199563,0.0,0.04979656481939519,1.1043304370614708,0.016195930046362675,1.0326853584100137,1.86850000000004,0.3990678560711495,1.0,29.622356054797333
S10_C6,sensitivity,0.1,6.0,OBJECTIVE_LIQUIDITY_ONLY,TOUCH_NEXT_OPEN,VOL_FLOOR_1.00,1.0,3.0,1829,7.490431930016403,44.8332422088573,47.6763258611263,0.0,0.05067886509583448,1.105214779129542,0.017078230322801948,1.0341547786886445,1.86850000000004,0.3990678560711495,1.0,31.23608326040476
S11_C6_PRIMARY,primary,0.11,6.0,DISPLACEMENT_ORIGIN_ONLY,ACCEPTANCE_RETEST,STRUCTURAL,,0.5,15,53.333333333333336,46.666666666666664,0.0,13.333333333333334,-0.20164853280580713,0.5694170656152878,-0.329384315213506,0.3717359100793304,0.505500000000211,0.27899999999999636,8.0,-4.9407647282025895
S11_C6_PRIMARY,primary,0.11,6.0,DISPLACEMENT_ORIGIN_ONLY,ACCEPTANCE_RETEST,STRUCTURAL,,1.0,15,46.666666666666664,53.333333333333336,0.0,13.333333333333334,-0.06831519947244483,0.8723037100949496,-0.19605098188014372,0.6704229581568358,0.505500000000211,0.27899999999999636,8.0,-2.9407647282021556
S11_C6_PRIMARY,primary,0.11,6.0,DISPLACEMENT_ORIGIN_ONLY,ACCEPTANCE_RETEST,STRUCTURAL,,1.5,15,33.33333333333333,66.66666666666666,0.0,13.333333333333334,-0.16831519947243828,0.7481499753330418,-0.2960509818801371,0.6053107865903264,0.505500000000211,0.27899999999999636,8.0,-4.440764728202057
S11_C6_PRIMARY,primary,0.11,6.0,DISPLACEMENT_ORIGIN_ONLY,ACCEPTANCE_RETEST,STRUCTURAL,,2.0,15,26.666666666666668,66.66666666666666,6.666666666666667,13.333333333333334,-0.13615707981434552,0.7966257960675063,-0.2638928622220444,0.651705575303564,0.505500000000211,0.27899999999999636,8.0,-3.9583929333306656
S11_C6_PRIMARY,primary,0.11,6.0,DISPLACEMENT_ORIGIN_ONLY,ACCEPTANCE_RETEST,STRUCTURAL,,2.5,15,26.666666666666668,66.66666666666666,6.666666666666667,13.333333333333334,-0.002823746481018752,0.995782245084373,-0.13055952888871755,0.827683266534615,0.505500000000211,0.27899999999999636,8.0,-1.9583929333307633
S11_C6_PRIMARY,primary,0.11,6.0,DISPLACEMENT_ORIGIN_ONLY,ACCEPTANCE_RETEST,STRUCTURAL,,3.0,15,26.666666666666668,66.66666666666666,6.666666666666667,13.333333333333334,0.13050958685232114,1.1949386941012594,0.002773804444622326,1.0036609577656834,0.505500000000211,0.27899999999999636,8.0,0.04160706666933489
S11_C6_PRIMARY,primary,0.11,6.0,DISPLACEMENT_ORIGIN_ONLY,CLEAN_REJECTION,STRUCTURAL,,0.5,804,56.840796019900495,23.258706467661693,19.900497512437813,0.0,0.023516245471709996,1.0865875352444798,-0.008818935388828364,0.9688116617054301,2.2934999999999945,0.36200000000008004,1.0,-7.090424052618005
S11_C6_PRIMARY,primary,0.11,6.0,DISPLACEMENT_ORIGIN_ONLY,CLEAN_REJECTION,STRUCTURAL,,1.0,804,34.20398009950249,29.975124378109452,35.82089552238806,0.0,0.0517547901052635,1.1476615358105162,0.01941960924472515,1.0531363944178684,2.2934999999999945,0.36200000000008004,1.0,15.613365832759023
S11_C6_PRIMARY,primary,0.11,6.0,DISPLACEMENT_ORIGIN_ONLY,CLEAN_REJECTION,STRUCTURAL,,1.5,804,23.134328358208954,33.95522388059701,42.91044776119403,0.0,0.05601549600730148,1.1427982993215908,0.023680315146763112,1.0578528948860983,2.2934999999999945,0.36200000000008004,1.0,19.038973377997543
S11_C6_PRIMARY,primary,0.11,6.0,DISPLACEMENT_ORIGIN_ONLY,CLEAN_REJECTION,STRUCTURAL,,2.0,804,15.17412935323383,35.57213930348259,49.25373134328358,0.0,0.05214611155074949,1.1275126778046256,0.019810930690211125,1.0463785292372265,2.2934999999999945,0.36200000000008004,1.0,15.927988274929746
S11_C6_PRIMARY,primary,0.11,6.0,DISPLACEMENT_ORIGIN_ONLY,CLEAN_REJECTION,STRUCTURAL,,2.5,804,10.572139303482588,36.691542288557216,52.736318407960205,0.0,0.04132690830884529,1.0982093608049026,0.008991727448306928,1.0204467195510765,2.2934999999999945,0.36200000000008004,1.0,7.22934886843877
S11_C6_PRIMARY,primary,0.11,6.0,DISPLACEMENT_ORIGIN_ONLY,CLEAN_REJECTION,STRUCTURAL,,3.0,804,6.467661691542288,37.93532338308458,55.59701492537313,0.0,0.006156052904878122,1.0142090745672838,-0.02617912795566024,0.942209823516316,2.2934999999999945,0.36200000000008004,1.0,-21.04801887635083
S11_C6_PRIMARY,primary,0.11,6.0,DISPLACEMENT_ORIGIN_ONLY,FAILED_AUCTION,STRUCTURAL,,0.5,205,56.09756097560976,40.0,3.902439024390244,0.4878048780487805,-0.11987354962002064,0.702727310786011,-0.1727407685111772,0.5944629069781139,1.2615000000000691,0.28881139480654383,2.0,-35.411857544791324
S11_C6_PRIMARY,primary,0.11,6.0,DISPLACEMENT_ORIGIN_ONLY,FAILED_AUCTION,STRUCTURAL,,1.0,205,39.02439024390244,53.65853658536586,7.317073170731707,0.0,-0.1423578194095944,0.738135709160203,-0.19522503830075094,0.6606062410128726,1.2615000000000691,0.28881139480654383,2.0,-40.021132851653945
S11_C6_PRIMARY,primary,0.11,6.0,DISPLACEMENT_ORIGIN_ONLY,FAILED_AUCTION,STRUCTURAL,,1.5,205,30.24390243902439,59.512195121951216,10.24390243902439,0.0,-0.12288926553440824,0.7966843514909928,-0.17575648442556482,0.7252934702887631,1.2615000000000691,0.28881139480654383,2.0,-36.03007930724079
S11_C6_PRIMARY,primary,0.11,6.0,DISPLACEMENT_ORIGIN_ONLY,FAILED_AUCTION,STRUCTURAL,,2.0,205,25.365853658536587,62.4390243902439,12.195121951219512,0.0,-0.08082358299945329,0.8724565092757078,-0.13369080189060983,0.800773736546756,1.2615000000000691,0.28881139480654383,2.0,-27.40661438757502
S11_C6_PRIMARY,primary,0.11,6.0,DISPLACEMENT_ORIGIN_ONLY,FAILED_AUCTION,STRUCTURAL,,2.5,205,20.48780487804878,63.90243902439025,15.609756097560975,0.0,-0.04470084936663794,0.9310521547230701,-0.09756806825779452,0.8579545324014638,1.2615000000000691,0.28881139480654383,2.0,-20.001453992847875
S11_C6_PRIMARY,primary,0.11,6.0,DISPLACEMENT_ORIGIN_ONLY,FAILED_AUCTION,STRUCTURAL,,3.0,205,15.609756097560975,65.85365853658537,18.536585365853657,0.0,-0.05801633564046728,0.9131284739362789,-0.11088355453162382,0.8432771232793169,1.2615000000000691,0.28881139480654383,2.0,-22.731128678982884
S11_C6_PRIMARY,primary,0.11,6.0,DISPLACEMENT_ORIGIN_ONLY,PASSIVE_TOUCH,STRUCTURAL,,0.5,444,46.62162162162162,53.37837837837838,0.0,34.909909909909906,-0.3127064791492701,0.42708295738197777,-0.4397119794201896,0.29103368834322074,0.5056250000000091,0.22200000000020736,1.0,-195.23211886256416
S11_C6_PRIMARY,primary,0.11,6.0,DISPLACEMENT_ORIGIN_ONLY,PASSIVE_TOUCH,STRUCTURAL,,1.0,444,40.31531531531532,59.68468468468468,0.0,34.234234234234236,-0.20640210887641341,0.6613890130499738,-0.3334076091473329,0.5174956878451139,0.5056250000000091,0.22200000000020736,1.0,-148.0329784614158
S11_C6_PRIMARY,primary,0.11,6.0,DISPLACEMENT_ORIGIN_ONLY,PASSIVE_TOUCH,STRUCTURAL,,1.5,444,34.234234234234236,64.86486486486487,0.9009009009009009,33.55855855855856,-0.14848413629926469,0.7759638131442897,-0.27548963657018416,0.632415369528337,0.5056250000000091,0.22200000000020736,1.0,-122.31739863716177
S11_C6_PRIMARY,primary,0.11,6.0,DISPLACEMENT_ORIGIN_ONLY,PASSIVE_TOUCH,STRUCTURAL,,2.0,444,28.603603603603606,69.36936936936937,2.027027027027027,32.88288288288289,-0.12860268111371057,0.8183497543775372,-0.25560818138463004,0.68040084855155,0.5056250000000091,0.22200000000020736,1.0,-113.49003253477574
S11_C6_PRIMARY,primary,0.11,6.0,DISPLACEMENT_ORIGIN_ONLY,PASSIVE_TOUCH,STRUCTURAL,,2.5,444,25.45045045045045,71.84684684684684,2.7027027027027026,32.65765765765766,-0.08060882243324757,0.889990386091603,-0.20761432270416713,0.7492860554290344,0.5056250000000091,0.22200000000020736,1.0,-92.18075928065021
S11_C6_PRIMARY,primary,0.11,6.0,DISPLACEMENT_ORIGIN_ONLY,PASSIVE_TOUCH,STRUCTURAL,,3.0,444,22.07207207207207,74.77477477477478,3.153153153153153,32.432432432432435,-0.07774491050574912,0.8979755996797466,-0.20475041077666864,0.7622562790212644,0.5056250000000091,0.22200000000020736,1.0,-90.90918238484088
S11_C6_PRIMARY,primary,0.11,6.0,DISPLACEMENT_ORIGIN_ONLY,RECLAIM_PULLBACK,STRUCTURAL,,0.5,702,54.98575498575499,32.193732193732195,12.82051282051282,3.276353276353276,-0.059954842297278,0.8257330063930115,-0.10848645019847405,0.7025148625991988,1.5179335833967116,0.2573113948064929,3.0,-76.15748803932878
S11_C6_PRIMARY,primary,0.11,6.0,DISPLACEMENT_ORIGIN_ONLY,RECLAIM_PULLBACK,STRUCTURAL,,1.0,702,36.75213675213676,40.598290598290596,22.64957264957265,3.133903133903134,-0.03259158974186255,0.925244601349758,-0.08112319764305859,0.8243571274647846,1.5179335833967116,0.2573113948064929,3.0,-56.94848474542712
S11_C6_PRIMARY,primary,0.11,6.0,DISPLACEMENT_ORIGIN_ONLY,RECLAIM_PULLBACK,STRUCTURAL,,1.5,702,26.780626780626783,44.01709401709402,29.2022792022792,2.849002849002849,0.011959670327978095,1.025401900843976,-0.036571937573217965,0.9267081813043044,1.5179335833967116,0.2573113948064929,3.0,-25.673500176399013
S11_C6_PRIMARY,primary,0.11,6.0,DISPLACEMENT_ORIGIN_ONLY,RECLAIM_PULLBACK,STRUCTURAL,,2.0,702,19.37321937321937,47.72079772079772,32.9059829059829,2.849002849002849,-0.0054182169327366345,0.9893322439391408,-0.053949824833932694,0.8998464416977444,1.5179335833967116,0.2573113948064929,3.0,-37.87277703342075
S11_C6_PRIMARY,primary,0.11,6.0,DISPLACEMENT_ORIGIN_ONLY,RECLAIM_PULLBACK,STRUCTURAL,,2.5,702,15.527065527065528,49.14529914529914,35.32763532763533,2.849002849002849,0.015003327127109535,1.0287336952980026,-0.03352828077408653,0.9394639066157072,1.5179335833967116,0.2573113948064929,3.0,-23.536853103408745
S11_C6_PRIMARY,primary,0.11,6.0,DISPLACEMENT_ORIGIN_ONLY,RECLAIM_PULLBACK,STRUCTURAL,,3.0,702,12.962962962962962,50.142450142450144,36.894586894586894,2.849002849002849,0.034863220430496944,1.0655172843846354,-0.013668387470699107,0.9758021749123079,1.5179335833967116,0.2573113948064929,3.0,-9.595208004430773
S11_C6_PRIMARY,primary,0.11,6.0,DISPLACEMENT_ORIGIN_ONLY,TOUCH_NEXT_OPEN,VOL_FLOOR_0.25,0.25,0.5,1037,58.341369334619095,26.229508196721312,15.429122468659596,1.1571841851494697,0.009103615027536163,1.0312059375266578,-0.038657907318873815,0.8751336033190437,1.7650000000001,0.14887448482400162,1.0,-40.08824988967215
S11_C6_PRIMARY,primary,0.11,6.0,DISPLACEMENT_ORIGIN_ONLY,TOUCH_NEXT_OPEN,VOL_FLOOR_0.25,0.25,1.0,1037,38.09064609450338,34.52266152362584,27.38669238187078,0.3857280617164899,0.04346074260474483,1.1132255699790887,-0.004300779741665153,0.9894413742295293,1.7650000000001,0.14887448482400162,1.0,-4.459908592106764
S11_C6_PRIMARY,primary,0.11,6.0,DISPLACEMENT_ORIGIN_ONLY,TOUCH_NEXT_OPEN,VOL_FLOOR_0.25,0.25,1.5,1037,27.09739633558341,39.63355834136934,33.26904532304725,0.3857280617164899,0.05478359745837693,1.1253575062747625,0.007022075111966939,1.0151277409030008,1.7650000000001,0.14887448482400162,1.0,7.281891891109716
S11_C6_PRIMARY,primary,0.11,6.0,DISPLACEMENT_ORIGIN_ONLY,TOUCH_NEXT_OPEN,VOL_FLOOR_0.25,0.25,2.0,1037,18.900675024108004,42.43008678881389,38.66923818707811,0.19286403085824494,0.04636793182399057,1.0996650865284308,-0.0013935905224194184,0.9971826509241243,1.7650000000001,0.14887448482400162,1.0,-1.4451533717489369
S11_C6_PRIMARY,primary,0.11,6.0,DISPLACEMENT_ORIGIN_ONLY,TOUCH_NEXT_OPEN,VOL_FLOOR_0.25,0.25,2.5,1037,14.271938283510124,44.165863066538094,41.56219864995178,0.19286403085824494,0.03978432589434915,1.0823358278903603,-0.007977196452060839,0.9844843059005252,1.7650000000001,0.14887448482400162,1.0,-8.27235272078709
S11_C6_PRIMARY,primary,0.11,6.0,DISPLACEMENT_ORIGIN_ONLY,TOUCH_NEXT_OPEN,VOL_FLOOR_0.25,0.25,3.0,1037,10.318225650916105,45.80520732883318,43.876567020250725,0.19286403085824494,0.016091473556108838,1.0322091077037614,-0.03167004879030115,0.9404636195663283,1.7650000000001,0.14887448482400162,1.0,-32.841840595542294
S11_C6_PRIMARY,primary,0.11,6.0,DISPLACEMENT_ORIGIN_ONLY,TOUCH_NEXT_OPEN,VOL_FLOOR_0.50,0.5,0.5,1037,59.11282545805208,25.458052073288336,15.429122468659596,0.28929604628736744,0.020748044530850933,1.0730719668283324,-0.01886258003233863,0.9367006486020936,1.8565000000000964,0.29774896964800324,1.0,-19.560495493535157
S11_C6_PRIMARY,primary,0.11,6.0,DISPLACEMENT_ORIGIN_ONLY,TOUCH_NEXT_OPEN,VOL_FLOOR_0.50,0.5,1.0,1037,38.862102217936354,33.65477338476374,27.483124397299903,0.09643201542912247,0.060420778004241435,1.161098323722559,0.020810153441051873,1.0528373984409416,1.8565000000000964,0.29774896964800324,1.0,21.58012911837079
S11_C6_PRIMARY,primary,0.11,6.0,DISPLACEMENT_ORIGIN_ONLY,TOUCH_NEXT_OPEN,VOL_FLOOR_0.50,0.5,1.5,1037,27.38669238187078,38.66923818707811,33.94406943105111,0.09643201542912247,0.07319294000368853,1.171276832208058,0.033582315440498965,1.0747673733059204,1.8565000000000964,0.29774896964800324,1.0,34.824861111797425
S11_C6_PRIMARY,primary,0.11,6.0,DISPLACEMENT_ORIGIN_ONLY,TOUCH_NEXT_OPEN,VOL_FLOOR_0.50,0.5,2.0,1037,19.09353905496625,41.17647058823529,39.72999035679845,0.0,0.0719751172843012,1.1590407425445417,0.03236449272111162,1.0679946482330382,1.8565000000000964,0.29774896964800324,1.0,33.56197895179275
S11_C6_PRIMARY,primary,0.11,6.0,DISPLACEMENT_ORIGIN_ONLY,TOUCH_NEXT_OPEN,VOL_FLOOR_0.50,0.5,2.5,1037,13.404050144648021,43.39440694310511,43.201542912246865,0.0,0.0431096311377476,1.0906926472268068,0.0034990065745580355,1.0069933704357579,1.8565000000000964,0.29774896964800324,1.0,3.6284698178166828
S11_C6_PRIMARY,primary,0.11,6.0,DISPLACEMENT_ORIGIN_ONLY,TOUCH_NEXT_OPEN,VOL_FLOOR_0.50,0.5,3.0,1037,9.73963355834137,44.84088717454195,45.41947926711668,0.0,0.024066807150534622,1.0491352739160835,-0.015543817412654948,0.9698667346001159,1.8565000000000964,0.29774896964800324,1.0,-16.11893865692318
S11_C6_PRIMARY,primary,0.11,6.0,DISPLACEMENT_ORIGIN_ONLY,TOUCH_NEXT_OPEN,VOL_FLOOR_0.75,0.75,0.5,1037,59.40212150433945,24.975891996142717,15.62198649951784,0.09643201542912247,0.027422939668650302,1.0982785423944357,-0.0061500512621222286,0.9788442319080728,2.0794898123855172,0.3119952796392688,1.0,-6.377603158820751
S11_C6_PRIMARY,primary,0.11,6.0,DISPLACEMENT_ORIGIN_ONLY,TOUCH_NEXT_OPEN,VOL_FLOOR_0.75,0.75,1.0,1037,38.47637415621987,32.78688524590164,28.736740597878494,0.0,0.06628219843597866,1.1801452701633253,0.03270920750520614,1.08523770981242,2.0794898123855172,0.3119952796392688,1.0,33.91944818289876
S11_C6_PRIMARY,primary,0.11,6.0,DISPLACEMENT_ORIGIN_ONLY,TOUCH_NEXT_OPEN,VOL_FLOOR_0.75,0.75,1.5,1037,25.940212150433943,37.60848601735776,36.451301832208294,0.0,0.0698027709657001,1.1666121690202378,0.03622978003492758,1.0828315615592776,2.0794898123855172,0.3119952796392688,1.0,37.570281896219896
S11_C6_PRIMARY,primary,0.11,6.0,DISPLACEMENT_ORIGIN_ONLY,TOUCH_NEXT_OPEN,VOL_FLOOR_0.75,0.75,2.0,1037,16.586306653809064,40.01928640308582,43.39440694310511,0.0,0.05009242078791969,1.1129901687014283,0.016519429857147154,1.0356844743240385,2.0794898123855172,0.3119952796392688,1.0,17.1306487618616
S11_C6_PRIMARY,primary,0.11,6.0,DISPLACEMENT_ORIGIN_ONLY,TOUCH_NEXT_OPEN,VOL_FLOOR_0.75,0.75,2.5,1037,11.089681774349083,41.080038572806174,47.830279652844744,0.0,0.03435287393423741,1.0754881835989403,0.0007798830034648726,1.0016407337797737,2.0794898123855172,0.3119952796392688,1.0,0.8087386745930729
S11_C6_PRIMARY,primary,0.11,6.0,DISPLACEMENT_ORIGIN_ONLY,TOUCH_NEXT_OPEN,VOL_FLOOR_0.75,0.75,3.0,1037,7.232401157184184,41.94792671166827,50.81967213114754,0.0,0.012258495620666505,1.0264331254662664,-0.021314495310106023,0.9560293677738511,2.0794898123855172,0.3119952796392688,1.0,-22.103131636579946
S11_C6_PRIMARY,primary,0.11,6.0,DISPLACEMENT_ORIGIN_ONLY,TOUCH_NEXT_OPEN,VOL_FLOOR_1.00,1.0,0.5,1037,58.919961427193826,24.59016393442623,16.48987463837994,0.0,0.028907754784483198,1.104809645047505,-7.470999632540777e-05,0.9997386923903633,2.3350000000000364,0.41599370618569176,1.0,-0.07747426618944786
S11_C6_PRIMARY,primary,0.11,6.0,DISPLACEMENT_ORIGIN_ONLY,TOUCH_NEXT_OPEN,VOL_FLOOR_1.00,1.0,1.0,1037,35.39054966248795,32.01542912246866,32.5940212150434,0.0,0.0443929575552918,1.1217904657536029,0.01541049277448319,1.040714394885413,2.3350000000000364,0.41599370618569176,1.0,15.980681007139069
S11_C6_PRIMARY,primary,0.11,6.0,DISPLACEMENT_ORIGIN_ONLY,TOUCH_NEXT_OPEN,VOL_FLOOR_1.00,1.0,1.5,1037,22.082931533269047,35.486981677917065,42.43008678881389,0.0,0.05090963368658545,1.1269086896144163,0.021927168905776843,1.0526142735403832,2.3350000000000364,0.41599370618569176,1.0,22.738474155290586
S11_C6_PRIMARY,primary,0.11,6.0,DISPLACEMENT_ORIGIN_ONLY,TOUCH_NEXT_OPEN,VOL_FLOOR_1.00,1.0,2.0,1037,13.114754098360656,36.9334619093539,49.951783992285435,0.0,0.03557842972811495,1.085413093650232,0.006595964947306348,1.0152372510647523,2.3350000000000364,0.41599370618569176,1.0,6.840015650356683
S11_C6_PRIMARY,primary,0.11,6.0,DISPLACEMENT_ORIGIN_ONLY,TOUCH_NEXT_OPEN,VOL_FLOOR_1.00,1.0,2.5,1037,8.5824493731919,37.704918032786885,53.712632594021215,0.0,0.026882615344113292,1.0632997999180795,-0.0020998494366953058,0.9952446844184613,2.3350000000000364,0.41599370618569176,1.0,-2.177543865853032
S11_C6_PRIMARY,primary,0.11,6.0,DISPLACEMENT_ORIGIN_ONLY,TOUCH_NEXT_OPEN,VOL_FLOOR_1.00,1.0,3.0,1037,5.689488910318226,37.994214079074254,56.31629701060752,0.0,0.026392244586651136,1.0617195745268662,-0.002590220194157454,0.9941761764508862,2.3350000000000364,0.41599370618569176,1.0,-2.6860583413412797
S11_C6_PRIMARY,primary,0.11,6.0,DOZ_OBJECTIVE_ONLY,ACCEPTANCE_RETEST,STRUCTURAL,,0.5,5,60.0,40.0,0.0,40.0,-0.10000000000001794,0.7499999999999551,-0.236834981368112,0.5015914460017481,0.5462655151895888,0.22550000000001091,9.0,-1.18417490684056
S11_C6_PRIMARY,primary,0.11,6.0,DOZ_OBJECTIVE_ONLY,ACCEPTANCE_RETEST,STRUCTURAL,,1.0,5,60.0,40.0,0.0,40.0,0.2,1.5,0.06316501863190598,1.1329279374936108,0.5462655151895888,0.22550000000001091,9.0,0.3158250931595299
S11_C6_PRIMARY,primary,0.11,6.0,DOZ_OBJECTIVE_ONLY,ACCEPTANCE_RETEST,STRUCTURAL,,1.5,5,40.0,60.0,0.0,40.0,1.794120407794253e-14,1.00000000000003,-0.1368349813680761,0.802426114597986,0.5462655151895888,0.22550000000001091,9.0,-0.6841749068403804
S11_C6_PRIMARY,primary,0.11,6.0,DOZ_OBJECTIVE_ONLY,ACCEPTANCE_RETEST,STRUCTURAL,,2.0,5,40.0,60.0,0.0,20.0,0.2,1.3333333333333333,0.06316501863190593,1.0912029806108323,0.5462655151895888,0.22550000000001091,9.0,0.31582509315952967
S11_C6_PRIMARY,primary,0.11,6.0,DOZ_OBJECTIVE_ONLY,ACCEPTANCE_RETEST,STRUCTURAL,,2.5,5,20.0,80.0,0.0,20.0,-0.3000000000000509,0.6249999999999364,-0.43683498136814497,0.5199444446833639,0.5462655151895888,0.22550000000001091,9.0,-2.184174906840725
S11_C6_PRIMARY,primary,0.11,6.0,DOZ_OBJECTIVE_ONLY,ACCEPTANCE_RETEST,STRUCTURAL,,3.0,5,20.0,80.0,0.0,20.0,-0.2,0.75,-0.3368349813680941,0.6298384723579267,0.5462655151895888,0.22550000000001091,9.0,-1.6841749068404703
S11_C6_PRIMARY,primary,0.11,6.0,DOZ_OBJECTIVE_ONLY,CLEAN_REJECTION,STRUCTURAL,,0.5,23,82.6086956521739,8.695652173913043,8.695652173913043,0.0,0.3104720686098654,3.8860732316534707,0.26215525271434076,3.2999699511861085,1.2600000000002183,0.5035000000000309,1.0,6.029570812429837
S11_C6_PRIMARY,primary,0.11,6.0,DOZ_OBJECTIVE_ONLY,CLEAN_REJECTION,STRUCTURAL,,1.0,23,65.21739130434783,17.391304347826086,17.391304347826086,0.0,0.5068041161998363,3.605241750239265,0.4584873003043117,3.2521164822227417,1.2600000000002183,0.5035000000000309,1.0,10.545207906999169
S11_C6_PRIMARY,primary,0.11,6.0,DOZ_OBJECTIVE_ONLY,CLEAN_REJECTION,STRUCTURAL,,1.5,23,52.17391304347826,21.73913043478261,26.08695652173913,0.0,0.6462030706973996,3.7150165230242154,0.597886254801875,3.4002305228483256,1.2600000000002183,0.5035000000000309,1.0,13.751383860443124
S11_C6_PRIMARY,primary,0.11,6.0,DOZ_OBJECTIVE_ONLY,CLEAN_REJECTION,STRUCTURAL,,2.0,23,43.47826086956522,26.08695652173913,30.434782608695656,0.0,0.7412472740607284,3.633308201020011,0.6929304581652039,3.349911389618021,1.2600000000002183,0.5035000000000309,1.0,15.93740053779969
S11_C6_PRIMARY,primary,0.11,6.0,DOZ_OBJECTIVE_ONLY,CLEAN_REJECTION,STRUCTURAL,,2.5,23,39.130434782608695,26.08695652173913,34.78260869565217,0.0,0.9055531933901935,4.217011021910203,0.8572363774946691,3.9071164405207153,1.2600000000002183,0.5035000000000309,1.0,19.716436682377388
S11_C6_PRIMARY,primary,0.11,6.0,DOZ_OBJECTIVE_ONLY,CLEAN_REJECTION,STRUCTURAL,,3.0,23,34.78260869565217,26.08695652173913,39.130434782608695,0.0,1.0854851442052824,4.856225894311993,1.037168328309758,4.517313518155539,1.2600000000002183,0.5035000000000309,1.0,23.854871551124432
S11_C6_PRIMARY,primary,0.11,6.0,DOZ_OBJECTIVE_ONLY,FAILED_AUCTION,STRUCTURAL,,0.5,31,51.61290322580645,32.25806451612903,16.129032258064516,0.0,-0.04387938444883837,0.8650793520956913,-0.08216202460314505,0.7588079445981815,2.023905636205882,0.5174999999999272,2.0,-2.5470227626974964
S11_C6_PRIMARY,primary,0.11,6.0,DOZ_OBJECTIVE_ONLY,FAILED_AUCTION,STRUCTURAL,,1.0,31,35.483870967741936,45.16129032258064,19.35483870967742,0.0,-0.07631814231116649,0.8320598660582254,-0.11460078246547313,0.7590409974102765,2.023905636205882,0.5174999999999272,2.0,-3.552624256429667
S11_C6_PRIMARY,primary,0.11,6.0,DOZ_OBJECTIVE_ONLY,FAILED_AUCTION,STRUCTURAL,,1.5,31,32.25806451612903,45.16129032258064,22.58064516129032,0.0,0.08883376057830286,1.1954810900564712,0.05055112042399622,1.1062885199830894,2.023905636205882,0.5174999999999272,2.0,1.5670847331438829
S11_C6_PRIMARY,primary,0.11,6.0,DOZ_OBJECTIVE_ONLY,FAILED_AUCTION,STRUCTURAL,,2.0,31,29.03225806451613,45.16129032258064,25.806451612903224,0.0,0.17844543441640642,1.3865809735526036,0.14016279426209974,1.28841716460772,2.023905636205882,0.5174999999999272,2.0,4.345046622125092
S11_C6_PRIMARY,primary,0.11,6.0,DOZ_OBJECTIVE_ONLY,FAILED_AUCTION,STRUCTURAL,,2.5,31,25.806451612903224,45.16129032258064,29.03225806451613,0.0,0.2862102905984224,1.6200408160744688,0.2479276504441158,1.5101681251818575,2.023905636205882,0.5174999999999272,2.0,7.685757163767589
S11_C6_PRIMARY,primary,0.11,6.0,DOZ_OBJECTIVE_ONLY,FAILED_AUCTION,STRUCTURAL,,3.0,31,25.806451612903224,45.16129032258064,29.03225806451613,0.0,0.4152425486629312,1.8995739747983236,0.3769599085086245,1.775681653289083,2.023905636205882,0.5174999999999272,2.0,11.68575716376736
S11_C6_PRIMARY,primary,0.11,6.0,DOZ_OBJECTIVE_ONLY,PASSIVE_TOUCH,STRUCTURAL,,0.5,45,28.888888888888886,71.11111111111111,0.0,62.22222222222222,-0.5676200204290242,0.20285304430983864,-0.719308137724578,0.12739223846495118,0.4198889990311727,0.2227500000001328,0.0,-32.36886619760601
S11_C6_PRIMARY,primary,0.11,6.0,DOZ_OBJECTIVE_ONLY,PASSIVE_TOUCH,STRUCTURAL,,1.0,45,28.888888888888886,71.11111111111111,0.0,60.0,-0.42317557598457334,0.4057060886196954,-0.5748636932801271,0.3026208181548251,0.4198889990311727,0.2227500000001328,0.0,-25.86886619760572
S11_C6_PRIMARY,primary,0.11,6.0,DOZ_OBJECTIVE_ONLY,PASSIVE_TOUCH,STRUCTURAL,,1.5,45,26.666666666666668,73.33333333333333,0.0,57.77777777777777,-0.334286687095678,0.5447463600111311,-0.48597480439123175,0.4276558280681245,0.4198889990311727,0.2227500000001328,0.0,-21.868866197605428
S11_C6_PRIMARY,primary,0.11,6.0,DOZ_OBJECTIVE_ONLY,PASSIVE_TOUCH,STRUCTURAL,,2.0,45,24.444444444444443,75.55555555555556,0.0,55.55555555555556,-0.2676200204290178,0.6462433989438237,-0.41930813772457154,0.5199404648357886,0.4198889990311727,0.2227500000001328,0.0,-18.86886619760572
S11_C6_PRIMARY,primary,0.11,6.0,DOZ_OBJECTIVE_ONLY,PASSIVE_TOUCH,STRUCTURAL,,2.5,45,24.444444444444443,75.55555555555556,0.0,55.55555555555556,-0.14539779820680204,0.8078042486797711,-0.29708591550235575,0.6598708356250019,0.4198889990311727,0.2227500000001328,0.0,-13.368866197606009
S11_C6_PRIMARY,primary,0.11,6.0,DOZ_OBJECTIVE_ONLY,PASSIVE_TOUCH,STRUCTURAL,,3.0,45,22.22222222222222,77.77777777777779,0.0,55.55555555555556,-0.11206446487346224,0.8560935086133931,-0.263752582169016,0.7067544627151697,0.4198889990311727,0.2227500000001328,0.0,-11.868866197605719
S11_C6_PRIMARY,primary,0.11,6.0,DOZ_OBJECTIVE_ONLY,RECLAIM_PULLBACK,STRUCTURAL,,0.5,31,54.83870967741935,38.70967741935484,6.451612903225806,19.35483870967742,-0.1066286769875505,0.7245425844488279,-0.1793522135782077,0.5697567444031999,0.8999999999994088,0.28899999999998727,3.0,-5.559918620924439
S11_C6_PRIMARY,primary,0.11,6.0,DOZ_OBJECTIVE_ONLY,RECLAIM_PULLBACK,STRUCTURAL,,1.0,31,41.935483870967744,45.16129032258064,12.903225806451612,19.35483870967742,-0.01688936292651781,0.9626021249484248,-0.08961289951717498,0.8148527499809949,0.8999999999994088,0.28899999999998727,3.0,-2.7779998850324246
S11_C6_PRIMARY,primary,0.11,6.0,DOZ_OBJECTIVE_ONLY,RECLAIM_PULLBACK,STRUCTURAL,,1.5,31,38.70967741935484,45.16129032258064,16.129032258064516,19.35483870967742,0.15993262034707129,1.3541365164828005,0.08720908375641413,1.1801807788964864,0.8999999999994088,0.28899999999998727,3.0,2.703481596448838
S11_C6_PRIMARY,primary,0.11,6.0,DOZ_OBJECTIVE_ONLY,RECLAIM_PULLBACK,STRUCTURAL,,2.0,31,35.483870967741936,48.38709677419355,16.129032258064516,19.35483870967742,0.256706813895456,1.5305274153839425,0.18398327730479885,1.3551435533739726,0.8999999999994088,0.28899999999998727,3.0,5.703481596448764
S11_C6_PRIMARY,primary,0.11,6.0,DOZ_OBJECTIVE_ONLY,RECLAIM_PULLBACK,STRUCTURAL,,2.5,31,25.806451612903224,54.83870967741935,19.35483870967742,19.35483870967742,0.12421728824426888,1.2250947844473088,0.05149375165361169,1.0866906237816112,0.8999999999994088,0.28899999999998727,3.0,1.5963063012619625
S11_C6_PRIMARY,primary,0.11,6.0,DOZ_OBJECTIVE_ONLY,RECLAIM_PULLBACK,STRUCTURAL,,3.0,31,25.806451612903224,54.83870967741935,19.35483870967742,19.35483870967742,0.25324954630879487,1.4589148003751167,0.18052600971813773,1.3039186675801844,0.8999999999994088,0.28899999999998727,3.0,5.59630630126227
S11_C6_PRIMARY,primary,0.11,6.0,DOZ_OBJECTIVE_ONLY,TOUCH_NEXT_OPEN,VOL_FLOOR_0.25,0.25,0.5,54,59.25925925925925,33.33333333333333,7.4074074074074066,7.4074074074074066,-0.03955875742165182,0.8848946673721723,-0.10532445236165548,0.7127635736425086,1.0069793541061927,0.3783671772382214,1.0,-5.687520427529396
S11_C6_PRIMARY,primary,0.11,6.0,DOZ_OBJECTIVE_ONLY,TOUCH_NEXT_OPEN,VOL_FLOOR_0.25,0.25,1.0,54,44.44444444444444,42.592592592592595,12.962962962962962,3.7037037037037033,0.04244488588594528,1.0972910752197629,-0.023320809054058377,0.9498142819652945,1.0069793541061927,0.3783671772382214,1.0,-1.2593236889191524
S11_C6_PRIMARY,primary,0.11,6.0,DOZ_OBJECTIVE_ONLY,TOUCH_NEXT_OPEN,VOL_FLOOR_0.25,0.25,1.5,54,38.88888888888889,44.44444444444444,16.666666666666664,1.8518518518518516,0.19066241441573925,1.4192358926232864,0.12489671947573558,1.2580105322340323,1.0069793541061927,0.3783671772382214,1.0,6.7444228516897216
S11_C6_PRIMARY,primary,0.11,6.0,DOZ_OBJECTIVE_ONLY,TOUCH_NEXT_OPEN,VOL_FLOOR_0.25,0.25,2.0,54,33.33333333333333,46.2962962962963,20.37037037037037,0.0,0.30613870501996093,1.6468119402833703,0.24037301007995723,1.4771926328874434,1.0069793541061927,0.3783671772382214,1.0,12.98014254431769
S11_C6_PRIMARY,primary,0.11,6.0,DOZ_OBJECTIVE_ONLY,TOUCH_NEXT_OPEN,VOL_FLOOR_0.25,0.25,2.5,54,29.629629629629626,48.148148148148145,22.22222222222222,0.0,0.38538011510473036,1.7835755146791346,0.3196144201647266,1.6092676824795185,1.0069793541061927,0.3783671772382214,1.0,17.259178688895236
S11_C6_PRIMARY,primary,0.11,6.0,DOZ_OBJECTIVE_ONLY,TOUCH_NEXT_OPEN,VOL_FLOOR_0.25,0.25,3.0,54,25.925925925925924,48.148148148148145,25.925925925925924,0.0,0.4725934337361196,1.9609023106268046,0.40682773879611595,1.7735119936780013,1.0069793541061927,0.3783671772382214,1.0,21.96869789499026
S11_C6_PRIMARY,primary,0.11,6.0,DOZ_OBJECTIVE_ONLY,TOUCH_NEXT_OPEN,VOL_FLOOR_0.50,0.5,0.5,54,59.25925925925925,33.33333333333333,7.4074074074074066,3.7037037037037033,-0.0395587574216412,0.8848946673722029,-0.08901446324790419,0.753913168152428,1.2705000000001974,0.415000000000191,1.0,-4.806781015386826
S11_C6_PRIMARY,primary,0.11,6.0,DOZ_OBJECTIVE_ONLY,TOUCH_NEXT_OPEN,VOL_FLOOR_0.50,0.5,1.0,54,48.148148148148145,38.88888888888889,12.962962962962962,0.0,0.1165189599600282,1.2918592531887605,0.06706325413376521,1.1599971945711027,1.2705000000001974,0.415000000000191,1.0,3.621415723223321
S11_C6_PRIMARY,primary,0.11,6.0,DOZ_OBJECTIVE_ONLY,TOUCH_NEXT_OPEN,VOL_FLOOR_0.50,0.5,1.5,54,38.88888888888889,44.44444444444444,16.666666666666664,0.0,0.1906624144157274,1.4192358926232604,0.14120670858946444,1.2957371623408462,1.2705000000001974,0.415000000000191,1.0,7.625162263831079
S11_C6_PRIMARY,primary,0.11,6.0,DOZ_OBJECTIVE_ONLY,TOUCH_NEXT_OPEN,VOL_FLOOR_0.50,0.5,2.0,54,31.48148148148148,48.148148148148145,20.37037037037037,0.0,0.2505831494643842,1.5094990961277615,0.2011274436381212,1.38958067162542,1.2705000000001974,0.415000000000191,1.0,10.860881956458545
S11_C6_PRIMARY,primary,0.11,6.0,DOZ_OBJECTIVE_ONLY,TOUCH_NEXT_OPEN,VOL_FLOOR_0.50,0.5,2.5,54,27.77777777777778,48.148148148148145,24.074074074074073,0.0,0.3461713271595234,1.7038541045961002,0.2967156213332604,1.5747334573035656,1.2705000000001974,0.415000000000191,1.0,16.02264355199606
S11_C6_PRIMARY,primary,0.11,6.0,DOZ_OBJECTIVE_ONLY,TOUCH_NEXT_OPEN,VOL_FLOOR_0.50,0.5,3.0,54,24.074074074074073,48.148148148148145,27.77777777777778,0.0,0.42412538653165854,1.8623544781227637,0.3746696807053954,1.7238210730518657,1.2705000000001974,0.415000000000191,1.0,20.232162758091352
S11_C6_PRIMARY,primary,0.11,6.0,DOZ_OBJECTIVE_ONLY,TOUCH_NEXT_OPEN,VOL_FLOOR_0.75,0.75,0.5,54,64.81481481481481,27.77777777777778,7.4074074074074066,1.8518518518518516,0.043774575911704465,1.1519323537761985,0.003603774971012739,1.0120181395388455,1.6395772479376087,0.415000000000191,1.0,0.19460384843468792
S11_C6_PRIMARY,primary,0.11,6.0,DOZ_OBJECTIVE_ONLY,TOUCH_NEXT_OPEN,VOL_FLOOR_0.75,0.75,1.0,54,46.2962962962963,38.88888888888889,14.814814814814813,0.0,0.0944680924019808,1.2345504747774396,0.05429729146128909,1.1292913793780603,1.6395772479376087,0.415000000000191,1.0,2.9320537389096106
S11_C6_PRIMARY,primary,0.11,6.0,DOZ_OBJECTIVE_ONLY,TOUCH_NEXT_OPEN,VOL_FLOOR_0.75,0.75,1.5,54,35.18518518518518,44.44444444444444,20.37037037037037,0.0,0.1362995153880595,1.2973907933679052,0.09612871444736777,1.2014723652048809,1.6395772479376087,0.415000000000191,1.0,5.1909505801578595
S11_C6_PRIMARY,primary,0.11,6.0,DOZ_OBJECTIVE_ONLY,TOUCH_NEXT_OPEN,VOL_FLOOR_0.75,0.75,2.0,54,31.48148148148148,44.44444444444444,24.074074074074073,0.0,0.28881284302931226,1.6301583705473086,0.24864204208862054,1.5211190079567072,1.6395772479376087,0.415000000000191,1.0,13.42667027278551
S11_C6_PRIMARY,primary,0.11,6.0,DOZ_OBJECTIVE_ONLY,TOUCH_NEXT_OPEN,VOL_FLOOR_0.75,0.75,2.5,54,27.77777777777778,44.44444444444444,27.77777777777778,0.0,0.3844400514086007,1.8388065912435207,0.344269250467909,1.7215402864568354,1.6395772479376087,0.415000000000191,1.0,18.590539525267086
S11_C6_PRIMARY,primary,0.11,6.0,DOZ_OBJECTIVE_ONLY,TOUCH_NEXT_OPEN,VOL_FLOOR_0.75,0.75,3.0,54,22.22222222222222,44.44444444444444,33.33333333333333,0.0,0.44234016173639634,1.9651383665066102,0.40216936079570476,1.8404933564900579,1.6395772479376087,0.415000000000191,1.0,21.717145482968057
S11_C6_PRIMARY,primary,0.11,6.0,DOZ_OBJECTIVE_ONLY,TOUCH_NEXT_OPEN,VOL_FLOOR_1.00,1.0,0.5,54,70.37037037037037,22.22222222222222,7.4074074074074066,0.0,0.1268399383591565,1.5453996322202046,0.09334386146999726,1.386908463040799,2.030481567897673,0.48796161736715365,1.0,5.040568519379852
S11_C6_PRIMARY,primary,0.11,6.0,DOZ_OBJECTIVE_ONLY,TOUCH_NEXT_OPEN,VOL_FLOOR_1.00,1.0,1.0,54,44.44444444444444,38.88888888888889,16.666666666666664,0.0,0.08834982701775125,1.2198417353656312,0.054853750128592005,1.1318419132443667,2.030481567897673,0.48796161736715365,1.0,2.9621025069439684
S11_C6_PRIMARY,primary,0.11,6.0,DOZ_OBJECTIVE_ONLY,TOUCH_NEXT_OPEN,VOL_FLOOR_1.00,1.0,1.5,54,37.03703703703704,38.88888888888889,24.074074074074073,0.0,0.2334486771042251,1.580892617742106,0.19995260021506583,1.4805894457305162,2.030481567897673,0.48796161736715365,1.0,10.797440411613556
S11_C6_PRIMARY,primary,0.11,6.0,DOZ_OBJECTIVE_ONLY,TOUCH_NEXT_OPEN,VOL_FLOOR_1.00,1.0,2.0,54,31.48148148148148,38.88888888888889,29.629629629629626,0.0,0.36352913124413394,1.9045730791596618,0.3300330543549746,1.7932400103554924,2.030481567897673,0.48796161736715365,1.0,17.82178493516863
S11_C6_PRIMARY,primary,0.11,6.0,DOZ_OBJECTIVE_ONLY,TOUCH_NEXT_OPEN,VOL_FLOOR_1.00,1.0,2.5,54,22.22222222222222,38.88888888888889,38.88888888888889,0.0,0.3992822529672517,1.9935379202879833,0.36578617607809255,1.876734108138469,2.030481567897673,0.48796161736715365,1.0,19.752453508217
S11_C6_PRIMARY,primary,0.11,6.0,DOZ_OBJECTIVE_ONLY,TOUCH_NEXT_OPEN,VOL_FLOOR_1.00,1.0,3.0,54,18.51851851851852,38.88888888888889,42.592592592592595,0.0,0.4797801394184288,2.1938415954399066,0.44628406252926944,2.069675359886969,2.030481567897673,0.48796161736715365,1.0,24.09933937658055
S11_C6_PRIMARY,primary,0.11,6.0,MEMORY_ONLY,ACCEPTANCE_RETEST,STRUCTURAL,,0.5,8,37.5,62.5,0.0,0.0,-0.43750000000001543,0.2999999999999753,-0.4788525553689529,0.2617130427677229,1.52800000000002,1.0159999999993943,10.0,-3.830820442951623
S11_C6_PRIMARY,primary,0.11,6.0,MEMORY_ONLY,ACCEPTANCE_RETEST,STRUCTURAL,,1.0,8,25.0,62.5,12.5,0.0,-0.40219979784785,0.38331811942438204,-0.44355235321678743,0.34829886255060294,1.52800000000002,1.0159999999993943,10.0,-3.5484188257342995
S11_C6_PRIMARY,primary,0.11,6.0,MEMORY_ONLY,ACCEPTANCE_RETEST,STRUCTURAL,,1.5,8,12.5,75.0,12.5,0.0,-0.589699797847836,0.24125070608512986,-0.6310523532167733,0.22204717547221875,1.52800000000002,1.0159999999993943,10.0,-5.048418825734187
S11_C6_PRIMARY,primary,0.11,6.0,MEMORY_ONLY,ACCEPTANCE_RETEST,STRUCTURAL,,2.0,8,12.5,75.0,12.5,0.0,-0.52719979784785,0.32166760811348244,-0.5685523532167873,0.2990963319885137,1.52800000000002,1.0159999999993943,10.0,-4.548418825734299
S11_C6_PRIMARY,primary,0.11,6.0,MEMORY_ONLY,ACCEPTANCE_RETEST,STRUCTURAL,,2.5,8,12.5,75.0,12.5,0.0,-0.46469979784786397,0.4020845101418351,-0.5060523532168014,0.37614548850480867,1.52800000000002,1.0159999999993943,10.0,-4.048418825734411
S11_C6_PRIMARY,primary,0.11,6.0,MEMORY_ONLY,ACCEPTANCE_RETEST,STRUCTURAL,,3.0,8,0.0,87.5,12.5,0.0,-0.90219979784785,0.0,-0.9435523532167873,0.0,1.52800000000002,1.0159999999993943,10.0,-7.548418825734299
S11_C6_PRIMARY,primary,0.11,6.0,MEMORY_ONLY,CLEAN_REJECTION,STRUCTURAL,,0.5,159,54.088050314465406,42.138364779874216,3.7735849056603774,0.0,-0.16203777316987406,0.6256454833103209,-0.19884528515549732,0.5575220505446712,1.6483561469701726,0.8403645677160512,1.0,-31.616400339724073
S11_C6_PRIMARY,primary,0.11,6.0,MEMORY_ONLY,CLEAN_REJECTION,STRUCTURAL,,1.0,159,38.9937106918239,52.20125786163522,8.80503144654088,0.0,-0.13389937066140334,0.7517800504320208,-0.1707068826470266,0.6953642419416077,1.6483561469701726,0.8403645677160512,1.0,-27.142394340877228
S11_C6_PRIMARY,primary,0.11,6.0,MEMORY_ONLY,CLEAN_REJECTION,STRUCTURAL,,1.5,159,32.075471698113205,57.23270440251572,10.69182389937107,0.0,-0.0781174224237233,0.8675421045723856,-0.11492493440934654,0.8123053195621569,1.6483561469701726,0.8403645677160512,1.0,-18.2730645710861
S11_C6_PRIMARY,primary,0.11,6.0,MEMORY_ONLY,CLEAN_REJECTION,STRUCTURAL,,2.0,159,25.78616352201258,57.861635220125784,16.352201257861633,0.0,0.002868133042401715,1.004808220891037,-0.03393937894322157,0.9452260559613181,1.6483561469701726,0.8403645677160512,1.0,-5.3963612519722295
S11_C6_PRIMARY,primary,0.11,6.0,MEMORY_ONLY,CLEAN_REJECTION,STRUCTURAL,,2.5,159,20.125786163522015,58.490566037735846,21.38364779874214,0.0,0.024801065846033366,1.0410056633147613,-0.012006446139589911,0.9808975312359758,1.6483561469701726,0.8403645677160512,1.0,-1.909024936194796
S11_C6_PRIMARY,primary,0.11,6.0,MEMORY_ONLY,CLEAN_REJECTION,STRUCTURAL,,3.0,159,17.61006289308176,58.490566037735846,23.89937106918239,0.0,0.07874148345677599,1.1301898385971916,0.041933971471152735,1.066717692385079,1.6483561469701726,0.8403645677160512,1.0,6.667501463913285
S11_C6_PRIMARY,primary,0.11,6.0,MEMORY_ONLY,FAILED_AUCTION,STRUCTURAL,,0.5,23,60.86956521739131,39.130434782608695,0.0,0.0,-0.08695652173913201,0.7777777777777738,-0.11146981874607828,0.7217990715874776,2.47199999999998,1.4832572988723314,8.0,-2.5638058311598004
S11_C6_PRIMARY,primary,0.11,6.0,MEMORY_ONLY,FAILED_AUCTION,STRUCTURAL,,1.0,23,26.08695652173913,60.86956521739131,13.043478260869565,0.0,-0.28074633414297145,0.5387738796222612,-0.3052596311499178,0.5106752905772397,2.47199999999998,1.4832572988723314,8.0,-7.020971516448109
S11_C6_PRIMARY,primary,0.11,6.0,MEMORY_ONLY,FAILED_AUCTION,STRUCTURAL,,1.5,23,17.391304347826086,65.21739130434783,17.391304347826086,0.0,-0.297156211728451,0.5443604753497086,-0.3216695087353973,0.51910865075507,2.47199999999998,1.4832572988723314,8.0,-7.398398700914138
S11_C6_PRIMARY,primary,0.11,6.0,MEMORY_ONLY,FAILED_AUCTION,STRUCTURAL,,2.0,23,17.391304347826086,65.21739130434783,17.391304347826086,0.0,-0.21019968998932015,0.6776938086830424,-0.23471298699626647,0.6491074163489041,2.47199999999998,1.4832572988723314,8.0,-5.398398700914129
S11_C6_PRIMARY,primary,0.11,6.0,MEMORY_ONLY,FAILED_AUCTION,STRUCTURAL,,2.5,23,4.3478260869565215,65.21739130434783,30.434782608695656,0.0,-0.3238385951227656,0.5034474874784262,-0.3483518921297119,0.47921886635490335,2.47199999999998,1.4832572988723314,8.0,-8.012093518983374
S11_C6_PRIMARY,primary,0.11,6.0,MEMORY_ONLY,FAILED_AUCTION,STRUCTURAL,,3.0,23,0.0,65.21739130434783,34.78260869565217,0.0,-0.408936377710531,0.37296422084385245,-0.43344967471747725,0.3519988894063111,2.47199999999998,1.4832572988723314,8.0,-9.969342518501977
S11_C6_PRIMARY,primary,0.11,6.0,MEMORY_ONLY,PASSIVE_TOUCH,STRUCTURAL,,0.5,149,48.322147651006716,51.67785234899329,0.0,26.845637583892618,-0.3863801145308278,0.3847360788508425,-0.45890274703761896,0.3109225518998766,0.8419999999998709,0.4880000000000564,3.0,-68.37650930860522
S11_C6_PRIMARY,primary,0.11,6.0,MEMORY_ONLY,PASSIVE_TOUCH,STRUCTURAL,,1.0,149,36.241610738255034,62.41610738255034,1.342281879194631,27.516778523489933,-0.37670796052638755,0.49033189841573527,-0.44923059303317864,0.4285354716205621,0.8419999999998709,0.4880000000000564,3.0,-66.93535836194361
S11_C6_PRIMARY,primary,0.11,6.0,MEMORY_ONLY,PASSIVE_TOUCH,STRUCTURAL,,1.5,149,24.832214765100673,73.15436241610739,2.013422818791946,26.845637583892618,-0.46941624940540344,0.44546653352943383,-0.5419388819121946,0.3986159915360733,0.8419999999998709,0.4880000000000564,3.0,-80.748893404917
S11_C6_PRIMARY,primary,0.11,6.0,MEMORY_ONLY,PASSIVE_TOUCH,STRUCTURAL,,2.0,149,21.476510067114095,75.83892617449665,2.684563758389262,26.845637583892618,-0.4404934387930598,0.49636641530400993,-0.5130160712998509,0.4492592550750152,0.8419999999998709,0.4880000000000564,3.0,-76.43939462367779
S11_C6_PRIMARY,primary,0.11,6.0,MEMORY_ONLY,PASSIVE_TOUCH,STRUCTURAL,,2.5,149,20.13422818791946,75.83892617449665,4.026845637583892,26.845637583892618,-0.3520878679898173,0.5974440037755357,-0.4246105004966083,0.544165735872648,0.8419999999998709,0.4880000000000564,3.0,-63.26696457399464
S11_C6_PRIMARY,primary,0.11,6.0,MEMORY_ONLY,PASSIVE_TOUCH,STRUCTURAL,,3.0,149,17.449664429530202,77.85234899328859,4.697986577181208,26.845637583892618,-0.34680369244775167,0.6124080776873898,-0.41932632495454275,0.560058860036798,0.8419999999998709,0.4880000000000564,3.0,-62.47962241822687
S11_C6_PRIMARY,primary,0.11,6.0,MEMORY_ONLY,RECLAIM_PULLBACK,STRUCTURAL,,0.5,144,53.47222222222222,43.05555555555556,3.4722222222222223,0.6944444444444444,-0.16879474130016503,0.6140885296412679,-0.2100010327743881,0.5401593903358285,1.4619999999997617,0.7679999999998017,4.5,-30.24014871951189
S11_C6_PRIMARY,primary,0.11,6.0,MEMORY_ONLY,RECLAIM_PULLBACK,STRUCTURAL,,1.0,144,40.27777777777778,54.166666666666664,5.555555555555555,0.6944444444444444,-0.13706079034932822,0.7501186602172132,-0.17826708182355133,0.6884273738664196,1.4619999999997617,0.7679999999998017,4.5,-25.67045978259139
S11_C6_PRIMARY,primary,0.11,6.0,MEMORY_ONLY,RECLAIM_PULLBACK,STRUCTURAL,,1.5,144,29.86111111111111,61.111111111111114,9.027777777777777,0.6944444444444444,-0.13231929949926943,0.7858730659710577,-0.17352559097349257,0.7307471557668654,1.4619999999997617,0.7679999999998017,4.5,-24.98768510018293
S11_C6_PRIMARY,primary,0.11,6.0,MEMORY_ONLY,RECLAIM_PULLBACK,STRUCTURAL,,2.0,144,25.0,63.888888888888886,11.11111111111111,0.6944444444444444,-0.0872854952792355,0.8648257428938181,-0.12849178675345863,0.8091494849945923,1.4619999999997617,0.7679999999998017,4.5,-18.50281729249804
S11_C6_PRIMARY,primary,0.11,6.0,MEMORY_ONLY,RECLAIM_PULLBACK,STRUCTURAL,,2.5,144,21.52777777777778,65.27777777777779,13.194444444444445,0.6944444444444444,-0.050580469174683666,0.9235453152958916,-0.0917867606489068,0.8669983223514612,1.4619999999997617,0.7679999999998017,4.5,-13.217293533442579
S11_C6_PRIMARY,primary,0.11,6.0,MEMORY_ONLY,RECLAIM_PULLBACK,STRUCTURAL,,3.0,144,17.36111111111111,66.66666666666666,15.972222222222221,0.6944444444444444,-0.05104452121332708,0.9244303648772405,-0.09225081268755018,0.8690706885121632,1.4619999999997617,0.7679999999998017,4.5,-13.284117027007227
S11_C6_PRIMARY,primary,0.11,6.0,MEMORY_ONLY,TOUCH_NEXT_OPEN,VOL_FLOOR_0.25,0.25,0.5,231,56.27705627705628,42.42424242424242,1.2987012987012987,0.0,-0.14651675280865709,0.6575927639964151,-0.19737677923048272,0.563309701134242,1.3293057110859081,0.24397521919874499,1.0,-45.59403600224151
S11_C6_PRIMARY,primary,0.11,6.0,MEMORY_ONLY,TOUCH_NEXT_OPEN,VOL_FLOOR_0.25,0.25,1.0,231,38.095238095238095,57.14285714285714,4.761904761904762,0.0,-0.19344175099405594,0.6666191058862001,-0.24430177741588155,0.6015193915214174,1.3293057110859081,0.24397521919874499,1.0,-56.43371058306864
S11_C6_PRIMARY,primary,0.11,6.0,MEMORY_ONLY,TOUCH_NEXT_OPEN,VOL_FLOOR_0.25,0.25,1.5,231,28.57142857142857,64.06926406926407,7.35930735930736,0.0,-0.19880538330754652,0.6939131886355372,-0.24966540972937212,0.6355931980384267,1.3293057110859081,0.24397521919874499,1.0,-57.67270964748496
S11_C6_PRIMARY,primary,0.11,6.0,MEMORY_ONLY,TOUCH_NEXT_OPEN,VOL_FLOOR_0.25,0.25,2.0,231,22.07792207792208,66.23376623376623,11.688311688311687,0.0,-0.1649147120509676,0.754397818876458,-0.2157747384727932,0.6954204341933794,1.3293057110859081,0.24397521919874499,1.0,-49.843964587215225
S11_C6_PRIMARY,primary,0.11,6.0,MEMORY_ONLY,TOUCH_NEXT_OPEN,VOL_FLOOR_0.25,0.25,2.5,231,19.047619047619047,66.66666666666666,14.285714285714285,0.0,-0.11751544112715191,0.8264413641552578,-0.16837546754897753,0.7643022286617934,1.3293057110859081,0.24397521919874499,1.0,-38.89473300381381
S11_C6_PRIMARY,primary,0.11,6.0,MEMORY_ONLY,TOUCH_NEXT_OPEN,VOL_FLOOR_0.25,0.25,3.0,231,16.883116883116884,66.66666666666666,16.450216450216452,0.0,-0.05846181792482392,0.9136577008883664,-0.10932184434664957,0.8469675217763392,1.3293057110859081,0.24397521919874499,1.0,-25.25334604407605
S11_C6_PRIMARY,primary,0.11,6.0,MEMORY_ONLY,TOUCH_NEXT_OPEN,VOL_FLOOR_0.50,0.5,0.5,231,58.00865800865801,40.692640692640694,1.2987012987012987,0.0,-0.12054272683463273,0.7064129758942219,-0.16724751447304248,0.6112023112743524,1.3692814205082868,0.47812479294562876,1.0,-38.634175843272814
S11_C6_PRIMARY,primary,0.11,6.0,MEMORY_ONLY,TOUCH_NEXT_OPEN,VOL_FLOOR_0.50,0.5,1.0,231,38.961038961038966,56.27705627705628,4.761904761904762,0.0,-0.17612573367803816,0.6918640238473481,-0.2228305213164479,0.6286445161659117,1.3692814205082868,0.47812479294562876,1.0,-51.47385042409947
S11_C6_PRIMARY,primary,0.11,6.0,MEMORY_ONLY,TOUCH_NEXT_OPEN,VOL_FLOOR_0.50,0.5,1.5,231,29.43722943722944,63.20346320346321,7.35930735930736,0.0,-0.17716036166252497,0.7235534525878317,-0.2238651493009347,0.6668993454995927,1.3692814205082868,0.47812479294562876,1.0,-51.712849488515914
S11_C6_PRIMARY,primary,0.11,6.0,MEMORY_ONLY,TOUCH_NEXT_OPEN,VOL_FLOOR_0.50,0.5,2.0,231,22.51082251082251,65.80086580086581,11.688311688311687,0.0,-0.15192769906395406,0.7722707789813099,-0.19863248670236383,0.7161717885320216,1.3692814205082868,0.47812479294562876,1.0,-45.88410442824605
S11_C6_PRIMARY,primary,0.11,6.0,MEMORY_ONLY,TOUCH_NEXT_OPEN,VOL_FLOOR_0.50,0.5,2.5,231,19.047619047619047,66.66666666666666,14.285714285714285,0.0,-0.11751544112715209,0.8264413641552575,-0.16422022876556183,0.768847930942572,1.3692814205082868,0.47812479294562876,1.0,-37.93487284484478
S11_C6_PRIMARY,primary,0.11,6.0,MEMORY_ONLY,TOUCH_NEXT_OPEN,VOL_FLOOR_0.50,0.5,3.0,231,16.883116883116884,66.66666666666666,16.450216450216452,0.0,-0.058461817924824064,0.9136577008883661,-0.10516660556323383,0.8519702557083164,1.3692814205082868,0.47812479294562876,1.0,-24.293485885107014
S11_C6_PRIMARY,primary,0.11,6.0,MEMORY_ONLY,TOUCH_NEXT_OPEN,VOL_FLOOR_0.75,0.75,0.5,231,58.00865800865801,39.82683982683983,2.1645021645021645,0.0,-0.11523088464422701,0.7156841589730794,-0.15793213861933852,0.6265762209445631,1.4696485402635062,0.5010239300506782,1.0,-36.4823240210672
S11_C6_PRIMARY,primary,0.11,6.0,MEMORY_ONLY,TOUCH_NEXT_OPEN,VOL_FLOOR_0.75,0.75,1.0,231,38.52813852813853,56.27705627705628,5.194805194805195,0.0,-0.18482229747218765,0.6785409948948897,-0.22752355144729913,0.6212276612122429,1.4696485402635062,0.5010239300506782,1.0,-52.5579403843261
S11_C6_PRIMARY,primary,0.11,6.0,MEMORY_ONLY,TOUCH_NEXT_OPEN,VOL_FLOOR_0.75,0.75,1.5,231,31.16883116883117,61.038961038961034,7.792207792207792,0.0,-0.1339929688790954,0.7847735240560635,-0.1766942228542069,0.72813398625446,1.4696485402635062,0.5010239300506782,1.0,-40.816365479321796
S11_C6_PRIMARY,primary,0.11,6.0,MEMORY_ONLY,TOUCH_NEXT_OPEN,VOL_FLOOR_0.75,0.75,2.0,231,23.376623376623375,63.63636363636363,12.987012987012985,0.0,-0.11563601374536803,0.8220435006202274,-0.15833726772047954,0.766746790461062,1.4696485402635062,0.5010239300506782,1.0,-36.575908843430774
S11_C6_PRIMARY,primary,0.11,6.0,MEMORY_ONLY,TOUCH_NEXT_OPEN,VOL_FLOOR_0.75,0.75,2.5,231,17.74891774891775,64.5021645021645,17.74891774891775,0.0,-0.09093365847886174,0.8618989365155998,-0.13363491245397324,0.8057595386172051,1.4696485402635062,0.5010239300506782,1.0,-30.869664776867822
S11_C6_PRIMARY,primary,0.11,6.0,MEMORY_ONLY,TOUCH_NEXT_OPEN,VOL_FLOOR_0.75,0.75,3.0,231,13.852813852813853,64.93506493506493,21.21212121212121,0.0,-0.07919448085120115,0.8805128049113714,-0.12189573482631266,0.8240144864877458,1.4696485402635062,0.5010239300506782,1.0,-28.157914744878227
S11_C6_PRIMARY,primary,0.11,6.0,MEMORY_ONLY,TOUCH_NEXT_OPEN,VOL_FLOOR_1.00,1.0,0.5,231,57.57575757575758,39.82683982683983,2.5974025974025974,0.0,-0.11721489499003877,0.710656890491722,-0.15570265579260809,0.6306763043092372,1.6998493484177288,0.5010239300506782,1.0,-35.967313488092465
S11_C6_PRIMARY,primary,0.11,6.0,MEMORY_ONLY,TOUCH_NEXT_OPEN,VOL_FLOOR_1.00,1.0,1.0,231,37.66233766233766,54.112554112554115,8.225108225108226,0.0,-0.16764358680852287,0.6980303322203819,-0.20613134761109214,0.6433994388682919,1.6998493484177288,0.5010239300506782,1.0,-47.61634129816228
S11_C6_PRIMARY,primary,0.11,6.0,MEMORY_ONLY,TOUCH_NEXT_OPEN,VOL_FLOOR_1.00,1.0,1.5,231,29.43722943722944,58.44155844155844,12.121212121212121,0.0,-0.12755807765335,0.7871905751401446,-0.1660458384559193,0.7339382296651076,1.6998493484177288,0.5010239300506782,1.0,-38.35658868331736
S11_C6_PRIMARY,primary,0.11,6.0,MEMORY_ONLY,TOUCH_NEXT_OPEN,VOL_FLOOR_1.00,1.0,2.0,231,20.77922077922078,60.17316017316018,19.047619047619047,0.0,-0.0941644769384857,0.8473131935525262,-0.13265223774105503,0.7934952150038036,1.6998493484177288,0.5010239300506782,1.0,-30.642666918183714
S11_C6_PRIMARY,primary,0.11,6.0,MEMORY_ONLY,TOUCH_NEXT_OPEN,VOL_FLOOR_1.00,1.0,2.5,231,13.852813852813853,61.038961038961034,25.108225108225106,0.0,-0.11528015070772463,0.815662224478268,-0.15376791151029393,0.7639523352333811,1.6998493484177288,0.5010239300506782,1.0,-35.5203875588779
S11_C6_PRIMARY,primary,0.11,6.0,MEMORY_ONLY,TOUCH_NEXT_OPEN,VOL_FLOOR_1.00,1.0,3.0,231,12.121212121212121,61.038961038961034,26.83982683982684,0.0,-0.06987425391852584,0.8882681497681403,-0.1083620147210951,0.8336544973974747,1.6998493484177288,0.5010239300506782,1.0,-25.03162540057297
S11_C6_PRIMARY,primary,0.11,6.0,OBJECTIVE_LIQUIDITY_ONLY,ACCEPTANCE_RETEST,STRUCTURAL,,0.5,44,54.54545454545454,43.18181818181818,2.272727272727273,9.090909090909092,-0.17077299544113608,0.6149427459279736,-0.21309718059653457,0.5397825116463963,1.3791327575945616,0.9160000000008495,7.5,-9.376275946247521
S11_C6_PRIMARY,primary,0.11,6.0,OBJECTIVE_LIQUIDITY_ONLY,ACCEPTANCE_RETEST,STRUCTURAL,,1.0,44,31.818181818181817,61.36363636363637,6.8181818181818175,9.090909090909092,-0.32057086633667004,0.49812991145653435,-0.36289505149206863,0.4559839968256841,1.3791327575945616,0.9160000000008495,7.5,-15.96738226565102
S11_C6_PRIMARY,primary,0.11,6.0,OBJECTIVE_LIQUIDITY_ONLY,ACCEPTANCE_RETEST,STRUCTURAL,,1.5,44,25.0,63.63636363636363,11.363636363636363,9.090909090909092,-0.2610998553755922,0.60527926429888,-0.30342404053099076,0.5608458300442516,1.3791327575945616,0.9160000000008495,7.5,-13.350657783363593
S11_C6_PRIMARY,primary,0.11,6.0,OBJECTIVE_LIQUIDITY_ONLY,ACCEPTANCE_RETEST,STRUCTURAL,,2.0,44,15.909090909090908,68.18181818181817,15.909090909090908,9.090909090909092,-0.32101639799018045,0.5459036208248699,-0.3633405831455789,0.508006644863597,1.3791327575945616,0.9160000000008495,7.5,-15.986985658405471
S11_C6_PRIMARY,primary,0.11,6.0,OBJECTIVE_LIQUIDITY_ONLY,ACCEPTANCE_RETEST,STRUCTURAL,,2.5,44,13.636363636363635,68.18181818181817,18.181818181818183,9.090909090909092,-0.26053604132617775,0.6314566054832553,-0.3028602264815763,0.589902075694253,1.3791327575945616,0.9160000000008495,7.5,-13.325849965189358
S11_C6_PRIMARY,primary,0.11,6.0,OBJECTIVE_LIQUIDITY_ONLY,ACCEPTANCE_RETEST,STRUCTURAL,,3.0,44,9.090909090909092,68.18181818181817,22.727272727272727,9.090909090909092,-0.27853286873829536,0.6059990456338288,-0.3208570538936939,0.5655328752497463,1.3791327575945616,0.9160000000008495,7.5,-14.117710371322532
S11_C6_PRIMARY,primary,0.11,6.0,OBJECTIVE_LIQUIDITY_ONLY,CLEAN_REJECTION,STRUCTURAL,,0.5,1383,62.039045553145336,26.60882140274765,11.352133044107013,0.07230657989877079,0.02331911910311856,1.07944541241953,-0.009303704163262793,0.9694545816714653,1.8095000000005257,0.9699999999997999,1.0,-12.867022857792444
S11_C6_PRIMARY,primary,0.11,6.0,OBJECTIVE_LIQUIDITY_ONLY,CLEAN_REJECTION,STRUCTURAL,,1.0,1383,38.033261026753436,36.370209689081705,25.59652928416486,0.07230657989877079,0.03626900661425492,1.0909251603646293,0.0036461833478735627,1.0088072104583445,1.8095000000005257,0.9699999999997999,1.0,5.042671570109137
S11_C6_PRIMARY,primary,0.11,6.0,OBJECTIVE_LIQUIDITY_ONLY,CLEAN_REJECTION,STRUCTURAL,,1.5,1383,24.87346348517715,40.05784526391902,35.06869125090383,0.14461315979754158,0.04812679398387359,1.1096546198255608,0.015503970717492226,1.0340245080293629,1.8095000000005257,0.9699999999997999,1.0,21.44199150229175
S11_C6_PRIMARY,primary,0.11,6.0,OBJECTIVE_LIQUIDITY_ONLY,CLEAN_REJECTION,STRUCTURAL,,2.0,1383,15.328994938539406,41.86550976138829,42.8054953000723,0.0,0.03545307075790103,1.077467169970811,0.002830247491519667,1.0059566996809737,1.8095000000005257,0.9699999999997999,1.0,3.9142322807716994
S11_C6_PRIMARY,primary,0.11,6.0,OBJECTIVE_LIQUIDITY_ONLY,CLEAN_REJECTION,STRUCTURAL,,2.5,1383,9.97830802603037,42.8054953000723,47.21619667389733,0.0,0.0274086073847673,1.0586558176569165,-0.0052142158816140495,0.98925244734029,1.8095000000005257,0.9699999999997999,1.0,-7.21126056427223
S11_C6_PRIMARY,primary,0.11,6.0,OBJECTIVE_LIQUIDITY_ONLY,CLEAN_REJECTION,STRUCTURAL,,3.0,1383,7.447577729573392,43.16702819956616,49.38539407086045,0.0,0.038195856265667946,1.0811135061585606,0.005573032999286588,1.0113996673578205,1.8095000000005257,0.9699999999997999,1.0,7.707504638013351
S11_C6_PRIMARY,primary,0.11,6.0,OBJECTIVE_LIQUIDITY_ONLY,FAILED_AUCTION,STRUCTURAL,,0.5,232,67.67241379310344,25.862068965517242,6.4655172413793105,0.0,0.07641380743943706,1.286204182880732,0.05133933182701643,1.1871200706413954,2.4275626520078504,0.81899999999996,4.0,11.910724983867812
S11_C6_PRIMARY,primary,0.11,6.0,OBJECTIVE_LIQUIDITY_ONLY,FAILED_AUCTION,STRUCTURAL,,1.0,232,47.41379310344828,39.6551724137931,12.931034482758621,0.0,0.09122675331103791,1.2236871298278458,0.06615227769861728,1.157792525775731,2.4275626520078504,0.81899999999996,4.0,15.34732842607921
S11_C6_PRIMARY,primary,0.11,6.0,OBJECTIVE_LIQUIDITY_ONLY,FAILED_AUCTION,STRUCTURAL,,1.5,232,32.758620689655174,45.258620689655174,21.982758620689655,0.0,0.09552744110542467,1.2037984990139263,0.07045296549300406,1.1461495700271578,2.4275626520078504,0.81899999999996,4.0,16.345087994376943
S11_C6_PRIMARY,primary,0.11,6.0,OBJECTIVE_LIQUIDITY_ONLY,FAILED_AUCTION,STRUCTURAL,,2.0,232,19.396551724137932,47.8448275862069,32.758620689655174,0.0,0.08577108234043307,1.1734161580145752,0.06069660672801246,1.1193450879641227,2.4275626520078504,0.81899999999996,4.0,14.081612760898892
S11_C6_PRIMARY,primary,0.11,6.0,OBJECTIVE_LIQUIDITY_ONLY,FAILED_AUCTION,STRUCTURAL,,2.5,232,14.655172413793101,48.275862068965516,37.06896551724138,0.0,0.11050618145882696,1.220757690893764,0.08543170584640633,1.165952714390736,2.4275626520078504,0.81899999999996,4.0,19.82015575636627
S11_C6_PRIMARY,primary,0.11,6.0,OBJECTIVE_LIQUIDITY_ONLY,FAILED_AUCTION,STRUCTURAL,,3.0,232,10.344827586206897,48.706896551724135,40.94827586206897,0.0,0.12176795237020645,1.2411785492393081,0.09669347675778579,1.1862195254378671,2.4275626520078504,0.81899999999996,4.0,22.432886607806303
S11_C6_PRIMARY,primary,0.11,6.0,OBJECTIVE_LIQUIDITY_ONLY,PASSIVE_TOUCH,STRUCTURAL,,0.5,951,46.47739221871714,52.78654048370137,0.7360672975814931,34.59516298633018,-0.3195002323245811,0.4211344602530684,-0.38988937706555404,0.338734107553519,0.8360000000000127,0.4500000000000455,1.0,-370.7847975893419
S11_C6_PRIMARY,primary,0.11,6.0,OBJECTIVE_LIQUIDITY_ONLY,PASSIVE_TOUCH,STRUCTURAL,,1.0,951,38.48580441640379,59.62145110410094,1.8927444794952681,33.33333333333333,-0.23466141579686034,0.6225345704562814,-0.3050505605378333,0.5408923003179917,0.8360000000000127,0.4500000000000455,1.0,-290.1030830714795
S11_C6_PRIMARY,primary,0.11,6.0,OBJECTIVE_LIQUIDITY_ONLY,PASSIVE_TOUCH,STRUCTURAL,,1.5,951,32.3869610935857,64.14300736067298,3.4700315457413247,33.01787592008412,-0.17141618601047046,0.7434726012842505,-0.24180533075144336,0.6615773873530967,0.8360000000000127,0.4500000000000455,1.0,-229.95686954462263
S11_C6_PRIMARY,primary,0.11,6.0,OBJECTIVE_LIQUIDITY_ONLY,PASSIVE_TOUCH,STRUCTURAL,,2.0,951,27.549947423764458,67.08727655099895,5.3627760252365935,32.70241850683491,-0.1167367937943632,0.8326828489112981,-0.18712593853533613,0.7492327549343798,0.8360000000000127,0.4500000000000455,1.0,-177.95676754710465
S11_C6_PRIMARY,primary,0.11,6.0,OBJECTIVE_LIQUIDITY_ONLY,PASSIVE_TOUCH,STRUCTURAL,,2.5,951,23.02839116719243,70.13669821240799,6.8349106203995795,32.70241850683491,-0.10442282217119842,0.8565998635667298,-0.17481196691217135,0.7755804086123853,0.8360000000000127,0.4500000000000455,1.0,-166.24618053347496
S11_C6_PRIMARY,primary,0.11,6.0,OBJECTIVE_LIQUIDITY_ONLY,PASSIVE_TOUCH,STRUCTURAL,,3.0,951,19.137749737118824,72.55520504731862,8.307045215562566,32.70241850683491,-0.10614717326396732,0.8589478089070739,-0.17653631800494024,0.7807306695610675,0.8360000000000127,0.4500000000000455,1.0,-167.88603842269816
S11_C6_PRIMARY,primary,0.11,6.0,OBJECTIVE_LIQUIDITY_ONLY,RECLAIM_PULLBACK,STRUCTURAL,,0.5,1114,63.105924596050265,30.610412926391383,6.283662477558348,2.7827648114901256,-0.00023335178383659562,0.999269407823679,-0.038211363580783315,0.8851427626862814,1.5501274480438951,0.7200000000000273,3.0,-42.567459028992616
S11_C6_PRIMARY,primary,0.11,6.0,OBJECTIVE_LIQUIDITY_ONLY,RECLAIM_PULLBACK,STRUCTURAL,,1.0,1114,43.806104129263915,40.754039497307005,15.439856373429084,2.96229802513465,0.04554299546672102,1.1067472066021076,0.007564983669774279,1.0170206852649217,1.5501274480438951,0.7200000000000273,3.0,8.427391808128547
S11_C6_PRIMARY,primary,0.11,6.0,OBJECTIVE_LIQUIDITY_ONLY,RECLAIM_PULLBACK,STRUCTURAL,,1.5,1114,30.16157989228007,45.78096947935368,24.057450628366247,2.7827648114901256,0.0645217202896784,1.134835627802576,0.026543708492731657,1.0532323553213934,1.5501274480438951,0.7200000000000273,3.0,29.569691260903067
S11_C6_PRIMARY,primary,0.11,6.0,OBJECTIVE_LIQUIDITY_ONLY,RECLAIM_PULLBACK,STRUCTURAL,,2.0,1114,20.556552962298024,48.38420107719928,31.05924596050269,2.872531418312388,0.06645147083722196,1.131290505136046,0.028473459040275227,1.0539835487077434,1.5501274480438951,0.7200000000000273,3.0,31.719433370866604
S11_C6_PRIMARY,primary,0.11,6.0,OBJECTIVE_LIQUIDITY_ONLY,RECLAIM_PULLBACK,STRUCTURAL,,2.5,1114,14.452423698384202,50.179533213644525,35.36804308797127,2.7827648114901256,0.054466266863662426,1.103861576660846,0.016488255066715675,1.0301680559579962,1.5501274480438951,0.7200000000000273,3.0,18.367916144321264
S11_C6_PRIMARY,primary,0.11,6.0,OBJECTIVE_LIQUIDITY_ONLY,RECLAIM_PULLBACK,STRUCTURAL,,3.0,1114,10.951526032315979,50.62836624775583,38.42010771992819,2.7827648114901256,0.07215002689652475,1.1364151428652844,0.034172015099578006,1.061992393879155,1.5501274480438951,0.7200000000000273,3.0,38.0676248209299
S11_C6_PRIMARY,primary,0.11,6.0,OBJECTIVE_LIQUIDITY_ONLY,TOUCH_NEXT_OPEN,VOL_FLOOR_0.25,0.25,0.5,1830,64.04371584699453,28.142076502732237,7.814207650273223,1.1475409836065573,0.026166866527450372,1.0873978309331949,-0.01603022198766933,0.9488576473682335,1.5882499999999027,0.1739194723374264,1.0,-29.33530623743487
S11_C6_PRIMARY,primary,0.11,6.0,OBJECTIVE_LIQUIDITY_ONLY,TOUCH_NEXT_OPEN,VOL_FLOOR_0.25,0.25,1.0,1830,42.240437158469945,38.5792349726776,19.18032786885246,0.7650273224043715,0.05193171672764199,1.1259258073777434,0.00973462821252229,1.0225420411087442,1.5882499999999027,0.1739194723374264,1.0,17.81436962891579
S11_C6_PRIMARY,primary,0.11,6.0,OBJECTIVE_LIQUIDITY_ONLY,TOUCH_NEXT_OPEN,VOL_FLOOR_0.25,0.25,1.5,1830,28.96174863387978,43.71584699453552,27.322404371584703,0.49180327868852464,0.06286499622920662,1.134564291782098,0.020667907714086924,1.0422264323988493,1.5882499999999027,0.1739194723374264,1.0,37.82227111677907
S11_C6_PRIMARY,primary,0.11,6.0,OBJECTIVE_LIQUIDITY_ONLY,TOUCH_NEXT_OPEN,VOL_FLOOR_0.25,0.25,2.0,1830,19.672131147540984,46.39344262295082,33.9344262295082,0.3825136612021858,0.05696723795756269,1.115182286686095,0.014770149442443007,1.0284911860639072,1.5882499999999027,0.1739194723374264,1.0,27.029373479670703
S11_C6_PRIMARY,primary,0.11,6.0,OBJECTIVE_LIQUIDITY_ONLY,TOUCH_NEXT_OPEN,VOL_FLOOR_0.25,0.25,2.5,1830,14.426229508196723,47.759562841530055,37.814207650273225,0.2185792349726776,0.061503118859166324,1.120883229737017,0.019306030344046633,1.0361990805897614,1.5882499999999027,0.1739194723374264,1.0,35.33003552960534
S11_C6_PRIMARY,primary,0.11,6.0,OBJECTIVE_LIQUIDITY_ONLY,TOUCH_NEXT_OPEN,VOL_FLOOR_0.25,0.25,3.0,1830,10.601092896174864,48.797814207650276,40.60109289617486,0.2185792349726776,0.05417875320772286,1.1043430099989815,0.011981664692603165,1.02201043761554,1.5882499999999027,0.1739194723374264,1.0,21.92644638746379
S11_C6_PRIMARY,primary,0.11,6.0,OBJECTIVE_LIQUIDITY_ONLY,TOUCH_NEXT_OPEN,VOL_FLOOR_0.50,0.5,0.5,1830,64.42622950819671,27.759562841530055,7.814207650273223,0.6010928961748634,0.031904571445484205,1.1079409307298067,-0.0075525493752112444,0.9754936820411994,1.606750000000261,0.2889999999997599,1.0,-13.821165356636577
S11_C6_PRIMARY,primary,0.11,6.0,OBJECTIVE_LIQUIDITY_ONLY,TOUCH_NEXT_OPEN,VOL_FLOOR_0.50,0.5,1.0,1830,42.02185792349727,38.7431693989071,19.23497267759563,0.273224043715847,0.048220216050666724,1.1164630764532106,0.00876309522997126,1.0202723390772535,1.606750000000261,0.2889999999997599,1.0,16.036464270847404
S11_C6_PRIMARY,primary,0.11,6.0,OBJECTIVE_LIQUIDITY_ONLY,TOUCH_NEXT_OPEN,VOL_FLOOR_0.50,0.5,1.5,1830,28.852459016393446,43.55191256830601,27.595628415300546,0.2185792349726776,0.06445237827193402,1.138453746913356,0.02499525745123857,1.051417915342963,1.606750000000261,0.2889999999997599,1.0,45.74132113576658
S11_C6_PRIMARY,primary,0.11,6.0,OBJECTIVE_LIQUIDITY_ONLY,TOUCH_NEXT_OPEN,VOL_FLOOR_0.50,0.5,2.0,1830,19.2896174863388,46.33879781420765,34.37158469945355,0.16393442622950818,0.05339648095119396,1.108016531212271,0.013939360130498499,1.0269985431595057,1.606750000000261,0.2889999999997599,1.0,25.50902903881225
S11_C6_PRIMARY,primary,0.11,6.0,OBJECTIVE_LIQUIDITY_ONLY,TOUCH_NEXT_OPEN,VOL_FLOOR_0.50,0.5,2.5,1830,14.043715846994537,47.868852459016395,38.087431693989075,0.1092896174863388,0.051245177216471934,1.1004465777128407,0.011788056395776474,1.022117748057752,1.606750000000261,0.2889999999997599,1.0,21.572143204270947
S11_C6_PRIMARY,primary,0.11,6.0,OBJECTIVE_LIQUIDITY_ONLY,TOUCH_NEXT_OPEN,VOL_FLOOR_0.50,0.5,3.0,1830,10.218579234972678,48.743169398907106,41.03825136612022,0.0546448087431694,0.04656357560544582,1.0897207040582941,0.007106454784750373,1.013106731819936,1.606750000000261,0.2889999999997599,1.0,13.004812256093183
S11_C6_PRIMARY,primary,0.11,6.0,OBJECTIVE_LIQUIDITY_ONLY,TOUCH_NEXT_OPEN,VOL_FLOOR_0.75,0.75,0.5,1830,64.6448087431694,27.54098360655738,7.814207650273223,0.16393442622950818,0.035165483148858825,1.1198524977127424,-0.001445111001824004,0.9952648898002712,1.6909999999996899,0.2993008920533621,1.0,-2.6445531333379275
S11_C6_PRIMARY,primary,0.11,6.0,OBJECTIVE_LIQUIDITY_ONLY,TOUCH_NEXT_OPEN,VOL_FLOOR_0.75,0.75,1.0,1830,42.185792349726775,37.923497267759565,19.89071038251366,0.16393442622950818,0.05960724965618171,1.1467762769591217,0.022996655505498877,1.0543843239072974,1.6909999999996899,0.2993008920533621,1.0,42.083879575062944
S11_C6_PRIMARY,primary,0.11,6.0,OBJECTIVE_LIQUIDITY_ONLY,TOUCH_NEXT_OPEN,VOL_FLOOR_0.75,0.75,1.5,1830,28.0327868852459,42.841530054644814,29.125683060109292,0.1092896174863388,0.06457001342891418,1.140631474644042,0.027959419278231354,1.0584839438672757,1.6909999999996899,0.2993008920533621,1.0,51.16573727916338
S11_C6_PRIMARY,primary,0.11,6.0,OBJECTIVE_LIQUIDITY_ONLY,TOUCH_NEXT_OPEN,VOL_FLOOR_0.75,0.75,2.0,1830,18.251366120218577,45.1912568306011,36.55737704918033,0.0546448087431694,0.058577122049267516,1.1212691073310874,0.021966527898584682,1.0436687020448072,1.6909999999996899,0.2993008920533621,1.0,40.198746054409966
S11_C6_PRIMARY,primary,0.11,6.0,OBJECTIVE_LIQUIDITY_ONLY,TOUCH_NEXT_OPEN,VOL_FLOOR_0.75,0.75,2.5,1830,12.786885245901638,46.28415300546448,40.92896174863388,0.0,0.059634809347050795,1.1205962162101835,0.023024215196367964,1.0447010842961337,1.6909999999996899,0.2993008920533621,1.0,42.13431380935337
S11_C6_PRIMARY,primary,0.11,6.0,OBJECTIVE_LIQUIDITY_ONLY,TOUCH_NEXT_OPEN,VOL_FLOOR_0.75,0.75,3.0,1830,9.234972677595628,46.994535519125684,43.77049180327869,0.0,0.05928872338092269,1.1181983461640534,0.02267812923023986,1.0434063736912393,1.6909999999996899,0.2993008920533621,1.0,41.500976491338946
S11_C6_PRIMARY,primary,0.11,6.0,OBJECTIVE_LIQUIDITY_ONLY,TOUCH_NEXT_OPEN,VOL_FLOOR_1.00,1.0,0.5,1830,64.69945355191257,26.830601092896174,8.469945355191257,0.0546448087431694,0.04275489112005988,1.1490913492534345,0.009451870303674505,1.0317761985067984,1.8831220140027645,0.3990678560711495,1.0,17.296922655724345
S11_C6_PRIMARY,primary,0.11,6.0,OBJECTIVE_LIQUIDITY_ONLY,TOUCH_NEXT_OPEN,VOL_FLOOR_1.00,1.0,1.0,1830,40.27322404371585,37.486338797814206,22.240437158469945,0.0546448087431694,0.0478965387513998,1.118510677512155,0.014593517935014434,1.034793966452898,1.8831220140027645,0.3990678560711495,1.0,26.706137821076414
S11_C6_PRIMARY,primary,0.11,6.0,OBJECTIVE_LIQUIDITY_ONLY,TOUCH_NEXT_OPEN,VOL_FLOOR_1.00,1.0,1.5,1830,25.40983606557377,41.4207650273224,33.169398907103826,0.1092896174863388,0.056104008002646,1.1256434316605082,0.022800987186260627,1.0492017730173033,1.8831220140027645,0.3990678560711495,1.0,41.725806550856944
S11_C6_PRIMARY,primary,0.11,6.0,OBJECTIVE_LIQUIDITY_ONLY,TOUCH_NEXT_OPEN,VOL_FLOOR_1.00,1.0,2.0,1830,15.956284153005464,43.224043715846996,40.81967213114754,0.0,0.05369726184828896,1.1155443619294916,0.0203942410319036,1.0422802942008385,1.8831220140027645,0.3990678560711495,1.0,37.321461088383586
S11_C6_PRIMARY,primary,0.11,6.0,OBJECTIVE_LIQUIDITY_ONLY,TOUCH_NEXT_OPEN,VOL_FLOOR_1.00,1.0,2.5,1830,10.87431693989071,44.15300546448088,44.97267759562841,0.0,0.04879399275373647,1.1027220814954293,0.01549097193735111,1.0314174069143633,1.8831220140027645,0.3990678560711495,1.0,28.34847864535253
S11_C6_PRIMARY,primary,0.11,6.0,OBJECTIVE_LIQUIDITY_ONLY,TOUCH_NEXT_OPEN,VOL_FLOOR_1.00,1.0,3.0,1830,7.377049180327869,44.6448087431694,47.978142076502735,0.0,0.04805200911410287,1.1001234110583915,0.01474898829771751,1.0296061130859695,1.8831220140027645,0.3990678560711495,1.0,26.99064858482304
S12_C6,sensitivity,0.12,6.0,DISPLACEMENT_ORIGIN_ONLY,ACCEPTANCE_RETEST,STRUCTURAL,,0.5,15,46.666666666666664,53.333333333333336,0.0,20.0,-0.3000000000000066,0.4374999999999877,-0.42292695513664913,0.2938495559307049,0.5255000000001928,0.29899999999997817,8.0,-6.343904327049737
S12_C6,sensitivity,0.12,6.0,DISPLACEMENT_ORIGIN_ONLY,ACCEPTANCE_RETEST,STRUCTURAL,,1.0,15,40.0,60.0,0.0,20.0,-0.2,0.6666666666666666,-0.3229269551366425,0.5176051079370511,0.5255000000001928,0.29899999999997817,8.0,-4.843904327049637
S12_C6,sensitivity,0.12,6.0,DISPLACEMENT_ORIGIN_ONLY,ACCEPTANCE_RETEST,STRUCTURAL,,1.5,15,33.33333333333333,66.66666666666666,0.0,20.0,-0.1666666666666601,0.7500000000000099,-0.28959362180330267,0.611646018724408,0.5255000000001928,0.29899999999997817,8.0,-4.34390432704954
S12_C6,sensitivity,0.12,6.0,DISPLACEMENT_ORIGIN_ONLY,ACCEPTANCE_RETEST,STRUCTURAL,,2.0,15,26.666666666666668,66.66666666666666,6.666666666666667,20.0,-0.1349896480331336,0.7980173482032131,-0.2579166031697762,0.6577369426238834,0.5255000000001928,0.29899999999997817,8.0,-3.868749047546643
S12_C6,sensitivity,0.12,6.0,DISPLACEMENT_ORIGIN_ONLY,ACCEPTANCE_RETEST,STRUCTURAL,,2.5,15,26.666666666666668,66.66666666666666,6.666666666666667,20.0,-0.001656314699806849,0.9975216852540064,-0.12458326983644936,0.8346742694805557,0.5255000000001928,0.29899999999997817,8.0,-1.8687490475467405
S12_C6,sensitivity,0.12,6.0,DISPLACEMENT_ORIGIN_ONLY,ACCEPTANCE_RETEST,STRUCTURAL,,3.0,15,26.666666666666668,66.66666666666666,6.666666666666667,20.0,0.13167701863353307,1.1970260223048197,0.008750063496890625,1.0116115963372454,0.5255000000001928,0.29899999999997817,8.0,0.13125095245335938
S12_C6,sensitivity,0.12,6.0,DISPLACEMENT_ORIGIN_ONLY,CLEAN_REJECTION,STRUCTURAL,,0.5,804,56.343283582089555,23.507462686567166,20.149253731343283,0.0,0.01788403914301465,1.065046434534266,-0.013887127934614803,0.9514718040368857,2.313609360071837,0.3869999999999436,1.0,-11.165250859430301
S12_C6,sensitivity,0.12,6.0,DISPLACEMENT_ORIGIN_ONLY,CLEAN_REJECTION,STRUCTURAL,,1.0,804,33.83084577114428,29.975124378109452,36.19402985074627,0.0,0.04668296789405039,1.1328020418791738,0.014911800816420925,1.0407050756284117,2.313609360071837,0.3869999999999436,1.0,11.989087856402424
S12_C6,sensitivity,0.12,6.0,DISPLACEMENT_ORIGIN_ONLY,CLEAN_REJECTION,STRUCTURAL,,1.5,804,22.263681592039802,33.95522388059701,43.78109452736319,0.0,0.04548590950746846,1.1156212172169413,0.01371474242983901,1.0334237569592397,2.313609360071837,0.3869999999999436,1.0,11.026652913590564
S12_C6,sensitivity,0.12,6.0,DISPLACEMENT_ORIGIN_ONLY,CLEAN_REJECTION,STRUCTURAL,,2.0,804,14.925373134328357,35.44776119402985,49.62686567164179,0.0,0.047280516981034595,1.115665966812924,0.015509349903405127,1.0363477679070359,2.313609360071837,0.3869999999999436,1.0,12.469517322337722
S12_C6,sensitivity,0.12,6.0,DISPLACEMENT_ORIGIN_ONLY,CLEAN_REJECTION,STRUCTURAL,,2.5,804,10.074626865671641,36.81592039800995,53.10945273631841,0.0,0.0262579526088568,1.0620570364886817,-0.005513214468772658,0.9875242992922371,2.313609360071837,0.3869999999999436,1.0,-4.432624432893217
S12_C6,sensitivity,0.12,6.0,DISPLACEMENT_ORIGIN_ONLY,CLEAN_REJECTION,STRUCTURAL,,3.0,804,6.0945273631840795,37.6865671641791,56.21890547263681,0.0,-0.0007615409291264262,0.99823654935422,-0.03253270800675588,0.9278952068739168,2.313609360071837,0.3869999999999436,1.0,-26.15629723743173
S12_C6,sensitivity,0.12,6.0,DISPLACEMENT_ORIGIN_ONLY,FAILED_AUCTION,STRUCTURAL,,0.5,205,56.09756097560976,40.0,3.902439024390244,0.4878048780487805,-0.11997223853917853,0.7024936636640741,-0.17166027139535014,0.5965190747851671,1.2720166543622327,0.29700000000002547,2.0,-35.19035563604678
S12_C6,sensitivity,0.12,6.0,DISPLACEMENT_ORIGIN_ONLY,FAILED_AUCTION,STRUCTURAL,,1.0,205,38.53658536585366,54.146341463414636,7.317073170731707,0.0,-0.1523505823445672,0.7222975166900123,-0.20403861520073882,0.6481145412238098,1.2720166543622327,0.29700000000002547,2.0,-41.82791611615146
S12_C6,sensitivity,0.12,6.0,DISPLACEMENT_ORIGIN_ONLY,FAILED_AUCTION,STRUCTURAL,,1.5,205,30.24390243902439,59.512195121951216,10.24390243902439,0.0,-0.12355498144240658,0.7956138117541681,-0.1752430142985782,0.7257792879358846,1.2720166543622327,0.29700000000002547,2.0,-35.92481793120853
S12_C6,sensitivity,0.12,6.0,DISPLACEMENT_ORIGIN_ONLY,FAILED_AUCTION,STRUCTURAL,,2.0,205,24.390243902439025,62.926829268292686,12.682926829268293,0.0,-0.09962597455063177,0.844008689274265,-0.15131400740680345,0.7760040124975222,1.2720166543622327,0.29700000000002547,2.0,-31.019371518394706
S12_C6,sensitivity,0.12,6.0,DISPLACEMENT_ORIGIN_ONLY,FAILED_AUCTION,STRUCTURAL,,2.5,205,20.0,63.90243902439025,16.097560975609756,0.0,-0.04963271367489408,0.9234558841323005,-0.10132074653106574,0.8523155721041666,1.2720166543622327,0.29700000000002547,2.0,-20.770753038868477
S12_C6,sensitivity,0.12,6.0,DISPLACEMENT_ORIGIN_ONLY,FAILED_AUCTION,STRUCTURAL,,3.0,205,15.121951219512194,66.34146341463415,18.536585365853657,0.0,-0.08022452251494208,0.8807619868851959,-0.13191255537111368,0.814686435390964,1.2720166543622327,0.29700000000002547,2.0,-27.042073851078307
S12_C6,sensitivity,0.12,6.0,DISPLACEMENT_ORIGIN_ONLY,PASSIVE_TOUCH,STRUCTURAL,,0.5,443,46.50112866817156,53.49887133182845,0.0,33.86004514672686,-0.3140066326998537,0.4254353534842574,-0.4358929915862118,0.2950239720243903,0.5147632967361915,0.24200000000018917,1.0,-193.10059527269183
S12_C6,sensitivity,0.12,6.0,DISPLACEMENT_ORIGIN_ONLY,PASSIVE_TOUCH,STRUCTURAL,,1.0,443,40.85778781038375,59.14221218961625,0.0,32.731376975169304,-0.19495965642993543,0.6769717784320739,-0.3168460153162936,0.5347983574553873,0.5147632967361915,0.24200000000018917,1.0,-140.36278478511807
S12_C6,sensitivity,0.12,6.0,DISPLACEMENT_ORIGIN_ONLY,PASSIVE_TOUCH,STRUCTURAL,,1.5,443,34.537246049661405,64.55981941309255,0.9029345372460496,32.27990970654628,-0.14030703350158555,0.7871307263476082,-0.26219339238794365,0.6466922385198074,0.5147632967361915,0.24200000000018917,1.0,-116.15167282785904
S12_C6,sensitivity,0.12,6.0,DISPLACEMENT_ORIGIN_ONLY,PASSIVE_TOUCH,STRUCTURAL,,2.0,443,28.442437923250562,69.52595936794582,2.0316027088036117,31.82844243792325,-0.13290489216922588,0.8125307265395358,-0.25479125105558403,0.6805605737002474,0.5147632967361915,0.24200000000018917,1.0,-112.87252421762372
S12_C6,sensitivity,0.12,6.0,DISPLACEMENT_ORIGIN_ONLY,PASSIVE_TOUCH,STRUCTURAL,,2.5,443,25.5079006772009,71.55756207674943,2.9345372460496613,31.60270880361174,-0.07477020570789294,0.8974708877933892,-0.19665656459425113,0.76039503374817,0.5147632967361915,0.24200000000018917,1.0,-87.11885811525325
S12_C6,sensitivity,0.12,6.0,DISPLACEMENT_ORIGIN_ONLY,PASSIVE_TOUCH,STRUCTURAL,,3.0,443,22.573363431151243,73.81489841986456,3.611738148984198,31.376975169300223,-0.045005604991940756,0.9401387206851978,-0.16689196387829894,0.8027481345278191,0.5147632967361915,0.24200000000018917,1.0,-73.93313999808643
S12_C6,sensitivity,0.12,6.0,DISPLACEMENT_ORIGIN_ONLY,RECLAIM_PULLBACK,STRUCTURAL,,0.5,697,54.51936872309899,32.568149210903876,12.91248206599713,3.2998565279770444,-0.0661306675977709,0.8098922570179102,-0.11354733338047533,0.6915919836498953,1.5325000000000273,0.26050000000009277,3.0,-79.14249136619131
S12_C6,sensitivity,0.12,6.0,DISPLACEMENT_ORIGIN_ONLY,RECLAIM_PULLBACK,STRUCTURAL,,1.0,697,35.86800573888092,40.74605451936873,23.38593974175036,3.012912482065997,-0.04083094435759188,0.9066963073527089,-0.08824761014029632,0.8094132124754605,1.5325000000000273,0.26050000000009277,3.0,-61.50858426778654
S12_C6,sensitivity,0.12,6.0,DISPLACEMENT_ORIGIN_ONLY,RECLAIM_PULLBACK,STRUCTURAL,,1.5,697,26.54232424677188,43.75896700143472,29.6987087517934,2.72596843615495,0.01136681158683686,1.0242644728890933,-0.03604985419586758,0.9273212773457413,1.5325000000000273,0.26050000000009277,3.0,-25.1267483745197
S12_C6,sensitivity,0.12,6.0,DISPLACEMENT_ORIGIN_ONLY,RECLAIM_PULLBACK,STRUCTURAL,,2.0,697,19.225251076040173,47.48923959827834,33.28550932568149,2.72596843615495,-0.005553284484081338,0.989019870322637,-0.0529699502667858,0.901144538500508,1.5325000000000273,0.26050000000009277,3.0,-36.9200553359497
S12_C6,sensitivity,0.12,6.0,DISPLACEMENT_ORIGIN_ONLY,RECLAIM_PULLBACK,STRUCTURAL,,2.5,697,15.351506456241031,48.92395982783357,35.724533715925396,2.72596843615495,0.012159429337152743,1.023378804278889,-0.035257236445551676,0.936032844826871,1.5325000000000273,0.26050000000009277,3.0,-24.57429380254952
S12_C6,sensitivity,0.12,6.0,DISPLACEMENT_ORIGIN_ONLY,RECLAIM_PULLBACK,STRUCTURAL,,3.0,697,12.625538020086083,49.92826398852224,37.44619799139168,2.72596843615495,0.026650170613563666,1.050269314223131,-0.020766495169140756,0.9630665107031855,1.5325000000000273,0.26050000000009277,3.0,-14.474247132891108
S12_C6,sensitivity,0.12,6.0,DISPLACEMENT_ORIGIN_ONLY,TOUCH_NEXT_OPEN,VOL_FLOOR_0.25,0.25,0.5,1037,58.05207328833173,26.422372227579555,15.525554484088715,1.0607521697203472,0.005791826282785227,1.0197181609832975,-0.040973100009001645,0.8684448223405783,1.7899999999999636,0.14887448482400162,1.0,-42.489104709334704
S12_C6,sensitivity,0.12,6.0,DISPLACEMENT_ORIGIN_ONLY,TOUCH_NEXT_OPEN,VOL_FLOOR_0.25,0.25,1.0,1037,37.89778206364513,34.3297974927676,27.77242044358727,0.3857280617164899,0.04292488247969403,1.1121698957693869,-0.0038400438120928266,0.9905318547837597,1.7899999999999636,0.14887448482400162,1.0,-3.9821254331402614
S12_C6,sensitivity,0.12,6.0,DISPLACEMENT_ORIGIN_ONLY,TOUCH_NEXT_OPEN,VOL_FLOOR_0.25,0.25,1.5,1037,26.711668273866923,39.537126325940214,33.751205400192866,0.3857280617164899,0.04970050992095687,1.1137427946259713,0.002935583629170008,1.0063319874823362,1.7899999999999636,0.14887448482400162,1.0,3.044200223449298
S12_C6,sensitivity,0.12,6.0,DISPLACEMENT_ORIGIN_ONLY,TOUCH_NEXT_OPEN,VOL_FLOOR_0.25,0.25,2.0,1037,18.80424300867888,42.23722275795564,38.95853423336548,0.19286403085824494,0.04533006193069241,1.0976726774780874,-0.001434864361094443,0.9970883393371333,1.7899999999999636,0.14887448482400162,1.0,-1.4879543424549375
S12_C6,sensitivity,0.12,6.0,DISPLACEMENT_ORIGIN_ONLY,TOUCH_NEXT_OPEN,VOL_FLOOR_0.25,0.25,2.5,1037,13.69334619093539,44.45515911282546,41.85149469623915,0.19286403085824494,0.021130116866357174,1.0433978176915537,-0.02563480942542969,0.9504712912844447,1.7899999999999636,0.14887448482400162,1.0,-26.583297374170588
S12_C6,sensitivity,0.12,6.0,DISPLACEMENT_ORIGIN_ONLY,TOUCH_NEXT_OPEN,VOL_FLOOR_0.25,0.25,3.0,1037,10.12536162005786,45.61234329797493,44.26229508196721,0.19286403085824494,0.010771915979285633,1.021609673080057,-0.035993010312501225,0.9320970665174421,1.7899999999999636,0.14887448482400162,1.0,-37.32475169406377
S12_C6,sensitivity,0.12,6.0,DISPLACEMENT_ORIGIN_ONLY,TOUCH_NEXT_OPEN,VOL_FLOOR_0.50,0.5,0.5,1037,59.01639344262295,25.458052073288336,15.525554484088715,0.28929604628736744,0.020328208661286762,1.0715742253753187,-0.018739892842980173,0.9370758086318133,1.8768250933840136,0.29774896964800324,1.0,-19.433268878170438
S12_C6,sensitivity,0.12,6.0,DISPLACEMENT_ORIGIN_ONLY,TOUCH_NEXT_OPEN,VOL_FLOOR_0.50,0.5,1.0,1037,38.66923818707811,33.4619093539055,27.86885245901639,0.09643201542912247,0.05984316487647122,1.1600397323065632,0.020775063372204288,1.0529461829401074,1.8768250933840136,0.29774896964800324,1.0,21.543740716975847
S12_C6,sensitivity,0.12,6.0,DISPLACEMENT_ORIGIN_ONLY,TOUCH_NEXT_OPEN,VOL_FLOOR_0.50,0.5,1.5,1037,27.09739633558341,38.572806171648985,34.3297974927676,0.09643201542912247,0.06959428636264386,1.1629056681575698,0.030526184858376954,1.0680291670273485,1.8768250933840136,0.29774896964800324,1.0,31.655653698136902
S12_C6,sensitivity,0.12,6.0,DISPLACEMENT_ORIGIN_ONLY,TOUCH_NEXT_OPEN,VOL_FLOOR_0.50,0.5,2.0,1037,18.900675024108004,41.080038572806174,40.01928640308582,0.0,0.06794760992735609,1.1501857111732552,0.028879508423089166,1.0607194382393696,1.8768250933840136,0.29774896964800324,1.0,29.948050234743466
S12_C6,sensitivity,0.12,6.0,DISPLACEMENT_ORIGIN_ONLY,TOUCH_NEXT_OPEN,VOL_FLOOR_0.50,0.5,2.5,1037,13.018322082931533,43.49083895853423,43.49083895853423,0.0,0.031071826764743116,1.065120392259645,-0.007996274739523801,0.9840696712097271,1.8768250933840136,0.29774896964800324,1.0,-8.292136904886181
S12_C6,sensitivity,0.12,6.0,DISPLACEMENT_ORIGIN_ONLY,TOUCH_NEXT_OPEN,VOL_FLOOR_0.50,0.5,3.0,1037,9.450337512054002,44.6480231436837,45.90163934426229,0.0,0.01634342067386349,1.0334407708864608,-0.022724680830403413,0.955820184679082,1.8768250933840136,0.29774896964800324,1.0,-23.56549402112834
S12_C6,sensitivity,0.12,6.0,DISPLACEMENT_ORIGIN_ONLY,TOUCH_NEXT_OPEN,VOL_FLOOR_0.75,0.75,0.5,1037,59.11282545805208,25.168756027000967,15.718418514946963,0.09643201542912247,0.02411119668493535,1.0857942401613303,-0.009183066492087649,0.9686280734469715,2.09472198517675,0.3330000000000837,1.0,-9.522839952294891
S12_C6,sensitivity,0.12,6.0,DISPLACEMENT_ORIGIN_ONLY,TOUCH_NEXT_OPEN,VOL_FLOOR_0.75,0.75,1.0,1037,38.1870781099325,32.78688524590164,29.026036644165863,0.0,0.06255179843840925,1.1696263924835806,0.02925753526138625,1.0760865121819627,2.09472198517675,0.3330000000000837,1.0,30.340064066057543
S12_C6,sensitivity,0.12,6.0,DISPLACEMENT_ORIGIN_ONLY,TOUCH_NEXT_OPEN,VOL_FLOOR_0.75,0.75,1.5,1037,25.650916104146575,37.60848601735776,36.74059787849566,0.0,0.06493339086175656,1.1546748155738582,0.03163912768473358,1.0722002239944584,2.09472198517675,0.3330000000000837,1.0,32.80977540906872
S12_C6,sensitivity,0.12,6.0,DISPLACEMENT_ORIGIN_ONLY,TOUCH_NEXT_OPEN,VOL_FLOOR_0.75,0.75,2.0,1037,16.39344262295082,39.922854387656706,43.68370298939247,0.0,0.046162339251222186,1.1041514408990822,0.0128680760741992,1.0278108082420423,2.09472198517675,0.3330000000000837,1.0,13.34419488894457
S12_C6,sensitivity,0.12,6.0,DISPLACEMENT_ORIGIN_ONLY,TOUCH_NEXT_OPEN,VOL_FLOOR_0.75,0.75,2.5,1037,10.800385728061716,41.17647058823529,48.02314368370299,0.0,0.024561691329447462,1.0537554335354413,-0.008732571847575529,0.9816981326293309,2.09472198517675,0.3330000000000837,1.0,-9.055677005935824
S12_C6,sensitivity,0.12,6.0,DISPLACEMENT_ORIGIN_ONLY,TOUCH_NEXT_OPEN,VOL_FLOOR_0.75,0.75,3.0,1037,7.03953712632594,41.85149469623915,51.10896817743491,0.0,0.005516869207319455,1.0118982573544033,-0.027777393969703565,0.9426718480317877,2.09472198517675,0.3330000000000837,1.0,-28.805157546582596
S12_C6,sensitivity,0.12,6.0,DISPLACEMENT_ORIGIN_ONLY,TOUCH_NEXT_OPEN,VOL_FLOOR_1.00,1.0,0.5,1037,58.43780135004821,24.783027965284475,16.77917068466731,0.0,0.024862544436526825,1.089459679830824,-0.003948691080970023,0.9862937458790466,2.3439999999998236,0.41599370618569176,1.0,-4.094792650965914
S12_C6,sensitivity,0.12,6.0,DISPLACEMENT_ORIGIN_ONLY,TOUCH_NEXT_OPEN,VOL_FLOOR_1.00,1.0,1.0,1037,35.10125361620058,32.208293153326906,32.690453230472514,0.0,0.03958081102892566,1.1080408979994123,0.010769575511428809,1.0283145612188742,2.3439999999998236,0.41599370618569176,1.0,11.168049805351675
S12_C6,sensitivity,0.12,6.0,DISPLACEMENT_ORIGIN_ONLY,TOUCH_NEXT_OPEN,VOL_FLOOR_1.00,1.0,1.5,1037,21.793635486981678,35.67984570877532,42.52651880424301,0.0,0.04497214281807648,1.1115839156522782,0.016160907300579636,1.0386039837446857,2.3439999999998236,0.41599370618569176,1.0,16.75886087070108
S12_C6,sensitivity,0.12,6.0,DISPLACEMENT_ORIGIN_ONLY,TOUCH_NEXT_OPEN,VOL_FLOOR_1.00,1.0,2.0,1037,13.114754098360656,37.126325940212155,49.758919961427196,0.0,0.031326372171378424,1.0748639021105655,0.0025151366538815867,1.0057849037221875,2.3439999999998236,0.41599370618569176,1.0,2.6081967100752053
S12_C6,sensitivity,0.12,6.0,DISPLACEMENT_ORIGIN_ONLY,TOUCH_NEXT_OPEN,VOL_FLOOR_1.00,1.0,2.5,1037,8.486017357762778,37.89778206364513,53.616200578592085,0.0,0.02184436799103145,1.0512061944153555,-0.006966867526465404,0.9842908494151379,2.3439999999998236,0.41599370618569176,1.0,-7.224641624944624
S12_C6,sensitivity,0.12,6.0,DISPLACEMENT_ORIGIN_ONLY,TOUCH_NEXT_OPEN,VOL_FLOOR_1.00,1.0,3.0,1037,5.593056894889104,38.1870781099325,56.219864995178405,0.0,0.019896629671967144,1.0463207686758056,-0.008914605845529704,0.980042815550954,2.3439999999998236,0.41599370618569176,1.0,-9.244446261814304
S12_C6,sensitivity,0.12,6.0,DOZ_OBJECTIVE_ONLY,ACCEPTANCE_RETEST,STRUCTURAL,,0.5,5,60.0,40.0,0.0,40.0,-0.1000000000001156,0.749999999999711,-0.2318573876587749,0.5075740086717894,0.5462655151895888,0.24549999999999272,9.0,-1.1592869382938744
S12_C6,sensitivity,0.12,6.0,DOZ_OBJECTIVE_ONLY,ACCEPTANCE_RETEST,STRUCTURAL,,1.0,5,60.0,40.0,0.0,40.0,0.2,1.5,0.06814261234134081,1.1447234171518483,0.5462655151895888,0.24549999999999272,9.0,0.340713061706704
S12_C6,sensitivity,0.12,6.0,DOZ_OBJECTIVE_ONLY,ACCEPTANCE_RETEST,STRUCTURAL,,1.5,5,40.0,60.0,0.0,40.0,8.29558643999917e-14,1.0000000000001383,-0.13185738765857632,0.8083714857011467,0.5462655151895888,0.24549999999999272,9.0,-0.6592869382928817
S12_C6,sensitivity,0.12,6.0,DOZ_OBJECTIVE_ONLY,ACCEPTANCE_RETEST,STRUCTURAL,,2.0,5,40.0,60.0,0.0,20.0,0.2,1.3333333333333333,0.06814261234134071,1.099031747824594,0.5462655151895888,0.24549999999999272,9.0,0.34071306170670357
S12_C6,sensitivity,0.12,6.0,DOZ_OBJECTIVE_ONLY,ACCEPTANCE_RETEST,STRUCTURAL,,2.5,5,20.0,80.0,0.0,20.0,-0.3000000000000509,0.6249999999999364,-0.43185738765871023,0.5228042246801354,0.5462655151895888,0.24549999999999272,9.0,-2.159286938293551
S12_C6,sensitivity,0.12,6.0,DOZ_OBJECTIVE_ONLY,ACCEPTANCE_RETEST,STRUCTURAL,,3.0,5,20.0,80.0,0.0,20.0,-0.2,0.75,-0.3318573876586593,0.6333026875887351,0.5462655151895888,0.24549999999999272,9.0,-1.6592869382932964
S12_C6,sensitivity,0.12,6.0,DOZ_OBJECTIVE_ONLY,CLEAN_REJECTION,STRUCTURAL,,0.5,23,82.6086956521739,8.695652173913043,8.695652173913043,0.0,0.3099670426280731,3.8820734012922338,0.2626056836206672,3.3075499840129625,1.2850000000000819,0.5284999999998945,1.0,6.039930723275346
S12_C6,sensitivity,0.12,6.0,DOZ_OBJECTIVE_ONLY,CLEAN_REJECTION,STRUCTURAL,,1.0,23,60.86956521739131,17.391304347826086,21.73913043478261,0.0,0.4763971394384719,3.4492602824629093,0.42903578043106594,3.1096636336448893,1.2850000000000819,0.5284999999998945,1.0,9.867822949914517
S12_C6,sensitivity,0.12,6.0,DOZ_OBJECTIVE_ONLY,CLEAN_REJECTION,STRUCTURAL,,1.5,23,52.17391304347826,21.73913043478261,26.08695652173913,0.0,0.6433023846046132,3.7031238394070916,0.5959410255972072,3.394850885998451,1.2850000000000819,0.5284999999998945,1.0,13.706643588735766
S12_C6,sensitivity,0.12,6.0,DOZ_OBJECTIVE_ONLY,CLEAN_REJECTION,STRUCTURAL,,2.0,23,43.47826086956522,26.08695652173913,30.434782608695656,0.0,0.7372582475821964,3.619378354459639,0.6898968885747904,3.341710829762903,1.2850000000000819,0.5284999999998945,1.0,15.867628437220178
S12_C6,sensitivity,0.12,6.0,DOZ_OBJECTIVE_ONLY,CLEAN_REJECTION,STRUCTURAL,,2.5,23,39.130434782608695,26.08695652173913,34.78260869565217,0.0,0.9009824810829651,4.20106830467562,0.8536211220755593,3.8974385291230327,1.2850000000000819,0.5284999999998945,1.0,19.633285807737863
S12_C6,sensitivity,0.12,6.0,DOZ_OBJECTIVE_ONLY,CLEAN_REJECTION,STRUCTURAL,,3.0,23,34.78260869565217,26.08695652173913,39.130434782608695,0.0,1.0792986556766946,4.834601438435222,1.031937296669289,4.502695523440904,1.2850000000000819,0.5284999999998945,1.0,23.734557823393647
S12_C6,sensitivity,0.12,6.0,DOZ_OBJECTIVE_ONLY,FAILED_AUCTION,STRUCTURAL,,0.5,31,51.61290322580645,32.25806451612903,16.129032258064516,0.0,-0.044034655780299074,0.8646139725334281,-0.08143231711744527,0.7606947810983374,2.043514457453739,0.5424999999997908,2.0,-2.5244018306408034
S12_C6,sensitivity,0.12,6.0,DOZ_OBJECTIVE_ONLY,FAILED_AUCTION,STRUCTURAL,,1.0,31,35.483870967741936,45.16129032258064,19.35483870967742,0.0,-0.07664085945019243,0.8314225716518528,-0.11403852078733859,0.7600813416896398,2.043514457453739,0.5424999999997908,2.0,-3.5351941444074964
S12_C6,sensitivity,0.12,6.0,DOZ_OBJECTIVE_ONLY,FAILED_AUCTION,STRUCTURAL,,1.5,31,32.25806451612903,45.16129032258064,22.58064516129032,0.0,0.08844040122979352,1.1945314223816348,0.05104273989264734,1.1073856937724178,2.043514457453739,0.5424999999997908,2.0,1.5823249366720675
S12_C6,sensitivity,0.12,6.0,DOZ_OBJECTIVE_ONLY,FAILED_AUCTION,STRUCTURAL,,2.0,31,29.03225806451613,45.16129032258064,25.806451612903224,0.0,0.17782372558117154,1.3848799666369533,0.1404260642440254,1.2890662351649538,2.043514457453739,0.5424999999997908,2.0,4.353207991564787
S12_C6,sensitivity,0.12,6.0,DOZ_OBJECTIVE_ONLY,FAILED_AUCTION,STRUCTURAL,,2.5,31,25.806451612903224,45.16129032258064,29.03225806451613,0.0,0.2847827270996374,1.6163810039783268,0.24738506576249128,1.5092407166787087,2.043514457453739,0.5424999999997908,2.0,7.66893703863723
S12_C6,sensitivity,0.12,6.0,DOZ_OBJECTIVE_ONLY,FAILED_AUCTION,STRUCTURAL,,3.0,31,25.806451612903224,45.16129032258064,29.03225806451613,0.0,0.41381498516415355,1.8956571861449885,0.3764173238270074,1.7748528682001408,2.043514457453739,0.5424999999997908,2.0,11.668937038637228
S12_C6,sensitivity,0.12,6.0,DOZ_OBJECTIVE_ONLY,PASSIVE_TOUCH,STRUCTURAL,,0.5,45,28.888888888888886,71.11111111111111,0.0,60.0,-0.5669283611383764,0.20305027590434965,-0.7122419319230464,0.1302560288225906,0.4267499999998563,0.2427500000001146,0.0,-32.05088693653709
S12_C6,sensitivity,0.12,6.0,DOZ_OBJECTIVE_ONLY,PASSIVE_TOUCH,STRUCTURAL,,1.0,45,28.888888888888886,71.11111111111111,0.0,60.0,-0.42248391669393026,0.40610055180870414,-0.5677974874786001,0.3066422805930086,0.4267499999998563,0.2427500000001146,0.0,-25.550886936537005
S12_C6,sensitivity,0.12,6.0,DOZ_OBJECTIVE_ONLY,PASSIVE_TOUCH,STRUCTURAL,,1.5,45,26.666666666666668,73.33333333333333,0.0,57.77777777777777,-0.33359502780503963,0.5452599661107639,-0.47890859858970947,0.43229763925273695,0.4267499999998563,0.2427500000001146,0.0,-21.550886936536926
S12_C6,sensitivity,0.12,6.0,DOZ_OBJECTIVE_ONLY,PASSIVE_TOUCH,STRUCTURAL,,2.0,45,24.444444444444443,75.55555555555556,0.0,55.55555555555556,-0.2669283611383747,0.6468347856194786,-0.41224193192304454,0.5250372830770142,0.4267499999998563,0.2427500000001146,0.0,-18.550886936537005
S12_C6,sensitivity,0.12,6.0,DOZ_OBJECTIVE_ONLY,PASSIVE_TOUCH,STRUCTURAL,,2.5,45,24.444444444444443,75.55555555555556,0.0,55.55555555555556,-0.14470613891615425,0.8085434820243459,-0.290019709700824,0.6658550753482465,0.4267499999998563,0.2427500000001146,0.0,-13.050886936537081
S12_C6,sensitivity,0.12,6.0,DOZ_OBJECTIVE_ONLY,PASSIVE_TOUCH,STRUCTURAL,,3.0,45,22.22222222222222,77.77777777777779,0.0,55.55555555555556,-0.11137280558281917,0.8568545561566233,-0.256686376367489,0.7127892326528619,0.4267499999998563,0.2427500000001146,0.0,-11.550886936537005
S12_C6,sensitivity,0.12,6.0,DOZ_OBJECTIVE_ONLY,RECLAIM_PULLBACK,STRUCTURAL,,0.5,31,51.61290322580645,41.935483870967744,6.451612903225806,19.35483870967742,-0.15506799461237994,0.6302224743858633,-0.22559888151058702,0.49914857477398294,0.9199999999993906,0.3089999999999691,3.0,-6.993565326828198
S12_C6,sensitivity,0.12,6.0,DOZ_OBJECTIVE_ONLY,RECLAIM_PULLBACK,STRUCTURAL,,1.0,31,38.70967741935484,48.38709677419355,12.903225806451612,19.35483870967742,-0.08190301640157305,0.8307337661034156,-0.15243390329978015,0.7054690614868415,0.9199999999993906,0.3089999999999691,3.0,-4.725451002293185
S12_C6,sensitivity,0.12,6.0,DOZ_OBJECTIVE_ONLY,RECLAIM_PULLBACK,STRUCTURAL,,1.5,31,35.483870967741936,48.38709677419355,16.129032258064516,19.35483870967742,0.0784159856944287,1.1620597037684859,0.007885098796221611,1.015235492226115,0.9199999999993906,0.3089999999999691,3.0,0.24443806268286994
S12_C6,sensitivity,0.12,6.0,DOZ_OBJECTIVE_ONLY,RECLAIM_PULLBACK,STRUCTURAL,,2.0,31,29.03225806451613,51.61290322580645,19.35483870967742,19.35483870967742,0.09092623420309091,1.1749429846604391,0.020395347304883817,1.0365112889988295,0.9199999999993906,0.3089999999999691,3.0,0.6322557664513984
S12_C6,sensitivity,0.12,6.0,DOZ_OBJECTIVE_ONLY,RECLAIM_PULLBACK,STRUCTURAL,,2.5,31,25.806451612903224,54.83870967741935,19.35483870967742,19.35483870967742,0.12318429871922032,1.2231575841227924,0.052653411821013164,1.0887907906523862,0.9199999999993906,0.3089999999999691,3.0,1.6322557664514081
S12_C6,sensitivity,0.12,6.0,DOZ_OBJECTIVE_ONLY,RECLAIM_PULLBACK,STRUCTURAL,,3.0,31,25.806451612903224,54.83870967741935,19.35483870967742,19.35483870967742,0.2522165567837361,1.4569091846349544,0.181685669885529,1.3063811768586382,0.9199999999993906,0.3089999999999691,3.0,5.632255766451399
S12_C6,sensitivity,0.12,6.0,DOZ_OBJECTIVE_ONLY,TOUCH_NEXT_OPEN,VOL_FLOOR_0.25,0.25,0.5,54,59.25925925925925,33.33333333333333,7.4074074074074066,7.4074074074074066,-0.03980209411014175,0.8841886127466875,-0.10424215520528655,0.7153335585950603,1.0274999999998045,0.3783671772382214,1.0,-5.629076381085474
S12_C6,sensitivity,0.12,6.0,DOZ_OBJECTIVE_ONLY,TOUCH_NEXT_OPEN,VOL_FLOOR_0.25,0.25,1.0,54,44.44444444444444,42.592592592592595,12.962962962962962,3.7037037037037033,0.04170183718398691,1.095586584475195,-0.022738223911157877,0.9510106990396558,1.0274999999998045,0.3783671772382214,1.0,-1.2278640912025254
S12_C6,sensitivity,0.12,6.0,DOZ_OBJECTIVE_ONLY,TOUCH_NEXT_OPEN,VOL_FLOOR_0.25,0.25,1.5,54,38.88888888888889,44.44444444444444,16.666666666666664,1.8518518518518516,0.1892511380429768,1.4161273211582703,0.12481107694783199,1.2581322453394095,1.0274999999998045,0.3783671772382214,1.0,6.739798155182927
S12_C6,sensitivity,0.12,6.0,DOZ_OBJECTIVE_ONLY,TOUCH_NEXT_OPEN,VOL_FLOOR_0.25,0.25,2.0,54,33.33333333333333,46.2962962962963,20.37037037037037,0.0,0.3042000298627802,1.642707876710845,0.23975996876763547,1.4765107805188251,1.0274999999998045,0.3783671772382214,1.0,12.947038313452316
S12_C6,sensitivity,0.12,6.0,DOZ_OBJECTIVE_ONLY,TOUCH_NEXT_OPEN,VOL_FLOOR_0.25,0.25,2.5,54,29.629629629629626,48.148148148148145,22.22222222222222,0.0,0.3831936848723711,1.7791205942558237,0.31875362377722627,1.608282771020424,1.0274999999998045,0.3783671772382214,1.0,17.212695683970217
S12_C6,sensitivity,0.12,6.0,DOZ_OBJECTIVE_ONLY,TOUCH_NEXT_OPEN,VOL_FLOOR_0.25,0.25,3.0,54,25.925925925925924,48.148148148148145,25.925925925925924,0.0,0.4692231329737183,1.954038181299427,0.4047830718785735,1.7699496769838134,1.0274999999998045,0.3783671772382214,1.0,21.858285881442967
S12_C6,sensitivity,0.12,6.0,DOZ_OBJECTIVE_ONLY,TOUCH_NEXT_OPEN,VOL_FLOOR_0.50,0.5,0.5,54,59.25925925925925,33.33333333333333,7.4074074074074066,3.7037037037037033,-0.0398020941101424,0.8841886127466853,-0.08854097248011489,0.7550099976257845,1.295500000000061,0.44000000000005457,1.0,-4.781212513926204
S12_C6,sensitivity,0.12,6.0,DOZ_OBJECTIVE_ONLY,TOUCH_NEXT_OPEN,VOL_FLOOR_0.50,0.5,1.0,54,48.148148148148145,38.88888888888889,12.962962962962962,0.0,0.11577591125806984,1.2899937597062285,0.0670370328880974,1.1600637288462405,1.295500000000061,0.44000000000005457,1.0,3.6199997759572593
S12_C6,sensitivity,0.12,6.0,DOZ_OBJECTIVE_ONLY,TOUCH_NEXT_OPEN,VOL_FLOOR_0.50,0.5,1.5,54,38.88888888888889,44.44444444444444,16.666666666666664,0.0,0.18925113804297616,1.4161273211582694,0.14051225967300368,1.294501485029042,1.295500000000061,0.44000000000005457,1.0,7.587662022342199
S12_C6,sensitivity,0.12,6.0,DOZ_OBJECTIVE_ONLY,TOUCH_NEXT_OPEN,VOL_FLOOR_0.50,0.5,2.0,54,31.48148148148148,48.148148148148145,20.37037037037037,0.0,0.2486444743072035,1.505551208771036,0.19990559593723103,1.3874801535181518,1.295500000000061,0.44000000000005457,1.0,10.794902180610476
S12_C6,sensitivity,0.12,6.0,DOZ_OBJECTIVE_ONLY,TOUCH_NEXT_OPEN,VOL_FLOOR_0.50,0.5,2.5,54,27.77777777777778,48.148148148148145,24.074074074074073,0.0,0.34376979803941843,1.69896279586362,0.2950309196694459,1.5718630612122215,1.295500000000061,0.44000000000005457,1.0,15.931669662150078
S12_C6,sensitivity,0.12,6.0,DOZ_OBJECTIVE_ONLY,TOUCH_NEXT_OPEN,VOL_FLOOR_0.50,0.5,3.0,54,24.074074074074073,48.148148148148145,27.77777777777778,0.0,0.4205399868815204,1.8550541864921264,0.37180110851154785,1.7182947151061811,1.295500000000061,0.44000000000005457,1.0,20.077259859623585
S12_C6,sensitivity,0.12,6.0,DOZ_OBJECTIVE_ONLY,TOUCH_NEXT_OPEN,VOL_FLOOR_0.75,0.75,0.5,54,64.81481481481481,27.77777777777778,7.4074074074074066,1.8518518518518516,0.043531239223200485,1.1510846871717397,0.0038450402363796802,1.0128298745544286,1.6520772479375405,0.44000000000005457,1.0,0.20763217276450274
S12_C6,sensitivity,0.12,6.0,DOZ_OBJECTIVE_ONLY,TOUCH_NEXT_OPEN,VOL_FLOOR_0.75,0.75,1.0,54,46.2962962962963,38.88888888888889,14.814814814814813,0.0,0.09364448841976188,1.2324556859621845,0.053958289432941044,1.1285151081237625,1.6520772479375405,0.44000000000005457,1.0,2.9137476293788165
S12_C6,sensitivity,0.12,6.0,DOZ_OBJECTIVE_ONLY,TOUCH_NEXT_OPEN,VOL_FLOOR_0.75,0.75,1.5,54,35.18518518518518,44.44444444444444,20.37037037037037,0.0,0.1346642844765609,1.2937674785969102,0.09497808548974007,1.1991030145212305,1.6520772479375405,0.44000000000005457,1.0,5.128816616445964
S12_C6,sensitivity,0.12,6.0,DOZ_OBJECTIVE_ONLY,TOUCH_NEXT_OPEN,VOL_FLOOR_0.75,0.75,2.0,54,31.48148148148148,44.44444444444444,24.074074074074073,0.0,0.28665021333337987,1.6253217825166582,0.24696401434655904,1.517711843538644,1.6520772479375405,0.44000000000005457,1.0,13.336056774714189
S12_C6,sensitivity,0.12,6.0,DOZ_OBJECTIVE_ONLY,TOUCH_NEXT_OPEN,VOL_FLOOR_0.75,0.75,2.5,54,27.77777777777778,44.44444444444444,27.77777777777778,0.0,0.3819486371998973,1.8332134131917486,0.34226243821307645,1.7174863849300397,1.6520772479375405,0.44000000000005457,1.0,18.48217166350613
S12_C6,sensitivity,0.12,6.0,DOZ_OBJECTIVE_ONLY,TOUCH_NEXT_OPEN,VOL_FLOOR_0.75,0.75,3.0,54,22.22222222222222,44.44444444444444,33.33333333333333,0.0,0.4385078597198652,1.9565962407593984,0.3988216607330444,1.833074970940899,1.6520772479375405,0.44000000000005457,1.0,21.5363696795844
S12_C6,sensitivity,0.12,6.0,DOZ_OBJECTIVE_ONLY,TOUCH_NEXT_OPEN,VOL_FLOOR_1.00,1.0,0.5,54,70.37037037037037,22.22222222222222,7.4074074074074066,0.0,0.12666548562600843,1.5446356750319299,0.09337740703946487,1.387256786865805,2.0429815678976047,0.48796161736715365,1.0,5.042379980131103
S12_C6,sensitivity,0.12,6.0,DOZ_OBJECTIVE_ONLY,TOUCH_NEXT_OPEN,VOL_FLOOR_1.00,1.0,1.0,54,44.44444444444444,38.88888888888889,16.666666666666664,0.0,0.08752455603211295,1.2177522706364927,0.05423647744556935,1.1303815783499638,2.0429815678976047,0.48796161736715365,1.0,2.928769782060745
S12_C6,sensitivity,0.12,6.0,DOZ_OBJECTIVE_ONLY,TOUCH_NEXT_OPEN,VOL_FLOOR_1.00,1.0,1.5,54,37.03703703703704,38.88888888888889,24.074074074074073,0.0,0.23179651036927656,1.576686346629468,0.198508431782733,1.4772036066977865,2.0429815678976047,0.48796161736715365,1.0,10.719455316267583
S12_C6,sensitivity,0.12,6.0,DOZ_OBJECTIVE_ONLY,TOUCH_NEXT_OPEN,VOL_FLOOR_1.00,1.0,2.0,54,31.48148148148148,38.88888888888889,29.629629629629626,0.0,0.3612887936465683,1.8988500912040605,0.32800071506002476,1.788496099739536,2.0429815678976047,0.48796161736715365,1.0,17.712038613241337
S12_C6,sensitivity,0.12,6.0,DOZ_OBJECTIVE_ONLY,TOUCH_NEXT_OPEN,VOL_FLOOR_1.00,1.0,2.5,54,22.22222222222222,38.88888888888889,38.88888888888889,0.0,0.39607453643548396,1.9853935119474255,0.3627864578489405,1.8689086434817062,2.0429815678976047,0.48796161736715365,1.0,19.590468723842786
S12_C6,sensitivity,0.12,6.0,DOZ_OBJECTIVE_ONLY,TOUCH_NEXT_OPEN,VOL_FLOOR_1.00,1.0,3.0,54,18.51851851851852,38.88888888888889,42.592592592592595,0.0,0.4758001565880341,2.183742816452903,0.44251207800149045,2.0598592122218844,2.0429815678976047,0.48796161736715365,1.0,23.895652212080485
S12_C6,sensitivity,0.12,6.0,MEMORY_ONLY,ACCEPTANCE_RETEST,STRUCTURAL,,0.5,8,37.5,62.5,0.0,0.0,-0.43750000000000583,0.29999999999999066,-0.478436259020134,0.2621126368844581,1.5449643375073947,1.035999999999376,10.0,-3.827490072161072
S12_C6,sensitivity,0.12,6.0,MEMORY_ONLY,ACCEPTANCE_RETEST,STRUCTURAL,,1.0,8,25.0,62.5,12.5,0.0,-0.40225106622951373,0.3832879897693109,-0.44318732524964183,0.348622225515985,1.5449643375073947,1.035999999999376,10.0,-3.5454986019971346
S12_C6,sensitivity,0.12,6.0,MEMORY_ONLY,ACCEPTANCE_RETEST,STRUCTURAL,,1.5,8,12.5,75.0,12.5,0.0,-0.5897510662295274,0.24123479290875566,-0.6306873252496557,0.22228383377047434,1.5449643375073947,1.035999999999376,10.0,-5.045498601997245
S12_C6,sensitivity,0.12,6.0,MEMORY_ONLY,ACCEPTANCE_RETEST,STRUCTURAL,,2.0,8,12.5,75.0,12.5,0.0,-0.5272510662295138,0.3216463905450311,-0.5681873252496419,0.299354132226393,1.5449643375073947,1.035999999999376,10.0,-4.545498601997135
S12_C6,sensitivity,0.12,6.0,MEMORY_ONLY,ACCEPTANCE_RETEST,STRUCTURAL,,2.5,8,12.5,75.0,12.5,0.0,-0.4647510662295,0.4020579881813065,-0.5056873252496281,0.37642443068231174,1.5449643375073947,1.035999999999376,10.0,-4.045498601997025
S12_C6,sensitivity,0.12,6.0,MEMORY_ONLY,ACCEPTANCE_RETEST,STRUCTURAL,,3.0,8,0.0,87.5,12.5,0.0,-0.9022510662295138,0.0,-0.9431873252496419,0.0,1.5449643375073947,1.035999999999376,10.0,-7.545498601997135
S12_C6,sensitivity,0.12,6.0,MEMORY_ONLY,CLEAN_REJECTION,STRUCTURAL,,0.5,159,53.459119496855344,42.76729559748428,3.7735849056603774,0.0,-0.1715310523625379,0.6094029656693604,-0.20783038215192418,0.543987316403058,1.662946401984982,0.8653645677159147,1.0,-33.045030762155946
S12_C6,sensitivity,0.12,6.0,MEMORY_ONLY,CLEAN_REJECTION,STRUCTURAL,,1.0,159,38.9937106918239,52.20125786163522,8.80503144654088,0.0,-0.1343250768271958,0.7509938938990833,-0.17062440661658207,0.6953759984202331,1.662946401984982,0.8653645677159147,1.0,-27.12928065203655
S12_C6,sensitivity,0.12,6.0,MEMORY_ONLY,CLEAN_REJECTION,STRUCTURAL,,1.5,159,32.075471698113205,57.23270440251572,10.69182389937107,0.0,-0.07885549597779024,0.8662920860820842,-0.11515482576717648,0.8118496406469101,1.662946401984982,0.8653645677159147,1.0,-18.30961729698106
S12_C6,sensitivity,0.12,6.0,MEMORY_ONLY,CLEAN_REJECTION,STRUCTURAL,,2.0,159,25.157232704402517,57.861635220125784,16.9811320754717,0.0,-0.004293540754822431,0.9928027136689259,-0.04059287054420867,0.9344633419908032,1.662946401984982,0.8653645677159147,1.0,-6.454266416529178
S12_C6,sensitivity,0.12,6.0,MEMORY_ONLY,CLEAN_REJECTION,STRUCTURAL,,2.5,159,20.125786163522015,58.490566037735846,21.38364779874214,0.0,0.021987761419518345,1.036348281263234,-0.01431156836986789,0.9772233594888711,1.662946401984982,0.8653645677159147,1.0,-2.2755393708089944
S12_C6,sensitivity,0.12,6.0,MEMORY_ONLY,CLEAN_REJECTION,STRUCTURAL,,3.0,159,17.61006289308176,58.490566037735846,23.89937106918239,0.0,0.07545552112369723,1.124736595615113,0.03915619133431098,1.0623164750890834,1.662946401984982,0.8653645677159147,1.0,6.2258344221554465
S12_C6,sensitivity,0.12,6.0,MEMORY_ONLY,FAILED_AUCTION,STRUCTURAL,,0.5,23,60.86956521739131,39.130434782608695,0.0,0.0,-0.08695652173913572,0.7777777777777642,-0.11129197820152814,0.7221934464227806,2.4969999999998436,1.492499999999609,8.0,-2.559715498635147
S12_C6,sensitivity,0.12,6.0,MEMORY_ONLY,FAILED_AUCTION,STRUCTURAL,,1.0,23,26.08695652173913,60.86956521739131,13.043478260869565,0.0,-0.2812368591397531,0.5379680171275485,-0.3055723156021455,0.5100831748623857,2.4969999999998436,1.492499999999609,8.0,-7.028163258849347
S12_C6,sensitivity,0.12,6.0,MEMORY_ONLY,FAILED_AUCTION,STRUCTURAL,,1.5,23,17.391304347826086,65.21739130434783,17.391304347826086,0.0,-0.29809186775878577,0.5429258027698618,-0.3224273242211782,0.517875198504764,2.4969999999998436,1.492499999999609,8.0,-7.415828457087099
S12_C6,sensitivity,0.12,6.0,MEMORY_ONLY,FAILED_AUCTION,STRUCTURAL,,2.0,23,17.391304347826086,65.21739130434783,17.391304347826086,0.0,-0.2111353460196556,0.6762591361031947,-0.23547080248204802,0.6479010760679056,2.4969999999998436,1.492499999999609,8.0,-5.4158284570871045
S12_C6,sensitivity,0.12,6.0,MEMORY_ONLY,FAILED_AUCTION,STRUCTURAL,,2.5,23,4.3478260869565215,65.21739130434783,30.434782608695656,0.0,-0.32619509650677736,0.49983418535627483,-0.3505305529691698,0.4758525082311378,2.4969999999998436,1.492499999999609,8.0,-8.062202718290905
S12_C6,sensitivity,0.12,6.0,MEMORY_ONLY,FAILED_AUCTION,STRUCTURAL,,3.0,23,0.0,65.21739130434783,34.78260869565217,0.0,-0.4115207323628426,0.36900154371030797,-0.4358561888252351,0.3482652904017309,2.4969999999998436,1.492499999999609,8.0,-10.024692342980407
S12_C6,sensitivity,0.12,6.0,MEMORY_ONLY,PASSIVE_TOUCH,STRUCTURAL,,0.5,148,47.97297297297297,52.02702702702703,0.0,26.351351351351347,-0.3889864444640773,0.381433355240737,-0.4601808852637849,0.30938412692954187,0.8579999999999472,0.5080000000000382,3.0,-68.10677101904017
S12_C6,sensitivity,0.12,6.0,MEMORY_ONLY,PASSIVE_TOUCH,STRUCTURAL,,1.0,148,35.810810810810814,62.83783783783784,1.3513513513513513,27.027027027027028,-0.38246335120209907,0.48355645306890693,-0.4536577920018065,0.4235024521902973,0.8579999999999472,0.5080000000000382,3.0,-67.14135321626736
S12_C6,sensitivity,0.12,6.0,MEMORY_ONLY,PASSIVE_TOUCH,STRUCTURAL,,1.5,148,25.0,72.97297297297297,2.027027027027027,26.351351351351347,-0.46243237191382025,0.4507425549493614,-0.5336268127135276,0.4039927284494228,0.8579999999999472,0.5080000000000382,3.0,-78.97676828160209
S12_C6,sensitivity,0.12,6.0,MEMORY_ONLY,PASSIVE_TOUCH,STRUCTURAL,,2.0,148,22.2972972972973,75.0,2.7027027027027026,26.351351351351347,-0.41307425250586216,0.5216338575220065,-0.48426869330556965,0.4728851012206304,0.8579999999999472,0.5080000000000382,3.0,-71.6717666092243
S12_C6,sensitivity,0.12,6.0,MEMORY_ONLY,PASSIVE_TOUCH,STRUCTURAL,,2.5,148,20.27027027027027,75.67567567567568,4.054054054054054,26.351351351351347,-0.3448146855578478,0.603783057997505,-0.41600912635755527,0.5507489022008553,0.8579999999999472,0.5080000000000382,3.0,-61.56935070091818
S12_C6,sensitivity,0.12,6.0,MEMORY_ONLY,PASSIVE_TOUCH,STRUCTURAL,,3.0,148,16.216216216216218,79.05405405405406,4.72972972972973,26.351351351351347,-0.3937049641592159,0.5645103132951125,-0.46489940495892346,0.5168647487709866,0.8579999999999472,0.5080000000000382,3.0,-68.80511193392067
S12_C6,sensitivity,0.12,6.0,MEMORY_ONLY,RECLAIM_PULLBACK,STRUCTURAL,,0.5,142,52.816901408450704,43.66197183098591,3.5211267605633805,0.7042253521126761,-0.17825766388889444,0.5980856456599585,-0.21884193844434408,0.5272117622723336,1.484000000000151,0.7879999999997835,5.0,-31.07555525909686
S12_C6,sensitivity,0.12,6.0,MEMORY_ONLY,RECLAIM_PULLBACK,STRUCTURAL,,1.0,142,40.140845070422536,54.22535211267606,5.633802816901409,0.7042253521126761,-0.13921668733545953,0.7464894129754109,-0.1798009618909092,0.6859345693943953,1.484000000000151,0.7879999999997835,5.0,-25.531736588509105
S12_C6,sensitivity,0.12,6.0,MEMORY_ONLY,RECLAIM_PULLBACK,STRUCTURAL,,1.5,142,29.577464788732392,61.267605633802816,9.15492957746479,0.7042253521126761,-0.1382463238657638,0.7768701336179566,-0.17883059842121343,0.7230882535431283,1.484000000000151,0.7879999999997835,5.0,-25.393944975812307
S12_C6,sensitivity,0.12,6.0,MEMORY_ONLY,RECLAIM_PULLBACK,STRUCTURAL,,2.0,142,23.943661971830984,64.08450704225352,11.971830985915492,0.7042253521126761,-0.10527671756274425,0.8374724407253494,-0.1458609921181939,0.7839040721274937,1.484000000000151,0.7879999999997835,5.0,-20.712260880783532
S12_C6,sensitivity,0.12,6.0,MEMORY_ONLY,RECLAIM_PULLBACK,STRUCTURAL,,2.5,142,21.830985915492956,64.7887323943662,13.380281690140844,0.7042253521126761,-0.03833561698441715,0.9416303446773677,-0.07891989153986678,0.8847357066614769,1.484000000000151,0.7879999999997835,5.0,-11.206624598661083
S12_C6,sensitivity,0.12,6.0,MEMORY_ONLY,RECLAIM_PULLBACK,STRUCTURAL,,3.0,142,17.6056338028169,66.19718309859155,16.19718309859155,0.7042253521126761,-0.03926925225422964,0.9414640985853776,-0.07985352680967929,0.8858179148296578,1.484000000000151,0.7879999999997835,5.0,-11.339200806974459
S12_C6,sensitivity,0.12,6.0,MEMORY_ONLY,TOUCH_NEXT_OPEN,VOL_FLOOR_0.25,0.25,0.5,231,55.84415584415584,42.857142857142854,1.2987012987012987,0.0,-0.15298747506067156,0.646032963171852,-0.20294351728774793,0.5553850533745465,1.3543057110857717,0.24397521919874499,1.0,-46.87995249346977
S12_C6,sensitivity,0.12,6.0,MEMORY_ONLY,TOUCH_NEXT_OPEN,VOL_FLOOR_0.25,0.25,1.0,231,38.52813852813853,56.709956709956714,4.761904761904762,0.0,-0.1849497216516912,0.6788669490200447,-0.23490576387876763,0.6136302886058655,1.3543057110857717,0.24397521919874499,1.0,-54.263231455995324
S12_C6,sensitivity,0.12,6.0,MEMORY_ONLY,TOUCH_NEXT_OPEN,VOL_FLOOR_0.25,0.25,1.5,231,28.57142857142857,64.06926406926407,7.35930735930736,0.0,-0.1994472480019183,0.6929321322118481,-0.24940329022899468,0.6356547085076,1.3543057110857717,0.24397521919874499,1.0,-57.61216004289777
S12_C6,sensitivity,0.12,6.0,MEMORY_ONLY,TOUCH_NEXT_OPEN,VOL_FLOOR_0.25,0.25,2.0,231,22.07792207792208,66.23376623376623,11.688311688311687,0.0,-0.166652386309581,0.7518250660565496,-0.2166084285366574,0.6939806670691707,1.3543057110857717,0.24397521919874499,1.0,-50.03654699196786
S12_C6,sensitivity,0.12,6.0,MEMORY_ONLY,TOUCH_NEXT_OPEN,VOL_FLOOR_0.25,0.25,2.5,231,19.047619047619047,66.66666666666666,14.285714285714285,0.0,-0.11976477812899528,0.8231359037078486,-0.16972082035607167,0.7622229627977845,1.3543057110857717,0.24397521919874499,1.0,-39.20550950225255
S12_C6,sensitivity,0.12,6.0,MEMORY_ONLY,TOUCH_NEXT_OPEN,VOL_FLOOR_0.25,0.25,3.0,231,16.450216450216452,67.09956709956711,16.450216450216452,0.0,-0.07888434401615001,0.8842465843637943,-0.12884038624322636,0.8206686204584873,1.3543057110857717,0.24397521919874499,1.0,-29.76212922218529
S12_C6,sensitivity,0.12,6.0,MEMORY_ONLY,TOUCH_NEXT_OPEN,VOL_FLOOR_0.50,0.5,0.5,231,58.00865800865801,40.692640692640694,1.2987012987012987,0.0,-0.12051994259313771,0.7064521783423713,-0.16646154553593442,0.6126939683274938,1.377038135991835,0.47812479294562876,1.0,-38.45261701880085
S12_C6,sensitivity,0.12,6.0,MEMORY_ONLY,TOUCH_NEXT_OPEN,VOL_FLOOR_0.50,0.5,1.0,231,39.39393939393939,55.84415584415584,4.761904761904762,0.0,-0.16763370433567348,0.7044907760787528,-0.21357530727847024,0.6410975290274296,1.377038135991835,0.47812479294562876,1.0,-49.33589598132662
S12_C6,sensitivity,0.12,6.0,MEMORY_ONLY,TOUCH_NEXT_OPEN,VOL_FLOOR_0.50,0.5,1.5,231,29.43722943722944,63.20346320346321,7.35930735930736,0.0,-0.17780222635689721,0.7225584399733557,-0.22374382929969402,0.6668479120069134,1.377038135991835,0.47812479294562876,1.0,-51.68482456822932
S12_C6,sensitivity,0.12,6.0,MEMORY_ONLY,TOUCH_NEXT_OPEN,VOL_FLOOR_0.50,0.5,2.0,231,22.51082251082251,65.80086580086581,11.688311688311687,0.0,-0.15366537332256747,0.7696802377453162,-0.19960697626536425,0.7145864620454174,1.377038135991835,0.47812479294562876,1.0,-46.109211517299144
S12_C6,sensitivity,0.12,6.0,MEMORY_ONLY,TOUCH_NEXT_OPEN,VOL_FLOOR_0.50,0.5,2.5,231,19.047619047619047,66.66666666666666,14.285714285714285,0.0,-0.119764778128995,0.823135903707849,-0.16570638107179178,0.7666072451546744,1.377038135991835,0.47812479294562876,1.0,-38.2781740275839
S12_C6,sensitivity,0.12,6.0,MEMORY_ONLY,TOUCH_NEXT_OPEN,VOL_FLOOR_0.50,0.5,3.0,231,16.450216450216452,67.09956709956711,16.450216450216452,0.0,-0.07888434401615016,0.884246584363794,-0.12482594695894693,0.8253343834705879,1.377038135991835,0.47812479294562876,1.0,-28.83479374751674
S12_C6,sensitivity,0.12,6.0,MEMORY_ONLY,TOUCH_NEXT_OPEN,VOL_FLOOR_0.75,0.75,0.5,231,58.00865800865801,39.82683982683983,2.1645021645021645,0.0,-0.11525892758762274,0.7156233881739539,-0.15733114652374278,0.6277654052843302,1.4866370915516338,0.5260239300505418,1.0,-36.34349484698458
S12_C6,sensitivity,0.12,6.0,MEMORY_ONLY,TOUCH_NEXT_OPEN,VOL_FLOOR_0.75,0.75,1.0,231,38.961038961038966,55.84415584415584,5.194805194805195,0.0,-0.17634485382536694,0.6909858732485485,-0.21841707276148697,0.6334141167005828,1.4866370915516338,0.5260239300505418,1.0,-50.45434380790349
S12_C6,sensitivity,0.12,6.0,MEMORY_ONLY,TOUCH_NEXT_OPEN,VOL_FLOOR_0.75,0.75,1.5,231,31.16883116883117,61.038961038961034,7.792207792207792,0.0,-0.1345886063138145,0.7838341302450819,-0.17666082524993462,0.7280364490549902,1.4866370915516338,0.5260239300505418,1.0,-40.808650632734896
S12_C6,sensitivity,0.12,6.0,MEMORY_ONLY,TOUCH_NEXT_OPEN,VOL_FLOOR_0.75,0.75,2.0,231,23.376623376623375,63.63636363636363,12.987012987012985,0.0,-0.11737610810348031,0.8193932196427471,-0.15944832703960038,0.7649958464928217,1.4866370915516338,0.5260239300505418,1.0,-36.83256354614769
S12_C6,sensitivity,0.12,6.0,MEMORY_ONLY,TOUCH_NEXT_OPEN,VOL_FLOOR_0.75,0.75,2.5,231,17.74891774891775,64.5021645021645,17.74891774891775,0.0,-0.09332334396201734,0.8582910999033005,-0.1353955628981374,0.8031053690993506,1.4866370915516338,0.5260239300505418,1.0,-31.27637502946974
S12_C6,sensitivity,0.12,6.0,MEMORY_ONLY,TOUCH_NEXT_OPEN,VOL_FLOOR_0.75,0.75,3.0,231,13.852813852813853,64.93506493506493,21.21212121212121,0.0,-0.08233466835114764,0.8757935655326125,-0.1244068872872677,0.8203028881393384,1.4866370915516338,0.5260239300505418,1.0,-28.73799096335884
S12_C6,sensitivity,0.12,6.0,MEMORY_ONLY,TOUCH_NEXT_OPEN,VOL_FLOOR_1.00,1.0,0.5,231,58.00865800865801,39.39393939393939,2.5974025974025974,0.0,-0.11074412509264223,0.7236844559500255,-0.14877226253656722,0.6431147572291279,1.7114491577017361,0.5260239300505418,1.0,-34.36639264594703
S12_C6,sensitivity,0.12,6.0,MEMORY_ONLY,TOUCH_NEXT_OPEN,VOL_FLOOR_1.00,1.0,1.0,231,37.66233766233766,53.67965367965368,8.658008658008658,0.0,-0.16241831119730588,0.705180737455748,-0.20044644864123087,0.6503602483048703,1.7114491577017361,0.5260239300505418,1.0,-46.30312963612433
S12_C6,sensitivity,0.12,6.0,MEMORY_ONLY,TOUCH_NEXT_OPEN,VOL_FLOOR_1.00,1.0,1.5,231,29.43722943722944,58.44155844155844,12.121212121212121,0.0,-0.12825471688414777,0.7860665873561975,-0.16628285432807285,0.7334776256238354,1.7114491577017361,0.5260239300505418,1.0,-38.41133934978483
S12_C6,sensitivity,0.12,6.0,MEMORY_ONLY,TOUCH_NEXT_OPEN,VOL_FLOOR_1.00,1.0,2.0,231,20.77922077922078,60.17316017316018,19.047619047619047,0.0,-0.09594198245683914,0.8444580064499283,-0.13397011990076416,0.7913770327011941,1.7114491577017361,0.5260239300505418,1.0,-30.947097697076522
S12_C6,sensitivity,0.12,6.0,MEMORY_ONLY,TOUCH_NEXT_OPEN,VOL_FLOOR_1.00,1.0,2.5,231,13.852813852813853,61.038961038961034,25.108225108225106,0.0,-0.11754977838246801,0.8120651916547869,-0.15557791582639302,0.7610978145268689,1.7114491577017361,0.5260239300505418,1.0,-35.938498555896786
S12_C6,sensitivity,0.12,6.0,MEMORY_ONLY,TOUCH_NEXT_OPEN,VOL_FLOOR_1.00,1.0,3.0,231,12.121212121212121,61.038961038961034,26.83982683982684,0.0,-0.07248505844273215,0.8841132177892889,-0.11051319588665719,0.8302982535747294,1.7114491577017361,0.5260239300505418,1.0,-25.52854824981781
S12_C6,sensitivity,0.12,6.0,OBJECTIVE_LIQUIDITY_ONLY,ACCEPTANCE_RETEST,STRUCTURAL,,0.5,44,54.54545454545454,43.18181818181818,2.272727272727273,9.090909090909092,-0.1706857822410311,0.6150636966400588,-0.21256864985723994,0.5406355437056626,1.3891327575945525,0.9360000000008313,8.0,-9.353020593718558
S12_C6,sensitivity,0.12,6.0,OBJECTIVE_LIQUIDITY_ONLY,ACCEPTANCE_RETEST,STRUCTURAL,,1.0,44,31.818181818181817,61.36363636363637,6.8181818181818175,9.090909090909092,-0.3204732496844438,0.49820604922913925,-0.36235611730065265,0.45647062422310797,1.3891327575945525,0.9360000000008313,8.0,-15.943669161228716
S12_C6,sensitivity,0.12,6.0,OBJECTIVE_LIQUIDITY_ONLY,ACCEPTANCE_RETEST,STRUCTURAL,,1.5,44,25.0,63.63636363636363,11.363636363636363,9.090909090909092,-0.26392581693533923,0.6012372382497274,-0.30580868455154814,0.5581292053071018,1.3891327575945525,0.9360000000008313,8.0,-13.455582120268117
S12_C6,sensitivity,0.12,6.0,OBJECTIVE_LIQUIDITY_ONLY,ACCEPTANCE_RETEST,STRUCTURAL,,2.0,44,15.909090909090908,68.18181818181817,15.909090909090908,9.090909090909092,-0.32449490968927874,0.541230826256933,-0.36637777730548765,0.5046424258573388,1.3891327575945525,0.9360000000008313,8.0,-16.120622201441456
S12_C6,sensitivity,0.12,6.0,OBJECTIVE_LIQUIDITY_ONLY,ACCEPTANCE_RETEST,STRUCTURAL,,2.5,44,13.636363636363635,68.18181818181817,18.181818181818183,9.090909090909092,-0.26464587427700087,0.6258450735241758,-0.3065287418932097,0.5855607425048156,1.3891327575945525,0.9360000000008313,8.0,-13.487264643301227
S12_C6,sensitivity,0.12,6.0,OBJECTIVE_LIQUIDITY_ONLY,ACCEPTANCE_RETEST,STRUCTURAL,,3.0,44,9.090909090909092,68.18181818181817,22.727272727272727,9.090909090909092,-0.2828802256317025,0.6000654447689897,-0.3247630932479113,0.5609071619313448,1.3891327575945525,0.9360000000008313,8.0,-14.289576102908098
S12_C6,sensitivity,0.12,6.0,OBJECTIVE_LIQUIDITY_ONLY,CLEAN_REJECTION,STRUCTURAL,,0.5,1383,61.46059291395517,26.53651482284888,12.002892263195951,0.07230657989877079,0.01965205527258463,1.0666782439679974,-0.012544190452531584,0.9589745929700976,1.8320000000003347,0.9949999999996635,1.0,-17.34861539585118
S12_C6,sensitivity,0.12,6.0,OBJECTIVE_LIQUIDITY_ONLY,CLEAN_REJECTION,STRUCTURAL,,1.0,1383,37.45480838756327,36.15328994938539,26.391901663051335,0.0,0.031644121093184735,1.0794322613981455,-0.0005521246319314787,0.9986642785882776,1.8320000000003347,0.9949999999996635,1.0,-0.763588365961235
S12_C6,sensitivity,0.12,6.0,OBJECTIVE_LIQUIDITY_ONLY,CLEAN_REJECTION,STRUCTURAL,,1.5,1383,24.150397686189443,39.76861894432393,36.080983369486624,0.14461315979754158,0.04215704933149338,1.0963756786214263,0.009960803606377171,1.0219408286352925,1.8320000000003347,0.9949999999996635,1.0,13.775791387619627
S12_C6,sensitivity,0.12,6.0,OBJECTIVE_LIQUIDITY_ONLY,CLEAN_REJECTION,STRUCTURAL,,2.0,1383,14.533622559652928,41.431670281995665,44.03470715835141,0.0,0.029970934666934557,1.065907308028427,-0.0022253110581816533,0.9952849748280543,1.8320000000003347,0.9949999999996635,1.0,-3.077605193465226
S12_C6,sensitivity,0.12,6.0,OBJECTIVE_LIQUIDITY_ONLY,CLEAN_REJECTION,STRUCTURAL,,2.5,1383,9.472161966738973,42.371655820679685,48.15618221258134,0.0,0.021149195193084176,1.045543731259265,-0.011047050532032037,0.9770797526190811,1.8320000000003347,0.9949999999996635,1.0,-15.278070885800307
S12_C6,sensitivity,0.12,6.0,OBJECTIVE_LIQUIDITY_ONLY,CLEAN_REJECTION,STRUCTURAL,,3.0,1383,7.230657989877079,42.660882140274765,50.108459869848154,0.0,0.03644416829652143,1.0779949097172075,0.004247922571405219,1.0087595868675674,1.8320000000003347,0.9949999999996635,1.0,5.874876916253418
S12_C6,sensitivity,0.12,6.0,OBJECTIVE_LIQUIDITY_ONLY,FAILED_AUCTION,STRUCTURAL,,0.5,232,67.67241379310344,25.862068965517242,6.4655172413793105,0.0,0.07629121522115191,1.285690710728472,0.05143607349306869,1.1874829804071962,2.446749999999952,0.8439999999998236,4.0,11.933169050391935
S12_C6,sensitivity,0.12,6.0,OBJECTIVE_LIQUIDITY_ONLY,FAILED_AUCTION,STRUCTURAL,,1.0,232,47.41379310344828,39.224137931034484,13.36206896551724,0.0,0.09844044859974153,1.2438904364900594,0.07358530687165832,1.177397184701544,2.446749999999952,0.8439999999998236,4.0,17.07179119422473
S12_C6,sensitivity,0.12,6.0,OBJECTIVE_LIQUIDITY_ONLY,FAILED_AUCTION,STRUCTURAL,,1.5,232,32.758620689655174,45.258620689655174,21.982758620689655,0.0,0.09458148119653735,1.2017275537150367,0.06972633946845415,1.144650341395478,2.446749999999952,0.8439999999998236,4.0,16.176510756681363
S12_C6,sensitivity,0.12,6.0,OBJECTIVE_LIQUIDITY_ONLY,FAILED_AUCTION,STRUCTURAL,,2.0,232,19.82758620689655,47.41379310344828,32.758620689655174,0.0,0.09620990068080221,1.1961828844022793,0.071354758952719,1.141535161295536,2.446749999999952,0.8439999999998236,4.0,16.55430407703081
S12_C6,sensitivity,0.12,6.0,OBJECTIVE_LIQUIDITY_ONLY,FAILED_AUCTION,STRUCTURAL,,2.5,232,13.793103448275861,47.8448275862069,38.362068965517246,0.0,0.11466096717560809,1.2309897244249899,0.08980582544752487,1.175964856966715,2.446749999999952,0.8439999999998236,4.0,20.83495150382577
S12_C6,sensitivity,0.12,6.0,OBJECTIVE_LIQUIDITY_ONLY,FAILED_AUCTION,STRUCTURAL,,3.0,232,10.344827586206897,48.275862068965516,41.37931034482759,0.0,0.1303903677933285,1.2604160234587996,0.10553522606524525,1.2049980001630383,2.446749999999952,0.8439999999998236,4.0,24.4841724471369
S12_C6,sensitivity,0.12,6.0,OBJECTIVE_LIQUIDITY_ONLY,PASSIVE_TOUCH,STRUCTURAL,,0.5,947,46.25131995776135,52.798310454065465,0.9503695881731784,34.31890179514255,-0.3215069359571428,0.41841789832593795,-0.39060019034251364,0.33795362906909676,0.8480000000001837,0.4700000000000273,1.0,-369.8983802543604
S12_C6,sensitivity,0.12,6.0,OBJECTIVE_LIQUIDITY_ONLY,PASSIVE_TOUCH,STRUCTURAL,,1.0,947,38.75395987328405,59.13410770855333,2.1119324181626187,33.157338965153116,-0.2268765361723961,0.6324787161015206,-0.29596979055776695,0.5508997100244961,0.8480000000001837,0.4700000000000273,1.0,-280.2833916582053
S12_C6,sensitivity,0.12,6.0,OBJECTIVE_LIQUIDITY_ONLY,PASSIVE_TOUCH,STRUCTURAL,,1.5,947,31.995776135163673,64.09714889123548,3.907074973600845,32.840549102428724,-0.17640490940095635,0.7360711719285488,-0.24549816378632716,0.6561429343557411,0.8480000000001837,0.4700000000000273,1.0,-232.48676110565182
S12_C6,sensitivity,0.12,6.0,OBJECTIVE_LIQUIDITY_ONLY,PASSIVE_TOUCH,STRUCTURAL,,2.0,947,27.34952481520591,66.84266103484688,5.807814149947202,32.52375923970433,-0.11779926579677116,0.8307182188805811,-0.18689252018214197,0.7486172796225702,0.8480000000001837,0.4700000000000273,1.0,-176.98721661248845
S12_C6,sensitivity,0.12,6.0,OBJECTIVE_LIQUIDITY_ONLY,PASSIVE_TOUCH,STRUCTURAL,,2.5,947,22.49208025343189,70.22175290390707,7.286166842661035,32.52375923970433,-0.11973155987694975,0.8359464942307794,-0.18882481426232056,0.7578943520842926,0.8480000000001837,0.4700000000000273,1.0,-178.81709910641757
S12_C6,sensitivity,0.12,6.0,OBJECTIVE_LIQUIDITY_ONLY,PASSIVE_TOUCH,STRUCTURAL,,3.0,947,18.90179514255544,72.22808870116157,8.870116156282998,32.52375923970433,-0.10804442683636101,0.8559207340864441,-0.17713768122173182,0.7789624167706767,0.8480000000001837,0.4700000000000273,1.0,-167.74938411698002
S12_C6,sensitivity,0.12,6.0,OBJECTIVE_LIQUIDITY_ONLY,RECLAIM_PULLBACK,STRUCTURAL,,0.5,1107,62.691960252935864,30.62330623306233,6.684733514001806,2.8003613369467026,-0.003949686684074192,0.9876962073790582,-0.041492387936140324,0.8758871209668603,1.5639999999996235,0.7203765830900011,3.0,-45.93207344530734
S12_C6,sensitivity,0.12,6.0,OBJECTIVE_LIQUIDITY_ONLY,RECLAIM_PULLBACK,STRUCTURAL,,1.0,1107,43.450767841011746,40.83107497741644,15.718157181571815,2.9810298102981028,0.03936593300313629,1.0918506639303294,0.0018232317510701497,1.004084629499649,1.5639999999996235,0.7203765830900011,3.0,2.0183175484346556
S12_C6,sensitivity,0.12,6.0,OBJECTIVE_LIQUIDITY_ONLY,RECLAIM_PULLBACK,STRUCTURAL,,1.5,1107,29.44896115627823,45.61878952122855,24.932249322493224,2.8003613369467026,0.05727882826952531,1.1197970116149265,0.019736127017459183,1.0396234622949776,1.5639999999996235,0.7203765830900011,3.0,21.847892608327314
S12_C6,sensitivity,0.12,6.0,OBJECTIVE_LIQUIDITY_ONLY,RECLAIM_PULLBACK,STRUCTURAL,,2.0,1107,20.41553748870822,48.148148148148145,31.43631436314363,2.890695573622403,0.06481473803864995,1.1284488306878118,0.027272036786583805,1.0518821559283076,1.5639999999996235,0.7203765830900011,3.0,30.190144722748272
S12_C6,sensitivity,0.12,6.0,OBJECTIVE_LIQUIDITY_ONLY,RECLAIM_PULLBACK,STRUCTURAL,,2.5,1107,14.272809394760614,49.95483288166215,35.77235772357724,2.8003613369467026,0.05063879951860131,1.096827095489432,0.013096098266535183,1.0240359872292164,1.5639999999996235,0.7203765830900011,3.0,14.497380781054447
S12_C6,sensitivity,0.12,6.0,OBJECTIVE_LIQUIDITY_ONLY,RECLAIM_PULLBACK,STRUCTURAL,,3.0,1107,10.749774164408311,50.316169828364956,38.934056007226744,2.8003613369467026,0.0694631972670395,1.1319100777715647,0.03192049601497337,1.0581827402392434,1.5639999999996235,0.7203765830900011,3.0,35.33598908857552
S12_C6,sensitivity,0.12,6.0,OBJECTIVE_LIQUIDITY_ONLY,TOUCH_NEXT_OPEN,VOL_FLOOR_0.25,0.25,0.5,1831,63.40797378481704,28.399781540142,8.19224467504096,1.0922992900054616,0.019330309557540688,1.0637574557041976,-0.02221158821987728,0.929993989221578,1.6080000000001746,0.1739194723374264,1.0,-40.6694180305953
S12_C6,sensitivity,0.12,6.0,OBJECTIVE_LIQUIDITY_ONLY,TOUCH_NEXT_OPEN,VOL_FLOOR_0.25,0.25,1.0,1831,41.61660294920808,38.72200983069361,19.661387220098305,0.6553795740032768,0.04385721509527409,1.1057730683607752,0.0023153173178561267,1.0053351165576776,1.6080000000001746,0.1739194723374264,1.0,4.239346008994568
S12_C6,sensitivity,0.12,6.0,OBJECTIVE_LIQUIDITY_ONLY,TOUCH_NEXT_OPEN,VOL_FLOOR_0.25,0.25,1.5,1831,28.07209175314036,43.63735663571819,28.290551611141453,0.4915346805024577,0.053238714711486675,1.1139481627026955,0.011696816934068691,1.0239053556666968,1.6080000000001746,0.1739194723374264,1.0,21.416871806279772
S12_C6,sensitivity,0.12,6.0,OBJECTIVE_LIQUIDITY_ONLY,TOUCH_NEXT_OPEN,VOL_FLOOR_0.25,0.25,2.0,1831,19.115237575095577,46.095030038230476,34.78973238667395,0.38230475150191157,0.05199750721056939,1.1055919583047966,0.010455609433151401,1.0202663072343732,1.6080000000001746,0.1739194723374264,1.0,19.144220872100217
S12_C6,sensitivity,0.12,6.0,OBJECTIVE_LIQUIDITY_ONLY,TOUCH_NEXT_OPEN,VOL_FLOOR_0.25,0.25,2.5,1831,13.87220098306936,47.62424904423812,38.50354997269252,0.21845985800109227,0.050792341925010795,1.0999327276889632,0.009250444147592816,1.0173719859619834,1.6080000000001746,0.1739194723374264,1.0,16.937563234242447
S12_C6,sensitivity,0.12,6.0,OBJECTIVE_LIQUIDITY_ONLY,TOUCH_NEXT_OPEN,VOL_FLOOR_0.25,0.25,3.0,1831,10.267613326051338,48.49808847624249,41.234298197706174,0.21845985800109227,0.04763968949901187,1.092067497964267,0.0060977917215938905,1.0112461613951886,1.6080000000001746,0.1739194723374264,1.0,11.165056642238413
S12_C6,sensitivity,0.12,6.0,OBJECTIVE_LIQUIDITY_ONLY,TOUCH_NEXT_OPEN,VOL_FLOOR_0.50,0.5,0.5,1831,63.79027853631896,28.01747678864009,8.19224467504096,0.5461496450027308,0.025064880830069344,1.0837276534190554,-0.013825309454062474,0.9556890505148934,1.6269999999999527,0.31399999999962347,1.0,-25.31414161038839
S12_C6,sensitivity,0.12,6.0,OBJECTIVE_LIQUIDITY_ONLY,TOUCH_NEXT_OPEN,VOL_FLOOR_0.50,0.5,1.0,1831,41.39814309120699,38.88585472419443,19.71600218459858,0.21845985800109227,0.04014066519931785,1.0964286007405306,0.001250474915186036,1.0028788236197372,1.6269999999999527,0.31399999999962347,1.0,2.289619569705632
S12_C6,sensitivity,0.12,6.0,OBJECTIVE_LIQUIDITY_ONLY,TOUCH_NEXT_OPEN,VOL_FLOOR_0.50,0.5,1.5,1831,28.12670671764063,43.36428181321682,28.509011469142546,0.21845985800109227,0.058330994162326136,1.1255910924506174,0.019440803878194322,1.0401040796408072,1.6269999999999527,0.31399999999962347,1.0,35.5961119009738
S12_C6,sensitivity,0.12,6.0,OBJECTIVE_LIQUIDITY_ONLY,TOUCH_NEXT_OPEN,VOL_FLOOR_0.50,0.5,2.0,1831,18.78754778809394,45.98580010922993,35.226652102676134,0.1638448935008192,0.05005677856344189,1.1018177996541065,0.011166588279310056,1.021758201969833,1.6269999999999527,0.31399999999962347,1.0,20.446023139416713
S12_C6,sensitivity,0.12,6.0,OBJECTIVE_LIQUIDITY_ONLY,TOUCH_NEXT_OPEN,VOL_FLOOR_0.50,0.5,2.5,1831,13.544511196067724,47.678864008738394,38.77662479519388,0.10922992900054614,0.04246174560259583,1.0834060722436267,0.003571555318464004,1.006718811697009,1.6269999999999527,0.31399999999962347,1.0,6.539517788107592
S12_C6,sensitivity,0.12,6.0,OBJECTIVE_LIQUIDITY_ONLY,TOUCH_NEXT_OPEN,VOL_FLOOR_0.50,0.5,3.0,1831,9.885308574549427,48.44347351174222,41.67121791370836,0.05461496450027307,0.0400332673563805,1.0774074811166445,0.0011430770722486725,1.0021165172081499,1.6269999999999527,0.31399999999962347,1.0,2.0929741192873195
S12_C6,sensitivity,0.12,6.0,OBJECTIVE_LIQUIDITY_ONLY,TOUCH_NEXT_OPEN,VOL_FLOOR_0.75,0.75,0.5,1831,63.954123429819774,27.85363189513927,8.19224467504096,0.1638448935008192,0.027502076633472785,1.0923681774414247,-0.00866409052939423,0.9720157333123871,1.71349999999984,0.31399999999962347,1.0,-15.863949759320834
S12_C6,sensitivity,0.12,6.0,OBJECTIVE_LIQUIDITY_ONLY,TOUCH_NEXT_OPEN,VOL_FLOOR_0.75,0.75,1.0,1831,41.50737302020754,38.121245221190605,20.371381758601856,0.10922992900054614,0.050399107588317206,1.123252080262769,0.014232940425450187,1.0334401715750374,1.71349999999984,0.31399999999962347,1.0,26.06051391899929
S12_C6,sensitivity,0.12,6.0,OBJECTIVE_LIQUIDITY_ONLY,TOUCH_NEXT_OPEN,VOL_FLOOR_0.75,0.75,1.5,1831,27.307482250136538,42.70890223921354,29.98361551064992,0.10922992900054614,0.05755145458439507,1.125476206050045,0.021385287421528055,1.044796253587691,1.71349999999984,0.31399999999962347,1.0,39.15646126881787
S12_C6,sensitivity,0.12,6.0,OBJECTIVE_LIQUIDITY_ONLY,TOUCH_NEXT_OPEN,VOL_FLOOR_0.75,0.75,2.0,1831,17.695248498088475,44.94811578372474,37.35663571818678,0.05461496450027307,0.05212419721531298,1.1082627640047154,0.015958030052445955,1.0318394521844136,1.71349999999984,0.31399999999962347,1.0,29.219153026028543
S12_C6,sensitivity,0.12,6.0,OBJECTIVE_LIQUIDITY_ONLY,TOUCH_NEXT_OPEN,VOL_FLOOR_0.75,0.75,2.5,1831,12.397596941561988,46.14964500273075,41.452758055707264,0.0,0.05075590793889199,1.1027425962030644,0.014589740776024969,1.0283640488524592,1.71349999999984,0.31399999999962347,1.0,26.713815360901716
S12_C6,sensitivity,0.12,6.0,OBJECTIVE_LIQUIDITY_ONLY,TOUCH_NEXT_OPEN,VOL_FLOOR_0.75,0.75,3.0,1831,8.956854178044784,46.80502457673403,44.23812124522119,0.0,0.05057074833751941,1.1009543262662311,0.014404581174652391,1.02761570844425,1.71349999999984,0.31399999999962347,1.0,26.374788130788527
S12_C6,sensitivity,0.12,6.0,OBJECTIVE_LIQUIDITY_ONLY,TOUCH_NEXT_OPEN,VOL_FLOOR_1.00,1.0,0.5,1831,63.954123429819774,27.19825232113599,8.847624249044237,0.05461496450027307,0.0342355611015974,1.117377173812803,0.0012544434372699514,1.0041469004883112,1.8917815827608313,0.3990678560711495,1.0,2.2968859336412812
S12_C6,sensitivity,0.12,6.0,OBJECTIVE_LIQUIDITY_ONLY,TOUCH_NEXT_OPEN,VOL_FLOOR_1.00,1.0,1.0,1831,39.65046422719825,37.68432550518842,22.665210267613325,0.05461496450027307,0.03966174581771997,1.0975016902194175,0.006680628153392525,1.0158292705243523,1.8917815827608313,0.3990678560711495,1.0,12.232230148861714
S12_C6,sensitivity,0.12,6.0,OBJECTIVE_LIQUIDITY_ONLY,TOUCH_NEXT_OPEN,VOL_FLOOR_1.00,1.0,1.5,1831,24.740578918623704,41.452758055707264,33.80666302566903,0.10922992900054614,0.04713713585046441,1.1053310097693811,0.014156018186136956,1.0304880294698662,1.8917815827608313,0.3990678560711495,1.0,25.919669298816768
S12_C6,sensitivity,0.12,6.0,OBJECTIVE_LIQUIDITY_ONLY,TOUCH_NEXT_OPEN,VOL_FLOOR_1.00,1.0,2.0,1831,15.45603495357728,43.14582195521573,41.39814309120699,0.0,0.0463654515461067,1.0997937642449969,0.013384333881779242,1.0277619409185466,1.8917815827608313,0.3990678560711495,1.0,24.50671533753779
S12_C6,sensitivity,0.12,6.0,OBJECTIVE_LIQUIDITY_ONLY,TOUCH_NEXT_OPEN,VOL_FLOOR_1.00,1.0,2.5,1831,10.540688148552704,44.23812124522119,45.22119060622611,0.0,0.037633191463075595,1.07897375761629,0.00465207379874814,1.0094069309066056,1.8917815827608313,0.3990678560711495,1.0,8.517947125507845
S12_C6,sensitivity,0.12,6.0,OBJECTIVE_LIQUIDITY_ONLY,TOUCH_NEXT_OPEN,VOL_FLOOR_1.00,1.0,3.0,1831,7.154560349535773,44.72965592572365,48.11578372474058,0.0,0.03721662684643653,1.0773022248115942,0.004235509182109074,1.0084766982739901,1.8917815827608313,0.3990678560711495,1.0,7.755217312441713
S18_C9_STRESS,stress,0.18,9.0,DISPLACEMENT_ORIGIN_ONLY,ACCEPTANCE_RETEST,STRUCTURAL,,0.5,15,53.333333333333336,46.666666666666664,0.0,13.333333333333334,-0.20000000000000692,0.5714285714285566,-0.3473362631028746,0.3506300034423688,0.6140000000000327,0.41899999999986903,8.0,-5.210043946543118
S18_C9_STRESS,stress,0.18,9.0,DISPLACEMENT_ORIGIN_ONLY,ACCEPTANCE_RETEST,STRUCTURAL,,1.0,15,40.0,60.0,0.0,13.333333333333334,-0.2,0.6666666666666666,-0.34733626310286764,0.4990245677670413,0.6140000000000327,0.41899999999986903,8.0,-5.210043946543014
S18_C9_STRESS,stress,0.18,9.0,DISPLACEMENT_ORIGIN_ONLY,ACCEPTANCE_RETEST,STRUCTURAL,,1.5,15,26.666666666666668,66.66666666666666,6.666666666666667,13.333333333333334,-0.27068062827224804,0.596409055425456,-0.41801689137511555,0.46202383630923133,0.6140000000000327,0.41899999999986903,8.0,-6.270253370626733
S18_C9_STRESS,stress,0.18,9.0,DISPLACEMENT_ORIGIN_ONLY,ACCEPTANCE_RETEST,STRUCTURAL,,2.0,15,26.666666666666668,66.66666666666666,6.666666666666667,13.333333333333334,-0.13734729493892164,0.7952120739005941,-0.2846835580417892,0.633620144111054,0.6140000000000327,0.41899999999986903,8.0,-4.270253370626838
S18_C9_STRESS,stress,0.18,9.0,DISPLACEMENT_ORIGIN_ONLY,ACCEPTANCE_RETEST,STRUCTURAL,,2.5,15,26.666666666666668,66.66666666666666,6.666666666666667,13.333333333333334,-0.004013961605595166,0.9940150923757325,-0.15135022470846277,0.8052164519128768,0.6140000000000327,0.41899999999986903,8.0,-2.2702533706269414
S18_C9_STRESS,stress,0.18,9.0,DISPLACEMENT_ORIGIN_ONLY,ACCEPTANCE_RETEST,STRUCTURAL,,3.0,15,26.666666666666668,66.66666666666666,6.666666666666667,13.333333333333334,0.12931937172774505,1.1928181108508913,-0.01801689137512253,0.9768127597147173,0.6140000000000327,0.41899999999986903,8.0,-0.27025337062683796
S18_C9_STRESS,stress,0.18,9.0,DISPLACEMENT_ORIGIN_ONLY,CLEAN_REJECTION,STRUCTURAL,,0.5,804,54.47761194029851,24.00497512437811,21.51741293532338,0.0,-0.0010388500844625665,0.9963377265947194,-0.04404637400478986,0.8531157147093881,2.460499999999911,0.5369999999998072,1.0,-35.41328469985105
S18_C9_STRESS,stress,0.18,9.0,DISPLACEMENT_ORIGIN_ONLY,CLEAN_REJECTION,STRUCTURAL,,1.0,804,30.721393034825873,30.721393034825873,38.55721393034826,0.0,0.010321041775012061,1.0285945574963544,-0.032686482145315214,0.9144783004607875,2.460499999999911,0.5369999999998072,1.0,-26.279931644833432
S18_C9_STRESS,stress,0.18,9.0,DISPLACEMENT_ORIGIN_ONLY,CLEAN_REJECTION,STRUCTURAL,,1.5,804,19.402985074626866,34.20398009950249,46.39303482587065,0.0,0.004111522351970958,1.0103301788443864,-0.03889600156835632,0.9077925467470721,2.460499999999911,0.5369999999998072,1.0,-31.272385260958483
S18_C9_STRESS,stress,0.18,9.0,DISPLACEMENT_ORIGIN_ONLY,CLEAN_REJECTION,STRUCTURAL,,2.0,804,12.437810945273633,35.199004975124375,52.363184079601986,0.0,0.0017349148845345868,1.00423982520471,-0.041272609035792704,0.9049220360678524,2.460499999999911,0.5369999999998072,1.0,-33.18317766477733
S18_C9_STRESS,stress,0.18,9.0,DISPLACEMENT_ORIGIN_ONLY,CLEAN_REJECTION,STRUCTURAL,,2.5,804,8.084577114427862,36.44278606965174,55.472636815920396,0.0,-0.016934314143974498,0.9598419927579441,-0.05994183806430177,0.8660844794313669,2.460499999999911,0.5369999999998072,1.0,-48.19323780369862
S18_C9_STRESS,stress,0.18,9.0,DISPLACEMENT_ORIGIN_ONLY,CLEAN_REJECTION,STRUCTURAL,,3.0,804,5.223880597014925,36.81592039800995,57.960199004975124,0.0,-0.029221314351212235,0.931312401184652,-0.07222883827153952,0.8400367594235308,2.460499999999911,0.5369999999998072,1.0,-58.07198597031777
S18_C9_STRESS,stress,0.18,9.0,DISPLACEMENT_ORIGIN_ONLY,FAILED_AUCTION,STRUCTURAL,,0.5,205,54.146341463414636,41.951219512195124,3.902439024390244,0.4878048780487805,-0.14978915514993696,0.645771065667682,-0.2173528938534252,0.5204946682195543,1.4174999999995634,0.44699999999988904,2.0,-44.55734323995217
S18_C9_STRESS,stress,0.18,9.0,DISPLACEMENT_ORIGIN_ONLY,FAILED_AUCTION,STRUCTURAL,,1.0,205,38.048780487804876,53.65853658536586,8.292682926829269,0.0,-0.15298414144555528,0.719900351770408,-0.22054788014904347,0.623529490741409,1.4174999999995634,0.44699999999988904,2.0,-45.212315430553915
S18_C9_STRESS,stress,0.18,9.0,DISPLACEMENT_ORIGIN_ONLY,FAILED_AUCTION,STRUCTURAL,,1.5,205,30.73170731707317,58.536585365853654,10.731707317073171,0.0,-0.1028712343858996,0.8270949769126955,-0.17043497308938782,0.7332766972349937,1.4174999999995634,0.44699999999988904,2.0,-34.939169483324505
S18_C9_STRESS,stress,0.18,9.0,DISPLACEMENT_ORIGIN_ONLY,FAILED_AUCTION,STRUCTURAL,,2.0,205,23.414634146341466,61.46341463414634,15.121951219512194,0.0,-0.08397795140408515,0.8654687467853467,-0.15154169010757337,0.774086603659382,1.4174999999995634,0.44699999999988904,2.0,-31.06604647205254
S18_C9_STRESS,stress,0.18,9.0,DISPLACEMENT_ORIGIN_ONLY,FAILED_AUCTION,STRUCTURAL,,2.5,205,20.0,62.4390243902439,17.560975609756095,0.0,-0.024250023623303394,0.9617496916287622,-0.09181376232679166,0.8652385503501865,1.4174999999995634,0.44699999999988904,2.0,-18.82182127699229
S18_C9_STRESS,stress,0.18,9.0,DISPLACEMENT_ORIGIN_ONLY,FAILED_AUCTION,STRUCTURAL,,3.0,205,13.658536585365855,64.8780487804878,21.463414634146343,0.0,-0.07132055006446773,0.891671461469773,-0.138884288767956,0.8037994161240118,1.4174999999995634,0.44699999999988904,2.0,-28.47127919743098
S18_C9_STRESS,stress,0.18,9.0,DISPLACEMENT_ORIGIN_ONLY,PASSIVE_TOUCH,STRUCTURAL,,0.5,428,46.49532710280374,53.50467289719626,0.0,30.60747663551402,-0.31170394435473164,0.42720494650892316,-0.4578091315859102,0.2712147353880978,0.6157499999999345,0.36200000000008004,1.0,-195.94230831876956
S18_C9_STRESS,stress,0.18,9.0,DISPLACEMENT_ORIGIN_ONLY,PASSIVE_TOUCH,STRUCTURAL,,1.0,428,38.31775700934579,61.44859813084113,0.23364485981308408,30.140186915887853,-0.24077099088576956,0.6141172430818616,-0.386876178116948,0.46132331636471696,0.6157499999999345,0.36200000000008004,1.0,-165.58300423405376
S18_C9_STRESS,stress,0.18,9.0,DISPLACEMENT_ORIGIN_ONLY,PASSIVE_TOUCH,STRUCTURAL,,1.5,428,32.71028037383177,66.58878504672897,0.7009345794392523,29.672897196261683,-0.18400365193227022,0.7275558807529011,-0.33010883916344874,0.5748434604727555,0.6157499999999345,0.36200000000008004,1.0,-141.28658316195606
S18_C9_STRESS,stress,0.18,9.0,DISPLACEMENT_ORIGIN_ONLY,PASSIVE_TOUCH,STRUCTURAL,,2.0,428,27.570093457943923,70.32710280373831,2.102803738317757,28.971962616822427,-0.156812920307839,0.7800791945015284,-0.3029181075390175,0.6302683188726027,0.6157499999999345,0.36200000000008004,1.0,-129.64895002669948
S18_C9_STRESS,stress,0.18,9.0,DISPLACEMENT_ORIGIN_ONLY,PASSIVE_TOUCH,STRUCTURAL,,2.5,428,23.83177570093458,73.36448598130842,2.803738317757009,28.971962616822427,-0.13341772450442596,0.8205343537830223,-0.2795229117356045,0.6729087171729486,0.6157499999999345,0.36200000000008004,1.0,-119.63580622283874
S18_C9_STRESS,stress,0.18,9.0,DISPLACEMENT_ORIGIN_ONLY,PASSIVE_TOUCH,STRUCTURAL,,3.0,428,20.327102803738317,75.23364485981308,4.439252336448598,28.971962616822427,-0.11927708704944551,0.8435949020435722,-0.265382274280624,0.6976243206440247,0.6157499999999345,0.36200000000008004,1.0,-113.58361339210708
S18_C9_STRESS,stress,0.18,9.0,DISPLACEMENT_ORIGIN_ONLY,RECLAIM_PULLBACK,STRUCTURAL,,0.5,674,51.92878338278932,34.124629080118694,13.94658753709199,3.5608308605341246,-0.09518497778477888,0.7384819972193116,-0.1577944391566296,0.5971977537520997,1.6557499999997844,0.38049999999998363,4.0,-106.35345199156836
S18_C9_STRESS,stress,0.18,9.0,DISPLACEMENT_ORIGIN_ONLY,RECLAIM_PULLBACK,STRUCTURAL,,1.0,674,34.42136498516321,41.3946587537092,24.183976261127597,3.2640949554896146,-0.062191336408404636,0.8601431857931355,-0.12480079778025539,0.7392521018101358,1.6557499999997844,0.38049999999998363,4.0,-84.11573770389214
S18_C9_STRESS,stress,0.18,9.0,DISPLACEMENT_ORIGIN_ONLY,RECLAIM_PULLBACK,STRUCTURAL,,1.5,674,23.887240356083087,45.40059347181009,30.712166172106826,3.2640949554896146,-0.04621229113200401,0.9048569876037382,-0.10882175250385476,0.7920963744863123,1.6557499999997844,0.38049999999998363,4.0,-73.3458611875981
S18_C9_STRESS,stress,0.18,9.0,DISPLACEMENT_ORIGIN_ONLY,RECLAIM_PULLBACK,STRUCTURAL,,2.0,674,17.95252225519288,47.774480712166174,34.27299703264095,3.2640949554896146,-0.03327698170852543,0.9346809393409784,-0.09588644308037621,0.8254083999655586,1.6557499999997844,0.38049999999998363,4.0,-64.62746263617356
S18_C9_STRESS,stress,0.18,9.0,DISPLACEMENT_ORIGIN_ONLY,RECLAIM_PULLBACK,STRUCTURAL,,2.5,674,14.094955489614245,48.96142433234421,36.94362017804154,3.2640949554896146,-0.016829605707007065,0.96771746364049,-0.07943906707885783,0.8587825471417243,1.6557499999997844,0.38049999999998363,4.0,-53.54193121115018
S18_C9_STRESS,stress,0.18,9.0,DISPLACEMENT_ORIGIN_ONLY,RECLAIM_PULLBACK,STRUCTURAL,,3.0,674,10.83086053412463,49.70326409495549,39.46587537091988,3.2640949554896146,-0.012082865241626007,0.9771836848456333,-0.07469232661347677,0.869372878607854,1.6557499999997844,0.38049999999998363,4.0,-50.342628137483345
S18_C9_STRESS,stress,0.18,9.0,DISPLACEMENT_ORIGIN_ONLY,TOUCH_NEXT_OPEN,VOL_FLOOR_0.25,0.25,0.5,1044,56.13026819923371,27.490421455938694,16.379310344827587,1.1494252873563218,-0.01804798493997119,0.9412340553357097,-0.08003392795308109,0.7585023539665822,1.905999999999608,0.28949999999986176,1.0,-83.55542078301666
S18_C9_STRESS,stress,0.18,9.0,DISPLACEMENT_ORIGIN_ONLY,TOUCH_NEXT_OPEN,VOL_FLOOR_0.25,0.25,1.0,1044,35.05747126436782,36.015325670498086,28.9272030651341,0.6704980842911877,-0.0024946097212341567,0.9937759488146256,-0.06448055273434404,0.8510399920929801,1.905999999999608,0.28949999999986176,1.0,-67.31769705465518
S18_C9_STRESS,stress,0.18,9.0,DISPLACEMENT_ORIGIN_ONLY,TOUCH_NEXT_OPEN,VOL_FLOOR_0.25,0.25,1.5,1044,23.754789272030653,40.42145593869732,35.82375478927203,0.38314176245210724,0.003268370595764486,1.0073164494671527,-0.0587175724173454,0.8783357744177529,1.905999999999608,0.28949999999986176,1.0,-61.3011456037086
S18_C9_STRESS,stress,0.18,9.0,DISPLACEMENT_ORIGIN_ONLY,TOUCH_NEXT_OPEN,VOL_FLOOR_0.25,0.25,2.0,1044,16.28352490421456,43.103448275862064,40.61302681992337,0.19157088122605362,-0.013239967004340264,0.9720697585054305,-0.07522591001745016,0.8533763789090006,1.905999999999608,0.28949999999986176,1.0,-78.53585005821796
S18_C9_STRESS,stress,0.18,9.0,DISPLACEMENT_ORIGIN_ONLY,TOUCH_NEXT_OPEN,VOL_FLOOR_0.25,0.25,2.5,1044,12.260536398467432,44.34865900383142,43.39080459770115,0.19157088122605362,-0.012269438862278298,0.9748003305871736,-0.07425538187538819,0.8591726352338287,1.905999999999608,0.28949999999986176,1.0,-77.52261867790527
S18_C9_STRESS,stress,0.18,9.0,DISPLACEMENT_ORIGIN_ONLY,TOUCH_NEXT_OPEN,VOL_FLOOR_0.25,0.25,3.0,1044,9.003831417624522,45.21072796934866,45.785440613026815,0.19157088122605362,-0.021570344908579536,0.9564887349268829,-0.08355628792168943,0.844459706413528,1.905999999999608,0.28949999999986176,1.0,-87.23276459024376
S18_C9_STRESS,stress,0.18,9.0,DISPLACEMENT_ORIGIN_ONLY,TOUCH_NEXT_OPEN,VOL_FLOOR_0.50,0.5,0.5,1044,56.32183908045977,27.298850574712645,16.379310344827587,0.19157088122605362,-0.015114231497032022,0.9504679588254978,-0.0693020704885518,0.7875932831739507,1.985999999999649,0.29774896964800324,1.0,-72.35136159004809
S18_C9_STRESS,stress,0.18,9.0,DISPLACEMENT_ORIGIN_ONLY,TOUCH_NEXT_OPEN,VOL_FLOOR_0.50,0.5,1.0,1044,35.91954022988506,35.05747126436782,29.022988505747126,0.09578544061302681,0.016182952602926584,1.041371392084019,-0.038004886388593194,0.9091747741515237,1.985999999999649,0.29774896964800324,1.0,-39.677101389691295
S18_C9_STRESS,stress,0.18,9.0,DISPLACEMENT_ORIGIN_ONLY,TOUCH_NEXT_OPEN,VOL_FLOOR_0.50,0.5,1.5,1044,24.233716475095786,39.46360153256705,36.30268199233716,0.09578544061302681,0.022401435832893266,1.0512487432026942,-0.031786403158626526,0.9320786273760124,1.985999999999649,0.29774896964800324,1.0,-33.18500489760609
S18_C9_STRESS,stress,0.18,9.0,DISPLACEMENT_ORIGIN_ONLY,TOUCH_NEXT_OPEN,VOL_FLOOR_0.50,0.5,2.0,1044,16.57088122605364,41.95402298850575,41.475095785440615,0.0,0.0100796883921323,1.0217948441527165,-0.04410815059938749,0.9110465534616177,1.985999999999649,0.29774896964800324,1.0,-46.04890922576054
S18_C9_STRESS,stress,0.18,9.0,DISPLACEMENT_ORIGIN_ONLY,TOUCH_NEXT_OPEN,VOL_FLOOR_0.50,0.5,2.5,1044,11.398467432950191,43.96551724137931,44.6360153256705,0.0,-0.018527490783438804,0.9616404210897823,-0.0727153297749586,0.8596723141309498,1.985999999999649,0.29774896964800324,1.0,-75.91480428505679
S18_C9_STRESS,stress,0.18,9.0,DISPLACEMENT_ORIGIN_ONLY,TOUCH_NEXT_OPEN,VOL_FLOOR_0.50,0.5,3.0,1044,8.42911877394636,44.6360153256705,46.934865900383144,0.0,-0.021725473802381417,0.9556484452202769,-0.0759133127939012,0.8556016532612271,1.985999999999649,0.29774896964800324,1.0,-79.25349855683285
S18_C9_STRESS,stress,0.18,9.0,DISPLACEMENT_ORIGIN_ONLY,TOUCH_NEXT_OPEN,VOL_FLOOR_0.75,0.75,0.5,1044,57.56704980842912,25.95785440613027,16.47509578544061,0.0,0.005101580291196766,1.017503426802562,-0.042313615962353404,0.8630737855656321,2.1723056988825924,0.44662345447200485,1.0,-44.175415064696956
S18_C9_STRESS,stress,0.18,9.0,DISPLACEMENT_ORIGIN_ONLY,TOUCH_NEXT_OPEN,VOL_FLOOR_0.75,0.75,1.0,1044,36.206896551724135,33.62068965517241,30.17241379310345,0.0,0.034124098779355405,1.0901848111955061,-0.01329109747419476,0.966922447353936,2.1723056988825924,0.44662345447200485,1.0,-13.875905763059329
S18_C9_STRESS,stress,0.18,9.0,DISPLACEMENT_ORIGIN_ONLY,TOUCH_NEXT_OPEN,VOL_FLOOR_0.75,0.75,1.5,1044,22.988505747126435,38.40996168582376,38.60153256704981,0.0,0.023136149384472282,1.053970574190634,-0.02427904686907789,0.9467124604364823,2.1723056988825924,0.44662345447200485,1.0,-25.347324931317317
S18_C9_STRESS,stress,0.18,9.0,DISPLACEMENT_ORIGIN_ONLY,TOUCH_NEXT_OPEN,VOL_FLOOR_0.75,0.75,2.0,1044,14.942528735632186,40.51724137931034,44.54022988505747,0.0,0.005489607065687992,1.012189166390448,-0.04192558918786218,0.9124632514621106,2.1723056988825924,0.44662345447200485,1.0,-43.77031511212812
S18_C9_STRESS,stress,0.18,9.0,DISPLACEMENT_ORIGIN_ONLY,TOUCH_NEXT_OPEN,VOL_FLOOR_0.75,0.75,2.5,1044,9.482758620689655,41.475095785440615,49.042145593869726,0.0,-0.012268932259509882,0.9733804713530981,-0.05968412851306006,0.8782996921589822,2.1723056988825924,0.44662345447200485,1.0,-62.31023016763471
S18_C9_STRESS,stress,0.18,9.0,DISPLACEMENT_ORIGIN_ONLY,TOUCH_NEXT_OPEN,VOL_FLOOR_0.75,0.75,3.0,1044,6.417624521072797,41.85823754789272,51.724137931034484,0.0,-0.023243967965071836,0.9500060944490747,-0.070659164218622,0.8572558827032897,2.1723056988825924,0.44662345447200485,1.0,-73.76816744424137
S18_C9_STRESS,stress,0.18,9.0,DISPLACEMENT_ORIGIN_ONLY,TOUCH_NEXT_OPEN,VOL_FLOOR_1.00,1.0,0.5,1044,57.37547892720306,25.095785440613028,17.52873563218391,0.0,0.012298166787422895,1.0433078856515998,-0.029337204460329794,0.9019367123269499,2.433999999999969,0.48299999999994725,1.0,-30.628041456584306
S18_C9_STRESS,stress,0.18,9.0,DISPLACEMENT_ORIGIN_ONLY,TOUCH_NEXT_OPEN,VOL_FLOOR_1.00,1.0,1.0,1044,33.42911877394636,33.04597701149425,33.524904214559385,0.0,0.012555901610974675,1.0333588965734493,-0.029079469636778023,0.9268300238405511,2.433999999999969,0.48299999999994725,1.0,-30.358966300796254
S18_C9_STRESS,stress,0.18,9.0,DISPLACEMENT_ORIGIN_ONLY,TOUCH_NEXT_OPEN,VOL_FLOOR_1.00,1.0,1.5,1044,20.49808429118774,36.015325670498086,43.486590038314176,0.0,0.019635028314122276,1.048115039738157,-0.02200034293363042,0.9489620255483491,2.433999999999969,0.48299999999994725,1.0,-22.968358022710156
S18_C9_STRESS,stress,0.18,9.0,DISPLACEMENT_ORIGIN_ONLY,TOUCH_NEXT_OPEN,VOL_FLOOR_1.00,1.0,2.0,1044,11.973180076628353,37.64367816091954,50.38314176245211,0.0,-0.004362342024081359,0.9897483922342185,-0.04599771327183407,0.8977687316667865,2.433999999999969,0.48299999999994725,1.0,-48.02161265579477
S18_C9_STRESS,stress,0.18,9.0,DISPLACEMENT_ORIGIN_ONLY,TOUCH_NEXT_OPEN,VOL_FLOOR_1.00,1.0,2.5,1044,7.854406130268199,38.02681992337165,54.11877394636016,0.0,-0.004790951552086821,0.9888556817169665,-0.046426322799839534,0.8979353189534656,2.433999999999969,0.48299999999994725,1.0,-48.46908100303247
S18_C9_STRESS,stress,0.18,9.0,DISPLACEMENT_ORIGIN_ONLY,TOUCH_NEXT_OPEN,VOL_FLOOR_1.00,1.0,3.0,1044,5.363984674329502,38.2183908045977,56.417624521072796,0.0,-0.0029077352458948403,0.9932662715259206,-0.044543106493647545,0.9025088822576286,2.433999999999969,0.48299999999994725,1.0,-46.50300317936804
S18_C9_STRESS,stress,0.18,9.0,DOZ_OBJECTIVE_ONLY,ACCEPTANCE_RETEST,STRUCTURAL,,0.5,5,60.0,40.0,0.0,40.0,-0.10000000000005527,0.7499999999998619,-0.2632112664514561,0.4541434625471405,0.5462655151895888,0.3654999999998836,9.0,-1.3160563322572805
S18_C9_STRESS,stress,0.18,9.0,DOZ_OBJECTIVE_ONLY,ACCEPTANCE_RETEST,STRUCTURAL,,1.0,5,40.0,60.0,0.0,40.0,-0.2,0.6666666666666666,-0.36321126645140084,0.48426350013067854,0.5462655151895888,0.3654999999998836,9.0,-1.8160563322570042
S18_C9_STRESS,stress,0.18,9.0,DOZ_OBJECTIVE_ONLY,ACCEPTANCE_RETEST,STRUCTURAL,,1.5,5,40.0,60.0,0.0,40.0,2.7355895326763858e-14,1.0000000000000455,-0.16321126645137346,0.7682505608340391,0.5462655151895888,0.3654999999998836,9.0,-0.8160563322568672
S18_C9_STRESS,stress,0.18,9.0,DOZ_OBJECTIVE_ONLY,ACCEPTANCE_RETEST,STRUCTURAL,,2.0,5,20.0,80.0,0.0,20.0,-0.4,0.5,-0.563211266451401,0.39174382738636765,0.5462655151895888,0.3654999999998836,9.0,-2.8160563322570047
S18_C9_STRESS,stress,0.18,9.0,DOZ_OBJECTIVE_ONLY,ACCEPTANCE_RETEST,STRUCTURAL,,2.5,5,20.0,80.0,0.0,20.0,-0.3,0.625,-0.4632112664514009,0.49974169760761583,0.5462655151895888,0.3654999999998836,9.0,-2.3160563322570047
S18_C9_STRESS,stress,0.18,9.0,DOZ_OBJECTIVE_ONLY,ACCEPTANCE_RETEST,STRUCTURAL,,3.0,5,20.0,80.0,0.0,20.0,-0.2,0.75,-0.3632112664514009,0.6077395678288641,0.5462655151895888,0.3654999999998836,9.0,-1.8160563322570045
S18_C9_STRESS,stress,0.18,9.0,DOZ_OBJECTIVE_ONLY,CLEAN_REJECTION,STRUCTURAL,,0.5,23,82.6086956521739,8.695652173913043,8.695652173913043,0.0,0.3073913925419821,3.862043511647477,0.24460783992389318,3.088596850350199,1.4349999999999454,0.6784999999997581,1.0,5.625980318249543
S18_C9_STRESS,stress,0.18,9.0,DOZ_OBJECTIVE_ONLY,CLEAN_REJECTION,STRUCTURAL,,1.0,23,56.52173913043478,21.73913043478261,21.73913043478261,0.0,0.37759946283062523,2.5876360288237406,0.31481591021253624,2.240085753418952,1.4349999999999454,0.6784999999997581,1.0,7.2407659348883335
S18_C9_STRESS,stress,0.18,9.0,DOZ_OBJECTIVE_ONLY,CLEAN_REJECTION,STRUCTURAL,,1.5,23,43.47826086956522,26.08695652173913,30.434782608695656,0.0,0.49845717156108454,2.771877558682001,0.4356736189429954,2.4503900568921058,1.4349999999999454,0.6784999999997581,1.0,10.020493235688894
S18_C9_STRESS,stress,0.18,9.0,DOZ_OBJECTIVE_ONLY,CLEAN_REJECTION,STRUCTURAL,,2.0,23,43.47826086956522,26.08695652173913,30.434782608695656,0.0,0.7158484759089238,3.544643596775489,0.6530649232908347,3.1741019654668734,1.4349999999999454,0.6784999999997581,1.0,15.020493235689198
S18_C9_STRESS,stress,0.18,9.0,DOZ_OBJECTIVE_ONLY,CLEAN_REJECTION,STRUCTURAL,,2.5,23,39.130434782608695,26.08695652173913,34.78260869565217,0.0,0.876268380025327,4.114892043958156,0.813484827407238,3.7081518223815726,1.4349999999999454,0.6784999999997581,1.0,18.710151030366475
S18_C9_STRESS,stress,0.18,9.0,DOZ_OBJECTIVE_ONLY,CLEAN_REJECTION,STRUCTURAL,,3.0,23,26.08695652173913,30.434782608695656,43.47826086956522,0.0,0.8394705734436722,3.5846240661189057,0.7766870208255829,3.2328942710368085,1.4349999999999454,0.6784999999997581,1.0,17.863801478988407
S18_C9_STRESS,stress,0.18,9.0,DOZ_OBJECTIVE_ONLY,FAILED_AUCTION,STRUCTURAL,,0.5,31,54.83870967741935,29.03225806451613,16.129032258064516,0.0,0.0033492928186626752,1.0114246066033366,-0.046135027727753214,0.8505433898698962,2.1269999999999527,0.6924999999996544,2.0,-1.4301858595603496
S18_C9_STRESS,stress,0.18,9.0,DOZ_OBJECTIVE_ONLY,FAILED_AUCTION,STRUCTURAL,,1.0,31,35.483870967741936,45.16129032258064,19.35483870967742,0.0,-0.0785628966217144,0.8276079145212715,-0.12804721716813025,0.7349866361714107,2.1269999999999527,0.6924999999996544,2.0,-3.969463732212038
S18_C9_STRESS,stress,0.18,9.0,DOZ_OBJECTIVE_ONLY,FAILED_AUCTION,STRUCTURAL,,1.5,31,29.03225806451613,45.16129032258064,25.806451612903224,0.0,0.028974459084063674,1.0624213911097524,-0.020509861462352216,0.9585956234655882,2.1269999999999527,0.6924999999996544,2.0,-0.6358057053329187
S18_C9_STRESS,stress,0.18,9.0,DOZ_OBJECTIVE_ONLY,FAILED_AUCTION,STRUCTURAL,,2.0,31,25.806451612903224,45.16129032258064,29.03225806451613,0.0,0.14767458866191918,1.3181441016411424,0.09819026811550331,1.198222052378645,2.1269999999999527,0.6924999999996544,2.0,3.0438983115806026
S18_C9_STRESS,stress,0.18,9.0,DOZ_OBJECTIVE_ONLY,FAILED_AUCTION,STRUCTURAL,,2.5,31,25.806451612903224,45.16129032258064,29.03225806451613,0.0,0.2767068467264349,1.5961259277401727,0.22722252618001898,1.4587065128804997,2.1269999999999527,0.6924999999996544,2.0,7.043898311580588
S18_C9_STRESS,stress,0.18,9.0,DOZ_OBJECTIVE_ONLY,FAILED_AUCTION,STRUCTURAL,,3.0,31,22.58064516129032,45.16129032258064,32.25806451612903,0.0,0.365786042023711,1.7880345074054824,0.3163017214772952,1.6385355453798653,2.1269999999999527,0.6924999999996544,2.0,9.805353365796151
S18_C9_STRESS,stress,0.18,9.0,DOZ_OBJECTIVE_ONLY,PASSIVE_TOUCH,STRUCTURAL,,0.5,45,35.55555555555556,64.44444444444444,0.0,55.55555555555556,-0.46666666666665174,0.2758620689655405,-0.6374176052416657,0.15995072318713105,0.5309999999997217,0.36275000000000546,0.0,-28.683792235874957
S18_C9_STRESS,stress,0.18,9.0,DOZ_OBJECTIVE_ONLY,PASSIVE_TOUCH,STRUCTURAL,,1.0,45,31.11111111111111,68.88888888888889,0.0,55.55555555555556,-0.37777777777777777,0.45161290322580644,-0.548528716352792,0.3223251189285066,0.5309999999997217,0.36275000000000546,0.0,-24.68379223587564
S18_C9_STRESS,stress,0.18,9.0,DOZ_OBJECTIVE_ONLY,PASSIVE_TOUCH,STRUCTURAL,,1.5,45,31.11111111111111,68.88888888888889,0.0,51.11111111111111,-0.2222222222222332,0.6774193548386939,-0.3929731607972474,0.5145048343534949,0.5309999999997217,0.36275000000000546,0.0,-17.683792235876133
S18_C9_STRESS,stress,0.18,9.0,DOZ_OBJECTIVE_ONLY,PASSIVE_TOUCH,STRUCTURAL,,2.0,45,26.666666666666668,73.33333333333333,0.0,51.11111111111111,-0.2,0.7272727272727273,-0.3707509385750143,0.5694496410594596,0.5309999999997217,0.36275000000000546,0.0,-16.683792235875643
S18_C9_STRESS,stress,0.18,9.0,DOZ_OBJECTIVE_ONLY,PASSIVE_TOUCH,STRUCTURAL,,2.5,45,24.444444444444443,73.33333333333333,2.2222222222222223,51.11111111111111,-0.1135999999999858,0.8450909090909284,-0.2843509385750001,0.6697853304455628,0.5309999999997217,0.36275000000000546,0.0,-12.795792235875004
S18_C9_STRESS,stress,0.18,9.0,DOZ_OBJECTIVE_ONLY,PASSIVE_TOUCH,STRUCTURAL,,3.0,45,22.22222222222222,75.55555555555556,2.2222222222222223,51.11111111111111,-0.08026666666665834,0.893764705882364,-0.25101760524167266,0.7166497414894435,0.5309999999997217,0.36275000000000546,0.0,-11.29579223587527
S18_C9_STRESS,stress,0.18,9.0,DOZ_OBJECTIVE_ONLY,RECLAIM_PULLBACK,STRUCTURAL,,0.5,29,51.724137931034484,37.93103448275862,10.344827586206897,13.793103448275861,-0.10867817988591338,0.713484798482592,-0.19577589694760542,0.5249215661186499,1.0399999999992815,0.42899999999985994,3.0,-5.677501011480557
S18_C9_STRESS,stress,0.18,9.0,DOZ_OBJECTIVE_ONLY,RECLAIM_PULLBACK,STRUCTURAL,,1.0,29,41.37931034482759,44.827586206896555,13.793103448275861,13.793103448275861,-0.0214432931451616,0.9521649614454086,-0.10854101020685361,0.7764367068933099,1.0399999999992815,0.42899999999985994,3.0,-3.1476892959987546
S18_C9_STRESS,stress,0.18,9.0,DOZ_OBJECTIVE_ONLY,RECLAIM_PULLBACK,STRUCTURAL,,1.5,29,37.93103448275862,48.275862068965516,13.793103448275861,13.793103448275861,0.09924636202727082,1.2055817499136323,0.012148644965578815,1.0232440106013658,1.0399999999992815,0.42899999999985994,3.0,0.35231070400178566
S18_C9_STRESS,stress,0.18,9.0,DOZ_OBJECTIVE_ONLY,RECLAIM_PULLBACK,STRUCTURAL,,2.0,29,24.137931034482758,58.620689655172406,17.24137931034483,13.793103448275861,-0.09884847180131072,0.8337693702636712,-0.18594618886300274,0.7147574975593045,1.0399999999992815,0.42899999999985994,3.0,-5.39243947702708
S18_C9_STRESS,stress,0.18,9.0,DOZ_OBJECTIVE_ONLY,RECLAIM_PULLBACK,STRUCTURAL,,2.5,29,24.137931034482758,58.620689655172406,17.24137931034483,13.793103448275861,0.02184118337109741,1.0367296893902616,-0.06525653369059464,0.8998961092758684,1.0399999999992815,0.42899999999985994,3.0,-1.8924394770272446
S18_C9_STRESS,stress,0.18,9.0,DOZ_OBJECTIVE_ONLY,RECLAIM_PULLBACK,STRUCTURAL,,3.0,29,20.689655172413794,62.06896551724138,17.24137931034483,13.793103448275861,0.004599804060758247,1.007311380887018,-0.08249791300093377,0.8803998865547938,1.0399999999992815,0.42899999999985994,3.0,-2.3924394770270796
S18_C9_STRESS,stress,0.18,9.0,DOZ_OBJECTIVE_ONLY,TOUCH_NEXT_OPEN,VOL_FLOOR_0.25,0.25,0.5,56,58.92857142857143,33.92857142857143,7.142857142857142,8.928571428571429,-0.04855417977202254,0.8609952839870008,-0.13600719204619352,0.6442431473885285,1.1444999999997663,0.41445577800091626,1.0,-7.616402754586837
S18_C9_STRESS,stress,0.18,9.0,DOZ_OBJECTIVE_ONLY,TOUCH_NEXT_OPEN,VOL_FLOOR_0.25,0.25,1.0,56,41.07142857142857,46.42857142857143,12.5,5.357142857142857,-0.0351169735094025,0.9259602303528515,-0.12256998578357356,0.7632596542763201,1.1444999999997663,0.41445577800091626,1.0,-6.863919203880119
S18_C9_STRESS,stress,0.18,9.0,DOZ_OBJECTIVE_ONLY,TOUCH_NEXT_OPEN,VOL_FLOOR_0.25,0.25,1.5,56,35.714285714285715,46.42857142857143,17.857142857142858,1.7857142857142856,0.13095109555125994,1.2760940929907039,0.04349808327708884,1.084015276721322,1.1444999999997663,0.41445577800091626,1.0,2.435892663516975
S18_C9_STRESS,stress,0.18,9.0,DOZ_OBJECTIVE_ONLY,TOUCH_NEXT_OPEN,VOL_FLOOR_0.25,0.25,2.0,56,30.357142857142854,48.214285714285715,21.428571428571427,0.0,0.21024447904521257,1.4261294421312243,0.1227914667710416,1.2269886170621849,1.1444999999997663,0.41445577800091626,1.0,6.876322139178329
S18_C9_STRESS,stress,0.18,9.0,DOZ_OBJECTIVE_ONLY,TOUCH_NEXT_OPEN,VOL_FLOOR_0.25,0.25,2.5,56,26.785714285714285,50.0,23.214285714285715,0.0,0.2761312253787353,1.5401217375605292,0.18867821310456426,1.3356013648618734,1.1444999999997663,0.41445577800091626,1.0,10.565979933855598
S18_C9_STRESS,stress,0.18,9.0,DOZ_OBJECTIVE_ONLY,TOUCH_NEXT_OPEN,VOL_FLOOR_0.25,0.25,3.0,56,23.214285714285715,51.78571428571429,25.0,0.0,0.32784694357119676,1.6196360153995377,0.24039393129702574,1.41326120339817,1.1444999999997663,0.41445577800091626,1.0,13.462060152633441
S18_C9_STRESS,stress,0.18,9.0,DOZ_OBJECTIVE_ONLY,TOUCH_NEXT_OPEN,VOL_FLOOR_0.50,0.5,0.5,56,60.71428571428571,32.142857142857146,7.142857142857142,3.571428571428571,-0.021768465486316866,0.9343218772895535,-0.08984454535776641,0.7464531433905273,1.39447704528392,0.5899999999999181,1.0,-5.031294540034919
S18_C9_STRESS,stress,0.18,9.0,DOZ_OBJECTIVE_ONLY,TOUCH_NEXT_OPEN,VOL_FLOOR_0.50,0.5,1.0,56,46.42857142857143,41.07142857142857,12.5,0.0,0.07202588363345541,1.1711937216791746,0.0039498037620059046,1.0087903388655584,1.39447704528392,0.5899999999999181,1.0,0.22118901067233065
S18_C9_STRESS,stress,0.18,9.0,DOZ_OBJECTIVE_ONLY,TOUCH_NEXT_OPEN,VOL_FLOOR_0.50,0.5,1.5,56,37.5,44.642857142857146,17.857142857142858,0.0,0.17559395269410968,1.3847018604777486,0.10751787282266015,1.2204164096391616,1.39447704528392,0.5899999999999181,1.0,6.0210008780689686
S18_C9_STRESS,stress,0.18,9.0,DOZ_OBJECTIVE_ONLY,TOUCH_NEXT_OPEN,VOL_FLOOR_0.50,0.5,2.0,56,30.357142857142854,48.214285714285715,21.428571428571427,0.0,0.21024447904520185,1.4261294421311999,0.14216839917375232,1.2682432905624823,1.39447704528392,0.5899999999999181,1.0,7.96143035373013
S18_C9_STRESS,stress,0.18,9.0,DOZ_OBJECTIVE_ONLY,TOUCH_NEXT_OPEN,VOL_FLOOR_0.50,0.5,2.5,56,26.785714285714285,48.214285714285715,25.0,0.0,0.2993708337964543,1.6067732526218108,0.23129475392500481,1.4364068684972402,1.39447704528392,0.5899999999999181,1.0,12.95250621980027
S18_C9_STRESS,stress,0.18,9.0,DOZ_OBJECTIVE_ONLY,TOUCH_NEXT_OPEN,VOL_FLOOR_0.50,0.5,3.0,56,25.0,48.214285714285715,26.785714285714285,0.0,0.42251512341749214,1.8563655733151587,0.3544390435460426,1.6687554751770932,1.39447704528392,0.5899999999999181,1.0,19.848586438578387
S18_C9_STRESS,stress,0.18,9.0,DOZ_OBJECTIVE_ONLY,TOUCH_NEXT_OPEN,VOL_FLOOR_0.75,0.75,0.5,56,66.07142857142857,26.785714285714285,7.142857142857142,1.7857142857142856,0.05858867737082845,1.2108490671086134,0.002837456180825242,1.009699966980251,1.7103961357710464,0.5899999999999181,1.0,0.15889754612621354
S18_C9_STRESS,stress,0.18,9.0,DOZ_OBJECTIVE_ONLY,TOUCH_NEXT_OPEN,VOL_FLOOR_0.75,0.75,1.0,56,46.42857142857143,39.285714285714285,14.285714285714285,0.0,0.0859330846321413,1.211231133510534,0.03018186344213813,1.0699699268176834,1.7103961357710464,0.5899999999999181,1.0,1.6901843527597353
S18_C9_STRESS,stress,0.18,9.0,DOZ_OBJECTIVE_ONLY,TOUCH_NEXT_OPEN,VOL_FLOOR_0.75,0.75,1.5,56,33.92857142857143,44.642857142857146,21.428571428571427,0.0,0.12166089263797078,1.264255243321986,0.06590967144796762,1.1352653811887272,1.7103961357710464,0.5899999999999181,1.0,3.690941601086187
S18_C9_STRESS,stress,0.18,9.0,DOZ_OBJECTIVE_ONLY,TOUCH_NEXT_OPEN,VOL_FLOOR_0.75,0.75,2.0,56,30.357142857142854,44.642857142857146,25.0,0.0,0.24559713327477348,1.5320361484206673,0.18984591208477028,1.386484920120165,1.7103961357710464,0.5899999999999181,1.0,10.631371076747136
S18_C9_STRESS,stress,0.18,9.0,DOZ_OBJECTIVE_ONLY,TOUCH_NEXT_OPEN,VOL_FLOOR_0.75,0.75,2.5,56,26.785714285714285,44.642857142857146,28.57142857142857,0.0,0.3356660935457505,1.7271521991492076,0.2799148723557473,1.569845702205856,1.7103961357710464,0.5899999999999181,1.0,15.675232851921848
S18_C9_STRESS,stress,0.18,9.0,DOZ_OBJECTIVE_ONLY,TOUCH_NEXT_OPEN,VOL_FLOOR_0.75,0.75,3.0,56,23.214285714285715,44.642857142857146,32.142857142857146,0.0,0.43841277996315886,1.9497319604664738,0.3826615587731557,1.7790155729529928,1.7103961357710464,0.5899999999999181,1.0,21.42904729129672
S18_C9_STRESS,stress,0.18,9.0,DOZ_OBJECTIVE_ONLY,TOUCH_NEXT_OPEN,VOL_FLOOR_1.00,1.0,0.5,56,71.42857142857143,21.428571428571427,7.142857142857142,0.0,0.13894582022796825,1.6194675293038892,0.09165884584609041,1.3905303438245116,2.1342244487645705,0.5899999999999181,1.0,5.132895367381063
S18_C9_STRESS,stress,0.18,9.0,DOZ_OBJECTIVE_ONLY,TOUCH_NEXT_OPEN,VOL_FLOOR_1.00,1.0,1.0,56,44.642857142857146,39.285714285714285,16.071428571428573,0.0,0.07981551025128357,1.1966709785457867,0.03252853586940575,1.0763117383272365,2.1342244487645705,0.5899999999999181,1.0,1.8215980086867223
S18_C9_STRESS,stress,0.18,9.0,DOZ_OBJECTIVE_ONLY,TOUCH_NEXT_OPEN,VOL_FLOOR_1.00,1.0,1.5,56,35.714285714285715,39.285714285714285,25.0,0.0,0.21501955842586518,1.529823173828772,0.16773258404398741,1.3934995756926998,2.1342244487645705,0.5899999999999181,1.0,9.393024706463295
S18_C9_STRESS,stress,0.18,9.0,DOZ_OBJECTIVE_ONLY,TOUCH_NEXT_OPEN,VOL_FLOOR_1.00,1.0,2.0,56,30.357142857142854,39.285714285714285,30.357142857142854,0.0,0.31691388808719234,1.77854636136155,0.2696269137053145,1.6267356259399737,2.1342244487645705,0.5899999999999181,1.0,15.09910716749761
S18_C9_STRESS,stress,0.18,9.0,DOZ_OBJECTIVE_ONLY,TOUCH_NEXT_OPEN,VOL_FLOOR_1.00,1.0,2.5,56,23.214285714285715,39.285714285714285,37.5,0.0,0.3910615797974842,1.9607012550231473,0.3437746054156063,1.7990885981912668,2.1342244487645705,0.5899999999999181,1.0,19.25137790327395
S18_C9_STRESS,stress,0.18,9.0,DOZ_OBJECTIVE_ONLY,TOUCH_NEXT_OPEN,VOL_FLOOR_1.00,1.0,3.0,56,16.071428571428573,39.285714285714285,44.642857142857146,0.0,0.4339379830459972,2.06603355187792,0.3866510086641193,1.8987528678249026,2.1342244487645705,0.5899999999999181,1.0,21.65245648519068
S18_C9_STRESS,stress,0.18,9.0,MEMORY_ONLY,ACCEPTANCE_RETEST,STRUCTURAL,,0.5,8,37.5,62.5,0.0,0.0,-0.4374999999999859,0.3000000000000225,-0.4948143634027579,0.24792152809479134,1.6519999999998163,1.155999999999267,10.0,-3.9585149072220633
S18_C9_STRESS,stress,0.18,9.0,MEMORY_ONLY,ACCEPTANCE_RETEST,STRUCTURAL,,1.0,8,12.5,75.0,12.5,0.0,-0.6525333439074301,0.16076480961166598,-0.7098477073102021,0.13969936805961428,1.6519999999998163,1.155999999999267,10.0,-5.678781658481617
S18_C9_STRESS,stress,0.18,9.0,MEMORY_ONLY,ACCEPTANCE_RETEST,STRUCTURAL,,1.5,8,12.5,75.0,12.5,0.0,-0.5900333439074424,0.24114721441748313,-0.6473477073102144,0.2154463049624712,1.6519999999998163,1.155999999999267,10.0,-5.178781658481715
S18_C9_STRESS,stress,0.18,9.0,MEMORY_ONLY,ACCEPTANCE_RETEST,STRUCTURAL,,2.0,8,12.5,75.0,12.5,0.0,-0.5275333439074301,0.32152961922333195,-0.5848477073102021,0.2911932418653579,1.6519999999998163,1.155999999999267,10.0,-4.678781658481617
S18_C9_STRESS,stress,0.18,9.0,MEMORY_ONLY,ACCEPTANCE_RETEST,STRUCTURAL,,2.5,8,0.0,87.5,12.5,0.0,-0.9025333439074301,0.0,-0.9598477073102022,0.0,1.6519999999998163,1.155999999999267,10.0,-7.6787816584816175
S18_C9_STRESS,stress,0.18,9.0,MEMORY_ONLY,ACCEPTANCE_RETEST,STRUCTURAL,,3.0,8,0.0,87.5,12.5,0.0,-0.9025333439074301,0.0,-0.9598477073102022,0.0,1.6519999999998163,1.155999999999267,10.0,-7.6787816584816175
S18_C9_STRESS,stress,0.18,9.0,MEMORY_ONLY,CLEAN_REJECTION,STRUCTURAL,,0.5,159,52.83018867924528,43.39622641509434,3.7735849056603774,0.0,-0.18128699862651732,0.5930950379195298,-0.23130333525905272,0.5067804251860735,1.7921877032263183,1.0153645677157783,1.0,-36.77723030618938
S18_C9_STRESS,stress,0.18,9.0,MEMORY_ONLY,CLEAN_REJECTION,STRUCTURAL,,1.0,159,38.36477987421384,52.20125786163522,9.433962264150944,0.0,-0.14499213047372947,0.7323426203752749,-0.1950084671062649,0.6583081424997086,1.7921877032263183,1.0153645677157783,1.0,-31.00634626989612
S18_C9_STRESS,stress,0.18,9.0,MEMORY_ONLY,CLEAN_REJECTION,STRUCTURAL,,1.5,159,28.930817610062892,55.34591194968554,15.723270440251572,0.0,-0.07396637435469654,0.8709486264085249,-0.12398271098723193,0.7945596282128371,1.7921877032263183,1.0153645677157783,1.0,-19.713251046969877
S18_C9_STRESS,stress,0.18,9.0,MEMORY_ONLY,CLEAN_REJECTION,STRUCTURAL,,2.0,159,23.270440251572328,55.9748427672956,20.754716981132077,0.0,-0.023991142491403793,0.9586664899661654,-0.07400747912393917,0.8790178937403733,1.7921877032263183,1.0153645677157783,1.0,-11.767189180706328
S18_C9_STRESS,stress,0.18,9.0,MEMORY_ONLY,CLEAN_REJECTION,STRUCTURAL,,2.5,159,18.238993710691823,56.60377358490566,25.157232704402517,0.0,-0.004123092255972115,0.9929967294018339,-0.054139428888507486,0.9127915243779504,1.7921877032263183,1.0153645677157783,1.0,-8.60816919327269
S18_C9_STRESS,stress,0.18,9.0,MEMORY_ONLY,CLEAN_REJECTION,STRUCTURAL,,3.0,159,15.723270440251572,56.60377358490566,27.67295597484277,0.0,0.0596038469427583,1.1012400021433417,0.009587510310222919,1.0154436826603228,1.7921877032263183,1.0153645677157783,1.0,1.5244141393254442
S18_C9_STRESS,stress,0.18,9.0,MEMORY_ONLY,FAILED_AUCTION,STRUCTURAL,,0.5,23,60.86956521739131,39.130434782608695,0.0,0.0,-0.08695652173913022,0.7777777777777782,-0.12141692428316761,0.6998068024382995,2.6099999999999,1.6424999999994725,8.0,-2.792589258512855
S18_C9_STRESS,stress,0.18,9.0,MEMORY_ONLY,FAILED_AUCTION,STRUCTURAL,,1.0,23,21.73913043478261,60.86956521739131,17.391304347826086,0.0,-0.3045551926082251,0.4996593264293444,-0.33901559515226254,0.4618243377235546,2.6099999999999,1.6424999999994725,8.0,-7.7973586885020385
S18_C9_STRESS,stress,0.18,9.0,MEMORY_ONLY,FAILED_AUCTION,STRUCTURAL,,1.5,23,17.391304347826086,65.21739130434783,17.391304347826086,0.0,-0.3045551926082246,0.5330153713340556,-0.339015595152262,0.4981733209292809,2.6099999999999,1.6424999999994725,8.0,-7.797358688502026
S18_C9_STRESS,stress,0.18,9.0,MEMORY_ONLY,FAILED_AUCTION,STRUCTURAL,,2.0,23,17.391304347826086,65.21739130434783,17.391304347826086,0.0,-0.2175986708690947,0.6663487046673882,-0.25205907341313205,0.6268904158118619,2.6099999999999,1.6424999999994725,8.0,-5.797358688502037
S18_C9_STRESS,stress,0.18,9.0,MEMORY_ONLY,FAILED_AUCTION,STRUCTURAL,,2.5,23,4.3478260869565215,65.21739130434783,30.434782608695656,0.0,-0.3432323810950234,0.4737103489876308,-0.3776927836390607,0.44092154451644305,2.6099999999999,1.6424999999994725,8.0,-8.686934023698397
S18_C9_STRESS,stress,0.18,9.0,MEMORY_ONLY,FAILED_AUCTION,STRUCTURAL,,3.0,23,0.0,65.21739130434783,34.78260869565217,0.0,-0.43056245692220757,0.3398042327192818,-0.46502285946624494,0.31165149746840975,2.6099999999999,1.6424999999994725,8.0,-10.695525767723634
S18_C9_STRESS,stress,0.18,9.0,MEMORY_ONLY,PASSIVE_TOUCH,STRUCTURAL,,0.5,140,41.42857142857143,57.14285714285714,1.4285714285714286,25.71428571428571,-0.4676381368561331,0.30697790688391696,-0.5619708958416053,0.23105062994382108,0.9769999999998618,0.6279999999999291,3.0,-78.67592541782474
S18_C9_STRESS,stress,0.18,9.0,MEMORY_ONLY,PASSIVE_TOUCH,STRUCTURAL,,1.0,140,31.428571428571427,66.42857142857143,2.142857142857143,25.71428571428571,-0.4536723260696093,0.40924854975188313,-0.5480050850550815,0.3425544055265317,0.9769999999998618,0.6279999999999291,3.0,-76.7207119077114
S18_C9_STRESS,stress,0.18,9.0,MEMORY_ONLY,PASSIVE_TOUCH,STRUCTURAL,,1.5,140,23.57142857142857,74.28571428571429,2.142857142857143,25.71428571428571,-0.4929580403553222,0.4176717309318188,-0.5872907993407944,0.3610493647964947,0.9769999999998618,0.6279999999999291,3.0,-82.22071190771122
S18_C9_STRESS,stress,0.18,9.0,MEMORY_ONLY,PASSIVE_TOUCH,STRUCTURAL,,2.0,140,21.428571428571427,74.28571428571429,4.285714285714286,25.71428571428571,-0.4072425669331771,0.5198261276905063,-0.5015753259186493,0.45558603422143024,0.9769999999998618,0.6279999999999291,3.0,-70.2205456286109
S18_C9_STRESS,stress,0.18,9.0,MEMORY_ONLY,PASSIVE_TOUCH,STRUCTURAL,,2.5,140,17.857142857142858,77.14285714285715,5.0,25.71428571428571,-0.4133519802592821,0.5285063600631931,-0.5076847392447543,0.4671678358972693,0.9769999999998618,0.6279999999999291,3.0,-71.0758634942656
S18_C9_STRESS,stress,0.18,9.0,MEMORY_ONLY,PASSIVE_TOUCH,STRUCTURAL,,3.0,140,14.285714285714285,80.0,5.714285714285714,25.71428571428571,-0.4418433300924643,0.5119142849947291,-0.5361760890779365,0.45512022191661916,0.9769999999998618,0.6279999999999291,3.0,-75.0646524709111
S18_C9_STRESS,stress,0.18,9.0,MEMORY_ONLY,RECLAIM_PULLBACK,STRUCTURAL,,0.5,137,51.82481751824818,44.52554744525548,3.64963503649635,1.4598540145985401,-0.192161789187084,0.5750857648476931,-0.24860549024922932,0.4816928798379942,1.5999999999996817,0.9079999999996744,5.0,-34.058952164144415
S18_C9_STRESS,stress,0.18,9.0,MEMORY_ONLY,RECLAIM_PULLBACK,STRUCTURAL,,1.0,137,36.496350364963504,56.20437956204379,7.2992700729927,1.4598540145985401,-0.18724003388382893,0.6709458386036758,-0.24368373494597428,0.5957115444351325,1.5999999999996817,0.9079999999996744,5.0,-33.38467168759848
S18_C9_STRESS,stress,0.18,9.0,MEMORY_ONLY,RECLAIM_PULLBACK,STRUCTURAL,,1.5,137,27.00729927007299,62.04379562043796,10.948905109489052,1.4598540145985401,-0.1786372073547353,0.715494486285742,-0.23508090841688067,0.6466437235292364,1.5999999999996817,0.9079999999996744,5.0,-32.20608445311265
S18_C9_STRESS,stress,0.18,9.0,MEMORY_ONLY,RECLAIM_PULLBACK,STRUCTURAL,,2.0,137,21.16788321167883,64.23357664233576,14.5985401459854,1.4598540145985401,-0.16206577888325188,0.7513645689664719,-0.2185094799453972,0.6836415204706094,1.5999999999996817,0.9079999999996744,5.0,-29.935798752519418
S18_C9_STRESS,stress,0.18,9.0,MEMORY_ONLY,RECLAIM_PULLBACK,STRUCTURAL,,2.5,137,18.97810218978102,64.96350364963503,16.05839416058394,1.4598540145985401,-0.10882265724812747,0.8348970998390299,-0.1652663583102728,0.7633958717821179,1.5999999999996817,0.9079999999996744,5.0,-22.641491088507376
S18_C9_STRESS,stress,0.18,9.0,MEMORY_ONLY,RECLAIM_PULLBACK,STRUCTURAL,,3.0,137,15.328467153284672,65.69343065693431,18.97810218978102,1.4598540145985401,-0.09932728253083511,0.8509538115505514,-0.15577098359298044,0.779419024485373,1.5999999999996817,0.9079999999996744,5.0,-21.34062475223832
S18_C9_STRESS,stress,0.18,9.0,MEMORY_ONLY,TOUCH_NEXT_OPEN,VOL_FLOOR_0.25,0.25,0.5,232,53.01724137931034,44.827586206896555,2.1551724137931036,0.43103448275862066,-0.1911267666217291,0.5810580195741202,-0.25798544513223365,0.473780071176557,1.4820274894426575,0.3293979458307719,1.0,-59.85262327067821
S18_C9_STRESS,stress,0.18,9.0,MEMORY_ONLY,TOUCH_NEXT_OPEN,VOL_FLOOR_0.25,0.25,1.0,232,35.3448275862069,57.327586206896555,7.327586206896551,0.0,-0.22490748573402325,0.6186291490061794,-0.2917661642445277,0.5394364485707066,1.4820274894426575,0.3293979458307719,1.0,-67.68975010473044
S18_C9_STRESS,stress,0.18,9.0,MEMORY_ONLY,TOUCH_NEXT_OPEN,VOL_FLOOR_0.25,0.25,1.5,232,25.862068965517242,62.93103448275862,11.206896551724139,0.0,-0.2187612492005896,0.6612390646472601,-0.2856199277110942,0.5878321363847381,1.4820274894426575,0.3293979458307719,1.0,-66.26382322897385
S18_C9_STRESS,stress,0.18,9.0,MEMORY_ONLY,TOUCH_NEXT_OPEN,VOL_FLOOR_0.25,0.25,2.0,232,21.120689655172413,64.22413793103449,14.655172413793101,0.0,-0.17198547033480968,0.7390915118504973,-0.2388441488453142,0.6623444647938229,1.4820274894426575,0.3293979458307719,1.0,-55.4118425321129
S18_C9_STRESS,stress,0.18,9.0,MEMORY_ONLY,TOUCH_NEXT_OPEN,VOL_FLOOR_0.25,0.25,2.5,232,16.379310344827587,65.08620689655173,18.53448275862069,0.0,-0.16309022562582112,0.7562851669165355,-0.22994890413632568,0.6798785840007727,1.4820274894426575,0.3293979458307719,1.0,-53.348145759627556
S18_C9_STRESS,stress,0.18,9.0,MEMORY_ONLY,TOUCH_NEXT_OPEN,VOL_FLOOR_0.25,0.25,3.0,232,15.086206896551724,65.08620689655173,19.82758620689655,0.0,-0.10500526225631879,0.8430847718464839,-0.17186394076682335,0.7607410729608624,1.4820274894426575,0.3293979458307719,1.0,-39.872434257903016
S18_C9_STRESS,stress,0.18,9.0,MEMORY_ONLY,TOUCH_NEXT_OPEN,VOL_FLOOR_0.50,0.5,0.5,232,53.44827586206896,44.396551724137936,2.1551724137931036,0.0,-0.1846612493803507,0.5913693843397819,-0.24710684557773863,0.4862884949304391,1.5219876513699546,0.48795043839748997,1.0,-57.32878817403536
S18_C9_STRESS,stress,0.18,9.0,MEMORY_ONLY,TOUCH_NEXT_OPEN,VOL_FLOOR_0.50,0.5,1.0,232,36.206896551724135,56.46551724137932,7.327586206896551,0.0,-0.207666106423679,0.6426411467255683,-0.27011170262106693,0.5642947436015765,1.5219876513699546,0.48795043839748997,1.0,-62.665915008087524
S18_C9_STRESS,stress,0.18,9.0,MEMORY_ONLY,TOUCH_NEXT_OPEN,VOL_FLOOR_0.50,0.5,1.5,232,26.72413793103448,62.06896551724138,11.206896551724139,0.0,-0.19720952506265801,0.6904808851661599,-0.259655121260046,0.6178243775052282,1.5219876513699546,0.48795043839748997,1.0,-60.239988132330666
S18_C9_STRESS,stress,0.18,9.0,MEMORY_ONLY,TOUCH_NEXT_OPEN,VOL_FLOOR_0.50,0.5,2.0,232,21.551724137931032,63.793103448275865,14.655172413793101,0.0,-0.15905443585205112,0.7571202016068961,-0.22150003204943905,0.6828070705520347,1.5219876513699546,0.48795043839748997,1.0,-51.38800743546986
S18_C9_STRESS,stress,0.18,9.0,MEMORY_ONLY,TOUCH_NEXT_OPEN,VOL_FLOOR_0.50,0.5,2.5,232,16.379310344827587,65.08620689655173,18.53448275862069,0.0,-0.16309022562582312,0.7562851669165327,-0.22553582182321102,0.6841656932288942,1.5219876513699546,0.48795043839748997,1.0,-52.324310662984956
S18_C9_STRESS,stress,0.18,9.0,MEMORY_ONLY,TOUCH_NEXT_OPEN,VOL_FLOOR_0.50,0.5,3.0,232,15.086206896551724,65.08620689655173,19.82758620689655,0.0,-0.10500526225631952,0.8430847718464829,-0.16745085845370747,0.7655063157133009,1.5219876513699546,0.48795043839748997,1.0,-38.84859916126013
S18_C9_STRESS,stress,0.18,9.0,MEMORY_ONLY,TOUCH_NEXT_OPEN,VOL_FLOOR_0.75,0.75,0.5,232,51.724137931034484,45.258620689655174,3.0172413793103448,0.0,-0.20558862874234318,0.5571208491633729,-0.26339919303532894,0.46523273896769557,1.6186915554380903,0.6760239300504054,1.0,-61.10861278419631
S18_C9_STRESS,stress,0.18,9.0,MEMORY_ONLY,TOUCH_NEXT_OPEN,VOL_FLOOR_0.75,0.75,1.0,232,36.206896551724135,56.03448275862068,7.758620689655173,0.0,-0.20760841179644102,0.6421544827929989,-0.2654189760894268,0.5688537990112269,1.6186915554380903,0.6760239300504054,1.0,-61.57720245274702
S18_C9_STRESS,stress,0.18,9.0,MEMORY_ONLY,TOUCH_NEXT_OPEN,VOL_FLOOR_0.75,0.75,1.5,232,27.586206896551722,60.775862068965516,11.637931034482758,0.0,-0.17560010629748843,0.7201930407585719,-0.23341067059047416,0.6494185156756378,1.6186915554380903,0.6760239300504054,1.0,-54.15127557699
S18_C9_STRESS,stress,0.18,9.0,MEMORY_ONLY,TOUCH_NEXT_OPEN,VOL_FLOOR_0.75,0.75,2.0,232,21.551724137931032,62.5,15.948275862068966,0.0,-0.14893975400935022,0.7695842328577222,-0.20675031830233598,0.6986596816565929,1.6186915554380903,0.6760239300504054,1.0,-47.966073846141946
S18_C9_STRESS,stress,0.18,9.0,MEMORY_ONLY,TOUCH_NEXT_OPEN,VOL_FLOOR_0.75,0.75,2.5,232,15.517241379310345,63.793103448275865,20.689655172413794,0.0,-0.14866082690773738,0.7745263068150149,-0.2064713912007231,0.7051634129778251,1.6186915554380903,0.6760239300504054,1.0,-47.901362758567764
S18_C9_STRESS,stress,0.18,9.0,MEMORY_ONLY,TOUCH_NEXT_OPEN,VOL_FLOOR_0.75,0.75,3.0,232,12.931034482758621,63.793103448275865,23.275862068965516,0.0,-0.11619897281773643,0.8237611609561611,-0.17400953711072217,0.7515182237467574,1.6186915554380903,0.6760239300504054,1.0,-40.37021260968754
S18_C9_STRESS,stress,0.18,9.0,MEMORY_ONLY,TOUCH_NEXT_OPEN,VOL_FLOOR_1.00,1.0,0.5,232,54.741379310344826,41.37931034482759,3.8793103448275863,0.0,-0.15029598700056337,0.6466106367197151,-0.2032472478867875,0.5479054754398475,1.78529930480136,0.6760239300504054,1.0,-47.1533615097347
S18_C9_STRESS,stress,0.18,9.0,MEMORY_ONLY,TOUCH_NEXT_OPEN,VOL_FLOOR_1.00,1.0,1.0,232,36.637931034482754,53.01724137931034,10.344827586206897,0.0,-0.1727208416097739,0.6871376532251853,-0.22567210249599806,0.6131596506264313,1.78529930480136,0.6760239300504054,1.0,-52.35592777907155
S18_C9_STRESS,stress,0.18,9.0,MEMORY_ONLY,TOUCH_NEXT_OPEN,VOL_FLOOR_1.00,1.0,1.5,232,27.586206896551722,56.896551724137936,15.517241379310345,0.0,-0.13657666210325486,0.769318482002744,-0.18952792298947904,0.6973131432713221,1.78529930480136,0.6760239300504054,1.0,-43.97047813355914
S18_C9_STRESS,stress,0.18,9.0,MEMORY_ONLY,TOUCH_NEXT_OPEN,VOL_FLOOR_1.00,1.0,2.0,232,19.82758620689655,58.189655172413794,21.982758620689655,0.0,-0.1022320122501167,0.8310181913936544,-0.15518327313634087,0.7575036450344668,1.78529930480136,0.6760239300504054,1.0,-36.00251936763108
S18_C9_STRESS,stress,0.18,9.0,MEMORY_ONLY,TOUCH_NEXT_OPEN,VOL_FLOOR_1.00,1.0,2.5,232,13.36206896551724,59.05172413793104,27.586206896551722,0.0,-0.12295972894838397,0.7996122338558425,-0.1759109898346081,0.729049352320106,1.78529930480136,0.6760239300504054,1.0,-40.81134964162908
S18_C9_STRESS,stress,0.18,9.0,MEMORY_ONLY,TOUCH_NEXT_OPEN,VOL_FLOOR_1.00,1.0,3.0,232,10.775862068965516,59.05172413793104,30.17241379310345,0.0,-0.09673665843832584,0.8423480349664414,-0.14968791932454995,0.7694399950283077,1.78529930480136,0.6760239300504054,1.0,-34.72759728329559
S18_C9_STRESS,stress,0.18,9.0,OBJECTIVE_LIQUIDITY_ONLY,ACCEPTANCE_RETEST,STRUCTURAL,,0.5,44,52.27272727272727,43.18181818181818,4.545454545454546,9.090909090909092,-0.19614173148600075,0.5712799340302585,-0.2546725564517036,0.4758583153777801,1.4590947943795527,1.0560000000007221,8.0,-11.205592483874959
S18_C9_STRESS,stress,0.18,9.0,OBJECTIVE_LIQUIDITY_ONLY,ACCEPTANCE_RETEST,STRUCTURAL,,1.0,44,31.818181818181817,59.09090909090909,9.090909090909092,9.090909090909092,-0.31177704187338257,0.50508348775972,-0.3703078668390854,0.44659113176094334,1.4590947943795527,1.0560000000007221,8.0,-16.29354614091976
S18_C9_STRESS,stress,0.18,9.0,OBJECTIVE_LIQUIDITY_ONLY,ACCEPTANCE_RETEST,STRUCTURAL,,1.5,44,22.727272727272727,63.63636363636363,13.636363636363635,9.090909090909092,-0.31327991400124683,0.536800274744695,-0.37181073896694966,0.48344647216030234,1.4590947943795527,1.0560000000007221,8.0,-16.359672514545785
S18_C9_STRESS,stress,0.18,9.0,OBJECTIVE_LIQUIDITY_ONLY,ACCEPTANCE_RETEST,STRUCTURAL,,2.0,44,15.909090909090908,63.63636363636363,20.454545454545457,9.090909090909092,-0.26442495980072017,0.6090347218052059,-0.32295578476642295,0.5513202485198715,1.4590947943795527,1.0560000000007221,8.0,-14.21005452972261
S18_C9_STRESS,stress,0.18,9.0,OBJECTIVE_LIQUIDITY_ONLY,ACCEPTANCE_RETEST,STRUCTURAL,,2.5,44,13.636363636363635,63.63636363636363,22.727272727272727,9.090909090909092,-0.21129372583093342,0.6875918583383276,-0.2698245507966362,0.6251350243432492,1.4590947943795527,1.0560000000007221,8.0,-11.872280235051994
S18_C9_STRESS,stress,0.18,9.0,OBJECTIVE_LIQUIDITY_ONLY,ACCEPTANCE_RETEST,STRUCTURAL,,3.0,44,6.8181818181818175,63.63636363636363,29.545454545454547,9.090909090909092,-0.25444744212201037,0.623786971282298,-0.3129782670877131,0.5651819297890579,1.4590947943795527,1.0560000000007221,8.0,-13.771043751859377
S18_C9_STRESS,stress,0.18,9.0,OBJECTIVE_LIQUIDITY_ONLY,CLEAN_REJECTION,STRUCTURAL,,0.5,1383,58.13449023861171,27.404193781634127,14.461315979754158,0.07230657989877079,-0.00950098215105325,0.9692737745239179,-0.05409963280700256,0.833880883740173,1.9720000000002074,1.144999999999527,1.0,-74.81979217208453
S18_C9_STRESS,stress,0.18,9.0,OBJECTIVE_LIQUIDITY_ONLY,CLEAN_REJECTION,STRUCTURAL,,1.0,1383,34.201012292118584,35.430224150397684,30.36876355748373,0.07230657989877079,0.0018037547585284396,1.0045223303073363,-0.04279489589742086,0.8981831312320048,1.9720000000002074,1.144999999999527,1.0,-59.185341026133045
S18_C9_STRESS,stress,0.18,9.0,OBJECTIVE_LIQUIDITY_ONLY,CLEAN_REJECTION,STRUCTURAL,,1.5,1383,21.11352133044107,38.900939985538685,39.98553868402024,0.07230657989877079,0.0034933011659509057,1.0080181607160863,-0.04110534948999839,0.9104747543850883,1.9720000000002074,1.144999999999527,1.0,-56.848698344667774
S18_C9_STRESS,stress,0.18,9.0,OBJECTIVE_LIQUIDITY_ONLY,CLEAN_REJECTION,STRUCTURAL,,2.0,1383,12.436731742588576,40.3470715835141,47.21619667389733,0.0,-0.01045812151558173,0.9767849840771102,-0.05505677217153101,0.8840412821728866,1.9720000000002074,1.144999999999527,1.0,-76.14351591322739
S18_C9_STRESS,stress,0.18,9.0,OBJECTIVE_LIQUIDITY_ONLY,CLEAN_REJECTION,STRUCTURAL,,2.5,1383,8.532176428054953,40.70860448300795,50.759219088937094,0.0,-0.0038082228257065036,0.9916314338782855,-0.04840687348165579,0.899075704529063,1.9720000000002074,1.144999999999527,1.0,-66.94670602512996
S18_C9_STRESS,stress,0.18,9.0,OBJECTIVE_LIQUIDITY_ONLY,CLEAN_REJECTION,STRUCTURAL,,3.0,1383,6.36297903109183,41.07013738250181,52.56688358640636,0.0,0.003110776907189843,1.006782048147121,-0.041487873748759445,0.9141772496664693,1.9720000000002074,1.144999999999527,1.0,-57.37772939453431
S18_C9_STRESS,stress,0.18,9.0,OBJECTIVE_LIQUIDITY_ONLY,FAILED_AUCTION,STRUCTURAL,,0.5,232,64.22413793103449,28.01724137931034,7.758620689655173,0.0,0.03634427755670617,1.124966251124215,0.001234844967148376,1.004083764166464,2.5839999999999463,0.9939999999996871,4.0,0.28648403237842324
S18_C9_STRESS,stress,0.18,9.0,OBJECTIVE_LIQUIDITY_ONLY,FAILED_AUCTION,STRUCTURAL,,1.0,232,45.258620689655174,40.51724137931034,14.224137931034484,0.0,0.058259649811718994,1.138707656883709,0.023150217222161193,1.053003625306423,2.5839999999999463,0.9939999999996871,4.0,5.370850395541397
S18_C9_STRESS,stress,0.18,9.0,OBJECTIVE_LIQUIDITY_ONLY,FAILED_AUCTION,STRUCTURAL,,1.5,232,28.448275862068968,46.55172413793103,25.0,0.0,0.043318945988509994,1.0897918634613448,0.008209513398952201,1.0163655641279856,2.5839999999999463,0.9939999999996871,4.0,1.9046071085569105
S18_C9_STRESS,stress,0.18,9.0,OBJECTIVE_LIQUIDITY_ONLY,FAILED_AUCTION,STRUCTURAL,,2.0,232,18.103448275862068,47.41379310344828,34.48275862068966,0.0,0.06008923574683102,1.1219511420650448,0.02497980315727323,1.048754806105619,2.5839999999999463,0.9939999999996871,4.0,5.79531433248739
S18_C9_STRESS,stress,0.18,9.0,OBJECTIVE_LIQUIDITY_ONLY,FAILED_AUCTION,STRUCTURAL,,2.5,232,12.931034482758621,47.8448275862069,39.224137931034484,0.0,0.08306361185401932,1.1671157498432854,0.047954179264461536,1.0927879375815472,2.5839999999999463,0.9939999999996871,4.0,11.125369589355076
S18_C9_STRESS,stress,0.18,9.0,OBJECTIVE_LIQUIDITY_ONLY,FAILED_AUCTION,STRUCTURAL,,3.0,232,9.051724137931034,47.8448275862069,43.103448275862064,0.0,0.10351600635109351,1.2082639393594852,0.06840657376153572,1.132361871138452,2.5839999999999463,0.9939999999996871,4.0,15.870325112676287
S18_C9_STRESS,stress,0.18,9.0,OBJECTIVE_LIQUIDITY_ONLY,PASSIVE_TOUCH,STRUCTURAL,,0.5,930,45.26881720430108,53.44086021505377,1.2903225806451613,31.397849462365592,-0.3296566566021356,0.407335070759968,-0.4214396049941196,0.30502289445412717,0.959999999999809,0.5899999999999181,1.0,-391.9388326445312
S18_C9_STRESS,stress,0.18,9.0,OBJECTIVE_LIQUIDITY_ONLY,PASSIVE_TOUCH,STRUCTURAL,,1.0,930,37.31182795698925,59.56989247311828,3.118279569892473,30.53763440860215,-0.24165400066256684,0.6100942996892811,-0.3334369490545508,0.5068520535528583,0.959999999999809,0.5899999999999181,1.0,-310.09636262073224
S18_C9_STRESS,stress,0.18,9.0,OBJECTIVE_LIQUIDITY_ONLY,PASSIVE_TOUCH,STRUCTURAL,,1.5,930,30.86021505376344,64.30107526881721,4.838709677419355,30.430107526881724,-0.1897216697155022,0.7159127890442241,-0.28150461810748617,0.6138130703295721,0.959999999999809,0.5899999999999181,1.0,-261.79929483996216
S18_C9_STRESS,stress,0.18,9.0,OBJECTIVE_LIQUIDITY_ONLY,PASSIVE_TOUCH,STRUCTURAL,,2.0,930,24.838709677419356,67.95698924731182,7.204301075268817,30.215053763440856,-0.1673306321527381,0.762513270244914,-0.25911358054472217,0.6631417909660419,0.959999999999809,0.5899999999999181,1.0,-240.9756299065916
S18_C9_STRESS,stress,0.18,9.0,OBJECTIVE_LIQUIDITY_ONLY,PASSIVE_TOUCH,STRUCTURAL,,2.5,930,20.75268817204301,70.75268817204301,8.494623655913978,30.215053763440856,-0.1595030570639375,0.7823160955270259,-0.2512860054559215,0.6859284963092309,0.959999999999809,0.5899999999999181,1.0,-233.695985074007
S18_C9_STRESS,stress,0.18,9.0,OBJECTIVE_LIQUIDITY_ONLY,PASSIVE_TOUCH,STRUCTURAL,,3.0,930,16.666666666666664,72.47311827956989,10.86021505376344,30.215053763440856,-0.15488150557064456,0.7934726395262396,-0.24666445396262862,0.6988229966321216,0.959999999999809,0.5899999999999181,1.0,-229.39794218524463
S18_C9_STRESS,stress,0.18,9.0,OBJECTIVE_LIQUIDITY_ONLY,RECLAIM_PULLBACK,STRUCTURAL,,0.5,1068,59.08239700374532,33.239700374531836,7.677902621722846,2.902621722846442,-0.04963029803014558,0.8579694317885279,-0.10202558932974196,0.7241121419705933,1.6739460278205343,0.8599999999999,4.0,-108.96332940416441
S18_C9_STRESS,stress,0.18,9.0,OBJECTIVE_LIQUIDITY_ONLY,RECLAIM_PULLBACK,STRUCTURAL,,1.0,1068,39.51310861423221,42.69662921348314,17.790262172284642,2.9962546816479403,-0.01717386428043389,0.9619358639550938,-0.06956915558003028,0.8543593188804928,1.6739460278205343,0.8599999999999,4.0,-74.29985815947234
S18_C9_STRESS,stress,0.18,9.0,OBJECTIVE_LIQUIDITY_ONLY,RECLAIM_PULLBACK,STRUCTURAL,,1.5,1068,26.591760299625467,46.535580524344574,26.872659176029963,2.902621722846442,0.007956820826007807,1.0162204475728926,-0.044438470473588565,0.9144547399573789,1.6739460278205343,0.8599999999999,4.0,-47.460286465792585
S18_C9_STRESS,stress,0.18,9.0,OBJECTIVE_LIQUIDITY_ONLY,RECLAIM_PULLBACK,STRUCTURAL,,2.0,1068,17.322097378277153,48.50187265917603,34.176029962546814,2.902621722846442,0.008498823078983215,1.016613993161491,-0.043896468220613154,0.9189662994174341,1.6739460278205343,0.8599999999999,4.0,-46.88142805961485
S18_C9_STRESS,stress,0.18,9.0,OBJECTIVE_LIQUIDITY_ONLY,RECLAIM_PULLBACK,STRUCTURAL,,2.5,1068,12.359550561797752,49.9063670411985,37.734082397003746,2.902621722846442,0.008540555048420247,1.0162494309403483,-0.043854736251176134,0.9212059539057018,1.6739460278205343,0.8599999999999,4.0,-46.83685831625611
S18_C9_STRESS,stress,0.18,9.0,OBJECTIVE_LIQUIDITY_ONLY,RECLAIM_PULLBACK,STRUCTURAL,,3.0,1068,9.644194756554308,50.28089887640449,40.074906367041194,2.902621722846442,0.023876996047897402,1.0451074187327576,-0.02851829525169897,0.9491256612342397,1.6739460278205343,0.8599999999999,4.0,-30.4575393288145
S18_C9_STRESS,stress,0.18,9.0,OBJECTIVE_LIQUIDITY_ONLY,TOUCH_NEXT_OPEN,VOL_FLOOR_0.25,0.25,0.5,1835,59.618528610354225,29.754768392370572,10.626702997275205,1.1444141689373297,-0.015045736494536338,0.9531437940654308,-0.07175880481840265,0.7902784689097395,1.75,0.17800000000033833,1.0,-131.67740684176886
S18_C9_STRESS,stress,0.18,9.0,OBJECTIVE_LIQUIDITY_ONLY,TOUCH_NEXT_OPEN,VOL_FLOOR_0.25,0.25,1.0,1835,37.76566757493188,38.96457765667575,23.26975476839237,0.544959128065395,0.000744345163708413,1.0017564261531475,-0.0559687231601579,0.8760862700474552,1.75,0.17800000000033833,1.0,-102.70260699888975
S18_C9_STRESS,stress,0.18,9.0,OBJECTIVE_LIQUIDITY_ONLY,TOUCH_NEXT_OPEN,VOL_FLOOR_0.25,0.25,1.5,1835,24.46866485013624,43.32425068119891,32.207084468664846,0.544959128065395,0.00467169300173222,1.0099501290696509,-0.05204137532213409,0.896073956940891,1.75,0.17800000000033833,1.0,-95.49592371611605
S18_C9_STRESS,stress,0.18,9.0,OBJECTIVE_LIQUIDITY_ONLY,TOUCH_NEXT_OPEN,VOL_FLOOR_0.25,0.25,2.0,1835,16.67574931880109,45.340599455040866,37.98365122615804,0.4359673024523161,0.006579016118413921,1.0134151705126517,-0.050134052205452403,0.9041690933136775,1.75,0.17800000000033833,1.0,-91.99598579700516
S18_C9_STRESS,stress,0.18,9.0,OBJECTIVE_LIQUIDITY_ONLY,TOUCH_NEXT_OPEN,VOL_FLOOR_0.25,0.25,2.5,1835,11.934604904632153,46.321525885558586,41.74386920980926,0.2724795640326975,0.009027329850794864,1.0180211917775923,-0.04768573847307145,0.9107694695360751,1.75,0.17800000000033833,1.0,-87.50333009808611
S18_C9_STRESS,stress,0.18,9.0,OBJECTIVE_LIQUIDITY_ONLY,TOUCH_NEXT_OPEN,VOL_FLOOR_0.25,0.25,3.0,1835,8.8283378746594,47.0299727520436,44.141689373297005,0.2724795640326975,0.010694579412013296,1.0210335729543207,-0.04601848891185302,0.915176056782307,1.75,0.17800000000033833,1.0,-84.44392715325029
S18_C9_STRESS,stress,0.18,9.0,OBJECTIVE_LIQUIDITY_ONLY,TOUCH_NEXT_OPEN,VOL_FLOOR_0.50,0.5,0.5,1835,60.0,29.373297002724797,10.626702997275205,0.544959128065395,-0.009317542513581533,0.9706333955787251,-0.06279847555468102,0.8132955942433056,1.765999999999849,0.3478389446748528,1.0,-115.23520264283965
S18_C9_STRESS,stress,0.18,9.0,OBJECTIVE_LIQUIDITY_ONLY,TOUCH_NEXT_OPEN,VOL_FLOOR_0.50,0.5,1.0,1835,37.87465940054496,38.746594005449595,23.37874659400545,0.16348773841961853,0.004277123090214216,1.010145027901402,-0.04920380995088526,0.8900529823958743,1.765999999999849,0.3478389446748528,1.0,-90.28899125987445
S18_C9_STRESS,stress,0.18,9.0,OBJECTIVE_LIQUIDITY_ONLY,TOUCH_NEXT_OPEN,VOL_FLOOR_0.50,0.5,1.5,1835,24.741144414168936,42.833787465940055,32.42506811989101,0.2724795640326975,0.015235878240313427,1.032803198325219,-0.038245054800786056,0.9224642030363109,1.765999999999849,0.3478389446748528,1.0,-70.17967555944242
S18_C9_STRESS,stress,0.18,9.0,OBJECTIVE_LIQUIDITY_ONLY,TOUCH_NEXT_OPEN,VOL_FLOOR_0.50,0.5,2.0,1835,16.56675749318801,45.177111716621255,38.25613079019073,0.16348773841961853,0.0074413592116908765,1.015218270990455,-0.0460395738294086,0.9113428871317362,1.765999999999849,0.3478389446748528,1.0,-84.48261797696478
S18_C9_STRESS,stress,0.18,9.0,OBJECTIVE_LIQUIDITY_ONLY,TOUCH_NEXT_OPEN,VOL_FLOOR_0.50,0.5,2.5,1835,11.934604904632153,46.15803814713896,41.90735694822889,0.10899182561307902,0.01046715922778807,1.02095578675223,-0.0430137738133114,0.9189218321246145,1.765999999999849,0.3478389446748528,1.0,-78.93027494742643
S18_C9_STRESS,stress,0.18,9.0,OBJECTIVE_LIQUIDITY_ONLY,TOUCH_NEXT_OPEN,VOL_FLOOR_0.50,0.5,3.0,1835,8.555858310626704,46.86648501362398,44.57765667574932,0.05449591280653951,0.007792808587944898,1.0153702176138637,-0.04568812445315458,0.9151657771112052,1.765999999999849,0.3478389446748528,1.0,-83.83770837153865
S18_C9_STRESS,stress,0.18,9.0,OBJECTIVE_LIQUIDITY_ONLY,TOUCH_NEXT_OPEN,VOL_FLOOR_0.75,0.75,0.5,1835,60.544959128065386,28.77384196185286,10.681198910081743,0.16348773841961853,-0.0005922565624552581,0.998097630525806,-0.0509428569267728,0.8452360449440536,1.8319999999996526,0.46399999999948704,1.0,-93.48014246062809
S18_C9_STRESS,stress,0.18,9.0,OBJECTIVE_LIQUIDITY_ONLY,TOUCH_NEXT_OPEN,VOL_FLOOR_0.75,0.75,1.0,1835,38.36512261580381,37.711171662125345,23.923705722070846,0.05449591280653951,0.020681846635049305,1.0502490587891322,-0.029668753729268235,0.9318807006648144,1.8319999999996526,0.46399999999948704,1.0,-54.44216309320721
S18_C9_STRESS,stress,0.18,9.0,OBJECTIVE_LIQUIDITY_ONLY,TOUCH_NEXT_OPEN,VOL_FLOOR_0.75,0.75,1.5,1835,24.30517711171662,42.01634877384196,33.678474114441414,0.16348773841961853,0.020726890535810394,1.0453480581217642,-0.029623709828507146,0.9387705250319621,1.8319999999996526,0.46399999999948704,1.0,-54.35950753531061
S18_C9_STRESS,stress,0.18,9.0,OBJECTIVE_LIQUIDITY_ONLY,TOUCH_NEXT_OPEN,VOL_FLOOR_0.75,0.75,2.0,1835,15.912806539509535,43.81471389645776,40.2724795640327,0.05449591280653951,0.02075428076569144,1.0436301104302161,-0.029596319598626103,0.9412232612377399,1.8319999999996526,0.46399999999948704,1.0,-54.3092464634789
S18_C9_STRESS,stress,0.18,9.0,OBJECTIVE_LIQUIDITY_ONLY,TOUCH_NEXT_OPEN,VOL_FLOOR_0.75,0.75,2.5,1835,11.06267029972752,44.57765667574932,44.35967302452316,0.0,0.024783354565124805,1.051203194154809,-0.02556724579919274,0.9501042179928186,1.8319999999996526,0.46399999999948704,1.0,-46.91589604151868
S18_C9_STRESS,stress,0.18,9.0,OBJECTIVE_LIQUIDITY_ONLY,TOUCH_NEXT_OPEN,VOL_FLOOR_0.75,0.75,3.0,1835,8.174386920980927,45.06811989100817,46.7574931880109,0.0,0.030453422513199237,1.06224259190655,-0.019897177851118303,0.9615850979790072,1.8319999999996526,0.46399999999948704,1.0,-36.511321356802085
S18_C9_STRESS,stress,0.18,9.0,OBJECTIVE_LIQUIDITY_ONLY,TOUCH_NEXT_OPEN,VOL_FLOOR_1.00,1.0,0.5,1835,60.32697547683924,28.39237057220708,11.280653950953678,0.0,0.0024269422048567614,1.0078845121777282,-0.04418693293649604,0.8638100353826295,1.9845000000002528,0.46399999999948704,1.0,-81.08302193847022
S18_C9_STRESS,stress,0.18,9.0,OBJECTIVE_LIQUIDITY_ONLY,TOUCH_NEXT_OPEN,VOL_FLOOR_1.00,1.0,1.0,1835,36.566757493188014,37.49318801089918,25.940054495912808,0.0,0.007609412216604502,1.0184907065298998,-0.03900446292474829,0.9101309177885752,1.9845000000002528,0.46399999999948704,1.0,-71.5731894669131
S18_C9_STRESS,stress,0.18,9.0,OBJECTIVE_LIQUIDITY_ONLY,TOUCH_NEXT_OPEN,VOL_FLOOR_1.00,1.0,1.5,1835,21.798365122615802,41.03542234332425,37.166212534059945,0.10899182561307902,0.007627536768994559,1.0169948123598704,-0.03898633837235822,0.9176609536642626,1.9845000000002528,0.46399999999948704,1.0,-71.53993091327735
S18_C9_STRESS,stress,0.18,9.0,OBJECTIVE_LIQUIDITY_ONLY,TOUCH_NEXT_OPEN,VOL_FLOOR_1.00,1.0,2.0,1835,14.005449591280653,42.3433242506812,43.65122615803815,0.0,0.013008904684409345,1.0281423268926024,-0.03360497045694344,0.9310869895409892,1.9845000000002528,0.46399999999948704,1.0,-61.665120788491215
S18_C9_STRESS,stress,0.18,9.0,OBJECTIVE_LIQUIDITY_ONLY,TOUCH_NEXT_OPEN,VOL_FLOOR_1.00,1.0,2.5,1835,9.373297002724795,43.21525885558583,47.41144414168937,0.0,0.007069276947910649,1.014971792583162,-0.039544598193442144,0.9206184129911092,1.9845000000002528,0.46399999999948704,1.0,-72.56433768496633
S18_C9_STRESS,stress,0.18,9.0,OBJECTIVE_LIQUIDITY_ONLY,TOUCH_NEXT_OPEN,VOL_FLOOR_1.00,1.0,3.0,1835,6.594005449591281,43.54223433242507,49.863760217983646,0.0,0.011728900851747461,1.0246694255694866,-0.03488497428960534,0.930447614751138,1.9845000000002528,0.46399999999948704,1.0,-64.0139278214258
