scenario,scenario_role,spread_usd,commission_rt_usd,sample,entry_model,risk_rule,vol_floor_k,target_r,trades,tp_pct,sl_pct,time_pct,ambiguous_same_bar_pct,avg_gross_R,pf_gross,avg_net_R,pf_net,median_risk_price,min_risk_price,median_entry_delay_minutes,sum_net_R
S10_C6,sensitivity,0.1,6.0,DISPLACEMENT_ORIGIN_ONLY,ACCEPTANCE_RETEST,STRUCTURAL,,0.5,16,18.75,81.25,0.0,37.5,-0.7187499999999791,0.11538461538464097,-0.859232416582987,0.08558228212412021,0.46432778071834946,0.21900000000005093,6.0,-13.747718665327792
S10_C6,sensitivity,0.1,6.0,DISPLACEMENT_ORIGIN_ONLY,ACCEPTANCE_RETEST,STRUCTURAL,,1.0,16,18.75,81.25,0.0,31.25,-0.625,0.23076923076923078,-0.7654824165830078,0.18535349582176472,0.46432778071834946,0.21900000000005093,6.0,-12.247718665328124
S10_C6,sensitivity,0.1,6.0,DISPLACEMENT_ORIGIN_ONLY,ACCEPTANCE_RETEST,STRUCTURAL,,1.5,16,12.5,87.5,0.0,31.25,-0.6875000000000208,0.21428571428569052,-0.8279824165830285,0.1757357163720006,0.46432778071834946,0.21900000000005093,6.0,-13.247718665328456
S10_C6,sensitivity,0.1,6.0,DISPLACEMENT_ORIGIN_ONLY,ACCEPTANCE_RETEST,STRUCTURAL,,2.0,16,12.5,87.5,0.0,31.25,-0.625,0.2857142857142857,-0.7654824165830078,0.23795505424075486,0.46432778071834946,0.21900000000005093,6.0,-12.247718665328124
S10_C6,sensitivity,0.1,6.0,DISPLACEMENT_ORIGIN_ONLY,ACCEPTANCE_RETEST,STRUCTURAL,,2.5,16,12.5,87.5,0.0,31.25,-0.5624999999999791,0.35714285714288085,-0.702982416582987,0.3001743921095091,0.46432778071834946,0.21900000000005093,6.0,-11.247718665327792
S10_C6,sensitivity,0.1,6.0,DISPLACEMENT_ORIGIN_ONLY,ACCEPTANCE_RETEST,STRUCTURAL,,3.0,16,12.5,87.5,0.0,31.25,-0.5,0.42857142857142855,-0.6404824165830079,0.36239372997822195,0.46432778071834946,0.21900000000005093,6.0,-10.247718665328126
S10_C6,sensitivity,0.1,6.0,DISPLACEMENT_ORIGIN_ONLY,CLEAN_REJECTION,STRUCTURAL,,0.5,981,60.040774719673806,23.751274209989806,16.207951070336392,0.0,0.0455573796057041,1.1708199775261638,0.015465041928006398,1.0560061798887215,2.4446383721499387,0.40099999999983993,1.0,15.171206131374277
S10_C6,sensitivity,0.1,6.0,DISPLACEMENT_ORIGIN_ONLY,CLEAN_REJECTION,STRUCTURAL,,1.0,981,37.61467889908257,33.53720693170234,28.848114169215087,0.0,0.05059605581866341,1.136017433000947,0.02050371814096573,1.0531448296057575,2.4446383721499387,0.40099999999983993,1.0,20.11414749628738
S10_C6,sensitivity,0.1,6.0,DISPLACEMENT_ORIGIN_ONLY,CLEAN_REJECTION,STRUCTURAL,,1.5,981,24.057084607543324,37.81855249745158,38.1243628950051,0.0,0.03682967097804862,1.0874861784383898,0.006737333300350922,1.0154075899804438,2.4446383721499387,0.40099999999983993,1.0,6.609323967644254
S10_C6,sensitivity,0.1,6.0,DISPLACEMENT_ORIGIN_ONLY,CLEAN_REJECTION,STRUCTURAL,,2.0,981,16.71763506625892,39.24566768603466,44.03669724770643,0.0,0.045114185870883304,1.1029808547529296,0.015021848193185607,1.032987086129743,2.4446383721499387,0.40099999999983993,1.0,14.73643307751508
S10_C6,sensitivity,0.1,6.0,DISPLACEMENT_ORIGIN_ONLY,CLEAN_REJECTION,STRUCTURAL,,2.5,981,11.213047910295616,39.75535168195719,49.03160040774719,0.0,0.053922377843483235,1.121671485327933,0.023830040165785535,1.0517257663093305,2.4446383721499387,0.40099999999983993,1.0,23.37726940263561
S10_C6,sensitivity,0.1,6.0,DISPLACEMENT_ORIGIN_ONLY,CLEAN_REJECTION,STRUCTURAL,,3.0,981,8.154943934760448,40.36697247706422,51.47808358817533,0.0,0.05202946556641251,1.1158021280901136,0.021937127888714825,1.0469563505696224,2.4446383721499387,0.40099999999983993,1.0,21.52032245882924
S10_C6,sensitivity,0.1,6.0,DISPLACEMENT_ORIGIN_ONLY,FAILED_AUCTION,STRUCTURAL,,0.5,207,59.42028985507246,38.64734299516908,1.932367149758454,0.0,-0.09555676284058758,0.7566413743758168,-0.15123702071677012,0.6353511320958197,1.2574214219725945,0.3400000000001455,2.0,-31.306063288371416
S10_C6,sensitivity,0.1,6.0,DISPLACEMENT_ORIGIN_ONLY,FAILED_AUCTION,STRUCTURAL,,1.0,207,41.54589371980676,55.072463768115945,3.3816425120772946,0.4830917874396135,-0.13429521455420845,0.7588562703940547,-0.18997547243039098,0.676871869364385,1.2574214219725945,0.3400000000001455,2.0,-39.324922793090934
S10_C6,sensitivity,0.1,6.0,DISPLACEMENT_ORIGIN_ONLY,FAILED_AUCTION,STRUCTURAL,,1.5,207,31.88405797101449,61.35265700483091,6.763285024154589,0.4830917874396135,-0.10735877250153669,0.8267600357517564,-0.1630390303777192,0.7509674108351284,1.2574214219725945,0.3400000000001455,2.0,-33.74907928818787
S10_C6,sensitivity,0.1,6.0,DISPLACEMENT_ORIGIN_ONLY,FAILED_AUCTION,STRUCTURAL,,2.0,207,25.60386473429952,64.73429951690821,9.66183574879227,0.0,-0.08019978271320524,0.8772817537451087,-0.13588004058938774,0.8033879667103282,1.2574214219725945,0.3400000000001455,2.0,-28.127168402003264
S10_C6,sensitivity,0.1,6.0,DISPLACEMENT_ORIGIN_ONLY,FAILED_AUCTION,STRUCTURAL,,2.5,207,16.908212560386474,68.11594202898551,14.975845410628018,0.0,-0.1484991567475527,0.7839522669757802,-0.2041794146237353,0.7193076072006536,1.2574214219725945,0.3400000000001455,2.0,-42.265138827113205
S10_C6,sensitivity,0.1,6.0,DISPLACEMENT_ORIGIN_ONLY,FAILED_AUCTION,STRUCTURAL,,3.0,207,13.043478260869565,68.59903381642512,18.357487922705314,0.0,-0.12918827209982464,0.8134378157631347,-0.18486852997600714,0.7477137458590877,1.2574214219725945,0.3400000000001455,2.0,-38.267785705033475
S10_C6,sensitivity,0.1,6.0,DISPLACEMENT_ORIGIN_ONLY,PASSIVE_TOUCH,STRUCTURAL,,0.5,537,54.56238361266295,45.43761638733706,0.0,26.256983240223462,-0.1851080639720205,0.5957632965714544,-0.3007518701306613,0.4183168465018594,0.5821518700388424,0.20050000000014734,2.0,-161.50375426016512
S10_C6,sensitivity,0.1,6.0,DISPLACEMENT_ORIGIN_ONLY,PASSIVE_TOUCH,STRUCTURAL,,1.0,537,44.50651769087523,55.3072625698324,0.186219739292365,24.953445065176908,-0.11039672547393728,0.8016646351510807,-0.22604053163257806,0.6379661323643114,0.5821518700388424,0.20050000000014734,2.0,-121.38376548669441
S10_C6,sensitivity,0.1,6.0,DISPLACEMENT_ORIGIN_ONLY,PASSIVE_TOUCH,STRUCTURAL,,1.5,537,38.17504655493482,61.08007448789572,0.74487895716946,24.39478584729981,-0.039380914351213714,0.9359215999416426,-0.15502472050985447,0.7746300284646157,0.5821518700388424,0.20050000000014734,2.0,-83.24827491379185
S10_C6,sensitivity,0.1,6.0,DISPLACEMENT_ORIGIN_ONLY,PASSIVE_TOUCH,STRUCTURAL,,2.0,537,33.14711359404097,65.17690875232775,1.675977653631285,24.022346368715084,0.015605634673971386,1.023767654238715,-0.1000381714846694,0.8638519968403059,0.5821518700388424,0.20050000000014734,2.0,-53.720498087267465
S10_C6,sensitivity,0.1,6.0,DISPLACEMENT_ORIGIN_ONLY,PASSIVE_TOUCH,STRUCTURAL,,2.5,537,27.188081936685286,69.83240223463687,2.97951582867784,23.83612662942272,0.005948980378328486,1.0084605167429224,-0.1096948257803123,0.8607021978682897,0.5821518700388424,0.20050000000014734,2.0,-58.906121444027704
S10_C6,sensitivity,0.1,6.0,DISPLACEMENT_ORIGIN_ONLY,PASSIVE_TOUCH,STRUCTURAL,,3.0,537,22.532588454376164,73.55679702048417,3.910614525139665,23.83612662942272,-0.016674890809309888,0.9774782384975869,-0.13231869696795065,0.8404478285325512,0.5821518700388424,0.20050000000014734,2.0,-71.0551402717895
S10_C6,sensitivity,0.1,6.0,DISPLACEMENT_ORIGIN_ONLY,RECLAIM_PULLBACK,STRUCTURAL,,0.5,857,57.642940490081685,31.855309218203033,10.501750291715286,4.434072345390899,-0.04108672631447893,0.8778197374139771,-0.08760395704315153,0.7538702157358877,1.7925000000000182,0.22000000000002728,3.0,-75.07659118598086
S10_C6,sensitivity,0.1,6.0,DISPLACEMENT_ORIGIN_ONLY,RECLAIM_PULLBACK,STRUCTURAL,,1.0,857,38.739789964994166,41.1901983663944,20.070011668611436,4.550758459743291,-0.014052462227394055,0.9676382840843565,-0.06056969295606665,0.8680685531676798,1.7925000000000182,0.22000000000002728,3.0,-51.90822686334912
S10_C6,sensitivity,0.1,6.0,DISPLACEMENT_ORIGIN_ONLY,RECLAIM_PULLBACK,STRUCTURAL,,1.5,857,26.60443407234539,47.724620770128354,25.670945157526255,4.550758459743291,-0.04013420366274314,0.9200430869402881,-0.08665143439141572,0.8366940557970327,1.7925000000000182,0.22000000000002728,3.0,-74.26027927344327
S10_C6,sensitivity,0.1,6.0,DISPLACEMENT_ORIGIN_ONLY,RECLAIM_PULLBACK,STRUCTURAL,,2.0,857,18.786464410735125,51.22520420070011,29.98833138856476,4.434072345390899,-0.06077579664827619,0.8871139635194746,-0.10729302737694878,0.8116365575518822,1.7925000000000182,0.22000000000002728,3.0,-91.9501244620451
S10_C6,sensitivity,0.1,6.0,DISPLACEMENT_ORIGIN_ONLY,RECLAIM_PULLBACK,STRUCTURAL,,2.5,857,14.002333722287046,52.39206534422404,33.605600933488915,4.434072345390899,-0.06129230550348466,0.88869605626986,-0.10780953623215725,0.8150582529799644,1.7925000000000182,0.22000000000002728,3.0,-92.39277255095877
S10_C6,sensitivity,0.1,6.0,DISPLACEMENT_ORIGIN_ONLY,RECLAIM_PULLBACK,STRUCTURAL,,3.0,857,11.201866977829638,53.092182030338385,35.70595099183197,4.434072345390899,-0.04623134849219565,0.9171000186942694,-0.09274857922086822,0.8429655915630316,1.7925000000000182,0.22000000000002728,3.0,-79.48553239228407
S10_C6,sensitivity,0.1,6.0,DISPLACEMENT_ORIGIN_ONLY,TOUCH_NEXT_OPEN,VOL_FLOOR_0.25,0.25,0.5,1225,62.857142857142854,25.06122448979592,12.081632653061225,0.7346938775510203,0.050295868814488685,1.1845169635860031,0.007193617818285706,1.025116171677297,1.956499999999778,0.16449999999986176,1.0,8.81218182739999
S10_C6,sensitivity,0.1,6.0,DISPLACEMENT_ORIGIN_ONLY,TOUCH_NEXT_OPEN,VOL_FLOOR_0.25,0.25,1.0,1225,41.46938775510204,35.673469387755105,22.857142857142858,0.326530612244898,0.06885520971392,1.1784885173772772,0.02575295871771701,1.063504685023905,1.956499999999778,0.16449999999986176,1.0,31.547374429203337
S10_C6,sensitivity,0.1,6.0,DISPLACEMENT_ORIGIN_ONLY,TOUCH_NEXT_OPEN,VOL_FLOOR_0.25,0.25,1.5,1225,28.408163265306126,41.224489795918366,30.36734693877551,0.163265306122449,0.06059046127054461,1.1358259054561053,0.017488210274341616,1.0372468343314754,1.956499999999778,0.16449999999986176,1.0,21.42305758606848
S10_C6,sensitivity,0.1,6.0,DISPLACEMENT_ORIGIN_ONLY,TOUCH_NEXT_OPEN,VOL_FLOOR_0.25,0.25,2.0,1225,21.06122448979592,43.91836734693877,35.0204081632653,0.163265306122449,0.06844875880167209,1.1441634571199946,0.02534650780546911,1.0506472003733973,1.956499999999778,0.16449999999986176,1.0,31.04947206169966
S10_C6,sensitivity,0.1,6.0,DISPLACEMENT_ORIGIN_ONLY,TOUCH_NEXT_OPEN,VOL_FLOOR_0.25,0.25,2.5,1225,15.26530612244898,45.30612244897959,39.42857142857143,0.24489795918367346,0.07216118291817988,1.1476594510366271,0.029058931921976894,1.0563833994794192,1.956499999999778,0.16449999999986176,1.0,35.597191604421695
S10_C6,sensitivity,0.1,6.0,DISPLACEMENT_ORIGIN_ONLY,TOUCH_NEXT_OPEN,VOL_FLOOR_0.25,0.25,3.0,1225,11.918367346938776,46.12244897959184,41.95918367346938,0.24489795918367346,0.07936437327344895,1.1597307928895482,0.03626212227724595,1.0691592064517108,1.956499999999778,0.16449999999986176,1.0,44.42109978962629
S10_C6,sensitivity,0.1,6.0,DISPLACEMENT_ORIGIN_ONLY,TOUCH_NEXT_OPEN,VOL_FLOOR_0.50,0.5,0.5,1225,63.51020408163265,24.408163265306122,12.081632653061225,0.163265306122449,0.06009178718183747,1.2258659573457864,0.02484971731257861,1.0897884686146893,2.0249999999998636,0.18813450403808452,1.0,30.440903707908795
S10_C6,sensitivity,0.1,6.0,DISPLACEMENT_ORIGIN_ONLY,TOUCH_NEXT_OPEN,VOL_FLOOR_0.50,0.5,1.0,1225,40.57142857142857,36.40816326530612,23.02040816326531,0.0816326530612245,0.05339242682322571,1.1358507741815373,0.018150356953966853,1.04431987739112,2.0249999999998636,0.18813450403808452,1.0,22.234187268609396
S10_C6,sensitivity,0.1,6.0,DISPLACEMENT_ORIGIN_ONLY,TOUCH_NEXT_OPEN,VOL_FLOOR_0.50,0.5,1.5,1225,26.857142857142858,42.04081632653061,31.102040816326532,0.0,0.033290503374737296,1.0732662172287983,-0.0019515664945215657,0.9958835474873895,2.0249999999998636,0.18813450403808452,1.0,-2.390668955788918
S10_C6,sensitivity,0.1,6.0,DISPLACEMENT_ORIGIN_ONLY,TOUCH_NEXT_OPEN,VOL_FLOOR_0.50,0.5,2.0,1225,20.0,44.0,36.0,0.0816326530612245,0.05306718920220848,1.1115464245939972,0.017825119332949602,1.0358851413320196,2.0249999999998636,0.18813450403808452,1.0,21.83577118286326
S10_C6,sensitivity,0.1,6.0,DISPLACEMENT_ORIGIN_ONLY,TOUCH_NEXT_OPEN,VOL_FLOOR_0.50,0.5,2.5,1225,13.795918367346937,45.14285714285714,41.06122448979592,0.163265306122449,0.050772145449473935,1.104207126835572,0.015530075580215083,1.0305113490159798,2.0249999999998636,0.18813450403808452,1.0,19.024342585763478
S10_C6,sensitivity,0.1,6.0,DISPLACEMENT_ORIGIN_ONLY,TOUCH_NEXT_OPEN,VOL_FLOOR_0.50,0.5,3.0,1225,9.877551020408164,45.714285714285715,44.40816326530612,0.0816326530612245,0.048913089081425436,1.099227743064645,0.013671019212166572,1.0265388311591885,2.0249999999998636,0.18813450403808452,1.0,16.74699853490405
S10_C6,sensitivity,0.1,6.0,DISPLACEMENT_ORIGIN_ONLY,TOUCH_NEXT_OPEN,VOL_FLOOR_0.75,0.75,0.5,1225,62.93877551020408,24.816326530612244,12.244897959183673,0.163265306122449,0.05320239667170508,1.1967248134998476,0.02366964689848054,1.0846912155484865,2.3026603630225964,0.2822017560571268,1.0,28.99531745063866
S10_C6,sensitivity,0.1,6.0,DISPLACEMENT_ORIGIN_ONLY,TOUCH_NEXT_OPEN,VOL_FLOOR_0.75,0.75,1.0,1225,38.69387755102041,36.48979591836735,24.816326530612244,0.0,0.03460922697105334,1.0872107273642495,0.005076477197828792,1.0123556395608697,2.3026603630225964,0.2822017560571268,1.0,6.21868456734027
S10_C6,sensitivity,0.1,6.0,DISPLACEMENT_ORIGIN_ONLY,TOUCH_NEXT_OPEN,VOL_FLOOR_0.75,0.75,1.5,1225,25.46938775510204,40.734693877551024,33.795918367346935,0.0816326530612245,0.033653293125651,1.0758926631731371,0.004120543352426435,1.0089688988877414,2.3026603630225964,0.2822017560571268,1.0,5.047665606722383
S10_C6,sensitivity,0.1,6.0,DISPLACEMENT_ORIGIN_ONLY,TOUCH_NEXT_OPEN,VOL_FLOOR_0.75,0.75,2.0,1225,17.63265306122449,42.12244897959184,40.244897959183675,0.0,0.05076737900694956,1.1106259720129936,0.02123462923372501,1.044629935779571,2.3026603630225964,0.2822017560571268,1.0,26.012420811313135
S10_C6,sensitivity,0.1,6.0,DISPLACEMENT_ORIGIN_ONLY,TOUCH_NEXT_OPEN,VOL_FLOOR_0.75,0.75,2.5,1225,10.53061224489796,42.69387755102041,46.775510204081634,0.0816326530612245,0.03979642919417311,1.0856486870923152,0.010263679420948559,1.0213021244567697,2.3026603630225964,0.2822017560571268,1.0,12.573007290661984
S10_C6,sensitivity,0.1,6.0,DISPLACEMENT_ORIGIN_ONLY,TOUCH_NEXT_OPEN,VOL_FLOOR_0.75,0.75,3.0,1225,7.755102040816326,43.10204081632653,49.142857142857146,0.0816326530612245,0.048190786778404306,1.102811637678515,0.018658037005179744,1.0383840603961463,2.3026603630225964,0.2822017560571268,1.0,22.856095331345188
S10_C6,sensitivity,0.1,6.0,DISPLACEMENT_ORIGIN_ONLY,TOUCH_NEXT_OPEN,VOL_FLOOR_1.00,1.0,0.5,1225,61.30612244897959,25.22448979591837,13.46938775510204,0.163265306122449,0.03815217055969708,1.1374092408540344,0.012884067914832978,1.0450740225546018,2.6255385230415413,0.37626900807616903,1.0,15.782983195670397
S10_C6,sensitivity,0.1,6.0,DISPLACEMENT_ORIGIN_ONLY,TOUCH_NEXT_OPEN,VOL_FLOOR_1.00,1.0,1.0,1225,37.06122448979592,34.04081632653061,28.89795918367347,0.0816326530612245,0.04692506053718706,1.1247275750725463,0.021656957892322953,1.055828967401554,2.6255385230415413,0.37626900807616903,1.0,26.52977341809562
S10_C6,sensitivity,0.1,6.0,DISPLACEMENT_ORIGIN_ONLY,TOUCH_NEXT_OPEN,VOL_FLOOR_1.00,1.0,1.5,1225,23.51020408163265,37.06122448979592,39.42857142857143,0.0,0.05604030188290657,1.1361202160542452,0.030772199238042468,1.0724085846430602,2.6255385230415413,0.37626900807616903,1.0,37.695944066602024
S10_C6,sensitivity,0.1,6.0,DISPLACEMENT_ORIGIN_ONLY,TOUCH_NEXT_OPEN,VOL_FLOOR_1.00,1.0,2.0,1225,14.53061224489796,37.63265306122449,47.83673469387755,0.0,0.07222180437599361,1.1729087685228698,0.0469537017311295,1.1088773710723128,2.6255385230415413,0.37626900807616903,1.0,57.51828462063364
S10_C6,sensitivity,0.1,6.0,DISPLACEMENT_ORIGIN_ONLY,TOUCH_NEXT_OPEN,VOL_FLOOR_1.00,1.0,2.5,1225,7.591836734693877,37.87755102040816,54.53061224489796,0.0816326530612245,0.05633269323206006,1.1338008017754564,0.031064590587195972,1.071456213850759,2.6255385230415413,0.37626900807616903,1.0,38.054123469315066
S10_C6,sensitivity,0.1,6.0,DISPLACEMENT_ORIGIN_ONLY,TOUCH_NEXT_OPEN,VOL_FLOOR_1.00,1.0,3.0,1225,5.061224489795919,38.20408163265306,56.734693877551024,0.0816326530612245,0.054561735024670044,1.1285970781662824,0.02929363237980595,1.0668592465304105,2.6255385230415413,0.37626900807616903,1.0,35.88469966526229
S10_C6,sensitivity,0.1,6.0,DOZ_OBJECTIVE_ONLY,ACCEPTANCE_RETEST,STRUCTURAL,,0.5,9,55.55555555555556,44.44444444444444,0.0,22.22222222222222,-0.1666666666666351,0.625000000000071,-0.24668000425916248,0.48955307383258545,0.64449999999988,0.5154999999999745,12.0,-2.220120038332462
S10_C6,sensitivity,0.1,6.0,DOZ_OBJECTIVE_ONLY,ACCEPTANCE_RETEST,STRUCTURAL,,1.0,9,55.55555555555556,44.44444444444444,0.0,22.22222222222222,0.1111111111111111,1.25,0.031097773518583782,1.0643496133822608,0.64449999999988,0.5154999999999745,12.0,0.27987996166725404
S10_C6,sensitivity,0.1,6.0,DOZ_OBJECTIVE_ONLY,ACCEPTANCE_RETEST,STRUCTURAL,,1.5,9,55.55555555555556,44.44444444444444,0.0,22.22222222222222,0.3888888888888573,1.874999999999929,0.30887555129633,1.6391461529319358,0.64449999999988,0.5154999999999745,12.0,2.77987996166697
S10_C6,sensitivity,0.1,6.0,DOZ_OBJECTIVE_ONLY,ACCEPTANCE_RETEST,STRUCTURAL,,2.0,9,33.33333333333333,66.66666666666666,0.0,22.22222222222222,0.0,1.0,-0.08001333759252735,0.8890244656617184,0.64449999999988,0.5154999999999745,12.0,-0.7201200383327462
S10_C6,sensitivity,0.1,6.0,DOZ_OBJECTIVE_ONLY,ACCEPTANCE_RETEST,STRUCTURAL,,2.5,9,22.22222222222222,77.77777777777779,0.0,22.22222222222222,-0.22222222222220248,0.7142857142857396,-0.3022355598147299,0.638611943151027,0.64449999999988,0.5154999999999745,12.0,-2.7201200383325688
S10_C6,sensitivity,0.1,6.0,DOZ_OBJECTIVE_ONLY,ACCEPTANCE_RETEST,STRUCTURAL,,3.0,9,22.22222222222222,77.77777777777779,0.0,22.22222222222222,-0.1111111111111111,0.8571428571428571,-0.19112444870363848,0.7714693361175665,0.64449999999988,0.5154999999999745,12.0,-1.7201200383327464
S10_C6,sensitivity,0.1,6.0,DOZ_OBJECTIVE_ONLY,CLEAN_REJECTION,STRUCTURAL,,0.5,22,72.72727272727273,27.27272727272727,0.0,4.545454545454546,0.09090909090910199,1.3333333333333741,0.045422027781505864,1.1584398100020532,1.5387914462727394,0.569999999999709,1.0,0.9992846111931291
S10_C6,sensitivity,0.1,6.0,DOZ_OBJECTIVE_ONLY,CLEAN_REJECTION,STRUCTURAL,,1.0,22,59.09090909090909,36.36363636363637,4.545454545454546,0.0,0.2513057661941013,1.6910908570337786,0.20581870306650513,1.5390800688800488,1.5387914462727394,0.569999999999709,1.0,4.528011467463113
S10_C6,sensitivity,0.1,6.0,DOZ_OBJECTIVE_ONLY,CLEAN_REJECTION,STRUCTURAL,,1.5,22,45.45454545454545,40.909090909090914,13.636363636363635,0.0,0.33039915180395774,1.8076423710763416,0.28491208867636164,1.6632462012881175,1.5387914462727394,0.569999999999709,1.0,6.268065950879956
S10_C6,sensitivity,0.1,6.0,DOZ_OBJECTIVE_ONLY,CLEAN_REJECTION,STRUCTURAL,,2.0,22,31.818181818181817,45.45454545454545,22.727272727272727,0.0,0.30753991076581916,1.6700596973266972,0.26205284763822295,1.5426721754350046,1.5387914462727394,0.569999999999709,1.0,5.7651626480409055
S10_C6,sensitivity,0.1,6.0,DOZ_OBJECTIVE_ONLY,CLEAN_REJECTION,STRUCTURAL,,2.5,22,27.27272727272727,50.0,22.727272727272727,0.0,0.3075399107658199,1.6096799558560184,0.26205284763822373,1.4918569920915923,1.5387914462727394,0.569999999999709,1.0,5.765162648040922
S10_C6,sensitivity,0.1,6.0,DOZ_OBJECTIVE_ONLY,CLEAN_REJECTION,STRUCTURAL,,3.0,22,27.27272727272727,50.0,22.727272727272727,0.0,0.44390354712945557,1.880012920418313,0.39841648400185936,1.7478031060795796,1.5387914462727394,0.569999999999709,1.0,8.765162648040906
S10_C6,sensitivity,0.1,6.0,DOZ_OBJECTIVE_ONLY,FAILED_AUCTION,STRUCTURAL,,0.5,40,75.0,22.5,2.5,0.0,0.1393395970729118,1.5912728457653513,0.10389057228473235,1.427909869584635,2.158237290403804,0.5532841115925748,2.0,4.155622891389294
S10_C6,sensitivity,0.1,6.0,DOZ_OBJECTIVE_ONLY,FAILED_AUCTION,STRUCTURAL,,1.0,40,50.0,42.5,7.5,0.0,0.09130948546608672,1.2095886723985037,0.05586046067790733,1.1246633795217027,2.158237290403804,0.5532841115925748,2.0,2.2344184271162932
S10_C6,sensitivity,0.1,6.0,DOZ_OBJECTIVE_ONLY,FAILED_AUCTION,STRUCTURAL,,1.5,40,37.5,50.0,12.5,2.5,0.09191359083600037,1.1714839468907623,0.05646456604782089,1.1026015878895274,2.158237290403804,0.5532841115925748,2.0,2.2585826419128354
S10_C6,sensitivity,0.1,6.0,DOZ_OBJECTIVE_ONLY,FAILED_AUCTION,STRUCTURAL,,2.0,40,30.0,57.49999999999999,12.5,2.5,0.054413590836007844,1.0890581474372418,0.01896456604782837,1.0301436169161167,2.158237290403804,0.5532841115925748,2.0,0.7585826419131347
S10_C6,sensitivity,0.1,6.0,DOZ_OBJECTIVE_ONLY,FAILED_AUCTION,STRUCTURAL,,2.5,40,25.0,60.0,15.0,2.5,0.10489643450477489,1.164934229988974,0.06944740971659544,1.1061257371216386,2.158237290403804,0.5532841115925748,2.0,2.7778963886638177
S10_C6,sensitivity,0.1,6.0,DOZ_OBJECTIVE_ONLY,FAILED_AUCTION,STRUCTURAL,,3.0,40,22.5,62.5,15.0,2.5,0.12989643450476787,1.1965181583393563,0.0944474097165884,1.1384658193282635,2.158237290403804,0.5532841115925748,2.0,3.7778963886635357
S10_C6,sensitivity,0.1,6.0,DOZ_OBJECTIVE_ONLY,PASSIVE_TOUCH,STRUCTURAL,,0.5,68,36.76470588235294,63.23529411764706,0.0,60.29411764705882,-0.44852941176470695,0.290697674418603,-0.5815725159533749,0.19172621962759717,0.46701167865012394,0.21199999999998909,0.0,-39.546931084829495
S10_C6,sensitivity,0.1,6.0,DOZ_OBJECTIVE_ONLY,PASSIVE_TOUCH,STRUCTURAL,,1.0,68,33.82352941176471,66.17647058823529,0.0,58.82352941176471,-0.3235294117647059,0.5111111111111111,-0.4565725159533738,0.391992859837945,0.46701167865012394,0.21199999999998909,0.0,-31.046931084829417
S10_C6,sensitivity,0.1,6.0,DOZ_OBJECTIVE_ONLY,PASSIVE_TOUCH,STRUCTURAL,,1.5,68,27.941176470588236,72.05882352941177,0.0,60.29411764705882,-0.3014705882352883,0.5816326530612326,-0.4345136924239562,0.46800920871317164,0.46701167865012394,0.21199999999998909,0.0,-29.546931084829023
S10_C6,sensitivity,0.1,6.0,DOZ_OBJECTIVE_ONLY,PASSIVE_TOUCH,STRUCTURAL,,2.0,68,26.47058823529412,73.52941176470588,0.0,58.82352941176471,-0.20588235294117646,0.72,-0.33892545712984434,0.5931100597216431,0.46701167865012394,0.21199999999998909,0.0,-23.046931084829417
S10_C6,sensitivity,0.1,6.0,DOZ_OBJECTIVE_ONLY,PASSIVE_TOUCH,STRUCTURAL,,2.5,68,23.52941176470588,76.47058823529412,0.0,57.35294117647059,-0.17647058823529302,0.7692307692307706,-0.3095136924239609,0.6426044341849293,0.46701167865012394,0.21199999999998909,0.0,-21.04693108482934
S10_C6,sensitivity,0.1,6.0,DOZ_OBJECTIVE_ONLY,PASSIVE_TOUCH,STRUCTURAL,,3.0,68,19.11764705882353,80.88235294117648,0.0,55.88235294117647,-0.23529411764705882,0.7090909090909091,-0.3683372218357267,0.59704734072341,0.46701167865012394,0.21199999999998909,0.0,-25.046931084829417
S10_C6,sensitivity,0.1,6.0,DOZ_OBJECTIVE_ONLY,RECLAIM_PULLBACK,STRUCTURAL,,0.5,39,58.97435897435898,41.02564102564102,0.0,23.076923076923077,-0.11538461538462148,0.7187499999999851,-0.17374117994037255,0.6025021979918704,1.091787435397464,0.40849999999977626,3.0,-6.775906017674529
S10_C6,sensitivity,0.1,6.0,DOZ_OBJECTIVE_ONLY,RECLAIM_PULLBACK,STRUCTURAL,,1.0,39,48.717948717948715,48.717948717948715,2.564102564102564,20.51282051282051,0.014343198338520958,1.0294413018527535,-0.04401336621723014,0.9152858815742142,1.091787435397464,0.40849999999977626,3.0,-1.7165212824719756
S10_C6,sensitivity,0.1,6.0,DOZ_OBJECTIVE_ONLY,RECLAIM_PULLBACK,STRUCTURAL,,1.5,39,41.02564102564102,51.28205128205128,7.6923076923076925,20.51282051282051,0.17152793170931296,1.33447946683316,0.11317136715356184,1.206926949871492,1.091787435397464,0.40849999999977626,3.0,4.4136833189889115
S10_C6,sensitivity,0.1,6.0,DOZ_OBJECTIVE_ONLY,RECLAIM_PULLBACK,STRUCTURAL,,2.0,39,38.46153846153847,53.84615384615385,7.6923076923076925,20.51282051282051,0.29973305991444527,1.5566471112696842,0.24137649535869415,1.4212677764787294,1.091787435397464,0.40849999999977626,3.0,9.413683318989072
S10_C6,sensitivity,0.1,6.0,DOZ_OBJECTIVE_ONLY,RECLAIM_PULLBACK,STRUCTURAL,,2.5,39,25.64102564102564,66.66666666666666,7.6923076923076925,20.51282051282051,0.04332280350419163,1.0649842052562877,-0.015033761051559425,0.9786835159458606,1.091787435397464,0.40849999999977626,3.0,-0.5863166810108176
S10_C6,sensitivity,0.1,6.0,DOZ_OBJECTIVE_ONLY,RECLAIM_PULLBACK,STRUCTURAL,,3.0,39,25.64102564102564,66.66666666666666,7.6923076923076925,20.51282051282051,0.1715279317093171,1.2572918975639757,0.11317136715356589,1.1604665416086237,1.091787435397464,0.40849999999977626,3.0,4.41368331898907
S10_C6,sensitivity,0.1,6.0,DOZ_OBJECTIVE_ONLY,TOUCH_NEXT_OPEN,VOL_FLOOR_0.25,0.25,0.5,63,65.07936507936508,34.92063492063492,0.0,6.349206349206349,-0.023809523809507387,0.9318181818182287,-0.08563688517250924,0.7697412335546951,1.20049999999992,0.42592481244758507,1.0,-5.395123765868082
S10_C6,sensitivity,0.1,6.0,DOZ_OBJECTIVE_ONLY,TOUCH_NEXT_OPEN,VOL_FLOOR_0.25,0.25,1.0,63,52.38095238095239,46.03174603174603,1.5873015873015872,4.761904761904762,0.05455165359700223,1.1162509082102257,-0.007275707765999614,0.985410382296107,1.20049999999992,0.42592481244758507,1.0,-0.45836958925797566
S10_C6,sensitivity,0.1,6.0,DOZ_OBJECTIVE_ONLY,TOUCH_NEXT_OPEN,VOL_FLOOR_0.25,0.25,1.5,63,41.269841269841265,52.38095238095239,6.349206349206349,3.1746031746031744,0.08296297716370998,1.1491904565895341,0.021135615800708128,1.0358915811409686,1.20049999999992,0.42592481244758507,1.0,1.331543795444612
S10_C6,sensitivity,0.1,6.0,DOZ_OBJECTIVE_ONLY,TOUCH_NEXT_OPEN,VOL_FLOOR_0.25,0.25,2.0,63,30.158730158730158,60.317460317460316,9.523809523809524,3.1746031746031744,0.03203540136600707,1.0504135045811076,-0.029791959996994806,0.955779486017448,1.20049999999992,0.42592481244758507,1.0,-1.8768934798106727
S10_C6,sensitivity,0.1,6.0,DOZ_OBJECTIVE_ONLY,TOUCH_NEXT_OPEN,VOL_FLOOR_0.25,0.25,2.5,63,28.57142857142857,61.904761904761905,9.523809523809524,3.1746031746031744,0.1272734966041141,1.195406812467045,0.0654461352411122,1.0946936844739794,1.20049999999992,0.42592481244758507,1.0,4.123106520190069
S10_C6,sensitivity,0.1,6.0,DOZ_OBJECTIVE_ONLY,TOUCH_NEXT_OPEN,VOL_FLOOR_0.25,0.25,3.0,63,28.57142857142857,61.904761904761905,9.523809523809524,3.1746031746031744,0.2701306394612545,1.4147396639144587,0.20830327809825264,1.3013929671853346,1.20049999999992,0.42592481244758507,1.0,13.123106520189916
S10_C6,sensitivity,0.1,6.0,DOZ_OBJECTIVE_ONLY,TOUCH_NEXT_OPEN,VOL_FLOOR_0.50,0.5,0.5,63,69.84126984126983,30.158730158730158,0.0,1.5873015873015872,0.04761904761905457,1.1578947368421288,0.0016189811198833218,1.0051043482601782,1.3033407896775757,0.48499999999989996,1.0,0.10199581055264928
S10_C6,sensitivity,0.1,6.0,DOZ_OBJECTIVE_ONLY,TOUCH_NEXT_OPEN,VOL_FLOOR_0.50,0.5,1.0,63,52.38095238095239,46.03174603174603,1.5873015873015872,0.0,0.05455165359700174,1.1162509082102257,0.008551587097830481,1.0173806204349396,1.3033407896775757,0.48499999999989996,1.0,0.5387499871633203
S10_C6,sensitivity,0.1,6.0,DOZ_OBJECTIVE_ONLY,TOUCH_NEXT_OPEN,VOL_FLOOR_0.50,0.5,1.5,63,39.682539682539684,53.96825396825397,6.349206349206349,0.0,0.04328043748118915,1.075670298040927,-0.0027196290179821213,0.9954558892783708,1.3033407896775757,0.48499999999989996,1.0,-0.17133662813287365
S10_C6,sensitivity,0.1,6.0,DOZ_OBJECTIVE_ONLY,TOUCH_NEXT_OPEN,VOL_FLOOR_0.50,0.5,2.0,63,31.746031746031743,58.730158730158735,9.523809523809524,0.0,0.07965444898506208,1.1285620581634412,0.03365438248589079,1.051772523974078,1.3033407896775757,0.48499999999989996,1.0,2.1202260966111197
S10_C6,sensitivity,0.1,6.0,DOZ_OBJECTIVE_ONLY,TOUCH_NEXT_OPEN,VOL_FLOOR_0.50,0.5,2.5,63,26.984126984126984,61.904761904761905,11.11111111111111,0.0,0.11505221083441514,1.1766431062734926,0.06905214433524388,1.101195458192818,1.3033407896775757,0.48499999999989996,1.0,4.350285093120364
S10_C6,sensitivity,0.1,6.0,DOZ_OBJECTIVE_ONLY,TOUCH_NEXT_OPEN,VOL_FLOOR_0.50,0.5,3.0,63,23.809523809523807,65.07936507936508,11.11111111111111,0.0,0.12298871877091687,1.1800523967772094,0.0769886522717456,1.1077176770270603,1.3033407896775757,0.48499999999989996,1.0,4.850285093119973
S10_C6,sensitivity,0.1,6.0,DOZ_OBJECTIVE_ONLY,TOUCH_NEXT_OPEN,VOL_FLOOR_0.75,0.75,0.5,63,69.84126984126983,30.158730158730158,0.0,1.5873015873015872,0.047619047619047845,1.157894736842107,0.011351417819877217,1.036115035666976,1.7180000000000746,0.5751190942512096,1.0,0.7151393226522647
S10_C6,sensitivity,0.1,6.0,DOZ_OBJECTIVE_ONLY,TOUCH_NEXT_OPEN,VOL_FLOOR_0.75,0.75,1.0,63,49.2063492063492,46.03174603174603,4.761904761904762,0.0,0.04083410221822758,1.087018470675269,0.004566472419056928,1.0093767672515115,1.7180000000000746,0.5751190942512096,1.0,0.28768776240058647
S10_C6,sensitivity,0.1,6.0,DOZ_OBJECTIVE_ONLY,TOUCH_NEXT_OPEN,VOL_FLOOR_0.75,0.75,1.5,63,36.507936507936506,50.79365079365079,12.698412698412698,0.0,0.037527390029070434,1.0672317815771006,0.001259760229899873,1.002176579227494,1.7180000000000746,0.5751190942512096,1.0,0.079364894483692
S10_C6,sensitivity,0.1,6.0,DOZ_OBJECTIVE_ONLY,TOUCH_NEXT_OPEN,VOL_FLOOR_0.75,0.75,2.0,63,26.984126984126984,57.14285714285714,15.873015873015872,0.0,0.01040933804088379,1.0167441164909812,-0.02585829175828681,0.9598778153043348,1.7180000000000746,0.5751190942512096,1.0,-1.629072380772069
S10_C6,sensitivity,0.1,6.0,DOZ_OBJECTIVE_ONLY,TOUCH_NEXT_OPEN,VOL_FLOOR_0.75,0.75,2.5,63,22.22222222222222,57.14285714285714,20.634920634920633,0.0,0.07077031003891017,1.1138387773305285,0.034502680239739535,1.053534971374537,1.7180000000000746,0.5751190942512096,1.0,2.1736688551035908
S10_C6,sensitivity,0.1,6.0,DOZ_OBJECTIVE_ONLY,TOUCH_NEXT_OPEN,VOL_FLOOR_0.75,0.75,3.0,63,20.634920634920633,57.14285714285714,22.22222222222222,0.0,0.13669110979201846,1.2198767929958338,0.10042347999284787,1.155818854923518,1.7180000000000746,0.5751190942512096,1.0,6.326679239549415
S10_C6,sensitivity,0.1,6.0,DOZ_OBJECTIVE_ONLY,TOUCH_NEXT_OPEN,VOL_FLOOR_1.00,1.0,0.5,63,66.66666666666666,30.158730158730158,3.1746031746031744,0.0,0.028110749149003827,1.0898909413440165,-0.0005974853739008502,0.9981493758877252,2.205877021396775,0.7668254590016127,1.0,-0.03764157855575356
S10_C6,sensitivity,0.1,6.0,DOZ_OBJECTIVE_ONLY,TOUCH_NEXT_OPEN,VOL_FLOOR_1.00,1.0,1.0,63,42.857142857142854,42.857142857142854,14.285714285714285,0.0,-0.018572124872699807,0.9603338176669777,-0.047280359395604474,0.9021561303752433,2.205877021396775,0.7668254590016127,1.0,-2.9786626419230817
S10_C6,sensitivity,0.1,6.0,DOZ_OBJECTIVE_ONLY,TOUCH_NEXT_OPEN,VOL_FLOOR_1.00,1.0,1.5,63,30.158730158730158,50.79365079365079,19.047619047619047,0.0,-0.07475934082937509,0.8688879017336001,-0.1034675753522798,0.8238622160742342,2.205877021396775,0.7668254590016127,1.0,-6.518457247193627
S10_C6,sensitivity,0.1,6.0,DOZ_OBJECTIVE_ONLY,TOUCH_NEXT_OPEN,VOL_FLOOR_1.00,1.0,2.0,63,22.22222222222222,50.79365079365079,26.984126984126984,0.0,-0.005019362231738848,0.9911970984914864,-0.033727596754643506,0.9425839048679914,2.205877021396775,0.7668254590016127,1.0,-2.124838595542541
S10_C6,sensitivity,0.1,6.0,DOZ_OBJECTIVE_ONLY,TOUCH_NEXT_OPEN,VOL_FLOOR_1.00,1.0,2.5,63,19.047619047619047,50.79365079365079,30.158730158730158,0.0,0.05552234017344362,1.0973744610377925,0.026814105650538936,1.0456469297860396,2.205877021396775,0.7668254590016127,1.0,1.689288655983953
S10_C6,sensitivity,0.1,6.0,DOZ_OBJECTIVE_ONLY,TOUCH_NEXT_OPEN,VOL_FLOOR_1.00,1.0,3.0,63,15.873015873015872,52.38095238095239,31.746031746031743,0.0,0.0741958590157805,1.12659960081011,0.0454876244928758,1.0753339634445613,2.205877021396775,0.7668254590016127,1.0,2.8657203430511755
S10_C6,sensitivity,0.1,6.0,MEMORY_ONLY,ACCEPTANCE_RETEST,STRUCTURAL,,0.5,13,46.15384615384615,53.84615384615385,0.0,7.6923076923076925,-0.30769230769231404,0.4285714285714168,-0.3472521362013378,0.3811771183342482,1.4400000000007367,1.1319999999998345,6.0,-4.514277770617392
S10_C6,sensitivity,0.1,6.0,MEMORY_ONLY,ACCEPTANCE_RETEST,STRUCTURAL,,1.0,13,46.15384615384615,53.84615384615385,0.0,7.6923076923076925,-0.07692307692307693,0.8571428571428571,-0.11648290543210076,0.792420896260525,1.4400000000007367,1.1319999999998345,6.0,-1.5142777706173098
S10_C6,sensitivity,0.1,6.0,MEMORY_ONLY,ACCEPTANCE_RETEST,STRUCTURAL,,1.5,13,46.15384615384615,53.84615384615385,0.0,7.6923076923076925,0.1538461538461602,1.2857142857142974,0.11428632533713637,1.2036646741868018,1.4400000000007367,1.1319999999998345,6.0,1.4857222293827728
S10_C6,sensitivity,0.1,6.0,MEMORY_ONLY,ACCEPTANCE_RETEST,STRUCTURAL,,2.0,13,38.46153846153847,53.84615384615385,7.6923076923076925,7.6923076923076925,0.289598866816244,1.5378264669444532,0.2500390383072202,1.4455836612175494,1.4400000000007367,1.1319999999998345,6.0,3.2505074979938624
S10_C6,sensitivity,0.1,6.0,MEMORY_ONLY,ACCEPTANCE_RETEST,STRUCTURAL,,2.5,13,38.46153846153847,53.84615384615385,7.6923076923076925,7.6923076923076925,0.48190655912392416,1.8949693240872878,0.4423467306149003,1.7882868094894153,1.4400000000007367,1.1319999999998345,6.0,5.750507497993704
S10_C6,sensitivity,0.1,6.0,MEMORY_ONLY,ACCEPTANCE_RETEST,STRUCTURAL,,3.0,13,30.76923076923077,53.84615384615385,15.384615384615385,7.6923076923076925,0.5845554257973653,2.0856029336236785,0.5449955972883416,1.9712128763221695,1.4400000000007367,1.1319999999998345,6.0,7.08494276474844
S10_C6,sensitivity,0.1,6.0,MEMORY_ONLY,CLEAN_REJECTION,STRUCTURAL,,0.5,202,57.920792079207914,40.099009900990104,1.9801980198019802,0.49504950495049505,-0.11807456611512834,0.7103733494977358,-0.1512238195947278,0.6416867034263102,1.8125189449700656,0.6950546772516191,1.0,-30.547211558135018
S10_C6,sensitivity,0.1,6.0,MEMORY_ONLY,CLEAN_REJECTION,STRUCTURAL,,1.0,202,38.11881188118812,53.46534653465347,8.415841584158416,0.49504950495049505,-0.16547315663778958,0.700767398951162,-0.19862241011738907,0.6534274189824174,1.8125189449700656,0.6950546772516191,1.0,-40.121726843712594
S10_C6,sensitivity,0.1,6.0,MEMORY_ONLY,CLEAN_REJECTION,STRUCTURAL,,1.5,202,30.198019801980198,57.920792079207914,11.881188118811881,0.49504950495049505,-0.1166177296597541,0.8048389721139699,-0.14976698313935358,0.7581244221548219,1.8125189449700656,0.6950546772516191,1.0,-30.252930594149422
S10_C6,sensitivity,0.1,6.0,MEMORY_ONLY,CLEAN_REJECTION,STRUCTURAL,,2.0,202,22.277227722772277,59.900990099009896,17.82178217821782,0.49504950495049505,-0.07507184452615648,0.8783962640194302,-0.10822109800575597,0.8308312371613819,1.8125189449700656,0.6950546772516191,1.0,-21.860661797162706
S10_C6,sensitivity,0.1,6.0,MEMORY_ONLY,CLEAN_REJECTION,STRUCTURAL,,2.5,202,15.346534653465346,60.89108910891089,23.762376237623762,0.0,-0.07465882549334815,0.8810235653725113,-0.10780807897294757,0.8342535803454917,1.8125189449700656,0.6950546772516191,1.0,-21.77723195253541
S10_C6,sensitivity,0.1,6.0,MEMORY_ONLY,CLEAN_REJECTION,STRUCTURAL,,3.0,202,9.900990099009901,61.88118811881188,28.217821782178216,0.0,-0.10751538337494344,0.8313246959824994,-0.14066463685454295,0.787094253888915,1.8125189449700656,0.6950546772516191,1.0,-28.414256644617673
S10_C6,sensitivity,0.1,6.0,MEMORY_ONLY,FAILED_AUCTION,STRUCTURAL,,0.5,21,66.66666666666666,28.57142857142857,4.761904761904762,0.0,0.0555029959003492,1.1942604856512222,0.03197845427523241,1.1096381322242757,2.7484794764968683,1.2401366181588855,6.0,0.6715475397798806
S10_C6,sensitivity,0.1,6.0,MEMORY_ONLY,FAILED_AUCTION,STRUCTURAL,,1.0,21,38.095238095238095,57.14285714285714,4.761904761904762,0.0,-0.18259224219488596,0.6804635761589495,-0.20611678382000276,0.646480351179696,2.7484794764968683,1.2401366181588855,6.0,-4.328452460220058
S10_C6,sensitivity,0.1,6.0,MEMORY_ONLY,FAILED_AUCTION,STRUCTURAL,,1.5,21,28.57142857142857,61.904761904761905,9.523809523809524,0.0,-0.14638910543928407,0.7635252912134642,-0.1699136470644009,0.7312815383689051,2.7484794764968683,1.2401366181588855,6.0,-3.568186588352419
S10_C6,sensitivity,0.1,6.0,MEMORY_ONLY,FAILED_AUCTION,STRUCTURAL,,2.0,21,14.285714285714285,66.66666666666666,19.047619047619047,0.0,-0.2904277047822828,0.5712304653664985,-0.31395224640739966,0.5474003114794539,2.7484794764968683,1.2401366181588855,6.0,-6.592997174555393
S10_C6,sensitivity,0.1,6.0,MEMORY_ONLY,FAILED_AUCTION,STRUCTURAL,,2.5,21,14.285714285714285,66.66666666666666,19.047619047619047,0.0,-0.21899913335371135,0.6766831987891698,-0.24252367497882815,0.6503731347351536,2.7484794764968683,1.2401366181588855,6.0,-5.092997174555391
S10_C6,sensitivity,0.1,6.0,MEMORY_ONLY,FAILED_AUCTION,STRUCTURAL,,3.0,21,14.285714285714285,66.66666666666666,19.047619047619047,0.0,-0.14757056192513993,0.7821359322118414,-0.17109510355025673,0.7533459579908531,2.7484794764968683,1.2401366181588855,6.0,-3.592997174555391
S10_C6,sensitivity,0.1,6.0,MEMORY_ONLY,PASSIVE_TOUCH,STRUCTURAL,,0.5,184,51.08695652173913,48.91304347826087,0.0,22.282608695652172,-0.31331044908719324,0.4491198666352613,-0.38227729280139755,0.3658461942040642,0.8679999999999382,0.3630615560134629,2.0,-70.33902187545715
S10_C6,sensitivity,0.1,6.0,MEMORY_ONLY,PASSIVE_TOUCH,STRUCTURAL,,1.0,184,39.67391304347826,59.2391304347826,1.0869565217391304,22.282608695652172,-0.2796001398459125,0.5865978035995566,-0.34856698356011684,0.5145548760388031,0.8679999999999382,0.3630615560134629,2.0,-64.1363249750615
S10_C6,sensitivity,0.1,6.0,MEMORY_ONLY,PASSIVE_TOUCH,STRUCTURAL,,1.5,184,28.804347826086957,69.56521739130434,1.6304347826086956,21.73913043478261,-0.34654321548779016,0.5554859500714248,-0.4155100592019945,0.49864872584538694,0.8679999999999382,0.3630615560134629,2.0,-76.45385089316699
S10_C6,sensitivity,0.1,6.0,MEMORY_ONLY,PASSIVE_TOUCH,STRUCTURAL,,2.0,184,23.91304347826087,74.45652173913044,1.6304347826086956,21.73913043478261,-0.34926060679213267,0.5784489446615394,-0.4182274505063371,0.5252942738987948,0.8679999999999382,0.3630615560134629,2.0,-76.95385089316602
S10_C6,sensitivity,0.1,6.0,MEMORY_ONLY,PASSIVE_TOUCH,STRUCTURAL,,2.5,184,20.108695652173914,77.17391304347827,2.717391304347826,21.73913043478261,-0.3358946932403109,0.6074561663180772,-0.4048615369545153,0.5548538246671655,0.8679999999999382,0.3630615560134629,2.0,-74.49452279963081
S10_C6,sensitivity,0.1,6.0,MEMORY_ONLY,PASSIVE_TOUCH,STRUCTURAL,,3.0,184,15.760869565217392,80.43478260869566,3.804347826086957,21.73913043478261,-0.3754464665358681,0.5773407125095459,-0.4444133102500724,0.5294894587354658,0.8679999999999382,0.3630615560134629,2.0,-81.77204908601333
S10_C6,sensitivity,0.1,6.0,MEMORY_ONLY,RECLAIM_PULLBACK,STRUCTURAL,,0.5,171,48.53801169590643,49.122807017543856,2.3391812865497075,1.7543859649122806,-0.24889121709911097,0.49785451381991075,-0.2885147552898081,0.44094732193218095,1.5240000000005693,0.51688943613226,3.0,-49.33602315455718
S10_C6,sensitivity,0.1,6.0,MEMORY_ONLY,RECLAIM_PULLBACK,STRUCTURAL,,1.0,171,32.748538011695906,61.98830409356725,5.263157894736842,1.7543859649122806,-0.2860620530397071,0.5422092653638404,-0.3256855912304042,0.4993807662852862,1.5240000000005693,0.51688943613226,3.0,-55.692236100399114
S10_C6,sensitivity,0.1,6.0,MEMORY_ONLY,RECLAIM_PULLBACK,STRUCTURAL,,1.5,171,26.31578947368421,66.08187134502924,7.602339181286549,1.7543859649122806,-0.25070665061027325,0.623995036419717,-0.2903301888009704,0.5817667674811678,1.5240000000005693,0.51688943613226,3.0,-49.646462284965935
S10_C6,sensitivity,0.1,6.0,MEMORY_ONLY,RECLAIM_PULLBACK,STRUCTURAL,,2.0,171,19.298245614035086,69.5906432748538,11.11111111111111,1.7543859649122806,-0.2570031110211047,0.6338214627176992,-0.2966266492118018,0.5942463414617687,1.5240000000005693,0.51688943613226,3.0,-50.723157015218106
S10_C6,sensitivity,0.1,6.0,MEMORY_ONLY,RECLAIM_PULLBACK,STRUCTURAL,,2.5,171,14.619883040935672,70.76023391812866,14.619883040935672,1.7543859649122806,-0.24606270809015296,0.6551981814087368,-0.2856862462808501,0.6157938915629924,1.5240000000005693,0.51688943613226,3.0,-48.85234811402537
S10_C6,sensitivity,0.1,6.0,MEMORY_ONLY,RECLAIM_PULLBACK,STRUCTURAL,,3.0,171,10.526315789473683,71.34502923976608,18.128654970760234,1.1695906432748537,-0.2321871455446218,0.6772861869533957,-0.2718106837353189,0.6374190600209962,1.5240000000005693,0.51688943613226,3.0,-46.479626918739534
S10_C6,sensitivity,0.1,6.0,MEMORY_ONLY,TOUCH_NEXT_OPEN,VOL_FLOOR_0.25,0.25,0.5,279,59.49820788530465,39.06810035842294,1.4336917562724014,1.0752688172043012,-0.09812731330639539,0.7519647088449417,-0.14573028297116541,0.6502531236859731,1.5147431640325522,0.19220758204299637,1.0,-40.65874894895515
S10_C6,sensitivity,0.1,6.0,MEMORY_ONLY,TOUCH_NEXT_OPEN,VOL_FLOOR_0.25,0.25,1.0,279,38.35125448028674,54.83870967741935,6.810035842293908,0.7168458781362007,-0.17239118264022799,0.694494170347447,-0.219994152304998,0.629495953375344,1.5147431640325522,0.19220758204299637,1.0,-61.37836849309444
S10_C6,sensitivity,0.1,6.0,MEMORY_ONLY,TOUCH_NEXT_OPEN,VOL_FLOOR_0.25,0.25,1.5,279,29.39068100358423,60.57347670250897,10.03584229390681,0.35842293906810035,-0.1588586967285816,0.7444994965228289,-0.20646166639335167,0.6845558829130324,1.5147431640325522,0.19220758204299637,1.0,-57.60280492374512
S10_C6,sensitivity,0.1,6.0,MEMORY_ONLY,TOUCH_NEXT_OPEN,VOL_FLOOR_0.25,0.25,2.0,279,23.297491039426525,63.44086021505376,13.261648745519713,0.35842293906810035,-0.125627675828771,0.8068540580236717,-0.17323064549354103,0.7470499155699352,1.5147431640325522,0.19220758204299637,1.0,-48.331350092697946
S10_C6,sensitivity,0.1,6.0,MEMORY_ONLY,TOUCH_NEXT_OPEN,VOL_FLOOR_0.25,0.25,2.5,279,16.48745519713262,65.59139784946237,17.921146953405017,0.0,-0.13716545828570814,0.7959219416505183,-0.18476842795047815,0.738866155373814,1.5147431640325522,0.19220758204299637,1.0,-51.55039139818341
S10_C6,sensitivity,0.1,6.0,MEMORY_ONLY,TOUCH_NEXT_OPEN,VOL_FLOOR_0.25,0.25,3.0,279,12.544802867383511,66.66666666666666,20.78853046594982,0.0,-0.14528669734921695,0.7875344434232745,-0.19288966701398694,0.7320676266121121,1.5147431640325522,0.19220758204299637,1.0,-53.816217096902356
S10_C6,sensitivity,0.1,6.0,MEMORY_ONLY,TOUCH_NEXT_OPEN,VOL_FLOOR_0.50,0.5,0.5,279,60.93189964157706,37.634408602150536,1.4336917562724014,0.7168458781362007,-0.07662193696231297,0.7990409972934829,-0.11850769522089151,0.7030572494454999,1.546177117352272,0.38441516408599274,1.0,-33.06364696662873
S10_C6,sensitivity,0.1,6.0,MEMORY_ONLY,TOUCH_NEXT_OPEN,VOL_FLOOR_0.50,0.5,1.0,279,37.634408602150536,55.55555555555556,6.810035842293908,0.7168458781362007,-0.18672810020295227,0.6732378577928103,-0.22861385846153082,0.6177470414453333,1.546177117352272,0.38441516408599274,1.0,-63.7832665107671
S10_C6,sensitivity,0.1,6.0,MEMORY_ONLY,TOUCH_NEXT_OPEN,VOL_FLOOR_0.50,0.5,1.5,279,28.673835125448026,60.93189964157706,10.39426523297491,0.35842293906810035,-0.1687552766298098,0.7301379977992852,-0.21064103488838834,0.6779104611087327,1.546177117352272,0.38441516408599274,1.0,-58.768848733860345
S10_C6,sensitivity,0.1,6.0,MEMORY_ONLY,TOUCH_NEXT_OPEN,VOL_FLOOR_0.50,0.5,2.0,279,23.297491039426525,63.08243727598566,13.620071684587815,0.35842293906810035,-0.11760310877659355,0.8181895294178945,-0.15948886703517207,0.7642616917389564,1.546177117352272,0.38441516408599274,1.0,-44.49739390281301
S10_C6,sensitivity,0.1,6.0,MEMORY_ONLY,TOUCH_NEXT_OPEN,VOL_FLOOR_0.50,0.5,2.5,279,16.129032258064516,64.87455197132617,18.996415770609318,0.0,-0.13171419058522332,0.8021446033655745,-0.17359994884380184,0.7507037175842655,1.546177117352272,0.38441516408599274,1.0,-48.43438572742071
S10_C6,sensitivity,0.1,6.0,MEMORY_ONLY,TOUCH_NEXT_OPEN,VOL_FLOOR_0.50,0.5,3.0,279,11.827956989247312,66.30824372759857,21.863799283154123,0.0,-0.15711271653948217,0.7695645410222571,-0.19899847479806076,0.7210047562445452,1.546177117352272,0.38441516408599274,1.0,-55.52057446865895
S10_C6,sensitivity,0.1,6.0,MEMORY_ONLY,TOUCH_NEXT_OPEN,VOL_FLOOR_0.75,0.75,0.5,279,58.06451612903226,39.784946236559136,2.1505376344086025,0.7168458781362007,-0.11307078832518222,0.7197016662724505,-0.15014153290823248,0.6429523472736245,1.7275368766793235,0.5470407481242362,1.0,-41.889487681396865
S10_C6,sensitivity,0.1,6.0,MEMORY_ONLY,TOUCH_NEXT_OPEN,VOL_FLOOR_0.75,0.75,1.0,279,37.27598566308244,54.121863799283155,8.60215053763441,0.35842293906810035,-0.17392483857349733,0.6884568947472366,-0.21099558315654765,0.6371212071102198,1.7275368766793235,0.5470407481242362,1.0,-58.867767700676794
S10_C6,sensitivity,0.1,6.0,MEMORY_ONLY,TOUCH_NEXT_OPEN,VOL_FLOOR_0.75,0.75,1.5,279,28.673835125448026,58.06451612903226,13.261648745519713,0.35842293906810035,-0.13734257574849848,0.7706482279072421,-0.1744133203315488,0.7204473753369989,1.7275368766793235,0.5470407481242362,1.0,-48.661316372502114
S10_C6,sensitivity,0.1,6.0,MEMORY_ONLY,TOUCH_NEXT_OPEN,VOL_FLOOR_0.75,0.75,2.0,279,21.14695340501792,59.85663082437276,18.996415770609318,0.35842293906810035,-0.1159685117896991,0.8130811447333871,-0.15303925637274943,0.7632762613306318,1.7275368766793235,0.5470407481242362,1.0,-42.69795252799709
S10_C6,sensitivity,0.1,6.0,MEMORY_ONLY,TOUCH_NEXT_OPEN,VOL_FLOOR_0.75,0.75,2.5,279,13.261648745519713,61.29032258064516,25.448028673835125,0.0,-0.1364579639513604,0.7850876260677452,-0.17352870853441066,0.7378027808125918,1.7275368766793235,0.5470407481242362,1.0,-48.414509681100576
S10_C6,sensitivity,0.1,6.0,MEMORY_ONLY,TOUCH_NEXT_OPEN,VOL_FLOOR_0.75,0.75,3.0,279,8.60215053763441,62.365591397849464,29.03225806451613,0.0,-0.1564054672967777,0.7577736621208406,-0.19347621187982797,0.7124849263547844,1.7275368766793235,0.5470407481242362,1.0,-53.979863114472
S10_C6,sensitivity,0.1,6.0,MEMORY_ONLY,TOUCH_NEXT_OPEN,VOL_FLOOR_1.00,1.0,0.5,279,56.63082437275986,40.50179211469534,2.867383512544803,0.7168458781362007,-0.1276884657115977,0.6892792005617163,-0.16038892923644477,0.6232701895999933,1.9260107735779002,0.6067575406029846,1.0,-44.74851125696809
S10_C6,sensitivity,0.1,6.0,MEMORY_ONLY,TOUCH_NEXT_OPEN,VOL_FLOOR_1.00,1.0,1.0,279,37.634408602150536,51.61290322580645,10.75268817204301,0.35842293906810035,-0.1426159530754837,0.7329635697452074,-0.17531641660033082,0.6832647530038537,1.9260107735779002,0.6067575406029846,1.0,-48.913280231492294
S10_C6,sensitivity,0.1,6.0,MEMORY_ONLY,TOUCH_NEXT_OPEN,VOL_FLOOR_1.00,1.0,1.5,279,25.089605734767023,55.55555555555556,19.35483870967742,0.35842293906810035,-0.1434255705768198,0.752249010773463,-0.17612603410166686,0.7066638060647055,1.9260107735779002,0.6067575406029846,1.0,-49.13916351436505
S10_C6,sensitivity,0.1,6.0,MEMORY_ONLY,TOUCH_NEXT_OPEN,VOL_FLOOR_1.00,1.0,2.0,279,17.562724014336915,56.63082437275986,25.806451612903224,0.35842293906810035,-0.1130694160241491,0.8090129360371627,-0.14576987954899617,0.7626224824044653,1.9260107735779002,0.6067575406029846,1.0,-40.669796394169936
S10_C6,sensitivity,0.1,6.0,MEMORY_ONLY,TOUCH_NEXT_OPEN,VOL_FLOOR_1.00,1.0,2.5,279,10.75268817204301,58.422939068100355,30.824372759856633,0.0,-0.14677286427541825,0.7594424168241319,-0.17947332780026531,0.7164517138091894,1.9260107735779002,0.6067575406029846,1.0,-50.07305845627402
S10_C6,sensitivity,0.1,6.0,MEMORY_ONLY,TOUCH_NEXT_OPEN,VOL_FLOOR_1.00,1.0,3.0,279,8.24372759856631,59.13978494623656,32.61648745519714,0.0,-0.1459493536458866,0.7635699382168898,-0.1786498171707336,0.7210043435648986,1.9260107735779002,0.6067575406029846,1.0,-49.84329899063468
S10_C6,sensitivity,0.1,6.0,OBJECTIVE_LIQUIDITY_ONLY,ACCEPTANCE_RETEST,STRUCTURAL,,0.5,25,48.0,48.0,4.0,20.0,-0.25770117001022186,0.4840187030499965,-0.2978137859626315,0.4250199352452851,1.5331317024322288,0.6676447469565119,7.0,-7.445344649065788
S10_C6,sensitivity,0.1,6.0,OBJECTIVE_LIQUIDITY_ONLY,ACCEPTANCE_RETEST,STRUCTURAL,,1.0,25,32.0,60.0,8.0,20.0,-0.3026486306056496,0.515286346073174,-0.3427612465580593,0.47221511260287213,1.5331317024322288,0.6676447469565119,7.0,-8.569031163951482
S10_C6,sensitivity,0.1,6.0,OBJECTIVE_LIQUIDITY_ONLY,ACCEPTANCE_RETEST,STRUCTURAL,,1.5,25,28.000000000000004,64.0,8.0,20.0,-0.2426486306056257,0.6347778677495599,-0.28276124655803536,0.5909940781069153,1.5331317024322288,0.6676447469565119,7.0,-7.069031163950884
S10_C6,sensitivity,0.1,6.0,OBJECTIVE_LIQUIDITY_ONLY,ACCEPTANCE_RETEST,STRUCTURAL,,2.0,25,28.000000000000004,64.0,8.0,20.0,-0.10264863060564965,0.8454986057460405,-0.1427612465580593,0.7935000076217987,1.5331317024322288,0.6676447469565119,7.0,-3.5690311639514825
S10_C6,sensitivity,0.1,6.0,OBJECTIVE_LIQUIDITY_ONLY,ACCEPTANCE_RETEST,STRUCTURAL,,2.5,25,20.0,64.0,16.0,20.0,-0.17391209866189414,0.742600276044267,-0.21402471461430372,0.6967395778654571,1.5331317024322288,0.6676447469565119,7.0,-5.350617865357593
S10_C6,sensitivity,0.1,6.0,OBJECTIVE_LIQUIDITY_ONLY,ACCEPTANCE_RETEST,STRUCTURAL,,3.0,25,20.0,64.0,16.0,20.0,-0.07391209866187612,0.8906059213882377,-0.11402471461428577,0.8384336914079544,1.5331317024322288,0.6676447469565119,7.0,-2.8506178653571443
S10_C6,sensitivity,0.1,6.0,OBJECTIVE_LIQUIDITY_ONLY,CLEAN_REJECTION,STRUCTURAL,,0.5,1461,60.09582477754962,28.884325804243673,11.019849418206707,0.06844626967830253,-0.004232299215258612,0.9863958643674938,-0.035495600891295345,0.8898984697760656,1.8784999999998035,0.8644157938686021,1.0,-51.8590729021825
S10_C6,sensitivity,0.1,6.0,OBJECTIVE_LIQUIDITY_ONLY,CLEAN_REJECTION,STRUCTURAL,,1.0,1461,38.05612594113621,39.493497604380565,22.45037645448323,0.0,-0.005229127893267578,0.9877265876091891,-0.03649242956930432,0.9174122919179111,1.8784999999998035,0.8644157938686021,1.0,-53.315439600753606
S10_C6,sensitivity,0.1,6.0,OBJECTIVE_LIQUIDITY_ONLY,CLEAN_REJECTION,STRUCTURAL,,1.5,1461,24.982888432580424,43.60027378507871,31.416837782340863,0.0,0.0011786932031022412,1.0025118016426329,-0.03008460847293449,0.9381923697801127,1.8784999999998035,0.8644157938686021,1.0,-43.95361297895729
S10_C6,sensitivity,0.1,6.0,OBJECTIVE_LIQUIDITY_ONLY,CLEAN_REJECTION,STRUCTURAL,,2.0,1461,16.290212183436005,45.31143052703628,38.398357289527716,0.0,0.0016666631515219737,1.0034140492275059,-0.029596638524514756,0.9415693116950792,1.8784999999998035,0.8644157938686021,1.0,-43.24068888431606
S10_C6,sensitivity,0.1,6.0,OBJECTIVE_LIQUIDITY_ONLY,CLEAN_REJECTION,STRUCTURAL,,2.5,1461,11.293634496919918,46.26967830253251,42.43668720054757,0.0,0.0028593459274122855,1.0057351537596313,-0.028403955748624452,0.9450921958247265,1.8784999999998035,0.8644157938686021,1.0,-41.49817934874032
S10_C6,sensitivity,0.1,6.0,OBJECTIVE_LIQUIDITY_ONLY,CLEAN_REJECTION,STRUCTURAL,,3.0,1461,7.939767282683094,47.09103353867214,44.969199178644764,0.0,-0.01086897788654529,0.9785621836566195,-0.042132279562582024,0.9199074174855801,1.8784999999998035,0.8644157938686021,1.0,-61.55526044093234
S10_C6,sensitivity,0.1,6.0,OBJECTIVE_LIQUIDITY_ONLY,FAILED_AUCTION,STRUCTURAL,,0.5,226,63.716814159292035,32.743362831858406,3.5398230088495577,0.4424778761061947,-0.011094915228109471,0.9668636866230907,-0.034773083594659,0.898598986283534,2.525401702526324,0.7394999999999072,5.0,-7.858716892392934
S10_C6,sensitivity,0.1,6.0,OBJECTIVE_LIQUIDITY_ONLY,FAILED_AUCTION,STRUCTURAL,,1.0,226,42.47787610619469,48.67256637168141,8.849557522123893,0.4424778761061947,-0.05155222336018372,0.8961853973745836,-0.07523039172673325,0.8521105570377754,2.525401702526324,0.7394999999999072,5.0,-17.002068530241715
S10_C6,sensitivity,0.1,6.0,OBJECTIVE_LIQUIDITY_ONLY,FAILED_AUCTION,STRUCTURAL,,1.5,226,29.20353982300885,53.53982300884957,17.25663716814159,0.0,-0.048731748643742204,0.9112982019339181,-0.0724099170102917,0.8713745482786142,2.525401702526324,0.7394999999999072,5.0,-16.364641244325924
S10_C6,sensitivity,0.1,6.0,OBJECTIVE_LIQUIDITY_ONLY,FAILED_AUCTION,STRUCTURAL,,2.0,226,19.911504424778762,57.52212389380531,22.566371681415927,0.0,-0.07132336192795903,0.878951175108898,-0.09500153029450856,0.8426801252498767,2.525401702526324,0.7394999999999072,5.0,-21.470345846558935
S10_C6,sensitivity,0.1,6.0,OBJECTIVE_LIQUIDITY_ONLY,FAILED_AUCTION,STRUCTURAL,,2.5,226,10.176991150442479,57.9646017699115,31.858407079646017,0.0,-0.11206258698620683,0.8112268614616002,-0.13574075535275634,0.7769714794519142,2.525401702526324,0.7394999999999072,5.0,-30.67741070972293
S10_C6,sensitivity,0.1,6.0,OBJECTIVE_LIQUIDITY_ONLY,FAILED_AUCTION,STRUCTURAL,,3.0,226,7.964601769911504,58.4070796460177,33.6283185840708,0.0,-0.1065864857555898,0.8217799318044356,-0.1302646541221393,0.787565750609049,2.525401702526324,0.7394999999999072,5.0,-29.439811831603485
S10_C6,sensitivity,0.1,6.0,OBJECTIVE_LIQUIDITY_ONLY,PASSIVE_TOUCH,STRUCTURAL,,0.5,940,49.8936170212766,49.46808510638298,0.6382978723404255,27.23404255319149,-0.2521725082938378,0.4973611186917479,-0.3206940677397216,0.4021004545974675,0.8497536997002726,0.4179999999998927,2.0,-301.4524236753383
S10_C6,sensitivity,0.1,6.0,OBJECTIVE_LIQUIDITY_ONLY,PASSIVE_TOUCH,STRUCTURAL,,1.0,940,39.787234042553195,58.19148936170213,2.021276595744681,26.276595744680854,-0.1898748749585331,0.6783883345286249,-0.258396434404417,0.5906199385920312,0.8497536997002726,0.4179999999998927,2.0,-242.892648340152
S10_C6,sensitivity,0.1,6.0,OBJECTIVE_LIQUIDITY_ONLY,PASSIVE_TOUCH,STRUCTURAL,,1.5,940,31.80851063829787,64.8936170212766,3.2978723404255317,25.53191489361702,-0.17078511483290662,0.740514365429945,-0.23930667427879052,0.6598886759775102,0.8497536997002726,0.4179999999998927,2.0,-224.94827382206307
S10_C6,sensitivity,0.1,6.0,OBJECTIVE_LIQUIDITY_ONLY,PASSIVE_TOUCH,STRUCTURAL,,2.0,940,26.382978723404253,69.14893617021278,4.468085106382979,25.425531914893618,-0.152712686573331,0.7820635218149657,-0.22123424601921485,0.7046715429664456,0.8497536997002726,0.4179999999998927,2.0,-207.96019125806197
S10_C6,sensitivity,0.1,6.0,OBJECTIVE_LIQUIDITY_ONLY,PASSIVE_TOUCH,STRUCTURAL,,2.5,940,22.872340425531913,71.70212765957447,5.425531914893617,25.319148936170212,-0.11935765897411725,0.8356527847070064,-0.18787921842000116,0.7580150129625104,0.8497536997002726,0.4179999999998927,2.0,-176.60646531480108
S10_C6,sensitivity,0.1,6.0,OBJECTIVE_LIQUIDITY_ONLY,PASSIVE_TOUCH,STRUCTURAL,,3.0,940,19.893617021276597,73.61702127659574,6.489361702127659,25.319148936170212,-0.09430627288137572,0.8734826572492,-0.1628278323272596,0.795663239752137,0.8497536997002726,0.4179999999998927,2.0,-153.058162387624
S10_C6,sensitivity,0.1,6.0,OBJECTIVE_LIQUIDITY_ONLY,RECLAIM_PULLBACK,STRUCTURAL,,0.5,1205,59.75103734439834,33.85892116182573,6.390041493775933,2.323651452282158,-0.05047428802012909,0.8569101098968493,-0.08672759728242888,0.763319872594575,1.559999999999718,0.6359999999997399,3.0,-104.5067547253268
S10_C6,sensitivity,0.1,6.0,OBJECTIVE_LIQUIDITY_ONLY,RECLAIM_PULLBACK,STRUCTURAL,,1.0,1205,40.16597510373444,45.892116182572614,13.941908713692946,2.1576763485477177,-0.05022696113133745,0.8951572112844473,-0.08648027039363723,0.826330999784308,1.559999999999718,0.6359999999997399,3.0,-104.20872582433286
S10_C6,sensitivity,0.1,6.0,OBJECTIVE_LIQUIDITY_ONLY,RECLAIM_PULLBACK,STRUCTURAL,,1.5,1205,28.54771784232365,51.369294605809124,20.08298755186722,2.1576763485477177,-0.04024488243521097,0.9247468228994062,-0.07649819169751074,0.8624090571647031,1.559999999999718,0.6359999999997399,3.0,-92.18032099550044
S10_C6,sensitivity,0.1,6.0,OBJECTIVE_LIQUIDITY_ONLY,RECLAIM_PULLBACK,STRUCTURAL,,2.0,1205,19.253112033195023,54.439834024896264,26.307053941908716,2.1576763485477177,-0.053462151806649136,0.9055706236331064,-0.08971546106894891,0.8475817316205102,1.559999999999718,0.6359999999997399,3.0,-108.10713058808344
S10_C6,sensitivity,0.1,6.0,OBJECTIVE_LIQUIDITY_ONLY,RECLAIM_PULLBACK,STRUCTURAL,,2.5,1205,13.195020746887968,56.016597510373444,30.78838174273859,2.1576763485477177,-0.06522687258641982,0.8880444721268361,-0.1014801818487196,0.8325046316609742,1.559999999999718,0.6359999999997399,3.0,-122.28361912770711
S10_C6,sensitivity,0.1,6.0,OBJECTIVE_LIQUIDITY_ONLY,RECLAIM_PULLBACK,STRUCTURAL,,3.0,1205,10.53941908713693,56.51452282157676,32.946058091286304,2.1576763485477177,-0.04686766188170584,0.9202379346906405,-0.08312097114400563,0.8639722316320546,1.559999999999718,0.6359999999997399,3.0,-100.16077022852679
S10_C6,sensitivity,0.1,6.0,OBJECTIVE_LIQUIDITY_ONLY,TOUCH_NEXT_OPEN,VOL_FLOOR_0.25,0.25,0.5,1895,61.2664907651715,29.92084432717678,8.812664907651715,1.108179419525066,-0.004629693332615751,0.9853810310739956,-0.04335812812992447,0.868939050631557,1.651917791624771,0.11481085088835383,1.0,-82.16365280620687
S10_C6,sensitivity,0.1,6.0,OBJECTIVE_LIQUIDITY_ONLY,TOUCH_NEXT_OPEN,VOL_FLOOR_0.25,0.25,1.0,1895,40.949868073878626,41.37203166226913,17.678100263852244,0.6860158311345647,-0.0006950342494429248,0.9984190510287669,-0.03942346904675164,0.9141707203951452,1.651917791624771,0.11481085088835383,1.0,-74.70747384359436
S10_C6,sensitivity,0.1,6.0,OBJECTIVE_LIQUIDITY_ONLY,TOUCH_NEXT_OPEN,VOL_FLOOR_0.25,0.25,1.5,1895,27.862796833773086,47.17678100263852,24.96042216358839,0.5277044854881267,-0.007484614475813171,0.985034346191712,-0.0462130492731219,0.9115629930691804,1.651917791624771,0.11481085088835383,1.0,-87.573728372566
S10_C6,sensitivity,0.1,6.0,OBJECTIVE_LIQUIDITY_ONLY,TOUCH_NEXT_OPEN,VOL_FLOOR_0.25,0.25,2.0,1895,20.052770448548813,49.182058047493406,30.765171503957784,0.4221635883905013,0.011084168056597768,1.021252138184834,-0.027644266740710948,0.9492855939615976,1.651917791624771,0.11481085088835383,1.0,-52.38588547364725
S10_C6,sensitivity,0.1,6.0,OBJECTIVE_LIQUIDITY_ONLY,TOUCH_NEXT_OPEN,VOL_FLOOR_0.25,0.25,2.5,1895,14.195250659630606,51.2401055408971,34.56464379947229,0.31662269129287596,-0.007917156822091258,0.9854191554496422,-0.04664559161939999,0.9178188311073822,1.651917791624771,0.11481085088835383,1.0,-88.39339611876298
S10_C6,sensitivity,0.1,6.0,OBJECTIVE_LIQUIDITY_ONLY,TOUCH_NEXT_OPEN,VOL_FLOOR_0.25,0.25,3.0,1895,10.501319261213721,52.18997361477573,37.30870712401055,0.2638522427440633,-0.010067105847964239,0.981784677203534,-0.04879554064527297,0.9155462598120456,1.651917791624771,0.11481085088835383,1.0,-92.46754952279228
S10_C6,sensitivity,0.1,6.0,OBJECTIVE_LIQUIDITY_ONLY,TOUCH_NEXT_OPEN,VOL_FLOOR_0.50,0.5,0.5,1895,61.63588390501319,29.551451187335093,8.812664907651715,0.79155672823219,0.0008749131413135556,1.0027949533304128,-0.03562820816773612,0.8907044914553388,1.6849999999994907,0.22962170177670765,1.0,-67.51545447785995
S10_C6,sensitivity,0.1,6.0,OBJECTIVE_LIQUIDITY_ONLY,TOUCH_NEXT_OPEN,VOL_FLOOR_0.50,0.5,1.0,1895,40.949868073878626,41.21372031662269,17.836411609498683,0.5277044854881267,0.0005374847539307982,1.0012257802316036,-0.03596563655511888,0.9212809916676516,1.6849999999994907,0.22962170177670765,1.0,-68.15488127195027
S10_C6,sensitivity,0.1,6.0,OBJECTIVE_LIQUIDITY_ONLY,TOUCH_NEXT_OPEN,VOL_FLOOR_0.50,0.5,1.5,1895,27.598944591029024,47.229551451187334,25.171503957783642,0.4221635883905013,-0.011880769877466899,0.976289816543476,-0.04838389118651657,0.9073546032922555,1.6849999999994907,0.22962170177670765,1.0,-91.6874737984489
S10_C6,sensitivity,0.1,6.0,OBJECTIVE_LIQUIDITY_ONLY,TOUCH_NEXT_OPEN,VOL_FLOOR_0.50,0.5,2.0,1895,19.630606860158313,49.23482849604221,31.13456464379947,0.31662269129287596,0.0029378567891826042,1.005618264939185,-0.033565264519867063,0.9384250020062884,1.6849999999994907,0.22962170177670765,1.0,-63.60617626514808
S10_C6,sensitivity,0.1,6.0,OBJECTIVE_LIQUIDITY_ONLY,TOUCH_NEXT_OPEN,VOL_FLOOR_0.50,0.5,2.5,1895,13.562005277044856,51.2401055408971,35.19788918205805,0.21108179419525064,-0.019357642905396818,0.9644037986940017,-0.05586076421444648,0.9014693128986196,1.6849999999994907,0.22962170177670765,1.0,-105.85614818637609
S10_C6,sensitivity,0.1,6.0,OBJECTIVE_LIQUIDITY_ONLY,TOUCH_NEXT_OPEN,VOL_FLOOR_0.50,0.5,3.0,1895,9.868073878627968,52.0844327176781,38.047493403693935,0.05277044854881266,-0.02266027034486976,0.9589818970537677,-0.05916339165391943,0.8972697024754385,1.6849999999994907,0.22962170177670765,1.0,-112.11462718417732
S10_C6,sensitivity,0.1,6.0,OBJECTIVE_LIQUIDITY_ONLY,TOUCH_NEXT_OPEN,VOL_FLOOR_0.75,0.75,0.5,1895,61.42480211081794,29.49868073878628,9.076517150395778,0.36939313984168864,-0.00036922941136120275,0.9988212969032778,-0.03401951157874704,0.8953401412245287,1.8025000000002365,0.34443255266506145,1.0,-64.46697444172564
S10_C6,sensitivity,0.1,6.0,OBJECTIVE_LIQUIDITY_ONLY,TOUCH_NEXT_OPEN,VOL_FLOOR_0.75,0.75,1.0,1895,40.844327176781,40.58047493403694,18.575197889182057,0.31662269129287596,0.005443742196831867,1.0125653159368486,-0.02820653997055396,0.9373174230606628,1.8025000000002365,0.34443255266506145,1.0,-53.45139324419975
S10_C6,sensitivity,0.1,6.0,OBJECTIVE_LIQUIDITY_ONLY,TOUCH_NEXT_OPEN,VOL_FLOOR_0.75,0.75,1.5,1895,26.965699208443272,45.857519788918204,27.176781002638524,0.15831134564643798,0.00013960321837716962,1.0002855657007876,-0.03351067894900867,0.934026707061977,1.8025000000002365,0.34443255266506145,1.0,-63.502736608371436
S10_C6,sensitivity,0.1,6.0,OBJECTIVE_LIQUIDITY_ONLY,TOUCH_NEXT_OPEN,VOL_FLOOR_0.75,0.75,2.0,1895,18.04749340369393,48.23218997361477,33.72031662269129,0.0,-0.005548125143907729,0.9892030142201229,-0.03919840731129356,0.9265836467473618,1.8025000000002365,0.34443255266506145,1.0,-74.2809818549013
S10_C6,sensitivity,0.1,6.0,OBJECTIVE_LIQUIDITY_ONLY,TOUCH_NEXT_OPEN,VOL_FLOOR_0.75,0.75,2.5,1895,12.66490765171504,49.39313984168866,37.9419525065963,0.0,-0.003207837595819931,0.9939042725612935,-0.036858119763205764,0.932597761546053,1.8025000000002365,0.34443255266506145,1.0,-69.84613695127493
S10_C6,sensitivity,0.1,6.0,OBJECTIVE_LIQUIDITY_ONLY,TOUCH_NEXT_OPEN,VOL_FLOOR_0.75,0.75,3.0,1895,9.023746701846965,50.02638522427441,40.949868073878626,0.0,-0.004842044788001975,0.990911503997671,-0.03849232695538782,0.9304741249214304,1.8025000000002365,0.34443255266506145,1.0,-72.94295958045991
S10_C6,sensitivity,0.1,6.0,OBJECTIVE_LIQUIDITY_ONLY,TOUCH_NEXT_OPEN,VOL_FLOOR_1.00,1.0,0.5,1895,60.47493403693931,29.182058047493403,10.343007915567282,0.21108179419525064,-0.0030409205522595514,0.9902536719891559,-0.03339976505361242,0.8965292713010355,2.01466685748782,0.4591679693552259,1.0,-63.29255477659553
S10_C6,sensitivity,0.1,6.0,OBJECTIVE_LIQUIDITY_ONLY,TOUCH_NEXT_OPEN,VOL_FLOOR_1.00,1.0,1.0,1895,38.68073878627968,39.419525065963064,21.899736147757256,0.21108179419525064,-0.001140135836790829,0.9973199634219818,-0.03149898033814369,0.928511551788989,2.01466685748782,0.4591679693552259,1.0,-59.69056774078229
S10_C6,sensitivity,0.1,6.0,OBJECTIVE_LIQUIDITY_ONLY,TOUCH_NEXT_OPEN,VOL_FLOOR_1.00,1.0,1.5,1895,24.37994722955145,43.852242744063325,31.767810026385224,0.0,-0.00700985966661224,0.9851470061586597,-0.037368704167965096,0.923569149255017,2.01466685748782,0.4591679693552259,1.0,-70.81369439829386
S10_C6,sensitivity,0.1,6.0,OBJECTIVE_LIQUIDITY_ONLY,TOUCH_NEXT_OPEN,VOL_FLOOR_1.00,1.0,2.0,1895,16.147757255936675,45.329815303430074,38.522427440633244,0.0,0.0010752186123212538,1.0022022420049894,-0.02928362588903161,0.9421124417222844,2.01466685748782,0.4591679693552259,1.0,-55.4924710597149
S10_C6,sensitivity,0.1,6.0,OBJECTIVE_LIQUIDITY_ONLY,TOUCH_NEXT_OPEN,VOL_FLOOR_1.00,1.0,2.5,1895,10.29023746701847,46.17414248021108,43.53562005277045,0.0,-0.0005540287633159066,0.998885488425078,-0.030912873264668767,0.9399828959679363,2.01466685748782,0.4591679693552259,1.0,-58.57989483654731
S10_C6,sensitivity,0.1,6.0,OBJECTIVE_LIQUIDITY_ONLY,TOUCH_NEXT_OPEN,VOL_FLOOR_1.00,1.0,3.0,1895,6.437994722955145,46.80738786279684,46.754617414248024,0.0,-0.014826412393699334,0.9705633909464564,-0.0451852568950522,0.9134267654083454,2.01466685748782,0.4591679693552259,1.0,-85.62606181612392
S11_C6_PRIMARY,primary,0.11,6.0,DISPLACEMENT_ORIGIN_ONLY,ACCEPTANCE_RETEST,STRUCTURAL,,0.5,16,12.5,87.5,0.0,43.75,-0.812499999999998,0.07142857142857373,-0.9472041376635215,0.05171811463824181,0.46432778071834946,0.23900000000003274,7.0,-15.155266202616344
S11_C6_PRIMARY,primary,0.11,6.0,DISPLACEMENT_ORIGIN_ONLY,ACCEPTANCE_RETEST,STRUCTURAL,,1.0,16,12.5,87.5,0.0,37.5,-0.75,0.14285714285714285,-0.8847041376635236,0.11428922838073878,0.46432778071834946,0.23900000000003274,7.0,-14.155266202616378
S11_C6_PRIMARY,primary,0.11,6.0,DISPLACEMENT_ORIGIN_ONLY,ACCEPTANCE_RETEST,STRUCTURAL,,1.5,16,12.5,87.5,0.0,37.5,-0.687500000000002,0.214285714285712,-0.8222041376635256,0.17686034212323576,0.46432778071834946,0.23900000000003274,7.0,-13.15526620261641
S11_C6_PRIMARY,primary,0.11,6.0,DISPLACEMENT_ORIGIN_ONLY,ACCEPTANCE_RETEST,STRUCTURAL,,2.0,16,12.5,87.5,0.0,37.5,-0.625,0.2857142857142857,-0.7597041376635236,0.23943145586573675,0.46432778071834946,0.23900000000003274,7.0,-12.155266202616378
S11_C6_PRIMARY,primary,0.11,6.0,DISPLACEMENT_ORIGIN_ONLY,ACCEPTANCE_RETEST,STRUCTURAL,,2.5,16,12.5,87.5,0.0,37.5,-0.562499999999998,0.3571428571428594,-0.6972041376635216,0.30200256960823774,0.46432778071834946,0.23900000000003274,7.0,-11.155266202616346
S11_C6_PRIMARY,primary,0.11,6.0,DISPLACEMENT_ORIGIN_ONLY,ACCEPTANCE_RETEST,STRUCTURAL,,3.0,16,12.5,87.5,0.0,37.5,-0.5,0.42857142857142855,-0.6347041376635236,0.36457368335073476,0.46432778071834946,0.23900000000003274,7.0,-10.155266202616378
S11_C6_PRIMARY,primary,0.11,6.0,DISPLACEMENT_ORIGIN_ONLY,CLEAN_REJECTION,STRUCTURAL,,0.5,981,59.63302752293578,23.751274209989806,16.615698267074414,0.0,0.04257163845455953,1.1590997036806752,0.012882380088911056,1.0465071845868505,2.466548099267129,0.4259999999999309,1.0,12.637614867221746
S11_C6_PRIMARY,primary,0.11,6.0,DISPLACEMENT_ORIGIN_ONLY,CLEAN_REJECTION,STRUCTURAL,,1.0,981,37.410805300713555,33.53720693170234,29.051987767584098,0.0,0.04711733901533589,1.1263656350790767,0.01742808064968743,1.0450797253082815,2.466548099267129,0.4259999999999309,1.0,17.09694711734337
S11_C6_PRIMARY,primary,0.11,6.0,DISPLACEMENT_ORIGIN_ONLY,CLEAN_REJECTION,STRUCTURAL,,1.5,981,24.057084607543324,37.71661569826708,38.226299694189606,0.0,0.03564459736638718,1.0846885768963355,0.0059553390007386995,1.0136274620887342,2.466548099267129,0.4259999999999309,1.0,5.842187559724664
S11_C6_PRIMARY,primary,0.11,6.0,DISPLACEMENT_ORIGIN_ONLY,CLEAN_REJECTION,STRUCTURAL,,2.0,981,16.411824668705403,39.04179408766565,44.54638124362895,0.0,0.04290255599090818,1.098174415839997,0.013213297625259714,1.0291001710601408,2.466548099267129,0.4259999999999309,1.0,12.96224497037978
S11_C6_PRIMARY,primary,0.11,6.0,DISPLACEMENT_ORIGIN_ONLY,CLEAN_REJECTION,STRUCTURAL,,2.5,981,11.11111111111111,39.55147808358818,49.33741080530071,0.0,0.051909287156492595,1.1174151911798111,0.022220028790844126,1.048368383023066,2.466548099267129,0.4259999999999309,1.0,21.797848243818088
S11_C6_PRIMARY,primary,0.11,6.0,DISPLACEMENT_ORIGIN_ONLY,CLEAN_REJECTION,STRUCTURAL,,3.0,981,7.8491335372069315,40.26503567787971,51.88583078491335,0.10193679918450561,0.0435074159906636,1.0968476065536719,0.01381815762501512,1.0295941015885626,2.466548099267129,0.4259999999999309,1.0,13.555612630139834
S11_C6_PRIMARY,primary,0.11,6.0,DISPLACEMENT_ORIGIN_ONLY,FAILED_AUCTION,STRUCTURAL,,0.5,207,59.42028985507246,38.64734299516908,1.932367149758454,0.0,-0.09555827827499143,0.7566384541874429,-0.14997618014172992,0.6380071436614272,1.2643787859051372,0.36500000000023647,2.0,-31.045069289338095
S11_C6_PRIMARY,primary,0.11,6.0,DISPLACEMENT_ORIGIN_ONLY,FAILED_AUCTION,STRUCTURAL,,1.0,207,40.09661835748793,56.52173913043478,3.3816425120772946,0.4830917874396135,-0.16347822055344965,0.7139006560015428,-0.21789612242018813,0.6381889516870201,1.2643787859051372,0.36500000000023647,2.0,-45.104497340978945
S11_C6_PRIMARY,primary,0.11,6.0,DISPLACEMENT_ORIGIN_ONLY,FAILED_AUCTION,STRUCTURAL,,1.5,207,31.88405797101449,61.35265700483091,6.763285024154589,0.4830917874396135,-0.107945647665955,0.8258134479669255,-0.16236354953269352,0.751722755163331,1.2643787859051372,0.36500000000023647,2.0,-33.60925475326756
S11_C6_PRIMARY,primary,0.11,6.0,DISPLACEMENT_ORIGIN_ONLY,FAILED_AUCTION,STRUCTURAL,,2.0,207,24.154589371980677,65.70048309178745,10.144927536231885,0.0,-0.11554228733401276,0.8257782977398019,-0.1699601892007512,0.7575941458357861,1.2643787859051372,0.36500000000023647,2.0,-35.1817591645555
S11_C6_PRIMARY,primary,0.11,6.0,DISPLACEMENT_ORIGIN_ONLY,FAILED_AUCTION,STRUCTURAL,,2.5,207,16.425120772946862,68.11594202898551,15.458937198067632,0.0,-0.15512565867137323,0.7743120315815606,-0.20954356053811174,0.7115769593110737,1.2643787859051372,0.36500000000023647,2.0,-43.37551703138913
S11_C6_PRIMARY,primary,0.11,6.0,DISPLACEMENT_ORIGIN_ONLY,FAILED_AUCTION,STRUCTURAL,,3.0,207,13.043478260869565,68.59903381642512,18.357487922705314,0.0,-0.13156414485479864,0.8100100693306839,-0.18598204672153715,0.745885763676274,1.2643787859051372,0.36500000000023647,2.0,-38.49828367135819
S11_C6_PRIMARY,primary,0.11,6.0,DISPLACEMENT_ORIGIN_ONLY,PASSIVE_TOUCH,STRUCTURAL,,0.5,537,54.37616387337057,45.62383612662943,0.0,26.0707635009311,-0.18783554027417673,0.5914099284592711,-0.29972374063373314,0.41990711781932316,0.5882500000000164,0.22050000000012915,2.0,-160.9516487203147
S11_C6_PRIMARY,primary,0.11,6.0,DISPLACEMENT_ORIGIN_ONLY,PASSIVE_TOUCH,STRUCTURAL,,1.0,537,44.50651769087523,55.3072625698324,0.186219739292365,25.139664804469277,-0.11033391779598133,0.8017540309477847,-0.22222211815553775,0.6427017625021565,0.5882500000000164,0.22050000000012915,2.0,-119.33327744952376
S11_C6_PRIMARY,primary,0.11,6.0,DISPLACEMENT_ORIGIN_ONLY,PASSIVE_TOUCH,STRUCTURAL,,1.5,537,38.17504655493482,61.08007448789572,0.74487895716946,24.581005586592177,-0.03935200251090916,0.9359626548687853,-0.15124020287046555,0.7794342728766098,0.5882500000000164,0.22050000000012915,2.0,-81.21598894144
S11_C6_PRIMARY,primary,0.11,6.0,DISPLACEMENT_ORIGIN_ONLY,PASSIVE_TOUCH,STRUCTURAL,,2.0,537,33.14711359404097,65.17690875232775,1.675977653631285,24.022346368715084,0.015627455941645493,1.0238041359638432,-0.0962607444179109,0.8685233726905719,0.5882500000000164,0.22050000000012915,2.0,-51.69201975241815
S11_C6_PRIMARY,primary,0.11,6.0,DISPLACEMENT_ORIGIN_ONLY,PASSIVE_TOUCH,STRUCTURAL,,2.5,537,27.37430167597765,69.6461824953445,2.97951582867784,23.83612662942272,0.012334217191552966,1.0175902950376505,-0.09955398316800342,0.8727754136146856,0.5882500000000164,0.22050000000012915,2.0,-53.460488961217834
S11_C6_PRIMARY,primary,0.11,6.0,DISPLACEMENT_ORIGIN_ONLY,PASSIVE_TOUCH,STRUCTURAL,,3.0,537,22.532588454376164,73.55679702048417,3.910614525139665,23.83612662942272,-0.01699737297412568,0.9770399035675403,-0.12888557333368206,0.844054809326912,0.5882500000000164,0.22050000000012915,2.0,-69.21155288018727
S11_C6_PRIMARY,primary,0.11,6.0,DISPLACEMENT_ORIGIN_ONLY,RECLAIM_PULLBACK,STRUCTURAL,,0.5,854,57.377049180327866,31.967213114754102,10.655737704918032,4.332552693208431,-0.0445308804840053,0.8683768655985702,-0.09025862616389209,0.7477286713585517,1.8045144030232905,0.2400000000000091,3.0,-77.08086674396384
S11_C6_PRIMARY,primary,0.11,6.0,DISPLACEMENT_ORIGIN_ONLY,RECLAIM_PULLBACK,STRUCTURAL,,1.0,854,38.2903981264637,41.33489461358314,20.374707259953162,4.449648711943794,-0.020133461257625978,0.9538890800532017,-0.06586120693751275,0.8571927853838023,1.8045144030232905,0.2400000000000091,3.0,-56.245470724635894
S11_C6_PRIMARY,primary,0.11,6.0,DISPLACEMENT_ORIGIN_ONLY,RECLAIM_PULLBACK,STRUCTURAL,,1.5,854,26.580796252927403,47.540983606557376,25.878220140515225,4.449648711943794,-0.039462131777165496,0.9212454175454509,-0.08518987745705228,0.8390242678675387,1.8045144030232905,0.2400000000000091,3.0,-72.75215534832265
S11_C6_PRIMARY,primary,0.11,6.0,DISPLACEMENT_ORIGIN_ONLY,RECLAIM_PULLBACK,STRUCTURAL,,2.0,854,18.61826697892272,51.05386416861827,30.327868852459016,4.332552693208431,-0.06183883386652345,0.8849830381111151,-0.10756657954641025,0.8107256376124461,1.8045144030232905,0.2400000000000091,3.0,-91.86185893263435
S11_C6_PRIMARY,primary,0.11,6.0,DISPLACEMENT_ORIGIN_ONLY,RECLAIM_PULLBACK,STRUCTURAL,,2.5,854,13.934426229508196,52.341920374707264,33.723653395784545,4.332552693208431,-0.0656306633076983,0.8809235661520208,-0.11135840898758509,0.8089563486104218,1.8045144030232905,0.2400000000000091,3.0,-95.10008127539767
S11_C6_PRIMARY,primary,0.11,6.0,DISPLACEMENT_ORIGIN_ONLY,RECLAIM_PULLBACK,STRUCTURAL,,3.0,854,11.358313817330211,52.92740046838408,35.714285714285715,4.332552693208431,-0.04475022777275833,0.9196612136049958,-0.0904779734526451,0.8464830554957872,1.8045144030232905,0.2400000000000091,3.0,-77.26818932855892
S11_C6_PRIMARY,primary,0.11,6.0,DISPLACEMENT_ORIGIN_ONLY,TOUCH_NEXT_OPEN,VOL_FLOOR_0.25,0.25,0.5,1225,62.36734693877551,25.387755102040817,12.244897959183673,0.7346938775510203,0.0436492133342993,1.1577922628922328,0.001254701702285045,1.0043200496294329,1.98050000000012,0.1649868682810125,1.0,1.53700958529918
S11_C6_PRIMARY,primary,0.11,6.0,DISPLACEMENT_ORIGIN_ONLY,TOUCH_NEXT_OPEN,VOL_FLOOR_0.25,0.25,1.0,1225,41.14285714285714,35.755102040816325,23.10204081632653,0.326530612244898,0.0636806698472743,1.1644149883275927,0.021286158215260042,1.0523151113047007,1.98050000000012,0.1649868682810125,1.0,26.07554381369355
S11_C6_PRIMARY,primary,0.11,6.0,DISPLACEMENT_ORIGIN_ONLY,TOUCH_NEXT_OPEN,VOL_FLOOR_0.25,0.25,1.5,1225,28.3265306122449,41.224489795918366,30.448979591836732,0.163265306122449,0.057493493718432175,1.128658475190255,0.015098982086417927,1.0321198610243143,1.98050000000012,0.1649868682810125,1.0,18.49625305586196
S11_C6_PRIMARY,primary,0.11,6.0,DISPLACEMENT_ORIGIN_ONLY,TOUCH_NEXT_OPEN,VOL_FLOOR_0.25,0.25,2.0,1225,20.73469387755102,43.91836734693877,35.3469387755102,0.163265306122449,0.06233252479211371,1.1310617943445977,0.01993801316009945,1.039802532829937,1.98050000000012,0.1649868682810125,1.0,24.424066121121825
S11_C6_PRIMARY,primary,0.11,6.0,DISPLACEMENT_ORIGIN_ONLY,TOUCH_NEXT_OPEN,VOL_FLOOR_0.25,0.25,2.5,1225,15.26530612244898,45.06122448979592,39.6734693877551,0.24489795918367346,0.07323976189355882,1.150373598003798,0.030845250261544555,1.0601033120638708,1.98050000000012,0.1649868682810125,1.0,37.78543157039208
S11_C6_PRIMARY,primary,0.11,6.0,DISPLACEMENT_ORIGIN_ONLY,TOUCH_NEXT_OPEN,VOL_FLOOR_0.25,0.25,3.0,1225,12.081632653061225,45.87755102040816,42.04081632653061,0.24489795918367346,0.08294247760493219,1.1674877233194552,0.040547965972917925,1.077659364315934,1.98050000000012,0.1649868682810125,1.0,49.671258316824456
S11_C6_PRIMARY,primary,0.11,6.0,DISPLACEMENT_ORIGIN_ONLY,TOUCH_NEXT_OPEN,VOL_FLOOR_0.50,0.5,0.5,1225,62.93877551020408,24.816326530612244,12.244897959183673,0.163265306122449,0.05222064190572771,1.1927599255412382,0.0173055261718753,1.061397534702196,2.043500000000222,0.1894999999999527,1.0,21.199269560547243
S11_C6_PRIMARY,primary,0.11,6.0,DISPLACEMENT_ORIGIN_ONLY,TOUCH_NEXT_OPEN,VOL_FLOOR_0.50,0.5,1.0,1225,40.16326530612245,36.57142857142857,23.26530612244898,0.0816326530612245,0.046477915240689595,1.1175228075614028,0.01156279950683719,1.0280581883282491,2.043500000000222,0.1894999999999527,1.0,14.164429395875558
S11_C6_PRIMARY,primary,0.11,6.0,DISPLACEMENT_ORIGIN_ONLY,TOUCH_NEXT_OPEN,VOL_FLOOR_0.50,0.5,1.5,1225,26.77551020408163,42.04081632653061,31.183673469387756,0.0816326530612245,0.030053761056957003,1.0660151539619993,-0.004861354676895409,0.9897639243769472,2.043500000000222,0.1894999999999527,1.0,-5.955159479196876
S11_C6_PRIMARY,primary,0.11,6.0,DISPLACEMENT_ORIGIN_ONLY,TOUCH_NEXT_OPEN,VOL_FLOOR_0.50,0.5,2.0,1225,19.75510204081633,43.91836734693877,36.3265306122449,0.0816326530612245,0.04925323721203951,1.1035124172562873,0.01433812147818708,1.0288686957482216,2.043500000000222,0.1894999999999527,1.0,17.564198810779175
S11_C6_PRIMARY,primary,0.11,6.0,DISPLACEMENT_ORIGIN_ONLY,TOUCH_NEXT_OPEN,VOL_FLOOR_0.50,0.5,2.5,1225,13.714285714285715,44.97959183673469,41.30612244897959,0.163265306122449,0.04880265210826212,1.100314235607449,0.013887536374409705,1.0273328530553674,2.043500000000222,0.1894999999999527,1.0,17.01223205865189
S11_C6_PRIMARY,primary,0.11,6.0,DISPLACEMENT_ORIGIN_ONLY,TOUCH_NEXT_OPEN,VOL_FLOOR_0.50,0.5,3.0,1225,9.877551020408164,45.55102040816327,44.57142857142857,0.0816326530612245,0.0486990821355287,1.0989392303311698,0.013783966401676274,1.0268054510827294,2.043500000000222,0.1894999999999527,1.0,16.885358842053435
S11_C6_PRIMARY,primary,0.11,6.0,DISPLACEMENT_ORIGIN_ONLY,TOUCH_NEXT_OPEN,VOL_FLOOR_0.75,0.75,0.5,1225,62.44897959183674,25.142857142857146,12.408163265306122,0.163265306122449,0.04654880064229575,1.1695841435907892,0.017186962594133444,1.0605789293766743,2.3056689573370948,0.2822017560571268,1.0,21.05402917781347
S11_C6_PRIMARY,primary,0.11,6.0,DISPLACEMENT_ORIGIN_ONLY,TOUCH_NEXT_OPEN,VOL_FLOOR_0.75,0.75,1.0,1225,38.285714285714285,36.6530612244898,25.06122448979592,0.0816326530612245,0.02759827442769523,1.0691043800692805,-0.0017635636204670797,0.9957340016979834,2.3056689573370948,0.2822017560571268,1.0,-2.1603654350721726
S11_C6_PRIMARY,primary,0.11,6.0,DISPLACEMENT_ORIGIN_ONLY,TOUCH_NEXT_OPEN,VOL_FLOOR_0.75,0.75,1.5,1225,25.30612244897959,40.734693877551024,33.95918367346939,0.0816326530612245,0.029109368723954285,1.0655068566331365,-0.0002524693242080166,0.999451556990665,2.3056689573370948,0.2822017560571268,1.0,-0.30927492215482033
S11_C6_PRIMARY,primary,0.11,6.0,DISPLACEMENT_ORIGIN_ONLY,TOUCH_NEXT_OPEN,VOL_FLOOR_0.75,0.75,2.0,1225,17.30612244897959,42.04081632653061,40.6530612244898,0.0,0.046561238996571434,1.1014294866197565,0.01719940094840914,1.0361438296493934,2.3056689573370948,0.2822017560571268,1.0,21.069266161801195
S11_C6_PRIMARY,primary,0.11,6.0,DISPLACEMENT_ORIGIN_ONLY,TOUCH_NEXT_OPEN,VOL_FLOOR_0.75,0.75,2.5,1225,10.36734693877551,42.61224489795919,47.0204081632653,0.0816326530612245,0.03479448294651571,1.074860397361237,0.005432644898353391,1.0112736263755517,2.3056689573370948,0.2822017560571268,1.0,6.654990000482904
S11_C6_PRIMARY,primary,0.11,6.0,DISPLACEMENT_ORIGIN_ONLY,TOUCH_NEXT_OPEN,VOL_FLOOR_0.75,0.75,3.0,1225,7.673469387755103,43.02040816326531,49.306122448979586,0.0816326530612245,0.042246709781887506,1.0900140726899723,0.01288487173372521,1.0264770572106496,2.3056689573370948,0.2822017560571268,1.0,15.783967873813381
S11_C6_PRIMARY,primary,0.11,6.0,DISPLACEMENT_ORIGIN_ONLY,TOUCH_NEXT_OPEN,VOL_FLOOR_1.00,1.0,0.5,1225,60.97959183673469,25.30612244897959,13.714285714285715,0.163265306122449,0.03435865286164495,1.1228645820211398,0.00919501472375852,1.031933051658079,2.6349389717745453,0.37626900807616903,1.0,11.263893036604188
S11_C6_PRIMARY,primary,0.11,6.0,DISPLACEMENT_ORIGIN_ONLY,TOUCH_NEXT_OPEN,VOL_FLOOR_1.00,1.0,1.0,1225,36.57142857142857,34.12244897959184,29.306122448979593,0.0816326530612245,0.04044516539673636,1.106984032819329,0.015281527258849925,1.039203153717829,2.6349389717745453,0.37626900807616903,1.0,18.71987089209116
S11_C6_PRIMARY,primary,0.11,6.0,DISPLACEMENT_ORIGIN_ONLY,TOUCH_NEXT_OPEN,VOL_FLOOR_1.00,1.0,1.5,1225,23.346938775510203,37.06122448979592,39.59183673469388,0.0,0.0523981589999414,1.1269633850861684,0.02723452086205499,1.063932602888743,2.6349389717745453,0.37626900807616903,1.0,33.36228805601736
S11_C6_PRIMARY,primary,0.11,6.0,DISPLACEMENT_ORIGIN_ONLY,TOUCH_NEXT_OPEN,VOL_FLOOR_1.00,1.0,2.0,1225,14.36734693877551,37.63265306122449,48.0,0.0,0.06622994701658867,1.1581817172776228,0.04106630887870222,1.0950033947304327,2.6349389717745453,0.37626900807616903,1.0,50.30622837641022
S11_C6_PRIMARY,primary,0.11,6.0,DISPLACEMENT_ORIGIN_ONLY,TOUCH_NEXT_OPEN,VOL_FLOOR_1.00,1.0,2.5,1225,7.5102040816326525,37.87755102040816,54.61224489795919,0.0816326530612245,0.050884505654297675,1.1205675227992091,0.025720867516411262,1.059024877376147,2.6349389717745453,0.37626900807616903,1.0,31.508062707603795
S11_C6_PRIMARY,primary,0.11,6.0,DISPLACEMENT_ORIGIN_ONLY,TOUCH_NEXT_OPEN,VOL_FLOOR_1.00,1.0,3.0,1225,4.979591836734694,38.20408163265306,56.81632653061225,0.0816326530612245,0.048523548813386976,1.114090677684686,0.02335991067550055,1.05319128495988,2.6349389717745453,0.37626900807616903,1.0,28.615890577488173
S11_C6_PRIMARY,primary,0.11,6.0,DOZ_OBJECTIVE_ONLY,ACCEPTANCE_RETEST,STRUCTURAL,,0.5,9,55.55555555555556,44.44444444444444,0.0,22.22222222222222,-0.16666666666667396,0.6249999999999836,-0.24480485448493589,0.49216744747372465,0.6644999999998618,0.5354999999999563,12.0,-2.203243690364423
S11_C6_PRIMARY,primary,0.11,6.0,DOZ_OBJECTIVE_ONLY,ACCEPTANCE_RETEST,STRUCTURAL,,1.0,9,55.55555555555556,44.44444444444444,0.0,22.22222222222222,0.1111111111111111,1.25,0.032972923292849225,1.0684002931040368,0.6644999999998618,0.5354999999999563,12.0,0.29675630963564303
S11_C6_PRIMARY,primary,0.11,6.0,DOZ_OBJECTIVE_ONLY,ACCEPTANCE_RETEST,STRUCTURAL,,1.5,9,55.55555555555556,44.44444444444444,0.0,22.22222222222222,0.38888888888889617,1.8750000000000164,0.3107507010706343,1.6446331387343491,0.6644999999998618,0.5354999999999563,12.0,2.7967563096357084
S11_C6_PRIMARY,primary,0.11,6.0,DOZ_OBJECTIVE_ONLY,ACCEPTANCE_RETEST,STRUCTURAL,,2.0,9,33.33333333333333,66.66666666666666,0.0,22.22222222222222,0.0,1.0,-0.07813818781826193,0.8914438647101427,0.6644999999998618,0.5354999999999563,12.0,-0.7032436903643573
S11_C6_PRIMARY,primary,0.11,6.0,DOZ_OBJECTIVE_ONLY,ACCEPTANCE_RETEST,STRUCTURAL,,2.5,9,22.22222222222222,77.77777777777779,0.0,22.22222222222222,-0.22222222222224136,0.7142857142856897,-0.3003604100405033,0.6403360576812794,0.6644999999998618,0.5354999999999563,12.0,-2.7032436903645296
S11_C6_PRIMARY,primary,0.11,6.0,DOZ_OBJECTIVE_ONLY,ACCEPTANCE_RETEST,STRUCTURAL,,3.0,9,22.22222222222222,77.77777777777779,0.0,22.22222222222222,-0.1111111111111111,0.8571428571428571,-0.18924929892937303,0.7733850845229113,0.6644999999998618,0.5354999999999563,12.0,-1.7032436903643573
S11_C6_PRIMARY,primary,0.11,6.0,DOZ_OBJECTIVE_ONLY,CLEAN_REJECTION,STRUCTURAL,,0.5,22,72.72727272727273,27.27272727272727,0.0,4.545454545454546,0.09090909090907653,1.3333333333332806,0.046193141038151336,1.1613144392962529,1.5537914462728395,0.5949999999997999,1.0,1.0162491028393295
S11_C6_PRIMARY,primary,0.11,6.0,DOZ_OBJECTIVE_ONLY,CLEAN_REJECTION,STRUCTURAL,,1.0,22,59.09090909090909,36.36363636363637,4.545454545454546,0.0,0.2509066845425256,1.6899933824919455,0.20619073467160043,1.540641978382008,1.5537914462728395,0.5949999999997999,1.0,4.53619616277521
S11_C6_PRIMARY,primary,0.11,6.0,DOZ_OBJECTIVE_ONLY,CLEAN_REJECTION,STRUCTURAL,,1.5,22,45.45454545454545,40.909090909090914,13.636363636363635,0.0,0.32919702180856636,1.8047038310876067,0.28448107193764116,1.6628982399818804,1.5537914462728395,0.5949999999997999,1.0,6.2585835826281055
S11_C6_PRIMARY,primary,0.11,6.0,DOZ_OBJECTIVE_ONLY,CLEAN_REJECTION,STRUCTURAL,,2.0,22,31.818181818181817,45.45454545454545,22.727272727272727,0.0,0.3058432706907846,1.6659756028841055,0.2611273208198594,1.5409825108441753,1.5537914462728395,0.5949999999997999,1.0,5.744801058036907
S11_C6_PRIMARY,primary,0.11,6.0,DOZ_OBJECTIVE_ONLY,CLEAN_REJECTION,STRUCTURAL,,2.5,22,27.27272727272727,50.0,22.727272727272727,0.0,0.3058432706907878,1.6059956379501616,0.26112732081986256,1.490465804074344,1.5537914462728395,0.5949999999997999,1.0,5.744801058036977
S11_C6_PRIMARY,primary,0.11,6.0,DOZ_OBJECTIVE_ONLY,CLEAN_REJECTION,STRUCTURAL,,3.0,22,27.27272727272727,50.0,22.727272727272727,0.0,0.44220690705442095,1.8761855578550197,0.3974909571834958,1.746592586770241,1.5537914462728395,0.5949999999997999,1.0,8.744801058036908
S11_C6_PRIMARY,primary,0.11,6.0,DOZ_OBJECTIVE_ONLY,FAILED_AUCTION,STRUCTURAL,,0.5,40,75.0,22.5,2.5,0.0,0.13934108527131098,1.5912828947368132,0.10449119910475776,1.430554737886456,2.1749840529219,0.5755000000001473,2.0,4.179647964190311
S11_C6_PRIMARY,primary,0.11,6.0,DOZ_OBJECTIVE_ONLY,FAILED_AUCTION,STRUCTURAL,,1.0,40,50.0,42.5,7.5,0.0,0.0909988799338938,1.208876432588475,0.056148993767340595,1.1253595408434964,2.1749840529219,0.5755000000001473,2.0,2.2459597506936237
S11_C6_PRIMARY,primary,0.11,6.0,DOZ_OBJECTIVE_ONLY,FAILED_AUCTION,STRUCTURAL,,1.5,40,37.5,50.0,12.5,2.5,0.09120071305898193,1.1701546017454834,0.05635082689242874,1.1024327277581472,2.1749840529219,0.5755000000001473,2.0,2.2540330756971496
S11_C6_PRIMARY,primary,0.11,6.0,DOZ_OBJECTIVE_ONLY,FAILED_AUCTION,STRUCTURAL,,2.0,40,30.0,57.49999999999999,12.5,2.5,0.053700713058976425,1.0878916946256,0.018850826892423234,1.0299779796094715,2.1749840529219,0.5755000000001473,2.0,0.7540330756969293
S11_C6_PRIMARY,primary,0.11,6.0,DOZ_OBJECTIVE_ONLY,FAILED_AUCTION,STRUCTURAL,,2.5,40,25.0,60.0,15.0,2.5,0.1036579188119281,1.162987392421896,0.06880803264537488,1.1051998148680273,2.1749840529219,0.5755000000001473,2.0,2.7523213058149953
S11_C6_PRIMARY,primary,0.11,6.0,DOZ_OBJECTIVE_ONLY,FAILED_AUCTION,STRUCTURAL,,3.0,40,22.5,62.5,15.0,2.5,0.12865791881193406,1.1946450563384543,0.09380803264538089,1.1376137446689567,2.1749840529219,0.5755000000001473,2.0,3.7523213058152356
S11_C6_PRIMARY,primary,0.11,6.0,DOZ_OBJECTIVE_ONLY,PASSIVE_TOUCH,STRUCTURAL,,0.5,68,36.76470588235294,63.23529411764706,0.0,60.29411764705882,-0.4485294117646874,0.290697674418634,-0.5771023695802774,0.19454568155135335,0.47701167865011485,0.2319999999999709,0.0,-39.24296113145886
S11_C6_PRIMARY,primary,0.11,6.0,DOZ_OBJECTIVE_ONLY,PASSIVE_TOUCH,STRUCTURAL,,1.0,68,33.82352941176471,66.17647058823529,0.0,58.82352941176471,-0.3235294117647059,0.5111111111111111,-0.45210236958029587,0.3954695036452916,0.47701167865011485,0.2319999999999709,0.0,-30.74296113146012
S11_C6_PRIMARY,primary,0.11,6.0,DOZ_OBJECTIVE_ONLY,PASSIVE_TOUCH,STRUCTURAL,,1.5,68,27.941176470588236,72.05882352941177,0.0,60.29411764705882,-0.30147058823531075,0.5816326530612014,-0.4300435460509007,0.47134888103572875,0.47701167865011485,0.2319999999999709,0.0,-29.24296113146125
S11_C6_PRIMARY,primary,0.11,6.0,DOZ_OBJECTIVE_ONLY,PASSIVE_TOUCH,STRUCTURAL,,2.0,68,26.47058823529412,73.52941176470588,0.0,58.82352941176471,-0.20588235294117646,0.72,-0.3344553107567665,0.5968815106185303,0.47701167865011485,0.2319999999999709,0.0,-22.74296113146012
S11_C6_PRIMARY,primary,0.11,6.0,DOZ_OBJECTIVE_ONLY,PASSIVE_TOUCH,STRUCTURAL,,2.5,68,23.52941176470588,76.47058823529412,0.0,57.35294117647059,-0.1764705882352764,0.7692307692307925,-0.30504354605086637,0.6463984912168869,0.47701167865011485,0.2319999999999709,0.0,-20.742961131458912
S11_C6_PRIMARY,primary,0.11,6.0,DOZ_OBJECTIVE_ONLY,PASSIVE_TOUCH,STRUCTURAL,,3.0,68,19.11764705882353,80.88235294117648,0.0,55.88235294117647,-0.23529411764705882,0.7090909090909091,-0.36386707546264885,0.6004474975970683,0.47701167865011485,0.2319999999999709,0.0,-24.74296113146012
S11_C6_PRIMARY,primary,0.11,6.0,DOZ_OBJECTIVE_ONLY,RECLAIM_PULLBACK,STRUCTURAL,,0.5,39,58.97435897435898,41.02564102564102,0.0,23.076923076923077,-0.11538461538460584,0.7187500000000233,-0.17291850439110656,0.6038119511405331,1.091787435397464,0.4284999999997581,3.0,-6.743821671253156
S11_C6_PRIMARY,primary,0.11,6.0,DOZ_OBJECTIVE_ONLY,RECLAIM_PULLBACK,STRUCTURAL,,1.0,39,48.717948717948715,48.717948717948715,2.564102564102564,20.51282051282051,0.01418281615344446,1.0291120963149651,-0.04335107285305632,0.9164522116704904,1.091787435397464,0.4284999999997581,3.0,-1.6906918412691965
S11_C6_PRIMARY,primary,0.11,6.0,DOZ_OBJECTIVE_ONLY,RECLAIM_PULLBACK,STRUCTURAL,,1.5,39,41.02564102564102,51.28205128205128,7.6923076923076925,20.51282051282051,0.1709988890790985,1.3334478337042421,0.1134650000725977,1.207734224083851,1.091787435397464,0.4284999999997581,3.0,4.42513500283131
S11_C6_PRIMARY,primary,0.11,6.0,DOZ_OBJECTIVE_ONLY,RECLAIM_PULLBACK,STRUCTURAL,,2.0,39,38.46153846153847,53.84615384615385,7.6923076923076925,20.51282051282051,0.2992040172842329,1.555664603527861,0.24167012827773218,1.422304911249507,1.091787435397464,0.4284999999997581,3.0,9.425135002831555
S11_C6_PRIMARY,primary,0.11,6.0,DOZ_OBJECTIVE_ONLY,RECLAIM_PULLBACK,STRUCTURAL,,2.5,39,25.64102564102564,66.66666666666666,7.6923076923076925,20.51282051282051,0.04279376087397907,1.0641906413109685,-0.014740128132521667,0.9790779032187217,1.091787435397464,0.4284999999997581,3.0,-0.574864997168345
S11_C6_PRIMARY,primary,0.11,6.0,DOZ_OBJECTIVE_ONLY,RECLAIM_PULLBACK,STRUCTURAL,,3.0,39,25.64102564102564,66.66666666666666,7.6923076923076925,20.51282051282051,0.17099888907910474,1.256498333618657,0.11346500007260392,1.161051904804622,1.091787435397464,0.4284999999997581,3.0,4.425135002831553
S11_C6_PRIMARY,primary,0.11,6.0,DOZ_OBJECTIVE_ONLY,TOUCH_NEXT_OPEN,VOL_FLOOR_0.25,0.25,0.5,64,64.0625,35.9375,0.0,7.8125,-0.039062499999996184,0.8913043478260962,-0.10221029036447853,0.7342682331536637,1.1820774130408866,0.2889958595383947,1.0,-6.541458583326626
S11_C6_PRIMARY,primary,0.11,6.0,DOZ_OBJECTIVE_ONLY,TOUCH_NEXT_OPEN,VOL_FLOOR_0.25,0.25,1.0,64,50.0,48.4375,1.5625,4.6875,0.006831870910176598,1.013853025990924,-0.05631591945430572,0.892898437247807,1.1820774130408866,0.2889958595383947,1.0,-3.604218845075566
S11_C6_PRIMARY,primary,0.11,6.0,DOZ_OBJECTIVE_ONLY,TOUCH_NEXT_OPEN,VOL_FLOOR_0.25,0.25,1.5,64,39.0625,54.6875,6.25,3.125,0.026599107463999613,1.0459696203075317,-0.03654868290048269,0.940512042993944,1.1820774130408866,0.2889958595383947,1.0,-2.339115705630892
S11_C6_PRIMARY,primary,0.11,6.0,DOZ_OBJECTIVE_ONLY,TOUCH_NEXT_OPEN,VOL_FLOOR_0.25,0.25,2.0,64,29.6875,60.9375,9.375,3.125,0.015114283579163126,1.0235746795784375,-0.04803350678531922,0.9295086738357676,1.1820774130408866,0.2889958595383947,1.0,-3.0741444342604303
S11_C6_PRIMARY,primary,0.11,6.0,DOZ_OBJECTIVE_ONLY,TOUCH_NEXT_OPEN,VOL_FLOOR_0.25,0.25,2.5,64,28.125,62.5,9.375,3.125,0.10886428357916253,1.1657624890283422,0.04571649321468019,1.0654495233954286,1.1820774130408866,0.2889958595383947,1.0,2.925855565739532
S11_C6_PRIMARY,primary,0.11,6.0,DOZ_OBJECTIVE_ONLY,TOUCH_NEXT_OPEN,VOL_FLOOR_0.25,0.25,3.0,64,26.5625,64.0625,9.375,3.125,0.18698928357917,1.2781032478663066,0.12384149321468768,1.17299221579903,1.1820774130408866,0.2889958595383947,1.0,7.925855565740012
S11_C6_PRIMARY,primary,0.11,6.0,DOZ_OBJECTIVE_ONLY,TOUCH_NEXT_OPEN,VOL_FLOOR_0.50,0.5,0.5,64,68.75,31.25,0.0,1.5625,0.03125000000000193,1.100000000000006,-0.01502623151191445,0.9543582113504288,1.3051703948389097,0.5099999999999909,1.0,-0.9616788167625248
S11_C6_PRIMARY,primary,0.11,6.0,DOZ_OBJECTIVE_ONLY,TOUCH_NEXT_OPEN,VOL_FLOOR_0.50,0.5,1.0,64,50.0,48.4375,1.5625,0.0,0.006831870910172261,1.013853025990915,-0.039444360601744125,0.9238110262465195,1.3051703948389097,0.5099999999999909,1.0,-2.524439078511624
S11_C6_PRIMARY,primary,0.11,6.0,DOZ_OBJECTIVE_ONLY,TOUCH_NEXT_OPEN,VOL_FLOOR_0.50,0.5,1.5,64,39.0625,54.6875,6.25,0.0,0.026599107464002784,1.0459696203075373,-0.019677124047913604,0.967525284880865,1.3051703948389097,0.5099999999999909,1.0,-1.2593359390664707
S11_C6_PRIMARY,primary,0.11,6.0,DOZ_OBJECTIVE_ONLY,TOUCH_NEXT_OPEN,VOL_FLOOR_0.50,0.5,2.0,64,31.25,59.375,9.375,0.0,0.06198928357916049,1.0991037917508937,0.015713052067244063,1.0239315312359734,1.3051703948389097,0.5099999999999909,1.0,1.00563533230362
S11_C6_PRIMARY,primary,0.11,6.0,DOZ_OBJECTIVE_ONLY,TOUCH_NEXT_OPEN,VOL_FLOOR_0.50,0.5,2.5,64,26.5625,62.5,10.9375,0.0,0.0967088643685116,1.1472540078507176,0.050432632856595216,1.0732607160130636,1.3051703948389097,0.5099999999999909,1.0,3.227688502822094
S11_C6_PRIMARY,primary,0.11,6.0,DOZ_OBJECTIVE_ONLY,TOUCH_NEXT_OPEN,VOL_FLOOR_0.50,0.5,3.0,64,23.4375,65.625,10.9375,0.0,0.10452136436850976,1.1519208955844262,0.058245132856593364,1.0808672727131208,1.3051703948389097,0.5099999999999909,1.0,3.7276885028219753
S11_C6_PRIMARY,primary,0.11,6.0,DOZ_OBJECTIVE_ONLY,TOUCH_NEXT_OPEN,VOL_FLOOR_0.75,0.75,0.5,64,68.75,31.25,0.0,1.5625,0.03125000000000214,1.1000000000000074,-0.0053855667305927855,0.9834394138963208,1.7199932060921714,0.5751190942512096,1.0,-0.3446762707579383
S11_C6_PRIMARY,primary,0.11,6.0,DOZ_OBJECTIVE_ONLY,TOUCH_NEXT_OPEN,VOL_FLOOR_0.75,0.75,1.0,64,50.0,45.3125,4.6875,0.0,0.05568096057325779,1.1205429210647624,0.01904539384266285,1.0397359879436292,1.7199932060921714,0.5751190942512096,1.0,1.2189052059304224
S11_C6_PRIMARY,primary,0.11,6.0,DOZ_OBJECTIVE_ONLY,TOUCH_NEXT_OPEN,VOL_FLOOR_0.75,0.75,1.5,64,35.9375,51.5625,12.5,0.0,0.02067774996439439,1.036584931444529,-0.01595781676620053,0.9727895833759608,1.7199932060921714,0.5751190942512096,1.0,-1.021300273036834
S11_C6_PRIMARY,primary,0.11,6.0,DOZ_OBJECTIVE_ONLY,TOUCH_NEXT_OPEN,VOL_FLOOR_0.75,0.75,2.0,64,26.5625,57.8125,15.625,0.0,-0.006432073920445553,0.9897529252096567,-0.04306764065104047,0.9338582881419513,1.7199932060921714,0.5751190942512096,1.0,-2.75632900166659
S11_C6_PRIMARY,primary,0.11,6.0,DOZ_OBJECTIVE_ONLY,TOUCH_NEXT_OPEN,VOL_FLOOR_0.75,0.75,2.5,64,21.875,57.8125,20.3125,0.0,0.052748284877997355,1.0840344229392382,0.016112718147402484,1.024745324908568,1.7199932060921714,0.5751190942512096,1.0,1.031213961433759
S11_C6_PRIMARY,primary,0.11,6.0,DOZ_OBJECTIVE_ONLY,TOUCH_NEXT_OPEN,VOL_FLOOR_0.75,0.75,3.0,64,20.3125,57.8125,21.875,0.0,0.11757506176663536,1.1873113503208113,0.08093949503604045,1.1243039246562587,1.7199932060921714,0.5751190942512096,1.0,5.180127682306589
S11_C6_PRIMARY,primary,0.11,6.0,DOZ_OBJECTIVE_ONLY,TOUCH_NEXT_OPEN,VOL_FLOOR_1.00,1.0,0.5,64,67.1875,29.6875,3.125,0.0,0.0353542009725158,1.1148163527189725,0.006325324915950694,1.0198992760669043,2.157811414736801,0.7668254590016127,1.0,0.4048207946208444
S11_C6_PRIMARY,primary,0.11,6.0,DOZ_OBJECTIVE_ONLY,TOUCH_NEXT_OPEN,VOL_FLOOR_1.00,1.0,1.0,64,42.1875,43.75,14.0625,0.0,-0.03443421855013594,0.9277667879728517,-0.06346309460670106,0.8710799957185913,2.157811414736801,0.7668254590016127,1.0,-4.061638054828868
S11_C6_PRIMARY,primary,0.11,6.0,DOZ_OBJECTIVE_ONLY,TOUCH_NEXT_OPEN,VOL_FLOOR_1.00,1.0,1.5,64,29.6875,51.5625,18.75,0.0,-0.09002644063558422,0.8440263660455039,-0.11905531669214935,0.7998840958732475,2.157811414736801,0.7668254590016127,1.0,-7.619540268297558
S11_C6_PRIMARY,primary,0.11,6.0,DOZ_OBJECTIVE_ONLY,TOUCH_NEXT_OPEN,VOL_FLOOR_1.00,1.0,2.0,64,21.875,51.5625,26.5625,0.0,-0.021969745421591032,0.961936726518695,-0.050998621478156175,0.9142782067204208,2.157811414736801,0.7668254590016127,1.0,-3.263911774601995
S11_C6_PRIMARY,primary,0.11,6.0,DOZ_OBJECTIVE_ONLY,TOUCH_NEXT_OPEN,VOL_FLOOR_1.00,1.0,2.5,64,18.75,51.5625,29.6875,0.0,0.037537090839804096,1.0650341880122058,0.008508214783238953,1.0143011596723153,2.157811414736801,0.7668254590016127,1.0,0.544525746127293
S11_C6_PRIMARY,primary,0.11,6.0,DOZ_OBJECTIVE_ONLY,TOUCH_NEXT_OPEN,VOL_FLOOR_1.00,1.0,3.0,64,15.625,53.125,31.25,0.0,0.055849779710790734,1.0942111254320075,0.026820903654225597,1.0438920900598199,2.157811414736801,0.7668254590016127,1.0,1.7165378338704382
S11_C6_PRIMARY,primary,0.11,6.0,MEMORY_ONLY,ACCEPTANCE_RETEST,STRUCTURAL,,0.5,13,46.15384615384615,53.84615384615385,0.0,7.6923076923076925,-0.3076923076923035,0.4285714285714364,-0.34690435528548585,0.38154213577326745,1.4600000000007185,1.1488820698170912,6.0,-4.509756618711316
S11_C6_PRIMARY,primary,0.11,6.0,MEMORY_ONLY,ACCEPTANCE_RETEST,STRUCTURAL,,1.0,13,46.15384615384615,53.84615384615385,0.0,7.6923076923076925,-0.07692307692307693,0.8571428571428571,-0.11613512451625932,0.7929553781158986,1.4600000000007185,1.1488820698170912,6.0,-1.5097566187113711
S11_C6_PRIMARY,primary,0.11,6.0,MEMORY_ONLY,ACCEPTANCE_RETEST,STRUCTURAL,,1.5,13,46.15384615384615,53.84615384615385,0.0,7.6923076923076925,0.15384615384614964,1.2857142857142778,0.11463410625296722,1.2043686204585298,1.4600000000007185,1.1488820698170912,6.0,1.4902433812885738
S11_C6_PRIMARY,primary,0.11,6.0,MEMORY_ONLY,ACCEPTANCE_RETEST,STRUCTURAL,,2.0,13,38.46153846153847,53.84615384615385,7.6923076923076925,7.6923076923076925,0.28856358292661305,1.5359037968637101,0.24935153533343074,1.4445416024167808,1.4600000000007185,1.1488820698170912,6.0,3.2415699593345995
S11_C6_PRIMARY,primary,0.11,6.0,MEMORY_ONLY,ACCEPTANCE_RETEST,STRUCTURAL,,2.5,13,38.46153846153847,53.84615384615385,7.6923076923076925,7.6923076923076925,0.48087127523431544,1.893046654006586,0.441659227641133,1.7873859710356643,1.4600000000007185,1.1488820698170912,6.0,5.741569959334729
S11_C6_PRIMARY,primary,0.11,6.0,MEMORY_ONLY,ACCEPTANCE_RETEST,STRUCTURAL,,3.0,13,30.76923076923077,53.84615384615385,15.384615384615385,7.6923076923076925,0.5817306198723993,2.0803568654773135,0.5425185722792171,1.9671970743607978,1.4600000000007185,1.1488820698170912,6.0,7.0527414396298225
S11_C6_PRIMARY,primary,0.11,6.0,MEMORY_ONLY,CLEAN_REJECTION,STRUCTURAL,,0.5,202,56.43564356435643,41.089108910891085,2.4752475247524752,0.49504950495049505,-0.1363369102132499,0.6742366020235294,-0.16912539212133426,0.6097123528567733,1.8257629318104591,0.7108210013570897,1.0,-34.16332920850952
S11_C6_PRIMARY,primary,0.11,6.0,MEMORY_ONLY,CLEAN_REJECTION,STRUCTURAL,,1.0,202,37.62376237623762,53.46534653465347,8.91089108910891,0.49504950495049505,-0.167389173390205,0.6973311377897606,-0.20017765529828932,0.6506020141878992,1.8257629318104591,0.7108210013570897,1.0,-40.435886370254444
S11_C6_PRIMARY,primary,0.11,6.0,MEMORY_ONLY,CLEAN_REJECTION,STRUCTURAL,,1.5,202,29.7029702970297,57.920792079207914,12.376237623762377,0.49504950495049505,-0.11947654815259835,0.800072166396591,-0.15226503006068273,0.7540106535995592,1.8257629318104591,0.7108210013570897,1.0,-30.75753607225791
S11_C6_PRIMARY,primary,0.11,6.0,MEMORY_ONLY,CLEAN_REJECTION,STRUCTURAL,,2.0,202,19.801980198019802,60.89108910891089,19.306930693069308,0.49504950495049505,-0.12983594096733453,0.7931195833143474,-0.16262442287541892,0.7499070604369948,1.8257629318104591,0.7108210013570897,1.0,-32.850133420834624
S11_C6_PRIMARY,primary,0.11,6.0,MEMORY_ONLY,CLEAN_REJECTION,STRUCTURAL,,2.5,202,15.346534653465346,60.89108910891089,23.762376237623762,0.0,-0.07721672244964212,0.8769629765343526,-0.11000520435772654,0.8308278397634741,1.8257629318104591,0.7108210013570897,1.0,-22.22105128026076
S11_C6_PRIMARY,primary,0.11,6.0,MEMORY_ONLY,CLEAN_REJECTION,STRUCTURAL,,3.0,202,9.405940594059405,61.88118811881188,28.71287128712871,0.0,-0.11613973342547451,0.8178172581459641,-0.14892821533355885,0.7745228122415263,1.8257629318104591,0.7108210013570897,1.0,-30.083499497378888
S11_C6_PRIMARY,primary,0.11,6.0,MEMORY_ONLY,FAILED_AUCTION,STRUCTURAL,,0.5,21,66.66666666666666,28.57142857142857,4.761904761904762,0.0,0.055016515276627036,1.1925578034681947,0.031617944127296765,1.1084161828599384,2.7560000000000855,1.2451366181589947,6.0,0.6639768266732321
S11_C6_PRIMARY,primary,0.11,6.0,MEMORY_ONLY,FAILED_AUCTION,STRUCTURAL,,1.0,21,38.095238095238095,57.14285714285714,4.761904761904762,0.0,-0.18307872281861012,0.6796122350674323,-0.20647729396794037,0.6458329298040211,2.7560000000000855,1.2451366181589947,6.0,-4.336023173326748
S11_C6_PRIMARY,primary,0.11,6.0,MEMORY_ONLY,FAILED_AUCTION,STRUCTURAL,,1.5,21,28.57142857142857,61.904761904761905,9.523809523809524,0.0,-0.14698403380247804,0.7625642530883048,-0.1703826049518083,0.730517443413122,2.7560000000000855,1.2451366181589947,6.0,-3.5780347039879743
S11_C6_PRIMARY,primary,0.11,6.0,MEMORY_ONLY,FAILED_AUCTION,STRUCTURAL,,2.0,21,14.285714285714285,66.66666666666666,19.047619047619047,0.0,-0.29140667600583653,0.569855128665227,-0.3148052471551668,0.5462015456672129,2.7560000000000855,1.2451366181589947,6.0,-6.610910190258502
S11_C6_PRIMARY,primary,0.11,6.0,MEMORY_ONLY,FAILED_AUCTION,STRUCTURAL,,2.5,21,14.285714285714285,66.66666666666666,19.047619047619047,0.0,-0.2199781045772631,0.6752907147262511,-0.24337667572659338,0.6491673494535418,2.7560000000000855,1.2451366181589947,6.0,-5.110910190258461
S11_C6_PRIMARY,primary,0.11,6.0,MEMORY_ONLY,FAILED_AUCTION,STRUCTURAL,,3.0,21,14.285714285714285,66.66666666666666,19.047619047619047,0.0,-0.14854953314869362,0.7807263007872693,-0.17194810429802393,0.7521331532398651,2.7560000000000855,1.2451366181589947,6.0,-3.610910190258503
S11_C6_PRIMARY,primary,0.11,6.0,MEMORY_ONLY,PASSIVE_TOUCH,STRUCTURAL,,0.5,184,50.54347826086957,49.45652173913043,0.0,21.73913043478261,-0.3207259534195291,0.4407015856571357,-0.38860023059942483,0.3600008675207555,0.8840000000000146,0.3738278801188244,2.0,-71.50244243029417
S11_C6_PRIMARY,primary,0.11,6.0,MEMORY_ONLY,PASSIVE_TOUCH,STRUCTURAL,,1.0,184,39.130434782608695,59.78260869565217,1.0869565217391304,21.73913043478261,-0.28969907587562604,0.5745996777800085,-0.3575733530555218,0.5050962210590603,0.8840000000000146,0.3738278801188244,2.0,-65.79349696221601
S11_C6_PRIMARY,primary,0.11,6.0,MEMORY_ONLY,PASSIVE_TOUCH,STRUCTURAL,,1.5,184,27.717391304347828,70.65217391304348,1.6304347826086956,21.73913043478261,-0.37300327235370273,0.5276640384312047,-0.4408775495335985,0.4744037198831827,0.8840000000000146,0.3738278801188244,2.0,-81.12146911418212
S11_C6_PRIMARY,primary,0.11,6.0,MEMORY_ONLY,PASSIVE_TOUCH,STRUCTURAL,,2.0,184,23.91304347826087,74.45652173913044,1.6304347826086956,21.73913043478261,-0.3485467506145764,0.578918893473851,-0.41642102779447215,0.5264806545047565,0.8840000000000146,0.3738278801188244,2.0,-76.62146911418287
S11_C6_PRIMARY,primary,0.11,6.0,MEMORY_ONLY,PASSIVE_TOUCH,STRUCTURAL,,2.5,184,20.108695652173914,77.17391304347827,2.717391304347826,21.73913043478261,-0.3356662824722581,0.6073694970697121,-0.40354055965215385,0.5555170385189422,0.8840000000000146,0.3738278801188244,2.0,-74.2514629759963
S11_C6_PRIMARY,primary,0.11,6.0,MEMORY_ONLY,PASSIVE_TOUCH,STRUCTURAL,,3.0,184,15.760869565217392,80.43478260869566,3.804347826086957,21.73913043478261,-0.37570609405834554,0.576681191934385,-0.44358037123824123,0.5295456950070875,0.8840000000000146,0.3738278801188244,2.0,-81.61878830783638
S11_C6_PRIMARY,primary,0.11,6.0,MEMORY_ONLY,RECLAIM_PULLBACK,STRUCTURAL,,0.5,171,47.953216374269005,49.707602339181285,2.3391812865497075,1.7543859649122806,-0.2577370014285491,0.4860494154955039,-0.29699732056377665,0.43098344314414944,1.5360000000007403,0.5276557602376215,4.0,-50.78654181640581
S11_C6_PRIMARY,primary,0.11,6.0,MEMORY_ONLY,RECLAIM_PULLBACK,STRUCTURAL,,1.0,171,32.748538011695906,61.98830409356725,5.263157894736842,1.7543859649122806,-0.2863371359550497,0.5417729920923147,-0.3255974550902773,0.499335278793753,1.5360000000007403,0.5276557602376215,4.0,-55.67716482043742
S11_C6_PRIMARY,primary,0.11,6.0,MEMORY_ONLY,RECLAIM_PULLBACK,STRUCTURAL,,1.5,171,25.730994152046783,66.66666666666666,7.602339181286549,1.7543859649122806,-0.2657071446629003,0.6049699160199358,-0.3049674637981279,0.5643276267879797,1.5360000000007403,0.5276557602376215,4.0,-52.14943630947987
S11_C6_PRIMARY,primary,0.11,6.0,MEMORY_ONLY,RECLAIM_PULLBACK,STRUCTURAL,,2.0,171,19.298245614035086,69.5906432748538,11.11111111111111,1.7543859649122806,-0.25770184845843813,0.6328326639056111,-0.2969621675936656,0.5936390980129215,1.5360000000007403,0.5276557602376215,4.0,-50.780530658516824
S11_C6_PRIMARY,primary,0.11,6.0,MEMORY_ONLY,RECLAIM_PULLBACK,STRUCTURAL,,2.5,171,14.619883040935672,70.76023391812866,14.619883040935672,1.1695906432748537,-0.2472239419807382,0.6535862409505924,-0.28648426111596575,0.6145891486771292,1.5360000000007403,0.5276557602376215,4.0,-48.988808650830144
S11_C6_PRIMARY,primary,0.11,6.0,MEMORY_ONLY,RECLAIM_PULLBACK,STRUCTURAL,,3.0,171,10.526315789473683,71.34502923976608,18.128654970760234,1.1695906432748537,-0.23409793290565314,0.6746446333236344,-0.2733582520408807,0.6352312107085824,1.5360000000007403,0.5276557602376215,4.0,-46.7442610989906
S11_C6_PRIMARY,primary,0.11,6.0,MEMORY_ONLY,TOUCH_NEXT_OPEN,VOL_FLOOR_0.25,0.25,0.5,280,59.285714285714285,39.285714285714285,1.4285714285714286,0.7142857142857143,-0.10136392078609119,0.7451839268716204,-0.14883477588072386,0.6443796856697537,1.5274611490344796,0.19220758204299637,1.0,-41.67373724660268
S11_C6_PRIMARY,primary,0.11,6.0,MEMORY_ONLY,TOUCH_NEXT_OPEN,VOL_FLOOR_0.25,0.25,1.0,280,38.57142857142858,54.64285714285714,6.785714285714286,0.7142857142857143,-0.16852600571296994,0.7002973713709402,-0.21599686080760258,0.6345799064806068,1.5274611490344796,0.19220758204299637,1.0,-60.47912102612872
S11_C6_PRIMARY,primary,0.11,6.0,MEMORY_ONLY,TOUCH_NEXT_OPEN,VOL_FLOOR_0.25,0.25,1.5,280,28.57142857142857,60.71428571428571,10.714285714285714,0.35714285714285715,-0.16447320102579363,0.7360822302096645,-0.2119440561204263,0.6766019796240378,1.5274611490344796,0.19220758204299637,1.0,-59.34433571371936
S11_C6_PRIMARY,primary,0.11,6.0,MEMORY_ONLY,TOUCH_NEXT_OPEN,VOL_FLOOR_0.25,0.25,2.0,280,21.785714285714285,64.28571428571429,13.928571428571429,0.35714285714285715,-0.16374595252469965,0.7515690962457217,-0.2112168076193323,0.6953067489980983,1.5274611490344796,0.19220758204299637,1.0,-59.14070613341304
S11_C6_PRIMARY,primary,0.11,6.0,MEMORY_ONLY,TOUCH_NEXT_OPEN,VOL_FLOOR_0.25,0.25,2.5,280,16.785714285714285,65.35714285714286,17.857142857142858,0.0,-0.12978909461553287,0.8062372131375372,-0.1772599497101655,0.7483770629220543,1.5274611490344796,0.19220758204299637,1.0,-49.632785918846345
S11_C6_PRIMARY,primary,0.11,6.0,MEMORY_ONLY,TOUCH_NEXT_OPEN,VOL_FLOOR_0.25,0.25,3.0,280,12.142857142857142,66.78571428571428,21.071428571428573,0.0,-0.15469766785681846,0.7741915500239843,-0.20216852295145113,0.7196866441759913,1.5274611490344796,0.19220758204299637,1.0,-56.607186426406315
S11_C6_PRIMARY,primary,0.11,6.0,MEMORY_ONLY,TOUCH_NEXT_OPEN,VOL_FLOOR_0.50,0.5,0.5,280,60.71428571428571,37.857142857142854,1.4285714285714286,0.7142857142857143,-0.07993534935751903,0.7915673099985493,-0.12156546571643241,0.6969830471540999,1.5660077479542451,0.38441516408599274,1.0,-34.038330400601076
S11_C6_PRIMARY,primary,0.11,6.0,MEMORY_ONLY,TOUCH_NEXT_OPEN,VOL_FLOOR_0.50,0.5,1.0,280,37.857142857142854,55.35714285714286,6.785714285714286,0.7142857142857143,-0.18281171999868415,0.6789699421152976,-0.2244418363575975,0.6231797172506153,1.5660077479542451,0.38441516408599274,1.0,-62.84371418012731
S11_C6_PRIMARY,primary,0.11,6.0,MEMORY_ONLY,TOUCH_NEXT_OPEN,VOL_FLOOR_0.50,0.5,1.5,280,28.214285714285715,60.71428571428571,11.071428571428571,0.35714285714285715,-0.16540864463891558,0.7345811942317675,-0.20703876099782897,0.6821430122304207,1.5660077479542451,0.38441516408599274,1.0,-57.970853079392114
S11_C6_PRIMARY,primary,0.11,6.0,MEMORY_ONLY,TOUCH_NEXT_OPEN,VOL_FLOOR_0.50,0.5,2.0,280,22.142857142857142,63.57142857142857,14.285714285714285,0.35714285714285715,-0.14503853899496405,0.7775406950043541,-0.18666865535387744,0.7261197009582592,1.5660077479542451,0.38441516408599274,1.0,-52.26722349908568
S11_C6_PRIMARY,primary,0.11,6.0,MEMORY_ONLY,TOUCH_NEXT_OPEN,VOL_FLOOR_0.50,0.5,2.5,280,16.428571428571427,64.64285714285715,18.928571428571427,0.0,-0.12446346797969403,0.8124056463096012,-0.1660935843386074,0.7605343974349777,1.5660077479542451,0.38441516408599274,1.0,-46.506203614810076
S11_C6_PRIMARY,primary,0.11,6.0,MEMORY_ONLY,TOUCH_NEXT_OPEN,VOL_FLOOR_0.50,0.5,3.0,280,11.785714285714285,66.07142857142857,22.142857142857142,0.0,-0.15228557493564873,0.7758954394086354,-0.1939156912945621,0.7270566291805257,1.5660077479542451,0.38441516408599274,1.0,-54.29639356247739
S11_C6_PRIMARY,primary,0.11,6.0,MEMORY_ONLY,TOUCH_NEXT_OPEN,VOL_FLOOR_0.75,0.75,0.5,280,57.85714285714286,40.0,2.142857142857143,0.7142857142857143,-0.11628145612215207,0.7132868126253619,-0.15310850436192786,0.6377297075696919,1.7414874403996643,0.5470407481242362,1.0,-42.8703812213398
S11_C6_PRIMARY,primary,0.11,6.0,MEMORY_ONLY,TOUCH_NEXT_OPEN,VOL_FLOOR_0.75,0.75,1.0,280,37.5,53.92857142857142,8.571428571428571,0.35714285714285715,-0.17009904866480322,0.6942597252015715,-0.20692609690457903,0.6427324297511452,1.7414874403996643,0.5470407481242362,1.0,-57.93930713328213
S11_C6_PRIMARY,primary,0.11,6.0,MEMORY_ONLY,TOUCH_NEXT_OPEN,VOL_FLOOR_0.75,0.75,1.5,280,28.214285714285715,57.85714285714286,13.928571428571429,0.35714285714285715,-0.13422561964044882,0.7751038736511099,-0.1710526678802246,0.7247903218523765,1.7414874403996643,0.5470407481242362,1.0,-47.89474700646289
S11_C6_PRIMARY,primary,0.11,6.0,MEMORY_ONLY,TOUCH_NEXT_OPEN,VOL_FLOOR_0.75,0.75,2.0,280,20.357142857142858,60.0,19.642857142857142,0.35714285714285715,-0.13289669607564014,0.7863992676582422,-0.16972374431541593,0.7381307915255516,1.7414874403996643,0.5470407481242362,1.0,-47.522648408316456
S11_C6_PRIMARY,primary,0.11,6.0,MEMORY_ONLY,TOUCH_NEXT_OPEN,VOL_FLOOR_0.75,0.75,2.5,280,13.571428571428571,61.07142857142858,25.357142857142854,0.0,-0.12932163180601944,0.7956641713401841,-0.1661486800457952,0.7480205909220585,1.7414874403996643,0.5470407481242362,1.0,-46.52163041282265
S11_C6_PRIMARY,primary,0.11,6.0,MEMORY_ONLY,TOUCH_NEXT_OPEN,VOL_FLOOR_0.75,0.75,3.0,280,8.571428571428571,62.142857142857146,29.28571428571429,0.0,-0.1517111600640099,0.7642779786578877,-0.18853820830378568,0.7187802494912767,1.7414874403996643,0.5470407481242362,1.0,-52.79069832505999
S11_C6_PRIMARY,primary,0.11,6.0,MEMORY_ONLY,TOUCH_NEXT_OPEN,VOL_FLOOR_1.00,1.0,0.5,280,56.785714285714285,40.35714285714286,2.857142857142857,0.7142857142857143,-0.12550259323129387,0.6935375068478183,-0.158005022341374,0.6274690429441446,1.9400001686839232,0.6317575406030755,1.0,-44.24140625558472
S11_C6_PRIMARY,primary,0.11,6.0,MEMORY_ONLY,TOUCH_NEXT_OPEN,VOL_FLOOR_1.00,1.0,1.0,280,37.857142857142854,51.42857142857142,10.714285714285714,0.35714285714285715,-0.13896976625691623,0.7389099065942806,-0.17147219536699637,0.6890617457770286,1.9400001686839232,0.6317575406030755,1.0,-48.01221470275898
S11_C6_PRIMARY,primary,0.11,6.0,MEMORY_ONLY,TOUCH_NEXT_OPEN,VOL_FLOOR_1.00,1.0,1.5,280,25.0,55.35714285714286,19.642857142857142,0.35714285714285715,-0.1388462972550676,0.7593847155407024,-0.17134872636514775,0.7136017992547189,1.9400001686839232,0.6317575406030755,1.0,-47.97764338224137
S11_C6_PRIMARY,primary,0.11,6.0,MEMORY_ONLY,TOUCH_NEXT_OPEN,VOL_FLOOR_1.00,1.0,2.0,280,17.142857142857142,56.785714285714285,26.071428571428573,0.35714285714285715,-0.12334228307381595,0.7923227050050841,-0.1558447121838961,0.747027465030783,1.9400001686839232,0.6317575406030755,1.0,-43.6365194114909
S11_C6_PRIMARY,primary,0.11,6.0,MEMORY_ONLY,TOUCH_NEXT_OPEN,VOL_FLOOR_1.00,1.0,2.5,280,11.071428571428571,58.57142857142858,30.357142857142854,0.0,-0.1434865437979532,0.765456842221695,-0.17598897290803336,0.7226448305098643,1.9400001686839232,0.6317575406030755,1.0,-49.27691241424934
S11_C6_PRIMARY,primary,0.11,6.0,MEMORY_ONLY,TOUCH_NEXT_OPEN,VOL_FLOOR_1.00,1.0,3.0,280,7.857142857142857,59.285714285714285,32.857142857142854,0.0,-0.1478079412671014,0.7611814619635419,-0.18031037037718148,0.7190874949123027,1.9400001686839232,0.6317575406030755,1.0,-50.486903705610814
S11_C6_PRIMARY,primary,0.11,6.0,OBJECTIVE_LIQUIDITY_ONLY,ACCEPTANCE_RETEST,STRUCTURAL,,0.5,25,48.0,48.0,4.0,20.0,-0.2578406406341786,0.4838309848104974,-0.2976968782504482,0.4252436324765935,1.5399999999997362,0.6676447469565119,7.0,-7.442421956261205
S11_C6_PRIMARY,primary,0.11,6.0,OBJECTIVE_LIQUIDITY_ONLY,ACCEPTANCE_RETEST,STRUCTURAL,,1.0,25,32.0,60.0,8.0,20.0,-0.302831960078621,0.5150955757651664,-0.3426881976948906,0.47229764561518206,1.5399999999997362,0.6676447469565119,7.0,-8.567204942372266
S11_C6_PRIMARY,primary,0.11,6.0,OBJECTIVE_LIQUIDITY_ONLY,ACCEPTANCE_RETEST,STRUCTURAL,,1.5,25,28.000000000000004,64.0,8.0,20.0,-0.242831960078623,0.634574767844699,-0.28268819769489256,0.5910779408942736,1.5399999999997362,0.6676447469565119,7.0,-7.067204942372315
S11_C6_PRIMARY,primary,0.11,6.0,OBJECTIVE_LIQUIDITY_ONLY,ACCEPTANCE_RETEST,STRUCTURAL,,2.0,25,28.000000000000004,64.0,8.0,20.0,-0.10283196007862104,0.8452535124596116,-0.14268819769489063,0.7935946668900008,1.5399999999997362,0.6676447469565119,7.0,-3.567204942372266
S11_C6_PRIMARY,primary,0.11,6.0,OBJECTIVE_LIQUIDITY_ONLY,ACCEPTANCE_RETEST,STRUCTURAL,,2.5,25,20.0,64.0,16.0,20.0,-0.17427351852019313,0.7421838427459811,-0.2141297561364627,0.6966396334815278,1.5399999999997362,0.6676447469565119,7.0,-5.353243903411568
S11_C6_PRIMARY,primary,0.11,6.0,OBJECTIVE_LIQUIDITY_ONLY,ACCEPTANCE_RETEST,STRUCTURAL,,3.0,25,20.0,64.0,16.0,20.0,-0.0742735185201892,0.8901214981300123,-0.1141297561364588,0.8383109135464785,1.5399999999997362,0.6676447469565119,7.0,-2.85324390341147
S11_C6_PRIMARY,primary,0.11,6.0,OBJECTIVE_LIQUIDITY_ONLY,CLEAN_REJECTION,STRUCTURAL,,0.5,1461,59.27446954140999,29.50034223134839,11.225188227241615,0.06844626967830253,-0.014413526458229759,0.9546007781322458,-0.045319152177121284,0.8622068475021858,1.8951980532358448,0.8850000000002183,1.0,-66.2112813307742
S11_C6_PRIMARY,primary,0.11,6.0,OBJECTIVE_LIQUIDITY_ONLY,CLEAN_REJECTION,STRUCTURAL,,1.0,1461,37.37166324435318,39.83572895277207,22.79260780287474,0.0,-0.014944639851265061,0.9652234087646653,-0.045850265570156576,0.8970872848769683,1.8951980532358448,0.8850000000002183,1.0,-66.98723799799876
S11_C6_PRIMARY,primary,0.11,6.0,OBJECTIVE_LIQUIDITY_ONLY,CLEAN_REJECTION,STRUCTURAL,,1.5,1461,24.366872005475702,43.737166324435314,31.89596167008898,0.0,-0.008099595818830803,0.982795904196622,-0.03900522153772233,0.9200979989395681,1.8951980532358448,0.8850000000002183,1.0,-56.986628666612326
S11_C6_PRIMARY,primary,0.11,6.0,OBJECTIVE_LIQUIDITY_ONLY,CLEAN_REJECTION,STRUCTURAL,,2.0,1461,15.879534565366187,45.31143052703628,38.809034907597535,0.0,-0.004949935474270102,0.9898639164565121,-0.03585556119316164,0.929214864364539,1.8951980532358448,0.8850000000002183,1.0,-52.384974903209155
S11_C6_PRIMARY,primary,0.11,6.0,OBJECTIVE_LIQUIDITY_ONLY,CLEAN_REJECTION,STRUCTURAL,,2.5,1461,10.951403148528405,46.26967830253251,42.77891854893908,0.0,-0.005610317464764455,0.9887510092705987,-0.03651594318365598,0.9294098528438652,1.8951980532358448,0.8850000000002183,1.0,-53.349792991321394
S11_C6_PRIMARY,primary,0.11,6.0,OBJECTIVE_LIQUIDITY_ONLY,CLEAN_REJECTION,STRUCTURAL,,3.0,1461,7.939767282683094,47.02258726899384,45.03764544832307,0.0,-0.014439534026821617,0.9714913125085191,-0.045345159745713154,0.9136839294696646,1.8951980532358448,0.8850000000002183,1.0,-66.24927838848691
S11_C6_PRIMARY,primary,0.11,6.0,OBJECTIVE_LIQUIDITY_ONLY,FAILED_AUCTION,STRUCTURAL,,0.5,226,63.716814159292035,32.743362831858406,3.5398230088495577,0.4424778761061947,-0.011181447976761079,0.9666037111305406,-0.03468537641104705,0.8988310032059291,2.530401702526433,0.7644999999999982,5.0,-7.838895068896632
S11_C6_PRIMARY,primary,0.11,6.0,OBJECTIVE_LIQUIDITY_ONLY,FAILED_AUCTION,STRUCTURAL,,1.0,226,42.47787610619469,48.23008849557522,9.29203539823009,0.4424778761061947,-0.05120988903995885,0.896736339309158,-0.0747138174742448,0.8529050727620306,2.530401702526433,0.7644999999999982,5.0,-16.885322749179323
S11_C6_PRIMARY,primary,0.11,6.0,OBJECTIVE_LIQUIDITY_ONLY,FAILED_AUCTION,STRUCTURAL,,1.5,226,28.761061946902654,53.09734513274337,18.141592920353983,0.0,-0.050581896974428435,0.9078182456417969,-0.07408582540871438,0.8682160668542193,2.530401702526433,0.7644999999999982,5.0,-16.74339654236945
S11_C6_PRIMARY,primary,0.11,6.0,OBJECTIVE_LIQUIDITY_ONLY,FAILED_AUCTION,STRUCTURAL,,2.0,226,19.911504424778762,57.07964601769911,23.008849557522122,0.0,-0.0719534496823574,0.8777429203347872,-0.09545737811664332,0.8417201173784649,2.530401702526433,0.7644999999999982,5.0,-21.57336745436139
S11_C6_PRIMARY,primary,0.11,6.0,OBJECTIVE_LIQUIDITY_ONLY,FAILED_AUCTION,STRUCTURAL,,2.5,226,10.176991150442479,57.52212389380531,32.30088495575221,0.0,-0.11378613343770735,0.8081124196848184,-0.1372900618719933,0.774148433478302,2.530401702526433,0.7644999999999982,5.0,-31.027553983070487
S11_C6_PRIMARY,primary,0.11,6.0,OBJECTIVE_LIQUIDITY_ONLY,FAILED_AUCTION,STRUCTURAL,,3.0,226,7.964601769911504,57.9646017699115,34.070796460176986,0.0,-0.1084957224914561,0.8183892657849361,-0.131999650925742,0.7844727988886,2.530401702526433,0.7644999999999982,5.0,-29.831921109217696
S11_C6_PRIMARY,primary,0.11,6.0,OBJECTIVE_LIQUIDITY_ONLY,PASSIVE_TOUCH,STRUCTURAL,,0.5,934,49.25053533190578,50.107066381156315,0.6423982869379015,27.194860813704498,-0.2616454719671654,0.48489482299897374,-0.3290936828121481,0.39334268497535657,0.8628088369931675,0.4379999999998745,2.0,-307.3734997465464
S11_C6_PRIMARY,primary,0.11,6.0,OBJECTIVE_LIQUIDITY_ONLY,PASSIVE_TOUCH,STRUCTURAL,,1.0,934,39.61456102783726,58.45824411134903,1.9271948608137044,26.231263383297645,-0.19409779282934442,0.6726268716403125,-0.2615460036743272,0.5869115237073057,0.8628088369931675,0.4379999999998745,2.0,-244.28396743182157
S11_C6_PRIMARY,primary,0.11,6.0,OBJECTIVE_LIQUIDITY_ONLY,PASSIVE_TOUCH,STRUCTURAL,,1.5,934,31.47751605995717,65.31049250535332,3.2119914346895073,25.481798715203425,-0.1799048997138403,0.728313762453966,-0.24735311055882303,0.6502171521340191,0.8628088369931675,0.4379999999998745,2.0,-231.0278052619407
S11_C6_PRIMARY,primary,0.11,6.0,OBJECTIVE_LIQUIDITY_ONLY,PASSIVE_TOUCH,STRUCTURAL,,2.0,934,25.588865096359743,69.80728051391864,4.6038543897216275,25.374732334047106,-0.17259930472428084,0.7559215365425089,-0.24004751556926357,0.6821397728825317,0.8628088369931675,0.4379999999998745,2.0,-224.20437954169216
S11_C6_PRIMARY,primary,0.11,6.0,OBJECTIVE_LIQUIDITY_ONLY,PASSIVE_TOUCH,STRUCTURAL,,2.5,934,22.376873661670235,72.1627408993576,5.460385438972163,25.267665952890795,-0.1350603346779542,0.8151634392557805,-0.2025085455229369,0.7404869182200693,0.8628088369931675,0.4379999999998745,2.0,-189.14298151842306
S11_C6_PRIMARY,primary,0.11,6.0,OBJECTIVE_LIQUIDITY_ONLY,PASSIVE_TOUCH,STRUCTURAL,,3.0,934,19.16488222698073,74.08993576017131,6.745182012847965,25.267665952890795,-0.11622569898617097,0.845026895438644,-0.18367390983115367,0.7706710737285999,0.8628088369931675,0.4379999999998745,2.0,-171.55143178229753
S11_C6_PRIMARY,primary,0.11,6.0,OBJECTIVE_LIQUIDITY_ONLY,RECLAIM_PULLBACK,STRUCTURAL,,0.5,1193,59.43000838222967,34.28331936295054,6.286672254819782,2.4308466051969826,-0.05644100005639239,0.8418785790539874,-0.0923137347638354,0.7509330309190746,1.5759999999997945,0.6559999999997217,3.0,-110.13028557325563
S11_C6_PRIMARY,primary,0.11,6.0,OBJECTIVE_LIQUIDITY_ONLY,RECLAIM_PULLBACK,STRUCTURAL,,1.0,1193,39.81559094719195,46.18608549874266,13.998323554065381,2.2632020117351215,-0.055983377178175704,0.8838949600919687,-0.09185611188561874,0.816631388587339,1.5759999999997945,0.6559999999997217,3.0,-109.58434147954316
S11_C6_PRIMARY,primary,0.11,6.0,OBJECTIVE_LIQUIDITY_ONLY,RECLAIM_PULLBACK,STRUCTURAL,,1.5,1193,27.912824811399833,51.63453478625314,20.452640402347026,2.2632020117351215,-0.04935083310019358,0.9082065827219565,-0.08522356780763661,0.8474544404600586,1.5759999999997945,0.6559999999997217,3.0,-101.67171639451048
S11_C6_PRIMARY,primary,0.11,6.0,OBJECTIVE_LIQUIDITY_ONLY,RECLAIM_PULLBACK,STRUCTURAL,,2.0,1193,19.19530595138307,54.48449287510477,26.320201173512153,2.2632020117351215,-0.055479491861523136,0.9021168384980746,-0.09135222656896617,0.8448998795943095,1.5759999999997945,0.6559999999997217,3.0,-108.98320629677664
S11_C6_PRIMARY,primary,0.11,6.0,OBJECTIVE_LIQUIDITY_ONLY,RECLAIM_PULLBACK,STRUCTURAL,,2.5,1193,12.908633696563285,56.16093880972338,30.930427493713324,2.2632020117351215,-0.07182207309225717,0.8770688350736057,-0.10769480779970023,0.8226608876887698,1.5759999999997945,0.6559999999997217,3.0,-128.47990570504237
S11_C6_PRIMARY,primary,0.11,6.0,OBJECTIVE_LIQUIDITY_ONLY,RECLAIM_PULLBACK,STRUCTURAL,,3.0,1193,10.393964794635373,56.58005029337804,33.02598491198659,2.2632020117351215,-0.051440230341514584,0.9125816395737557,-0.08731296504895762,0.857250159525755,1.5759999999997945,0.6559999999997217,3.0,-104.16436730340644
S11_C6_PRIMARY,primary,0.11,6.0,OBJECTIVE_LIQUIDITY_ONLY,TOUCH_NEXT_OPEN,VOL_FLOOR_0.25,0.25,0.5,1896,60.654008438818565,30.327004219409282,9.018987341772151,1.0021097046413503,-0.011841628009827146,0.9631288258989756,-0.05010961619020419,0.8505451969723019,1.6744676887036576,0.11481085088835383,1.0,-95.00783229662714
S11_C6_PRIMARY,primary,0.11,6.0,OBJECTIVE_LIQUIDITY_ONLY,TOUCH_NEXT_OPEN,VOL_FLOOR_0.25,0.25,1.0,1896,40.40084388185654,41.66666666666667,17.932489451476794,0.6329113924050633,-0.00871517385070426,0.9803159321763762,-0.046983162031081285,0.8983741519593335,1.6744676887036576,0.11481085088835383,1.0,-89.08007521093012
S11_C6_PRIMARY,primary,0.11,6.0,OBJECTIVE_LIQUIDITY_ONLY,TOUCH_NEXT_OPEN,VOL_FLOOR_0.25,0.25,1.5,1896,27.42616033755274,47.257383966244724,25.31645569620253,0.4746835443037975,-0.013057387098618284,0.9739392451001572,-0.05132537527899533,0.9019067064223135,1.6744676887036576,0.11481085088835383,1.0,-97.31291152897515
S11_C6_PRIMARY,primary,0.11,6.0,OBJECTIVE_LIQUIDITY_ONLY,TOUCH_NEXT_OPEN,VOL_FLOOR_0.25,0.25,2.0,1896,19.514767932489452,49.36708860759494,31.118143459915608,0.42194092827004215,-2.020552874076524e-05,0.9999614092306358,-0.03828819370911781,0.9299985146532943,1.6744676887036576,0.11481085088835383,1.0,-72.59441527248737
S11_C6_PRIMARY,primary,0.11,6.0,OBJECTIVE_LIQUIDITY_ONLY,TOUCH_NEXT_OPEN,VOL_FLOOR_0.25,0.25,2.5,1896,13.765822784810128,51.31856540084389,34.91561181434599,0.26371308016877637,-0.017009234843132718,0.9687263463846318,-0.05527722302350974,0.9027309429399212,1.6744676887036576,0.11481085088835383,1.0,-104.80561485257448
S11_C6_PRIMARY,primary,0.11,6.0,OBJECTIVE_LIQUIDITY_ONLY,TOUCH_NEXT_OPEN,VOL_FLOOR_0.25,0.25,3.0,1896,10.337552742616033,52.05696202531646,37.60548523206751,0.26371308016877637,-0.013834421752806275,0.9749132384981998,-0.052102409933183304,0.9095730761870807,1.6744676887036576,0.11481085088835383,1.0,-98.78616923331555
S11_C6_PRIMARY,primary,0.11,6.0,OBJECTIVE_LIQUIDITY_ONLY,TOUCH_NEXT_OPEN,VOL_FLOOR_0.50,0.5,0.5,1896,61.128691983122366,29.85232067510549,9.018987341772151,0.7383966244725738,-0.004761161748630275,0.9849547037736855,-0.040836239589714725,0.876014337815683,1.7012139046286165,0.22962170177670765,1.0,-77.42551026209912
S11_C6_PRIMARY,primary,0.11,6.0,OBJECTIVE_LIQUIDITY_ONLY,TOUCH_NEXT_OPEN,VOL_FLOOR_0.50,0.5,1.0,1896,40.40084388185654,41.5084388185654,18.09071729957806,0.5274261603375527,-0.0074910354129754594,0.9830370604560129,-0.043566113254059916,0.905273822130751,1.7012139046286165,0.22962170177670765,1.0,-82.6013507296976
S11_C6_PRIMARY,primary,0.11,6.0,OBJECTIVE_LIQUIDITY_ONLY,TOUCH_NEXT_OPEN,VOL_FLOOR_0.50,0.5,1.5,1896,27.21518987341772,47.257383966244724,25.52742616033755,0.3691983122362869,-0.01613944515101703,0.9678162367590757,-0.052214522992101484,0.9000479922539261,1.7012139046286165,0.22962170177670765,1.0,-98.9987355930244
S11_C6_PRIMARY,primary,0.11,6.0,OBJECTIVE_LIQUIDITY_ONLY,TOUCH_NEXT_OPEN,VOL_FLOOR_0.50,0.5,2.0,1896,19.303797468354432,49.208860759493675,31.4873417721519,0.31645569620253167,-0.0018443965467428,0.9964723416425227,-0.03791947438782725,0.9303947195299809,1.7012139046286165,0.22962170177670765,1.0,-71.89532343932046
S11_C6_PRIMARY,primary,0.11,6.0,OBJECTIVE_LIQUIDITY_ONLY,TOUCH_NEXT_OPEN,VOL_FLOOR_0.50,0.5,2.5,1896,13.238396624472573,51.21308016877637,35.54852320675106,0.15822784810126583,-0.02476730710086091,0.9544438526719454,-0.06084238494194534,0.8926032717176383,1.7012139046286165,0.22962170177670765,1.0,-115.35716184992836
S11_C6_PRIMARY,primary,0.11,6.0,OBJECTIVE_LIQUIDITY_ONLY,TOUCH_NEXT_OPEN,VOL_FLOOR_0.50,0.5,3.0,1896,9.757383966244726,51.95147679324894,38.291139240506325,0.05274261603375527,-0.02494429795541071,0.954749140390596,-0.061019375796495155,0.8937675713384046,1.7012139046286165,0.22962170177670765,1.0,-115.69273651015482
S11_C6_PRIMARY,primary,0.11,6.0,OBJECTIVE_LIQUIDITY_ONLY,TOUCH_NEXT_OPEN,VOL_FLOOR_0.75,0.75,0.5,1896,60.86497890295358,29.85232067510549,9.282700421940929,0.3691983122362869,-0.006798162837449743,0.9785682763466007,-0.04010522262136576,0.8781036987894345,1.8214999999999009,0.34443255266506145,1.0,-76.03950209010948
S11_C6_PRIMARY,primary,0.11,6.0,OBJECTIVE_LIQUIDITY_ONLY,TOUCH_NEXT_OPEN,VOL_FLOOR_0.75,0.75,1.0,1896,40.189873417721515,40.92827004219409,18.88185654008439,0.31645569620253167,-0.003749785943996396,0.9914173945116903,-0.037056845727912416,0.9183082085466704,1.8214999999999009,0.34443255266506145,1.0,-70.25977950012194
S11_C6_PRIMARY,primary,0.11,6.0,OBJECTIVE_LIQUIDITY_ONLY,TOUCH_NEXT_OPEN,VOL_FLOOR_0.75,0.75,1.5,1896,26.476793248945146,45.9915611814346,27.531645569620256,0.10548523206751054,-0.007354054933855418,0.9850022512582304,-0.04066111471777143,0.9201616768002545,1.8214999999999009,0.34443255266506145,1.0,-77.09347350489463
S11_C6_PRIMARY,primary,0.11,6.0,OBJECTIVE_LIQUIDITY_ONLY,TOUCH_NEXT_OPEN,VOL_FLOOR_0.75,0.75,2.0,1896,17.616033755274263,48.31223628691983,34.07172995780591,0.0,-0.013520890495730187,0.9737389927744499,-0.04682795027964621,0.9124371900041257,1.8214999999999009,0.34443255266506145,1.0,-88.7857937302092
S11_C6_PRIMARY,primary,0.11,6.0,OBJECTIVE_LIQUIDITY_ONLY,TOUCH_NEXT_OPEN,VOL_FLOOR_0.75,0.75,2.5,1896,12.39451476793249,49.36708860759494,38.23839662447258,0.0,-0.008026652582876308,0.9847439027567574,-0.04133371236679232,0.924366857034886,1.8214999999999009,0.34443255266506145,1.0,-78.36871864743824
S11_C6_PRIMARY,primary,0.11,6.0,OBJECTIVE_LIQUIDITY_ONLY,TOUCH_NEXT_OPEN,VOL_FLOOR_0.75,0.75,3.0,1896,8.913502109704641,49.947257383966246,41.139240506329116,0.0,-0.008093943281227716,0.984789378778402,-0.041401003065143736,0.9251018103779478,1.8214999999999009,0.34443255266506145,1.0,-78.49630181151252
S11_C6_PRIMARY,primary,0.11,6.0,OBJECTIVE_LIQUIDITY_ONLY,TOUCH_NEXT_OPEN,VOL_FLOOR_1.00,1.0,0.5,1896,59.86286919831224,29.58860759493671,10.548523206751055,0.21097046413502107,-0.010303572301069973,0.9674460050068544,-0.040421523642017655,0.8765238077851343,2.026094303551501,0.4591679693552259,1.0,-76.63920882526547
S11_C6_PRIMARY,primary,0.11,6.0,OBJECTIVE_LIQUIDITY_ONLY,TOUCH_NEXT_OPEN,VOL_FLOOR_1.00,1.0,1.0,1896,38.34388185654009,39.60970464135021,22.046413502109704,0.21097046413502107,-0.00644111901296228,0.9849355322497214,-0.03655907035390997,0.9174232482583025,2.026094303551501,0.4591679693552259,1.0,-69.3159973910133
S11_C6_PRIMARY,primary,0.11,6.0,OBJECTIVE_LIQUIDITY_ONLY,TOUCH_NEXT_OPEN,VOL_FLOOR_1.00,1.0,1.5,1896,24.050632911392405,44.040084388185655,31.909282700421944,0.0,-0.013402031416536543,0.9717270205135207,-0.04351998275748423,0.911352365699431,2.026094303551501,0.4591679693552259,1.0,-82.51388730819009
S11_C6_PRIMARY,primary,0.11,6.0,OBJECTIVE_LIQUIDITY_ONLY,TOUCH_NEXT_OPEN,VOL_FLOOR_1.00,1.0,2.0,1896,15.875527426160337,45.516877637130804,38.607594936708864,0.0,-0.005897734055148999,0.987971390730254,-0.03601568539609669,0.929084115911304,2.026094303551501,0.4591679693552259,1.0,-68.28573951099932
S11_C6_PRIMARY,primary,0.11,6.0,OBJECTIVE_LIQUIDITY_ONLY,TOUCH_NEXT_OPEN,VOL_FLOOR_1.00,1.0,2.5,1896,10.073839662447257,46.30801687763713,43.61814345991561,0.0,-0.00726315714119874,0.9854341941053103,-0.03738110848214642,0.9276276530851302,2.026094303551501,0.4591679693552259,1.0,-70.87458168214962
S11_C6_PRIMARY,primary,0.11,6.0,OBJECTIVE_LIQUIDITY_ONLY,TOUCH_NEXT_OPEN,VOL_FLOOR_1.00,1.0,3.0,1896,6.434599156118144,46.88818565400844,46.677215189873415,0.0,-0.019101729714445532,0.9621513453212945,-0.049219681055393205,0.9058599173424804,2.026094303551501,0.4591679693552259,1.0,-93.32051528102552
S12_C6,sensitivity,0.12,6.0,DISPLACEMENT_ORIGIN_ONLY,ACCEPTANCE_RETEST,STRUCTURAL,,0.5,16,12.5,87.5,0.0,50.0,-0.8124999999999798,0.07142857142859463,-0.9417400657202966,0.052121138868727955,0.46432778071834946,0.25900000000001455,7.0,-15.067841051524745
S12_C6,sensitivity,0.12,6.0,DISPLACEMENT_ORIGIN_ONLY,ACCEPTANCE_RETEST,STRUCTURAL,,1.0,16,12.5,87.5,0.0,43.75,-0.75,0.14285714285714285,-0.8792400657203169,0.11502854928603165,0.46432778071834946,0.25900000000001455,7.0,-14.06784105152507
S12_C6,sensitivity,0.12,6.0,DISPLACEMENT_ORIGIN_ONLY,ACCEPTANCE_RETEST,STRUCTURAL,,1.5,16,12.5,87.5,0.0,43.75,-0.6875000000000203,0.21428571428569107,-0.8167400657203372,0.17793595970333534,0.46432778071834946,0.25900000000001455,7.0,-13.067841051525395
S12_C6,sensitivity,0.12,6.0,DISPLACEMENT_ORIGIN_ONLY,ACCEPTANCE_RETEST,STRUCTURAL,,2.0,16,12.5,87.5,0.0,43.75,-0.625,0.2857142857142857,-0.7542400657203168,0.2408433701206799,0.46432778071834946,0.25900000000001455,7.0,-12.067841051525068
S12_C6,sensitivity,0.12,6.0,DISPLACEMENT_ORIGIN_ONLY,ACCEPTANCE_RETEST,STRUCTURAL,,2.5,16,12.5,87.5,0.0,43.75,-0.5624999999999798,0.35714285714288035,-0.6917400657202966,0.3037507805380245,0.46432778071834946,0.25900000000001455,7.0,-11.067841051524745
S12_C6,sensitivity,0.12,6.0,DISPLACEMENT_ORIGIN_ONLY,ACCEPTANCE_RETEST,STRUCTURAL,,3.0,16,12.5,87.5,0.0,43.75,-0.5,0.42857142857142855,-0.6292400657203169,0.36665819095532814,0.46432778071834946,0.25900000000001455,7.0,-10.06784105152507
S12_C6,sensitivity,0.12,6.0,DISPLACEMENT_ORIGIN_ONLY,CLEAN_REJECTION,STRUCTURAL,,0.5,981,59.021406727828754,23.955147808358817,17.023445463812436,0.0,0.03697512110634635,1.1366743898077365,0.007705756877198864,1.0275266066287263,2.4850000000001273,0.45099999999979445,1.0,7.5593474965320855
S12_C6,sensitivity,0.12,6.0,DISPLACEMENT_ORIGIN_ONLY,CLEAN_REJECTION,STRUCTURAL,,1.0,981,37.20693170234455,33.43527013251784,29.357798165137616,0.0,0.04369923051822921,1.1169856965301312,0.014429866289081715,1.0372673519383715,2.4850000000001273,0.45099999999979445,1.0,14.155698829589163
S12_C6,sensitivity,0.12,6.0,DISPLACEMENT_ORIGIN_ONLY,CLEAN_REJECTION,STRUCTURAL,,1.5,981,23.853211009174313,37.51274209989806,38.63404689092763,0.0,0.03298529512689335,1.0784697748761851,0.0037159308977458604,1.008517244382745,2.4850000000001273,0.45099999999979445,1.0,3.645328210688689
S12_C6,sensitivity,0.12,6.0,DISPLACEMENT_ORIGIN_ONLY,CLEAN_REJECTION,STRUCTURAL,,2.0,981,16.106014271151885,38.837920489296636,45.05606523955148,0.0,0.03874747458162442,1.0887732034799829,0.00947811035247693,1.0209079895463709,2.4850000000001273,0.45099999999979445,1.0,9.298026255779867
S12_C6,sensitivity,0.12,6.0,DISPLACEMENT_ORIGIN_ONLY,CLEAN_REJECTION,STRUCTURAL,,2.5,981,10.9072375127421,39.347604485219165,49.745158002038735,0.0,0.04488921246264755,1.1015621843742298,0.015619848233500065,1.0340206670222711,2.4850000000001273,0.45099999999979445,1.0,15.323071117063565
S12_C6,sensitivity,0.12,6.0,DISPLACEMENT_ORIGIN_ONLY,CLEAN_REJECTION,STRUCTURAL,,3.0,981,7.543323139653414,39.9592252803262,52.49745158002038,0.10193679918450561,0.03785599149698432,1.0844804310687124,0.008586627267836832,1.0184424833514063,2.4850000000001273,0.45099999999979445,1.0,8.423481349747933
S12_C6,sensitivity,0.12,6.0,DISPLACEMENT_ORIGIN_ONLY,FAILED_AUCTION,STRUCTURAL,,0.5,207,58.93719806763285,39.130434782608695,1.932367149758454,0.0,-0.10280616974648006,0.7413630253120254,-0.15594714667393558,0.6279219332109244,1.2770000000000437,0.39000000000010004,2.0,-32.28105936150467
S12_C6,sensitivity,0.12,6.0,DISPLACEMENT_ORIGIN_ONLY,FAILED_AUCTION,STRUCTURAL,,1.0,207,39.61352657004831,57.00483091787439,3.3816425120772946,0.4830917874396135,-0.1733314659224494,0.6992006237128789,-0.22647244284990492,0.6268655667143236,1.2770000000000437,0.39000000000010004,2.0,-46.87979566993032
S12_C6,sensitivity,0.12,6.0,DISPLACEMENT_ORIGIN_ONLY,FAILED_AUCTION,STRUCTURAL,,1.5,207,31.88405797101449,61.35265700483091,6.763285024154589,0.4830917874396135,-0.10851913745262197,0.8248884638619112,-0.16166011438007744,0.7525190378250547,1.2770000000000437,0.39000000000010004,2.0,-33.46364367667603
S12_C6,sensitivity,0.12,6.0,DISPLACEMENT_ORIGIN_ONLY,FAILED_AUCTION,STRUCTURAL,,2.0,207,24.154589371980677,65.70048309178745,10.144927536231885,0.0,-0.11677457656957081,0.8239205790790035,-0.1699155534970263,0.7573541286366275,1.2770000000000437,0.39000000000010004,2.0,-35.17251957388444
S12_C6,sensitivity,0.12,6.0,DISPLACEMENT_ORIGIN_ONLY,FAILED_AUCTION,STRUCTURAL,,2.5,207,16.425120772946862,68.11594202898551,15.458937198067632,0.0,-0.15718542442702682,0.7713158401114882,-0.21032640135448236,0.7101360058625675,1.2770000000000437,0.39000000000010004,2.0,-43.537565080377846
S12_C6,sensitivity,0.12,6.0,DISPLACEMENT_ORIGIN_ONLY,FAILED_AUCTION,STRUCTURAL,,3.0,207,12.077294685990339,69.08212560386472,18.84057971014493,0.0,-0.16796606912008763,0.7591270636496642,-0.22110704604754317,0.6999311981686879,1.2770000000000437,0.39000000000010004,2.0,-45.769158531841434
S12_C6,sensitivity,0.12,6.0,DISPLACEMENT_ORIGIN_ONLY,PASSIVE_TOUCH,STRUCTURAL,,0.5,533,53.09568480300187,46.90431519699813,0.0,26.26641651031895,-0.2070071875129221,0.5618762085823056,-0.3153445014750848,0.40339330938773427,0.6017500000000382,0.24050000000011096,3.0,-168.0786192862202
S12_C6,sensitivity,0.12,6.0,DISPLACEMENT_ORIGIN_ONLY,PASSIVE_TOUCH,STRUCTURAL,,1.0,533,43.151969981238274,56.66041275797373,0.18761726078799248,25.515947467166978,-0.1373697507997301,0.7590201329166945,-0.24570706476189283,0.6127057191274765,0.6017500000000382,0.24050000000011096,3.0,-130.96186551808887
S12_C6,sensitivity,0.12,6.0,DISPLACEMENT_ORIGIN_ONLY,PASSIVE_TOUCH,STRUCTURAL,,1.5,533,37.148217636022515,62.10131332082551,0.7504690431519699,24.953095684803,-0.06495051115715085,0.8960298585182215,-0.1732878251193136,0.7505029898712415,0.6017500000000382,0.24050000000011096,3.0,-92.36241078859415
S12_C6,sensitivity,0.12,6.0,DISPLACEMENT_ORIGIN_ONLY,PASSIVE_TOUCH,STRUCTURAL,,2.0,533,32.08255159474672,66.22889305816135,1.6885553470919326,24.202626641651033,-0.01615225748939437,0.975782809359092,-0.1244895714515571,0.8321634620746039,0.6017500000000382,0.24050000000011096,3.0,-66.35294158367994
S12_C6,sensitivity,0.12,6.0,DISPLACEMENT_ORIGIN_ONLY,PASSIVE_TOUCH,STRUCTURAL,,2.5,533,26.07879924953096,70.73170731707317,3.189493433395872,24.015009380863038,-0.027821791429999743,0.9609246153689808,-0.13615910539216253,0.8279957486172875,0.6017500000000382,0.24050000000011096,3.0,-72.57280317402262
S12_C6,sensitivity,0.12,6.0,DISPLACEMENT_ORIGIN_ONLY,PASSIVE_TOUCH,STRUCTURAL,,3.0,533,21.388367729831145,74.29643527204503,4.315196998123827,24.015009380863038,-0.05708075041009326,0.9236723538425423,-0.16541806437225604,0.8011762172314744,0.6017500000000382,0.24050000000011096,3.0,-88.16782831041246
S12_C6,sensitivity,0.12,6.0,DISPLACEMENT_ORIGIN_ONLY,RECLAIM_PULLBACK,STRUCTURAL,,0.5,851,57.109283196239716,32.19741480611046,10.693301997649824,4.230317273795535,-0.04826274796107842,0.8583386038770822,-0.09314446227930044,0.7411699667839987,1.8166136989009374,0.2599999999999909,3.0,-79.26593739968467
S12_C6,sensitivity,0.12,6.0,DISPLACEMENT_ORIGIN_ONLY,RECLAIM_PULLBACK,STRUCTURAL,,1.0,851,37.95534665099882,41.59811985898942,20.44653349001175,4.3478260869565215,-0.027326116526821865,0.9379314282912923,-0.07220783084504388,0.8445561051397222,1.8166136989009374,0.2599999999999909,3.0,-61.44886404913234
S12_C6,sensitivity,0.12,6.0,DISPLACEMENT_ORIGIN_ONLY,RECLAIM_PULLBACK,STRUCTURAL,,1.5,851,26.204465334900117,47.82608695652174,25.96944770857814,4.3478260869565215,-0.05008944490801045,0.9008855868686684,-0.09497115922623246,0.8218970795454583,1.8166136989009374,0.2599999999999909,3.0,-80.82045650152382
S12_C6,sensitivity,0.12,6.0,DISPLACEMENT_ORIGIN_ONLY,RECLAIM_PULLBACK,STRUCTURAL,,2.0,851,18.33137485311398,51.233842538190366,30.434782608695656,4.230317273795535,-0.0716859882199003,0.8674689968060635,-0.1165677025381223,0.7959540426087219,1.8166136989009374,0.2599999999999909,3.0,-99.19911485994209
S12_C6,sensitivity,0.12,6.0,DISPLACEMENT_ORIGIN_ONLY,RECLAIM_PULLBACK,STRUCTURAL,,2.5,851,13.396004700352526,52.526439482961216,34.07755581668625,4.230317273795535,-0.08046387165882397,0.8548808008645742,-0.12534558597704598,0.7860967609914139,1.8166136989009374,0.2599999999999909,3.0,-106.66909366646614
S12_C6,sensitivity,0.12,6.0,DISPLACEMENT_ORIGIN_ONLY,RECLAIM_PULLBACK,STRUCTURAL,,3.0,851,11.28084606345476,52.87896592244419,35.84018801410106,4.230317273795535,-0.049497033798366175,0.9112944794659816,-0.09437874811658818,0.8399802837193282,1.8166136989009374,0.2599999999999909,3.0,-80.31631464721654
S12_C6,sensitivity,0.12,6.0,DISPLACEMENT_ORIGIN_ONLY,TOUCH_NEXT_OPEN,VOL_FLOOR_0.25,0.25,0.5,1227,62.02118989405053,25.509372453137736,12.469437652811736,0.7334963325183375,0.04032250170481826,1.1447597043964384,-0.0015235941444542173,0.9947857210616694,1.984000000000151,0.1649868682810125,1.0,-1.8694500152453246
S12_C6,sensitivity,0.12,6.0,DISPLACEMENT_ORIGIN_ONLY,TOUCH_NEXT_OPEN,VOL_FLOOR_0.25,0.25,1.0,1227,40.74979625101874,35.77832110839446,23.4718826405868,0.24449877750611246,0.05734854054129369,1.1473627638106247,0.0155024446920212,1.0379476272284542,1.984000000000151,0.1649868682810125,1.0,19.02149963711001
S12_C6,sensitivity,0.12,6.0,DISPLACEMENT_ORIGIN_ONLY,TOUCH_NEXT_OPEN,VOL_FLOOR_0.25,0.25,1.5,1227,28.198859005704975,41.075794621026894,30.72534637326813,0.16299918500407498,0.05556864498384648,1.1244345346565332,0.013722549134573978,1.0292402481582883,1.984000000000151,0.1649868682810125,1.0,16.83756778812227
S12_C6,sensitivity,0.12,6.0,DISPLACEMENT_ORIGIN_ONLY,TOUCH_NEXT_OPEN,VOL_FLOOR_0.25,0.25,2.0,1227,20.211898940505296,44.00977995110024,35.77832110839446,0.16299918500407498,0.05115784195061868,1.1070839002023114,0.009311746101346186,1.0185114209859187,1.984000000000151,0.1649868682810125,1.0,11.42551246635177
S12_C6,sensitivity,0.12,6.0,DISPLACEMENT_ORIGIN_ONLY,TOUCH_NEXT_OPEN,VOL_FLOOR_0.25,0.25,2.5,1227,14.995925020374898,45.15077424612877,39.85330073349633,0.24449877750611246,0.06131467924641684,1.1252658036867043,0.019468583397144353,1.0377532619842111,1.984000000000151,0.1649868682810125,1.0,23.88795182829612
S12_C6,sensitivity,0.12,6.0,DISPLACEMENT_ORIGIN_ONLY,TOUCH_NEXT_OPEN,VOL_FLOOR_0.25,0.25,3.0,1227,11.98044009779951,45.72127139364303,42.298288508557455,0.24449877750611246,0.07845946254616468,1.1584458461710923,0.036613366696892184,1.0701625766834375,1.984000000000151,0.1649868682810125,1.0,44.92460093708671
S12_C6,sensitivity,0.12,6.0,DISPLACEMENT_ORIGIN_ONLY,TOUCH_NEXT_OPEN,VOL_FLOOR_0.50,0.5,0.5,1227,62.51018744906276,25.020374898125507,12.469437652811736,0.16299918500407498,0.0476574650300037,1.1741498153480119,0.01306088348872222,1.0458989035466664,2.0621982743327862,0.21449999999981628,1.0,16.025704040662163
S12_C6,sensitivity,0.12,6.0,DISPLACEMENT_ORIGIN_ONLY,TOUCH_NEXT_OPEN,VOL_FLOOR_0.50,0.5,1.0,1227,39.69030154849226,36.674816625916876,23.634881825590874,0.0,0.038529148939860855,1.0967751253851945,0.003932567398579371,1.0094812763103993,2.0621982743327862,0.21449999999981628,1.0,4.825260198056888
S12_C6,sensitivity,0.12,6.0,DISPLACEMENT_ORIGIN_ONLY,TOUCH_NEXT_OPEN,VOL_FLOOR_0.50,0.5,1.5,1227,26.487367563162184,42.053789731051346,31.458842705786473,0.08149959250203749,0.02405157053545244,1.0526779330997165,-0.010545011005829047,0.9778513199089046,2.0621982743327862,0.21449999999981628,1.0,-12.938728504152241
S12_C6,sensitivity,0.12,6.0,DISPLACEMENT_ORIGIN_ONLY,TOUCH_NEXT_OPEN,VOL_FLOOR_0.50,0.5,2.0,1227,19.47840260798696,43.76528117359413,36.7563162184189,0.08149959250203749,0.045382892369647806,1.0954385441732983,0.010786310828366329,1.0217366961708756,2.0621982743327862,0.21449999999981628,1.0,13.234803386405485
S12_C6,sensitivity,0.12,6.0,DISPLACEMENT_ORIGIN_ONLY,TOUCH_NEXT_OPEN,VOL_FLOOR_0.50,0.5,2.5,1227,13.447432762836186,45.069274653626735,41.483292583537086,0.16299918500407498,0.03782987056170164,1.0773790964732846,0.0032332890204201602,1.0063329383448607,2.0621982743327862,0.21449999999981628,1.0,3.9672456280555366
S12_C6,sensitivity,0.12,6.0,DISPLACEMENT_ORIGIN_ONLY,TOUCH_NEXT_OPEN,VOL_FLOOR_0.50,0.5,3.0,1227,9.861450692746535,45.39527302363488,44.743276283618584,0.08149959250203749,0.04668584410936266,1.094860998974667,0.012089262568081188,1.0235205108051817,2.0621982743327862,0.21449999999981628,1.0,14.833525171035618
S12_C6,sensitivity,0.12,6.0,DISPLACEMENT_ORIGIN_ONLY,TOUCH_NEXT_OPEN,VOL_FLOOR_0.75,0.75,0.5,1227,61.93969030154849,25.4278728606357,12.632436837815812,0.16299918500407498,0.040765445697900915,1.1466126438989088,0.011544829556297802,1.0401785536948918,2.3114952957652184,0.2822017560571268,1.0,14.165505865577403
S12_C6,sensitivity,0.12,6.0,DISPLACEMENT_ORIGIN_ONLY,TOUCH_NEXT_OPEN,VOL_FLOOR_0.75,0.75,1.0,1227,37.65281173594132,36.91931540342298,25.4278728606357,0.08149959250203749,0.01632428243950582,1.0404355034928252,-0.012896333702097291,0.969141522142383,2.3114952957652184,0.2822017560571268,1.0,-15.823801452473376
S12_C6,sensitivity,0.12,6.0,DISPLACEMENT_ORIGIN_ONLY,TOUCH_NEXT_OPEN,VOL_FLOOR_0.75,0.75,1.5,1227,24.938875305623473,40.831295843520785,34.229828850855746,0.08149959250203749,0.020962141714263232,1.0469386635834041,-0.008258474427339886,0.9821488299425678,2.3114952957652184,0.2822017560571268,1.0,-10.13314812234604
S12_C6,sensitivity,0.12,6.0,DISPLACEMENT_ORIGIN_ONLY,TOUCH_NEXT_OPEN,VOL_FLOOR_0.75,0.75,2.0,1227,16.951915240423798,41.972290138549305,41.075794621026894,0.0,0.04009409506882975,1.0872256022935367,0.010873478927226631,1.0228197834015418,2.3114952957652184,0.2822017560571268,1.0,13.341758643707077
S12_C6,sensitivity,0.12,6.0,DISPLACEMENT_ORIGIN_ONLY,TOUCH_NEXT_OPEN,VOL_FLOOR_0.75,0.75,2.5,1227,10.268948655256724,42.54278728606357,47.18826405867971,0.08149959250203749,0.028347873884124613,1.0608721543426907,-0.0008727422574785121,0.9981924545062305,2.3114952957652184,0.2822017560571268,1.0,-1.0708547499261343
S12_C6,sensitivity,0.12,6.0,DISPLACEMENT_ORIGIN_ONLY,TOUCH_NEXT_OPEN,VOL_FLOOR_0.75,0.75,3.0,1227,7.497962510187449,42.868785656071715,49.63325183374083,0.08149959250203749,0.03645497464430565,1.077659797259444,0.007234358502702545,1.0148631660546474,2.3114952957652184,0.2822017560571268,1.0,8.876557882816023
S12_C6,sensitivity,0.12,6.0,DISPLACEMENT_ORIGIN_ONLY,TOUCH_NEXT_OPEN,VOL_FLOOR_1.00,1.0,0.5,1227,60.47269763651182,25.67237163814181,13.854930725346373,0.16299918500407498,0.027725145679217925,1.09760371627005,0.0026494836583022085,1.009060530352253,2.6434999999999036,0.37626900807616903,1.0,3.2509164487368096
S12_C6,sensitivity,0.12,6.0,DISPLACEMENT_ORIGIN_ONLY,TOUCH_NEXT_OPEN,VOL_FLOOR_1.00,1.0,1.0,1227,36.348818255908725,34.31132844335779,29.3398533007335,0.08149959250203749,0.03418412759783264,1.0896579528572043,0.009108465576916918,1.0231715245328368,2.6434999999999036,0.37626900807616903,1.0,11.176087262877058
S12_C6,sensitivity,0.12,6.0,DISPLACEMENT_ORIGIN_ONLY,TOUCH_NEXT_OPEN,VOL_FLOOR_1.00,1.0,1.5,1227,23.06438467807661,37.163814180929094,39.77180114099429,0.0,0.046203119884106414,1.1113550052965568,0.0211274578631907,1.049338008862323,2.6434999999999036,0.37626900807616903,1.0,25.923390798134985
S12_C6,sensitivity,0.12,6.0,DISPLACEMENT_ORIGIN_ONLY,TOUCH_NEXT_OPEN,VOL_FLOOR_1.00,1.0,2.0,1227,14.099429502852487,37.73431132844336,48.16625916870416,0.0,0.05942540385202011,1.1411754279118342,0.034349741831104404,1.0790486138418505,2.6434999999999036,0.37626900807616903,1.0,42.147133226765106
S12_C6,sensitivity,0.12,6.0,DISPLACEMENT_ORIGIN_ONLY,TOUCH_NEXT_OPEN,VOL_FLOOR_1.00,1.0,2.5,1227,7.416462917685411,37.97881010594947,54.604726976365114,0.08149959250203749,0.0434902934273433,1.1024294423968308,0.0184146314064276,1.0420075225491565,2.6434999999999036,0.37626900807616903,1.0,22.594752735686665
S12_C6,sensitivity,0.12,6.0,DISPLACEMENT_ORIGIN_ONLY,TOUCH_NEXT_OPEN,VOL_FLOOR_1.00,1.0,3.0,1227,4.88997555012225,38.22330888345558,56.88671556642216,0.08149959250203749,0.04324094781911044,1.1012590771786175,0.01816528579819474,1.0411990374633384,2.6434999999999036,0.37626900807616903,1.0,22.288805674384946
S12_C6,sensitivity,0.12,6.0,DOZ_OBJECTIVE_ONLY,ACCEPTANCE_RETEST,STRUCTURAL,,0.5,9,55.55555555555556,44.44444444444444,0.0,22.22222222222222,-0.16666666666663627,0.6250000000000684,-0.2430464127398771,0.49463214786566007,0.6844999999998436,0.5554999999999382,12.0,-2.187417714658894
S12_C6,sensitivity,0.12,6.0,DOZ_OBJECTIVE_ONLY,ACCEPTANCE_RETEST,STRUCTURAL,,1.0,9,55.55555555555556,44.44444444444444,0.0,22.22222222222222,0.1111111111111111,1.25,0.034731365037870256,1.0722171339746025,0.6844999999998436,0.5554999999999382,12.0,0.3125822853408323
S12_C6,sensitivity,0.12,6.0,DOZ_OBJECTIVE_ONLY,ACCEPTANCE_RETEST,STRUCTURAL,,1.5,9,44.44444444444444,55.55555555555556,0.0,22.22222222222222,0.11111111111109254,1.1999999999999666,0.034731365037851646,1.0580523934446198,0.6844999999998436,0.5554999999999382,12.0,0.3125822853406648
S12_C6,sensitivity,0.12,6.0,DOZ_OBJECTIVE_ONLY,ACCEPTANCE_RETEST,STRUCTURAL,,2.0,9,33.33333333333333,66.66666666666666,0.0,22.22222222222222,0.0,1.0,-0.07637974607324087,0.8937202120457934,0.6844999999998436,0.5554999999999382,12.0,-0.6874177146591678
S12_C6,sensitivity,0.12,6.0,DOZ_OBJECTIVE_ONLY,ACCEPTANCE_RETEST,STRUCTURAL,,2.5,9,22.22222222222222,77.77777777777779,0.0,22.22222222222222,-0.22222222222220367,0.7142857142857382,-0.2986019682954446,0.6419578572623295,0.6844999999998436,0.5554999999999382,12.0,-2.6874177146590013
S12_C6,sensitivity,0.12,6.0,DOZ_OBJECTIVE_ONLY,ACCEPTANCE_RETEST,STRUCTURAL,,3.0,9,22.22222222222222,77.77777777777779,0.0,22.22222222222222,-0.1111111111111111,0.8571428571428571,-0.18749085718435202,0.7751869197875207,0.6844999999998436,0.5554999999999382,12.0,-1.6874177146591682
S12_C6,sensitivity,0.12,6.0,DOZ_OBJECTIVE_ONLY,CLEAN_REJECTION,STRUCTURAL,,0.5,22,72.72727272727273,27.27272727272727,0.0,4.545454545454546,0.0909090909091062,1.3333333333333892,0.04699736437606116,1.1642994285695636,1.5687914462727122,0.6199999999996635,1.0,1.0339420162733455
S12_C6,sensitivity,0.12,6.0,DOZ_OBJECTIVE_ONLY,CLEAN_REJECTION,STRUCTURAL,,1.0,22,54.54545454545454,36.36363636363637,9.090909090909092,0.0,0.22797747145130282,1.6269380464910828,0.18406574491825783,1.4831225983921408,1.5687914462727122,0.6199999999996635,1.0,4.049446388201672
S12_C6,sensitivity,0.12,6.0,DOZ_OBJECTIVE_ONLY,CLEAN_REJECTION,STRUCTURAL,,1.5,22,40.909090909090914,45.45454545454545,13.636363636363635,0.0,0.2143321306170123,1.471530687357427,0.1704204040839673,1.3584214673896085,1.5687914462727122,0.6199999999996635,1.0,3.749248889847281
S12_C6,sensitivity,0.12,6.0,DOZ_OBJECTIVE_ONLY,CLEAN_REJECTION,STRUCTURAL,,2.0,22,27.27272727272727,50.0,22.727272727272727,0.0,0.16776740265304665,1.3322440075173538,0.1238556761200016,1.2327847778497267,1.5687914462727122,0.6199999999996635,1.0,2.7248248746400354
S12_C6,sensitivity,0.12,6.0,DOZ_OBJECTIVE_ONLY,CLEAN_REJECTION,STRUCTURAL,,2.5,22,27.27272727272727,50.0,22.727272727272727,0.0,0.3041310390166936,1.602296474853889,0.26021931248364855,1.4890780684934017,1.5687914462727122,0.6199999999996635,1.0,5.724824874640268
S12_C6,sensitivity,0.12,6.0,DOZ_OBJECTIVE_ONLY,CLEAN_REJECTION,STRUCTURAL,,3.0,22,27.27272727272727,50.0,22.727272727272727,0.0,0.44049467538031933,1.872348942190382,0.3965829488472743,1.745371359137037,1.5687914462727122,0.6199999999996635,1.0,8.724824874640035
S12_C6,sensitivity,0.12,6.0,DOZ_OBJECTIVE_ONLY,FAILED_AUCTION,STRUCTURAL,,0.5,40,75.0,22.5,2.5,0.0,0.13934256677758855,1.591292898646138,0.10508390156450506,1.4331718072453405,2.1899840529217727,0.6005000000000109,2.0,4.203356062580203
S12_C6,sensitivity,0.12,6.0,DOZ_OBJECTIVE_ONLY,FAILED_AUCTION,STRUCTURAL,,1.0,40,50.0,42.5,7.5,0.0,0.09069317381979887,1.2081754307483565,0.05643450860671538,1.1260488907250714,2.1899840529217727,0.6005000000000109,2.0,2.2573803442686153
S12_C6,sensitivity,0.12,6.0,DOZ_OBJECTIVE_ONLY,FAILED_AUCTION,STRUCTURAL,,1.5,40,37.5,50.0,12.5,2.5,0.0904972960186664,1.168842894239742,0.056238630805582945,1.1022660895533898,2.1899840529217727,0.6005000000000109,2.0,2.249545232223318
S12_C6,sensitivity,0.12,6.0,DOZ_OBJECTIVE_ONLY,FAILED_AUCTION,STRUCTURAL,,2.0,40,30.0,57.49999999999999,12.5,2.5,0.05299729601866608,1.0867407167620047,0.018738630805582624,1.0298141035354222,2.1899840529217727,0.6005000000000109,2.0,0.7495452322233049
S12_C6,sensitivity,0.12,6.0,DOZ_OBJECTIVE_ONLY,FAILED_AUCTION,STRUCTURAL,,2.5,40,25.0,60.0,15.0,2.5,0.10243433458887612,1.1610640171703042,0.0681756693757926,1.1042819500854806,2.1899840529217727,0.6005000000000109,2.0,2.727026775031704
S12_C6,sensitivity,0.12,6.0,DOZ_OBJECTIVE_ONLY,FAILED_AUCTION,STRUCTURAL,,3.0,40,22.5,62.5,15.0,2.5,0.12743433458888026,1.192794529287326,0.09317566937579676,1.1367694542473967,2.1899840529217727,0.6005000000000109,2.0,3.72702677503187
S12_C6,sensitivity,0.12,6.0,DOZ_OBJECTIVE_ONLY,PASSIVE_TOUCH,STRUCTURAL,,0.5,68,36.76470588235294,63.23529411764706,0.0,58.82352941176471,-0.44852941176470607,0.2906976744186044,-0.5726465491634652,0.19739368451311862,0.48505984733105834,0.2519999999999527,0.0,-38.93996534311564
S12_C6,sensitivity,0.12,6.0,DOZ_OBJECTIVE_ONLY,PASSIVE_TOUCH,STRUCTURAL,,1.0,68,30.88235294117647,69.11764705882352,0.0,58.82352941176471,-0.38235294117647056,0.44680851063829785,-0.5064700785752297,0.3490057481483479,0.48505984733105834,0.2519999999999527,0.0,-34.439965343115624
S12_C6,sensitivity,0.12,6.0,DOZ_OBJECTIVE_ONLY,PASSIVE_TOUCH,STRUCTURAL,,1.5,68,26.47058823529412,73.52941176470588,0.0,60.29411764705882,-0.338235294117646,0.5400000000000014,-0.4623524315164051,0.44089505498622533,0.48505984733105834,0.2519999999999527,0.0,-31.439965343115546
S12_C6,sensitivity,0.12,6.0,DOZ_OBJECTIVE_ONLY,PASSIVE_TOUCH,STRUCTURAL,,2.0,68,25.0,75.0,0.0,57.35294117647059,-0.25,0.6666666666666666,-0.3741171373987592,0.5562852229151011,0.48505984733105834,0.2519999999999527,0.0,-25.439965343115624
S12_C6,sensitivity,0.12,6.0,DOZ_OBJECTIVE_ONLY,PASSIVE_TOUCH,STRUCTURAL,,2.5,68,23.52941176470588,76.47058823529412,0.0,55.88235294117647,-0.17647058823529238,0.7692307692307716,-0.3005877256340515,0.6502005783021934,0.48505984733105834,0.2519999999999527,0.0,-20.439965343115503
S12_C6,sensitivity,0.12,6.0,DOZ_OBJECTIVE_ONLY,PASSIVE_TOUCH,STRUCTURAL,,3.0,68,19.11764705882353,80.88235294117648,0.0,54.41176470588235,-0.23529411764705882,0.7090909090909091,-0.3594112550458179,0.6038539933297269,0.48505984733105834,0.2519999999999527,0.0,-24.439965343115617
S12_C6,sensitivity,0.12,6.0,DOZ_OBJECTIVE_ONLY,RECLAIM_PULLBACK,STRUCTURAL,,0.5,39,58.97435897435898,41.02564102564102,0.0,23.076923076923077,-0.11538461538462623,0.7187499999999736,-0.1720053235900911,0.6053545645274511,1.1050000000000182,0.4484999999997399,3.0,-6.708207620013553
S12_C6,sensitivity,0.12,6.0,DOZ_OBJECTIVE_ONLY,RECLAIM_PULLBACK,STRUCTURAL,,1.0,39,48.717948717948715,48.717948717948715,2.564102564102564,20.51282051282051,0.01402489381783453,1.028787939941871,-0.04259581438763038,0.9178050314699855,1.1050000000000182,0.4484999999997399,3.0,-1.661236761117585
S12_C6,sensitivity,0.12,6.0,DOZ_OBJECTIVE_ONLY,RECLAIM_PULLBACK,STRUCTURAL,,1.5,39,41.02564102564102,51.28205128205128,7.6923076923076925,20.51282051282051,0.17047741244537645,1.332430954268484,0.11385670423991155,1.2087129881905792,1.1050000000000182,0.4484999999997399,3.0,4.440411465356551
S12_C6,sensitivity,0.12,6.0,DOZ_OBJECTIVE_ONLY,RECLAIM_PULLBACK,STRUCTURAL,,2.0,39,38.46153846153847,53.84615384615385,7.6923076923076925,20.51282051282051,0.29868254065050376,1.5546961469223641,0.2420618324450389,1.423496072051133,1.1050000000000182,0.4484999999997399,3.0,9.440411465356517
S12_C6,sensitivity,0.12,6.0,DOZ_OBJECTIVE_ONLY,RECLAIM_PULLBACK,STRUCTURAL,,2.5,39,25.64102564102564,66.66666666666666,7.6923076923076925,20.51282051282051,0.04227228424024741,1.0634084263603711,-0.01434842396521748,0.9796132660877567,1.1050000000000182,0.4484999999997399,3.0,-0.5595885346434817
S12_C6,sensitivity,0.12,6.0,DOZ_OBJECTIVE_ONLY,RECLAIM_PULLBACK,STRUCTURAL,,3.0,39,25.64102564102564,66.66666666666666,7.6923076923076925,20.51282051282051,0.17047741244537554,1.2557161186680632,0.11385670423991066,1.161771518536869,1.1050000000000182,0.4484999999997399,3.0,4.440411465356516
S12_C6,sensitivity,0.12,6.0,DOZ_OBJECTIVE_ONLY,TOUCH_NEXT_OPEN,VOL_FLOOR_0.25,0.25,0.5,64,64.0625,35.9375,0.0,7.8125,-0.03906249999999126,0.8913043478261102,-0.10119431926806663,0.7366581917080417,1.1945774130408184,0.2889958595383947,1.0,-6.476436433156264
S12_C6,sensitivity,0.12,6.0,DOZ_OBJECTIVE_ONLY,TOUCH_NEXT_OPEN,VOL_FLOOR_0.25,0.25,1.0,64,48.4375,48.4375,3.125,4.6875,-0.0009078893468798116,0.9981590391234315,-0.06303970861495521,0.8799947324708918,1.1945774130408184,0.2889958595383947,1.0,-4.0345413513571335
S12_C6,sensitivity,0.12,6.0,DOZ_OBJECTIVE_ONLY,TOUCH_NEXT_OPEN,VOL_FLOOR_0.25,0.25,1.5,64,35.9375,57.8125,6.25,3.125,-0.05191543576896425,0.9148715879544765,-0.11404725503703961,0.8236993492909602,1.1945774130408184,0.2889958595383947,1.0,-7.299024322370535
S12_C6,sensitivity,0.12,6.0,DOZ_OBJECTIVE_ONLY,TOUCH_NEXT_OPEN,VOL_FLOOR_0.25,0.25,2.0,64,28.125,62.5,9.375,3.125,-0.032556536549266754,0.9504258097233006,-0.09468835581734208,0.864302142411502,1.1945774130408184,0.2889958595383947,1.0,-6.060054772309893
S12_C6,sensitivity,0.12,6.0,DOZ_OBJECTIVE_ONLY,TOUCH_NEXT_OPEN,VOL_FLOOR_0.25,0.25,2.5,64,28.125,62.5,9.375,3.125,0.10806846345073522,1.1645570179711866,0.04593664418265987,1.065831792585107,1.1945774130408184,0.2889958595383947,1.0,2.939945227690232
S12_C6,sensitivity,0.12,6.0,DOZ_OBJECTIVE_ONLY,TOUCH_NEXT_OPEN,VOL_FLOOR_0.25,0.25,3.0,64,26.5625,64.0625,9.375,3.125,0.18619346345074017,1.2769299834471728,0.12406164418266484,1.1734912556571055,1.1945774130408184,0.2889958595383947,1.0,7.93994522769055
S12_C6,sensitivity,0.12,6.0,DOZ_OBJECTIVE_ONLY,TOUCH_NEXT_OPEN,VOL_FLOOR_0.50,0.5,0.5,64,68.75,31.25,0.0,1.5625,0.031250000000005704,1.100000000000018,-0.014435602194355003,0.9561211102857772,1.324500000000171,0.5349999999998545,1.0,-0.9238785404387202
S12_C6,sensitivity,0.12,6.0,DOZ_OBJECTIVE_ONLY,TOUCH_NEXT_OPEN,VOL_FLOOR_0.50,0.5,1.0,64,48.4375,48.4375,3.125,0.0,-0.0009078893468834094,0.9981590391234242,-0.046593491541244134,0.9099366121608505,1.324500000000171,0.5349999999998545,1.0,-2.9819834586396246
S12_C6,sensitivity,0.12,6.0,DOZ_OBJECTIVE_ONLY,TOUCH_NEXT_OPEN,VOL_FLOOR_0.50,0.5,1.5,64,39.0625,54.6875,6.25,0.0,0.026209564231041302,1.0452983606059283,-0.019476037963319426,0.9678336099931364,1.324500000000171,0.5349999999998545,1.0,-1.2464664296524433
S12_C6,sensitivity,0.12,6.0,DOZ_OBJECTIVE_ONLY,TOUCH_NEXT_OPEN,VOL_FLOOR_0.50,0.5,2.0,64,29.6875,60.9375,9.375,0.0,0.014318463450731442,1.02233426390769,-0.031367138743629265,0.953325222474565,1.324500000000171,0.5349999999998545,1.0,-2.007496879592273
S12_C6,sensitivity,0.12,6.0,DOZ_OBJECTIVE_ONLY,TOUCH_NEXT_OPEN,VOL_FLOOR_0.50,0.5,2.5,64,26.5625,62.5,10.9375,0.0,0.09578795320898902,1.1458573522220972,0.050102351014628274,1.0728356145408111,1.324500000000171,0.5349999999998545,1.0,3.2065504649362095
S12_C6,sensitivity,0.12,6.0,DOZ_OBJECTIVE_ONLY,TOUCH_NEXT_OPEN,VOL_FLOOR_0.50,0.5,3.0,64,23.4375,65.625,10.9375,0.0,0.10360045320898484,1.150587850804693,0.057914851014624125,1.0804664486636968,1.324500000000171,0.5349999999998545,1.0,3.706550464935944
S12_C6,sensitivity,0.12,6.0,DOZ_OBJECTIVE_ONLY,TOUCH_NEXT_OPEN,VOL_FLOOR_0.75,0.75,0.5,64,67.1875,32.8125,0.0,1.5625,0.007812500000004783,1.0238095238095384,-0.0286716066958241,0.9160137314494557,1.7324932060921032,0.5779999999999745,1.0,-1.8349828285327423
S12_C6,sensitivity,0.12,6.0,DOZ_OBJECTIVE_ONLY,TOUCH_NEXT_OPEN,VOL_FLOOR_0.75,0.75,1.0,64,50.0,45.3125,4.6875,0.0,0.055540806776043505,1.1202414673239878,0.01905670008021461,1.039767006342788,1.7324932060921032,0.5779999999999745,1.0,1.219628805133735
S12_C6,sensitivity,0.12,6.0,DOZ_OBJECTIVE_ONLY,TOUCH_NEXT_OPEN,VOL_FLOOR_0.75,0.75,1.5,64,35.9375,51.5625,12.5,0.0,0.02004698679909163,1.0354616564549888,-0.01643711989673723,0.9719732118976433,1.7324932060921032,0.5779999999999745,1.0,-1.0519756733911827
S12_C6,sensitivity,0.12,6.0,DOZ_OBJECTIVE_ONLY,TOUCH_NEXT_OPEN,VOL_FLOOR_0.75,0.75,2.0,64,26.5625,57.8125,15.625,0.0,-0.007469113981215969,0.9881029912794564,-0.043953220677044845,0.9324993796651921,1.7324932060921032,0.5779999999999745,1.0,-2.81300612333087
S12_C6,sensitivity,0.12,6.0,DOZ_OBJECTIVE_ONLY,TOUCH_NEXT_OPEN,VOL_FLOOR_0.75,0.75,2.5,64,21.875,57.8125,20.3125,0.0,0.05147377180512396,1.0819888294093396,0.014989665109295093,1.0230201946046897,1.7324932060921032,0.5779999999999745,1.0,0.959338566994886
S12_C6,sensitivity,0.12,6.0,DOZ_OBJECTIVE_ONLY,TOUCH_NEXT_OPEN,VOL_FLOOR_0.75,0.75,3.0,64,20.3125,57.8125,21.875,0.0,0.11623653832543639,1.1851447325052584,0.0797524316296075,1.122478820102013,1.7324932060921032,0.5779999999999745,1.0,5.10415562429488
S12_C6,sensitivity,0.12,6.0,DOZ_OBJECTIVE_ONLY,TOUCH_NEXT_OPEN,VOL_FLOOR_1.00,1.0,0.5,64,67.1875,29.6875,3.125,0.0,0.035224383251487794,1.1143631051636242,0.0062473025456349154,1.0196510194923587,2.157811414736801,0.7668254590016127,1.0,0.3998273629206346
S12_C6,sensitivity,0.12,6.0,DOZ_OBJECTIVE_ONLY,TOUCH_NEXT_OPEN,VOL_FLOOR_1.00,1.0,1.0,64,40.625,43.75,15.625,0.0,-0.05646748390864993,0.8830366078814699,-0.08544456461450281,0.8285860764391124,2.157811414736801,0.7668254590016127,1.0,-5.46845213532818
S12_C6,sensitivity,0.12,6.0,DOZ_OBJECTIVE_ONLY,TOUCH_NEXT_OPEN,VOL_FLOOR_1.00,1.0,1.5,64,29.6875,51.5625,18.75,0.0,-0.09083439713974159,0.8427029655100686,-0.11981147784559447,0.7986943050796712,2.157811414736801,0.7668254590016127,1.0,-7.667934582118046
S12_C6,sensitivity,0.12,6.0,DOZ_OBJECTIVE_ONLY,TOUCH_NEXT_OPEN,VOL_FLOOR_1.00,1.0,2.0,64,21.875,51.5625,26.5625,0.0,-0.023362083580293763,0.9595441090335773,-0.05233916428614664,0.9120604133457868,2.157811414736801,0.7668254590016127,1.0,-3.349706514313385
S12_C6,sensitivity,0.12,6.0,DOZ_OBJECTIVE_ONLY,TOUCH_NEXT_OPEN,VOL_FLOOR_1.00,1.0,2.5,64,18.75,51.5625,29.6875,0.0,0.0360558506373978,1.06243756286013,0.007078769931544916,1.0118936576517923,2.157811414736801,0.7668254590016127,1.0,0.45304127561887464
S12_C6,sensitivity,0.12,6.0,DOZ_OBJECTIVE_ONLY,TOUCH_NEXT_OPEN,VOL_FLOOR_1.00,1.0,3.0,64,15.625,53.125,31.25,0.0,0.05429948326895016,1.0915526812765812,0.0253224025630973,1.0414235402981393,2.157811414736801,0.7668254590016127,1.0,1.6206337640382271
S12_C6,sensitivity,0.12,6.0,MEMORY_ONLY,ACCEPTANCE_RETEST,STRUCTURAL,,0.5,13,46.15384615384615,53.84615384615385,0.0,7.6923076923076925,-0.3076923076923138,0.4285714285714171,-0.34656621304958696,0.3818975725805144,1.4800000000007003,1.1488820698170912,6.0,-4.50536076964463
S12_C6,sensitivity,0.12,6.0,MEMORY_ONLY,ACCEPTANCE_RETEST,STRUCTURAL,,1.0,13,46.15384615384615,53.84615384615385,0.0,7.6923076923076925,-0.07692307692307693,0.8571428571428571,-0.11579698228034996,0.7934755520293765,1.4800000000007003,1.1488820698170912,6.0,-1.5053607696445495
S12_C6,sensitivity,0.12,6.0,MEMORY_ONLY,ACCEPTANCE_RETEST,STRUCTURAL,,1.5,13,46.15384615384615,53.84615384615385,0.0,7.6923076923076925,0.15384615384616013,1.2857142857142971,0.11497224848888703,1.2050535314782385,1.4800000000007003,1.1488820698170912,6.0,1.4946392303555314
S12_C6,sensitivity,0.12,6.0,MEMORY_ONLY,ACCEPTANCE_RETEST,STRUCTURAL,,2.0,13,38.46153846153847,53.84615384615385,7.6923076923076925,7.6923076923076925,0.28755540070949703,1.5340314584604946,0.24868149535222403,1.443524585328011,1.4800000000007003,1.1488820698170912,6.0,3.2328594395789123
S12_C6,sensitivity,0.12,6.0,MEMORY_ONLY,ACCEPTANCE_RETEST,STRUCTURAL,,2.5,13,38.46153846153847,53.84615384615385,7.6923076923076925,7.6923076923076925,0.4798630930171775,1.8911743156033296,0.44098918765990436,1.7865062348686989,1.4800000000007003,1.1488820698170912,6.0,5.732859439578757
S12_C6,sensitivity,0.12,6.0,MEMORY_ONLY,ACCEPTANCE_RETEST,STRUCTURAL,,3.0,13,30.76923076923077,53.84615384615385,15.384615384615385,7.6923076923076925,0.5789724194176475,2.0752344932042024,0.5400985140603745,1.963268172187948,1.4800000000007003,1.1488820698170912,6.0,7.021280682784868
S12_C6,sensitivity,0.12,6.0,MEMORY_ONLY,CLEAN_REJECTION,STRUCTURAL,,0.5,202,55.940594059405946,41.584158415841586,2.4752475247524752,0.49504950495049505,-0.1437940719239679,0.6604602686955007,-0.1761994563044478,0.5979083171052029,1.8437416289647217,0.7358210013569533,1.0,-35.592290173498455
S12_C6,sensitivity,0.12,6.0,MEMORY_ONLY,CLEAN_REJECTION,STRUCTURAL,,1.0,202,36.633663366336634,54.45544554455446,8.91089108910891,0.49504950495049505,-0.18754712317971944,0.666876408827621,-0.21995250756019938,0.6228509369400138,1.8437416289647217,0.7358210013569533,1.0,-44.43040652716027
S12_C6,sensitivity,0.12,6.0,MEMORY_ONLY,CLEAN_REJECTION,STRUCTURAL,,1.5,202,28.217821782178216,58.91089108910891,12.871287128712872,0.49504950495049505,-0.14643842328036175,0.7589689658731048,-0.17884380766084162,0.7156726464492461,1.8437416289647217,0.7358210013569533,1.0,-36.12644914749001
S12_C6,sensitivity,0.12,6.0,MEMORY_ONLY,CLEAN_REJECTION,STRUCTURAL,,2.0,202,19.801980198019802,60.89108910891089,19.306930693069308,0.49504950495049505,-0.13164977597679045,0.7902553630960248,-0.16405516035727039,0.7476292789538129,1.8437416289647217,0.7358210013569533,1.0,-33.139142392168615
S12_C6,sensitivity,0.12,6.0,MEMORY_ONLY,CLEAN_REJECTION,STRUCTURAL,,2.5,202,14.85148514851485,60.89108910891089,24.257425742574256,0.0,-0.08424722385255386,0.8657771861287704,-0.11665260823303376,0.8205499736333991,1.8437416289647217,0.7358210013569533,1.0,-23.56382686307282
S12_C6,sensitivity,0.12,6.0,MEMORY_ONLY,CLEAN_REJECTION,STRUCTURAL,,3.0,202,9.405940594059405,61.88118811881188,28.71287128712871,0.0,-0.11989528473225004,0.8119490054588062,-0.15230066911272996,0.7693460082574531,1.8437416289647217,0.7358210013569533,1.0,-30.76473516077145
S12_C6,sensitivity,0.12,6.0,MEMORY_ONLY,FAILED_AUCTION,STRUCTURAL,,0.5,21,66.66666666666666,28.57142857142857,4.761904761904762,0.0,0.05454729798236137,1.1909155429382647,0.031283408530357285,1.1072826968718423,2.780999999999949,1.2501366181588764,6.0,0.6569515791375029
S12_C6,sensitivity,0.12,6.0,MEMORY_ONLY,FAILED_AUCTION,STRUCTURAL,,1.0,21,38.095238095238095,57.14285714285714,4.761904761904762,0.0,-0.18354794011287398,0.6787911048024705,-0.20681182956487798,0.6452304732065641,2.780999999999949,1.2501366181588764,6.0,-4.343048420862438
S12_C6,sensitivity,0.12,6.0,MEMORY_ONLY,FAILED_AUCTION,STRUCTURAL,,1.5,21,28.57142857142857,61.904761904761905,9.523809523809524,0.0,-0.14756152003056539,0.761631390719856,-0.1708254094825695,0.7297949621116496,2.780999999999949,1.2501366181588764,6.0,-3.5873335991339594
S12_C6,sensitivity,0.12,6.0,MEMORY_ONLY,FAILED_AUCTION,STRUCTURAL,,2.0,21,14.285714285714285,66.66666666666666,19.047619047619047,0.0,-0.2926816494577064,0.5680431990940955,-0.31594553890971044,0.5445892695768657,2.780999999999949,1.2501366181588764,6.0,-6.634856317103919
S12_C6,sensitivity,0.12,6.0,MEMORY_ONLY,FAILED_AUCTION,STRUCTURAL,,2.5,21,14.285714285714285,66.66666666666666,19.047619047619047,0.0,-0.22125307802912988,0.6734616879700964,-0.24451696748113394,0.6475479566962464,2.780999999999949,1.2501366181588764,6.0,-5.134856317103813
S12_C6,sensitivity,0.12,6.0,MEMORY_ONLY,FAILED_AUCTION,STRUCTURAL,,3.0,21,14.285714285714285,66.66666666666666,19.047619047619047,0.0,-0.1498245066005635,0.7788801768460822,-0.1730883960525676,0.7505066438156127,2.780999999999949,1.2501366181588764,6.0,-3.634856317103919
S12_C6,sensitivity,0.12,6.0,MEMORY_ONLY,PASSIVE_TOUCH,STRUCTURAL,,0.5,183,49.72677595628415,49.72677595628415,0.546448087431694,21.85792349726776,-0.32890598543069915,0.43050513870605545,-0.39566095139765683,0.3527099423160033,0.8980000000003656,0.3938278801188062,2.0,-72.4059541057712
S12_C6,sensitivity,0.12,6.0,MEMORY_ONLY,PASSIVE_TOUCH,STRUCTURAL,,1.0,183,38.79781420765027,60.10928961748634,1.092896174863388,21.85792349726776,-0.2959025461568197,0.5673184646853702,-0.36265751212377734,0.4997237111447594,0.8980000000003656,0.3938278801188062,2.0,-66.36632471865126
S12_C6,sensitivity,0.12,6.0,MEMORY_ONLY,PASSIVE_TOUCH,STRUCTURAL,,1.5,183,27.322404371584703,71.03825136612022,1.639344262295082,21.85792349726776,-0.3824485878997113,0.5178228620741075,-0.4492035538666691,0.4663187333005462,0.8980000000003656,0.3938278801188062,2.0,-82.20425035760044
S12_C6,sensitivity,0.12,6.0,MEMORY_ONLY,PASSIVE_TOUCH,STRUCTURAL,,2.0,183,23.497267759562842,74.86338797814209,1.639344262295082,21.85792349726776,-0.3605906644024406,0.566296289096629,-0.4273456303693983,0.5157523194339141,0.8980000000003656,0.3938278801188062,2.0,-78.20425035759989
S12_C6,sensitivity,0.12,6.0,MEMORY_ONLY,PASSIVE_TOUCH,STRUCTURAL,,2.5,183,19.672131147540984,77.04918032786885,3.278688524590164,21.85792349726776,-0.3331580959906256,0.6095557683422768,-0.39991306195758336,0.5582589401443432,0.8980000000003656,0.3938278801188062,2.0,-73.18409033823775
S12_C6,sensitivity,0.12,6.0,MEMORY_ONLY,PASSIVE_TOUCH,STRUCTURAL,,3.0,183,15.846994535519126,80.32786885245902,3.825136612021858,21.85792349726776,-0.37244004520255275,0.579670314401827,-0.43919501116951043,0.5329851240692348,0.8980000000003656,0.3938278801188062,2.0,-80.37268704402041
S12_C6,sensitivity,0.12,6.0,MEMORY_ONLY,RECLAIM_PULLBACK,STRUCTURAL,,0.5,170,47.647058823529406,50.0,2.3529411764705883,1.7647058823529411,-0.2622665928529196,0.4800537660690573,-0.3010768469181988,0.4262822428354919,1.5505381534758271,0.5476557602376033,3.5,-51.1830639760938
S12_C6,sensitivity,0.12,6.0,MEMORY_ONLY,RECLAIM_PULLBACK,STRUCTURAL,,1.0,170,32.35294117647059,62.35294117647059,5.294117647058823,1.7647058823529411,-0.2941725630460516,0.5319909730963183,-0.33298281711133076,0.49077532483754366,1.5505381534758271,0.5476557602376033,3.5,-56.607078908926226
S12_C6,sensitivity,0.12,6.0,MEMORY_ONLY,RECLAIM_PULLBACK,STRUCTURAL,,1.5,170,25.882352941176475,66.47058823529412,7.647058823529412,1.7647058823529411,-0.26176094519228843,0.6097268480814948,-0.3005711992575676,0.5691893804352818,1.5505381534758271,0.5476557602376033,3.5,-51.09710387378649
S12_C6,sensitivity,0.12,6.0,MEMORY_ONLY,RECLAIM_PULLBACK,STRUCTURAL,,2.0,170,18.823529411764707,69.41176470588235,11.76470588235294,1.7647058823529411,-0.25913594516738087,0.6298713136885264,-0.29794619923266014,0.5910854691225245,1.5505381534758271,0.5476557602376033,3.5,-50.65085386955222
S12_C6,sensitivity,0.12,6.0,MEMORY_ONLY,RECLAIM_PULLBACK,STRUCTURAL,,2.5,170,14.705882352941178,70.58823529411765,14.705882352941178,1.1764705882352942,-0.24397488970372444,0.6573450194717007,-0.2827851437690036,0.6185026322053574,1.5505381534758271,0.5476557602376033,3.5,-48.073474440730614
S12_C6,sensitivity,0.12,6.0,MEMORY_ONLY,RECLAIM_PULLBACK,STRUCTURAL,,3.0,170,10.0,71.76470588235294,18.235294117647058,1.1764705882352942,-0.2552549233350908,0.6473297953157874,-0.29406517740037,0.6097064011950012,1.5505381534758271,0.5476557602376033,3.5,-49.99108015806291
S12_C6,sensitivity,0.12,6.0,MEMORY_ONLY,TOUCH_NEXT_OPEN,VOL_FLOOR_0.25,0.25,0.5,280,58.214285714285715,40.0,1.7857142857142856,0.7142857142857143,-0.11435164344923283,0.7179449041237456,-0.16100566607325345,0.6221786136967782,1.541888446223652,0.19220758204299637,1.0,-45.081586500510966
S12_C6,sensitivity,0.12,6.0,MEMORY_ONLY,TOUCH_NEXT_OPEN,VOL_FLOOR_0.25,0.25,1.0,280,38.21428571428571,55.00000000000001,6.785714285714286,0.7142857142857143,-0.1759795779606107,0.6890406395771225,-0.22263360058463136,0.6253378791266477,1.541888446223652,0.19220758204299637,1.0,-62.33740816369678
S12_C6,sensitivity,0.12,6.0,MEMORY_ONLY,TOUCH_NEXT_OPEN,VOL_FLOOR_0.25,0.25,1.5,280,27.142857142857142,61.78571428571429,11.071428571428571,0.35714285714285715,-0.1932120155014953,0.6952492100994228,-0.23986603812551596,0.639937882504797,1.541888446223652,0.19220758204299637,1.0,-67.16249067514447
S12_C6,sensitivity,0.12,6.0,MEMORY_ONLY,TOUCH_NEXT_OPEN,VOL_FLOOR_0.25,0.25,2.0,280,21.785714285714285,64.28571428571429,13.928571428571429,0.35714285714285715,-0.16502418271111335,0.7496702534425024,-0.21167820533513396,0.6943928503661696,1.541888446223652,0.19220758204299637,1.0,-59.26989749383751
S12_C6,sensitivity,0.12,6.0,MEMORY_ONLY,TOUCH_NEXT_OPEN,VOL_FLOOR_0.25,0.25,2.5,280,16.428571428571427,65.35714285714286,18.21428571428571,0.0,-0.13503575601060644,0.7984364977896409,-0.18168977863462704,0.7418805916769687,1.541888446223652,0.19220758204299637,1.0,-50.873138017695574
S12_C6,sensitivity,0.12,6.0,MEMORY_ONLY,TOUCH_NEXT_OPEN,VOL_FLOOR_0.25,0.25,3.0,280,11.785714285714285,66.78571428571428,21.428571428571427,0.0,-0.15969270858228013,0.7669462558093236,-0.20634673120630076,0.7136765641696714,1.541888446223652,0.19220758204299637,1.0,-57.77708473776421
S12_C6,sensitivity,0.12,6.0,MEMORY_ONLY,TOUCH_NEXT_OPEN,VOL_FLOOR_0.50,0.5,0.5,280,59.64285714285714,38.57142857142858,1.7857142857142856,0.7142857142857143,-0.09292307202065997,0.7624285428557062,-0.1340014606448242,0.6723551727068912,1.5910077479541087,0.38441516408599274,1.0,-37.520408980550776
S12_C6,sensitivity,0.12,6.0,MEMORY_ONLY,TOUCH_NEXT_OPEN,VOL_FLOOR_0.50,0.5,1.0,280,37.5,55.714285714285715,6.785714285714286,0.7142857142857143,-0.19026529224632416,0.6679880146788914,-0.2313436808704884,0.6137705991921307,1.5910077479541087,0.38441516408599274,1.0,-64.77623064373675
S12_C6,sensitivity,0.12,6.0,MEMORY_ONLY,TOUCH_NEXT_OPEN,VOL_FLOOR_0.50,0.5,1.5,280,26.785714285714285,61.78571428571429,11.428571428571429,0.35714285714285715,-0.19415023918330257,0.6937693621334879,-0.2352286278074668,0.6448951354414592,1.5910077479541087,0.38441516408599274,1.0,-65.8640157860907
S12_C6,sensitivity,0.12,6.0,MEMORY_ONLY,TOUCH_NEXT_OPEN,VOL_FLOOR_0.50,0.5,2.0,280,22.142857142857142,63.57142857142857,14.285714285714285,0.35714285714285715,-0.14631954925006227,0.7756125468428551,-0.18739793787422648,0.7249226585884829,1.5910077479541087,0.38441516408599274,1.0,-52.47142260478341
S12_C6,sensitivity,0.12,6.0,MEMORY_ONLY,TOUCH_NEXT_OPEN,VOL_FLOOR_0.50,0.5,2.5,280,16.071428571428573,64.64285714285715,19.28571428571429,0.0,-0.1298163100784202,0.8043769457573016,-0.17089469870258447,0.7535088941950449,1.5910077479541087,0.38441516408599274,1.0,-47.85051563672366
S12_C6,sensitivity,0.12,6.0,MEMORY_ONLY,TOUCH_NEXT_OPEN,VOL_FLOOR_0.50,0.5,3.0,280,11.428571428571429,66.07142857142857,22.5,0.0,-0.15737074878966487,0.7684631192278288,-0.1984491374138291,0.7205659763637497,1.5910077479541087,0.38441516408599274,1.0,-55.56575847587215
S12_C6,sensitivity,0.12,6.0,MEMORY_ONLY,TOUCH_NEXT_OPEN,VOL_FLOOR_0.75,0.75,0.5,280,56.785714285714285,40.714285714285715,2.5,0.7142857142857143,-0.1292966086562094,0.6871037514468945,-0.16573206268950824,0.615065673591668,1.7593608070994833,0.5470407481242362,1.0,-46.40497755306231
S12_C6,sensitivity,0.12,6.0,MEMORY_ONLY,TOUCH_NEXT_OPEN,VOL_FLOOR_0.75,0.75,1.0,280,37.142857142857146,54.285714285714285,8.571428571428571,0.35714285714285715,-0.17759754386209226,0.6828603643657403,-0.2140329978953911,0.6326863780380699,1.7593608070994833,0.5470407481242362,1.0,-59.929239410709506
S12_C6,sensitivity,0.12,6.0,MEMORY_ONLY,TOUCH_NEXT_OPEN,VOL_FLOOR_0.75,0.75,1.5,280,27.142857142857142,58.57142857142858,14.285714285714285,0.35714285714285715,-0.15415618901013664,0.7448231748340891,-0.1905916430434355,0.6969355484994941,1.7593608070994833,0.5470407481242362,1.0,-53.36566005216194
S12_C6,sensitivity,0.12,6.0,MEMORY_ONLY,TOUCH_NEXT_OPEN,VOL_FLOOR_0.75,0.75,2.0,280,20.357142857142858,60.0,19.642857142857142,0.35714285714285715,-0.1343791211094906,0.7840870744167215,-0.17081457514278942,0.7364123465138497,1.7593608070994833,0.5470407481242362,1.0,-47.828081039981036
S12_C6,sensitivity,0.12,6.0,MEMORY_ONLY,TOUCH_NEXT_OPEN,VOL_FLOOR_0.75,0.75,2.5,280,13.214285714285715,61.07142857142858,25.71428571428571,0.0,-0.13480645488535623,0.7870661402573371,-0.17124190891865507,0.7402607979255227,1.7593608070994833,0.5470407481242362,1.0,-47.947734497223415
S12_C6,sensitivity,0.12,6.0,MEMORY_ONLY,TOUCH_NEXT_OPEN,VOL_FLOOR_0.75,0.75,3.0,280,8.571428571428571,62.142857142857146,29.28571428571429,0.0,-0.15471124588955482,0.7596923918671111,-0.19114669992285363,0.7148493278511924,1.7593608070994833,0.5470407481242362,1.0,-53.52107597839902
S12_C6,sensitivity,0.12,6.0,MEMORY_ONLY,TOUCH_NEXT_OPEN,VOL_FLOOR_1.00,1.0,0.5,280,55.35714285714286,41.42857142857143,3.214285714285714,0.7142857142857143,-0.1438876971930285,0.6580229802903453,-0.17610456958363982,0.5959194612267836,1.9650001686837868,0.6567575406029391,1.0,-49.30927948341915
S12_C6,sensitivity,0.12,6.0,MEMORY_ONLY,TOUCH_NEXT_OPEN,VOL_FLOOR_1.00,1.0,1.0,280,37.5,51.78571428571429,10.714285714285714,0.35714285714285715,-0.1465370186504614,0.7265814065066286,-0.17875389104107273,0.6779744569874039,1.9650001686837868,0.6567575406029391,1.0,-50.05108949150036
S12_C6,sensitivity,0.12,6.0,MEMORY_ONLY,TOUCH_NEXT_OPEN,VOL_FLOOR_1.00,1.0,1.5,280,23.92857142857143,56.07142857142857,20.0,0.35714285714285715,-0.15887950149052493,0.7281275753672025,-0.19109637388113623,0.6845469152739829,1.9650001686837868,0.6567575406029391,1.0,-53.50698468671815
S12_C6,sensitivity,0.12,6.0,MEMORY_ONLY,TOUCH_NEXT_OPEN,VOL_FLOOR_1.00,1.0,2.0,280,17.142857142857142,56.785714285714285,26.071428571428573,0.35714285714285715,-0.12491408455795593,0.7897601459903786,-0.15713095694856724,0.7449548684372276,1.9650001686837868,0.6567575406029391,1.0,-43.99666794559883
S12_C6,sensitivity,0.12,6.0,MEMORY_ONLY,TOUCH_NEXT_OPEN,VOL_FLOOR_1.00,1.0,2.5,280,10.714285714285714,58.57142857142858,30.714285714285715,0.0,-0.14882242055130931,0.7568290906474995,-0.1810392929419206,0.7147008752420762,1.9650001686837868,0.6567575406029391,1.0,-50.69100202373777
S12_C6,sensitivity,0.12,6.0,MEMORY_ONLY,TOUCH_NEXT_OPEN,VOL_FLOOR_1.00,1.0,3.0,280,7.857142857142857,59.285714285714285,32.857142857142854,0.0,-0.15059619340858577,0.7567695933218697,-0.18281306579919707,0.7152024858124614,1.9650001686837868,0.6567575406029391,1.0,-51.187658423775176
S12_C6,sensitivity,0.12,6.0,OBJECTIVE_LIQUIDITY_ONLY,ACCEPTANCE_RETEST,STRUCTURAL,,0.5,25,48.0,48.0,4.0,20.0,-0.25797967169728964,0.48364421292369314,-0.2974834747040997,0.4256300125584167,1.559999999999718,0.6799999999996089,7.0,-7.437086867602493
S12_C6,sensitivity,0.12,6.0,OBJECTIVE_LIQUIDITY_ONLY,ACCEPTANCE_RETEST,STRUCTURAL,,1.0,25,32.0,60.0,8.0,20.0,-0.30301409510518845,0.5149062122947289,-0.3425178981119985,0.472514202650817,1.559999999999718,0.6799999999996089,7.0,-8.562947452799962
S12_C6,sensitivity,0.12,6.0,OBJECTIVE_LIQUIDITY_ONLY,ACCEPTANCE_RETEST,STRUCTURAL,,1.5,25,28.000000000000004,64.0,8.0,20.0,-0.243014095105165,0.6343731307104563,-0.28251789811197503,0.5912910347416249,1.559999999999718,0.6799999999996089,7.0,-7.062947452799375
S12_C6,sensitivity,0.12,6.0,OBJECTIVE_LIQUIDITY_ONLY,ACCEPTANCE_RETEST,STRUCTURAL,,2.0,25,24.0,64.0,12.0,20.0,-0.18686024895134892,0.7204769276481562,-0.22636405195815892,0.6750580928883281,1.559999999999718,0.6799999999996089,7.0,-5.659101298953973
S12_C6,sensitivity,0.12,6.0,OBJECTIVE_LIQUIDITY_ONLY,ACCEPTANCE_RETEST,STRUCTURAL,,2.5,25,20.0,64.0,16.0,20.0,-0.17456537715649173,0.741844265758273,-0.2140691801633018,0.6967312606582508,1.559999999999718,0.6799999999996089,7.0,-5.351729504082544
S12_C6,sensitivity,0.12,6.0,OBJECTIVE_LIQUIDITY_ONLY,ACCEPTANCE_RETEST,STRUCTURAL,,3.0,25,20.0,64.0,16.0,20.0,-0.07456537715647413,0.8897291089310088,-0.11406918016328416,0.8383998273853503,1.559999999999718,0.6799999999996089,7.0,-2.851729504082104
S12_C6,sensitivity,0.12,6.0,OBJECTIVE_LIQUIDITY_ONLY,CLEAN_REJECTION,STRUCTURAL,,0.5,1461,58.932238193018485,29.842573579739906,11.225188227241615,0.06844626967830253,-0.019942936081234243,0.9378868403398252,-0.05048288993672798,0.8481621496640477,1.9132755047935461,0.9100000000000819,1.0,-73.75550219755958
S12_C6,sensitivity,0.12,6.0,OBJECTIVE_LIQUIDITY_ONLY,CLEAN_REJECTION,STRUCTURAL,,1.0,1461,36.824093086926766,40.10951403148528,23.06639288158795,0.0,-0.02237778158224038,0.9482726535000124,-0.05291773543773412,0.8819702901570251,1.9132755047935461,0.9100000000000819,1.0,-77.31281147452955
S12_C6,sensitivity,0.12,6.0,OBJECTIVE_LIQUIDITY_ONLY,CLEAN_REJECTION,STRUCTURAL,,1.5,1461,24.02464065708419,43.87405886379192,32.10130047912389,0.0,-0.015581624908317963,0.9670104536340215,-0.0461215787638117,0.9057924116954853,1.9132755047935461,0.9100000000000819,1.0,-67.3836265739289
S12_C6,sensitivity,0.12,6.0,OBJECTIVE_LIQUIDITY_ONLY,CLEAN_REJECTION,STRUCTURAL,,2.0,1461,15.605749486652979,45.31143052703628,39.082819986310746,0.0,-0.010397656721726024,0.9787155144036219,-0.04093761057721976,0.9191798792150001,1.9132755047935461,0.9100000000000819,1.0,-59.80984905331807
S12_C6,sensitivity,0.12,6.0,OBJECTIVE_LIQUIDITY_ONLY,CLEAN_REJECTION,STRUCTURAL,,2.5,1461,10.882956878850102,46.26967830253251,42.847364818617386,0.0,-0.011228272577246614,0.9774941192469255,-0.04176822643274036,0.9192543711248679,1.9132755047935461,0.9100000000000819,1.0,-61.02337881823367
S12_C6,sensitivity,0.12,6.0,OBJECTIVE_LIQUIDITY_ONLY,CLEAN_REJECTION,STRUCTURAL,,3.0,1461,7.802874743326489,47.02258726899384,45.17453798767967,0.0,-0.020757730498740332,0.9590306686581219,-0.05129768435423406,0.9023509428990671,1.9132755047935461,0.9100000000000819,1.0,-74.94591684153596
S12_C6,sensitivity,0.12,6.0,OBJECTIVE_LIQUIDITY_ONLY,FAILED_AUCTION,STRUCTURAL,,0.5,226,63.716814159292035,32.743362831858406,3.5398230088495577,0.4424778761061947,-0.011270947301732767,0.9663352559250928,-0.03458967965975256,0.8990864890806004,2.5355402780858185,0.7894999999998618,5.0,-7.817267603104079
S12_C6,sensitivity,0.12,6.0,OBJECTIVE_LIQUIDITY_ONLY,FAILED_AUCTION,STRUCTURAL,,1.0,226,42.47787610619469,48.23008849557522,9.29203539823009,0.4424778761061947,-0.051515674337526116,0.8961157174877069,-0.0748344066955459,0.8526317028791,2.5355402780858185,0.7894999999998618,5.0,-16.912575913193375
S12_C6,sensitivity,0.12,6.0,OBJECTIVE_LIQUIDITY_ONLY,FAILED_AUCTION,STRUCTURAL,,1.5,226,28.761061946902654,53.09734513274337,18.141592920353983,0.0,-0.05153463869087012,0.906078061006854,-0.07485337104888991,0.866818612610851,2.5355402780858185,0.7894999999998618,5.0,-16.91686185704912
S12_C6,sensitivity,0.12,6.0,OBJECTIVE_LIQUIDITY_ONLY,FAILED_AUCTION,STRUCTURAL,,2.0,226,19.911504424778762,57.07964601769911,23.008849557522122,0.0,-0.07323364584824298,0.8755629245591298,-0.09655237820626275,0.8398661720361453,2.5355402780858185,0.7894999999998618,5.0,-21.82083747461538
S12_C6,sensitivity,0.12,6.0,OBJECTIVE_LIQUIDITY_ONLY,FAILED_AUCTION,STRUCTURAL,,2.5,226,9.734513274336283,57.9646017699115,32.30088495575221,0.0,-0.13165776432799584,0.7796230696724616,-0.15497649668601557,0.7469183181202596,2.5355402780858185,0.7894999999998618,5.0,-35.02468825103952
S12_C6,sensitivity,0.12,6.0,OBJECTIVE_LIQUIDITY_ONLY,FAILED_AUCTION,STRUCTURAL,,3.0,226,7.52212389380531,57.9646017699115,34.51327433628318,0.0,-0.11588365472683494,0.8060267525110498,-0.13920238708485472,0.7726779544095305,2.5355402780858185,0.7894999999998618,5.0,-31.459739481177166
S12_C6,sensitivity,0.12,6.0,OBJECTIVE_LIQUIDITY_ONLY,PASSIVE_TOUCH,STRUCTURAL,,0.5,931,48.65735767991407,50.69817400644469,0.644468313641246,27.28249194414608,-0.27038482301022776,0.4736668022941149,-0.33665969226713477,0.38569610756266776,0.8782797747414861,0.4579999999998563,2.0,-313.4301735007025
S12_C6,sensitivity,0.12,6.0,OBJECTIVE_LIQUIDITY_ONLY,PASSIVE_TOUCH,STRUCTURAL,,1.0,931,39.097744360902254,59.07626208378088,1.8259935553168638,26.31578947368421,-0.2060158862509365,0.6561859705142499,-0.27229075550784354,0.5739594248360024,0.8782797747414861,0.4579999999998563,2.0,-253.50269337780233
S12_C6,sensitivity,0.12,6.0,OBJECTIVE_LIQUIDITY_ONLY,PASSIVE_TOUCH,STRUCTURAL,,1.5,931,31.041890440386684,65.84317937701397,3.1149301825993554,25.563909774436087,-0.19250787818680776,0.7116576901102637,-0.2587827474437148,0.63664635621906,0.8782797747414861,0.4579999999998563,2.0,-240.92673787009852
S12_C6,sensitivity,0.12,6.0,OBJECTIVE_LIQUIDITY_ONLY,PASSIVE_TOUCH,STRUCTURAL,,2.0,931,25.02685284640172,70.46186895810956,4.511278195488721,25.456498388829218,-0.1913756451346948,0.7319006065281427,-0.25765051439160186,0.6616334673846846,0.8782797747414861,0.4579999999998563,2.0,-239.87262889858133
S12_C6,sensitivity,0.12,6.0,OBJECTIVE_LIQUIDITY_ONLY,PASSIVE_TOUCH,STRUCTURAL,,2.5,931,22.019334049409238,72.50268528464017,5.477980665950591,25.349087003222344,-0.14625372152751814,0.8008071150770462,-0.21252859078442524,0.728655117621601,0.8782797747414861,0.4579999999998563,2.0,-197.86411802029988
S12_C6,sensitivity,0.12,6.0,OBJECTIVE_LIQUIDITY_ONLY,PASSIVE_TOUCH,STRUCTURAL,,3.0,931,18.689581095596132,74.65091299677766,6.659505907626208,25.349087003222344,-0.13774541297621026,0.8177281016635906,-0.20402028223311738,0.7469281316159152,0.8782797747414861,0.4579999999998563,2.0,-189.94288275903227
S12_C6,sensitivity,0.12,6.0,OBJECTIVE_LIQUIDITY_ONLY,RECLAIM_PULLBACK,STRUCTURAL,,0.5,1188,59.00673400673401,34.68013468013468,6.313131313131313,2.441077441077441,-0.06268520077439797,0.826358480942545,-0.09816492099226101,0.7380290477126201,1.5949999999999136,0.6759999999997035,3.0,-116.61992613880608
S12_C6,sensitivity,0.12,6.0,OBJECTIVE_LIQUIDITY_ONLY,RECLAIM_PULLBACK,STRUCTURAL,,1.0,1188,39.225589225589225,46.717171717171716,14.057239057239057,2.272727272727273,-0.06786177797407945,0.8608244928821754,-0.10334149819194251,0.7959286500021706,1.5949999999999136,0.6759999999997035,3.0,-122.7696998520277
S12_C6,sensitivity,0.12,6.0,OBJECTIVE_LIQUIDITY_ONLY,RECLAIM_PULLBACK,STRUCTURAL,,1.5,1188,27.27272727272727,51.85185185185185,20.875420875420875,2.272727272727273,-0.05876629097909408,0.8911573387240563,-0.09424601119695715,0.8319603946154887,1.5949999999999136,0.6759999999997035,3.0,-111.96426130198509
S12_C6,sensitivity,0.12,6.0,OBJECTIVE_LIQUIDITY_ONLY,RECLAIM_PULLBACK,STRUCTURAL,,2.0,1188,18.77104377104377,54.629629629629626,26.599326599326602,2.272727272727273,-0.0656410914690565,0.8846266173024926,-0.10112081168691954,0.8289128305598374,1.5949999999999136,0.6759999999997035,3.0,-120.13152428406042
S12_C6,sensitivity,0.12,6.0,OBJECTIVE_LIQUIDITY_ONLY,RECLAIM_PULLBACK,STRUCTURAL,,2.5,1188,12.794612794612794,56.313131313131315,30.892255892255893,2.272727272727273,-0.07985275852453165,0.8637052389016455,-0.11533247874239466,0.8105465607014593,1.5949999999999136,0.6759999999997035,3.0,-137.01498474596485
S12_C6,sensitivity,0.12,6.0,OBJECTIVE_LIQUIDITY_ONLY,RECLAIM_PULLBACK,STRUCTURAL,,3.0,1188,10.353535353535353,56.64983164983165,32.996632996633,2.272727272727273,-0.057214430153949516,0.9029029314696841,-0.09269415037181257,0.8486060268673599,1.5949999999999136,0.6759999999997035,3.0,-110.12065064171333
S12_C6,sensitivity,0.12,6.0,OBJECTIVE_LIQUIDITY_ONLY,TOUCH_NEXT_OPEN,VOL_FLOOR_0.25,0.25,0.5,1897,60.25303110173959,30.627306273062732,9.11966262519768,1.0015814443858724,-0.017076711376048565,0.9473424146668499,-0.05485337906240384,0.8379066361087247,1.694499999999607,0.11481085088835383,1.0,-104.05686008138008
S12_C6,sensitivity,0.12,6.0,OBJECTIVE_LIQUIDITY_ONLY,TOUCH_NEXT_OPEN,VOL_FLOOR_0.25,0.25,1.0,1897,39.85239852398524,41.9082762256194,18.23932525039536,0.632577754348972,-0.016444826280884325,0.9630763387273917,-0.054221493967239597,0.8833609015356672,1.694499999999607,0.11481085088835383,1.0,-102.85817405585351
S12_C6,sensitivity,0.12,6.0,OBJECTIVE_LIQUIDITY_ONLY,TOUCH_NEXT_OPEN,VOL_FLOOR_0.25,0.25,1.5,1897,27.148128624143386,47.4433315761729,25.40853979968371,0.4744333157617291,-0.020148766853478065,0.9599452436797339,-0.057925434539833315,0.8896812224330982,1.694499999999607,0.11481085088835383,1.0,-109.8845493220638
S12_C6,sensitivity,0.12,6.0,OBJECTIVE_LIQUIDITY_ONLY,TOUCH_NEXT_OPEN,VOL_FLOOR_0.25,0.25,2.0,1897,19.030047443331576,49.60463890353189,31.365313653136536,0.42171850289931473,-0.01122057246868789,0.9786720959001739,-0.04899724015504315,0.910808714508988,1.694499999999607,0.11481085088835383,1.0,-92.94776457411686
S12_C6,sensitivity,0.12,6.0,OBJECTIVE_LIQUIDITY_ONLY,TOUCH_NEXT_OPEN,VOL_FLOOR_0.25,0.25,2.5,1897,13.6004217185029,51.344227727991566,35.05535055350554,0.2635740643120717,-0.02409056958091432,0.9557406952107461,-0.06186723726726959,0.8911686829108071,1.694499999999607,0.11481085088835383,1.0,-117.36214909601041
S12_C6,sensitivity,0.12,6.0,OBJECTIVE_LIQUIDITY_ONLY,TOUCH_NEXT_OPEN,VOL_FLOOR_0.25,0.25,3.0,1897,10.068529256721138,52.08223510806537,37.849235635213496,0.2635740643120717,-0.022225148286450003,0.9597267256411062,-0.060001815972805274,0.8958866360721695,1.694499999999607,0.11481085088835383,1.0,-113.8234449004116
S12_C6,sensitivity,0.12,6.0,OBJECTIVE_LIQUIDITY_ONLY,TOUCH_NEXT_OPEN,VOL_FLOOR_0.50,0.5,0.5,1897,60.62203479177649,30.25830258302583,9.11966262519768,0.7380073800738007,-0.011561109810618538,0.9639421478582711,-0.04719191384646052,0.858521740167084,1.7178395345342778,0.22962170177670765,1.0,-89.52306056673561
S12_C6,sensitivity,0.12,6.0,OBJECTIVE_LIQUIDITY_ONLY,TOUCH_NEXT_OPEN,VOL_FLOOR_0.50,0.5,1.0,1897,39.799683711122825,41.80284659989457,18.397469688982603,0.5271481286241434,-0.016259530118661988,0.9634405838762684,-0.05189033415450396,0.8879265117094165,1.7178395345342778,0.22962170177670765,1.0,-98.43596389109402
S12_C6,sensitivity,0.12,6.0,OBJECTIVE_LIQUIDITY_ONLY,TOUCH_NEXT_OPEN,VOL_FLOOR_0.50,0.5,1.5,1897,26.937269372693727,47.4433315761729,25.619399051133367,0.36900369003690037,-0.023212204177593294,0.9538940739553987,-0.05884300821343527,0.887753141363074,1.7178395345342778,0.22962170177670765,1.0,-111.6251865808867
S12_C6,sensitivity,0.12,6.0,OBJECTIVE_LIQUIDITY_ONLY,TOUCH_NEXT_OPEN,VOL_FLOOR_0.50,0.5,2.0,1897,18.81918819188192,49.44649446494465,31.73431734317343,0.316288877174486,-0.013031364839887415,0.9751942950068824,-0.0486621688757294,0.9110647442451724,1.7178395345342778,0.22962170177670765,1.0,-92.31213435725867
S12_C6,sensitivity,0.12,6.0,OBJECTIVE_LIQUIDITY_ONLY,TOUCH_NEXT_OPEN,VOL_FLOOR_0.50,0.5,2.5,1897,13.073273589878756,51.238798102266735,35.687928307854506,0.158144438587243,-0.03183656816627217,0.9414845910392261,-0.06746737220211417,0.8809477330996012,1.7178395345342778,0.22962170177670765,1.0,-127.98560506741057
S12_C6,sensitivity,0.12,6.0,OBJECTIVE_LIQUIDITY_ONLY,TOUCH_NEXT_OPEN,VOL_FLOOR_0.50,0.5,3.0,1897,9.488666315234582,51.97680548234054,38.53452820242488,0.05271481286241434,-0.03330638863859346,0.939621301919935,-0.06893719267443546,0.8800115572088941,1.7178395345342778,0.22962170177670765,1.0,-130.77385450340407
S12_C6,sensitivity,0.12,6.0,OBJECTIVE_LIQUIDITY_ONLY,TOUCH_NEXT_OPEN,VOL_FLOOR_0.75,0.75,0.5,1897,60.46389035318924,30.152872957301003,9.383236689509753,0.36900369003690037,-0.012018109073987756,0.96248080983638,-0.04497315943671811,0.8645926206783127,1.8339999999996053,0.34443255266506145,1.0,-85.31408345145425
S12_C6,sensitivity,0.12,6.0,OBJECTIVE_LIQUIDITY_ONLY,TOUCH_NEXT_OPEN,VOL_FLOOR_0.75,0.75,1.0,1897,39.69425408539799,41.11755403268319,19.18819188191882,0.316288877174486,-0.010441098035218256,0.9762163874986416,-0.043396148397948614,0.9047642282924471,1.8339999999996053,0.34443255266506145,1.0,-82.32249351090852
S12_C6,sensitivity,0.12,6.0,OBJECTIVE_LIQUIDITY_ONLY,TOUCH_NEXT_OPEN,VOL_FLOOR_0.75,0.75,1.5,1897,26.25197680548234,46.178176067474965,27.569847127042703,0.10542962572482868,-0.013722940565130922,0.9721280112825158,-0.046677990927861276,0.9086899520320892,1.8339999999996053,0.34443255266506145,1.0,-88.54814879015284
S12_C6,sensitivity,0.12,6.0,OBJECTIVE_LIQUIDITY_ONLY,TOUCH_NEXT_OPEN,VOL_FLOOR_0.75,0.75,2.0,1897,17.23774380600949,48.49762783342119,34.26462836056932,0.0,-0.02213179438717603,0.9571811733151687,-0.055086844749906376,0.897361390771176,1.8339999999996053,0.34443255266506145,1.0,-104.4997444905724
S12_C6,sensitivity,0.12,6.0,OBJECTIVE_LIQUIDITY_ONLY,TOUCH_NEXT_OPEN,VOL_FLOOR_0.75,0.75,2.5,1897,12.229836584080127,49.49920927780707,38.27095413811281,0.0,-0.01716647839000833,0.9674647590533526,-0.05012152875273869,0.9085186931982588,1.8339999999996053,0.34443255266506145,1.0,-95.08054004394529
S12_C6,sensitivity,0.12,6.0,OBJECTIVE_LIQUIDITY_ONLY,TOUCH_NEXT_OPEN,VOL_FLOOR_0.75,0.75,3.0,1897,8.645229309435951,50.02635740643121,41.32841328413284,0.0,-0.0168932624534442,0.9683095991643305,-0.04984831281617456,0.9099481126843079,1.8339999999996053,0.34443255266506145,1.0,-94.56224941228314
S12_C6,sensitivity,0.12,6.0,OBJECTIVE_LIQUIDITY_ONLY,TOUCH_NEXT_OPEN,VOL_FLOOR_1.00,1.0,0.5,1897,59.35687928307855,29.99472851871376,10.648392198207695,0.21085925144965736,-0.01714748833715606,0.9465315194953539,-0.04701624891886629,0.8582255473452227,2.0389999999995325,0.4592434035534153,1.0,-89.18982419908936
S12_C6,sensitivity,0.12,6.0,OBJECTIVE_LIQUIDITY_ONLY,TOUCH_NEXT_OPEN,VOL_FLOOR_1.00,1.0,1.0,1897,37.849235635213496,39.799683711122825,22.35108065366368,0.21085925144965736,-0.013681878824230128,0.9681686655815971,-0.04355063940594035,0.9021321334306265,2.0389999999995325,0.4592434035534153,1.0,-82.61556295306885
S12_C6,sensitivity,0.12,6.0,OBJECTIVE_LIQUIDITY_ONLY,TOUCH_NEXT_OPEN,VOL_FLOOR_1.00,1.0,1.5,1897,23.774380600948867,44.28044280442804,31.94517659462309,0.0,-0.02086616780818403,0.9562009756114913,-0.05073492838989426,0.8971442114764253,2.0389999999995325,0.4592434035534153,1.0,-96.24415915562942
S12_C6,sensitivity,0.12,6.0,OBJECTIVE_LIQUIDITY_ONLY,TOUCH_NEXT_OPEN,VOL_FLOOR_1.00,1.0,2.0,1897,15.445440168687401,45.703742751713236,38.85081707959937,0.0,-0.014215357336939564,0.971116594725179,-0.044084117918649794,0.9135014967308724,2.0389999999995325,0.4592434035534153,1.0,-83.62757169167865
S12_C6,sensitivity,0.12,6.0,OBJECTIVE_LIQUIDITY_ONLY,TOUCH_NEXT_OPEN,VOL_FLOOR_1.00,1.0,2.5,1897,9.910384818133895,46.494464944649444,43.59515023721666,0.0,-0.01769839524779514,0.964640150546024,-0.047567155829505374,0.9082305674308829,2.0389999999995325,0.4592434035534153,1.0,-90.2348946085717
S12_C6,sensitivity,0.12,6.0,OBJECTIVE_LIQUIDITY_ONLY,TOUCH_NEXT_OPEN,VOL_FLOOR_1.00,1.0,3.0,1897,6.32577754348972,47.021613073273585,46.65260938323669,0.0,-0.026933724976522695,0.9467727488512891,-0.05680248555823292,0.8916105010730101,2.0389999999995325,0.4592434035534153,1.0,-107.75431510396784
S18_C9_STRESS,stress,0.18,9.0,DISPLACEMENT_ORIGIN_ONLY,ACCEPTANCE_RETEST,STRUCTURAL,,0.5,16,18.75,81.25,0.0,43.75,-0.7187499999999891,0.11538461538462874,-0.8763736928593208,0.07599768616643149,0.5194703170537878,0.3789999999999054,7.0,-14.021979085749132
S18_C9_STRESS,stress,0.18,9.0,DISPLACEMENT_ORIGIN_ONLY,ACCEPTANCE_RETEST,STRUCTURAL,,1.0,16,18.75,81.25,0.0,43.75,-0.625,0.23076923076923078,-0.7826236928593315,0.17484275377595462,0.5194703170537878,0.3789999999999054,7.0,-12.521979085749305
S18_C9_STRESS,stress,0.18,9.0,DISPLACEMENT_ORIGIN_ONLY,ACCEPTANCE_RETEST,STRUCTURAL,,1.5,16,18.75,81.25,0.0,43.75,-0.5312500000000109,0.3461538461538328,-0.6888736928593424,0.27368782138547776,0.5194703170537878,0.3789999999999054,7.0,-11.021979085749479
S18_C9_STRESS,stress,0.18,9.0,DISPLACEMENT_ORIGIN_ONLY,ACCEPTANCE_RETEST,STRUCTURAL,,2.0,16,18.75,81.25,0.0,43.75,-0.4375,0.46153846153846156,-0.5951236928593315,0.3725328889950238,0.5194703170537878,0.3789999999999054,7.0,-9.521979085749305
S18_C9_STRESS,stress,0.18,9.0,DISPLACEMENT_ORIGIN_ONLY,ACCEPTANCE_RETEST,STRUCTURAL,,2.5,16,18.75,81.25,0.0,43.75,-0.3437499999999892,0.5769230769230902,-0.5013736928593208,0.47137795660456977,0.5194703170537878,0.3789999999999054,7.0,-8.021979085749132
S18_C9_STRESS,stress,0.18,9.0,DISPLACEMENT_ORIGIN_ONLY,ACCEPTANCE_RETEST,STRUCTURAL,,3.0,16,18.75,81.25,0.0,43.75,-0.25,0.6923076923076923,-0.40762369285933153,0.570223024214093,0.5194703170537878,0.3789999999999054,7.0,-6.5219790857493045
S18_C9_STRESS,stress,0.18,9.0,DISPLACEMENT_ORIGIN_ONLY,CLEAN_REJECTION,STRUCTURAL,,0.5,981,56.574923547400616,24.770642201834864,18.654434250764528,0.0,0.01288849343123175,1.045642101430065,-0.02731604009760759,0.9077996490312001,2.6304999999997563,0.600999999999658,1.0,-26.797035335753044
S18_C9_STRESS,stress,0.18,9.0,DISPLACEMENT_ORIGIN_ONLY,CLEAN_REJECTION,STRUCTURAL,,1.0,981,33.53720693170234,34.25076452599388,32.21202854230377,0.0,0.00045525095618689624,1.0011809030104675,-0.039749282572652436,0.9019576667545096,2.6304999999997563,0.600999999999658,1.0,-38.99404620377204
S18_C9_STRESS,stress,0.18,9.0,DISPLACEMENT_ORIGIN_ONLY,CLEAN_REJECTION,STRUCTURAL,,1.5,981,21.61060142711519,36.69724770642202,41.69215086646279,0.0,0.011972112056734329,1.0287769117640502,-0.028232421472104995,0.9355822200962899,2.6304999999997563,0.600999999999658,1.0,-27.696005464135
S18_C9_STRESS,stress,0.18,9.0,DISPLACEMENT_ORIGIN_ONLY,CLEAN_REJECTION,STRUCTURAL,,2.0,981,15.188583078491336,37.71661569826708,47.09480122324159,0.0,0.02446108279805923,1.057037944684781,-0.015743450730780106,0.9651773258620346,2.6304999999997563,0.600999999999658,1.0,-15.444325166895284
S18_C9_STRESS,stress,0.18,9.0,DISPLACEMENT_ORIGIN_ONLY,CLEAN_REJECTION,STRUCTURAL,,2.5,981,9.378185524974516,38.328236493374106,52.293577981651374,0.0,0.021235202795224718,1.0487730746022728,-0.018969330733614596,0.9586858286914632,2.6304999999997563,0.600999999999658,1.0,-18.608913449675917
S18_C9_STRESS,stress,0.18,9.0,DISPLACEMENT_ORIGIN_ONLY,CLEAN_REJECTION,STRUCTURAL,,3.0,981,6.218144750254842,38.73598369011213,55.04587155963303,0.10193679918450561,0.013322032297030008,1.030313424066398,-0.02688250123180933,0.9420048935893687,2.6304999999997563,0.600999999999658,1.0,-26.37173370840495
S18_C9_STRESS,stress,0.18,9.0,DISPLACEMENT_ORIGIN_ONLY,FAILED_AUCTION,STRUCTURAL,,0.5,207,55.072463768115945,42.028985507246375,2.898550724637681,0.0,-0.14866073811161046,0.6514293990373362,-0.21795712298014736,0.5233297113622906,1.3949999999997544,0.5399999999999636,2.0,-45.1171244568905
S18_C9_STRESS,stress,0.18,9.0,DISPLACEMENT_ORIGIN_ONLY,FAILED_AUCTION,STRUCTURAL,,1.0,207,38.164251207729464,57.971014492753625,3.864734299516908,0.4830917874396135,-0.19456867830178382,0.6679188514802864,-0.26386506317032066,0.5793419287329191,1.3949999999997544,0.5399999999999636,2.0,-54.62006807625638
S18_C9_STRESS,stress,0.18,9.0,DISPLACEMENT_ORIGIN_ONLY,FAILED_AUCTION,STRUCTURAL,,1.5,207,29.951690821256037,61.83574879227053,8.212560386473431,0.4830917874396135,-0.13327179928541372,0.7866129743309213,-0.20256818415395053,0.6974931899956595,1.3949999999997544,0.5399999999999636,2.0,-41.93161411986776
S18_C9_STRESS,stress,0.18,9.0,DISPLACEMENT_ORIGIN_ONLY,FAILED_AUCTION,STRUCTURAL,,2.0,207,21.256038647342994,65.70048309178745,13.043478260869565,0.0,-0.15756205120860736,0.7624221285473048,-0.2268584360771442,0.6810696485733275,1.3949999999997544,0.5399999999999636,2.0,-46.95969626796885
S18_C9_STRESS,stress,0.18,9.0,DISPLACEMENT_ORIGIN_ONLY,FAILED_AUCTION,STRUCTURAL,,2.5,207,14.009661835748794,68.11594202898551,17.874396135265698,0.0,-0.21063114797333266,0.6937212843379696,-0.2799275328418695,0.6209140396540537,1.3949999999997544,0.5399999999999636,2.0,-57.944999298266985
S18_C9_STRESS,stress,0.18,9.0,DISPLACEMENT_ORIGIN_ONLY,FAILED_AUCTION,STRUCTURAL,,3.0,207,9.66183574879227,69.56521739130434,20.77294685990338,0.4830917874396135,-0.23656716148271778,0.6632859360055455,-0.30586354635125457,0.5944139896793073,1.3949999999997544,0.5399999999999636,2.0,-63.313754094709694
S18_C9_STRESS,stress,0.18,9.0,DISPLACEMENT_ORIGIN_ONLY,PASSIVE_TOUCH,STRUCTURAL,,0.5,513,51.461988304093566,48.53801169590643,0.0,22.807017543859647,-0.23052709057489135,0.5274506127902304,-0.3625230695455478,0.3484841336901054,0.709999999999809,0.3605000000000018,3.0,-185.97433467686602
S18_C9_STRESS,stress,0.18,9.0,DISPLACEMENT_ORIGIN_ONLY,PASSIVE_TOUCH,STRUCTURAL,,1.0,513,42.30019493177387,57.30994152046783,0.3898635477582846,21.832358674463936,-0.1514504823474524,0.7368848144309011,-0.28344646131810886,0.5666262445862928,0.709999999999809,0.3605000000000018,3.0,-145.40803465618984
S18_C9_STRESS,stress,0.18,9.0,DISPLACEMENT_ORIGIN_ONLY,PASSIVE_TOUCH,STRUCTURAL,,1.5,513,35.08771929824561,63.93762183235867,0.9746588693957114,21.052631578947366,-0.11268927286891503,0.8245073372578677,-0.24468525183957146,0.6645289573488489,0.709999999999809,0.3605000000000018,3.0,-125.52353419370016
S18_C9_STRESS,stress,0.18,9.0,DISPLACEMENT_ORIGIN_ONLY,PASSIVE_TOUCH,STRUCTURAL,,2.0,513,29.239766081871345,68.81091617933723,1.949317738791423,20.2729044834308,-0.09198853342177736,0.866854660585133,-0.22398451239243378,0.7147150369998713,0.709999999999809,0.3605000000000018,3.0,-114.90405485731853
S18_C9_STRESS,stress,0.18,9.0,DISPLACEMENT_ORIGIN_ONLY,PASSIVE_TOUCH,STRUCTURAL,,2.5,513,23.196881091617932,73.48927875243665,3.313840155945419,20.077972709551656,-0.1258244314031344,0.8294811370777024,-0.25782041037379083,0.6925220356851994,0.709999999999809,0.3605000000000018,3.0,-132.2618705217547
S18_C9_STRESS,stress,0.18,9.0,DISPLACEMENT_ORIGIN_ONLY,PASSIVE_TOUCH,STRUCTURAL,,3.0,513,20.077972709551656,75.04873294346979,4.8732943469785575,20.077972709551656,-0.09276457668480201,0.8768861492317699,-0.2247605556554584,0.7374528300709884,0.709999999999809,0.3605000000000018,3.0,-115.30216505125017
S18_C9_STRESS,stress,0.18,9.0,DISPLACEMENT_ORIGIN_ONLY,RECLAIM_PULLBACK,STRUCTURAL,,0.5,815,54.233128834355824,34.355828220858896,11.411042944785276,4.171779141104294,-0.08645428414198997,0.7631664495453722,-0.14632861645794573,0.6268152416681776,1.9109999999998308,0.37999999999988177,3.0,-119.25782241322578
S18_C9_STRESS,stress,0.18,9.0,DISPLACEMENT_ORIGIN_ONLY,RECLAIM_PULLBACK,STRUCTURAL,,1.0,815,35.0920245398773,43.06748466257669,21.84049079754601,4.171779141104294,-0.0697472184267122,0.847576104173736,-0.12962155074266798,0.7360915502656575,1.9109999999998308,0.37999999999988177,3.0,-105.6415638552744
S18_C9_STRESS,stress,0.18,9.0,DISPLACEMENT_ORIGIN_ONLY,RECLAIM_PULLBACK,STRUCTURAL,,1.5,815,22.94478527607362,49.20245398773006,27.85276073619632,4.171779141104294,-0.10859939533823205,0.7918439518106211,-0.1684737276541878,0.699612951539938,1.9109999999998308,0.37999999999988177,3.0,-137.30608803816307
S18_C9_STRESS,stress,0.18,9.0,DISPLACEMENT_ORIGIN_ONLY,RECLAIM_PULLBACK,STRUCTURAL,,2.0,815,16.07361963190184,51.288343558282214,32.63803680981595,4.049079754601228,-0.11026321401295268,0.7975068562260816,-0.17013754632890843,0.7095974397316933,1.9109999999998308,0.37999999999988177,3.0,-138.66210025806038
S18_C9_STRESS,stress,0.18,9.0,DISPLACEMENT_ORIGIN_ONLY,RECLAIM_PULLBACK,STRUCTURAL,,2.5,815,12.147239263803682,52.26993865030675,35.58282208588957,4.049079754601228,-0.10605219642567863,0.808740237805952,-0.1659265287416344,0.7219775345544154,1.9109999999998308,0.37999999999988177,3.0,-135.23012092443204
S18_C9_STRESS,stress,0.18,9.0,DISPLACEMENT_ORIGIN_ONLY,RECLAIM_PULLBACK,STRUCTURAL,,3.0,815,10.30674846625767,52.638036809815944,37.05521472392638,4.049079754601228,-0.08030830039373338,0.85612317087907,-0.14018263270968914,0.766662066593452,1.9109999999998308,0.37999999999988177,3.0,-114.24884565839666
S18_C9_STRESS,stress,0.18,9.0,DISPLACEMENT_ORIGIN_ONLY,TOUCH_NEXT_OPEN,VOL_FLOOR_0.25,0.25,0.5,1228,59.12052117263844,27.11726384364821,13.762214983713356,0.40716612377850164,0.006719320729016284,1.022551146074268,-0.049496494817292104,0.8443557486176734,2.1204999999997654,0.27766781221175413,1.0,-60.781695635634705
S18_C9_STRESS,stress,0.18,9.0,DISPLACEMENT_ORIGIN_ONLY,TOUCH_NEXT_OPEN,VOL_FLOOR_0.25,0.25,1.0,1228,38.02931596091205,36.48208469055375,25.4885993485342,0.32573289902280134,0.022891384171696835,1.0573461997245508,-0.033324431374611566,0.9218746408067269,2.1204999999997654,0.27766781221175413,1.0,-40.922401728023004
S18_C9_STRESS,stress,0.18,9.0,DISPLACEMENT_ORIGIN_ONLY,TOUCH_NEXT_OPEN,VOL_FLOOR_0.25,0.25,1.5,1228,25.2442996742671,41.69381107491857,33.06188925081433,0.24429967426710095,0.008488161094220759,1.0186321346315623,-0.04772765445208763,0.9022753992388989,2.1204999999997654,0.27766781221175413,1.0,-58.609559667163616
S18_C9_STRESS,stress,0.18,9.0,DISPLACEMENT_ORIGIN_ONLY,TOUCH_NEXT_OPEN,VOL_FLOOR_0.25,0.25,2.0,1228,18.648208469055376,43.40390879478828,37.94788273615635,0.16286644951140067,0.025233534732433886,1.053174153351613,-0.03098228081387451,0.939176858947859,2.1204999999997654,0.27766781221175413,1.0,-38.0462408394379
S18_C9_STRESS,stress,0.18,9.0,DISPLACEMENT_ORIGIN_ONLY,TOUCH_NEXT_OPEN,VOL_FLOOR_0.25,0.25,2.5,1228,13.273615635179153,44.54397394136807,42.18241042345277,0.24429967426710095,0.028423476937203065,1.0584511415563778,-0.027792338609105335,0.9467957840121008,2.1204999999997654,0.27766781221175413,1.0,-34.12899181198135
S18_C9_STRESS,stress,0.18,9.0,DISPLACEMENT_ORIGIN_ONLY,TOUCH_NEXT_OPEN,VOL_FLOOR_0.25,0.25,3.0,1228,10.423452768729643,45.11400651465798,44.462540716612374,0.08143322475570033,0.04181890350252043,1.0850000738593688,-0.014396912043787975,0.9727692148527758,2.1204999999997654,0.27766781221175413,1.0,-17.679407989771633
S18_C9_STRESS,stress,0.18,9.0,DISPLACEMENT_ORIGIN_ONLY,TOUCH_NEXT_OPEN,VOL_FLOOR_0.50,0.5,0.5,1228,60.17915309446254,26.058631921824105,13.762214983713356,0.08143322475570033,0.022598799556381638,1.0786392995260117,-0.025908146559824662,0.9146777117790272,2.1907499999998663,0.329973736562025,1.0,-31.815203975464687
S18_C9_STRESS,stress,0.18,9.0,DISPLACEMENT_ORIGIN_ONLY,TOUCH_NEXT_OPEN,VOL_FLOOR_0.50,0.5,1.0,1228,37.54071661237785,36.807817589576544,25.651465798045603,0.0,0.01539992805906185,1.0382667682253144,-0.03310701805714445,0.9223291678174741,2.1907499999998663,0.329973736562025,1.0,-40.655418174173384
S18_C9_STRESS,stress,0.18,9.0,DISPLACEMENT_ORIGIN_ONLY,TOUCH_NEXT_OPEN,VOL_FLOOR_0.50,0.5,1.5,1228,24.674267100977197,41.612377850162865,33.71335504885993,0.08143322475570033,0.00419718647933127,1.0092243099615776,-0.04430975963687502,0.908284429450392,2.1907499999998663,0.329973736562025,1.0,-54.41238483408253
S18_C9_STRESS,stress,0.18,9.0,DISPLACEMENT_ORIGIN_ONLY,TOUCH_NEXT_OPEN,VOL_FLOOR_0.50,0.5,2.0,1228,18.078175895765472,42.91530944625407,39.00651465798045,0.08143322475570033,0.025926858302520527,1.055172758230496,-0.022580087813685767,0.9547706232832022,2.1907499999998663,0.329973736562025,1.0,-27.728347835206122
S18_C9_STRESS,stress,0.18,9.0,DISPLACEMENT_ORIGIN_ONLY,TOUCH_NEXT_OPEN,VOL_FLOOR_0.50,0.5,2.5,1228,12.296416938110749,43.97394136807817,43.729641693811075,0.16286644951140067,0.02282608177817251,1.047471315753294,-0.025680864338033786,0.949756789866226,2.1907499999998663,0.329973736562025,1.0,-31.536101407105487
S18_C9_STRESS,stress,0.18,9.0,DISPLACEMENT_ORIGIN_ONLY,TOUCH_NEXT_OPEN,VOL_FLOOR_0.50,0.5,3.0,1228,8.794788273615636,44.21824104234528,46.986970684039086,0.08143322475570033,0.03139680801149599,1.0649645669642585,-0.0171101381047103,0.9667008528734883,2.1907499999998663,0.329973736562025,1.0,-21.01124959258425
S18_C9_STRESS,stress,0.18,9.0,DISPLACEMENT_ORIGIN_ONLY,TOUCH_NEXT_OPEN,VOL_FLOOR_0.75,0.75,0.5,1228,59.20195439739414,26.791530944625407,14.006514657980457,0.08143322475570033,0.010016331860048858,1.0339074143276128,-0.032012962935431835,0.8967334615672542,2.3927499999998645,0.36449999999967986,1.0,-39.31191848471029
S18_C9_STRESS,stress,0.18,9.0,DISPLACEMENT_ORIGIN_ONLY,TOUCH_NEXT_OPEN,VOL_FLOOR_0.75,0.75,1.0,1228,35.17915309446254,37.29641693811075,27.524429967426713,0.08143322475570033,-0.012372680087333256,0.9698754814666641,-0.05440197488281396,0.8741050854128743,2.3927499999998645,0.36449999999967986,1.0,-66.80562515609554
S18_C9_STRESS,stress,0.18,9.0,DISPLACEMENT_ORIGIN_ONLY,TOUCH_NEXT_OPEN,VOL_FLOOR_0.75,0.75,1.5,1228,23.12703583061889,40.79804560260587,36.074918566775246,0.08143322475570033,-0.006570807191515808,0.9853769529659122,-0.04860010198699649,0.8973241313430484,2.3927499999998645,0.36449999999967986,1.0,-59.68092524003169
S18_C9_STRESS,stress,0.18,9.0,DISPLACEMENT_ORIGIN_ONLY,TOUCH_NEXT_OPEN,VOL_FLOOR_0.75,0.75,2.0,1228,15.553745928338763,41.44951140065147,42.99674267100978,0.0,0.015362410378421282,1.0335683432874558,-0.026666884417059413,0.9447178892998614,2.3927499999998645,0.36449999999967986,1.0,-32.74693406414896
S18_C9_STRESS,stress,0.18,9.0,DISPLACEMENT_ORIGIN_ONLY,TOUCH_NEXT_OPEN,VOL_FLOOR_0.75,0.75,2.5,1228,9.690553745928339,42.01954397394137,48.28990228013029,0.08143322475570033,0.01078977699074622,1.0232699850930131,-0.03123951780473447,0.9360858863091536,2.3927499999998645,0.36449999999967986,1.0,-38.36212786421393
S18_C9_STRESS,stress,0.18,9.0,DISPLACEMENT_ORIGIN_ONLY,TOUCH_NEXT_OPEN,VOL_FLOOR_0.75,0.75,3.0,1228,6.4332247557003255,42.26384364820847,51.302931596091206,0.08143322475570033,0.00812013083774182,1.0174023369097214,-0.033909163957738866,0.9310638257221604,2.3927499999998645,0.36449999999967986,1.0,-41.64045334010333
S18_C9_STRESS,stress,0.18,9.0,DISPLACEMENT_ORIGIN_ONLY,TOUCH_NEXT_OPEN,VOL_FLOOR_1.00,1.0,0.5,1228,58.55048859934854,26.221498371335507,15.228013029315962,0.08143322475570033,0.009937417649609146,1.0339602616431744,-0.02663247914266069,0.9128237452077012,2.729204378183092,0.37626900807616903,1.0,-32.70468438718733
S18_C9_STRESS,stress,0.18,9.0,DISPLACEMENT_ORIGIN_ONLY,TOUCH_NEXT_OPEN,VOL_FLOOR_1.00,1.0,1.0,1228,34.039087947882734,34.609120521172635,31.351791530944624,0.08143322475570033,0.006551992475609147,1.0168892717873568,-0.0300179043166607,0.92606017868602,2.729204378183092,0.37626900807616903,1.0,-36.86198650085934
S18_C9_STRESS,stress,0.18,9.0,DISPLACEMENT_ORIGIN_ONLY,TOUCH_NEXT_OPEN,VOL_FLOOR_1.00,1.0,1.5,1228,21.254071661237788,37.05211726384365,41.69381107491857,0.0,0.019833683327814714,1.047530066201341,-0.016736213464455134,0.9617299972368402,2.729204378183092,0.37626900807616903,1.0,-20.552070134350906
S18_C9_STRESS,stress,0.18,9.0,DISPLACEMENT_ORIGIN_ONLY,TOUCH_NEXT_OPEN,VOL_FLOOR_1.00,1.0,2.0,1228,13.110749185667753,37.45928338762215,49.4299674267101,0.0,0.034248491094269244,1.0812115821522483,-0.0023214056980006077,0.9947499554935889,2.729204378183092,0.37626900807616903,1.0,-2.8506861971447464
S18_C9_STRESS,stress,0.18,9.0,DISPLACEMENT_ORIGIN_ONLY,TOUCH_NEXT_OPEN,VOL_FLOOR_1.00,1.0,2.5,1228,6.840390879478828,37.86644951140065,55.29315960912052,0.08143322475570033,0.018140948866145184,1.0425360492522127,-0.01842894792612465,0.9587929832567795,2.729204378183092,0.37626900807616903,1.0,-22.63074805328107
S18_C9_STRESS,stress,0.18,9.0,DISPLACEMENT_ORIGIN_ONLY,TOUCH_NEXT_OPEN,VOL_FLOOR_1.00,1.0,3.0,1228,4.478827361563518,38.02931596091205,57.49185667752443,0.08143322475570033,0.019440238927899235,1.0454082198464358,-0.017129657864370592,0.9618471582575758,2.729204378183092,0.37626900807616903,1.0,-21.03521985744709
S18_C9_STRESS,stress,0.18,9.0,DOZ_OBJECTIVE_ONLY,ACCEPTANCE_RETEST,STRUCTURAL,,0.5,9,55.55555555555556,44.44444444444444,0.0,22.22222222222222,-0.16666666666665866,0.625000000000018,-0.2664221018576765,0.45727022449639726,0.7999999999999545,0.675499999999829,14.0,-2.3977989167190885
S18_C9_STRESS,stress,0.18,9.0,DOZ_OBJECTIVE_ONLY,ACCEPTANCE_RETEST,STRUCTURAL,,1.0,9,55.55555555555556,44.44444444444444,0.0,22.22222222222222,0.1111111111111111,1.25,0.011355675920093258,1.023132703329907,0.7999999999999545,0.675499999999829,14.0,0.10220108328083932
S18_C9_STRESS,stress,0.18,9.0,DOZ_OBJECTIVE_ONLY,ACCEPTANCE_RETEST,STRUCTURAL,,1.5,9,44.44444444444444,55.55555555555556,0.0,22.22222222222222,0.11111111111110311,1.1999999999999855,0.011355675920085264,1.0185987323433585,0.7999999999999545,0.675499999999829,14.0,0.10220108328076738
S18_C9_STRESS,stress,0.18,9.0,DOZ_OBJECTIVE_ONLY,ACCEPTANCE_RETEST,STRUCTURAL,,2.0,9,33.33333333333333,66.66666666666666,0.0,22.22222222222222,0.0,1.0,-0.09975543519101783,0.8642123844115943,0.7999999999999545,0.675499999999829,14.0,-0.8977989167191605
S18_C9_STRESS,stress,0.18,9.0,DOZ_OBJECTIVE_ONLY,ACCEPTANCE_RETEST,STRUCTURAL,,2.5,9,22.22222222222222,77.77777777777779,0.0,22.22222222222222,-0.22222222222220644,0.7142857142857346,-0.32197765741322426,0.6220595927179792,0.7999999999999545,0.675499999999829,14.0,-2.8977989167190183
S18_C9_STRESS,stress,0.18,9.0,DOZ_OBJECTIVE_ONLY,ACCEPTANCE_RETEST,STRUCTURAL,,3.0,9,22.22222222222222,77.77777777777779,0.0,22.22222222222222,-0.1111111111111111,0.8571428571428571,-0.21086654630212895,0.7524828616002394,0.7999999999999545,0.675499999999829,14.0,-1.8977989167191605
S18_C9_STRESS,stress,0.18,9.0,DOZ_OBJECTIVE_ONLY,CLEAN_REJECTION,STRUCTURAL,,0.5,22,72.72727272727273,27.27272727272727,0.0,0.0,0.09090909090909664,1.3333333333333541,0.031843194179571634,1.1096574978973013,1.6629999999997835,0.7699999999995271,1.0,0.700550271950576
S18_C9_STRESS,stress,0.18,9.0,DOZ_OBJECTIVE_ONLY,CLEAN_REJECTION,STRUCTURAL,,1.0,22,54.54545454545454,36.36363636363637,9.090909090909092,0.0,0.22250754106790696,1.6118957379367442,0.16344164433838193,1.4226343453450325,1.6629999999997835,0.7699999999995271,1.0,3.5957161754444025
S18_C9_STRESS,stress,0.18,9.0,DOZ_OBJECTIVE_ONLY,CLEAN_REJECTION,STRUCTURAL,,1.5,22,40.909090909090914,45.45454545454545,13.636363636363635,0.0,0.20641189315680294,1.4541061649449663,0.14734599642727797,1.3051402105516399,1.6629999999997835,0.7699999999995271,1.0,3.241611921400115
S18_C9_STRESS,stress,0.18,9.0,DOZ_OBJECTIVE_ONLY,CLEAN_REJECTION,STRUCTURAL,,2.0,22,27.27272727272727,50.0,22.727272727272727,0.0,0.15660397149092098,1.3093049803701817,0.09753807476139599,1.1798068909730564,1.6629999999997835,0.7699999999995271,1.0,2.1458376447507117
S18_C9_STRESS,stress,0.18,9.0,DOZ_OBJECTIVE_ONLY,CLEAN_REJECTION,STRUCTURAL,,2.5,22,27.27272727272727,50.0,22.727272727272727,0.0,0.29296760785455656,1.5786337302550855,0.23390171112503155,1.4311868936674499,1.6629999999997835,0.7699999999995271,1.0,5.145837644750694
S18_C9_STRESS,stress,0.18,9.0,DOZ_OBJECTIVE_ONLY,CLEAN_REJECTION,STRUCTURAL,,3.0,22,27.27272727272727,50.0,22.727272727272727,0.0,0.42933124421819374,1.847962480139993,0.37026534748866874,1.6825668963618465,1.6629999999997835,0.7699999999995271,1.0,8.145837644750712
S18_C9_STRESS,stress,0.18,9.0,DOZ_OBJECTIVE_ONLY,FAILED_AUCTION,STRUCTURAL,,0.5,40,72.5,25.0,2.5,0.0,0.10185131777442595,1.390760915822626,0.05543171665697777,1.2038083933198531,2.297249999999849,0.7504999999998745,2.0,2.217268666279111
S18_C9_STRESS,stress,0.18,9.0,DOZ_OBJECTIVE_ONLY,FAILED_AUCTION,STRUCTURAL,,1.0,40,45.0,45.0,10.0,0.0,0.014686528796014398,1.0303486590061754,-0.03173307232143378,0.9366989008632918,2.297249999999849,0.7504999999998745,2.0,-1.2693228928573514
S18_C9_STRESS,stress,0.18,9.0,DOZ_OBJECTIVE_ONLY,FAILED_AUCTION,STRUCTURAL,,1.5,40,32.5,55.00000000000001,12.5,2.5,-0.0366127098666841,0.9372991423046848,-0.08303231098413232,0.8631834385043555,2.297249999999849,0.7504999999998745,2.0,-3.3212924393652927
S18_C9_STRESS,stress,0.18,9.0,DOZ_OBJECTIVE_ONLY,FAILED_AUCTION,STRUCTURAL,,2.0,40,25.0,60.0,15.0,2.5,-0.03233251004831529,0.9489964596451853,-0.0787521111657635,0.8808146508920406,2.297249999999849,0.7504999999998745,2.0,-3.1500844466305398
S18_C9_STRESS,stress,0.18,9.0,DOZ_OBJECTIVE_ONLY,FAILED_AUCTION,STRUCTURAL,,2.5,40,22.5,62.5,15.0,2.5,0.005167489951686055,1.0078422825074944,-0.04125211116576215,0.9398764476814493,2.297249999999849,0.7504999999998745,2.0,-1.650084446630486
S18_C9_STRESS,stress,0.18,9.0,DOZ_OBJECTIVE_ONLY,FAILED_AUCTION,STRUCTURAL,,3.0,40,20.0,65.0,15.0,2.5,0.01766748995168471,1.0258324289930028,-0.028752111165763455,0.9596383986697179,2.297249999999849,0.7504999999998745,2.0,-1.1500844466305382
S18_C9_STRESS,stress,0.18,9.0,DOZ_OBJECTIVE_ONLY,PASSIVE_TOUCH,STRUCTURAL,,0.5,64,31.25,68.75,0.0,59.375,-0.5312500000000112,0.22727272727271092,-0.6805528073817588,0.14122288857168344,0.5861249999999245,0.37249999999994543,0.0,-43.555379672432565
S18_C9_STRESS,stress,0.18,9.0,DOZ_OBJECTIVE_ONLY,PASSIVE_TOUCH,STRUCTURAL,,1.0,64,23.4375,76.5625,0.0,60.9375,-0.53125,0.30612244897959184,-0.6805528073817475,0.227319084812676,0.5861249999999245,0.37249999999994543,0.0,-43.55537967243184
S18_C9_STRESS,stress,0.18,9.0,DOZ_OBJECTIVE_ONLY,PASSIVE_TOUCH,STRUCTURAL,,1.5,64,21.875,78.125,0.0,57.8125,-0.4531249999999838,0.4200000000000208,-0.6024278073817313,0.32914116198859233,0.5861249999999245,0.37249999999994543,0.0,-38.5553796724308
S18_C9_STRESS,stress,0.18,9.0,DOZ_OBJECTIVE_ONLY,PASSIVE_TOUCH,STRUCTURAL,,2.0,64,18.75,81.25,0.0,56.25,-0.4375,0.46153846153846156,-0.5868028073817475,0.3716788544901644,0.5861249999999245,0.37249999999994543,0.0,-37.55537967243184
S18_C9_STRESS,stress,0.18,9.0,DOZ_OBJECTIVE_ONLY,PASSIVE_TOUCH,STRUCTURAL,,2.5,64,17.1875,82.8125,0.0,56.25,-0.3984375000000112,0.5188679245282883,-0.5477403073817588,0.4243830815640561,0.5861249999999245,0.37249999999994543,0.0,-35.055379672432565
S18_C9_STRESS,stress,0.18,9.0,DOZ_OBJECTIVE_ONLY,PASSIVE_TOUCH,STRUCTURAL,,3.0,64,12.5,87.5,0.0,56.25,-0.5,0.42857142857142855,-0.6493028073817475,0.3544515966246419,0.5861249999999245,0.37249999999994543,0.0,-41.55537967243184
S18_C9_STRESS,stress,0.18,9.0,DOZ_OBJECTIVE_ONLY,RECLAIM_PULLBACK,STRUCTURAL,,0.5,37,54.054054054054056,45.94594594594595,0.0,21.62162162162162,-0.1891891891892014,0.5882352941176204,-0.2673197833621238,0.4610186089984679,1.1525000000001455,0.5684999999996307,3.0,-9.89083198439858
S18_C9_STRESS,stress,0.18,9.0,DOZ_OBJECTIVE_ONLY,RECLAIM_PULLBACK,STRUCTURAL,,1.0,37,43.24324324324324,54.054054054054056,2.7027027027027026,18.91891891891892,-0.09427260838551477,0.8255956744867976,-0.17240320255843714,0.705237607118491,1.1525000000001455,0.5684999999996307,3.0,-6.378918494662174
S18_C9_STRESS,stress,0.18,9.0,DOZ_OBJECTIVE_ONLY,RECLAIM_PULLBACK,STRUCTURAL,,1.5,37,37.83783783783784,56.75675675675676,5.405405405405405,18.91891891891892,0.04152999583814722,1.0731718974291167,-0.03660059833477518,0.9404117086934867,1.1525000000001455,0.5684999999996307,3.0,-1.3542221383866817
S18_C9_STRESS,stress,0.18,9.0,DOZ_OBJECTIVE_ONLY,RECLAIM_PULLBACK,STRUCTURAL,,2.0,37,35.13513513513514,59.45945945945946,5.405405405405405,18.91891891891892,0.14963810394624935,1.2516640839096012,0.07150750977332697,1.1113968159991667,1.1525000000001455,0.5684999999996307,3.0,2.645777861613098
S18_C9_STRESS,stress,0.18,9.0,DOZ_OBJECTIVE_ONLY,RECLAIM_PULLBACK,STRUCTURAL,,2.5,37,27.027027027027028,67.56756756756756,5.405405405405405,18.91891891891892,0.04152999583813826,1.0614643938404447,-0.036600598334784136,0.9496798762691968,1.1525000000001455,0.5684999999996307,3.0,-1.354222138387013
S18_C9_STRESS,stress,0.18,9.0,DOZ_OBJECTIVE_ONLY,RECLAIM_PULLBACK,STRUCTURAL,,3.0,37,27.027027027027028,67.56756756756756,5.405405405405405,18.91891891891892,0.17666513097327632,1.261464393840449,0.09853453680035396,1.1354696455560132,1.1525000000001455,0.5684999999996307,3.0,3.6457778616130962
S18_C9_STRESS,stress,0.18,9.0,DOZ_OBJECTIVE_ONLY,TOUCH_NEXT_OPEN,VOL_FLOOR_0.25,0.25,0.5,65,63.07692307692307,36.92307692307693,0.0,6.153846153846154,-0.053846153846138826,0.8541666666667043,-0.13929646042810498,0.6544949824946628,1.2299999999997908,0.2889958595383947,1.0,-9.054269927826823
S18_C9_STRESS,stress,0.18,9.0,DOZ_OBJECTIVE_ONLY,TOUCH_NEXT_OPEN,VOL_FLOOR_0.25,0.25,1.0,65,47.69230769230769,49.23076923076923,3.076923076923077,3.076923076923077,-0.01734034890223332,0.9653826153251155,-0.10279065548419947,0.8110721611454771,1.2299999999997908,0.2889958595383947,1.0,-6.681392606472965
S18_C9_STRESS,stress,0.18,9.0,DOZ_OBJECTIVE_ONLY,TOUCH_NEXT_OPEN,VOL_FLOOR_0.25,0.25,1.5,65,36.92307692307693,56.92307692307692,6.153846153846154,3.076923076923077,-0.028668981021085668,0.9520950153613827,-0.11411928760305183,0.8238855283650744,1.2299999999997908,0.2889958595383947,1.0,-7.417753694198369
S18_C9_STRESS,stress,0.18,9.0,DOZ_OBJECTIVE_ONLY,TOUCH_NEXT_OPEN,VOL_FLOOR_0.25,0.25,2.0,65,30.76923076923077,60.0,9.230769230769232,3.076923076923077,0.04182791278587288,1.066475361195732,-0.043622393796093305,0.93602534416393,1.2299999999997908,0.2889958595383947,1.0,-2.8354555967460646
S18_C9_STRESS,stress,0.18,9.0,DOZ_OBJECTIVE_ONLY,TOUCH_NEXT_OPEN,VOL_FLOOR_0.25,0.25,2.5,65,29.230769230769234,61.53846153846154,9.230769230769232,3.076923076923077,0.14182791278587398,1.2200216423283288,0.05637760620390782,1.0806308869679853,1.2299999999997908,0.2889958595383947,1.0,3.664544403254008
S18_C9_STRESS,stress,0.18,9.0,DOZ_OBJECTIVE_ONLY,TOUCH_NEXT_OPEN,VOL_FLOOR_0.25,0.25,3.0,65,29.230769230769234,61.53846153846154,9.230769230769232,3.076923076923077,0.28798175893972616,1.446754227132857,0.2025314523577599,1.2896591704063602,1.2299999999997908,0.2889958595383947,1.0,13.164544403254395
S18_C9_STRESS,stress,0.18,9.0,DOZ_OBJECTIVE_ONLY,TOUCH_NEXT_OPEN,VOL_FLOOR_0.50,0.5,0.5,65,66.15384615384615,33.84615384615385,0.0,1.5384615384615385,-0.007692307692301612,0.9772727272727455,-0.07175188088522211,0.8023673488121157,1.4459999999999127,0.5779917190767894,1.0,-4.663872257539437
S18_C9_STRESS,stress,0.18,9.0,DOZ_OBJECTIVE_ONLY,TOUCH_NEXT_OPEN,VOL_FLOOR_0.50,0.5,1.0,65,47.69230769230769,49.23076923076923,3.076923076923077,0.0,-0.01734034890224291,0.9653826153250971,-0.08139992209516343,0.8476571241207888,1.4459999999999127,0.5779917190767894,1.0,-5.290994936185623
S18_C9_STRESS,stress,0.18,9.0,DOZ_OBJECTIVE_ONLY,TOUCH_NEXT_OPEN,VOL_FLOOR_0.50,0.5,1.5,65,38.46153846153847,55.38461538461539,6.153846153846154,0.0,0.009792557440462271,1.0167948098430573,-0.05426701575245822,0.9126102542317415,1.4459999999999127,0.5779917190767894,1.0,-3.5273560239097845
S18_C9_STRESS,stress,0.18,9.0,DOZ_OBJECTIVE_ONLY,TOUCH_NEXT_OPEN,VOL_FLOOR_0.50,0.5,2.0,65,32.30769230769231,58.46153846153847,9.230769230769232,0.0,0.08798175893971318,1.1433301899139598,0.02392218574679266,1.0365808595060193,1.4459999999999127,0.5779917190767894,1.0,1.554942073541523
S18_C9_STRESS,stress,0.18,9.0,DOZ_OBJECTIVE_ONLY,TOUCH_NEXT_OPEN,VOL_FLOOR_0.50,0.5,2.5,65,29.230769230769234,60.0,10.76923076923077,0.0,0.18284348799489245,1.2905855467608454,0.11878391480197192,1.1773780456221694,1.4459999999999127,0.5779917190767894,1.0,7.720954462128175
S18_C9_STRESS,stress,0.18,9.0,DOZ_OBJECTIVE_ONLY,TOUCH_NEXT_OPEN,VOL_FLOOR_0.50,0.5,3.0,65,26.153846153846157,63.07692307692307,10.76923076923077,0.0,0.20592041107181072,1.3120036798433077,0.14186083787889017,1.2022739349740137,1.4459999999999127,0.5779917190767894,1.0,9.220954462127862
S18_C9_STRESS,stress,0.18,9.0,DOZ_OBJECTIVE_ONLY,TOUCH_NEXT_OPEN,VOL_FLOOR_0.75,0.75,0.5,65,66.15384615384615,33.84615384615385,0.0,1.5384615384615385,-0.007692307692305559,0.9772727272727333,-0.06004566376569941,0.8324425629487138,1.7009057654801993,0.7198727375737362,1.0,-3.902968144770462
S18_C9_STRESS,stress,0.18,9.0,DOZ_OBJECTIVE_ONLY,TOUCH_NEXT_OPEN,VOL_FLOOR_0.75,0.75,1.0,65,47.69230769230769,46.15384615384615,6.153846153846154,0.0,0.012074384381083339,1.0251172343368253,-0.04027897169231051,0.9206041204544468,1.7009057654801993,0.7198727375737362,1.0,-2.618133160000183
S18_C9_STRESS,stress,0.18,9.0,DOZ_OBJECTIVE_ONLY,TOUCH_NEXT_OPEN,VOL_FLOOR_0.75,0.75,1.5,65,35.38461538461539,52.307692307692314,12.307692307692308,0.0,0.002194111740342181,1.0038437641305789,-0.05015924433305167,0.9168212453222971,1.7009057654801993,0.7198727375737362,1.0,-3.2603508816483586
S18_C9_STRESS,stress,0.18,9.0,DOZ_OBJECTIVE_ONLY,TOUCH_NEXT_OPEN,VOL_FLOOR_0.75,0.75,2.0,65,27.692307692307693,56.92307692307692,15.384615384615385,0.0,0.01884485170113587,1.0305438199551713,-0.03350850437225799,0.9484483419318412,1.7009057654801993,0.7198727375737362,1.0,-2.1780527841967694
S18_C9_STRESS,stress,0.18,9.0,DOZ_OBJECTIVE_ONLY,TOUCH_NEXT_OPEN,VOL_FLOOR_0.75,0.75,2.5,65,23.076923076923077,56.92307692307692,20.0,0.0,0.08317031406537267,1.1348028171680788,0.030816957991978824,1.0474108084161042,1.7009057654801993,0.7198727375737362,1.0,2.0031022694786236
S18_C9_STRESS,stress,0.18,9.0,DOZ_OBJECTIVE_ONLY,TOUCH_NEXT_OPEN,VOL_FLOOR_0.75,0.75,3.0,65,20.0,56.92307692307692,23.076923076923077,0.0,0.14252640442741413,1.2310074340052486,0.09017304835402022,1.138728070464363,1.7009057654801993,0.7198727375737362,1.0,5.861248143011315
S18_C9_STRESS,stress,0.18,9.0,DOZ_OBJECTIVE_ONLY,TOUCH_NEXT_OPEN,VOL_FLOOR_1.00,1.0,0.5,65,66.15384615384615,32.30769230769231,1.5384615384615385,0.0,0.014608325917035488,1.045216246886062,-0.028335799998315644,0.9162819692246815,2.205877021396775,0.7668254590016127,1.0,-1.8418269998905168
S18_C9_STRESS,stress,0.18,9.0,DOZ_OBJECTIVE_ONLY,TOUCH_NEXT_OPEN,VOL_FLOOR_1.00,1.0,1.0,65,41.53846153846154,44.61538461538462,13.846153846153847,0.0,-0.04742246255879931,0.901318894697833,-0.09036658847415048,0.8204864585838327,2.205877021396775,0.7668254590016127,1.0,-5.873828250819781
S18_C9_STRESS,stress,0.18,9.0,DOZ_OBJECTIVE_ONLY,TOUCH_NEXT_OPEN,VOL_FLOOR_1.00,1.0,1.5,65,30.76923076923077,52.307692307692314,16.923076923076923,0.0,-0.07501229705424334,0.8693543940229532,-0.11795642296959447,0.803396456459998,2.205877021396775,0.7668254590016127,1.0,-7.667167493023641
S18_C9_STRESS,stress,0.18,9.0,DOZ_OBJECTIVE_ONLY,TOUCH_NEXT_OPEN,VOL_FLOOR_1.00,1.0,2.0,65,23.076923076923077,52.307692307692314,24.615384615384617,0.0,-0.004348229551044639,0.9924268805658261,-0.04729235546639577,0.9211755966061849,2.205877021396775,0.7668254590016127,1.0,-3.0740031053157253
S18_C9_STRESS,stress,0.18,9.0,DOZ_OBJECTIVE_ONLY,TOUCH_NEXT_OPEN,VOL_FLOOR_1.00,1.0,2.5,65,18.461538461538463,52.307692307692314,29.230769230769234,0.0,0.0558007596431898,1.0971857194600028,0.01285663372783865,1.0214287589031124,2.205877021396775,0.7668254590016127,1.0,0.8356811923095122
S18_C9_STRESS,stress,0.18,9.0,DOZ_OBJECTIVE_ONLY,TOUCH_NEXT_OPEN,VOL_FLOOR_1.00,1.0,3.0,65,16.923076923076923,53.84615384615385,29.230769230769234,0.0,0.08656999041241957,1.1468405801422366,0.04362586449706841,1.0708090679773101,2.205877021396775,0.7668254590016127,1.0,2.8356811923094467
S18_C9_STRESS,stress,0.18,9.0,MEMORY_ONLY,ACCEPTANCE_RETEST,STRUCTURAL,,0.5,13,46.15384615384615,46.15384615384615,7.6923076923076925,7.6923076923076925,-0.2835892618692509,0.44865445807157195,-0.33845701646782,0.37985285519331063,1.6000000000005912,1.1488820698170912,6.0,-4.39994121408166
S18_C9_STRESS,stress,0.18,9.0,MEMORY_ONLY,ACCEPTANCE_RETEST,STRUCTURAL,,1.0,13,46.15384615384615,46.15384615384615,7.6923076923076925,7.6923076923076925,-0.05282003110001611,0.8973089161431593,-0.10768778569858538,0.8026861031616939,1.6000000000005912,1.1488820698170912,6.0,-1.3999412140816099
S18_C9_STRESS,stress,0.18,9.0,MEMORY_ONLY,ACCEPTANCE_RETEST,STRUCTURAL,,1.5,13,46.15384615384615,46.15384615384615,7.6923076923076925,7.6923076923076925,0.1779491996692186,1.3459633742147465,0.12308144507064932,1.2255193511300768,1.6000000000005912,1.1488820698170912,6.0,1.6000587859184412
S18_C9_STRESS,stress,0.18,9.0,MEMORY_ONLY,ACCEPTANCE_RETEST,STRUCTURAL,,2.0,13,38.46153846153847,46.15384615384615,15.384615384615385,7.6923076923076925,0.3061232325152526,1.595155396278087,0.25125547791668335,1.4603697357885501,1.6000000000005912,1.1488820698170912,6.0,3.2663212129168837
S18_C9_STRESS,stress,0.18,9.0,MEMORY_ONLY,ACCEPTANCE_RETEST,STRUCTURAL,,2.5,13,38.46153846153847,46.15384615384615,15.384615384615385,7.6923076923076925,0.4984309248229356,1.9690341113377186,0.44356317022436637,1.81273077576218,1.6000000000005912,1.1488820698170912,6.0,5.766321212916763
S18_C9_STRESS,stress,0.18,9.0,MEMORY_ONLY,ACCEPTANCE_RETEST,STRUCTURAL,,3.0,13,30.76923076923077,46.15384615384615,23.076923076923077,7.6923076923076925,0.5878010192921844,2.142784706979314,0.5329332646936151,1.9764815807967628,1.6000000000005912,1.1488820698170912,6.0,6.928132441016997
S18_C9_STRESS,stress,0.18,9.0,MEMORY_ONLY,CLEAN_REJECTION,STRUCTURAL,,0.5,202,54.45544554455446,42.07920792079208,3.4653465346534658,0.49504950495049505,-0.15520796131201003,0.6378879698222516,-0.20023232083983508,0.5544942419730183,1.9882571206105695,0.8858210013568169,1.0,-40.446928809646685
S18_C9_STRESS,stress,0.18,9.0,MEMORY_ONLY,CLEAN_REJECTION,STRUCTURAL,,1.0,202,36.13861386138614,54.45544554455446,9.405940594059405,0.49504950495049505,-0.19334409606678243,0.6567488449078096,-0.23836845559460748,0.5970993604041364,1.9882571206105695,0.8858210013568169,1.0,-48.15042803011071
S18_C9_STRESS,stress,0.18,9.0,MEMORY_ONLY,CLEAN_REJECTION,STRUCTURAL,,1.5,202,25.742574257425744,57.920792079207914,16.33663366336634,0.49504950495049505,-0.15767378395080814,0.7378520928041314,-0.20269814347863319,0.6789091574718378,1.9882571206105695,0.8858210013568169,1.0,-40.945024982683904
S18_C9_STRESS,stress,0.18,9.0,MEMORY_ONLY,CLEAN_REJECTION,STRUCTURAL,,2.0,202,19.306930693069308,59.4059405940594,21.287128712871286,0.49504950495049505,-0.12670762700022803,0.7945659991015344,-0.17173198652805302,0.7348220611903218,1.9882571206105695,0.8858210013568169,1.0,-34.68986127866671
S18_C9_STRESS,stress,0.18,9.0,MEMORY_ONLY,CLEAN_REJECTION,STRUCTURAL,,2.5,202,11.881188118811881,59.900990099009896,28.217821782178216,0.0,-0.13359510388893547,0.7851238454480244,-0.17861946341676047,0.72638567036151,1.9882571206105695,0.8858210013568169,1.0,-36.081131610185615
S18_C9_STRESS,stress,0.18,9.0,MEMORY_ONLY,CLEAN_REJECTION,STRUCTURAL,,3.0,202,9.405940594059405,60.396039603960396,30.198019801980198,0.0,-0.12153794264597241,0.8060609734490857,-0.16656230217379744,0.746864681797038,1.9882571206105695,0.8858210013568169,1.0,-33.64558503910708
S18_C9_STRESS,stress,0.18,9.0,MEMORY_ONLY,FAILED_AUCTION,STRUCTURAL,,0.5,21,66.66666666666666,28.57142857142857,4.761904761904762,0.0,0.05204801612755579,1.1821680564464452,0.01879603426887005,1.0639049258953117,2.9309999999998126,1.3834999999999127,6.0,0.3947167196462711
S18_C9_STRESS,stress,0.18,9.0,MEMORY_ONLY,FAILED_AUCTION,STRUCTURAL,,1.0,21,38.095238095238095,57.14285714285714,4.761904761904762,0.0,-0.18604722196767667,0.6744173615565657,-0.21929920382636242,0.6271510832185927,2.9309999999998126,1.3834999999999127,6.0,-4.605283280353611
S18_C9_STRESS,stress,0.18,9.0,MEMORY_ONLY,FAILED_AUCTION,STRUCTURAL,,1.5,21,28.57142857142857,61.904761904761905,9.523809523809524,0.0,-0.15136046481714965,0.755494633756912,-0.18461244667583537,0.7106804561937454,2.9309999999998126,1.3834999999999127,6.0,-3.876861380192543
S18_C9_STRESS,stress,0.18,9.0,MEMORY_ONLY,FAILED_AUCTION,STRUCTURAL,,2.0,21,14.285714285714285,66.66666666666666,19.047619047619047,0.0,-0.300476962910223,0.5569655696680776,-0.3337289447689088,0.5242458060971587,2.9309999999998126,1.3834999999999127,6.0,-7.008307840147085
S18_C9_STRESS,stress,0.18,9.0,MEMORY_ONLY,FAILED_AUCTION,STRUCTURAL,,2.5,21,14.285714285714285,66.66666666666666,19.047619047619047,0.0,-0.2290483914816535,0.6622825169168235,-0.26230037334033923,0.6260722822068706,2.9309999999998126,1.3834999999999127,6.0,-5.508307840147124
S18_C9_STRESS,stress,0.18,9.0,MEMORY_ONLY,FAILED_AUCTION,STRUCTURAL,,3.0,21,14.285714285714285,66.66666666666666,19.047619047619047,0.0,-0.1576198200530802,0.7675994641655749,-0.19087180191176595,0.7278987583165878,2.9309999999998126,1.3834999999999127,6.0,-4.008307840147085
S18_C9_STRESS,stress,0.18,9.0,MEMORY_ONLY,PASSIVE_TOUCH,STRUCTURAL,,0.5,178,47.19101123595505,51.68539325842697,1.1235955056179776,22.47191011235955,-0.3557663520173333,0.3987603843820636,-0.44471093114555127,0.304312853658753,0.9845381534760236,0.6779999999996562,2.0,-79.15854574390812
S18_C9_STRESS,stress,0.18,9.0,MEMORY_ONLY,PASSIVE_TOUCH,STRUCTURAL,,1.0,178,32.02247191011236,66.29213483146067,1.6853932584269662,22.47191011235955,-0.4145477114033274,0.4381214543253986,-0.5034922905315452,0.3695166462571401,0.9845381534760236,0.6779999999996562,2.0,-89.62162771461504
S18_C9_STRESS,stress,0.18,9.0,MEMORY_ONLY,PASSIVE_TOUCH,STRUCTURAL,,1.5,178,24.719101123595504,73.03370786516854,2.247191011235955,22.47191011235955,-0.4307781003776363,0.465007868999064,-0.5197226795058542,0.40393520772159874,0.9845381534760236,0.6779999999996562,2.0,-92.51063695204203
S18_C9_STRESS,stress,0.18,9.0,MEMORY_ONLY,PASSIVE_TOUCH,STRUCTURAL,,2.0,178,21.910112359550563,74.71910112359551,3.3707865168539324,22.47191011235955,-0.3669770213322928,0.5535876981952582,-0.4559216004605106,0.48774818595242436,0.9845381534760236,0.6779999999996562,2.0,-81.15404488197089
S18_C9_STRESS,stress,0.18,9.0,MEMORY_ONLY,PASSIVE_TOUCH,STRUCTURAL,,2.5,178,17.415730337078653,78.65168539325843,3.932584269662921,22.47191011235955,-0.3978693782491606,0.5381046942668116,-0.48681395737737837,0.4777223535767796,0.9845381534760236,0.6779999999996562,2.0,-86.65288441317335
S18_C9_STRESS,stress,0.18,9.0,MEMORY_ONLY,PASSIVE_TOUCH,STRUCTURAL,,3.0,178,16.853932584269664,79.21348314606742,3.932584269662921,22.47191011235955,-0.3332626366761301,0.6156150520509825,-0.42220721580434795,0.5500189599583575,0.9845381534760236,0.6779999999996562,2.0,-75.15288441317394
S18_C9_STRESS,stress,0.18,9.0,MEMORY_ONLY,RECLAIM_PULLBACK,STRUCTURAL,,0.5,166,47.59036144578313,50.602409638554214,1.8072289156626504,1.8072289156626504,-0.27099686903168224,0.46920902754164373,-0.3252523160796669,0.3970457455939513,1.6479999999999109,0.6676557602374942,4.0,-53.99188446922471
S18_C9_STRESS,stress,0.18,9.0,MEMORY_ONLY,RECLAIM_PULLBACK,STRUCTURAL,,1.0,166,33.734939759036145,61.44578313253012,4.819277108433735,1.8072289156626504,-0.2716544080944905,0.5614595760672808,-0.32590985514247506,0.5017923161264995,1.6479999999999109,0.6676557602374942,4.0,-54.10103595365086
S18_C9_STRESS,stress,0.18,9.0,MEMORY_ONLY,RECLAIM_PULLBACK,STRUCTURAL,,1.5,166,24.69879518072289,67.46987951807229,7.83132530120482,1.8072289156626504,-0.28817467417272685,0.5766685701433184,-0.3424301212207114,0.5238798806938795,1.6479999999999109,0.6676557602374942,4.0,-56.843400122638094
S18_C9_STRESS,stress,0.18,9.0,MEMORY_ONLY,RECLAIM_PULLBACK,STRUCTURAL,,2.0,166,16.265060240963855,70.48192771084338,13.253012048192772,1.8072289156626504,-0.30572041259245014,0.5700622301073057,-0.35997585964043477,0.5210265154694068,1.6479999999999109,0.6676557602374942,4.0,-59.75599270031217
S18_C9_STRESS,stress,0.18,9.0,MEMORY_ONLY,RECLAIM_PULLBACK,STRUCTURAL,,2.5,166,13.253012048192772,71.6867469879518,15.060240963855422,1.2048192771084338,-0.2804712247359351,0.6121420930329414,-0.3347266717839198,0.5620882417612417,1.6479999999999109,0.6676557602374942,4.0,-55.564627516130685
S18_C9_STRESS,stress,0.18,9.0,MEMORY_ONLY,RECLAIM_PULLBACK,STRUCTURAL,,3.0,166,7.83132530120482,72.28915662650603,19.879518072289155,1.2048192771084338,-0.30344470742292395,0.5838394020127827,-0.3577001544709085,0.5358750091207058,1.6479999999999109,0.6676557602374942,4.0,-59.37822564217082
S18_C9_STRESS,stress,0.18,9.0,MEMORY_ONLY,TOUCH_NEXT_OPEN,VOL_FLOOR_0.25,0.25,0.5,285,54.03508771929825,43.15789473684211,2.807017543859649,0.7017543859649122,-0.16457389680317752,0.6235064891647262,-0.2305071905023164,0.5110226675483384,1.6715560176126019,0.2447104000466303,1.0,-65.69454929316018
S18_C9_STRESS,stress,0.18,9.0,MEMORY_ONLY,TOUCH_NEXT_OPEN,VOL_FLOOR_0.25,0.25,1.0,285,33.68421052631579,57.89473684210527,8.421052631578947,0.3508771929824561,-0.24796937710331127,0.5834038785256006,-0.31390267080245016,0.5096277975240731,1.6715560176126019,0.2447104000466303,1.0,-89.4622611786983
S18_C9_STRESS,stress,0.18,9.0,MEMORY_ONLY,TOUCH_NEXT_OPEN,VOL_FLOOR_0.25,0.25,1.5,285,25.6140350877193,62.10526315789474,12.280701754385964,0.3508771929824561,-0.21469582500960244,0.6631337492186348,-0.2806291187087413,0.590625799735365,1.6715560176126019,0.2447104000466303,1.0,-79.97929883199127
S18_C9_STRESS,stress,0.18,9.0,MEMORY_ONLY,TOUCH_NEXT_OPEN,VOL_FLOOR_0.25,0.25,2.0,285,20.701754385964914,64.56140350877193,14.736842105263156,0.3508771929824561,-0.18521979253299067,0.7203047193235603,-0.25115308623212956,0.6472208020739205,1.6715560176126019,0.2447104000466303,1.0,-71.57862957615693
S18_C9_STRESS,stress,0.18,9.0,MEMORY_ONLY,TOUCH_NEXT_OPEN,VOL_FLOOR_0.25,0.25,2.5,285,14.736842105263156,65.6140350877193,19.649122807017545,0.0,-0.18346165328596797,0.7282631700561164,-0.2493949469851069,0.6562444904635626,1.6715560176126019,0.2447104000466303,1.0,-71.07755989075547
S18_C9_STRESS,stress,0.18,9.0,MEMORY_ONLY,TOUCH_NEXT_OPEN,VOL_FLOOR_0.25,0.25,3.0,285,10.526315789473683,66.66666666666666,22.807017543859647,0.0,-0.1984567227536733,0.7110082482983442,-0.26439001645281224,0.6417823205528322,1.6715560176126019,0.2447104000466303,1.0,-75.35115468905148
S18_C9_STRESS,stress,0.18,9.0,MEMORY_ONLY,TOUCH_NEXT_OPEN,VOL_FLOOR_0.50,0.5,0.5,285,55.43859649122807,41.75438596491228,2.807017543859649,0.7017543859649122,-0.1435212652242315,0.66077656757537,-0.20155999844893455,0.5527766797011162,1.7267363996045333,0.38441516408599274,1.0,-57.44459955794635
S18_C9_STRESS,stress,0.18,9.0,MEMORY_ONLY,TOUCH_NEXT_OPEN,VOL_FLOOR_0.50,0.5,1.0,285,34.03508771929825,57.54385964912281,8.421052631578947,0.3508771929824561,-0.24095183324366323,0.5927931455290811,-0.2989905664683663,0.525344608113384,1.7267363996045333,0.38441516408599274,1.0,-85.2123114434844
S18_C9_STRESS,stress,0.18,9.0,MEMORY_ONLY,TOUCH_NEXT_OPEN,VOL_FLOOR_0.50,0.5,1.5,285,25.964912280701753,61.40350877192983,12.631578947368421,0.3508771929824561,-0.19809011675099503,0.6857283797417073,-0.25612884997569807,0.6180004287431733,1.7267363996045333,0.38441516408599274,1.0,-72.99672224307395
S18_C9_STRESS,stress,0.18,9.0,MEMORY_ONLY,TOUCH_NEXT_OPEN,VOL_FLOOR_0.50,0.5,2.0,285,21.403508771929825,63.1578947368421,15.43859649122807,0.3508771929824561,-0.14798126087325547,0.7716989838506931,-0.20601999409795854,0.7013561607259099,1.7267363996045333,0.38441516408599274,1.0,-58.71569831791818
S18_C9_STRESS,stress,0.18,9.0,MEMORY_ONLY,TOUCH_NEXT_OPEN,VOL_FLOOR_0.50,0.5,2.5,285,14.736842105263156,64.56140350877193,20.701754385964914,0.0,-0.1666791557372928,0.7495679310299626,-0.22471788896199588,0.6827497477256436,1.7267363996045333,0.38441516408599274,1.0,-64.04459835416883
S18_C9_STRESS,stress,0.18,9.0,MEMORY_ONLY,TOUCH_NEXT_OPEN,VOL_FLOOR_0.50,0.5,3.0,285,10.87719298245614,65.6140350877193,23.50877192982456,0.0,-0.17881819618257186,0.7362365638722309,-0.23685692940727493,0.6718214221247536,1.7267363996045333,0.38441516408599274,1.0,-67.50422488107336
S18_C9_STRESS,stress,0.18,9.0,MEMORY_ONLY,TOUCH_NEXT_OPEN,VOL_FLOOR_0.75,0.75,0.5,285,54.385964912280706,42.10526315789473,3.508771929824561,0.7017543859649122,-0.15310257203508704,0.6417864453220224,-0.20486797523802935,0.5473571084262794,1.8599666666659687,0.5766227461289891,1.0,-58.38737294283837
S18_C9_STRESS,stress,0.18,9.0,MEMORY_ONLY,TOUCH_NEXT_OPEN,VOL_FLOOR_0.75,0.75,1.0,285,34.73684210526316,55.08771929824562,10.175438596491228,0.3508771929824561,-0.20771968077710182,0.6346460391228209,-0.2594850839800442,0.5687477964609745,1.8599666666659687,0.5766227461289891,1.0,-73.9532489343126
S18_C9_STRESS,stress,0.18,9.0,MEMORY_ONLY,TOUCH_NEXT_OPEN,VOL_FLOOR_0.75,0.75,1.5,285,26.31578947368421,58.59649122807018,15.087719298245613,0.3508771929824561,-0.16572853203897323,0.7259625218018505,-0.2174939352419156,0.6603013502226085,1.8599666666659687,0.5766227461289891,1.0,-61.985771543945944
S18_C9_STRESS,stress,0.18,9.0,MEMORY_ONLY,TOUCH_NEXT_OPEN,VOL_FLOOR_0.75,0.75,2.0,285,18.596491228070175,60.70175438596491,20.701754385964914,0.3508771929824561,-0.1704108070821592,0.7295467835238265,-0.2221762102851015,0.6671535447830355,1.8599666666659687,0.5766227461289891,1.0,-63.32021993125393
S18_C9_STRESS,stress,0.18,9.0,MEMORY_ONLY,TOUCH_NEXT_OPEN,VOL_FLOOR_0.75,0.75,2.5,285,11.929824561403509,61.75438596491228,26.31578947368421,0.0,-0.17904709712754202,0.7205095758652735,-0.23081250033048437,0.6598259875044314,1.8599666666659687,0.5766227461289891,1.0,-65.78156259418805
S18_C9_STRESS,stress,0.18,9.0,MEMORY_ONLY,TOUCH_NEXT_OPEN,VOL_FLOOR_0.75,0.75,3.0,285,7.719298245614035,62.4561403508772,29.82456140350877,0.0,-0.18786123852619133,0.7099283373867799,-0.23962664172913364,0.6506242443840888,1.8599666666659687,0.5766227461289891,1.0,-68.29359289280309
S18_C9_STRESS,stress,0.18,9.0,MEMORY_ONLY,TOUCH_NEXT_OPEN,VOL_FLOOR_1.00,1.0,0.5,285,52.28070175438596,43.15789473684211,4.56140350877193,0.7017543859649122,-0.1748962209044971,0.6013236672435551,-0.2211360681515629,0.5207757662597354,2.0311723567450763,0.7293876641656483,1.0,-63.02377942319542
S18_C9_STRESS,stress,0.18,9.0,MEMORY_ONLY,TOUCH_NEXT_OPEN,VOL_FLOOR_1.00,1.0,1.0,285,33.68421052631579,53.68421052631579,12.631578947368421,0.3508771929824561,-0.19968758348717436,0.6405598688162127,-0.24592743073424017,0.5795512568180032,2.0311723567450763,0.7293876641656483,1.0,-70.08931775925845
S18_C9_STRESS,stress,0.18,9.0,MEMORY_ONLY,TOUCH_NEXT_OPEN,VOL_FLOOR_1.00,1.0,1.5,285,22.45614035087719,57.19298245614035,20.350877192982455,0.3508771929824561,-0.19332448919094233,0.6755469571035109,-0.2395643364380081,0.6181896432994962,2.0311723567450763,0.7293876641656483,1.0,-68.2758358848323
S18_C9_STRESS,stress,0.18,9.0,MEMORY_ONLY,TOUCH_NEXT_OPEN,VOL_FLOOR_1.00,1.0,2.0,285,16.140350877192983,58.245614035087726,25.6140350877193,0.3508771929824561,-0.1621990452410616,0.7326534801096409,-0.2084388924881274,0.6737737410352465,2.0311723567450763,0.7293876641656483,1.0,-59.4050843591163
S18_C9_STRESS,stress,0.18,9.0,MEMORY_ONLY,TOUCH_NEXT_OPEN,VOL_FLOOR_1.00,1.0,2.5,285,9.473684210526317,60.0,30.526315789473685,0.0,-0.19934612147369155,0.6806596909904975,-0.24558596872075733,0.6263989676637173,2.0311723567450763,0.7293876641656483,1.0,-69.99200108541584
S18_C9_STRESS,stress,0.18,9.0,MEMORY_ONLY,TOUCH_NEXT_OPEN,VOL_FLOOR_1.00,1.0,3.0,285,6.666666666666667,60.70175438596491,32.631578947368425,0.0,-0.2036214393012613,0.677437041455865,-0.2498612865483271,0.6241017341189545,2.0311723567450763,0.7293876641656483,1.0,-71.21046666627322
S18_C9_STRESS,stress,0.18,9.0,OBJECTIVE_LIQUIDITY_ONLY,ACCEPTANCE_RETEST,STRUCTURAL,,0.5,23,43.47826086956522,52.17391304347826,4.3478260869565215,21.73913043478261,-0.3247879761937368,0.4025664033859865,-0.3799778955705286,0.3355726343043679,1.624485699179104,0.7999999999994998,7.0,-8.739491598122157
S18_C9_STRESS,stress,0.18,9.0,OBJECTIVE_LIQUIDITY_ONLY,ACCEPTANCE_RETEST,STRUCTURAL,,1.0,23,21.73913043478261,69.56521739130434,8.695652173913043,21.73913043478261,-0.5044382288088284,0.302577092380069,-0.5596281481856203,0.2677772996125116,1.624485699179104,0.7999999999994998,7.0,-12.871447408269267
S18_C9_STRESS,stress,0.18,9.0,OBJECTIVE_LIQUIDITY_ONLY,ACCEPTANCE_RETEST,STRUCTURAL,,1.5,23,21.73913043478261,69.56521739130434,8.695652173913043,21.73913043478261,-0.39574257663489854,0.452856816349039,-0.4509324960116903,0.40999570698392845,1.624485699179104,0.7999999999994998,7.0,-10.371447408268876
S18_C9_STRESS,stress,0.18,9.0,OBJECTIVE_LIQUIDITY_ONLY,ACCEPTANCE_RETEST,STRUCTURAL,,2.0,23,21.73913043478261,69.56521739130434,8.695652173913043,21.73913043478261,-0.2870469244610023,0.6031365403179624,-0.3422368438377941,0.552214114355301,1.624485699179104,0.7999999999994998,7.0,-7.8714474082692645
S18_C9_STRESS,stress,0.18,9.0,OBJECTIVE_LIQUIDITY_ONLY,ACCEPTANCE_RETEST,STRUCTURAL,,2.5,23,17.391304347826086,69.56521739130434,13.043478260869565,21.73913043478261,-0.2956002370904127,0.5960874585769115,-0.3507901564672045,0.5474664026449553,1.624485699179104,0.7999999999994998,7.0,-8.068173598745704
S18_C9_STRESS,stress,0.18,9.0,OBJECTIVE_LIQUIDITY_ONLY,ACCEPTANCE_RETEST,STRUCTURAL,,3.0,23,17.391304347826086,69.56521739130434,13.043478260869565,21.73913043478261,-0.20864371535126833,0.7149061375965333,-0.26383363472806015,0.6596438593683626,1.624485699179104,0.7999999999994998,7.0,-6.068173598745383
S18_C9_STRESS,stress,0.18,9.0,OBJECTIVE_LIQUIDITY_ONLY,CLEAN_REJECTION,STRUCTURAL,,0.5,1461,56.46817248459959,30.25325119780972,13.27857631759069,0.06844626967830253,-0.041521895507827054,0.8745053162814341,-0.0840797620353948,0.7581664136866171,2.0475000000001273,1.0599999999999454,1.0,-122.8405323337118
S18_C9_STRESS,stress,0.18,9.0,OBJECTIVE_LIQUIDITY_ONLY,CLEAN_REJECTION,STRUCTURAL,,1.0,1461,33.880903490759756,39.493497604380565,26.625598904859686,0.0,-0.04717602407356526,0.8912114253021933,-0.08973389060113303,0.8032591387266692,2.0475000000001273,1.0599999999999454,1.0,-131.10121416825535
S18_C9_STRESS,stress,0.18,9.0,OBJECTIVE_LIQUIDITY_ONLY,CLEAN_REJECTION,STRUCTURAL,,1.5,1461,21.149897330595483,42.77891854893908,36.07118412046543,0.0,-0.04497861378289528,0.904073436813568,-0.08753648031046303,0.8225836883220945,2.0475000000001273,1.0599999999999454,1.0,-127.8907977335865
S18_C9_STRESS,stress,0.18,9.0,OBJECTIVE_LIQUIDITY_ONLY,CLEAN_REJECTION,STRUCTURAL,,2.0,1461,13.826146475017111,43.87405886379192,42.299794661190965,0.0,-0.03570851616474061,0.9257211163386374,-0.07826638269230837,0.8453019999856438,2.0475000000001273,1.0599999999999454,1.0,-114.34718511346253
S18_C9_STRESS,stress,0.18,9.0,OBJECTIVE_LIQUIDITY_ONLY,CLEAN_REJECTION,STRUCTURAL,,2.5,1461,9.924709103353866,44.62696783025325,45.44832306639288,0.0,-0.032308864468372306,0.9339163918910993,-0.07486673099594006,0.8544835319340521,2.0475000000001273,1.0599999999999454,1.0,-109.38029398506842
S18_C9_STRESS,stress,0.18,9.0,OBJECTIVE_LIQUIDITY_ONLY,CLEAN_REJECTION,STRUCTURAL,,3.0,1461,6.913073237508556,45.31143052703628,47.775496235455165,0.0,-0.04008806583819618,0.9191920764522383,-0.08264593236576395,0.8416958818201036,2.0475000000001273,1.0599999999999454,1.0,-120.74570718638114
S18_C9_STRESS,stress,0.18,9.0,OBJECTIVE_LIQUIDITY_ONLY,FAILED_AUCTION,STRUCTURAL,,0.5,226,61.504424778761056,34.51327433628318,3.982300884955752,0.4424778761061947,-0.03981652909754444,0.8870091990225156,-0.07293010565263151,0.7999894868435238,2.636249999999791,0.9394999999997253,5.0,-16.482203877494722
S18_C9_STRESS,stress,0.18,9.0,OBJECTIVE_LIQUIDITY_ONLY,FAILED_AUCTION,STRUCTURAL,,1.0,226,41.150442477876105,49.11504424778761,9.734513274336283,0.4424778761061947,-0.07469591134317581,0.8519668367724796,-0.10780948789826289,0.7934470850251918,2.636249999999791,0.9394999999997253,5.0,-24.364944265007413
S18_C9_STRESS,stress,0.18,9.0,OBJECTIVE_LIQUIDITY_ONLY,FAILED_AUCTION,STRUCTURAL,,1.5,226,26.548672566371685,54.86725663716814,18.58407079646018,0.0,-0.10285733045777551,0.8183438478678584,-0.13597090701286257,0.7679872117988608,2.636249999999791,0.9394999999997253,5.0,-30.72942498490694
S18_C9_STRESS,stress,0.18,9.0,OBJECTIVE_LIQUIDITY_ONLY,FAILED_AUCTION,STRUCTURAL,,2.0,226,18.141592920353983,57.07964601769911,24.778761061946902,0.0,-0.09382984421620072,0.8405186843048866,-0.1269434207712878,0.7915327470014321,2.636249999999791,0.9394999999997253,5.0,-28.689213094311043
S18_C9_STRESS,stress,0.18,9.0,OBJECTIVE_LIQUIDITY_ONLY,FAILED_AUCTION,STRUCTURAL,,2.5,226,8.849557522123893,57.9646017699115,33.1858407079646,0.0,-0.15760959954127265,0.7362027448768907,-0.19072317609635975,0.6918753347960449,2.636249999999791,0.9394999999997253,5.0,-43.1034377977773
S18_C9_STRESS,stress,0.18,9.0,OBJECTIVE_LIQUIDITY_ONLY,FAILED_AUCTION,STRUCTURAL,,3.0,226,6.1946902654867255,57.9646017699115,35.84070796460177,0.0,-0.14301455428190882,0.7606310340738919,-0.1761281308369959,0.7154545008220237,2.636249999999791,0.9394999999997253,5.0,-39.804957569161076
S18_C9_STRESS,stress,0.18,9.0,OBJECTIVE_LIQUIDITY_ONLY,PASSIVE_TOUCH,STRUCTURAL,,0.5,916,47.48908296943232,51.637554585152834,0.8733624454148471,26.746724890829693,-0.2847833356824497,0.45505775891472755,-0.3736102565787259,0.34392934249632373,0.9779999999998381,0.5509898539633014,2.0,-342.2269950261129
S18_C9_STRESS,stress,0.18,9.0,OBJECTIVE_LIQUIDITY_ONLY,PASSIVE_TOUCH,STRUCTURAL,,1.0,916,37.33624454148472,60.043668122270745,2.6200873362445414,25.54585152838428,-0.2323354707018855,0.6186491046686347,-0.32116239159816173,0.5161404296451039,0.9779999999998381,0.5509898539633014,2.0,-294.18475070391617
S18_C9_STRESS,stress,0.18,9.0,OBJECTIVE_LIQUIDITY_ONLY,PASSIVE_TOUCH,STRUCTURAL,,1.5,916,29.58515283842795,66.26637554585153,4.148471615720524,25.109170305676855,-0.21602890988517745,0.6784676502018798,-0.3048558307814537,0.5835559297694235,0.9779999999998381,0.5509898539633014,2.0,-279.2479409958116
S18_C9_STRESS,stress,0.18,9.0,OBJECTIVE_LIQUIDITY_ONLY,PASSIVE_TOUCH,STRUCTURAL,,2.0,916,24.344978165938866,70.08733624454149,5.567685589519651,25.0,-0.19514466145169418,0.7251803453695902,-0.28397158234797043,0.6329340372368792,0.9779999999998381,0.5509898539633014,2.0,-260.1179694307409
S18_C9_STRESS,stress,0.18,9.0,OBJECTIVE_LIQUIDITY_ONLY,PASSIVE_TOUCH,STRUCTURAL,,2.5,916,20.633187772925766,72.59825327510917,6.768558951965066,24.890829694323145,-0.1768671331877767,0.7594272207764693,-0.26569405408405294,0.6682963900444506,0.9779999999998381,0.5509898539633014,2.0,-243.3757535409925
S18_C9_STRESS,stress,0.18,9.0,OBJECTIVE_LIQUIDITY_ONLY,PASSIVE_TOUCH,STRUCTURAL,,3.0,916,17.903930131004365,73.7991266375546,8.296943231441048,24.781659388646286,-0.14266913208802548,0.8091058932481769,-0.23149605298430176,0.7157403238269162,0.9779999999998381,0.5509898539633014,2.0,-212.05038453362042
S18_C9_STRESS,stress,0.18,9.0,OBJECTIVE_LIQUIDITY_ONLY,RECLAIM_PULLBACK,STRUCTURAL,,0.5,1136,55.193661971830984,37.235915492957744,7.570422535211267,2.8169014084507045,-0.10854960802136018,0.7205629298011614,-0.1582982112156533,0.6133426991948915,1.694385054782856,0.7959999999995944,4.0,-179.82676794098214
S18_C9_STRESS,stress,0.18,9.0,OBJECTIVE_LIQUIDITY_ONLY,RECLAIM_PULLBACK,STRUCTURAL,,1.0,1136,36.00352112676056,48.50352112676056,15.492957746478872,2.640845070422535,-0.11888149722898508,0.7657736119309722,-0.16863010042327817,0.6849208251671315,1.694385054782856,0.7959999999995944,4.0,-191.563794080844
S18_C9_STRESS,stress,0.18,9.0,OBJECTIVE_LIQUIDITY_ONLY,RECLAIM_PULLBACK,STRUCTURAL,,1.5,1136,25.352112676056336,52.37676056338029,22.27112676056338,2.640845070422535,-0.09363739131633032,0.8287563363563115,-0.14338599451062345,0.7513601489633166,1.694385054782856,0.7959999999995944,4.0,-162.88648976406824
S18_C9_STRESS,stress,0.18,9.0,OBJECTIVE_LIQUIDITY_ONLY,RECLAIM_PULLBACK,STRUCTURAL,,2.0,1136,15.845070422535212,55.28169014084507,28.87323943661972,2.640845070422535,-0.1234607941193037,0.7858667736202327,-0.17320939731359683,0.7152869078376529,1.694385054782856,0.7959999999995944,4.0,-196.765875348246
S18_C9_STRESS,stress,0.18,9.0,OBJECTIVE_LIQUIDITY_ONLY,RECLAIM_PULLBACK,STRUCTURAL,,2.5,1136,11.619718309859154,56.426056338028175,31.954225352112676,2.640845070422535,-0.12033403317083893,0.7953894550132774,-0.17008263636513207,0.7259367363358598,1.694385054782856,0.7959999999995944,4.0,-193.21387491079003
S18_C9_STRESS,stress,0.18,9.0,OBJECTIVE_LIQUIDITY_ONLY,RECLAIM_PULLBACK,STRUCTURAL,,3.0,1136,8.80281690140845,56.866197183098585,34.33098591549296,2.640845070422535,-0.10901030829073115,0.8160206973734347,-0.15875891148502425,0.7460855033886618,1.694385054782856,0.7959999999995944,4.0,-180.35012344698754
S18_C9_STRESS,stress,0.18,9.0,OBJECTIVE_LIQUIDITY_ONLY,TOUCH_NEXT_OPEN,VOL_FLOOR_0.25,0.25,0.5,1903,56.64739884393064,32.212296374146085,11.140304781923279,1.1035207566999474,-0.05383624760742124,0.8434416662965537,-0.106033384663553,0.7094899133721557,1.8284999999996217,0.22100000000000364,1.0,-201.78153101474135
S18_C9_STRESS,stress,0.18,9.0,OBJECTIVE_LIQUIDITY_ONLY,TOUCH_NEXT_OPEN,VOL_FLOOR_0.25,0.25,1.0,1903,36.73147661586968,42.09143457698371,21.17708880714661,0.6305832895428272,-0.0499429179541202,0.8895581468757273,-0.10214005501025196,0.7872132884188351,1.8284999999996217,0.22100000000000364,1.0,-194.37252468450947
S18_C9_STRESS,stress,0.18,9.0,OBJECTIVE_LIQUIDITY_ONLY,TOUCH_NEXT_OPEN,VOL_FLOOR_0.25,0.25,1.5,1903,24.592748292170256,46.663163426169206,28.744088281660535,0.5780346820809248,-0.049579576724267556,0.9009369994252944,-0.10177671378039932,0.8084622545235504,1.8284999999996217,0.22100000000000364,1.0,-193.6810863240999
S18_C9_STRESS,stress,0.18,9.0,OBJECTIVE_LIQUIDITY_ONLY,TOUCH_NEXT_OPEN,VOL_FLOOR_0.25,0.25,2.0,1903,16.44771413557541,48.92275354703101,34.62953231739359,0.4729374671571204,-0.051988041297479755,0.9007068719502608,-0.1041851783536115,0.8126342481835623,1.8284999999996217,0.22100000000000364,1.0,-198.2643944069227
S18_C9_STRESS,stress,0.18,9.0,OBJECTIVE_LIQUIDITY_ONLY,TOUCH_NEXT_OPEN,VOL_FLOOR_0.25,0.25,2.5,1903,12.454019968470835,49.92117708880714,37.62480294272202,0.3152916447714136,-0.042169775352514906,0.9210866251282431,-0.09436691240864667,0.8337254614899182,1.8284999999996217,0.22100000000000364,1.0,-179.5802343136546
S18_C9_STRESS,stress,0.18,9.0,OBJECTIVE_LIQUIDITY_ONLY,TOUCH_NEXT_OPEN,VOL_FLOOR_0.25,0.25,3.0,1903,8.88071466106148,50.86705202312138,40.25223331581713,0.21019442984760903,-0.05273208037699181,0.9030686572450995,-0.10492921743312357,0.8183836514108931,1.8284999999996217,0.22100000000000364,1.0,-199.68030077523414
S18_C9_STRESS,stress,0.18,9.0,OBJECTIVE_LIQUIDITY_ONLY,TOUCH_NEXT_OPEN,VOL_FLOOR_0.50,0.5,0.5,1903,57.01523909616395,31.844456121912767,11.140304781923279,0.6831318970047293,-0.04831864382392089,0.8579678032140018,-0.09792955164781315,0.7277288123960921,1.8499999999996817,0.22962170177670765,1.0,-186.35993678578842
S18_C9_STRESS,stress,0.18,9.0,OBJECTIVE_LIQUIDITY_ONLY,TOUCH_NEXT_OPEN,VOL_FLOOR_0.50,0.5,1.0,1903,36.57383079348398,42.03888596952181,21.38728323699422,0.36784025223331585,-0.05105540980389825,0.8870707878197885,-0.10066631762779052,0.7895296527706464,1.8499999999996817,0.22962170177670765,1.0,-191.56800244568535
S18_C9_STRESS,stress,0.18,9.0,OBJECTIVE_LIQUIDITY_ONLY,TOUCH_NEXT_OPEN,VOL_FLOOR_0.50,0.5,1.5,1903,24.487651077246454,46.558066211245404,28.954282711508146,0.3152916447714136,-0.050007321672983315,0.8999554949101135,-0.09961822949687557,0.8116899089835365,1.8499999999996817,0.22962170177670765,1.0,-189.5734907325542
S18_C9_STRESS,stress,0.18,9.0,OBJECTIVE_LIQUIDITY_ONLY,TOUCH_NEXT_OPEN,VOL_FLOOR_0.50,0.5,2.0,1903,16.44771413557541,48.607461902259594,34.944823962165,0.21019442984760903,-0.04860430780924164,0.9067554255679943,-0.0982152156331339,0.8220221063051922,1.8499999999996817,0.22962170177670765,1.0,-186.9035553498538
S18_C9_STRESS,stress,0.18,9.0,OBJECTIVE_LIQUIDITY_ONLY,TOUCH_NEXT_OPEN,VOL_FLOOR_0.50,0.5,2.5,1903,11.823436678928008,49.97372569626905,38.202837624802946,0.05254860746190226,-0.0551868305477892,0.8969883108063147,-0.10479773837168146,0.8152300176426757,1.8499999999996817,0.22962170177670765,1.0,-199.43009612130982
S18_C9_STRESS,stress,0.18,9.0,OBJECTIVE_LIQUIDITY_ONLY,TOUCH_NEXT_OPEN,VOL_FLOOR_0.50,0.5,3.0,1903,8.197582764056753,50.9196006305833,40.882816605359956,0.05254860746190226,-0.06864596728930955,0.8741290515670813,-0.11825687511320178,0.7951819392025752,1.8499999999996817,0.22962170177670765,1.0,-225.042833340423
S18_C9_STRESS,stress,0.18,9.0,OBJECTIVE_LIQUIDITY_ONLY,TOUCH_NEXT_OPEN,VOL_FLOOR_0.75,0.75,0.5,1903,56.96269048870205,31.58171308460326,11.455596426694692,0.5254860746190226,-0.04653562768510441,0.8624732000804836,-0.09295791796052948,0.7393665651322907,1.9394999999997253,0.34443255266506145,1.0,-176.8989178788876
S18_C9_STRESS,stress,0.18,9.0,OBJECTIVE_LIQUIDITY_ONLY,TOUCH_NEXT_OPEN,VOL_FLOOR_0.75,0.75,1.0,1903,36.73147661586968,41.40830267997898,21.860220704151338,0.3152916447714136,-0.04307445879907023,0.9034835771578084,-0.08949674907449531,0.8098801264243679,1.9394999999997253,0.34443255266506145,1.0,-170.31231348876457
S18_C9_STRESS,stress,0.18,9.0,OBJECTIVE_LIQUIDITY_ONLY,TOUCH_NEXT_OPEN,VOL_FLOOR_0.75,0.75,1.5,1903,23.857067787703627,45.717288491854966,30.425643720441407,0.1576458223857068,-0.044479559985099046,0.9096578935180317,-0.09090185026052414,0.8250404799216039,1.9394999999997253,0.34443255266506145,1.0,-172.98622104577743
S18_C9_STRESS,stress,0.18,9.0,OBJECTIVE_LIQUIDITY_ONLY,TOUCH_NEXT_OPEN,VOL_FLOOR_0.75,0.75,2.0,1903,15.396741986337362,47.76668418286915,36.83657383079348,0.0,-0.05053494585252291,0.9015565871957655,-0.096957236127948,0.8209868694618496,1.9394999999997253,0.34443255266506145,1.0,-184.50962035148504
S18_C9_STRESS,stress,0.18,9.0,OBJECTIVE_LIQUIDITY_ONLY,TOUCH_NEXT_OPEN,VOL_FLOOR_0.75,0.75,2.5,1903,11.192853389385181,48.607461902259594,40.19968470835523,0.0,-0.04107209980328549,0.9213943818364714,-0.08749439007871057,0.8413107614217993,1.9394999999997253,0.34443255266506145,1.0,-166.5018243197862
S18_C9_STRESS,stress,0.18,9.0,OBJECTIVE_LIQUIDITY_ONLY,TOUCH_NEXT_OPEN,VOL_FLOOR_0.75,0.75,3.0,1903,7.3568050446663165,49.238045191802414,43.40514976353126,0.0,-0.05280488547239644,0.900180553525738,-0.09922717574782151,0.8222590291245951,1.9394999999997253,0.34443255266506145,1.0,-188.82931544810435
S18_C9_STRESS,stress,0.18,9.0,OBJECTIVE_LIQUIDITY_ONLY,TOUCH_NEXT_OPEN,VOL_FLOOR_1.00,1.0,0.5,1903,56.64739884393064,30.898581187598527,12.454019968470835,0.2627430373095113,-0.04214195009638246,0.8734186905150171,-0.08476310816104622,0.7574386815345451,2.1194999999995616,0.4592434035534153,1.0,-161.30419483047095
S18_C9_STRESS,stress,0.18,9.0,OBJECTIVE_LIQUIDITY_ONLY,TOUCH_NEXT_OPEN,VOL_FLOOR_1.00,1.0,1.0,1903,35.31266421439832,40.09458749343142,24.592748292170256,0.1576458223857068,-0.04281809059660206,0.9020070060446308,-0.08543924866126582,0.8139804710238183,2.1194999999995616,0.4592434035534153,1.0,-162.59089020238883
S18_C9_STRESS,stress,0.18,9.0,OBJECTIVE_LIQUIDITY_ONLY,TOUCH_NEXT_OPEN,VOL_FLOOR_1.00,1.0,1.5,1903,22.280609563846557,43.772990015764584,33.94640042038886,0.0,-0.040523828230394944,0.9147774933915155,-0.08314498629505868,0.8336671722079935,2.1194999999995616,0.4592434035534153,1.0,-158.22490891949667
S18_C9_STRESS,stress,0.18,9.0,OBJECTIVE_LIQUIDITY_ONLY,TOUCH_NEXT_OPEN,VOL_FLOOR_1.00,1.0,2.0,1903,13.925380977404098,45.19180241723594,40.882816605359956,0.0,-0.04114018159356903,0.9161738464785938,-0.08376133965823278,0.8376703944677212,2.1194999999995616,0.4592434035534153,1.0,-159.39782936961697
S18_C9_STRESS,stress,0.18,9.0,OBJECTIVE_LIQUIDITY_ONLY,TOUCH_NEXT_OPEN,VOL_FLOOR_1.00,1.0,2.5,1903,9.143457698370995,45.82238570677877,45.03415659485024,0.0,-0.041131853636744924,0.9173343389957642,-0.08375301170140867,0.8399238527052549,2.1194999999995616,0.4592434035534153,1.0,-159.3819812677807
S18_C9_STRESS,stress,0.18,9.0,OBJECTIVE_LIQUIDITY_ONLY,TOUCH_NEXT_OPEN,VOL_FLOOR_1.00,1.0,3.0,1903,5.622700998423542,46.452968996321594,47.92433000525486,0.0,-0.05604212247999618,0.8888299020201703,-0.09866328054465992,0.813894417978683,2.1194999999995616,0.4592434035534153,1.0,-187.75622287648784
