scenario,scenario_role,spread_usd,commission_rt_usd,sample,entry_model,risk_rule,vol_floor_k,target_r,trades,tp_pct,sl_pct,time_pct,ambiguous_same_bar_pct,avg_gross_R,pf_gross,avg_net_R,pf_net,median_risk_price,min_risk_price,median_entry_delay_minutes,sum_net_R
S10_C6,sensitivity,0.1,6.0,DISPLACEMENT_ORIGIN_ONLY,ACCEPTANCE_RETEST,STRUCTURAL,,0.5,19,52.63157894736842,47.368421052631575,0.0,31.57894736842105,-0.21052631578948547,0.5555555555555307,-0.29298078930402854,0.4505530718481335,1.394234325660591,0.24500000000011823,7.0,-5.566634996776543
S10_C6,sensitivity,0.1,6.0,DISPLACEMENT_ORIGIN_ONLY,ACCEPTANCE_RETEST,STRUCTURAL,,1.0,19,42.10526315789473,57.89473684210527,0.0,31.57894736842105,-0.15789473684210525,0.7272727272727273,-0.24034921035664836,0.6267565811568079,1.394234325660591,0.24500000000011823,7.0,-4.566634996776319
S10_C6,sensitivity,0.1,6.0,DISPLACEMENT_ORIGIN_ONLY,ACCEPTANCE_RETEST,STRUCTURAL,,1.5,19,42.10526315789473,57.89473684210527,0.0,31.57894736842105,0.05263157894737675,1.0909090909091053,-0.029822894567166358,0.9536873904784962,1.394234325660591,0.24500000000011823,7.0,-0.5666349967761608
S10_C6,sensitivity,0.1,6.0,DISPLACEMENT_ORIGIN_ONLY,ACCEPTANCE_RETEST,STRUCTURAL,,2.0,19,26.31578947368421,73.68421052631578,0.0,26.31578947368421,-0.21052631578947367,0.7142857142857143,-0.2929807893040168,0.6366747193179675,1.394234325660591,0.24500000000011823,7.0,-5.566634996776319
S10_C6,sensitivity,0.1,6.0,DISPLACEMENT_ORIGIN_ONLY,ACCEPTANCE_RETEST,STRUCTURAL,,2.5,19,10.526315789473683,89.47368421052632,0.0,26.31578947368421,-0.6315789473684168,0.2941176470588283,-0.7140334208829598,0.2659906206174519,1.394234325660591,0.24500000000011823,7.0,-13.566634996776237
S10_C6,sensitivity,0.1,6.0,DISPLACEMENT_ORIGIN_ONLY,ACCEPTANCE_RETEST,STRUCTURAL,,3.0,19,10.526315789473683,89.47368421052632,0.0,26.31578947368421,-0.5789473684210527,0.35294117647058826,-0.6614018419355958,0.3200946323754823,1.394234325660591,0.24500000000011823,7.0,-12.56663499677632
S10_C6,sensitivity,0.1,6.0,DISPLACEMENT_ORIGIN_ONLY,CLEAN_REJECTION,STRUCTURAL,,0.5,866,59.237875288683604,24.59584295612009,16.166281755196305,0.0,0.023231153819175874,1.0828886011524637,0.005409135511478976,1.0188937622245602,4.2602499999998145,0.44499999999993634,1.0,4.684311352940793
S10_C6,sensitivity,0.1,6.0,DISPLACEMENT_ORIGIN_ONLY,CLEAN_REJECTION,STRUCTURAL,,1.0,866,37.29792147806005,33.94919168591224,28.752886836027713,0.0,0.026961391376880018,1.0700503973789381,0.009139373069183113,1.0232434112927329,4.2602499999998145,0.44499999999993634,1.0,7.914697077912576
S10_C6,sensitivity,0.1,6.0,DISPLACEMENT_ORIGIN_ONLY,CLEAN_REJECTION,STRUCTURAL,,1.5,866,24.018475750577366,38.33718244803695,37.644341801385686,0.0,0.010633663764714973,1.0245817492801461,-0.007188354542981918,0.9837483312757039,4.2602499999998145,0.44499999999993634,1.0,-6.225115034222341
S10_C6,sensitivity,0.1,6.0,DISPLACEMENT_ORIGIN_ONLY,CLEAN_REJECTION,STRUCTURAL,,2.0,866,16.397228637413395,40.300230946882216,43.302540415704385,0.0,0.009201742639530027,1.0202941979776254,-0.008620275668166876,0.9814149643858988,4.2602499999998145,0.44499999999993634,1.0,-7.465158728632515
S10_C6,sensitivity,0.1,6.0,DISPLACEMENT_ORIGIN_ONLY,CLEAN_REJECTION,STRUCTURAL,,2.5,866,12.240184757505773,40.7621247113164,46.997690531177824,0.0,0.029125719486453736,1.0634001884751014,0.011303701178756842,1.0240498817211015,4.2602499999998145,0.44499999999993634,1.0,9.789005220803425
S10_C6,sensitivity,0.1,6.0,DISPLACEMENT_ORIGIN_ONLY,CLEAN_REJECTION,STRUCTURAL,,3.0,866,9.122401847575059,41.570438799076214,49.30715935334873,0.0,0.029534286526201572,1.063153549549116,0.01171226821850466,1.0244677189696885,4.2602499999998145,0.44499999999993634,1.0,10.142824277225035
S10_C6,sensitivity,0.1,6.0,DISPLACEMENT_ORIGIN_ONLY,FAILED_AUCTION,STRUCTURAL,,0.5,191,62.82722513089005,36.64921465968586,0.5235602094240838,0.0,-0.05607868666595337,0.8485239250302601,-0.09134402114899903,0.7622433416552187,2.101424096621713,0.4234999999998763,3.0,-17.446708039458816
S10_C6,sensitivity,0.1,6.0,DISPLACEMENT_ORIGIN_ONLY,FAILED_AUCTION,STRUCTURAL,,1.0,191,49.73821989528796,48.167539267015705,2.094240837696335,0.0,0.00835035664143258,1.0170090052143297,-0.02691497784161307,0.947155672456264,2.101424096621713,0.4234999999998763,3.0,-5.140760767748096
S10_C6,sensitivity,0.1,6.0,DISPLACEMENT_ORIGIN_ONLY,FAILED_AUCTION,STRUCTURAL,,1.5,191,36.64921465968586,56.54450261780105,6.806282722513089,0.0,0.0038671062186527516,1.0066831848751538,-0.03139822826439287,0.9476251695453459,2.101424096621713,0.4234999999998763,3.0,-5.997061598499037
S10_C6,sensitivity,0.1,6.0,DISPLACEMENT_ORIGIN_ONLY,FAILED_AUCTION,STRUCTURAL,,2.0,191,27.748691099476442,61.78010471204188,10.471204188481675,0.0,-0.004310410525749574,0.9931687943993478,-0.03957574500879521,0.9394327503508275,2.101424096621713,0.4234999999998763,3.0,-7.558967296679885
S10_C6,sensitivity,0.1,6.0,DISPLACEMENT_ORIGIN_ONLY,FAILED_AUCTION,STRUCTURAL,,2.5,191,25.13089005235602,62.30366492146597,12.56544502617801,0.0,0.09081326806547128,1.1427379161378404,0.05554793358242564,1.0843232392640263,2.101424096621713,0.4234999999998763,3.0,10.609655314243298
S10_C6,sensitivity,0.1,6.0,DISPLACEMENT_ORIGIN_ONLY,FAILED_AUCTION,STRUCTURAL,,3.0,191,22.5130890052356,62.82722513089005,14.659685863874344,0.0,0.16422308039531316,1.2560147443991676,0.12895774591226752,1.1941489906774208,2.101424096621713,0.4234999999998763,3.0,24.6309294692431
S10_C6,sensitivity,0.1,6.0,DISPLACEMENT_ORIGIN_ONLY,PASSIVE_TOUCH,STRUCTURAL,,0.5,479,57.41127348643006,42.58872651356994,0.0,24.21711899791232,-0.14061624275627874,0.6712058724211394,-0.21187667456359624,0.5406852923462897,1.1189187162458438,0.21960376353217725,3.0,-101.4889271159626
S10_C6,sensitivity,0.1,6.0,DISPLACEMENT_ORIGIN_ONLY,PASSIVE_TOUCH,STRUCTURAL,,1.0,479,48.22546972860125,51.774530271398746,0.0,21.08559498956159,-0.03727595048070503,0.9282507189114994,-0.10853638228802254,0.8055354943769987,1.1189187162458438,0.21960376353217725,3.0,-51.988927115962795
S10_C6,sensitivity,0.1,6.0,DISPLACEMENT_ORIGIN_ONLY,PASSIVE_TOUCH,STRUCTURAL,,1.5,479,40.292275574112736,57.82881002087683,1.8789144050104383,20.250521920668056,0.03525701108399649,1.0606686107067111,-0.036003420723320995,0.9423081635903241,1.1189187162458438,0.21960376353217725,3.0,-17.245638526470756
S10_C6,sensitivity,0.1,6.0,DISPLACEMENT_ORIGIN_ONLY,PASSIVE_TOUCH,STRUCTURAL,,2.0,479,32.98538622129436,64.09185803757829,2.9227557411273484,19.624217118997915,0.032738447736795004,1.0507362320961846,-0.038521984070522486,0.9444018285029269,1.1189187162458438,0.21960376353217725,3.0,-18.45203036978027
S10_C6,sensitivity,0.1,6.0,DISPLACEMENT_ORIGIN_ONLY,PASSIVE_TOUCH,STRUCTURAL,,2.5,479,27.97494780793319,67.4321503131524,4.592901878914405,19.41544885177453,0.05636090902628337,1.0830181485428791,-0.014899522781034112,0.979561099916045,1.1189187162458438,0.21960376353217725,3.0,-7.13687141211534
S10_C6,sensitivity,0.1,6.0,DISPLACEMENT_ORIGIN_ONLY,PASSIVE_TOUCH,STRUCTURAL,,3.0,479,25.260960334029225,69.51983298538622,5.219206680584551,19.206680584551147,0.10038856572395127,1.1434488672335565,0.029128133916633814,1.0387721601384194,1.1189187162458438,0.21960376353217725,3.0,13.952376146067596
S10_C6,sensitivity,0.1,6.0,DISPLACEMENT_ORIGIN_ONLY,RECLAIM_PULLBACK,STRUCTURAL,,0.5,814,59.45945945945946,28.00982800982801,12.530712530712531,2.8255528255528257,-0.0040020664048411635,0.9869471878733734,-0.030001219642707022,0.9051067873871232,3.292532408985494,0.28650000000016007,3.0,-24.420992789163517
S10_C6,sensitivity,0.1,6.0,DISPLACEMENT_ORIGIN_ONLY,RECLAIM_PULLBACK,STRUCTURAL,,1.0,814,38.08353808353808,39.80343980343981,22.11302211302211,2.7027027027027026,-0.02127431130564715,0.950739218077952,-0.04727346454351301,0.8938790139385195,3.292532408985494,0.28650000000016007,3.0,-38.48060013841959
S10_C6,sensitivity,0.1,6.0,DISPLACEMENT_ORIGIN_ONLY,RECLAIM_PULLBACK,STRUCTURAL,,1.5,814,26.412776412776413,45.33169533169533,28.255528255528255,2.7027027027027026,-0.03381997550719259,0.9311258951376784,-0.05981912874505844,0.8819994190040457,3.292532408985494,0.28650000000016007,3.0,-48.69277079847757
S10_C6,sensitivity,0.1,6.0,DISPLACEMENT_ORIGIN_ONLY,RECLAIM_PULLBACK,STRUCTURAL,,2.0,814,18.42751842751843,48.894348894348894,32.67813267813268,2.7027027027027026,-0.05363702785445441,0.8983622209061187,-0.07963618109232025,0.8538636463191712,3.292532408985494,0.28650000000016007,3.0,-64.82385140914869
S10_C6,sensitivity,0.1,6.0,DISPLACEMENT_ORIGIN_ONLY,RECLAIM_PULLBACK,STRUCTURAL,,2.5,814,14.619164619164618,50.0,35.38083538083538,2.7027027027027026,-0.037160547088470004,0.9310569792709925,-0.06315970032633587,0.8865389186666223,3.292532408985494,0.28650000000016007,3.0,-51.411996065637396
S10_C6,sensitivity,0.1,6.0,DISPLACEMENT_ORIGIN_ONLY,RECLAIM_PULLBACK,STRUCTURAL,,3.0,814,12.039312039312039,50.368550368550366,37.59213759213759,2.7027027027027026,-0.007325217770448628,0.9865020034090252,-0.03332437100831449,0.9405523717494837,3.292532408985494,0.28650000000016007,3.0,-27.126038000768
S10_C6,sensitivity,0.1,6.0,DISPLACEMENT_ORIGIN_ONLY,TOUCH_NEXT_OPEN,VOL_FLOOR_0.25,0.25,0.5,1090,62.38532110091744,25.779816513761467,11.834862385321102,0.45871559633027525,0.03383599967267333,1.119326101139254,0.008417368480104787,1.0287992285974514,3.4946085608548856,0.27199999999970714,1.0,9.174931643314219
S10_C6,sensitivity,0.1,6.0,DISPLACEMENT_ORIGIN_ONLY,TOUCH_NEXT_OPEN,VOL_FLOOR_0.25,0.25,1.0,1090,41.92660550458716,36.69724770642202,21.376146788990827,0.45871559633027525,0.048013516702536,1.1197098456525765,0.022594885509967466,1.054651277167814,3.4946085608548856,0.27199999999970714,1.0,24.628425205864538
S10_C6,sensitivity,0.1,6.0,DISPLACEMENT_ORIGIN_ONLY,TOUCH_NEXT_OPEN,VOL_FLOOR_0.25,0.25,1.5,1090,28.256880733944957,42.477064220183486,29.266055045871557,0.0,0.030069269427897293,1.064984416310784,0.004650638235328752,1.0097434849031302,3.4946085608548856,0.27199999999970714,1.0,5.06919567650834
S10_C6,sensitivity,0.1,6.0,DISPLACEMENT_ORIGIN_ONLY,TOUCH_NEXT_OPEN,VOL_FLOOR_0.25,0.25,2.0,1090,20.55045871559633,45.77981651376147,33.6697247706422,0.0,0.021950144186165078,1.044192082695224,-0.003468487006403456,0.9932319668079541,3.4946085608548856,0.27199999999970714,1.0,-3.780650836979767
S10_C6,sensitivity,0.1,6.0,DISPLACEMENT_ORIGIN_ONLY,TOUCH_NEXT_OPEN,VOL_FLOOR_0.25,0.25,2.5,1090,16.605504587155963,46.88073394495413,36.51376146788991,0.0,0.050060600778550464,1.0985064139641652,0.024641969585981926,1.046986611988149,3.4946085608548856,0.27199999999970714,1.0,26.8597468487203
S10_C6,sensitivity,0.1,6.0,DISPLACEMENT_ORIGIN_ONLY,TOUCH_NEXT_OPEN,VOL_FLOOR_0.25,0.25,3.0,1090,12.568807339449542,47.981651376146786,39.44954128440367,0.0,0.052414032688916916,1.1009225920224708,0.02699540149634837,1.0503418332325016,3.4946085608548856,0.27199999999970714,1.0,29.424987631019725
S10_C6,sensitivity,0.1,6.0,DISPLACEMENT_ORIGIN_ONLY,TOUCH_NEXT_OPEN,VOL_FLOOR_0.50,0.5,0.5,1090,62.75229357798165,25.412844036697248,11.834862385321102,0.1834862385321101,0.03934058682863358,1.1405576376591502,0.018636905860230552,1.064955125512034,3.7147654932734895,0.3977337349487732,1.0,20.314227387651304
S10_C6,sensitivity,0.1,6.0,DISPLACEMENT_ORIGIN_ONLY,TOUCH_NEXT_OPEN,VOL_FLOOR_0.50,0.5,1.0,1090,41.467889908256886,36.972477064220186,21.55963302752294,0.0,0.04094906114545296,1.1013995726133603,0.020245380177049944,1.0489101708691244,3.7147654932734895,0.3977337349487732,1.0,22.06746439298444
S10_C6,sensitivity,0.1,6.0,DISPLACEMENT_ORIGIN_ONLY,TOUCH_NEXT_OPEN,VOL_FLOOR_0.50,0.5,1.5,1090,27.981651376146786,42.201834862385326,29.81651376146789,0.0,0.030907304712829223,1.0671754240152511,0.010203623744426222,1.0216327274786454,3.7147654932734895,0.3977337349487732,1.0,11.121949881424582
S10_C6,sensitivity,0.1,6.0,DISPLACEMENT_ORIGIN_ONLY,TOUCH_NEXT_OPEN,VOL_FLOOR_0.50,0.5,2.0,1090,20.0,45.321100917431195,34.67889908256881,0.0,0.021884701164370794,1.0444417633436875,0.001181020195967792,1.0023386061915904,3.7147654932734895,0.3977337349487732,1.0,1.2873120136048932
S10_C6,sensitivity,0.1,6.0,DISPLACEMENT_ORIGIN_ONLY,TOUCH_NEXT_OPEN,VOL_FLOOR_0.50,0.5,2.5,1090,15.504587155963304,46.23853211009175,38.25688073394495,0.0,0.046540090390014756,1.092717809960158,0.02583640942161175,1.0501782102184498,3.7147654932734895,0.3977337349487732,1.0,28.161686269556807
S10_C6,sensitivity,0.1,6.0,DISPLACEMENT_ORIGIN_ONLY,TOUCH_NEXT_OPEN,VOL_FLOOR_0.50,0.5,3.0,1090,11.100917431192661,46.69724770642202,42.201834862385326,0.0,0.05537671635754242,1.1092922738063713,0.03467303538913939,1.0667060140128928,3.7147654932734895,0.3977337349487732,1.0,37.79360857416194
S10_C6,sensitivity,0.1,6.0,DISPLACEMENT_ORIGIN_ONLY,TOUCH_NEXT_OPEN,VOL_FLOOR_0.75,0.75,0.5,1090,62.75229357798165,25.045871559633028,12.201834862385322,0.0,0.04201583261863571,1.151524067602567,0.0245890856413939,1.086838100287233,4.19799602554151,0.5279999999997926,1.0,26.802103349119353
S10_C6,sensitivity,0.1,6.0,DISPLACEMENT_ORIGIN_ONLY,TOUCH_NEXT_OPEN,VOL_FLOOR_0.75,0.75,1.0,1090,40.36697247706422,36.23853211009174,23.394495412844037,0.0,0.03750607635987882,1.0938394133259286,0.020079329382637026,1.049189418508232,4.19799602554151,0.5279999999997926,1.0,21.88646902707436
S10_C6,sensitivity,0.1,6.0,DISPLACEMENT_ORIGIN_ONLY,TOUCH_NEXT_OPEN,VOL_FLOOR_0.75,0.75,1.5,1090,25.688073394495415,41.19266055045871,33.11926605504587,0.0,0.012102415398610894,1.026687209812377,-0.005324331578630901,0.9885099573141544,4.19799602554151,0.5279999999997926,1.0,-5.803521420707682
S10_C6,sensitivity,0.1,6.0,DISPLACEMENT_ORIGIN_ONLY,TOUCH_NEXT_OPEN,VOL_FLOOR_0.75,0.75,2.0,1090,16.69724770642202,42.477064220183486,40.825688073394495,0.0,0.020033073335547012,1.0428918988620934,0.0026063263583052023,1.0054602108117756,4.19799602554151,0.5279999999997926,1.0,2.8408957305526705
S10_C6,sensitivity,0.1,6.0,DISPLACEMENT_ORIGIN_ONLY,TOUCH_NEXT_OPEN,VOL_FLOOR_0.75,0.75,2.5,1090,12.752293577981652,43.027522935779814,44.22018348623853,0.0,0.03901986316973625,1.0825408976670496,0.021593116192494457,1.0446896065160403,4.19799602554151,0.5279999999997926,1.0,23.536496649818957
S10_C6,sensitivity,0.1,6.0,DISPLACEMENT_ORIGIN_ONLY,TOUCH_NEXT_OPEN,VOL_FLOOR_0.75,0.75,3.0,1090,8.440366972477065,43.39449541284404,48.1651376146789,0.0,0.0438036227346438,1.0919464918435384,0.026376875757402007,1.0541721718219441,4.19799602554151,0.5279999999997926,1.0,28.750794575568186
S10_C6,sensitivity,0.1,6.0,DISPLACEMENT_ORIGIN_ONLY,TOUCH_NEXT_OPEN,VOL_FLOOR_1.00,1.0,0.5,1090,60.550458715596335,25.504587155963304,13.944954128440369,0.0,0.021084547564455325,1.0733655408838698,0.006132816110501996,1.0209523250999175,4.882174289613582,0.5279999999997926,1.0,6.684769560447175
S10_C6,sensitivity,0.1,6.0,DISPLACEMENT_ORIGIN_ONLY,TOUCH_NEXT_OPEN,VOL_FLOOR_1.00,1.0,1.0,1090,37.88990825688073,34.403669724770644,27.706422018348626,0.0,0.028400155764120694,1.07279237439677,0.013448424310167366,1.0338289208382239,4.882174289613582,0.5279999999997926,1.0,14.658782498082429
S10_C6,sensitivity,0.1,6.0,DISPLACEMENT_ORIGIN_ONLY,TOUCH_NEXT_OPEN,VOL_FLOOR_1.00,1.0,1.5,1090,21.467889908256883,37.15596330275229,41.37614678899082,0.0,0.01364132051990687,1.0323089311417708,-0.0013104109340464558,0.9969556162788583,4.882174289613582,0.5279999999997926,1.0,-1.4283479181106369
S10_C6,sensitivity,0.1,6.0,DISPLACEMENT_ORIGIN_ONLY,TOUCH_NEXT_OPEN,VOL_FLOOR_1.00,1.0,2.0,1090,13.394495412844037,38.25688073394495,48.34862385321101,0.0,0.012535869440738113,1.028891545863511,-0.002415862013215203,0.994538854279355,4.882174289613582,0.5279999999997926,1.0,-2.6332895944045713
S10_C6,sensitivity,0.1,6.0,DISPLACEMENT_ORIGIN_ONLY,TOUCH_NEXT_OPEN,VOL_FLOOR_1.00,1.0,2.5,1090,9.08256880733945,38.34862385321101,52.56880733944954,0.0,0.02838810582917926,1.065271430536568,0.013436374375225945,1.0303007949217489,4.882174289613582,0.5279999999997926,1.0,14.64564806899628
S10_C6,sensitivity,0.1,6.0,DISPLACEMENT_ORIGIN_ONLY,TOUCH_NEXT_OPEN,VOL_FLOOR_1.00,1.0,3.0,1090,5.963302752293578,38.440366972477065,55.596330275229356,0.0,0.03696477382293851,1.0848124541334652,0.022013042368985172,1.0495380437476907,4.882174289613582,0.5279999999997926,1.0,23.99421618219384
S10_C6,sensitivity,0.1,6.0,DOZ_OBJECTIVE_ONLY,CLEAN_REJECTION,STRUCTURAL,,0.5,15,73.33333333333333,13.333333333333334,13.333333333333334,0.0,0.2043600058133327,2.1516834617727905,0.18216796869408045,2.0079774131863095,3.5489630342144665,1.0706467988284203,1.0,2.732519530411207
S10_C6,sensitivity,0.1,6.0,DOZ_OBJECTIVE_ONLY,CLEAN_REJECTION,STRUCTURAL,,1.0,15,66.66666666666666,20.0,13.333333333333334,0.0,0.4376933391466611,2.7930075637679956,0.4155013020274089,2.6698967356229675,3.5489630342144665,1.0706467988284203,1.0,6.232519530411134
S10_C6,sensitivity,0.1,6.0,DOZ_OBJECTIVE_ONLY,CLEAN_REJECTION,STRUCTURAL,,1.5,15,40.0,33.33333333333333,26.666666666666668,0.0,0.3295667707434724,1.873152708577804,0.3073747336242202,1.7919419729343349,3.5489630342144665,1.0706467988284203,1.0,4.610621004363303
S10_C6,sensitivity,0.1,6.0,DOZ_OBJECTIVE_ONLY,CLEAN_REJECTION,STRUCTURAL,,2.0,15,13.333333333333334,40.0,46.666666666666664,0.0,0.0007716254078913447,1.0017374596726867,-0.021420411711360908,0.9529973164970188,3.5489630342144665,1.0706467988284203,1.0,-0.32130617567041364
S10_C6,sensitivity,0.1,6.0,DOZ_OBJECTIVE_ONLY,CLEAN_REJECTION,STRUCTURAL,,2.5,15,13.333333333333334,40.0,46.666666666666664,0.0,0.06743829207455801,1.151849993113384,0.04524625495530577,1.0992835912781023,3.5489630342144665,1.0706467988284203,1.0,0.6786938243295866
S10_C6,sensitivity,0.1,6.0,DOZ_OBJECTIVE_ONLY,CLEAN_REJECTION,STRUCTURAL,,3.0,15,13.333333333333334,40.0,46.666666666666664,0.0,0.1341049587412247,1.3019625265540815,0.11191292162197243,1.2455698660591856,3.5489630342144665,1.0706467988284203,1.0,1.6786938243295864
S10_C6,sensitivity,0.1,6.0,DOZ_OBJECTIVE_ONLY,FAILED_AUCTION,STRUCTURAL,,0.5,28,67.85714285714286,32.142857142857146,0.0,0.0,0.01785714285714152,1.0555555555555514,-0.0013617647050061024,0.9958511796418651,4.391244431437599,0.8600000000001273,2.0,-0.03812941174017087
S10_C6,sensitivity,0.1,6.0,DOZ_OBJECTIVE_ONLY,FAILED_AUCTION,STRUCTURAL,,1.0,28,46.42857142857143,46.42857142857143,7.142857142857142,0.0,0.05186149967698471,1.111701691611967,0.03264259211483709,1.068878579889895,4.391244431437599,0.8600000000001273,2.0,0.9139925792154384
S10_C6,sensitivity,0.1,6.0,DOZ_OBJECTIVE_ONLY,FAILED_AUCTION,STRUCTURAL,,1.5,28,32.142857142857146,53.57142857142857,14.285714285714285,0.0,-0.0007989190197589693,0.998511843818756,-0.020017826581906564,0.9635095769892044,4.391244431437599,0.8600000000001273,2.0,-0.5604991442933838
S10_C6,sensitivity,0.1,6.0,DOZ_OBJECTIVE_ONLY,FAILED_AUCTION,STRUCTURAL,,2.0,28,21.428571428571427,57.14285714285714,21.428571428571427,0.0,0.009619712415358025,1.0168010577237783,-0.00959919514678957,0.9835778017001511,4.391244431437599,0.8600000000001273,2.0,-0.26877746411010794
S10_C6,sensitivity,0.1,6.0,DOZ_OBJECTIVE_ONLY,FAILED_AUCTION,STRUCTURAL,,2.5,28,14.285714285714285,60.71428571428571,25.0,0.0,-0.042041380402070914,0.9308848410472671,-0.06126028796421852,0.9013221883277016,4.391244431437599,0.8600000000001273,2.0,-1.7152880629981186
S10_C6,sensitivity,0.1,6.0,DOZ_OBJECTIVE_ONLY,FAILED_AUCTION,STRUCTURAL,,3.0,28,14.285714285714285,60.71428571428571,25.0,0.0,0.029387191026502925,1.0483119336126991,0.010168283464355332,1.0163790278183524,4.391244431437599,0.8600000000001273,2.0,0.2847119370019493
S10_C6,sensitivity,0.1,6.0,DOZ_OBJECTIVE_ONLY,PASSIVE_TOUCH,STRUCTURAL,,0.5,35,25.71428571428571,74.28571428571429,0.0,71.42857142857143,-0.6558564740374958,0.16390471086482133,-0.7399739083955339,0.1311537198337323,0.8573799068744847,0.30750000000011823,0.0,-25.899086793843686
S10_C6,sensitivity,0.1,6.0,DOZ_OBJECTIVE_ONLY,PASSIVE_TOUCH,STRUCTURAL,,1.0,35,22.857142857142858,77.14285714285715,0.0,71.42857142857143,-0.584427902608907,0.2811458998860209,-0.668545336966945,0.2443570245293022,0.8573799068744847,0.30750000000011823,0.0,-23.399086793843075
S10_C6,sensitivity,0.1,6.0,DOZ_OBJECTIVE_ONLY,PASSIVE_TOUCH,STRUCTURAL,,1.5,35,22.857142857142858,77.14285714285715,0.0,68.57142857142857,-0.4701421883231838,0.42171884982904234,-0.5542596226812218,0.37353180508861644,0.8573799068744847,0.30750000000011823,0.0,-19.399086793842763
S10_C6,sensitivity,0.1,6.0,DOZ_OBJECTIVE_ONLY,PASSIVE_TOUCH,STRUCTURAL,,2.0,35,17.142857142857142,80.0,2.857142857142857,62.857142857142854,-0.5079494460310309,0.40297894649027743,-0.592066880389069,0.3603547334428749,0.8573799068744847,0.30750000000011823,0.0,-20.722340813617414
S10_C6,sensitivity,0.1,6.0,DOZ_OBJECTIVE_ONLY,PASSIVE_TOUCH,STRUCTURAL,,2.5,35,14.285714285714285,82.85714285714286,2.857142857142857,62.857142857142854,-0.52223516031675,0.4061312087088407,-0.6063525946747881,0.3656184741245789,0.8573799068744847,0.30750000000011823,0.0,-21.22234081361758
S10_C6,sensitivity,0.1,6.0,DOZ_OBJECTIVE_ONLY,PASSIVE_TOUCH,STRUCTURAL,,3.0,35,14.285714285714285,82.85714285714286,2.857142857142857,62.857142857142854,-0.4508065888881737,0.4873574504506154,-0.5349240232462118,0.4403488645474399,0.8573799068744847,0.30750000000011823,0.0,-18.722340813617414
S10_C6,sensitivity,0.1,6.0,DOZ_OBJECTIVE_ONLY,RECLAIM_PULLBACK,STRUCTURAL,,0.5,29,65.51724137931035,34.48275862068966,0.0,6.896551724137931,-0.01724137931034158,0.9500000000000096,-0.044970466875194244,0.8744041817564724,2.592963034214563,0.6389248924654112,3.0,-1.304143539380633
S10_C6,sensitivity,0.1,6.0,DOZ_OBJECTIVE_ONLY,RECLAIM_PULLBACK,STRUCTURAL,,1.0,29,51.724137931034484,48.275862068965516,0.0,6.896551724137931,0.034482758620689655,1.0714285714285714,0.006753671055837007,1.0135365078307619,2.592963034214563,0.6389248924654112,3.0,0.1958564606192732
S10_C6,sensitivity,0.1,6.0,DOZ_OBJECTIVE_ONLY,RECLAIM_PULLBACK,STRUCTURAL,,1.5,29,44.827586206896555,55.172413793103445,0.0,6.896551724137931,0.12068965517241233,1.2187499999999973,0.0929605676075596,1.163274079224512,2.592963034214563,0.6389248924654112,3.0,2.695856460619228
S10_C6,sensitivity,0.1,6.0,DOZ_OBJECTIVE_ONLY,RECLAIM_PULLBACK,STRUCTURAL,,2.0,29,41.37931034482759,58.620689655172406,0.0,6.896551724137931,0.2413793103448276,1.411764705882353,0.21365022277997492,1.3532407841628384,2.592963034214563,0.6389248924654112,3.0,6.1958564606192725
S10_C6,sensitivity,0.1,6.0,DOZ_OBJECTIVE_ONLY,RECLAIM_PULLBACK,STRUCTURAL,,2.5,29,27.586206896551722,65.51724137931035,6.896551724137931,6.896551724137931,0.17026680669984945,1.2598809154892439,0.14253771913499674,1.2110498705701649,2.592963034214563,0.6389248924654112,3.0,4.133593854914905
S10_C6,sensitivity,0.1,6.0,DOZ_OBJECTIVE_ONLY,RECLAIM_PULLBACK,STRUCTURAL,,3.0,29,17.24137931034483,72.41379310344827,10.344827586206897,6.896551724137931,0.004627052483204148,1.0063897391434724,-0.023102035081648493,0.9690410262749789,2.592963034214563,0.6389248924654112,3.0,-0.6699590173678063
S10_C6,sensitivity,0.1,6.0,DOZ_OBJECTIVE_ONLY,TOUCH_NEXT_OPEN,VOL_FLOOR_0.25,0.25,0.5,40,67.5,30.0,2.5,5.0,0.043176725425756894,1.1439224180858547,0.012008345567483236,1.038763804357167,2.21214415294412,0.689812231163158,1.0,0.48033382269932945
S10_C6,sensitivity,0.1,6.0,DOZ_OBJECTIVE_ONLY,TOUCH_NEXT_OPEN,VOL_FLOOR_0.25,0.25,1.0,40,52.5,45.0,2.5,2.5,0.08067672542574056,1.1792816120571972,0.049508345567466895,1.1061853642966502,2.21214415294412,0.689812231163158,1.0,1.9803338226986757
S10_C6,sensitivity,0.1,6.0,DOZ_OBJECTIVE_ONLY,TOUCH_NEXT_OPEN,VOL_FLOOR_0.25,0.25,1.5,40,37.5,50.0,12.5,0.0,0.09152493950546083,1.1784902071130268,0.060356559647187134,1.113488828808861,2.21214415294412,0.689812231163158,1.0,2.4142623858874854
S10_C6,sensitivity,0.1,6.0,DOZ_OBJECTIVE_ONLY,TOUCH_NEXT_OPEN,VOL_FLOOR_0.25,0.25,2.0,40,27.500000000000004,52.5,20.0,0.0,0.08072676000461303,1.1501131079028803,0.04955838014633936,1.088945321840112,2.21214415294412,0.689812231163158,1.0,1.9823352058535746
S10_C6,sensitivity,0.1,6.0,DOZ_OBJECTIVE_ONLY,TOUCH_NEXT_OPEN,VOL_FLOOR_0.25,0.25,2.5,40,22.5,57.49999999999999,20.0,0.0,0.043226760004610634,1.0735433033252528,0.012058380146336988,1.0197969171106382,2.21214415294412,0.689812231163158,1.0,0.48233520585347955
S10_C6,sensitivity,0.1,6.0,DOZ_OBJECTIVE_ONLY,TOUCH_NEXT_OPEN,VOL_FLOOR_0.25,0.25,3.0,40,17.5,62.5,20.0,0.0,-0.04427323999538435,0.9305814959769251,-0.07544161985365797,0.8858185582293773,2.21214415294412,0.689812231163158,1.0,-3.0176647941463184
S10_C6,sensitivity,0.1,6.0,DOZ_OBJECTIVE_ONLY,TOUCH_NEXT_OPEN,VOL_FLOOR_0.50,0.5,0.5,40,70.0,27.500000000000004,2.5,2.5,0.08067672542575205,1.2933699106391003,0.05894025614251093,1.2096484145723911,3.016247687258517,1.21349999999984,1.0,2.357610245700437
S10_C6,sensitivity,0.1,6.0,DOZ_OBJECTIVE_ONLY,TOUCH_NEXT_OPEN,VOL_FLOOR_0.50,0.5,1.0,40,57.49999999999999,40.0,2.5,0.0,0.18067672542575652,1.4516918135643917,0.15894025614251536,1.3886087547960577,3.016247687258517,1.21349999999984,1.0,6.357610245700615
S10_C6,sensitivity,0.1,6.0,DOZ_OBJECTIVE_ONLY,TOUCH_NEXT_OPEN,VOL_FLOOR_0.50,0.5,1.5,40,35.0,52.5,12.5,0.0,0.029024939505470304,1.0539724854014996,0.007288470222229199,1.0132473794227264,3.016247687258517,1.21349999999984,1.0,0.29153880888916794
S10_C6,sensitivity,0.1,6.0,DOZ_OBJECTIVE_ONLY,TOUCH_NEXT_OPEN,VOL_FLOOR_0.50,0.5,2.0,40,27.500000000000004,52.5,20.0,0.0,0.0807267600046253,1.1501131079029063,0.058990290721384196,1.1072195864997445,3.016247687258517,1.21349999999984,1.0,2.359611628855368
S10_C6,sensitivity,0.1,6.0,DOZ_OBJECTIVE_ONLY,TOUCH_NEXT_OPEN,VOL_FLOOR_0.50,0.5,2.5,40,22.5,55.00000000000001,22.5,0.0,0.10933508504940877,1.1942792320134432,0.08759861576616765,1.1522055183229754,3.016247687258517,1.21349999999984,1.0,3.503944630646706
S10_C6,sensitivity,0.1,6.0,DOZ_OBJECTIVE_ONLY,TOUCH_NEXT_OPEN,VOL_FLOOR_0.50,0.5,3.0,40,20.0,57.49999999999999,22.5,0.0,0.12183508504941194,1.2072825863999828,0.10009861576617078,1.1666117213938818,3.016247687258517,1.21349999999984,1.0,4.003944630646831
S10_C6,sensitivity,0.1,6.0,DOZ_OBJECTIVE_ONLY,TOUCH_NEXT_OPEN,VOL_FLOOR_0.75,0.75,0.5,40,80.0,17.5,2.5,0.0,0.23067672542575507,2.3181527167185862,0.21392888074166166,2.203542215188332,4.0937010648472185,1.4711386773034536,1.0,8.557155229666467
S10_C6,sensitivity,0.1,6.0,DOZ_OBJECTIVE_ONLY,TOUCH_NEXT_OPEN,VOL_FLOOR_0.75,0.75,1.0,40,52.5,42.5,5.0,0.0,0.08613534248916928,1.1937622588029257,0.06938749780507587,1.1535432070831892,4.0937010648472185,1.4711386773034536,1.0,2.775499912203035
S10_C6,sensitivity,0.1,6.0,DOZ_OBJECTIVE_ONLY,TOUCH_NEXT_OPEN,VOL_FLOOR_0.75,0.75,1.5,40,35.0,45.0,20.0,0.0,0.11793796939411616,1.244525148398981,0.10119012471002276,1.2063074007618868,4.0937010648472185,1.4711386773034536,1.0,4.04760498840091
S10_C6,sensitivity,0.1,6.0,DOZ_OBJECTIVE_ONLY,TOUCH_NEXT_OPEN,VOL_FLOOR_0.75,0.75,2.0,40,25.0,47.5,27.500000000000004,0.0,0.09463978989326961,1.1865506152044052,0.07789194520917621,1.1510539546560663,4.0937010648472185,1.4711386773034536,1.0,3.115677808367048
S10_C6,sensitivity,0.1,6.0,DOZ_OBJECTIVE_ONLY,TOUCH_NEXT_OPEN,VOL_FLOOR_0.75,0.75,2.5,40,15.0,47.5,37.5,0.0,0.08836426592524903,1.1741805237419822,0.07161642124115561,1.1388839836743072,4.0937010648472185,1.4711386773034536,1.0,2.864656849646224
S10_C6,sensitivity,0.1,6.0,DOZ_OBJECTIVE_ONLY,TOUCH_NEXT_OPEN,VOL_FLOOR_0.75,0.75,3.0,40,5.0,50.0,45.0,0.0,-0.04842138746345922,0.9090360904451861,-0.06516923214755262,0.8796179383305872,4.0937010648472185,1.4711386773034536,1.0,-2.6067692859021045
S10_C6,sensitivity,0.1,6.0,DOZ_OBJECTIVE_ONLY,TOUCH_NEXT_OPEN,VOL_FLOOR_1.00,1.0,0.5,40,72.5,25.0,2.5,0.0,0.11817672542575308,1.4727069017030134,0.10469964754769279,1.4136870589094896,5.324214705443714,1.7530000000001564,1.0,4.1879859019077115
S10_C6,sensitivity,0.1,6.0,DOZ_OBJECTIVE_ONLY,TOUCH_NEXT_OPEN,VOL_FLOOR_1.00,1.0,1.0,40,55.00000000000001,37.5,7.5,0.0,0.1564034049205781,1.391720149802873,0.1429263270425178,1.353196352409251,5.324214705443714,1.7530000000001564,1.0,5.717053081700712
S10_C6,sensitivity,0.1,6.0,DOZ_OBJECTIVE_ONLY,TOUCH_NEXT_OPEN,VOL_FLOOR_1.00,1.0,1.5,40,35.0,40.0,25.0,0.0,0.15369043243693664,1.3509610417268758,0.14021335455887632,1.3157117487516299,5.324214705443714,1.7530000000001564,1.0,5.6085341823550525
S10_C6,sensitivity,0.1,6.0,DOZ_OBJECTIVE_ONLY,TOUCH_NEXT_OPEN,VOL_FLOOR_1.00,1.0,2.0,40,10.0,40.0,50.0,0.0,0.028838452968766037,1.0658542847152352,0.015361375090705698,1.0345884784539547,5.324214705443714,1.7530000000001564,1.0,0.6144550036282279
S10_C6,sensitivity,0.1,6.0,DOZ_OBJECTIVE_ONLY,TOUCH_NEXT_OPEN,VOL_FLOOR_1.00,1.0,2.5,40,7.5,42.5,50.0,0.0,-0.00866154703123333,0.9812890425543742,-0.022138624909293702,0.9528605306109891,5.324214705443714,1.7530000000001564,1.0,-0.8855449963717481
S10_C6,sensitivity,0.1,6.0,DOZ_OBJECTIVE_ONLY,TOUCH_NEXT_OPEN,VOL_FLOOR_1.00,1.0,3.0,40,5.0,45.0,50.0,0.0,-0.07116154703123358,0.8541511813392489,-0.08463862490929391,0.8289911307983819,5.324214705443714,1.7530000000001564,1.0,-3.3855449963717565
S10_C6,sensitivity,0.1,6.0,MEMORY_ONLY,ACCEPTANCE_RETEST,STRUCTURAL,,0.5,49,77.55102040816327,22.448979591836736,0.0,4.081632653061225,0.16326530612245185,1.7272727272727395,0.13011739581209764,1.5604688053659954,1.976683895103406,0.8356620515878603,7.0,6.3757523947927845
S10_C6,sensitivity,0.1,6.0,MEMORY_ONLY,ACCEPTANCE_RETEST,STRUCTURAL,,1.0,49,42.857142857142854,55.10204081632652,2.0408163265306123,4.081632653061225,-0.11784716526156039,0.7861292185993904,-0.15099507557191452,0.7353209993223547,1.976683895103406,0.8356620515878603,7.0,-7.398758703023812
S10_C6,sensitivity,0.1,6.0,MEMORY_ONLY,ACCEPTANCE_RETEST,STRUCTURAL,,1.5,49,30.612244897959183,61.224489795918366,8.16326530612245,4.081632653061225,-0.08583131223960459,0.8598088566753125,-0.11897922254995881,0.8120438140422698,1.976683895103406,0.8356620515878603,7.0,-5.8299819049479815
S10_C6,sensitivity,0.1,6.0,MEMORY_ONLY,ACCEPTANCE_RETEST,STRUCTURAL,,2.0,49,30.612244897959183,61.224489795918366,8.16326530612245,4.081632653061225,0.06722991225019052,1.1098088566753113,0.03408200193983636,1.0538406871143051,1.976683895103406,0.8356620515878603,7.0,1.6700180950519818
S10_C6,sensitivity,0.1,6.0,MEMORY_ONLY,ACCEPTANCE_RETEST,STRUCTURAL,,2.5,49,26.53061224489796,63.26530612244898,10.204081632653061,4.081632653061225,0.12190183596219877,1.1926835471660562,0.0887539256518446,1.1356689179991288,1.976683895103406,0.8356620515878603,7.0,4.348942356940386
S10_C6,sensitivity,0.1,6.0,MEMORY_ONLY,ACCEPTANCE_RETEST,STRUCTURAL,,3.0,49,24.489795918367346,63.26530612244898,12.244897959183673,4.081632653061225,0.24267993121360215,1.3835908590150487,0.20953202090324796,1.3202898615845469,1.976683895103406,0.8356620515878603,7.0,10.26706902425915
S10_C6,sensitivity,0.1,6.0,MEMORY_ONLY,CLEAN_REJECTION,STRUCTURAL,,0.5,572,62.58741258741259,34.090909090909086,3.3216783216783217,0.0,-0.041692094779918365,0.8825372065155543,-0.06818591297590253,0.8129154234676675,2.386507439237448,0.6462472160358175,1.0,-39.00234222221624
S10_C6,sensitivity,0.1,6.0,MEMORY_ONLY,CLEAN_REJECTION,STRUCTURAL,,1.0,572,43.88111888111888,48.42657342657343,7.6923076923076925,0.0,-0.05041947889588636,0.8992903729305132,-0.0769132970918705,0.8505156760630507,2.386507439237448,0.6462472160358175,1.0,-43.99440593654993
S10_C6,sensitivity,0.1,6.0,MEMORY_ONLY,CLEAN_REJECTION,STRUCTURAL,,1.5,572,32.34265734265735,53.84615384615385,13.81118881118881,0.0,-0.02692402342693132,0.9516975560875798,-0.05341784162291548,0.9067612660243953,2.386507439237448,0.6462472160358175,1.0,-30.555005408307654
S10_C6,sensitivity,0.1,6.0,MEMORY_ONLY,CLEAN_REJECTION,STRUCTURAL,,2.0,572,23.251748251748253,56.81818181818182,19.93006993006993,0.0,-0.031368855233691484,0.9468001926800631,-0.05786267342967564,0.9045375151270858,2.386507439237448,0.6462472160358175,1.0,-33.09744920177447
S10_C6,sensitivity,0.1,6.0,MEMORY_ONLY,CLEAN_REJECTION,STRUCTURAL,,2.5,572,18.181818181818183,58.04195804195804,23.776223776223777,0.0,-0.006233818366989325,0.9896427560026408,-0.032727636562973485,0.94710003105005,2.386507439237448,0.6462472160358175,1.0,-18.72020811402083
S10_C6,sensitivity,0.1,6.0,MEMORY_ONLY,CLEAN_REJECTION,STRUCTURAL,,3.0,572,15.034965034965033,58.56643356643356,26.3986013986014,0.0,0.014595268764932449,1.0240235982575279,-0.011898549431051715,0.9809476974939368,2.386507439237448,0.6462472160358175,1.0,-6.805970274561581
S10_C6,sensitivity,0.1,6.0,MEMORY_ONLY,FAILED_AUCTION,STRUCTURAL,,0.5,104,55.769230769230774,42.30769230769231,1.9230769230769231,0.0,-0.1431091503918894,0.6633940411182695,-0.1624830473463286,0.6246049048653035,3.3593777627692134,0.8115000000000236,9.0,-16.898236924018175
S10_C6,sensitivity,0.1,6.0,MEMORY_ONLY,FAILED_AUCTION,STRUCTURAL,,1.0,104,38.46153846153847,55.769230769230774,5.769230769230769,0.0,-0.17116936442578934,0.697442491377672,-0.19054326138022848,0.6694137569783908,3.3593777627692134,0.8115000000000236,9.0,-19.816499183543762
S10_C6,sensitivity,0.1,6.0,MEMORY_ONLY,FAILED_AUCTION,STRUCTURAL,,1.5,104,27.884615384615387,57.692307692307686,14.423076923076922,0.0,-0.09528929028816185,0.8382979861329122,-0.11466318724260101,0.8090553293990211,3.3593777627692134,0.8115000000000236,9.0,-11.924971473230505
S10_C6,sensitivity,0.1,6.0,MEMORY_ONLY,FAILED_AUCTION,STRUCTURAL,,2.0,104,20.192307692307693,60.57692307692307,19.230769230769234,0.0,-0.08565500123018081,0.8614300791780475,-0.10502889818461994,0.833270610485574,3.3593777627692134,0.8115000000000236,9.0,-10.923005411200474
S10_C6,sensitivity,0.1,6.0,MEMORY_ONLY,FAILED_AUCTION,STRUCTURAL,,2.5,104,15.384615384615385,62.5,22.115384615384613,0.0,-0.10044604742008433,0.8437119014815125,-0.11981994437452345,0.8171067441811151,3.3593777627692134,0.8115000000000236,9.0,-12.46127421495044
S10_C6,sensitivity,0.1,6.0,MEMORY_ONLY,FAILED_AUCTION,STRUCTURAL,,3.0,104,11.538461538461538,63.46153846153846,25.0,0.0,-0.07766406006626433,0.8809405684445849,-0.09703795702070346,0.8540820408109102,3.3593777627692134,0.8115000000000236,9.0,-10.09194753015316
S10_C6,sensitivity,0.1,6.0,MEMORY_ONLY,PASSIVE_TOUCH,STRUCTURAL,,0.5,565,51.50442477876106,47.9646017699115,0.5309734513274336,25.663716814159294,-0.3156716833139047,0.44927583071477123,-0.3700305942099938,0.38345563383313713,1.1341878318246472,0.3999999999998636,2.0,-209.06728572864648
S10_C6,sensitivity,0.1,6.0,MEMORY_ONLY,PASSIVE_TOUCH,STRUCTURAL,,1.0,565,38.230088495575224,60.53097345132743,1.238938053097345,25.486725663716815,-0.3158429313389051,0.5484590910636709,-0.37020184223499425,0.4950323052688778,1.1341878318246472,0.3999999999998636,2.0,-209.16404086277174
S10_C6,sensitivity,0.1,6.0,MEMORY_ONLY,PASSIVE_TOUCH,STRUCTURAL,,1.5,565,30.619469026548675,67.78761061946904,1.592920353982301,24.95575221238938,-0.3105211735095612,0.598004690995876,-0.36488008440565034,0.5496139764338183,1.1341878318246472,0.3999999999998636,2.0,-206.15724768919245
S10_C6,sensitivity,0.1,6.0,MEMORY_ONLY,PASSIVE_TOUCH,STRUCTURAL,,2.0,565,25.840707964601773,71.85840707964601,2.3008849557522124,24.95575221238938,-0.29119890694765366,0.6418912298500157,-0.34555781784374273,0.5948460121102191,1.1341878318246472,0.3999999999998636,2.0,-195.24016708171465
S10_C6,sensitivity,0.1,6.0,MEMORY_ONLY,PASSIVE_TOUCH,STRUCTURAL,,2.5,565,21.238938053097346,75.75221238938053,3.0088495575221237,24.95575221238938,-0.3101224073707027,0.6360487824267134,-0.36448131826679175,0.5921961851686076,1.1341878318246472,0.3999999999998636,2.0,-205.93194482073733
S10_C6,sensitivity,0.1,6.0,MEMORY_ONLY,PASSIVE_TOUCH,STRUCTURAL,,3.0,565,18.230088495575224,77.69911504424779,4.070796460176991,24.778761061946902,-0.2993728006268025,0.6565123441424431,-0.35373171152289157,0.6130393586844518,1.1341878318246472,0.3999999999998636,2.0,-199.85841701043373
S10_C6,sensitivity,0.1,6.0,MEMORY_ONLY,RECLAIM_PULLBACK,STRUCTURAL,,0.5,524,61.06870229007634,37.213740458015266,1.717557251908397,0.9541984732824428,-0.07360304116835341,0.8057911399671529,-0.10404438840771726,0.7337947811888578,2.0271582871323517,0.6160000000002128,3.0,-54.51925952564385
S10_C6,sensitivity,0.1,6.0,MEMORY_ONLY,RECLAIM_PULLBACK,STRUCTURAL,,1.0,524,44.465648854961835,50.57251908396947,4.961832061068702,0.9541984732824428,-0.06571928306471615,0.8723783135235673,-0.09616063030408002,0.8189617277571912,2.0271582871323517,0.6160000000002128,3.0,-50.388170279337935
S10_C6,sensitivity,0.1,6.0,MEMORY_ONLY,RECLAIM_PULLBACK,STRUCTURAL,,1.5,524,34.35114503816794,58.396946564885496,7.251908396946565,0.9541984732824428,-0.06253012405598055,0.8949221186478239,-0.0929714712953444,0.8485538440649505,2.0271582871323517,0.6160000000002128,3.0,-48.71705095876047
S10_C6,sensitivity,0.1,6.0,MEMORY_ONLY,RECLAIM_PULLBACK,STRUCTURAL,,2.0,524,24.80916030534351,62.40458015267175,12.786259541984732,0.9541984732824428,-0.07273221780258686,0.8855284879703051,-0.1031735650419507,0.8425828876365639,2.0271582871323517,0.6160000000002128,3.0,-54.06294808198217
S10_C6,sensitivity,0.1,6.0,MEMORY_ONLY,RECLAIM_PULLBACK,STRUCTURAL,,2.5,524,18.702290076335878,64.69465648854961,16.603053435114504,0.9541984732824428,-0.08333366436039058,0.8734059481290803,-0.11377501159975444,0.8324790909621061,2.0271582871323517,0.6160000000002128,3.0,-59.618106078271325
S10_C6,sensitivity,0.1,6.0,MEMORY_ONLY,RECLAIM_PULLBACK,STRUCTURAL,,3.0,524,14.885496183206106,65.83969465648855,19.27480916030534,0.9541984732824428,-0.07393531912692665,0.8896210381538581,-0.10437666636629055,0.8489725922916279,2.0271582871323517,0.6160000000002128,3.0,-54.693373175936244
S10_C6,sensitivity,0.1,6.0,MEMORY_ONLY,TOUCH_NEXT_OPEN,VOL_FLOOR_0.25,0.25,0.5,840,62.73809523809524,35.0,2.261904761904762,0.7142857142857143,-0.046083719671355335,0.8719793554810279,-0.08339504095836348,0.7770648815251455,1.9309229118266558,0.2592856080882484,1.0,-70.05183440502532
S10_C6,sensitivity,0.1,6.0,MEMORY_ONLY,TOUCH_NEXT_OPEN,VOL_FLOOR_0.25,0.25,1.0,840,43.57142857142857,51.19047619047619,5.238095238095238,0.7142857142857143,-0.08118869603905123,0.8449343999894376,-0.11850001732605937,0.7822052509965269,1.9309229118266558,0.2592856080882484,1.0,-99.54001455388988
S10_C6,sensitivity,0.1,6.0,MEMORY_ONLY,TOUCH_NEXT_OPEN,VOL_FLOOR_0.25,0.25,1.5,840,32.38095238095238,58.80952380952381,8.80952380952381,0.4761904761904762,-0.08937558384744117,0.8512757547793991,-0.12668690513444933,0.7971523659152551,1.9309229118266558,0.2592856080882484,1.0,-106.41700031293743
S10_C6,sensitivity,0.1,6.0,MEMORY_ONLY,TOUCH_NEXT_OPEN,VOL_FLOOR_0.25,0.25,2.0,840,23.809523809523807,62.857142857142854,13.333333333333334,0.35714285714285715,-0.10427054918284817,0.8375920617321289,-0.14158187046985635,0.7878768724899374,1.9309229118266558,0.2592856080882484,1.0,-118.92877119467933
S10_C6,sensitivity,0.1,6.0,MEMORY_ONLY,TOUCH_NEXT_OPEN,VOL_FLOOR_0.25,0.25,2.5,840,18.928571428571427,64.16666666666667,16.904761904761905,0.35714285714285715,-0.07893847989198627,0.8796621786065465,-0.11624980117899443,0.8295573572542692,1.9309229118266558,0.2592856080882484,1.0,-97.64983299035532
S10_C6,sensitivity,0.1,6.0,MEMORY_ONLY,TOUCH_NEXT_OPEN,VOL_FLOOR_0.25,0.25,3.0,840,15.714285714285714,65.23809523809524,19.047619047619047,0.35714285714285715,-0.059578121872187,0.910673488838519,-0.09688944315919516,0.8603053603807924,1.9309229118266558,0.2592856080882484,1.0,-81.38713225372393
S10_C6,sensitivity,0.1,6.0,MEMORY_ONLY,TOUCH_NEXT_OPEN,VOL_FLOOR_0.50,0.5,0.5,840,63.69047619047619,34.04761904761905,2.261904761904762,0.0,-0.03179800538564237,0.9092644881242918,-0.06328909265472435,0.8249251440227447,2.1164545480261028,0.45368672199197135,1.0,-53.16283782996845
S10_C6,sensitivity,0.1,6.0,MEMORY_ONLY,TOUCH_NEXT_OPEN,VOL_FLOOR_0.50,0.5,1.0,840,44.047619047619044,50.476190476190474,5.476190476190476,0.11904761904761905,-0.06933289725832101,0.8658958423562543,-0.10082398452740302,0.8111276227340644,2.1164545480261028,0.45368672199197135,1.0,-84.69214700301853
S10_C6,sensitivity,0.1,6.0,MEMORY_ONLY,TOUCH_NEXT_OPEN,VOL_FLOOR_0.50,0.5,1.5,840,32.976190476190474,57.61904761904761,9.404761904761905,0.11904761904761905,-0.06615846143465749,0.8877661227477401,-0.0976495487037395,0.8395576866690464,2.1164545480261028,0.45368672199197135,1.0,-82.02562091114117
S10_C6,sensitivity,0.1,6.0,MEMORY_ONLY,TOUCH_NEXT_OPEN,VOL_FLOOR_0.50,0.5,2.0,840,24.166666666666668,61.1904761904762,14.642857142857144,0.11904761904761905,-0.06932084808383247,0.8892368091809904,-0.10081193535291447,0.8440662897161683,2.1164545480261028,0.45368672199197135,1.0,-84.68202569644815
S10_C6,sensitivity,0.1,6.0,MEMORY_ONLY,TOUCH_NEXT_OPEN,VOL_FLOOR_0.50,0.5,2.5,840,18.69047619047619,62.5,18.80952380952381,0.11904761904761905,-0.05678947380595476,0.9113264685055209,-0.08828056107503675,0.8665799204230873,2.1164545480261028,0.45368672199197135,1.0,-74.15567130303087
S10_C6,sensitivity,0.1,6.0,MEMORY_ONLY,TOUCH_NEXT_OPEN,VOL_FLOOR_0.50,0.5,3.0,840,14.761904761904763,63.45238095238095,21.785714285714285,0.11904761904761905,-0.04295522238168424,0.9339393278620849,-0.07444630965076623,0.8891897927492545,2.1164545480261028,0.45368672199197135,1.0,-62.53490010664364
S10_C6,sensitivity,0.1,6.0,MEMORY_ONLY,TOUCH_NEXT_OPEN,VOL_FLOOR_0.75,0.75,0.5,840,62.142857142857146,35.35714285714286,2.5,0.0,-0.053336275067303165,0.853711917182443,-0.0798622101552106,0.7867529085417574,2.5280234149079455,0.45368672199197135,1.0,-67.0842565303769
S10_C6,sensitivity,0.1,6.0,MEMORY_ONLY,TOUCH_NEXT_OPEN,VOL_FLOOR_0.75,0.75,1.0,840,42.142857142857146,50.11904761904762,7.738095238095238,0.11904761904761905,-0.0801610979953024,0.8444974620610589,-0.10668703308320983,0.7986397865491577,2.5280234149079455,0.45368672199197135,1.0,-89.61710778989625
S10_C6,sensitivity,0.1,6.0,MEMORY_ONLY,TOUCH_NEXT_OPEN,VOL_FLOOR_0.75,0.75,1.5,840,30.0,55.833333333333336,14.166666666666666,0.11904761904761905,-0.0728305145402035,0.8733916128951944,-0.09935644962811091,0.8320142747142065,2.5280234149079455,0.45368672199197135,1.0,-83.45941768761317
S10_C6,sensitivity,0.1,6.0,MEMORY_ONLY,TOUCH_NEXT_OPEN,VOL_FLOOR_0.75,0.75,2.0,840,21.428571428571427,58.452380952380956,20.11904761904762,0.11904761904761905,-0.07130609026156003,0.8815208773533592,-0.09783202534946744,0.8419191353976996,2.5280234149079455,0.45368672199197135,1.0,-82.17890129355266
S10_C6,sensitivity,0.1,6.0,MEMORY_ONLY,TOUCH_NEXT_OPEN,VOL_FLOOR_0.75,0.75,2.5,840,15.238095238095239,59.404761904761905,25.357142857142854,0.11904761904761905,-0.06783815356562414,0.8891491802637519,-0.09436408865353155,0.8500747849720292,2.5280234149079455,0.45368672199197135,1.0,-79.2658344689665
S10_C6,sensitivity,0.1,6.0,MEMORY_ONLY,TOUCH_NEXT_OPEN,VOL_FLOOR_0.75,0.75,3.0,840,12.738095238095237,60.0,27.26190476190476,0.11904761904761905,-0.04172831943593546,0.9325015297973227,-0.06825425452384286,0.8926550223112564,2.5280234149079455,0.45368672199197135,1.0,-57.333573800028006
S10_C6,sensitivity,0.1,6.0,MEMORY_ONLY,TOUCH_NEXT_OPEN,VOL_FLOOR_1.00,1.0,0.5,840,60.71428571428571,35.11904761904761,4.166666666666666,0.0,-0.06105384954733811,0.8332905990564885,-0.08335578363046325,0.7776815401058152,2.9973176041023377,0.45368672199197135,1.0,-70.01885824958913
S10_C6,sensitivity,0.1,6.0,MEMORY_ONLY,TOUCH_NEXT_OPEN,VOL_FLOOR_1.00,1.0,1.0,840,39.88095238095239,47.26190476190476,12.857142857142856,0.11904761904761905,-0.0659967521303648,0.866229967901052,-0.08829868621348994,0.8252481377411288,2.9973176041023377,0.45368672199197135,1.0,-74.17089641933154
S10_C6,sensitivity,0.1,6.0,MEMORY_ONLY,TOUCH_NEXT_OPEN,VOL_FLOOR_1.00,1.0,1.5,840,28.095238095238095,50.476190476190474,21.428571428571427,0.11904761904761905,-0.030380240048876715,0.9425924883026701,-0.05268217413200184,0.9028210735655556,2.9973176041023377,0.45368672199197135,1.0,-44.25302627088154
S10_C6,sensitivity,0.1,6.0,MEMORY_ONLY,TOUCH_NEXT_OPEN,VOL_FLOOR_1.00,1.0,2.0,840,18.571428571428573,52.023809523809526,29.404761904761905,0.11904761904761905,-0.022866558049185956,0.9580833256179436,-0.04516849213231108,0.9191958469043346,2.9973176041023377,0.45368672199197135,1.0,-37.94153339114131
S10_C6,sensitivity,0.1,6.0,MEMORY_ONLY,TOUCH_NEXT_OPEN,VOL_FLOOR_1.00,1.0,2.5,840,14.047619047619047,52.85714285714286,33.095238095238095,0.11904761904761905,-0.01467672492627224,0.9735325992005062,-0.03697865900939737,0.9349226942878834,2.9973176041023377,0.45368672199197135,1.0,-31.06207356789379
S10_C6,sensitivity,0.1,6.0,MEMORY_ONLY,TOUCH_NEXT_OPEN,VOL_FLOOR_1.00,1.0,3.0,840,9.880952380952381,53.214285714285715,36.904761904761905,0.11904761904761905,-0.005603662695444308,0.9899683904877884,-0.02790559677856944,0.9512534191616904,2.9973176041023377,0.45368672199197135,1.0,-23.44070129399833
S10_C6,sensitivity,0.1,6.0,OBJECTIVE_LIQUIDITY_ONLY,ACCEPTANCE_RETEST,STRUCTURAL,,0.5,49,63.26530612244898,36.734693877551024,0.0,18.367346938775512,-0.05102040816326819,0.8611111111111032,-0.07886884332188283,0.7915385315815741,2.2046798383128134,0.844496523892758,7.0,-3.8645733227722587
S10_C6,sensitivity,0.1,6.0,OBJECTIVE_LIQUIDITY_ONLY,ACCEPTANCE_RETEST,STRUCTURAL,,1.0,49,51.02040816326531,40.816326530612244,8.16326530612245,18.367346938775512,0.12640434694479896,1.3096906500147576,0.09855591178618432,1.2345339297859987,2.2046798383128134,0.844496523892758,7.0,4.829239677523032
S10_C6,sensitivity,0.1,6.0,OBJECTIVE_LIQUIDITY_ONLY,ACCEPTANCE_RETEST,STRUCTURAL,,1.5,49,38.775510204081634,46.93877551020408,14.285714285714285,18.367346938775512,0.19602442896309838,1.4176172617039922,0.16817599380448367,1.3480608878378517,2.2046798383128134,0.844496523892758,7.0,8.2406236964197
S10_C6,sensitivity,0.1,6.0,OBJECTIVE_LIQUIDITY_ONLY,ACCEPTANCE_RETEST,STRUCTURAL,,2.0,49,30.612244897959183,55.10204081632652,14.285714285714285,18.367346938775512,0.14500402079983096,1.263155445155249,0.11715558564121627,1.206054131084633,2.2046798383128134,0.844496523892758,7.0,5.740623696419597
S10_C6,sensitivity,0.1,6.0,OBJECTIVE_LIQUIDITY_ONLY,ACCEPTANCE_RETEST,STRUCTURAL,,2.5,49,26.53061224489796,57.14285714285714,16.3265306122449,18.367346938775512,0.1757412972196264,1.3075472701343462,0.14789286206101177,1.250737588422264,2.2046798383128134,0.844496523892758,7.0,7.246750240989576
S10_C6,sensitivity,0.1,6.0,OBJECTIVE_LIQUIDITY_ONLY,ACCEPTANCE_RETEST,STRUCTURAL,,3.0,49,22.448979591836736,59.183673469387756,18.367346938775512,18.367346938775512,0.21393366419063767,1.3614741222531463,0.18608522903202304,1.3046614878660772,2.2046798383128134,0.844496523892758,7.0,9.11817622256913
S10_C6,sensitivity,0.1,6.0,OBJECTIVE_LIQUIDITY_ONLY,CLEAN_REJECTION,STRUCTURAL,,0.5,1520,66.3157894736842,25.986842105263158,7.697368421052632,0.06578947368421052,0.06072818538036066,1.2209499229212784,0.03800304650405548,1.1348979955931315,2.730546555133742,0.854499999999689,1.0,57.764630686164324
S10_C6,sensitivity,0.1,6.0,OBJECTIVE_LIQUIDITY_ONLY,CLEAN_REJECTION,STRUCTURAL,,1.0,1520,42.171052631578945,38.75,19.078947368421055,0.06578947368421052,0.04054628722536592,1.0973736994342542,0.017821148349060744,1.0417132083934053,2.730546555133742,0.854499999999689,1.0,27.08814549057233
S10_C6,sensitivity,0.1,6.0,OBJECTIVE_LIQUIDITY_ONLY,CLEAN_REJECTION,STRUCTURAL,,1.5,1520,28.421052631578945,44.01315789473684,27.56578947368421,0.0,0.04075664830894367,1.0863410111323974,0.01803150943263849,1.0372220067976523,2.730546555133742,0.854499999999689,1.0,27.4078943376105
S10_C6,sensitivity,0.1,6.0,OBJECTIVE_LIQUIDITY_ONLY,CLEAN_REJECTION,STRUCTURAL,,2.0,1520,20.19736842105263,46.31578947368421,33.48684210526316,0.0,0.0489269727954599,1.098548153875418,0.026201833919154715,1.051415062390974,2.730546555133742,0.854499999999689,1.0,39.82678755711517
S10_C6,sensitivity,0.1,6.0,OBJECTIVE_LIQUIDITY_ONLY,CLEAN_REJECTION,STRUCTURAL,,2.5,1520,13.815789473684212,47.828947368421055,38.35526315789474,0.0,0.032653575293898,1.0637605624187698,0.009928436417592822,1.0188846902257378,2.730546555133742,0.854499999999689,1.0,15.09122335474109
S10_C6,sensitivity,0.1,6.0,OBJECTIVE_LIQUIDITY_ONLY,CLEAN_REJECTION,STRUCTURAL,,3.0,1520,9.93421052631579,48.48684210526316,41.578947368421055,0.0,0.03580486388855108,1.0690271406474703,0.013079725012245903,1.0245639693574615,2.730546555133742,0.854499999999689,1.0,19.88118201861377
S10_C6,sensitivity,0.1,6.0,OBJECTIVE_LIQUIDITY_ONLY,FAILED_AUCTION,STRUCTURAL,,0.5,366,64.75409836065575,31.967213114754102,3.278688524590164,0.0,-0.0038413477240363393,0.9883292832218732,-0.021590284899670787,0.9356447615348827,3.6735870620133255,0.9864999999999782,5.0,-7.902044273279508
S10_C6,sensitivity,0.1,6.0,OBJECTIVE_LIQUIDITY_ONLY,FAILED_AUCTION,STRUCTURAL,,1.0,366,44.53551912568306,43.44262295081967,12.021857923497267,0.0,0.015357545922651736,1.0340046288959401,-0.0023913912529827134,0.9948077780460616,3.6735870620133255,0.9864999999999782,5.0,-0.875249198591673
S10_C6,sensitivity,0.1,6.0,OBJECTIVE_LIQUIDITY_ONLY,FAILED_AUCTION,STRUCTURAL,,1.5,366,33.60655737704918,48.36065573770492,18.0327868852459,0.0,0.04889202446093965,1.096843910730975,0.03114308728530519,1.060486653243001,3.6735870620133255,0.9864999999999782,5.0,11.398369946421699
S10_C6,sensitivity,0.1,6.0,OBJECTIVE_LIQUIDITY_ONLY,FAILED_AUCTION,STRUCTURAL,,2.0,366,24.59016393442623,51.91256830601093,23.497267759562842,0.0,0.04940911554023613,1.0911247058928748,0.031660178364601665,1.0572315645478183,3.6735870620133255,0.9864999999999782,5.0,11.58762528144421
S10_C6,sensitivity,0.1,6.0,OBJECTIVE_LIQUIDITY_ONLY,FAILED_AUCTION,STRUCTURAL,,2.5,366,18.30601092896175,53.278688524590166,28.415300546448087,0.0,0.04744130505315253,1.0847556763036976,0.029692367877518087,1.051981929128514,3.6735870620133255,0.9864999999999782,5.0,10.86740664317162
S10_C6,sensitivity,0.1,6.0,OBJECTIVE_LIQUIDITY_ONLY,FAILED_AUCTION,STRUCTURAL,,3.0,366,13.114754098360656,54.37158469945356,32.51366120218579,0.0,0.04072995428463928,1.0713720561710713,0.022981017109004864,1.039463240497416,3.6735870620133255,0.9864999999999782,5.0,8.41105226189578
S10_C6,sensitivity,0.1,6.0,OBJECTIVE_LIQUIDITY_ONLY,PASSIVE_TOUCH,STRUCTURAL,,0.5,1177,55.73491928632116,44.09515717926933,0.16992353440951571,26.59303313508921,-0.20827543383378658,0.5722858180740326,-0.25853081448816023,0.4924080502363772,1.2283910175938217,0.4739999999999327,1.0,-304.29076865256457
S10_C6,sensitivity,0.1,6.0,OBJECTIVE_LIQUIDITY_ONLY,PASSIVE_TOUCH,STRUCTURAL,,1.0,1177,45.53950722175021,53.69583687340697,0.7646559048428208,24.97875955819881,-0.12635915050355692,0.7834247524110594,-0.17661453115793052,0.710712688315596,1.2283910175938217,0.4739999999999327,1.0,-207.87530317288423
S10_C6,sensitivity,0.1,6.0,OBJECTIVE_LIQUIDITY_ONLY,PASSIVE_TOUCH,STRUCTURAL,,1.5,1177,37.46813933729822,60.747663551401864,1.7841971112999149,24.21410365335599,-0.08425225640660135,0.871313276677665,-0.13450763706097496,0.8037879958572428,1.2283910175938217,0.4739999999999327,1.0,-158.3154888207675
S10_C6,sensitivity,0.1,6.0,OBJECTIVE_LIQUIDITY_ONLY,PASSIVE_TOUCH,STRUCTURAL,,2.0,1177,31.945624468988953,65.67544604927782,2.3789294817332203,23.959218351741715,-0.052207222433536274,0.9258856766652711,-0.1024626030879099,0.8611408312612847,1.2283910175938217,0.4739999999999327,1.0,-120.59848383446996
S10_C6,sensitivity,0.1,6.0,OBJECTIVE_LIQUIDITY_ONLY,PASSIVE_TOUCH,STRUCTURAL,,2.5,1177,27.27272727272727,69.66864910790144,3.058623619371283,23.87425658453696,-0.04020431388198406,0.9460028638657982,-0.09045969453635769,0.8840489396894574,1.2283910175938217,0.4739999999999327,1.0,-106.471060469293
S10_C6,sensitivity,0.1,6.0,OBJECTIVE_LIQUIDITY_ONLY,PASSIVE_TOUCH,STRUCTURAL,,3.0,1177,23.279524214103652,72.13254035683943,4.587935429056925,23.704333050127442,-0.028958991736335333,0.9623637881036471,-0.07921437239070896,0.9017663159440157,1.2283910175938217,0.4739999999999327,1.0,-93.23531630386444
S10_C6,sensitivity,0.1,6.0,OBJECTIVE_LIQUIDITY_ONLY,RECLAIM_PULLBACK,STRUCTURAL,,0.5,1421,65.23574947220267,30.612244897959183,4.1520056298381425,2.251935256861365,0.01421693226515256,1.0452383970163783,-0.012657436029441053,0.9608254328847513,2.2477081553845437,0.7479999999998199,3.0,-17.986216597835735
S10_C6,sensitivity,0.1,6.0,OBJECTIVE_LIQUIDITY_ONLY,RECLAIM_PULLBACK,STRUCTURAL,,1.0,1421,46.727656579873326,42.223786066150595,11.048557353976072,2.0408163265306123,0.05188554262650564,1.1188419544518209,0.025011174331912023,1.0556669914816097,2.2477081553845437,0.7479999999998199,3.0,35.540878725646984
S10_C6,sensitivity,0.1,6.0,OBJECTIVE_LIQUIDITY_ONLY,RECLAIM_PULLBACK,STRUCTURAL,,1.5,1421,33.99014778325123,48.76847290640394,17.24137931034483,1.9704433497536946,0.06261030580840735,1.1240854137195182,0.03573593751381373,1.0687772686948214,2.2477081553845437,0.7479999999998199,3.0,50.78076720712931
S10_C6,sensitivity,0.1,6.0,OBJECTIVE_LIQUIDITY_ONLY,RECLAIM_PULLBACK,STRUCTURAL,,2.0,1421,23.926812104152006,52.85010555946516,23.22308233638283,1.9704433497536946,0.038238317415260493,1.0698565376861235,0.011363949120666867,1.020154149634479,2.2477081553845437,0.7479999999998199,3.0,16.148171700467618
S10_C6,sensitivity,0.1,6.0,OBJECTIVE_LIQUIDITY_ONLY,RECLAIM_PULLBACK,STRUCTURAL,,2.5,1421,17.80436312456017,54.89092188599578,27.30471498944405,1.9704433497536946,0.03190410132398522,1.0560743147244154,0.00502973302939159,1.0085802819494913,2.2477081553845437,0.7479999999998199,3.0,7.147250634765449
S10_C6,sensitivity,0.1,6.0,OBJECTIVE_LIQUIDITY_ONLY,RECLAIM_PULLBACK,STRUCTURAL,,3.0,1421,13.863476425052779,55.594651653764956,30.541871921182267,1.9704433497536946,0.05086006930047787,1.0882523588864055,0.023985701005884253,1.04039499406306,2.2477081553845437,0.7479999999998199,3.0,34.08368112936152
S10_C6,sensitivity,0.1,6.0,OBJECTIVE_LIQUIDITY_ONLY,TOUCH_NEXT_OPEN,VOL_FLOOR_0.25,0.25,0.5,2057,67.96305298979097,26.494895478852698,5.5420515313563445,1.2639766650461837,0.06694020951545994,1.2424926089260926,0.03770413306539915,1.1324283243549118,2.299846901225237,0.2656376742030566,1.0,77.55740171552605
S10_C6,sensitivity,0.1,6.0,OBJECTIVE_LIQUIDITY_ONLY,TOUCH_NEXT_OPEN,VOL_FLOOR_0.25,0.25,1.0,2057,46.96159455517744,39.91249392318911,13.125911521633446,0.7778317938745746,0.07445975536858068,1.1781059082196264,0.0452236789185199,1.104827508277756,2.299846901225237,0.2656376742030566,1.0,93.02510753539543
S10_C6,sensitivity,0.1,6.0,OBJECTIVE_LIQUIDITY_ONLY,TOUCH_NEXT_OPEN,VOL_FLOOR_0.25,0.25,1.5,2057,34.27321341759845,46.1351482741857,19.59163830821585,0.48614487117160915,0.09329683766137689,1.1933426475067674,0.06406076121131611,1.1286253097819292,2.299846901225237,0.2656376742030566,1.0,131.77298581167724
S10_C6,sensitivity,0.1,6.0,OBJECTIVE_LIQUIDITY_ONLY,TOUCH_NEXT_OPEN,VOL_FLOOR_0.25,0.25,2.0,2057,26.251823043266892,49.343704423918325,24.40447253281478,0.3403014098201264,0.11321482845351998,1.219013916278183,0.08397875200345918,1.157316279269025,2.299846901225237,0.2656376742030566,1.0,172.74429287111553
S10_C6,sensitivity,0.1,6.0,OBJECTIVE_LIQUIDITY_ONLY,TOUCH_NEXT_OPEN,VOL_FLOOR_0.25,0.25,2.5,2057,19.73748176956733,51.53135634419057,28.731161886242102,0.3403014098201264,0.11258809556420167,1.208565599359268,0.08335201911414089,1.1494621682902935,2.299846901225237,0.2656376742030566,1.0,171.4551033177878
S10_C6,sensitivity,0.1,6.0,OBJECTIVE_LIQUIDITY_ONLY,TOUCH_NEXT_OPEN,VOL_FLOOR_0.25,0.25,3.0,2057,14.632960622265434,53.33009236752553,32.03694701020904,0.19445794846864364,0.09315111458790941,1.1669785651738875,0.06391503813784863,1.1108914449816603,2.299846901225237,0.2656376742030566,1.0,131.47323344955464
S10_C6,sensitivity,0.1,6.0,OBJECTIVE_LIQUIDITY_ONLY,TOUCH_NEXT_OPEN,VOL_FLOOR_0.50,0.5,0.5,2057,67.76859504132231,26.689353427321343,5.5420515313563445,0.3403014098201264,0.06400010753158482,1.2302010382758275,0.038169198529600844,1.1336308352785645,2.518465066347062,0.5312753484061132,1.0,78.51404137538894
S10_C6,sensitivity,0.1,6.0,OBJECTIVE_LIQUIDITY_ONLY,TOUCH_NEXT_OPEN,VOL_FLOOR_0.50,0.5,1.0,2057,47.20466699076325,39.66942148760331,13.125911521633446,0.14584346135148274,0.07929797132345116,1.190777424579212,0.053467062321467175,1.1251150661886118,2.518465066347062,0.5312753484061132,1.0,109.98174719525798
S10_C6,sensitivity,0.1,6.0,OBJECTIVE_LIQUIDITY_ONLY,TOUCH_NEXT_OPEN,VOL_FLOOR_0.50,0.5,1.5,2057,34.12736995624696,45.940690325717064,19.931939718035974,0.04861448711716091,0.09361584009392185,1.194475357632604,0.06778493109193785,1.136919916368714,2.518465066347062,0.5312753484061132,1.0,139.43360325611616
S10_C6,sensitivity,0.1,6.0,OBJECTIVE_LIQUIDITY_ONLY,TOUCH_NEXT_OPEN,VOL_FLOOR_0.50,0.5,2.0,2057,25.42537676227516,49.440933398152644,25.13368983957219,0.0,0.10038772374014068,1.1935341989430015,0.07455681473815669,1.1397116271049579,2.518465066347062,0.5312753484061132,1.0,153.3633679163883
S10_C6,sensitivity,0.1,6.0,OBJECTIVE_LIQUIDITY_ONLY,TOUCH_NEXT_OPEN,VOL_FLOOR_0.50,0.5,2.5,2057,18.424890617403985,51.53135634419057,30.043753038405445,0.0,0.08955455261549454,1.1656074215580277,0.06372364361351053,1.1144943741516327,2.518465066347062,0.5312753484061132,1.0,131.07953491299116
S10_C6,sensitivity,0.1,6.0,OBJECTIVE_LIQUIDITY_ONLY,TOUCH_NEXT_OPEN,VOL_FLOOR_0.50,0.5,3.0,2057,12.78561011181332,52.989790957705395,34.22459893048128,0.0,0.06326634051670214,1.1138976646777663,0.037435431514718155,1.0654799976746216,2.518465066347062,0.5312753484061132,1.0,77.00468262577525
S10_C6,sensitivity,0.1,6.0,OBJECTIVE_LIQUIDITY_ONLY,TOUCH_NEXT_OPEN,VOL_FLOOR_0.75,0.75,0.5,2057,67.62275157997082,26.64073894020418,5.7365094798249885,0.24307243558580457,0.0628190737152069,1.2255596399917443,0.04042582141501889,1.141740746494619,2.9486054869514646,0.6250018590277913,1.0,83.15591465069386
S10_C6,sensitivity,0.1,6.0,OBJECTIVE_LIQUIDITY_ONLY,TOUCH_NEXT_OPEN,VOL_FLOOR_0.75,0.75,1.0,2057,46.912980068060286,38.551288283908605,14.535731648031113,0.09722897423432182,0.0869637659362398,1.213504427906445,0.06457051363605179,1.1546679742838089,2.9486054869514646,0.6250018590277913,1.0,132.82154654935854
S10_C6,sensitivity,0.1,6.0,OBJECTIVE_LIQUIDITY_ONLY,TOUCH_NEXT_OPEN,VOL_FLOOR_0.75,0.75,1.5,2057,32.03694701020904,44.67671366067088,23.28633932912008,0.0,0.0837888277296975,1.1772870703400649,0.061395575429509484,1.1267021695813644,2.9486054869514646,0.6250018590277913,1.0,126.29069865850101
S10_C6,sensitivity,0.1,6.0,OBJECTIVE_LIQUIDITY_ONLY,TOUCH_NEXT_OPEN,VOL_FLOOR_0.75,0.75,2.0,2057,22.168206125425378,47.39912493923189,30.432668935342733,0.0,0.0826924764606542,1.1646672207074495,0.06029922416046619,1.1170933736107884,2.9486054869514646,0.6250018590277913,1.0,124.03550409807895
S10_C6,sensitivity,0.1,6.0,OBJECTIVE_LIQUIDITY_ONLY,TOUCH_NEXT_OPEN,VOL_FLOOR_0.75,0.75,2.5,2057,15.362177929022849,48.95478852698104,35.68303354399611,0.0,0.07197403612955434,1.1387480775992278,0.049580783829366336,1.093175402402695,2.9486054869514646,0.6250018590277913,1.0,101.98767233700656
S10_C6,sensitivity,0.1,6.0,OBJECTIVE_LIQUIDITY_ONLY,TOUCH_NEXT_OPEN,VOL_FLOOR_0.75,0.75,3.0,2057,10.11181332036947,49.73262032085562,40.15556635877491,0.0,0.05694801660104555,1.1081454429910225,0.034554764300857535,1.0639728086039348,2.9486054869514646,0.6250018590277913,1.0,71.07915016686395
S10_C6,sensitivity,0.1,6.0,OBJECTIVE_LIQUIDITY_ONLY,TOUCH_NEXT_OPEN,VOL_FLOOR_1.00,1.0,0.5,2057,66.99076324744773,26.00875060768109,7.000486144871172,0.04861448711716091,0.06284342841462538,1.2279437300521585,0.04355358096921692,1.1546743619320332,3.5279821426870512,0.8333358120370551,1.0,89.58971605367921
S10_C6,sensitivity,0.1,6.0,OBJECTIVE_LIQUIDITY_ONLY,TOUCH_NEXT_OPEN,VOL_FLOOR_1.00,1.0,1.0,2057,43.4127369956247,37.481769567331064,19.105493437044238,0.04861448711716091,0.0682225316931574,1.1694286973677492,0.048932684247748943,1.1188765035033579,3.5279821426870512,0.8333358120370551,1.0,100.65453149761957
S10_C6,sensitivity,0.1,6.0,OBJECTIVE_LIQUIDITY_ONLY,TOUCH_NEXT_OPEN,VOL_FLOOR_1.00,1.0,1.5,2057,27.467185221195916,41.75984443364123,30.772970345162857,0.0,0.06713394192294551,1.1492221321609837,0.047844094477537055,1.104007283049415,3.5279821426870512,0.8333358120370551,1.0,98.41530234029372
S10_C6,sensitivity,0.1,6.0,OBJECTIVE_LIQUIDITY_ONLY,TOUCH_NEXT_OPEN,VOL_FLOOR_1.00,1.0,2.0,2057,17.403986387943608,43.6558094312105,38.940204180845896,0.0,0.06131736281415299,1.1301385450540877,0.04202751536874451,1.087214764140424,3.5279821426870512,0.8333358120370551,1.0,86.45059911350745
S10_C6,sensitivity,0.1,6.0,OBJECTIVE_LIQUIDITY_ONLY,TOUCH_NEXT_OPEN,VOL_FLOOR_1.00,1.0,2.5,2057,11.035488575595528,44.57948468643656,44.38502673796791,0.0,0.049851287328510116,1.1036709820202621,0.030561439883101636,1.062134332302261,3.5279821426870512,0.8333358120370551,1.0,62.86488183954007
S10_C6,sensitivity,0.1,6.0,OBJECTIVE_LIQUIDITY_ONLY,TOUCH_NEXT_OPEN,VOL_FLOOR_1.00,1.0,3.0,2057,6.5143412736995625,45.21147301895965,48.27418570734079,0.0,0.030849284307346275,1.0632812031507768,0.011559436861937795,1.0231814474445096,3.5279821426870512,0.8333358120370551,1.0,23.777761625006043
S11_C6_PRIMARY,primary,0.11,6.0,DISPLACEMENT_ORIGIN_ONLY,ACCEPTANCE_RETEST,STRUCTURAL,,0.5,19,52.63157894736842,47.368421052631575,0.0,31.57894736842105,-0.21052631578948547,0.5555555555555307,-0.2915737597100401,0.4517450911259093,1.394234325660591,0.26500000000010004,7.0,-5.539901434490762
S11_C6_PRIMARY,primary,0.11,6.0,DISPLACEMENT_ORIGIN_ONLY,ACCEPTANCE_RETEST,STRUCTURAL,,1.0,19,42.10526315789473,57.89473684210527,0.0,31.57894736842105,-0.15789473684210525,0.7272727272727273,-0.2389421807626599,0.6281290470746779,1.394234325660591,0.26500000000010004,7.0,-4.539901434490538
S11_C6_PRIMARY,primary,0.11,6.0,DISPLACEMENT_ORIGIN_ONLY,ACCEPTANCE_RETEST,STRUCTURAL,,1.5,19,42.10526315789473,57.89473684210527,0.0,31.57894736842105,0.05263157894737675,1.0909090909091053,-0.028415864973177853,0.9557757665388135,1.394234325660591,0.26500000000010004,7.0,-0.5399014344903792
S11_C6_PRIMARY,primary,0.11,6.0,DISPLACEMENT_ORIGIN_ONLY,ACCEPTANCE_RETEST,STRUCTURAL,,2.0,19,26.31578947368421,73.68421052631578,0.0,26.31578947368421,-0.21052631578947367,0.7142857142857143,-0.2915737597100283,0.6377875670729386,1.394234325660591,0.26500000000010004,7.0,-5.539901434490538
S11_C6_PRIMARY,primary,0.11,6.0,DISPLACEMENT_ORIGIN_ONLY,ACCEPTANCE_RETEST,STRUCTURAL,,2.5,19,10.526315789473683,89.47368421052632,0.0,26.31578947368421,-0.6315789473684168,0.2941176470588283,-0.7126263912889714,0.2663759048531411,1.394234325660591,0.26500000000010004,7.0,-13.539901434490456
S11_C6_PRIMARY,primary,0.11,6.0,DISPLACEMENT_ORIGIN_ONLY,ACCEPTANCE_RETEST,STRUCTURAL,,3.0,19,10.526315789473683,89.47368421052632,0.0,26.31578947368421,-0.5789473684210527,0.35294117647058826,-0.6599948123416073,0.3205582856257237,1.394234325660591,0.26500000000010004,7.0,-12.539901434490538
S11_C6_PRIMARY,primary,0.11,6.0,DISPLACEMENT_ORIGIN_ONLY,CLEAN_REJECTION,STRUCTURAL,,0.5,866,59.122401847575055,24.59584295612009,16.28175519630485,0.0,0.022503117590073098,1.080261224144935,0.004791677179984843,1.0167331349293078,4.278144063550371,0.4700000000000273,1.0,4.1495924378668745
S11_C6_PRIMARY,primary,0.11,6.0,DISPLACEMENT_ORIGIN_ONLY,CLEAN_REJECTION,STRUCTURAL,,1.0,866,36.95150115473441,33.94919168591224,29.099307159353348,0.0,0.02451515591199776,1.0636682865969134,0.006803715501909511,1.017298211186638,4.278144063550371,0.4700000000000273,1.0,5.892017624653636
S11_C6_PRIMARY,primary,0.11,6.0,DISPLACEMENT_ORIGIN_ONLY,CLEAN_REJECTION,STRUCTURAL,,1.5,866,23.787528868360276,38.33718244803695,37.87528868360277,0.0,0.00929263220292456,1.0214724800140231,-0.0084188082071637,0.980972213836689,4.278144063550371,0.4700000000000273,1.0,-7.290687907403763
S11_C6_PRIMARY,primary,0.11,6.0,DISPLACEMENT_ORIGIN_ONLY,CLEAN_REJECTION,STRUCTURAL,,2.0,866,16.28175519630485,40.300230946882216,43.418013856812934,0.0,0.007125527402502209,1.015708406290206,-0.010585913007586056,0.9771840286964365,4.278144063550371,0.4700000000000273,1.0,-9.167400664569524
S11_C6_PRIMARY,primary,0.11,6.0,DISPLACEMENT_ORIGIN_ONLY,CLEAN_REJECTION,STRUCTURAL,,2.5,866,12.009237875288683,40.877598152424945,47.11316397228637,0.0,0.023186818010022214,1.0503237907936929,0.005475377599933938,1.011613641537084,4.278144063550371,0.4700000000000273,1.0,4.74167700154279
S11_C6_PRIMARY,primary,0.11,6.0,DISPLACEMENT_ORIGIN_ONLY,CLEAN_REJECTION,STRUCTURAL,,3.0,866,9.122401847575059,41.570438799076214,49.30715935334873,0.0,0.027963455538142515,1.0597683441285601,0.010252015128054261,1.021410819238294,4.278144063550371,0.4700000000000273,1.0,8.87824510089499
S11_C6_PRIMARY,primary,0.11,6.0,DISPLACEMENT_ORIGIN_ONLY,FAILED_AUCTION,STRUCTURAL,,0.5,191,62.82722513089005,36.64921465968586,0.5235602094240838,0.0,-0.05608302122763689,0.8485139904298378,-0.09095950943444173,0.7631213442337821,2.106424096621822,0.44849999999996726,3.0,-17.37326630197837
S11_C6_PRIMARY,primary,0.11,6.0,DISPLACEMENT_ORIGIN_ONLY,FAILED_AUCTION,STRUCTURAL,,1.0,191,49.21465968586388,48.167539267015705,2.6178010471204187,0.0,0.0001571090954841171,1.0003181042768539,-0.03471937911132068,0.9322059816555006,2.106424096621822,0.44849999999996726,3.0,-6.631401410262251
S11_C6_PRIMARY,primary,0.11,6.0,DISPLACEMENT_ORIGIN_ONLY,FAILED_AUCTION,STRUCTURAL,,1.5,191,36.64921465968586,56.54450261780105,6.806282722513089,0.0,0.0036686772605409993,1.0063400533029312,-0.031207810946263775,0.9479227711399463,2.106424096621822,0.44849999999996726,3.0,-5.960691890736381
S11_C6_PRIMARY,primary,0.11,6.0,DISPLACEMENT_ORIGIN_ONLY,FAILED_AUCTION,STRUCTURAL,,2.0,191,27.225130890052355,61.78010471204188,10.99476439790576,0.0,-0.009718165270971394,0.9845989550176582,-0.044594653477776205,0.9317271044505646,2.106424096621822,0.44849999999996726,3.0,-8.517578814255256
S11_C6_PRIMARY,primary,0.11,6.0,DISPLACEMENT_ORIGIN_ONLY,FAILED_AUCTION,STRUCTURAL,,2.5,191,25.13089005235602,62.30366492146597,12.56544502617801,0.0,0.0899360746906562,1.141355030327678,0.05505958648385138,1.0836118672090045,2.106424096621822,0.44849999999996726,3.0,10.516381018415615
S11_C6_PRIMARY,primary,0.11,6.0,DISPLACEMENT_ORIGIN_ONLY,FAILED_AUCTION,STRUCTURAL,,3.0,191,22.5130890052356,62.82722513089005,14.659685863874344,0.0,0.16315717845282757,1.2543456801794794,0.12828069024602282,1.1931985600983122,2.106424096621822,0.44849999999996726,3.0,24.501611836990357
S11_C6_PRIMARY,primary,0.11,6.0,DISPLACEMENT_ORIGIN_ONLY,PASSIVE_TOUCH,STRUCTURAL,,0.5,475,56.84210526315789,43.15789473684211,0.0,24.421052631578945,-0.14917795372499235,0.6557869888213138,-0.21947034510715388,0.5299228803793119,1.1230853801016565,0.23374999999987267,3.0,-104.24841392589809
S11_C6_PRIMARY,primary,0.11,6.0,DISPLACEMENT_ORIGIN_ONLY,PASSIVE_TOUCH,STRUCTURAL,,1.0,475,48.0,52.0,0.0,21.47368421052632,-0.041809532672363245,0.9198758741369817,-0.11210192405452475,0.7997547756804457,1.1230853801016565,0.23374999999987267,3.0,-53.24841392589926
S11_C6_PRIMARY,primary,0.11,6.0,DISPLACEMENT_ORIGIN_ONLY,PASSIVE_TOUCH,STRUCTURAL,,1.5,475,39.78947368421053,58.31578947368421,1.8947368421052633,20.63157894736842,0.022788341575499634,1.038884790207786,-0.04750404980666186,0.9243782819771412,1.1230853801016565,0.23374999999987267,3.0,-22.564423658164383
S11_C6_PRIMARY,primary,0.11,6.0,DISPLACEMENT_ORIGIN_ONLY,PASSIVE_TOUCH,STRUCTURAL,,2.0,475,32.8421052631579,64.21052631578948,2.9473684210526314,19.789473684210527,0.028650136008374415,1.0443152372238393,-0.041642255373787095,0.9399166999169669,1.1230853801016565,0.23374999999987267,3.0,-19.78007130254887
S11_C6_PRIMARY,primary,0.11,6.0,DISPLACEMENT_ORIGIN_ONLY,PASSIVE_TOUCH,STRUCTURAL,,2.5,475,27.789473684210524,67.57894736842105,4.631578947368421,19.57894736842105,0.05032515272072151,1.0739613204622795,-0.019967238661439988,0.9726275039100242,1.1230853801016565,0.23374999999987267,3.0,-9.484438364183994
S11_C6_PRIMARY,primary,0.11,6.0,DISPLACEMENT_ORIGIN_ONLY,PASSIVE_TOUCH,STRUCTURAL,,3.0,475,25.05263157894737,69.6842105263158,5.263157894736842,19.36842105263158,0.09245243578535532,1.131786816172986,0.022160044403193795,1.0294683723246112,1.1230853801016565,0.23374999999987267,3.0,10.526021091517052
S11_C6_PRIMARY,primary,0.11,6.0,DISPLACEMENT_ORIGIN_ONLY,RECLAIM_PULLBACK,STRUCTURAL,,0.5,809,58.838071693448704,28.553770086526576,12.60815822002472,2.843016069221261,-0.012815146653988222,0.9589683566030472,-0.03869252285038954,0.8799389061029597,3.290412962326627,0.3065000000001419,3.0,-31.302250985965134
S11_C6_PRIMARY,primary,0.11,6.0,DISPLACEMENT_ORIGIN_ONLY,RECLAIM_PULLBACK,STRUCTURAL,,1.0,809,37.7008652657602,40.17305315203956,22.126081582200246,2.719406674907293,-0.02969507544868247,0.9318759996254188,-0.05557245164508377,0.8763749349568732,3.290412962326627,0.3065000000001419,3.0,-44.958113380872774
S11_C6_PRIMARY,primary,0.11,6.0,DISPLACEMENT_ORIGIN_ONLY,RECLAIM_PULLBACK,STRUCTURAL,,1.5,809,26.45241038318912,45.364647713226205,28.182941903584673,2.719406674907293,-0.03479292524303882,0.9292458669693365,-0.06067030143944012,0.8804727699485638,3.290412962326627,0.3065000000001419,3.0,-49.08227386450706
S11_C6_PRIMARY,primary,0.11,6.0,DISPLACEMENT_ORIGIN_ONLY,RECLAIM_PULLBACK,STRUCTURAL,,2.0,809,18.294190358467244,48.949320148331275,32.756489493201485,2.719406674907293,-0.05726402718642781,0.8916807031077675,-0.08314140338282913,0.8476769767705803,3.290412962326627,0.3065000000001419,3.0,-67.26139533670877
S11_C6_PRIMARY,primary,0.11,6.0,DISPLACEMENT_ORIGIN_ONLY,RECLAIM_PULLBACK,STRUCTURAL,,2.5,809,14.462299134734241,50.06180469715699,35.475896168108775,2.719406674907293,-0.04186649217798093,0.9224533049011536,-0.06774386837438225,0.8784856506095642,3.290412962326627,0.3065000000001419,3.0,-54.80478951487523
S11_C6_PRIMARY,primary,0.11,6.0,DISPLACEMENT_ORIGIN_ONLY,RECLAIM_PULLBACK,STRUCTURAL,,3.0,809,11.990111248454882,50.43263288009888,37.57725587144623,2.719406674907293,-0.010510536482725688,0.9806647942687262,-0.03638791267912701,0.9351863784857823,3.290412962326627,0.3065000000001419,3.0,-29.437821357413753
S11_C6_PRIMARY,primary,0.11,6.0,DISPLACEMENT_ORIGIN_ONLY,TOUCH_NEXT_OPEN,VOL_FLOOR_0.25,0.25,0.5,1090,62.293577981651374,25.779816513761467,11.926605504587156,0.3669724770642202,0.03327283285747581,1.1173087780813373,0.008057444322054599,1.0275697613269017,3.501428577686056,0.2969999999997981,1.0,8.782614311039513
S11_C6_PRIMARY,primary,0.11,6.0,DISPLACEMENT_ORIGIN_ONLY,TOUCH_NEXT_OPEN,VOL_FLOOR_0.25,0.25,1.0,1090,41.467889908256886,36.88073394495413,21.65137614678899,0.45871559633027525,0.04239909664921957,1.105201483403885,0.017183708113798362,1.0413655910514403,3.501428577686056,0.2969999999997981,1.0,18.730241844040215
S11_C6_PRIMARY,primary,0.11,6.0,DISPLACEMENT_ORIGIN_ONLY,TOUCH_NEXT_OPEN,VOL_FLOOR_0.25,0.25,1.5,1090,28.256880733944957,42.38532110091743,29.357798165137616,0.0,0.03154688967862189,1.0682928998874945,0.006331501143200681,1.0132922357560283,3.501428577686056,0.2969999999997981,1.0,6.901336246088743
S11_C6_PRIMARY,primary,0.11,6.0,DISPLACEMENT_ORIGIN_ONLY,TOUCH_NEXT_OPEN,VOL_FLOOR_0.25,0.25,2.0,1090,20.55045871559633,45.68807339449542,33.76146788990826,0.0,0.02302048702490371,1.0464192003716493,-0.0021949015105175076,0.9957089601876066,3.501428577686056,0.2969999999997981,1.0,-2.392442646464083
S11_C6_PRIMARY,primary,0.11,6.0,DISPLACEMENT_ORIGIN_ONLY,TOUCH_NEXT_OPEN,VOL_FLOOR_0.25,0.25,2.5,1090,16.422018348623855,46.972477064220186,36.60550458715596,0.0,0.04471795461162944,1.0878088310570337,0.019502566076208237,1.0371098078501026,3.501428577686056,0.2969999999997981,1.0,21.257797023066978
S11_C6_PRIMARY,primary,0.11,6.0,DISPLACEMENT_ORIGIN_ONLY,TOUCH_NEXT_OPEN,VOL_FLOOR_0.25,0.25,3.0,1090,12.568807339449542,47.88990825688074,39.54128440366972,0.0,0.05314547049244923,1.1024817820636954,0.027930081957028025,1.0521800680048747,3.501428577686056,0.2969999999997981,1.0,30.44378933316055
S11_C6_PRIMARY,primary,0.11,6.0,DISPLACEMENT_ORIGIN_ONLY,TOUCH_NEXT_OPEN,VOL_FLOOR_0.50,0.5,0.5,1090,62.66055045871559,25.412844036697248,11.926605504587156,0.09174311926605505,0.03877742001343626,1.138508141983099,0.018167171964564462,1.063310884514389,3.7197654932735986,0.3977337349487732,1.0,19.802217441375262
S11_C6_PRIMARY,primary,0.11,6.0,DISPLACEMENT_ORIGIN_ONLY,TOUCH_NEXT_OPEN,VOL_FLOOR_0.50,0.5,1.0,1090,41.19266055045871,36.972477064220186,21.834862385321102,0.0,0.038997972867412176,1.0965413304099072,0.018387724818540375,1.0444157083683325,3.7197654932735986,0.3977337349487732,1.0,20.04262005220901
S11_C6_PRIMARY,primary,0.11,6.0,DISPLACEMENT_ORIGIN_ONLY,TOUCH_NEXT_OPEN,VOL_FLOOR_0.50,0.5,1.5,1090,27.889908256880737,42.201834862385326,29.908256880733948,0.0,0.030075716159704436,1.0653478069289641,0.00946546811083263,1.0200641511476258,3.7197654932735986,0.3977337349487732,1.0,10.317360240807567
S11_C6_PRIMARY,primary,0.11,6.0,DISPLACEMENT_ORIGIN_ONLY,TOUCH_NEXT_OPEN,VOL_FLOOR_0.50,0.5,2.0,1090,19.908256880733948,45.321100917431195,34.77064220183486,0.0,0.0201698689836305,1.040946783542601,-0.0004403790652413086,0.999128139747397,3.7197654932735986,0.3977337349487732,1.0,-0.4800131811130264
S11_C6_PRIMARY,primary,0.11,6.0,DISPLACEMENT_ORIGIN_ONLY,TOUCH_NEXT_OPEN,VOL_FLOOR_0.50,0.5,2.5,1090,15.504587155963304,46.23853211009175,38.25688073394495,0.0,0.04539026150247416,1.0903986772516345,0.024780013453602357,1.048117700255273,3.7197654932735986,0.3977337349487732,1.0,27.01021466442657
S11_C6_PRIMARY,primary,0.11,6.0,DISPLACEMENT_ORIGIN_ONLY,TOUCH_NEXT_OPEN,VOL_FLOOR_0.50,0.5,3.0,1090,11.100917431192661,46.69724770642202,42.201834862385326,0.0,0.053864110531025765,1.1062734374464462,0.03325386248215395,1.0639638536161582,3.7197654932735986,0.3977337349487732,1.0,36.246710105547805
S11_C6_PRIMARY,primary,0.11,6.0,DISPLACEMENT_ORIGIN_ONLY,TOUCH_NEXT_OPEN,VOL_FLOOR_0.75,0.75,0.5,1090,62.75229357798165,25.045871559633028,12.201834862385322,0.0,0.04186579334620226,1.1509365733452368,0.024496288732457603,1.0864922061730433,4.2104960255415556,0.5529999999998836,1.0,26.70095471837879
S11_C6_PRIMARY,primary,0.11,6.0,DISPLACEMENT_ORIGIN_ONLY,TOUCH_NEXT_OPEN,VOL_FLOOR_0.75,0.75,1.0,1090,40.091743119266056,36.23853211009174,23.669724770642205,0.0,0.03550308693220423,1.0887970020418292,0.018133582318459573,1.0444108617126322,4.2104960255415556,0.5529999999998836,1.0,19.765604727120934
S11_C6_PRIMARY,primary,0.11,6.0,DISPLACEMENT_ORIGIN_ONLY,TOUCH_NEXT_OPEN,VOL_FLOOR_0.75,0.75,1.5,1090,25.596330275229356,41.19266055045871,33.211009174311926,0.0,0.011185392734787383,1.0246549160066047,-0.006184111878957274,0.986659009178268,4.2104960255415556,0.5529999999998836,1.0,-6.740681948063429
S11_C6_PRIMARY,primary,0.11,6.0,DISPLACEMENT_ORIGIN_ONLY,TOUCH_NEXT_OPEN,VOL_FLOOR_0.75,0.75,2.0,1090,16.605504587155963,42.477064220183486,40.91743119266055,0.0,0.018172763692816184,1.0388925275813867,0.0008032590790715324,1.0016822332442412,4.2104960255415556,0.5529999999998836,1.0,0.8755523961879703
S11_C6_PRIMARY,primary,0.11,6.0,DISPLACEMENT_ORIGIN_ONLY,TOUCH_NEXT_OPEN,VOL_FLOOR_0.75,0.75,2.5,1090,12.752293577981652,43.027522935779814,44.22018348623853,0.0,0.03775022687073442,1.0798209955919285,0.02038072225698975,1.042165491744145,4.2104960255415556,0.5529999999998836,1.0,22.21498726011883
S11_C6_PRIMARY,primary,0.11,6.0,DISPLACEMENT_ORIGIN_ONLY,TOUCH_NEXT_OPEN,VOL_FLOOR_0.75,0.75,3.0,1090,8.440366972477065,43.39449541284404,48.1651376146789,0.0,0.04221469635063862,1.0885736137099544,0.02484519173689395,1.0510085332635624,4.2104960255415556,0.5529999999998836,1.0,27.081258993214405
S11_C6_PRIMARY,primary,0.11,6.0,DISPLACEMENT_ORIGIN_ONLY,TOUCH_NEXT_OPEN,VOL_FLOOR_1.00,1.0,0.5,1090,60.550458715596335,25.596330275229356,13.853211009174313,0.0,0.020378380921696842,1.0707519620924963,0.005467726277194292,1.0186408318502504,4.884674289613637,0.5529999999998836,1.0,5.959821642141778
S11_C6_PRIMARY,primary,0.11,6.0,DISPLACEMENT_ORIGIN_ONLY,TOUCH_NEXT_OPEN,VOL_FLOOR_1.00,1.0,1.0,1090,37.706422018348626,34.4954128440367,27.798165137614678,0.0,0.02596127860627072,1.0664212283667076,0.011050623961768157,1.0277496231678198,4.884674289613637,0.5529999999998836,1.0,12.045180118327291
S11_C6_PRIMARY,primary,0.11,6.0,DISPLACEMENT_ORIGIN_ONLY,TOUCH_NEXT_OPEN,VOL_FLOOR_1.00,1.0,1.5,1090,21.376146788990827,37.247706422018354,41.37614678899082,0.0,0.012063403567699223,1.0285207482508874,-0.002847251076803329,0.9933964169002589,4.884674289613637,0.5529999999998836,1.0,-3.103503673715629
S11_C6_PRIMARY,primary,0.11,6.0,DISPLACEMENT_ORIGIN_ONLY,TOUCH_NEXT_OPEN,VOL_FLOOR_1.00,1.0,2.0,1090,13.302752293577983,38.34862385321101,48.34862385321101,0.0,0.010079101648566065,1.0231885990966922,-0.004831552995936495,0.9890963675943096,4.884674289613637,0.5529999999998836,1.0,-5.26639276557078
S11_C6_PRIMARY,primary,0.11,6.0,DISPLACEMENT_ORIGIN_ONLY,TOUCH_NEXT_OPEN,VOL_FLOOR_1.00,1.0,2.5,1090,9.08256880733945,38.440366972477065,52.477064220183486,0.0,0.026557969635682552,1.0609561319227379,0.01164731499118,1.0262222518227873,4.884674289613637,0.5529999999998836,1.0,12.6955733403862
S11_C6_PRIMARY,primary,0.11,6.0,DISPLACEMENT_ORIGIN_ONLY,TOUCH_NEXT_OPEN,VOL_FLOOR_1.00,1.0,3.0,1090,5.963302752293578,38.53211009174312,55.5045871559633,0.0,0.034935630053349,1.080016136644927,0.02002497540884644,1.0449888133947793,4.884674289613637,0.5529999999998836,1.0,21.82722319564262
S11_C6_PRIMARY,primary,0.11,6.0,DOZ_OBJECTIVE_ONLY,CLEAN_REJECTION,STRUCTURAL,,0.5,15,73.33333333333333,13.333333333333334,13.333333333333334,0.0,0.20393299350827324,2.148519245907484,0.18180805043351442,2.0053595865048375,3.5539630342145756,1.0756467988285294,1.0,2.7271207565027162
S11_C6_PRIMARY,primary,0.11,6.0,DOZ_OBJECTIVE_ONLY,CLEAN_REJECTION,STRUCTURAL,,1.0,15,66.66666666666666,20.0,13.333333333333334,0.0,0.43726632684160166,2.790399654889296,0.41514138376684273,2.667712599125026,3.5539630342145756,1.0756467988285294,1.0,6.227120756502641
S11_C6_PRIMARY,primary,0.11,6.0,DOZ_OBJECTIVE_ONLY,CLEAN_REJECTION,STRUCTURAL,,1.5,15,40.0,33.33333333333333,26.666666666666668,0.0,0.3285101223606113,1.870083352849496,0.3063851792858525,1.7892166655284922,3.5539630342145756,1.0756467988285294,1.0,4.595777689287788
S11_C6_PRIMARY,primary,0.11,6.0,DOZ_OBJECTIVE_ONLY,CLEAN_REJECTION,STRUCTURAL,,2.0,15,13.333333333333334,40.0,46.666666666666664,0.0,-0.0008059220534457474,0.9981857932288349,-0.022930865128204584,0.9496923586688856,3.5539630342145756,1.0756467988285294,1.0,-0.34396297692306876
S11_C6_PRIMARY,primary,0.11,6.0,DOZ_OBJECTIVE_ONLY,CLEAN_REJECTION,STRUCTURAL,,2.5,15,13.333333333333334,40.0,46.666666666666664,0.0,0.06586074461322092,1.14825876562184,0.043735801538462085,1.0959512432184464,3.5539630342145756,1.0756467988285294,1.0,0.6560370230769312
S11_C6_PRIMARY,primary,0.11,6.0,DOZ_OBJECTIVE_ONLY,CLEAN_REJECTION,STRUCTURAL,,3.0,15,13.333333333333334,40.0,46.666666666666664,0.0,0.1325274112798876,1.298331738014845,0.11040246820512876,1.242210127768007,3.5539630342145756,1.0756467988285294,1.0,1.6560370230769315
S11_C6_PRIMARY,primary,0.11,6.0,DOZ_OBJECTIVE_ONLY,FAILED_AUCTION,STRUCTURAL,,0.5,28,67.85714285714286,32.142857142857146,0.0,0.0,0.017857142857145476,1.0555555555555636,-0.001244452314971072,0.9962083485879176,4.396244431437708,0.8709248924656094,2.0,-0.03484466481919002
S11_C6_PRIMARY,primary,0.11,6.0,DOZ_OBJECTIVE_ONLY,FAILED_AUCTION,STRUCTURAL,,1.0,28,46.42857142857143,46.42857142857143,7.142857142857142,0.0,0.05179065600533345,1.1115491052422568,0.03268906083321692,1.0689804049850884,4.396244431437708,0.8709248924656094,2.0,0.9152937033300736
S11_C6_PRIMARY,primary,0.11,6.0,DOZ_OBJECTIVE_ONLY,FAILED_AUCTION,STRUCTURAL,,1.5,28,32.142857142857146,53.57142857142857,14.285714285714285,0.0,-0.0011403478365233327,0.9978761483569163,-0.02024194300863985,0.9631039358024646,4.396244431437708,0.8709248924656094,2.0,-0.5667744042419158
S11_C6_PRIMARY,primary,0.11,6.0,DOZ_OBJECTIVE_ONLY,FAILED_AUCTION,STRUCTURAL,,2.0,28,21.428571428571427,57.14285714285714,21.428571428571427,0.0,0.009044456385805354,1.0157943501031605,-0.01005713878631118,0.9827956219809726,4.396244431437708,0.8709248924656094,2.0,-0.28159988601671304
S11_C6_PRIMARY,primary,0.11,6.0,DOZ_OBJECTIVE_ONLY,FAILED_AUCTION,STRUCTURAL,,2.5,28,14.285714285714285,60.71428571428571,25.0,0.0,-0.042712131105170074,0.9297905477839238,-0.06181372627728667,0.9004374844303932,4.396244431437708,0.8709248924656094,2.0,-1.730784335764027
S11_C6_PRIMARY,primary,0.11,6.0,DOZ_OBJECTIVE_ONLY,FAILED_AUCTION,STRUCTURAL,,3.0,28,14.285714285714285,60.71428571428571,25.0,0.0,0.0287164403234037,1.0472035811029285,0.009614845151287204,1.0154864983511944,4.396244431437708,0.8709248924656094,2.0,0.2692156642360417
S11_C6_PRIMARY,primary,0.11,6.0,DOZ_OBJECTIVE_ONLY,PASSIVE_TOUCH,STRUCTURAL,,0.5,35,25.71428571428571,74.28571428571429,0.0,71.42857142857143,-0.656036325802431,0.16386713979651887,-0.7395942547002701,0.1312122107498458,0.8573799068744847,0.32750000000010004,0.0,-25.885798914509454
S11_C6_PRIMARY,primary,0.11,6.0,DOZ_OBJECTIVE_ONLY,PASSIVE_TOUCH,STRUCTURAL,,1.0,35,22.857142857142858,77.14285714285715,0.0,71.42857142857143,-0.5846077543738422,0.28108371852752173,-0.6681656832716812,0.24446192674159148,0.8573799068744847,0.32750000000010004,0.0,-23.385798914508843
S11_C6_PRIMARY,primary,0.11,6.0,DOZ_OBJECTIVE_ONLY,PASSIVE_TOUCH,STRUCTURAL,,1.5,35,22.857142857142858,77.14285714285715,0.0,68.57142857142857,-0.4703220400881189,0.4216255777912936,-0.553879968985958,0.37369216189763266,0.8573799068744847,0.32750000000010004,0.0,-19.38579891450853
S11_C6_PRIMARY,primary,0.11,6.0,DOZ_OBJECTIVE_ONLY,PASSIVE_TOUCH,STRUCTURAL,,2.0,35,17.142857142857142,80.0,2.857142857142857,62.857142857142854,-0.5082043858377272,0.40285823209859484,-0.5917623147355663,0.3604733437698699,0.8573799068744847,0.32750000000010004,0.0,-20.71168101574482
S11_C6_PRIMARY,primary,0.11,6.0,DOZ_OBJECTIVE_ONLY,PASSIVE_TOUCH,STRUCTURAL,,2.5,35,14.285714285714285,82.85714285714286,2.857142857142857,62.857142857142854,-0.5224901001234463,0.4060135016459274,-0.6060480290212853,0.36573501351757787,0.8573799068744847,0.32750000000010004,0.0,-21.211681015744986
S11_C6_PRIMARY,primary,0.11,6.0,DOZ_OBJECTIVE_ONLY,PASSIVE_TOUCH,STRUCTURAL,,3.0,35,14.285714285714285,82.85714285714286,2.857142857142857,62.857142857142854,-0.45106152869487,0.4872162019751195,-0.5346194575927091,0.44048922394668805,0.8573799068744847,0.32750000000010004,0.0,-18.71168101574482
S11_C6_PRIMARY,primary,0.11,6.0,DOZ_OBJECTIVE_ONLY,RECLAIM_PULLBACK,STRUCTURAL,,0.5,29,65.51724137931035,34.48275862068966,0.0,6.896551724137931,-0.01724137931034158,0.9500000000000096,-0.044970466875194244,0.8744041817564724,2.592963034214563,0.6389248924654112,3.0,-1.304143539380633
S11_C6_PRIMARY,primary,0.11,6.0,DOZ_OBJECTIVE_ONLY,RECLAIM_PULLBACK,STRUCTURAL,,1.0,29,51.724137931034484,48.275862068965516,0.0,6.896551724137931,0.034482758620689655,1.0714285714285714,0.006753671055837007,1.0135365078307619,2.592963034214563,0.6389248924654112,3.0,0.1958564606192732
S11_C6_PRIMARY,primary,0.11,6.0,DOZ_OBJECTIVE_ONLY,RECLAIM_PULLBACK,STRUCTURAL,,1.5,29,44.827586206896555,55.172413793103445,0.0,6.896551724137931,0.12068965517241233,1.2187499999999973,0.0929605676075596,1.163274079224512,2.592963034214563,0.6389248924654112,3.0,2.695856460619228
S11_C6_PRIMARY,primary,0.11,6.0,DOZ_OBJECTIVE_ONLY,RECLAIM_PULLBACK,STRUCTURAL,,2.0,29,41.37931034482759,58.620689655172406,0.0,6.896551724137931,0.2413793103448276,1.411764705882353,0.21365022277997492,1.3532407841628384,2.592963034214563,0.6389248924654112,3.0,6.1958564606192725
S11_C6_PRIMARY,primary,0.11,6.0,DOZ_OBJECTIVE_ONLY,RECLAIM_PULLBACK,STRUCTURAL,,2.5,29,27.586206896551722,65.51724137931035,6.896551724137931,6.896551724137931,0.1702122899325995,1.2597977056865992,0.14248320236774686,1.2109691497845243,2.592963034214563,0.6389248924654112,3.0,4.132012868664659
S11_C6_PRIMARY,primary,0.11,6.0,DOZ_OBJECTIVE_ONLY,RECLAIM_PULLBACK,STRUCTURAL,,3.0,29,17.24137931034483,72.41379310344827,10.344827586206897,6.896551724137931,0.00454418264586482,1.0062752998442894,-0.02318490491898788,0.9689299726336993,2.592963034214563,0.6389248924654112,3.0,-0.6723622426506486
S11_C6_PRIMARY,primary,0.11,6.0,DOZ_OBJECTIVE_ONLY,TOUCH_NEXT_OPEN,VOL_FLOOR_0.25,0.25,0.5,41,68.29268292682927,29.268292682926827,2.4390243902439024,4.878048780487805,0.0542053641177002,1.1852016607354734,0.022718610890678573,1.0751776232283996,2.1143049261247597,0.689812231163158,1.0,0.9314630465178214
S11_C6_PRIMARY,primary,0.11,6.0,DOZ_OBJECTIVE_ONLY,TOUCH_NEXT_OPEN,VOL_FLOOR_0.25,0.25,1.0,41,53.65853658536586,43.90243902439025,2.4390243902439024,2.4390243902439024,0.10298585192255932,1.2345788849347132,0.07149909869553765,1.1571958512087086,2.1143049261247597,0.689812231163158,1.0,2.931463046517044
S11_C6_PRIMARY,primary,0.11,6.0,DOZ_OBJECTIVE_ONLY,TOUCH_NEXT_OPEN,VOL_FLOOR_0.25,0.25,1.5,41,39.02439024390244,48.78048780487805,12.195121951219512,0.0,0.12530532496104468,1.250442810288735,0.0938185717340231,1.1808083387505317,2.1143049261247597,0.689812231163158,1.0,3.846561441094947
S11_C6_PRIMARY,primary,0.11,6.0,DOZ_OBJECTIVE_ONLY,TOUCH_NEXT_OPEN,VOL_FLOOR_0.25,0.25,2.0,41,29.268292682926827,51.21951219512195,19.51219512195122,0.0,0.126775064809557,1.2416027160224197,0.09528831158253538,1.1752863102398394,2.1143049261247597,0.689812231163158,1.0,3.9068207748839505
S11_C6_PRIMARY,primary,0.11,6.0,DOZ_OBJECTIVE_ONLY,TOUCH_NEXT_OPEN,VOL_FLOOR_0.25,0.25,2.5,41,24.390243902439025,56.09756097560976,19.51219512195122,0.0,0.10238482090711261,1.1785244679142317,0.070898067680091,1.1193025026263368,2.1143049261247597,0.689812231163158,1.0,2.906820774883731
S11_C6_PRIMARY,primary,0.11,6.0,DOZ_OBJECTIVE_ONLY,TOUCH_NEXT_OPEN,VOL_FLOOR_0.25,0.25,3.0,41,19.51219512195122,60.97560975609756,19.51219512195122,0.0,0.02921408919980181,1.0469463797496523,-0.0022726640272197874,0.9964744403186264,2.1143049261247597,0.689812231163158,1.0,-0.09317922511601129
S11_C6_PRIMARY,primary,0.11,6.0,DOZ_OBJECTIVE_ONLY,TOUCH_NEXT_OPEN,VOL_FLOOR_0.50,0.5,0.5,41,70.73170731707317,26.82926829268293,2.4390243902439024,2.4390243902439024,0.09079072997135182,1.3384018117114043,0.06906264220562419,1.2518192359075238,2.9539913340669437,1.2384999999999309,1.0,2.8315683304305916
S11_C6_PRIMARY,primary,0.11,6.0,DOZ_OBJECTIVE_ONLY,TOUCH_NEXT_OPEN,VOL_FLOOR_0.50,0.5,1.0,41,58.536585365853654,39.02439024390244,2.4390243902439024,0.0,0.20054682753233313,1.5139012455516039,0.17881873976660553,1.4481750813940262,2.9539913340669437,1.2384999999999309,1.0,7.331568330430827
S11_C6_PRIMARY,primary,0.11,6.0,DOZ_OBJECTIVE_ONLY,TOUCH_NEXT_OPEN,VOL_FLOOR_0.50,0.5,1.5,41,36.58536585365854,51.21951219512195,12.195121951219512,0.0,0.06432971520495641,1.1225969313272626,0.0426016274392288,1.0793620147153484,2.9539913340669437,1.2384999999999309,1.0,1.746666725008381
S11_C6_PRIMARY,primary,0.11,6.0,DOZ_OBJECTIVE_ONLY,TOUCH_NEXT_OPEN,VOL_FLOOR_0.50,0.5,2.0,41,29.268292682926827,51.21951219512195,19.51219512195122,0.0,0.12677506480956677,1.2416027160224437,0.10504697704383917,1.195690639984314,2.9539913340669437,1.2384999999999309,1.0,4.306926058797406
S11_C6_PRIMARY,primary,0.11,6.0,DOZ_OBJECTIVE_ONLY,TOUCH_NEXT_OPEN,VOL_FLOOR_0.50,0.5,2.5,41,24.390243902439025,53.65853658536586,21.951219512195124,0.0,0.16684539680347213,1.303843862456202,0.14511730903774453,1.2584322078357213,2.9539913340669437,1.2384999999999309,1.0,5.949809670547525
S11_C6_PRIMARY,primary,0.11,6.0,DOZ_OBJECTIVE_ONLY,TOUCH_NEXT_OPEN,VOL_FLOOR_0.50,0.5,3.0,41,19.51219512195122,58.536585365853654,21.951219512195124,0.0,0.09367466509615727,1.1566738286973677,0.07194657733042967,1.1177249015910504,2.9539913340669437,1.2384999999999309,1.0,2.9498096705476162
S11_C6_PRIMARY,primary,0.11,6.0,DOZ_OBJECTIVE_ONLY,TOUCH_NEXT_OPEN,VOL_FLOOR_0.75,0.75,0.5,41,80.48780487804879,17.073170731707318,2.4390243902439024,0.0,0.23713219338598968,2.388917132689353,0.2204290989927534,2.2711276263896067,4.049099301557866,1.4711386773034536,1.0,9.037593058702889
S11_C6_PRIMARY,primary,0.11,6.0,DOZ_OBJECTIVE_ONLY,TOUCH_NEXT_OPEN,VOL_FLOOR_0.75,0.75,1.0,41,53.65853658536586,41.46341463414634,4.878048780487805,0.0,0.1082510957637758,1.2495649870706715,0.09154800137053953,1.2076177763709055,4.049099301557866,1.4711386773034536,1.0,3.753468056192121
S11_C6_PRIMARY,primary,0.11,6.0,DOZ_OBJECTIVE_ONLY,TOUCH_NEXT_OPEN,VOL_FLOOR_0.75,0.75,1.5,41,36.58536585365854,43.90243902439025,19.51219512195122,0.0,0.1509740515402911,1.3207575857973812,0.13427095714705478,1.2805227300595379,4.049099301557866,1.4711386773034536,1.0,5.5051092430292465
S11_C6_PRIMARY,primary,0.11,6.0,DOZ_OBJECTIVE_ONLY,TOUCH_NEXT_OPEN,VOL_FLOOR_0.75,0.75,2.0,41,24.390243902439025,48.78048780487805,26.82926829268293,0.0,0.06707793773026709,1.1291301094397599,0.0503748433370308,1.0954104410737802,4.049099301557866,1.4711386773034536,1.0,2.065368576818263
S11_C6_PRIMARY,primary,0.11,6.0,DOZ_OBJECTIVE_ONLY,TOUCH_NEXT_OPEN,VOL_FLOOR_0.75,0.75,2.5,41,14.634146341463413,48.78048780487805,36.58536585365854,0.0,0.060638411820782,1.1167335344470142,0.043935317427545716,1.083213916645517,4.049099301557866,1.4711386773034536,1.0,1.8013480145293743
S11_C6_PRIMARY,primary,0.11,6.0,DOZ_OBJECTIVE_ONLY,TOUCH_NEXT_OPEN,VOL_FLOOR_0.75,0.75,3.0,41,4.878048780487805,51.21951219512195,43.90243902439025,0.0,-0.07299669618617845,0.8657779683157691,-0.08969979057941475,0.8378090578310562,4.049099301557866,1.4711386773034536,1.0,-3.677691413756005
S11_C6_PRIMARY,primary,0.11,6.0,DOZ_OBJECTIVE_ONLY,TOUCH_NEXT_OPEN,VOL_FLOOR_1.00,1.0,0.5,41,73.17073170731707,24.390243902439025,2.4390243902439024,0.0,0.1273760958250125,1.5222419928825521,0.11395722479274932,1.4615223000038107,5.2496303421436075,1.7780000000002474,1.0,4.672246216502722
S11_C6_PRIMARY,primary,0.11,6.0,DOZ_OBJECTIVE_ONLY,TOUCH_NEXT_OPEN,VOL_FLOOR_1.00,1.0,1.0,41,56.09756097560976,36.58536585365854,7.317073170731707,0.0,0.17675969142300904,1.4536478054964521,0.16334082039074588,1.4136245478481013,5.2496303421436075,1.7780000000002474,1.0,6.696973636020581
S11_C6_PRIMARY,primary,0.11,6.0,DOZ_OBJECTIVE_ONLY,TOUCH_NEXT_OPEN,VOL_FLOOR_1.00,1.0,1.5,41,34.146341463414636,41.46341463414634,24.390243902439025,0.0,0.12480553512318032,1.2762166138977247,0.11138666409091713,1.243106045184464,5.2496303421436075,1.7780000000002474,1.0,4.566853227727602
S11_C6_PRIMARY,primary,0.11,6.0,DOZ_OBJECTIVE_ONLY,TOUCH_NEXT_OPEN,VOL_FLOOR_1.00,1.0,2.0,41,9.75609756097561,41.46341463414634,48.78048780487805,0.0,0.002440017456169123,1.0054001880519896,-0.010978853576094058,0.9760381936623489,5.2496303421436075,1.7780000000002474,1.0,-0.4501329966198564
S11_C6_PRIMARY,primary,0.11,6.0,DOZ_OBJECTIVE_ONLY,TOUCH_NEXT_OPEN,VOL_FLOOR_1.00,1.0,2.5,41,7.317073170731707,43.90243902439025,48.78048780487805,0.0,-0.034145348397488805,0.9283006581781138,-0.047564219429752,0.9015399806311662,5.2496303421436075,1.7780000000002474,1.0,-1.9501329966198322
S11_C6_PRIMARY,primary,0.11,6.0,DOZ_OBJECTIVE_ONLY,TOUCH_NEXT_OPEN,VOL_FLOOR_1.00,1.0,3.0,41,4.878048780487805,46.34146341463415,48.78048780487805,0.0,-0.09512095815358658,0.8099936297362103,-0.10853982918584976,0.786238216281514,5.2496303421436075,1.7780000000002474,1.0,-4.45013299661984
S11_C6_PRIMARY,primary,0.11,6.0,MEMORY_ONLY,ACCEPTANCE_RETEST,STRUCTURAL,,0.5,49,75.51020408163265,24.489795918367346,0.0,4.081632653061225,0.13265306122448792,1.541666666666659,0.09963124530663545,1.3930222858877581,1.976683895103406,0.8356620515878603,7.0,4.881931020025137
S11_C6_PRIMARY,primary,0.11,6.0,MEMORY_ONLY,ACCEPTANCE_RETEST,STRUCTURAL,,1.0,49,42.857142857142854,55.10204081632652,2.0408163265306123,4.081632653061225,-0.1179438172052527,0.7859538132200969,-0.1509656331231052,0.7353370215240952,1.976683895103406,0.8356620515878603,7.0,-7.397316023032155
S11_C6_PRIMARY,primary,0.11,6.0,MEMORY_ONLY,ACCEPTANCE_RETEST,STRUCTURAL,,1.5,49,30.612244897959183,61.224489795918366,8.16326530612245,4.081632653061225,-0.08648785309788148,0.8587365066067937,-0.11950966901573394,0.8111829658645414,1.976683895103406,0.8356620515878603,7.0,-5.855973781770963
S11_C6_PRIMARY,primary,0.11,6.0,MEMORY_ONLY,ACCEPTANCE_RETEST,STRUCTURAL,,2.0,49,30.612244897959183,61.224489795918366,8.16326530612245,4.081632653061225,0.06657337139190664,1.108736506606781,0.03355155547405416,1.053009143506273,1.976683895103406,0.8356620515878603,7.0,1.6440262182286538
S11_C6_PRIMARY,primary,0.11,6.0,MEMORY_ONLY,ACCEPTANCE_RETEST,STRUCTURAL,,2.5,49,26.53061224489796,63.26530612244898,10.204081632653061,4.081632653061225,0.1212117022375396,1.1915926906335303,0.08818988631968712,1.1348245152902163,1.976683895103406,0.8356620515878603,7.0,4.321304429664669
S11_C6_PRIMARY,primary,0.11,6.0,MEMORY_ONLY,ACCEPTANCE_RETEST,STRUCTURAL,,3.0,49,24.489795918367346,63.26530612244898,12.244897959183673,4.081632653061225,0.24195613457957169,1.38244679336771,0.20893431866171921,1.3194183530177592,1.976683895103406,0.8356620515878603,7.0,10.237781614424241
S11_C6_PRIMARY,primary,0.11,6.0,MEMORY_ONLY,CLEAN_REJECTION,STRUCTURAL,,0.5,572,62.41258741258741,34.26573426573427,3.3216783216783217,0.0,-0.044377481524202664,0.8756001837365966,-0.07067984141136319,0.8070198011104001,2.396134943998277,0.6712472160359084,1.0,-40.42886928729974
S11_C6_PRIMARY,primary,0.11,6.0,MEMORY_ONLY,CLEAN_REJECTION,STRUCTURAL,,1.0,572,43.88111888111888,48.42657342657343,7.6923076923076925,0.0,-0.05072554535670225,0.898695427491524,-0.07702790524386274,0.8502911581894044,2.396134943998277,0.6712472160359084,1.0,-44.05996179948949
S11_C6_PRIMARY,primary,0.11,6.0,MEMORY_ONLY,CLEAN_REJECTION,STRUCTURAL,,1.5,572,31.46853146853147,54.1958041958042,14.335664335664337,0.0,-0.04006901379147032,0.9285742170988867,-0.06637137367863087,0.8848679621112672,2.396134943998277,0.6712472160359084,1.0,-37.96442574417686
S11_C6_PRIMARY,primary,0.11,6.0,MEMORY_ONLY,CLEAN_REJECTION,STRUCTURAL,,2.0,572,23.076923076923077,56.81818181818182,20.104895104895103,0.0,-0.033681881882326584,0.9428887618874592,-0.05998424176948711,0.9010397333111066,2.396134943998277,0.6712472160359084,1.0,-34.31098629214662
S11_C6_PRIMARY,primary,0.11,6.0,MEMORY_ONLY,CLEAN_REJECTION,STRUCTURAL,,2.5,572,18.006993006993007,58.04195804195804,23.95104895104895,0.0,-0.00966662482900581,0.9839424044106566,-0.03596898471616632,0.9418621348929409,2.396134943998277,0.6712472160359084,1.0,-20.57425925764714
S11_C6_PRIMARY,primary,0.11,6.0,MEMORY_ONLY,CLEAN_REJECTION,STRUCTURAL,,3.0,572,14.335664335664337,58.56643356643356,27.0979020979021,0.0,0.004991390000668374,1.008214071687168,-0.02131096988649216,0.9658773541481658,2.396134943998277,0.6712472160359084,1.0,-12.189874775073516
S11_C6_PRIMARY,primary,0.11,6.0,MEMORY_ONLY,FAILED_AUCTION,STRUCTURAL,,0.5,104,54.807692307692314,43.269230769230774,1.9230769230769231,0.0,-0.15755459998006063,0.6376193423470202,-0.17683278036841663,0.6005042321901143,3.3643777627693225,0.8365000000001146,9.0,-18.39060915831533
S11_C6_PRIMARY,primary,0.11,6.0,MEMORY_ONLY,FAILED_AUCTION,STRUCTURAL,,1.0,104,38.46153846153847,55.769230769230774,5.769230769230769,0.0,-0.1712683247472997,0.6972960985013179,-0.19054650513565574,0.6694221881256177,3.3643777627693225,0.8365000000001146,9.0,-19.816836534108198
S11_C6_PRIMARY,primary,0.11,6.0,MEMORY_ONLY,FAILED_AUCTION,STRUCTURAL,,1.5,104,26.923076923076923,57.692307692307686,15.384615384615385,0.0,-0.09846069032992605,0.8329385990056591,-0.11773887071828204,0.8039488515096331,3.3643777627693225,0.8365000000001146,9.0,-12.244842554701332
S11_C6_PRIMARY,primary,0.11,6.0,MEMORY_ONLY,FAILED_AUCTION,STRUCTURAL,,2.0,104,20.192307692307693,60.57692307692307,19.230769230769234,0.0,-0.08651197908061697,0.8600615344197103,-0.10579015946897298,0.8320742595361401,3.3643777627693225,0.8365000000001146,9.0,-11.00217658477319
S11_C6_PRIMARY,primary,0.11,6.0,MEMORY_ONLY,FAILED_AUCTION,STRUCTURAL,,2.5,104,15.384615384615385,62.5,22.115384615384613,0.0,-0.10145922969348989,0.8421579340569668,-0.12073741008184588,0.8157222817844809,3.3643777627693225,0.8365000000001146,9.0,-12.556690648511971
S11_C6_PRIMARY,primary,0.11,6.0,MEMORY_ONLY,FAILED_AUCTION,STRUCTURAL,,3.0,104,11.538461538461538,63.46153846153846,25.0,0.0,-0.07882368073628772,0.8791798203831173,-0.09810186112464371,0.8524946746326874,3.3643777627693225,0.8365000000001146,9.0,-10.202593556962945
S11_C6_PRIMARY,primary,0.11,6.0,MEMORY_ONLY,PASSIVE_TOUCH,STRUCTURAL,,0.5,563,50.97690941385436,48.49023090586146,0.5328596802841918,25.754884547069274,-0.32345488095701985,0.440717915323737,-0.37725577247317577,0.37684784100457647,1.1414967313755824,0.4199999999998454,2.0,-212.39499990239796
S11_C6_PRIMARY,primary,0.11,6.0,MEMORY_ONLY,PASSIVE_TOUCH,STRUCTURAL,,1.0,563,37.65541740674956,61.101243339254,1.2433392539964476,25.57726465364121,-0.32719777562532715,0.5359434483031607,-0.3809986671414831,0.4843363390385828,1.1414967313755824,0.4199999999998454,2.0,-214.502249600655
S11_C6_PRIMARY,primary,0.11,6.0,MEMORY_ONLY,PASSIVE_TOUCH,STRUCTURAL,,1.5,563,30.19538188277087,68.02841918294848,1.7761989342806392,25.044404973357015,-0.3188470286538077,0.5884576229755184,-0.3726479201699636,0.5412262469776484,1.1414967313755824,0.4199999999998454,2.0,-209.80077905568953
S11_C6_PRIMARY,primary,0.11,6.0,MEMORY_ONLY,PASSIVE_TOUCH,STRUCTURAL,,2.0,563,25.57726465364121,72.11367673179396,2.3090586145648313,25.044404973357015,-0.29900461020975005,0.6333992235643322,-0.352805501725906,0.5874425267151331,1.1414967313755824,0.4199999999998454,2.0,-198.62949747168508
S11_C6_PRIMARY,primary,0.11,6.0,MEMORY_ONLY,PASSIVE_TOUCH,STRUCTURAL,,2.5,563,20.959147424511546,76.02131438721138,3.019538188277087,25.044404973357015,-0.3199125835155698,0.6257016813953468,-0.37371347503172564,0.582990163366116,1.1414967313755824,0.4199999999998454,2.0,-210.40068644286154
S11_C6_PRIMARY,primary,0.11,6.0,MEMORY_ONLY,PASSIVE_TOUCH,STRUCTURAL,,3.0,563,17.761989342806395,77.97513321492006,4.262877442273535,24.866785079928952,-0.31349139829131034,0.6414117068534329,-0.36729228980746625,0.5992906986021526,1.1414967313755824,0.4199999999998454,2.0,-206.7855591616035
S11_C6_PRIMARY,primary,0.11,6.0,MEMORY_ONLY,RECLAIM_PULLBACK,STRUCTURAL,,0.5,523,60.9942638623327,37.2848948374761,1.7208413001912046,0.9560229445506693,-0.07473034553156484,0.8032052415460963,-0.10504645017580276,0.7317250802544045,2.0266734740978336,0.6360000000001946,3.0,-54.93929344194484
S11_C6_PRIMARY,primary,0.11,6.0,MEMORY_ONLY,RECLAIM_PULLBACK,STRUCTURAL,,1.0,523,44.35946462715105,50.66921606118547,4.97131931166348,0.9560229445506693,-0.06787211591612456,0.8684599779063223,-0.09818822056036247,0.8154875311855361,2.0266734740978336,0.6360000000001946,3.0,-51.35243935306957
S11_C6_PRIMARY,primary,0.11,6.0,MEMORY_ONLY,RECLAIM_PULLBACK,STRUCTURAL,,1.5,523,34.22562141491396,58.508604206500955,7.265774378585086,0.9560229445506693,-0.06571081480915912,0.8897972018144716,-0.09602691945339703,0.8438680298538603,2.0266734740978336,0.6360000000001946,3.0,-50.222078874126645
S11_C6_PRIMARY,primary,0.11,6.0,MEMORY_ONLY,RECLAIM_PULLBACK,STRUCTURAL,,2.0,523,24.282982791587,62.7151051625239,13.001912045889103,0.9560229445506693,-0.08441788638346505,0.8677985182286702,-0.11473399102770296,0.8258051450706368,2.0266734740978336,0.6360000000001946,3.0,-60.005877307488646
S11_C6_PRIMARY,primary,0.11,6.0,MEMORY_ONLY,RECLAIM_PULLBACK,STRUCTURAL,,2.5,523,18.54684512428298,64.81835564053537,16.634799235181642,0.9560229445506693,-0.08890642486020393,0.8652090046758167,-0.11922252950444186,0.8247856989680704,2.0266734740978336,0.6360000000001946,3.0,-62.35338293082309
S11_C6_PRIMARY,primary,0.11,6.0,MEMORY_ONLY,RECLAIM_PULLBACK,STRUCTURAL,,3.0,523,14.722753346080305,65.96558317399618,19.311663479923517,0.9560229445506693,-0.08041714788726062,0.8801833072651759,-0.11073325253149853,0.8400742679868691,2.0266734740978336,0.6360000000001946,3.0,-57.91349107397373
S11_C6_PRIMARY,primary,0.11,6.0,MEMORY_ONLY,TOUCH_NEXT_OPEN,VOL_FLOOR_0.25,0.25,0.5,840,62.61904761904762,35.0,2.380952380952381,0.7142857142857143,-0.04686045103496317,0.8698825767743853,-0.08381531991823961,0.7759265685297944,1.9413713341339784,0.28428560808833936,1.0,-70.40486873132127
S11_C6_PRIMARY,primary,0.11,6.0,MEMORY_ONLY,TOUCH_NEXT_OPEN,VOL_FLOOR_0.25,0.25,1.0,840,43.452380952380956,51.3095238095238,5.238095238095238,0.7142857142857143,-0.08378359310699811,0.8403546771986169,-0.12073846199027455,0.7785407873044725,1.9413713341339784,0.28428560808833936,1.0,-101.42030807183062
S11_C6_PRIMARY,primary,0.11,6.0,MEMORY_ONLY,TOUCH_NEXT_OPEN,VOL_FLOOR_0.25,0.25,1.5,840,31.9047619047619,59.04761904761905,9.047619047619047,0.4761904761904762,-0.09793756048501848,0.8376869094167723,-0.13489242936829493,0.7848314797544376,1.9413713341339784,0.28428560808833936,1.0,-113.30964066936774
S11_C6_PRIMARY,primary,0.11,6.0,MEMORY_ONLY,TOUCH_NEXT_OPEN,VOL_FLOOR_0.25,0.25,2.0,840,23.57142857142857,62.857142857142854,13.571428571428571,0.35714285714285715,-0.10665120033753182,0.8339021013314547,-0.14360606922080826,0.784790842134241,1.9413713341339784,0.28428560808833936,1.0,-120.62909814547893
S11_C6_PRIMARY,primary,0.11,6.0,MEMORY_ONLY,TOUCH_NEXT_OPEN,VOL_FLOOR_0.25,0.25,2.5,840,18.928571428571427,64.16666666666667,16.904761904761905,0.35714285714285715,-0.08039732146078649,0.8774529012525428,-0.11735219034406293,0.827900481633402,1.9413713341339784,0.28428560808833936,1.0,-98.57583988901285
S11_C6_PRIMARY,primary,0.11,6.0,MEMORY_ONLY,TOUCH_NEXT_OPEN,VOL_FLOOR_0.25,0.25,3.0,840,15.595238095238095,65.23809523809524,19.166666666666668,0.35714285714285715,-0.06248981510495334,0.9063196707876849,-0.09944468398822978,0.8565880909142395,1.9413713341339784,0.28428560808833936,1.0,-83.53353455011302
S11_C6_PRIMARY,primary,0.11,6.0,MEMORY_ONLY,TOUCH_NEXT_OPEN,VOL_FLOOR_0.50,0.5,0.5,840,62.976190476190474,34.64285714285714,2.380952380952381,0.0,-0.041506920553606136,0.8835945252473489,-0.0727484167168759,0.8022268202840047,2.123362715183483,0.4786867219920623,1.0,-61.10867004217576
S11_C6_PRIMARY,primary,0.11,6.0,MEMORY_ONLY,TOUCH_NEXT_OPEN,VOL_FLOOR_0.50,0.5,1.0,840,43.80952380952381,50.71428571428571,5.476190476190476,0.11904761904761905,-0.07431694139616217,0.8569283798359281,-0.10555843755943195,0.8031571681869215,2.123362715183483,0.4786867219920623,1.0,-88.66908754992284
S11_C6_PRIMARY,primary,0.11,6.0,MEMORY_ONLY,TOUCH_NEXT_OPEN,VOL_FLOOR_0.50,0.5,1.5,840,32.61904761904762,57.738095238095234,9.642857142857144,0.11904761904761905,-0.07176028631204072,0.8785217945584557,-0.1030017824753105,0.831093447110101,2.123362715183483,0.4786867219920623,1.0,-86.52149727926081
S11_C6_PRIMARY,primary,0.11,6.0,MEMORY_ONLY,TOUCH_NEXT_OPEN,VOL_FLOOR_0.50,0.5,2.0,840,23.809523809523807,61.30952380952381,14.880952380952381,0.11904761904761905,-0.07531504455243569,0.8799052417348457,-0.10655654071570549,0.8354859093915235,2.123362715183483,0.4786867219920623,1.0,-89.50749420119261
S11_C6_PRIMARY,primary,0.11,6.0,MEMORY_ONLY,TOUCH_NEXT_OPEN,VOL_FLOOR_0.50,0.5,2.5,840,18.571428571428573,62.61904761904762,18.80952380952381,0.11904761904761905,-0.06246793407394921,0.9026568390287666,-0.09370943023721899,0.8586334664916769,2.123362715183483,0.4786867219920623,1.0,-78.71592139926395
S11_C6_PRIMARY,primary,0.11,6.0,MEMORY_ONLY,TOUCH_NEXT_OPEN,VOL_FLOOR_0.50,0.5,3.0,840,14.523809523809526,63.57142857142857,21.904761904761905,0.11904761904761905,-0.05071628144690064,0.922159361876347,-0.08195777761017041,0.8782291743568086,2.123362715183483,0.4786867219920623,1.0,-68.84453319254314
S11_C6_PRIMARY,primary,0.11,6.0,MEMORY_ONLY,TOUCH_NEXT_OPEN,VOL_FLOOR_0.75,0.75,0.5,840,61.904761904761905,35.476190476190474,2.619047619047619,0.0,-0.05591669390134921,0.8472109939696691,-0.08228567535364131,0.7810920730015687,2.5348329760623827,0.4786867219920623,1.0,-69.11996729705871
S11_C6_PRIMARY,primary,0.11,6.0,MEMORY_ONLY,TOUCH_NEXT_OPEN,VOL_FLOOR_0.75,0.75,1.0,840,42.142857142857146,50.11904761904762,7.738095238095238,0.11904761904761905,-0.08044777879642642,0.8439661934361337,-0.10681676024871851,0.7983987202063311,2.5348329760623827,0.4786867219920623,1.0,-89.72607860892356
S11_C6_PRIMARY,primary,0.11,6.0,MEMORY_ONLY,TOUCH_NEXT_OPEN,VOL_FLOOR_0.75,0.75,1.5,840,29.642857142857142,55.952380952380956,14.404761904761903,0.11904761904761905,-0.07855840941637562,0.8637442993204323,-0.10492739086866776,0.8229749673902651,2.5348329760623827,0.4786867219920623,1.0,-88.13900832968092
S11_C6_PRIMARY,primary,0.11,6.0,MEMORY_ONLY,TOUCH_NEXT_OPEN,VOL_FLOOR_0.75,0.75,2.0,840,21.19047619047619,58.452380952380956,20.357142857142858,0.11904761904761905,-0.07384323237072264,0.8773329206097471,-0.10021221382301475,0.8380858467560465,2.5348329760623827,0.4786867219920623,1.0,-84.1782596113324
S11_C6_PRIMARY,primary,0.11,6.0,MEMORY_ONLY,TOUCH_NEXT_OPEN,VOL_FLOOR_0.75,0.75,2.5,840,15.238095238095239,59.404761904761905,25.357142857142854,0.11904761904761905,-0.06948804694045259,0.8864818740971201,-0.0958570283927447,0.8477183152944254,2.5348329760623827,0.4786867219920623,1.0,-80.51990384990555
S11_C6_PRIMARY,primary,0.11,6.0,MEMORY_ONLY,TOUCH_NEXT_OPEN,VOL_FLOOR_0.75,0.75,3.0,840,12.619047619047619,60.0,27.380952380952383,0.11904761904761905,-0.044700043262305825,0.9277132461867874,-0.07106902471459796,0.8882401703880397,2.5348329760623827,0.4786867219920623,1.0,-59.69798076026228
S11_C6_PRIMARY,primary,0.11,6.0,MEMORY_ONLY,TOUCH_NEXT_OPEN,VOL_FLOOR_1.00,1.0,0.5,840,60.476190476190474,35.23809523809524,4.285714285714286,0.0,-0.06359908779001114,0.8269683675288051,-0.08580650726542881,0.7719692845669792,2.9973176041023377,0.4786867219920623,1.0,-72.0774661029602
S11_C6_PRIMARY,primary,0.11,6.0,MEMORY_ONLY,TOUCH_NEXT_OPEN,VOL_FLOOR_1.00,1.0,1.0,840,39.76190476190476,47.26190476190476,12.976190476190478,0.11904761904761905,-0.06704896220444144,0.8641109404975311,-0.08925638167985912,0.8233545727195067,2.9973176041023377,0.4786867219920623,1.0,-74.97536061108167
S11_C6_PRIMARY,primary,0.11,6.0,MEMORY_ONLY,TOUCH_NEXT_OPEN,VOL_FLOOR_1.00,1.0,1.5,840,27.857142857142858,50.476190476190474,21.666666666666668,0.11904761904761905,-0.033141538595225256,0.9373840753356201,-0.055348958070642953,0.8979080448454005,2.9973176041023377,0.4786867219920623,1.0,-46.49312477934008
S11_C6_PRIMARY,primary,0.11,6.0,MEMORY_ONLY,TOUCH_NEXT_OPEN,VOL_FLOOR_1.00,1.0,2.0,840,18.333333333333332,52.023809523809526,29.642857142857142,0.11904761904761905,-0.025436855440502375,0.9533810278862958,-0.04764427491592008,0.9147759637563092,2.9973176041023377,0.4786867219920623,1.0,-40.02119092937287
S11_C6_PRIMARY,primary,0.11,6.0,MEMORY_ONLY,TOUCH_NEXT_OPEN,VOL_FLOOR_1.00,1.0,2.5,840,14.047619047619047,52.85714285714286,33.095238095238095,0.11904761904761905,-0.016218502083061873,0.9707582503465229,-0.03842592155847958,0.9323832974757214,2.9973176041023377,0.4786867219920623,1.0,-32.277774109122845
S11_C6_PRIMARY,primary,0.11,6.0,MEMORY_ONLY,TOUCH_NEXT_OPEN,VOL_FLOOR_1.00,1.0,3.0,840,9.642857142857144,53.214285714285715,37.142857142857146,0.11904761904761905,-0.009298776874683069,0.9833571722479413,-0.03150619635010079,0.9449708764366574,2.9973176041023377,0.4786867219920623,1.0,-26.46520493408466
S11_C6_PRIMARY,primary,0.11,6.0,OBJECTIVE_LIQUIDITY_ONLY,ACCEPTANCE_RETEST,STRUCTURAL,,0.5,49,63.26530612244898,36.734693877551024,0.0,18.367346938775512,-0.05102040816325915,0.8611111111111279,-0.07878899077898767,0.7917292162467597,2.2046798383128134,0.844496523892758,7.0,-3.8606605481703955
S11_C6_PRIMARY,primary,0.11,6.0,OBJECTIVE_LIQUIDITY_ONLY,ACCEPTANCE_RETEST,STRUCTURAL,,1.0,49,51.02040816326531,40.816326530612244,8.16326530612245,18.367346938775512,0.126252805095059,1.3093193724828947,0.09848422247933052,1.234383976602504,2.2046798383128134,0.844496523892758,7.0,4.8257269014871955
S11_C6_PRIMARY,primary,0.11,6.0,OBJECTIVE_LIQUIDITY_ONLY,ACCEPTANCE_RETEST,STRUCTURAL,,1.5,49,36.734693877551024,48.97959183673469,14.285714285714285,18.367346938775512,0.1446642361730217,1.2953561488532526,0.11689565355729324,1.2317814222082029,2.2046798383128134,0.844496523892758,7.0,5.7278870243073685
S11_C6_PRIMARY,primary,0.11,6.0,OBJECTIVE_LIQUIDITY_ONLY,ACCEPTANCE_RETEST,STRUCTURAL,,2.0,49,30.612244897959183,55.10204081632652,14.285714285714285,18.367346938775512,0.1446642361730278,1.26253879898068,0.1168956535572993,1.205619771874368,2.2046798383128134,0.844496523892758,7.0,5.727887024307666
S11_C6_PRIMARY,primary,0.11,6.0,OBJECTIVE_LIQUIDITY_ONLY,ACCEPTANCE_RETEST,STRUCTURAL,,2.5,49,26.53061224489796,57.14285714285714,16.3265306122449,18.367346938775512,0.1753819764175361,1.3069184587306881,0.14761339380180763,1.250286070702469,2.2046798383128134,0.844496523892758,7.0,7.2330562962885745
S11_C6_PRIMARY,primary,0.11,6.0,OBJECTIVE_LIQUIDITY_ONLY,ACCEPTANCE_RETEST,STRUCTURAL,,3.0,49,22.448979591836736,59.183673469387756,18.367346938775512,18.367346938775512,0.21355075147638752,1.3608271318049305,0.18578216886065904,1.3041914775583312,2.2046798383128134,0.844496523892758,7.0,9.103326274172293
S11_C6_PRIMARY,primary,0.11,6.0,OBJECTIVE_LIQUIDITY_ONLY,CLEAN_REJECTION,STRUCTURAL,,0.5,1520,65.72368421052632,26.25,8.026315789473685,0.06578947368421052,0.05459829390341839,1.1961315964033508,0.03201731651108747,1.112202846173745,2.735546555133851,0.8794999999997799,1.0,48.666321096852954
S11_C6_PRIMARY,primary,0.11,6.0,OBJECTIVE_LIQUIDITY_ONLY,CLEAN_REJECTION,STRUCTURAL,,1.0,1520,41.8421052631579,38.81578947368421,19.342105263157894,0.06578947368421052,0.03490288704773038,1.0834388658747496,0.012321909655399468,1.028711687801257,2.735546555133851,0.8794999999997799,1.0,18.72930267620719
S11_C6_PRIMARY,primary,0.11,6.0,OBJECTIVE_LIQUIDITY_ONLY,CLEAN_REJECTION,STRUCTURAL,,1.5,1520,27.960526315789476,43.94736842105263,28.092105263157897,0.0,0.03624604658245629,1.0767608874404553,0.013665069190125383,1.0282031998242809,2.735546555133851,0.8794999999997799,1.0,20.77090516899058
S11_C6_PRIMARY,primary,0.11,6.0,OBJECTIVE_LIQUIDITY_ONLY,CLEAN_REJECTION,STRUCTURAL,,2.0,1520,20.065789473684212,46.31578947368421,33.61842105263158,0.0,0.04534949547511831,1.0912461536014457,0.022768518082787403,1.0446364527615444,2.735546555133851,0.8794999999997799,1.0,34.60814748583685
S11_C6_PRIMARY,primary,0.11,6.0,OBJECTIVE_LIQUIDITY_ONLY,CLEAN_REJECTION,STRUCTURAL,,2.5,1520,13.552631578947368,47.828947368421055,38.61842105263158,0.0,0.026692114795548127,1.052066384585459,0.004111137403217215,1.0078128519453076,2.735546555133851,0.8794999999997799,1.0,6.248928852890167
S11_C6_PRIMARY,primary,0.11,6.0,OBJECTIVE_LIQUIDITY_ONLY,CLEAN_REJECTION,STRUCTURAL,,3.0,1520,9.736842105263158,48.48684210526316,41.776315789473685,0.0,0.02893635612523461,1.0557288911672704,0.006355378732903689,1.0119248607015483,2.735546555133851,0.8794999999997799,1.0,9.660175674013608
S11_C6_PRIMARY,primary,0.11,6.0,OBJECTIVE_LIQUIDITY_ONLY,FAILED_AUCTION,STRUCTURAL,,0.5,366,64.48087431693989,31.967213114754102,3.551912568306011,0.0,-0.005369776750241255,0.9836913093457664,-0.02305400491469193,0.9313222879880414,3.6785870620134347,1.0115000000000691,5.0,-8.437765798777246
S11_C6_PRIMARY,primary,0.11,6.0,OBJECTIVE_LIQUIDITY_ONLY,FAILED_AUCTION,STRUCTURAL,,1.0,366,44.53551912568306,43.169398907103826,12.295081967213115,0.0,0.017765770064575706,1.0395622783810932,8.154190012503532e-05,1.0001780511361908,3.6785870620134347,1.0115000000000691,5.0,0.029844335445762926
S11_C6_PRIMARY,primary,0.11,6.0,OBJECTIVE_LIQUIDITY_ONLY,FAILED_AUCTION,STRUCTURAL,,1.5,366,33.33333333333333,48.36065573770492,18.30601092896175,0.0,0.04427573374753311,1.0876676549367195,0.02659150558308241,1.0516198170532949,3.6785870620134347,1.0115000000000691,5.0,9.732491043408162
S11_C6_PRIMARY,primary,0.11,6.0,OBJECTIVE_LIQUIDITY_ONLY,FAILED_AUCTION,STRUCTURAL,,2.0,366,24.59016393442623,51.63934426229508,23.770491803278688,0.0,0.05123176406038359,1.09492784867429,0.033547535895932894,1.060925600342297,3.6785870620134347,1.0115000000000691,5.0,12.278398137911438
S11_C6_PRIMARY,primary,0.11,6.0,OBJECTIVE_LIQUIDITY_ONLY,FAILED_AUCTION,STRUCTURAL,,2.5,366,18.30601092896175,53.00546448087432,28.688524590163933,0.0,0.049018907082627974,1.0879666692822647,0.031334678918177296,1.0551020519698548,3.6785870620134347,1.0115000000000691,5.0,11.468492484052891
S11_C6_PRIMARY,primary,0.11,6.0,OBJECTIVE_LIQUIDITY_ONLY,FAILED_AUCTION,STRUCTURAL,,3.0,366,13.114754098360656,54.09836065573771,32.78688524590164,0.0,0.0420751558350992,1.074053416081367,0.024390927670648502,1.0420678215572077,3.6785870620134347,1.0115000000000691,5.0,8.927079527457352
S11_C6_PRIMARY,primary,0.11,6.0,OBJECTIVE_LIQUIDITY_ONLY,PASSIVE_TOUCH,STRUCTURAL,,0.5,1173,55.24296675191815,44.586530264279624,0.17050298380221654,26.854219948849106,-0.21552031505974698,0.5617146433863547,-0.2654077824427352,0.4838705251881406,1.2296624761584098,0.4939999999999145,1.0,-311.3233288053284
S11_C6_PRIMARY,primary,0.11,6.0,OBJECTIVE_LIQUIDITY_ONLY,PASSIVE_TOUCH,STRUCTURAL,,1.0,1173,44.84228473998295,54.390451832907075,0.7672634271099744,25.234441602728047,-0.14018233073256106,0.7625098688034992,-0.19006979811554936,0.6922195265659372,1.2296624761584098,0.4939999999999145,1.0,-222.95187318953938
S11_C6_PRIMARY,primary,0.11,6.0,OBJECTIVE_LIQUIDITY_ONLY,PASSIVE_TOUCH,STRUCTURAL,,1.5,1173,37.084398976982094,61.125319693094625,1.7902813299232736,24.55242966751918,-0.09372632098893084,0.8576319443976029,-0.14361378837191913,0.7915932468162339,1.2296624761584098,0.4939999999999145,1.0,-168.45897376026113
S11_C6_PRIMARY,primary,0.11,6.0,OBJECTIVE_LIQUIDITY_ONLY,PASSIVE_TOUCH,STRUCTURAL,,2.0,1173,31.54305200341006,66.06990622335891,2.3870417732310316,24.296675191815854,-0.06421714265669179,0.9093307941572751,-0.11410461003968007,0.8461574479937558,1.2296624761584098,0.4939999999999145,1.0,-133.84470757654472
S11_C6_PRIMARY,primary,0.11,6.0,OBJECTIVE_LIQUIDITY_ONLY,PASSIVE_TOUCH,STRUCTURAL,,2.5,1173,26.768968456947995,69.9914748508099,3.239556692242114,24.21142369991475,-0.05617333922925501,0.924882215052497,-0.10606080661224329,0.8646171926381417,1.2296624761584098,0.4939999999999145,1.0,-124.40932615616138
S11_C6_PRIMARY,primary,0.11,6.0,OBJECTIVE_LIQUIDITY_ONLY,PASSIVE_TOUCH,STRUCTURAL,,3.0,1173,22.847399829497018,72.46376811594203,4.6888320545609545,24.04092071611253,-0.043562272201554175,0.9436192940031171,-0.09344973958454245,0.8845586956020635,1.2296624761584098,0.4939999999999145,1.0,-109.61654453266829
S11_C6_PRIMARY,primary,0.11,6.0,OBJECTIVE_LIQUIDITY_ONLY,RECLAIM_PULLBACK,STRUCTURAL,,0.5,1413,64.82661004954,30.85633404104742,4.3170559094125975,2.264685067232838,0.00921690610653512,1.0290509359393847,-0.017488632277696144,0.9463848861409684,2.252225076947525,0.7679999999998017,3.0,-24.711437408384654
S11_C6_PRIMARY,primary,0.11,6.0,OBJECTIVE_LIQUIDITY_ONLY,RECLAIM_PULLBACK,STRUCTURAL,,1.0,1413,46.28450106157113,42.32130219391366,11.394196744515215,2.0523708421797595,0.04561234833155563,1.1039883568858988,0.018906809947324358,1.0418877925173744,2.252225076947525,0.7679999999998017,3.0,26.715322455569318
S11_C6_PRIMARY,primary,0.11,6.0,OBJECTIVE_LIQUIDITY_ONLY,RECLAIM_PULLBACK,STRUCTURAL,,1.5,1413,33.82873319179052,48.76150035385704,17.40976645435244,1.9815994338287333,0.05998296899776635,1.1188380943079725,0.033277430613535094,1.0640341407163458,2.252225076947525,0.7679999999998017,3.0,47.021009456925086
S11_C6_PRIMARY,primary,0.11,6.0,OBJECTIVE_LIQUIDITY_ONLY,RECLAIM_PULLBACK,STRUCTURAL,,2.0,1413,23.849964614295825,52.724699221514506,23.425336164189666,1.9815994338287333,0.03776827978758571,1.0691245468772597,0.011062741403354427,1.0196596011190115,2.252225076947525,0.7679999999998017,3.0,15.631653602939807
S11_C6_PRIMARY,primary,0.11,6.0,OBJECTIVE_LIQUIDITY_ONLY,RECLAIM_PULLBACK,STRUCTURAL,,2.5,1413,17.763623496107574,54.70629865534325,27.530077848549183,1.9815994338287333,0.03287584090791801,1.0579434172668083,0.0061703025236867414,1.0105571945208902,2.252225076947525,0.7679999999998017,3.0,8.718637465969366
S11_C6_PRIMARY,primary,0.11,6.0,OBJECTIVE_LIQUIDITY_ONLY,RECLAIM_PULLBACK,STRUCTURAL,,3.0,1413,13.729653220099081,55.48478414720452,30.78556263269639,1.9815994338287333,0.04861572179655642,1.0844800194030169,0.02191018341232515,1.036958809025579,2.252225076947525,0.7679999999998017,3.0,30.959089161615434
S11_C6_PRIMARY,primary,0.11,6.0,OBJECTIVE_LIQUIDITY_ONLY,TOUCH_NEXT_OPEN,VOL_FLOOR_0.25,0.25,0.5,2057,67.37967914438502,26.932425862907145,5.687894992707827,1.2639766650461837,0.05957596253721807,1.2122006303575592,0.03056055434936591,1.1055550986165121,2.3123335043433144,0.2656376742030566,1.0,62.86306029664568
S11_C6_PRIMARY,primary,0.11,6.0,OBJECTIVE_LIQUIDITY_ONLY,TOUCH_NEXT_OPEN,VOL_FLOOR_0.25,0.25,1.0,2057,46.71852211959164,40.00972289742343,13.271754982984929,0.7292173067574137,0.07050288995863732,1.167984385815504,0.04148748177078516,1.0958134889675561,2.3123335043433144,0.2656376742030566,1.0,85.33975000250507
S11_C6_PRIMARY,primary,0.11,6.0,OBJECTIVE_LIQUIDITY_ONLY,TOUCH_NEXT_OPEN,VOL_FLOOR_0.25,0.25,1.5,2057,33.98152649489548,46.08653378706855,19.931939718035974,0.4375303840544483,0.08959053508509067,1.1856166530773087,0.0605751268972385,1.1216245339236712,2.3123335043433144,0.2656376742030566,1.0,124.6030360276196
S11_C6_PRIMARY,primary,0.11,6.0,OBJECTIVE_LIQUIDITY_ONLY,TOUCH_NEXT_OPEN,VOL_FLOOR_0.25,0.25,2.0,2057,26.00875060768109,49.39231891103549,24.598930481283425,0.2916869227029655,0.10775494608070098,1.2080456752438744,0.07873953789284881,1.1472428665280456,2.3123335043433144,0.2656376742030566,1.0,161.96722944559
S11_C6_PRIMARY,primary,0.11,6.0,OBJECTIVE_LIQUIDITY_ONLY,TOUCH_NEXT_OPEN,VOL_FLOOR_0.25,0.25,2.5,2057,19.494409333981526,51.53135634419057,28.974234321827907,0.2916869227029655,0.10764502631700465,1.1992597878081583,0.07862961812915249,1.1409282869205764,2.3123335043433144,0.2656376742030566,1.0,161.74112449166668
S11_C6_PRIMARY,primary,0.11,6.0,OBJECTIVE_LIQUIDITY_ONLY,TOUCH_NEXT_OPEN,VOL_FLOOR_0.25,0.25,3.0,2057,14.292659212445308,53.42732134175985,32.28001944579484,0.14584346135148274,0.08307414407810573,1.148545946451715,0.054058735890253576,1.0935759885726262,2.3123335043433144,0.2656376742030566,1.0,111.1988197262516
S11_C6_PRIMARY,primary,0.11,6.0,OBJECTIVE_LIQUIDITY_ONLY,TOUCH_NEXT_OPEN,VOL_FLOOR_0.50,0.5,0.5,2057,67.28245017015071,27.02965483714147,5.687894992707827,0.3403014098201264,0.05809244959574191,1.2061841161087183,0.032428258106088896,1.112034701428495,2.5265000000003965,0.5312753484061132,1.0,66.70492692422486
S11_C6_PRIMARY,primary,0.11,6.0,OBJECTIVE_LIQUIDITY_ONLY,TOUCH_NEXT_OPEN,VOL_FLOOR_0.50,0.5,1.0,2057,46.96159455517744,39.76665046183763,13.271754982984929,0.14584346135148274,0.07533926034239172,1.1805426508006678,0.049675068852738695,1.1158011144542126,2.5265000000003965,0.5312753484061132,1.0,102.1816166300835
S11_C6_PRIMARY,primary,0.11,6.0,OBJECTIVE_LIQUIDITY_ONLY,TOUCH_NEXT_OPEN,VOL_FLOOR_0.50,0.5,1.5,2057,33.835683033543994,45.89207583859991,20.2722411278561,0.04861448711716091,0.08989799106494877,1.1867037053686762,0.06423379957529575,1.1297337236587086,2.5265000000003965,0.5312753484061132,1.0,132.12892572638336
S11_C6_PRIMARY,primary,0.11,6.0,OBJECTIVE_LIQUIDITY_ONLY,TOUCH_NEXT_OPEN,VOL_FLOOR_0.50,0.5,2.0,2057,25.182304326689355,49.48954788526981,25.328147788040834,0.0,0.09491354673485501,1.1826224355097117,0.069249355245202,1.1295266125357115,2.5265000000003965,0.5312753484061132,1.0,142.4459237393805
S11_C6_PRIMARY,primary,0.11,6.0,OBJECTIVE_LIQUIDITY_ONLY,TOUCH_NEXT_OPEN,VOL_FLOOR_0.50,0.5,2.5,2057,18.08458920758386,51.62858531842489,30.286825473991247,0.0,0.08119361928546602,1.149762288390067,0.055529427795813,1.0995334345383374,2.5265000000003965,0.5312753484061132,1.0,114.22403297598734
S11_C6_PRIMARY,primary,0.11,6.0,OBJECTIVE_LIQUIDITY_ONLY,TOUCH_NEXT_OPEN,VOL_FLOOR_0.50,0.5,3.0,2057,12.445308701993193,53.087019931939714,34.46767136606709,0.0,0.053160907194818044,1.0954659421880952,0.027496715705165046,1.0479827334464302,2.5265000000003965,0.5312753484061132,1.0,56.5607442055245
S11_C6_PRIMARY,primary,0.11,6.0,OBJECTIVE_LIQUIDITY_ONLY,TOUCH_NEXT_OPEN,VOL_FLOOR_0.75,0.75,0.5,2057,67.08799222168206,27.02965483714147,5.88235294117647,0.24307243558580457,0.056180953407854915,1.1987149222981712,0.03390971749056816,1.117124973979991,2.9537255503160127,0.6250018590277913,1.0,69.75228887809871
S11_C6_PRIMARY,primary,0.11,6.0,OBJECTIVE_LIQUIDITY_ONLY,TOUCH_NEXT_OPEN,VOL_FLOOR_0.75,0.75,1.0,2057,46.66990763247448,38.64851725814293,14.681575109382598,0.09722897423432182,0.08297420549362552,1.2028874197241057,0.06070296957633876,1.1448281757070997,2.9537255503160127,0.6250018590277913,1.0,124.86600841852882
S11_C6_PRIMARY,primary,0.11,6.0,OBJECTIVE_LIQUIDITY_ONLY,TOUCH_NEXT_OPEN,VOL_FLOOR_0.75,0.75,1.5,2057,31.79387457462324,44.62809917355372,23.578026251823044,0.0,0.08022414495269627,1.1696906803602394,0.05795290903540952,1.1195729980181992,2.9537255503160127,0.6250018590277913,1.0,119.20913388583737
S11_C6_PRIMARY,primary,0.11,6.0,OBJECTIVE_LIQUIDITY_ONLY,TOUCH_NEXT_OPEN,VOL_FLOOR_0.75,0.75,2.0,2057,22.022362664073896,47.39912493923189,30.57851239669421,0.0,0.07970701309376237,1.1585855855539056,0.057435777176475626,1.111448868940476,2.9537255503160127,0.6250018590277913,1.0,118.14539365201037
S11_C6_PRIMARY,primary,0.11,6.0,OBJECTIVE_LIQUIDITY_ONLY,TOUCH_NEXT_OPEN,VOL_FLOOR_0.75,0.75,2.5,2057,15.167719980554207,48.95478852698104,35.877491492464756,0.0,0.06727889538972355,1.1295860583117505,0.04500765947243679,1.0845192195921143,2.9537255503160127,0.6250018590277913,1.0,92.58075553480248
S11_C6_PRIMARY,primary,0.11,6.0,OBJECTIVE_LIQUIDITY_ONLY,TOUCH_NEXT_OPEN,VOL_FLOOR_0.75,0.75,3.0,2057,9.965969859017987,49.68400583373845,40.35002430724356,0.0,0.05358961763245392,1.1017756120290731,0.03131838171516717,1.0579921152138925,2.9537255503160127,0.6250018590277913,1.0,64.42191118809886
S11_C6_PRIMARY,primary,0.11,6.0,OBJECTIVE_LIQUIDITY_ONLY,TOUCH_NEXT_OPEN,VOL_FLOOR_1.00,1.0,0.5,2057,66.50461837627613,26.34905201750122,7.146329606222654,0.04861448711716091,0.05691035537601219,1.2036536039272214,0.03769910541275716,1.1320821346765184,3.5341936014305038,0.8333358120370551,1.0,77.54705983404148
S11_C6_PRIMARY,primary,0.11,6.0,OBJECTIVE_LIQUIDITY_ONLY,TOUCH_NEXT_OPEN,VOL_FLOOR_1.00,1.0,1.0,2057,42.92659212445309,37.82207097715119,19.25133689839572,0.04861448711716091,0.0596722322683107,1.1467568060005604,0.04046098230505566,1.0973476978235426,3.5341936014305038,0.8333358120370551,1.0,83.2282406014995
S11_C6_PRIMARY,primary,0.11,6.0,OBJECTIVE_LIQUIDITY_ONLY,TOUCH_NEXT_OPEN,VOL_FLOOR_1.00,1.0,1.5,2057,27.27272727272727,41.857073407875546,30.87019931939718,0.0,0.061928102553693895,1.1372005716605809,0.04271685259043885,1.0925665493423922,3.5341936014305038,0.8333358120370551,1.0,87.86856577853271
S11_C6_PRIMARY,primary,0.11,6.0,OBJECTIVE_LIQUIDITY_ONLY,TOUCH_NEXT_OPEN,VOL_FLOOR_1.00,1.0,2.0,2057,17.30675741370929,43.75303840544482,38.940204180845896,0.0,0.057377715786811535,1.121449669055493,0.03816646582355649,1.0789971013201487,3.5341936014305038,0.8333358120370551,1.0,78.5084201990557
S11_C6_PRIMARY,primary,0.11,6.0,OBJECTIVE_LIQUIDITY_ONLY,TOUCH_NEXT_OPEN,VOL_FLOOR_1.00,1.0,2.5,2057,10.792416140009722,44.773942634905204,44.433641225085076,0.0,0.0409186344186145,1.084699141112128,0.021707384455359465,1.0439334507769338,3.5341936014305038,0.8333358120370551,1.0,44.65208982467442
S11_C6_PRIMARY,primary,0.11,6.0,OBJECTIVE_LIQUIDITY_ONLY,TOUCH_NEXT_OPEN,VOL_FLOOR_1.00,1.0,3.0,2057,6.417112299465241,45.30870199319397,48.27418570734079,0.0,0.025638363227409828,1.0524546644602149,0.006427113264154786,1.0128566041670908,3.5341936014305038,0.8333358120370551,1.0,13.220571984366394
S12_C6,sensitivity,0.12,6.0,DISPLACEMENT_ORIGIN_ONLY,ACCEPTANCE_RETEST,STRUCTURAL,,0.5,19,52.63157894736842,47.368421052631575,0.0,31.57894736842105,-0.21052631578948547,0.5555555555555307,-0.2902887947191444,0.4528392223784649,1.394234325660591,0.2776110236218301,7.0,-5.515487099663744
S12_C6,sensitivity,0.12,6.0,DISPLACEMENT_ORIGIN_ONLY,ACCEPTANCE_RETEST,STRUCTURAL,,1.0,19,42.10526315789473,57.89473684210527,0.0,31.57894736842105,-0.15789473684210525,0.7272727272727273,-0.23765721577176424,0.6293877086852141,1.394234325660591,0.2776110236218301,7.0,-4.51548709966352
S12_C6,sensitivity,0.12,6.0,DISPLACEMENT_ORIGIN_ONLY,ACCEPTANCE_RETEST,STRUCTURAL,,1.5,19,42.10526315789473,57.89473684210527,0.0,31.57894736842105,0.05263157894737675,1.0909090909091053,-0.027130899982282235,0.9576909753183241,1.394234325660591,0.2776110236218301,7.0,-0.5154870996633625
S12_C6,sensitivity,0.12,6.0,DISPLACEMENT_ORIGIN_ONLY,ACCEPTANCE_RETEST,STRUCTURAL,,2.0,19,26.31578947368421,73.68421052631578,0.0,26.31578947368421,-0.21052631578947367,0.7142857142857143,-0.29028879471913266,0.6388072756345453,1.394234325660591,0.2776110236218301,7.0,-5.51548709966352
S12_C6,sensitivity,0.12,6.0,DISPLACEMENT_ORIGIN_ONLY,ACCEPTANCE_RETEST,STRUCTURAL,,2.5,19,10.526315789473683,89.47368421052632,0.0,26.31578947368421,-0.6315789473684168,0.2941176470588283,-0.7113414262980757,0.2667287407760109,1.394234325660591,0.2776110236218301,7.0,-13.515487099663439
S12_C6,sensitivity,0.12,6.0,DISPLACEMENT_ORIGIN_ONLY,ACCEPTANCE_RETEST,STRUCTURAL,,3.0,19,10.526315789473683,89.47368421052632,0.0,26.31578947368421,-0.5789473684210527,0.35294117647058826,-0.6587098473507116,0.32098289039095074,1.394234325660591,0.2776110236218301,7.0,-12.51548709966352
S12_C6,sensitivity,0.12,6.0,DISPLACEMENT_ORIGIN_ONLY,CLEAN_REJECTION,STRUCTURAL,,0.5,866,59.122401847575055,24.59584295612009,16.28175519630485,0.0,0.022318002283085215,1.0795731669219093,0.0047205433579522,1.0164812818925522,4.284211519954965,0.49499999999989086,1.0,4.087990547986605
S12_C6,sensitivity,0.12,6.0,DISPLACEMENT_ORIGIN_ONLY,CLEAN_REJECTION,STRUCTURAL,,1.0,866,36.60508083140878,34.06466512702079,29.330254041570434,0.0,0.020407856623982493,1.0528218297203213,0.002810397698849477,1.0071214227139969,4.284211519954965,0.49499999999989086,1.0,2.433804407203647
S12_C6,sensitivity,0.12,6.0,DISPLACEMENT_ORIGIN_ONLY,CLEAN_REJECTION,STRUCTURAL,,1.5,866,23.787528868360276,38.33718244803695,37.87528868360277,0.0,0.00844559762149815,1.0195071754021205,-0.009151861303634847,0.9793212612336784,4.284211519954965,0.49499999999989086,1.0,-7.925511888947778
S12_C6,sensitivity,0.12,6.0,DISPLACEMENT_ORIGIN_ONLY,CLEAN_REJECTION,STRUCTURAL,,2.0,866,16.28175519630485,40.300230946882216,43.418013856812934,0.0,0.0060290320003258705,1.0132856459269792,-0.01156842692480714,0.9750735280457037,4.284211519954965,0.49499999999989086,1.0,-10.018257716882983
S12_C6,sensitivity,0.12,6.0,DISPLACEMENT_ORIGIN_ONLY,CLEAN_REJECTION,STRUCTURAL,,2.5,866,12.009237875288683,40.877598152424945,47.11316397228637,0.0,0.021797556571062318,1.0472884634073425,0.00420009764592931,1.0089061820737526,4.284211519954965,0.49499999999989086,1.0,3.6372845613747824
S12_C6,sensitivity,0.12,6.0,DISPLACEMENT_ORIGIN_ONLY,CLEAN_REJECTION,STRUCTURAL,,3.0,866,9.122401847575059,41.570438799076214,49.30715935334873,0.0,0.026399473607114123,1.0564015809807403,0.008802014681981121,1.018377406312187,4.284211519954965,0.49499999999989086,1.0,7.6225447145956515
S12_C6,sensitivity,0.12,6.0,DISPLACEMENT_ORIGIN_ONLY,FAILED_AUCTION,STRUCTURAL,,0.5,191,62.30366492146597,37.17277486910995,0.5235602094240838,0.0,-0.06394075336610956,0.8296998072034013,-0.09837772469219584,0.7473303087048903,2.111424096621704,0.47349999999983083,3.0,-18.790145416209405
S12_C6,sensitivity,0.12,6.0,DISPLACEMENT_ORIGIN_ONLY,FAILED_AUCTION,STRUCTURAL,,1.0,191,49.21465968586388,48.167539267015705,2.6178010471204187,0.0,0.00014924174800292494,1.0003021721459804,-0.034287729578083355,0.9330158178268968,2.111424096621704,0.47349999999983083,3.0,-6.548956349413921
S12_C6,sensitivity,0.12,6.0,DISPLACEMENT_ORIGIN_ONLY,FAILED_AUCTION,STRUCTURAL,,1.5,191,36.64921465968586,56.54450261780105,6.806282722513089,0.0,0.003471177702662698,1.0059985478727955,-0.030965793623423592,0.948305133731027,2.111424096621704,0.47349999999983083,3.0,-5.914466582073906
S12_C6,sensitivity,0.12,6.0,DISPLACEMENT_ORIGIN_ONLY,FAILED_AUCTION,STRUCTURAL,,2.0,191,27.225130890052355,61.78010471204188,10.99476439790576,0.0,-0.010325411304264915,0.9836370983077362,-0.044762382630351163,0.9314436136650012,2.111424096621704,0.47349999999983083,3.0,-8.549615082397072
S12_C6,sensitivity,0.12,6.0,DISPLACEMENT_ORIGIN_ONLY,FAILED_AUCTION,STRUCTURAL,,2.5,191,25.13089005235602,62.30366492146597,12.56544502617801,0.0,0.08908301490251752,1.1400101125687434,0.05464604357643124,1.083015965061606,2.111424096621704,0.47349999999983083,3.0,10.437394323098367
S12_C6,sensitivity,0.12,6.0,DISPLACEMENT_ORIGIN_ONLY,FAILED_AUCTION,STRUCTURAL,,3.0,191,21.98952879581152,63.35078534031413,14.659685863874344,0.0,0.14108733706394122,1.2181540872434236,0.10665036573785493,1.1593421302150175,2.111424096621704,0.47349999999983083,3.0,20.37021985593029
S12_C6,sensitivity,0.12,6.0,DISPLACEMENT_ORIGIN_ONLY,PASSIVE_TOUCH,STRUCTURAL,,0.5,474,56.9620253164557,43.037974683544306,0.0,24.261603375527425,-0.14739214295039688,0.6589741578410327,-0.21646921252636167,0.5342551301094887,1.1268554850975079,0.24925000000007458,3.0,-102.60640673749543
S12_C6,sensitivity,0.12,6.0,DISPLACEMENT_ORIGIN_ONLY,PASSIVE_TOUCH,STRUCTURAL,,1.0,474,47.67932489451477,52.320675105485236,0.0,21.308016877637133,-0.04823602480693497,0.9081269803067935,-0.11731309438289979,0.7917089863797797,1.1268554850975079,0.24925000000007458,3.0,-55.6064067374945
S12_C6,sensitivity,0.12,6.0,DISPLACEMENT_ORIGIN_ONLY,PASSIVE_TOUCH,STRUCTURAL,,1.5,474,39.87341772151899,58.22784810126582,1.89873417721519,20.464135021097047,0.0248147249094632,1.042404755527707,-0.04426234466650163,0.9293604612017544,1.1268554850975079,0.24925000000007458,3.0,-20.98035137192177
S12_C6,sensitivity,0.12,6.0,DISPLACEMENT_ORIGIN_ONLY,PASSIVE_TOUCH,STRUCTURAL,,2.0,474,32.70042194092827,64.34599156118144,2.9535864978902953,19.62025316455696,0.024340245066715224,1.0375685935423755,-0.04473682450924959,0.9355170396325134,1.1268554850975079,0.24925000000007458,3.0,-21.205254817384304
S12_C6,sensitivity,0.12,6.0,DISPLACEMENT_ORIGIN_ONLY,PASSIVE_TOUCH,STRUCTURAL,,2.5,474,27.848101265822784,67.51054852320675,4.641350210970464,19.40928270042194,0.05234890945292323,1.0770096042229311,-0.01672816012304161,0.9770221008295807,1.1268554850975079,0.24925000000007458,3.0,-7.929147898321723
S12_C6,sensitivity,0.12,6.0,DISPLACEMENT_ORIGIN_ONLY,PASSIVE_TOUCH,STRUCTURAL,,3.0,474,25.105485232067508,69.62025316455697,5.274261603375527,19.198312236286917,0.0944073863042969,1.1346893627535029,0.02533031672833205,1.0337471820603497,1.1268554850975079,0.24925000000007458,3.0,12.006570129229392
S12_C6,sensitivity,0.12,6.0,DISPLACEMENT_ORIGIN_ONLY,RECLAIM_PULLBACK,STRUCTURAL,,0.5,805,58.13664596273293,29.068322981366464,12.79503105590062,2.981366459627329,-0.02175770807804939,0.9315238178782485,-0.04744038236516932,0.8553094969194852,3.29300000000012,0.3265000000001237,3.0,-38.189507803961305
S12_C6,sensitivity,0.12,6.0,DISPLACEMENT_ORIGIN_ONLY,RECLAIM_PULLBACK,STRUCTURAL,,1.0,805,37.142857142857146,40.62111801242236,22.236024844720497,2.857142857142857,-0.03995229077057416,0.9093218003494842,-0.0656349650576941,0.8555737763188793,3.29300000000012,0.3265000000001237,3.0,-52.83614687144375
S12_C6,sensitivity,0.12,6.0,DISPLACEMENT_ORIGIN_ONLY,RECLAIM_PULLBACK,STRUCTURAL,,1.5,805,25.962732919254663,45.714285714285715,28.322981366459626,2.857142857142857,-0.045452847344175484,0.9081847665885115,-0.07113552163129541,0.8607991495620562,3.29300000000012,0.3265000000001237,3.0,-57.26409491319281
S12_C6,sensitivity,0.12,6.0,DISPLACEMENT_ORIGIN_ONLY,RECLAIM_PULLBACK,STRUCTURAL,,2.0,805,18.13664596273292,49.192546583850934,32.67080745341615,2.857142857142857,-0.06344937863295476,0.8804178814837224,-0.08913205292007469,0.8372583498646405,3.29300000000012,0.3265000000001237,3.0,-71.75130260066013
S12_C6,sensitivity,0.12,6.0,DISPLACEMENT_ORIGIN_ONLY,RECLAIM_PULLBACK,STRUCTURAL,,2.5,805,14.409937888198757,50.31055900621118,35.27950310559006,2.857142857142857,-0.04585404667995703,0.9153795989831313,-0.07153672096707697,0.8721246491981341,3.29300000000012,0.3265000000001237,3.0,-57.587060378496965
S12_C6,sensitivity,0.12,6.0,DISPLACEMENT_ORIGIN_ONLY,RECLAIM_PULLBACK,STRUCTURAL,,3.0,805,11.925465838509316,50.683229813664596,37.391304347826086,2.857142857142857,-0.015048425570097617,0.9724188803533708,-0.04073109985721756,0.9277012235749219,3.29300000000012,0.3265000000001237,3.0,-32.788535385060136
S12_C6,sensitivity,0.12,6.0,DISPLACEMENT_ORIGIN_ONLY,TOUCH_NEXT_OPEN,VOL_FLOOR_0.25,0.25,0.5,1091,62.41979835013749,25.664527956003667,11.915673693858846,0.36663611365719523,0.03494322079581508,1.12368052729406,0.009860714147084377,1.0338926934295922,3.506139319837075,0.32080150860164114,1.0,10.758039134469055
S12_C6,sensitivity,0.12,6.0,DISPLACEMENT_ORIGIN_ONLY,TOUCH_NEXT_OPEN,VOL_FLOOR_0.25,0.25,1.0,1091,41.429880843263064,36.84692942254812,21.723189734188818,0.36663611365719523,0.04188458782477601,1.1039668488345298,0.016802081176045307,1.0404756367156764,3.506139319837075,0.32080150860164114,1.0,18.33107056306543
S12_C6,sensitivity,0.12,6.0,DISPLACEMENT_ORIGIN_ONLY,TOUCH_NEXT_OPEN,VOL_FLOOR_0.25,0.25,1.5,1091,28.41429880843263,42.25481209899175,29.330889092575617,0.0,0.03449835972194288,1.074878226063937,0.009415853073212192,1.0198243257723123,3.506139319837075,0.32080150860164114,1.0,10.2726957028745
S12_C6,sensitivity,0.12,6.0,DISPLACEMENT_ORIGIN_ONLY,TOUCH_NEXT_OPEN,VOL_FLOOR_0.25,0.25,2.0,1091,20.439963336388633,45.7378551787351,33.82218148487626,0.0,0.020549229977538403,1.0413859796043,-0.004533276671192304,0.9911471072861341,3.506139319837075,0.32080150860164114,1.0,-4.945804848270804
S12_C6,sensitivity,0.12,6.0,DISPLACEMENT_ORIGIN_ONLY,TOUCH_NEXT_OPEN,VOL_FLOOR_0.25,0.25,2.5,1091,16.315307057745187,46.92942254812099,36.755270394133824,0.0,0.04455910428510644,1.0875523006050116,0.019476597636375735,1.0370908215686083,3.506139319837075,0.32080150860164114,1.0,21.248968021285926
S12_C6,sensitivity,0.12,6.0,DISPLACEMENT_ORIGIN_ONLY,TOUCH_NEXT_OPEN,VOL_FLOOR_0.25,0.25,3.0,1091,12.557286892758937,47.84601283226398,39.59670027497709,0.0,0.05282879671454651,1.1019357422130223,0.027746290065815797,1.0518792678907656,3.506139319837075,0.32080150860164114,1.0,30.271202461805036
S12_C6,sensitivity,0.12,6.0,DISPLACEMENT_ORIGIN_ONLY,TOUCH_NEXT_OPEN,VOL_FLOOR_0.50,0.5,0.5,1091,62.69477543538039,25.389550870760768,11.915673693858846,0.09165902841429881,0.03906787707445552,1.1396386962634184,0.018525332887905258,1.0646210670928367,3.722404864681266,0.3977337349487732,1.0,20.211138180704637
S12_C6,sensitivity,0.12,6.0,DISPLACEMENT_ORIGIN_ONLY,TOUCH_NEXT_OPEN,VOL_FLOOR_0.50,0.5,1.0,1091,40.971585701191565,37.12190650779102,21.906507791017415,0.0,0.0348138332078013,1.0858280791973935,0.014271289021251028,1.0343294328745383,3.722404864681266,0.3977337349487732,1.0,15.569976322184871
S12_C6,sensitivity,0.12,6.0,DISPLACEMENT_ORIGIN_ONLY,TOUCH_NEXT_OPEN,VOL_FLOOR_0.50,0.5,1.5,1091,27.864344637946836,42.25481209899175,29.88084326306141,0.0,0.028429935956056952,1.0616873803732716,0.007887391769506685,1.0166970931937425,3.722404864681266,0.3977337349487732,1.0,8.605144420531794
S12_C6,sensitivity,0.12,6.0,DISPLACEMENT_ORIGIN_ONLY,TOUCH_NEXT_OPEN,VOL_FLOOR_0.50,0.5,2.0,1091,19.798350137488544,45.37121906507791,34.83043079743355,0.0,0.01766834268790953,1.035824042854621,-0.0028742014986407214,0.9943163996273534,3.722404864681266,0.3977337349487732,1.0,-3.1357538350170273
S12_C6,sensitivity,0.12,6.0,DISPLACEMENT_ORIGIN_ONLY,TOUCH_NEXT_OPEN,VOL_FLOOR_0.50,0.5,2.5,1091,15.307057745187901,46.2878093492209,38.4051329055912,0.0,0.04200823964797928,1.0835619477226008,0.021465695461429,1.041634370581949,3.722404864681266,0.3977337349487732,1.0,23.419073748419038
S12_C6,sensitivity,0.12,6.0,DISPLACEMENT_ORIGIN_ONLY,TOUCH_NEXT_OPEN,VOL_FLOOR_0.50,0.5,3.0,1091,10.999083409715857,46.74610449129239,42.25481209899175,0.0,0.04985093690899254,1.0982381361934275,0.029308392722442272,1.056311227980869,3.722404864681266,0.3977337349487732,1.0,31.975456460184517
S12_C6,sensitivity,0.12,6.0,DISPLACEMENT_ORIGIN_ONLY,TOUCH_NEXT_OPEN,VOL_FLOOR_0.75,0.75,0.5,1091,62.51145737855178,25.20623281393217,12.28230980751604,0.0,0.03834871786780243,1.137147894072258,0.021020990328231518,1.0736239631464854,4.218499999999949,0.5779999999997472,1.0,22.933900448100587
S12_C6,sensitivity,0.12,6.0,DISPLACEMENT_ORIGIN_ONLY,TOUCH_NEXT_OPEN,VOL_FLOOR_0.75,0.75,1.0,1091,39.871677360219984,36.38863428047663,23.73968835930339,0.0,0.03129839058851577,1.0779541488326323,0.01397066304894486,1.03407137473397,4.218499999999949,0.5779999999997472,1.0,15.241993386398843
S12_C6,sensitivity,0.12,6.0,DISPLACEMENT_ORIGIN_ONLY,TOUCH_NEXT_OPEN,VOL_FLOOR_0.75,0.75,1.5,1091,25.572868927589365,41.24656278643447,33.18056828597617,0.0,0.009504835669520586,1.0209205114738342,-0.007822891870050343,0.9831472361632358,4.218499999999949,0.5779999999997472,1.0,-8.534775030224925
S12_C6,sensitivity,0.12,6.0,DISPLACEMENT_ORIGIN_ONLY,TOUCH_NEXT_OPEN,VOL_FLOOR_0.75,0.75,2.0,1091,16.590284142988086,42.529789184234644,40.879926672777266,0.0,0.016187899522636398,1.03459648228587,-0.0011398280169345207,0.9976161230632926,4.218499999999949,0.5779999999997472,1.0,-1.243552366475562
S12_C6,sensitivity,0.12,6.0,DISPLACEMENT_ORIGIN_ONLY,TOUCH_NEXT_OPEN,VOL_FLOOR_0.75,0.75,2.5,1091,12.648945921173235,43.07974335472044,44.27131072410632,0.0,0.03537383780170207,1.074693443823327,0.018046110262131158,1.0372856470014662,4.218499999999949,0.5779999999997472,1.0,19.688306295985093
S12_C6,sensitivity,0.12,6.0,DISPLACEMENT_ORIGIN_ONLY,TOUCH_NEXT_OPEN,VOL_FLOOR_0.75,0.75,3.0,1091,8.43263061411549,43.446379468377636,48.120989917506876,0.0,0.03970544511286805,1.0831957514135322,0.02237771757329714,1.0458822016144829,4.218499999999949,0.5779999999997472,1.0,24.41408987246718
S12_C6,sensitivity,0.12,6.0,DISPLACEMENT_ORIGIN_ONLY,TOUCH_NEXT_OPEN,VOL_FLOOR_1.00,1.0,0.5,1091,60.40329972502292,25.756186984417965,13.84051329055912,0.0,0.017878465260684703,1.0617109375969016,0.0029988972768951894,1.010164839092309,4.892462851180439,0.5779999999997472,1.0,3.271796929092652
S12_C6,sensitivity,0.12,6.0,DISPLACEMENT_ORIGIN_ONLY,TOUCH_NEXT_OPEN,VOL_FLOOR_1.00,1.0,1.0,1091,37.48854262144821,34.73877176901925,27.772685609532537,0.0,0.021396931084054667,1.0544611341816714,0.006517363100265154,1.0162821276521514,4.892462851180439,0.5779999999997472,1.0,7.110443142389283
S12_C6,sensitivity,0.12,6.0,DISPLACEMENT_ORIGIN_ONLY,TOUCH_NEXT_OPEN,VOL_FLOOR_1.00,1.0,1.5,1091,21.356553620531624,37.39688359303391,41.24656278643447,0.0,0.009942658854068925,1.023449900182018,-0.004936909129720582,0.9885770170488187,4.892462851180439,0.5779999999997472,1.0,-5.3861678605251555
S12_C6,sensitivity,0.12,6.0,DISPLACEMENT_ORIGIN_ONLY,TOUCH_NEXT_OPEN,VOL_FLOOR_1.00,1.0,2.0,1091,13.290559120073327,38.4967919340055,48.212648945921174,0.0,0.007725869731029399,1.0177327916254666,-0.007153698252760122,0.9838929881219574,4.892462851180439,0.5779999999997472,1.0,-7.804684793761293
S12_C6,sensitivity,0.12,6.0,DISPLACEMENT_ORIGIN_ONLY,TOUCH_NEXT_OPEN,VOL_FLOOR_1.00,1.0,2.5,1091,9.074243813015583,38.5884509624198,52.33730522456462,0.0,0.02404115286698831,1.0550498161078805,0.009161584883198796,1.0205785946762005,4.892462851180439,0.5779999999997472,1.0,9.995289107569887
S12_C6,sensitivity,0.12,6.0,DISPLACEMENT_ORIGIN_ONLY,TOUCH_NEXT_OPEN,VOL_FLOOR_1.00,1.0,3.0,1091,5.957836846929423,38.6801099908341,55.36205316223648,0.0,0.032215119336366796,1.073612196205279,0.01733555135257729,1.0388574298531803,4.892462851180439,0.5779999999997472,1.0,18.913086525661825
S12_C6,sensitivity,0.12,6.0,DOZ_OBJECTIVE_ONLY,CLEAN_REJECTION,STRUCTURAL,,0.5,15,73.33333333333333,13.333333333333334,13.333333333333334,0.0,0.20351084999132843,2.145388580034734,0.18145247402234027,2.002770644485286,3.5589630342144574,1.0806467988284112,1.0,2.721787110335104
S12_C6,sensitivity,0.12,6.0,DOZ_OBJECTIVE_ONLY,CLEAN_REJECTION,STRUCTURAL,,1.0,15,60.0,26.666666666666668,13.333333333333334,0.0,0.3035108499913119,1.9758822051597476,0.28145247402232393,1.881173191435522,3.5589630342144574,1.0806467988284112,1.0,4.2217871103348585
S12_C6,sensitivity,0.12,6.0,DOZ_OBJECTIVE_ONLY,CLEAN_REJECTION,STRUCTURAL,,1.5,15,40.0,33.33333333333333,26.666666666666668,0.0,0.3274638217247908,1.867044002683143,0.30540544575580275,1.7865180455212235,3.5589630342144574,1.0806467988284112,1.0,4.581081686337042
S12_C6,sensitivity,0.12,6.0,DOZ_OBJECTIVE_ONLY,CLEAN_REJECTION,STRUCTURAL,,2.0,15,13.333333333333334,40.0,46.666666666666664,0.0,-0.0023716480935857356,0.9946625987628923,-0.0244300240625739,0.9464272592147972,3.5589630342144574,1.0806467988284112,1.0,-0.3664503609386085
S12_C6,sensitivity,0.12,6.0,DOZ_OBJECTIVE_ONLY,CLEAN_REJECTION,STRUCTURAL,,2.5,15,13.333333333333334,40.0,46.666666666666664,0.0,0.06429501857309121,1.1446961345572289,0.04223664260410304,1.0926209773707636,3.5589630342144574,1.0806467988284112,1.0,0.6335496390615456
S12_C6,sensitivity,0.12,6.0,DOZ_OBJECTIVE_ONLY,CLEAN_REJECTION,STRUCTURAL,,3.0,15,13.333333333333334,40.0,46.666666666666664,0.0,0.1309616852397476,1.2947296703515192,0.10890330927075942,1.238814695526685,3.5589630342144574,1.0806467988284112,1.0,1.6335496390613913
S12_C6,sensitivity,0.12,6.0,DOZ_OBJECTIVE_ONLY,FAILED_AUCTION,STRUCTURAL,,0.5,28,67.85714285714286,32.142857142857146,0.0,0.0,0.017857142857133333,1.055555555555526,-0.0011291186448924553,0.9965595278633997,4.40124443143759,0.8759248924654912,2.0,-0.03161532205698875
S12_C6,sensitivity,0.12,6.0,DOZ_OBJECTIVE_ONLY,FAILED_AUCTION,STRUCTURAL,,1.0,28,46.42857142857143,46.42857142857143,7.142857142857142,0.0,0.051700044771143136,1.1113539425840004,0.03271378326911735,1.0690364278148807,4.40124443143759,0.8759248924654912,2.0,0.9159859315352858
S12_C6,sensitivity,0.12,6.0,DOZ_OBJECTIVE_ONLY,FAILED_AUCTION,STRUCTURAL,,1.5,28,32.142857142857146,53.57142857142857,14.285714285714285,0.0,-0.001496662596503186,0.9972129038540916,-0.020482924098528952,0.9626675749664082,4.40124443143759,0.8759248924654912,2.0,-0.5735218747588107
S12_C6,sensitivity,0.12,6.0,DOZ_OBJECTIVE_ONLY,FAILED_AUCTION,STRUCTURAL,,2.0,28,21.428571428571427,57.14285714285714,21.428571428571427,0.0,0.008342948442234306,1.0145674564809528,-0.010643313059791493,0.9817941930738664,4.40124443143759,0.8759248924654912,2.0,-0.2980127656741618
S12_C6,sensitivity,0.12,6.0,DOZ_OBJECTIVE_ONLY,FAILED_AUCTION,STRUCTURAL,,2.5,28,14.285714285714285,60.71428571428571,25.0,0.0,-0.04350899011891538,0.9284892289858949,-0.06249525162094115,0.8993464983597831,4.40124443143759,0.8759248924654912,2.0,-1.749867045386352
S12_C6,sensitivity,0.12,6.0,DOZ_OBJECTIVE_ONLY,FAILED_AUCTION,STRUCTURAL,,3.0,28,14.285714285714285,60.71428571428571,25.0,0.0,0.02791958130966122,1.0458882355207062,0.008933319807635478,1.0143878118191163,4.40124443143759,0.8759248924654912,2.0,0.25013295461379337
S12_C6,sensitivity,0.12,6.0,DOZ_OBJECTIVE_ONLY,PASSIVE_TOUCH,STRUCTURAL,,0.5,35,22.857142857142858,77.14285714285715,0.0,74.28571428571429,-0.6984404242046282,0.14062020264045058,-0.7812488368322056,0.11305935426151571,0.8573799068744847,0.34750000000008185,0.0,-27.343709289127197
S12_C6,sensitivity,0.12,6.0,DOZ_OBJECTIVE_ONLY,PASSIVE_TOUCH,STRUCTURAL,,1.0,35,20.0,80.0,0.0,74.28571428571429,-0.6412975670617576,0.23772801423698697,-0.7241059796893352,0.20767347310074663,0.8573799068744847,0.34750000000008185,0.0,-25.343709289126732
S12_C6,sensitivity,0.12,6.0,DOZ_OBJECTIVE_ONLY,PASSIVE_TOUCH,STRUCTURAL,,1.5,35,20.0,80.0,0.0,71.42857142857143,-0.5412975670617528,0.3565920213554862,-0.6241059796893305,0.3170948215115449,0.8573799068744847,0.34750000000008185,0.0,-21.843709289126565
S12_C6,sensitivity,0.12,6.0,DOZ_OBJECTIVE_ONLY,PASSIVE_TOUCH,STRUCTURAL,,2.0,35,17.142857142857142,80.0,2.857142857142857,62.857142857142854,-0.507826429424543,0.4030372209228615,-0.5906348420521206,0.36091310813092936,0.8573799068744847,0.34750000000008185,0.0,-20.67221947182422
S12_C6,sensitivity,0.12,6.0,DOZ_OBJECTIVE_ONLY,PASSIVE_TOUCH,STRUCTURAL,,2.5,35,14.285714285714285,82.85714285714286,2.857142857142857,62.857142857142854,-0.5221121437102623,0.4061880305444125,-0.6049205563378397,0.36616707844867624,0.8573799068744847,0.34750000000008185,0.0,-21.172219471824388
S12_C6,sensitivity,0.12,6.0,DOZ_OBJECTIVE_ONLY,PASSIVE_TOUCH,STRUCTURAL,,3.0,35,14.285714285714285,82.85714285714286,2.857142857142857,62.857142857142854,-0.45068357228168593,0.4874256366533016,-0.5334919849092634,0.44100960055587196,0.8573799068744847,0.34750000000008185,0.0,-18.67221947182422
S12_C6,sensitivity,0.12,6.0,DOZ_OBJECTIVE_ONLY,RECLAIM_PULLBACK,STRUCTURAL,,0.5,29,65.51724137931035,34.48275862068966,0.0,6.896551724137931,-0.017241379310340324,0.9500000000000132,-0.04496886394471221,0.8744082965014375,2.592963034214563,0.6389248924654112,3.0,-1.3040970543966541
S12_C6,sensitivity,0.12,6.0,DOZ_OBJECTIVE_ONLY,RECLAIM_PULLBACK,STRUCTURAL,,1.0,29,51.724137931034484,48.275862068965516,0.0,6.896551724137931,0.034482758620689655,1.0714285714285714,0.0067552739863178,1.0135397486217521,2.592963034214563,0.6389248924654112,3.0,0.1959029456032162
S12_C6,sensitivity,0.12,6.0,DOZ_OBJECTIVE_ONLY,RECLAIM_PULLBACK,STRUCTURAL,,1.5,29,44.827586206896555,55.172413793103445,0.0,6.896551724137931,0.12068965517241104,1.2187499999999951,0.0929621705380392,1.1632771905478607,2.592963034214563,0.6389248924654112,3.0,2.6959029456031365
S12_C6,sensitivity,0.12,6.0,DOZ_OBJECTIVE_ONLY,RECLAIM_PULLBACK,STRUCTURAL,,2.0,29,41.37931034482759,58.620689655172406,0.0,6.896551724137931,0.2413793103448276,1.411764705882353,0.21365182571045568,1.353244037143244,2.592963034214563,0.6389248924654112,3.0,6.195902945603215
S12_C6,sensitivity,0.12,6.0,DOZ_OBJECTIVE_ONLY,RECLAIM_PULLBACK,STRUCTURAL,,2.5,29,27.586206896551722,65.51724137931035,6.896551724137931,6.896551724137931,0.17002202761090315,1.259507305300852,0.1422945429765312,1.210690131367384,2.592963034214563,0.6389248924654112,3.0,4.126541746319405
S12_C6,sensitivity,0.12,6.0,DOZ_OBJECTIVE_ONLY,RECLAIM_PULLBACK,STRUCTURAL,,3.0,29,17.24137931034483,72.41379310344827,10.344827586206897,6.896551724137931,0.004325567254080271,1.0059734023984919,-0.023401917380291605,0.9686391114570405,2.592963034214563,0.6389248924654112,3.0,-0.6786556040284566
S12_C6,sensitivity,0.12,6.0,DOZ_OBJECTIVE_ONLY,TOUCH_NEXT_OPEN,VOL_FLOOR_0.25,0.25,0.5,41,68.29268292682927,29.268292682926827,2.4390243902439024,4.878048780487805,0.05409364073035687,1.1848199391620513,0.022690695671099197,1.0750930633596456,2.126499999999851,0.689812231163158,1.0,0.9303185225150671
S12_C6,sensitivity,0.12,6.0,DOZ_OBJECTIVE_ONLY,TOUCH_NEXT_OPEN,VOL_FLOOR_0.25,0.25,1.0,41,51.21951219512195,46.34146341463415,2.4390243902439024,2.4390243902439024,0.05409364073032984,1.1167283826286047,0.022690695671072146,1.0472182070524736,2.126499999999851,0.689812231163158,1.0,0.930318522513958
S12_C6,sensitivity,0.12,6.0,DOZ_OBJECTIVE_ONLY,TOUCH_NEXT_OPEN,VOL_FLOOR_0.25,0.25,1.5,41,39.02439024390244,48.78048780487805,12.195121951219512,0.0,0.1247410331231383,1.2492808089423812,0.09333808806388061,1.1798742477491468,2.126499999999851,0.689812231163158,1.0,3.8268616106191047
S12_C6,sensitivity,0.12,6.0,DOZ_OBJECTIVE_ONLY,TOUCH_NEXT_OPEN,VOL_FLOOR_0.25,0.25,2.0,41,29.268292682926827,51.21951219512195,19.51219512195122,0.0,0.12602073928714452,1.240133764006702,0.09461779422788683,1.1740317072596518,2.126499999999851,0.689812231163158,1.0,3.8793295633433598
S12_C6,sensitivity,0.12,6.0,DOZ_OBJECTIVE_ONLY,TOUCH_NEXT_OPEN,VOL_FLOOR_0.25,0.25,2.5,41,24.390243902439025,56.09756097560976,19.51219512195122,0.0,0.10163049538470682,1.1771879882346246,0.07022755032544913,1.1181616979009148,2.126499999999851,0.689812231163158,1.0,2.879329563343414
S12_C6,sensitivity,0.12,6.0,DOZ_OBJECTIVE_ONLY,TOUCH_NEXT_OPEN,VOL_FLOOR_0.25,0.25,3.0,41,19.51219512195122,60.97560975609756,19.51219512195122,0.0,0.02845976367738933,1.0457291553223538,-0.002943181381868364,0.9954347149586537,2.126499999999851,0.689812231163158,1.0,-0.12067043665660293
S12_C6,sensitivity,0.12,6.0,DOZ_OBJECTIVE_ONLY,TOUCH_NEXT_OPEN,VOL_FLOOR_0.50,0.5,0.5,41,70.73170731707317,26.82926829268293,2.4390243902439024,2.4390243902439024,0.0906790065840057,1.3379853881767507,0.0690128611087099,1.251663758045434,2.9539913340669437,1.2634999999997945,1.0,2.829527305457106
S12_C6,sensitivity,0.12,6.0,DOZ_OBJECTIVE_ONLY,TOUCH_NEXT_OPEN,VOL_FLOOR_0.50,0.5,1.0,41,58.536585365853654,39.02439024390244,2.4390243902439024,0.0,0.2004351041449801,1.5136149543715118,0.17876895866968429,1.4480853367391673,2.9539913340669437,1.2634999999997945,1.0,7.329527305457056
S12_C6,sensitivity,0.12,6.0,DOZ_OBJECTIVE_ONLY,TOUCH_NEXT_OPEN,VOL_FLOOR_0.50,0.5,1.5,41,36.58536585365854,51.21951219512195,12.195121951219512,0.0,0.06376542336704967,1.121505644334629,0.04209927789175389,1.078420883213466,2.9539913340669437,1.2634999999997945,1.0,1.7260703935619095
S12_C6,sensitivity,0.12,6.0,DOZ_OBJECTIVE_ONLY,TOUCH_NEXT_OPEN,VOL_FLOOR_0.50,0.5,2.0,41,29.268292682926827,51.21951219512195,19.51219512195122,0.0,0.12602073928715266,1.2401337640067214,0.10435459381185688,1.1943720227831673,2.9539913340669437,1.2634999999997945,1.0,4.278538346286132
S12_C6,sensitivity,0.12,6.0,DOZ_OBJECTIVE_ONLY,TOUCH_NEXT_OPEN,VOL_FLOOR_0.50,0.5,2.5,41,24.390243902439025,53.65853658536586,21.951219512195124,0.0,0.16605572030444596,1.3023680056391214,0.14438957482915019,1.2570998236529929,2.9539913340669437,1.2634999999997945,1.0,5.919972567995158
S12_C6,sensitivity,0.12,6.0,DOZ_OBJECTIVE_ONLY,TOUCH_NEXT_OPEN,VOL_FLOOR_0.50,0.5,3.0,41,19.51219512195122,58.536585365853654,21.951219512195124,0.0,0.09288498859712829,1.1553352499423708,0.0712188431218325,1.1165189662363186,2.9539913340669437,1.2634999999997945,1.0,2.9199725679951327
S12_C6,sensitivity,0.12,6.0,DOZ_OBJECTIVE_ONLY,TOUCH_NEXT_OPEN,VOL_FLOOR_0.75,0.75,0.5,41,75.60975609756098,21.951219512195124,2.4390243902439024,0.0,0.16384973829132232,1.7464265855493528,0.1471695995110881,1.6596932238666804,4.049099301557866,1.4711386773034536,1.0,6.033953579954612
S12_C6,sensitivity,0.12,6.0,DOZ_OBJECTIVE_ONLY,TOUCH_NEXT_OPEN,VOL_FLOOR_0.75,0.75,1.0,41,53.65853658536586,41.46341463414634,4.878048780487805,0.0,0.10807913615575886,1.2491339494842058,0.09139899737552463,1.2072536195777912,4.049099301557866,1.4711386773034536,1.0,3.74735889239651
S12_C6,sensitivity,0.12,6.0,DOZ_OBJECTIVE_ONLY,TOUCH_NEXT_OPEN,VOL_FLOOR_0.75,0.75,1.5,41,36.58536585365854,43.90243902439025,19.51219512195122,0.0,0.15030967663416958,1.3192586811437088,0.1336295378539353,1.2791107233425414,4.049099301557866,1.4711386773034536,1.0,5.4788110520113475
S12_C6,sensitivity,0.12,6.0,DOZ_OBJECTIVE_ONLY,TOUCH_NEXT_OPEN,VOL_FLOOR_0.75,0.75,2.0,41,24.390243902439025,48.78048780487805,26.82926829268293,0.0,0.06622352913963529,1.1274536996239115,0.04954339035940104,1.09380607844033,4.049099301557866,1.4711386773034536,1.0,2.0312790047354428
S12_C6,sensitivity,0.12,6.0,DOZ_OBJECTIVE_ONLY,TOUCH_NEXT_OPEN,VOL_FLOOR_0.75,0.75,2.5,41,14.634146341463413,48.78048780487805,36.58536585365854,0.0,0.05946693972850452,1.1144499783110142,0.04278680094827026,1.0810130670680396,4.049099301557866,1.4711386773034536,1.0,1.7542588388790807
S12_C6,sensitivity,0.12,6.0,DOZ_OBJECTIVE_ONLY,TOUCH_NEXT_OPEN,VOL_FLOOR_0.75,0.75,3.0,41,4.878048780487805,51.21951219512195,43.90243902439025,0.0,-0.0743538583452048,0.8633148761029038,-0.09103399712543905,0.8354461495662553,4.049099301557866,1.4711386773034536,1.0,-3.7323938821430014
S12_C6,sensitivity,0.12,6.0,DOZ_OBJECTIVE_ONLY,TOUCH_NEXT_OPEN,VOL_FLOOR_1.00,1.0,0.5,41,73.17073170731707,24.390243902439025,2.4390243902439024,0.0,0.12726437243766206,1.5217839269944156,0.11386325144547135,1.4611425444876944,5.2496303421436075,1.803000000000111,1.0,4.668393309264325
S12_C6,sensitivity,0.12,6.0,DOZ_OBJECTIVE_ONLY,TOUCH_NEXT_OPEN,VOL_FLOOR_1.00,1.0,1.0,41,56.09756097560976,36.58536585365854,7.317073170731707,0.0,0.1765421202240728,1.4529663658188634,0.1631409992318821,1.4130083101208974,5.2496303421436075,1.803000000000111,1.0,6.688780968507166
S12_C6,sensitivity,0.12,6.0,DOZ_OBJECTIVE_ONLY,TOUCH_NEXT_OPEN,VOL_FLOOR_1.00,1.0,1.5,41,34.146341463414636,41.46341463414634,24.390243902439025,0.0,0.12406750564484079,1.2744515216035854,0.11066638465265005,1.2414199917312199,5.2496303421436075,1.803000000000111,1.0,4.537321770758652
S12_C6,sensitivity,0.12,6.0,DOZ_OBJECTIVE_ONLY,TOUCH_NEXT_OPEN,VOL_FLOOR_1.00,1.0,2.0,41,9.75609756097561,41.46341463414634,48.78048780487805,0.0,0.001143781433969456,1.0025301754339566,-0.012257339558221276,0.9732629890621738,5.2496303421436075,1.803000000000111,1.0,-0.5025509218870723
S12_C6,sensitivity,0.12,6.0,DOZ_OBJECTIVE_ONLY,TOUCH_NEXT_OPEN,VOL_FLOOR_1.00,1.0,2.5,41,7.317073170731707,43.90243902439025,48.78048780487805,0.0,-0.03544158441968846,0.9256126547283529,-0.0488427054118792,0.8989477465300606,5.2496303421436075,1.803000000000111,1.0,-2.002550921887047
S12_C6,sensitivity,0.12,6.0,DOZ_OBJECTIVE_ONLY,TOUCH_NEXT_OPEN,VOL_FLOOR_1.00,1.0,3.0,41,4.878048780487805,46.34146341463415,48.78048780487805,0.0,-0.09641719417578624,0.8074877481234297,-0.10981831516797697,0.7838308127426064,5.2496303421436075,1.803000000000111,1.0,-4.502550921887056
S12_C6,sensitivity,0.12,6.0,MEMORY_ONLY,ACCEPTANCE_RETEST,STRUCTURAL,,0.5,49,75.51020408163265,24.489795918367346,0.0,4.081632653061225,0.1326530612244972,1.5416666666666972,0.09980059649961413,1.393765375051804,1.9879999999996016,0.8356620515878603,7.0,4.890229228481092
S12_C6,sensitivity,0.12,6.0,MEMORY_ONLY,ACCEPTANCE_RETEST,STRUCTURAL,,1.0,49,42.857142857142854,55.10204081632652,2.0408163265306123,4.081632653061225,-0.11803856279896852,0.7857818675129832,-0.15089102752385158,0.7354150170924583,1.9879999999996016,0.8356620515878603,7.0,-7.393660348668727
S12_C6,sensitivity,0.12,6.0,MEMORY_ONLY,ACCEPTANCE_RETEST,STRUCTURAL,,1.5,49,30.612244897959183,61.224489795918366,8.16326530612245,4.081632653061225,-0.08723756597812167,0.857511975569068,-0.12009003070300472,0.8102316821013752,1.9879999999996016,0.8356620515878603,7.0,-5.884411504447232
S12_C6,sensitivity,0.12,6.0,MEMORY_ONLY,ACCEPTANCE_RETEST,STRUCTURAL,,2.0,49,30.612244897959183,61.224489795918366,8.16326530612245,4.081632653061225,0.06582365851167497,1.1075119755690692,0.03297119378679193,1.052101643636873,1.9879999999996016,0.8356620515878603,7.0,1.6155884955528046
S12_C6,sensitivity,0.12,6.0,MEMORY_ONLY,ACCEPTANCE_RETEST,STRUCTURAL,,2.5,49,26.53061224489796,63.26530612244898,10.204081632653061,4.081632653061225,0.12042839649094401,1.1903545621953628,0.08757593176606099,1.1339112744424997,1.9879999999996016,0.8356620515878603,7.0,4.291220656536988
S12_C6,sensitivity,0.12,6.0,MEMORY_ONLY,ACCEPTANCE_RETEST,STRUCTURAL,,3.0,49,24.489795918367346,63.26530612244898,12.244897959183673,4.081632653061225,0.24113916592359647,1.3811554558147168,0.20828670119871343,1.3184886194696825,1.9879999999996016,0.8356620515878603,7.0,10.206048358736957
S12_C6,sensitivity,0.12,6.0,MEMORY_ONLY,CLEAN_REJECTION,STRUCTURAL,,0.5,572,62.41258741258741,34.26573426573427,3.3216783216783217,0.0,-0.044438357944431905,0.8754448823137967,-0.07053602719065867,0.8073969033106567,2.40238825003064,0.696247216035772,1.0,-40.34660755305676
S12_C6,sensitivity,0.12,6.0,MEMORY_ONLY,CLEAN_REJECTION,STRUCTURAL,,1.0,572,43.53146853146853,48.6013986013986,7.8671328671328675,0.0,-0.055795909039690415,0.8889745043427953,-0.08189357828591716,0.8413837227276159,2.40238825003064,0.696247216035772,1.0,-46.84312677954462
S12_C6,sensitivity,0.12,6.0,MEMORY_ONLY,CLEAN_REJECTION,STRUCTURAL,,1.5,572,31.293706293706293,54.1958041958042,14.51048951048951,0.0,-0.04338300722192752,0.9226784541687311,-0.06948067646815427,0.8794697724257833,2.40238825003064,0.696247216035772,1.0,-39.74294693978424
S12_C6,sensitivity,0.12,6.0,MEMORY_ONLY,CLEAN_REJECTION,STRUCTURAL,,2.0,572,23.076923076923077,56.81818181818182,20.104895104895103,0.0,-0.03520295491530068,0.9403212185705097,-0.06130062416152742,0.8988687733885552,2.40238825003064,0.696247216035772,1.0,-35.06395702039369
S12_C6,sensitivity,0.12,6.0,MEMORY_ONLY,CLEAN_REJECTION,STRUCTURAL,,2.5,572,18.006993006993007,58.04195804195804,23.95104895104895,0.0,-0.011573912966388038,0.9807777960528051,-0.0376715822126148,0.9391105585413806,2.40238825003064,0.696247216035772,1.0,-21.548145025615668
S12_C6,sensitivity,0.12,6.0,MEMORY_ONLY,CLEAN_REJECTION,STRUCTURAL,,3.0,572,14.160839160839162,58.56643356643356,27.27272727272727,0.0,0.0018553068538739365,1.0030525890398445,-0.02424236239235281,0.9611840162340494,2.40238825003064,0.696247216035772,1.0,-13.866631288425808
S12_C6,sensitivity,0.12,6.0,MEMORY_ONLY,FAILED_AUCTION,STRUCTURAL,,0.5,104,53.84615384615385,44.230769230769226,1.9230769230769231,0.0,-0.17200002354126187,0.6129609626167798,-0.1911842281733574,0.5774578748932236,3.3693777627692043,0.8614999999999782,9.0,-19.88315973002917
S12_C6,sensitivity,0.12,6.0,MEMORY_ONLY,FAILED_AUCTION,STRUCTURAL,,1.0,104,38.46153846153847,55.769230769230774,5.769230769230769,0.0,-0.17136710019653276,0.6971500108034526,-0.19055130482862828,0.6694277368914212,3.3693777627692043,0.8614999999999782,9.0,-19.817335702177342
S12_C6,sensitivity,0.12,6.0,MEMORY_ONLY,FAILED_AUCTION,STRUCTURAL,,1.5,104,25.961538461538463,57.692307692307686,16.346153846153847,0.0,-0.10244756190683892,0.826197141055877,-0.12163176653893445,0.7974823918338441,3.3693777627692043,0.8614999999999782,9.0,-12.649703720049184
S12_C6,sensitivity,0.12,6.0,MEMORY_ONLY,FAILED_AUCTION,STRUCTURAL,,2.0,104,20.192307692307693,60.57692307692307,19.230769230769234,0.0,-0.08736013180630954,0.8587075711122486,-0.10654433643840505,0.830889188141524,3.3693777627692043,0.8614999999999782,9.0,-11.080610989594126
S12_C6,sensitivity,0.12,6.0,MEMORY_ONLY,FAILED_AUCTION,STRUCTURAL,,2.5,104,15.384615384615385,62.5,22.115384615384613,0.0,-0.1024628842950016,0.840619179367967,-0.12164708892709716,0.8143497932938005,3.3693777627692043,0.8614999999999782,9.0,-12.651297248418105
S12_C6,sensitivity,0.12,6.0,MEMORY_ONLY,FAILED_AUCTION,STRUCTURAL,,3.0,104,11.538461538461538,63.46153846153846,25.0,0.0,-0.07997338208081535,0.8774347305503706,-0.09915758671291092,0.8509197546985319,3.3693777627692043,0.8614999999999782,9.0,-10.312389018142735
S12_C6,sensitivity,0.12,6.0,MEMORY_ONLY,PASSIVE_TOUCH,STRUCTURAL,,0.5,563,50.08880994671403,49.37833037300178,0.5328596802841918,25.044404973357015,-0.336052039493423,0.427017424896488,-0.3893311257532421,0.36569394219041274,1.1479999999999109,0.4399999999998272,2.0,-219.1934237990753
S12_C6,sensitivity,0.12,6.0,MEMORY_ONLY,PASSIVE_TOUCH,STRUCTURAL,,1.0,563,37.47779751332149,61.278863232682056,1.2433392539964476,25.044404973357015,-0.33004407433411315,0.5326099376734506,-0.3833231605939323,0.4817026563980257,1.1479999999999109,0.4399999999998272,2.0,-215.81093941438388
S12_C6,sensitivity,0.12,6.0,MEMORY_ONLY,PASSIVE_TOUCH,STRUCTURAL,,1.5,563,30.373001776198933,67.85079928952042,1.7761989342806392,24.51154529307282,-0.3137462245476926,0.5937353380192387,-0.3670253108075117,0.5464401128983205,1.1479999999999109,0.4399999999998272,2.0,-206.6352499846291
S12_C6,sensitivity,0.12,6.0,MEMORY_ONLY,PASSIVE_TOUCH,STRUCTURAL,,2.0,563,25.044404973357015,72.29129662522202,2.664298401420959,24.51154529307282,-0.30673239861219465,0.624413370383813,-0.3600114848720138,0.5794060787822157,1.1479999999999109,0.4399999999998272,2.0,-202.68646598294376
S12_C6,sensitivity,0.12,6.0,MEMORY_ONLY,PASSIVE_TOUCH,STRUCTURAL,,2.5,563,20.24866785079929,76.02131438721138,3.7300177619893424,24.51154529307282,-0.32598933834534305,0.6182756466956868,-0.37926842460516214,0.5762779942570535,1.1479999999999109,0.4399999999998272,2.0,-213.5281230527063
S12_C6,sensitivity,0.12,6.0,MEMORY_ONLY,PASSIVE_TOUCH,STRUCTURAL,,3.0,563,17.584369449378332,78.15275310834814,4.262877442273535,24.33392539964476,-0.3204992854344535,0.6338430893287177,-0.3737783716942726,0.59257556450548,1.1479999999999109,0.4399999999998272,2.0,-210.43722326387547
S12_C6,sensitivity,0.12,6.0,MEMORY_ONLY,RECLAIM_PULLBACK,STRUCTURAL,,0.5,523,60.9942638623327,37.2848948374761,1.7208413001912046,0.9560229445506693,-0.07476058180419215,0.8031378508318952,-0.10491360557357193,0.7319867427661261,2.0376680890167336,0.6560000000001764,4.0,-54.869815714978124
S12_C6,sensitivity,0.12,6.0,MEMORY_ONLY,RECLAIM_PULLBACK,STRUCTURAL,,1.0,523,43.977055449330784,51.05162523900574,4.97131931166348,0.9560229445506693,-0.0756375807988817,0.854500260744711,-0.10579060456826152,0.8026520339451,2.0376680890167336,0.6560000000001764,4.0,-55.328486189200774
S12_C6,sensitivity,0.12,6.0,MEMORY_ONLY,RECLAIM_PULLBACK,STRUCTURAL,,1.5,523,34.22562141491396,58.508604206500955,7.265774378585086,0.9560229445506693,-0.06593481847531205,0.8894307843323999,-0.09608784224469186,0.8437583099383501,2.0376680890167336,0.6560000000001764,4.0,-50.25394149397384
S12_C6,sensitivity,0.12,6.0,MEMORY_ONLY,RECLAIM_PULLBACK,STRUCTURAL,,2.0,523,24.091778202676863,62.90630975143403,13.001912045889103,0.9560229445506693,-0.0914690904275734,0.8571957899819764,-0.1216221141969532,0.8158875760270867,2.0376680890167336,0.6560000000001764,4.0,-63.60836572500652
S12_C6,sensitivity,0.12,6.0,MEMORY_ONLY,RECLAIM_PULLBACK,STRUCTURAL,,2.5,523,18.35564053537285,65.00956022944551,16.634799235181642,0.9560229445506693,-0.09729439928574425,0.8529304074292043,-0.12744742305512405,0.8132319955434004,2.0376680890167336,0.6560000000001764,4.0,-66.65500225782988
S12_C6,sensitivity,0.12,6.0,MEMORY_ONLY,RECLAIM_PULLBACK,STRUCTURAL,,3.0,523,14.722753346080305,65.96558317399618,19.311663479923517,0.9560229445506693,-0.08229428590447938,0.8773967204628904,-0.1124473096738592,0.8375889498798704,2.0376680890167336,0.6560000000001764,4.0,-58.80994295942836
S12_C6,sensitivity,0.12,6.0,MEMORY_ONLY,TOUCH_NEXT_OPEN,VOL_FLOOR_0.25,0.25,0.5,840,62.38095238095238,35.23809523809524,2.380952380952381,0.7142857142857143,-0.050479185934122484,0.8607682196246231,-0.08706374424437824,0.7687484305402676,1.9438713341339193,0.30928560808820293,1.0,-73.13354516527772
S12_C6,sensitivity,0.12,6.0,MEMORY_ONLY,TOUCH_NEXT_OPEN,VOL_FLOOR_0.25,0.25,1.0,840,42.857142857142854,51.66666666666667,5.476190476190476,0.7142857142857143,-0.09299826638306294,0.824011233514173,-0.1295828246933187,0.7638686321511267,1.9438713341339193,0.30928560808820293,1.0,-108.84957274238769
S12_C6,sensitivity,0.12,6.0,MEMORY_ONLY,TOUCH_NEXT_OPEN,VOL_FLOOR_0.25,0.25,1.5,840,31.785714285714285,59.04761904761905,9.166666666666666,0.4761904761904762,-0.10016441900203099,0.834002833223621,-0.13674897731228677,0.7817982326646479,1.9438713341339193,0.30928560808820293,1.0,-114.86914094232088
S12_C6,sensitivity,0.12,6.0,MEMORY_ONLY,TOUCH_NEXT_OPEN,VOL_FLOOR_0.25,0.25,2.0,840,23.333333333333332,62.976190476190474,13.690476190476192,0.35714285714285715,-0.11160481345381154,0.8265216773212516,-0.1481893717640673,0.7782680114387764,1.9438713341339193,0.30928560808820293,1.0,-124.47907228181653
S12_C6,sensitivity,0.12,6.0,MEMORY_ONLY,TOUCH_NEXT_OPEN,VOL_FLOOR_0.25,0.25,2.5,840,18.571428571428573,64.16666666666667,17.261904761904763,0.35714285714285715,-0.08696826915470678,0.867448226999671,-0.12355282746496253,0.8187552835920028,1.9438713341339193,0.30928560808820293,1.0,-103.78437507056853
S12_C6,sensitivity,0.12,6.0,MEMORY_ONLY,TOUCH_NEXT_OPEN,VOL_FLOOR_0.25,0.25,3.0,840,15.476190476190476,65.23809523809524,19.28571428571429,0.35714285714285715,-0.06478899197323083,0.9028813315132276,-0.1013735502834866,0.8537648047918093,1.9438713341339193,0.30928560808820293,1.0,-85.15378223812874
S12_C6,sensitivity,0.12,6.0,MEMORY_ONLY,TOUCH_NEXT_OPEN,VOL_FLOOR_0.50,0.5,0.5,840,62.73809523809524,34.88095238095238,2.380952380952381,0.0,-0.04512937767398252,0.8742882622545652,-0.07611545955040819,0.7944056667383319,2.14055269728874,0.4880012316408713,1.0,-63.93698602234288
S12_C6,sensitivity,0.12,6.0,MEMORY_ONLY,TOUCH_NEXT_OPEN,VOL_FLOOR_0.50,0.5,1.0,840,43.452380952380956,50.83333333333333,5.714285714285714,0.11904761904761905,-0.07877801444469529,0.8487034457217456,-0.10976409632112095,0.7957586561558739,2.14055269728874,0.4880012316408713,1.0,-92.2018409097416
S12_C6,sensitivity,0.12,6.0,MEMORY_ONLY,TOUCH_NEXT_OPEN,VOL_FLOOR_0.50,0.5,1.5,840,32.5,57.738095238095234,9.761904761904763,0.11904761904761905,-0.0740438216316872,0.8746715070589048,-0.10502990350811287,0.8277490641683989,2.14055269728874,0.4880012316408713,1.0,-88.2251189468148
S12_C6,sensitivity,0.12,6.0,MEMORY_ONLY,TOUCH_NEXT_OPEN,VOL_FLOOR_0.50,0.5,2.0,840,23.69047619047619,61.42857142857143,14.880952380952381,0.11904761904761905,-0.07932360546255598,0.873772869013368,-0.11030968733898164,0.8299949089005473,2.14055269728874,0.4880012316408713,1.0,-92.66013736474457
S12_C6,sensitivity,0.12,6.0,MEMORY_ONLY,TOUCH_NEXT_OPEN,VOL_FLOOR_0.50,0.5,2.5,840,18.095238095238095,62.857142857142854,19.047619047619047,0.11904761904761905,-0.07584291875314504,0.8822720782149323,-0.1068290006295707,0.8394239579161169,2.14055269728874,0.4880012316408713,1.0,-89.73636052883938
S12_C6,sensitivity,0.12,6.0,MEMORY_ONLY,TOUCH_NEXT_OPEN,VOL_FLOOR_0.50,0.5,3.0,840,14.404761904761903,63.69047619047619,21.904761904761905,0.11904761904761905,-0.05568745253655401,0.9147003133796247,-0.08667353441297967,0.8714455465985026,2.14055269728874,0.4880012316408713,1.0,-72.80576890690293
S12_C6,sensitivity,0.12,6.0,MEMORY_ONLY,TOUCH_NEXT_OPEN,VOL_FLOOR_0.75,0.75,0.5,840,61.66666666666667,35.714285714285715,2.619047619047619,0.0,-0.05954495915477761,0.8383673027871383,-0.08574809866406233,0.7733463529352782,2.5396701538392756,0.5036867219919259,1.0,-72.02840287781235
S12_C6,sensitivity,0.12,6.0,MEMORY_ONLY,TOUCH_NEXT_OPEN,VOL_FLOOR_0.75,0.75,1.0,840,41.785714285714285,50.23809523809524,7.976190476190475,0.11904761904761905,-0.08496513937327492,0.8356097263626833,-0.11116827888255962,0.790675130855711,2.5396701538392756,0.5036867219919259,1.0,-93.38135426135008
S12_C6,sensitivity,0.12,6.0,MEMORY_ONLY,TOUCH_NEXT_OPEN,VOL_FLOOR_0.75,0.75,1.5,840,29.523809523809526,55.952380952380956,14.523809523809526,0.11904761904761905,-0.08095984330072976,0.8596075886075611,-0.10716298281001449,0.8192122270044728,2.5396701538392756,0.5036867219919259,1.0,-90.01690556041217
S12_C6,sensitivity,0.12,6.0,MEMORY_ONLY,TOUCH_NEXT_OPEN,VOL_FLOOR_0.75,0.75,2.0,840,21.071428571428573,58.452380952380956,20.476190476190474,0.11904761904761905,-0.07540364680730954,0.8747686291464268,-0.10160678631659427,0.835843930730294,2.5396701538392756,0.5036867219919259,1.0,-85.34970050593918
S12_C6,sensitivity,0.12,6.0,MEMORY_ONLY,TOUCH_NEXT_OPEN,VOL_FLOOR_0.75,0.75,2.5,840,15.119047619047619,59.404761904761905,25.476190476190474,0.11904761904761905,-0.07220075389036003,0.8820797538719095,-0.09840389339964473,0.8436867554521519,2.5396701538392756,0.5036867219919259,1.0,-82.65927045570157
S12_C6,sensitivity,0.12,6.0,MEMORY_ONLY,TOUCH_NEXT_OPEN,VOL_FLOOR_0.75,0.75,3.0,840,12.5,60.0,27.500000000000004,0.11904761904761905,-0.04709137036334765,0.9238652229933902,-0.07329450987263235,0.8847512471637132,2.5396701538392756,0.5036867219919259,1.0,-61.56738829301118
S12_C6,sensitivity,0.12,6.0,MEMORY_ONLY,TOUCH_NEXT_OPEN,VOL_FLOOR_1.00,1.0,0.5,840,60.357142857142854,35.35714285714286,4.285714285714286,0.0,-0.06547831244555384,0.8224630185604079,-0.08758854617646075,0.7680042832069611,2.9973176041023377,0.5036867219919259,1.0,-73.57437878822704
S12_C6,sensitivity,0.12,6.0,MEMORY_ONLY,TOUCH_NEXT_OPEN,VOL_FLOOR_1.00,1.0,1.0,840,39.523809523809526,47.26190476190476,13.214285714285715,0.11904761904761905,-0.06926461337009336,0.8596546046885666,-0.09137484710100029,0.8191883977157904,2.9973176041023377,0.5036867219919259,1.0,-76.75487156484024
S12_C6,sensitivity,0.12,6.0,MEMORY_ONLY,TOUCH_NEXT_OPEN,VOL_FLOOR_1.00,1.0,1.5,840,27.73809523809524,50.476190476190474,21.785714285714285,0.11904761904761905,-0.03561608631580434,0.9327278852965246,-0.05772632004671125,0.8935429418274856,2.9973176041023377,0.5036867219919259,1.0,-48.49010883923745
S12_C6,sensitivity,0.12,6.0,MEMORY_ONLY,TOUCH_NEXT_OPEN,VOL_FLOOR_1.00,1.0,2.0,840,18.21428571428571,52.023809523809526,29.761904761904763,0.11904761904761905,-0.027093001717948335,0.9503620600437827,-0.049203235448855256,0.9120076287915414,2.9973176041023377,0.5036867219919259,1.0,-41.330717777038416
S12_C6,sensitivity,0.12,6.0,MEMORY_ONLY,TOUCH_NEXT_OPEN,VOL_FLOOR_1.00,1.0,2.5,840,13.80952380952381,52.85714285714286,33.33333333333333,0.11904761904761905,-0.024314858786485566,0.9562170414456614,-0.04642509251739248,0.9184119494118511,2.9973176041023377,0.5036867219919259,1.0,-38.99707771460968
S12_C6,sensitivity,0.12,6.0,MEMORY_ONLY,TOUCH_NEXT_OPEN,VOL_FLOOR_1.00,1.0,3.0,840,9.523809523809524,53.214285714285715,37.26190476190476,0.11904761904761905,-0.011644331628084672,0.9791664186036241,-0.03375456535899159,0.9410585218531378,2.9973176041023377,0.5036867219919259,1.0,-28.353834901552933
S12_C6,sensitivity,0.12,6.0,OBJECTIVE_LIQUIDITY_ONLY,ACCEPTANCE_RETEST,STRUCTURAL,,0.5,48,62.5,37.5,0.0,18.75,-0.0625000000000039,0.8333333333333228,-0.09022662961855143,0.766329671004388,2.2023399191564295,0.844496523892758,7.0,-4.330878221690469
S12_C6,sensitivity,0.12,6.0,OBJECTIVE_LIQUIDITY_ONLY,ACCEPTANCE_RETEST,STRUCTURAL,,1.0,48,50.0,41.66666666666667,8.333333333333332,18.75,0.10787484543101034,1.2588996290344248,0.0801482158124628,1.1868766632535515,2.2023399191564295,0.844496523892758,7.0,3.8471143589982146
S12_C6,sensitivity,0.12,6.0,OBJECTIVE_LIQUIDITY_ONLY,ACCEPTANCE_RETEST,STRUCTURAL,,1.5,48,35.41666666666667,50.0,14.583333333333334,18.75,0.11606231208790595,1.232124624175812,0.08833568246935845,1.1715990194864043,2.2023399191564295,0.844496523892758,7.0,4.2401127585292055
S12_C6,sensitivity,0.12,6.0,OBJECTIVE_LIQUIDITY_ONLY,ACCEPTANCE_RETEST,STRUCTURAL,,2.0,48,29.166666666666668,56.25,14.583333333333334,18.75,0.10564564542123878,1.187814480748869,0.07791901580269123,1.1342811176961987,2.2023399191564295,0.844496523892758,7.0,3.740112758529179
S12_C6,sensitivity,0.12,6.0,OBJECTIVE_LIQUIDITY_ONLY,ACCEPTANCE_RETEST,STRUCTURAL,,2.5,48,25.0,58.333333333333336,16.666666666666664,18.75,0.12656672874190292,1.2169715349861192,0.09884009912335534,1.1641870834720716,2.2023399191564295,0.844496523892758,7.0,4.744324757921056
S12_C6,sensitivity,0.12,6.0,OBJECTIVE_LIQUIDITY_ONLY,ACCEPTANCE_RETEST,STRUCTURAL,,3.0,48,20.833333333333336,60.416666666666664,18.75,18.75,0.15508993653748496,1.2567005846137682,0.12736330691893746,1.2043057239294828,2.2023399191564295,0.844496523892758,7.0,6.113438732108998
S12_C6,sensitivity,0.12,6.0,OBJECTIVE_LIQUIDITY_ONLY,CLEAN_REJECTION,STRUCTURAL,,0.5,1520,65.59210526315789,26.38157894736842,8.026315789473685,0.06578947368421052,0.05193343622526205,1.1853018411583924,0.029505791786982392,1.102724030627169,2.745694668103283,0.9044999999996435,1.0,44.84880351621324
S12_C6,sensitivity,0.12,6.0,OBJECTIVE_LIQUIDITY_ONLY,CLEAN_REJECTION,STRUCTURAL,,1.0,1520,41.51315789473684,38.94736842105263,19.539473684210527,0.06578947368421052,0.02935793830154143,1.0698099368473881,0.006930293863261776,1.0160640108413843,2.745694668103283,0.9044999999996435,1.0,10.5340466721579
S12_C6,sensitivity,0.12,6.0,OBJECTIVE_LIQUIDITY_ONLY,CLEAN_REJECTION,STRUCTURAL,,1.5,1520,27.631578947368425,44.01315789473684,28.35526315789474,0.0,0.030741293688924896,1.064925345331536,0.008313649250645235,1.0171143207201845,2.745694668103283,0.9044999999996435,1.0,12.636746860980757
S12_C6,sensitivity,0.12,6.0,OBJECTIVE_LIQUIDITY_ONLY,CLEAN_REJECTION,STRUCTURAL,,2.0,1520,19.67105263157895,46.31578947368421,34.01315789473684,0.0,0.039600530629256066,1.0795761593738837,0.017172886190976417,1.0336286903770302,2.745694668103283,0.9044999999996435,1.0,26.102787010284153
S12_C6,sensitivity,0.12,6.0,OBJECTIVE_LIQUIDITY_ONLY,CLEAN_REJECTION,STRUCTURAL,,2.5,1520,13.486842105263158,47.828947368421055,38.68421052631579,0.0,0.023340720364401834,1.0454718651574635,0.0009130759261221849,1.0017333328193372,2.745694668103283,0.9044999999996435,1.0,1.387875407705721
S12_C6,sensitivity,0.12,6.0,OBJECTIVE_LIQUIDITY_ONLY,CLEAN_REJECTION,STRUCTURAL,,3.0,1520,9.605263157894736,48.55263157894737,41.8421052631579,0.0,0.022319996506151355,1.0428787809138056,-0.00010764793212829871,0.9997984943015289,2.745694668103283,0.9044999999996435,1.0,-0.16362485683501404
S12_C6,sensitivity,0.12,6.0,OBJECTIVE_LIQUIDITY_ONLY,FAILED_AUCTION,STRUCTURAL,,0.5,366,64.20765027322405,32.240437158469945,3.551912568306011,0.0,-0.009533453529654522,0.9712855937864727,-0.02714643845762393,0.9197909398207803,3.6835870620133164,1.0364999999999327,5.0,-9.935596475490359
S12_C6,sensitivity,0.12,6.0,OBJECTIVE_LIQUIDITY_ONLY,FAILED_AUCTION,STRUCTURAL,,1.0,366,44.53551912568306,43.169398907103826,12.295081967213115,0.0,0.017544596909987165,1.0390649234419946,-6.83880179822456e-05,0.9998506783752662,3.6835870620133164,1.0364999999999327,5.0,-0.02503001458150189
S12_C6,sensitivity,0.12,6.0,OBJECTIVE_LIQUIDITY_ONLY,FAILED_AUCTION,STRUCTURAL,,1.5,366,33.33333333333333,48.36065573770492,18.30601092896175,0.0,0.043862214060584735,1.0868346982574306,0.026249229132615334,1.0509510353674134,3.6835870620133164,1.0364999999999327,5.0,9.607217862537212
S12_C6,sensitivity,0.12,6.0,OBJECTIVE_LIQUIDITY_ONLY,FAILED_AUCTION,STRUCTURAL,,2.0,366,23.224043715846996,51.63934426229508,25.136612021857925,0.0,0.027773320979357984,1.0512031055318378,0.010160336051388576,1.0183575723169882,3.6835870620133164,1.0364999999999327,5.0,3.718682994808219
S12_C6,sensitivity,0.12,6.0,OBJECTIVE_LIQUIDITY_ONLY,FAILED_AUCTION,STRUCTURAL,,2.5,366,18.30601092896175,53.00546448087432,28.688524590163933,0.0,0.04796685906085547,1.0860590401058563,0.03035387413288607,1.0533696787138374,3.6835870620133164,1.0364999999999327,5.0,11.109517932636301
S12_C6,sensitivity,0.12,6.0,OBJECTIVE_LIQUIDITY_ONLY,FAILED_AUCTION,STRUCTURAL,,3.0,366,12.841530054644808,54.09836065573771,33.060109289617486,0.0,0.038085961415687375,1.0670172942091183,0.02047297648771799,1.0353055177605663,3.6835870620133164,1.0364999999999327,5.0,7.493109394504785
S12_C6,sensitivity,0.12,6.0,OBJECTIVE_LIQUIDITY_ONLY,PASSIVE_TOUCH,STRUCTURAL,,0.5,1171,54.7395388556789,45.08966695132365,0.1707941929974381,26.98548249359522,-0.2227804646012958,0.5512784185632591,-0.2722527059713203,0.4754538826534757,1.236801401461662,0.5139999999998963,1.0,-318.807918692416
S12_C6,sensitivity,0.12,6.0,OBJECTIVE_LIQUIDITY_ONLY,PASSIVE_TOUCH,STRUCTURAL,,1.0,1171,44.32109308283518,54.824935952177626,0.8539709649871904,25.362937660119556,-0.14885058084405253,0.749547974583366,-0.19832282221407696,0.6809338932674196,1.236801401461662,0.5139999999998963,1.0,-232.23602481268412
S12_C6,sensitivity,0.12,6.0,OBJECTIVE_LIQUIDITY_ONLY,PASSIVE_TOUCH,STRUCTURAL,,1.5,1171,36.549957301451755,61.65670367207515,1.7933390264730997,24.679760888129803,-0.10664234478849108,0.8392354139964502,-0.15611458615851553,0.7750877100403077,1.236801401461662,0.5139999999998963,1.0,-182.81018039162169
S12_C6,sensitivity,0.12,6.0,OBJECTIVE_LIQUIDITY_ONLY,PASSIVE_TOUCH,STRUCTURAL,,2.0,1171,31.340734415029893,66.35354397950469,2.305721605465414,24.423569598633645,-0.07189942958259936,0.8988429932759064,-0.12137167095262379,0.8368839869235576,1.236801401461662,0.5139999999998963,1.0,-142.12622668552245
S12_C6,sensitivity,0.12,6.0,OBJECTIVE_LIQUIDITY_ONLY,PASSIVE_TOUCH,STRUCTURAL,,2.5,1171,26.72929120409906,70.11101622544832,3.159692570452605,24.338172502134928,-0.0592238421769624,0.920894795734847,-0.10869608354698686,0.8613583561013315,1.236801401461662,0.5139999999998963,1.0,-127.28311383352161
S12_C6,sensitivity,0.12,6.0,OBJECTIVE_LIQUIDITY_ONLY,PASSIVE_TOUCH,STRUCTURAL,,3.0,1171,22.801024765157983,72.58753202391118,4.611443210930828,24.16737830913749,-0.0471587760885175,0.9390365665057845,-0.09663101745854197,0.8807219183779883,1.236801401461662,0.5139999999998963,1.0,-113.15492144395265
S12_C6,sensitivity,0.12,6.0,OBJECTIVE_LIQUIDITY_ONLY,RECLAIM_PULLBACK,STRUCTURAL,,0.5,1410,64.60992907801419,31.06382978723404,4.326241134751773,2.269503546099291,0.005980826946022211,1.0187274525472576,-0.020577445310164484,0.9373151121451853,2.2587739388948194,0.7879999999997835,3.0,-29.014197887331925
S12_C6,sensitivity,0.12,6.0,OBJECTIVE_LIQUIDITY_ONLY,RECLAIM_PULLBACK,STRUCTURAL,,1.0,1410,45.815602836879435,42.765957446808514,11.418439716312056,2.127659574468085,0.03654997208609425,1.082486004952454,0.009991699829907542,1.0219170678849592,2.2587739388948194,0.7879999999997835,3.0,14.088296760169634
S12_C6,sensitivity,0.12,6.0,OBJECTIVE_LIQUIDITY_ONLY,RECLAIM_PULLBACK,STRUCTURAL,,1.5,1410,33.54609929078014,48.86524822695036,17.588652482269502,2.056737588652482,0.05498106039551784,1.108652329741381,0.028422788139331145,1.0545644120105064,2.2587739388948194,0.7879999999997835,3.0,40.07613127645691
S12_C6,sensitivity,0.12,6.0,OBJECTIVE_LIQUIDITY_ONLY,RECLAIM_PULLBACK,STRUCTURAL,,2.0,1410,23.68794326241135,52.836879432624116,23.47517730496454,2.056737588652482,0.034488006899498,1.0629950400748007,0.007929734643311306,1.0140668721307982,2.2587739388948194,0.7879999999997835,3.0,11.180925847068941
S12_C6,sensitivity,0.12,6.0,OBJECTIVE_LIQUIDITY_ONLY,RECLAIM_PULLBACK,STRUCTURAL,,2.5,1410,17.659574468085108,54.82269503546099,27.5177304964539,2.056737588652482,0.029750429001244943,1.052329528674198,0.0031921567450582462,1.0054518641500245,2.2587739388948194,0.7879999999997835,3.0,4.500941010532127
S12_C6,sensitivity,0.12,6.0,OBJECTIVE_LIQUIDITY_ONLY,RECLAIM_PULLBACK,STRUCTURAL,,3.0,1410,13.333333333333334,55.673758865248224,30.99290780141844,2.056737588652482,0.039379613729307254,1.0682087257992108,0.012821341473120564,1.0215620447734175,2.2587739388948194,0.7879999999997835,3.0,18.078091477099996
S12_C6,sensitivity,0.12,6.0,OBJECTIVE_LIQUIDITY_ONLY,TOUCH_NEXT_OPEN,VOL_FLOOR_0.25,0.25,0.5,2059,67.02282661486159,27.24623603691112,5.730937348227295,1.3113161728994658,0.05418621636301412,1.1906006530597169,0.025364825090688707,1.0865056432209912,2.324999999999818,0.2656376742030566,1.0,52.22617486172805
S12_C6,sensitivity,0.12,6.0,OBJECTIVE_LIQUIDITY_ONLY,TOUCH_NEXT_OPEN,VOL_FLOOR_0.25,0.25,1.0,2059,46.52744050509956,40.06799417192812,13.404565322972317,0.7770762506070907,0.06701618079716436,1.1592070917131485,0.038194789524838964,1.0879617415057674,2.324999999999818,0.2656376742030566,1.0,78.64307163164342
S12_C6,sensitivity,0.12,6.0,OBJECTIVE_LIQUIDITY_ONLY,TOUCH_NEXT_OPEN,VOL_FLOOR_0.25,0.25,1.5,2059,33.80281690140845,46.138902379796015,20.058280718795533,0.4371053909664886,0.08529854674612793,1.1762784651538143,0.05647715547380252,1.1131222502209401,2.324999999999818,0.2656376742030566,1.0,116.28646312055939
S12_C6,sensitivity,0.12,6.0,OBJECTIVE_LIQUIDITY_ONLY,TOUCH_NEXT_OPEN,VOL_FLOOR_0.25,0.25,2.0,2059,25.78921806702283,49.44147644487615,24.769305488101022,0.291403593977659,0.10318094827626782,1.1988539704432544,0.0743595570039424,1.1388239468914134,2.324999999999818,0.2656376742030566,1.0,153.1063278711174
S12_C6,sensitivity,0.12,6.0,OBJECTIVE_LIQUIDITY_ONLY,TOUCH_NEXT_OPEN,VOL_FLOOR_0.25,0.25,2.5,2059,19.426906265177273,51.529868868382714,29.04322486644002,0.291403593977659,0.10473197596186351,1.1937096611779348,0.07591058468953808,1.1359704877668813,2.324999999999818,0.2656376742030566,1.0,156.29989387575893
S12_C6,sensitivity,0.12,6.0,OBJECTIVE_LIQUIDITY_ONLY,TOUCH_NEXT_OPEN,VOL_FLOOR_0.25,0.25,3.0,2059,14.133074307916466,53.56969402622632,32.29723166585721,0.1457017969888295,0.0732896868750211,1.1305556866657223,0.044468295602695676,1.0766939253771328,2.324999999999818,0.2656376742030566,1.0,91.5602206459504
S12_C6,sensitivity,0.12,6.0,OBJECTIVE_LIQUIDITY_ONLY,TOUCH_NEXT_OPEN,VOL_FLOOR_0.50,0.5,0.5,2059,66.97425934919863,27.294803302574067,5.730937348227295,0.4371053909664886,0.05343080963139497,1.1876052539023272,0.027932200504044893,1.0954590804236597,2.534832084782451,0.5312753484061132,1.0,57.51240083782844
S12_C6,sensitivity,0.12,6.0,OBJECTIVE_LIQUIDITY_ONLY,TOUCH_NEXT_OPEN,VOL_FLOOR_0.50,0.5,1.0,2059,46.72170956775133,39.87372510927635,13.404565322972317,0.19426906265177268,0.0708746643035254,1.1691433185044113,0.04537605517617534,1.1053552913088942,2.534832084782451,0.5312753484061132,1.0,93.42929760774501
S12_C6,sensitivity,0.12,6.0,OBJECTIVE_LIQUIDITY_ONLY,TOUCH_NEXT_OPEN,VOL_FLOOR_0.50,0.5,1.5,2059,33.60854783875668,45.944633317144245,20.446818844099077,0.04856726566294317,0.08553065297393755,1.1771812707302745,0.06003204384658749,1.1209513745126203,2.534832084782451,0.5312753484061132,1.0,123.60597828012364
S12_C6,sensitivity,0.12,6.0,OBJECTIVE_LIQUIDITY_ONLY,TOUCH_NEXT_OPEN,VOL_FLOOR_0.50,0.5,2.0,2059,24.866440019426904,49.58717824186498,25.546381738708114,0.0,0.08858815365014942,1.1699835667641652,0.06308954452279936,1.117697130291695,2.534832084782451,0.5312753484061132,1.0,129.90137217244387
S12_C6,sensitivity,0.12,6.0,OBJECTIVE_LIQUIDITY_ONLY,TOUCH_NEXT_OPEN,VOL_FLOOR_0.50,0.5,2.5,2059,17.921321029626032,51.67557066537154,30.40310830500243,0.0,0.07606627447172395,1.1400635591995785,0.050567665344373874,1.0904987295311732,2.534832084782451,0.5312753484061132,1.0,104.11882294406581
S12_C6,sensitivity,0.12,6.0,OBJECTIVE_LIQUIDITY_ONLY,TOUCH_NEXT_OPEN,VOL_FLOOR_0.50,0.5,3.0,2059,12.336085478387567,53.18115590092278,34.48275862068966,0.0,0.046237980338625466,1.0828240407775513,0.0207393712112754,1.0361046202533544,2.534832084782451,0.5312753484061132,1.0,42.70236532401605
S12_C6,sensitivity,0.12,6.0,OBJECTIVE_LIQUIDITY_ONLY,TOUCH_NEXT_OPEN,VOL_FLOOR_0.75,0.75,0.5,2059,66.97425934919863,27.10053423992229,5.925206410879068,0.24283632831471588,0.05443395644338819,1.1917824259504912,0.032289912103347855,1.1111024236008764,2.967973471944333,0.6250018590277913,1.0,66.48492902079323
S12_C6,sensitivity,0.12,6.0,OBJECTIVE_LIQUIDITY_ONLY,TOUCH_NEXT_OPEN,VOL_FLOOR_0.75,0.75,1.0,2059,46.478873239436616,38.61097620203983,14.910150558523554,0.09713453132588634,0.0811827726788572,1.1983647514074962,0.05903872833881687,1.1407678878684602,2.967973471944333,0.6250018590277913,1.0,121.56074164962394
S12_C6,sensitivity,0.12,6.0,OBJECTIVE_LIQUIDITY_ONLY,TOUCH_NEXT_OPEN,VOL_FLOOR_0.75,0.75,1.5,2059,31.66585721223895,44.58474987858184,23.749392909179214,0.0,0.07859123216240148,1.1662225181581913,0.05644718782236114,1.1164679123063213,2.967973471944333,0.6250018590277913,1.0,116.22475972624159
S12_C6,sensitivity,0.12,6.0,OBJECTIVE_LIQUIDITY_ONLY,TOUCH_NEXT_OPEN,VOL_FLOOR_0.75,0.75,2.0,2059,21.806702282661487,47.3530840213696,30.840213695968917,0.0,0.0768165213987885,1.152827752618432,0.05467247705874816,1.1060924465791155,2.967973471944333,0.6250018590277913,1.0,112.57063026396247
S12_C6,sensitivity,0.12,6.0,OBJECTIVE_LIQUIDITY_ONLY,TOUCH_NEXT_OPEN,VOL_FLOOR_0.75,0.75,2.5,2059,15.104419621175328,48.90723652258378,35.988343856240895,0.0,0.06493985742388869,1.1250765231957733,0.04279581308384837,1.0803717823538443,2.967973471944333,0.6250018590277913,1.0,88.11657913964379
S12_C6,sensitivity,0.12,6.0,OBJECTIVE_LIQUIDITY_ONLY,TOUCH_NEXT_OPEN,VOL_FLOOR_0.75,0.75,3.0,2059,9.907722195240408,49.68431277319087,40.40796503156872,0.0,0.049246953155202035,1.0934398221759336,0.027102908815161697,1.0501431589981267,2.967973471944333,0.6250018590277913,1.0,55.804889250417936
S12_C6,sensitivity,0.12,6.0,OBJECTIVE_LIQUIDITY_ONLY,TOUCH_NEXT_OPEN,VOL_FLOOR_1.00,1.0,0.5,2059,66.34288489558038,26.517727051966972,7.139388052452647,0.04856726566294317,0.05426668514939577,1.1929777587820534,0.035138768231085464,1.1223544991540173,3.5389999999995325,0.8333358120370551,1.0,72.35072378780497
S12_C6,sensitivity,0.12,6.0,OBJECTIVE_LIQUIDITY_ONLY,TOUCH_NEXT_OPEN,VOL_FLOOR_1.00,1.0,1.0,2059,42.64205925206411,37.93103448275862,19.426906265177273,0.04856726566294317,0.055876966974888725,1.1369517997113645,0.036749050056578414,1.0881199749044208,3.5389999999995325,0.8333358120370551,1.0,75.66629406649496
S12_C6,sensitivity,0.12,6.0,OBJECTIVE_LIQUIDITY_ONLY,TOUCH_NEXT_OPEN,VOL_FLOOR_1.00,1.0,1.5,2059,27.05196697425935,41.962117532782905,30.985915492957744,0.0,0.057830006348788814,1.1277749645715214,0.038702089430478516,1.083646951616799,3.5389999999995325,0.8333358120370551,1.0,79.68760213735527
S12_C6,sensitivity,0.12,6.0,OBJECTIVE_LIQUIDITY_ONLY,TOUCH_NEXT_OPEN,VOL_FLOOR_1.00,1.0,2.0,2059,17.192812044681887,43.953375424963575,38.853812530354546,0.0,0.051292866698307786,1.10807075388717,0.032164949779997475,1.0662721026644622,3.5389999999995325,0.8333358120370551,1.0,66.2276315970148
S12_C6,sensitivity,0.12,6.0,OBJECTIVE_LIQUIDITY_ONLY,TOUCH_NEXT_OPEN,VOL_FLOOR_1.00,1.0,2.5,2059,10.733365711510443,44.92472073822244,44.34191355026712,0.0,0.03593584063776963,1.0741259060055315,0.016807923719459335,1.033901661882089,3.5389999999995325,0.8333358120370551,1.0,34.60751493836677
S12_C6,sensitivity,0.12,6.0,OBJECTIVE_LIQUIDITY_ONLY,TOUCH_NEXT_OPEN,VOL_FLOOR_1.00,1.0,3.0,2059,6.362311801845556,45.50752792617775,48.130160271976685,0.0,0.018800276315708533,1.0382940738676816,-0.00032764060260177667,0.999347466198591,3.5389999999995325,0.8333358120370551,1.0,-0.6746120007570582
S18_C9_STRESS,stress,0.18,9.0,DISPLACEMENT_ORIGIN_ONLY,ACCEPTANCE_RETEST,STRUCTURAL,,0.5,19,52.63157894736842,47.368421052631575,0.0,31.57894736842105,-0.21052631578950312,0.5555555555554934,-0.31164098882188496,0.4141085697568388,1.394234325660591,0.38999999999987267,7.0,-5.921178787615815
S18_C9_STRESS,stress,0.18,9.0,DISPLACEMENT_ORIGIN_ONLY,ACCEPTANCE_RETEST,STRUCTURAL,,1.0,19,42.10526315789473,57.89473684210527,0.0,31.57894736842105,-0.15789473684210525,0.7272727272727273,-0.2590094098744871,0.6038888930328271,1.394234325660591,0.38999999999987267,7.0,-4.921178787615255
S18_C9_STRESS,stress,0.18,9.0,DISPLACEMENT_ORIGIN_ONLY,ACCEPTANCE_RETEST,STRUCTURAL,,1.5,19,42.10526315789473,57.89473684210527,0.0,31.57894736842105,0.05263157894737675,1.0909090909091053,-0.048483094085005125,0.9258533036444069,1.394234325660591,0.38999999999987267,7.0,-0.9211787876150974
S18_C9_STRESS,stress,0.18,9.0,DISPLACEMENT_ORIGIN_ONLY,ACCEPTANCE_RETEST,STRUCTURAL,,2.0,19,26.31578947368421,73.68421052631578,0.0,26.31578947368421,-0.21052631578947367,0.7142857142857143,-0.31164098882185554,0.6192965201783652,1.394234325660591,0.38999999999987267,7.0,-5.921178787615255
S18_C9_STRESS,stress,0.18,9.0,DISPLACEMENT_ORIGIN_ONLY,ACCEPTANCE_RETEST,STRUCTURAL,,2.5,19,10.526315789473683,89.47368421052632,0.0,26.31578947368421,-0.6315789473684168,0.2941176470588283,-0.7326936204007987,0.2593385360532852,1.394234325660591,0.38999999999987267,7.0,-13.921178787615174
S18_C9_STRESS,stress,0.18,9.0,DISPLACEMENT_ORIGIN_ONLY,ACCEPTANCE_RETEST,STRUCTURAL,,3.0,19,10.526315789473683,89.47368421052632,0.0,26.31578947368421,-0.5789473684210527,0.35294117647058826,-0.6800620414534345,0.3125424690855637,1.394234325660591,0.38999999999987267,7.0,-12.921178787615256
S18_C9_STRESS,stress,0.18,9.0,DISPLACEMENT_ORIGIN_ONLY,CLEAN_REJECTION,STRUCTURAL,,0.5,866,57.04387990762124,25.75057736720554,17.20554272517321,0.0,-0.002111816793176607,0.9928230425701099,-0.02739469322912812,0.9097016617308737,4.355007872554211,0.6449999999997544,1.0,-23.72380433642495
S18_C9_STRESS,stress,0.18,9.0,DISPLACEMENT_ORIGIN_ONLY,CLEAN_REJECTION,STRUCTURAL,,1.0,866,35.21939953810623,34.29561200923787,30.484988452655887,0.0,0.0031057401064271423,1.007936144720663,-0.022177136329524366,0.945065743812216,4.355007872554211,0.6449999999997544,1.0,-19.205400061368103
S18_C9_STRESS,stress,0.18,9.0,DISPLACEMENT_ORIGIN_ONLY,CLEAN_REJECTION,STRUCTURAL,,1.5,866,23.21016166281755,38.106235565819865,38.68360277136259,0.0,-0.0016096348453786711,0.9962808003915568,-0.026892511281330172,0.9397913755060624,4.355007872554211,0.6449999999997544,1.0,-23.28891476963193
S18_C9_STRESS,stress,0.18,9.0,DISPLACEMENT_ORIGIN_ONLY,CLEAN_REJECTION,STRUCTURAL,,2.0,866,15.473441108545035,40.300230946882216,44.226327944572745,0.0,-0.012857781542418291,0.9718478150451605,-0.0381406579783698,0.9191679121921219,4.355007872554211,0.6449999999997544,1.0,-33.02980980926825
S18_C9_STRESS,stress,0.18,9.0,DISPLACEMENT_ORIGIN_ONLY,CLEAN_REJECTION,STRUCTURAL,,2.5,866,11.547344110854503,40.531177829099306,47.92147806004619,0.0,0.015295443631529087,1.033283887296923,-0.00998743280442243,0.97896386641364,4.355007872554211,0.6449999999997544,1.0,-8.649116808629826
S18_C9_STRESS,stress,0.18,9.0,DISPLACEMENT_ORIGIN_ONLY,CLEAN_REJECTION,STRUCTURAL,,3.0,866,9.006928406466514,41.339491916859124,49.65357967667436,0.0,0.017760162683392776,1.0379629440725002,-0.007522713752558736,0.9844432693087135,4.355007872554211,0.6449999999997544,1.0,-6.5146701097158655
S18_C9_STRESS,stress,0.18,9.0,DISPLACEMENT_ORIGIN_ONLY,FAILED_AUCTION,STRUCTURAL,,0.5,191,60.20942408376963,38.7434554973822,1.0471204188481675,0.0,-0.09355420932812805,0.7629146121020005,-0.14113877737126573,0.6594217423624618,2.1529711714065343,0.6234999999996944,3.0,-26.957506477911757
S18_C9_STRESS,stress,0.18,9.0,DISPLACEMENT_ORIGIN_ONLY,FAILED_AUCTION,STRUCTURAL,,1.0,191,48.167539267015705,48.69109947643979,3.1413612565445024,0.0,-0.013713415189074938,0.9725255022803078,-0.061297983232212624,0.8830424609708699,2.1529711714065343,0.6234999999996944,3.0,-11.707914797352611
S18_C9_STRESS,stress,0.18,9.0,DISPLACEMENT_ORIGIN_ONLY,FAILED_AUCTION,STRUCTURAL,,1.5,191,34.55497382198953,58.1151832460733,7.329842931937172,0.0,-0.04349467291697295,0.9268326788562338,-0.09107924096011061,0.8538779051241417,2.1529711714065343,0.6234999999996944,3.0,-17.396135023381127
S18_C9_STRESS,stress,0.18,9.0,DISPLACEMENT_ORIGIN_ONLY,FAILED_AUCTION,STRUCTURAL,,2.0,191,26.17801047120419,62.30366492146597,11.518324607329843,0.0,-0.03430053430062657,0.9460971346833879,-0.08188510234376428,0.8772296454574687,2.1529711714065343,0.6234999999996944,3.0,-15.640054547658977
S18_C9_STRESS,stress,0.18,9.0,DISPLACEMENT_ORIGIN_ONLY,FAILED_AUCTION,STRUCTURAL,,2.5,191,23.036649214659686,63.35078534031413,13.612565445026178,0.0,0.03504182467004905,1.054176302967924,-0.012542743373088635,0.9815015953472727,2.1529711714065343,0.6234999999996944,3.0,-2.3956639842599294
S18_C9_STRESS,stress,0.18,9.0,DISPLACEMENT_ORIGIN_ONLY,FAILED_AUCTION,STRUCTURAL,,3.0,191,20.418848167539267,64.3979057591623,15.18324607329843,0.0,0.0837876820657517,1.1274759776118162,0.03620311402261405,1.05250616021835,2.1529711714065343,0.6234999999996944,3.0,6.914794778319283
S18_C9_STRESS,stress,0.18,9.0,DISPLACEMENT_ORIGIN_ONLY,PASSIVE_TOUCH,STRUCTURAL,,0.5,464,53.66379310344828,46.33620689655172,0.0,24.78448275862069,-0.19689467502535288,0.5767650432697803,-0.28973632310425473,0.43482188802314925,1.1464151309623958,0.36324999999987995,3.0,-134.4376539203742
S18_C9_STRESS,stress,0.18,9.0,DISPLACEMENT_ORIGIN_ONLY,PASSIVE_TOUCH,STRUCTURAL,,1.0,464,44.827586206896555,55.172413793103445,0.0,21.336206896551722,-0.10529984743914597,0.8097823917658673,-0.19814149551804783,0.6739214695631097,1.1464151309623958,0.36324999999987995,3.0,-91.93765392037419
S18_C9_STRESS,stress,0.18,9.0,DISPLACEMENT_ORIGIN_ONLY,PASSIVE_TOUCH,STRUCTURAL,,1.5,464,37.06896551724138,61.422413793103445,1.5086206896551724,20.689655172413794,-0.05290807586010475,0.914278265834961,-0.14574972393900662,0.7845697489764695,1.1464151309623958,0.36324999999987995,3.0,-67.62787190769907
S18_C9_STRESS,stress,0.18,9.0,DISPLACEMENT_ORIGIN_ONLY,PASSIVE_TOUCH,STRUCTURAL,,2.0,464,31.25,66.16379310344827,2.586206896551724,19.82758620689655,-0.0267555888412031,0.9598382414561746,-0.11959723692010493,0.8361278720199893,1.1464151309623958,0.36324999999987995,3.0,-55.49311793092869
S18_C9_STRESS,stress,0.18,9.0,DISPLACEMENT_ORIGIN_ONLY,PASSIVE_TOUCH,STRUCTURAL,,2.5,464,26.50862068965517,68.75,4.741379310344827,19.82758620689655,0.00790946654731438,1.0114245531248087,-0.08493218153158748,0.8879895130953583,1.1464151309623958,0.36324999999987995,3.0,-39.40853223065659
S18_C9_STRESS,stress,0.18,9.0,DISPLACEMENT_ORIGIN_ONLY,PASSIVE_TOUCH,STRUCTURAL,,3.0,464,24.137931034482758,70.6896551724138,5.172413793103448,19.612068965517242,0.053211654814159896,1.0747547938319533,-0.039629993264741946,0.9491745622791511,1.1464151309623958,0.36324999999987995,3.0,-18.388316874840264
S18_C9_STRESS,stress,0.18,9.0,DISPLACEMENT_ORIGIN_ONLY,RECLAIM_PULLBACK,STRUCTURAL,,0.5,786,56.36132315521628,30.661577608142494,12.977099236641221,3.1806615776081424,-0.0477756836287877,0.8571532082688127,-0.08436473407055756,0.7586061026131969,3.3395717883405496,0.44650000000001455,3.0,-66.31068097945824
S18_C9_STRESS,stress,0.18,9.0,DISPLACEMENT_ORIGIN_ONLY,RECLAIM_PULLBACK,STRUCTURAL,,1.0,786,35.49618320610687,42.11195928753181,22.391857506361323,3.0534351145038165,-0.07229026624493483,0.8415835433820473,-0.10887931668670471,0.7715993517673858,3.3395717883405496,0.44650000000001455,3.0,-85.5791429157499
S18_C9_STRESS,stress,0.18,9.0,DISPLACEMENT_ORIGIN_ONLY,RECLAIM_PULLBACK,STRUCTURAL,,1.5,786,24.427480916030532,46.94656488549619,28.62595419847328,3.0534351145038165,-0.08209137861537254,0.8383999688036203,-0.1186804290571424,0.7766296361732751,3.3395717883405496,0.44650000000001455,3.0,-93.28281723891394
S18_C9_STRESS,stress,0.18,9.0,DISPLACEMENT_ORIGIN_ONLY,RECLAIM_PULLBACK,STRUCTURAL,,2.0,786,17.048346055979643,50.0,32.95165394402035,3.0534351145038165,-0.09509885815804812,0.8235880286528472,-0.131687908599818,0.7663772973771631,3.3395717883405496,0.44650000000001455,3.0,-103.50669615945694
S18_C9_STRESS,stress,0.18,9.0,DISPLACEMENT_ORIGIN_ONLY,RECLAIM_PULLBACK,STRUCTURAL,,2.5,786,13.486005089058525,51.27226463104325,35.24173027989822,3.0534351145038165,-0.08187227995122141,0.8516587717873062,-0.11846133039299131,0.794807340908571,3.3395717883405496,0.44650000000001455,3.0,-93.11060568889117
S18_C9_STRESS,stress,0.18,9.0,DISPLACEMENT_ORIGIN_ONLY,RECLAIM_PULLBACK,STRUCTURAL,,3.0,786,11.323155216284988,51.526717557251914,37.150127226463106,3.0534351145038165,-0.04824057551222986,0.9129958788006807,-0.08482962595399973,0.8537595724637709,3.3395717883405496,0.44650000000001455,3.0,-66.67608599984379
S18_C9_STRESS,stress,0.18,9.0,DISPLACEMENT_ORIGIN_ONLY,TOUCH_NEXT_OPEN,VOL_FLOOR_0.25,0.25,0.5,1092,60.34798534798534,26.831501831501832,12.82051282051282,0.3663003663003663,0.010768574365392348,1.0363427408990296,-0.024637334291855027,0.9202284522307613,3.584999999999809,0.3802952099645464,1.0,-26.90396904670569
S18_C9_STRESS,stress,0.18,9.0,DISPLACEMENT_ORIGIN_ONLY,TOUCH_NEXT_OPEN,VOL_FLOOR_0.25,0.25,1.0,1092,40.38461538461539,37.08791208791209,22.52747252747253,0.27472527472527475,0.028815380916586402,1.070825204477669,-0.006590527740660954,0.9844741699104986,3.584999999999809,0.3802952099645464,1.0,-7.196856292801762
S18_C9_STRESS,stress,0.18,9.0,DISPLACEMENT_ORIGIN_ONLY,TOUCH_NEXT_OPEN,VOL_FLOOR_0.25,0.25,1.5,1092,27.747252747252748,42.21611721611722,30.036630036630036,0.0,0.022343201910596244,1.0483791185071336,-0.013062706746651113,0.9728902200501064,3.584999999999809,0.3802952099645464,1.0,-14.264475767343015
S18_C9_STRESS,stress,0.18,9.0,DISPLACEMENT_ORIGIN_ONLY,TOUCH_NEXT_OPEN,VOL_FLOOR_0.25,0.25,2.0,1092,19.78021978021978,45.78754578754579,34.43223443223443,0.0,0.00385263829339962,1.0077275494650708,-0.031553270363847745,0.9393900111320135,3.584999999999809,0.3802952099645464,1.0,-34.45617123732174
S18_C9_STRESS,stress,0.18,9.0,DISPLACEMENT_ORIGIN_ONLY,TOUCH_NEXT_OPEN,VOL_FLOOR_0.25,0.25,2.5,1092,15.842490842490841,46.7032967032967,37.45421245421245,0.0,0.03710133346937597,1.073016593316433,0.0016954248121286192,1.0031943096123115,3.584999999999809,0.3802952099645464,1.0,1.8514038948444522
S18_C9_STRESS,stress,0.18,9.0,DISPLACEMENT_ORIGIN_ONLY,TOUCH_NEXT_OPEN,VOL_FLOOR_0.25,0.25,3.0,1092,12.637362637362637,47.527472527472526,39.83516483516483,0.0,0.050844164373577014,1.0984354449710083,0.015438255716329652,1.0286057571618867,3.584999999999809,0.3802952099645464,1.0,16.85857524223198
S18_C9_STRESS,stress,0.18,9.0,DISPLACEMENT_ORIGIN_ONLY,TOUCH_NEXT_OPEN,VOL_FLOOR_0.50,0.5,0.5,1092,60.89743589743589,26.282051282051285,12.82051282051282,0.09157509157509157,0.019010332607148978,1.0653699356597939,-0.010848331256183787,0.9639793123484355,3.78574999999978,0.47199999999952524,1.0,-11.846377731752696
S18_C9_STRESS,stress,0.18,9.0,DISPLACEMENT_ORIGIN_ONLY,TOUCH_NEXT_OPEN,VOL_FLOOR_0.50,0.5,1.0,1092,40.10989010989011,37.17948717948718,22.71062271062271,0.0,0.025375817293129536,1.0622277636583473,-0.004482846570203233,0.9893929382097953,3.78574999999978,0.47199999999952524,1.0,-4.895268454661931
S18_C9_STRESS,stress,0.18,9.0,DISPLACEMENT_ORIGIN_ONLY,TOUCH_NEXT_OPEN,VOL_FLOOR_0.50,0.5,1.5,1092,26.831501831501832,42.49084249084249,30.67765567765568,0.0,0.00773759615807376,1.0166413204732405,-0.022121067705259012,0.9540979576880233,3.78574999999978,0.47199999999952524,1.0,-24.15620593414284
S18_C9_STRESS,stress,0.18,9.0,DISPLACEMENT_ORIGIN_ONLY,TOUCH_NEXT_OPEN,VOL_FLOOR_0.50,0.5,2.0,1092,18.864468864468865,45.78754578754579,35.34798534798535,0.0,-0.009843535059468212,0.9802710583152612,-0.03970219892280098,0.9232761030268325,3.78574999999978,0.47199999999952524,1.0,-43.35480122369867
S18_C9_STRESS,stress,0.18,9.0,DISPLACEMENT_ORIGIN_ONLY,TOUCH_NEXT_OPEN,VOL_FLOOR_0.50,0.5,2.5,1092,14.560439560439562,46.336996336996336,39.1025641025641,0.0,0.024224700712958524,1.0479989016273343,-0.005633963150374239,0.9892373718125219,3.78574999999978,0.47199999999952524,1.0,-6.152287760208669
S18_C9_STRESS,stress,0.18,9.0,DISPLACEMENT_ORIGIN_ONLY,TOUCH_NEXT_OPEN,VOL_FLOOR_0.50,0.5,3.0,1092,10.897435897435898,46.61172161172161,42.49084249084249,0.0,0.04015973278188541,1.0791169992746181,0.01030106891855264,1.0195639125619675,3.78574999999978,0.47199999999952524,1.0,11.248767259059484
S18_C9_STRESS,stress,0.18,9.0,DISPLACEMENT_ORIGIN_ONLY,TOUCH_NEXT_OPEN,VOL_FLOOR_0.75,0.75,0.5,1092,60.256410256410255,26.55677655677656,13.186813186813188,0.0,0.010990132829379967,1.037176016626788,-0.014422718614542356,0.9526937396260031,4.262425757359579,0.5966006024231598,1.0,-15.749608727080252
S18_C9_STRESS,stress,0.18,9.0,DISPLACEMENT_ORIGIN_ONLY,TOUCH_NEXT_OPEN,VOL_FLOOR_0.75,0.75,1.0,1092,39.010989010989015,36.35531135531135,24.633699633699635,0.0,0.022372895026277314,1.0555145630167735,-0.00303995641764501,0.9926871238043976,4.262425757359579,0.5966006024231598,1.0,-3.319632408068351
S18_C9_STRESS,stress,0.18,9.0,DISPLACEMENT_ORIGIN_ONLY,TOUCH_NEXT_OPEN,VOL_FLOOR_0.75,0.75,1.5,1092,24.90842490842491,41.208791208791204,33.88278388278388,0.0,-0.0028483419938679483,0.9937491965655209,-0.02826119343779027,0.9399027544505492,4.262425757359579,0.5966006024231598,1.0,-30.861223234066976
S18_C9_STRESS,stress,0.18,9.0,DISPLACEMENT_ORIGIN_ONLY,TOUCH_NEXT_OPEN,VOL_FLOOR_0.75,0.75,2.0,1092,16.3003663003663,42.67399267399267,41.02564102564102,0.0,0.002372204537903299,1.0050370530010495,-0.02304064690601903,0.952602052006444,4.262425757359579,0.5966006024231598,1.0,-25.16038642137278
S18_C9_STRESS,stress,0.18,9.0,DISPLACEMENT_ORIGIN_ONLY,TOUCH_NEXT_OPEN,VOL_FLOOR_0.75,0.75,2.5,1092,12.087912087912088,43.223443223443226,44.68864468864469,0.0,0.01931265986641572,1.0405163895611647,-0.006100191577506592,0.9876029085605383,4.262425757359579,0.5966006024231598,1.0,-6.6614092026371985
S18_C9_STRESS,stress,0.18,9.0,DISPLACEMENT_ORIGIN_ONLY,TOUCH_NEXT_OPEN,VOL_FLOOR_0.75,0.75,3.0,1092,8.241758241758241,43.498168498168496,48.26007326007326,0.0,0.026797451940653493,1.0558967131184558,0.0013846004967311735,1.0027978545321834,4.262425757359579,0.5966006024231598,1.0,1.5119837424304414
S18_C9_STRESS,stress,0.18,9.0,DISPLACEMENT_ORIGIN_ONLY,TOUCH_NEXT_OPEN,VOL_FLOOR_1.00,1.0,0.5,1092,58.88278388278388,26.73992673992674,14.377289377289376,0.0,-0.0009456719519055629,0.9968564730020265,-0.02288855907744347,0.925964008670432,4.917869010455199,0.7279999999996107,1.0,-24.994306512568272
S18_C9_STRESS,stress,0.18,9.0,DISPLACEMENT_ORIGIN_ONLY,TOUCH_NEXT_OPEN,VOL_FLOOR_1.00,1.0,1.0,1092,35.989010989010985,35.256410256410255,28.754578754578752,0.0,0.0019249456275190096,1.0048158492039814,-0.020017941498018894,0.9512858313859244,4.917869010455199,0.7279999999996107,1.0,-21.859592115836634
S18_C9_STRESS,stress,0.18,9.0,DISPLACEMENT_ORIGIN_ONLY,TOUCH_NEXT_OPEN,VOL_FLOOR_1.00,1.0,1.5,1092,20.695970695970693,37.91208791208791,41.39194139194139,0.0,-0.009041679993716687,0.9790007328335413,-0.030984567119254597,0.9300468344214993,4.917869010455199,0.7279999999996107,1.0,-33.83514729422602
S18_C9_STRESS,stress,0.18,9.0,DISPLACEMENT_ORIGIN_ONLY,TOUCH_NEXT_OPEN,VOL_FLOOR_1.00,1.0,2.0,1092,13.003663003663005,39.010989010989015,47.985347985347985,0.0,-0.011046858214432416,0.9750166315619688,-0.03298974533997032,0.927478671770723,4.917869010455199,0.7279999999996107,1.0,-36.024801911247586
S18_C9_STRESS,stress,0.18,9.0,DISPLACEMENT_ORIGIN_ONLY,TOUCH_NEXT_OPEN,VOL_FLOOR_1.00,1.0,2.5,1092,8.608058608058608,39.1025641025641,52.28937728937729,0.0,0.003023733172543621,1.0068222659228434,-0.018919153952994282,0.9585096834543154,4.917869010455199,0.7279999999996107,1.0,-20.659716116669756
S18_C9_STRESS,stress,0.18,9.0,DISPLACEMENT_ORIGIN_ONLY,TOUCH_NEXT_OPEN,VOL_FLOOR_1.00,1.0,3.0,1092,5.86080586080586,39.1941391941392,54.94505494505495,0.0,0.012701049582178735,1.028597521641243,-0.009241837543359176,0.9797740270516727,4.917869010455199,0.7279999999996107,1.0,-10.09208659734822
S18_C9_STRESS,stress,0.18,9.0,DOZ_OBJECTIVE_ONLY,CLEAN_REJECTION,STRUCTURAL,,0.5,15,73.33333333333333,13.333333333333334,13.333333333333334,0.0,0.20182873800630985,2.136303542719778,0.16993696832944222,1.9313568045090128,3.58896303421443,1.181999999999789,1.0,2.549054524941633
S18_C9_STRESS,stress,0.18,9.0,DOZ_OBJECTIVE_ONLY,CLEAN_REJECTION,STRUCTURAL,,1.0,15,60.0,26.666666666666668,13.333333333333334,0.0,0.30182873800630017,1.9706601751529182,0.26993696832943254,1.8357709007989864,3.58896303421443,1.181999999999789,1.0,4.049054524941488
S18_C9_STRESS,stress,0.18,9.0,DOZ_OBJECTIVE_ONLY,CLEAN_REJECTION,STRUCTURAL,,1.5,15,40.0,33.33333333333333,26.666666666666668,0.0,0.32214749302223367,1.853102635225445,0.29025572334536615,1.738691016597912,3.58896303421443,1.181999999999789,1.0,4.353835850180492
S18_C9_STRESS,stress,0.18,9.0,DOZ_OBJECTIVE_ONLY,CLEAN_REJECTION,STRUCTURAL,,2.0,15,13.333333333333334,40.0,46.666666666666664,0.0,-0.011791492350668327,0.9734666470335619,-0.04368326202753597,0.9054799355402194,3.58896303421443,1.181999999999789,1.0,-0.6552489304130396
S18_C9_STRESS,stress,0.18,9.0,DOZ_OBJECTIVE_ONLY,CLEAN_REJECTION,STRUCTURAL,,2.5,15,13.333333333333334,40.0,46.666666666666664,0.0,0.05487517431600306,1.123480754252349,0.022983404639135417,1.0497305555301004,3.58896303421443,1.181999999999789,1.0,0.3447510695870313
S18_C9_STRESS,stress,0.18,9.0,DOZ_OBJECTIVE_ONLY,CLEAN_REJECTION,STRUCTURAL,,3.0,15,13.333333333333334,40.0,46.666666666666664,0.0,0.12154184098266502,1.273494861471115,0.08965007130579736,1.193981175519961,3.58896303421443,1.181999999999789,1.0,1.3447510695869604
S18_C9_STRESS,stress,0.18,9.0,DOZ_OBJECTIVE_ONLY,FAILED_AUCTION,STRUCTURAL,,0.5,28,67.85714285714286,32.142857142857146,0.0,0.0,0.017857142857140067,1.055555555555547,-0.009352957583394486,0.9717475403634044,4.4312444314375625,0.9900000000000091,2.0,-0.2618828123350456
S18_C9_STRESS,stress,0.18,9.0,DOZ_OBJECTIVE_ONLY,FAILED_AUCTION,STRUCTURAL,,1.0,28,46.42857142857143,46.42857142857143,7.142857142857142,0.0,0.05106644944253041,1.1099892757223733,0.023856349001995864,1.049899807079961,4.4312444314375625,0.9900000000000091,2.0,0.6679777720558842
S18_C9_STRESS,stress,0.18,9.0,DOZ_OBJECTIVE_ONLY,FAILED_AUCTION,STRUCTURAL,,1.5,28,32.142857142857146,53.57142857142857,14.285714285714285,0.0,-0.003630861437359225,0.9932440302565152,-0.03084096187789376,0.9444481512727241,4.4312444314375625,0.9900000000000091,2.0,-0.8635469325810253
S18_C9_STRESS,stress,0.18,9.0,DOZ_OBJECTIVE_ONLY,FAILED_AUCTION,STRUCTURAL,,2.0,28,21.428571428571427,57.14285714285714,21.428571428571427,0.0,0.0036498623014932507,1.0063681376746347,-0.023560238139041262,0.9601509922347743,4.4312444314375625,0.9900000000000091,2.0,-0.6596866678931553
S18_C9_STRESS,stress,0.18,9.0,DOZ_OBJECTIVE_ONLY,FAILED_AUCTION,STRUCTURAL,,2.5,28,14.285714285714285,60.71428571428571,25.0,0.0,-0.04877118506811432,0.9198973620016213,-0.07598128550864887,0.8789721383716974,4.4312444314375625,0.9900000000000091,2.0,-2.127475994242168
S18_C9_STRESS,stress,0.18,9.0,DOZ_OBJECTIVE_ONLY,FAILED_AUCTION,STRUCTURAL,,3.0,28,14.285714285714285,60.71428571428571,25.0,0.0,0.02265738636045947,1.0372128832852134,-0.004552714080075075,0.9927481452040736,4.4312444314375625,0.9900000000000091,2.0,-0.1274759942421021
S18_C9_STRESS,stress,0.18,9.0,DOZ_OBJECTIVE_ONLY,PASSIVE_TOUCH,STRUCTURAL,,0.5,35,25.71428571428571,74.28571428571429,0.0,68.57142857142857,-0.647414929075281,0.16568774348215543,-0.7628903605004002,0.11829653190654352,0.8738269504706295,0.391630910560707,0.0,-26.701162617514004
S18_C9_STRESS,stress,0.18,9.0,DOZ_OBJECTIVE_ONLY,PASSIVE_TOUCH,STRUCTURAL,,1.0,35,22.857142857142858,77.14285714285715,0.0,68.57142857142857,-0.5759863576466995,0.28409572623222284,-0.6914617890718187,0.2311439576436629,0.8738269504706295,0.391630910560707,0.0,-24.201162617513653
S18_C9_STRESS,stress,0.18,9.0,DOZ_OBJECTIVE_ONLY,PASSIVE_TOUCH,STRUCTURAL,,1.5,35,22.857142857142858,77.14285714285715,0.0,62.857142857142854,-0.46170064336097516,0.4261435893483468,-0.5771760747860943,0.358221495943415,0.8738269504706295,0.391630910560707,0.0,-20.2011626175133
S18_C9_STRESS,stress,0.18,9.0,DOZ_OBJECTIVE_ONLY,PASSIVE_TOUCH,STRUCTURAL,,2.0,35,20.0,77.14285714285715,2.857142857142857,57.14285714285714,-0.4140670777396172,0.4913600008375989,-0.5295425091647364,0.4181838369796665,0.8738269504706295,0.391630910560707,0.0,-18.533987820765777
S18_C9_STRESS,stress,0.18,9.0,DOZ_OBJECTIVE_ONLY,PASSIVE_TOUCH,STRUCTURAL,,2.5,35,17.142857142857142,80.0,2.857142857142857,57.14285714285714,-0.414067077739629,0.5086065084393578,-0.5295425091647482,0.437312827491778,0.8738269504706295,0.391630910560707,0.0,-18.53398782076619
S18_C9_STRESS,stress,0.18,9.0,DOZ_OBJECTIVE_ONLY,PASSIVE_TOUCH,STRUCTURAL,,3.0,35,17.142857142857142,80.0,2.857142857142857,57.14285714285714,-0.3283527920253315,0.6103278101272461,-0.4438282234504508,0.5283920670946836,0.8738269504706295,0.391630910560707,0.0,-15.533987820765779
S18_C9_STRESS,stress,0.18,9.0,DOZ_OBJECTIVE_ONLY,RECLAIM_PULLBACK,STRUCTURAL,,0.5,28,64.28571428571429,35.714285714285715,0.0,3.571428571428571,-0.035714285714279384,0.9000000000000179,-0.07563845265084439,0.7991635292810728,2.713769992342577,0.7229999999999563,3.0,-2.117876674223643
S18_C9_STRESS,stress,0.18,9.0,DOZ_OBJECTIVE_ONLY,RECLAIM_PULLBACK,STRUCTURAL,,1.0,28,50.0,50.0,0.0,3.571428571428571,0.0,1.0,-0.03992416693656504,0.9238130396620353,2.713769992342577,0.7229999999999563,3.0,-1.117876674223821
S18_C9_STRESS,stress,0.18,9.0,DOZ_OBJECTIVE_ONLY,RECLAIM_PULLBACK,STRUCTURAL,,1.5,28,42.857142857142854,57.14285714285714,0.0,3.571428571428571,0.07142857142856864,1.1249999999999951,0.03150440449200364,1.0527064919929234,2.713769992342577,0.7229999999999563,3.0,0.8821233257761019
S18_C9_STRESS,stress,0.18,9.0,DOZ_OBJECTIVE_ONLY,RECLAIM_PULLBACK,STRUCTURAL,,2.0,28,39.285714285714285,60.71428571428571,0.0,3.571428571428571,0.17857142857142858,1.2941176470588236,0.1386472616348636,1.2183455020897127,2.713769992342577,0.7229999999999563,3.0,3.8821233257761807
S18_C9_STRESS,stress,0.18,9.0,DOZ_OBJECTIVE_ONLY,RECLAIM_PULLBACK,STRUCTURAL,,2.5,28,28.57142857142857,64.28571428571429,7.142857142857142,3.571428571428571,0.2099786381442013,1.326633437113202,0.17005447120763634,1.253397364904396,2.713769992342577,0.7229999999999563,3.0,4.761525193813817
S18_C9_STRESS,stress,0.18,9.0,DOZ_OBJECTIVE_ONLY,RECLAIM_PULLBACK,STRUCTURAL,,3.0,28,17.857142857142858,71.42857142857143,10.714285714285714,3.571428571428571,0.038188252981940334,1.0534635541747164,-0.0017359139546247063,0.9976712851392026,2.713769992342577,0.7229999999999563,3.0,-0.04860559072949178
S18_C9_STRESS,stress,0.18,9.0,DOZ_OBJECTIVE_ONLY,TOUCH_NEXT_OPEN,VOL_FLOOR_0.25,0.25,0.5,41,68.29268292682927,29.268292682926827,2.4390243902439024,7.317073170731707,0.05345637330070316,1.1826426087774016,0.007771932025811947,1.0253644347984874,2.2764999999997144,0.7834999999997763,1.0,0.3186492130582898
S18_C9_STRESS,stress,0.18,9.0,DOZ_OBJECTIVE_ONLY,TOUCH_NEXT_OPEN,VOL_FLOOR_0.25,0.25,1.0,41,51.21951219512195,46.34146341463415,2.4390243902439024,0.0,0.053456373300682904,1.1153532265962087,0.007771932025791679,1.0159133897241637,2.2764999999997144,0.7834999999997763,1.0,0.31864921305745886
S18_C9_STRESS,stress,0.18,9.0,DOZ_OBJECTIVE_ONLY,TOUCH_NEXT_OPEN,VOL_FLOOR_0.25,0.25,1.5,41,39.02439024390244,48.78048780487805,12.195121951219512,0.0,0.12182890140836473,1.2434149473044398,0.0761444601334735,1.1441748760902104,2.2764999999997144,0.7834999999997763,1.0,3.1219228654724134
S18_C9_STRESS,stress,0.18,9.0,DOZ_OBJECTIVE_ONLY,TOUCH_NEXT_OPEN,VOL_FLOOR_0.25,0.25,2.0,41,26.82926829268293,53.65853658536586,19.51219512195122,0.0,0.04843658968657378,1.088175182034471,0.00275214841168256,1.004750965082893,2.2764999999997144,0.7834999999997763,1.0,0.11283808487898495
S18_C9_STRESS,stress,0.18,9.0,DOZ_OBJECTIVE_ONLY,TOUCH_NEXT_OPEN,VOL_FLOOR_0.25,0.25,2.5,41,21.951219512195124,56.09756097560976,21.951219512195124,0.0,0.03704383515061421,1.0645686390424898,-0.008640606124277021,0.9857363409404135,2.2764999999997144,0.7834999999997763,1.0,-0.3542648510953579
S18_C9_STRESS,stress,0.18,9.0,DOZ_OBJECTIVE_ONLY,TOUCH_NEXT_OPEN,VOL_FLOOR_0.25,0.25,3.0,41,19.51219512195122,58.536585365853654,21.951219512195124,0.0,0.04923895710183407,1.0823252490116155,0.0035545158269428374,1.0056350393187983,2.2764999999997144,0.7834999999997763,1.0,0.14573514890465633
S18_C9_STRESS,stress,0.18,9.0,DOZ_OBJECTIVE_ONLY,TOUCH_NEXT_OPEN,VOL_FLOOR_0.50,0.5,0.5,41,73.17073170731707,24.390243902439025,2.4390243902439024,0.0,0.1266271050080125,1.5191711305328552,0.0948472982706811,1.3778980265814238,2.9539913340669437,1.379624462326316,1.0,3.8887392290979252
S18_C9_STRESS,stress,0.18,9.0,DOZ_OBJECTIVE_ONLY,TOUCH_NEXT_OPEN,VOL_FLOOR_0.50,0.5,1.0,41,60.97560975609756,36.58536585365854,2.4390243902439024,0.0,0.2485783245202094,1.6794474203552394,0.21679851778287798,1.5749528326586344,2.9539913340669437,1.379624462326316,1.0,8.888739229097997
S18_C9_STRESS,stress,0.18,9.0,DOZ_OBJECTIVE_ONLY,TOUCH_NEXT_OPEN,VOL_FLOOR_0.50,0.5,1.5,41,39.02439024390244,48.78048780487805,12.195121951219512,0.0,0.12182890140837228,1.243414947304459,0.0900490946710409,1.1740622248736994,2.9539913340669437,1.379624462326316,1.0,3.692012881512677
S18_C9_STRESS,stress,0.18,9.0,DOZ_OBJECTIVE_ONLY,TOUCH_NEXT_OPEN,VOL_FLOOR_0.50,0.5,2.0,41,31.70731707317073,48.78048780487805,19.51219512195122,0.0,0.19477805310121332,1.3891344668929244,0.162998246363882,1.3148096244122023,2.9539913340669437,1.379624462326316,1.0,6.6829281009191615
S18_C9_STRESS,stress,0.18,9.0,DOZ_OBJECTIVE_ONLY,TOUCH_NEXT_OPEN,VOL_FLOOR_0.50,0.5,2.5,41,24.390243902439025,51.21951219512195,24.390243902439025,0.0,0.1866228078691987,1.355518056630109,0.15484300113186733,1.284943999037425,2.9539913340669437,1.379624462326316,1.0,6.348563046406561
S18_C9_STRESS,stress,0.18,9.0,DOZ_OBJECTIVE_ONLY,TOUCH_NEXT_OPEN,VOL_FLOOR_0.50,0.5,3.0,41,19.51219512195122,56.09756097560976,24.390243902439025,0.0,0.11345207616187887,1.1977507492011406,0.08167226942454754,1.1376243708510196,2.9539913340669437,1.379624462326316,1.0,3.3485630464064493
S18_C9_STRESS,stress,0.18,9.0,DOZ_OBJECTIVE_ONLY,TOUCH_NEXT_OPEN,VOL_FLOOR_0.75,0.75,0.5,41,75.60975609756098,21.951219512195124,2.4390243902439024,0.0,0.1632124708616689,1.7435234783698204,0.13852945126003804,1.6162296058440704,4.049099301557866,1.4711386773034536,1.0,5.67970750166156
S18_C9_STRESS,stress,0.18,9.0,DOZ_OBJECTIVE_ONLY,TOUCH_NEXT_OPEN,VOL_FLOOR_0.75,0.75,1.0,41,53.65853658536586,41.46341463414634,4.878048780487805,0.0,0.10708045140211876,1.2466264086645513,0.08239743180048789,1.1852132564423297,4.049099301557866,1.4711386773034536,1.0,3.3782947038200035
S18_C9_STRESS,stress,0.18,9.0,DOZ_OBJECTIVE_ONLY,TOUCH_NEXT_OPEN,VOL_FLOOR_0.75,0.75,1.5,41,36.58536585365854,43.90243902439025,19.51219512195122,0.0,0.14679704651007405,1.3114957429891871,0.12211402690844315,1.2524245012771187,4.049099301557866,1.4711386773034536,1.0,5.006675103246169
S18_C9_STRESS,stress,0.18,9.0,DOZ_OBJECTIVE_ONLY,TOUCH_NEXT_OPEN,VOL_FLOOR_0.75,0.75,2.0,41,24.390243902439025,48.78048780487805,26.82926829268293,0.0,0.061209612837059495,1.1176907821452866,0.0365265932354286,1.0684267526559086,4.049099301557866,1.4711386773034536,1.0,1.4975903226525729
S18_C9_STRESS,stress,0.18,9.0,DOZ_OBJECTIVE_ONLY,TOUCH_NEXT_OPEN,VOL_FLOOR_0.75,0.75,2.5,41,14.634146341463413,48.78048780487805,36.58536585365854,0.0,0.052550642416011324,1.101041746900792,0.02786762281438047,1.0521351145226645,4.049099301557866,1.4711386773034536,1.0,1.1425725353895992
S18_C9_STRESS,stress,0.18,9.0,DOZ_OBJECTIVE_ONLY,TOUCH_NEXT_OPEN,VOL_FLOOR_0.75,0.75,3.0,41,4.878048780487805,51.21951219512195,43.90243902439025,0.0,-0.08238429605821629,0.8486914150262092,-0.10706731565984716,0.8087868652725243,4.049099301557866,1.4711386773034536,1.0,-4.389759942053733
S18_C9_STRESS,stress,0.18,9.0,DOZ_OBJECTIVE_ONLY,TOUCH_NEXT_OPEN,VOL_FLOOR_1.00,1.0,0.5,41,73.17073170731707,24.390243902439025,2.4390243902439024,0.0,0.1266271050080107,1.5191711305328448,0.10670672056551864,1.4295485823550855,5.2496303421436075,1.9529999999999745,1.0,4.374975543186264
S18_C9_STRESS,stress,0.18,9.0,DOZ_OBJECTIVE_ONLY,TOUCH_NEXT_OPEN,VOL_FLOOR_1.00,1.0,1.0,41,53.65853658536586,36.58536585365854,9.75609756097561,0.0,0.13907893490896994,1.3458106665153307,0.11915855046647793,1.2900565735469294,5.2496303421436075,1.9529999999999745,1.0,4.885500569125595
S18_C9_STRESS,stress,0.18,9.0,DOZ_OBJECTIVE_ONLY,TOUCH_NEXT_OPEN,VOL_FLOOR_1.00,1.0,1.5,41,34.146341463414636,41.46341463414634,24.390243902439025,0.0,0.11979583783778172,1.2642416463812012,0.09987545339528967,1.215469254072419,5.2496303421436075,1.9529999999999745,1.0,4.094893589206876
S18_C9_STRESS,stress,0.18,9.0,DOZ_OBJECTIVE_ONLY,TOUCH_NEXT_OPEN,VOL_FLOOR_1.00,1.0,2.0,41,9.75609756097561,41.46341463414634,48.78048780487805,0.0,-0.006838988860506146,0.9849162152808681,-0.026759373302998164,0.9423904393938525,5.2496303421436075,1.9529999999999745,1.0,-1.0971343054229248
S18_C9_STRESS,stress,0.18,9.0,DOZ_OBJECTIVE_ONLY,TOUCH_NEXT_OPEN,VOL_FLOOR_1.00,1.0,2.5,41,7.317073170731707,43.90243902439025,48.78048780487805,0.0,-0.04342435471416406,0.9091141980541293,-0.06334473915665609,0.8706327471066461,5.2496303421436075,1.9529999999999745,1.0,-2.5971343054228995
S18_C9_STRESS,stress,0.18,9.0,DOZ_OBJECTIVE_ONLY,TOUCH_NEXT_OPEN,VOL_FLOOR_1.00,1.0,3.0,41,4.878048780487805,46.34146341463415,48.78048780487805,0.0,-0.10439996447026186,0.7921067125654285,-0.12432034891275387,0.7583544853776251,5.2496303421436075,1.9529999999999745,1.0,-5.097134305422909
S18_C9_STRESS,stress,0.18,9.0,MEMORY_ONLY,ACCEPTANCE_RETEST,STRUCTURAL,,0.5,48,72.91666666666666,27.083333333333332,0.0,4.166666666666666,0.09375000000001014,1.3461538461538836,0.04639576479960087,1.1631704423394444,1.99301737278779,0.9203977346285228,7.0,2.226996710380842
S18_C9_STRESS,stress,0.18,9.0,MEMORY_ONLY,ACCEPTANCE_RETEST,STRUCTURAL,,1.0,48,39.58333333333333,58.333333333333336,2.083333333333333,4.166666666666666,-0.1835401930328507,0.6853596690865417,-0.23089442823325998,0.6227680263749362,1.99301737278779,0.9203977346285228,7.0,-11.082932555196479
S18_C9_STRESS,stress,0.18,9.0,MEMORY_ONLY,ACCEPTANCE_RETEST,STRUCTURAL,,1.5,48,31.25,62.5,6.25,4.166666666666666,-0.11707108006207134,0.8126862719006859,-0.16442531526248064,0.7489429740855686,1.99301737278779,0.9203977346285228,7.0,-7.89241513259907
S18_C9_STRESS,stress,0.18,9.0,MEMORY_ONLY,ACCEPTANCE_RETEST,STRUCTURAL,,2.0,48,31.25,62.5,6.25,4.166666666666666,0.03917891993793199,1.062686271900691,-0.008175315262477287,0.9875173094092358,1.99301737278779,0.9203977346285228,7.0,-0.3924151325989098
S18_C9_STRESS,stress,0.18,9.0,MEMORY_ONLY,ACCEPTANCE_RETEST,STRUCTURAL,,2.5,48,27.083333333333332,64.58333333333334,8.333333333333332,4.166666666666666,0.09386357187088172,1.1453371435420103,0.04650933667047247,1.0687155979479763,1.99301737278779,0.9203977346285228,7.0,2.2324481601826784
S18_C9_STRESS,stress,0.18,9.0,MEMORY_ONLY,ACCEPTANCE_RETEST,STRUCTURAL,,3.0,48,20.833333333333336,66.66666666666666,12.5,4.166666666666666,0.08210689684449275,1.1231603452667391,0.03475266164408347,1.049737599795756,1.99301737278779,0.9203977346285228,7.0,1.6681277589160066
S18_C9_STRESS,stress,0.18,9.0,MEMORY_ONLY,CLEAN_REJECTION,STRUCTURAL,,0.5,572,59.44055944055944,37.06293706293706,3.4965034965034967,0.0,-0.0874703206194689,0.7727183245874232,-0.12457797270034304,0.6882407210444255,2.4771670247788506,0.8462472160356356,1.0,-71.25860038459622
S18_C9_STRESS,stress,0.18,9.0,MEMORY_ONLY,CLEAN_REJECTION,STRUCTURAL,,1.0,572,41.43356643356643,49.47552447552447,9.090909090909092,0.0,-0.08031992540585377,0.8429507154634855,-0.11742757748672795,0.7789895418933624,2.4771670247788506,0.8462472160356356,1.0,-67.16857432240839
S18_C9_STRESS,stress,0.18,9.0,MEMORY_ONLY,CLEAN_REJECTION,STRUCTURAL,,1.5,572,30.069930069930066,54.37062937062937,15.55944055944056,0.0,-0.060478065355593816,0.8925896386957156,-0.09758571743646799,0.8331852369273636,2.4771670247788506,0.8462472160356356,1.0,-55.819030373659686
S18_C9_STRESS,stress,0.18,9.0,MEMORY_ONLY,CLEAN_REJECTION,STRUCTURAL,,2.0,572,22.202797202797203,56.81818181818182,20.97902097902098,0.0,-0.05186677450750487,0.9121218853696786,-0.08897442658837902,0.8549251481654885,2.4771670247788506,0.8462472160356356,1.0,-50.8933720085528
S18_C9_STRESS,stress,0.18,9.0,MEMORY_ONLY,CLEAN_REJECTION,STRUCTURAL,,2.5,572,17.307692307692307,58.04195804195804,24.65034965034965,0.0,-0.033479348560246786,0.9444280423142322,-0.07058700064112096,0.8872441811708209,2.4771670247788506,0.8462472160356356,1.0,-40.37576436672119
S18_C9_STRESS,stress,0.18,9.0,MEMORY_ONLY,CLEAN_REJECTION,STRUCTURAL,,3.0,572,13.286713286713287,58.39160839160839,28.321678321678323,0.0,-0.018215529037578587,0.9699607547204822,-0.05532318111845277,0.9122082554402355,2.4771670247788506,0.8462472160356356,1.0,-31.644859599754984
S18_C9_STRESS,stress,0.18,9.0,MEMORY_ONLY,FAILED_AUCTION,STRUCTURAL,,0.5,104,52.88461538461539,45.19230769230769,1.9230769230769231,0.0,-0.1865566363266753,0.5891380234778781,-0.2144745049058828,0.5400387390552308,3.4284999999998718,1.0114999999998417,9.0,-22.30534851021181
S18_C9_STRESS,stress,0.18,9.0,MEMORY_ONLY,FAILED_AUCTION,STRUCTURAL,,1.0,104,38.46153846153847,55.769230769230774,5.769230769230769,0.0,-0.17195590167556196,0.6962798373156162,-0.19987377025476943,0.6564111870800313,3.4284999999998718,1.0114999999998417,9.0,-20.78687210649602
S18_C9_STRESS,stress,0.18,9.0,MEMORY_ONLY,FAILED_AUCTION,STRUCTURAL,,1.5,104,25.0,58.65384615384615,16.346153846153847,0.0,-0.13007066096006625,0.7830458039856919,-0.15798852953927367,0.743576626610215,3.4284999999998718,1.0114999999998417,9.0,-16.430807072084463
S18_C9_STRESS,stress,0.18,9.0,MEMORY_ONLY,FAILED_AUCTION,STRUCTURAL,,2.0,104,18.269230769230766,60.57692307692307,21.153846153846153,0.0,-0.10342869671757281,0.8328455588892912,-0.13134656529678027,0.7934832604814153,3.4284999999998718,1.0114999999998417,9.0,-13.660042790865148
S18_C9_STRESS,stress,0.18,9.0,MEMORY_ONLY,FAILED_AUCTION,STRUCTURAL,,2.5,104,15.384615384615385,62.5,22.115384615384613,0.0,-0.1088614225884718,0.8308094030361755,-0.13677929116767926,0.7932619641455452,3.4284999999998718,1.0114999999998417,9.0,-14.225046281438644
S18_C9_STRESS,stress,0.18,9.0,MEMORY_ONLY,FAILED_AUCTION,STRUCTURAL,,3.0,104,10.576923076923077,63.46153846153846,25.961538461538463,0.0,-0.11083539375028045,0.8302778300677219,-0.13875326232948793,0.7934032091844403,3.4284999999998718,1.0114999999998417,9.0,-14.430339282266745
S18_C9_STRESS,stress,0.18,9.0,MEMORY_ONLY,PASSIVE_TOUCH,STRUCTURAL,,0.5,550,48.36363636363637,51.090909090909086,0.5454545454545455,23.636363636363637,-0.35762949541917755,0.4034016495528608,-0.43174969349782805,0.3237998008623906,1.2140000000002829,0.5599999999997181,2.0,-237.46233142380544
S18_C9_STRESS,stress,0.18,9.0,MEMORY_ONLY,PASSIVE_TOUCH,STRUCTURAL,,1.0,550,35.63636363636364,62.909090909090914,1.4545454545454546,23.454545454545457,-0.3610995505694203,0.49760827794163737,-0.4352197486480708,0.43231291511785863,1.2140000000002829,0.5599999999997181,2.0,-239.37086175643893
S18_C9_STRESS,stress,0.18,9.0,MEMORY_ONLY,PASSIVE_TOUCH,STRUCTURAL,,1.5,550,28.72727272727273,69.27272727272728,2.0,23.09090909090909,-0.3474231034325384,0.555950540565433,-0.4215433015111889,0.4951432643456795,1.2140000000002829,0.5599999999997181,2.0,-231.8488158311539
S18_C9_STRESS,stress,0.18,9.0,MEMORY_ONLY,PASSIVE_TOUCH,STRUCTURAL,,2.0,550,23.09090909090909,73.63636363636363,3.272727272727273,23.09090909090909,-0.3515573793740994,0.5744030906168778,-0.4256775774527499,0.5173031040678044,1.2140000000002829,0.5599999999997181,2.0,-234.12266759901246
S18_C9_STRESS,stress,0.18,9.0,MEMORY_ONLY,PASSIVE_TOUCH,STRUCTURAL,,2.5,550,19.090909090909093,76.72727272727272,4.181818181818182,23.09090909090909,-0.35561301361794834,0.5850379278049692,-0.4297332116965988,0.5302854799744761,1.2140000000002829,0.5599999999997181,2.0,-236.35326643312933
S18_C9_STRESS,stress,0.18,9.0,MEMORY_ONLY,PASSIVE_TOUCH,STRUCTURAL,,3.0,550,16.18181818181818,78.9090909090909,4.909090909090909,22.90909090909091,-0.35695232881543926,0.5938163116559315,-0.4310725268940897,0.540529215596342,1.2140000000002829,0.5599999999997181,2.0,-237.08988979174933
S18_C9_STRESS,stress,0.18,9.0,MEMORY_ONLY,RECLAIM_PULLBACK,STRUCTURAL,,0.5,512,58.984375,39.2578125,1.7578125,0.9765625,-0.10441283432469639,0.738533035354563,-0.1475789829007538,0.6461206503622356,2.108000000000402,0.7760000000000673,4.0,-75.56043924518595
S18_C9_STRESS,stress,0.18,9.0,MEMORY_ONLY,RECLAIM_PULLBACK,STRUCTURAL,,1.0,512,41.6015625,53.3203125,5.078125,0.9765625,-0.12126162285177579,0.7762113281495415,-0.16442777142783319,0.7095022053966239,2.108000000000402,0.7760000000000673,4.0,-84.18701897105059
S18_C9_STRESS,stress,0.18,9.0,MEMORY_ONLY,RECLAIM_PULLBACK,STRUCTURAL,,1.5,512,31.8359375,59.9609375,8.203125,0.9765625,-0.10771119324459205,0.8235093857693507,-0.15087734182064946,0.7634220037278858,2.108000000000402,0.7760000000000673,4.0,-77.24919901217253
S18_C9_STRESS,stress,0.18,9.0,MEMORY_ONLY,RECLAIM_PULLBACK,STRUCTURAL,,2.0,512,22.8515625,62.890625,14.2578125,0.9765625,-0.10378049549656118,0.8378219501937849,-0.1469466440726186,0.7802559234658988,2.108000000000402,0.7760000000000673,4.0,-75.23668176518072
S18_C9_STRESS,stress,0.18,9.0,MEMORY_ONLY,RECLAIM_PULLBACK,STRUCTURAL,,2.5,512,17.578125,64.6484375,17.7734375,0.9765625,-0.10019521832263999,0.8476107116544466,-0.14336136689869738,0.7913792625309002,2.108000000000402,0.7760000000000673,4.0,-73.40101985213306
S18_C9_STRESS,stress,0.18,9.0,MEMORY_ONLY,RECLAIM_PULLBACK,STRUCTURAL,,3.0,512,13.671875,66.2109375,20.1171875,0.9765625,-0.11122075958967811,0.8347988658810884,-0.15438690816573553,0.7805994795225519,2.108000000000402,0.7760000000000673,4.0,-79.04609698085659
S18_C9_STRESS,stress,0.18,9.0,MEMORY_ONLY,TOUCH_NEXT_OPEN,VOL_FLOOR_0.25,0.25,0.5,846,59.57446808510638,37.94326241134752,2.4822695035460995,0.7092198581560284,-0.0916691039308647,0.7647338320533718,-0.14404067010689586,0.650106611429196,2.033983041333613,0.1941813502460759,1.0,-121.8584069104339
S18_C9_STRESS,stress,0.18,9.0,MEMORY_ONLY,TOUCH_NEXT_OPEN,VOL_FLOOR_0.25,0.25,1.0,846,40.66193853427896,53.30969267139481,6.028368794326241,0.5910165484633569,-0.1286301254174175,0.7638031966687067,-0.18100169159344864,0.6850338082382053,2.033983041333613,0.1941813502460759,1.0,-153.12743108805756
S18_C9_STRESS,stress,0.18,9.0,MEMORY_ONLY,TOUCH_NEXT_OPEN,VOL_FLOOR_0.25,0.25,1.5,846,29.905437352245862,60.047281323877066,10.047281323877069,0.4728132387706856,-0.13461532881164462,0.780363320519691,-0.1869868949876758,0.711017538471039,2.033983041333613,0.1941813502460759,1.0,-158.1909131595737
S18_C9_STRESS,stress,0.18,9.0,MEMORY_ONLY,TOUCH_NEXT_OPEN,VOL_FLOOR_0.25,0.25,2.0,846,22.10401891252955,63.47517730496454,14.420803782505912,0.3546099290780142,-0.13659361152329763,0.789173038250392,-0.18896517769932877,0.7237531945280952,2.033983041333613,0.1941813502460759,1.0,-159.86454033363214
S18_C9_STRESS,stress,0.18,9.0,MEMORY_ONLY,TOUCH_NEXT_OPEN,VOL_FLOOR_0.25,0.25,2.5,846,17.494089834515368,64.8936170212766,17.61229314420804,0.3546099290780142,-0.1207404587360216,0.8178851163685554,-0.1731120249120528,0.7527738361948205,2.033983041333613,0.1941813502460759,1.0,-146.45277307559667
S18_C9_STRESS,stress,0.18,9.0,MEMORY_ONLY,TOUCH_NEXT_OPEN,VOL_FLOOR_0.25,0.25,3.0,846,14.657210401891252,65.36643026004728,19.976359338061467,0.3546099290780142,-0.08654023366468849,0.8704524425472489,-0.13891179984071966,0.8031508867859902,2.033983041333613,0.1941813502460759,1.0,-117.51938266524884
S18_C9_STRESS,stress,0.18,9.0,MEMORY_ONLY,TOUCH_NEXT_OPEN,VOL_FLOOR_0.50,0.5,0.5,846,59.810874704491724,37.70685579196218,2.4822695035460995,0.0,-0.08815328030165884,0.7723938224911892,-0.13257734211566832,0.67283008515027,2.207641843761696,0.3883627004921518,1.0,-112.1604314298554
S18_C9_STRESS,stress,0.18,9.0,MEMORY_ONLY,TOUCH_NEXT_OPEN,VOL_FLOOR_0.50,0.5,1.0,846,40.78014184397163,52.95508274231678,6.264775413711583,0.1182033096926714,-0.12401728307497131,0.7710433075662347,-0.16844134488898077,0.7028358068347311,2.207641843761696,0.3883627004921518,1.0,-142.50137777607773
S18_C9_STRESS,stress,0.18,9.0,MEMORY_ONLY,TOUCH_NEXT_OPEN,VOL_FLOOR_0.50,0.5,1.5,846,30.37825059101655,59.10165484633569,10.520094562647754,0.1182033096926714,-0.11585830037323729,0.8081692452962739,-0.16028236218724676,0.7463797231695973,2.207641843761696,0.3883627004921518,1.0,-135.59887841041075
S18_C9_STRESS,stress,0.18,9.0,MEMORY_ONLY,TOUCH_NEXT_OPEN,VOL_FLOOR_0.50,0.5,2.0,846,22.22222222222222,62.4113475177305,15.36643026004728,0.1182033096926714,-0.11609254593144251,0.8179999501069161,-0.16051660774545193,0.7595847340183371,2.207641843761696,0.3883627004921518,1.0,-135.79705015265233
S18_C9_STRESS,stress,0.18,9.0,MEMORY_ONLY,TOUCH_NEXT_OPEN,VOL_FLOOR_0.50,0.5,2.5,846,17.257683215130022,63.593380614657214,19.148936170212767,0.1182033096926714,-0.10643561056484611,0.8365734281710691,-0.15085967237885556,0.7787322020875302,2.207641843761696,0.3883627004921518,1.0,-127.6272828325118
S18_C9_STRESS,stress,0.18,9.0,MEMORY_ONLY,TOUCH_NEXT_OPEN,VOL_FLOOR_0.50,0.5,3.0,846,13.002364066193852,64.42080378250591,22.576832151300234,0.1182033096926714,-0.09779206454541958,0.8517963722487691,-0.142216126359429,0.7941316368860527,2.207641843761696,0.3883627004921518,1.0,-120.31484290007695
S18_C9_STRESS,stress,0.18,9.0,MEMORY_ONLY,TOUCH_NEXT_OPEN,VOL_FLOOR_0.75,0.75,0.5,846,59.57446808510638,37.5886524822695,2.8368794326241136,0.0,-0.08831487704746595,0.7718937522258389,-0.12623149742233863,0.6865592711928568,2.5893549798756794,0.5825440507382278,1.0,-106.79184681929848
S18_C9_STRESS,stress,0.18,9.0,MEMORY_ONLY,TOUCH_NEXT_OPEN,VOL_FLOOR_0.75,0.75,1.0,846,40.189125295508276,51.182033096926716,8.628841607565011,0.1182033096926714,-0.10841856685235306,0.794097547182133,-0.14633518722722574,0.732820368010998,2.5893549798756794,0.5825440507382278,1.0,-123.79956839423298
S18_C9_STRESS,stress,0.18,9.0,MEMORY_ONLY,TOUCH_NEXT_OPEN,VOL_FLOOR_0.75,0.75,1.5,846,27.89598108747045,56.50118203309693,15.602836879432624,0.1182033096926714,-0.10833404274219814,0.8140554820192274,-0.14625066311707083,0.7587538809460237,2.5893549798756794,0.5825440507382278,1.0,-123.72806099704192
S18_C9_STRESS,stress,0.18,9.0,MEMORY_ONLY,TOUCH_NEXT_OPEN,VOL_FLOOR_0.75,0.75,2.0,846,19.148936170212767,59.21985815602837,21.631205673758867,0.1182033096926714,-0.1169010705818794,0.8084626305525132,-0.1548176909567521,0.7562765616048149,2.5893549798756794,0.5825440507382278,1.0,-130.97576654941227
S18_C9_STRESS,stress,0.18,9.0,MEMORY_ONLY,TOUCH_NEXT_OPEN,VOL_FLOOR_0.75,0.75,2.5,846,14.539007092198581,59.810874704491724,25.65011820330969,0.1182033096926714,-0.09852823347208242,0.8403096758783315,-0.13644485384695512,0.7875524675585429,2.5893549798756794,0.5825440507382278,1.0,-115.43234635452403
S18_C9_STRESS,stress,0.18,9.0,MEMORY_ONLY,TOUCH_NEXT_OPEN,VOL_FLOOR_0.75,0.75,3.0,846,11.702127659574469,60.28368794326241,28.01418439716312,0.1182033096926714,-0.07411387287192434,0.8808504711378465,-0.112030493246797,0.8269797390140514,2.5893549798756794,0.5825440507382278,1.0,-94.77779728679026
S18_C9_STRESS,stress,0.18,9.0,MEMORY_ONLY,TOUCH_NEXT_OPEN,VOL_FLOOR_1.00,1.0,0.5,846,58.98345153664303,36.7612293144208,4.25531914893617,0.0,-0.08678348043197101,0.7734775064180125,-0.11913110456412405,0.6995353542422831,3.0454604768543456,0.6536867219917895,1.0,-100.78491446124895
S18_C9_STRESS,stress,0.18,9.0,MEMORY_ONLY,TOUCH_NEXT_OPEN,VOL_FLOOR_1.00,1.0,1.0,846,38.061465721040186,48.3451536643026,13.59338061465721,0.1182033096926714,-0.09386477709803824,0.8139439974660612,-0.12621240123019126,0.7583804880278653,3.0454604768543456,0.6536867219917895,1.0,-106.77569144074181
S18_C9_STRESS,stress,0.18,9.0,MEMORY_ONLY,TOUCH_NEXT_OPEN,VOL_FLOOR_1.00,1.0,1.5,846,25.886524822695034,51.41843971631206,22.69503546099291,0.1182033096926714,-0.06923716528930318,0.8715592705438252,-0.10158478942145621,0.8180227629945064,3.0454604768543456,0.6536867219917895,1.0,-85.94073185055196
S18_C9_STRESS,stress,0.18,9.0,MEMORY_ONLY,TOUCH_NEXT_OPEN,VOL_FLOOR_1.00,1.0,2.0,846,16.78486997635934,52.95508274231678,30.260047281323878,0.1182033096926714,-0.06584139425069407,0.8814688905849337,-0.0981890183828471,0.8293793970749304,3.0454604768543456,0.6536867219917895,1.0,-83.06790955188865
S18_C9_STRESS,stress,0.18,9.0,MEMORY_ONLY,TOUCH_NEXT_OPEN,VOL_FLOOR_1.00,1.0,2.5,846,13.120567375886525,53.664302600472816,33.21513002364066,0.1182033096926714,-0.05819837354172393,0.8967861922235643,-0.09054599767387697,0.8450188808047325,3.0454604768543456,0.6536867219917895,1.0,-76.60191403209991
S18_C9_STRESS,stress,0.18,9.0,MEMORY_ONLY,TOUCH_NEXT_OPEN,VOL_FLOOR_1.00,1.0,3.0,846,8.983451536643026,53.90070921985816,37.11583924349882,0.1182033096926714,-0.04687467666160987,0.9172156567309131,-0.0792223007937629,0.8649620659084692,3.0454604768543456,0.6536867219917895,1.0,-67.02206647152342
S18_C9_STRESS,stress,0.18,9.0,OBJECTIVE_LIQUIDITY_ONLY,ACCEPTANCE_RETEST,STRUCTURAL,,0.5,48,60.416666666666664,37.5,2.083333333333333,18.75,-0.06630985989125963,0.8231737069566409,-0.10672414091634924,0.7271909096163691,2.2074568907894445,0.923093534946247,7.0,-5.122758763984764
S18_C9_STRESS,stress,0.18,9.0,OBJECTIVE_LIQUIDITY_ONLY,ACCEPTANCE_RETEST,STRUCTURAL,,1.0,48,50.0,41.66666666666667,8.333333333333332,18.75,0.10680554090608167,1.256333298174596,0.06639125988099208,1.1528015634090991,2.2074568907894445,0.923093534946247,7.0,3.18678047428762
S18_C9_STRESS,stress,0.18,9.0,OBJECTIVE_LIQUIDITY_ONLY,ACCEPTANCE_RETEST,STRUCTURAL,,1.5,48,33.33333333333333,52.083333333333336,14.583333333333334,18.75,0.06179044238365477,1.118637649376617,0.021376161358565144,1.039265679899298,2.2074568907894445,0.923093534946247,7.0,1.026055745211127
S18_C9_STRESS,stress,0.18,9.0,OBJECTIVE_LIQUIDITY_ONLY,ACCEPTANCE_RETEST,STRUCTURAL,,2.0,48,27.083333333333332,58.333333333333336,14.583333333333334,18.75,0.040957109050319955,1.0702121869434056,0.000542828025230313,1.000889785895431,2.2074568907894445,0.923093534946247,7.0,0.026055745211055026
S18_C9_STRESS,stress,0.18,9.0,OBJECTIVE_LIQUIDITY_ONLY,ACCEPTANCE_RETEST,STRUCTURAL,,2.5,48,25.0,58.333333333333336,16.666666666666664,18.75,0.12425873259167046,1.213003391368751,0.08384445156658088,1.1373476222672982,2.2074568907894445,0.923093534946247,7.0,4.024533675195882
S18_C9_STRESS,stress,0.18,9.0,OBJECTIVE_LIQUIDITY_ONLY,ACCEPTANCE_RETEST,STRUCTURAL,,3.0,48,20.833333333333336,60.416666666666664,18.75,18.75,0.15263743992527706,1.2526280206509672,0.11222315890018747,1.1775300878664523,2.2074568907894445,0.923093534946247,7.0,5.3867116272089985
S18_C9_STRESS,stress,0.18,9.0,OBJECTIVE_LIQUIDITY_ONLY,CLEAN_REJECTION,STRUCTURAL,,0.5,1520,64.07894736842105,27.105263157894736,8.81578947368421,0.06578947368421052,0.03603808451596814,1.124746383364422,0.003950461140808329,1.0131991224186176,2.8234805045843814,1.054499999999507,1.0,6.00470093402866
S18_C9_STRESS,stress,0.18,9.0,OBJECTIVE_LIQUIDITY_ONLY,CLEAN_REJECTION,STRUCTURAL,,1.0,1520,39.60526315789474,39.4078947368421,20.986842105263158,0.06578947368421052,0.007571281185162937,1.0177570539364809,-0.024516342189996865,0.9445749125494586,2.8234805045843814,1.054499999999507,1.0,-37.264840128795235
S18_C9_STRESS,stress,0.18,9.0,OBJECTIVE_LIQUIDITY_ONLY,CLEAN_REJECTION,STRUCTURAL,,1.5,1520,26.052631578947366,43.94736842105263,30.0,0.0,0.011182446661583101,1.0235612161459418,-0.02090517671357671,0.9575409122400454,2.8234805045843814,1.054499999999507,1.0,-31.7758686046366
S18_C9_STRESS,stress,0.18,9.0,OBJECTIVE_LIQUIDITY_ONLY,CLEAN_REJECTION,STRUCTURAL,,2.0,1520,17.894736842105264,46.25,35.85526315789473,0.0,0.011625956127461912,1.0233322677773018,-0.0204616672476979,0.960429347333395,2.8234805045843814,1.054499999999507,1.0,-31.10173421650081
S18_C9_STRESS,stress,0.18,9.0,OBJECTIVE_LIQUIDITY_ONLY,CLEAN_REJECTION,STRUCTURAL,,2.5,1520,12.23684210526316,47.43421052631579,40.328947368421055,0.0,0.002475346892952464,1.0048490547157198,-0.029612276482207343,0.9441018452943706,2.8234805045843814,1.054499999999507,1.0,-45.01066025295516
S18_C9_STRESS,stress,0.18,9.0,OBJECTIVE_LIQUIDITY_ONLY,CLEAN_REJECTION,STRUCTURAL,,3.0,1520,8.618421052631579,48.1578947368421,43.223684210526315,0.0,-0.0026271980046072697,0.9949254181393816,-0.034714821379767065,0.9353903967670699,2.8234805045843814,1.054499999999507,1.0,-52.766528497245936
S18_C9_STRESS,stress,0.18,9.0,OBJECTIVE_LIQUIDITY_ONLY,FAILED_AUCTION,STRUCTURAL,,0.5,366,63.387978142076506,33.060109289617486,3.551912568306011,0.0,-0.022196762842161096,0.934775731354359,-0.04784619059804668,0.8633495717467706,3.713587062013289,1.1864999999997963,5.0,-17.511705758885086
S18_C9_STRESS,stress,0.18,9.0,OBJECTIVE_LIQUIDITY_ONLY,FAILED_AUCTION,STRUCTURAL,,1.0,366,43.98907103825137,43.44262295081967,12.568306010928962,0.0,0.009334065772998631,1.0206440559882304,-0.016315361982886963,0.9649322266151579,3.713587062013289,1.1864999999997963,5.0,-5.971422485736629
S18_C9_STRESS,stress,0.18,9.0,OBJECTIVE_LIQUIDITY_ONLY,FAILED_AUCTION,STRUCTURAL,,1.5,366,31.967213114754102,48.90710382513661,19.12568306010929,0.0,0.019778129862449315,1.0386706158067156,-0.0058712978934362895,0.9888525535410702,3.713587062013289,1.1864999999997963,5.0,-2.148895028997682
S18_C9_STRESS,stress,0.18,9.0,OBJECTIVE_LIQUIDITY_ONLY,FAILED_AUCTION,STRUCTURAL,,2.0,366,22.404371584699454,52.18579234972678,25.40983606557377,0.0,0.012216685834374528,1.0223239177128507,-0.013432741921511079,0.9761654782786655,3.713587062013289,1.1864999999997963,5.0,-4.916383543273055
S18_C9_STRESS,stress,0.18,9.0,OBJECTIVE_LIQUIDITY_ONLY,FAILED_AUCTION,STRUCTURAL,,2.5,366,17.759562841530055,53.278688524590166,28.96174863387978,0.0,0.03643753715325277,1.0651254461371074,0.010788109397367138,1.018722658923605,3.713587062013289,1.1864999999997963,5.0,3.9484480394363723
S18_C9_STRESS,stress,0.18,9.0,OBJECTIVE_LIQUIDITY_ONLY,FAILED_AUCTION,STRUCTURAL,,3.0,366,12.568306010928962,54.37158469945356,33.060109289617486,0.0,0.025691954090296988,1.045039890194552,4.2526334411375265e-05,1.0000723943217402,3.713587062013289,1.1864999999997963,5.0,0.015564638394563346
S18_C9_STRESS,stress,0.18,9.0,OBJECTIVE_LIQUIDITY_ONLY,PASSIVE_TOUCH,STRUCTURAL,,0.5,1160,53.706896551724135,46.03448275862069,0.25862068965517243,26.637931034482758,-0.23475800070331887,0.5336942473123228,-0.3047215132555513,0.43133415903135497,1.2705294554261855,0.5922294967606376,1.0,-353.4769553764395
S18_C9_STRESS,stress,0.18,9.0,OBJECTIVE_LIQUIDITY_ONLY,PASSIVE_TOUCH,STRUCTURAL,,1.0,1160,42.931034482758626,56.03448275862068,1.0344827586206897,25.17241379310345,-0.17300105499754265,0.7137272543769239,-0.24296456754977508,0.6226544536822566,1.2705294554261855,0.5922294967606376,1.0,-281.8388983577391
S18_C9_STRESS,stress,0.18,9.0,OBJECTIVE_LIQUIDITY_ONLY,PASSIVE_TOUCH,STRUCTURAL,,1.5,1160,35.43103448275862,62.241379310344826,2.327586206896552,24.482758620689655,-0.12646996831267926,0.8103938097653357,-0.19643348086491166,0.7237514039638772,1.2705294554261855,0.5922294967606376,1.0,-227.86283780329754
S18_C9_STRESS,stress,0.18,9.0,OBJECTIVE_LIQUIDITY_ONLY,PASSIVE_TOUCH,STRUCTURAL,,2.0,1160,30.17241379310345,66.8103448275862,3.0172413793103448,24.39655172413793,-0.09431732400624669,0.8676866872698034,-0.16428083655847905,0.7839957292975784,1.2705294554261855,0.5922294967606376,1.0,-190.5657704078357
S18_C9_STRESS,stress,0.18,9.0,OBJECTIVE_LIQUIDITY_ONLY,PASSIVE_TOUCH,STRUCTURAL,,2.5,1160,25.517241379310345,70.51724137931035,3.9655172413793105,24.310344827586206,-0.08761124309039657,0.883194615667607,-0.157574755642629,0.8031577220046712,1.2705294554261855,0.5922294967606376,1.0,-182.78671654544962
S18_C9_STRESS,stress,0.18,9.0,OBJECTIVE_LIQUIDITY_ONLY,PASSIVE_TOUCH,STRUCTURAL,,3.0,1160,21.379310344827587,72.58620689655172,6.0344827586206895,24.137931034482758,-0.07466221824194508,0.9031691657945451,-0.14462573079417748,0.8242798502531492,1.2705294554261855,0.5922294967606376,1.0,-167.76584772124588
S18_C9_STRESS,stress,0.18,9.0,OBJECTIVE_LIQUIDITY_ONLY,RECLAIM_PULLBACK,STRUCTURAL,,0.5,1382,62.51808972503618,32.9232995658466,4.558610709117222,2.3878437047756873,-0.024364513458794628,0.9281811304512205,-0.06262967897642398,0.8226324651436606,2.30800000000022,0.8244589935213753,3.0,-86.55421634541793
S18_C9_STRESS,stress,0.18,9.0,OBJECTIVE_LIQUIDITY_ONLY,RECLAIM_PULLBACK,STRUCTURAL,,1.0,1382,44.211287988422576,43.99421128798842,11.794500723589001,2.2431259044862517,0.007881945999988949,1.0172664947820034,-0.030383219517640385,0.93612893171198,2.30800000000022,0.8244589935213753,3.0,-41.98960937337901
S18_C9_STRESS,stress,0.18,9.0,OBJECTIVE_LIQUIDITY_ONLY,RECLAIM_PULLBACK,STRUCTURAL,,1.5,1382,31.83791606367583,49.56584659913169,18.596237337192477,2.170767004341534,0.025169466897244457,1.0489350395885682,-0.013095698620384878,0.9755796747447422,2.30800000000022,0.8244589935213753,3.0,-18.0982554933719
S18_C9_STRESS,stress,0.18,9.0,OBJECTIVE_LIQUIDITY_ONLY,RECLAIM_PULLBACK,STRUCTURAL,,2.0,1382,22.286541244573083,53.32850940665702,24.3849493487699,2.170767004341534,0.003244961923256192,1.0058633061039515,-0.03502020359437315,0.9393246893122322,2.30800000000022,0.8244589935213753,3.0,-48.39792136742369
S18_C9_STRESS,stress,0.18,9.0,OBJECTIVE_LIQUIDITY_ONLY,RECLAIM_PULLBACK,STRUCTURAL,,2.5,1382,16.78726483357453,55.137481910274964,28.075253256150507,2.170767004341534,0.0053314757347808816,1.0093153086510251,-0.03293368978284845,0.9448404550081978,2.30800000000022,0.8244589935213753,3.0,-45.51435927989655
S18_C9_STRESS,stress,0.18,9.0,OBJECTIVE_LIQUIDITY_ONLY,RECLAIM_PULLBACK,STRUCTURAL,,3.0,1382,12.083936324167873,56.36758321273516,31.54848046309696,2.170767004341534,-0.004113948069423981,0.992970803820879,-0.042379113587053305,0.930599070595663,2.30800000000022,0.8244589935213753,3.0,-58.567934977307665
S18_C9_STRESS,stress,0.18,9.0,OBJECTIVE_LIQUIDITY_ONLY,TOUCH_NEXT_OPEN,VOL_FLOOR_0.25,0.25,0.5,2062,65.47041707080504,28.22502424830262,6.304558680892337,1.3579049466537343,0.035588995379254175,1.120593614957371,-0.0053096332525331335,0.9827835766820725,2.415500000000179,0.33849999999961256,1.0,-10.948463766723322
S18_C9_STRESS,stress,0.18,9.0,OBJECTIVE_LIQUIDITY_ONLY,TOUCH_NEXT_OPEN,VOL_FLOOR_0.25,0.25,1.0,2062,44.6168768186227,40.93113482056256,14.451988360814743,0.7274490785645005,0.04064828172663722,1.094425247298944,-0.00025034690515008556,0.9994434977954605,2.415500000000179,0.33849999999961256,1.0,-0.5162153184194764
S18_C9_STRESS,stress,0.18,9.0,OBJECTIVE_LIQUIDITY_ONLY,TOUCH_NEXT_OPEN,VOL_FLOOR_0.25,0.25,1.5,2062,32.201745877788554,46.21726479146459,21.580989330746846,0.4364694471387003,0.06369207145513664,1.1309586672349121,0.02279344282334932,1.044814454719839,2.415500000000179,0.33849999999961256,1.0,47.000079101746294
S18_C9_STRESS,stress,0.18,9.0,OBJECTIVE_LIQUIDITY_ONLY,TOUCH_NEXT_OPEN,VOL_FLOOR_0.25,0.25,2.0,2062,23.569350145489814,49.8545101842871,26.576139670223085,0.2909796314258002,0.06163964119870566,1.1175318539795052,0.020741012566918356,1.037800875210399,2.415500000000179,0.33849999999961256,1.0,42.76796791298565
S18_C9_STRESS,stress,0.18,9.0,OBJECTIVE_LIQUIDITY_ONLY,TOUCH_NEXT_OPEN,VOL_FLOOR_0.25,0.25,2.5,2062,17.701260911736178,51.55189136760426,30.746847720659552,0.2909796314258002,0.06914371195554674,1.1275826517688423,0.028245083323759412,1.0497992159661838,2.415500000000179,0.33849999999961256,1.0,58.24136181359191
S18_C9_STRESS,stress,0.18,9.0,OBJECTIVE_LIQUIDITY_ONLY,TOUCH_NEXT_OPEN,VOL_FLOOR_0.25,0.25,3.0,2062,12.997090203685744,53.24927255092143,33.753637245392824,0.1454898157129001,0.045691238665191564,1.0816999774050082,0.004792610033404254,1.0081878439399914,2.415500000000179,0.33849999999961256,1.0,9.882361888879572
S18_C9_STRESS,stress,0.18,9.0,OBJECTIVE_LIQUIDITY_ONLY,TOUCH_NEXT_OPEN,VOL_FLOOR_0.50,0.5,0.5,2062,65.61590688651793,28.07953443258972,6.304558680892337,0.4364694471387003,0.03773343742623981,1.1284769563367494,0.0012246990033551056,1.0040104456064873,2.603872799914866,0.5312753484061132,1.0,2.5253293449182275
S18_C9_STRESS,stress,0.18,9.0,OBJECTIVE_LIQUIDITY_ONLY,TOUCH_NEXT_OPEN,VOL_FLOOR_0.50,0.5,1.0,2062,44.85935984481087,40.688651794374394,14.451988360814743,0.1454898157129001,0.045460037061692264,1.1061916808179755,0.008951298638807585,1.0200985102482947,2.603872799914866,0.5312753484061132,1.0,18.45757779322124
S18_C9_STRESS,stress,0.18,9.0,OBJECTIVE_LIQUIDITY_ONLY,TOUCH_NEXT_OPEN,VOL_FLOOR_0.50,0.5,1.5,2062,32.007759456838016,46.071774975751694,21.92046556741028,0.04849660523763337,0.06319006856926626,1.1300945681465548,0.026681330146381577,1.0527739134769423,2.603872799914866,0.5312753484061132,1.0,55.016902761838814
S18_C9_STRESS,stress,0.18,9.0,OBJECTIVE_LIQUIDITY_ONLY,TOUCH_NEXT_OPEN,VOL_FLOOR_0.50,0.5,2.0,2062,22.841901066925317,49.8545101842871,27.303588748787583,0.0,0.051755631102245035,1.098521544941656,0.015246892679360325,1.0278674633846827,2.603872799914866,0.5312753484061132,1.0,31.439092704840988
S18_C9_STRESS,stress,0.18,9.0,OBJECTIVE_LIQUIDITY_ONLY,TOUCH_NEXT_OPEN,VOL_FLOOR_0.50,0.5,2.5,2062,16.39185257032008,51.55189136760426,32.056256062075654,0.0,0.04634098405873515,1.0853466529511095,0.009832245635850459,1.0173833590395613,2.603872799914866,0.5312753484061132,1.0,20.274090501123645
S18_C9_STRESS,stress,0.18,9.0,OBJECTIVE_LIQUIDITY_ONLY,TOUCH_NEXT_OPEN,VOL_FLOOR_0.50,0.5,3.0,2062,11.10572259941804,53.006789524733264,35.88748787584869,0.0,0.013685888748246371,1.024540826670699,-0.022822849674638324,0.9607158118512196,2.603872799914866,0.5312753484061132,1.0,-47.06071602910422
S18_C9_STRESS,stress,0.18,9.0,OBJECTIVE_LIQUIDITY_ONLY,TOUCH_NEXT_OPEN,VOL_FLOOR_0.75,0.75,0.5,2062,66.10087293889427,27.400581959262855,6.498545101842872,0.19398642095053348,0.04598970502793389,1.1597476096692592,0.01401811683668173,1.0470378124446906,3.0343457962739655,0.7739999999998872,1.0,28.905356917237725
S18_C9_STRESS,stress,0.18,9.0,OBJECTIVE_LIQUIDITY_ONLY,TOUCH_NEXT_OPEN,VOL_FLOOR_0.75,0.75,1.0,2062,44.81086323957323,39.18525703200776,16.003879728419008,0.09699321047526674,0.06019190915741733,1.1447183805132295,0.028220320966165172,1.0654768519163067,3.0343457962739655,0.7739999999998872,1.0,58.190301832232585
S18_C9_STRESS,stress,0.18,9.0,OBJECTIVE_LIQUIDITY_ONLY,TOUCH_NEXT_OPEN,VOL_FLOOR_0.75,0.75,1.5,2062,30.40737148399612,44.6168768186227,24.97575169738118,0.0,0.059928904844506095,1.126279170183247,0.02795731665325394,1.0568234954490663,3.0343457962739655,0.7739999999998872,1.0,57.64798693900963
S18_C9_STRESS,stress,0.18,9.0,OBJECTIVE_LIQUIDITY_ONLY,TOUCH_NEXT_OPEN,VOL_FLOOR_0.75,0.75,2.0,2062,20.17458777885548,47.526673132880696,32.29873908826382,0.0,0.0459752791300421,1.0909340549077577,0.014003690938789934,1.0267088078437347,3.0343457962739655,0.7739999999998872,1.0,28.875610715784845
S18_C9_STRESS,stress,0.18,9.0,OBJECTIVE_LIQUIDITY_ONLY,TOUCH_NEXT_OPEN,VOL_FLOOR_0.75,0.75,2.5,2062,13.724539282250243,48.933074684772066,37.34238603297769,0.0,0.03522524310620919,1.06769734853346,0.0032536549149570085,1.0060280431429265,3.0343457962739655,0.7739999999998872,1.0,6.709036434641352
S18_C9_STRESS,stress,0.18,9.0,OBJECTIVE_LIQUIDITY_ONLY,TOUCH_NEXT_OPEN,VOL_FLOOR_0.75,0.75,3.0,2062,9.06886517943744,49.61202715809893,41.31910766246363,0.0,0.021002687758556488,1.039837797148271,-0.01096890043269569,0.9799426582837875,3.0343457962739655,0.7739999999998872,1.0,-22.617872692218512
S18_C9_STRESS,stress,0.18,9.0,OBJECTIVE_LIQUIDITY_ONLY,TOUCH_NEXT_OPEN,VOL_FLOOR_1.00,1.0,0.5,2062,65.17943743937924,27.206595538312317,7.613967022308439,0.09699321047526674,0.040675393714898665,1.1407838467596643,0.012774121645874575,1.0428660618734686,3.5786417622068782,0.8333358120370551,1.0,26.340238833793375
S18_C9_STRESS,stress,0.18,9.0,OBJECTIVE_LIQUIDITY_ONLY,TOUCH_NEXT_OPEN,VOL_FLOOR_1.00,1.0,1.0,2062,41.07662463627546,38.554801163918526,20.368574199806012,0.04849660523763337,0.03392276958360506,1.081674244692021,0.006021497514580966,1.0140404497388877,3.5786417622068782,0.8333358120370551,1.0,12.416327875065953
S18_C9_STRESS,stress,0.18,9.0,OBJECTIVE_LIQUIDITY_ONLY,TOUCH_NEXT_OPEN,VOL_FLOOR_1.00,1.0,1.5,2062,25.897187196896216,42.143549951503395,31.95926285160039,0.0,0.038818580447302325,1.0851446998225909,0.010917308378278227,1.023181613086877,3.5786417622068782,0.8333358120370551,1.0,22.511489876009705
S18_C9_STRESS,stress,0.18,9.0,OBJECTIVE_LIQUIDITY_ONLY,TOUCH_NEXT_OPEN,VOL_FLOOR_1.00,1.0,2.0,2062,15.664403491755577,44.37439379243453,39.9612027158099,0.0,0.0202509471086057,1.0421882899334467,-0.007650324960418398,0.9845772616312044,3.5786417622068782,0.8333358120370551,1.0,-15.774970068382736
S18_C9_STRESS,stress,0.18,9.0,OBJECTIVE_LIQUIDITY_ONLY,TOUCH_NEXT_OPEN,VOL_FLOOR_1.00,1.0,2.5,2062,9.893307468477207,45.1988360814743,44.90785645004849,0.0,0.01015757461640586,1.020800342846394,-0.01774369745261824,0.9648383754799607,3.5786417622068782,0.8333358120370551,1.0,-36.587504147298816
S18_C9_STRESS,stress,0.18,9.0,OBJECTIVE_LIQUIDITY_ONLY,TOUCH_NEXT_OPEN,VOL_FLOOR_1.00,1.0,3.0,2062,5.868089233753637,45.683802133850634,48.44810863239573,0.0,-0.0037601251698796924,0.9923811781302245,-0.031661397238903814,0.9379231386791161,3.5786417622068782,0.8333358120370551,1.0,-65.28580110661966
