scenario,scenario_role,spread_usd,commission_rt_usd,sample,entry_model,risk_rule,vol_floor_k,target_r,trades,tp_pct,sl_pct,time_pct,ambiguous_same_bar_pct,avg_gross_R,pf_gross,avg_net_R,pf_net,median_risk_price,min_risk_price,median_entry_delay_minutes,sum_net_R
S10_C6,sensitivity,0.1,6.0,DISPLACEMENT_ORIGIN_ONLY,ACCEPTANCE_RETEST,STRUCTURAL,,0.5,12,50.0,50.0,0.0,33.33333333333333,-0.24999999999997713,0.5000000000000457,-0.3487054079437963,0.36349208667960314,0.5382786362586103,0.42207881681474646,8.0,-4.184464895325555
S10_C6,sensitivity,0.1,6.0,DISPLACEMENT_ORIGIN_ONLY,ACCEPTANCE_RETEST,STRUCTURAL,,1.0,12,41.66666666666667,58.333333333333336,0.0,25.0,-0.16666666666666666,0.7142857142857143,-0.2653720746104858,0.5864056859020991,0.5382786362586103,0.42207881681474646,8.0,-3.1844648953258297
S10_C6,sensitivity,0.1,6.0,DISPLACEMENT_ORIGIN_ONLY,ACCEPTANCE_RETEST,STRUCTURAL,,1.5,12,41.66666666666667,58.333333333333336,0.0,16.666666666666664,0.041666666666643794,1.0714285714285323,-0.0570387412771754,0.9111025562498699,0.5382786362586103,0.42207881681474646,8.0,-0.6844648953261048
S10_C6,sensitivity,0.1,6.0,DISPLACEMENT_ORIGIN_ONLY,ACCEPTANCE_RETEST,STRUCTURAL,,2.0,12,41.66666666666667,58.333333333333336,0.0,16.666666666666664,0.25,1.4285714285714286,0.15129459205618087,1.2357994265977121,0.5382786362586103,0.42207881681474646,8.0,1.8155351046741703
S10_C6,sensitivity,0.1,6.0,DISPLACEMENT_ORIGIN_ONLY,ACCEPTANCE_RETEST,STRUCTURAL,,2.5,12,33.33333333333333,66.66666666666666,0.0,16.666666666666664,0.16666666666669627,1.2500000000000444,0.06796125872287716,1.0932878480752644,0.5382786362586103,0.42207881681474646,8.0,0.8155351046745258
S10_C6,sensitivity,0.1,6.0,DISPLACEMENT_ORIGIN_ONLY,ACCEPTANCE_RETEST,STRUCTURAL,,3.0,12,33.33333333333333,66.66666666666666,0.0,16.666666666666664,0.3333333333333333,1.5,0.23462792538951419,1.3220648744485874,0.5382786362586103,0.42207881681474646,8.0,2.8155351046741703
S10_C6,sensitivity,0.1,6.0,DISPLACEMENT_ORIGIN_ONLY,CLEAN_REJECTION,STRUCTURAL,,0.5,935,61.283422459893046,22.780748663101605,15.935828877005347,0.10695187165775401,0.05408130144660939,1.2079860634808675,0.031880660320982364,1.119635749146414,3.4544351434656164,0.4514999999998963,1.0,29.808417400118508
S10_C6,sensitivity,0.1,6.0,DISPLACEMENT_ORIGIN_ONLY,CLEAN_REJECTION,STRUCTURAL,,1.0,935,39.25133689839572,31.122994652406415,29.62566844919786,0.10695187165775401,0.08543783777405385,1.2390164432930157,0.06323719664842685,1.1723227575886266,3.4544351434656164,0.4514999999998963,1.0,59.1267788662791
S10_C6,sensitivity,0.1,6.0,DISPLACEMENT_ORIGIN_ONLY,CLEAN_REJECTION,STRUCTURAL,,1.5,935,25.56149732620321,35.82887700534759,38.6096256684492,0.0,0.08366752601255457,1.2046378414207246,0.06146688488692756,1.1463993960592107,3.4544351434656164,0.4514999999998963,1.0,57.471537369277264
S10_C6,sensitivity,0.1,6.0,DISPLACEMENT_ORIGIN_ONLY,CLEAN_REJECTION,STRUCTURAL,,2.0,935,18.502673796791445,37.4331550802139,44.06417112299465,0.0,0.1082412087823332,1.2541606322386163,0.0860405676567062,1.196653291644334,3.4544351434656164,0.4514999999998963,1.0,80.4479307590203
S10_C6,sensitivity,0.1,6.0,DISPLACEMENT_ORIGIN_ONLY,CLEAN_REJECTION,STRUCTURAL,,2.5,935,14.117647058823529,38.18181818181819,47.700534759358284,0.0,0.14233308426580124,1.3284378771777785,0.1201324431401742,1.269763202517149,3.4544351434656164,0.4514999999998963,1.0,112.32383433606287
S10_C6,sensitivity,0.1,6.0,DISPLACEMENT_ORIGIN_ONLY,CLEAN_REJECTION,STRUCTURAL,,3.0,935,10.481283422459892,38.93048128342246,50.588235294117645,0.0,0.14157693067922486,1.3209263381339957,0.11937628955359783,1.2631363608504727,3.4544351434656164,0.4514999999998963,1.0,111.61683073261398
S10_C6,sensitivity,0.1,6.0,DISPLACEMENT_ORIGIN_ONLY,FAILED_AUCTION,STRUCTURAL,,0.5,177,61.016949152542374,38.983050847457626,0.0,0.5649717514124294,-0.08474576271186275,0.7826086956521783,-0.12709290308722956,0.6877208306688986,1.7645577272714945,0.2799999999999727,3.0,-22.49544384643963
S10_C6,sensitivity,0.1,6.0,DISPLACEMENT_ORIGIN_ONLY,FAILED_AUCTION,STRUCTURAL,,1.0,177,44.06779661016949,54.23728813559322,1.694915254237288,0.5649717514124294,-0.10296928709285119,0.811093286222256,-0.145316427468218,0.7447182077195051,1.7645577272714945,0.2799999999999727,3.0,-25.721007661874584
S10_C6,sensitivity,0.1,6.0,DISPLACEMENT_ORIGIN_ONLY,FAILED_AUCTION,STRUCTURAL,,1.5,177,32.20338983050847,60.451977401129945,7.344632768361582,0.5649717514124294,-0.09340692900037555,0.8463946820651667,-0.13575406937574233,0.7862612609204022,1.7645577272714945,0.2799999999999727,3.0,-24.028470279506394
S10_C6,sensitivity,0.1,6.0,DISPLACEMENT_ORIGIN_ONLY,FAILED_AUCTION,STRUCTURAL,,2.0,177,26.55367231638418,65.5367231638418,7.909604519774012,0.0,-0.09432180960645935,0.8568592356143317,-0.13666894998182616,0.8018384266356259,1.7645577272714945,0.2799999999999727,3.0,-24.19040414678323
S10_C6,sensitivity,0.1,6.0,DISPLACEMENT_ORIGIN_ONLY,FAILED_AUCTION,STRUCTURAL,,2.5,177,19.2090395480226,67.79661016949152,12.994350282485875,0.0,-0.09342261865142894,0.8629248964167905,-0.13576975902679572,0.8096941863429159,1.7645577272714945,0.2799999999999727,3.0,-24.031247347742845
S10_C6,sensitivity,0.1,6.0,DISPLACEMENT_ORIGIN_ONLY,FAILED_AUCTION,STRUCTURAL,,3.0,177,15.819209039548024,69.49152542372882,14.689265536723164,0.0,-0.09304257672511071,0.8667951583659549,-0.1353897171004775,0.814814624715908,1.7645577272714945,0.2799999999999727,3.0,-23.96397992678452
S10_C6,sensitivity,0.1,6.0,DISPLACEMENT_ORIGIN_ONLY,PASSIVE_TOUCH,STRUCTURAL,,0.5,483,55.072463768115945,44.72049689440994,0.2070393374741201,23.60248447204969,-0.1723666365017751,0.6150201266970208,-0.25722806439585094,0.47690864163980945,0.8782259070837881,0.20400000000017826,3.0,-124.241155103196
S10_C6,sensitivity,0.1,6.0,DISPLACEMENT_ORIGIN_ONLY,PASSIVE_TOUCH,STRUCTURAL,,1.0,483,43.89233954451346,55.90062111801242,0.2070393374741201,21.532091097308488,-0.12060680213324537,0.7844498783886449,-0.20546823002732123,0.6629821500170165,0.8782259070837881,0.20400000000017826,3.0,-99.24115510319615
S10_C6,sensitivity,0.1,6.0,DISPLACEMENT_ORIGIN_ONLY,PASSIVE_TOUCH,STRUCTURAL,,1.5,483,38.71635610766045,60.86956521739131,0.4140786749482402,21.11801242236025,-0.029017523816950396,0.9524117891364224,-0.11387895171102626,0.828291097604557,0.8782259070837881,0.20400000000017826,3.0,-55.00353367642568
S10_C6,sensitivity,0.1,6.0,DISPLACEMENT_ORIGIN_ONLY,PASSIVE_TOUCH,STRUCTURAL,,2.0,483,33.74741200828157,64.38923395445134,1.8633540372670807,20.910973084886127,0.040925857158404896,1.0632698769466762,-0.04393557073567099,0.9375703509569401,0.8782259070837881,0.20400000000017826,3.0,-21.220880665329087
S10_C6,sensitivity,0.1,6.0,DISPLACEMENT_ORIGIN_ONLY,PASSIVE_TOUCH,STRUCTURAL,,2.5,483,27.95031055900621,68.11594202898551,3.9337474120082816,20.910973084886127,0.05242599400307633,1.076633537912216,-0.032435433890999565,0.9563594588201735,0.8782259070837881,0.20400000000017826,3.0,-15.666314569352789
S10_C6,sensitivity,0.1,6.0,DISPLACEMENT_ORIGIN_ONLY,PASSIVE_TOUCH,STRUCTURAL,,3.0,483,24.43064182194617,70.1863354037267,5.383022774327122,20.910973084886127,0.08838133387095232,1.1253961683798963,0.003519905976876464,1.004594419546431,0.8782259070837881,0.20400000000017826,3.0,1.700114586831332
S10_C6,sensitivity,0.1,6.0,DISPLACEMENT_ORIGIN_ONLY,RECLAIM_PULLBACK,STRUCTURAL,,0.5,840,60.476190476190474,29.404761904761905,10.119047619047619,3.3333333333333335,-0.00494673853421892,0.9841785497627559,-0.03811107210763609,0.8828194966251499,2.562575796604392,0.2215000000001055,3.0,-32.013300570414316
S10_C6,sensitivity,0.1,6.0,DISPLACEMENT_ORIGIN_ONLY,RECLAIM_PULLBACK,STRUCTURAL,,1.0,840,40.95238095238095,38.333333333333336,20.714285714285715,3.214285714285714,0.03561764167324031,1.086377384772667,0.0024533080998231285,1.0057317378220498,2.562575796604392,0.2215000000001055,3.0,2.060778803851428
S10_C6,sensitivity,0.1,6.0,DISPLACEMENT_ORIGIN_ONLY,RECLAIM_PULLBACK,STRUCTURAL,,1.5,840,28.92857142857143,43.57142857142857,27.500000000000004,3.214285714285714,0.042462188849012164,1.090595942874546,0.009297855275594992,1.019095281767887,2.562575796604392,0.2215000000001055,3.0,7.810198431499794
S10_C6,sensitivity,0.1,6.0,DISPLACEMENT_ORIGIN_ONLY,RECLAIM_PULLBACK,STRUCTURAL,,2.0,840,20.833333333333336,46.666666666666664,32.5,3.214285714285714,0.03899422926775178,1.0777695209922202,0.005829895694334625,1.0111758971302138,2.562575796604392,0.2215000000001055,3.0,4.897112383241085
S10_C6,sensitivity,0.1,6.0,DISPLACEMENT_ORIGIN_ONLY,RECLAIM_PULLBACK,STRUCTURAL,,2.5,840,16.071428571428573,47.73809523809524,36.19047619047619,3.214285714285714,0.06940990717688694,1.1353065265929132,0.036245573603469784,1.067900698997397,2.562575796604392,0.2215000000001055,3.0,30.446281826914618
S10_C6,sensitivity,0.1,6.0,DISPLACEMENT_ORIGIN_ONLY,RECLAIM_PULLBACK,STRUCTURAL,,3.0,840,13.452380952380953,48.80952380952381,37.73809523809524,3.214285714285714,0.08999700334616323,1.171849382385947,0.05683266977274609,1.10423263299653,2.562575796604392,0.2215000000001055,3.0,47.73944260910672
S10_C6,sensitivity,0.1,6.0,DISPLACEMENT_ORIGIN_ONLY,TOUCH_NEXT_OPEN,VOL_FLOOR_0.25,0.25,0.5,1161,63.13522825150733,24.63393626184324,12.23083548664944,0.8613264427217916,0.05215157418965193,1.1932414338380632,0.021531702261549674,1.076939429047855,2.80501489965809,0.28002282972900083,1.0,24.998306325659172
S10_C6,sensitivity,0.1,6.0,DISPLACEMENT_ORIGIN_ONLY,TOUCH_NEXT_OPEN,VOL_FLOOR_0.25,0.25,1.0,1161,42.29112833763997,34.366925064599485,23.34194659776055,0.6890611541774333,0.08356829599330308,1.2204245609431377,0.05294842406520084,1.1346445419671851,2.80501489965809,0.28002282972900083,1.0,61.47312033969817
S10_C6,sensitivity,0.1,6.0,DISPLACEMENT_ORIGIN_ONLY,TOUCH_NEXT_OPEN,VOL_FLOOR_0.25,0.25,1.5,1161,28.940568475452196,40.310077519379846,30.749354005167955,0.2583979328165375,0.08212106899741539,1.1858034923099985,0.05150119706931314,1.1123232256026907,2.80501489965809,0.28002282972900083,1.0,59.792889797472554
S10_C6,sensitivity,0.1,6.0,DISPLACEMENT_ORIGIN_ONLY,TOUCH_NEXT_OPEN,VOL_FLOOR_0.25,0.25,2.0,1161,21.53316106804479,43.15245478036176,35.31438415159345,0.17226528854435832,0.09635453136314465,1.2045094556790628,0.06573465943504239,1.1343628333940192,2.80501489965809,0.28002282972900083,1.0,76.31793960408422
S10_C6,sensitivity,0.1,6.0,DISPLACEMENT_ORIGIN_ONLY,TOUCH_NEXT_OPEN,VOL_FLOOR_0.25,0.25,2.5,1161,15.848406546080964,44.96124031007752,39.19035314384152,0.17226528854435832,0.10326475240044018,1.211072902739227,0.07264488047233793,1.1429140511877072,2.80501489965809,0.28002282972900083,1.0,84.34070622838433
S10_C6,sensitivity,0.1,6.0,DISPLACEMENT_ORIGIN_ONLY,TOUCH_NEXT_OPEN,VOL_FLOOR_0.25,0.25,3.0,1161,13.006029285099052,45.65030146425496,41.343669250645995,0.08613264427217916,0.12421502015498351,1.2501083636031027,0.09359514822688127,1.1813160623951806,2.80501489965809,0.28002282972900083,1.0,108.66396709140915
S10_C6,sensitivity,0.1,6.0,DISPLACEMENT_ORIGIN_ONLY,TOUCH_NEXT_OPEN,VOL_FLOOR_0.50,0.5,0.5,1161,63.2213608957795,24.54780361757106,12.23083548664944,0.4306632213608958,0.05344356385373505,1.1986627880367269,0.028548283638265646,1.1031170737892824,2.9774924231289788,0.5165051056775793,1.0,33.144557304026414
S10_C6,sensitivity,0.1,6.0,DISPLACEMENT_ORIGIN_ONLY,TOUCH_NEXT_OPEN,VOL_FLOOR_0.50,0.5,1.0,1161,41.25753660637382,34.96985357450474,23.772609819121445,0.2583979328165375,0.06884982733028336,1.178674606739833,0.043954547114813995,1.1107929295910326,2.9774924231289788,0.5165051056775793,1.0,51.031229200299045
S10_C6,sensitivity,0.1,6.0,DISPLACEMENT_ORIGIN_ONLY,TOUCH_NEXT_OPEN,VOL_FLOOR_0.50,0.5,1.5,1161,27.820844099913867,40.22394487510766,31.955211024978468,0.17226528854435832,0.07263909292803288,1.1644807139334592,0.04774381271256349,1.1049384928379613,2.9774924231289788,0.5165051056775793,1.0,55.43056655928621
S10_C6,sensitivity,0.1,6.0,DISPLACEMENT_ORIGIN_ONLY,TOUCH_NEXT_OPEN,VOL_FLOOR_0.50,0.5,2.0,1161,21.016365202411713,42.377260981912144,36.60637381567614,0.0,0.09953578438001819,1.2145636127827857,0.07464050416454877,1.15610459221714,2.9774924231289788,0.5165051056775793,1.0,86.65762533504113
S10_C6,sensitivity,0.1,6.0,DISPLACEMENT_ORIGIN_ONLY,TOUCH_NEXT_OPEN,VOL_FLOOR_0.50,0.5,2.5,1161,15.15934539190353,43.49698535745048,41.343669250645995,0.0,0.11926198307501869,1.2510271466884215,0.09436670285954929,1.1926847065397164,2.9774924231289788,0.5165051056775793,1.0,109.55974201993672
S10_C6,sensitivity,0.1,6.0,DISPLACEMENT_ORIGIN_ONLY,TOUCH_NEXT_OPEN,VOL_FLOOR_0.50,0.5,3.0,1161,11.455641688199828,44.53057708871662,44.01378122308355,0.08613264427217916,0.11877943004277013,1.2444669938726987,0.09388414982730074,1.1873534846427727,2.9774924231289788,0.5165051056775793,1.0,108.99949794949616
S10_C6,sensitivity,0.1,6.0,DISPLACEMENT_ORIGIN_ONLY,TOUCH_NEXT_OPEN,VOL_FLOOR_0.75,0.75,0.5,1161,62.96296296296296,24.289405684754524,12.747631352282514,0.34453057708871665,0.05320169259062775,1.1982116165353862,0.03237683281439142,1.117746192193295,3.365348726598768,0.774757658516369,1.0,37.58950289750844
S10_C6,sensitivity,0.1,6.0,DISPLACEMENT_ORIGIN_ONLY,TOUCH_NEXT_OPEN,VOL_FLOOR_0.75,0.75,1.0,1161,38.93195521102498,34.79758828596038,26.270456503014643,0.2583979328165375,0.04831824688825525,1.1247582310650985,0.027493387112018926,1.069235037766542,3.365348726598768,0.774757658516369,1.0,31.919822437053973
S10_C6,sensitivity,0.1,6.0,DISPLACEMENT_ORIGIN_ONLY,TOUCH_NEXT_OPEN,VOL_FLOOR_0.75,0.75,1.5,1161,26.012058570198104,38.32902670111972,35.65891472868217,0.0,0.07472947613710494,1.1754502992468656,0.053904616360868615,1.1233852024109785,3.365348726598768,0.774757658516369,1.0,62.58325959496846
S10_C6,sensitivity,0.1,6.0,DISPLACEMENT_ORIGIN_ONLY,TOUCH_NEXT_OPEN,VOL_FLOOR_0.75,0.75,2.0,1161,17.48492678725237,40.22394487510766,42.29112833763997,0.08613264427217916,0.08516650996335191,1.191174373358172,0.0643416501871156,1.1407656931197918,3.365348726598768,0.774757658516369,1.0,74.70065586724121
S10_C6,sensitivity,0.1,6.0,DISPLACEMENT_ORIGIN_ONLY,TOUCH_NEXT_OPEN,VOL_FLOOR_0.75,0.75,2.5,1161,12.144702842377262,40.999138673557276,46.85615848406546,0.08613264427217916,0.09858962482592126,1.2174655360085274,0.07776476504968494,1.1671827287584462,3.365348726598768,0.774757658516369,1.0,90.2848922226842
S10_C6,sensitivity,0.1,6.0,DISPLACEMENT_ORIGIN_ONLY,TOUCH_NEXT_OPEN,VOL_FLOOR_0.75,0.75,3.0,1161,8.613264427217917,41.42980189491817,49.956933677863915,0.08613264427217916,0.10459726964045032,1.2281991512218242,0.08377240986421401,1.1781177864118555,3.365348726598768,0.774757658516369,1.0,97.25976785235247
S10_C6,sensitivity,0.1,6.0,DISPLACEMENT_ORIGIN_ONLY,TOUCH_NEXT_OPEN,VOL_FLOOR_1.00,1.0,0.5,1161,60.46511627906976,24.63393626184324,14.900947459086995,0.17226528854435832,0.03414179902247539,1.1235624815921432,0.016381746498533384,1.0580511269351585,3.8966485228396235,1.0330102113551587,1.0,19.01920768479726
S10_C6,sensitivity,0.1,6.0,DISPLACEMENT_ORIGIN_ONLY,TOUCH_NEXT_OPEN,VOL_FLOOR_1.00,1.0,1.0,1161,36.434108527131784,32.299741602067186,31.266149870801037,0.0,0.049700985366536436,1.1351212363814978,0.03194093284259443,1.0849096364751496,3.8966485228396235,1.0330102113551587,1.0,37.083423030252135
S10_C6,sensitivity,0.1,6.0,DISPLACEMENT_ORIGIN_ONLY,TOUCH_NEXT_OPEN,VOL_FLOOR_1.00,1.0,1.5,1161,22.911283376399656,35.14211886304909,41.94659776055125,0.08613264427217916,0.07564946153929217,1.1895872169493902,0.05788940901535015,1.1418199221323617,3.8966485228396235,1.0330102113551587,1.0,67.20960386682152
S10_C6,sensitivity,0.1,6.0,DISPLACEMENT_ORIGIN_ONLY,TOUCH_NEXT_OPEN,VOL_FLOOR_1.00,1.0,2.0,1161,14.556416881998278,36.69250645994832,48.75107665805341,0.08613264427217916,0.0727267568335254,1.174622072103223,0.0549667043095834,1.1290033801918051,3.8966485228396235,1.0330102113551587,1.0,63.81634370342633
S10_C6,sensitivity,0.1,6.0,DISPLACEMENT_ORIGIN_ONLY,TOUCH_NEXT_OPEN,VOL_FLOOR_1.00,1.0,2.5,1161,9.388458225667529,37.2093023255814,53.402239448751075,0.08613264427217916,0.08090616830763185,1.1918804418725701,0.06314611578368984,1.1463684879832532,3.8966485228396235,1.0330102113551587,1.0,73.3126404248639
S10_C6,sensitivity,0.1,6.0,DISPLACEMENT_ORIGIN_ONLY,TOUCH_NEXT_OPEN,VOL_FLOOR_1.00,1.0,3.0,1161,6.890611541774333,37.38156761412576,55.72782084409992,0.17226528854435832,0.09611900092544226,1.2267400725177313,0.07835894840150026,1.1806332089944276,3.8966485228396235,1.0330102113551587,1.0,90.9747390941418
S10_C6,sensitivity,0.1,6.0,DOZ_OBJECTIVE_ONLY,ACCEPTANCE_RETEST,STRUCTURAL,,0.5,5,40.0,60.0,0.0,20.0,-0.4000000000000011,0.33333333333333154,-0.5067158062201832,0.2639731102696391,1.2746661814333038,0.20650000000023283,7.0,-2.533579031100916
S10_C6,sensitivity,0.1,6.0,DOZ_OBJECTIVE_ONLY,ACCEPTANCE_RETEST,STRUCTURAL,,1.0,5,40.0,60.0,0.0,20.0,-0.2,0.6666666666666666,-0.30671580622018213,0.554481865155623,1.2746661814333038,0.20650000000023283,7.0,-1.5335790311009108
S10_C6,sensitivity,0.1,6.0,DOZ_OBJECTIVE_ONLY,ACCEPTANCE_RETEST,STRUCTURAL,,1.5,5,40.0,60.0,0.0,20.0,1.0658141036401502e-15,1.0000000000000018,-0.10671580622018109,0.8449906200416071,1.2746661814333038,0.20650000000023283,7.0,-0.5335790311009054
S10_C6,sensitivity,0.1,6.0,DOZ_OBJECTIVE_ONLY,ACCEPTANCE_RETEST,STRUCTURAL,,2.0,5,40.0,60.0,0.0,20.0,0.2,1.3333333333333333,0.09328419377981785,1.135499374927588,1.2746661814333038,0.20650000000023283,7.0,0.46642096889908924
S10_C6,sensitivity,0.1,6.0,DOZ_OBJECTIVE_ONLY,ACCEPTANCE_RETEST,STRUCTURAL,,2.5,5,40.0,60.0,0.0,20.0,0.3999999999999989,1.666666666666665,0.29328419377981685,1.4260081298135687,1.2746661814333038,0.20650000000023283,7.0,1.4664209688990841
S10_C6,sensitivity,0.1,6.0,DOZ_OBJECTIVE_ONLY,ACCEPTANCE_RETEST,STRUCTURAL,,3.0,5,20.0,80.0,0.0,20.0,-0.2,0.75,-0.3067158062201822,0.6583930167174917,1.2746661814333038,0.20650000000023283,7.0,-1.533579031100911
S10_C6,sensitivity,0.1,6.0,DOZ_OBJECTIVE_ONLY,CLEAN_REJECTION,STRUCTURAL,,0.5,17,64.70588235294117,29.411764705882355,5.88235294117647,0.0,-0.0007668332261589897,0.997635392829847,-0.03768537896789265,0.8870813758212542,1.9854412169725038,0.5434999999999945,1.0,-0.6406514424541752
S10_C6,sensitivity,0.1,6.0,DOZ_OBJECTIVE_ONLY,CLEAN_REJECTION,STRUCTURAL,,1.0,17,64.70588235294117,29.411764705882355,5.88235294117647,0.0,0.32276257853856555,1.9952707856598093,0.28584403279683185,1.8564890627906938,1.9854412169725038,0.5434999999999945,1.0,4.8593485575461415
S10_C6,sensitivity,0.1,6.0,DOZ_OBJECTIVE_ONLY,CLEAN_REJECTION,STRUCTURAL,,1.5,17,47.05882352941176,41.17647058823529,11.76470588235294,0.0,0.24708649686136586,1.5385543343233106,0.21016795111963224,1.440769774699482,1.9854412169725038,0.5434999999999945,1.0,3.572855169033748
S10_C6,sensitivity,0.1,6.0,DOZ_OBJECTIVE_ONLY,CLEAN_REJECTION,STRUCTURAL,,2.0,17,29.411764705882355,47.05882352941176,23.52941176470588,0.0,0.22364854519047844,1.432071424407868,0.18672999944874472,1.3467487520982964,1.9854412169725038,0.5434999999999945,1.0,3.1744099906286602
S10_C6,sensitivity,0.1,6.0,DOZ_OBJECTIVE_ONLY,CLEAN_REJECTION,STRUCTURAL,,2.5,17,23.52941176470588,47.05882352941176,29.411764705882355,0.0,0.3404424292077077,1.6577080355759521,0.30352388346597403,1.5636294550129006,1.9854412169725038,0.5434999999999945,1.0,5.159906018921559
S10_C6,sensitivity,0.1,6.0,DOZ_OBJECTIVE_ONLY,CLEAN_REJECTION,STRUCTURAL,,3.0,17,17.647058823529413,47.05882352941176,35.294117647058826,0.0,0.42399036207505936,1.8191160801916004,0.3870718163333256,1.7187740035464554,1.9854412169725038,0.5434999999999945,1.0,6.580220877666536
S10_C6,sensitivity,0.1,6.0,DOZ_OBJECTIVE_ONLY,FAILED_AUCTION,STRUCTURAL,,0.5,27,66.66666666666666,33.33333333333333,0.0,0.0,-2.960594732333751e-15,0.9999999999999911,-0.028475637084316104,0.9169868808525439,2.4694999999999254,0.6565400537713231,2.0,-0.7688422012765348
S10_C6,sensitivity,0.1,6.0,DOZ_OBJECTIVE_ONLY,FAILED_AUCTION,STRUCTURAL,,1.0,27,51.85185185185185,48.148148148148145,0.0,0.0,0.037037037037037035,1.0769230769230769,0.00856139995272377,1.0173128937798612,2.4694999999999254,0.6565400537713231,2.0,0.2311577987235418
S10_C6,sensitivity,0.1,6.0,DOZ_OBJECTIVE_ONLY,FAILED_AUCTION,STRUCTURAL,,1.5,27,51.85185185185185,48.148148148148145,0.0,0.0,0.29629629629629733,1.6153846153846176,0.2678206592119841,1.5415879004127442,2.4694999999999254,0.6565400537713231,2.0,7.231157798723571
S10_C6,sensitivity,0.1,6.0,DOZ_OBJECTIVE_ONLY,FAILED_AUCTION,STRUCTURAL,,2.0,27,40.74074074074074,51.85185185185185,7.4074074074074066,0.0,0.32130048706127645,1.61659406994444,0.29282484997696323,1.5459087740309112,2.4694999999999254,0.6565400537713231,2.0,7.9062709493780075
S10_C6,sensitivity,0.1,6.0,DOZ_OBJECTIVE_ONLY,FAILED_AUCTION,STRUCTURAL,,2.5,27,25.925925925925924,62.96296296296296,11.11111111111111,0.0,0.03846623613240897,1.0603622266406116,0.00999059904809573,1.0152052472202473,2.4694999999999254,0.6565400537713231,2.0,0.2697461742985847
S10_C6,sensitivity,0.1,6.0,DOZ_OBJECTIVE_ONLY,FAILED_AUCTION,STRUCTURAL,,3.0,27,18.51851851851852,62.96296296296296,18.51851851851852,0.0,0.06650823893316538,1.1043664729279108,0.03803260184885214,1.0578839277561904,2.4694999999999254,0.6565400537713231,2.0,1.0268802499190077
S10_C6,sensitivity,0.1,6.0,DOZ_OBJECTIVE_ONLY,PASSIVE_TOUCH,STRUCTURAL,,0.5,43,30.23255813953488,69.76744186046511,0.0,62.7906976744186,-0.5465116279069787,0.21666666666666382,-0.6625905984706468,0.15519475809436994,0.5850000000000364,0.20325000000025284,0.0,-28.491395734237813
S10_C6,sensitivity,0.1,6.0,DOZ_OBJECTIVE_ONLY,PASSIVE_TOUCH,STRUCTURAL,,1.0,43,27.906976744186046,72.09302325581395,0.0,62.7906976744186,-0.4418604651162791,0.3870967741935484,-0.5579394356799472,0.31024216070006677,0.5850000000000364,0.20325000000025284,0.0,-23.991395734237727
S10_C6,sensitivity,0.1,6.0,DOZ_OBJECTIVE_ONLY,PASSIVE_TOUCH,STRUCTURAL,,1.5,43,23.25581395348837,76.74418604651163,0.0,62.7906976744186,-0.4186046511627862,0.4545454545454604,-0.5346836217264543,0.377562637872357,0.5850000000000364,0.20325000000025284,0.0,-22.991395734237535
S10_C6,sensitivity,0.1,6.0,DOZ_OBJECTIVE_ONLY,PASSIVE_TOUCH,STRUCTURAL,,2.0,43,20.930232558139537,79.06976744186046,0.0,60.46511627906976,-0.37209302325581395,0.5294117647058824,-0.488171993819482,0.4490616105559498,0.5850000000000364,0.20325000000025284,0.0,-20.991395734237727
S10_C6,sensitivity,0.1,6.0,DOZ_OBJECTIVE_ONLY,PASSIVE_TOUCH,STRUCTURAL,,2.5,43,20.930232558139537,79.06976744186046,0.0,60.46511627906976,-0.26744186046512797,0.6617647058823382,-0.3835208310287961,0.5671682283285948,0.5850000000000364,0.20325000000025284,0.0,-16.491395734238232
S10_C6,sensitivity,0.1,6.0,DOZ_OBJECTIVE_ONLY,PASSIVE_TOUCH,STRUCTURAL,,3.0,43,20.930232558139537,79.06976744186046,0.0,60.46511627906976,-0.16279069767441862,0.7941176470588235,-0.27886966823808673,0.6852748461012664,0.5850000000000364,0.20325000000025284,0.0,-11.991395734237729
S10_C6,sensitivity,0.1,6.0,DOZ_OBJECTIVE_ONLY,RECLAIM_PULLBACK,STRUCTURAL,,0.5,31,61.29032258064516,35.483870967741936,3.225806451612903,9.67741935483871,-0.060467898753584076,0.8352011903631303,-0.10365510515168844,0.7305591358655911,1.4624288289098786,0.42628231366643377,4.0,-3.2133082597023415
S10_C6,sensitivity,0.1,6.0,DOZ_OBJECTIVE_ONLY,RECLAIM_PULLBACK,STRUCTURAL,,1.0,31,48.38709677419355,48.38709677419355,3.225806451612903,9.67741935483871,-0.012080801979392326,0.9756411757817087,-0.05526800837749671,0.8939884312036277,1.4624288289098786,0.42628231366643377,4.0,-1.7133082597023979
S10_C6,sensitivity,0.1,6.0,DOZ_OBJECTIVE_ONLY,RECLAIM_PULLBACK,STRUCTURAL,,1.5,31,45.16129032258064,51.61290322580645,3.225806451612903,9.67741935483871,0.1492095206012521,1.2824815270935963,0.10602231420314771,1.1907749156863328,1.4624288289098786,0.42628231366643377,4.0,3.286691740297579
S10_C6,sensitivity,0.1,6.0,DOZ_OBJECTIVE_ONLY,RECLAIM_PULLBACK,STRUCTURAL,,2.0,31,41.935483870967744,54.83870967741935,3.225806451612903,9.67741935483871,0.278241778665769,1.49644552218699,0.23505457226766455,1.398912538291896,1.4624288289098786,0.42628231366643377,4.0,7.286691740297601
S10_C6,sensitivity,0.1,6.0,DOZ_OBJECTIVE_ONLY,RECLAIM_PULLBACK,STRUCTURAL,,2.5,31,35.483870967741936,58.06451612903226,6.451612903225806,9.67741935483871,0.2955804883431882,1.4986798396895709,0.2523932819450837,1.4050800931264347,1.4624288289098786,0.42628231366643377,4.0,7.824191740297596
S10_C6,sensitivity,0.1,6.0,DOZ_OBJECTIVE_ONLY,RECLAIM_PULLBACK,STRUCTURAL,,3.0,31,29.03225806451613,58.06451612903226,12.903225806451612,9.67741935483871,0.3331925791478085,1.562135961296151,0.29000537274970395,1.4654458410908773,1.4624288289098786,0.42628231366643377,4.0,8.990166555240823
S10_C6,sensitivity,0.1,6.0,DOZ_OBJECTIVE_ONLY,TOUCH_NEXT_OPEN,VOL_FLOOR_0.25,0.25,0.5,43,62.7906976744186,34.883720930232556,2.3255813953488373,2.3255813953488373,-0.04395079275613123,0.8771995891818228,-0.09318827082893154,0.7516188727198667,1.4234999999998763,0.5434999999999945,1.0,-4.007095645644056
S10_C6,sensitivity,0.1,6.0,DOZ_OBJECTIVE_ONLY,TOUCH_NEXT_OPEN,VOL_FLOOR_0.25,0.25,1.0,43,51.162790697674424,46.51162790697674,2.3255813953488373,2.3255813953488373,0.037444556081078474,1.0789664082687649,-0.011792921991721855,0.9762557910381205,1.4234999999998763,0.5434999999999945,1.0,-0.5070956456440397
S10_C6,sensitivity,0.1,6.0,DOZ_OBJECTIVE_ONLY,TOUCH_NEXT_OPEN,VOL_FLOOR_0.25,0.25,1.5,43,39.53488372093023,55.81395348837209,4.651162790697675,2.3255813953488373,0.019154012162177325,1.0333769623900595,-0.030083465910622945,0.9501322028102128,1.4234999999998763,0.5434999999999945,1.0,-1.2935890341567866
S10_C6,sensitivity,0.1,6.0,DOZ_OBJECTIVE_ONLY,TOUCH_NEXT_OPEN,VOL_FLOOR_0.25,0.25,2.0,43,30.23255813953488,62.7906976744186,6.976744186046512,2.3255813953488373,-0.012960810147752182,0.9798631581457525,-0.062198288220552456,0.9081244086200655,1.4234999999998763,0.5434999999999945,1.0,-2.6745263934837555
S10_C6,sensitivity,0.1,6.0,DOZ_OBJECTIVE_ONLY,TOUCH_NEXT_OPEN,VOL_FLOOR_0.25,0.25,2.5,43,20.930232558139537,69.76744186046511,9.30232558139535,0.0,-0.1179492746060511,0.8346669579268787,-0.16718675267885133,0.7773846485271414,1.4234999999998763,0.5434999999999945,1.0,-7.189030365190607
S10_C6,sensitivity,0.1,6.0,DOZ_OBJECTIVE_ONLY,TOUCH_NEXT_OPEN,VOL_FLOOR_0.25,0.25,3.0,43,16.27906976744186,74.4186046511628,9.30232558139535,0.0,-0.19964664700109613,0.7373822968118656,-0.24888412507389643,0.6888082158229851,1.4234999999998763,0.5434999999999945,1.0,-10.702017378177546
S10_C6,sensitivity,0.1,6.0,DOZ_OBJECTIVE_ONLY,TOUCH_NEXT_OPEN,VOL_FLOOR_0.50,0.5,0.5,43,65.11627906976744,32.55813953488372,2.3255813953488373,0.0,-0.009067071825922297,0.9729056824838601,-0.04380684290636199,0.8735056647709275,1.7630491560096289,0.7697697061477629,1.0,-1.8836942449735656
S10_C6,sensitivity,0.1,6.0,DOZ_OBJECTIVE_ONLY,TOUCH_NEXT_OPEN,VOL_FLOOR_0.50,0.5,1.0,43,51.162790697674424,46.51162790697674,2.3255813953488373,0.0,0.03744455608105781,1.0789664082687191,0.00270478500061813,1.0055168815072641,1.7630491560096289,0.7697697061477629,1.0,0.11630575502657958
S10_C6,sensitivity,0.1,6.0,DOZ_OBJECTIVE_ONLY,TOUCH_NEXT_OPEN,VOL_FLOOR_0.50,0.5,1.5,43,41.86046511627907,53.48837209302325,4.651162790697675,0.0,0.0772935470458797,1.1403771555085949,0.04255377596543997,1.0746320412358303,1.7630491560096289,0.7697697061477629,1.0,1.8298123665139188
S10_C6,sensitivity,0.1,6.0,DOZ_OBJECTIVE_ONLY,TOUCH_NEXT_OPEN,VOL_FLOOR_0.50,0.5,2.0,43,32.55813953488372,58.139534883720934,9.30232558139535,0.0,0.09788838870103041,1.1639328101446678,0.06314861762059067,1.1021079879294078,1.7630491560096289,0.7697697061477629,1.0,2.7153905576853985
S10_C6,sensitivity,0.1,6.0,DOZ_OBJECTIVE_ONLY,TOUCH_NEXT_OPEN,VOL_FLOOR_0.50,0.5,2.5,43,25.581395348837212,62.7906976744186,11.627906976744185,0.0,0.08592318005668932,1.133496399429602,0.05118340897624964,1.0767688037845577,1.7630491560096289,0.7697697061477629,1.0,2.2008865859787345
S10_C6,sensitivity,0.1,6.0,DOZ_OBJECTIVE_ONLY,TOUCH_NEXT_OPEN,VOL_FLOOR_0.50,0.5,3.0,43,20.930232558139537,65.11627906976744,13.953488372093023,0.0,0.048656316615228304,1.072699966297148,0.013916545534788598,1.020061891193147,1.7630491560096289,0.7697697061477629,1.0,0.5984114579959097
S10_C6,sensitivity,0.1,6.0,DOZ_OBJECTIVE_ONLY,TOUCH_NEXT_OPEN,VOL_FLOOR_0.75,0.75,0.5,43,65.11627906976744,27.906976744186046,6.976744186046512,0.0,0.023618823715905075,1.0782177194616576,-0.002566871703000151,0.9917300612117009,2.404512646675313,0.8920000000000528,1.0,-0.11037548322900648
S10_C6,sensitivity,0.1,6.0,DOZ_OBJECTIVE_ONLY,TOUCH_NEXT_OPEN,VOL_FLOOR_0.75,0.75,1.0,43,51.162790697674424,39.53488372093023,9.30232558139535,0.0,0.10332545678993105,1.2470472725861859,0.07713976137102581,1.1793746837480121,2.404512646675313,0.8920000000000528,1.0,3.31700973895411
S10_C6,sensitivity,0.1,6.0,DOZ_OBJECTIVE_ONLY,TOUCH_NEXT_OPEN,VOL_FLOOR_0.75,0.75,1.5,43,44.18604651162791,41.86046511627907,13.953488372093023,0.0,0.23645375861519569,1.5276100274877122,0.21026806319629052,1.456366391871135,2.404512646675313,0.8920000000000528,1.0,9.041526717440492
S10_C6,sensitivity,0.1,6.0,DOZ_OBJECTIVE_ONLY,TOUCH_NEXT_OPEN,VOL_FLOOR_0.75,0.75,2.0,43,30.23255813953488,51.162790697674424,18.6046511627907,0.0,0.10992826785572153,1.2026063249421433,0.0837425724368162,1.1499958091280356,2.404512646675313,0.8920000000000528,1.0,3.6009306147830964
S10_C6,sensitivity,0.1,6.0,DOZ_OBJECTIVE_ONLY,TOUCH_NEXT_OPEN,VOL_FLOOR_0.75,0.75,2.5,43,23.25581395348837,51.162790697674424,25.581395348837212,0.0,0.21310581022439182,1.3927705391487673,0.18692011480548656,1.3348026343913468,2.404512646675313,0.8920000000000528,1.0,8.037564936635922
S10_C6,sensitivity,0.1,6.0,DOZ_OBJECTIVE_ONLY,TOUCH_NEXT_OPEN,VOL_FLOOR_0.75,0.75,3.0,43,16.27906976744186,53.48837209302325,30.23255813953488,0.0,0.1802851275262669,1.318452606141723,0.15409943210736166,1.2644288445548502,2.404512646675313,0.8920000000000528,1.0,6.626275580616551
S10_C6,sensitivity,0.1,6.0,DOZ_OBJECTIVE_ONLY,TOUCH_NEXT_OPEN,VOL_FLOOR_1.00,1.0,0.5,43,58.139534883720934,30.23255813953488,11.627906976744185,0.0,-0.0459632879410022,0.8634730691112734,-0.06672710496171015,0.8063778783320072,3.2060168622337506,0.9738611926463131,1.0,-2.8692655133535365
S10_C6,sensitivity,0.1,6.0,DOZ_OBJECTIVE_ONLY,TOUCH_NEXT_OPEN,VOL_FLOOR_1.00,1.0,1.0,43,44.18604651162791,37.2093023255814,18.6046511627907,0.0,0.0465843751506575,1.1131668063633904,0.02582055812994959,1.0612702071643534,3.2060168622337506,0.9738611926463131,1.0,1.1102839995878324
S10_C6,sensitivity,0.1,6.0,DOZ_OBJECTIVE_ONLY,TOUCH_NEXT_OPEN,VOL_FLOOR_1.00,1.0,1.5,43,32.55813953488372,46.51162790697674,20.930232558139537,0.0,-0.0009678122330170146,0.9980862204479184,-0.0217316292537249,0.9580343687950278,3.2060168622337506,0.9738611926463131,1.0,-0.9344600579101707
S10_C6,sensitivity,0.1,6.0,DOZ_OBJECTIVE_ONLY,TOUCH_NEXT_OPEN,VOL_FLOOR_1.00,1.0,2.0,43,23.25581395348837,46.51162790697674,30.23255813953488,0.0,0.09855317413381762,1.1948818613938168,0.07778935711310964,1.1502178890577708,3.2060168622337506,0.9738611926463131,1.0,3.3449423558637146
S10_C6,sensitivity,0.1,6.0,DOZ_OBJECTIVE_ONLY,TOUCH_NEXT_OPEN,VOL_FLOOR_1.00,1.0,2.5,43,16.27906976744186,46.51162790697674,37.2093023255814,0.0,0.15050797614422348,1.2976187708147868,0.12974415912351558,1.2505470468507758,3.2060168622337506,0.9738611926463131,1.0,5.5789988423111705
S10_C6,sensitivity,0.1,6.0,DOZ_OBJECTIVE_ONLY,TOUCH_NEXT_OPEN,VOL_FLOOR_1.00,1.0,3.0,43,11.627906976744185,51.162790697674424,37.2093023255814,0.0,0.045554789795688326,1.0824489861121573,0.024790972774980446,1.0438095897837583,3.2060168622337506,0.9738611926463131,1.0,1.0660118293241592
S10_C6,sensitivity,0.1,6.0,MEMORY_ONLY,ACCEPTANCE_RETEST,STRUCTURAL,,0.5,10,60.0,40.0,0.0,10.0,-0.10000000000000062,0.7499999999999984,-0.1364080121590034,0.6704878881606291,1.6153134444949728,1.3599999999999,9.0,-1.364080121590034
S10_C6,sensitivity,0.1,6.0,MEMORY_ONLY,ACCEPTANCE_RETEST,STRUCTURAL,,1.0,10,60.0,40.0,0.0,10.0,0.2,1.5,0.16359198784099727,1.3951787035108536,1.6153134444949728,1.3599999999999,9.0,1.6359198784099727
S10_C6,sensitivity,0.1,6.0,MEMORY_ONLY,ACCEPTANCE_RETEST,STRUCTURAL,,1.5,10,30.0,70.0,0.0,10.0,-0.2500000000000083,0.6428571428571309,-0.28640801215901107,0.6047939440412753,1.6153134444949728,1.3599999999999,9.0,-2.864080121590111
S10_C6,sensitivity,0.1,6.0,MEMORY_ONLY,ACCEPTANCE_RETEST,STRUCTURAL,,2.0,10,20.0,70.0,10.0,10.0,-0.2202266422768422,0.6853905110330826,-0.25663465443584493,0.6458773313031093,1.6153134444949728,1.3599999999999,9.0,-2.5663465443584492
S10_C6,sensitivity,0.1,6.0,MEMORY_ONLY,ACCEPTANCE_RETEST,STRUCTURAL,,2.5,10,20.0,70.0,10.0,10.0,-0.12022664227683384,0.8282476538902374,-0.1566346544358366,0.7838644123835586,1.6153134444949728,1.3599999999999,9.0,-1.566346544358366
S10_C6,sensitivity,0.1,6.0,MEMORY_ONLY,ACCEPTANCE_RETEST,STRUCTURAL,,3.0,10,10.0,70.0,20.0,10.0,-0.09661404274805707,0.861979938931347,-0.13302205490705982,0.8164467492405308,1.6153134444949728,1.3599999999999,9.0,-1.3302205490705983
S10_C6,sensitivity,0.1,6.0,MEMORY_ONLY,CLEAN_REJECTION,STRUCTURAL,,0.5,166,59.63855421686747,38.55421686746988,1.8072289156626504,0.0,-0.09386829246819944,0.7605773661438296,-0.12426803809140957,0.6925903582194295,1.9170531414664538,1.148560329428392,1.0,-20.62849432317399
S10_C6,sensitivity,0.1,6.0,MEMORY_ONLY,CLEAN_REJECTION,STRUCTURAL,,1.0,166,40.36144578313253,51.80722891566265,7.83132530120482,0.0,-0.11903773445676175,0.7760873968714279,-0.14943748007997185,0.7276737807595484,1.9170531414664538,1.148560329428392,1.0,-24.806621693275325
S10_C6,sensitivity,0.1,6.0,MEMORY_ONLY,CLEAN_REJECTION,STRUCTURAL,,1.5,166,28.313253012048197,57.22891566265061,14.457831325301203,0.0,-0.1353847946082057,0.7711241808373566,-0.16578454023141584,0.7287755357462216,1.9170531414664538,1.148560329428392,1.0,-27.52023367841503
S10_C6,sensitivity,0.1,6.0,MEMORY_ONLY,CLEAN_REJECTION,STRUCTURAL,,2.0,166,22.289156626506024,58.43373493975904,19.27710843373494,0.0,-0.06174007880404877,0.8977083227053307,-0.0921398244272589,0.8522620444885071,1.9170531414664538,1.148560329428392,1.0,-15.295210854924978
S10_C6,sensitivity,0.1,6.0,MEMORY_ONLY,CLEAN_REJECTION,STRUCTURAL,,2.5,166,17.46987951807229,59.036144578313255,23.49397590361446,0.0,-0.03640727375140403,0.9402760992493969,-0.06680701937461417,0.8939454276037168,1.9170531414664538,1.148560329428392,1.0,-11.089965216185952
S10_C6,sensitivity,0.1,6.0,MEMORY_ONLY,CLEAN_REJECTION,STRUCTURAL,,3.0,166,13.253012048192772,59.63855421686747,27.10843373493976,0.0,-0.02090844425804611,0.9660366106004796,-0.051308189881256266,0.9193609005849968,1.9170531414664538,1.148560329428392,1.0,-8.51715952028854
S10_C6,sensitivity,0.1,6.0,MEMORY_ONLY,FAILED_AUCTION,STRUCTURAL,,0.5,18,66.66666666666666,33.33333333333333,0.0,0.0,-5.9366092288984064e-15,0.9999999999999822,-0.018059352388382886,0.9467601118924841,3.103399682901454,2.0493594027825566,5.5,-0.32506834299089193
S10_C6,sensitivity,0.1,6.0,MEMORY_ONLY,FAILED_AUCTION,STRUCTURAL,,1.0,18,38.88888888888889,61.111111111111114,0.0,0.0,-0.2222222222222222,0.6363636363636364,-0.24028157461059912,0.6141331182837985,3.103399682901454,2.0493594027825566,5.5,-4.325068342990784
S10_C6,sensitivity,0.1,6.0,MEMORY_ONLY,FAILED_AUCTION,STRUCTURAL,,1.5,18,33.33333333333333,66.66666666666666,0.0,0.0,-0.1666666666666591,0.7500000000000112,-0.18472601905503605,0.7280966978450878,3.103399682901454,2.0493594027825566,5.5,-3.325068342990649
S10_C6,sensitivity,0.1,6.0,MEMORY_ONLY,FAILED_AUCTION,STRUCTURAL,,2.0,18,22.22222222222222,72.22222222222221,5.555555555555555,0.0,-0.2607304526749026,0.6389886039885965,-0.27878980506327955,0.6213088471585436,3.103399682901454,2.0493594027825566,5.5,-5.0182164911390315
S10_C6,sensitivity,0.1,6.0,MEMORY_ONLY,FAILED_AUCTION,STRUCTURAL,,2.5,18,22.22222222222222,72.22222222222221,5.555555555555555,0.0,-0.14961934156379597,0.7928347578347441,-0.16767869395217294,0.772235437715216,3.103399682901454,2.0493594027825566,5.5,-3.0182164911391127
S10_C6,sensitivity,0.1,6.0,MEMORY_ONLY,FAILED_AUCTION,STRUCTURAL,,3.0,18,16.666666666666664,72.22222222222221,11.11111111111111,0.0,-0.05946964392611238,0.917657416102306,-0.0775289963144893,0.8946893162527555,3.103399682901454,2.0493594027825566,5.5,-1.3955219336608073
S10_C6,sensitivity,0.1,6.0,MEMORY_ONLY,PASSIVE_TOUCH,STRUCTURAL,,0.5,137,43.79562043795621,55.47445255474452,0.7299270072992701,25.547445255474454,-0.38928624637504894,0.3600048280101488,-0.451139047746599,0.2986621114119435,0.9551710833122797,0.6984174722856551,3.0,-61.80604954128407
S10_C6,sensitivity,0.1,6.0,MEMORY_ONLY,PASSIVE_TOUCH,STRUCTURAL,,1.0,137,37.95620437956204,61.31386861313869,0.7299270072992701,24.817518248175183,-0.28709646535316025,0.5693500324180399,-0.3489492667247103,0.5052383899107692,0.9551710833122797,0.6984174722856551,3.0,-47.80604954128531
S10_C6,sensitivity,0.1,6.0,MEMORY_ONLY,PASSIVE_TOUCH,STRUCTURAL,,1.5,137,30.656934306569344,67.88321167883211,1.4598540145985401,24.817518248175183,-0.2700452625970151,0.6312629926689957,-0.3318980639685652,0.5716962636459153,0.9551710833122797,0.6984174722856551,3.0,-45.470034763693434
S10_C6,sensitivity,0.1,6.0,MEMORY_ONLY,PASSIVE_TOUCH,STRUCTURAL,,2.0,137,28.467153284671532,70.07299270072993,1.4598540145985401,24.817518248175183,-0.1824540217210971,0.7580986646463935,-0.2443068230926472,0.6938099401752885,0.9551710833122797,0.6984174722856551,3.0,-33.47003476369267
S10_C6,sensitivity,0.1,6.0,MEMORY_ONLY,PASSIVE_TOUCH,STRUCTURAL,,2.5,137,23.357664233576642,74.45255474452554,2.18978102189781,24.817518248175183,-0.20620236997566924,0.7416157306242779,-0.2680551713472193,0.6825443096749045,0.9551710833122797,0.6984174722856551,3.0,-36.723558474569046
S10_C6,sensitivity,0.1,6.0,MEMORY_ONLY,PASSIVE_TOUCH,STRUCTURAL,,3.0,137,18.97810218978102,78.83211678832117,2.18978102189781,24.817518248175183,-0.2645965305596153,0.6856929830934596,-0.3264493319311654,0.633497166282714,0.9551710833122797,0.6984174722856551,3.0,-44.72355847456966
S10_C6,sensitivity,0.1,6.0,MEMORY_ONLY,RECLAIM_PULLBACK,STRUCTURAL,,0.5,149,62.41610738255034,36.91275167785235,0.6711409395973155,0.0,-0.05800160571121299,0.8432736978337619,-0.09255974208948697,0.758277483928532,1.6400000000005548,1.109024864141702,3.0,-13.791401571333559
S10_C6,sensitivity,0.1,6.0,MEMORY_ONLY,RECLAIM_PULLBACK,STRUCTURAL,,1.0,149,42.95302013422819,53.691275167785236,3.3557046979865772,0.0,-0.11206637498125506,0.7934587135476058,-0.14662451135952906,0.7390729312144743,1.6400000000005548,1.109024864141702,3.0,-21.84705219256983
S10_C6,sensitivity,0.1,6.0,MEMORY_ONLY,RECLAIM_PULLBACK,STRUCTURAL,,1.5,149,31.543624161073826,58.38926174496645,10.06711409395973,0.0,-0.09217869246150907,0.8451041954669656,-0.12673682883978307,0.7944484546535512,1.6400000000005548,1.109024864141702,3.0,-18.883787497127678
S10_C6,sensitivity,0.1,6.0,MEMORY_ONLY,RECLAIM_PULLBACK,STRUCTURAL,,2.0,149,24.832214765100673,61.74496644295302,13.422818791946309,0.0,-0.09086987493039213,0.8558138808605839,-0.1254280113086661,0.8079558560050311,1.6400000000005548,1.109024864141702,3.0,-18.688773684991247
S10_C6,sensitivity,0.1,6.0,MEMORY_ONLY,RECLAIM_PULLBACK,STRUCTURAL,,2.5,149,19.463087248322147,63.08724832214765,17.449664429530202,0.0,-0.062421098810366185,0.903019978834016,-0.09697923518864018,0.8546028484548471,1.6400000000005548,1.109024864141702,3.0,-14.449906043107388
S10_C6,sensitivity,0.1,6.0,MEMORY_ONLY,RECLAIM_PULLBACK,STRUCTURAL,,3.0,149,15.436241610738255,63.758389261744966,20.80536912751678,0.0,-0.03997385587492554,0.9385358456284815,-0.07453199225319952,0.8894266613733393,1.6400000000005548,1.109024864141702,3.0,-11.105266845726728
S10_C6,sensitivity,0.1,6.0,MEMORY_ONLY,TOUCH_NEXT_OPEN,VOL_FLOOR_0.25,0.25,0.5,220,62.727272727272734,35.90909090909091,1.3636363636363635,0.45454545454545453,-0.050108707208510704,0.8622422371466849,-0.09259710887701503,0.7555554558668425,1.686742571297259,0.2511735711310785,1.0,-20.371363952943305
S10_C6,sensitivity,0.1,6.0,MEMORY_ONLY,TOUCH_NEXT_OPEN,VOL_FLOOR_0.25,0.25,1.0,220,45.0,50.45454545454545,4.545454545454546,0.45454545454545453,-0.05722098052657656,0.8881836617961211,-0.09970938219508088,0.8135902110148661,1.686742571297259,0.2511735711310785,1.0,-21.936064082917795
S10_C6,sensitivity,0.1,6.0,MEMORY_ONLY,TOUCH_NEXT_OPEN,VOL_FLOOR_0.25,0.25,1.5,220,34.54545454545455,57.27272727272727,8.181818181818182,0.45454545454545453,-0.045767630821165445,0.9214620275193175,-0.08825603248966976,0.855133278650811,1.686742571297259,0.2511735711310785,1.0,-19.416327147727348
S10_C6,sensitivity,0.1,6.0,MEMORY_ONLY,TOUCH_NEXT_OPEN,VOL_FLOOR_0.25,0.25,2.0,220,26.81818181818182,61.36363636363637,11.818181818181818,0.45454545454545453,-0.03583207611512168,0.9425449748967485,-0.07832047778362601,0.8798916738557432,1.686742571297259,0.2511735711310785,1.0,-17.230505112397722
S10_C6,sensitivity,0.1,6.0,MEMORY_ONLY,TOUCH_NEXT_OPEN,VOL_FLOOR_0.25,0.25,2.5,220,19.545454545454547,63.63636363636363,16.818181818181817,0.45454545454545453,-0.05386126937003026,0.9166726469393306,-0.09634967103853455,0.8574462576535065,1.686742571297259,0.2511735711310785,1.0,-21.1969276284776
S10_C6,sensitivity,0.1,6.0,MEMORY_ONLY,TOUCH_NEXT_OPEN,VOL_FLOOR_0.25,0.25,3.0,220,15.454545454545453,65.0,19.545454545454547,0.45454545454545453,-0.04501477399031518,0.9317976552437094,-0.08750317565881949,0.8732175698334571,1.686742571297259,0.2511735711310785,1.0,-19.250698644940286
S10_C6,sensitivity,0.1,6.0,MEMORY_ONLY,TOUCH_NEXT_OPEN,VOL_FLOOR_0.50,0.5,0.5,220,60.45454545454545,38.18181818181819,1.3636363636363635,0.0,-0.08419961629941637,0.7821328803992474,-0.12087484414585474,0.6982882251041355,1.7854326600901231,0.502347142262157,1.0,-26.592465712088043
S10_C6,sensitivity,0.1,6.0,MEMORY_ONLY,TOUCH_NEXT_OPEN,VOL_FLOOR_0.50,0.5,1.0,220,44.54545454545455,50.90909090909091,4.545454545454546,0.0,-0.06648375087157814,0.871226955193819,-0.10315897871801652,0.8076065250127454,1.7854326600901231,0.502347142262157,1.0,-22.694975317963635
S10_C6,sensitivity,0.1,6.0,MEMORY_ONLY,TOUCH_NEXT_OPEN,VOL_FLOOR_0.50,0.5,1.5,220,29.545454545454547,61.36363636363637,9.090909090909092,0.0,-0.15609997451112137,0.749701135782963,-0.19277520235755974,0.7024021122448749,1.7854326600901231,0.502347142262157,1.0,-42.410544518663144
S10_C6,sensitivity,0.1,6.0,MEMORY_ONLY,TOUCH_NEXT_OPEN,VOL_FLOOR_0.50,0.5,2.0,220,22.727272727272727,64.0909090909091,13.18181818181818,0.0,-0.1335112522525758,0.7948906141730676,-0.17018648009901421,0.7485661474194595,1.7854326600901231,0.502347142262157,1.0,-37.441025621783126
S10_C6,sensitivity,0.1,6.0,MEMORY_ONLY,TOUCH_NEXT_OPEN,VOL_FLOOR_0.50,0.5,2.5,220,17.272727272727273,65.0,17.727272727272727,0.0,-0.12330682468110478,0.8131765679971305,-0.15998205252754308,0.7669016322682908,1.7854326600901231,0.502347142262157,1.0,-35.19605155605948
S10_C6,sensitivity,0.1,6.0,MEMORY_ONLY,TOUCH_NEXT_OPEN,VOL_FLOOR_0.50,0.5,3.0,220,13.636363636363635,65.45454545454545,20.909090909090907,0.0,-0.0933285050077624,0.8595641893608515,-0.13000373285420078,0.8118644060602609,1.7854326600901231,0.502347142262157,1.0,-28.60082122792417
S10_C6,sensitivity,0.1,6.0,MEMORY_ONLY,TOUCH_NEXT_OPEN,VOL_FLOOR_0.75,0.75,0.5,220,58.63636363636363,39.54545454545455,1.8181818181818181,0.0,-0.10606199161499955,0.7346113484935416,-0.1380980942070334,0.6650248851715556,1.9170226474593606,0.602464236271544,1.0,-30.381580725547348
S10_C6,sensitivity,0.1,6.0,MEMORY_ONLY,TOUCH_NEXT_OPEN,VOL_FLOOR_0.75,0.75,1.0,220,39.09090909090909,55.00000000000001,5.909090909090909,0.0,-0.1601786053040521,0.7134889406939027,-0.1922147078960859,0.6670001355392553,1.9170226474593606,0.602464236271544,1.0,-42.2872357371389
S10_C6,sensitivity,0.1,6.0,MEMORY_ONLY,TOUCH_NEXT_OPEN,VOL_FLOOR_0.75,0.75,1.5,220,28.18181818181818,60.909090909090914,10.909090909090908,0.0,-0.167840232012463,0.7296973398714847,-0.19987633460449689,0.6888574503041371,1.9170226474593606,0.602464236271544,1.0,-43.972793612989314
S10_C6,sensitivity,0.1,6.0,MEMORY_ONLY,TOUCH_NEXT_OPEN,VOL_FLOOR_0.75,0.75,2.0,220,20.909090909090907,62.727272727272734,16.363636363636363,0.0,-0.1446809043430604,0.7736234972009546,-0.17671700693509432,0.7327628177041284,1.9170226474593606,0.602464236271544,1.0,-38.87774152572075
S10_C6,sensitivity,0.1,6.0,MEMORY_ONLY,TOUCH_NEXT_OPEN,VOL_FLOOR_0.75,0.75,2.5,220,16.363636363636363,64.54545454545455,19.090909090909093,0.0,-0.14340535919405098,0.7818259881614146,-0.17544146178608486,0.7420628253414342,1.9170226474593606,0.602464236271544,1.0,-38.59712159293867
S10_C6,sensitivity,0.1,6.0,MEMORY_ONLY,TOUCH_NEXT_OPEN,VOL_FLOOR_0.75,0.75,3.0,220,12.727272727272727,64.54545454545455,22.727272727272727,0.0,-0.11391565195539383,0.82669103206467,-0.14595175454742773,0.7854191203084817,1.9170226474593606,0.602464236271544,1.0,-32.1093860004341
S10_C6,sensitivity,0.1,6.0,MEMORY_ONLY,TOUCH_NEXT_OPEN,VOL_FLOOR_1.00,1.0,0.5,220,55.90909090909091,41.36363636363637,2.727272727272727,0.0,-0.13921698903059032,0.6677917667397422,-0.16691130233107063,0.6124708436791886,2.263276751653346,0.6973037850159669,1.0,-36.720486512835535
S10_C6,sensitivity,0.1,6.0,MEMORY_ONLY,TOUCH_NEXT_OPEN,VOL_FLOOR_1.00,1.0,1.0,220,38.63636363636363,53.63636363636364,7.727272727272727,0.0,-0.1482263962728294,0.7285863767451571,-0.1759207095733097,0.6870851455734303,2.263276751653346,0.6973037850159669,1.0,-38.702556106128135
S10_C6,sensitivity,0.1,6.0,MEMORY_ONLY,TOUCH_NEXT_OPEN,VOL_FLOOR_1.00,1.0,1.5,220,28.636363636363637,55.90909090909091,15.454545454545453,0.0,-0.08912223948027202,0.8438395321919298,-0.11681655278075236,0.8012485107624633,2.263276751653346,0.6973037850159669,1.0,-25.699641611765518
S10_C6,sensitivity,0.1,6.0,MEMORY_ONLY,TOUCH_NEXT_OPEN,VOL_FLOOR_1.00,1.0,2.0,220,21.363636363636363,57.72727272727273,20.909090909090907,0.0,-0.08291356356121482,0.8603233129487274,-0.11060787686169526,0.8191640263002635,2.263276751653346,0.6973037850159669,1.0,-24.33373290957296
S10_C6,sensitivity,0.1,6.0,MEMORY_ONLY,TOUCH_NEXT_OPEN,VOL_FLOOR_1.00,1.0,2.5,220,14.545454545454545,59.09090909090909,26.36363636363636,0.0,-0.08897739717061938,0.8534741203037641,-0.11667171047109973,0.8135751596842116,2.263276751653346,0.6973037850159669,1.0,-25.66777630364194
S10_C6,sensitivity,0.1,6.0,MEMORY_ONLY,TOUCH_NEXT_OPEN,VOL_FLOOR_1.00,1.0,3.0,220,11.363636363636363,59.54545454545455,29.09090909090909,0.0,-0.06329798840809416,0.8965368229887625,-0.09099230170857454,0.8556819958322888,2.263276751653346,0.6973037850159669,1.0,-20.0183063758864
S10_C6,sensitivity,0.1,6.0,OBJECTIVE_LIQUIDITY_ONLY,ACCEPTANCE_RETEST,STRUCTURAL,,0.5,34,44.11764705882353,55.88235294117647,0.0,29.411764705882355,-0.34586183310532265,0.3894222061220934,-0.3824084040145923,0.34790629506015985,1.6243693971397306,1.3599999999999,7.0,-13.001885736496138
S10_C6,sensitivity,0.1,6.0,OBJECTIVE_LIQUIDITY_ONLY,ACCEPTANCE_RETEST,STRUCTURAL,,1.0,34,38.23529411764706,61.76470588235294,0.0,29.411764705882355,-0.24292065663473938,0.6114970190887784,-0.2794672275440091,0.568330028601035,1.6243693971397306,1.3599999999999,7.0,-9.501885736496309
S10_C6,sensitivity,0.1,6.0,OBJECTIVE_LIQUIDITY_ONLY,ACCEPTANCE_RETEST,STRUCTURAL,,1.5,34,32.35294117647059,67.64705882352942,0.0,29.411764705882355,-0.19880300957591862,0.7093935909613595,-0.23534958048518834,0.667921785260602,1.6243693971397306,1.3599999999999,7.0,-8.001885736496403
S10_C6,sensitivity,0.1,6.0,OBJECTIVE_LIQUIDITY_ONLY,ACCEPTANCE_RETEST,STRUCTURAL,,2.0,34,29.411764705882355,70.58823529411765,0.0,29.411764705882355,-0.12527359781121,0.8244260173513005,-0.16182016872047972,0.781066920027324,1.6243693971397306,1.3599999999999,7.0,-5.501885736496311
S10_C6,sensitivity,0.1,6.0,OBJECTIVE_LIQUIDITY_ONLY,ACCEPTANCE_RETEST,STRUCTURAL,,2.5,34,26.47058823529412,70.58823529411765,2.941176470588235,29.411764705882355,-0.04326073016414857,0.939369038489205,-0.07980730107341832,0.8920254603213816,1.6243693971397306,1.3599999999999,7.0,-2.713448236496223
S10_C6,sensitivity,0.1,6.0,OBJECTIVE_LIQUIDITY_ONLY,ACCEPTANCE_RETEST,STRUCTURAL,,3.0,34,23.52941176470588,73.52941176470588,2.941176470588235,29.411764705882355,-0.028554847811206187,0.9615640680384994,-0.06510141872047587,0.9154351397623511,1.6243693971397306,1.3599999999999,7.0,-2.2134482364961796
S10_C6,sensitivity,0.1,6.0,OBJECTIVE_LIQUIDITY_ONLY,CLEAN_REJECTION,STRUCTURAL,,0.5,1403,66.143977191732,24.162508909479683,9.69351389878831,0.0,0.06925672203539554,1.2597197066043568,0.041079728674430147,1.149205976731849,2.071383091024927,1.3289999999999509,1.0,57.634859330225495
S10_C6,sensitivity,0.1,6.0,OBJECTIVE_LIQUIDITY_ONLY,CLEAN_REJECTION,STRUCTURAL,,1.0,1403,44.11974340698504,36.63578047042053,19.24447612259444,0.14255167498218105,0.07209575177497236,1.1802002268688039,0.04391875841400697,1.106263635959292,2.071383091024927,1.3289999999999509,1.0,61.61801805485178
S10_C6,sensitivity,0.1,6.0,OBJECTIVE_LIQUIDITY_ONLY,CLEAN_REJECTION,STRUCTURAL,,1.5,1403,30.14967925873129,42.97933000712759,26.870990734141127,0.2851033499643621,0.05768688465578537,1.1231084924738537,0.02950989129481997,1.0609537671674245,2.071383091024927,1.3289999999999509,1.0,41.40237748663242
S10_C6,sensitivity,0.1,6.0,OBJECTIVE_LIQUIDITY_ONLY,CLEAN_REJECTION,STRUCTURAL,,2.0,1403,21.66785459729152,44.547398431931576,33.78474697077691,0.21382751247327159,0.08175348505199409,1.1676266927758887,0.05357649169102868,1.106297560555224,2.071383091024927,1.3289999999999509,1.0,75.16781784251324
S10_C6,sensitivity,0.1,6.0,OBJECTIVE_LIQUIDITY_ONLY,CLEAN_REJECTION,STRUCTURAL,,2.5,1403,15.466856735566642,46.115466856735566,38.41767640769779,0.21382751247327159,0.07621756447084692,1.1509435623398039,0.04804057110988152,1.0920648732598826,2.071383091024927,1.3289999999999509,1.0,67.40092126716377
S10_C6,sensitivity,0.1,6.0,OBJECTIVE_LIQUIDITY_ONLY,CLEAN_REJECTION,STRUCTURAL,,3.0,1403,10.691375623663578,46.899501069137564,42.40912330719886,0.21382751247327159,0.07022090272071892,1.1367696442636546,0.04204390935975353,1.07924082305599,2.071383091024927,1.3289999999999509,1.0,58.9876048317342
S10_C6,sensitivity,0.1,6.0,OBJECTIVE_LIQUIDITY_ONLY,FAILED_AUCTION,STRUCTURAL,,0.5,248,65.7258064516129,32.66129032258064,1.6129032258064515,0.8064516129032258,-0.007233512737972645,0.9784628776094753,-0.026884815435224977,0.9215121120539974,3.129913712288385,1.6050568142461543,6.0,-6.667434227935794
S10_C6,sensitivity,0.1,6.0,OBJECTIVE_LIQUIDITY_ONLY,FAILED_AUCTION,STRUCTURAL,,1.0,248,47.983870967741936,45.564516129032256,6.451612903225806,0.0,0.005303108385083883,1.0110886781820123,-0.01434819431216844,0.9705888331429493,3.129913712288385,1.6050568142461543,6.0,-3.558352189417773
S10_C6,sensitivity,0.1,6.0,OBJECTIVE_LIQUIDITY_ONLY,FAILED_AUCTION,STRUCTURAL,,1.5,248,35.08064516129033,51.61290322580645,13.306451612903224,0.0,0.018705352681871026,1.0344395217533817,-0.0009459500153812824,0.998293448509587,3.129913712288385,1.6050568142461543,6.0,-0.23459560381455802
S10_C6,sensitivity,0.1,6.0,OBJECTIVE_LIQUIDITY_ONLY,FAILED_AUCTION,STRUCTURAL,,2.0,248,24.596774193548388,55.24193548387096,20.161290322580644,0.0,0.004798404363180131,1.008236518743571,-0.01485289833407217,0.9750240942842207,3.129913712288385,1.6050568142461543,6.0,-3.6835187868498984
S10_C6,sensitivity,0.1,6.0,OBJECTIVE_LIQUIDITY_ONLY,FAILED_AUCTION,STRUCTURAL,,2.5,248,15.32258064516129,57.25806451612904,27.419354838709676,0.0,-0.04283802769478973,0.9290904324137953,-0.06248933039204205,0.8986766353765924,3.129913712288385,1.6050568142461543,6.0,-15.497353937226428
S10_C6,sensitivity,0.1,6.0,OBJECTIVE_LIQUIDITY_ONLY,FAILED_AUCTION,STRUCTURAL,,3.0,248,10.080645161290322,57.66129032258065,32.25806451612903,0.0,-0.052583587407095685,0.9140202519065609,-0.07223489010434798,0.8843299146319828,3.129913712288385,1.6050568142461543,6.0,-17.9142527458783
S10_C6,sensitivity,0.1,6.0,OBJECTIVE_LIQUIDITY_ONLY,PASSIVE_TOUCH,STRUCTURAL,,0.5,991,54.9949545913219,44.803229061553985,0.20181634712411706,23.30978809283552,-0.1828177554827852,0.6006536932657984,-0.2427923234863015,0.49965857712057626,0.9723224417004985,0.6220000000000709,2.0,-240.6071925749248
S10_C6,sensitivity,0.1,6.0,OBJECTIVE_LIQUIDITY_ONLY,PASSIVE_TOUCH,STRUCTURAL,,1.0,991,44.50050454086781,54.18768920282543,1.3118062563067607,22.300706357214935,-0.1092906140033734,0.8030373712743697,-0.16926518200688967,0.7121562556494178,0.9723224417004985,0.6220000000000709,2.0,-167.74179536882767
S10_C6,sensitivity,0.1,6.0,OBJECTIVE_LIQUIDITY_ONLY,PASSIVE_TOUCH,STRUCTURAL,,1.5,991,36.629667003027244,61.04944500504541,2.320887991927346,21.796165489404643,-0.06956476212606998,0.8886604462602068,-0.12953933012958624,0.8043989251079895,0.9723224417004985,0.6220000000000709,2.0,-128.37347615841998
S10_C6,sensitivity,0.1,6.0,OBJECTIVE_LIQUIDITY_ONLY,PASSIVE_TOUCH,STRUCTURAL,,2.0,991,30.77699293642785,64.9848637739657,4.238143289606458,21.796165489404643,-0.029155557511025217,0.9561305251089739,-0.0891301255145415,0.8735296561485695,0.9723224417004985,0.6220000000000709,2.0,-88.32795438491063
S10_C6,sensitivity,0.1,6.0,OBJECTIVE_LIQUIDITY_ONLY,PASSIVE_TOUCH,STRUCTURAL,,2.5,991,26.942482341069628,67.50756811301716,5.549949545913218,21.695257315842582,0.020956980398402054,1.0303779598820528,-0.03901758760511424,0.9466720291854293,0.9723224417004985,0.6220000000000709,2.0,-38.666429316668214
S10_C6,sensitivity,0.1,6.0,OBJECTIVE_LIQUIDITY_ONLY,PASSIVE_TOUCH,STRUCTURAL,,3.0,991,23.20887991927346,70.33299697275478,6.458123107971746,21.594349142280524,0.02615679860079435,1.0364115145127744,-0.033817769402721944,0.9556174088412424,0.9723224417004985,0.6220000000000709,2.0,-33.513409478097444
S10_C6,sensitivity,0.1,6.0,OBJECTIVE_LIQUIDITY_ONLY,RECLAIM_PULLBACK,STRUCTURAL,,0.5,1221,63.63636363636363,30.13923013923014,6.224406224406224,1.9656019656019657,0.003605698381076028,1.0113276858835945,-0.029040828463435874,0.9118718714785337,1.7079999999998563,1.0440000000000964,3.0,-35.458851553855204
S10_C6,sensitivity,0.1,6.0,OBJECTIVE_LIQUIDITY_ONLY,RECLAIM_PULLBACK,STRUCTURAL,,1.0,1221,46.027846027846024,41.44144144144144,12.530712530712531,1.8837018837018837,0.04146645234585745,1.0943784609271126,0.008819925501345551,1.0193822466343985,1.7079999999998563,1.0440000000000964,3.0,10.769129037142918
S10_C6,sensitivity,0.1,6.0,OBJECTIVE_LIQUIDITY_ONLY,RECLAIM_PULLBACK,STRUCTURAL,,1.5,1221,33.824733824733826,48.239148239148236,17.936117936117938,1.8837018837018837,0.04418940096216842,1.0864915223572882,0.011542874117656513,1.0218062316072534,1.7079999999998563,1.0440000000000964,3.0,14.093849297658602
S10_C6,sensitivity,0.1,6.0,OBJECTIVE_LIQUIDITY_ONLY,RECLAIM_PULLBACK,STRUCTURAL,,2.0,1221,25.634725634725637,51.515151515151516,22.85012285012285,1.9656019656019657,0.054398694693752976,1.0995295942354937,0.021752167849241093,1.0384109689955572,1.7079999999998563,1.0440000000000964,3.0,26.559396943923375
S10_C6,sensitivity,0.1,6.0,OBJECTIVE_LIQUIDITY_ONLY,RECLAIM_PULLBACK,STRUCTURAL,,2.5,1221,19.656019656019655,53.97215397215397,26.371826371826373,1.9656019656019657,0.053138938911015766,1.0929910702015029,0.02049241206650386,1.034608801302912,1.7079999999998563,1.0440000000000964,3.0,25.021235133201213
S10_C6,sensitivity,0.1,6.0,OBJECTIVE_LIQUIDITY_ONLY,RECLAIM_PULLBACK,STRUCTURAL,,3.0,1221,15.151515151515152,55.11875511875511,29.72972972972973,1.9656019656019657,0.05948386629021254,1.1019423860160573,0.026837339445700634,1.044384182563039,1.7079999999998563,1.0440000000000964,3.0,32.76839146320047
S10_C6,sensitivity,0.1,6.0,OBJECTIVE_LIQUIDITY_ONLY,TOUCH_NEXT_OPEN,VOL_FLOOR_0.25,0.25,0.5,1857,64.72805600430802,27.894453419493807,7.377490576198169,1.2385568120624662,0.03131167249697299,1.1056815685728911,-0.003201441387784777,0.9896006874438021,1.8114999999997963,0.2296427150281013,1.0,-5.945076657116331
S10_C6,sensitivity,0.1,6.0,OBJECTIVE_LIQUIDITY_ONLY,TOUCH_NEXT_OPEN,VOL_FLOOR_0.25,0.25,1.0,1857,44.8034464189553,40.333871836295096,14.862681744749596,0.9693053311793215,0.04395524328283912,1.1024244962383423,0.00944212939808135,1.0211764073409242,1.8114999999997963,0.2296427150281013,1.0,17.534034292237067
S10_C6,sensitivity,0.1,6.0,OBJECTIVE_LIQUIDITY_ONLY,TOUCH_NEXT_OPEN,VOL_FLOOR_0.25,0.25,1.5,1857,32.14862681744749,46.63435648896069,21.217016693591813,0.6462035541195477,0.04743219544628441,1.0957471886440049,0.012919081561526666,1.0251028874318882,1.8114999999997963,0.2296427150281013,1.0,23.990734459755018
S10_C6,sensitivity,0.1,6.0,OBJECTIVE_LIQUIDITY_ONLY,TOUCH_NEXT_OPEN,VOL_FLOOR_0.25,0.25,2.0,1857,23.855681206246633,49.488422186322026,26.65589660743134,0.5385029617662896,0.06215394756545441,1.1179655210077677,0.02764083368069665,1.050472458751697,1.8114999999997963,0.2296427150281013,1.0,51.32902814505368
S10_C6,sensitivity,0.1,6.0,OBJECTIVE_LIQUIDITY_ONLY,TOUCH_NEXT_OPEN,VOL_FLOOR_0.25,0.25,2.5,1857,18.039849219170705,51.53473344103393,30.42541733979537,0.4308023694130318,0.057539432735074024,1.104801283489048,0.02302631885031627,1.0403494974489407,1.8114999999997963,0.2296427150281013,1.0,42.75987410503731
S10_C6,sensitivity,0.1,6.0,OBJECTIVE_LIQUIDITY_ONLY,TOUCH_NEXT_OPEN,VOL_FLOOR_0.25,0.25,3.0,1857,13.677975228863758,52.827140549273025,33.49488422186322,0.32310177705977383,0.053512568413739366,1.0950524678695825,0.018999454528981614,1.0324622099016607,1.8114999999997963,0.2296427150281013,1.0,35.281987060318855
S10_C6,sensitivity,0.1,6.0,OBJECTIVE_LIQUIDITY_ONLY,TOUCH_NEXT_OPEN,VOL_FLOOR_0.50,0.5,0.5,1857,64.88960689283792,27.73290253096392,7.377490576198169,0.9154550350026925,0.03373073643854348,1.1144687987383461,0.001708793131969904,1.0056006270122557,1.9007821780651284,0.43054868960783976,1.0,3.173228846068112
S10_C6,sensitivity,0.1,6.0,OBJECTIVE_LIQUIDITY_ONLY,TOUCH_NEXT_OPEN,VOL_FLOOR_0.50,0.5,1.0,1857,44.372644049542274,40.603123317178245,15.024232633279484,0.6462035541195477,0.036857576554321016,1.0852850236213043,0.004835633247747443,1.0108021115760657,1.9007821780651284,0.43054868960783976,1.0,8.979770941067002
S10_C6,sensitivity,0.1,6.0,OBJECTIVE_LIQUIDITY_ONLY,TOUCH_NEXT_OPEN,VOL_FLOOR_0.50,0.5,1.5,1857,32.094776521270866,46.203554119547654,21.701669359181473,0.32310177705977383,0.05226875692078719,1.1062809845452606,0.020246813614213623,1.0397415698878134,1.9007821780651284,0.43054868960783976,1.0,37.5983328815947
S10_C6,sensitivity,0.1,6.0,OBJECTIVE_LIQUIDITY_ONLY,TOUCH_NEXT_OPEN,VOL_FLOOR_0.50,0.5,2.0,1857,23.209477652127084,49.21917070543888,27.571351642434035,0.32310177705977383,0.0557401846259442,1.1060902383552036,0.02371824131937062,1.0435636773082904,1.9007821780651284,0.43054868960783976,1.0,44.04477413007125
S10_C6,sensitivity,0.1,6.0,OBJECTIVE_LIQUIDITY_ONLY,TOUCH_NEXT_OPEN,VOL_FLOOR_0.50,0.5,2.5,1857,16.908992999461496,51.21163166397415,31.87937533656435,0.32310177705977383,0.042142994260979984,1.0769743024876375,0.01012105095440641,1.017836392560929,1.9007821780651284,0.43054868960783976,1.0,18.794791622332703
S10_C6,sensitivity,0.1,6.0,OBJECTIVE_LIQUIDITY_ONLY,TOUCH_NEXT_OPEN,VOL_FLOOR_0.50,0.5,3.0,1857,12.439418416801292,52.50403877221325,35.056542810985455,0.2692514808831448,0.035743469372431495,1.0637114644433951,0.0037215260658579313,1.0064001531774884,1.9007821780651284,0.43054868960783976,1.0,6.910873904298178
S10_C6,sensitivity,0.1,6.0,OBJECTIVE_LIQUIDITY_ONLY,TOUCH_NEXT_OPEN,VOL_FLOOR_0.75,0.75,0.5,1857,64.56650511577814,27.463651050080774,7.969843834141088,0.7000538502961766,0.03312314846732757,1.1126969499353674,0.004733193215653008,1.0156117399554034,2.1544999999996435,0.5383884682268407,1.0,8.789539801467635
S10_C6,sensitivity,0.1,6.0,OBJECTIVE_LIQUIDITY_ONLY,TOUCH_NEXT_OPEN,VOL_FLOOR_0.75,0.75,1.0,1857,43.403338718362946,39.63381798599892,16.962843295638123,0.2692514808831448,0.03753830963574326,1.0882616380783876,0.0091483543840687,1.0208378767096957,2.1544999999996435,0.5383884682268407,1.0,16.988494091215575
S10_C6,sensitivity,0.1,6.0,OBJECTIVE_LIQUIDITY_ONLY,TOUCH_NEXT_OPEN,VOL_FLOOR_0.75,0.75,1.5,1857,29.940764674205706,45.12654819601508,24.932687129779215,0.3769520732364028,0.03591937272380099,1.074053746552694,0.007529417472126434,1.0150342146448057,2.1544999999996435,0.5383884682268407,1.0,13.982128245738789
S10_C6,sensitivity,0.1,6.0,OBJECTIVE_LIQUIDITY_ONLY,TOUCH_NEXT_OPEN,VOL_FLOOR_0.75,0.75,2.0,1857,20.247711362412492,47.7652127086699,31.98707592891761,0.3769520732364028,0.0295166036638314,1.0572920542782176,0.0011266484121568387,1.002117542134468,2.1544999999996435,0.5383884682268407,1.0,2.0921861013752494
S10_C6,sensitivity,0.1,6.0,OBJECTIVE_LIQUIDITY_ONLY,TOUCH_NEXT_OPEN,VOL_FLOOR_0.75,0.75,2.5,1857,14.10877759827679,49.21917070543888,36.67205169628433,0.32310177705977383,0.022390411959777548,1.0421838273826824,-0.005999543291897006,0.9890553011431518,2.1544999999996435,0.5383884682268407,1.0,-11.14115189305274
S10_C6,sensitivity,0.1,6.0,OBJECTIVE_LIQUIDITY_ONLY,TOUCH_NEXT_OPEN,VOL_FLOOR_0.75,0.75,3.0,1857,10.070005385029617,49.70382337102854,40.22617124394184,0.2154011847065159,0.027073469948565083,1.0505375441982507,-0.0013164853031094772,0.9976207746978042,2.1544999999996435,0.5383884682268407,1.0,-2.4447132078742992
S10_C6,sensitivity,0.1,6.0,OBJECTIVE_LIQUIDITY_ONLY,TOUCH_NEXT_OPEN,VOL_FLOOR_1.00,1.0,0.5,1857,63.54334948842219,27.194399569197632,9.262250942380183,0.48465266558966075,0.02850603021746987,1.097030578312238,0.0038076457014422963,1.012608078846987,2.534999999999627,0.7178512909691209,1.0,7.070798067578345
S10_C6,sensitivity,0.1,6.0,OBJECTIVE_LIQUIDITY_ONLY,TOUCH_NEXT_OPEN,VOL_FLOOR_1.00,1.0,1.0,1857,41.464728056004304,37.156704361873985,21.3785675821217,0.2692514808831448,0.043798210128206526,1.107483370024905,0.019099825612178958,1.0455438185709378,2.534999999999627,0.7178512909691209,1.0,35.46837616181632
S10_C6,sensitivity,0.1,6.0,OBJECTIVE_LIQUIDITY_ONLY,TOUCH_NEXT_OPEN,VOL_FLOOR_1.00,1.0,1.5,1857,26.33279483037157,42.21863220247711,31.448572967151318,0.3769520732364028,0.027626023162376622,1.0595505624644925,0.0029276386463490517,1.0061305491896244,2.534999999999627,0.7178512909691209,1.0,5.436624966270189
S10_C6,sensitivity,0.1,6.0,OBJECTIVE_LIQUIDITY_ONLY,TOUCH_NEXT_OPEN,VOL_FLOOR_1.00,1.0,2.0,1857,16.58589122240172,43.83414108777598,39.57996768982229,0.32310177705977383,0.02541471501826739,1.0525912376557522,0.0007163305022398145,1.0014397481315485,2.534999999999627,0.7178512909691209,1.0,1.3302257426593354
S10_C6,sensitivity,0.1,6.0,OBJECTIVE_LIQUIDITY_ONLY,TOUCH_NEXT_OPEN,VOL_FLOOR_1.00,1.0,2.5,1857,11.093161012385568,44.641895530425415,44.26494345718901,0.2692514808831448,0.02500090680889337,1.050837980633122,0.0003025222928657937,1.0005974593740605,2.534999999999627,0.7178512909691209,1.0,0.5617838978517788
S10_C6,sensitivity,0.1,6.0,OBJECTIVE_LIQUIDITY_ONLY,TOUCH_NEXT_OPEN,VOL_FLOOR_1.00,1.0,3.0,1857,7.862143241787829,44.8034464189553,47.33441033925686,0.2154011847065159,0.04013771231627313,1.0813491089032825,0.015439327800245553,1.0303895405336456,2.534999999999627,0.7178512909691209,1.0,28.670831725055994
S11_C6_PRIMARY,primary,0.11,6.0,DISPLACEMENT_ORIGIN_ONLY,ACCEPTANCE_RETEST,STRUCTURAL,,0.5,12,50.0,50.0,0.0,33.33333333333333,-0.24999999999997713,0.5000000000000457,-0.3478850776369005,0.3649533756606574,0.540104406271098,0.42207881681474646,8.5,-4.1746209316428065
S11_C6_PRIMARY,primary,0.11,6.0,DISPLACEMENT_ORIGIN_ONLY,ACCEPTANCE_RETEST,STRUCTURAL,,1.0,12,41.66666666666667,58.333333333333336,0.0,25.0,-0.16666666666666666,0.7142857142857143,-0.26455174430359013,0.5873945901634413,0.540104406271098,0.42207881681474646,8.5,-3.1746209316430813
S11_C6_PRIMARY,primary,0.11,6.0,DISPLACEMENT_ORIGIN_ONLY,ACCEPTANCE_RETEST,STRUCTURAL,,1.5,12,41.66666666666667,58.333333333333336,0.0,25.0,0.041666666666643794,1.0714285714285323,-0.05621841097027971,0.9123195329525653,0.540104406271098,0.42207881681474646,8.5,-0.6746209316433565
S11_C6_PRIMARY,primary,0.11,6.0,DISPLACEMENT_ORIGIN_ONLY,ACCEPTANCE_RETEST,STRUCTURAL,,2.0,12,41.66666666666667,58.333333333333336,0.0,25.0,0.25,1.4285714285714286,0.15211492236307653,1.2372444757417604,0.540104406271098,0.42207881681474646,8.5,1.8253790683569182
S11_C6_PRIMARY,primary,0.11,6.0,DISPLACEMENT_ORIGIN_ONLY,ACCEPTANCE_RETEST,STRUCTURAL,,2.5,12,33.33333333333333,66.66666666666666,0.0,25.0,0.16666666666669627,1.2500000000000444,0.06878158902977281,1.0944722878964164,0.540104406271098,0.42207881681474646,8.5,0.8253790683572737
S11_C6_PRIMARY,primary,0.11,6.0,DISPLACEMENT_ORIGIN_ONLY,ACCEPTANCE_RETEST,STRUCTURAL,,3.0,12,33.33333333333333,66.66666666666666,0.0,25.0,0.3333333333333333,1.5,0.23544825569640984,1.323390833370134,0.540104406271098,0.42207881681474646,8.5,2.825379068356918
S11_C6_PRIMARY,primary,0.11,6.0,DISPLACEMENT_ORIGIN_ONLY,CLEAN_REJECTION,STRUCTURAL,,0.5,935,61.1764705882353,22.887700534759357,15.935828877005347,0.10695187165775401,0.05224347864154016,1.2000036965931746,0.030238093009084817,1.112978195377796,3.4594351434657256,0.47649999999998727,1.0,28.272616963494304
S11_C6_PRIMARY,primary,0.11,6.0,DISPLACEMENT_ORIGIN_ONLY,CLEAN_REJECTION,STRUCTURAL,,1.0,935,39.037433155080215,31.22994652406417,29.732620320855613,0.10695187165775401,0.08160422669208958,1.2274906830980792,0.05959884105963422,1.1618691251081403,3.4594351434657256,0.47649999999998727,1.0,55.724916390758
S11_C6_PRIMARY,primary,0.11,6.0,DISPLACEMENT_ORIGIN_ONLY,CLEAN_REJECTION,STRUCTURAL,,1.5,935,25.454545454545453,35.82887700534759,38.71657754010695,0.0,0.0824334480664327,1.2015127961962326,0.06042806243397734,1.1438772973827802,3.4594351434657256,0.47649999999998727,1.0,56.50023837576881
S11_C6_PRIMARY,primary,0.11,6.0,DISPLACEMENT_ORIGIN_ONLY,CLEAN_REJECTION,STRUCTURAL,,2.0,935,18.288770053475936,37.4331550802139,44.27807486631016,0.0,0.10535748532483569,1.247262245429729,0.08335209969238035,1.1904523719393592,3.4594351434657256,0.47649999999998727,1.0,77.93421321237562
S11_C6_PRIMARY,primary,0.11,6.0,DISPLACEMENT_ORIGIN_ONLY,CLEAN_REJECTION,STRUCTURAL,,2.5,935,13.796791443850267,38.18181818181819,48.02139037433155,0.0,0.1360967378841756,1.313888721638203,0.11409135225172022,1.2561248530986158,3.4594351434657256,0.47649999999998727,1.0,106.67541435535841
S11_C6_PRIMARY,primary,0.11,6.0,DISPLACEMENT_ORIGIN_ONLY,CLEAN_REJECTION,STRUCTURAL,,3.0,935,10.481283422459892,38.93048128342246,50.588235294117645,0.0,0.13931794962617233,1.3156479667928698,0.11731256399371698,1.2585242101911807,3.4594351434657256,0.47649999999998727,1.0,109.68724733412537
S11_C6_PRIMARY,primary,0.11,6.0,DISPLACEMENT_ORIGIN_ONLY,FAILED_AUCTION,STRUCTURAL,,0.5,177,61.016949152542374,38.983050847457626,0.0,0.5649717514124294,-0.08474576271186472,0.782608695652173,-0.12645076137195232,0.6887840567253312,1.7695577272716037,0.30500000000006366,3.0,-22.38178476283556
S11_C6_PRIMARY,primary,0.11,6.0,DISPLACEMENT_ORIGIN_ONLY,FAILED_AUCTION,STRUCTURAL,,1.0,177,44.06779661016949,54.23728813559322,1.694915254237288,0.5649717514124294,-0.10302940137976166,0.8109950467897024,-0.14473440003984925,0.7455424356029416,1.7695577272716037,0.30500000000006366,3.0,-25.617988807053315
S11_C6_PRIMARY,primary,0.11,6.0,DISPLACEMENT_ORIGIN_ONLY,FAILED_AUCTION,STRUCTURAL,,1.5,177,32.7683615819209,59.887005649717516,7.344632768361582,0.5649717514124294,-0.07954017860394355,0.8679861466185683,-0.12124517726403115,0.8071331601733683,1.7695577272716037,0.30500000000006366,3.0,-21.460396375733513
S11_C6_PRIMARY,primary,0.11,6.0,DISPLACEMENT_ORIGIN_ONLY,FAILED_AUCTION,STRUCTURAL,,2.0,177,27.11864406779661,64.97175141242938,7.909604519774012,0.0,-0.07765350300094276,0.8811476913331332,-0.11935850166103038,0.8252664115862451,1.7695577272716037,0.30500000000006366,3.0,-21.126454794002377
S11_C6_PRIMARY,primary,0.11,6.0,DISPLACEMENT_ORIGIN_ONLY,FAILED_AUCTION,STRUCTURAL,,2.5,177,19.774011299435028,67.2316384180791,12.994350282485875,0.0,-0.07442319517956605,0.8899000345344491,-0.11612819383965363,0.8357050282772502,1.7695577272716037,0.30500000000006366,3.0,-20.554690309618692
S11_C6_PRIMARY,primary,0.11,6.0,DISPLACEMENT_ORIGIN_ONLY,FAILED_AUCTION,STRUCTURAL,,3.0,177,16.38418079096045,68.92655367231639,14.689265536723164,0.0,-0.07129947662093669,0.897101293424917,-0.11300447528102434,0.8440238648680102,1.7695577272716037,0.30500000000006366,3.0,-20.001792124741307
S11_C6_PRIMARY,primary,0.11,6.0,DISPLACEMENT_ORIGIN_ONLY,PASSIVE_TOUCH,STRUCTURAL,,0.5,481,54.67775467775468,45.11434511434512,0.2079002079002079,23.7006237006237,-0.17828076168003285,0.6052849531840275,-0.26142460770808806,0.4717132348200342,0.8782259070837881,0.22400000000016007,3.0,-125.74523630759036
S11_C6_PRIMARY,primary,0.11,6.0,DISPLACEMENT_ORIGIN_ONLY,PASSIVE_TOUCH,STRUCTURAL,,1.0,481,43.24324324324324,56.54885654885655,0.2079002079002079,21.413721413721415,-0.1335822169814893,0.7639951242961527,-0.2167260630095446,0.6480334865037548,0.8782259070837881,0.22400000000016007,3.0,-104.24523630759096
S11_C6_PRIMARY,primary,0.11,6.0,DISPLACEMENT_ORIGIN_ONLY,PASSIVE_TOUCH,STRUCTURAL,,1.5,481,37.42203742203743,62.16216216216216,0.4158004158004158,21.205821205821206,-0.06136568233718567,0.9014516580737096,-0.14450952836524097,0.7865874210514937,0.8782259070837881,0.22400000000016007,3.0,-69.50908314368091
S11_C6_PRIMARY,primary,0.11,6.0,DISPLACEMENT_ORIGIN_ONLY,PASSIVE_TOUCH,STRUCTURAL,,2.0,481,32.84823284823285,65.07276507276507,2.079002079002079,20.997920997921,0.01702621984088484,1.0260454630660842,-0.06611762618717044,0.9069478652835236,0.8782259070837881,0.22400000000016007,3.0,-31.802578196028982
S11_C6_PRIMARY,primary,0.11,6.0,DISPLACEMENT_ORIGIN_ONLY,PASSIVE_TOUCH,STRUCTURAL,,2.5,481,27.234927234927238,68.81496881496881,3.9501039501039505,20.997920997921,0.027364095675744216,1.0395930634299255,-0.05577975035231106,0.9256421306980522,0.8782259070837881,0.22400000000016007,3.0,-26.83005991946162
S11_C6_PRIMARY,primary,0.11,6.0,DISPLACEMENT_ORIGIN_ONLY,PASSIVE_TOUCH,STRUCTURAL,,3.0,481,23.492723492723496,71.10187110187111,5.405405405405405,20.997920997921,0.050736863706596254,1.0710597741452084,-0.03240698232145902,0.9582091047749804,0.8782259070837881,0.22400000000016007,3.0,-15.58775849662179
S11_C6_PRIMARY,primary,0.11,6.0,DISPLACEMENT_ORIGIN_ONLY,RECLAIM_PULLBACK,STRUCTURAL,,0.5,835,60.119760479041915,29.820359281437124,10.059880239520957,3.2335329341317367,-0.010734515076260175,0.9660975274809807,-0.043448148425799867,0.8680975064208704,2.5799999999999272,0.2415000000000873,3.0,-36.27920393554289
S11_C6_PRIMARY,primary,0.11,6.0,DISPLACEMENT_ORIGIN_ONLY,RECLAIM_PULLBACK,STRUCTURAL,,1.0,835,40.47904191616766,38.80239520958084,20.718562874251496,3.1137724550898205,0.026053972900733698,1.0624883984823175,-0.006659660448805997,0.9846157596586254,2.5799999999999272,0.2415000000000873,3.0,-5.5608164747530076
S11_C6_PRIMARY,primary,0.11,6.0,DISPLACEMENT_ORIGIN_ONLY,RECLAIM_PULLBACK,STRUCTURAL,,1.5,835,28.502994011976046,43.83233532934131,27.66467065868263,3.1137724550898205,0.03468616445111022,1.0736038475241199,0.001972531101570514,1.0040286841659114,2.5799999999999272,0.2415000000000873,3.0,1.6470634698113793
S11_C6_PRIMARY,primary,0.11,6.0,DISPLACEMENT_ORIGIN_ONLY,RECLAIM_PULLBACK,STRUCTURAL,,2.0,835,20.718562874251496,46.706586826347305,32.5748502994012,3.1137724550898205,0.036396381945381105,1.072536335982997,0.0036827485958414027,1.007058837058394,2.5799999999999272,0.2415000000000873,3.0,3.075095077527571
S11_C6_PRIMARY,primary,0.11,6.0,DISPLACEMENT_ORIGIN_ONLY,RECLAIM_PULLBACK,STRUCTURAL,,2.5,835,15.92814371257485,47.90419161676647,36.16766467065868,3.1137724550898205,0.061920782142961116,1.1203253959333044,0.029207148793421418,1.0545685534534306,2.5799999999999272,0.2415000000000873,3.0,24.387969242506884
S11_C6_PRIMARY,primary,0.11,6.0,DISPLACEMENT_ORIGIN_ONLY,RECLAIM_PULLBACK,STRUCTURAL,,3.0,835,13.053892215568863,48.982035928143716,37.964071856287426,3.1137724550898205,0.07840026212676414,1.1492231162626152,0.045686628777224444,1.083540338011944,2.5799999999999272,0.2415000000000873,3.0,38.14833502898241
S11_C6_PRIMARY,primary,0.11,6.0,DISPLACEMENT_ORIGIN_ONLY,TOUCH_NEXT_OPEN,VOL_FLOOR_0.25,0.25,0.5,1162,62.99483648881239,24.78485370051635,12.220309810671257,0.8605851979345954,0.04977488234714368,1.1833607880863848,0.0194051893334497,1.06895484331824,2.8097102036726938,0.28500000000008185,1.0,22.548830005468552
S11_C6_PRIMARY,primary,0.11,6.0,DISPLACEMENT_ORIGIN_ONLY,TOUCH_NEXT_OPEN,VOL_FLOOR_0.25,0.25,1.0,1162,42.168674698795186,34.50946643717728,23.32185886402754,0.6884681583476765,0.08040852348201248,1.2112312957805333,0.050038830468318515,1.1267565533699178,2.8097102036726938,0.28500000000008185,1.0,58.145121004186116
S11_C6_PRIMARY,primary,0.11,6.0,DISPLACEMENT_ORIGIN_ONLY,TOUCH_NEXT_OPEN,VOL_FLOOR_0.25,0.25,1.5,1162,28.657487091222034,40.533562822719446,30.808950086058516,0.25817555938037867,0.07555670667730426,1.1700382866242267,0.04518701366361027,1.0980467204623114,2.8097102036726938,0.28500000000008185,1.0,52.507309877115134
S11_C6_PRIMARY,primary,0.11,6.0,DISPLACEMENT_ORIGIN_ONLY,TOUCH_NEXT_OPEN,VOL_FLOOR_0.25,0.25,2.0,1162,21.084337349397593,43.28743545611016,35.628227194492254,0.17211703958691912,0.08809994146323281,1.1863986405677363,0.05773024844953883,1.117658517373638,2.8097102036726938,0.28500000000008185,1.0,67.08254869836412
S11_C6_PRIMARY,primary,0.11,6.0,DISPLACEMENT_ORIGIN_ONLY,TOUCH_NEXT_OPEN,VOL_FLOOR_0.25,0.25,2.5,1162,15.576592082616179,45.09466437177281,39.32874354561102,0.17211703958691912,0.09574341474037094,1.1951100595288238,0.06537372172667695,1.1282597749986762,2.8097102036726938,0.28500000000008185,1.0,75.96426464639862
S11_C6_PRIMARY,primary,0.11,6.0,DISPLACEMENT_ORIGIN_ONLY,TOUCH_NEXT_OPEN,VOL_FLOOR_0.25,0.25,3.0,1162,12.822719449225472,45.869191049913944,41.30808950086058,0.08605851979345956,0.11442328354573934,1.2293119921072098,0.08405359053204536,1.1621005309221744,2.8097102036726938,0.28500000000008185,1.0,97.67027219823672
S11_C6_PRIMARY,primary,0.11,6.0,DISPLACEMENT_ORIGIN_ONLY,TOUCH_NEXT_OPEN,VOL_FLOOR_0.50,0.5,0.5,1162,63.16695352839932,24.612736660929432,12.220309810671257,0.4302925989672977,0.0523566379409464,1.1941021583696236,0.027558948978339288,1.0992858434590709,2.9786354852285513,0.5165051056775793,1.0,32.02349871283025
S11_C6_PRIMARY,primary,0.11,6.0,DISPLACEMENT_ORIGIN_ONLY,TOUCH_NEXT_OPEN,VOL_FLOOR_0.50,0.5,1.0,1162,41.22203098106713,35.02581755593804,23.752151462994835,0.25817555938037867,0.06740883641289248,1.1746268691637414,0.042611147450285373,1.1072302401463276,2.9786354852285513,0.5165051056775793,1.0,49.514153337231605
S11_C6_PRIMARY,primary,0.11,6.0,DISPLACEMENT_ORIGIN_ONLY,TOUCH_NEXT_OPEN,VOL_FLOOR_0.50,0.5,1.5,1162,27.710843373493976,40.27538726333907,32.01376936316696,0.17211703958691912,0.07035201052086275,1.1590620679197623,0.04555432155825563,1.0999884389994201,2.9786354852285513,0.5165051056775793,1.0,52.934121650693044
S11_C6_PRIMARY,primary,0.11,6.0,DISPLACEMENT_ORIGIN_ONLY,TOUCH_NEXT_OPEN,VOL_FLOOR_0.50,0.5,2.0,1162,20.65404475043029,42.426850258175556,36.91910499139415,0.0,0.09387478029292864,1.2020760443740761,0.06907709133032151,1.1442855904412241,2.9786354852285513,0.5165051056775793,1.0,80.2675801258336
S11_C6_PRIMARY,primary,0.11,6.0,DISPLACEMENT_ORIGIN_ONLY,TOUCH_NEXT_OPEN,VOL_FLOOR_0.50,0.5,2.5,1162,14.974182444061961,43.631669535284,41.39414802065404,0.0,0.11302490928281007,1.2371483897734108,0.08822722032020296,1.1795995971976374,2.9786354852285513,0.5165051056775793,1.0,102.52003001207584
S11_C6_PRIMARY,primary,0.11,6.0,DISPLACEMENT_ORIGIN_ONLY,TOUCH_NEXT_OPEN,VOL_FLOOR_0.50,0.5,3.0,1162,11.44578313253012,44.57831325301205,43.97590361445783,0.08605851979345956,0.11588067008507652,1.23818907958408,0.09108298112246939,1.1815503688926063,2.9786354852285513,0.5165051056775793,1.0,105.83842406430944
S11_C6_PRIMARY,primary,0.11,6.0,DISPLACEMENT_ORIGIN_ONLY,TOUCH_NEXT_OPEN,VOL_FLOOR_0.75,0.75,0.5,1162,62.736660929432006,24.440619621342513,12.822719449225472,0.34423407917383825,0.05030074658923426,1.186244019179147,0.02952978321715224,1.1067301544297754,3.3701699584178186,0.774757658516369,1.0,34.3136080983309
S11_C6_PRIMARY,primary,0.11,6.0,DISPLACEMENT_ORIGIN_ONLY,TOUCH_NEXT_OPEN,VOL_FLOOR_0.75,0.75,1.0,1162,38.81239242685026,34.93975903614458,26.247848537005165,0.25817555938037867,0.045096434313174456,1.115967578156225,0.024325470941092452,1.0610118920936777,3.3701699584178186,0.774757658516369,1.0,28.26619723354943
S11_C6_PRIMARY,primary,0.11,6.0,DISPLACEMENT_ORIGIN_ONLY,TOUCH_NEXT_OPEN,VOL_FLOOR_0.75,0.75,1.5,1162,25.903614457831324,38.38209982788296,35.714285714285715,0.0,0.07234656092446247,1.1695744570773006,0.05157559755238046,1.11786698369502,3.3701699584178186,0.774757658516369,1.0,59.9308443558661
S11_C6_PRIMARY,primary,0.11,6.0,DISPLACEMENT_ORIGIN_ONLY,TOUCH_NEXT_OPEN,VOL_FLOOR_0.75,0.75,2.0,1162,17.38382099827883,40.27538726333907,42.3407917383821,0.08605851979345956,0.08178160232213534,1.183290126184888,0.06101063895005333,1.1332795848134003,3.3701699584178186,0.774757658516369,1.0,70.89436245996197
S11_C6_PRIMARY,primary,0.11,6.0,DISPLACEMENT_ORIGIN_ONLY,TOUCH_NEXT_OPEN,VOL_FLOOR_0.75,0.75,2.5,1162,12.134251290877797,41.049913941480206,46.815834767641995,0.08605851979345956,0.09589778275104308,1.2112064993357101,0.07512681937896105,1.161276279804732,3.3701699584178186,0.774757658516369,1.0,87.29736411835275
S11_C6_PRIMARY,primary,0.11,6.0,DISPLACEMENT_ORIGIN_ONLY,TOUCH_NEXT_OPEN,VOL_FLOOR_0.75,0.75,3.0,1162,8.605851979345955,41.480206540447504,49.91394148020654,0.08605851979345956,0.10171190092106111,1.2215704967282504,0.08094093754897909,1.1718501234696623,3.3701699584178186,0.774757658516369,1.0,94.05336943191371
S11_C6_PRIMARY,primary,0.11,6.0,DISPLACEMENT_ORIGIN_ONLY,TOUCH_NEXT_OPEN,VOL_FLOOR_1.00,1.0,0.5,1162,60.327022375215144,24.78485370051635,14.888123924268504,0.17211703958691912,0.031719219333407295,1.1141268335191505,0.013992850035343367,1.0492961436291466,3.8969845152074605,1.0330102113551587,1.0,16.25969174106899
S11_C6_PRIMARY,primary,0.11,6.0,DISPLACEMENT_ORIGIN_ONLY,TOUCH_NEXT_OPEN,VOL_FLOOR_1.00,1.0,1.0,1162,36.40275387263339,32.358003442340795,31.23924268502582,0.0,0.04810468898950281,1.1304996387183626,0.030378319691438872,1.0805857534696133,3.8969845152074605,1.0330102113551587,1.0,35.29960748145197
S11_C6_PRIMARY,primary,0.11,6.0,DISPLACEMENT_ORIGIN_ONLY,TOUCH_NEXT_OPEN,VOL_FLOOR_1.00,1.0,1.5,1162,22.80550774526678,35.197934595524956,41.996557659208264,0.08605851979345956,0.07316247859954098,1.182992744809591,0.05543610930147703,1.1355489904668197,3.8969845152074605,1.0330102113551587,1.0,64.4167590083163
S11_C6_PRIMARY,primary,0.11,6.0,DISPLACEMENT_ORIGIN_ONLY,TOUCH_NEXT_OPEN,VOL_FLOOR_1.00,1.0,2.0,1162,14.543889845094665,36.74698795180723,48.709122203098104,0.08605851979345956,0.07041047929700531,1.1687418473995075,0.05268410999894137,1.123419311768558,3.8969845152074605,1.0330102113551587,1.0,61.21893581876987
S11_C6_PRIMARY,primary,0.11,6.0,DISPLACEMENT_ORIGIN_ONLY,TOUCH_NEXT_OPEN,VOL_FLOOR_1.00,1.0,2.5,1162,9.38037865748709,37.26333907056799,53.35628227194492,0.08605851979345956,0.07834187213107756,1.1854548565593925,0.06061550283301363,1.1402486762624553,3.8969845152074605,1.0330102113551587,1.0,70.43521429196184
S11_C6_PRIMARY,primary,0.11,6.0,DISPLACEMENT_ORIGIN_ONLY,TOUCH_NEXT_OPEN,VOL_FLOOR_1.00,1.0,3.0,1162,6.884681583476763,37.43545611015491,55.679862306368335,0.17211703958691912,0.09340771688092364,1.2199361068600643,0.0756813475828597,1.1741454297412912,3.8969845152074605,1.0330102113551587,1.0,87.94172589128297
S11_C6_PRIMARY,primary,0.11,6.0,DOZ_OBJECTIVE_ONLY,ACCEPTANCE_RETEST,STRUCTURAL,,0.5,5,40.0,60.0,0.0,20.0,-0.4000000000000011,0.33333333333333154,-0.5015845585252512,0.26595537190418245,1.2746661814333038,0.22650000000021464,7.0,-2.507922792626256
S11_C6_PRIMARY,primary,0.11,6.0,DOZ_OBJECTIVE_ONLY,ACCEPTANCE_RETEST,STRUCTURAL,,1.0,5,40.0,60.0,0.0,20.0,-0.2,0.6666666666666666,-0.3015845585252501,0.5586456533809665,1.2746661814333038,0.22650000000021464,7.0,-1.5079227926262506
S11_C6_PRIMARY,primary,0.11,6.0,DOZ_OBJECTIVE_ONLY,ACCEPTANCE_RETEST,STRUCTURAL,,1.5,5,40.0,60.0,0.0,20.0,1.0658141036401502e-15,1.0000000000000018,-0.10158455852524906,0.8513359348577508,1.2746661814333038,0.22650000000021464,7.0,-0.5079227926262453
S11_C6_PRIMARY,primary,0.11,6.0,DOZ_OBJECTIVE_ONLY,ACCEPTANCE_RETEST,STRUCTURAL,,2.0,5,40.0,60.0,0.0,20.0,0.2,1.3333333333333333,0.09841544147474987,1.1440262163345318,1.2746661814333038,0.22650000000021464,7.0,0.4920772073737494
S11_C6_PRIMARY,primary,0.11,6.0,DOZ_OBJECTIVE_ONLY,ACCEPTANCE_RETEST,STRUCTURAL,,2.5,5,40.0,60.0,0.0,20.0,0.3999999999999989,1.666666666666665,0.29841544147474885,1.4367164978113127,1.2746661814333038,0.22650000000021464,7.0,1.4920772073737443
S11_C6_PRIMARY,primary,0.11,6.0,DOZ_OBJECTIVE_ONLY,ACCEPTANCE_RETEST,STRUCTURAL,,3.0,5,20.0,80.0,0.0,20.0,-0.2,0.75,-0.3015845585252502,0.662177336909558,1.2746661814333038,0.22650000000021464,7.0,-1.5079227926262508
S11_C6_PRIMARY,primary,0.11,6.0,DOZ_OBJECTIVE_ONLY,CLEAN_REJECTION,STRUCTURAL,,0.5,17,64.70588235294117,29.411764705882355,5.88235294117647,0.0,-0.0006749174649073254,0.9979182342613652,-0.037016879768687456,0.8890380562266805,1.990441216972613,0.5685000000000855,1.0,-0.6292869560676868
S11_C6_PRIMARY,primary,0.11,6.0,DOZ_OBJECTIVE_ONLY,CLEAN_REJECTION,STRUCTURAL,,1.0,17,64.70588235294117,29.411764705882355,5.88235294117647,0.0,0.32285449429978913,1.9958364685226722,0.28651253199600896,1.858851088053763,1.990441216972613,0.5685000000000855,1.0,4.870713043932152
S11_C6_PRIMARY,primary,0.11,6.0,DOZ_OBJECTIVE_ONLY,CLEAN_REJECTION,STRUCTURAL,,1.5,17,47.05882352941176,41.17647058823529,11.76470588235294,0.0,0.24704732442335442,1.5384229822675006,0.21070536211957427,1.4419549743429743,1.990441216972613,0.5685000000000855,1.0,3.5819911560327626
S11_C6_PRIMARY,primary,0.11,6.0,DOZ_OBJECTIVE_ONLY,CLEAN_REJECTION,STRUCTURAL,,2.0,17,29.411764705882355,47.05882352941176,23.52941176470588,0.0,0.22329246989341048,1.4313508710963634,0.18695050758963042,1.3472356084390107,1.990441216972613,0.5685000000000855,1.0,3.178158629023717
S11_C6_PRIMARY,primary,0.11,6.0,DOZ_OBJECTIVE_ONLY,CLEAN_REJECTION,STRUCTURAL,,2.5,17,23.52941176470588,47.05882352941176,29.411764705882355,0.0,0.3394450052430117,1.6557314663175915,0.30310304293923157,1.5629734355455551,1.990441216972613,0.5685000000000855,1.0,5.152751729966937
S11_C6_PRIMARY,primary,0.11,6.0,DOZ_OBJECTIVE_ONLY,CLEAN_REJECTION,STRUCTURAL,,3.0,17,17.647058823529413,47.05882352941176,35.294117647058826,0.0,0.42122314000871564,1.8137084446037868,0.3848811777049356,1.7148654028287276,1.990441216972613,0.5685000000000855,1.0,6.542980020983904
S11_C6_PRIMARY,primary,0.11,6.0,DOZ_OBJECTIVE_ONLY,FAILED_AUCTION,STRUCTURAL,,0.5,27,66.66666666666666,33.33333333333333,0.0,0.0,4.5066830925524876e-15,1.0000000000000138,-0.028356001938491904,0.9173284874694065,2.4801859370536476,0.6615400537714322,2.0,-0.7656120523392814
S11_C6_PRIMARY,primary,0.11,6.0,DOZ_OBJECTIVE_ONLY,FAILED_AUCTION,STRUCTURAL,,1.0,27,51.85185185185185,48.148148148148145,0.0,0.0,0.037037037037037035,1.0769230769230769,0.008681035098540622,1.0175561068399044,2.4801859370536476,0.6615400537714322,2.0,0.23438794766059678
S11_C6_PRIMARY,primary,0.11,6.0,DOZ_OBJECTIVE_ONLY,FAILED_AUCTION,STRUCTURAL,,1.5,27,51.85185185185185,48.148148148148145,0.0,0.0,0.29629629629628984,1.615384615384602,0.26794029435779343,1.5418695329606051,2.4801859370536476,0.6615400537714322,2.0,7.234387947660423
S11_C6_PRIMARY,primary,0.11,6.0,DOZ_OBJECTIVE_ONLY,FAILED_AUCTION,STRUCTURAL,,2.0,27,40.74074074074074,51.85185185185185,7.4074074074074066,0.0,0.32100698225302643,1.615840214605366,0.29265098031453,1.545486906797433,2.4801859370536476,0.6615400537714322,2.0,7.90157646849231
S11_C6_PRIMARY,primary,0.11,6.0,DOZ_OBJECTIVE_ONLY,FAILED_AUCTION,STRUCTURAL,,2.5,27,25.925925925925924,62.96296296296296,11.11111111111111,0.0,0.03808224806227991,1.0597360626078751,0.009726246123783429,1.014798985471724,2.4801859370536476,0.6615400537714322,2.0,0.26260864534215256
S11_C6_PRIMARY,primary,0.11,6.0,DOZ_OBJECTIVE_ONLY,FAILED_AUCTION,STRUCTURAL,,3.0,27,18.51851851851852,62.96296296296296,18.51851851851852,0.0,0.06578500653996534,1.1031907901787763,0.037429004601468925,1.0569501622998985,2.4801859370536476,0.6615400537714322,2.0,1.010583124239661
S11_C6_PRIMARY,primary,0.11,6.0,DOZ_OBJECTIVE_ONLY,PASSIVE_TOUCH,STRUCTURAL,,0.5,43,30.23255813953488,69.76744186046511,0.0,62.7906976744186,-0.5465116279069732,0.21666666666667178,-0.6604348645642067,0.15574098850757817,0.6050000000000182,0.22325000000023465,0.0,-28.39869917626089
S11_C6_PRIMARY,primary,0.11,6.0,DOZ_OBJECTIVE_ONLY,PASSIVE_TOUCH,STRUCTURAL,,1.0,43,27.906976744186046,72.09302325581395,0.0,62.7906976744186,-0.4418604651162791,0.3870967741935484,-0.5557837017735127,0.3111649118430912,0.6050000000000182,0.22325000000023465,0.0,-23.898699176261044
S11_C6_PRIMARY,primary,0.11,6.0,DOZ_OBJECTIVE_ONLY,PASSIVE_TOUCH,STRUCTURAL,,1.5,43,23.25581395348837,76.74418604651163,0.0,62.7906976744186,-0.4186046511627918,0.45454545454545314,-0.5325278878200255,0.37859214043525063,0.6050000000000182,0.22325000000023465,0.0,-22.898699176261093
S11_C6_PRIMARY,primary,0.11,6.0,DOZ_OBJECTIVE_ONLY,PASSIVE_TOUCH,STRUCTURAL,,2.0,43,20.930232558139537,79.06976744186046,0.0,60.46511627906976,-0.37209302325581395,0.5294117647058824,-0.48601625991304753,0.45022507720397953,0.6050000000000182,0.22325000000023465,0.0,-20.898699176261044
S11_C6_PRIMARY,primary,0.11,6.0,DOZ_OBJECTIVE_ONLY,PASSIVE_TOUCH,STRUCTURAL,,2.5,43,20.930232558139537,79.06976744186046,0.0,60.46511627906976,-0.2674418604651224,0.6617647058823453,-0.38136509712235606,0.5686050362490939,0.6050000000000182,0.22325000000023465,0.0,-16.39869917626131
S11_C6_PRIMARY,primary,0.11,6.0,DOZ_OBJECTIVE_ONLY,PASSIVE_TOUCH,STRUCTURAL,,3.0,43,20.930232558139537,79.06976744186046,0.0,60.46511627906976,-0.16279069767441862,0.7941176470588235,-0.2767139343316522,0.6869849952942221,0.6050000000000182,0.22325000000023465,0.0,-11.898699176261045
S11_C6_PRIMARY,primary,0.11,6.0,DOZ_OBJECTIVE_ONLY,RECLAIM_PULLBACK,STRUCTURAL,,0.5,30,60.0,36.666666666666664,3.3333333333333335,10.0,-0.07909123180689376,0.7913662327933153,-0.12245979495697448,0.6918662798754235,1.4362156775363246,0.42628231366643377,4.0,-3.6737938487092343
S11_C6_PRIMARY,primary,0.11,6.0,DOZ_OBJECTIVE_ONLY,RECLAIM_PULLBACK,STRUCTURAL,,1.0,30,46.666666666666664,50.0,3.3333333333333335,10.0,-0.04575789847355554,0.9107031520609592,-0.08912646162363627,0.8345261662213879,1.4362156775363246,0.42628231366643377,4.0,-2.673793848709088
S11_C6_PRIMARY,primary,0.11,6.0,DOZ_OBJECTIVE_ONLY,RECLAIM_PULLBACK,STRUCTURAL,,1.5,30,43.333333333333336,53.333333333333336,3.3333333333333335,10.0,0.10424210152645044,1.1910042929621505,0.06087353837636966,1.1060206774364607,1.4362156775363246,0.42628231366643377,4.0,1.8262061512910899
S11_C6_PRIMARY,primary,0.11,6.0,DOZ_OBJECTIVE_ONLY,RECLAIM_PULLBACK,STRUCTURAL,,2.0,30,40.0,56.666666666666664,3.3333333333333335,10.0,0.22090876819311112,1.38147489732115,0.17754020504303034,1.291634753760246,1.4362156775363246,0.42628231366643377,4.0,5.3262061512909105
S11_C6_PRIMARY,primary,0.11,6.0,DOZ_OBJECTIVE_ONLY,RECLAIM_PULLBACK,STRUCTURAL,,2.5,30,33.33333333333333,60.0,6.666666666666667,10.0,0.22204602309506735,1.3625687729299805,0.17867745994498652,1.2775466447282782,1.4362156775363246,0.42628231366643377,4.0,5.3603237983495955
S11_C6_PRIMARY,primary,0.11,6.0,DOZ_OBJECTIVE_ONLY,RECLAIM_PULLBACK,STRUCTURAL,,3.0,30,26.666666666666668,60.0,13.333333333333334,10.0,0.24411805210687584,1.3986091773620837,0.200749488956795,1.3118319854559715,1.4362156775363246,0.42628231366643377,4.0,6.02248466870385
S11_C6_PRIMARY,primary,0.11,6.0,DOZ_OBJECTIVE_ONLY,TOUCH_NEXT_OPEN,VOL_FLOOR_0.25,0.25,0.5,43,62.7906976744186,34.883720930232556,2.3255813953488373,2.3255813953488373,-0.04395485305566858,0.8771896377706013,-0.09278201797074598,0.7526111681078461,1.4484999999999673,0.5460131025555821,1.0,-3.989626772742077
S11_C6_PRIMARY,primary,0.11,6.0,DOZ_OBJECTIVE_ONLY,TOUCH_NEXT_OPEN,VOL_FLOOR_0.25,0.25,1.0,43,51.162790697674424,46.51162790697674,2.3255813953488373,2.3255813953488373,0.03744049578153317,1.078957169459987,-0.011386669133544268,0.977067087389424,1.4484999999999673,0.5460131025555821,1.0,-0.4896267727424035
S11_C6_PRIMARY,primary,0.11,6.0,DOZ_OBJECTIVE_ONLY,TOUCH_NEXT_OPEN,VOL_FLOOR_0.25,0.25,1.5,43,39.53488372093023,55.81395348837209,4.651162790697675,2.3255813953488373,0.019098126295495694,1.0332763374754472,-0.029729038619581705,0.9507100759988463,1.4484999999999673,0.5460131025555821,1.0,-1.2783486606420134
S11_C6_PRIMARY,primary,0.11,6.0,DOZ_OBJECTIVE_ONLY,TOUCH_NEXT_OPEN,VOL_FLOOR_0.25,0.25,2.0,43,30.23255813953488,62.7906976744186,6.976744186046512,2.3255813953488373,-0.013050872283734494,0.9797249916124139,-0.0618780371988119,0.9085777918901856,1.4484999999999673,0.5460131025555821,1.0,-2.660755599548912
S11_C6_PRIMARY,primary,0.11,6.0,DOZ_OBJECTIVE_ONLY,TOUCH_NEXT_OPEN,VOL_FLOOR_0.25,0.25,2.5,43,20.930232558139537,69.76744186046511,9.30232558139535,0.0,-0.11829289319202908,0.8341982858227284,-0.1671200581071065,0.7774287423260292,1.4484999999999673,0.5460131025555821,1.0,-7.186162498605579
S11_C6_PRIMARY,primary,0.11,6.0,DOZ_OBJECTIVE_ONLY,TOUCH_NEXT_OPEN,VOL_FLOOR_0.25,0.25,3.0,43,16.27906976744186,74.4186046511628,9.30232558139535,0.0,-0.19976254175434174,0.737170437979976,-0.24858970666941918,0.689021985808525,1.4484999999999673,0.5460131025555821,1.0,-10.689357386785025
S11_C6_PRIMARY,primary,0.11,6.0,DOZ_OBJECTIVE_ONLY,TOUCH_NEXT_OPEN,VOL_FLOOR_0.50,0.5,0.5,43,65.11627906976744,32.55813953488372,2.3255813953488373,0.0,-0.009071132125469143,0.9728938783342497,-0.043681236991268795,0.8738597742403164,1.768049156009738,0.7697697061477629,1.0,-1.8782931906245581
S11_C6_PRIMARY,primary,0.11,6.0,DOZ_OBJECTIVE_ONLY,TOUCH_NEXT_OPEN,VOL_FLOOR_0.50,0.5,1.0,43,51.162790697674424,46.51162790697674,2.3255813953488373,0.0,0.037440495781512505,1.0789571694599414,0.0028303909157128665,1.0057733542202338,1.768049156009738,0.7697697061477629,1.0,0.12170680937565326
S11_C6_PRIMARY,primary,0.11,6.0,DOZ_OBJECTIVE_ONLY,TOUCH_NEXT_OPEN,VOL_FLOOR_0.50,0.5,1.5,43,41.86046511627907,53.48837209302325,4.651162790697675,0.0,0.07723766117920759,1.1402614218661578,0.04262755631340794,1.074758324035111,1.768049156009738,0.7697697061477629,1.0,1.8329849214765415
S11_C6_PRIMARY,primary,0.11,6.0,DOZ_OBJECTIVE_ONLY,TOUCH_NEXT_OPEN,VOL_FLOOR_0.50,0.5,2.0,43,32.55813953488372,58.139534883720934,9.30232558139535,0.0,0.09773595447605148,1.1636622125076925,0.06312584961025185,1.1020709904648218,1.768049156009738,0.7697697061477629,1.0,2.7144115332408294
S11_C6_PRIMARY,primary,0.11,6.0,DOZ_OBJECTIVE_ONLY,TOUCH_NEXT_OPEN,VOL_FLOOR_0.50,0.5,2.5,43,25.581395348837212,62.7906976744186,11.627906976744185,0.0,0.08551718938170519,1.1328540877806133,0.05090708451590555,1.0763545387195306,1.768049156009738,0.7697697061477629,1.0,2.189004634183939
S11_C6_PRIMARY,primary,0.11,6.0,DOZ_OBJECTIVE_ONLY,TOUCH_NEXT_OPEN,VOL_FLOOR_0.50,0.5,3.0,43,20.930232558139537,65.11627906976744,13.953488372093023,0.0,0.04840902426872602,1.0723415867075767,0.01379891940292642,1.0198973372612063,1.768049156009738,0.7697697061477629,1.0,0.593353534325836
S11_C6_PRIMARY,primary,0.11,6.0,DOZ_OBJECTIVE_ONLY,TOUCH_NEXT_OPEN,VOL_FLOOR_0.75,0.75,0.5,43,65.11627906976744,27.906976744186046,6.976744186046512,0.0,0.023534669020197505,1.0779173120207592,-0.0025594992155446687,0.9917555468417771,2.404512646675313,0.9170000000001437,1.0,-0.11005846626842075
S11_C6_PRIMARY,primary,0.11,6.0,DOZ_OBJECTIVE_ONLY,TOUCH_NEXT_OPEN,VOL_FLOOR_0.75,0.75,1.0,43,51.162790697674424,39.53488372093023,9.30232558139535,0.0,0.1031553601036131,1.2465909610793413,0.0770611918678709,1.179164803314693,2.404512646675313,0.9170000000001437,1.0,3.3136312503184486
S11_C6_PRIMARY,primary,0.11,6.0,DOZ_OBJECTIVE_ONLY,TOUCH_NEXT_OPEN,VOL_FLOOR_0.75,0.75,1.5,43,44.18604651162791,41.86046511627907,13.953488372093023,0.0,0.23619025496908225,1.5268621998424374,0.21009608673334015,1.455877769456315,2.404512646675313,0.9170000000001437,1.0,9.034131729533627
S11_C6_PRIMARY,primary,0.11,6.0,DOZ_OBJECTIVE_ONLY,TOUCH_NEXT_OPEN,VOL_FLOOR_0.75,0.75,2.0,43,30.23255813953488,51.162790697674424,18.6046511627907,0.0,0.10958457093746209,1.2019051387946929,0.08349040270171988,1.1495005902247843,2.404512646675313,0.9170000000001437,1.0,3.590087316173955
S11_C6_PRIMARY,primary,0.11,6.0,DOZ_OBJECTIVE_ONLY,TOUCH_NEXT_OPEN,VOL_FLOOR_0.75,0.75,2.5,43,23.25581395348837,51.162790697674424,25.581395348837212,0.0,0.21235257306202338,1.3912510253105428,0.1862584048262813,1.3335202676568503,2.404512646675313,0.9170000000001437,1.0,8.009111407530096
S11_C6_PRIMARY,primary,0.11,6.0,DOZ_OBJECTIVE_ONLY,TOUCH_NEXT_OPEN,VOL_FLOOR_0.75,0.75,3.0,43,16.27906976744186,53.48837209302325,30.23255813953488,0.0,0.17948614931649695,1.3170669142147153,0.15339198108075475,1.263250836015499,2.404512646675313,0.9170000000001437,1.0,6.595855186472455
S11_C6_PRIMARY,primary,0.11,6.0,DOZ_OBJECTIVE_ONLY,TOUCH_NEXT_OPEN,VOL_FLOOR_1.00,1.0,0.5,43,58.139534883720934,30.23255813953488,11.627906976744185,0.0,-0.04616676164679469,0.8629515119315466,-0.06688552687391687,0.8060224736805023,3.2060168622337506,0.9738611926463131,1.0,-2.8760776555784253
S11_C6_PRIMARY,primary,0.11,6.0,DOZ_OBJECTIVE_ONLY,TOUCH_NEXT_OPEN,VOL_FLOOR_1.00,1.0,1.0,43,44.18604651162791,37.2093023255814,18.6046511627907,0.0,0.04623784935583907,1.1122565791106738,0.02551908412871691,1.060521415068218,3.2060168622337506,0.9738611926463131,1.0,1.0973206175348271
S11_C6_PRIMARY,primary,0.11,6.0,DOZ_OBJECTIVE_ONLY,TOUCH_NEXT_OPEN,VOL_FLOOR_1.00,1.0,1.5,43,32.55813953488372,46.51162790697674,20.930232558139537,0.0,-0.0013488507799622998,0.9973342483595468,-0.02206761600708446,0.9574075271207058,3.2060168622337506,0.9738611926463131,1.0,-0.9489074883046318
S11_C6_PRIMARY,primary,0.11,6.0,DOZ_OBJECTIVE_ONLY,TOUCH_NEXT_OPEN,VOL_FLOOR_1.00,1.0,2.0,43,23.25581395348837,46.51162790697674,30.23255813953488,0.0,0.0979199551271768,1.1935205027057794,0.07720118990005458,1.1490052022842743,3.2060168622337506,0.9738611926463131,1.0,3.319651165702347
S11_C6_PRIMARY,primary,0.11,6.0,DOZ_OBJECTIVE_ONLY,TOUCH_NEXT_OPEN,VOL_FLOOR_1.00,1.0,2.5,43,16.27906976744186,46.51162790697674,37.2093023255814,0.0,0.1495250895816774,1.2955084126150904,0.12880632435455525,1.2486077279481254,3.2060168622337506,0.9738611926463131,1.0,5.538671947245875
S11_C6_PRIMARY,primary,0.11,6.0,DOZ_OBJECTIVE_ONLY,TOUCH_NEXT_OPEN,VOL_FLOOR_1.00,1.0,3.0,43,11.627906976744185,51.162790697674424,37.2093023255814,0.0,0.044799627065890045,1.0810737650109605,0.024080861838767873,1.0425528304900773,3.2060168622337506,0.9738611926463131,1.0,1.0354770590670186
S11_C6_PRIMARY,primary,0.11,6.0,MEMORY_ONLY,ACCEPTANCE_RETEST,STRUCTURAL,,0.5,10,60.0,40.0,0.0,10.0,-0.10000000000000193,0.7499999999999951,-0.13629001948602493,0.6707729155152495,1.6153134444949728,1.3799999999998818,9.0,-1.3629001948602493
S11_C6_PRIMARY,primary,0.11,6.0,MEMORY_ONLY,ACCEPTANCE_RETEST,STRUCTURAL,,1.0,10,60.0,40.0,0.0,10.0,0.2,1.5,0.163709980513977,1.3954637308654774,1.6153134444949728,1.3799999999998818,9.0,1.63709980513977
S11_C6_PRIMARY,primary,0.11,6.0,MEMORY_ONLY,ACCEPTANCE_RETEST,STRUCTURAL,,1.5,10,30.0,70.0,0.0,10.0,-0.24999999999999173,0.6428571428571547,-0.2862900194860147,0.6049272911569519,1.6153134444949728,1.3799999999998818,9.0,-2.862900194860147
S11_C6_PRIMARY,primary,0.11,6.0,MEMORY_ONLY,ACCEPTANCE_RETEST,STRUCTURAL,,2.0,10,20.0,70.0,10.0,10.0,-0.22054952838451342,0.6849292451649809,-0.2568395478705363,0.6455681686095476,1.6153134444949728,1.3799999999998818,9.0,-2.568395478705363
S11_C6_PRIMARY,primary,0.11,6.0,MEMORY_ONLY,ACCEPTANCE_RETEST,STRUCTURAL,,2.5,10,20.0,70.0,10.0,10.0,-0.12054952838452164,0.8277863880221119,-0.15683954787054458,0.7835655425844775,1.6153134444949728,1.3799999999998818,9.0,-1.5683954787054457
S11_C6_PRIMARY,primary,0.11,6.0,MEMORY_ONLY,ACCEPTANCE_RETEST,STRUCTURAL,,3.0,10,10.0,70.0,20.0,10.0,-0.10054001000832462,0.8563714142738219,-0.13683002949434755,0.8111781524886628,1.6153134444949728,1.3799999999998818,9.0,-1.3683002949434755
S11_C6_PRIMARY,primary,0.11,6.0,MEMORY_ONLY,CLEAN_REJECTION,STRUCTURAL,,0.5,166,57.831325301204814,38.55421686746988,3.614457831325301,0.0,-0.10450653658708522,0.7348858169163303,-0.13465403789997657,0.6688671245410077,1.9384798899608313,1.153560329428501,1.0,-22.352570291396113
S11_C6_PRIMARY,primary,0.11,6.0,MEMORY_ONLY,CLEAN_REJECTION,STRUCTURAL,,1.0,166,40.36144578313253,51.80722891566265,7.83132530120482,0.0,-0.11935174867944155,0.7755444847359924,-0.14949924999233288,0.7275317533204273,1.9384798899608313,1.153560329428501,1.0,-24.816875498727256
S11_C6_PRIMARY,primary,0.11,6.0,MEMORY_ONLY,CLEAN_REJECTION,STRUCTURAL,,1.5,166,28.313253012048197,57.22891566265061,14.457831325301203,0.0,-0.13619743397225625,0.7698409671211635,-0.16634493528514757,0.7278852906650336,1.9384798899608313,1.153560329428501,1.0,-27.613259257334498
S11_C6_PRIMARY,primary,0.11,6.0,MEMORY_ONLY,CLEAN_REJECTION,STRUCTURAL,,2.0,166,22.289156626506024,57.831325301204814,19.879518072289155,0.0,-0.0528510218509371,0.9115874963946634,-0.08299852316382844,0.8655965743211201,1.9384798899608313,1.153560329428501,1.0,-13.77775484519552
S11_C6_PRIMARY,primary,0.11,6.0,MEMORY_ONLY,CLEAN_REJECTION,STRUCTURAL,,2.5,166,17.46987951807229,58.43373493975904,24.096385542168676,0.0,-0.02029128234631094,0.9663948414449713,-0.050438783659202235,0.9191460848412315,1.9384798899608313,1.153560329428501,1.0,-8.37283808742757
S11_C6_PRIMARY,primary,0.11,6.0,MEMORY_ONLY,CLEAN_REJECTION,STRUCTURAL,,3.0,166,13.855421686746988,59.036144578313255,27.10843373493976,0.0,0.0001755355844052582,1.0002878394095878,-0.02997196572848608,0.9524377978113177,1.9384798899608313,1.153560329428501,1.0,-4.975346310928689
S11_C6_PRIMARY,primary,0.11,6.0,MEMORY_ONLY,FAILED_AUCTION,STRUCTURAL,,0.5,18,66.66666666666666,33.33333333333333,0.0,0.0,-3.713079226801912e-15,0.9999999999999888,-0.01801146172604448,0.9468993605514896,3.108399682901563,2.054359402782211,5.5,-0.32420631106880066
S11_C6_PRIMARY,primary,0.11,6.0,MEMORY_ONLY,FAILED_AUCTION,STRUCTURAL,,1.0,18,38.88888888888889,61.111111111111114,0.0,0.0,-0.2222222222222222,0.6363636363636364,-0.24023368394826297,0.6141922209139351,3.108399682901563,2.054359402782211,5.5,-4.324206311068734
S11_C6_PRIMARY,primary,0.11,6.0,MEMORY_ONLY,FAILED_AUCTION,STRUCTURAL,,1.5,18,33.33333333333333,66.66666666666666,0.0,0.0,-0.16666666666666752,0.7499999999999988,-0.18467812839270828,0.7281549390996909,3.108399682901563,2.054359402782211,5.5,-3.324206311068749
S11_C6_PRIMARY,primary,0.11,6.0,MEMORY_ONLY,FAILED_AUCTION,STRUCTURAL,,2.0,18,22.22222222222222,72.22222222222221,5.555555555555555,0.0,-0.26109072375126324,0.6384897671136355,-0.2791021854773039,0.6208675451644273,3.108399682901563,2.054359402782211,5.5,-5.023839338591471
S11_C6_PRIMARY,primary,0.11,6.0,MEMORY_ONLY,FAILED_AUCTION,STRUCTURAL,,2.5,18,22.22222222222222,72.22222222222221,5.555555555555555,0.0,-0.14997961264015755,0.7923359209597819,-0.16799107436619834,0.771800896843564,3.108399682901563,2.054359402782211,5.5,-3.02383933859157
S11_C6_PRIMARY,primary,0.11,6.0,MEMORY_ONLY,FAILED_AUCTION,STRUCTURAL,,3.0,18,16.666666666666664,72.22222222222221,11.11111111111111,0.0,-0.059924351402749716,0.9170278211346543,-0.07793581312879046,0.8941319785776899,3.108399682901563,2.054359402782211,5.5,-1.4028446363182283
S11_C6_PRIMARY,primary,0.11,6.0,MEMORY_ONLY,PASSIVE_TOUCH,STRUCTURAL,,0.5,137,43.79562043795621,55.47445255474452,0.7299270072992701,27.00729927007299,-0.3897512932697486,0.3597297975473531,-0.45105733477627646,0.2985728016948823,0.9619999999999891,0.6984174722856551,3.0,-61.79485486434987
S11_C6_PRIMARY,primary,0.11,6.0,MEMORY_ONLY,PASSIVE_TOUCH,STRUCTURAL,,1.0,137,37.22627737226277,62.04379562043796,0.7299270072992701,26.277372262773724,-0.30216005239383337,0.5519723818753791,-0.3634660939003612,0.4901490430864578,0.9619999999999891,0.6984174722856551,3.0,-49.79485486434949
S11_C6_PRIMARY,primary,0.11,6.0,MEMORY_ONLY,PASSIVE_TOUCH,STRUCTURAL,,1.5,137,29.927007299270077,68.61313868613139,1.4598540145985401,26.277372262773724,-0.28882965738845845,0.6097509617642534,-0.3501356988949863,0.5525362210771033,0.9619999999999891,0.6984174722856551,3.0,-47.968590748613124
S11_C6_PRIMARY,primary,0.11,6.0,MEMORY_ONLY,PASSIVE_TOUCH,STRUCTURAL,,2.0,137,27.00729927007299,71.53284671532847,1.4598540145985401,26.277372262773724,-0.22678586176802482,0.7052100219227637,-0.2880919032745526,0.6458232491258697,0.9619999999999891,0.6984174722856551,3.0,-39.46859074861371
S11_C6_PRIMARY,primary,0.11,6.0,MEMORY_ONLY,PASSIVE_TOUCH,STRUCTURAL,,2.5,137,22.62773722627737,75.18248175182481,2.18978102189781,26.277372262773724,-0.23242591079311795,0.7115622777701918,-0.29373195229964577,0.6553118419130891,0.9619999999999891,0.6984174722856551,3.0,-40.24127746505147
S11_C6_PRIMARY,primary,0.11,6.0,MEMORY_ONLY,PASSIVE_TOUCH,STRUCTURAL,,3.0,137,18.248175182481752,79.56204379562044,2.18978102189781,26.277372262773724,-0.29446970641355136,0.6534041116663987,-0.3557757479200792,0.6040215502087085,0.9619999999999891,0.6984174722856551,3.0,-48.74127746505085
S11_C6_PRIMARY,primary,0.11,6.0,MEMORY_ONLY,RECLAIM_PULLBACK,STRUCTURAL,,0.5,148,62.16216216216216,37.16216216216216,0.6756756756756757,0.0,-0.06177087443222244,0.8342085054665831,-0.09612193609377864,0.7505801294543871,1.6540000000002237,1.1279999999994743,3.0,-14.226046541879239
S11_C6_PRIMARY,primary,0.11,6.0,MEMORY_ONLY,RECLAIM_PULLBACK,STRUCTURAL,,1.0,148,42.567567567567565,53.37837837837838,4.054054054054054,0.0,-0.10981962672530719,0.7964525787510408,-0.14417068838686342,0.7419302204513298,1.6540000000002237,1.1279999999994743,3.0,-21.337261881255785
S11_C6_PRIMARY,primary,0.11,6.0,MEMORY_ONLY,RECLAIM_PULLBACK,STRUCTURAL,,1.5,148,31.756756756756754,58.108108108108105,10.135135135135135,0.0,-0.08649389226667904,0.8539875009248384,-0.12084495392823524,0.803061064687459,1.6540000000002237,1.1279999999994743,3.0,-17.885053181378815
S11_C6_PRIMARY,primary,0.11,6.0,MEMORY_ONLY,RECLAIM_PULLBACK,STRUCTURAL,,2.0,148,25.0,61.48648648648649,13.513513513513514,0.0,-0.08674360344233724,0.8619169402198544,-0.12109466510389341,0.814035110547764,1.6540000000002237,1.1279999999994743,3.0,-17.922010435376226
S11_C6_PRIMARY,primary,0.11,6.0,MEMORY_ONLY,RECLAIM_PULLBACK,STRUCTURAL,,2.5,148,19.594594594594593,62.16216216216216,18.243243243243242,0.0,-0.04363263417694172,0.9312823737072091,-0.07798369583849792,0.8815101547873683,1.6540000000002237,1.1279999999994743,3.0,-11.541586984097691
S11_C6_PRIMARY,primary,0.11,6.0,MEMORY_ONLY,RECLAIM_PULLBACK,STRUCTURAL,,3.0,148,15.54054054054054,62.83783783783784,21.62162162162162,0.0,-0.011739488908662256,0.9817059921472759,-0.04609055057021847,0.9307168645878428,1.6540000000002237,1.1279999999994743,3.0,-6.821401484392334
S11_C6_PRIMARY,primary,0.11,6.0,MEMORY_ONLY,TOUCH_NEXT_OPEN,VOL_FLOOR_0.25,0.25,0.5,221,61.990950226244344,35.74660633484163,2.262443438914027,0.4524886877828055,-0.05374063719964347,0.8522372322446007,-0.09620857261926846,0.7462829812950716,1.6968674955353436,0.2511735711310785,1.0,-21.26209454885833
S11_C6_PRIMARY,primary,0.11,6.0,MEMORY_ONLY,TOUCH_NEXT_OPEN,VOL_FLOOR_0.25,0.25,1.0,221,45.70135746606335,49.7737556561086,4.524886877828054,0.4524886877828055,-0.04358610811904161,0.9136893694191888,-0.08605404353866662,0.83693542871356,1.6968674955353436,0.2511735711310785,1.0,-19.017943622045323
S11_C6_PRIMARY,primary,0.11,6.0,MEMORY_ONLY,TOUCH_NEXT_OPEN,VOL_FLOOR_0.25,0.25,1.5,221,34.841628959276015,56.56108597285068,8.597285067873303,0.4524886877828055,-0.03277328487847564,0.9430744445144463,-0.07524122029810068,0.8749585725305266,1.6968674955353436,0.2511735711310785,1.0,-16.62830968588025
S11_C6_PRIMARY,primary,0.11,6.0,MEMORY_ONLY,TOUCH_NEXT_OPEN,VOL_FLOOR_0.25,0.25,2.0,221,26.244343891402718,61.53846153846154,12.217194570135746,0.4524886877828055,-0.04715413993903966,0.9246131529109698,-0.08962207535866468,0.8629977836176815,1.6968674955353436,0.2511735711310785,1.0,-19.806478654264893
S11_C6_PRIMARY,primary,0.11,6.0,MEMORY_ONLY,TOUCH_NEXT_OPEN,VOL_FLOOR_0.25,0.25,2.5,221,19.004524886877828,63.80090497737556,17.194570135746606,0.4524886877828055,-0.06200791120785719,0.9043279101894642,-0.10447584662748215,0.845878438023372,1.6968674955353436,0.2511735711310785,1.0,-23.089162104673555
S11_C6_PRIMARY,primary,0.11,6.0,MEMORY_ONLY,TOUCH_NEXT_OPEN,VOL_FLOOR_0.25,0.25,3.0,221,15.384615384615385,65.15837104072398,19.457013574660635,0.4524886877828055,-0.05187797948929534,0.9215994451144447,-0.09434591490892025,0.8636847082587076,1.6968674955353436,0.2511735711310785,1.0,-20.850447194871375
S11_C6_PRIMARY,primary,0.11,6.0,MEMORY_ONLY,TOUCH_NEXT_OPEN,VOL_FLOOR_0.50,0.5,0.5,221,59.72850678733032,38.009049773755656,2.262443438914027,0.0,-0.08767728878335049,0.7730448099555679,-0.12411854393998589,0.690208184534496,1.7941732927479586,0.502347142262157,1.0,-27.430198210736883
S11_C6_PRIMARY,primary,0.11,6.0,MEMORY_ONLY,TOUCH_NEXT_OPEN,VOL_FLOOR_0.50,0.5,1.0,221,44.79638009049774,50.678733031674206,4.524886877828054,0.0,-0.061850201866531576,0.8796784573086683,-0.098291457023167,0.8157147478880538,1.7941732927479586,0.502347142262157,1.0,-21.722412002119906
S11_C6_PRIMARY,primary,0.11,6.0,MEMORY_ONLY,TOUCH_NEXT_OPEN,VOL_FLOOR_0.50,0.5,1.5,221,29.86425339366516,60.633484162895925,9.502262443438914,0.0,-0.14263281074940742,0.7686206826292814,-0.17907406590604286,0.72012770099512,1.7941732927479586,0.502347142262157,1.0,-39.57536856523547
S11_C6_PRIMARY,primary,0.11,6.0,MEMORY_ONLY,TOUCH_NEXT_OPEN,VOL_FLOOR_0.50,0.5,2.0,221,22.624434389140273,63.80090497737556,13.574660633484163,0.0,-0.13087235415910112,0.7980738899213835,-0.16731360931573652,0.7516971204682816,1.7941732927479586,0.502347142262157,1.0,-36.97630765877777
S11_C6_PRIMARY,primary,0.11,6.0,MEMORY_ONLY,TOUCH_NEXT_OPEN,VOL_FLOOR_0.50,0.5,2.5,221,17.194570135746606,64.70588235294117,18.099547511312217,0.0,-0.11525964835963914,0.8246146230421469,-0.1517009035162745,0.7779788074729415,1.7941732927479586,0.502347142262157,1.0,-33.52589967709666
S11_C6_PRIMARY,primary,0.11,6.0,MEMORY_ONLY,TOUCH_NEXT_OPEN,VOL_FLOOR_0.50,0.5,3.0,221,14.027149321266968,65.15837104072398,20.81447963800905,0.0,-0.08184955996552652,0.8763049181635936,-0.11829081512216184,0.8280490108932622,1.7941732927479586,0.502347142262157,1.0,-26.142270141997766
S11_C6_PRIMARY,primary,0.11,6.0,MEMORY_ONLY,TOUCH_NEXT_OPEN,VOL_FLOOR_0.75,0.75,0.5,221,57.466063348416284,39.81900452488688,2.7149321266968327,0.0,-0.11624436379997577,0.7122419773679551,-0.14808663352516868,0.6450652319737222,1.9366363636365804,0.6031355900498342,1.0,-32.72714600906228
S11_C6_PRIMARY,primary,0.11,6.0,MEMORY_ONLY,TOUCH_NEXT_OPEN,VOL_FLOOR_0.75,0.75,1.0,221,39.366515837104075,54.75113122171946,5.88235294117647,0.0,-0.1551594221558487,0.7212617208881558,-0.18700169188104165,0.674575288380993,1.9366363636365804,0.6031355900498342,1.0,-41.3273739057102
S11_C6_PRIMARY,primary,0.11,6.0,MEMORY_ONLY,TOUCH_NEXT_OPEN,VOL_FLOOR_0.75,0.75,1.5,221,28.054298642533936,60.633484162895925,11.312217194570136,0.0,-0.16569854068168294,0.7320036098119411,-0.19754081040687585,0.6911268833596351,1.9366363636365804,0.6031355900498342,1.0,-43.656519099919564
S11_C6_PRIMARY,primary,0.11,6.0,MEMORY_ONLY,TOUCH_NEXT_OPEN,VOL_FLOOR_0.75,0.75,2.0,221,20.81447963800905,62.44343891402715,16.7420814479638,0.0,-0.14210829309620818,0.7766948199110694,-0.17395056282140112,0.735772320397301,1.9366363636365804,0.6031355900498342,1.0,-38.44307438352965
S11_C6_PRIMARY,primary,0.11,6.0,MEMORY_ONLY,TOUCH_NEXT_OPEN,VOL_FLOOR_0.75,0.75,2.5,221,16.289592760180994,64.25339366515837,19.457013574660635,0.0,-0.13522630794264853,0.7933883632261806,-0.16706857766784153,0.753283875105634,1.9366363636365804,0.6031355900498342,1.0,-36.92215566459298
S11_C6_PRIMARY,primary,0.11,6.0,MEMORY_ONLY,TOUCH_NEXT_OPEN,VOL_FLOOR_0.75,0.75,3.0,221,12.669683257918551,64.25339366515837,23.076923076923077,0.0,-0.10887584072109663,0.8336491175515055,-0.1407181104462896,0.7921965494864651,1.9366363636365804,0.6031355900498342,1.0,-31.09870240863
S11_C6_PRIMARY,primary,0.11,6.0,MEMORY_ONLY,TOUCH_NEXT_OPEN,VOL_FLOOR_1.00,1.0,0.5,221,55.203619909502265,41.6289592760181,3.167420814479638,0.0,-0.14647291473424268,0.6535516371036859,-0.17402968988389353,0.5995795752334759,2.2588669523242406,0.6973037850159669,1.0,-38.46056146434047
S11_C6_PRIMARY,primary,0.11,6.0,MEMORY_ONLY,TOUCH_NEXT_OPEN,VOL_FLOOR_1.00,1.0,1.0,221,37.55656108597285,54.75113122171946,7.6923076923076925,0.0,-0.17053893854895286,0.694075805791241,-0.19809571369860374,0.6547748618745736,2.2588669523242406,0.6973037850159669,1.0,-43.77915272739143
S11_C6_PRIMARY,primary,0.11,6.0,MEMORY_ONLY,TOUCH_NEXT_OPEN,VOL_FLOOR_1.00,1.0,1.5,221,28.054298642533936,56.10859728506787,15.837104072398189,0.0,-0.09882619587901242,0.8275054561045296,-0.12638297102866333,0.7857761529797824,2.2588669523242406,0.6973037850159669,1.0,-27.930636597334598
S11_C6_PRIMARY,primary,0.11,6.0,MEMORY_ONLY,TOUCH_NEXT_OPEN,VOL_FLOOR_1.00,1.0,2.0,221,20.81447963800905,57.9185520361991,21.266968325791854,0.0,-0.09425190739301949,0.8417963833923943,-0.12180868254267034,0.8015420903097222,2.2588669523242406,0.6973037850159669,1.0,-26.919718841930145
S11_C6_PRIMARY,primary,0.11,6.0,MEMORY_ONLY,TOUCH_NEXT_OPEN,VOL_FLOOR_1.00,1.0,2.5,221,14.479638009049776,59.276018099547514,26.244343891402718,0.0,-0.09491186854483602,0.8442401640347582,-0.12246864369448689,0.8049625014663553,2.2588669523242406,0.6973037850159669,1.0,-27.065570256481603
S11_C6_PRIMARY,primary,0.11,6.0,MEMORY_ONLY,TOUCH_NEXT_OPEN,VOL_FLOOR_1.00,1.0,3.0,221,11.312217194570136,59.72850678733032,28.95927601809955,0.0,-0.06970019793289409,0.8864581661620221,-0.09725697308254498,0.8462494242172064,2.2588669523242406,0.6973037850159669,1.0,-21.49379105124244
S11_C6_PRIMARY,primary,0.11,6.0,OBJECTIVE_LIQUIDITY_ONLY,ACCEPTANCE_RETEST,STRUCTURAL,,0.5,34,44.11764705882353,55.88235294117647,0.0,29.411764705882355,-0.3455206220419259,0.38965692275535163,-0.38192023232641387,0.34829196218864233,1.6257095280304839,1.363186503946963,7.0,-12.985287899098072
S11_C6_PRIMARY,primary,0.11,6.0,OBJECTIVE_LIQUIDITY_ONLY,ACCEPTANCE_RETEST,STRUCTURAL,,1.0,34,38.23529411764706,61.76470588235294,0.0,29.411764705882355,-0.24257944557132685,0.6118308944848716,-0.2789790558558149,0.5688163115349496,1.6257095280304839,1.363186503946963,7.0,-9.485287899097706
S11_C6_PRIMARY,primary,0.11,6.0,OBJECTIVE_LIQUIDITY_ONLY,ACCEPTANCE_RETEST,STRUCTURAL,,1.5,34,32.35294117647059,67.64705882352942,0.0,29.411764705882355,-0.1984617985124948,0.7097475958567334,-0.2348614087969829,0.6684150622585739,1.6257095280304839,1.363186503946963,7.0,-7.985287899097418
S11_C6_PRIMARY,primary,0.11,6.0,OBJECTIVE_LIQUIDITY_ONLY,ACCEPTANCE_RETEST,STRUCTURAL,,2.0,34,29.411764705882355,70.58823529411765,0.0,29.411764705882355,-0.12493238674779746,0.8248204593396756,-0.16133199703228554,0.7816039000362738,1.6257095280304839,1.363186503946963,7.0,-5.485287899097709
S11_C6_PRIMARY,primary,0.11,6.0,OBJECTIVE_LIQUIDITY_ONLY,ACCEPTANCE_RETEST,STRUCTURAL,,2.5,34,26.47058823529412,70.58823529411765,2.941176470588235,29.411764705882355,-0.043115030175545514,0.9395443297104765,-0.07951464046003359,0.8923605503810006,1.6257095280304839,1.363186503946963,7.0,-2.703497775641142
S11_C6_PRIMARY,primary,0.11,6.0,OBJECTIVE_LIQUIDITY_ONLY,ACCEPTANCE_RETEST,STRUCTURAL,,3.0,34,23.52941176470588,73.52941176470588,2.941176470588235,29.411764705882355,-0.028409147822595928,0.9617426148918807,-0.06480875810708397,0.9157675122892931,1.6257095280304839,1.363186503946963,7.0,-2.203497775640855
S11_C6_PRIMARY,primary,0.11,6.0,OBJECTIVE_LIQUIDITY_ONLY,CLEAN_REJECTION,STRUCTURAL,,0.5,1403,65.28866714183891,24.59016393442623,10.121168923734853,0.0,0.060114697034188744,1.221221018600789,0.03215588826226831,1.114619698295161,2.0832589822241516,1.3540000000000418,1.0,45.114711231962445
S11_C6_PRIMARY,primary,0.11,6.0,OBJECTIVE_LIQUIDITY_ONLY,CLEAN_REJECTION,STRUCTURAL,,1.0,1403,43.6208125445474,36.99215965787598,19.38702779757662,0.14255167498218105,0.06271577766682548,1.1552458541527488,0.03475696889490507,1.083300360058757,2.0832589822241516,1.3540000000000418,1.0,48.76402735955182
S11_C6_PRIMARY,primary,0.11,6.0,OBJECTIVE_LIQUIDITY_ONLY,CLEAN_REJECTION,STRUCTURAL,,1.5,1403,29.436920883820385,43.121881682109766,27.441197434069853,0.2851033499643621,0.047069451755562826,1.1000019924237896,0.01911064298364242,1.0393040111492908,2.0832589822241516,1.3540000000000418,1.0,26.812232106050317
S11_C6_PRIMARY,primary,0.11,6.0,OBJECTIVE_LIQUIDITY_ONLY,CLEAN_REJECTION,STRUCTURAL,,2.0,1403,21.525302922309336,44.47612259444049,33.998574483250174,0.21382751247327159,0.07871117840443705,1.1614959101161146,0.05075236963251664,1.1007776366156514,2.0832589822241516,1.3540000000000418,1.0,71.20557459442085
S11_C6_PRIMARY,primary,0.11,6.0,OBJECTIVE_LIQUIDITY_ONLY,CLEAN_REJECTION,STRUCTURAL,,2.5,1403,15.25302922309337,46.04419101924447,38.70277975766216,0.21382751247327159,0.07066528323471749,1.1398839049692313,0.042706474462797066,1.081817787161347,2.0832589822241516,1.3540000000000418,1.0,59.91718367130428
S11_C6_PRIMARY,primary,0.11,6.0,OBJECTIVE_LIQUIDITY_ONLY,CLEAN_REJECTION,STRUCTURAL,,3.0,1403,10.691375623663578,46.82822523164647,42.480399144689954,0.21382751247327159,0.06738796684345728,1.1313311666180923,0.03942915807153687,1.074369360543208,2.0832589822241516,1.3540000000000418,1.0,55.319108774366235
S11_C6_PRIMARY,primary,0.11,6.0,OBJECTIVE_LIQUIDITY_ONLY,FAILED_AUCTION,STRUCTURAL,,0.5,248,65.7258064516129,32.66129032258064,1.6129032258064515,0.8064516129032258,-0.007246115504873046,0.9784261635517391,-0.026828151768383712,0.9216743278460878,3.134913712288494,1.6100568142462635,6.0,-6.653381638559161
S11_C6_PRIMARY,primary,0.11,6.0,OBJECTIVE_LIQUIDITY_ONLY,FAILED_AUCTION,STRUCTURAL,,1.0,248,47.58064516129033,45.564516129032256,6.854838709677419,0.0,-0.0014176653680684787,0.9970518681880819,-0.02099970163157917,0.9571903734492654,3.134913712288494,1.6100568142462635,6.0,-5.207926004631634
S11_C6_PRIMARY,primary,0.11,6.0,OBJECTIVE_LIQUIDITY_ONLY,FAILED_AUCTION,STRUCTURAL,,1.5,248,35.08064516129033,51.61290322580645,13.306451612903224,0.0,0.01837592479257745,1.0338297528960516,-0.0012061114709331767,0.9978241454166968,3.134913712288494,1.6100568142462635,6.0,-0.2991156447914278
S11_C6_PRIMARY,primary,0.11,6.0,OBJECTIVE_LIQUIDITY_ONLY,FAILED_AUCTION,STRUCTURAL,,2.0,248,24.193548387096776,55.24193548387096,20.56451612903226,0.0,-0.005260582699673537,0.9909926329933012,-0.02484261896318419,0.9583290055521353,3.134913712288494,1.6100568142462635,6.0,-6.160969502869679
S11_C6_PRIMARY,primary,0.11,6.0,OBJECTIVE_LIQUIDITY_ONLY,FAILED_AUCTION,STRUCTURAL,,2.5,248,15.32258064516129,57.25806451612904,27.419354838709676,0.0,-0.04388920523773527,0.9273588942593287,-0.0634712415012459,0.897088522310635,3.134913712288494,1.6100568142462635,6.0,-15.740867892308984
S11_C6_PRIMARY,primary,0.11,6.0,OBJECTIVE_LIQUIDITY_ONLY,FAILED_AUCTION,STRUCTURAL,,3.0,248,9.67741935483871,57.66129032258065,32.66129032258064,0.0,-0.05887883967459491,0.9037417538873102,-0.07846087593810555,0.8743696185068061,3.134913712288494,1.6100568142462635,6.0,-19.458297232650178
S11_C6_PRIMARY,primary,0.11,6.0,OBJECTIVE_LIQUIDITY_ONLY,PASSIVE_TOUCH,STRUCTURAL,,0.5,986,54.361054766734284,45.436105476673426,0.2028397565922921,23.732251521298174,-0.19206753130105703,0.5859478521374536,-0.2515104119193782,0.48820151442669785,0.9798490091319536,0.6420000000000528,2.0,-247.9892661525069
S11_C6_PRIMARY,primary,0.11,6.0,OBJECTIVE_LIQUIDITY_ONLY,PASSIVE_TOUCH,STRUCTURAL,,1.0,986,44.01622718052739,54.76673427991886,1.2170385395537524,22.718052738336713,-0.11964252044436706,0.7864924732292949,-0.17908540106268822,0.6982658684659286,0.9798490091319536,0.6420000000000528,2.0,-176.57820544781057
S11_C6_PRIMARY,primary,0.11,6.0,OBJECTIVE_LIQUIDITY_ONLY,PASSIVE_TOUCH,STRUCTURAL,,1.5,986,36.308316430020284,61.4604462474645,2.231237322515213,22.210953346855984,-0.07849231752923522,0.8751316804488853,-0.13793519814755636,0.7928742988430519,0.9798490091319536,0.6420000000000528,2.0,-136.00410537349057
S11_C6_PRIMARY,primary,0.11,6.0,OBJECTIVE_LIQUIDITY_ONLY,PASSIVE_TOUCH,STRUCTURAL,,2.0,986,30.324543610547668,65.61866125760649,4.056795131845842,22.210953346855984,-0.045364640951116295,0.9323561604113626,-0.10480752156943748,0.8525549426181562,0.9798490091319536,0.6420000000000528,2.0,-103.34021626746537
S11_C6_PRIMARY,primary,0.11,6.0,OBJECTIVE_LIQUIDITY_ONLY,PASSIVE_TOUCH,STRUCTURAL,,2.5,986,26.774847870182555,67.8498985801217,5.37525354969574,22.008113590263694,0.012225857663246773,1.017641738478779,-0.047217022955074385,0.9357256309124623,0.9798490091319536,0.6420000000000528,2.0,-46.555984633703346
S11_C6_PRIMARY,primary,0.11,6.0,OBJECTIVE_LIQUIDITY_ONLY,PASSIVE_TOUCH,STRUCTURAL,,3.0,986,22.718052738336713,70.89249492900609,6.389452332657202,21.906693711967545,0.005075068533432776,1.0070128898583464,-0.05436781208488838,0.9291350362917088,0.9798490091319536,0.6420000000000528,2.0,-53.60666271569995
S11_C6_PRIMARY,primary,0.11,6.0,OBJECTIVE_LIQUIDITY_ONLY,RECLAIM_PULLBACK,STRUCTURAL,,0.5,1215,63.12757201646091,30.617283950617285,6.255144032921811,1.9753086419753085,-0.0036323706408416295,0.988748878586427,-0.03609164971768882,0.8919949363083052,1.7101231199771973,1.0640000000000782,3.0,-43.851354406991916
S11_C6_PRIMARY,primary,0.11,6.0,OBJECTIVE_LIQUIDITY_ONLY,RECLAIM_PULLBACK,STRUCTURAL,,1.0,1215,45.59670781893004,41.81069958847737,12.592592592592592,1.8930041152263373,0.03389261338290897,1.0765344978202336,0.0014333343060617977,1.0031256651624887,1.7101231199771973,1.0640000000000782,3.0,1.7415011818650843
S11_C6_PRIMARY,primary,0.11,6.0,OBJECTIVE_LIQUIDITY_ONLY,RECLAIM_PULLBACK,STRUCTURAL,,1.5,1215,33.58024691358025,48.477366255144034,17.94238683127572,1.8930041152263373,0.03771060975209186,1.073495011688186,0.005251330675244686,1.0098799237057177,1.7101231199771973,1.0640000000000782,3.0,6.3803667704222935
S11_C6_PRIMARY,primary,0.11,6.0,OBJECTIVE_LIQUIDITY_ONLY,RECLAIM_PULLBACK,STRUCTURAL,,2.0,1215,25.514403292181072,51.60493827160494,22.88065843621399,1.9753086419753085,0.05106604490631962,1.0933076075849109,0.01860676582947244,1.0328189086646256,1.7101231199771973,1.0640000000000782,3.0,22.607220482809012
S11_C6_PRIMARY,primary,0.11,6.0,OBJECTIVE_LIQUIDITY_ONLY,RECLAIM_PULLBACK,STRUCTURAL,,2.5,1215,19.588477366255145,54.15637860082304,26.255144032921812,1.9753086419753085,0.04708746327985807,1.0821599031488622,0.014628184203010883,1.0246373338216728,1.7101231199771973,1.0640000000000782,3.0,17.773243806658222
S11_C6_PRIMARY,primary,0.11,6.0,OBJECTIVE_LIQUIDITY_ONLY,RECLAIM_PULLBACK,STRUCTURAL,,3.0,1215,15.06172839506173,55.22633744855967,29.7119341563786,1.9753086419753085,0.054388620302012164,1.0930636101937363,0.021929341225164975,1.036216730215883,1.7101231199771973,1.0640000000000782,3.0,26.644149588575445
S11_C6_PRIMARY,primary,0.11,6.0,OBJECTIVE_LIQUIDITY_ONLY,TOUCH_NEXT_OPEN,VOL_FLOOR_0.25,0.25,0.5,1858,64.31646932185146,28.14854682454252,7.534983853606028,1.2378902045209903,0.02649474408534612,1.0885889848684724,-0.0079077362269674,0.9745552487883706,1.8231785816443562,0.14353916864224797,1.0,-14.69257390970543
S11_C6_PRIMARY,primary,0.11,6.0,OBJECTIVE_LIQUIDITY_ONLY,TOUCH_NEXT_OPEN,VOL_FLOOR_0.25,0.25,1.0,1858,44.29494079655544,40.635091496232505,15.069967707212056,0.914962325080732,0.03506719620051123,1.0809880200021804,0.0006647158881976965,1.0014775001822382,1.8231785816443562,0.14353916864224797,1.0,1.23504212027132
S11_C6_PRIMARY,primary,0.11,6.0,OBJECTIVE_LIQUIDITY_ONLY,TOUCH_NEXT_OPEN,VOL_FLOOR_0.25,0.25,1.5,1858,31.539289558665228,46.98600645855759,21.47470398277718,0.5382131324004306,0.03436904514948801,1.068814917270554,-3.343516282550953e-05,0.9999355644669855,1.8231785816443562,0.14353916864224797,1.0,-0.062122532529796715
S11_C6_PRIMARY,primary,0.11,6.0,OBJECTIVE_LIQUIDITY_ONLY,TOUCH_NEXT_OPEN,VOL_FLOOR_0.25,0.25,2.0,1858,23.466092572658773,49.56942949407966,26.96447793326157,0.48439181916038754,0.05394978151755122,1.1021320603173497,0.019547301205237688,1.0355973149869249,1.8231785816443562,0.14353916864224797,1.0,36.318885639331626
S11_C6_PRIMARY,primary,0.11,6.0,OBJECTIVE_LIQUIDITY_ONLY,TOUCH_NEXT_OPEN,VOL_FLOOR_0.25,0.25,2.5,1858,17.976318622174382,51.5069967707212,30.51668460710441,0.4305705059203444,0.054294324643596494,1.0988818379748275,0.01989184433128298,1.0348512135175323,1.8231785816443562,0.14353916864224797,1.0,36.95904676752377
S11_C6_PRIMARY,primary,0.11,6.0,OBJECTIVE_LIQUIDITY_ONLY,TOUCH_NEXT_OPEN,VOL_FLOOR_0.25,0.25,3.0,1858,13.616792249730894,52.85252960172229,33.53067814854682,0.32292787944025836,0.04805904309991403,1.0852764411418045,0.01365656278760051,1.0233078694343358,1.8231785816443562,0.14353916864224797,1.0,25.373893659361748
S11_C6_PRIMARY,primary,0.11,6.0,OBJECTIVE_LIQUIDITY_ONLY,TOUCH_NEXT_OPEN,VOL_FLOOR_0.50,0.5,0.5,1858,64.42411194833154,28.04090419806243,7.534983853606028,0.914962325080732,0.02810235597126527,1.0943014589027542,-0.0037388228041329553,0.9878793873104581,1.918587889412379,0.28707833728449594,1.0,-6.946732770079031
S11_C6_PRIMARY,primary,0.11,6.0,OBJECTIVE_LIQUIDITY_ONLY,TOUCH_NEXT_OPEN,VOL_FLOOR_0.50,0.5,1.0,1858,43.97201291711518,40.796555435952634,15.231431646932187,0.6458557588805167,0.03011203382664251,1.0692314182920606,-0.0017291449487557196,0.9961611303395471,1.918587889412379,0.28707833728449594,1.0,-3.212751314788127
S11_C6_PRIMARY,primary,0.11,6.0,OBJECTIVE_LIQUIDITY_ONLY,TOUCH_NEXT_OPEN,VOL_FLOOR_0.50,0.5,1.5,1858,31.539289558665228,46.5016146393972,21.95909580193757,0.32292787944025836,0.04052782933766471,1.0818209984611,0.008686650562266479,1.0169322376963674,1.918587889412379,0.28707833728449594,1.0,16.139796744691118
S11_C6_PRIMARY,primary,0.11,6.0,OBJECTIVE_LIQUIDITY_ONLY,TOUCH_NEXT_OPEN,VOL_FLOOR_0.50,0.5,2.0,1858,22.820236813778255,49.30032292787944,27.879440258342303,0.32292787944025836,0.047517188048735476,1.090206822955038,0.015676009273337253,1.0287231390097111,1.918587889412379,0.28707833728449594,1.0,29.12602522986062
S11_C6_PRIMARY,primary,0.11,6.0,OBJECTIVE_LIQUIDITY_ONLY,TOUCH_NEXT_OPEN,VOL_FLOOR_0.50,0.5,2.5,1858,16.89989235737352,51.184068891280944,31.916038751345532,0.32292787944025836,0.040362864259886694,1.0737322357979857,0.008521685484488471,1.0150237650140577,1.918587889412379,0.28707833728449594,1.0,15.833291630179579
S11_C6_PRIMARY,primary,0.11,6.0,OBJECTIVE_LIQUIDITY_ONLY,TOUCH_NEXT_OPEN,VOL_FLOOR_0.50,0.5,3.0,1858,12.48654467168999,52.47578040904198,35.03767491926803,0.2691065662002153,0.03419290166465759,1.0609554787989683,0.00235172288925937,1.0040459974208933,1.918587889412379,0.28707833728449594,1.0,4.369501128243909
S11_C6_PRIMARY,primary,0.11,6.0,OBJECTIVE_LIQUIDITY_ONLY,TOUCH_NEXT_OPEN,VOL_FLOOR_0.75,0.75,0.5,1858,63.99354144241119,27.879440258342303,8.127018299246501,0.6458557588805167,0.02587139234709078,1.0867207654016469,-0.002369010707392906,0.9923002493201725,2.1594480041630253,0.4306175059267439,1.0,-4.401621894336019
S11_C6_PRIMARY,primary,0.11,6.0,OBJECTIVE_LIQUIDITY_ONLY,TOUCH_NEXT_OPEN,VOL_FLOOR_0.75,0.75,1.0,1858,43.05705059203444,39.77395048439182,17.168998923573735,0.2691065662002153,0.032200499143773834,1.0753771241852057,0.003960096089290151,1.0089815588827697,2.1594480041630253,0.4306175059267439,1.0,7.357858533901101
S11_C6_PRIMARY,primary,0.11,6.0,OBJECTIVE_LIQUIDITY_ONLY,TOUCH_NEXT_OPEN,VOL_FLOOR_0.75,0.75,1.5,1858,29.440258342303554,45.3713670613563,25.18837459634015,0.3767491926803014,0.02547462402387988,1.0521931609312205,-0.0027657790306038054,0.99451121123535,2.1594480041630253,0.4306175059267439,1.0,-5.138817438861871
S11_C6_PRIMARY,primary,0.11,6.0,OBJECTIVE_LIQUIDITY_ONLY,TOUCH_NEXT_OPEN,VOL_FLOOR_0.75,0.75,2.0,1858,20.021528525296016,47.68568353067815,32.29278794402583,0.3767491926803014,0.026087348719929987,1.0506556135532743,-0.002153054334553705,0.9959511638766329,2.1594480041630253,0.4306175059267439,1.0,-4.000374953600783
S11_C6_PRIMARY,primary,0.11,6.0,OBJECTIVE_LIQUIDITY_ONLY,TOUCH_NEXT_OPEN,VOL_FLOOR_0.75,0.75,2.5,1858,14.101184068891282,49.13885898815931,36.75995694294941,0.32292787944025836,0.021012665241603407,1.0396206545849187,-0.007227737812880285,0.9868016904534721,2.1594480041630253,0.4306175059267439,1.0,-13.42913685633157
S11_C6_PRIMARY,primary,0.11,6.0,OBJECTIVE_LIQUIDITY_ONLY,TOUCH_NEXT_OPEN,VOL_FLOOR_0.75,0.75,3.0,1858,10.064585575888053,49.67707212055974,40.25834230355221,0.2152852529601722,0.02385301040446331,1.0445172905955478,-0.004387392650020372,0.9920710374350108,2.1594480041630253,0.4306175059267439,1.0,-8.151775543737852
S11_C6_PRIMARY,primary,0.11,6.0,OBJECTIVE_LIQUIDITY_ONLY,TOUCH_NEXT_OPEN,VOL_FLOOR_1.00,1.0,0.5,1858,63.078579117330456,27.448869752421963,9.472551130247577,0.48439181916038754,0.02328470667940549,1.078476914436023,-0.0013124488566714756,0.9956967381504713,2.5454695739637825,0.5741566745689919,1.0,-2.4385299756956016
S11_C6_PRIMARY,primary,0.11,6.0,OBJECTIVE_LIQUIDITY_ONLY,TOUCH_NEXT_OPEN,VOL_FLOOR_1.00,1.0,1.0,1858,41.01184068891281,37.40581270182993,21.582346609257268,0.2691065662002153,0.036206970014248954,1.0881951491059758,0.011609814478171993,1.0274804415668102,2.5454695739637825,0.5741566745689919,1.0,21.57103530044356
S11_C6_PRIMARY,primary,0.11,6.0,OBJECTIVE_LIQUIDITY_ONLY,TOUCH_NEXT_OPEN,VOL_FLOOR_1.00,1.0,1.5,1858,26.04951560818084,42.30355220667384,31.646932185145317,0.3767491926803014,0.02247201386871256,1.048307539929543,-0.0021251416673644013,0.9955616427392896,2.5454695739637825,0.5741566745689919,1.0,-3.9485132179630575
S11_C6_PRIMARY,primary,0.11,6.0,OBJECTIVE_LIQUIDITY_ONLY,TOUCH_NEXT_OPEN,VOL_FLOOR_1.00,1.0,2.0,1858,16.361679224973088,43.864370290635094,39.77395048439182,0.32292787944025836,0.020341335218882352,1.0420275764655,-0.004255820317194613,0.9914585667669419,2.5454695739637825,0.5741566745689919,1.0,-7.907314149347592
S11_C6_PRIMARY,primary,0.11,6.0,OBJECTIVE_LIQUIDITY_ONLY,TOUCH_NEXT_OPEN,VOL_FLOOR_1.00,1.0,2.5,1858,11.033369214208827,44.617868675995695,44.34876210979548,0.2691065662002153,0.02275064951584691,1.0462424752071908,-0.0018465060202300582,0.9963544158538646,2.5454695739637825,0.5741566745689919,1.0,-3.4308081855874484
S11_C6_PRIMARY,primary,0.11,6.0,OBJECTIVE_LIQUIDITY_ONLY,TOUCH_NEXT_OPEN,VOL_FLOOR_1.00,1.0,3.0,1858,7.911733046286329,44.77933261571582,47.30893433799785,0.2152852529601722,0.03857227516942576,1.0781425033524379,0.013975119633348809,1.0274986949845446,2.5454695739637825,0.5741566745689919,1.0,25.965772278762085
S12_C6,sensitivity,0.12,6.0,DISPLACEMENT_ORIGIN_ONLY,ACCEPTANCE_RETEST,STRUCTURAL,,0.5,12,50.0,50.0,0.0,25.0,-0.24999999999997702,0.500000000000046,-0.34702878254105607,0.3664226221685219,0.5501044062710889,0.42207881681474646,8.5,-4.164345390492673
S12_C6,sensitivity,0.12,6.0,DISPLACEMENT_ORIGIN_ONLY,ACCEPTANCE_RETEST,STRUCTURAL,,1.0,12,41.66666666666667,58.333333333333336,0.0,25.0,-0.16666666666666666,0.7142857142857143,-0.26369544920774574,0.5884296551812458,0.5501044062710889,0.42207881681474646,8.5,-3.1643453904929486
S12_C6,sensitivity,0.12,6.0,DISPLACEMENT_ORIGIN_ONLY,ACCEPTANCE_RETEST,STRUCTURAL,,1.5,12,41.66666666666667,58.333333333333336,0.0,25.0,0.04166666666664368,1.071428571428532,-0.05536211587443535,0.9135919668360059,0.5501044062710889,0.42207881681474646,8.5,-0.6643453904932242
S12_C6,sensitivity,0.12,6.0,DISPLACEMENT_ORIGIN_ONLY,ACCEPTANCE_RETEST,STRUCTURAL,,2.0,12,41.66666666666667,58.333333333333336,0.0,25.0,0.25,1.4285714285714286,0.15297121745892092,1.2387542784908379,0.5501044062710889,0.42207881681474646,8.5,1.835654609507051
S12_C6,sensitivity,0.12,6.0,DISPLACEMENT_ORIGIN_ONLY,ACCEPTANCE_RETEST,STRUCTURAL,,2.5,12,33.33333333333333,66.66666666666666,0.0,25.0,0.16666666666669627,1.2500000000000444,0.06963788412561728,1.0957158931665278,0.5501044062710889,0.42207881681474646,8.5,0.8356546095074073
S12_C6,sensitivity,0.12,6.0,DISPLACEMENT_ORIGIN_ONLY,ACCEPTANCE_RETEST,STRUCTURAL,,3.0,12,33.33333333333333,66.66666666666666,0.0,25.0,0.3333333333333333,1.5,0.2363045507922544,1.3247959271363812,0.5501044062710889,0.42207881681474646,8.5,2.8356546095070527
S12_C6,sensitivity,0.12,6.0,DISPLACEMENT_ORIGIN_ONLY,CLEAN_REJECTION,STRUCTURAL,,0.5,935,60.962566844919785,22.887700534759357,16.149732620320854,0.10695187165775401,0.051339935028045416,1.196430600920787,0.029545791391720404,1.110343702426605,3.4644351434656073,0.5014999999998508,1.0,27.625314951258577
S12_C6,sensitivity,0.12,6.0,DISPLACEMENT_ORIGIN_ONLY,CLEAN_REJECTION,STRUCTURAL,,1.0,935,38.82352941176471,31.22994652406417,29.946524064171122,0.10695187165775401,0.0778682781974819,1.2163986245502334,0.0560741345611569,1.1518452788839837,3.4644351434656073,0.5014999999998508,1.0,52.42931581468171
S12_C6,sensitivity,0.12,6.0,DISPLACEMENT_ORIGIN_ONLY,CLEAN_REJECTION,STRUCTURAL,,1.5,935,25.13368983957219,36.0427807486631,38.82352941176471,0.0,0.07442273504714617,1.1808913119528688,0.05262859141082114,1.1246104588079233,3.4644351434656073,0.5014999999998508,1.0,49.20773296911777
S12_C6,sensitivity,0.12,6.0,DISPLACEMENT_ORIGIN_ONLY,CLEAN_REJECTION,STRUCTURAL,,2.0,935,17.967914438502675,37.4331550802139,44.598930481283425,0.0,0.101282031167812,1.2375789365266383,0.07948788753148699,1.1815738007249756,3.4644351434656073,0.5014999999998508,1.0,74.32117484194033
S12_C6,sensitivity,0.12,6.0,DISPLACEMENT_ORIGIN_ONLY,CLEAN_REJECTION,STRUCTURAL,,2.5,935,13.475935828877006,38.39572192513369,48.1283422459893,0.0,0.1249624426655621,1.2866540814045526,0.1031682990292371,1.2303291584947273,3.4644351434656073,0.5014999999998508,1.0,96.4623595923367
S12_C6,sensitivity,0.12,6.0,DISPLACEMENT_ORIGIN_ONLY,CLEAN_REJECTION,STRUCTURAL,,3.0,935,10.481283422459892,38.93048128342246,50.588235294117645,0.0,0.13697703376028814,1.310193646987428,0.11518289012396311,1.2537740176926928,3.4644351434656073,0.5014999999998508,1.0,107.6960022659055
S12_C6,sensitivity,0.12,6.0,DISPLACEMENT_ORIGIN_ONLY,FAILED_AUCTION,STRUCTURAL,,0.5,177,61.016949152542374,38.983050847457626,0.0,0.5649717514124294,-0.08474576271186535,0.7826086956521714,-0.12580004424521551,0.6901417351463083,1.7745577272714854,0.32999999999992724,3.0,-22.266607831403146
S12_C6,sensitivity,0.12,6.0,DISPLACEMENT_ORIGIN_ONLY,FAILED_AUCTION,STRUCTURAL,,1.0,177,43.50282485875706,54.80225988700565,1.694915254237288,0.5649717514124294,-0.11438869791118374,0.7923222962255131,-0.15544297944453392,0.7293439176224478,1.7745577272714854,0.32999999999992724,3.0,-27.513407361682503
S12_C6,sensitivity,0.12,6.0,DISPLACEMENT_ORIGIN_ONLY,FAILED_AUCTION,STRUCTURAL,,1.5,177,32.20338983050847,60.451977401129945,7.344632768361582,0.5649717514124294,-0.09392226502979235,0.8455809977359494,-0.1349765465631425,0.7873682758078047,1.7745577272714854,0.32999999999992724,3.0,-23.890848741676223
S12_C6,sensitivity,0.12,6.0,DISPLACEMENT_ORIGIN_ONLY,FAILED_AUCTION,STRUCTURAL,,2.0,177,25.98870056497175,65.5367231638418,8.47457627118644,0.0,-0.10129490481508478,0.846308035060342,-0.14234918634843494,0.7933198143211825,1.7745577272714854,0.32999999999992724,3.0,-25.195805983672983
S12_C6,sensitivity,0.12,6.0,DISPLACEMENT_ORIGIN_ONLY,FAILED_AUCTION,STRUCTURAL,,2.5,177,19.774011299435028,67.2316384180791,12.994350282485875,0.0,-0.07518801135961517,0.8887795041997161,-0.11624229289296532,0.8354350368163173,1.7745577272714854,0.32999999999992724,3.0,-20.57488584205486
S12_C6,sensitivity,0.12,6.0,DISPLACEMENT_ORIGIN_ONLY,FAILED_AUCTION,STRUCTURAL,,3.0,177,16.38418079096045,68.92655367231639,14.689265536723164,0.0,-0.07214523449100776,0.8958906767690366,-0.11319951602435795,0.843653326406343,1.7745577272714854,0.32999999999992724,3.0,-20.036314336311356
S12_C6,sensitivity,0.12,6.0,DISPLACEMENT_ORIGIN_ONLY,PASSIVE_TOUCH,STRUCTURAL,,0.5,479,54.48851774530271,45.3027139874739,0.20876826722338201,23.382045929018787,-0.18111275215562567,0.6006821310859838,-0.26264718422532324,0.4700701779026513,0.8836397131487956,0.24400000000014188,3.0,-125.80800124392984
S12_C6,sensitivity,0.12,6.0,DISPLACEMENT_ORIGIN_ONLY,PASSIVE_TOUCH,STRUCTURAL,,1.0,479,42.79749478079332,56.9937369519833,0.20876826722338201,21.711899791231733,-0.14249062271929902,0.7502204688924395,-0.2240250547889966,0.6381580970887111,0.8836397131487956,0.24400000000014188,3.0,-107.30800124392937
S12_C6,sensitivity,0.12,6.0,DISPLACEMENT_ORIGIN_ONLY,PASSIVE_TOUCH,STRUCTURAL,,1.5,479,36.95198329853862,62.63048016701461,0.41753653444676403,21.50313152400835,-0.0731071469342291,0.8834735832828355,-0.15464157900392667,0.7728040313438502,0.8836397131487956,0.24400000000014188,3.0,-74.07331634288087
S12_C6,sensitivity,0.12,6.0,DISPLACEMENT_ORIGIN_ONLY,PASSIVE_TOUCH,STRUCTURAL,,2.0,479,32.35908141962422,65.55323590814196,2.0876826722338206,21.08559498956159,0.002426218546517541,1.0036842018240602,-0.07910821352318005,0.8892217974897098,0.8836397131487956,0.24400000000014188,3.0,-37.89283427760324
S12_C6,sensitivity,0.12,6.0,DISPLACEMENT_ORIGIN_ONLY,PASSIVE_TOUCH,STRUCTURAL,,2.5,479,26.931106471816285,69.10229645093946,3.966597077244259,21.08559498956159,0.01666705035470697,1.0240146356346027,-0.06486738171499058,0.913700025988777,0.8836397131487956,0.24400000000014188,3.0,-31.071475841480492
S12_C6,sensitivity,0.12,6.0,DISPLACEMENT_ORIGIN_ONLY,PASSIVE_TOUCH,STRUCTURAL,,3.0,479,22.964509394572026,71.60751565762004,5.427974947807933,21.08559498956159,0.029445004991653187,1.0409476283774626,-0.05208942707804439,0.9331530747943038,0.8836397131487956,0.24400000000014188,3.0,-24.950835570383262
S12_C6,sensitivity,0.12,6.0,DISPLACEMENT_ORIGIN_ONLY,RECLAIM_PULLBACK,STRUCTURAL,,0.5,834,59.71223021582733,29.97601918465228,10.311750599520384,3.237410071942446,-0.014859000810573576,0.9534299007973714,-0.04721546676447026,0.8576708339115093,2.588479037537013,0.2615000000000691,3.0,-39.3776992815682
S12_C6,sensitivity,0.12,6.0,DISPLACEMENT_ORIGIN_ONLY,RECLAIM_PULLBACK,STRUCTURAL,,1.0,834,40.28776978417266,38.968824940047966,20.743405275779374,3.117505995203837,0.022124685243195108,1.0528289454604793,-0.010231780710701587,0.9764585577506464,2.588479037537013,0.2615000000000691,3.0,-8.533305112725124
S12_C6,sensitivity,0.12,6.0,DISPLACEMENT_ORIGIN_ONLY,RECLAIM_PULLBACK,STRUCTURAL,,1.5,834,28.53717026378897,43.884892086330936,27.577937649880095,3.117505995203837,0.033784484618851376,1.0715772005681448,0.0014280186649546815,1.0029133635627867,2.588479037537013,0.2615000000000691,3.0,1.1909675665722044
S12_C6,sensitivity,0.12,6.0,DISPLACEMENT_ORIGIN_ONLY,RECLAIM_PULLBACK,STRUCTURAL,,2.0,834,20.623501199040767,46.882494004796165,32.49400479616307,3.117505995203837,0.02986457940099992,1.059284262066986,-0.002491886552896781,0.9952406306547033,2.588479037537013,0.2615000000000691,3.0,-2.078233385115915
S12_C6,sensitivity,0.12,6.0,DISPLACEMENT_ORIGIN_ONLY,RECLAIM_PULLBACK,STRUCTURAL,,2.5,834,15.827338129496402,48.08153477218225,36.09112709832134,3.117505995203837,0.05661413335392278,1.1095872049674111,0.024257667400026075,1.0451621831547624,2.588479037537013,0.2615000000000691,3.0,20.230894611621746
S12_C6,sensitivity,0.12,6.0,DISPLACEMENT_ORIGIN_ONLY,RECLAIM_PULLBACK,STRUCTURAL,,3.0,834,12.829736211031175,49.280575539568346,37.88968824940048,3.117505995203837,0.06755201078374413,1.127793461111489,0.035195544829847436,1.0639835348526305,2.588479037537013,0.2615000000000691,3.0,29.35308438809276
S12_C6,sensitivity,0.12,6.0,DISPLACEMENT_ORIGIN_ONLY,TOUCH_NEXT_OPEN,VOL_FLOOR_0.25,0.25,0.5,1162,62.736660929432006,25.04302925989673,12.220309810671257,0.8605851979345954,0.04572391931127578,1.166796086731285,0.01571032369973918,1.0552918610779158,2.8147102036725755,0.29422014056840795,1.0,18.25539613909693
S12_C6,sensitivity,0.12,6.0,DISPLACEMENT_ORIGIN_ONLY,TOUCH_NEXT_OPEN,VOL_FLOOR_0.25,0.25,1.0,1162,41.996557659208264,34.50946643717728,23.49397590361446,0.6884681583476765,0.07741726621925579,1.202894730731523,0.047403670607719196,1.1198508439849755,2.8147102036725755,0.29422014056840795,1.0,55.08306524616971
S12_C6,sensitivity,0.12,6.0,DISPLACEMENT_ORIGIN_ONLY,TOUCH_NEXT_OPEN,VOL_FLOOR_0.25,0.25,1.5,1162,28.485370051635112,40.70567986230637,30.808950086058516,0.25817555938037867,0.07033402031379028,1.1576150395495013,0.040320424702253714,1.0871330807521382,2.8147102036725755,0.29422014056840795,1.0,46.852333504018816
S12_C6,sensitivity,0.12,6.0,DISPLACEMENT_ORIGIN_ONLY,TOUCH_NEXT_OPEN,VOL_FLOOR_0.25,0.25,2.0,1162,20.567986230636834,43.459552495697075,35.9724612736661,0.17211703958691912,0.07905191019108825,1.1665876471260526,0.04903831457955168,1.0995804305396522,2.8147102036725755,0.29422014056840795,1.0,56.98252154143905
S12_C6,sensitivity,0.12,6.0,DISPLACEMENT_ORIGIN_ONLY,TOUCH_NEXT_OPEN,VOL_FLOOR_0.25,0.25,2.5,1162,15.49053356282272,45.09466437177281,39.41480206540447,0.08605851979345956,0.0926761066491439,1.1887929397731032,0.06266251103760731,1.1229551337590467,2.8147102036725755,0.29422014056840795,1.0,72.8138378256997
S12_C6,sensitivity,0.12,6.0,DISPLACEMENT_ORIGIN_ONLY,TOUCH_NEXT_OPEN,VOL_FLOOR_0.25,0.25,3.0,1162,12.736660929432015,45.869191049913944,41.39414802065404,0.08605851979345956,0.11154235551885229,1.223457264577469,0.08152875990731573,1.1572488681344915,2.8147102036725755,0.29422014056840795,1.0,94.73641901230087
S12_C6,sensitivity,0.12,6.0,DISPLACEMENT_ORIGIN_ONLY,TOUCH_NEXT_OPEN,VOL_FLOOR_0.50,0.5,0.5,1162,63.16695352839932,24.612736660929432,12.220309810671257,0.4302925989672977,0.052178308295785625,1.1933763808246645,0.02751479327740552,1.0991076969711917,2.983635485228433,0.5165051056775793,1.0,31.972189788345215
S12_C6,sensitivity,0.12,6.0,DISPLACEMENT_ORIGIN_ONLY,TOUCH_NEXT_OPEN,VOL_FLOOR_0.50,0.5,1.0,1162,41.13597246127367,34.93975903614458,23.924268502581754,0.25817555938037867,0.06612366920011736,1.1712790204393575,0.041460154181737235,1.1043377551197988,2.983635485228433,0.5165051056775793,1.0,48.17669915917867
S12_C6,sensitivity,0.12,6.0,DISPLACEMENT_ORIGIN_ONLY,TOUCH_NEXT_OPEN,VOL_FLOOR_0.50,0.5,1.5,1162,27.710843373493976,40.27538726333907,32.01376936316696,0.17211703958691912,0.06939613383744202,1.1568367766182708,0.044732618819061924,1.0981595276632348,2.983635485228433,0.5165051056775793,1.0,51.97930306774995
S12_C6,sensitivity,0.12,6.0,DISPLACEMENT_ORIGIN_ONLY,TOUCH_NEXT_OPEN,VOL_FLOOR_0.50,0.5,2.0,1162,20.223752151462996,42.51290877796902,37.26333907056799,0.0,0.08741732159561114,1.1877522576781199,0.06275380657723104,1.1307910639279053,2.983635485228433,0.5165051056775793,1.0,72.91992324274246
S12_C6,sensitivity,0.12,6.0,DISPLACEMENT_ORIGIN_ONLY,TOUCH_NEXT_OPEN,VOL_FLOOR_0.50,0.5,2.5,1162,14.888123924268504,43.631669535284,41.480206540447504,0.0,0.10994050520795462,1.2305862455386174,0.0852769901895745,1.1735566275403633,2.983635485228433,0.5165051056775793,1.0,99.09186260028558
S12_C6,sensitivity,0.12,6.0,DISPLACEMENT_ORIGIN_ONLY,TOUCH_NEXT_OPEN,VOL_FLOOR_0.50,0.5,3.0,1162,11.44578313253012,44.57831325301205,43.97590361445783,0.08605851979345956,0.1138283780812368,1.2338798585845465,0.0891648630628567,1.1776895426388199,2.983635485228433,0.5165051056775793,1.0,103.6095708790395
S12_C6,sensitivity,0.12,6.0,DISPLACEMENT_ORIGIN_ONLY,TOUCH_NEXT_OPEN,VOL_FLOOR_0.75,0.75,0.5,1162,62.47848537005164,24.69879518072289,12.822719449225472,0.34423407917383825,0.04622989691676456,1.1694845323149856,0.025533368511636595,1.0913770290521114,3.3751699584177004,0.774757658516369,1.0,29.669774210521723
S12_C6,sensitivity,0.12,6.0,DISPLACEMENT_ORIGIN_ONLY,TOUCH_NEXT_OPEN,VOL_FLOOR_0.75,0.75,1.0,1162,38.64027538726334,34.93975903614458,26.41996557659208,0.25817555938037867,0.042009664219199445,1.1077682536879823,0.021313135814071463,1.0533282865704487,3.3751699584177004,0.774757658516369,1.0,24.76586381595104
S12_C6,sensitivity,0.12,6.0,DISPLACEMENT_ORIGIN_ONLY,TOUCH_NEXT_OPEN,VOL_FLOOR_0.75,0.75,1.5,1162,25.817555938037867,38.468158347676415,35.714285714285715,0.0,0.06914603846293257,1.1616662640640854,0.04844951005780458,1.1104442264102012,3.3751699584177004,0.774757658516369,1.0,56.29833068716893
S12_C6,sensitivity,0.12,6.0,DISPLACEMENT_ORIGIN_ONLY,TOUCH_NEXT_OPEN,VOL_FLOOR_0.75,0.75,2.0,1162,17.03958691910499,40.44750430292599,42.51290877796902,0.08605851979345956,0.07387553194698819,1.1648545155285837,0.053179003541860205,1.1156657917212824,3.3751699584177004,0.774757658516369,1.0,61.79400211564156
S12_C6,sensitivity,0.12,6.0,DISPLACEMENT_ORIGIN_ONLY,TOUCH_NEXT_OPEN,VOL_FLOOR_0.75,0.75,2.5,1162,12.048192771084338,41.22203098106713,46.729776247848534,0.08605851979345956,0.08918340773196845,1.1955828294129134,0.06848687932684047,1.1463923692424884,3.3751699584177004,0.774757658516369,1.0,79.58175377778863
S12_C6,sensitivity,0.12,6.0,DISPLACEMENT_ORIGIN_ONLY,TOUCH_NEXT_OPEN,VOL_FLOOR_0.75,0.75,3.0,1162,8.519793459552496,41.65232358003442,49.827882960413085,0.08605851979345956,0.09438018346948211,1.2047315673799395,0.07368365506435412,1.1557779744652696,3.3751699584177004,0.774757658516369,1.0,85.62040718477948
S12_C6,sensitivity,0.12,6.0,DISPLACEMENT_ORIGIN_ONLY,TOUCH_NEXT_OPEN,VOL_FLOOR_1.00,1.0,0.5,1162,60.24096385542169,24.87091222030981,14.888123924268504,0.17211703958691912,0.030178087083048793,1.1081911639853637,0.012495392612478524,1.0438648839058138,3.8981154620666985,1.0330102113551587,1.0,14.519646215700044
S12_C6,sensitivity,0.12,6.0,DISPLACEMENT_ORIGIN_ONLY,TOUCH_NEXT_OPEN,VOL_FLOOR_1.00,1.0,1.0,1162,36.144578313253014,32.53012048192771,31.32530120481928,0.0,0.04241830380917183,1.1142512649211995,0.024735609338601562,1.0651508654805544,3.8981154620666985,1.0330102113551587,1.0,28.742778051455016
S12_C6,sensitivity,0.12,6.0,DISPLACEMENT_ORIGIN_ONLY,TOUCH_NEXT_OPEN,VOL_FLOOR_1.00,1.0,1.5,1162,22.719449225473323,35.28399311531842,41.996557659208264,0.08605851979345956,0.06985761727707074,1.174230686271071,0.05217492280650047,1.1272214761676806,3.8981154620666985,1.0330102113551587,1.0,60.62726030115355
S12_C6,sensitivity,0.12,6.0,DISPLACEMENT_ORIGIN_ONLY,TOUCH_NEXT_OPEN,VOL_FLOOR_1.00,1.0,2.0,1162,14.457831325301203,36.74698795180723,48.795180722891565,0.08605851979345956,0.06820847823303587,1.1633510098414808,0.050525783762465595,1.1182872120747378,3.8981154620666985,1.0330102113551587,1.0,58.710960731985026
S12_C6,sensitivity,0.12,6.0,DISPLACEMENT_ORIGIN_ONLY,TOUCH_NEXT_OPEN,VOL_FLOOR_1.00,1.0,2.5,1162,9.38037865748709,37.26333907056799,53.35628227194492,0.08605851979345956,0.076654266337234,1.1813342197456835,0.05897157186666375,1.1363578155592062,3.8981154620666985,1.0330102113551587,1.0,68.52496650906328
S12_C6,sensitivity,0.12,6.0,DISPLACEMENT_ORIGIN_ONLY,TOUCH_NEXT_OPEN,VOL_FLOOR_1.00,1.0,3.0,1162,6.798623063683305,37.43545611015491,55.76592082616179,0.17211703958691912,0.09144993542008654,1.215174710101532,0.07376724094951627,1.169630645805647,3.8981154620666985,1.0330102113551587,1.0,85.7175339833379
S12_C6,sensitivity,0.12,6.0,DOZ_OBJECTIVE_ONLY,ACCEPTANCE_RETEST,STRUCTURAL,,0.5,5,40.0,60.0,0.0,20.0,-0.4000000000000011,0.33333333333333154,-0.4972859676570815,0.2676390298541734,1.2746661814333038,0.24650000000019645,7.0,-2.4864298382854075
S12_C6,sensitivity,0.12,6.0,DOZ_OBJECTIVE_ONLY,ACCEPTANCE_RETEST,STRUCTURAL,,1.0,5,40.0,60.0,0.0,20.0,-0.2,0.6666666666666666,-0.29728596765708054,0.5621822173872074,1.2746661814333038,0.24650000000019645,7.0,-1.4864298382854026
S12_C6,sensitivity,0.12,6.0,DOZ_OBJECTIVE_ONLY,ACCEPTANCE_RETEST,STRUCTURAL,,1.5,5,40.0,60.0,0.0,20.0,1.0658141036401502e-15,1.0000000000000018,-0.09728596765707946,0.8567254049202416,1.2746661814333038,0.24650000000019645,7.0,-0.4864298382853973
S12_C6,sensitivity,0.12,6.0,DOZ_OBJECTIVE_ONLY,ACCEPTANCE_RETEST,STRUCTURAL,,2.0,5,40.0,60.0,0.0,20.0,0.2,1.3333333333333333,0.10271403234291947,1.1512685924532726,1.2746661814333038,0.24650000000019645,7.0,0.5135701617145974
S12_C6,sensitivity,0.12,6.0,DOZ_OBJECTIVE_ONLY,ACCEPTANCE_RETEST,STRUCTURAL,,2.5,5,40.0,60.0,0.0,20.0,0.3999999999999989,1.666666666666665,0.30271403234291844,1.4458117799863035,1.2746661814333038,0.24650000000019645,7.0,1.5135701617145922
S12_C6,sensitivity,0.12,6.0,DOZ_OBJECTIVE_ONLY,ACCEPTANCE_RETEST,STRUCTURAL,,3.0,5,20.0,80.0,0.0,20.0,-0.2,0.75,-0.2972859676570805,0.6653812175554129,1.2746661814333038,0.24650000000019645,7.0,-1.4864298382854024
S12_C6,sensitivity,0.12,6.0,DOZ_OBJECTIVE_ONLY,CLEAN_REJECTION,STRUCTURAL,,0.5,17,64.70588235294117,29.411764705882355,5.88235294117647,0.0,-0.0005855082693018154,0.9981935164563225,-0.03620237820098587,0.8914353114266313,1.9954412169724947,0.5934999999999491,1.0,-0.6154404294167597
S12_C6,sensitivity,0.12,6.0,DOZ_OBJECTIVE_ONLY,CLEAN_REJECTION,STRUCTURAL,,1.0,17,64.70588235294117,29.411764705882355,5.88235294117647,0.0,0.32294390349540525,1.996387032912652,0.2873270335637212,1.8616442197354246,1.9954412169724947,0.5934999999999491,1.0,4.88455957058326
S12_C6,sensitivity,0.12,6.0,DOZ_OBJECTIVE_ONLY,CLEAN_REJECTION,STRUCTURAL,,1.5,17,47.05882352941176,41.17647058823529,11.76470588235294,0.0,0.24700598595016643,1.5382843914361053,0.21138911601848234,1.443604304034333,1.9954412169724947,0.5934999999999491,1.0,3.5936149723142
S12_C6,sensitivity,0.12,6.0,DOZ_OBJECTIVE_ONLY,CLEAN_REJECTION,STRUCTURAL,,2.0,17,29.411764705882355,47.05882352941176,23.52941176470588,0.0,0.22293482792353872,1.4306255988703036,0.1873179579918547,1.348103201910652,1.9954412169724947,0.5934999999999491,1.0,3.1844052858615295
S12_C6,sensitivity,0.12,6.0,DOZ_OBJECTIVE_ONLY,CLEAN_REJECTION,STRUCTURAL,,2.5,17,23.52941176470588,47.05882352941176,29.411764705882355,0.0,0.3378362566089906,1.6525716133158188,0.3022193866773065,1.5616308084375903,1.9954412169724947,0.5934999999999491,1.0,5.137729573514211
S12_C6,sensitivity,0.12,6.0,DOZ_OBJECTIVE_ONLY,CLEAN_REJECTION,STRUCTURAL,,3.0,17,17.647058823529413,47.05882352941176,35.294117647058826,0.0,0.4178819544321296,1.8071895654910743,0.38226508450044555,1.7103841047585915,1.9954412169724947,0.5934999999999491,1.0,6.498506436507574
S12_C6,sensitivity,0.12,6.0,DOZ_OBJECTIVE_ONLY,FAILED_AUCTION,STRUCTURAL,,0.5,27,66.66666666666666,33.33333333333333,0.0,0.0,4.070817756958907e-15,1.0000000000000122,-0.028139348132616454,0.9179452732563158,2.4851859370535294,0.6800000000000637,2.0,-0.7597623995806443
S12_C6,sensitivity,0.12,6.0,DOZ_OBJECTIVE_ONLY,FAILED_AUCTION,STRUCTURAL,,1.0,27,51.85185185185185,48.148148148148145,0.0,0.0,0.037037037037037035,1.0769230769230769,0.008897688904416572,1.0179967555418983,2.4851859370535294,0.6800000000000637,2.0,0.24023760041924747
S12_C6,sensitivity,0.12,6.0,DOZ_OBJECTIVE_ONLY,FAILED_AUCTION,STRUCTURAL,,1.5,27,51.85185185185185,48.148148148148145,0.0,0.0,0.2962962962962878,1.6153846153845979,0.2681569481636673,1.5423829822334667,2.4851859370535294,0.6800000000000637,2.0,7.240237600419017
S12_C6,sensitivity,0.12,6.0,DOZ_OBJECTIVE_ONLY,FAILED_AUCTION,STRUCTURAL,,2.0,27,40.74074074074074,51.85185185185185,7.4074074074074066,0.0,0.3207180143849934,1.6151004737323924,0.2925786662523729,1.5452909122000609,2.4851859370535294,0.6800000000000637,2.0,7.899623988814068
S12_C6,sensitivity,0.12,6.0,DOZ_OBJECTIVE_ONLY,FAILED_AUCTION,STRUCTURAL,,2.5,27,25.925925925925924,62.96296296296296,11.11111111111111,0.0,0.03770303387196531,1.0591182889996253,0.009563685739344753,1.0145485785514485,2.4851859370535294,0.6800000000000637,2.0,0.2582195149623083
S12_C6,sensitivity,0.12,6.0,DOZ_OBJECTIVE_ONLY,FAILED_AUCTION,STRUCTURAL,,3.0,27,18.51851851851852,62.96296296296296,18.51851851851852,0.0,0.06506741684858464,1.1020255920724187,0.036928068715964116,1.0561761357608446,2.4851859370535294,0.6800000000000637,2.0,0.9970578553310312
S12_C6,sensitivity,0.12,6.0,DOZ_OBJECTIVE_ONLY,PASSIVE_TOUCH,STRUCTURAL,,0.5,42,26.190476190476193,73.80952380952381,0.0,64.28571428571429,-0.6071428571428583,0.17741935483870805,-0.7160742689260156,0.13120398413224213,0.6343429685268802,0.24325000000021646,0.0,-30.07511929489265
S12_C6,sensitivity,0.12,6.0,DOZ_OBJECTIVE_ONLY,PASSIVE_TOUCH,STRUCTURAL,,1.0,42,26.190476190476193,73.80952380952381,0.0,64.28571428571429,-0.47619047619047616,0.3548387096774194,-0.5851218879736334,0.29008541833104756,0.6343429685268802,0.24325000000021646,0.0,-24.575119294892602
S12_C6,sensitivity,0.12,6.0,DOZ_OBJECTIVE_ONLY,PASSIVE_TOUCH,STRUCTURAL,,1.5,42,21.428571428571427,78.57142857142857,0.0,64.28571428571429,-0.4642857142857131,0.4090909090909106,-0.5732171260688703,0.3452928592127383,0.6343429685268802,0.24325000000021646,0.0,-24.075119294892552
S12_C6,sensitivity,0.12,6.0,DOZ_OBJECTIVE_ONLY,PASSIVE_TOUCH,STRUCTURAL,,2.0,42,19.047619047619047,80.95238095238095,0.0,61.904761904761905,-0.42857142857142855,0.47058823529411764,-0.5375028403545857,0.4048253521866002,0.6343429685268802,0.24325000000021646,0.0,-22.575119294892602
S12_C6,sensitivity,0.12,6.0,DOZ_OBJECTIVE_ONLY,PASSIVE_TOUCH,STRUCTURAL,,2.5,42,19.047619047619047,80.95238095238095,0.0,61.904761904761905,-0.33333333333333454,0.5882352941176456,-0.4422647451164917,0.5102820968511644,0.6343429685268802,0.24325000000021646,0.0,-18.57511929489265
S12_C6,sensitivity,0.12,6.0,DOZ_OBJECTIVE_ONLY,PASSIVE_TOUCH,STRUCTURAL,,3.0,42,19.047619047619047,80.95238095238095,0.0,61.904761904761905,-0.23809523809523808,0.7058823529411765,-0.3470266498783953,0.6157388415157314,0.6343429685268802,0.24325000000021646,0.0,-14.575119294892604
S12_C6,sensitivity,0.12,6.0,DOZ_OBJECTIVE_ONLY,RECLAIM_PULLBACK,STRUCTURAL,,0.5,30,60.0,36.666666666666664,3.3333333333333335,10.0,-0.07903395169759617,0.7914858250992405,-0.12204909964575454,0.6927605520567941,1.445464414454932,0.44499999999993634,4.0,-3.661472989372636
S12_C6,sensitivity,0.12,6.0,DOZ_OBJECTIVE_ONLY,RECLAIM_PULLBACK,STRUCTURAL,,1.0,30,46.666666666666664,50.0,3.3333333333333335,10.0,-0.04570061836425103,0.9108049641352622,-0.08871576631240939,0.8351732087417635,1.445464414454932,0.44499999999993634,4.0,-2.6614729893722817
S12_C6,sensitivity,0.12,6.0,DOZ_OBJECTIVE_ONLY,RECLAIM_PULLBACK,STRUCTURAL,,1.5,30,43.333333333333336,53.333333333333336,3.3333333333333335,10.0,0.10429938163575336,1.1911293081330803,0.06128423368759496,1.1068061522151216,1.445464414454932,0.44499999999993634,4.0,1.8385270106278488
S12_C6,sensitivity,0.12,6.0,DOZ_OBJECTIVE_ONLY,RECLAIM_PULLBACK,STRUCTURAL,,2.0,30,40.0,56.666666666666664,3.3333333333333335,10.0,0.22096604830241562,1.38161155775857,0.17795090035425734,1.2924906557163947,1.445464414454932,0.44499999999993634,4.0,5.33852701062772
S12_C6,sensitivity,0.12,6.0,DOZ_OBJECTIVE_ONLY,RECLAIM_PULLBACK,STRUCTURAL,,2.5,30,33.33333333333333,60.0,6.666666666666667,10.0,0.22199318008535626,1.3625163941835137,0.17897803213719785,1.2781348765592335,1.445464414454932,0.44499999999993634,4.0,5.369340964115936
S12_C6,sensitivity,0.12,6.0,DOZ_OBJECTIVE_ONLY,RECLAIM_PULLBACK,STRUCTURAL,,3.0,30,26.666666666666668,60.0,13.333333333333334,10.0,0.24393807761087202,1.398352563198336,0.20092292966271363,1.312237616942956,1.445464414454932,0.44499999999993634,4.0,6.027687889881409
S12_C6,sensitivity,0.12,6.0,DOZ_OBJECTIVE_ONLY,TOUCH_NEXT_OPEN,VOL_FLOOR_0.25,0.25,0.5,43,62.7906976744186,34.883720930232556,2.3255813953488373,2.3255813953488373,-0.043958775577828554,0.8771800242531562,-0.09228970371106907,0.7538385713746069,1.4612094648730403,0.5460131025555821,1.0,-3.96845725957597
S12_C6,sensitivity,0.12,6.0,DOZ_OBJECTIVE_ONLY,TOUCH_NEXT_OPEN,VOL_FLOOR_0.25,0.25,1.0,43,51.162790697674424,46.51162790697674,2.3255813953488373,2.3255813953488373,0.03743657325937896,1.0789482443002474,-0.010894354873861591,0.9780525622366107,1.4612094648730403,0.5460131025555821,1.0,-0.46845725957604845
S12_C6,sensitivity,0.12,6.0,DOZ_OBJECTIVE_ONLY,TOUCH_NEXT_OPEN,VOL_FLOOR_0.25,0.25,1.5,43,39.53488372093023,55.81395348837209,4.651162790697675,2.3255813953488373,0.019042512834513553,1.0331762224907874,-0.02928841529872699,0.9514262388736526,1.4612094648730403,0.5460131025555821,1.0,-1.2594018578452606
S12_C6,sensitivity,0.12,6.0,DOZ_OBJECTIVE_ONLY,TOUCH_NEXT_OPEN,VOL_FLOOR_0.25,0.25,2.0,43,30.23255813953488,62.7906976744186,6.976744186046512,2.3255813953488373,-0.013140629824168954,0.9795873135899609,-0.06147155795740949,0.9091507954802579,1.4612094648730403,0.5460131025555821,1.0,-2.643276992168608
S12_C6,sensitivity,0.12,6.0,DOZ_OBJECTIVE_ONLY,TOUCH_NEXT_OPEN,VOL_FLOOR_0.25,0.25,2.5,43,20.930232558139537,69.76744186046511,9.30232558139535,0.0,-0.11887727429736168,0.8333921923376713,-0.1672082024306022,0.7772489236239907,1.4612094648730403,0.5460131025555821,1.0,-7.189952704515894
S12_C6,sensitivity,0.12,6.0,DOZ_OBJECTIVE_ONLY,TOUCH_NEXT_OPEN,VOL_FLOOR_0.25,0.25,3.0,43,16.27906976744186,74.4186046511628,9.30232558139535,0.0,-0.20027262313457042,0.7364928403284214,-0.24860355126781097,0.6888868858364889,1.4612094648730403,0.5460131025555821,1.0,-10.689952704515871
S12_C6,sensitivity,0.12,6.0,DOZ_OBJECTIVE_ONLY,TOUCH_NEXT_OPEN,VOL_FLOOR_0.50,0.5,0.5,43,65.11627906976744,32.55813953488372,2.3255813953488373,0.0,-0.009075054647617506,0.972882475004699,-0.04355611307429122,0.8742127212805856,1.7730491560096198,0.7697697061477629,1.0,-1.8729128621945224
S12_C6,sensitivity,0.12,6.0,DOZ_OBJECTIVE_ONLY,TOUCH_NEXT_OPEN,VOL_FLOOR_0.50,0.5,1.0,43,51.162790697674424,46.51162790697674,2.3255813953488373,0.0,0.0374365732593557,1.0789482443001959,0.002955514832681974,1.0060288622377735,1.7730491560096198,0.7697697061477629,1.0,0.12708713780532488
S12_C6,sensitivity,0.12,6.0,DOZ_OBJECTIVE_ONLY,TOUCH_NEXT_OPEN,VOL_FLOOR_0.50,0.5,1.5,43,41.86046511627907,53.48837209302325,4.651162790697675,0.0,0.07718204771821453,1.1401462756638265,0.042700989291540835,1.0748839350978627,1.7730491560096198,0.7697697061477629,1.0,1.8361425395362558
S12_C6,sensitivity,0.12,6.0,DOZ_OBJECTIVE_ONLY,TOUCH_NEXT_OPEN,VOL_FLOOR_0.50,0.5,2.0,43,32.55813953488372,58.139534883720934,9.30232558139535,0.0,0.09758382484662062,1.1633922500453648,0.06310276641994689,1.1020332719717065,1.7730491560096198,0.7697697061477629,1.0,2.7134189560577164
S12_C6,sensitivity,0.12,6.0,DOZ_OBJECTIVE_ONLY,TOUCH_NEXT_OPEN,VOL_FLOOR_0.50,0.5,2.5,43,25.581395348837212,62.7906976744186,11.627906976744185,0.0,0.08487043618738384,1.1318379425155014,0.05038937776071013,1.0755780788680869,1.7730491560096198,0.7697697061477629,1.0,2.1667432437105356
S12_C6,sensitivity,0.12,6.0,DOZ_OBJECTIVE_ONLY,TOUCH_NEXT_OPEN,VOL_FLOOR_0.50,0.5,3.0,43,20.930232558139537,65.11627906976744,13.953488372093023,0.0,0.04776754529524409,1.071377602458215,0.013286486868570391,1.019158978054632,1.7730491560096198,0.7697697061477629,1.0,0.5713189353485268
S12_C6,sensitivity,0.12,6.0,DOZ_OBJECTIVE_ONLY,TOUCH_NEXT_OPEN,VOL_FLOOR_0.75,0.75,0.5,43,62.7906976744186,30.23255813953488,6.976744186046512,0.0,-0.011433068828352017,0.9648631187264782,-0.03743534764619531,0.8881235621278865,2.404512646675313,0.9420000000000073,1.0,-1.6097199487863985
S12_C6,sensitivity,0.12,6.0,DOZ_OBJECTIVE_ONLY,TOUCH_NEXT_OPEN,VOL_FLOOR_0.75,0.75,1.0,43,51.162790697674424,39.53488372093023,9.30232558139535,0.0,0.10298540119469378,1.2461352434655981,0.07698312237685045,1.1789559613900784,2.404512646675313,0.9420000000000073,1.0,3.3102742622045698
S12_C6,sensitivity,0.12,6.0,DOZ_OBJECTIVE_ONLY,TOUCH_NEXT_OPEN,VOL_FLOOR_0.75,0.75,1.5,43,44.18604651162791,41.86046511627907,13.953488372093023,0.0,0.23592702372866792,1.5261157527903195,0.20992474491082472,1.45539045749917,2.404512646675313,0.9420000000000073,1.0,9.026764031165463
S12_C6,sensitivity,0.12,6.0,DOZ_OBJECTIVE_ONLY,TOUCH_NEXT_OPEN,VOL_FLOOR_0.75,0.75,2.0,43,30.23255813953488,51.162790697674424,18.6046511627907,0.0,0.10924117861476207,1.2012050847038787,0.08323889979691874,1.1490067686987127,2.404512646675313,0.9420000000000073,1.0,3.579272691267506
S12_C6,sensitivity,0.12,6.0,DOZ_OBJECTIVE_ONLY,TOUCH_NEXT_OPEN,VOL_FLOOR_0.75,0.75,2.5,43,23.25581395348837,51.162790697674424,25.581395348837212,0.0,0.21135857338033615,1.3892892789984488,0.18535629456249295,1.331808115894225,2.404512646675313,0.9420000000000073,1.0,7.970320666187196
S12_C6,sensitivity,0.12,6.0,DOZ_OBJECTIVE_ONLY,TOUCH_NEXT_OPEN,VOL_FLOOR_0.75,0.75,3.0,43,16.27906976744186,53.48837209302325,30.23255813953488,0.0,0.1782929844797749,1.314899399512266,0.15229070566193165,1.2613273681887098,2.404512646675313,0.9420000000000073,1.0,6.54850034346306
S12_C6,sensitivity,0.12,6.0,DOZ_OBJECTIVE_ONLY,TOUCH_NEXT_OPEN,VOL_FLOOR_1.00,1.0,0.5,43,58.139534883720934,30.23255813953488,11.627906976744185,0.0,-0.0463700975751837,0.8624309369569789,-0.06704521063107825,0.8056640457836374,3.2060168622337506,0.9738611926463131,1.0,-2.8829440571363647
S12_C6,sensitivity,0.12,6.0,DOZ_OBJECTIVE_ONLY,TOUCH_NEXT_OPEN,VOL_FLOOR_1.00,1.0,1.0,43,44.18604651162791,37.2093023255814,18.6046511627907,0.0,0.04589146133842731,1.1113478315310092,0.025216348282532743,1.0597703944795844,3.2060168622337506,0.9738611926463131,1.0,1.084302976148908
S12_C6,sensitivity,0.12,6.0,DOZ_OBJECTIVE_ONLY,TOUCH_NEXT_OPEN,VOL_FLOOR_1.00,1.0,1.5,43,32.55813953488372,46.51162790697674,20.930232558139537,0.0,-0.0017297515495027149,0.9965833952735236,-0.02240486460539722,0.9567789348387554,3.2060168622337506,0.9738611926463131,1.0,-0.9634091780320804
S12_C6,sensitivity,0.12,6.0,DOZ_OBJECTIVE_ONLY,TOUCH_NEXT_OPEN,VOL_FLOOR_1.00,1.0,2.0,43,23.25581395348837,46.51162790697674,30.23255813953488,0.0,0.09728690608781566,1.1921610668650453,0.07661179303192106,1.1477912657394416,3.2060168622337506,0.9738611926463131,1.0,3.2943071003726057
S12_C6,sensitivity,0.12,6.0,DOZ_OBJECTIVE_ONLY,TOUCH_NEXT_OPEN,VOL_FLOOR_1.00,1.0,2.5,43,16.27906976744186,46.51162790697674,37.2093023255814,0.0,0.14854237298642986,1.2934008492568636,0.12786725993053535,1.2466678228493369,3.2060168622337506,0.9738611926463131,1.0,5.49829217701302
S12_C6,sensitivity,0.12,6.0,DOZ_OBJECTIVE_ONLY,TOUCH_NEXT_OPEN,VOL_FLOOR_1.00,1.0,3.0,43,11.627906976744185,51.162790697674424,37.2093023255814,0.0,0.04389121019573524,1.0793994930087618,0.02321609713984069,1.0410117248356792,3.2060168622337506,0.9738611926463131,1.0,0.9982921770131497
S12_C6,sensitivity,0.12,6.0,MEMORY_ONLY,ACCEPTANCE_RETEST,STRUCTURAL,,0.5,10,60.0,40.0,0.0,10.0,-0.10000000000000067,0.7499999999999983,-0.13617527610583408,0.6710500937610713,1.6153134444949728,1.3999999999998636,9.0,-1.3617527610583409
S12_C6,sensitivity,0.12,6.0,MEMORY_ONLY,ACCEPTANCE_RETEST,STRUCTURAL,,1.0,10,50.0,50.0,0.0,10.0,0.0,1.0,-0.036175276105833466,0.9301523697300796,1.6153134444949728,1.3999999999998636,9.0,-0.36175276105833465
S12_C6,sensitivity,0.12,6.0,MEMORY_ONLY,ACCEPTANCE_RETEST,STRUCTURAL,,1.5,10,30.0,70.0,0.0,10.0,-0.2500000000000081,0.6428571428571311,-0.28617527610584154,0.6050569492168864,1.6153134444949728,1.3999999999998636,9.0,-2.8617527610584155
S12_C6,sensitivity,0.12,6.0,MEMORY_ONLY,ACCEPTANCE_RETEST,STRUCTURAL,,2.0,10,20.0,70.0,10.0,10.0,-0.22087241449216988,0.6844679792969002,-0.25704769059800336,0.6452551719248363,1.6153134444949728,1.3999999999998636,9.0,-2.5704769059800334
S12_C6,sensitivity,0.12,6.0,MEMORY_ONLY,ACCEPTANCE_RETEST,STRUCTURAL,,2.5,10,20.0,70.0,10.0,10.0,-0.12087241449216175,0.8273251221540546,-0.1570476905979952,0.7832625694042316,1.6153134444949728,1.3999999999998636,9.0,-1.570476905979952
S12_C6,sensitivity,0.12,6.0,MEMORY_ONLY,ACCEPTANCE_RETEST,STRUCTURAL,,3.0,10,10.0,70.0,20.0,10.0,-0.10436303209277283,0.8509099541531817,-0.14053830819860627,0.8060467383935478,1.6153134444949728,1.3999999999998636,9.0,-1.4053830819860627
S12_C6,sensitivity,0.12,6.0,MEMORY_ONLY,CLEAN_REJECTION,STRUCTURAL,,0.5,166,57.831325301204814,38.55421686746988,3.614457831325301,0.0,-0.10462150656573199,0.7346393886130957,-0.13449383470817974,0.6692292288295134,1.9501054947128296,1.1741428571424422,1.0,-22.325976561557837
S12_C6,sensitivity,0.12,6.0,MEMORY_ONLY,CLEAN_REJECTION,STRUCTURAL,,1.0,166,39.75903614457831,51.80722891566265,8.433734939759036,0.0,-0.12617820123431378,0.7629748247171285,-0.15605052937676153,0.7159275239777747,1.9501054947128296,1.1741428571424422,1.0,-25.904387876542415
S12_C6,sensitivity,0.12,6.0,MEMORY_ONLY,CLEAN_REJECTION,STRUCTURAL,,1.5,166,28.313253012048197,57.22891566265061,14.457831325301203,0.0,-0.1370307692205289,0.7685242319263605,-0.16690309736297668,0.7270007473610743,1.9501054947128296,1.1741428571424422,1.0,-27.70591416225413
S12_C6,sensitivity,0.12,6.0,MEMORY_ONLY,CLEAN_REJECTION,STRUCTURAL,,2.0,166,21.686746987951807,57.831325301204814,20.481927710843372,0.0,-0.056675147742929845,0.9052273487284441,-0.08654747588537764,0.8598634363613453,1.9501054947128296,1.1741428571424422,1.0,-14.36688099697269
S12_C6,sensitivity,0.12,6.0,MEMORY_ONLY,CLEAN_REJECTION,STRUCTURAL,,2.5,166,17.46987951807229,58.43373493975904,24.096385542168676,0.0,-0.022803115086460785,0.9622517534693258,-0.052675443228908575,0.9155733353233619,1.9501054947128296,1.1741428571424422,1.0,-8.744123575998824
S12_C6,sensitivity,0.12,6.0,MEMORY_ONLY,CLEAN_REJECTION,STRUCTURAL,,3.0,166,13.855421686746988,59.036144578313255,27.10843373493976,0.0,-0.0028924046324121377,0.9952591938519914,-0.03276473277485991,0.9480132364889254,1.9501054947128296,1.1741428571424422,1.0,-5.438945640626745
S12_C6,sensitivity,0.12,6.0,MEMORY_ONLY,FAILED_AUCTION,STRUCTURAL,,0.5,18,61.111111111111114,38.88888888888889,0.0,0.0,-0.08333333333332497,0.7857142857143071,-0.10129649467813036,0.7439842595373676,3.113399682901445,2.05935940278232,5.5,-1.8233369042063465
S12_C6,sensitivity,0.12,6.0,MEMORY_ONLY,FAILED_AUCTION,STRUCTURAL,,1.0,18,38.88888888888889,61.111111111111114,0.0,0.0,-0.2222222222222222,0.6363636363636364,-0.2401853835670276,0.6142515902158538,3.113399682901445,2.05935940278232,5.5,-4.323336904206497
S12_C6,sensitivity,0.12,6.0,MEMORY_ONLY,FAILED_AUCTION,STRUCTURAL,,1.5,18,33.33333333333333,66.66666666666666,0.0,0.0,-0.16666666666667027,0.7499999999999947,-0.18462982801147565,0.7282135349942608,3.113399682901445,2.05935940278232,5.5,-3.3233369042065615
S12_C6,sensitivity,0.12,6.0,MEMORY_ONLY,FAILED_AUCTION,STRUCTURAL,,2.0,18,22.22222222222222,72.22222222222221,5.555555555555555,0.0,-0.26144444444444254,0.6380000000000027,-0.2794076057892479,0.6204353362152127,3.113399682901445,2.05935940278232,5.5,-5.029336904206462
S12_C6,sensitivity,0.12,6.0,MEMORY_ONLY,FAILED_AUCTION,STRUCTURAL,,2.5,18,22.22222222222222,72.22222222222221,5.555555555555555,0.0,-0.1503333333333278,0.7918461538461614,-0.16829649467813315,0.771375577847201,3.113399682901445,2.05935940278232,5.5,-3.0293369042063967
S12_C6,sensitivity,0.12,6.0,MEMORY_ONLY,FAILED_AUCTION,STRUCTURAL,,3.0,18,16.666666666666664,72.22222222222221,11.11111111111111,0.0,-0.06037243906951685,0.916407392057592,-0.0783356004143222,0.8935840499056814,3.113399682901445,2.05935940278232,5.5,-1.4100408074577997
S12_C6,sensitivity,0.12,6.0,MEMORY_ONLY,PASSIVE_TOUCH,STRUCTURAL,,0.5,136,43.38235294117647,55.88235294117647,0.7352941176470588,25.735294117647058,-0.3966802163580347,0.3535114072543463,-0.4573896965233185,0.2939417509961766,0.9799999999997908,0.7139999999997144,3.0,-62.204998727171315
S12_C6,sensitivity,0.12,6.0,MEMORY_ONLY,PASSIVE_TOUCH,STRUCTURAL,,1.0,136,37.5,61.76470588235294,0.7352941176470588,25.0,-0.2974155104756897,0.5576908833270551,-0.3581249906409736,0.49576772648622186,0.9799999999997908,0.7139999999997144,3.0,-48.70499872717241
S12_C6,sensitivity,0.12,6.0,MEMORY_ONLY,PASSIVE_TOUCH,STRUCTURAL,,1.5,136,29.411764705882355,69.11764705882352,1.4705882352941175,25.0,-0.3024388000015796,0.5945561247427962,-0.36314828016686335,0.5392664505459906,0.9799999999997908,0.7139999999997144,3.0,-49.38816610269342
S12_C6,sensitivity,0.12,6.0,MEMORY_ONLY,PASSIVE_TOUCH,STRUCTURAL,,2.0,136,27.205882352941174,71.32352941176471,1.4705882352941175,25.0,-0.2215564470603958,0.7115164499122084,-0.28226592722567967,0.6521957817408727,0.9799999999997908,0.7139999999997144,3.0,-38.38816610269244
S12_C6,sensitivity,0.12,6.0,MEMORY_ONLY,PASSIVE_TOUCH,STRUCTURAL,,2.5,136,22.794117647058822,75.0,2.2058823529411766,25.0,-0.2273735543376831,0.7174671125950658,-0.28808303450296696,0.6613113251665068,0.9799999999997908,0.7139999999997144,3.0,-39.17929269240351
S12_C6,sensitivity,0.12,6.0,MEMORY_ONLY,PASSIVE_TOUCH,STRUCTURAL,,3.0,136,18.38235294117647,79.41176470588235,2.2058823529411766,25.0,-0.28987355433768824,0.6585247952842491,-0.3505830345029722,0.6092507749028342,0.9799999999997908,0.7139999999997144,3.0,-47.67929269240422
S12_C6,sensitivity,0.12,6.0,MEMORY_ONLY,RECLAIM_PULLBACK,STRUCTURAL,,0.5,148,62.16216216216216,37.16216216216216,0.6756756756756757,0.0,-0.06175049758401533,0.8342541316218118,-0.09586970077707811,0.7511663505354125,1.6614008206689732,1.1479999999994561,3.0,-14.188715715007561
S12_C6,sensitivity,0.12,6.0,MEMORY_ONLY,RECLAIM_PULLBACK,STRUCTURAL,,1.0,148,42.567567567567565,53.37837837837838,4.054054054054054,0.0,-0.10995669275499029,0.7962036560437475,-0.1440758959480531,0.7420617974122253,1.6614008206689732,1.1479999999994561,3.0,-21.323232600311858
S12_C6,sensitivity,0.12,6.0,MEMORY_ONLY,RECLAIM_PULLBACK,STRUCTURAL,,1.5,148,31.08108108108108,58.108108108108105,10.81081081081081,0.0,-0.09462363098908293,0.8405518500702667,-0.12874283418214574,0.7906078412311339,1.6614008206689732,1.1479999999994561,3.0,-19.05393945895757
S12_C6,sensitivity,0.12,6.0,MEMORY_ONLY,RECLAIM_PULLBACK,STRUCTURAL,,2.0,148,23.64864864864865,61.48648648648649,14.864864864864865,0.0,-0.1028898662190454,0.8365025284639893,-0.13700906941210816,0.7900053173199209,1.6614008206689732,1.1479999999994561,3.0,-20.27734227299201
S12_C6,sensitivity,0.12,6.0,MEMORY_ONLY,RECLAIM_PULLBACK,STRUCTURAL,,2.5,148,19.594594594594593,62.16216216216216,18.243243243243242,0.0,-0.04755023358091917,0.9252428054778491,-0.08166943677398199,0.8761491804091681,1.6614008206689732,1.1479999999994561,3.0,-12.087076642549334
S12_C6,sensitivity,0.12,6.0,MEMORY_ONLY,RECLAIM_PULLBACK,STRUCTURAL,,3.0,148,15.54054054054054,62.83783783783784,21.62162162162162,0.0,-0.016614660813078212,0.974153441052394,-0.05073386400614097,0.9238819809447967,1.6614008206689732,1.1479999999994561,3.0,-7.508611872908864
S12_C6,sensitivity,0.12,6.0,MEMORY_ONLY,TOUCH_NEXT_OPEN,VOL_FLOOR_0.25,0.25,0.5,221,60.633484162895925,37.10407239819005,2.262443438914027,0.4524886877828055,-0.07415673241306465,0.8034667757715872,-0.11608611389535861,0.7049241911209748,1.7077199547786677,0.2511735711310785,1.0,-25.655031170874253
S12_C6,sensitivity,0.12,6.0,MEMORY_ONLY,TOUCH_NEXT_OPEN,VOL_FLOOR_0.25,0.25,1.0,221,45.248868778280546,49.7737556561086,4.97737556561086,0.4524886877828055,-0.048687273481524476,0.9036770642214197,-0.09061665496381845,0.8283852857715547,1.7077199547786677,0.2511735711310785,1.0,-20.026280747003877
S12_C6,sensitivity,0.12,6.0,MEMORY_ONLY,TOUCH_NEXT_OPEN,VOL_FLOOR_0.25,0.25,1.5,221,34.38914027149321,56.56108597285068,9.049773755656108,0.4524886877828055,-0.03834821888420671,0.9334068332539956,-0.08027760036650072,0.8665394217180098,1.7077199547786677,0.2511735711310785,1.0,-17.74134968099666
S12_C6,sensitivity,0.12,6.0,MEMORY_ONLY,TOUCH_NEXT_OPEN,VOL_FLOOR_0.25,0.25,2.0,221,25.339366515837103,61.53846153846154,13.122171945701359,0.4524886877828055,-0.053328898488924976,0.9147599465030555,-0.09525827997121894,0.85432096471795,1.7077199547786677,0.2511735711310785,1.0,-21.052079873639386
S12_C6,sensitivity,0.12,6.0,MEMORY_ONLY,TOUCH_NEXT_OPEN,VOL_FLOOR_0.25,0.25,2.5,221,19.004524886877828,63.80090497737556,17.194570135746606,0.4524886877828055,-0.06409276005428527,0.9011360734702808,-0.10602214153657931,0.8435388777365131,1.7077199547786677,0.2511735711310785,1.0,-23.430893279584026
S12_C6,sensitivity,0.12,6.0,MEMORY_ONLY,TOUCH_NEXT_OPEN,VOL_FLOOR_0.25,0.25,3.0,221,15.384615384615385,65.15837104072398,19.457013574660635,0.4524886877828055,-0.054519848791848666,0.9176272263277889,-0.09644923027414264,0.8605947052824783,1.7077199547786677,0.2511735711310785,1.0,-21.315279890585522
S12_C6,sensitivity,0.12,6.0,MEMORY_ONLY,TOUCH_NEXT_OPEN,VOL_FLOOR_0.50,0.5,0.5,221,58.82352941176471,38.91402714932127,2.262443438914027,0.0,-0.10130605368003191,0.7438037894776169,-0.13735681447552572,0.6649762451551832,1.811157836766597,0.502347142262157,1.0,-30.355855999091187
S12_C6,sensitivity,0.12,6.0,MEMORY_ONLY,TOUCH_NEXT_OPEN,VOL_FLOOR_0.50,0.5,1.0,221,44.34389140271493,50.678733031674206,4.97737556561086,0.0,-0.06694494007011711,0.8698856612824323,-0.10299570086561094,0.8070440005744105,1.811157836766597,0.502347142262157,1.0,-22.762049891300016
S12_C6,sensitivity,0.12,6.0,MEMORY_ONLY,TOUCH_NEXT_OPEN,VOL_FLOOR_0.50,0.5,1.5,221,29.411764705882355,60.633484162895925,9.95475113122172,0.0,-0.14823427851656215,0.7595871385965562,-0.18428503931205595,0.7119381713643931,1.811157836766597,0.502347142262157,1.0,-40.72699368796437
S12_C6,sensitivity,0.12,6.0,MEMORY_ONLY,TOUCH_NEXT_OPEN,VOL_FLOOR_0.50,0.5,2.0,221,21.71945701357466,63.80090497737556,14.479638009049776,0.0,-0.13710290885370452,0.7885051067658797,-0.17315366964919834,0.7429774602216257,1.811157836766597,0.502347142262157,1.0,-38.26696099247283
S12_C6,sensitivity,0.12,6.0,MEMORY_ONLY,TOUCH_NEXT_OPEN,VOL_FLOOR_0.50,0.5,2.5,221,16.7420814479638,64.70588235294117,18.552036199095024,0.0,-0.11892831255052777,0.8190770859819705,-0.15497907334602157,0.7731421731538526,1.811157836766597,0.502347142262157,1.0,-34.25037520947077
S12_C6,sensitivity,0.12,6.0,MEMORY_ONLY,TOUCH_NEXT_OPEN,VOL_FLOOR_0.50,0.5,3.0,221,14.027149321266968,65.15837104072398,20.81447963800905,0.0,-0.08446852346003697,0.8723784691339833,-0.12051928425553077,0.8247798138768229,1.811157836766597,0.502347142262157,1.0,-26.6347618204723
S12_C6,sensitivity,0.12,6.0,MEMORY_ONLY,TOUCH_NEXT_OPEN,VOL_FLOOR_0.75,0.75,0.5,221,57.01357466063348,40.27149321266968,2.7149321266968327,0.0,-0.123102195310873,0.6986850374183997,-0.15468475043854718,0.6332772953958912,1.9449745160966359,0.6031355900498342,1.0,-34.185329846918926
S12_C6,sensitivity,0.12,6.0,MEMORY_ONLY,TOUCH_NEXT_OPEN,VOL_FLOOR_0.75,0.75,1.0,221,38.91402714932127,54.75113122171946,6.334841628959276,0.0,-0.16029258760510343,0.7122932411309919,-0.1918751427327776,0.6663830465346545,1.9449745160966359,0.6031355900498342,1.0,-42.40440654394385
S12_C6,sensitivity,0.12,6.0,MEMORY_ONLY,TOUCH_NEXT_OPEN,VOL_FLOOR_0.75,0.75,1.5,221,27.601809954751133,60.633484162895925,11.76470588235294,0.0,-0.17136663536891944,0.7229078630035214,-0.20294919049659366,0.6826746577768311,1.9449745160966359,0.6031355900498342,1.0,-44.8517710997472
S12_C6,sensitivity,0.12,6.0,MEMORY_ONLY,TOUCH_NEXT_OPEN,VOL_FLOOR_0.75,0.75,2.0,221,20.361990950226243,62.44343891402715,17.194570135746606,0.0,-0.145178969434651,0.7719269608670988,-0.17676152456232525,0.7315016160152882,1.9449745160966359,0.6031355900498342,1.0,-39.064296928273876
S12_C6,sensitivity,0.12,6.0,MEMORY_ONLY,TOUCH_NEXT_OPEN,VOL_FLOOR_0.75,0.75,2.5,221,16.289592760180994,64.25339366515837,19.457013574660635,0.0,-0.13713329713248978,0.7905344363376352,-0.16871585226016395,0.7508581940355441,1.9449745160966359,0.6031355900498342,1.0,-37.28620334949623
S12_C6,sensitivity,0.12,6.0,MEMORY_ONLY,TOUCH_NEXT_OPEN,VOL_FLOOR_0.75,0.75,3.0,221,12.669683257918551,64.25339366515837,23.076923076923077,0.0,-0.11137450042247837,0.8298799562438177,-0.14295705555015256,0.7888960727874911,1.9449745160966359,0.6031355900498342,1.0,-31.593509276583713
S12_C6,sensitivity,0.12,6.0,MEMORY_ONLY,TOUCH_NEXT_OPEN,VOL_FLOOR_1.00,1.0,0.5,221,55.203619909502265,42.081447963800905,2.7149321266968327,0.0,-0.15021062679884983,0.6478174926932512,-0.17759992566125074,0.594784169569683,2.2588669523242406,0.6973037850159669,1.0,-39.24958357113641
S12_C6,sensitivity,0.12,6.0,MEMORY_ONLY,TOUCH_NEXT_OPEN,VOL_FLOOR_1.00,1.0,1.0,221,36.65158371040724,56.10859728506787,7.239819004524888,0.0,-0.1946319577657373,0.658946539936056,-0.2220212566281382,0.6220432646047938,2.2588669523242406,0.6973037850159669,1.0,-49.066697714818545
S12_C6,sensitivity,0.12,6.0,MEMORY_ONLY,TOUCH_NEXT_OPEN,VOL_FLOOR_1.00,1.0,1.5,221,27.149321266968325,57.466063348416284,15.384615384615385,0.0,-0.1257672268550908,0.7853130023212617,-0.15315652571749178,0.7460459396666325,2.2588669523242406,0.6973037850159669,1.0,-33.84759218356568
S12_C6,sensitivity,0.12,6.0,MEMORY_ONLY,TOUCH_NEXT_OPEN,VOL_FLOOR_1.00,1.0,2.0,221,19.90950226244344,59.276018099547514,20.81447963800905,0.0,-0.12071550059711138,0.8016825837282616,-0.14810479945951233,0.7637645092756699,2.2588669523242406,0.6973037850159669,1.0,-32.73116068055222
S12_C6,sensitivity,0.12,6.0,MEMORY_ONLY,TOUCH_NEXT_OPEN,VOL_FLOOR_1.00,1.0,2.5,221,14.479638009049776,60.18099547511312,25.339366515837103,0.0,-0.1065109843143981,0.8275920184231168,-0.13390028317679908,0.7895978171631146,2.2588669523242406,0.6973037850159669,1.0,-29.591962582072597
S12_C6,sensitivity,0.12,6.0,MEMORY_ONLY,TOUCH_NEXT_OPEN,VOL_FLOOR_1.00,1.0,3.0,221,11.312217194570136,60.633484162895925,28.054298642533936,0.0,-0.0816414137644462,0.8688089699278593,-0.10903071262684713,0.8299162485162721,2.2588669523242406,0.6973037850159669,1.0,-24.095787490533215
S12_C6,sensitivity,0.12,6.0,OBJECTIVE_LIQUIDITY_ONLY,ACCEPTANCE_RETEST,STRUCTURAL,,0.5,34,44.11764705882353,55.88235294117647,0.0,29.411764705882355,-0.3451871657753873,0.38988657844992275,-0.38143478218150356,0.3486838953313096,1.637291802658865,1.363186503946963,7.0,-12.96878259417112
S12_C6,sensitivity,0.12,6.0,OBJECTIVE_LIQUIDITY_ONLY,ACCEPTANCE_RETEST,STRUCTURAL,,1.0,34,38.23529411764706,61.76470588235294,0.0,29.411764705882355,-0.24224598930480631,0.6121575342465817,-0.27849360571092263,0.5693052090865554,1.637291802658865,1.363186503946963,7.0,-9.468782594171369
S12_C6,sensitivity,0.12,6.0,OBJECTIVE_LIQUIDITY_ONLY,ACCEPTANCE_RETEST,STRUCTURAL,,1.5,34,32.35294117647059,67.64705882352942,0.0,29.411764705882355,-0.1981283422459878,0.7100938967136143,-0.23437595865210414,0.6689096396149586,1.637291802658865,1.363186503946963,7.0,-7.9687825941715404
S12_C6,sensitivity,0.12,6.0,OBJECTIVE_LIQUIDITY_ONLY,ACCEPTANCE_RETEST,STRUCTURAL,,2.0,34,29.411764705882355,70.58823529411765,0.0,29.411764705882355,-0.12459893048127686,0.8252063015754014,-0.1608465468873932,0.7821406802293022,1.637291802658865,1.363186503946963,7.0,-5.468782594171368
S12_C6,sensitivity,0.12,6.0,OBJECTIVE_LIQUIDITY_ONLY,ACCEPTANCE_RETEST,STRUCTURAL,,2.5,34,26.47058823529412,70.58823529411765,2.941176470588235,29.411764705882355,-0.04297231642101355,0.9397162552833488,-0.07921993282712986,0.8927002101569419,1.637291802658865,1.363186503946963,7.0,-2.6934777161224153
S12_C6,sensitivity,0.12,6.0,OBJECTIVE_LIQUIDITY_ONLY,ACCEPTANCE_RETEST,STRUCTURAL,,3.0,34,23.52941176470588,73.52941176470588,2.941176470588235,29.411764705882355,-0.028266434068073467,0.9619177004990649,-0.06451405047418979,0.916104047290648,1.637291802658865,1.363186503946963,7.0,-2.1934777161224526
S12_C6,sensitivity,0.12,6.0,OBJECTIVE_LIQUIDITY_ONLY,CLEAN_REJECTION,STRUCTURAL,,0.5,1403,64.86101211689237,24.66143977191732,10.477548111190305,0.0,0.05668974739543965,1.2076650822367367,0.028966654528466466,1.102796623627043,2.0974999999993997,1.3789999999999054,1.0,40.64021630343845
S12_C6,sensitivity,0.12,6.0,OBJECTIVE_LIQUIDITY_ONLY,CLEAN_REJECTION,STRUCTURAL,,1.0,1403,43.47826086956522,36.920883820384894,19.600855310049894,0.14255167498218105,0.06182917587417637,1.1532888317191419,0.03410608300720319,1.0818843523516466,2.0974999999993997,1.3789999999999054,1.0,47.85083445910608
S12_C6,sensitivity,0.12,6.0,OBJECTIVE_LIQUIDITY_ONLY,CLEAN_REJECTION,STRUCTURAL,,1.5,1403,29.080541696364932,43.121881682109766,27.797576621525305,0.2851033499643621,0.04151925372309043,1.088111605111453,0.01379616085611725,1.0283464613529767,2.0974999999993997,1.3789999999999054,1.0,19.356013681132502
S12_C6,sensitivity,0.12,6.0,OBJECTIVE_LIQUIDITY_ONLY,CLEAN_REJECTION,STRUCTURAL,,2.0,1403,21.097647897362794,44.47612259444049,34.42622950819672,0.21382751247327159,0.07281189402956141,1.149348427853991,0.045088801162588246,1.0895228717176952,2.0974999999993997,1.3789999999999054,1.0,63.25958803111131
S12_C6,sensitivity,0.12,6.0,OBJECTIVE_LIQUIDITY_ONLY,CLEAN_REJECTION,STRUCTURAL,,2.5,1403,15.039201710620102,46.04419101924447,38.91660727013542,0.21382751247327159,0.06504338608140742,1.1287168792708901,0.03732029321443423,1.071491358720975,2.0974999999993997,1.3789999999999054,1.0,52.36037137985123
S12_C6,sensitivity,0.12,6.0,OBJECTIVE_LIQUIDITY_ONLY,CLEAN_REJECTION,STRUCTURAL,,3.0,1403,10.620099786172489,46.82822523164647,42.55167498218104,0.21382751247327159,0.06191281645997287,1.1206240557704423,0.03418972359299969,1.0644796154261666,2.0974999999993997,1.3789999999999054,1.0,47.96818220097856
S12_C6,sensitivity,0.12,6.0,OBJECTIVE_LIQUIDITY_ONLY,FAILED_AUCTION,STRUCTURAL,,0.5,248,65.32258064516128,33.064516129032256,1.6129032258064515,0.8064516129032258,-0.013306259055071922,0.9608546368325162,-0.03280935897087373,0.9053579081068756,3.1439972022237725,1.634999999999991,6.0,-8.136721024776685
S12_C6,sensitivity,0.12,6.0,OBJECTIVE_LIQUIDITY_ONLY,FAILED_AUCTION,STRUCTURAL,,1.0,248,47.58064516129033,45.564516129032256,6.854838709677419,0.0,-0.0015191971991187455,0.9968409711607906,-0.021022297114920548,0.9571446856224632,3.1439972022237725,1.634999999999991,6.0,-5.213529684500296
S12_C6,sensitivity,0.12,6.0,OBJECTIVE_LIQUIDITY_ONLY,FAILED_AUCTION,STRUCTURAL,,1.5,248,34.67741935483871,51.61290322580645,13.709677419354838,0.0,0.010384443503146594,1.0190590323561821,-0.009118656412655194,0.9835995923691356,3.1439972022237725,1.634999999999991,6.0,-2.261426790338488
S12_C6,sensitivity,0.12,6.0,OBJECTIVE_LIQUIDITY_ONLY,FAILED_AUCTION,STRUCTURAL,,2.0,248,24.193548387096776,55.24193548387096,20.56451612903226,0.0,-0.005884706984697151,0.9899251229600726,-0.025387806900498962,0.9574164596150878,3.1439972022237725,1.634999999999991,6.0,-6.296176111323743
S12_C6,sensitivity,0.12,6.0,OBJECTIVE_LIQUIDITY_ONLY,FAILED_AUCTION,STRUCTURAL,,2.5,248,15.32258064516129,57.25806451612904,27.419354838709676,0.0,-0.044991057834065824,0.9255433524948753,-0.06449415774986764,0.8954342360601032,3.1439972022237725,1.634999999999991,6.0,-15.994551121967175
S12_C6,sensitivity,0.12,6.0,OBJECTIVE_LIQUIDITY_ONLY,FAILED_AUCTION,STRUCTURAL,,3.0,248,9.274193548387096,57.66129032258065,33.064516129032256,0.0,-0.06664738159645159,0.8910573573279895,-0.0861504815122534,0.8620676424511698,3.1439972022237725,1.634999999999991,6.0,-21.36531941503884
S12_C6,sensitivity,0.12,6.0,OBJECTIVE_LIQUIDITY_ONLY,PASSIVE_TOUCH,STRUCTURAL,,0.5,983,54.12004069175992,45.574771108850456,0.3051881993896236,24.008138351983725,-0.19437544380667515,0.5819724732290406,-0.2532400858544096,0.4856855828861044,0.9818526915451002,0.6620000000000346,2.0,-248.93500439488463
S12_C6,sensitivity,0.12,6.0,OBJECTIVE_LIQUIDITY_ONLY,PASSIVE_TOUCH,STRUCTURAL,,1.0,983,43.947100712105794,54.83214649033571,1.2207527975584944,23.09257375381485,-0.1206844962618215,0.7847590125471446,-0.179549138309556,0.697513629853077,0.9818526915451002,0.6620000000000346,2.0,-176.49680295829353
S12_C6,sensitivity,0.12,6.0,OBJECTIVE_LIQUIDITY_ONLY,PASSIVE_TOUCH,STRUCTURAL,,1.5,983,36.11393692777213,61.64801627670396,2.238046795523906,22.583926754832145,-0.08307119832977686,0.868171847000446,-0.1419358403775113,0.7872860455686788,0.9818526915451002,0.6620000000000346,2.0,-139.52293109109362
S12_C6,sensitivity,0.12,6.0,OBJECTIVE_LIQUIDITY_ONLY,PASSIVE_TOUCH,STRUCTURAL,,2.0,983,30.010172939979658,65.92065106815869,4.069175991861648,22.583926754832145,-0.05467888038869211,0.9187946990923699,-0.1135435224364266,0.8408286304610778,0.9818526915451002,0.6620000000000346,2.0,-111.61328255500734
S12_C6,sensitivity,0.12,6.0,OBJECTIVE_LIQUIDITY_ONLY,PASSIVE_TOUCH,STRUCTURAL,,2.5,983,26.551373346897257,67.95523906408953,5.493387589013224,22.380467955239062,0.005898509654199723,1.0085023752296811,-0.052966132393534746,0.9279395645844142,0.9818526915451002,0.6620000000000346,2.0,-52.065708142844656
S12_C6,sensitivity,0.12,6.0,OBJECTIVE_LIQUIDITY_ONLY,PASSIVE_TOUCH,STRUCTURAL,,3.0,983,22.278738555442523,71.31230925737539,6.408952187182096,22.278738555442523,-0.013039396038702931,0.9820781266259692,-0.07190403808643742,0.9067315501322575,0.9818526915451002,0.6620000000000346,2.0,-70.68166943896799
S12_C6,sensitivity,0.12,6.0,OBJECTIVE_LIQUIDITY_ONLY,RECLAIM_PULLBACK,STRUCTURAL,,0.5,1209,62.861869313482224,30.851943755169565,6.2861869313482215,2.0678246484698097,-0.007377244520733475,0.9773162522238209,-0.039617062138277016,0.8822903447429163,1.717820004197165,1.08400000000006,3.0,-47.89702812517691
S12_C6,sensitivity,0.12,6.0,OBJECTIVE_LIQUIDITY_ONLY,RECLAIM_PULLBACK,STRUCTURAL,,1.0,1209,45.07857733664185,42.018196856906535,12.903225806451612,1.9851116625310175,0.027423574696765887,1.0616211126345814,-0.004816242920777648,0.9895475416321431,1.717820004197165,1.08400000000006,3.0,-5.822837691220176
S12_C6,sensitivity,0.12,6.0,OBJECTIVE_LIQUIDITY_ONLY,RECLAIM_PULLBACK,STRUCTURAL,,1.5,1209,33.33333333333333,48.635235732009924,18.031430934656743,1.9851116625310175,0.03198832779299837,1.062141010945253,-0.0002514898245451706,0.9995282831866095,1.717820004197165,1.08400000000006,3.0,-0.30405119787511126
S12_C6,sensitivity,0.12,6.0,OBJECTIVE_LIQUIDITY_ONLY,RECLAIM_PULLBACK,STRUCTURAL,,2.0,1209,25.227460711331677,51.77832919768404,22.994210090984286,2.0678246484698097,0.0422467045946855,1.0769287444748188,0.01000688697714194,1.0175914725326742,1.717820004197165,1.08400000000006,3.0,12.098326355364605
S12_C6,sensitivity,0.12,6.0,OBJECTIVE_LIQUIDITY_ONLY,RECLAIM_PULLBACK,STRUCTURAL,,2.5,1209,19.35483870967742,54.25971877584781,26.38544251447477,2.0678246484698097,0.04060175172109716,1.0706973225274903,0.008361934103553622,1.014055748612169,1.717820004197165,1.08400000000006,3.0,10.109578331196328
S12_C6,sensitivity,0.12,6.0,OBJECTIVE_LIQUIDITY_ONLY,RECLAIM_PULLBACK,STRUCTURAL,,3.0,1209,14.722911497105045,55.4177005789909,29.859387923904052,2.0678246484698097,0.04137897403281013,1.0705528648217726,0.009139156415266586,1.0150415782849158,1.717820004197165,1.08400000000006,3.0,11.049240106057303
S12_C6,sensitivity,0.12,6.0,OBJECTIVE_LIQUIDITY_ONLY,TOUCH_NEXT_OPEN,VOL_FLOOR_0.25,0.25,0.5,1858,63.88589881593111,28.202368137782564,7.911733046286329,1.2378902045209903,0.023715519026960383,1.0790475354980618,-0.010339831100161097,0.9668252595168005,1.834711422789951,0.14353916864224797,1.0,-19.211406184099317
S12_C6,sensitivity,0.12,6.0,OBJECTIVE_LIQUIDITY_ONLY,TOUCH_NEXT_OPEN,VOL_FLOOR_0.25,0.25,1.0,1858,43.91819160387514,40.68891280947255,15.392895586652314,0.914962325080732,0.030841662774192407,1.0711231089836872,-0.0032136873529290772,0.992865352548853,1.834711422789951,0.14353916864224797,1.0,-5.971031101742225
S12_C6,sensitivity,0.12,6.0,OBJECTIVE_LIQUIDITY_ONLY,TOUCH_NEXT_OPEN,VOL_FLOOR_0.25,0.25,1.5,1858,31.16254036598493,47.093649085037676,21.743810548977397,0.5382131324004306,0.028101728315810936,1.056130480609824,-0.005953621811310544,0.9885523999730648,1.834711422789951,0.14353916864224797,1.0,-11.06182932541499
S12_C6,sensitivity,0.12,6.0,OBJECTIVE_LIQUIDITY_ONLY,TOUCH_NEXT_OPEN,VOL_FLOOR_0.25,0.25,2.0,1858,23.03552206673843,49.67707212055974,27.28740581270183,0.48439181916038754,0.04610577717434988,1.0870848586387227,0.012050427047228399,1.0218987281180947,1.834711422789951,0.14353916864224797,1.0,22.389693453750365
S12_C6,sensitivity,0.12,6.0,OBJECTIVE_LIQUIDITY_ONLY,TOUCH_NEXT_OPEN,VOL_FLOOR_0.25,0.25,2.5,1858,17.599569429494082,51.61463939720129,30.785791173304627,0.4305705059203444,0.04471752225066757,1.0812610145221115,0.010662172123546088,1.0186423049690652,1.834711422789951,0.14353916864224797,1.0,19.81031580554863
S12_C6,sensitivity,0.12,6.0,OBJECTIVE_LIQUIDITY_ONLY,TOUCH_NEXT_OPEN,VOL_FLOOR_0.25,0.25,3.0,1858,13.455328310010763,52.798708288482246,33.745963401507,0.32292787944025836,0.0439455934399084,1.07803207771696,0.00989024331278692,1.016896681330214,1.834711422789951,0.14353916864224797,1.0,18.376072075158095
S12_C6,sensitivity,0.12,6.0,OBJECTIVE_LIQUIDITY_ONLY,TOUCH_NEXT_OPEN,VOL_FLOOR_0.50,0.5,0.5,1858,63.93972012917115,28.14854682454252,7.911733046286329,0.914962325080732,0.02450080918519716,1.0818057789977922,-0.007044940487785173,0.9772717531454619,1.9315000000002556,0.28707833728449594,1.0,-13.089499426304851
S12_C6,sensitivity,0.12,6.0,OBJECTIVE_LIQUIDITY_ONLY,TOUCH_NEXT_OPEN,VOL_FLOOR_0.50,0.5,1.0,1858,43.59526372443487,40.85037674919268,15.554359526372444,0.6458557588805167,0.025860160523915345,1.0593644996791567,-0.005685589149066999,0.9873940009137041,1.9315000000002556,0.28707833728449594,1.0,-10.563824638966484
S12_C6,sensitivity,0.12,6.0,OBJECTIVE_LIQUIDITY_ONLY,TOUCH_NEXT_OPEN,VOL_FLOOR_0.50,0.5,1.5,1858,31.216361679224974,46.55543595263724,22.228202368137783,0.32292787944025836,0.035575437153921564,1.0717228341794596,0.004029687480939224,1.007845615924093,1.9315000000002556,0.28707833728449594,1.0,7.487159339585078
S12_C6,sensitivity,0.12,6.0,OBJECTIVE_LIQUIDITY_ONLY,TOUCH_NEXT_OPEN,VOL_FLOOR_0.50,0.5,2.0,1858,22.55113024757804,49.354144241119485,28.094725511302478,0.32292787944025836,0.04230552475822084,1.0802067662185804,0.01075977508523849,1.0196936480054735,1.9315000000002556,0.28707833728449594,1.0,19.991662108373117
S12_C6,sensitivity,0.12,6.0,OBJECTIVE_LIQUIDITY_ONLY,TOUCH_NEXT_OPEN,VOL_FLOOR_0.50,0.5,2.5,1858,16.576964477933263,51.29171151776103,32.131324004305704,0.32292787944025836,0.03155704766597082,1.057514687886593,1.1297992988481592e-05,1.0000198770282887,1.9315000000002556,0.28707833728449594,1.0,0.020991670972598797
S12_C6,sensitivity,0.12,6.0,OBJECTIVE_LIQUIDITY_ONLY,TOUCH_NEXT_OPEN,VOL_FLOOR_0.50,0.5,3.0,1858,12.32508073196986,52.42195909580194,35.25296017222821,0.2691065662002153,0.03004422862221259,1.053593779435649,-0.001501521050769759,0.9974144563067021,1.9315000000002556,0.28707833728449594,1.0,-2.7898261123302124
S12_C6,sensitivity,0.12,6.0,OBJECTIVE_LIQUIDITY_ONLY,TOUCH_NEXT_OPEN,VOL_FLOOR_0.75,0.75,0.5,1858,63.61679224973089,27.879440258342303,8.503767491926803,0.6458557588805167,0.0238783766627557,1.0799274313550717,-0.004145729491270353,0.9865430739714544,2.1686840464786874,0.4306175059267439,1.0,-7.702765394780317
S12_C6,sensitivity,0.12,6.0,OBJECTIVE_LIQUIDITY_ONLY,TOUCH_NEXT_OPEN,VOL_FLOOR_0.75,0.75,1.0,1858,42.734122712594186,39.77395048439182,17.491926803013992,0.2691065662002153,0.028967310299021096,1.067783076414272,0.0009432041449950492,1.0021387244721314,2.1686840464786874,0.4306175059267439,1.0,1.7524733014008014
S12_C6,sensitivity,0.12,6.0,OBJECTIVE_LIQUIDITY_ONLY,TOUCH_NEXT_OPEN,VOL_FLOOR_0.75,0.75,1.5,1858,29.009687836383208,45.47900968783639,25.511302475780408,0.3767491926803014,0.01780603471593231,1.0363550199210154,-0.010218071438093746,0.9797891419960896,2.1686840464786874,0.4306175059267439,1.0,-18.98517673197818
S12_C6,sensitivity,0.12,6.0,OBJECTIVE_LIQUIDITY_ONLY,TOUCH_NEXT_OPEN,VOL_FLOOR_0.75,0.75,2.0,1858,19.752421959095802,47.73950484391819,32.508073196986004,0.3767491926803014,0.020806705684536998,1.0403426721722233,-0.007217400469489061,0.9864452044495218,2.1686840464786874,0.4306175059267439,1.0,-13.409930072310676
S12_C6,sensitivity,0.12,6.0,OBJECTIVE_LIQUIDITY_ONLY,TOUCH_NEXT_OPEN,VOL_FLOOR_0.75,0.75,2.5,1858,13.778256189451021,49.2465016146394,36.97524219590958,0.32292787944025836,0.012175106357366867,1.0229008324636366,-0.01584899979665919,0.9711248380107587,2.1686840464786874,0.4306175059267439,1.0,-29.447441622192773
S12_C6,sensitivity,0.12,6.0,OBJECTIVE_LIQUIDITY_ONLY,TOUCH_NEXT_OPEN,VOL_FLOOR_0.75,0.75,3.0,1858,9.903121636167922,49.730893433799785,40.3659849300323,0.2152852529601722,0.015875225735925494,1.0295859806274827,-0.012148880418100569,0.9780720290385796,2.1686840464786874,0.4306175059267439,1.0,-22.57261981683086
S12_C6,sensitivity,0.12,6.0,OBJECTIVE_LIQUIDITY_ONLY,TOUCH_NEXT_OPEN,VOL_FLOOR_1.00,1.0,0.5,1858,62.43272335844995,27.717976318622174,9.84930032292788,0.48439181916038754,0.017208479504103032,1.0573878100469505,-0.007243197140031804,0.9765046884524923,2.5537269601435657,0.5741566745689919,1.0,-13.457860286179091
S12_C6,sensitivity,0.12,6.0,OBJECTIVE_LIQUIDITY_ONLY,TOUCH_NEXT_OPEN,VOL_FLOOR_1.00,1.0,1.0,1858,40.52744886975242,37.51345532831001,21.95909580193757,0.2691065662002153,0.030302625853923876,1.073577198403812,0.005850949209789042,1.0138054235815603,2.5537269601435657,0.5741566745689919,1.0,10.87106363178804
S12_C6,sensitivity,0.12,6.0,OBJECTIVE_LIQUIDITY_ONLY,TOUCH_NEXT_OPEN,VOL_FLOOR_1.00,1.0,1.5,1858,25.834230355220665,42.41119483315393,31.754574811625403,0.3767491926803014,0.016952508222949643,1.0363358394452498,-0.007499168421185185,0.9843832591043001,2.5537269601435657,0.5741566745689919,1.0,-13.933454926562074
S12_C6,sensitivity,0.12,6.0,OBJECTIVE_LIQUIDITY_ONLY,TOUCH_NEXT_OPEN,VOL_FLOOR_1.00,1.0,2.0,1858,16.254036598493002,43.91819160387514,39.82777179763186,0.32292787944025836,0.01587049002783852,1.0327330386669866,-0.008581186616296315,0.9828067308877395,2.5537269601435657,0.5741566745689919,1.0,-15.943844733078555
S12_C6,sensitivity,0.12,6.0,OBJECTIVE_LIQUIDITY_ONLY,TOUCH_NEXT_OPEN,VOL_FLOOR_1.00,1.0,2.5,1858,10.76426264800861,44.67168998923574,44.56404736275565,0.2691065662002153,0.01648753616367169,1.033454454948296,-0.00796414048046314,0.9843025302080126,2.5537269601435657,0.5741566745689919,1.0,-14.797373012700513
S12_C6,sensitivity,0.12,6.0,OBJECTIVE_LIQUIDITY_ONLY,TOUCH_NEXT_OPEN,VOL_FLOOR_1.00,1.0,3.0,1858,7.857911733046287,44.833153928955866,47.30893433799785,0.2152852529601722,0.03324593968250869,1.0672356853472098,0.008794263038373861,1.0172753554591667,2.5537269601435657,0.5741566745689919,1.0,16.339740725298636
S18_C9_STRESS,stress,0.18,9.0,DISPLACEMENT_ORIGIN_ONLY,ACCEPTANCE_RETEST,STRUCTURAL,,0.5,12,41.66666666666667,58.333333333333336,0.0,33.33333333333333,-0.3749999999999765,0.35714285714289745,-0.5139686354712965,0.22789089872193954,0.6101471930373918,0.42207881681474646,8.5,-6.167623625655557
S18_C9_STRESS,stress,0.18,9.0,DISPLACEMENT_ORIGIN_ONLY,ACCEPTANCE_RETEST,STRUCTURAL,,1.0,12,41.66666666666667,58.333333333333336,0.0,33.33333333333333,-0.16666666666666666,0.7142857142857143,-0.3056353021379867,0.5408595346752666,0.6101471930373918,0.42207881681474646,8.5,-3.66762362565584
S18_C9_STRESS,stress,0.18,9.0,DISPLACEMENT_ORIGIN_ONLY,ACCEPTANCE_RETEST,STRUCTURAL,,1.5,12,41.66666666666667,58.333333333333336,0.0,33.33333333333333,0.04166666666664317,1.0714285714285312,-0.09730196880467684,0.8538281706285937,0.6101471930373918,0.42207881681474646,8.5,-1.167623625656122
S18_C9_STRESS,stress,0.18,9.0,DISPLACEMENT_ORIGIN_ONLY,ACCEPTANCE_RETEST,STRUCTURAL,,2.0,12,33.33333333333333,66.66666666666666,0.0,33.33333333333333,0.0,1.0,-0.13896863547132,0.8156562853774086,0.6101471930373918,0.42207881681474646,8.5,-1.6676236256558399
S18_C9_STRESS,stress,0.18,9.0,DISPLACEMENT_ORIGIN_ONLY,ACCEPTANCE_RETEST,STRUCTURAL,,2.5,12,33.33333333333333,66.66666666666666,0.0,33.33333333333333,0.16666666666669627,1.2500000000000444,0.02769803119537632,1.0367418010615916,0.6101471930373918,0.42207881681474646,8.5,0.33237637434451583
S18_C9_STRESS,stress,0.18,9.0,DISPLACEMENT_ORIGIN_ONLY,ACCEPTANCE_RETEST,STRUCTURAL,,3.0,12,25.0,75.0,0.0,33.33333333333333,0.0,1.0,-0.13896863547131996,0.8361959656386216,0.6101471930373918,0.42207881681474646,8.5,-1.6676236256558397
S18_C9_STRESS,stress,0.18,9.0,DISPLACEMENT_ORIGIN_ONLY,CLEAN_REJECTION,STRUCTURAL,,0.5,935,59.144385026737964,23.9572192513369,16.898395721925134,0.10695187165775401,0.028081946994011096,1.1019389121764604,-0.0026426811230478545,0.990739219812496,3.5464999999996962,0.6514999999997144,1.0,-2.4709068500497438
S18_C9_STRESS,stress,0.18,9.0,DISPLACEMENT_ORIGIN_ONLY,CLEAN_REJECTION,STRUCTURAL,,1.0,935,36.25668449197861,31.978609625668447,31.76470588235294,0.0,0.046487099043119366,1.1256163811542856,0.01576247092606041,1.0410513208804804,3.5464999999996962,0.6514999999997144,1.0,14.737910315866483
S18_C9_STRESS,stress,0.18,9.0,DISPLACEMENT_ORIGIN_ONLY,CLEAN_REJECTION,STRUCTURAL,,1.5,935,23.315508021390375,36.25668449197861,40.42780748663102,0.0,0.04715502523141641,1.1133388906519242,0.016430397114357467,1.0380335852998588,3.5464999999996962,0.6514999999997144,1.0,15.362421301924233
S18_C9_STRESS,stress,0.18,9.0,DISPLACEMENT_ORIGIN_ONLY,CLEAN_REJECTION,STRUCTURAL,,2.0,935,16.577540106951872,37.54010695187166,45.88235294117647,0.0,0.07214963311335222,1.1678423137744223,0.04142500499629327,1.0927435449789915,3.5464999999996962,0.6514999999997144,1.0,38.73237967153421
S18_C9_STRESS,stress,0.18,9.0,DISPLACEMENT_ORIGIN_ONLY,CLEAN_REJECTION,STRUCTURAL,,2.5,935,12.513368983957218,38.18181818181819,49.3048128342246,0.0,0.10323331870801013,1.2366202491151632,0.07250869059095118,1.159940069908017,3.5464999999996962,0.6514999999997144,1.0,67.79562570253935
S18_C9_STRESS,stress,0.18,9.0,DISPLACEMENT_ORIGIN_ONLY,CLEAN_REJECTION,STRUCTURAL,,3.0,935,9.197860962566844,38.82352941176471,51.97860962566845,0.10695187165775401,0.10523777196421423,1.2375487182058917,0.07451314384715528,1.161773222900651,3.5464999999996962,0.6514999999997144,1.0,69.66978949709019
S18_C9_STRESS,stress,0.18,9.0,DISPLACEMENT_ORIGIN_ONLY,FAILED_AUCTION,STRUCTURAL,,0.5,177,57.6271186440678,42.3728813559322,0.0,0.0,-0.13559322033898685,0.679999999999991,-0.19125579234063325,0.5726501706187238,1.8799999999998818,0.4799999999997908,3.0,-33.85227524429209
S18_C9_STRESS,stress,0.18,9.0,DISPLACEMENT_ORIGIN_ONLY,FAILED_AUCTION,STRUCTURAL,,1.0,177,41.80790960451977,56.49717514124294,1.694915254237288,0.0,-0.14863255721495117,0.738274841218861,-0.20429512921659757,0.6598691236754528,1.8799999999998818,0.4799999999997908,3.0,-36.16023787133777
S18_C9_STRESS,stress,0.18,9.0,DISPLACEMENT_ORIGIN_ONLY,FAILED_AUCTION,STRUCTURAL,,1.5,177,29.943502824858758,62.71186440677966,7.344632768361582,0.5649717514124294,-0.15198155728933396,0.759197582404527,-0.20764412929098044,0.6898506097778114,1.8799999999998818,0.4799999999997908,3.0,-36.75301088450354
S18_C9_STRESS,stress,0.18,9.0,DISPLACEMENT_ORIGIN_ONLY,FAILED_AUCTION,STRUCTURAL,,2.0,177,23.728813559322035,66.10169491525424,10.16949152542373,0.0,-0.12832887186358294,0.8070371987609394,-0.18399144386522934,0.739032487110368,1.8799999999998818,0.4799999999997908,3.0,-32.566485564145594
S18_C9_STRESS,stress,0.18,9.0,DISPLACEMENT_ORIGIN_ONLY,FAILED_AUCTION,STRUCTURAL,,2.5,177,18.64406779661017,67.79661016949152,13.559322033898304,0.0,-0.10606483171799969,0.8444782976583429,-0.1617274037196461,0.7764215033484161,1.8799999999998818,0.4799999999997908,3.0,-28.62575045837736
S18_C9_STRESS,stress,0.18,9.0,DISPLACEMENT_ORIGIN_ONLY,FAILED_AUCTION,STRUCTURAL,,3.0,177,14.124293785310735,68.92655367231639,16.94915254237288,0.0,-0.1078098324480369,0.844496048648846,-0.1634724044496833,0.7776266939877013,1.8799999999998818,0.4799999999997908,3.0,-28.934615587593946
S18_C9_STRESS,stress,0.18,9.0,DISPLACEMENT_ORIGIN_ONLY,PASSIVE_TOUCH,STRUCTURAL,,0.5,470,52.55319148936171,47.02127659574468,0.425531914893617,22.127659574468083,-0.20716138634786688,0.5599339203843378,-0.31392084483196314,0.40511531031341946,0.9528587486071274,0.3624999999999545,4.0,-147.54279707102268
S18_C9_STRESS,stress,0.18,9.0,DISPLACEMENT_ORIGIN_ONLY,PASSIVE_TOUCH,STRUCTURAL,,1.0,470,40.0,59.361702127659576,0.6382978723404255,20.851063829787233,-0.193935904349217,0.6739253367531223,-0.3006953628333133,0.5455085905831779,0.9528587486071274,0.3624999999999545,4.0,-141.32682053165723
S18_C9_STRESS,stress,0.18,9.0,DISPLACEMENT_ORIGIN_ONLY,PASSIVE_TOUCH,STRUCTURAL,,1.5,470,35.74468085106383,63.61702127659574,0.6382978723404255,20.425531914893615,-0.10031888307262038,0.8425907213821643,-0.20707834155671667,0.7076753443360887,0.9528587486071274,0.3624999999999545,4.0,-97.32682053165684
S18_C9_STRESS,stress,0.18,9.0,DISPLACEMENT_ORIGIN_ONLY,PASSIVE_TOUCH,STRUCTURAL,,2.0,470,30.0,67.02127659574468,2.9787234042553195,20.425531914893615,-0.05183489741111751,0.9230152601810401,-0.15859435589521376,0.7878666354076143,0.9528587486071274,0.3624999999999545,4.0,-74.53934727075047
S18_C9_STRESS,stress,0.18,9.0,DISPLACEMENT_ORIGIN_ONLY,PASSIVE_TOUCH,STRUCTURAL,,2.5,470,24.25531914893617,70.85106382978724,4.8936170212765955,20.425531914893615,-0.05724132178102797,0.9195610276376404,-0.1640007802651242,0.7924108114498992,0.9528587486071274,0.3624999999999545,4.0,-77.08036672460838
S18_C9_STRESS,stress,0.18,9.0,DISPLACEMENT_ORIGIN_ONLY,PASSIVE_TOUCH,STRUCTURAL,,3.0,470,19.78723404255319,74.25531914893617,5.957446808510639,20.0,-0.08871105622178278,0.8810292516402903,-0.19547051470587906,0.7640270501610962,0.9528587486071274,0.3624999999999545,4.0,-91.87114191176316
S18_C9_STRESS,stress,0.18,9.0,DISPLACEMENT_ORIGIN_ONLY,RECLAIM_PULLBACK,STRUCTURAL,,0.5,810,57.28395061728395,31.48148148148148,11.234567901234568,3.2098765432098766,-0.04474881522789132,0.8672003560944044,-0.0894983970405616,0.7482159147060758,2.6644999999998618,0.38149999999996,3.0,-72.4937016028549
S18_C9_STRESS,stress,0.18,9.0,DISPLACEMENT_ORIGIN_ONLY,RECLAIM_PULLBACK,STRUCTURAL,,1.0,810,37.77777777777778,40.617283950617285,21.604938271604937,3.0864197530864197,-0.0201035186944722,0.9540822461532878,-0.06485310050714246,0.8594552195123595,2.6644999999998618,0.38149999999996,3.0,-52.531011410785396
S18_C9_STRESS,stress,0.18,9.0,DISPLACEMENT_ORIGIN_ONLY,RECLAIM_PULLBACK,STRUCTURAL,,1.5,810,26.543209876543212,45.06172839506173,28.39506172839506,3.0864197530864197,-0.00998409307479395,0.9794957068806757,-0.05473367488746424,0.8933987297932671,2.6644999999998618,0.38149999999996,3.0,-44.33427665884603
S18_C9_STRESS,stress,0.18,9.0,DISPLACEMENT_ORIGIN_ONLY,RECLAIM_PULLBACK,STRUCTURAL,,2.0,810,18.51851851851852,48.02469135802469,33.45679012345679,3.2098765432098766,-0.024080140184880448,0.9535865347838309,-0.06882972199755072,0.8743274314464563,2.6644999999998618,0.38149999999996,3.0,-55.752074818016084
S18_C9_STRESS,stress,0.18,9.0,DISPLACEMENT_ORIGIN_ONLY,RECLAIM_PULLBACK,STRUCTURAL,,2.5,810,14.444444444444443,48.888888888888886,36.666666666666664,3.0864197530864197,0.007527757468574658,1.014271713745181,-0.03722182434409563,0.933162784833906,2.6644999999998618,0.38149999999996,3.0,-30.149677718717456
S18_C9_STRESS,stress,0.18,9.0,DISPLACEMENT_ORIGIN_ONLY,RECLAIM_PULLBACK,STRUCTURAL,,3.0,810,11.358024691358025,49.629629629629626,39.01234567901234,3.0864197530864197,0.02559117035912563,1.0478458253932708,-0.01915841145354465,0.9660807451844834,2.6644999999998618,0.38149999999996,3.0,-15.518313277371165
S18_C9_STRESS,stress,0.18,9.0,DISPLACEMENT_ORIGIN_ONLY,TOUCH_NEXT_OPEN,VOL_FLOOR_0.25,0.25,0.5,1163,60.87704213241617,26.225279449699052,12.89767841788478,0.7738607050730868,0.021402685258189506,1.0740839102224389,-0.020308338464265798,0.933124215141365,2.88799999999992,0.37334689168777524,1.0,-23.618597633941125
S18_C9_STRESS,stress,0.18,9.0,DISPLACEMENT_ORIGIN_ONLY,TOUCH_NEXT_OPEN,VOL_FLOOR_0.25,0.25,1.0,1163,39.29492691315563,35.94153052450559,24.763542562338777,0.5159071367153912,0.03647789414630878,1.0915960025611624,-0.005233129576146524,0.9875040539885064,2.88799999999992,0.37334689168777524,1.0,-6.086129697058407
S18_C9_STRESS,stress,0.18,9.0,DISPLACEMENT_ORIGIN_ONLY,TOUCH_NEXT_OPEN,VOL_FLOOR_0.25,0.25,1.5,1163,26.741186586414443,41.0146173688736,32.244196044711956,0.34393809114359414,0.04459639327937469,1.0987738836272243,0.002885369556919383,1.0060752810205817,2.88799999999992,0.37334689168777524,1.0,3.3556847946972423
S18_C9_STRESS,stress,0.18,9.0,DISPLACEMENT_ORIGIN_ONLY,TOUCH_NEXT_OPEN,VOL_FLOOR_0.25,0.25,2.0,1163,18.916595012897677,43.93809114359416,37.14531384350817,0.17196904557179707,0.04288923494730271,1.0890693820973778,0.0011782112248473978,1.0023227470767087,2.88799999999992,0.37334689168777524,1.0,1.3702596544975236
S18_C9_STRESS,stress,0.18,9.0,DISPLACEMENT_ORIGIN_ONLY,TOUCH_NEXT_OPEN,VOL_FLOOR_0.25,0.25,2.5,1163,14.10146173688736,45.14187446259673,40.75666380051591,0.08598452278589853,0.05792523063499186,1.1172260476908802,0.016214206912536548,1.031139423332005,2.88799999999992,0.37334689168777524,1.0,18.857122639280004
S18_C9_STRESS,stress,0.18,9.0,DISPLACEMENT_ORIGIN_ONLY,TOUCH_NEXT_OPEN,VOL_FLOOR_0.25,0.25,3.0,1163,11.17798796216681,45.915735167669816,42.90627687016337,0.08598452278589853,0.07323031593726226,1.1459134654949459,0.03151929221480693,1.0595730769008715,2.88799999999992,0.37334689168777524,1.0,36.656936845820454
S18_C9_STRESS,stress,0.18,9.0,DISPLACEMENT_ORIGIN_ONLY,TOUCH_NEXT_OPEN,VOL_FLOOR_0.50,0.5,0.5,1163,61.392949269131556,25.709372312983664,12.89767841788478,0.4299226139294927,0.02914573433131567,1.1027219006788858,-0.006435531712109603,0.9782433336725629,3.0766277677407743,0.5384999999998854,1.0,-7.484523381183468
S18_C9_STRESS,stress,0.18,9.0,DISPLACEMENT_ORIGIN_ONLY,TOUCH_NEXT_OPEN,VOL_FLOOR_0.50,0.5,1.0,1163,38.435081685296645,36.371453138435086,25.19346517626827,0.17196904557179707,0.024034478302209686,1.0596212538430911,-0.01154678774121559,0.97254634477047,3.0766277677407743,0.5384999999998854,1.0,-13.428914143033731
S18_C9_STRESS,stress,0.18,9.0,DISPLACEMENT_ORIGIN_ONLY,TOUCH_NEXT_OPEN,VOL_FLOOR_0.50,0.5,1.5,1163,25.709372312983664,40.84264832330181,33.44797936371453,0.17196904557179707,0.036220551863561413,1.0804193893782257,0.0006392858201361444,1.00135994500066,3.0766277677407743,0.5384999999998854,1.0,0.7434894088183359
S18_C9_STRESS,stress,0.18,9.0,DISPLACEMENT_ORIGIN_ONLY,TOUCH_NEXT_OPEN,VOL_FLOOR_0.50,0.5,2.0,1163,19.002579535683576,42.648323301805675,38.349097162510745,0.0,0.06244531546798211,1.1330777388906927,0.026864049424556825,1.05482701191269,3.0766277677407743,0.5384999999998854,1.0,31.242889480759587
S18_C9_STRESS,stress,0.18,9.0,DISPLACEMENT_ORIGIN_ONLY,TOUCH_NEXT_OPEN,VOL_FLOOR_0.50,0.5,2.5,1163,13.671539122957869,43.85210662080826,42.476354256233876,0.08598452278589853,0.07518834767492825,1.156083282884108,0.03960708163150295,1.0787167320406348,3.0766277677407743,0.5384999999998854,1.0,46.06303593743793
S18_C9_STRESS,stress,0.18,9.0,DISPLACEMENT_ORIGIN_ONLY,TOUCH_NEXT_OPEN,VOL_FLOOR_0.50,0.5,3.0,1163,10.146173688736027,44.62596732588134,45.22785898538263,0.08598452278589853,0.08047161133307101,1.1644096281142096,0.044890345289645715,1.087768350336094,3.0766277677407743,0.5384999999998854,1.0,52.207471571857965
S18_C9_STRESS,stress,0.18,9.0,DISPLACEMENT_ORIGIN_ONLY,TOUCH_NEXT_OPEN,VOL_FLOOR_0.75,0.75,0.5,1163,61.049011177987964,25.45141874462597,13.49957007738607,0.34393809114359414,0.028268220042554772,1.0997812807404523,-0.001972137402275861,0.9932810279174271,3.446520718980537,0.774757658516369,1.0,-2.2935957988468267
S18_C9_STRESS,stress,0.18,9.0,DISPLACEMENT_ORIGIN_ONLY,TOUCH_NEXT_OPEN,VOL_FLOOR_0.75,0.75,1.0,1163,36.97334479793637,35.597592433361996,27.429062768701634,0.17196904557179707,0.018534211321296245,1.0465260069407134,-0.011706146123534392,0.9716678431657274,3.446520718980537,0.774757658516369,1.0,-13.614247941670497
S18_C9_STRESS,stress,0.18,9.0,DISPLACEMENT_ORIGIN_ONLY,TOUCH_NEXT_OPEN,VOL_FLOOR_0.75,0.75,1.5,1163,23.989681857265694,38.607050730868444,37.40326741186586,0.0,0.0464519174374562,1.1077020297885363,0.01621155999262556,1.0362236443796329,3.446520718980537,0.774757658516369,1.0,18.854044271423525
S18_C9_STRESS,stress,0.18,9.0,DISPLACEMENT_ORIGIN_ONLY,TOUCH_NEXT_OPEN,VOL_FLOOR_0.75,0.75,2.0,1163,16.33705932932072,40.32674118658641,43.336199484092866,0.08598452278589853,0.05944427906275599,1.1323900227573613,0.029203921617925347,1.062660855234248,3.446520718980537,0.774757658516369,1.0,33.96416084164718
S18_C9_STRESS,stress,0.18,9.0,DISPLACEMENT_ORIGIN_ONLY,TOUCH_NEXT_OPEN,VOL_FLOOR_0.75,0.75,2.5,1163,11.435941530524506,41.1865864144454,47.3774720550301,0.08598452278589853,0.06897939601829879,1.1505485452340314,0.038739038573468144,1.0814459580076692,3.446520718980537,0.774757658516369,1.0,45.05350186094345
S18_C9_STRESS,stress,0.18,9.0,DISPLACEMENT_ORIGIN_ONLY,TOUCH_NEXT_OPEN,VOL_FLOOR_0.75,0.75,3.0,1163,7.65262252794497,41.53052450558899,50.81685296646603,0.08598452278589853,0.07267495992986088,1.1573380633073955,0.04243460248503024,1.0884941281268004,3.446520718980537,0.774757658516369,1.0,49.35144269009017
S18_C9_STRESS,stress,0.18,9.0,DISPLACEMENT_ORIGIN_ONLY,TOUCH_NEXT_OPEN,VOL_FLOOR_1.00,1.0,0.5,1163,58.5554600171969,25.537403267411868,15.907136715391228,0.2579535683576956,0.01221272012607873,1.042312893629712,-0.013844429055795486,0.9535201046641931,3.9829999999999472,1.0330102113551587,1.0,-16.10107099189015
S18_C9_STRESS,stress,0.18,9.0,DISPLACEMENT_ORIGIN_ONLY,TOUCH_NEXT_OPEN,VOL_FLOOR_1.00,1.0,1.0,1163,34.909716251074805,32.93207222699914,32.158211521926056,0.0,0.02508230824233765,1.0664503252442907,-0.0009748409395365676,0.9975011507065962,3.9829999999999472,1.0330102113551587,1.0,-1.1337400126810282
S18_C9_STRESS,stress,0.18,9.0,DISPLACEMENT_ORIGIN_ONLY,TOUCH_NEXT_OPEN,VOL_FLOOR_1.00,1.0,1.5,1163,21.066208082545142,35.85554600171969,43.07824591573517,0.08598452278589853,0.039383872368938484,1.0963095744817404,0.013326723187064264,1.031520050315407,3.9829999999999472,1.0330102113551587,1.0,15.498979066555739
S18_C9_STRESS,stress,0.18,9.0,DISPLACEMENT_ORIGIN_ONLY,TOUCH_NEXT_OPEN,VOL_FLOOR_1.00,1.0,2.0,1163,13.843508168529665,36.97334479793637,49.18314703353396,0.08598452278589853,0.050531360988991074,1.119877748055554,0.02447421180711685,1.0561518073281377,3.9829999999999472,1.0330102113551587,1.0,28.4635083316769
S18_C9_STRESS,stress,0.18,9.0,DISPLACEMENT_ORIGIN_ONLY,TOUCH_NEXT_OPEN,VOL_FLOOR_1.00,1.0,2.5,1163,8.770421324161651,37.48925193465176,53.740326741186585,0.08598452278589853,0.05442929658533684,1.1274275346420561,0.028372147403462597,1.064232380940536,3.9829999999999472,1.0330102113551587,1.0,32.996807430227
S18_C9_STRESS,stress,0.18,9.0,DISPLACEMENT_ORIGIN_ONLY,TOUCH_NEXT_OPEN,VOL_FLOOR_1.00,1.0,3.0,1163,6.104901117798796,37.66122098022356,56.23387790197765,0.17196904557179707,0.06692115914828461,1.155992415193121,0.04086400996641038,1.0920919358309307,3.9829999999999472,1.0330102113551587,1.0,47.524843590935276
S18_C9_STRESS,stress,0.18,9.0,DOZ_OBJECTIVE_ONLY,ACCEPTANCE_RETEST,STRUCTURAL,,0.5,5,60.0,40.0,0.0,20.0,-0.10000000000003409,0.7499999999999147,-0.2204485993654497,0.5038929072169012,1.2746661814333038,0.3665000000000873,7.0,-1.1022429968272485
S18_C9_STRESS,stress,0.18,9.0,DOZ_OBJECTIVE_ONLY,ACCEPTANCE_RETEST,STRUCTURAL,,1.0,5,60.0,40.0,0.0,20.0,0.2,1.5,0.07955140063458441,1.1790259235452083,1.2746661814333038,0.3665000000000873,7.0,0.39775700317292206
S18_C9_STRESS,stress,0.18,9.0,DOZ_OBJECTIVE_ONLY,ACCEPTANCE_RETEST,STRUCTURAL,,1.5,5,60.0,40.0,0.0,20.0,0.5000000000000341,2.2500000000000853,0.3795514006346185,1.8541589398735154,1.2746661814333038,0.3665000000000873,7.0,1.8977570031730926
S18_C9_STRESS,stress,0.18,9.0,DOZ_OBJECTIVE_ONLY,ACCEPTANCE_RETEST,STRUCTURAL,,2.0,5,60.0,40.0,0.0,20.0,0.8,3.0,0.6795514006345844,2.5292919562016696,1.2746661814333038,0.3665000000000873,7.0,3.397757003172922
S18_C9_STRESS,stress,0.18,9.0,DOZ_OBJECTIVE_ONLY,ACCEPTANCE_RETEST,STRUCTURAL,,2.5,5,60.0,40.0,0.0,20.0,1.099999999999966,3.7499999999999147,0.9795514006345503,3.2044249725298233,1.2746661814333038,0.3665000000000873,7.0,4.897757003172751
S18_C9_STRESS,stress,0.18,9.0,DOZ_OBJECTIVE_ONLY,ACCEPTANCE_RETEST,STRUCTURAL,,3.0,5,40.0,60.0,0.0,20.0,0.6,2.0,0.47955140063458435,1.7282722248417544,1.2746661814333038,0.3665000000000873,7.0,2.397757003172922
S18_C9_STRESS,stress,0.18,9.0,DOZ_OBJECTIVE_ONLY,CLEAN_REJECTION,STRUCTURAL,,0.5,17,64.70588235294117,29.411764705882355,5.88235294117647,0.0,-9.638339834879894e-05,0.9997021764031504,-0.047762282765133966,0.858248469795726,2.0254412169724674,0.7434999999998126,1.0,-0.8119588070072774
S18_C9_STRESS,stress,0.18,9.0,DOZ_OBJECTIVE_ONLY,CLEAN_REJECTION,STRUCTURAL,,1.0,17,58.82352941176471,35.294117647058826,5.88235294117647,0.0,0.20578596954284673,1.5380738213399527,0.15812007017606156,1.392778906827171,2.0254412169724674,0.7434999999998126,1.0,2.6880411929930466
S18_C9_STRESS,stress,0.18,9.0,DOZ_OBJECTIVE_ONLY,CLEAN_REJECTION,STRUCTURAL,,1.5,17,41.17647058823529,47.05882352941176,11.76470588235294,0.0,0.0996588786849904,1.1923960478371014,0.05199297931820529,1.0952617045356994,2.0254412169724674,0.7434999999998126,1.0,0.8838806484094899
S18_C9_STRESS,stress,0.18,9.0,DOZ_OBJECTIVE_ONLY,CLEAN_REJECTION,STRUCTURAL,,2.0,17,29.411764705882355,47.05882352941176,23.52941176470588,0.0,0.22026091193269948,1.425223818570113,0.17259501256591428,1.3162291391451844,2.0254412169724674,0.7434999999998126,1.0,2.934115213620543
S18_C9_STRESS,stress,0.18,9.0,DOZ_OBJECTIVE_ONLY,CLEAN_REJECTION,STRUCTURAL,,2.5,17,23.52941176470588,47.05882352941176,29.411764705882355,0.0,0.3247409473596681,1.6269273311850567,0.2770750479928829,1.5076577973070808,2.0254412169724674,0.7434999999998126,1.0,4.710275815879009
S18_C9_STRESS,stress,0.18,9.0,DOZ_OBJECTIVE_ONLY,CLEAN_REJECTION,STRUCTURAL,,3.0,17,17.647058823529413,47.05882352941176,35.294117647058826,0.0,0.3951143021810636,1.7627863285903098,0.34744840281427836,1.6365960851700032,2.0254412169724674,0.7434999999998126,1.0,5.9066228478427325
S18_C9_STRESS,stress,0.18,9.0,DOZ_OBJECTIVE_ONLY,FAILED_AUCTION,STRUCTURAL,,0.5,27,62.96296296296296,37.03703703703704,0.0,0.0,-0.05555555555556256,0.8499999999999812,-0.09521668157652288,0.7525945229889944,2.5421636254618534,0.8299999999999272,2.0,-2.570850402566118
S18_C9_STRESS,stress,0.18,9.0,DOZ_OBJECTIVE_ONLY,FAILED_AUCTION,STRUCTURAL,,1.0,27,51.85185185185185,48.148148148148145,0.0,0.0,0.037037037037037035,1.0769230769230769,-0.0026240889839233006,0.9947511508643374,2.5421636254618534,0.8299999999999272,2.0,-0.07085040256592912
S18_C9_STRESS,stress,0.18,9.0,DOZ_OBJECTIVE_ONLY,FAILED_AUCTION,STRUCTURAL,,1.5,27,48.148148148148145,48.148148148148145,3.7037037037037033,0.0,0.2672672999431107,1.5550936229587684,0.22760617392215043,1.455270563072373,2.5421636254618534,0.8299999999999272,2.0,6.145366695898062
S18_C9_STRESS,stress,0.18,9.0,DOZ_OBJECTIVE_ONLY,FAILED_AUCTION,STRUCTURAL,,2.0,27,40.74074074074074,51.85185185185185,7.4074074074074066,0.0,0.3190709125281985,1.6109304202625856,0.27940978650723824,1.5137835765263972,2.5421636254618534,0.8299999999999272,2.0,7.544064235695433
S18_C9_STRESS,stress,0.18,9.0,DOZ_OBJECTIVE_ONLY,FAILED_AUCTION,STRUCTURAL,,2.5,27,25.925925925925924,62.96296296296296,11.11111111111111,0.0,0.03551937810130358,1.0555723725921626,-0.004141747919656758,0.9937921340484431,2.5421636254618534,0.8299999999999272,2.0,-0.11182719383073247
S18_C9_STRESS,stress,0.18,9.0,DOZ_OBJECTIVE_ONLY,FAILED_AUCTION,STRUCTURAL,,3.0,27,11.11111111111111,62.96296296296296,25.925925925925924,0.0,-0.04566608428407823,0.9285524469650902,-0.08532721030503856,0.8721071649290847,2.5421636254618534,0.8299999999999272,2.0,-2.3038346782360413
S18_C9_STRESS,stress,0.18,9.0,DOZ_OBJECTIVE_ONLY,PASSIVE_TOUCH,STRUCTURAL,,0.5,42,26.190476190476193,73.80952380952381,0.0,61.904761904761905,-0.6071428571428612,0.17741935483870414,-0.7491505805431041,0.11791319256691825,0.6841672861675079,0.3632500000001073,0.0,-31.464324382810375
S18_C9_STRESS,stress,0.18,9.0,DOZ_OBJECTIVE_ONLY,PASSIVE_TOUCH,STRUCTURAL,,1.0,42,23.809523809523807,76.19047619047619,0.0,61.904761904761905,-0.5238095238095238,0.3125,-0.6658172472097668,0.2399083665784919,0.6841672861675079,0.3632500000001073,0.0,-27.964324382810204
S18_C9_STRESS,stress,0.18,9.0,DOZ_OBJECTIVE_ONLY,PASSIVE_TOUCH,STRUCTURAL,,1.5,42,19.047619047619047,80.95238095238095,0.0,61.904761904761905,-0.5238095238095172,0.3529411764705965,-0.6658172472097601,0.2840265708990337,0.6841672861675079,0.3632500000001073,0.0,-27.964324382809924
S18_C9_STRESS,stress,0.18,9.0,DOZ_OBJECTIVE_ONLY,PASSIVE_TOUCH,STRUCTURAL,,2.0,42,19.047619047619047,80.95238095238095,0.0,59.523809523809526,-0.42857142857142855,0.47058823529411764,-0.5705791519716715,0.3864389759762735,0.6841672861675079,0.3632500000001073,0.0,-23.964324382810204
S18_C9_STRESS,stress,0.18,9.0,DOZ_OBJECTIVE_ONLY,PASSIVE_TOUCH,STRUCTURAL,,2.5,42,19.047619047619047,80.95238095238095,0.0,59.523809523809526,-0.33333333333334003,0.5882352941176388,-0.47534105673358307,0.48885138105351333,0.6841672861675079,0.3632500000001073,0.0,-19.96432438281049
S18_C9_STRESS,stress,0.18,9.0,DOZ_OBJECTIVE_ONLY,PASSIVE_TOUCH,STRUCTURAL,,3.0,42,19.047619047619047,80.95238095238095,0.0,59.523809523809526,-0.23809523809523808,0.7058823529411765,-0.3801029614954811,0.5912637861307676,0.6841672861675079,0.3632500000001073,0.0,-15.964324382810208
S18_C9_STRESS,stress,0.18,9.0,DOZ_OBJECTIVE_ONLY,RECLAIM_PULLBACK,STRUCTURAL,,0.5,30,60.0,36.666666666666664,3.3333333333333335,10.0,-0.07872134323539617,0.7921391422968522,-0.13921998171465239,0.6555586061587682,1.5564999999999145,0.5649999999998272,4.0,-4.1765994514395715
S18_C9_STRESS,stress,0.18,9.0,DOZ_OBJECTIVE_ONLY,RECLAIM_PULLBACK,STRUCTURAL,,1.0,30,43.333333333333336,53.333333333333336,3.3333333333333335,10.0,-0.11205467656872221,0.7945413640669406,-0.17255331504797844,0.7046062645953244,1.5564999999999145,0.5649999999998272,4.0,-5.176599451439353
S18_C9_STRESS,stress,0.18,9.0,DOZ_OBJECTIVE_ONLY,RECLAIM_PULLBACK,STRUCTURAL,,1.5,30,43.333333333333336,53.333333333333336,3.3333333333333335,10.0,0.10461199009794313,1.1918120461004087,0.044113351618686826,1.0755175738712444,1.5564999999999145,0.5649999999998272,4.0,1.3234005485606049
S18_C9_STRESS,stress,0.18,9.0,DOZ_OBJECTIVE_ONLY,RECLAIM_PULLBACK,STRUCTURAL,,2.0,30,36.666666666666664,56.666666666666664,6.666666666666667,10.0,0.15502865676461364,1.267881353568046,0.0945300182853574,1.1523184578458354,1.5564999999999145,0.5649999999998272,4.0,2.835900548560722
S18_C9_STRESS,stress,0.18,9.0,DOZ_OBJECTIVE_ONLY,RECLAIM_PULLBACK,STRUCTURAL,,2.5,30,33.33333333333333,60.0,6.666666666666667,10.0,0.22169532343127896,1.3622148999402128,0.16119668495202272,1.2455843036483794,1.5564999999999145,0.5649999999998272,4.0,4.835900548560682
S18_C9_STRESS,stress,0.18,9.0,DOZ_OBJECTIVE_ONLY,RECLAIM_PULLBACK,STRUCTURAL,,3.0,30,26.666666666666668,60.0,13.333333333333334,10.0,0.24287743203899784,1.3968230965909911,0.18237879355974165,1.2778553977703166,1.5564999999999145,0.5649999999998272,4.0,5.471363806792249
S18_C9_STRESS,stress,0.18,9.0,DOZ_OBJECTIVE_ONLY,TOUCH_NEXT_OPEN,VOL_FLOOR_0.25,0.25,0.5,44,59.09090909090909,38.63636363636363,2.272727272727273,2.272727272727273,-0.09979841532043116,0.7475074819812719,-0.1705227609897218,0.5985513811319486,1.4671047324363846,0.4522623647037599,1.0,-7.503001483547759
S18_C9_STRESS,stress,0.18,9.0,DOZ_OBJECTIVE_ONLY,TOUCH_NEXT_OPEN,VOL_FLOOR_0.25,0.25,1.0,44,47.72727272727273,50.0,2.272727272727273,2.272727272727273,-0.03161659713860386,0.9378713688380536,-0.10234094280789448,0.8128623338235315,1.4671047324363846,0.4522623647037599,1.0,-4.503001483547357
S18_C9_STRESS,stress,0.18,9.0,DOZ_OBJECTIVE_ONLY,TOUCH_NEXT_OPEN,VOL_FLOOR_0.25,0.25,1.5,44,34.090909090909086,61.36363636363637,4.545454545454546,2.272727272727273,-0.1180747913336862,0.8124124836711378,-0.1887991370029768,0.7211507818807712,1.4671047324363846,0.4522623647037599,1.0,-8.307162028130978
S18_C9_STRESS,stress,0.18,9.0,DOZ_OBJECTIVE_ONLY,TOUCH_NEXT_OPEN,VOL_FLOOR_0.25,0.25,2.0,44,29.545454545454547,63.63636363636363,6.8181818181818175,0.0,-0.03628298115868999,0.9443653949677706,-0.10700732682798057,0.8476079675647012,1.4671047324363846,0.4522623647037599,1.0,-4.708322380431145
S18_C9_STRESS,stress,0.18,9.0,DOZ_OBJECTIVE_ONLY,TOUCH_NEXT_OPEN,VOL_FLOOR_0.25,0.25,2.5,44,18.181818181818183,72.72727272727273,9.090909090909092,0.0,-0.22318842201645153,0.6996420486612593,-0.2939127676857422,0.6327980432612019,1.4671047324363846,0.4522623647037599,1.0,-12.932161778172656
S18_C9_STRESS,stress,0.18,9.0,DOZ_OBJECTIVE_ONLY,TOUCH_NEXT_OPEN,VOL_FLOOR_0.25,0.25,3.0,44,15.909090909090908,75.0,9.090909090909092,0.0,-0.22318842201644687,0.7085559931336545,-0.2939127676857375,0.643561083095402,1.4671047324363846,0.4522623647037599,1.0,-12.93216177817245
S18_C9_STRESS,stress,0.18,9.0,DOZ_OBJECTIVE_ONLY,TOUCH_NEXT_OPEN,VOL_FLOOR_0.50,0.5,0.5,44,63.63636363636363,34.090909090909086,2.272727272727273,0.0,-0.03161659713862503,0.909614807403681,-0.08290106635078597,0.7750606449617432,1.858749999999759,0.8043159569766056,1.0,-3.6476469194345826
S18_C9_STRESS,stress,0.18,9.0,DOZ_OBJECTIVE_ONLY,TOUCH_NEXT_OPEN,VOL_FLOOR_0.50,0.5,1.0,44,50.0,47.72727272727273,2.272727272727273,0.0,0.013837948315923297,1.0284636537713885,-0.037446520896237644,0.9267762239569824,1.858749999999759,0.8043159569766056,1.0,-1.6476469194344563
S18_C9_STRESS,stress,0.18,9.0,DOZ_OBJECTIVE_ONLY,TOUCH_NEXT_OPEN,VOL_FLOOR_0.50,0.5,1.5,44,38.63636363636363,56.81818181818182,4.545454545454546,0.0,-0.004438427697342451,0.992399742814311,-0.05572289690950334,0.9094782846311937,1.858749999999759,0.8043159569766056,1.0,-2.451807464018147
S18_C9_STRESS,stress,0.18,9.0,DOZ_OBJECTIVE_ONLY,TOUCH_NEXT_OPEN,VOL_FLOOR_0.50,0.5,2.0,44,31.818181818181817,59.09090909090909,9.090909090909092,0.0,0.07155928138411428,1.1179462101494482,0.020274812171953392,1.0317184334108034,1.858749999999759,0.8043159569766056,1.0,0.8920917355659492
S18_C9_STRESS,stress,0.18,9.0,DOZ_OBJECTIVE_ONLY,TOUCH_NEXT_OPEN,VOL_FLOOR_0.50,0.5,2.5,44,22.727272727272727,65.9090909090909,11.363636363636363,0.0,-0.024437068564548494,0.9637911942534795,-0.07572153777670937,0.8935112684122445,1.858749999999759,0.8043159569766056,1.0,-3.331747662175212
S18_C9_STRESS,stress,0.18,9.0,DOZ_OBJECTIVE_ONLY,TOUCH_NEXT_OPEN,VOL_FLOOR_0.50,0.5,3.0,44,20.454545454545457,65.9090909090909,13.636363636363635,0.0,0.01844400215225258,1.0272249676861598,-0.03284046705990826,0.9540214447815606,1.858749999999759,0.8043159569766056,1.0,-1.4449805506359634
S18_C9_STRESS,stress,0.18,9.0,DOZ_OBJECTIVE_ONLY,TOUCH_NEXT_OPEN,VOL_FLOOR_0.75,0.75,0.5,44,59.09090909090909,34.090909090909086,6.8181818181818175,0.0,-0.06848157359274915,0.8118307856554097,-0.1073144061598044,0.7171266819729956,2.386319912102138,1.0919999999998709,1.0,-4.721833871031394
S18_C9_STRESS,stress,0.18,9.0,DOZ_OBJECTIVE_ONLY,TOUCH_NEXT_OPEN,VOL_FLOOR_0.75,0.75,1.0,44,50.0,40.909090909090914,9.090909090909092,0.0,0.07692345316667132,1.1780149504089799,0.038090620599616036,1.0845081616629793,2.386319912102138,1.0919999999998709,1.0,1.6759873063831054
S18_C9_STRESS,stress,0.18,9.0,DOZ_OBJECTIVE_ONLY,TOUCH_NEXT_OPEN,VOL_FLOOR_0.75,0.75,1.5,44,40.909090909090914,45.45454545454545,13.636363636363635,0.0,0.14948131278801238,1.3085363720034793,0.11064848022095722,1.2188172407807845,2.386319912102138,1.0919999999998709,1.0,4.868533129722118
S18_C9_STRESS,stress,0.18,9.0,DOZ_OBJECTIVE_ONLY,TOUCH_NEXT_OPEN,VOL_FLOOR_0.75,0.75,2.0,44,29.545454545454547,52.27272727272727,18.181818181818183,0.0,0.08183020041058485,1.147605980194581,0.042997367843529574,1.0743006697997932,2.386319912102138,1.0919999999998709,1.0,1.8918841851153012
S18_C9_STRESS,stress,0.18,9.0,DOZ_OBJECTIVE_ONLY,TOUCH_NEXT_OPEN,VOL_FLOOR_0.75,0.75,2.5,44,20.454545454545457,54.54545454545454,25.0,0.0,0.09714021110712716,1.1683218404180589,0.05830737854007188,1.0967601480728273,2.386319912102138,1.0919999999998709,1.0,2.565524655763163
S18_C9_STRESS,stress,0.18,9.0,DOZ_OBJECTIVE_ONLY,TOUCH_NEXT_OPEN,VOL_FLOOR_0.75,0.75,3.0,44,15.909090909090908,54.54545454545454,29.545454545454547,0.0,0.14276806879349918,1.2473845158289005,0.10393523622644389,1.1724788371396846,2.386319912102138,1.0919999999998709,1.0,4.573150393963531
S18_C9_STRESS,stress,0.18,9.0,DOZ_OBJECTIVE_ONLY,TOUCH_NEXT_OPEN,VOL_FLOOR_1.00,1.0,0.5,44,59.09090909090909,29.545454545454547,11.363636363636363,0.0,-0.03514240406351298,0.8937001562938084,-0.06600638002289987,0.8070443873996513,3.181759882802851,1.0919999999998709,1.0,-2.904280721007594
S18_C9_STRESS,stress,0.18,9.0,DOZ_OBJECTIVE_ONLY,TOUCH_NEXT_OPEN,VOL_FLOOR_1.00,1.0,1.0,44,45.45454545454545,36.36363636363637,18.181818181818183,0.0,0.06554713217095365,1.1621466634624777,0.034683156211566764,1.0828971869574004,3.181759882802851,1.0919999999998709,1.0,1.5260588733089375
S18_C9_STRESS,stress,0.18,9.0,DOZ_OBJECTIVE_ONLY,TOUCH_NEXT_OPEN,VOL_FLOOR_1.00,1.0,1.5,44,34.090909090909086,45.45454545454545,20.454545454545457,0.0,0.03016948571117184,1.0607714478740444,-0.0006944902482150517,0.9986489591849278,3.181759882802851,1.0919999999998709,1.0,-0.030557570921462274
S18_C9_STRESS,stress,0.18,9.0,DOZ_OBJECTIVE_ONLY,TOUCH_NEXT_OPEN,VOL_FLOOR_1.00,1.0,2.0,44,25.0,45.45454545454545,29.545454545454547,0.0,0.1366282579682342,1.275215067857897,0.10576428200884726,1.2057507101619165,3.181759882802851,1.0919999999998709,1.0,4.653628408389279
S18_C9_STRESS,stress,0.18,9.0,DOZ_OBJECTIVE_ONLY,TOUCH_NEXT_OPEN,VOL_FLOOR_1.00,1.0,2.5,44,15.909090909090908,47.72727272727273,36.36363636363637,0.0,0.11648668631413642,1.2243713986164328,0.08562271035474961,1.159166666667247,3.181759882802851,1.0919999999998709,1.0,3.7673992556089826
S18_C9_STRESS,stress,0.18,9.0,DOZ_OBJECTIVE_ONLY,TOUCH_NEXT_OPEN,VOL_FLOOR_1.00,1.0,3.0,44,13.636363636363635,50.0,36.36363636363637,0.0,0.10512304995050151,1.193991073854727,0.07425907399111462,1.1323371652916823,3.181759882802851,1.0919999999998709,1.0,3.267399255609043
S18_C9_STRESS,stress,0.18,9.0,MEMORY_ONLY,ACCEPTANCE_RETEST,STRUCTURAL,,0.5,10,60.0,40.0,0.0,10.0,-0.10000000000002521,0.7499999999999369,-0.1523663431413778,0.6377233453405377,1.6348881148787768,1.5199999999997544,9.0,-1.5236634314137782
S18_C9_STRESS,stress,0.18,9.0,MEMORY_ONLY,ACCEPTANCE_RETEST,STRUCTURAL,,1.0,10,50.0,50.0,0.0,10.0,0.0,1.0,-0.05236634314135262,0.9004570607859917,1.6348881148787768,1.5199999999997544,9.0,-0.5236634314135262
S18_C9_STRESS,stress,0.18,9.0,MEMORY_ONLY,ACCEPTANCE_RETEST,STRUCTURAL,,1.5,10,30.0,70.0,0.0,10.0,-0.24999999999999423,0.6428571428571511,-0.30236634314134686,0.589129849197007,1.6348881148787768,1.5199999999997544,9.0,-3.0236634314134685
S18_C9_STRESS,stress,0.18,9.0,MEMORY_ONLY,ACCEPTANCE_RETEST,STRUCTURAL,,2.0,10,20.0,70.0,10.0,10.0,-0.2265775625876703,0.6763177677318996,-0.27894390572902295,0.6209574008080553,1.6348881148787768,1.5199999999997544,9.0,-2.7894390572902292
S18_C9_STRESS,stress,0.18,9.0,MEMORY_ONLY,ACCEPTANCE_RETEST,STRUCTURAL,,2.5,10,10.0,70.0,20.0,10.0,-0.1791347103776914,0.7440932708890122,-0.23150105351904404,0.6854250648989817,1.6348881148787768,1.5199999999997544,9.0,-2.3150105351904404
S18_C9_STRESS,stress,0.18,9.0,MEMORY_ONLY,ACCEPTANCE_RETEST,STRUCTURAL,,3.0,10,10.0,70.0,20.0,10.0,-0.1291347103776851,0.8155218423175927,-0.18150105351903772,0.7533675062657076,1.6348881148787768,1.5199999999997544,9.0,-1.8150105351903771
S18_C9_STRESS,stress,0.18,9.0,MEMORY_ONLY,CLEAN_REJECTION,STRUCTURAL,,0.5,166,54.81927710843374,40.36144578313253,4.819277108433735,0.0,-0.13734713494687933,0.6674428782956146,-0.17939164950809647,0.5843594461238288,2.051055289709211,1.3241428571423057,1.0,-29.779013818344012
S18_C9_STRESS,stress,0.18,9.0,MEMORY_ONLY,CLEAN_REJECTION,STRUCTURAL,,1.0,166,38.55421686746988,50.602409638554214,10.843373493975903,0.0,-0.12218865121098041,0.7660471159743083,-0.1642331657721975,0.6992745964552766,2.051055289709211,1.3241428571423057,1.0,-27.262705518184784
S18_C9_STRESS,stress,0.18,9.0,MEMORY_ONLY,CLEAN_REJECTION,STRUCTURAL,,1.5,166,27.10843373493976,55.42168674698795,17.46987951807229,0.0,-0.12001363370820706,0.7913014384404233,-0.16205814826942416,0.7306555927374084,2.051055289709211,1.3241428571423057,1.0,-26.901652612724412
S18_C9_STRESS,stress,0.18,9.0,MEMORY_ONLY,CLEAN_REJECTION,STRUCTURAL,,2.0,166,21.084337349397593,56.024096385542165,22.89156626506024,0.0,-0.05516020624076028,0.9051126609758128,-0.09720472080197737,0.8402596289249475,2.051055289709211,1.3241428571423057,1.0,-16.135983653128243
S18_C9_STRESS,stress,0.18,9.0,MEMORY_ONLY,CLEAN_REJECTION,STRUCTURAL,,2.5,166,16.265060240963855,56.62650602409639,27.10843373493976,0.0,-0.02609276647502838,0.955575229295402,-0.06813728103624549,0.8891721850117754,2.051055289709211,1.3241428571423057,1.0,-11.31078865201675
S18_C9_STRESS,stress,0.18,9.0,MEMORY_ONLY,CLEAN_REJECTION,STRUCTURAL,,3.0,166,12.650602409638553,57.22891566265061,30.120481927710845,0.0,-0.019829642159672152,0.9665813952694559,-0.061874156720889216,0.9004016262326929,2.051055289709211,1.3241428571423057,1.0,-10.27111001566761
S18_C9_STRESS,stress,0.18,9.0,MEMORY_ONLY,FAILED_AUCTION,STRUCTURAL,,0.5,18,55.55555555555556,44.44444444444444,0.0,0.0,-0.16666666666667024,0.624999999999992,-0.19313506019934,0.5764516235121989,3.1800207644319016,2.0900000000001455,5.5,-3.47643108358812
S18_C9_STRESS,stress,0.18,9.0,MEMORY_ONLY,FAILED_AUCTION,STRUCTURAL,,1.0,18,38.88888888888889,61.111111111111114,0.0,0.0,-0.2222222222222222,0.6363636363636364,-0.24869061575489196,0.6040609171899723,3.1800207644319016,2.0900000000001455,5.5,-4.476431083588055
S18_C9_STRESS,stress,0.18,9.0,MEMORY_ONLY,FAILED_AUCTION,STRUCTURAL,,1.5,18,33.33333333333333,66.66666666666666,0.0,0.0,-0.16666666666666385,0.7500000000000041,-0.19313506019933363,0.7181811422592279,3.1800207644319016,2.0900000000001455,5.5,-3.4764310835880052
S18_C9_STRESS,stress,0.18,9.0,MEMORY_ONLY,FAILED_AUCTION,STRUCTURAL,,2.0,18,22.22222222222222,72.22222222222221,5.555555555555555,0.0,-0.2634386973180122,0.6352387267904446,-0.28990709085068195,0.6096727106815614,3.1800207644319016,2.0900000000001455,5.5,-5.218327635312275
S18_C9_STRESS,stress,0.18,9.0,MEMORY_ONLY,FAILED_AUCTION,STRUCTURAL,,2.5,18,22.22222222222222,72.22222222222221,5.555555555555555,0.0,-0.15232758620690556,0.7890848806365922,-0.17879597973957534,0.7592713241059423,3.1800207644319016,2.0900000000001455,5.5,-3.218327635312356
S18_C9_STRESS,stress,0.18,9.0,MEMORY_ONLY,FAILED_AUCTION,STRUCTURAL,,3.0,18,16.666666666666664,72.22222222222221,11.11111111111111,0.0,-0.06293144010202466,0.912864159858735,-0.08939983363469443,0.8796331796309094,3.1800207644319016,2.0900000000001455,5.5,-1.6091970054244997
S18_C9_STRESS,stress,0.18,9.0,MEMORY_ONLY,PASSIVE_TOUCH,STRUCTURAL,,0.5,134,43.28358208955223,55.970149253731336,0.7462686567164178,23.88059701492537,-0.39542150757708944,0.35371684803571646,-0.47952624291101936,0.27240921923483874,1.040000000000191,0.8339999999996053,3.0,-64.2565165500766
S18_C9_STRESS,stress,0.18,9.0,MEMORY_ONLY,PASSIVE_TOUCH,STRUCTURAL,,1.0,134,36.56716417910448,62.68656716417911,0.7462686567164178,23.134328358208954,-0.3133319553382774,0.5385415384204502,-0.39743669067220744,0.4571364356781149,1.040000000000191,0.8339999999996053,3.0,-53.256516550075794
S18_C9_STRESS,stress,0.18,9.0,MEMORY_ONLY,PASSIVE_TOUCH,STRUCTURAL,,1.5,134,29.850746268656714,68.65671641791045,1.4925373134328357,23.134328358208954,-0.2889577229211058,0.6088320942102792,-0.37306245825503576,0.5317619443982072,1.040000000000191,0.8339999999996053,3.0,-49.99036940617479
S18_C9_STRESS,stress,0.18,9.0,MEMORY_ONLY,PASSIVE_TOUCH,STRUCTURAL,,2.0,134,23.88059701492537,73.13432835820896,2.9850746268656714,23.134328358208954,-0.2877862131874536,0.6326826861244087,-0.3718909485213836,0.5600760371072471,1.040000000000191,0.8339999999996053,3.0,-49.833387101865405
S18_C9_STRESS,stress,0.18,9.0,MEMORY_ONLY,PASSIVE_TOUCH,STRUCTURAL,,2.5,134,22.388059701492537,74.6268656716418,2.9850746268656714,23.134328358208954,-0.22062203408297845,0.7236720751049349,-0.30472676941690846,0.6463107732970695,1.040000000000191,0.8339999999996053,3.0,-40.83338710186573
S18_C9_STRESS,stress,0.18,9.0,MEMORY_ONLY,PASSIVE_TOUCH,STRUCTURAL,,3.0,134,16.417910447761194,78.35820895522389,5.223880597014925,23.134328358208954,-0.2922909025261035,0.650252599834893,-0.3763956378600335,0.5826268968315755,1.040000000000191,0.8339999999996053,3.0,-50.437015473244486
S18_C9_STRESS,stress,0.18,9.0,MEMORY_ONLY,RECLAIM_PULLBACK,STRUCTURAL,,0.5,147,60.544217687074834,37.41496598639456,2.0408163265306123,0.0,-0.07577734614850395,0.8001366296935528,-0.12438619393775359,0.6872759130150987,1.74799999999982,1.267999999999347,3.0,-18.28477050884978
S18_C9_STRESS,stress,0.18,9.0,MEMORY_ONLY,RECLAIM_PULLBACK,STRUCTURAL,,1.0,147,42.17687074829932,52.38095238095239,5.442176870748299,0.0,-0.09716994114440056,0.8165661380335508,-0.1457787889336502,0.7380047650841117,1.74799999999982,1.267999999999347,3.0,-21.42948197324658
S18_C9_STRESS,stress,0.18,9.0,MEMORY_ONLY,RECLAIM_PULLBACK,STRUCTURAL,,1.5,147,29.931972789115648,57.82312925170068,12.244897959183673,0.0,-0.11094211814780923,0.8126648268772304,-0.15955096593705892,0.7439496288231876,1.74799999999982,1.267999999999347,3.0,-23.45399199274766
S18_C9_STRESS,stress,0.18,9.0,MEMORY_ONLY,RECLAIM_PULLBACK,STRUCTURAL,,2.0,147,23.12925170068027,60.544217687074834,16.3265306122449,0.0,-0.09724767865119269,0.8434430715772634,-0.14585652644044236,0.7769865115059306,1.74799999999982,1.267999999999347,3.0,-21.440909386745027
S18_C9_STRESS,stress,0.18,9.0,MEMORY_ONLY,RECLAIM_PULLBACK,STRUCTURAL,,2.5,147,17.006802721088434,61.224489795918366,21.768707482993197,0.0,-0.06501579938685575,0.8964663293443611,-0.11362464717610543,0.8281419256742468,1.74799999999982,1.267999999999347,3.0,-16.7028231348875
S18_C9_STRESS,stress,0.18,9.0,MEMORY_ONLY,RECLAIM_PULLBACK,STRUCTURAL,,3.0,147,14.965986394557824,61.904761904761905,23.12925170068027,0.0,-0.025768913659352487,0.9594043555761724,-0.07437776144860211,0.8887268012897722,1.74799999999982,1.267999999999347,3.0,-10.93353093294451
S18_C9_STRESS,stress,0.18,9.0,MEMORY_ONLY,TOUCH_NEXT_OPEN,VOL_FLOOR_0.25,0.25,0.5,221,57.9185520361991,38.91402714932127,3.167420814479638,0.904977375565611,-0.10556339032826918,0.7335317529922162,-0.16376873220834476,0.6107554119608636,1.8316290062250573,0.2710399337504441,1.0,-36.19288981804419
S18_C9_STRESS,stress,0.18,9.0,MEMORY_ONLY,TOUCH_NEXT_OPEN,VOL_FLOOR_0.25,0.25,1.0,221,42.98642533936652,50.2262443438914,6.787330316742081,0.904977375565611,-0.07298230076352291,0.8574006707290772,-0.13118764264359845,0.7586508515741288,1.8316290062250573,0.2710399337504441,1.0,-28.99246902423526
S18_C9_STRESS,stress,0.18,9.0,MEMORY_ONLY,TOUCH_NEXT_OPEN,VOL_FLOOR_0.25,0.25,1.5,221,30.316742081447963,58.82352941176471,10.85972850678733,0.4524886877828055,-0.10993940935091134,0.8165712385997397,-0.16814475123098688,0.7359578905599762,1.8316290062250573,0.2710399337504441,1.0,-37.1599900220481
S18_C9_STRESS,stress,0.18,9.0,MEMORY_ONLY,TOUCH_NEXT_OPEN,VOL_FLOOR_0.25,0.25,2.0,221,23.076923076923077,61.53846153846154,15.384615384615385,0.4524886877828055,-0.0998340343763591,0.8406959022766998,-0.1580393762564346,0.7628241729343402,1.8316290062250573,0.2710399337504441,1.0,-34.92670215267205
S18_C9_STRESS,stress,0.18,9.0,MEMORY_ONLY,TOUCH_NEXT_OPEN,VOL_FLOOR_0.25,0.25,2.5,221,17.647058823529413,62.89592760180995,19.457013574660635,0.4524886877828055,-0.08177843044940475,0.8722737073846454,-0.1399837723294803,0.7943487337194114,1.8316290062250573,0.2710399337504441,1.0,-30.93641368481515
S18_C9_STRESS,stress,0.18,9.0,MEMORY_ONLY,TOUCH_NEXT_OPEN,VOL_FLOOR_0.25,0.25,3.0,221,13.574660633484163,64.70588235294117,21.71945701357466,0.4524886877828055,-0.1038943318589801,0.8421928488146054,-0.16209967373905568,0.7688514259354153,1.8316290062250573,0.2710399337504441,1.0,-35.8240278963313
S18_C9_STRESS,stress,0.18,9.0,MEMORY_ONLY,TOUCH_NEXT_OPEN,VOL_FLOOR_0.50,0.5,0.5,221,57.466063348416284,39.366515837104075,3.167420814479638,0.0,-0.11235072064500656,0.719601537822496,-0.16290021698393833,0.6136158552227994,1.9176779619106128,0.502347142262157,1.0,-36.00094795345037
S18_C9_STRESS,stress,0.18,9.0,MEMORY_ONLY,TOUCH_NEXT_OPEN,VOL_FLOOR_0.50,0.5,1.0,221,42.081447963800905,51.13122171945701,6.787330316742081,0.0,-0.09117562210365183,0.8249388174676142,-0.14172511844258362,0.741673066004387,1.9176779619106128,0.502347142262157,1.0,-31.32125117581098
S18_C9_STRESS,stress,0.18,9.0,MEMORY_ONLY,TOUCH_NEXT_OPEN,VOL_FLOOR_0.50,0.5,1.5,221,26.69683257918552,61.53846153846154,11.76470588235294,0.0,-0.1860222376730221,0.7030669859217743,-0.23657173401195383,0.6417964963012722,1.9176779619106128,0.502347142262157,1.0,-52.282353216641795
S18_C9_STRESS,stress,0.18,9.0,MEMORY_ONLY,TOUCH_NEXT_OPEN,VOL_FLOOR_0.50,0.5,2.0,221,20.361990950226243,62.89592760180995,16.7420814479638,0.0,-0.1567677180473989,0.7551403629326066,-0.20731721438633058,0.69317874617872,1.9176779619106128,0.502347142262157,1.0,-45.81710437937906
S18_C9_STRESS,stress,0.18,9.0,MEMORY_ONLY,TOUCH_NEXT_OPEN,VOL_FLOOR_0.50,0.5,2.5,221,15.837104072398189,63.348416289592755,20.81447963800905,0.0,-0.12037265036702027,0.8133062455012963,-0.170922146705952,0.7487973938595525,1.9176779619106128,0.502347142262157,1.0,-37.77379442201539
S18_C9_STRESS,stress,0.18,9.0,MEMORY_ONLY,TOUCH_NEXT_OPEN,VOL_FLOOR_0.50,0.5,3.0,221,13.122171945701359,63.80090497737556,23.076923076923077,0.0,-0.09723968299831409,0.850235702658712,-0.14778917933724584,0.7842949620743058,1.9176779619106128,0.502347142262157,1.0,-32.66140863353133
S18_C9_STRESS,stress,0.18,9.0,MEMORY_ONLY,TOUCH_NEXT_OPEN,VOL_FLOOR_0.75,0.75,0.5,221,55.203619909502265,41.17647058823529,3.619909502262444,0.0,-0.14119929449754226,0.6626316377270751,-0.18609654696135444,0.5750469944257032,2.047114441037138,0.7034046618264256,1.0,-41.12733687845933
S18_C9_STRESS,stress,0.18,9.0,MEMORY_ONLY,TOUCH_NEXT_OPEN,VOL_FLOOR_0.75,0.75,1.0,221,37.10407239819005,54.75113122171946,8.144796380090497,0.0,-0.17587077967616796,0.6855102234179159,-0.22076803213998003,0.6228671110260239,2.047114441037138,0.7034046618264256,1.0,-48.78973510293559
S18_C9_STRESS,stress,0.18,9.0,MEMORY_ONLY,TOUCH_NEXT_OPEN,VOL_FLOOR_0.75,0.75,1.5,221,26.244343891402718,60.18099547511312,13.574660633484163,0.0,-0.1758172609006047,0.714169082761358,-0.2207145133644169,0.6578623515792573,2.047114441037138,0.7034046618264256,1.0,-48.77790745353613
S18_C9_STRESS,stress,0.18,9.0,MEMORY_ONLY,TOUCH_NEXT_OPEN,VOL_FLOOR_0.75,0.75,2.0,221,18.552036199095024,61.990950226244344,19.457013574660635,0.0,-0.1784390566858919,0.7182795243052091,-0.22333630914970407,0.6639654404821729,2.047114441037138,0.7034046618264256,1.0,-49.3573243220846
S18_C9_STRESS,stress,0.18,9.0,MEMORY_ONLY,TOUCH_NEXT_OPEN,VOL_FLOOR_0.75,0.75,2.5,221,15.384615384615385,62.89592760180995,21.71945701357466,0.0,-0.14002460365818095,0.7820425929545826,-0.18492185612199308,0.7256180372061607,2.047114441037138,0.7034046618264256,1.0,-40.86773020296047
S18_C9_STRESS,stress,0.18,9.0,MEMORY_ONLY,TOUCH_NEXT_OPEN,VOL_FLOOR_0.75,0.75,3.0,221,12.217194570135746,62.89592760180995,24.8868778280543,0.0,-0.1130676097328689,0.8240029081006472,-0.157964862196681,0.7656160831881847,2.047114441037138,0.7034046618264256,1.0,-34.9102345454665
S18_C9_STRESS,stress,0.18,9.0,MEMORY_ONLY,TOUCH_NEXT_OPEN,VOL_FLOOR_1.00,1.0,0.5,221,52.94117647058824,43.43891402714932,3.619909502262444,0.0,-0.17458877381487,0.603685239503085,-0.21401220787408343,0.5332247154176416,2.3358581709667305,0.8024642362713621,1.0,-47.296697940172436
S18_C9_STRESS,stress,0.18,9.0,MEMORY_ONLY,TOUCH_NEXT_OPEN,VOL_FLOOR_1.00,1.0,1.0,221,35.294117647058826,55.65610859728507,9.049773755656108,0.0,-0.1969062641136499,0.6526105402051126,-0.2363296981728633,0.5999478576464454,2.3358581709667305,0.8024642362713621,1.0,-52.22886329620279
S18_C9_STRESS,stress,0.18,9.0,MEMORY_ONLY,TOUCH_NEXT_OPEN,VOL_FLOOR_1.00,1.0,1.5,221,24.8868778280543,57.9185520361991,17.194570135746606,0.0,-0.15151622244676805,0.7436388258510412,-0.19093965650598144,0.6901914114313948,2.3358581709667305,0.8024642362713621,1.0,-42.1976640878219
S18_C9_STRESS,stress,0.18,9.0,MEMORY_ONLY,TOUCH_NEXT_OPEN,VOL_FLOOR_1.00,1.0,2.0,221,18.552036199095024,59.276018099547514,22.171945701357465,0.0,-0.14501958119175737,0.7605500896173947,-0.1844430152509708,0.7081555400611779,2.3358581709667305,0.8024642362713621,1.0,-40.761906370464544
S18_C9_STRESS,stress,0.18,9.0,MEMORY_ONLY,TOUCH_NEXT_OPEN,VOL_FLOOR_1.00,1.0,2.5,221,13.122171945701359,59.72850678733032,27.149321266968325,0.0,-0.1211596944158245,0.8014300522719947,-0.16058312847503786,0.7477324110247644,2.3358581709667305,0.8024642362713621,1.0,-35.48887139298337
S18_C9_STRESS,stress,0.18,9.0,MEMORY_ONLY,TOUCH_NEXT_OPEN,VOL_FLOOR_1.00,1.0,3.0,221,10.407239819004525,60.18099547511312,29.411764705882355,0.0,-0.09852714986032855,0.8397114586106049,-0.1379505839195419,0.7848743482411829,2.3358581709667305,0.8024642362713621,1.0,-30.48707904621876
S18_C9_STRESS,stress,0.18,9.0,OBJECTIVE_LIQUIDITY_ONLY,ACCEPTANCE_RETEST,STRUCTURAL,,0.5,34,41.17647058823529,58.82352941176471,0.0,29.411764705882355,-0.3874530663329039,0.3469915097822235,-0.4397404975257435,0.2950598514204595,1.7139999999997144,1.4439999999997326,7.0,-14.95117691587528
S18_C9_STRESS,stress,0.18,9.0,OBJECTIVE_LIQUIDITY_ONLY,ACCEPTANCE_RETEST,STRUCTURAL,,1.0,34,38.23529411764706,61.76470588235294,0.0,29.411764705882355,-0.24039424280350025,0.6139777922926233,-0.2926816739963398,0.55305321445687,1.7139999999997144,1.4439999999997326,7.0,-9.951176915875553
S18_C9_STRESS,stress,0.18,9.0,OBJECTIVE_LIQUIDITY_ONLY,ACCEPTANCE_RETEST,STRUCTURAL,,1.5,34,32.35294117647059,67.64705882352942,0.0,29.411764705882355,-0.19627659574468503,0.7120231373089029,-0.24856402693752452,0.6533700508199599,1.7139999999997144,1.4439999999997326,7.0,-8.451176915875834
S18_C9_STRESS,stress,0.18,9.0,OBJECTIVE_LIQUIDITY_ONLY,ACCEPTANCE_RETEST,STRUCTURAL,,2.0,34,29.411764705882355,70.58823529411765,0.0,29.411764705882355,-0.12274718397997084,0.8273555428420591,-0.17503461517281038,0.7659770907409305,1.7139999999997144,1.4439999999997326,7.0,-5.951176915875553
S18_C9_STRESS,stress,0.18,9.0,OBJECTIVE_LIQUIDITY_ONLY,ACCEPTANCE_RETEST,STRUCTURAL,,2.5,34,26.47058823529412,70.58823529411765,2.941176470588235,29.411764705882355,-0.04217398879279613,0.9406820982344861,-0.09446141998563566,0.8737042024747158,1.7139999999997144,1.4439999999997326,7.0,-3.2116882795116126
S18_C9_STRESS,stress,0.18,9.0,OBJECTIVE_LIQUIDITY_ONLY,ACCEPTANCE_RETEST,STRUCTURAL,,3.0,34,23.52941176470588,73.52941176470588,2.941176470588235,29.411764705882355,-0.0274681064398595,0.9629007022855127,-0.07975553763269912,0.897630036791922,1.7139999999997144,1.4439999999997326,7.0,-2.71168827951177
S18_C9_STRESS,stress,0.18,9.0,OBJECTIVE_LIQUIDITY_ONLY,CLEAN_REJECTION,STRUCTURAL,,0.5,1403,61.6535994297933,26.300784034212406,12.045616535994299,0.0,0.022473399345446267,1.0769744372945484,-0.01675066118365252,0.945183539717475,2.2149999999996908,1.528999999999769,1.0,-23.501177640664487
S18_C9_STRESS,stress,0.18,9.0,OBJECTIVE_LIQUIDITY_ONLY,CLEAN_REJECTION,STRUCTURAL,,1.0,1403,41.19743406985032,37.27726300784035,21.525302922309336,0.14255167498218105,0.03488594174907857,1.0850493665540226,-0.00433811878002023,0.9898997491479489,2.2149999999996908,1.528999999999769,1.0,-6.086380648368383
S18_C9_STRESS,stress,0.18,9.0,OBJECTIVE_LIQUIDITY_ONLY,CLEAN_REJECTION,STRUCTURAL,,1.5,1403,27.797576621525305,42.480399144689954,29.72202423378475,0.21382751247327159,0.02772010447293279,1.0592952120045807,-0.011503956056166,0.9765056906413708,2.2149999999996908,1.528999999999769,1.0,-16.140050346800898
S18_C9_STRESS,stress,0.18,9.0,OBJECTIVE_LIQUIDITY_ONLY,CLEAN_REJECTION,STRUCTURAL,,2.0,1403,19.743406985032074,44.3335709194583,35.92302209550962,0.21382751247327159,0.04071530524413545,1.0833270424613062,0.001491244715036654,1.0029132523955153,2.2149999999996908,1.528999999999769,1.0,2.092216335196426
S18_C9_STRESS,stress,0.18,9.0,OBJECTIVE_LIQUIDITY_ONLY,CLEAN_REJECTION,STRUCTURAL,,2.5,1403,14.041339985744832,45.40270848182466,40.555951532430505,0.21382751247327159,0.04291992066480067,1.0855936955426067,0.00369586013570188,1.0070360980943949,2.2149999999996908,1.528999999999769,1.0,5.185291770389737
S18_C9_STRESS,stress,0.18,9.0,OBJECTIVE_LIQUIDITY_ONLY,CLEAN_REJECTION,STRUCTURAL,,3.0,1403,9.55096222380613,46.18674269422666,44.26229508196721,0.2851033499643621,0.035943031803769794,1.070554441300838,-0.003281028725329002,0.993851758556025,2.2149999999996908,1.528999999999769,1.0,-4.60328330163659
S18_C9_STRESS,stress,0.18,9.0,OBJECTIVE_LIQUIDITY_ONLY,FAILED_AUCTION,STRUCTURAL,,0.5,248,64.91935483870968,33.46774193548387,1.6129032258064515,0.4032258064516129,-0.019382798985250426,0.943651308110742,-0.04768273998597957,0.8652550155170617,3.212309498035779,1.7849999999998545,6.0,-11.825319516522933
S18_C9_STRESS,stress,0.18,9.0,OBJECTIVE_LIQUIDITY_ONLY,FAILED_AUCTION,STRUCTURAL,,1.0,248,45.96774193548387,46.774193548387096,7.258064516129033,0.0,-0.02858681499009585,0.9420300082695777,-0.056886755990825,0.8879634859235225,3.212309498035779,1.7849999999998545,6.0,-14.1079154857246
S18_C9_STRESS,stress,0.18,9.0,OBJECTIVE_LIQUIDITY_ONLY,FAILED_AUCTION,STRUCTURAL,,1.5,248,33.87096774193548,51.61290322580645,14.516129032258066,0.0,0.0026930850437098582,1.0049409706857666,-0.02560685595701931,0.9543838488308076,3.212309498035779,1.7849999999998545,6.0,-6.350500277340789
S18_C9_STRESS,stress,0.18,9.0,OBJECTIVE_LIQUIDITY_ONLY,FAILED_AUCTION,STRUCTURAL,,2.0,248,23.790322580645164,55.24193548387096,20.967741935483872,0.0,-0.015125403483892389,0.9741181354484841,-0.04342534448462158,0.927875456016678,3.212309498035779,1.7849999999998545,6.0,-10.769485432186151
S18_C9_STRESS,stress,0.18,9.0,OBJECTIVE_LIQUIDITY_ONLY,FAILED_AUCTION,STRUCTURAL,,2.5,248,13.709677419354838,56.85483870967742,29.435483870967744,0.0,-0.06698738906258941,0.8891200643314375,-0.0952873300633186,0.8469521881538163,3.212309498035779,1.7849999999998545,6.0,-23.631257855703012
S18_C9_STRESS,stress,0.18,9.0,OBJECTIVE_LIQUIDITY_ONLY,FAILED_AUCTION,STRUCTURAL,,3.0,248,9.274193548387096,57.25806451612904,33.46774193548387,0.0,-0.07030826281276127,0.8843948227542777,-0.09860820381349046,0.8426659561879437,3.212309498035779,1.7849999999998545,6.0,-24.454834545745634
S18_C9_STRESS,stress,0.18,9.0,OBJECTIVE_LIQUIDITY_ONLY,PASSIVE_TOUCH,STRUCTURAL,,0.5,965,51.70984455958549,48.082901554404145,0.20725388601036268,23.626943005181346,-0.2307552969989325,0.5284014603120125,-0.3124631527418449,0.40973956852344845,1.05399999999986,0.7819999999999254,2.0,-301.5269423958803
S18_C9_STRESS,stress,0.18,9.0,OBJECTIVE_LIQUIDITY_ONLY,PASSIVE_TOUCH,STRUCTURAL,,1.0,965,41.45077720207254,56.78756476683938,1.7616580310880827,22.590673575129532,-0.1624052801335258,0.7196383760992592,-0.24411313587643818,0.6104555262812161,1.05399999999986,0.7819999999999254,2.0,-235.56917612076285
S18_C9_STRESS,stress,0.18,9.0,OBJECTIVE_LIQUIDITY_ONLY,PASSIVE_TOUCH,STRUCTURAL,,1.5,965,33.575129533678755,63.3160621761658,3.1088082901554404,22.17616580310881,-0.13034267929931453,0.7978053196632304,-0.21205053504222696,0.6960534074269553,1.05399999999986,0.7819999999999254,2.0,-204.628766315749
S18_C9_STRESS,stress,0.18,9.0,OBJECTIVE_LIQUIDITY_ONLY,PASSIVE_TOUCH,STRUCTURAL,,2.0,965,28.601036269430054,66.32124352331607,5.077720207253885,22.072538860103627,-0.07481875624418383,0.889196123039125,-0.15652661198709622,0.7858696560603681,1.05399999999986,0.7819999999999254,2.0,-151.04818056754786
S18_C9_STRESS,stress,0.18,9.0,OBJECTIVE_LIQUIDITY_ONLY,PASSIVE_TOUCH,STRUCTURAL,,2.5,965,24.870466321243523,69.22279792746114,5.9067357512953365,22.072538860103627,-0.046892056726525105,0.9334157469948389,-0.12859991246943753,0.8313238951873889,1.05399999999986,0.7819999999999254,2.0,-124.09891553300722
S18_C9_STRESS,stress,0.18,9.0,OBJECTIVE_LIQUIDITY_ONLY,PASSIVE_TOUCH,STRUCTURAL,,3.0,965,20.10362694300518,72.64248704663213,7.253886010362693,21.968911917098445,-0.08121257672598417,0.8900652625617268,-0.16292043246889656,0.7963116743996572,1.05399999999986,0.7819999999999254,2.0,-157.21821733248518
S18_C9_STRESS,stress,0.18,9.0,OBJECTIVE_LIQUIDITY_ONLY,RECLAIM_PULLBACK,STRUCTURAL,,0.5,1171,60.1195559350982,33.04867634500427,6.831767719897523,2.0495303159692573,-0.04459753781866982,0.8721631501802888,-0.09072304213646751,0.7523075550597996,1.7879999999997835,1.2039999999999509,3.0,-106.23668234180346
S18_C9_STRESS,stress,0.18,9.0,OBJECTIVE_LIQUIDITY_ONLY,RECLAIM_PULLBACK,STRUCTURAL,,1.0,1171,42.95473953885568,42.95473953885568,14.090520922288643,1.8787361229718187,-0.0030475117282677505,0.9933232737410902,-0.04917301604606545,0.8974581449617943,1.7879999999997835,1.2039999999999509,3.0,-57.58160178994264
S18_C9_STRESS,stress,0.18,9.0,OBJECTIVE_LIQUIDITY_ONLY,RECLAIM_PULLBACK,STRUCTURAL,,1.5,1171,31.596925704526047,49.359521776259605,19.043552519214344,2.0495303159692573,-0.0033370406959965008,0.9936416865176486,-0.04946254501379419,0.9103443059043728,1.7879999999997835,1.2039999999999509,3.0,-57.920640211153
S18_C9_STRESS,stress,0.18,9.0,OBJECTIVE_LIQUIDITY_ONLY,RECLAIM_PULLBACK,STRUCTURAL,,2.0,1171,24.08198121263877,52.09222886421861,23.82578992314261,1.964133219470538,0.015127552829527305,1.0272852728433177,-0.030997951488270385,0.9468183412978983,1.7879999999997835,1.2039999999999509,3.0,-36.29860119276462
S18_C9_STRESS,stress,0.18,9.0,OBJECTIVE_LIQUIDITY_ONLY,RECLAIM_PULLBACK,STRUCTURAL,,2.5,1171,18.531169940222032,54.48334756618275,26.98548249359522,1.964133219470538,0.013047189751835001,1.022552467575472,-0.03307831456596269,0.9456162588840369,1.7879999999997835,1.2039999999999509,3.0,-38.734706356742315
S18_C9_STRESS,stress,0.18,9.0,OBJECTIVE_LIQUIDITY_ONLY,RECLAIM_PULLBACK,STRUCTURAL,,3.0,1171,14.005123825789923,55.67890691716482,30.31596925704526,1.964133219470538,0.01179028737746862,1.0199466489738556,-0.03433521694032908,0.9447572475015014,1.7879999999997835,1.2039999999999509,3.0,-40.20653903712535
S18_C9_STRESS,stress,0.18,9.0,OBJECTIVE_LIQUIDITY_ONLY,TOUCH_NEXT_OPEN,VOL_FLOOR_0.25,0.25,0.5,1861,60.34390112842558,30.574959699086513,9.081139172487909,1.182160128962923,-0.02059720817999798,0.937025463216915,-0.06834832617202673,0.8020149968759059,1.9424999999998818,0.1775000000000091,1.0,-127.19623500614173
S18_C9_STRESS,stress,0.18,9.0,OBJECTIVE_LIQUIDITY_ONLY,TOUCH_NEXT_OPEN,VOL_FLOOR_0.25,0.25,1.0,1861,41.483073616335304,41.32186996238582,17.19505642127888,0.7522837184309511,0.00027439198100503623,1.0006203320327187,-0.04747672601102369,0.8983048922759864,1.9424999999998818,0.1775000000000091,1.0,-88.3541871065151
S18_C9_STRESS,stress,0.18,9.0,OBJECTIVE_LIQUIDITY_ONLY,TOUCH_NEXT_OPEN,VOL_FLOOR_0.25,0.25,1.5,1861,29.016657710908113,47.232670607200426,23.750671681891454,0.5910800644814616,-0.004913895497937049,0.9902738219795731,-0.05266501348996578,0.9012444793468396,1.9424999999998818,0.1775000000000091,1.0,-98.00959010482632
S18_C9_STRESS,stress,0.18,9.0,OBJECTIVE_LIQUIDITY_ONLY,TOUCH_NEXT_OPEN,VOL_FLOOR_0.25,0.25,2.0,1861,21.332616872649112,49.70445996775927,28.962923159591618,0.5910800644814616,0.006846210368029777,1.012861401545339,-0.04090490762399896,0.9272320357315422,1.9424999999998818,0.1775000000000091,1.0,-76.12403308826207
S18_C9_STRESS,stress,0.18,9.0,OBJECTIVE_LIQUIDITY_ONLY,TOUCH_NEXT_OPEN,VOL_FLOOR_0.25,0.25,2.5,1861,16.227834497581945,51.53143471252015,32.2407307898979,0.42987641053197206,0.006866224606487853,1.0124452985268122,-0.040884893385540896,0.9298209854408674,1.9424999999998818,0.1775000000000091,1.0,-76.08678659049161
S18_C9_STRESS,stress,0.18,9.0,OBJECTIVE_LIQUIDITY_ONLY,TOUCH_NEXT_OPEN,VOL_FLOOR_0.25,0.25,3.0,1861,11.982804943578723,52.60612573885008,35.4110693175712,0.42987641053197206,-0.0014078163656328093,0.9975019730126717,-0.049158934357661534,0.9174078958937747,1.9424999999998818,0.1775000000000091,1.0,-91.48477683960812
S18_C9_STRESS,stress,0.18,9.0,OBJECTIVE_LIQUIDITY_ONLY,TOUCH_NEXT_OPEN,VOL_FLOOR_0.50,0.5,0.5,1861,60.55883933369156,30.360021493820526,9.081139172487909,0.967221923696937,-0.01736556685434509,0.9465535177318346,-0.06188733131491325,0.8187146779387459,2.037839155915435,0.28707833728449594,1.0,-115.17232357705356
S18_C9_STRESS,stress,0.18,9.0,OBJECTIVE_LIQUIDITY_ONLY,TOUCH_NEXT_OPEN,VOL_FLOOR_0.50,0.5,1.0,1861,41.483073616335304,41.21440085975282,17.302525523911875,0.6448146157979581,0.0013425455602775012,1.003040526504009,-0.04317921890029066,0.9069582241098135,2.037839155915435,0.28707833728449594,1.0,-80.35652637344091
S18_C9_STRESS,stress,0.18,9.0,OBJECTIVE_LIQUIDITY_ONLY,TOUCH_NEXT_OPEN,VOL_FLOOR_0.50,0.5,1.5,1861,29.124126813541107,46.64159054271897,24.234282643739924,0.32240730789897903,0.004026440977422568,1.0080527944436646,-0.04049532348314561,0.9229557942069193,2.037839155915435,0.28707833728449594,1.0,-75.36179700213397
S18_C9_STRESS,stress,0.18,9.0,OBJECTIVE_LIQUIDITY_ONLY,TOUCH_NEXT_OPEN,VOL_FLOOR_0.50,0.5,2.0,1861,20.956475013433636,49.3283181085438,29.71520687802257,0.37614185921547555,0.00605051001822364,1.0114291799224098,-0.03847125444234452,0.9308874319160693,2.037839155915435,0.28707833728449594,1.0,-71.59500451720315
S18_C9_STRESS,stress,0.18,9.0,OBJECTIVE_LIQUIDITY_ONLY,TOUCH_NEXT_OPEN,VOL_FLOOR_0.50,0.5,2.5,1861,15.368081676518,51.04782375067168,33.58409457281032,0.37614185921547555,0.0007069389114300422,1.0012897570226114,-0.04381482554913814,0.9239804954803552,2.037839155915435,0.28707833728449594,1.0,-81.53939034694608
S18_C9_STRESS,stress,0.18,9.0,OBJECTIVE_LIQUIDITY_ONLY,TOUCH_NEXT_OPEN,VOL_FLOOR_0.50,0.5,3.0,1861,11.123052122514778,52.01504567436862,36.8619022031166,0.37614185921547555,-0.004159548345220239,0.9925516566581246,-0.04868131280578841,0.917099053129718,2.037839155915435,0.28707833728449594,1.0,-90.59592313157223
S18_C9_STRESS,stress,0.18,9.0,OBJECTIVE_LIQUIDITY_ONLY,TOUCH_NEXT_OPEN,VOL_FLOOR_0.75,0.75,0.5,1861,60.505104782375064,29.87641053197206,9.618484685652874,0.6985491671144546,-0.014624594824687575,0.9545801601194586,-0.054694747749039346,0.8375553762020292,2.244499999999789,0.4306175059267439,1.0,-101.78692556096222
S18_C9_STRESS,stress,0.18,9.0,OBJECTIVE_LIQUIDITY_ONLY,TOUCH_NEXT_OPEN,VOL_FLOOR_0.75,0.75,1.0,1861,40.94572810317034,40.032240730789894,19.022031166039763,0.21493820526598603,0.007680593110382901,1.0177559796801465,-0.03238955981396888,0.9284496208674751,2.244499999999789,0.4306175059267439,1.0,-60.27697081379608
S18_C9_STRESS,stress,0.18,9.0,OBJECTIVE_LIQUIDITY_ONLY,TOUCH_NEXT_OPEN,VOL_FLOOR_0.75,0.75,1.5,1861,27.028479312197746,45.67436861902203,27.29715206878023,0.37614185921547555,-0.01264395992682402,0.9744237820760137,-0.05271411285117579,0.8981424598566896,2.244499999999789,0.4306175059267439,1.0,-98.10096401603815
S18_C9_STRESS,stress,0.18,9.0,OBJECTIVE_LIQUIDITY_ONLY,TOUCH_NEXT_OPEN,VOL_FLOOR_0.75,0.75,2.0,1861,18.26974744760881,47.77001612036539,33.960236432025795,0.37614185921547555,-0.014404478043207247,0.9722316581657361,-0.054474630967559015,0.8997097087808794,2.244499999999789,0.4306175059267439,1.0,-101.37728823062733
S18_C9_STRESS,stress,0.18,9.0,OBJECTIVE_LIQUIDITY_ONLY,TOUCH_NEXT_OPEN,VOL_FLOOR_0.75,0.75,2.5,1861,13.111230521225147,49.059645351961315,37.82912412681354,0.37614185921547555,-0.014064554547110595,0.9735652163021389,-0.05413470747146237,0.9028215987689521,2.244499999999789,0.4306175059267439,1.0,-100.74469060439148
S18_C9_STRESS,stress,0.18,9.0,OBJECTIVE_LIQUIDITY_ONLY,TOUCH_NEXT_OPEN,VOL_FLOOR_0.75,0.75,3.0,1861,8.973670069854917,49.70445996775927,41.32186996238582,0.2686727565824825,-0.02102193308461912,0.9609711138456619,-0.06109208600897088,0.8916863802822353,2.244499999999789,0.4306175059267439,1.0,-113.69237206269482
S18_C9_STRESS,stress,0.18,9.0,OBJECTIVE_LIQUIDITY_ONLY,TOUCH_NEXT_OPEN,VOL_FLOOR_1.00,1.0,0.5,1861,60.23643202579259,28.855454056958624,10.90811391724879,0.537345513164965,-0.006911711420753522,0.9779550276480835,-0.04230515115743563,0.8704660789016034,2.608223123409076,0.5741566745689919,1.0,-78.72988630398771
S18_C9_STRESS,stress,0.18,9.0,OBJECTIVE_LIQUIDITY_ONLY,TOUCH_NEXT_OPEN,VOL_FLOOR_1.00,1.0,1.0,1861,38.473938742611494,38.31273508866201,23.213326168726493,0.32240730789897903,0.001547201035376683,1.0036731941912143,-0.03384623870130542,0.9229453818526017,2.608223123409076,0.5741566745689919,1.0,-62.98785022312938
S18_C9_STRESS,stress,0.18,9.0,OBJECTIVE_LIQUIDITY_ONLY,TOUCH_NEXT_OPEN,VOL_FLOOR_1.00,1.0,1.5,1861,24.18054809242343,42.826437399247716,32.993014508328855,0.37614185921547555,-0.011627798698084973,0.9753545426094602,-0.04702123843476707,0.9044437400987951,2.608223123409076,0.5741566745689919,1.0,-87.50652472710152
S18_C9_STRESS,stress,0.18,9.0,OBJECTIVE_LIQUIDITY_ONLY,TOUCH_NEXT_OPEN,VOL_FLOOR_1.00,1.0,2.0,1861,15.260612573885007,44.22353573347662,40.515851692638364,0.37614185921547555,-0.013996133502398787,0.9713703601867285,-0.04938957323908088,0.9031505851575545,2.608223123409076,0.5741566745689919,1.0,-91.91399579792952
S18_C9_STRESS,stress,0.18,9.0,OBJECTIVE_LIQUIDITY_ONLY,TOUCH_NEXT_OPEN,VOL_FLOOR_1.00,1.0,2.5,1861,10.317033852767329,44.92208490059108,44.760881246641596,0.2686727565824825,-0.00671967756955561,0.9864501651265147,-0.04211311730623771,0.9185919721588958,2.608223123409076,0.5741566745689919,1.0,-78.37251130690838
S18_C9_STRESS,stress,0.18,9.0,OBJECTIVE_LIQUIDITY_ONLY,TOUCH_NEXT_OPEN,VOL_FLOOR_1.00,1.0,3.0,1861,7.1466953250940355,45.35196131112305,47.50134336378291,0.2686727565824825,-0.004052531343595554,0.9918994988230585,-0.03944597108027764,0.9244162479899891,2.608223123409076,0.5741566745689919,1.0,-73.4089521803967
