scenario,scenario_role,spread_usd,commission_rt_usd,sample,entry_model,risk_rule,vol_floor_k,target_r,trades,tp_pct,sl_pct,time_pct,ambiguous_same_bar_pct,avg_gross_R,pf_gross,avg_net_R,pf_net,median_risk_price,min_risk_price,median_entry_delay_minutes,sum_net_R
S10_C6,sensitivity,0.1,6.0,DISPLACEMENT_ORIGIN_ONLY,ACCEPTANCE_RETEST,STRUCTURAL,,0.5,13,38.46153846153847,61.53846153846154,0.0,38.46153846153847,-0.4244183553018926,0.3118202856082954,-0.46197620157600877,0.2813665129957957,1.7661097312447964,0.561949143972015,5.0,-6.005690620488114
S10_C6,sensitivity,0.1,6.0,DISPLACEMENT_ORIGIN_ONLY,ACCEPTANCE_RETEST,STRUCTURAL,,1.0,13,30.76923076923077,69.23076923076923,0.0,23.076923076923077,-0.3859568168403594,0.44358494346779365,-0.4235146631144756,0.4127318584238034,1.7661097312447964,0.561949143972015,5.0,-5.505690620488183
S10_C6,sensitivity,0.1,6.0,DISPLACEMENT_ORIGIN_ONLY,ACCEPTANCE_RETEST,STRUCTURAL,,1.5,13,30.76923076923077,69.23076923076923,0.0,23.076923076923077,-0.23211066299420552,0.6653774152016905,-0.26966850926832175,0.6260631848847603,1.7661097312447964,0.561949143972015,5.0,-3.5056906204881826
S10_C6,sensitivity,0.1,6.0,DISPLACEMENT_ORIGIN_ONLY,ACCEPTANCE_RETEST,STRUCTURAL,,2.0,13,30.76923076923077,69.23076923076923,0.0,23.076923076923077,-0.0782645091480517,0.8871698869355873,-0.11582235542216793,0.8393945113457173,1.7661097312447964,0.561949143972015,5.0,-1.505690620488183
S10_C6,sensitivity,0.1,6.0,DISPLACEMENT_ORIGIN_ONLY,ACCEPTANCE_RETEST,STRUCTURAL,,2.5,13,30.76923076923077,69.23076923076923,0.0,23.076923076923077,0.07558164469810214,1.1089623586694841,0.03802379842398594,1.0527258378066742,1.7661097312447964,0.561949143972015,5.0,0.4943093795118172
S10_C6,sensitivity,0.1,6.0,DISPLACEMENT_ORIGIN_ONLY,ACCEPTANCE_RETEST,STRUCTURAL,,3.0,13,30.76923076923077,69.23076923076923,0.0,23.076923076923077,0.22942779854425602,1.330754830403381,0.1918699522701398,1.2660571642676313,1.7661097312447964,0.561949143972015,5.0,2.4943093795118174
S10_C6,sensitivity,0.1,6.0,DISPLACEMENT_ORIGIN_ONLY,CLEAN_REJECTION,STRUCTURAL,,0.5,1032,62.98449612403101,22.189922480620154,14.825581395348838,0.09689922480620156,0.07020957949438922,1.277756945688132,0.06014081987812083,1.2352941166498665,7.856838850712393,0.8874554141407316,1.0,62.065326114220696
S10_C6,sensitivity,0.1,6.0,DISPLACEMENT_ORIGIN_ONLY,CLEAN_REJECTION,STRUCTURAL,,1.0,1032,39.53488372093023,31.1046511627907,29.360465116279073,0.0,0.09697206322048432,1.275735736657164,0.08690330360421594,1.2441466343345644,7.856838850712393,0.8874554141407316,1.0,89.68420931955086
S10_C6,sensitivity,0.1,6.0,DISPLACEMENT_ORIGIN_ONLY,CLEAN_REJECTION,STRUCTURAL,,1.5,1032,25.872093023255815,35.46511627906977,38.662790697674424,0.0,0.10213164437381309,1.2554723534796584,0.09206288475754469,1.2274573420628516,7.856838850712393,0.8874554141407316,1.0,95.00889706978612
S10_C6,sensitivity,0.1,6.0,DISPLACEMENT_ORIGIN_ONLY,CLEAN_REJECTION,STRUCTURAL,,2.0,1032,15.988372093023257,37.5,46.51162790697674,0.0,0.09212495832438422,1.2183405779568905,0.08205619870811583,1.1920338206891696,7.856838850712393,0.8874554141407316,1.0,84.68199706677554
S10_C6,sensitivity,0.1,6.0,DISPLACEMENT_ORIGIN_ONLY,CLEAN_REJECTION,STRUCTURAL,,2.5,1032,10.271317829457365,38.856589147286826,50.872093023255815,0.0,0.0739968394568275,1.1696675406712986,0.0639280798405591,1.1446823581112537,7.856838850712393,0.8874554141407316,1.0,65.97377839545699
S10_C6,sensitivity,0.1,6.0,DISPLACEMENT_ORIGIN_ONLY,CLEAN_REJECTION,STRUCTURAL,,3.0,1032,7.461240310077518,39.14728682170542,53.39147286821705,0.0,0.07981322385022491,1.1816849596082806,0.06974446423395653,1.1567008361433868,7.856838850712393,0.8874554141407316,1.0,71.97628708944313
S10_C6,sensitivity,0.1,6.0,DISPLACEMENT_ORIGIN_ONLY,FAILED_AUCTION,STRUCTURAL,,0.5,198,69.1919191919192,30.808080808080806,0.0,1.0101010101010102,0.037878787878792966,1.1229508196721476,0.018189882482123006,1.05783266853647,3.5763767631997325,0.8420681007264648,3.0,3.601596731460355
S10_C6,sensitivity,0.1,6.0,DISPLACEMENT_ORIGIN_ONLY,FAILED_AUCTION,STRUCTURAL,,1.0,198,51.010101010101,45.95959595959596,3.0303030303030303,0.5050505050505051,0.054129851259386526,1.1168655423317797,0.03444094586271655,1.0728585211740582,3.5763767631997325,0.8420681007264648,3.0,6.819307280817878
S10_C6,sensitivity,0.1,6.0,DISPLACEMENT_ORIGIN_ONLY,FAILED_AUCTION,STRUCTURAL,,1.5,198,39.8989898989899,55.05050505050505,5.05050505050505,0.0,0.06402095221167674,1.1151803662587692,0.04433204681500677,1.0781227075824353,3.5763767631997325,0.8420681007264648,3.0,8.77774526937134
S10_C6,sensitivity,0.1,6.0,DISPLACEMENT_ORIGIN_ONLY,FAILED_AUCTION,STRUCTURAL,,2.0,198,30.303030303030305,61.111111111111114,8.585858585858585,0.0,0.04099172656531664,1.0661430127834421,0.021302821168646686,1.0336642700125485,3.5763767631997325,0.8420681007264648,3.0,4.217958591392044
S10_C6,sensitivity,0.1,6.0,DISPLACEMENT_ORIGIN_ONLY,FAILED_AUCTION,STRUCTURAL,,2.5,198,24.747474747474747,64.14141414141415,11.11111111111111,0.0,0.06009188088046532,1.0924423777159273,0.040402975483795366,1.0608766420706666,3.5763767631997325,0.8420681007264648,3.0,7.999789145791482
S10_C6,sensitivity,0.1,6.0,DISPLACEMENT_ORIGIN_ONLY,FAILED_AUCTION,STRUCTURAL,,3.0,198,19.19191919191919,66.16161616161617,14.646464646464647,0.0,0.05387932632402906,1.0803870395888213,0.034190420927359085,1.0499624727975474,3.5763767631997325,0.8420681007264648,3.0,6.769703343617099
S10_C6,sensitivity,0.1,6.0,DISPLACEMENT_ORIGIN_ONLY,PASSIVE_TOUCH,STRUCTURAL,,0.5,547,61.608775137111515,38.20840950639854,0.18281535648994515,16.453382084095065,-0.08588417891716296,0.782112913840729,-0.12402483228999393,0.697672763638661,2.056749999999738,0.33026941761409034,3.0,-67.84158326262668
S10_C6,sensitivity,0.1,6.0,DISPLACEMENT_ORIGIN_ONLY,PASSIVE_TOUCH,STRUCTURAL,,1.0,547,49.177330895795244,50.09140767824497,0.7312614259597806,14.80804387568556,-0.020155649427578148,0.9607334227522708,-0.05829630280040914,0.8905934073948953,2.056749999999738,0.33026941761409034,3.0,-31.8880776318238
S10_C6,sensitivity,0.1,6.0,DISPLACEMENT_ORIGIN_ONLY,PASSIVE_TOUCH,STRUCTURAL,,1.5,547,40.95063985374772,57.22120658135283,1.8281535648994516,14.442413162705666,0.034493983895209815,1.0589367866107218,-0.0036466694776211925,0.9939974789829517,2.056749999999738,0.33026941761409034,3.0,-1.9947282042587924
S10_C6,sensitivity,0.1,6.0,DISPLACEMENT_ORIGIN_ONLY,PASSIVE_TOUCH,STRUCTURAL,,2.0,547,33.820840950639855,62.52285191956124,3.656307129798903,13.893967093235831,0.050866457714740104,1.0793458200939106,0.012725804341909135,1.0191252535121331,2.056749999999738,0.33026941761409034,3.0,6.9610149750242964
S10_C6,sensitivity,0.1,6.0,DISPLACEMENT_ORIGIN_ONLY,PASSIVE_TOUCH,STRUCTURAL,,2.5,547,29.06764168190128,65.63071297989032,5.301645338208409,13.528336380255942,0.08769376665346927,1.1304672544666277,0.049553113280638265,1.0710055792974853,2.056749999999738,0.33026941761409034,3.0,27.10555296450913
S10_C6,sensitivity,0.1,6.0,DISPLACEMENT_ORIGIN_ONLY,PASSIVE_TOUCH,STRUCTURAL,,3.0,547,24.49725776965265,68.55575868372942,6.946983546617916,13.345521023765997,0.08747232584555975,1.124710687450524,0.04933167247272875,1.0677331289138876,2.056749999999738,0.33026941761409034,3.0,26.984424842582627
S10_C6,sensitivity,0.1,6.0,DISPLACEMENT_ORIGIN_ONLY,RECLAIM_PULLBACK,STRUCTURAL,,0.5,953,61.07030430220357,28.33158447009444,10.598111227701994,2.2035676810073452,0.007059597221358219,1.0232726377629635,-0.007352769880834057,0.976165453414009,6.15130974756039,0.4834682137279742,3.0,-7.007189696434857
S10_C6,sensitivity,0.1,6.0,DISPLACEMENT_ORIGIN_ONLY,RECLAIM_PULLBACK,STRUCTURAL,,1.0,953,39.769150052465896,38.30010493179433,21.93074501573977,1.5739769150052465,0.028039001831433326,1.0681459385761538,0.013626634729241053,1.0325666608419621,6.15130974756039,0.4834682137279742,3.0,12.986182896966724
S10_C6,sensitivity,0.1,6.0,DISPLACEMENT_ORIGIN_ONLY,RECLAIM_PULLBACK,STRUCTURAL,,1.5,953,28.01678908709339,43.33683105981112,28.64637985309549,1.2591815320041972,0.04328382525222111,1.0932874755628832,0.02887145815002884,1.0611634087551365,6.15130974756039,0.4834682137279742,3.0,27.514499616977485
S10_C6,sensitivity,0.1,6.0,DISPLACEMENT_ORIGIN_ONLY,RECLAIM_PULLBACK,STRUCTURAL,,2.0,953,20.041972717733472,45.9601259181532,33.997901364113325,1.2591815320041972,0.05252996586569339,1.1067974633308282,0.03811759876350113,1.0761644910470385,6.15130974756039,0.4834682137279742,3.0,36.32607162161658
S10_C6,sensitivity,0.1,6.0,DISPLACEMENT_ORIGIN_ONLY,RECLAIM_PULLBACK,STRUCTURAL,,2.5,953,15.110178384050368,46.904512067156354,37.98530954879328,1.2591815320041972,0.07393534032217208,1.1473590997171301,0.05952297321997983,1.1165576941330135,6.15130974756039,0.4834682137279742,3.0,56.72539347864078
S10_C6,sensitivity,0.1,6.0,DISPLACEMENT_ORIGIN_ONLY,RECLAIM_PULLBACK,STRUCTURAL,,3.0,953,10.49317943336831,48.05876180482686,41.44805876180483,1.2591815320041972,0.05272491606374688,1.1024088213878893,0.03831254896155462,1.0730783180849213,6.15130974756039,0.4834682137279742,3.0,36.51185916036155
S10_C6,sensitivity,0.1,6.0,DISPLACEMENT_ORIGIN_ONLY,TOUCH_NEXT_OPEN,VOL_FLOOR_0.25,0.25,0.5,1275,66.66666666666666,21.88235294117647,11.450980392156863,0.4705882352941176,0.09670280951978846,1.3991533144434252,0.08305403533589284,1.3378329614143638,6.451148829412887,0.669623981467339,1.0,105.89389505326338
S10_C6,sensitivity,0.1,6.0,DISPLACEMENT_ORIGIN_ONLY,TOUCH_NEXT_OPEN,VOL_FLOOR_0.25,0.25,1.0,1275,44.627450980392155,32.23529411764706,23.137254901960784,0.2352941176470588,0.13533464326094408,1.382407793233058,0.12168586907704845,1.3384586704017354,6.451148829412887,0.669623981467339,1.0,155.14948307323678
S10_C6,sensitivity,0.1,6.0,DISPLACEMENT_ORIGIN_ONLY,TOUCH_NEXT_OPEN,VOL_FLOOR_0.25,0.25,1.5,1275,30.50980392156863,39.13725490196078,30.352941176470587,0.0784313725490196,0.1185052486526597,1.2783463762029739,0.10485647446876409,1.242292357263358,6.451148829412887,0.669623981467339,1.0,133.6920049476742
S10_C6,sensitivity,0.1,6.0,DISPLACEMENT_ORIGIN_ONLY,TOUCH_NEXT_OPEN,VOL_FLOOR_0.25,0.25,2.0,1275,20.941176470588236,42.509803921568626,36.549019607843135,0.0784313725490196,0.11061287242136203,1.2397146869977933,0.0969640982374664,1.2066142279546521,6.451148829412887,0.669623981467339,1.0,123.62922525276967
S10_C6,sensitivity,0.1,6.0,DISPLACEMENT_ORIGIN_ONLY,TOUCH_NEXT_OPEN,VOL_FLOOR_0.25,0.25,2.5,1275,14.980392156862745,44.15686274509804,40.86274509803921,0.0,0.10496778728877802,1.2191733789138985,0.09131901310488238,1.1874300916799119,6.451148829412887,0.669623981467339,1.0,116.43174170872504
S10_C6,sensitivity,0.1,6.0,DISPLACEMENT_ORIGIN_ONLY,TOUCH_NEXT_OPEN,VOL_FLOOR_0.25,0.25,3.0,1275,11.215686274509803,44.86274509803921,43.92156862745098,0.0,0.11166567375343775,1.229672878569171,0.09801689956954215,1.1981401668237834,6.451148829412887,0.669623981467339,1.0,124.97154695116625
S10_C6,sensitivity,0.1,6.0,DISPLACEMENT_ORIGIN_ONLY,TOUCH_NEXT_OPEN,VOL_FLOOR_0.50,0.5,0.5,1275,66.50980392156862,22.03921568627451,11.450980392156863,0.0,0.09434986834331732,1.3869359475240857,0.08337137254329743,1.337772752533384,6.916984900844,1.185097088067998,1.0,106.29849999270422
S10_C6,sensitivity,0.1,6.0,DISPLACEMENT_ORIGIN_ONLY,TOUCH_NEXT_OPEN,VOL_FLOOR_0.50,0.5,1.0,1275,43.29411764705882,33.33333333333333,23.372549019607845,0.0784313725490196,0.111492194688741,1.3054557841255245,0.10051369888872112,1.2718389721594547,6.916984900844,1.185097088067998,1.0,128.15496608311943
S10_C6,sensitivity,0.1,6.0,DISPLACEMENT_ORIGIN_ONLY,TOUCH_NEXT_OPEN,VOL_FLOOR_0.50,0.5,1.5,1275,29.568627450980394,39.13725490196078,31.294117647058822,0.0,0.10723015645335225,1.2513328174065057,0.0962516606533324,1.222657201032123,6.916984900844,1.185097088067998,1.0,122.72086733299881
S10_C6,sensitivity,0.1,6.0,DISPLACEMENT_ORIGIN_ONLY,TOUCH_NEXT_OPEN,VOL_FLOOR_0.50,0.5,2.0,1275,20.0,41.72549019607843,38.27450980392157,0.0,0.11312412799633617,1.2491336361051488,0.10214563219631631,1.2219922370884466,6.916984900844,1.185097088067998,1.0,130.2356810503033
S10_C6,sensitivity,0.1,6.0,DISPLACEMENT_ORIGIN_ONLY,TOUCH_NEXT_OPEN,VOL_FLOOR_0.50,0.5,2.5,1275,14.117647058823529,43.13725490196079,42.745098039215684,0.0,0.10883808800698737,1.232112255020473,0.0978595922069675,1.2058941459750705,6.916984900844,1.185097088067998,1.0,124.77098006388356
S10_C6,sensitivity,0.1,6.0,DISPLACEMENT_ORIGIN_ONLY,TOUCH_NEXT_OPEN,VOL_FLOOR_0.50,0.5,3.0,1275,9.490196078431373,44.0,46.509803921568626,0.0,0.09240119826175476,1.1933960337926008,0.08142270246173487,1.1681067215302252,6.916984900844,1.185097088067998,1.0,103.81394563871197
S10_C6,sensitivity,0.1,6.0,DISPLACEMENT_ORIGIN_ONLY,TOUCH_NEXT_OPEN,VOL_FLOOR_0.75,0.75,0.5,1275,65.41176470588236,22.980392156862745,11.607843137254902,0.0,0.07892255694017072,1.3109935012637919,0.06959589292692372,1.2713913721053083,7.707651556302837,1.2931218407402782,1.0,88.73476348182774
S10_C6,sensitivity,0.1,6.0,DISPLACEMENT_ORIGIN_ONLY,TOUCH_NEXT_OPEN,VOL_FLOOR_0.75,0.75,1.0,1275,42.19607843137255,32.62745098039216,25.176470588235293,0.0784313725490196,0.10809539031075331,1.2992630852340499,0.09876872629750631,1.2704708147518045,7.707651556302837,1.2931218407402782,1.0,125.93012602932055
S10_C6,sensitivity,0.1,6.0,DISPLACEMENT_ORIGIN_ONLY,TOUCH_NEXT_OPEN,VOL_FLOOR_0.75,0.75,1.5,1275,28.3921568627451,37.1764705882353,34.431372549019606,0.0,0.11751412351813818,1.2858875142194617,0.10818745950489118,1.260289259041512,7.707651556302837,1.2931218407402782,1.0,137.93901086873626
S10_C6,sensitivity,0.1,6.0,DISPLACEMENT_ORIGIN_ONLY,TOUCH_NEXT_OPEN,VOL_FLOOR_0.75,0.75,2.0,1275,17.725490196078432,39.21568627450981,43.05882352941177,0.0,0.11034988716850225,1.2550434359630842,0.10102322315525525,1.2308622299136605,7.707651556302837,1.2931218407402782,1.0,128.80460952295044
S10_C6,sensitivity,0.1,6.0,DISPLACEMENT_ORIGIN_ONLY,TOUCH_NEXT_OPEN,VOL_FLOOR_0.75,0.75,2.5,1275,12.156862745098039,39.84313725490196,48.0,0.0,0.1210023588649357,1.275081842929185,0.11167569485168867,1.2510041243176437,7.707651556302837,1.2931218407402782,1.0,142.38651093590306
S10_C6,sensitivity,0.1,6.0,DISPLACEMENT_ORIGIN_ONLY,TOUCH_NEXT_OPEN,VOL_FLOOR_0.75,0.75,3.0,1275,7.0588235294117645,40.627450980392155,52.313725490196084,0.0,0.0969071871622379,1.2162416600286383,0.0875805231489909,1.1931907089256548,7.707651556302837,1.2931218407402782,1.0,111.6651670149634
S10_C6,sensitivity,0.1,6.0,DISPLACEMENT_ORIGIN_ONLY,TOUCH_NEXT_OPEN,VOL_FLOOR_1.00,1.0,0.5,1275,63.68627450980392,23.294117647058822,13.019607843137255,0.0784313725490196,0.064912263198981,1.249895261154589,0.0569296040808478,1.2171345052118743,8.662475787800831,1.724162454320371,1.0,72.58524520308094
S10_C6,sensitivity,0.1,6.0,DISPLACEMENT_ORIGIN_ONLY,TOUCH_NEXT_OPEN,VOL_FLOOR_1.00,1.0,1.0,1275,38.745098039215684,31.215686274509803,30.039215686274513,0.0784313725490196,0.09126269752137316,1.2576910809762365,0.08328003840323998,1.23286387578638,8.662475787800831,1.724162454320371,1.0,106.18204896413097
S10_C6,sensitivity,0.1,6.0,DISPLACEMENT_ORIGIN_ONLY,TOUCH_NEXT_OPEN,VOL_FLOOR_1.00,1.0,1.5,1275,25.176470588235293,33.80392156862745,41.01960784313726,0.0,0.11486921025388777,1.2993788470156742,0.1068865511357546,1.2757807925586289,8.662475787800831,1.724162454320371,1.0,136.2803526980871
S10_C6,sensitivity,0.1,6.0,DISPLACEMENT_ORIGIN_ONLY,TOUCH_NEXT_OPEN,VOL_FLOOR_1.00,1.0,2.0,1275,13.96078431372549,35.21568627450981,50.8235294117647,0.0,0.10462545408285727,1.2611191707066025,0.09664279496472407,1.2387493360748603,8.662475787800831,1.724162454320371,1.0,123.21956358002319
S10_C6,sensitivity,0.1,6.0,DISPLACEMENT_ORIGIN_ONLY,TOUCH_NEXT_OPEN,VOL_FLOOR_1.00,1.0,2.5,1275,8.235294117647058,35.529411764705884,56.23529411764706,0.0,0.11396885588384677,1.2822281900195736,0.10598619676571362,1.2597975857132018,8.662475787800831,1.724162454320371,1.0,135.13240087628486
S10_C6,sensitivity,0.1,6.0,DISPLACEMENT_ORIGIN_ONLY,TOUCH_NEXT_OPEN,VOL_FLOOR_1.00,1.0,3.0,1275,3.8431372549019605,35.84313725490196,60.31372549019608,0.0,0.09368589423509305,1.2299661869624139,0.08570323511695985,1.2082145077223836,8.662475787800831,1.724162454320371,1.0,109.27162477412381
S10_C6,sensitivity,0.1,6.0,DOZ_OBJECTIVE_ONLY,CLEAN_REJECTION,STRUCTURAL,,0.5,17,76.47058823529412,23.52941176470588,0.0,0.0,0.14705882352941024,1.6249999999999936,0.1312243509695929,1.5475071804540554,4.078506139206638,2.3887938118155034,2.0,2.2308139664830793
S10_C6,sensitivity,0.1,6.0,DOZ_OBJECTIVE_ONLY,CLEAN_REJECTION,STRUCTURAL,,1.0,17,76.47058823529412,23.52941176470588,0.0,0.0,0.5294117647058824,3.25,0.513577292146065,3.1427978350853256,4.078506139206638,2.3887938118155034,2.0,8.730813966483105
S10_C6,sensitivity,0.1,6.0,DOZ_OBJECTIVE_ONLY,CLEAN_REJECTION,STRUCTURAL,,1.5,17,58.82352941176471,41.17647058823529,0.0,0.0,0.4705882352941187,2.1428571428571455,0.4547537627343015,2.0853050073348283,4.078506139206638,2.3887938118155034,2.0,7.730813966483126
S10_C6,sensitivity,0.1,6.0,DOZ_OBJECTIVE_ONLY,CLEAN_REJECTION,STRUCTURAL,,2.0,17,47.05882352941176,41.17647058823529,11.76470588235294,0.0,0.6776606552644185,2.6457473056421597,0.6618261827046011,2.579499344339168,4.078506139206638,2.3887938118155034,2.0,11.25104510597822
S10_C6,sensitivity,0.1,6.0,DOZ_OBJECTIVE_ONLY,CLEAN_REJECTION,STRUCTURAL,,2.5,17,23.52941176470588,52.94117647058824,23.52941176470588,0.0,0.28197422646359965,1.5170596299102004,0.26613975390378236,1.4787690201937058,4.078506139206638,2.3887938118155034,2.0,4.5243758163643
S10_C6,sensitivity,0.1,6.0,DOZ_OBJECTIVE_ONLY,CLEAN_REJECTION,STRUCTURAL,,3.0,17,23.52941176470588,52.94117647058824,23.52941176470588,0.0,0.39962128528712715,1.732790498146732,0.3837868127273098,1.690408830689567,4.078506139206638,2.3887938118155034,2.0,6.524375816364267
S10_C6,sensitivity,0.1,6.0,DOZ_OBJECTIVE_ONLY,FAILED_AUCTION,STRUCTURAL,,0.5,18,55.55555555555556,44.44444444444444,0.0,5.555555555555555,-0.16666666666667862,0.6249999999999731,-0.1845732297300982,0.5935236740959471,4.208137054105464,1.0612182713311995,1.5,-3.3223181351417677
S10_C6,sensitivity,0.1,6.0,DOZ_OBJECTIVE_ONLY,FAILED_AUCTION,STRUCTURAL,,1.0,18,33.33333333333333,66.66666666666666,0.0,5.555555555555555,-0.3333333333333333,0.5,-0.3512398963967529,0.48322735427465496,4.208137054105464,1.0612182713311995,1.5,-6.322318135141552
S10_C6,sensitivity,0.1,6.0,DOZ_OBJECTIVE_ONLY,FAILED_AUCTION,STRUCTURAL,,1.5,18,27.77777777777778,72.22222222222221,0.0,5.555555555555555,-0.30555555555555647,0.5769230769230757,-0.3234621186189761,0.5613513679453753,4.208137054105464,1.0612182713311995,1.5,-5.82231813514157
S10_C6,sensitivity,0.1,6.0,DOZ_OBJECTIVE_ONLY,FAILED_AUCTION,STRUCTURAL,,2.0,18,16.666666666666664,77.77777777777779,5.555555555555555,0.0,-0.40951963526512003,0.4734747546591314,-0.4274261983285396,0.46110549195597966,4.208137054105464,1.0612182713311995,1.5,-7.693671569913713
S10_C6,sensitivity,0.1,6.0,DOZ_OBJECTIVE_ONLY,FAILED_AUCTION,STRUCTURAL,,2.5,18,11.11111111111111,77.77777777777779,11.11111111111111,0.0,-0.33777857376426135,0.5657132623030926,-0.3556851368276809,0.5515558765960539,4.208137054105464,1.0612182713311995,1.5,-6.402332462898256
S10_C6,sensitivity,0.1,6.0,DOZ_OBJECTIVE_ONLY,FAILED_AUCTION,STRUCTURAL,,3.0,18,5.555555555555555,83.33333333333334,11.11111111111111,0.0,-0.504445240430928,0.3946657114828864,-0.5223518034943475,0.3851129209693369,4.208137054105464,1.0612182713311995,1.5,-9.402332462898256
S10_C6,sensitivity,0.1,6.0,DOZ_OBJECTIVE_ONLY,PASSIVE_TOUCH,STRUCTURAL,,0.5,32,56.25,43.75,0.0,37.5,-0.3048222215166612,0.4798896615030809,-0.3572099176085532,0.4204706236730227,1.3301607217088076,0.48181267181143994,0.0,-11.430717363473702
S10_C6,sensitivity,0.1,6.0,DOZ_OBJECTIVE_ONLY,PASSIVE_TOUCH,STRUCTURAL,,1.0,32,53.125,46.875,0.0,34.375,-0.08607222151664046,0.8605716455416462,-0.13845991760853243,0.786448863080729,1.3301607217088076,0.48181267181143994,0.0,-4.430717363473038
S10_C6,sensitivity,0.1,6.0,DOZ_OBJECTIVE_ONLY,PASSIVE_TOUCH,STRUCTURAL,,1.5,32,46.875,53.125,0.0,34.375,0.02330277848337467,1.0342777534270469,-0.029084917608517308,0.9592641866631371,1.3301607217088076,0.48181267181143994,0.0,-0.9307173634725538
S10_C6,sensitivity,0.1,6.0,DOZ_OBJECTIVE_ONLY,PASSIVE_TOUCH,STRUCTURAL,,2.0,32,37.5,62.5,0.0,34.375,-0.023572221516640457,0.9695280920630454,-0.07595991760853245,0.9063434453778899,1.3301607217088076,0.48181267181143994,0.0,-2.4307173634730384
S10_C6,sensitivity,0.1,6.0,DOZ_OBJECTIVE_ONLY,PASSIVE_TOUCH,STRUCTURAL,,2.5,32,34.375,65.625,0.0,34.375,0.05455277848334247,1.067782395943965,0.002165082391450482,1.0025676882355676,1.3301607217088076,0.48181267181143994,0.0,0.06928263652641542
S10_C6,sensitivity,0.1,6.0,DOZ_OBJECTIVE_ONLY,PASSIVE_TOUCH,STRUCTURAL,,3.0,32,34.375,65.625,0.0,34.375,0.22642777848335954,1.2813388751327834,0.17404008239146757,1.2064035409638123,1.3301607217088076,0.48181267181143994,0.0,5.569282636526962
S10_C6,sensitivity,0.1,6.0,DOZ_OBJECTIVE_ONLY,RECLAIM_PULLBACK,STRUCTURAL,,0.5,30,60.0,40.0,0.0,10.0,-0.09999999999997825,0.7500000000000545,-0.12482044457502102,0.6967588852101593,2.876711549466336,0.8377182713311413,2.0,-3.7446133372506307
S10_C6,sensitivity,0.1,6.0,DOZ_OBJECTIVE_ONLY,RECLAIM_PULLBACK,STRUCTURAL,,1.0,30,50.0,50.0,0.0,10.0,0.0,1.0,-0.024820444575042847,0.9516771549952535,2.876711549466336,0.8377182713311413,2.0,-0.7446133372512854
S10_C6,sensitivity,0.1,6.0,DOZ_OBJECTIVE_ONLY,RECLAIM_PULLBACK,STRUCTURAL,,1.5,30,43.333333333333336,56.666666666666664,0.0,6.666666666666667,0.08333333333332281,1.147058823529393,0.05851288875827995,1.1005614998290956,2.876711549466336,0.8377182713311413,2.0,1.7553866627483985
S10_C6,sensitivity,0.1,6.0,DOZ_OBJECTIVE_ONLY,RECLAIM_PULLBACK,STRUCTURAL,,2.0,30,33.33333333333333,66.66666666666666,0.0,6.666666666666667,0.0,1.0,-0.024820444575042875,0.9637836831665806,2.876711549466336,0.8377182713311413,2.0,-0.7446133372512862
S10_C6,sensitivity,0.1,6.0,DOZ_OBJECTIVE_ONLY,RECLAIM_PULLBACK,STRUCTURAL,,2.5,30,26.666666666666668,70.0,3.3333333333333335,6.666666666666667,0.005161539478119852,1.0073736278258856,-0.019658905096923016,0.9726666152144025,2.876711549466336,0.8377182713311413,2.0,-0.5897671529076904
S10_C6,sensitivity,0.1,6.0,DOZ_OBJECTIVE_ONLY,RECLAIM_PULLBACK,STRUCTURAL,,3.0,30,16.666666666666664,73.33333333333333,10.0,6.666666666666667,-0.04441591079914405,0.939432848910258,-0.06923635537418688,0.9081122961016695,2.876711549466336,0.8377182713311413,2.0,-2.0770906612256064
S10_C6,sensitivity,0.1,6.0,DOZ_OBJECTIVE_ONLY,TOUCH_NEXT_OPEN,VOL_FLOOR_0.25,0.25,0.5,35,77.14285714285715,22.857142857142858,0.0,2.857142857142857,0.15714285714286683,1.6875000000000473,0.13423775170658808,1.5766487650102623,2.759558436512135,1.0678044625342782,1.0,4.6983213097305825
S10_C6,sensitivity,0.1,6.0,DOZ_OBJECTIVE_ONLY,TOUCH_NEXT_OPEN,VOL_FLOOR_0.25,0.25,1.0,35,62.857142857142854,37.142857142857146,0.0,2.857142857142857,0.25714285714284674,1.6923076923076479,0.23423775170656796,1.615025038509896,2.759558436512135,1.0678044625342782,1.0,8.198321309729879
S10_C6,sensitivity,0.1,6.0,DOZ_OBJECTIVE_ONLY,TOUCH_NEXT_OPEN,VOL_FLOOR_0.25,0.25,1.5,35,45.714285714285715,54.285714285714285,0.0,2.857142857142857,0.14285714285714124,1.2631578947368354,0.11995203742086247,1.2158595159654004,2.759558436512135,1.0678044625342782,1.0,4.198321309730186
S10_C6,sensitivity,0.1,6.0,DOZ_OBJECTIVE_ONLY,TOUCH_NEXT_OPEN,VOL_FLOOR_0.25,0.25,2.0,35,40.0,60.0,0.0,2.857142857142857,0.1999999999999904,1.3333333333333137,0.17709489456371158,1.2881651813676787,2.759558436512135,1.0678044625342782,1.0,6.198321309729906
S10_C6,sensitivity,0.1,6.0,DOZ_OBJECTIVE_ONLY,TOUCH_NEXT_OPEN,VOL_FLOOR_0.25,0.25,2.5,35,28.57142857142857,65.71428571428571,5.714285714285714,2.857142857142857,0.09352373458245282,1.140662514069139,0.07061862914617403,1.1036956665276434,2.759558436512135,1.0678044625342782,1.0,2.471652020116091
S10_C6,sensitivity,0.1,6.0,DOZ_OBJECTIVE_ONLY,TOUCH_NEXT_OPEN,VOL_FLOOR_0.25,0.25,3.0,35,28.57142857142857,65.71428571428571,5.714285714285714,0.0,0.2363808774396002,1.3555239602756581,0.2134757720033214,1.3134656213669507,2.759558436512135,1.0678044625342782,1.0,7.471652020116249
S10_C6,sensitivity,0.1,6.0,DOZ_OBJECTIVE_ONLY,TOUCH_NEXT_OPEN,VOL_FLOOR_0.50,0.5,0.5,35,68.57142857142857,31.428571428571427,0.0,2.857142857142857,0.028571428571416885,1.0909090909090535,0.012190370330499955,1.0381961121906247,4.061911369618429,1.7929419274824598,1.0,0.4266629615674984
S10_C6,sensitivity,0.1,6.0,DOZ_OBJECTIVE_ONLY,TOUCH_NEXT_OPEN,VOL_FLOOR_0.50,0.5,1.0,35,54.285714285714285,45.714285714285715,0.0,2.857142857142857,0.08571428571428084,1.1874999999999885,0.0693332274733639,1.1490698005007522,4.061911369618429,1.7929419274824598,1.0,2.4266629615677364
S10_C6,sensitivity,0.1,6.0,DOZ_OBJECTIVE_ONLY,TOUCH_NEXT_OPEN,VOL_FLOOR_0.50,0.5,1.5,35,40.0,60.0,0.0,0.0,4.0729324674820026e-15,1.0000000000000069,-0.0163810582409128,0.9731647582971792,4.061911369618429,1.7929419274824598,1.0,-0.573337038431948
S10_C6,sensitivity,0.1,6.0,DOZ_OBJECTIVE_ONLY,TOUCH_NEXT_OPEN,VOL_FLOOR_0.50,0.5,2.0,35,34.285714285714285,65.71428571428571,0.0,0.0,0.02857142857142031,1.0434782608695523,0.012190370330503362,1.018248114479754,4.061911369618429,1.7929419274824598,1.0,0.4266629615676176
S10_C6,sensitivity,0.1,6.0,DOZ_OBJECTIVE_ONLY,TOUCH_NEXT_OPEN,VOL_FLOOR_0.50,0.5,2.5,35,25.71428571428571,68.57142857142857,5.714285714285714,0.0,-0.006476265417552022,0.9906608273528411,-0.022857323658468934,0.9675893966964659,4.061911369618429,1.7929419274824598,1.0,-0.8000063280464127
S10_C6,sensitivity,0.1,6.0,DOZ_OBJECTIVE_ONLY,TOUCH_NEXT_OPEN,VOL_FLOOR_0.50,0.5,3.0,35,25.71428571428571,68.57142857142857,5.714285714285714,0.0,0.12209516315387964,1.1760687270454935,0.10571410491296265,1.1498975982103998,4.061911369618429,1.7929419274824598,1.0,3.6999936719536928
S10_C6,sensitivity,0.1,6.0,DOZ_OBJECTIVE_ONLY,TOUCH_NEXT_OPEN,VOL_FLOOR_0.75,0.75,0.5,35,71.42857142857143,28.57142857142857,0.0,0.0,0.0714285714285692,1.249999999999991,0.05965104065886536,1.2061083366291492,5.115783818225282,2.1960000000003674,1.0,2.0877864230602876
S10_C6,sensitivity,0.1,6.0,DOZ_OBJECTIVE_ONLY,TOUCH_NEXT_OPEN,VOL_FLOOR_0.75,0.75,1.0,35,57.14285714285714,42.857142857142854,0.0,0.0,0.14285714285713752,1.3333333333333184,0.13107961208743368,1.3016435037388745,5.115783818225282,2.1960000000003674,1.0,4.587786423060179
S10_C6,sensitivity,0.1,6.0,DOZ_OBJECTIVE_ONLY,TOUCH_NEXT_OPEN,VOL_FLOOR_0.75,0.75,1.5,35,45.714285714285715,54.285714285714285,0.0,0.0,0.1428571428571322,1.2631578947368205,0.13107961208742833,1.2382674938345704,5.115783818225282,2.1960000000003674,1.0,4.587786423059992
S10_C6,sensitivity,0.1,6.0,DOZ_OBJECTIVE_ONLY,TOUCH_NEXT_OPEN,VOL_FLOOR_0.75,0.75,2.0,35,34.285714285714285,57.14285714285714,8.571428571428571,0.0,0.24168693323064874,1.422952133153632,0.22990940246094488,1.3972002441096998,5.115783818225282,2.1960000000003674,1.0,8.046829086133071
S10_C6,sensitivity,0.1,6.0,DOZ_OBJECTIVE_ONLY,TOUCH_NEXT_OPEN,VOL_FLOOR_0.75,0.75,2.5,35,14.285714285714285,60.0,25.71428571428571,0.0,0.0858980451329831,1.141340715654447,0.07412051436327922,1.1203309073203016,5.115783818225282,2.1960000000003674,1.0,2.594218002714773
S10_C6,sensitivity,0.1,6.0,DOZ_OBJECTIVE_ONLY,TOUCH_NEXT_OPEN,VOL_FLOOR_0.75,0.75,3.0,35,11.428571428571429,60.0,28.57142857142857,0.0,0.13959280073437946,1.2296926120432727,0.12781526996467554,1.2075016280763742,5.115783818225282,2.1960000000003674,1.0,4.473534448763644
S10_C6,sensitivity,0.1,6.0,DOZ_OBJECTIVE_ONLY,TOUCH_NEXT_OPEN,VOL_FLOOR_1.00,1.0,0.5,35,71.42857142857143,28.57142857142857,0.0,0.0,0.07142857142856862,1.249999999999992,0.062201831264162497,1.2157238608838126,6.00304650196402,2.1960000000003674,1.0,2.1770640942456874
S10_C6,sensitivity,0.1,6.0,DOZ_OBJECTIVE_ONLY,TOUCH_NEXT_OPEN,VOL_FLOOR_1.00,1.0,1.0,35,51.42857142857142,42.857142857142854,5.714285714285714,0.0,0.09599037383774463,1.2209681017512104,0.08676363367333853,1.197552974609734,6.00304650196402,2.1960000000003674,1.0,3.0367271785668484
S10_C6,sensitivity,0.1,6.0,DOZ_OBJECTIVE_ONLY,TOUCH_NEXT_OPEN,VOL_FLOOR_1.00,1.0,1.5,35,37.142857142857146,45.714285714285715,17.142857142857142,0.0,0.1908443788749484,1.3992874848131833,0.18161763871054223,1.3757377112053712,6.00304650196402,2.1960000000003674,1.0,6.356617354868979
S10_C6,sensitivity,0.1,6.0,DOZ_OBJECTIVE_ONLY,TOUCH_NEXT_OPEN,VOL_FLOOR_1.00,1.0,2.0,35,17.142857142857142,51.42857142857142,31.428571428571427,0.0,0.07623436652993189,1.1424661310396718,0.06700762636552578,1.1238532955144809,6.00304650196402,2.1960000000003674,1.0,2.345266922793402
S10_C6,sensitivity,0.1,6.0,DOZ_OBJECTIVE_ONLY,TOUCH_NEXT_OPEN,VOL_FLOOR_1.00,1.0,2.5,35,11.428571428571429,51.42857142857142,37.142857142857146,0.0,0.06307929484879128,1.116360401609593,0.053852554684385164,1.098218006064169,6.00304650196402,2.1960000000003674,1.0,1.8848394139534808
S10_C6,sensitivity,0.1,6.0,DOZ_OBJECTIVE_ONLY,TOUCH_NEXT_OPEN,VOL_FLOOR_1.00,1.0,3.0,35,8.571428571428571,54.285714285714285,37.142857142857146,0.0,0.005936437705933721,1.010402499055453,-0.00329030245847241,0.9942993359317711,6.00304650196402,2.1960000000003674,1.0,-0.11516058604653434
S10_C6,sensitivity,0.1,6.0,MEMORY_ONLY,ACCEPTANCE_RETEST,STRUCTURAL,,0.5,68,63.23529411764706,36.76470588235294,0.0,4.411764705882353,-0.05147058823529788,0.8599999999999898,-0.07044140867001586,0.8120950503608511,3.051960425958441,1.7089602966930215,6.5,-4.790015789561078
S10_C6,sensitivity,0.1,6.0,MEMORY_ONLY,ACCEPTANCE_RETEST,STRUCTURAL,,1.0,68,47.05882352941176,51.470588235294116,1.4705882352941175,4.411764705882353,-0.04003508768408693,0.9222175439280597,-0.0590059081188049,0.8875872879443577,3.051960425958441,1.7089602966930215,6.5,-4.012401752078733
S10_C6,sensitivity,0.1,6.0,MEMORY_ONLY,ACCEPTANCE_RETEST,STRUCTURAL,,1.5,68,39.705882352941174,57.35294117647059,2.941176470588235,4.411764705882353,0.017937852013939645,1.0308352006542294,-0.001032968420778324,0.9982590597179504,3.051960425958441,1.7089602966930215,6.5,-0.07024185261292604
S10_C6,sensitivity,0.1,6.0,MEMORY_ONLY,ACCEPTANCE_RETEST,STRUCTURAL,,2.0,68,32.35294117647059,63.23529411764706,4.411764705882353,4.411764705882353,0.019412009937534322,1.0303049157787818,0.0004411895028163722,1.0006753812220792,3.051960425958441,1.7089602966930215,6.5,0.03000088619151331
S10_C6,sensitivity,0.1,6.0,MEMORY_ONLY,ACCEPTANCE_RETEST,STRUCTURAL,,2.5,68,27.941176470588236,64.70588235294117,7.352941176470589,4.411764705882353,0.08775931958614297,1.133930049535461,0.068788499151425,1.1029508285838068,3.051960425958441,1.7089602966930215,6.5,4.6776179422969
S10_C6,sensitivity,0.1,6.0,MEMORY_ONLY,ACCEPTANCE_RETEST,STRUCTURAL,,3.0,68,20.588235294117645,67.64705882352942,11.76470588235294,4.411764705882353,0.04029786316689319,1.0588569978639815,0.02132704273217523,1.0305546642525387,3.051960425958441,1.7089602966930215,6.5,1.4502389057879157
S10_C6,sensitivity,0.1,6.0,MEMORY_ONLY,CLEAN_REJECTION,STRUCTURAL,,0.5,868,65.78341013824884,33.17972350230415,1.0368663594470047,0.0,-0.00533714226594002,0.9840425055484578,-0.020851918731833854,0.9386405019080796,3.8947678337742673,1.9354900181483572,1.0,-18.099465459231787
S10_C6,sensitivity,0.1,6.0,MEMORY_ONLY,CLEAN_REJECTION,STRUCTURAL,,1.0,868,48.04147465437788,49.76958525345622,2.1889400921658986,0.0,-0.01794321212246041,0.9642860806270193,-0.033457988588354234,0.9344439762094329,3.8947678337742673,1.9354900181483572,1.0,-29.041534094691475
S10_C6,sensitivity,0.1,6.0,MEMORY_ONLY,CLEAN_REJECTION,STRUCTURAL,,1.5,868,37.55760368663594,57.6036866359447,4.838709677419355,0.0,-0.00559232068219091,0.9904224938811887,-0.021107097148084755,0.9644216738906618,3.8947678337742673,1.9354900181483572,1.0,-18.320960324537566
S10_C6,sensitivity,0.1,6.0,MEMORY_ONLY,CLEAN_REJECTION,STRUCTURAL,,2.0,868,28.80184331797235,61.9815668202765,9.216589861751153,0.0,-0.0005451011374984522,0.9991332626490625,-0.0160598776033923,0.9748713528792599,3.8947678337742673,1.9354900181483572,1.0,-13.939973759744518
S10_C6,sensitivity,0.1,6.0,MEMORY_ONLY,CLEAN_REJECTION,STRUCTURAL,,2.5,868,24.308755760368665,63.94009216589862,11.751152073732719,0.0,0.0410230953996536,1.0632124473534799,0.025508318933759773,1.038678259982534,3.8947678337742673,1.9354900181483572,1.0,22.141220834503482
S10_C6,sensitivity,0.1,6.0,MEMORY_ONLY,CLEAN_REJECTION,STRUCTURAL,,3.0,868,19.470046082949306,65.32258064516128,15.207373271889402,0.0,0.05688493736858308,1.085674084775104,0.04137016090268923,1.061310380407001,3.8947678337742673,1.9354900181483572,1.0,35.909299663534256
S10_C6,sensitivity,0.1,6.0,MEMORY_ONLY,FAILED_AUCTION,STRUCTURAL,,0.5,267,67.79026217228464,30.711610486891384,1.4981273408239701,0.0,0.03042499973830112,1.0984927587358768,0.019344964788090373,1.0619104466329161,5.656893261889309,2.463369517432511,7.0,5.16510559842013
S10_C6,sensitivity,0.1,6.0,MEMORY_ONLY,FAILED_AUCTION,STRUCTURAL,,1.0,267,51.31086142322098,44.19475655430712,4.49438202247191,0.0,0.07972211991271001,1.1789378651098046,0.06864208496249927,1.1523148630037436,5.656893261889309,2.463369517432511,7.0,18.327436684987305
S10_C6,sensitivity,0.1,6.0,MEMORY_ONLY,FAILED_AUCTION,STRUCTURAL,,1.5,267,38.20224719101123,53.558052434456926,8.239700374531834,0.0,0.05974800640427805,1.1107696190928344,0.04866797145406728,1.0892120180870453,5.656893261889309,2.463369517432511,7.0,12.994348378235964
S10_C6,sensitivity,0.1,6.0,MEMORY_ONLY,FAILED_AUCTION,STRUCTURAL,,2.0,267,29.962546816479403,57.67790262172284,12.359550561797752,0.37453183520599254,0.09204958936423965,1.1585453646740798,0.08096955441402888,1.1378700790283987,5.656893261889309,2.463369517432511,7.0,21.618871028545712
S10_C6,sensitivity,0.1,6.0,MEMORY_ONLY,FAILED_AUCTION,STRUCTURAL,,2.5,267,23.970037453183522,59.176029962546814,16.853932584269664,0.37453183520599254,0.14192083286459187,1.238294282920982,0.13084079791438114,1.217180651337605,5.656893261889309,2.463369517432511,7.0,34.93449304313976
S10_C6,sensitivity,0.1,6.0,MEMORY_ONLY,FAILED_AUCTION,STRUCTURAL,,3.0,267,17.97752808988764,60.2996254681648,21.722846441947567,0.37453183520599254,0.13662101948309555,1.2247592357433779,0.12554098453288481,1.2041423912406926,5.656893261889309,2.463369517432511,7.0,33.519442870280244
S10_C6,sensitivity,0.1,6.0,MEMORY_ONLY,PASSIVE_TOUCH,STRUCTURAL,,0.5,983,56.358087487283825,43.438453713123096,0.20345879959308238,22.075279755849444,-0.21594512230572416,0.5661448773770631,-0.24746281037880755,0.5163816091014416,1.9134982073046558,0.7054890206609343,2.0,-243.2559426023678
S10_C6,sensitivity,0.1,6.0,MEMORY_ONLY,PASSIVE_TOUCH,STRUCTURAL,,1.0,983,46.08341810783316,53.50966429298067,0.40691759918616477,20.752797558494404,-0.1367165094128328,0.7717130772677075,-0.16823419748591623,0.7269147462646685,1.9134982073046558,0.7054890206609343,2.0,-165.37421612865566
S10_C6,sensitivity,0.1,6.0,MEMORY_ONLY,PASSIVE_TOUCH,STRUCTURAL,,1.5,983,38.046795523906404,61.03763987792472,0.9155645981688708,20.345879959308242,-0.09965052186526177,0.8521856326172225,-0.13116820993834516,0.8109374088711463,1.9134982073046558,0.7054890206609343,2.0,-128.9383503693933
S10_C6,sensitivity,0.1,6.0,MEMORY_ONLY,PASSIVE_TOUCH,STRUCTURAL,,2.0,983,32.24821973550356,66.83621566632758,0.9155645981688708,20.142421159715155,-0.0833738178978153,0.8861240042943067,-0.1148915059708987,0.8475353352552544,1.9134982073046558,0.7054890206609343,2.0,-112.93835036939342
S10_C6,sensitivity,0.1,6.0,MEMORY_ONLY,PASSIVE_TOUCH,STRUCTURAL,,2.5,983,27.46693794506612,71.31230925737539,1.2207527975584944,20.040691759918616,-0.08133736883342493,0.8953061184598823,-0.11285505690650834,0.8588912733399341,1.9134982073046558,0.7054890206609343,2.0,-110.93652093909769
S10_C6,sensitivity,0.1,6.0,MEMORY_ONLY,PASSIVE_TOUCH,STRUCTURAL,,3.0,983,23.80467955239064,74.5676500508647,1.627670396744659,20.040691759918616,-0.08032495500147739,0.9007672361872968,-0.11184264307456082,0.8657770783242629,1.9134982073046558,0.7054890206609343,2.0,-109.94131814229328
S10_C6,sensitivity,0.1,6.0,MEMORY_ONLY,RECLAIM_PULLBACK,STRUCTURAL,,0.5,923,65.33044420368364,33.80281690140845,0.8667388949079089,1.191765980498375,-0.012666324324109803,0.9627146225437696,-0.030693384624429703,0.9112758474190276,3.2586316536130653,1.4851977858156715,3.0,-28.329994008348617
S10_C6,sensitivity,0.1,6.0,MEMORY_ONLY,RECLAIM_PULLBACK,STRUCTURAL,,1.0,923,50.27085590465872,48.21235102925244,1.5167930660888407,1.0834236186348862,0.020078189322015754,1.0413885800082041,0.0020511290216958483,1.0041524889159583,3.2586316536130653,1.4851977858156715,3.0,1.8931920870252679
S10_C6,sensitivity,0.1,6.0,MEMORY_ONLY,RECLAIM_PULLBACK,STRUCTURAL,,1.5,923,38.569880823401945,58.0715059588299,3.358613217768147,1.0834236186348862,0.003207521339212497,1.005475758233031,-0.014819538961107413,0.975156073691964,3.2586316536130653,1.4851977858156715,3.0,-13.678434461102142
S10_C6,sensitivity,0.1,6.0,MEMORY_ONLY,RECLAIM_PULLBACK,STRUCTURAL,,2.0,923,30.66088840736728,64.24702058504876,5.092091007583965,1.0834236186348862,-0.012181795200492937,0.9812223404252957,-0.030208855500812832,0.9542777888054589,3.2586316536130653,1.4851977858156715,3.0,-27.882773627250245
S10_C6,sensitivity,0.1,6.0,MEMORY_ONLY,RECLAIM_PULLBACK,STRUCTURAL,,2.5,923,25.352112676056336,67.28060671722643,7.367280606717226,1.191765980498375,0.003926387584479956,1.0057699649569254,-0.014100672715839955,0.9796550898102274,3.2586316536130653,1.4851977858156715,3.0,-13.014920916720278
S10_C6,sensitivity,0.1,6.0,MEMORY_ONLY,RECLAIM_PULLBACK,STRUCTURAL,,3.0,923,22.8602383531961,68.25568797399784,8.884073672806068,1.191765980498375,0.06807213803828813,1.0985037856654922,0.050045077737968215,1.071100355866314,3.2586316536130653,1.4851977858156715,3.0,46.191606752144665
S10_C6,sensitivity,0.1,6.0,MEMORY_ONLY,TOUCH_NEXT_OPEN,VOL_FLOOR_0.25,0.25,0.5,1301,66.0261337432744,33.128362797847814,0.8455034588777863,1.1529592621060722,-0.0021763548937027036,0.9934644991102729,-0.02317930960549485,0.9318718550639191,3.309412003810394,0.30370453240118955,1.0,-30.1562817967488
S10_C6,sensitivity,0.1,6.0,MEMORY_ONLY,TOUCH_NEXT_OPEN,VOL_FLOOR_0.25,0.25,1.0,1301,49.50038431975404,48.65488086087625,1.8447348193697155,0.23059185242121444,0.008965928984362138,1.0183076824440873,-0.012037025727430005,0.9759292278775611,3.309412003810394,0.30370453240118955,1.0,-15.660170471386436
S10_C6,sensitivity,0.1,6.0,MEMORY_ONLY,TOUCH_NEXT_OPEN,VOL_FLOOR_0.25,0.25,1.5,1301,38.66256725595696,58.109146810146036,3.2282859338970025,0.0,0.0006029790857030049,1.0010281176145972,-0.02039997562608914,0.9659392901725227,3.309412003810394,0.30370453240118955,1.0,-26.54036828954197
S10_C6,sensitivity,0.1,6.0,MEMORY_ONLY,TOUCH_NEXT_OPEN,VOL_FLOOR_0.25,0.25,2.0,1301,29.592621060722525,64.25826287471176,6.149116064565718,0.0,-0.024888286733177056,0.9616732474357959,-0.04589124144496921,0.9308258770036267,3.309412003810394,0.30370453240118955,1.0,-59.70450511990494
S10_C6,sensitivity,0.1,6.0,MEMORY_ONLY,TOUCH_NEXT_OPEN,VOL_FLOOR_0.25,0.25,2.5,1301,25.28823981552652,67.1022290545734,7.609531129900077,0.07686395080707148,0.004632714737148718,1.006834819942896,-0.01637023997464342,0.976362233110181,3.309412003810394,0.30370453240118955,1.0,-21.29768220701109
S10_C6,sensitivity,0.1,6.0,MEMORY_ONLY,TOUCH_NEXT_OPEN,VOL_FLOOR_0.25,0.25,3.0,1301,21.906225980015375,68.7163720215219,9.377401998462721,0.07686395080707148,0.03893501992200091,1.0560212513301805,0.017932065210208768,1.0252528162858339,3.309412003810394,0.30370453240118955,1.0,23.329616838481606
S10_C6,sensitivity,0.1,6.0,MEMORY_ONLY,TOUCH_NEXT_OPEN,VOL_FLOOR_0.50,0.5,0.5,1301,67.17909300538048,31.975403535741737,0.8455034588777863,0.0,0.015118034037888257,1.0470270218788045,-0.001898045295892737,0.9941967525387414,3.868836908815248,0.5986034793560979,1.0,-2.469356929956451
S10_C6,sensitivity,0.1,6.0,MEMORY_ONLY,TOUCH_NEXT_OPEN,VOL_FLOOR_0.50,0.5,1.0,1301,47.732513451191394,50.03843197540354,2.2290545734050733,0.07686395080707148,-0.022468583227355902,0.9554507272668155,-0.03948466256113688,0.9230307962271146,3.868836908815248,0.5986034793560979,1.0,-51.36954599203908
S10_C6,sensitivity,0.1,6.0,MEMORY_ONLY,TOUCH_NEXT_OPEN,VOL_FLOOR_0.50,0.5,1.5,1301,37.12528823981553,58.4934665641814,4.381245196003074,0.0,-0.02004274473274665,0.966094571925856,-0.037058824066527635,0.9383848813499424,3.868836908815248,0.5986034793560979,1.0,-48.213530110552455
S10_C6,sensitivity,0.1,6.0,MEMORY_ONLY,TOUCH_NEXT_OPEN,VOL_FLOOR_0.50,0.5,2.0,1301,29.97694081475788,62.41352805534205,7.609531129900077,0.0,0.007221556965755288,1.0114309983423133,-0.009794522368025714,0.9847649166543252,3.868836908815248,0.5986034793560979,1.0,-12.742673600801455
S10_C6,sensitivity,0.1,6.0,MEMORY_ONLY,TOUCH_NEXT_OPEN,VOL_FLOOR_0.50,0.5,2.5,1301,25.057647963105307,64.9500384319754,9.992313604919293,0.07686395080707148,0.03601225380314263,1.0547335774456352,0.01899617446936164,1.0283695060276665,3.868836908815248,0.5986034793560979,1.0,24.714022984639495
S10_C6,sensitivity,0.1,6.0,MEMORY_ONLY,TOUCH_NEXT_OPEN,VOL_FLOOR_0.50,0.5,3.0,1301,20.215219062259802,66.94850115295927,12.836279784780938,0.07686395080707148,0.040868701014401286,1.060214180417591,0.02385262168062029,1.0345288604344394,3.868836908815248,0.5986034793560979,1.0,31.032260806486995
S10_C6,sensitivity,0.1,6.0,MEMORY_ONLY,TOUCH_NEXT_OPEN,VOL_FLOOR_0.75,0.75,0.5,1301,65.33435818601076,33.51268255188317,1.1529592621060722,0.07686395080707148,-0.010269009922554008,0.9696159139645639,-0.023830912901415688,0.930444985478409,4.953658839779674,0.8979052190341469,1.0,-31.00401768474181
S10_C6,sensitivity,0.1,6.0,MEMORY_ONLY,TOUCH_NEXT_OPEN,VOL_FLOOR_0.75,0.75,1.0,1301,46.73328209069946,49.03920061491161,4.227517294388932,0.0,-0.01906459479701086,0.9616402986462819,-0.032626497775872544,0.9352663316788613,4.953658839779674,0.8979052190341469,1.0,-42.44707360641018
S10_C6,sensitivity,0.1,6.0,MEMORY_ONLY,TOUCH_NEXT_OPEN,VOL_FLOOR_0.75,0.75,1.5,1301,36.433512682551886,55.41890853189854,8.147578785549578,0.0,0.011723652554091716,1.0208248794465635,-0.0018382504247699762,0.996780604069197,4.953658839779674,0.8979052190341469,1.0,-2.391563802625739
S10_C6,sensitivity,0.1,6.0,MEMORY_ONLY,TOUCH_NEXT_OPEN,VOL_FLOOR_0.75,0.75,2.0,1301,27.286702536510376,58.95465026902382,13.758647194465794,0.07686395080707148,0.023565924481417016,1.0392521266138908,0.010004021502555333,1.0164246110494382,4.953658839779674,0.8979052190341469,1.0,13.015231974824488
S10_C6,sensitivity,0.1,6.0,MEMORY_ONLY,TOUCH_NEXT_OPEN,VOL_FLOOR_0.75,0.75,2.5,1301,20.36894696387394,60.79938508839354,18.831667947732512,0.07686395080707148,0.03447952972154564,1.0556545400479316,0.020917626742683954,1.0332808613785933,4.953658839779674,0.8979052190341469,1.0,27.213832392231826
S10_C6,sensitivity,0.1,6.0,MEMORY_ONLY,TOUCH_NEXT_OPEN,VOL_FLOOR_0.75,0.75,3.0,1301,15.295926210607224,62.106072252113755,22.598001537279018,0.07686395080707148,0.036138657364426396,1.0570976071033855,0.022576754385564696,1.0351595273346028,4.953658839779674,0.8979052190341469,1.0,29.37235745561967
S10_C6,sensitivity,0.1,6.0,MEMORY_ONLY,TOUCH_NEXT_OPEN,VOL_FLOOR_1.00,1.0,0.5,1301,65.10376633358955,31.744811683320524,3.1514219830899313,0.07686395080707148,1.701814209429482e-05,1.0000520484199646,-0.010898326047101978,0.9670444763214019,6.364194636961585,1.1972069587121958,1.0,-14.178722187279675
S10_C6,sensitivity,0.1,6.0,MEMORY_ONLY,TOUCH_NEXT_OPEN,VOL_FLOOR_1.00,1.0,1.0,1301,44.88854727132975,44.73481936971561,10.376633358954649,0.0,0.004520755059068793,1.0097288564886253,-0.0063945891301274696,0.9864019734384388,6.364194636961585,1.1972069587121958,1.0,-8.319360458295838
S10_C6,sensitivity,0.1,6.0,MEMORY_ONLY,TOUCH_NEXT_OPEN,VOL_FLOOR_1.00,1.0,1.5,1301,32.43658724058417,50.115295926210614,17.448116833205226,0.07686395080707148,0.02551383038164945,1.048937153854132,0.01459848619245317,1.0276636762623443,6.364194636961585,1.1972069587121958,1.0,18.992630536381576
S10_C6,sensitivity,0.1,6.0,MEMORY_ONLY,TOUCH_NEXT_OPEN,VOL_FLOOR_1.00,1.0,2.0,1301,21.983089930822445,52.49807840122982,25.518831667947733,0.07686395080707148,0.03654130275345397,1.0668956642007592,0.025625958564257704,1.0463426967613414,6.364194636961585,1.1972069587121958,1.0,33.339372092099275
S10_C6,sensitivity,0.1,6.0,MEMORY_ONLY,TOUCH_NEXT_OPEN,VOL_FLOOR_1.00,1.0,2.5,1301,14.757878554957724,53.958493466564185,31.283627978478094,0.07686395080707148,0.035833481334334574,1.0638409951842587,0.024918137145138304,1.0438527651052132,6.364194636961585,1.1972069587121958,1.0,32.418496425824934
S10_C6,sensitivity,0.1,6.0,MEMORY_ONLY,TOUCH_NEXT_OPEN,VOL_FLOOR_1.00,1.0,3.0,1301,10.684089162182936,54.34281322059954,34.973097617217526,0.15372790161414296,0.049523063236066166,1.0875565834265095,0.038607719046869896,1.0674224907415115,6.364194636961585,1.1972069587121958,1.0,50.22864247997774
S10_C6,sensitivity,0.1,6.0,OBJECTIVE_LIQUIDITY_ONLY,ACCEPTANCE_RETEST,STRUCTURAL,,0.5,73,68.4931506849315,30.136986301369863,1.36986301369863,4.10958904109589,0.038353940643209725,1.1261178916149959,0.01976509908826603,1.0638719993782837,3.2804998293618155,1.3079999999999927,7.0,1.4428522334434202
S10_C6,sensitivity,0.1,6.0,OBJECTIVE_LIQUIDITY_ONLY,ACCEPTANCE_RETEST,STRUCTURAL,,1.0,73,56.16438356164384,42.465753424657535,1.36986301369863,2.73972602739726,0.13424435160212056,1.3140957268858644,0.11565551004717685,1.2656205021251543,3.2804998293618155,1.3079999999999927,7.0,8.44285223344391
S10_C6,sensitivity,0.1,6.0,OBJECTIVE_LIQUIDITY_ONLY,ACCEPTANCE_RETEST,STRUCTURAL,,1.5,73,46.57534246575342,52.054794520547944,1.36986301369863,2.73972602739726,0.1753402420130853,1.33507286056433,0.15675140045814162,1.2941056495041585,3.2804998293618155,1.3079999999999927,7.0,11.442852233444338
S10_C6,sensitivity,0.1,6.0,OBJECTIVE_LIQUIDITY_ONLY,ACCEPTANCE_RETEST,STRUCTURAL,,2.0,73,36.986301369863014,60.273972602739725,2.73972602739726,2.73972602739726,0.15909990582580497,1.262765847730849,0.1405110642708612,1.227882973516338,3.2804998293618155,1.3079999999999927,7.0,10.25730769177287
S10_C6,sensitivity,0.1,6.0,OBJECTIVE_LIQUIDITY_ONLY,ACCEPTANCE_RETEST,STRUCTURAL,,2.5,73,32.87671232876712,64.38356164383562,2.73972602739726,2.73972602739726,0.20019579623675635,1.309623789472682,0.18160695468181262,1.2758332691955363,3.2804998293618155,1.3079999999999927,7.0,13.257307691772322
S10_C6,sensitivity,0.1,6.0,OBJECTIVE_LIQUIDITY_ONLY,ACCEPTANCE_RETEST,STRUCTURAL,,3.0,73,26.027397260273972,68.4931506849315,5.47945205479452,2.73972602739726,0.11766112861285724,1.168426092401147,0.09907228705791346,1.139230794328382,3.2804998293618155,1.3079999999999927,7.0,7.232276955227682
S10_C6,sensitivity,0.1,6.0,OBJECTIVE_LIQUIDITY_ONLY,CLEAN_REJECTION,STRUCTURAL,,0.5,1586,69.79823455233291,27.994955863808325,2.2068095838587642,0.0,0.06472208876222577,1.2268737544399257,0.04836861662845012,1.166706921605489,3.659778264549459,1.4590524656018715,1.0,76.7126259727219
S10_C6,sensitivity,0.1,6.0,OBJECTIVE_LIQUIDITY_ONLY,CLEAN_REJECTION,STRUCTURAL,,1.0,1586,50.69356872635561,42.24464060529634,7.0617906683480465,0.0,0.0873258663570427,1.2009249714184522,0.07097239422326707,1.1605121293810072,3.659778264549459,1.4590524656018715,1.0,112.56221723810157
S10_C6,sensitivity,0.1,6.0,OBJECTIVE_LIQUIDITY_ONLY,CLEAN_REJECTION,STRUCTURAL,,1.5,1586,38.272383354350566,49.93694829760403,11.790668348045397,0.0,0.09550454323365061,1.185045934859942,0.07915107109987497,1.1507160778433583,3.659778264549459,1.4590524656018715,1.0,125.53359876440172
S10_C6,sensitivity,0.1,6.0,OBJECTIVE_LIQUIDITY_ONLY,CLEAN_REJECTION,STRUCTURAL,,2.0,1586,28.940731399747794,53.65699873896595,17.402269861286253,0.0,0.10336124668867022,1.1854955547334718,0.0870077745548946,1.1534282572508499,3.659778264549459,1.4590524656018715,1.0,137.99433044406283
S10_C6,sensitivity,0.1,6.0,OBJECTIVE_LIQUIDITY_ONLY,CLEAN_REJECTION,STRUCTURAL,,2.5,1586,22.82471626733922,55.359394703656996,21.81588902900378,0.0,0.13405014120947392,1.2332000215531231,0.1176966690756983,1.2011775855159565,3.659778264549459,1.4590524656018715,1.0,186.6669171540575
S10_C6,sensitivity,0.1,6.0,OBJECTIVE_LIQUIDITY_ONLY,CLEAN_REJECTION,STRUCTURAL,,3.0,1586,17.46532156368222,56.62042875157629,25.914249684741485,0.0,0.13016496608306366,1.2212957941503202,0.11381149394928802,1.1901088770216401,3.659778264549459,1.4590524656018715,1.0,180.5050294035708
S10_C6,sensitivity,0.1,6.0,OBJECTIVE_LIQUIDITY_ONLY,FAILED_AUCTION,STRUCTURAL,,0.5,457,63.89496717724289,35.010940919037196,1.0940919037199124,0.2188183807439825,-0.032827403126344114,0.9068203392111454,-0.043844097529935365,0.876975483811464,5.686636675348836,1.7004640838881642,6.0,-20.03675257118046
S10_C6,sensitivity,0.1,6.0,OBJECTIVE_LIQUIDITY_ONLY,FAILED_AUCTION,STRUCTURAL,,1.0,457,42.01312910284464,52.95404814004377,5.032822757111598,0.2188183807439825,-0.11130939074021098,0.79279274644445,-0.12232608514380222,0.7748792926198518,5.686636675348836,1.7004640838881642,6.0,-55.903020910717615
S10_C6,sensitivity,0.1,6.0,OBJECTIVE_LIQUIDITY_ONLY,FAILED_AUCTION,STRUCTURAL,,1.5,457,28.227571115973742,61.050328227571114,10.722100656455142,0.0,-0.16420285004694207,0.7358169446187443,-0.17521954445053328,0.7213721607310161,5.686636675348836,1.7004640838881642,6.0,-80.07533181389371
S10_C6,sensitivity,0.1,6.0,OBJECTIVE_LIQUIDITY_ONLY,FAILED_AUCTION,STRUCTURAL,,2.0,457,21.00656455142232,64.33260393873084,14.660831509846828,0.0,-0.17040770556375343,0.7404244274995416,-0.1814243999673447,0.72687149555045,5.686636675348836,1.7004640838881642,6.0,-82.91095078507652
S10_C6,sensitivity,0.1,6.0,OBJECTIVE_LIQUIDITY_ONLY,FAILED_AUCTION,STRUCTURAL,,2.5,457,15.75492341356674,65.86433260393873,18.38074398249453,0.0,-0.15988387644039892,0.762007865443366,-0.17090057084399018,0.7485873640029714,5.686636675348836,1.7004640838881642,6.0,-78.10156087570351
S10_C6,sensitivity,0.1,6.0,OBJECTIVE_LIQUIDITY_ONLY,FAILED_AUCTION,STRUCTURAL,,3.0,457,12.691466083150985,67.17724288840262,20.13129102844639,0.0,-0.1520488514573161,0.7780089333216369,-0.16306554586090735,0.764715081233357,5.686636675348836,1.7004640838881642,6.0,-74.52095445843466
S10_C6,sensitivity,0.1,6.0,OBJECTIVE_LIQUIDITY_ONLY,PASSIVE_TOUCH,STRUCTURAL,,0.5,1453,58.91259463179629,41.01858224363386,0.06882312456985547,22.711631108052305,-0.16828073954922299,0.6364199514246947,-0.20119497060863376,0.5775279229227401,1.8300977580552171,0.7180173854094392,2.0,-292.33629229434484
S10_C6,sensitivity,0.1,6.0,OBJECTIVE_LIQUIDITY_ONLY,PASSIVE_TOUCH,STRUCTURAL,,1.0,1453,48.86441844459738,50.92911218169305,0.20646937370956642,21.88575361321404,-0.07327546950566911,0.8696219282798462,-0.10618970056507983,0.8165543174820444,1.8300977580552171,0.7180173854094392,2.0,-154.293634921061
S10_C6,sensitivity,0.1,6.0,OBJECTIVE_LIQUIDITY_ONLY,PASSIVE_TOUCH,STRUCTURAL,,1.5,1453,39.91741225051617,59.600825877494835,0.4817618719889883,20.922229869236062,-0.04911235200452676,0.9243144251269388,-0.08202658306393751,0.8773211860410013,1.8300977580552171,0.7180173854094392,2.0,-119.1846251919012
S10_C6,sensitivity,0.1,6.0,OBJECTIVE_LIQUIDITY_ONLY,PASSIVE_TOUCH,STRUCTURAL,,2.0,1453,33.58568479008947,65.5196145905024,0.8947006194081212,20.578114246386786,-0.03058770110039221,0.9568261824119174,-0.06350193215980296,0.9130372853694307,1.8300977580552171,0.7180173854094392,2.0,-92.26830742819371
S10_C6,sensitivity,0.1,6.0,OBJECTIVE_LIQUIDITY_ONLY,PASSIVE_TOUCH,STRUCTURAL,,2.5,1453,26.90984170681349,71.64487267721955,1.445285615966965,20.50929112181693,-0.08447280574222354,0.8903049950544731,-0.11738703680163429,0.8521046201942448,1.8300977580552171,0.7180173854094392,2.0,-170.56336447277462
S10_C6,sensitivity,0.1,6.0,OBJECTIVE_LIQUIDITY_ONLY,PASSIVE_TOUCH,STRUCTURAL,,3.0,1453,23.193392980041295,75.01720578114247,1.7894012388162424,20.440467997247076,-0.08977637582740858,0.888309096924685,-0.12269060688681929,0.8519423992148633,1.8300977580552171,0.7180173854094392,2.0,-178.26945180654843
S10_C6,sensitivity,0.1,6.0,OBJECTIVE_LIQUIDITY_ONLY,RECLAIM_PULLBACK,STRUCTURAL,,0.5,1595,66.70846394984325,31.84952978056426,1.4420062695924765,1.9435736677115987,0.012232065873016644,1.0379800813869862,-0.006399011397212947,0.9804974012590815,3.144046074410653,1.3079999999999927,3.0,-10.206423178554651
S10_C6,sensitivity,0.1,6.0,OBJECTIVE_LIQUIDITY_ONLY,RECLAIM_PULLBACK,STRUCTURAL,,1.0,1595,49.21630094043887,47.02194357366771,3.761755485893417,1.8181818181818181,0.020179037979746538,1.042275947508987,0.0015479607095169477,1.0031824770555358,3.144046074410653,1.3079999999999927,3.0,2.4689973316795317
S10_C6,sensitivity,0.1,6.0,OBJECTIVE_LIQUIDITY_ONLY,RECLAIM_PULLBACK,STRUCTURAL,,1.5,1595,36.489028213166144,55.86206896551724,7.6489028213166135,1.8181818181818181,0.005451596333099951,1.009583186530454,-0.013179480937129635,0.9772686079829871,3.144046074410653,1.3079999999999927,3.0,-21.021272094721766
S10_C6,sensitivity,0.1,6.0,OBJECTIVE_LIQUIDITY_ONLY,RECLAIM_PULLBACK,STRUCTURAL,,2.0,1595,28.65203761755486,60.81504702194357,10.532915360501567,1.8181818181818181,-0.00018735612935564226,0.9996983889580414,-0.018818433399585232,0.9702818398485042,3.144046074410653,1.3079999999999927,3.0,-30.015401272338444
S10_C6,sensitivity,0.1,6.0,OBJECTIVE_LIQUIDITY_ONLY,RECLAIM_PULLBACK,STRUCTURAL,,2.5,1595,22.821316614420063,63.63636363636363,13.5423197492163,1.8181818181818181,0.002758062295611699,1.0042359406790984,-0.015873014974617888,0.9760861375750192,3.144046074410653,1.3079999999999927,3.0,-25.31745888451553
S10_C6,sensitivity,0.1,6.0,OBJECTIVE_LIQUIDITY_ONLY,RECLAIM_PULLBACK,STRUCTURAL,,3.0,1595,18.683385579937305,65.51724137931035,15.799373040752352,1.8181818181818181,0.006520331100977909,1.0097239170131487,-0.012110746169251669,0.9822837029346813,3.144046074410653,1.3079999999999927,3.0,-19.316640139956412
S10_C6,sensitivity,0.1,6.0,OBJECTIVE_LIQUIDITY_ONLY,TOUCH_NEXT_OPEN,VOL_FLOOR_0.25,0.25,0.5,2246,71.81656277827248,26.714158504007123,1.4692787177203919,1.7809439002671414,0.0888916240542047,1.328346087212309,0.06832396043716775,1.247087383577822,3.081044662822933,0.45307841225100554,1.0,153.45561514187878
S10_C6,sensitivity,0.1,6.0,OBJECTIVE_LIQUIDITY_ONLY,TOUCH_NEXT_OPEN,VOL_FLOOR_0.25,0.25,1.0,2246,52.04808548530722,43.45503116651825,4.496883348174532,0.8459483526268923,0.08791025422576018,1.1991228913041883,0.06734259060872325,1.1493129599745346,3.081044662822933,0.45307841225100554,1.0,151.2514585071924
S10_C6,sensitivity,0.1,6.0,OBJECTIVE_LIQUIDITY_ONLY,TOUCH_NEXT_OPEN,VOL_FLOOR_0.25,0.25,1.5,2246,40.47195013357079,52.04808548530722,7.479964381121995,0.44523597506678536,0.09838354042671023,1.185255034385879,0.07781587680967329,1.1434393550352058,3.081044662822933,0.45307841225100554,1.0,174.7744593145262
S10_C6,sensitivity,0.1,6.0,OBJECTIVE_LIQUIDITY_ONLY,TOUCH_NEXT_OPEN,VOL_FLOOR_0.25,0.25,2.0,2246,30.899376669634908,57.43544078361532,11.665182546749778,0.22261798753339268,0.08652740347724291,1.1473083212090758,0.06595973986020597,1.1099083886646326,3.081044662822933,0.45307841225100554,1.0,148.1455757260226
S10_C6,sensitivity,0.1,6.0,OBJECTIVE_LIQUIDITY_ONLY,TOUCH_NEXT_OPEN,VOL_FLOOR_0.25,0.25,2.5,2246,25.289403383793413,60.24042742653607,14.470169189670527,0.13357079252003562,0.10836009423484667,1.1759490143636047,0.08779243061780974,1.1395182383773192,3.081044662822933,0.45307841225100554,1.0,197.18179916760067
S10_C6,sensitivity,0.1,6.0,OBJECTIVE_LIQUIDITY_ONLY,TOUCH_NEXT_OPEN,VOL_FLOOR_0.25,0.25,3.0,2246,19.991095280498662,62.51113089937667,17.497773820124664,0.04452359750667854,0.09664695188346012,1.1512314656755995,0.07607928826642316,1.1164978575524496,3.081044662822933,0.45307841225100554,1.0,170.8740814463864
S10_C6,sensitivity,0.1,6.0,OBJECTIVE_LIQUIDITY_ONLY,TOUCH_NEXT_OPEN,VOL_FLOOR_0.50,0.5,0.5,2246,71.81656277827248,26.714158504007123,1.4692787177203919,0.4897595725734639,0.08889126113651287,1.328344306516227,0.07151925562340399,1.259685124238913,3.6188862163503734,0.9061568245020111,1.0,160.63224813016535
S10_C6,sensitivity,0.1,6.0,OBJECTIVE_LIQUIDITY_ONLY,TOUCH_NEXT_OPEN,VOL_FLOOR_0.50,0.5,1.0,2246,51.246660730187,43.944790739091715,4.808548530721282,0.13357079252003562,0.07476532996812035,1.167214929396974,0.057393324455011434,1.1260829889221073,3.6188862163503734,0.9061568245020111,1.0,128.9054067259557
S10_C6,sensitivity,0.1,6.0,OBJECTIVE_LIQUIDITY_ONLY,TOUCH_NEXT_OPEN,VOL_FLOOR_0.50,0.5,1.5,2246,39.49243098842386,51.91451469278717,8.593054318788958,0.04452359750667854,0.08883424845781795,1.1674445458631948,0.07146224294470904,1.1322972911649491,3.6188862163503734,0.9061568245020111,1.0,160.5041976538165
S10_C6,sensitivity,0.1,6.0,OBJECTIVE_LIQUIDITY_ONLY,TOUCH_NEXT_OPEN,VOL_FLOOR_0.50,0.5,2.0,2246,30.27604630454141,56.50044523597507,13.223508459483527,0.04452359750667854,0.08990935820920505,1.155325363424073,0.07253735269609612,1.1230567988278037,3.6188862163503734,0.9061568245020111,1.0,162.9188941554319
S10_C6,sensitivity,0.1,6.0,OBJECTIVE_LIQUIDITY_ONLY,TOUCH_NEXT_OPEN,VOL_FLOOR_0.50,0.5,2.5,2246,24.04274265360641,58.68210151380232,17.275155832591274,0.04452359750667854,0.11323765945568934,1.188336647214633,0.09586565394258045,1.1565614730148728,3.6188862163503734,0.9061568245020111,1.0,215.3142587550357
S10_C6,sensitivity,0.1,6.0,OBJECTIVE_LIQUIDITY_ONLY,TOUCH_NEXT_OPEN,VOL_FLOOR_0.50,0.5,3.0,2246,18.65538735529831,60.64113980409617,20.70347284060552,0.0,0.10234005866989464,1.1646609204566531,0.08496805315678573,1.134220728908788,3.6188862163503734,0.9061568245020111,1.0,190.83824739014074
S10_C6,sensitivity,0.1,6.0,OBJECTIVE_LIQUIDITY_ONLY,TOUCH_NEXT_OPEN,VOL_FLOOR_0.75,0.75,0.5,2246,70.3472840605521,27.649154051647372,2.0035618878005343,0.26714158504007124,0.07029790327364771,1.2491360931662017,0.05627122410977508,1.1966221787284783,4.72742233426205,1.0850000000004911,1.0,126.38516935055483
S10_C6,sensitivity,0.1,6.0,OBJECTIVE_LIQUIDITY_ONLY,TOUCH_NEXT_OPEN,VOL_FLOOR_0.75,0.75,1.0,2246,48.753339269813,43.63312555654497,7.61353517364203,0.13357079252003562,0.05456079155670372,1.121790021933247,0.040534112392831105,1.0891507556301363,4.72742233426205,1.0850000000004911,1.0,91.03961643429867
S10_C6,sensitivity,0.1,6.0,OBJECTIVE_LIQUIDITY_ONLY,TOUCH_NEXT_OPEN,VOL_FLOOR_0.75,0.75,1.5,2246,35.574354407836154,50.22261798753339,14.203027604630455,0.04452359750667854,0.056873489900657485,1.109200711017244,0.042846810736784875,1.0810457968187481,4.72742233426205,1.0850000000004911,1.0,96.23393691481883
S10_C6,sensitivity,0.1,6.0,OBJECTIVE_LIQUIDITY_ONLY,TOUCH_NEXT_OPEN,VOL_FLOOR_0.75,0.75,2.0,2246,25.33392698130009,54.05164737310775,20.614425645592164,0.04452359750667854,0.046801990517917884,1.0834267835811107,0.03277531135404526,1.0575478569002175,4.72742233426205,1.0850000000004911,1.0,73.61334930118565
S10_C6,sensitivity,0.1,6.0,OBJECTIVE_LIQUIDITY_ONLY,TOUCH_NEXT_OPEN,VOL_FLOOR_0.75,0.75,2.5,2246,18.165627782724844,55.87711487088157,25.957257346393586,0.0,0.04507097759245114,1.0777209117895343,0.03104429842857851,1.0527272889087278,4.72742233426205,1.0850000000004911,1.0,69.72549427058733
S10_C6,sensitivity,0.1,6.0,OBJECTIVE_LIQUIDITY_ONLY,TOUCH_NEXT_OPEN,VOL_FLOOR_0.75,0.75,3.0,2246,13.223508459483527,56.856634016028494,29.91985752448798,0.0,0.03351297975193135,1.056772047953057,0.01948630058805873,1.0325099079533122,4.72742233426205,1.0850000000004911,1.0,43.76623112077991
S10_C6,sensitivity,0.1,6.0,OBJECTIVE_LIQUIDITY_ONLY,TOUCH_NEXT_OPEN,VOL_FLOOR_1.00,1.0,0.5,2246,68.12110418521816,28.094390026714162,3.7845057880676762,0.17809439002671415,0.050908533412989856,1.1747748113371048,0.039479828544186225,1.1339390650843446,5.997290385470186,1.1396196401107883,1.0,88.67169491024227
S10_C6,sensitivity,0.1,6.0,OBJECTIVE_LIQUIDITY_ONLY,TOUCH_NEXT_OPEN,VOL_FLOOR_1.00,1.0,1.0,2246,45.503116651825465,40.961709706144255,13.535173642030276,0.13357079252003562,0.05086995187926742,1.117993769393679,0.039441247010463795,1.0903427940467423,5.997290385470186,1.1396196401107883,1.0,88.58504078550169
S10_C6,sensitivity,0.1,6.0,OBJECTIVE_LIQUIDITY_ONLY,TOUCH_NEXT_OPEN,VOL_FLOOR_1.00,1.0,1.5,2246,30.14247551202137,46.66073018699911,23.19679430097952,0.04452359750667854,0.03542225238897346,1.071476901999814,0.023993547520169838,1.0477974393858285,5.997290385470186,1.1396196401107883,1.0,53.88950773030145
S10_C6,sensitivity,0.1,6.0,OBJECTIVE_LIQUIDITY_ONLY,TOUCH_NEXT_OPEN,VOL_FLOOR_1.00,1.0,2.0,2246,20.080142475512023,48.70881567230632,31.21104185218166,0.0,0.03781653675614804,1.0730505155667651,0.026387831887344417,1.0503189632334475,5.997290385470186,1.1396196401107883,1.0,59.267070418975564
S10_C6,sensitivity,0.1,6.0,OBJECTIVE_LIQUIDITY_ONLY,TOUCH_NEXT_OPEN,VOL_FLOOR_1.00,1.0,2.5,2246,13.134461264470168,49.77738201246661,37.08815672306323,0.0,0.02445636581641707,1.0461555778011444,0.013027660947613446,1.024268432248805,5.997290385470186,1.1396196401107883,1.0,29.2601264883398
S10_C6,sensitivity,0.1,6.0,OBJECTIVE_LIQUIDITY_ONLY,TOUCH_NEXT_OPEN,VOL_FLOOR_1.00,1.0,3.0,2246,8.949243098842388,50.44523597506678,40.605520926090826,0.0,0.013933811117630953,1.0259234360824792,0.002505106248827323,1.0046000781355524,5.997290385470186,1.1396196401107883,1.0,5.626468634866168
S11_C6_PRIMARY,primary,0.11,6.0,DISPLACEMENT_ORIGIN_ONLY,ACCEPTANCE_RETEST,STRUCTURAL,,0.5,13,38.46153846153847,61.53846153846154,0.0,38.46153846153847,-0.4246741216716397,0.3116910222480852,-0.46223196794575583,0.281254612775845,1.7661097312447964,0.561949143972015,5.0,-6.0090155832948255
S11_C6_PRIMARY,primary,0.11,6.0,DISPLACEMENT_ORIGIN_ONLY,ACCEPTANCE_RETEST,STRUCTURAL,,1.0,13,30.76923076923077,69.23076923076923,0.0,23.076923076923077,-0.3862125832101065,0.4434214425152097,-0.42377042948422267,0.4125855311021619,1.7661097312447964,0.561949143972015,5.0,-5.509015583294895
S11_C6_PRIMARY,primary,0.11,6.0,DISPLACEMENT_ORIGIN_ONLY,ACCEPTANCE_RETEST,STRUCTURAL,,1.5,13,30.76923076923077,69.23076923076923,0.0,23.076923076923077,-0.23236642936395266,0.6651321637728146,-0.2699242756380688,0.6258412244347665,1.7661097312447964,0.561949143972015,5.0,-3.5090155832948944
S11_C6_PRIMARY,primary,0.11,6.0,DISPLACEMENT_ORIGIN_ONLY,ACCEPTANCE_RETEST,STRUCTURAL,,2.0,13,30.76923076923077,69.23076923076923,0.0,23.076923076923077,-0.0785202755177988,0.8868428850304194,-0.11607812179191498,0.8390969177673712,1.7661097312447964,0.561949143972015,5.0,-1.5090155832948948
S11_C6_PRIMARY,primary,0.11,6.0,DISPLACEMENT_ORIGIN_ONLY,ACCEPTANCE_RETEST,STRUCTURAL,,2.5,13,30.76923076923077,69.23076923076923,0.0,23.076923076923077,0.07532587832835504,1.1085536062880244,0.03776803205423888,1.052352611099976,1.7661097312447964,0.561949143972015,5.0,0.4909844167051054
S11_C6_PRIMARY,primary,0.11,6.0,DISPLACEMENT_ORIGIN_ONLY,ACCEPTANCE_RETEST,STRUCTURAL,,3.0,13,30.76923076923077,69.23076923076923,0.0,23.076923076923077,0.22917203217450888,1.3302643275456292,0.19161418590039275,1.2656083044325805,1.7661097312447964,0.561949143972015,5.0,2.4909844167051056
S11_C6_PRIMARY,primary,0.11,6.0,DISPLACEMENT_ORIGIN_ONLY,CLEAN_REJECTION,STRUCTURAL,,0.5,1032,62.8875968992248,22.28682170542636,14.825581395348838,0.09689922480620156,0.06863741159598118,1.2704184860603362,0.058584617075616595,1.2282600989975099,7.861838850712047,0.892455414140386,1.0,60.45932482203633
S11_C6_PRIMARY,primary,0.11,6.0,DISPLACEMENT_ORIGIN_ONLY,CLEAN_REJECTION,STRUCTURAL,,1.0,1032,39.53488372093023,31.1046511627907,29.360465116279073,0.0,0.09668786340439073,1.2748431975333985,0.08663506888402614,1.2433218310273697,7.861838850712047,0.892455414140386,1.0,89.40739108831498
S11_C6_PRIMARY,primary,0.11,6.0,DISPLACEMENT_ORIGIN_ONLY,CLEAN_REJECTION,STRUCTURAL,,1.5,1032,25.872093023255815,35.46511627906977,38.662790697674424,0.0,0.1016651933573885,1.254223990843157,0.09161239883702392,1.2262754266947924,7.861838850712047,0.892455414140386,1.0,94.54399559980868
S11_C6_PRIMARY,primary,0.11,6.0,DISPLACEMENT_ORIGIN_ONLY,CLEAN_REJECTION,STRUCTURAL,,2.0,1032,15.891472868217054,37.5968992248062,46.51162790697674,0.0,0.08856387736058448,1.209351001253172,0.0785110828402199,1.1832507657413778,7.861838850712047,0.892455414140386,1.0,81.02343749110695
S11_C6_PRIMARY,primary,0.11,6.0,DISPLACEMENT_ORIGIN_ONLY,CLEAN_REJECTION,STRUCTURAL,,2.5,1032,10.174418604651162,38.856589147286826,50.968992248062015,0.0,0.0728433328652698,1.1669681811458539,0.06279053834490522,1.1420642822935674,7.861838850712047,0.892455414140386,1.0,64.7998355719422
S11_C6_PRIMARY,primary,0.11,6.0,DISPLACEMENT_ORIGIN_ONLY,CLEAN_REJECTION,STRUCTURAL,,3.0,1032,7.461240310077518,39.14728682170542,53.39147286821705,0.0,0.07894914581692408,1.1796584491398325,0.0688963512965595,1.154747085307098,7.861838850712047,0.892455414140386,1.0,71.1010345380494
S11_C6_PRIMARY,primary,0.11,6.0,DISPLACEMENT_ORIGIN_ONLY,FAILED_AUCTION,STRUCTURAL,,0.5,198,68.68686868686868,31.313131313131315,0.0,1.5151515151515151,0.03030303030302826,1.0967741935483806,0.010660799779724379,1.0333288757275862,3.5813767631996143,0.8470681007261192,3.0,2.110838356385427
S11_C6_PRIMARY,primary,0.11,6.0,DISPLACEMENT_ORIGIN_ONLY,FAILED_AUCTION,STRUCTURAL,,1.0,198,51.010101010101,45.95959595959596,3.0303030303030303,0.5050505050505051,0.05409397820890828,1.116787341412083,0.03445174768560438,1.0728834226769328,3.5813767631996143,0.8470681007261192,3.0,6.821446041749667
S11_C6_PRIMARY,primary,0.11,6.0,DISPLACEMENT_ORIGIN_ONLY,FAILED_AUCTION,STRUCTURAL,,1.5,198,39.8989898989899,55.05050505050505,5.05050505050505,0.0,0.06395604329160041,1.1150614221663242,0.04431381276829653,1.078092157309349,3.5813767631996143,0.8470681007261192,3.0,8.774134928122713
S11_C6_PRIMARY,primary,0.11,6.0,DISPLACEMENT_ORIGIN_ONLY,FAILED_AUCTION,STRUCTURAL,,2.0,198,30.303030303030305,61.111111111111114,8.585858585858585,0.0,0.04083237226004937,1.0658830654345306,0.021190141736745483,1.0334861838438196,3.5813767631996143,0.8470681007261192,3.0,4.1956480638756055
S11_C6_PRIMARY,primary,0.11,6.0,DISPLACEMENT_ORIGIN_ONLY,FAILED_AUCTION,STRUCTURAL,,2.5,198,24.242424242424242,64.64646464646465,11.11111111111111,0.0,0.042176589774298244,1.064379560904807,0.02253435925099433,1.0336914250474096,3.5813767631996143,0.8470681007261192,3.0,4.461803131696877
S11_C6_PRIMARY,primary,0.11,6.0,DISPLACEMENT_ORIGIN_ONLY,FAILED_AUCTION,STRUCTURAL,,3.0,198,19.19191919191919,66.16161616161617,14.646464646464647,0.0,0.05350165627138082,1.0798204053543876,0.0338594257480769,1.0494789040119965,3.5813767631996143,0.8470681007261192,3.0,6.704166298119226
S11_C6_PRIMARY,primary,0.11,6.0,DISPLACEMENT_ORIGIN_ONLY,PASSIVE_TOUCH,STRUCTURAL,,0.5,545,61.284403669724774,38.53211009174312,0.1834862385321101,16.3302752293578,-0.0908137119849359,0.7715219774222609,-0.12882448843071417,0.6885624834769817,2.0701943668532294,0.33026941761409034,3.0,-70.20934619473923
S11_C6_PRIMARY,primary,0.11,6.0,DISPLACEMENT_ORIGIN_ONLY,PASSIVE_TOUCH,STRUCTURAL,,1.0,545,48.80733944954129,50.45871559633027,0.7339449541284404,14.862385321100918,-0.027602882254320574,0.9466142756891555,-0.06561365870009885,0.8777606272847053,2.0701943668532294,0.33026941761409034,3.0,-35.75944399155387
S11_C6_PRIMARY,primary,0.11,6.0,DISPLACEMENT_ORIGIN_ONLY,PASSIVE_TOUCH,STRUCTURAL,,1.5,545,40.91743119266055,57.247706422018354,1.834862385321101,14.495412844036698,0.03365779411480852,1.0574747460041145,-0.004352982330969739,0.9928394164610803,2.0701943668532294,0.33026941761409034,3.0,-2.3723753703785073
S11_C6_PRIMARY,primary,0.11,6.0,DISPLACEMENT_ORIGIN_ONLY,PASSIVE_TOUCH,STRUCTURAL,,2.0,545,33.76146788990826,62.56880733944954,3.669724770642202,13.944954128440369,0.049149816657488334,1.076601818770498,0.011139040211710069,1.016725253791008,2.0701943668532294,0.33026941761409034,3.0,6.0707769153819875
S11_C6_PRIMARY,primary,0.11,6.0,DISPLACEMENT_ORIGIN_ONLY,PASSIVE_TOUCH,STRUCTURAL,,2.5,545,28.990825688073397,65.68807339449542,5.321100917431193,13.577981651376147,0.08517001208346363,1.1265866346843119,0.047159235637685336,1.0675049519810673,2.0701943668532294,0.33026941761409034,3.0,25.701783422538508
S11_C6_PRIMARY,primary,0.11,6.0,DISPLACEMENT_ORIGIN_ONLY,PASSIVE_TOUCH,STRUCTURAL,,3.0,545,24.220183486238533,68.80733944954129,6.972477064220184,13.394495412844037,0.07667103809545607,1.1089057751570828,0.038660261649677806,1.0528844907722459,2.0701943668532294,0.33026941761409034,3.0,21.069842599074406
S11_C6_PRIMARY,primary,0.11,6.0,DISPLACEMENT_ORIGIN_ONLY,RECLAIM_PULLBACK,STRUCTURAL,,0.5,953,60.96537250786989,28.436516264428125,10.598111227701994,2.308499475341028,0.0054694747601779494,1.0179664817203389,-0.008941019855309753,0.9711252183367168,6.15130974756039,0.4834682137279742,3.0,-8.520791922110195
S11_C6_PRIMARY,primary,0.11,6.0,DISPLACEMENT_ORIGIN_ONLY,RECLAIM_PULLBACK,STRUCTURAL,,1.0,953,39.769150052465896,38.30010493179433,21.93074501573977,1.6789087093389297,0.027959445282527518,1.0679447494050411,0.013548950667039822,1.0323773571726722,6.15130974756039,0.4834682137279742,3.0,12.91214998568895
S11_C6_PRIMARY,primary,0.11,6.0,DISPLACEMENT_ORIGIN_ONLY,RECLAIM_PULLBACK,STRUCTURAL,,1.5,953,28.01678908709339,43.33683105981112,28.64637985309549,1.3641133263378804,0.042963471867727955,1.0925998623472462,0.02855297725224025,1.060490970029777,6.15130974756039,0.4834682137279742,3.0,27.21098732138496
S11_C6_PRIMARY,primary,0.11,6.0,DISPLACEMENT_ORIGIN_ONLY,RECLAIM_PULLBACK,STRUCTURAL,,2.0,953,20.041972717733472,45.9601259181532,33.997901364113325,1.3641133263378804,0.05230846836562844,1.1063798887807805,0.03789797375014074,1.0757490833045016,6.15130974756039,0.4834682137279742,3.0,36.11676898388413
S11_C6_PRIMARY,primary,0.11,6.0,DISPLACEMENT_ORIGIN_ONLY,RECLAIM_PULLBACK,STRUCTURAL,,2.5,953,15.110178384050368,46.904512067156354,37.98530954879328,1.3641133263378804,0.07367706827340786,1.1468883723707908,0.05926657365792019,1.116090579898149,6.15130974756039,0.4834682137279742,3.0,56.48104469599794
S11_C6_PRIMARY,primary,0.11,6.0,DISPLACEMENT_ORIGIN_ONLY,RECLAIM_PULLBACK,STRUCTURAL,,3.0,953,10.49317943336831,48.05876180482686,41.44805876180483,1.3641133263378804,0.05242833030557801,1.1018618979386743,0.03801783569009032,1.0725370624620805,6.15130974756039,0.4834682137279742,3.0,36.23099741265607
S11_C6_PRIMARY,primary,0.11,6.0,DISPLACEMENT_ORIGIN_ONLY,TOUCH_NEXT_OPEN,VOL_FLOOR_0.25,0.25,0.5,1275,66.66666666666666,21.88235294117647,11.450980392156863,0.4705882352941176,0.09661047437292289,1.398676470474563,0.08298133518391232,1.3374622032511554,6.456148829412541,0.6746239814669934,1.0,105.80120235948822
S11_C6_PRIMARY,primary,0.11,6.0,DISPLACEMENT_ORIGIN_ONLY,TOUCH_NEXT_OPEN,VOL_FLOOR_0.25,0.25,1.0,1275,44.549019607843135,32.31372549019608,23.137254901960784,0.2352941176470588,0.1335403367334305,1.3764164203384257,0.11991119754441991,1.3327105481319363,6.456148829412541,0.6746239814669934,1.0,152.8867768691354
S11_C6_PRIMARY,primary,0.11,6.0,DISPLACEMENT_ORIGIN_ONLY,TOUCH_NEXT_OPEN,VOL_FLOOR_0.25,0.25,1.5,1275,30.50980392156863,39.13725490196078,30.352941176470587,0.0784313725490196,0.11813860871850218,1.2774234532404842,0.10450946952949161,1.241442062578009,6.456148829412541,0.6746239814669934,1.0,133.2495736501018
S11_C6_PRIMARY,primary,0.11,6.0,DISPLACEMENT_ORIGIN_ONLY,TOUCH_NEXT_OPEN,VOL_FLOOR_0.25,0.25,2.0,1275,20.784313725490197,42.58823529411765,36.627450980392155,0.0784313725490196,0.10742990894351251,1.2323676401173727,0.09380076975450193,1.1994873159831096,6.456148829412541,0.6746239814669934,1.0,119.59598143698996
S11_C6_PRIMARY,primary,0.11,6.0,DISPLACEMENT_ORIGIN_ONLY,TOUCH_NEXT_OPEN,VOL_FLOOR_0.25,0.25,2.5,1275,14.901960784313726,44.15686274509804,40.94117647058824,0.0,0.10401132314347676,1.2171255631186022,0.09038218395446618,1.1854684389862502,6.456148829412541,0.6746239814669934,1.0,115.23728454194438
S11_C6_PRIMARY,primary,0.11,6.0,DISPLACEMENT_ORIGIN_ONLY,TOUCH_NEXT_OPEN,VOL_FLOOR_0.25,0.25,3.0,1275,11.137254901960784,44.86274509803921,44.0,0.0,0.11085866649133358,1.2279593396404536,0.09722952730232298,1.1965070101811996,6.456148829412541,0.6746239814669934,1.0,123.9676473104618
S11_C6_PRIMARY,primary,0.11,6.0,DISPLACEMENT_ORIGIN_ONLY,TOUCH_NEXT_OPEN,VOL_FLOOR_0.50,0.5,0.5,1275,66.43137254901961,22.11764705882353,11.450980392156863,0.0,0.09308106260821546,1.3804181054953153,0.08211278969591751,1.3315256636048034,6.921984900843654,1.185097088067998,1.0,104.69380686229482
S11_C6_PRIMARY,primary,0.11,6.0,DISPLACEMENT_ORIGIN_ONLY,TOUCH_NEXT_OPEN,VOL_FLOOR_0.50,0.5,1.0,1275,43.29411764705882,33.33333333333333,23.372549019607845,0.0784313725490196,0.11125602346688569,1.3047351062941257,0.10028775055458773,1.271164780567261,6.921984900843654,1.185097088067998,1.0,127.86688195709937
S11_C6_PRIMARY,primary,0.11,6.0,DISPLACEMENT_ORIGIN_ONLY,TOUCH_NEXT_OPEN,VOL_FLOOR_0.50,0.5,1.5,1275,29.568627450980394,39.13725490196078,31.294117647058822,0.0,0.10684311872004498,1.2503639018249326,0.09587484580774705,1.2217329529855543,6.921984900843654,1.185097088067998,1.0,122.24042840487749
S11_C6_PRIMARY,primary,0.11,6.0,DISPLACEMENT_ORIGIN_ONLY,TOUCH_NEXT_OPEN,VOL_FLOOR_0.50,0.5,2.0,1275,19.92156862745098,41.72549019607843,38.35294117647059,0.0,0.11225435745737859,1.2471545750529756,0.10128608454508063,1.220069743996153,6.921984900843654,1.185097088067998,1.0,129.1397577949778
S11_C6_PRIMARY,primary,0.11,6.0,DISPLACEMENT_ORIGIN_ONLY,TOUCH_NEXT_OPEN,VOL_FLOOR_0.50,0.5,2.5,1275,14.03921568627451,43.13725490196079,42.8235294117647,0.0,0.10784156876177427,1.229927398146457,0.0968732958494763,1.2037682550890085,6.921984900843654,1.185097088067998,1.0,123.5134522080823
S11_C6_PRIMARY,primary,0.11,6.0,DISPLACEMENT_ORIGIN_ONLY,TOUCH_NEXT_OPEN,VOL_FLOOR_0.50,0.5,3.0,1275,9.411764705882353,44.0,46.588235294117645,0.0,0.09153894213623788,1.1915407808626737,0.0805706692239399,1.166305479751054,6.921984900843654,1.185097088067998,1.0,102.72760326052338
S11_C6_PRIMARY,primary,0.11,6.0,DISPLACEMENT_ORIGIN_ONLY,TOUCH_NEXT_OPEN,VOL_FLOOR_0.75,0.75,0.5,1275,65.41176470588236,22.980392156862745,11.607843137254902,0.0,0.07882646985394665,1.3105391025442155,0.06950539634681396,1.2709730328455147,7.707651556302837,1.2931218407402782,1.0,88.61938034218781
S11_C6_PRIMARY,primary,0.11,6.0,DISPLACEMENT_ORIGIN_ONLY,TOUCH_NEXT_OPEN,VOL_FLOOR_0.75,0.75,1.0,1275,42.11764705882353,32.70588235294118,25.176470588235293,0.0784313725490196,0.10627495546627772,1.293507620437642,0.096953881959145,1.2648549445155415,7.707651556302837,1.2931218407402782,1.0,123.61619949790989
S11_C6_PRIMARY,primary,0.11,6.0,DISPLACEMENT_ORIGIN_ONLY,TOUCH_NEXT_OPEN,VOL_FLOOR_0.75,0.75,1.5,1275,28.313725490196077,37.254901960784316,34.431372549019606,0.0,0.11513116654573492,1.2794775958426012,0.10581009303860221,1.2540128494795453,7.707651556302837,1.2931218407402782,1.0,134.90786862421783
S11_C6_PRIMARY,primary,0.11,6.0,DISPLACEMENT_ORIGIN_ONLY,TOUCH_NEXT_OPEN,VOL_FLOOR_0.75,0.75,2.0,1275,17.647058823529413,39.294117647058826,43.05882352941177,0.0,0.10759024097029632,1.248141128738027,0.09826916746316364,1.2240955854033109,7.707651556302837,1.2931218407402782,1.0,125.29318851553364
S11_C6_PRIMARY,primary,0.11,6.0,DISPLACEMENT_ORIGIN_ONLY,TOUCH_NEXT_OPEN,VOL_FLOOR_0.75,0.75,2.5,1275,12.07843137254902,39.92156862745098,48.0,0.0,0.11812836609122629,1.2679892255354015,0.10880729258409358,1.244048491633293,7.707651556302837,1.2931218407402782,1.0,138.72929804471931
S11_C6_PRIMARY,primary,0.11,6.0,DISPLACEMENT_ORIGIN_ONLY,TOUCH_NEXT_OPEN,VOL_FLOOR_0.75,0.75,3.0,1275,7.0588235294117645,40.705882352941174,52.23529411764706,0.0,0.09422099947526867,1.2098149563071172,0.08489992596813596,1.1868928026387997,7.707651556302837,1.2931218407402782,1.0,108.24740560937336
S11_C6_PRIMARY,primary,0.11,6.0,DISPLACEMENT_ORIGIN_ONLY,TOUCH_NEXT_OPEN,VOL_FLOOR_1.00,1.0,0.5,1275,63.450980392156865,23.52941176470588,13.019607843137255,0.0784313725490196,0.061270453756505645,1.2336933315905763,0.05329161738056379,1.201376082089783,8.663598014511688,1.724162454320371,1.0,67.94681216021883
S11_C6_PRIMARY,primary,0.11,6.0,DISPLACEMENT_ORIGIN_ONLY,TOUCH_NEXT_OPEN,VOL_FLOOR_1.00,1.0,1.0,1275,38.588235294117645,31.372549019607842,30.039215686274513,0.0784313725490196,0.08782300919784468,1.2468022807454586,0.07984417282190281,1.2221961006839674,8.663598014511688,1.724162454320371,1.0,101.8013203479261
S11_C6_PRIMARY,primary,0.11,6.0,DISPLACEMENT_ORIGIN_ONLY,TOUCH_NEXT_OPEN,VOL_FLOOR_1.00,1.0,1.5,1275,25.019607843137255,33.96078431372549,41.01960784313726,0.0,0.11047029204694597,1.2866353170729432,0.1024914556710041,1.2632654277226985,8.663598014511688,1.724162454320371,1.0,130.6766059805302
S11_C6_PRIMARY,primary,0.11,6.0,DISPLACEMENT_ORIGIN_ONLY,TOUCH_NEXT_OPEN,VOL_FLOOR_1.00,1.0,2.0,1275,13.882352941176471,35.294117647058826,50.8235294117647,0.0,0.10162104712046416,1.253026613301286,0.09364221074452228,1.2307944601964993,8.663598014511688,1.724162454320371,1.0,119.3938186992659
S11_C6_PRIMARY,primary,0.11,6.0,DISPLACEMENT_ORIGIN_ONLY,TOUCH_NEXT_OPEN,VOL_FLOOR_1.00,1.0,2.5,1275,8.15686274509804,35.6078431372549,56.23529411764706,0.0,0.11130021639503562,1.2749788251980894,0.10332138001909377,1.252676549932697,8.663598014511688,1.724162454320371,1.0,131.73475952434455
S11_C6_PRIMARY,primary,0.11,6.0,DISPLACEMENT_ORIGIN_ONLY,TOUCH_NEXT_OPEN,VOL_FLOOR_1.00,1.0,3.0,1275,3.8431372549019605,35.92156862745098,60.23529411764705,0.0,0.0912351211355235,1.2234317187679933,0.08325628475958162,1.201801307298296,8.663598014511688,1.724162454320371,1.0,106.15176306846656
S11_C6_PRIMARY,primary,0.11,6.0,DOZ_OBJECTIVE_ONLY,CLEAN_REJECTION,STRUCTURAL,,0.5,17,76.47058823529412,23.52941176470588,0.0,0.0,0.14705882352941016,1.6249999999999933,0.13124762330519177,1.547620438492805,4.083506139206293,2.393793811815158,2.0,2.23120959618826
S11_C6_PRIMARY,primary,0.11,6.0,DOZ_OBJECTIVE_ONLY,CLEAN_REJECTION,STRUCTURAL,,1.0,17,76.47058823529412,23.52941176470588,0.0,0.0,0.5294117647058824,3.25,0.5136005644816639,3.1429581675363965,4.083506139206293,2.393793811815158,2.0,8.731209596188286
S11_C6_PRIMARY,primary,0.11,6.0,DOZ_OBJECTIVE_ONLY,CLEAN_REJECTION,STRUCTURAL,,1.5,17,58.82352941176471,41.17647058823529,0.0,0.0,0.4705882352941166,2.14285714285714,0.4547770350698982,2.085390383636941,4.083506139206293,2.393793811815158,2.0,7.731209596188269
S11_C6_PRIMARY,primary,0.11,6.0,DOZ_OBJECTIVE_ONLY,CLEAN_REJECTION,STRUCTURAL,,2.0,17,47.05882352941176,41.17647058823529,11.76470588235294,0.0,0.6773420686090816,2.644973595193484,0.6615308683848632,2.5788379527861767,4.083506139206293,2.393793811815158,2.0,11.246024762542675
S11_C6_PRIMARY,primary,0.11,6.0,DOZ_OBJECTIVE_ONLY,CLEAN_REJECTION,STRUCTURAL,,2.5,17,23.52941176470588,52.94117647058824,23.52941176470588,0.0,0.28126301278882443,1.515670421979723,0.265451812564606,1.4774689048042973,4.083506139206293,2.393793811815158,2.0,4.512680813598302
S11_C6_PRIMARY,primary,0.11,6.0,DOZ_OBJECTIVE_ONLY,CLEAN_REJECTION,STRUCTURAL,,3.0,17,23.52941176470588,52.94117647058824,23.52941176470588,0.0,0.39891007161235026,1.731365716809514,0.3830988713881318,1.689080992840969,4.083506139206293,2.393793811815158,2.0,6.512680813598241
S11_C6_PRIMARY,primary,0.11,6.0,DOZ_OBJECTIVE_ONLY,FAILED_AUCTION,STRUCTURAL,,0.5,18,55.55555555555556,44.44444444444444,0.0,5.555555555555555,-0.16666666666665358,0.6250000000000293,-0.1845194193091323,0.5936196823466076,4.213137054105346,1.066218271330854,1.5,-3.3213495475643815
S11_C6_PRIMARY,primary,0.11,6.0,DOZ_OBJECTIVE_ONLY,FAILED_AUCTION,STRUCTURAL,,1.0,18,33.33333333333333,66.66666666666666,0.0,5.555555555555555,-0.3333333333333333,0.5,-0.3511860859758121,0.48327311608218665,4.213137054105346,1.066218271330854,1.5,-6.321349547564617
S11_C6_PRIMARY,primary,0.11,6.0,DOZ_OBJECTIVE_ONLY,FAILED_AUCTION,STRUCTURAL,,1.5,18,27.77777777777778,72.22222222222221,0.0,5.555555555555555,-0.30555555555555824,0.5769230769230732,-0.32340830819803695,0.5613940126075293,4.213137054105346,1.066218271330854,1.5,-5.821349547564665
S11_C6_PRIMARY,primary,0.11,6.0,DOZ_OBJECTIVE_ONLY,FAILED_AUCTION,STRUCTURAL,,2.0,18,16.666666666666664,77.77777777777779,5.555555555555555,0.0,-0.40970561511114995,0.4732356377142358,-0.42755836775362865,0.4609041600625808,4.213137054105346,1.066218271330854,1.5,-7.696050619565316
S11_C6_PRIMARY,primary,0.11,6.0,DOZ_OBJECTIVE_ONLY,FAILED_AUCTION,STRUCTURAL,,2.5,18,11.11111111111111,77.77777777777779,11.11111111111111,0.0,-0.3380435371180986,0.5653725951338732,-0.35589628976057736,0.5512607781082043,4.213137054105346,1.066218271330854,1.5,-6.406133215690392
S11_C6_PRIMARY,primary,0.11,6.0,DOZ_OBJECTIVE_ONLY,FAILED_AUCTION,STRUCTURAL,,3.0,18,5.555555555555555,83.33333333333334,11.11111111111111,0.0,-0.5047102037847648,0.3943477554582823,-0.5225629564272435,0.384826705293344,4.213137054105346,1.066218271330854,1.5,-9.406133215690383
S11_C6_PRIMARY,primary,0.11,6.0,DOZ_OBJECTIVE_ONLY,PASSIVE_TOUCH,STRUCTURAL,,0.5,32,56.25,43.75,0.0,37.5,-0.305146517678084,0.47962426706357675,-0.3574789754053852,0.4203390878043531,1.3301607217088076,0.48181267181143994,0.0,-11.439327212972326
S11_C6_PRIMARY,primary,0.11,6.0,DOZ_OBJECTIVE_ONLY,PASSIVE_TOUCH,STRUCTURAL,,1.0,32,53.125,46.875,0.0,34.375,-0.0863965176780547,0.8601198012046618,-0.1387289754053559,0.786140853097983,1.3301607217088076,0.48181267181143994,0.0,-4.4393272129713885
S11_C6_PRIMARY,primary,0.11,6.0,DOZ_OBJECTIVE_ONLY,PASSIVE_TOUCH,STRUCTURAL,,1.5,32,46.875,53.125,0.0,34.375,0.022978482321968946,1.033784606293972,-0.029353975405332244,0.9589060141715541,1.3301607217088076,0.48181267181143994,0.0,-0.9393272129706318
S11_C6_PRIMARY,primary,0.11,6.0,DOZ_OBJECTIVE_ONLY,PASSIVE_TOUCH,STRUCTURAL,,2.0,32,37.5,62.5,0.0,34.375,-0.0238965176780547,0.9691218177983897,-0.07622897540535588,0.9060492703437242,1.3301607217088076,0.48181267181143994,0.0,-2.439327212971388
S11_C6_PRIMARY,primary,0.11,6.0,DOZ_OBJECTIVE_ONLY,PASSIVE_TOUCH,STRUCTURAL,,2.5,32,34.375,65.625,0.0,34.375,0.05422848232191971,1.0673523155491103,0.0018960245946185034,1.002247733572018,1.3301607217088076,0.48181267181143994,0.0,0.06067278702779211
S11_C6_PRIMARY,primary,0.11,6.0,DOZ_OBJECTIVE_ONLY,PASSIVE_TOUCH,STRUCTURAL,,3.0,32,34.375,65.625,0.0,34.375,0.2261034823219453,1.2808227786589705,0.1737710245946441,1.2060052210999153,1.3301607217088076,0.48181267181143994,0.0,5.5606727870286115
S11_C6_PRIMARY,primary,0.11,6.0,DOZ_OBJECTIVE_ONLY,RECLAIM_PULLBACK,STRUCTURAL,,0.5,30,60.0,40.0,0.0,10.0,-0.09999999999997303,0.7500000000000674,-0.12480152324234862,0.6968048530484605,2.876711549466336,0.8377182713311413,2.0,-3.7440456972704586
S11_C6_PRIMARY,primary,0.11,6.0,DOZ_OBJECTIVE_ONLY,RECLAIM_PULLBACK,STRUCTURAL,,1.0,30,50.0,50.0,0.0,10.0,0.0,1.0,-0.024801523242375573,0.9517139928779513,2.876711549466336,0.8377182713311413,2.0,-0.7440456972712672
S11_C6_PRIMARY,primary,0.11,6.0,DOZ_OBJECTIVE_ONLY,RECLAIM_PULLBACK,STRUCTURAL,,1.5,30,40.0,60.0,0.0,6.666666666666667,-1.0524914273446484e-14,0.9999999999999822,-0.024801523242386107,0.9597744332509345,2.876711549466336,0.8377182713311413,2.0,-0.7440456972715832
S11_C6_PRIMARY,primary,0.11,6.0,DOZ_OBJECTIVE_ONLY,RECLAIM_PULLBACK,STRUCTURAL,,2.0,30,33.33333333333333,66.66666666666666,0.0,6.666666666666667,0.0,1.0,-0.02480152324237559,0.9638102927457353,2.876711549466336,0.8377182713311413,2.0,-0.7440456972712677
S11_C6_PRIMARY,primary,0.11,6.0,DOZ_OBJECTIVE_ONLY,RECLAIM_PULLBACK,STRUCTURAL,,2.5,30,26.666666666666668,70.0,3.3333333333333335,6.666666666666667,0.005113564811109879,1.0073050925873,-0.019687958431265702,0.9726254998207309,2.876711549466336,0.8377182713311413,2.0,-0.5906387529379711
S11_C6_PRIMARY,primary,0.11,6.0,DOZ_OBJECTIVE_ONLY,RECLAIM_PULLBACK,STRUCTURAL,,3.0,30,16.666666666666664,73.33333333333333,10.0,6.666666666666667,-0.044530757011011626,0.9392762404395296,-0.0693322802533872,0.907982677758187,2.876711549466336,0.8377182713311413,2.0,-2.079968407601616
S11_C6_PRIMARY,primary,0.11,6.0,DOZ_OBJECTIVE_ONLY,TOUCH_NEXT_OPEN,VOL_FLOOR_0.25,0.25,0.5,35,77.14285714285715,22.857142857142858,0.0,2.857142857142857,0.1571428571428808,1.6875000000001084,0.13427094334120712,1.5768016422452604,2.759558436512135,1.0678044625342782,1.0,4.699483016942249
S11_C6_PRIMARY,primary,0.11,6.0,DOZ_OBJECTIVE_ONLY,TOUCH_NEXT_OPEN,VOL_FLOOR_0.25,0.25,1.0,35,62.857142857142854,37.142857142857146,0.0,2.857142857142857,0.2571428571428443,1.692307692307641,0.23427094334117052,1.6151381680824775,2.759558436512135,1.0678044625342782,1.0,8.199483016940968
S11_C6_PRIMARY,primary,0.11,6.0,DOZ_OBJECTIVE_ONLY,TOUCH_NEXT_OPEN,VOL_FLOOR_0.25,0.25,1.5,35,45.714285714285715,54.285714285714285,0.0,2.857142857142857,0.1428571428571386,1.2631578947368307,0.11998522905546483,1.2159280398823855,2.759558436512135,1.0678044625342782,1.0,4.199483016941269
S11_C6_PRIMARY,primary,0.11,6.0,DOZ_OBJECTIVE_ONLY,TOUCH_NEXT_OPEN,VOL_FLOOR_0.25,0.25,2.0,35,40.0,60.0,0.0,2.857142857142857,0.1999999999999907,1.3333333333333142,0.17712808619831694,1.2882298230518128,2.759558436512135,1.0678044625342782,1.0,6.199483016941093
S11_C6_PRIMARY,primary,0.11,6.0,DOZ_OBJECTIVE_ONLY,TOUCH_NEXT_OPEN,VOL_FLOOR_0.25,0.25,2.5,35,28.57142857142857,65.71428571428571,5.714285714285714,2.857142857142857,0.09333303003015149,1.1403664660571136,0.07046111622847777,1.1034614129853115,2.759558436512135,1.0678044625342782,1.0,2.4661390679967217
S11_C6_PRIMARY,primary,0.11,6.0,DOZ_OBJECTIVE_ONLY,TOUCH_NEXT_OPEN,VOL_FLOOR_0.25,0.25,3.0,35,28.57142857142857,65.71428571428571,5.714285714285714,0.0,0.2361901728872986,1.3552137959616066,0.21331825908562482,1.313225360055332,2.759558436512135,1.0678044625342782,1.0,7.466139067996869
S11_C6_PRIMARY,primary,0.11,6.0,DOZ_OBJECTIVE_ONLY,TOUCH_NEXT_OPEN,VOL_FLOOR_0.50,0.5,0.5,35,68.57142857142857,31.428571428571427,0.0,2.857142857142857,0.02857142857142696,1.090909090909086,0.012205315691089793,1.0382431610774088,4.066911369618538,1.7929419274824598,1.0,0.42718604918814274
S11_C6_PRIMARY,primary,0.11,6.0,DOZ_OBJECTIVE_ONLY,TOUCH_NEXT_OPEN,VOL_FLOOR_0.50,0.5,1.0,35,54.285714285714285,45.714285714285715,0.0,2.857142857142857,0.08571428571428084,1.1874999999999885,0.06934817283394365,1.149106118395491,4.066911369618538,1.7929419274824598,1.0,2.4271860491880277
S11_C6_PRIMARY,primary,0.11,6.0,DOZ_OBJECTIVE_ONLY,TOUCH_NEXT_OPEN,VOL_FLOOR_0.50,0.5,1.5,35,40.0,60.0,0.0,0.0,-4.694657361272091e-16,0.9999999999999991,-0.01636611288033763,0.9731886392764829,4.066911369618538,1.7929419274824598,1.0,-0.5728139508118171
S11_C6_PRIMARY,primary,0.11,6.0,DOZ_OBJECTIVE_ONLY,TOUCH_NEXT_OPEN,VOL_FLOOR_0.50,0.5,2.0,35,34.285714285714285,65.71428571428571,0.0,0.0,0.02857142857142031,1.0434782608695523,0.012205315691083138,1.0182708627763561,4.066911369618538,1.7929419274824598,1.0,0.4271860491879098
S11_C6_PRIMARY,primary,0.11,6.0,DOZ_OBJECTIVE_ONLY,TOUCH_NEXT_OPEN,VOL_FLOOR_0.50,0.5,2.5,35,25.71428571428571,68.57142857142857,5.714285714285714,0.0,-0.0066669699698494915,0.9903864252952037,-0.02303308285018664,0.967341552141136,4.066911369618538,1.7929419274824598,1.0,-0.8061578997565324
S11_C6_PRIMARY,primary,0.11,6.0,DOZ_OBJECTIVE_ONLY,TOUCH_NEXT_OPEN,VOL_FLOOR_0.50,0.5,3.0,35,25.71428571428571,68.57142857142857,5.714285714285714,0.0,0.12190445860158014,1.1757826456267229,0.10553834572124295,1.1496420858322058,4.066911369618538,1.7929419274824598,1.0,3.6938421002435033
S11_C6_PRIMARY,primary,0.11,6.0,DOZ_OBJECTIVE_ONLY,TOUCH_NEXT_OPEN,VOL_FLOOR_0.75,0.75,0.5,35,71.42857142857143,28.57142857142857,0.0,0.0,0.07142857142857198,1.2500000000000007,0.05966079626796937,1.2061420445467819,5.120783818225391,2.2210000000000036,1.0,2.088127869378928
S11_C6_PRIMARY,primary,0.11,6.0,DOZ_OBJECTIVE_ONLY,TOUCH_NEXT_OPEN,VOL_FLOOR_0.75,0.75,1.0,35,57.14285714285714,42.857142857142854,0.0,0.0,0.14285714285713752,1.3333333333333184,0.13108936769653493,1.301672053667101,5.120783818225391,2.2210000000000036,1.0,4.588127869378722
S11_C6_PRIMARY,primary,0.11,6.0,DOZ_OBJECTIVE_ONLY,TOUCH_NEXT_OPEN,VOL_FLOOR_0.75,0.75,1.5,35,45.714285714285715,54.285714285714285,0.0,0.0,0.14285714285713155,1.2631578947368192,0.13108936769652887,1.2382893189706068,5.120783818225391,2.2210000000000036,1.0,4.588127869378511
S11_C6_PRIMARY,primary,0.11,6.0,DOZ_OBJECTIVE_ONLY,TOUCH_NEXT_OPEN,VOL_FLOOR_0.75,0.75,2.0,35,34.285714285714285,57.14285714285714,8.571428571428571,0.0,0.2415907671782386,1.4227838425619144,0.22982299201763595,1.39705746616143,5.120783818225391,2.2210000000000036,1.0,8.043804720617258
S11_C6_PRIMARY,primary,0.11,6.0,DOZ_OBJECTIVE_ONLY,TOUCH_NEXT_OPEN,VOL_FLOOR_0.75,0.75,2.5,35,14.285714285714285,60.0,25.71428571428571,0.0,0.08553278110503167,1.1407295770228245,0.07376500594442902,1.1197471613456034,5.120783818225391,2.2210000000000036,1.0,2.5817752080550154
S11_C6_PRIMARY,primary,0.11,6.0,DOZ_OBJECTIVE_ONLY,TOUCH_NEXT_OPEN,VOL_FLOOR_0.75,0.75,3.0,35,11.428571428571429,60.0,28.57142857142857,0.0,0.139195264942892,1.2290220253090873,0.12742748978228932,1.206860692051194,5.120783818225391,2.2210000000000036,1.0,4.459962142380126
S11_C6_PRIMARY,primary,0.11,6.0,DOZ_OBJECTIVE_ONLY,TOUCH_NEXT_OPEN,VOL_FLOOR_1.00,1.0,0.5,35,71.42857142857143,28.57142857142857,0.0,0.0,0.07142857142857406,1.250000000000011,0.06221065830490561,1.2157544741836235,6.00304650196402,2.2210000000000036,1.0,2.1773730406716965
S11_C6_PRIMARY,primary,0.11,6.0,DOZ_OBJECTIVE_ONLY,TOUCH_NEXT_OPEN,VOL_FLOOR_1.00,1.0,1.0,35,51.42857142857142,42.857142857142854,5.714285714285714,0.0,0.0959017568876234,1.2207509537726566,0.08668384376395498,1.1973636171303967,6.00304650196402,2.2210000000000036,1.0,3.0339345317384243
S11_C6_PRIMARY,primary,0.11,6.0,DOZ_OBJECTIVE_ONLY,TOUCH_NEXT_OPEN,VOL_FLOOR_1.00,1.0,1.5,35,37.142857142857146,45.714285714285715,17.142857142857142,0.0,0.19063402604957244,1.3987843924305514,0.18141611292590396,1.3752689962861715,6.00304650196402,2.2210000000000036,1.0,6.349563952406639
S11_C6_PRIMARY,primary,0.11,6.0,DOZ_OBJECTIVE_ONLY,TOUCH_NEXT_OPEN,VOL_FLOOR_1.00,1.0,2.0,35,17.142857142857142,51.42857142857142,31.428571428571427,0.0,0.07585495413180882,1.1417370914024159,0.06663704100814039,1.1231531497606504,6.00304650196402,2.2210000000000036,1.0,2.3322964352849134
S11_C6_PRIMARY,primary,0.11,6.0,DOZ_OBJECTIVE_ONLY,TOUCH_NEXT_OPEN,VOL_FLOOR_1.00,1.0,2.5,35,11.428571428571429,51.42857142857142,37.142857142857146,0.0,0.06262994289629639,1.1155056654438766,0.05341202977262797,1.0973945961944844,6.00304650196402,2.2210000000000036,1.0,1.8694210420419788
S11_C6_PRIMARY,primary,0.11,6.0,DOZ_OBJECTIVE_ONLY,TOUCH_NEXT_OPEN,VOL_FLOOR_1.00,1.0,3.0,35,8.571428571428571,54.285714285714285,37.142857142857146,0.0,0.005487085753438798,1.0096130514815174,-0.0037308273702296216,0.9935373563120204,6.00304650196402,2.2210000000000036,1.0,-0.13057895795803676
S11_C6_PRIMARY,primary,0.11,6.0,MEMORY_ONLY,ACCEPTANCE_RETEST,STRUCTURAL,,0.5,68,61.76470588235294,38.23529411764706,0.0,4.411764705882353,-0.07352941176470963,0.8076923076922978,-0.09249508174650821,0.7628080352625423,3.051960425958441,1.7089602966930215,6.5,-6.289665558762558
S11_C6_PRIMARY,primary,0.11,6.0,MEMORY_ONLY,ACCEPTANCE_RETEST,STRUCTURAL,,1.0,68,47.05882352941176,51.470588235294116,1.4705882352941175,4.411764705882353,-0.04006236845259688,0.9221645412920976,-0.05902803843439546,0.8875445671259209,3.051960425958441,1.7089602966930215,6.5,-4.013906613538891
S11_C6_PRIMARY,primary,0.11,6.0,MEMORY_ONLY,ACCEPTANCE_RETEST,STRUCTURAL,,1.5,68,39.705882352941174,57.35294117647059,2.941176470588235,4.411764705882353,0.01789841140119176,1.030766759057018,-0.0010672585806068132,0.9982012968387342,3.051960425958441,1.7089602966930215,6.5,-0.0725735834812633
S11_C6_PRIMARY,primary,0.11,6.0,MEMORY_ONLY,ACCEPTANCE_RETEST,STRUCTURAL,,2.0,68,32.35294117647059,63.23529411764706,4.411764705882353,4.411764705882353,0.01935286364721634,1.0302120064628884,0.0003871936654177876,1.000592714713766,3.051960425958441,1.7089602966930215,6.5,0.026329169248409556
S11_C6_PRIMARY,primary,0.11,6.0,MEMORY_ONLY,ACCEPTANCE_RETEST,STRUCTURAL,,2.5,68,27.941176470588236,64.70588235294117,7.352941176470589,4.411764705882353,0.08765819123393082,1.1337732344625158,0.06869252125213222,1.1028057166694882,3.051960425958441,1.7089602966930215,6.5,4.671091445144992
S11_C6_PRIMARY,primary,0.11,6.0,MEMORY_ONLY,ACCEPTANCE_RETEST,STRUCTURAL,,3.0,68,20.588235294117645,67.64705882352942,11.76470588235294,4.411764705882353,0.040149359084003904,1.0586390589634966,0.021183689102205333,1.0303488704434491,3.051960425958441,1.7089602966930215,6.5,1.4404908589499625
S11_C6_PRIMARY,primary,0.11,6.0,MEMORY_ONLY,CLEAN_REJECTION,STRUCTURAL,,0.5,868,65.66820276497695,33.41013824884793,0.9216589861751152,0.0,-0.008306935688655702,0.9753338750735032,-0.023793961872207635,0.9304656921572496,3.8997678337739217,1.9604900181479934,1.0,-20.65315890507623
S11_C6_PRIMARY,primary,0.11,6.0,MEMORY_ONLY,CLEAN_REJECTION,STRUCTURAL,,1.0,868,48.04147465437788,49.88479262672811,2.0737327188940093,0.0,-0.019213701653689696,0.9618459412941222,-0.03470072783724164,0.9321656203267724,3.8997678337739217,1.9604900181479934,1.0,-30.12023176272574
S11_C6_PRIMARY,primary,0.11,6.0,MEMORY_ONLY,CLEAN_REJECTION,STRUCTURAL,,1.5,868,37.44239631336406,57.71889400921659,4.838709677419355,0.0,-0.008134303470144443,0.9860972884940662,-0.02362132965369638,0.9602636904689125,3.8997678337739217,1.9604900181479934,1.0,-20.50331413940846
S11_C6_PRIMARY,primary,0.11,6.0,MEMORY_ONLY,CLEAN_REJECTION,STRUCTURAL,,2.0,868,28.80184331797235,62.096774193548384,9.101382488479262,0.0,-0.002051107311867457,0.9967448466421669,-0.017538133495419404,0.9726100491477914,3.8997678337739217,1.9604900181479934,1.0,-15.223099874024044
S11_C6_PRIMARY,primary,0.11,6.0,MEMORY_ONLY,CLEAN_REJECTION,STRUCTURAL,,2.5,868,24.193548387096776,64.17050691244239,11.63594470046083,0.0,0.03539332359075737,1.054340415076576,0.01990629740720544,1.0300754372452465,3.8997678337739217,1.9604900181479934,1.0,17.27866614945432
S11_C6_PRIMARY,primary,0.11,6.0,MEMORY_ONLY,CLEAN_REJECTION,STRUCTURAL,,3.0,868,19.470046082949306,65.43778801843318,15.092165898617512,0.0,0.05509136880810622,1.0828223939250556,0.03960434262455427,1.0585882090456684,3.8997678337739217,1.9604900181479934,1.0,34.376569398113105
S11_C6_PRIMARY,primary,0.11,6.0,MEMORY_ONLY,FAILED_AUCTION,STRUCTURAL,,0.5,267,67.79026217228464,30.711610486891384,1.4981273408239701,0.0,0.030409958015591886,1.0984413538804814,0.019341934613508683,1.0618998295270585,5.661893261889418,2.4683695174321656,7.0,5.164296541806818
S11_C6_PRIMARY,primary,0.11,6.0,MEMORY_ONLY,FAILED_AUCTION,STRUCTURAL,,1.0,267,50.936329588014985,44.19475655430712,4.868913857677903,0.0,0.07635471547723377,1.1713723769007232,0.06528669207515056,1.1448650317895426,5.661893261889418,2.4683695174321656,7.0,17.431546784065198
S11_C6_PRIMARY,primary,0.11,6.0,MEMORY_ONLY,FAILED_AUCTION,STRUCTURAL,,1.5,267,38.20224719101123,53.558052434456926,8.239700374531834,0.0,0.059610007211601625,1.1105075522862187,0.048541983809518414,1.0889771769605372,5.661893261889418,2.4683695174321656,7.0,12.960709677141416
S11_C6_PRIMARY,primary,0.11,6.0,MEMORY_ONLY,FAILED_AUCTION,STRUCTURAL,,2.0,267,29.962546816479403,57.67790262172284,12.359550561797752,0.37453183520599254,0.09181644233908332,1.1581355203437709,0.08074841893700008,1.1374881149585765,5.661893261889418,2.4683695174321656,7.0,21.55982785617902
S11_C6_PRIMARY,primary,0.11,6.0,MEMORY_ONLY,FAILED_AUCTION,STRUCTURAL,,2.5,267,23.970037453183522,59.176029962546814,16.853932584269664,0.37453183520599254,0.14157052780725302,1.2376939741127764,0.13050250440516983,1.2166108540827065,5.661893261889418,2.4683695174321656,7.0,34.844168676180345
S11_C6_PRIMARY,primary,0.11,6.0,MEMORY_ONLY,FAILED_AUCTION,STRUCTURAL,,3.0,267,17.97752808988764,60.2996254681648,21.722846441947567,0.37453183520599254,0.13612046217933202,1.2239209869938732,0.12505243877724878,1.2033372538006537,5.661893261889418,2.4683695174321656,7.0,33.38900115352543
S11_C6_PRIMARY,primary,0.11,6.0,MEMORY_ONLY,PASSIVE_TOUCH,STRUCTURAL,,0.5,979,55.669050051072524,44.12665985699694,0.20429009193054137,22.26762002042901,-0.22678368995420511,0.5510380184114633,-0.25825210140770416,0.5026783764696462,1.9241354691889683,0.7054890206609343,2.0,-252.8288072781424
S11_C6_PRIMARY,primary,0.11,6.0,MEMORY_ONLY,PASSIVE_TOUCH,STRUCTURAL,,1.0,979,45.658835546476,53.93258426966292,0.40858018386108275,20.93973442288049,-0.14571523630906252,0.7585985870395687,-0.17718364776256162,0.7146445481167535,1.9241354691889683,0.7054890206609343,2.0,-173.46279115954783
S11_C6_PRIMARY,primary,0.11,6.0,MEMORY_ONLY,PASSIVE_TOUCH,STRUCTURAL,,1.5,979,37.58937691521961,61.59346271705822,0.8171603677221655,20.531154239019408,-0.11354957594682984,0.8330720161665797,-0.14501798740032892,0.7928413436140787,1.9241354691889683,0.7054890206609343,2.0,-141.972609664922
S11_C6_PRIMARY,primary,0.11,6.0,MEMORY_ONLY,PASSIVE_TOUCH,STRUCTURAL,,2.0,979,31.76710929519918,67.31358529111337,0.9193054136874361,20.326864147088866,-0.09783574476268833,0.8673291564744418,-0.1293041562161874,0.8296399022815831,1.9241354691889683,0.7054890206609343,2.0,-126.58876893564747
S11_C6_PRIMARY,primary,0.11,6.0,MEMORY_ONLY,PASSIVE_TOUCH,STRUCTURAL,,2.5,979,27.170582226762,71.70582226762002,1.1235955056179776,20.224719101123593,-0.09416852232017821,0.8794804144572907,-0.12563693377367727,0.8438025376891781,1.9241354691889683,0.7054890206609343,2.0,-122.99855816443005
S11_C6_PRIMARY,primary,0.11,6.0,MEMORY_ONLY,PASSIVE_TOUCH,STRUCTURAL,,3.0,979,23.289070480081715,75.17875383043922,1.5321756894790604,20.224719101123593,-0.10337847433348905,0.8733237071454727,-0.13484688578698814,0.8394815314951897,1.9241354691889683,0.7054890206609343,2.0,-132.0151011854614
S11_C6_PRIMARY,primary,0.11,6.0,MEMORY_ONLY,RECLAIM_PULLBACK,STRUCTURAL,,0.5,923,65.33044420368364,33.91115926327194,0.7583965330444203,1.191765980498375,-0.013866211445586843,0.9593126359948059,-0.031887311865569194,0.9081193104843064,3.2586316536130653,1.4851977858156715,3.0,-29.431988851920366
S11_C6_PRIMARY,primary,0.11,6.0,MEMORY_ONLY,RECLAIM_PULLBACK,STRUCTURAL,,1.0,923,50.27085590465872,48.320693391115924,1.4084507042253522,1.0834236186348862,0.01886897502319114,1.0388086005543002,0.0008478746032087899,1.0017126504018232,3.2586316536130653,1.4851977858156715,3.0,0.782588258761713
S11_C6_PRIMARY,primary,0.11,6.0,MEMORY_ONLY,RECLAIM_PULLBACK,STRUCTURAL,,1.5,923,38.569880823401945,58.179848320693395,3.2502708559046587,1.0834236186348862,0.0020669829383704267,1.0035220728183891,-0.015954117481611924,0.9733041409857431,3.2586316536130653,1.4851977858156715,3.0,-14.725650435527808
S11_C6_PRIMARY,primary,0.11,6.0,MEMORY_ONLY,RECLAIM_PULLBACK,STRUCTURAL,,2.0,923,30.66088840736728,64.35536294691224,4.9837486457204765,1.0834236186348862,-0.013349775950011609,0.9794569624300391,-0.03137087636999396,0.9525998918045904,3.2586316536130653,1.4851977858156715,3.0,-28.955318889504426
S11_C6_PRIMARY,primary,0.11,6.0,MEMORY_ONLY,RECLAIM_PULLBACK,STRUCTURAL,,2.5,923,25.352112676056336,67.38894907908993,7.258938244853738,1.191765980498375,0.0027024654011456543,1.003964898559191,-0.0153186350188367,0.9779337962091615,3.2586316536130653,1.4851977858156715,3.0,-14.139100122386274
S11_C6_PRIMARY,primary,0.11,6.0,MEMORY_ONLY,RECLAIM_PULLBACK,STRUCTURAL,,3.0,923,22.75189599133261,68.36403033586133,8.884073672806068,1.191765980498375,0.06584472413615991,1.0951274976621383,0.047823623716177564,1.0678350530980956,3.2586316536130653,1.4851977858156715,3.0,44.14120469003189
S11_C6_PRIMARY,primary,0.11,6.0,MEMORY_ONLY,TOUCH_NEXT_OPEN,VOL_FLOOR_0.25,0.25,0.5,1301,65.79554189085319,33.43581860107609,0.7686395080707148,1.1529592621060722,-0.006563366401914624,0.9804710672098967,-0.02751892214227895,0.9198560695652983,3.3121673941702543,0.30370453240118955,1.0,-35.80211770710491
S11_C6_PRIMARY,primary,0.11,6.0,MEMORY_ONLY,TOUCH_NEXT_OPEN,VOL_FLOOR_0.25,0.25,1.0,1301,49.346656418139894,48.88547271329746,1.7678708685626443,0.23059185242121444,0.004932462063753517,1.0100243359644574,-0.0160230936766108,0.9681077288106066,3.3121673941702543,0.30370453240118955,1.0,-20.84604487327065
S11_C6_PRIMARY,primary,0.11,6.0,MEMORY_ONLY,TOUCH_NEXT_OPEN,VOL_FLOOR_0.25,0.25,1.5,1301,38.585703305149885,58.26287471176018,3.1514219830899313,0.0,-0.002322682323234967,0.9960501816154832,-0.023278238063599292,0.9612355448915427,3.3121673941702543,0.30370453240118955,1.0,-30.28498772074268
S11_C6_PRIMARY,primary,0.11,6.0,MEMORY_ONLY,TOUCH_NEXT_OPEN,VOL_FLOOR_0.25,0.25,2.0,1301,29.515757109915448,64.33512682551883,6.149116064565718,0.0,-0.02630261300533559,0.959545147998961,-0.047258168745699894,0.9288497012657021,3.3121673941702543,0.30370453240118955,1.0,-61.48287753815556
S11_C6_PRIMARY,primary,0.11,6.0,MEMORY_ONLY,TOUCH_NEXT_OPEN,VOL_FLOOR_0.25,0.25,2.5,1301,25.21137586471945,67.25595695618755,7.532667179093005,0.07686395080707148,0.0007422023792793082,1.0010924696398382,-0.02021335336108502,0.9708788007753996,3.3121673941702543,0.30370453240118955,1.0,-26.29757272277161
S11_C6_PRIMARY,primary,0.11,6.0,MEMORY_ONLY,TOUCH_NEXT_OPEN,VOL_FLOOR_0.25,0.25,3.0,1301,21.675634127594158,69.0238278247502,9.30053804765565,0.07686395080707148,0.0284349236458813,1.0407309459271274,0.00747936790551697,1.0104857545981851,3.3121673941702543,0.30370453240118955,1.0,9.730657645077578
S11_C6_PRIMARY,primary,0.11,6.0,MEMORY_ONLY,TOUCH_NEXT_OPEN,VOL_FLOOR_0.50,0.5,0.5,1301,66.79477325134512,32.43658724058417,0.7686395080707148,0.0,0.008425104005464357,1.0258365923817045,-0.008562386731880816,0.9741912254030071,3.8696781292730504,0.6074090648023791,1.0,-11.139665138176941
S11_C6_PRIMARY,primary,0.11,6.0,MEMORY_ONLY,TOUCH_NEXT_OPEN,VOL_FLOOR_0.50,0.5,1.0,1301,47.501921598770174,50.34588777863183,2.1521906225980016,0.07686395080707148,-0.028049302126602862,0.9447241981721946,-0.04503679286394802,0.9127482078427793,3.8696781292730504,0.6074090648023791,1.0,-58.59286751599638
S11_C6_PRIMARY,primary,0.11,6.0,MEMORY_ONLY,TOUCH_NEXT_OPEN,VOL_FLOOR_0.50,0.5,1.5,1301,36.97156033820138,58.72405841660261,4.304381245196003,0.0,-0.024913707835693952,0.9580205455991522,-0.041901198573039124,0.9306088184941006,3.8696781292730504,0.6074090648023791,1.0,-54.5134593435239
S11_C6_PRIMARY,primary,0.11,6.0,MEMORY_ONLY,TOUCH_NEXT_OPEN,VOL_FLOOR_0.50,0.5,2.0,1301,29.900076863950808,62.49039200614912,7.609531129900077,0.0,0.0057861517548976876,1.0091471412879012,-0.011201338982447481,0.9825986023053813,3.8696781292730504,0.6074090648023791,1.0,-14.572942016164172
S11_C6_PRIMARY,primary,0.11,6.0,MEMORY_ONLY,TOUCH_NEXT_OPEN,VOL_FLOOR_0.50,0.5,2.5,1301,24.980784012298233,65.10376633358955,9.915449654112221,0.07686395080707148,0.03207596595160281,1.0486339116697188,0.015088475214257645,1.0224799069960777,3.8696781292730504,0.6074090648023791,1.0,19.630106253749197
S11_C6_PRIMARY,primary,0.11,6.0,MEMORY_ONLY,TOUCH_NEXT_OPEN,VOL_FLOOR_0.50,0.5,3.0,1301,20.13835511145273,67.1022290545734,12.759415833973867,0.07686395080707148,0.03646133761765225,1.0535953125962276,0.01947384688030709,1.0281243746718327,3.8696781292730504,0.6074090648023791,1.0,25.335474791279523
S11_C6_PRIMARY,primary,0.11,6.0,MEMORY_ONLY,TOUCH_NEXT_OPEN,VOL_FLOOR_0.75,0.75,0.5,1301,65.18063028439663,33.58954650269024,1.2298232129131437,0.07686395080707148,-0.011509791935180005,0.9660232636718051,-0.02505657212314402,0.9270356697453797,4.953658839779674,0.8979052190341469,1.0,-32.59860033221037
S11_C6_PRIMARY,primary,0.11,6.0,MEMORY_ONLY,TOUCH_NEXT_OPEN,VOL_FLOOR_0.75,0.75,1.0,1301,46.656418139892395,49.11606456571867,4.227517294388932,0.0,-0.02068457286746572,0.9584471215221597,-0.03423135305542974,0.9321898580455364,4.953658839779674,0.8979052190341469,1.0,-44.534990325114094
S11_C6_PRIMARY,primary,0.11,6.0,MEMORY_ONLY,TOUCH_NEXT_OPEN,VOL_FLOOR_0.75,0.75,1.5,1301,36.35664873174481,55.495772482705604,8.147578785549578,0.0,0.009631809128016689,1.0170844275791069,-0.003914971059947324,0.9931534922320157,4.953658839779674,0.8979052190341469,1.0,-5.093377348991468
S11_C6_PRIMARY,primary,0.11,6.0,MEMORY_ONLY,TOUCH_NEXT_OPEN,VOL_FLOOR_0.75,0.75,2.0,1301,27.132974634896236,59.031514219830896,13.835511145272866,0.07686395080707148,0.020654978168777052,1.0343561900833234,0.007108197980813046,1.0116543087060923,4.953658839779674,0.8979052190341469,1.0,9.247765573037773
S11_C6_PRIMARY,primary,0.11,6.0,MEMORY_ONLY,TOUCH_NEXT_OPEN,VOL_FLOOR_0.75,0.75,2.5,1301,20.36894696387394,60.79938508839354,18.831667947732512,0.07686395080707148,0.034043475487328966,1.0549451895179704,0.020496695299364952,1.032608462102549,4.953658839779674,0.8979052190341469,1.0,26.666200584473803
S11_C6_PRIMARY,primary,0.11,6.0,MEMORY_ONLY,TOUCH_NEXT_OPEN,VOL_FLOOR_0.75,0.75,3.0,1301,15.06533435818601,62.182936202920835,22.751729438893157,0.07686395080707148,0.031932238111538926,1.0503853910986212,0.018385457923574905,1.028594269084918,4.953658839779674,0.8979052190341469,1.0,23.919480758570952
S11_C6_PRIMARY,primary,0.11,6.0,MEMORY_ONLY,TOUCH_NEXT_OPEN,VOL_FLOOR_1.00,1.0,0.5,1301,64.87317448116833,31.975403535741737,3.1514219830899313,0.07686395080707148,-0.003491011334202728,0.9893987721414598,-0.014397166988946107,0.9567779182205195,6.364194636961585,1.1972069587121958,1.0,-18.730714252618885
S11_C6_PRIMARY,primary,0.11,6.0,MEMORY_ONLY,TOUCH_NEXT_OPEN,VOL_FLOOR_1.00,1.0,1.0,1301,44.88854727132975,44.73481936971561,10.376633358954649,0.0,0.004363291405124055,1.0093887468253702,-0.006542864249619326,0.9860883202294948,6.364194636961585,1.1972069587121958,1.0,-8.512266388754743
S11_C6_PRIMARY,primary,0.11,6.0,MEMORY_ONLY,TOUCH_NEXT_OPEN,VOL_FLOOR_1.00,1.0,1.5,1301,32.28285933897002,50.26902382782475,17.448116833205226,0.07686395080707148,0.021394160773944064,1.0409082317619678,0.010488005119200672,1.0198125112876175,6.364194636961585,1.1972069587121958,1.0,13.644894660080073
S11_C6_PRIMARY,primary,0.11,6.0,MEMORY_ONLY,TOUCH_NEXT_OPEN,VOL_FLOOR_1.00,1.0,2.0,1301,21.906225980015375,52.49807840122982,25.595695618754803,0.07686395080707148,0.035843606539112505,1.065607411315494,0.02493745088436913,1.0450906708946879,6.364194636961585,1.1972069587121958,1.0,32.44362360056424
S11_C6_PRIMARY,primary,0.11,6.0,MEMORY_ONLY,TOUCH_NEXT_OPEN,VOL_FLOOR_1.00,1.0,2.5,1301,14.757878554957724,53.958493466564185,31.283627978478094,0.07686395080707148,0.035304700536379345,1.062888179842967,0.024398544881635963,1.0429316239558126,6.364194636961585,1.1972069587121958,1.0,31.74250689100839
S11_C6_PRIMARY,primary,0.11,6.0,MEMORY_ONLY,TOUCH_NEXT_OPEN,VOL_FLOOR_1.00,1.0,3.0,1301,10.684089162182936,54.34281322059954,34.973097617217526,0.15372790161414296,0.048939012947474096,1.086508867232448,0.03803285729273072,1.06640791292254,6.364194636961585,1.1972069587121958,1.0,49.480747337842665
S11_C6_PRIMARY,primary,0.11,6.0,OBJECTIVE_LIQUIDITY_ONLY,ACCEPTANCE_RETEST,STRUCTURAL,,0.5,73,68.4931506849315,30.136986301369863,1.36986301369863,4.10958904109589,0.038346255806419594,1.1260894355894153,0.01976687776848222,1.0638761609820355,3.2804998293618155,1.3279999999999745,7.0,1.4429820770992021
S11_C6_PRIMARY,primary,0.11,6.0,OBJECTIVE_LIQUIDITY_ONLY,ACCEPTANCE_RETEST,STRUCTURAL,,1.0,73,56.16438356164384,42.465753424657535,1.36986301369863,2.73972602739726,0.13423666676532806,1.314072099272837,0.11565728872739069,1.2656256722188612,3.2804998293618155,1.3279999999999745,7.0,8.44298207709952
S11_C6_PRIMARY,primary,0.11,6.0,OBJECTIVE_LIQUIDITY_ONLY,ACCEPTANCE_RETEST,STRUCTURAL,,1.5,73,46.57534246575342,52.054794520547944,1.36986301369863,2.73972602739726,0.17533255717629284,1.3350532544789295,0.15675317913835546,1.2941099682832868,3.2804998293618155,1.3279999999999745,7.0,11.442982077099948
S11_C6_PRIMARY,primary,0.11,6.0,OBJECTIVE_LIQUIDITY_ONLY,ACCEPTANCE_RETEST,STRUCTURAL,,2.0,73,36.986301369863014,60.273972602739725,2.73972602739726,2.73972602739726,0.15907508040958898,1.2627215121394813,0.14049570237165157,1.2278587166572674,3.2804998293618155,1.3279999999999745,7.0,10.256186273130565
S11_C6_PRIMARY,primary,0.11,6.0,OBJECTIVE_LIQUIDITY_ONLY,ACCEPTANCE_RETEST,STRUCTURAL,,2.5,73,32.87671232876712,64.38356164383562,2.73972602739726,2.73972602739726,0.2001709708205404,1.3095817148592244,0.181591592782603,1.2758106819280106,3.2804998293618155,1.3279999999999745,7.0,13.25618627313002
S11_C6_PRIMARY,primary,0.11,6.0,OBJECTIVE_LIQUIDITY_ONLY,ACCEPTANCE_RETEST,STRUCTURAL,,3.0,73,26.027397260273972,68.4931506849315,5.47945205479452,2.73972602739726,0.11759345663426767,1.1683218367150425,0.09901407859633024,1.139144847047197,3.2804998293618155,1.3279999999999745,7.0,7.228027737532107
S11_C6_PRIMARY,primary,0.11,6.0,OBJECTIVE_LIQUIDITY_ONLY,CLEAN_REJECTION,STRUCTURAL,,0.5,1586,69.67213114754098,28.058007566204285,2.269861286254729,0.0,0.06317064426775704,1.2207350202214557,0.046850280190684976,1.16096471124733,3.6647782645491134,1.464052465601526,1.0,74.30454438242637
S11_C6_PRIMARY,primary,0.11,6.0,OBJECTIVE_LIQUIDITY_ONLY,CLEAN_REJECTION,STRUCTURAL,,1.0,1586,50.56746532156369,42.30769230769231,7.12484237074401,0.0,0.08560701806323036,1.196657889677223,0.06928665398615828,1.156458406730161,3.6647782645491134,1.464052465601526,1.0,109.88863322204705
S11_C6_PRIMARY,primary,0.11,6.0,OBJECTIVE_LIQUIDITY_ONLY,CLEAN_REJECTION,STRUCTURAL,,1.5,1586,38.272383354350566,49.93694829760403,11.790668348045397,0.0,0.0951709192037725,1.1843691648372106,0.07885055512670044,1.1501249330695584,3.6647782645491134,1.464052465601526,1.0,125.05698043094691
S11_C6_PRIMARY,primary,0.11,6.0,OBJECTIVE_LIQUIDITY_ONLY,CLEAN_REJECTION,STRUCTURAL,,2.0,1586,28.940731399747794,53.65699873896595,17.402269861286253,0.0,0.1028120905276639,1.1844759440444808,0.08649172645059183,1.1524959991868233,3.6647782645491134,1.464052465601526,1.0,137.17587815063865
S11_C6_PRIMARY,primary,0.11,6.0,OBJECTIVE_LIQUIDITY_ONLY,CLEAN_REJECTION,STRUCTURAL,,2.5,1586,22.82471626733922,55.359394703656996,21.81588902900378,0.0,0.1333029686089193,1.2318573073653545,0.11698260453184728,1.1999273564913429,3.6647782645491134,1.464052465601526,1.0,185.53441078750978
S11_C6_PRIMARY,primary,0.11,6.0,OBJECTIVE_LIQUIDITY_ONLY,CLEAN_REJECTION,STRUCTURAL,,3.0,1586,17.46532156368222,56.62042875157629,25.914249684741485,0.0,0.1292258720364447,1.2196568720262655,0.11290550795937268,1.1885661138717991,3.6647782645491134,1.464052465601526,1.0,179.06813562356507
S11_C6_PRIMARY,primary,0.11,6.0,OBJECTIVE_LIQUIDITY_ONLY,FAILED_AUCTION,STRUCTURAL,,0.5,457,63.67614879649891,35.22975929978118,1.0940919037199124,0.2188183807439825,-0.03612037896310858,0.8981092678551228,-0.047124481956238334,0.8685955609946252,5.691636675348491,1.7054640838878186,6.0,-21.53588825400092
S11_C6_PRIMARY,primary,0.11,6.0,OBJECTIVE_LIQUIDITY_ONLY,FAILED_AUCTION,STRUCTURAL,,1.0,457,41.57549234135667,53.17286652078774,5.25164113785558,0.2188183807439825,-0.1175466297208855,0.7820837755880135,-0.12855073271401524,0.7643998935619986,5.691636675348491,1.7054640838878186,6.0,-58.747684850304964
S11_C6_PRIMARY,primary,0.11,6.0,OBJECTIVE_LIQUIDITY_ONLY,FAILED_AUCTION,STRUCTURAL,,1.5,457,28.00875273522976,61.2691466083151,10.722100656455142,0.0,-0.1698635056644412,0.7276930943598102,-0.18086760865757096,0.7134255435156468,5.691636675348491,1.7054640838878186,6.0,-82.65649715650993
S11_C6_PRIMARY,primary,0.11,6.0,OBJECTIVE_LIQUIDITY_ONLY,FAILED_AUCTION,STRUCTURAL,,2.0,457,21.00656455142232,64.33260393873084,14.660831509846828,0.0,-0.1706775629846654,0.7400373094130036,-0.18168166597779517,0.726505389699043,5.691636675348491,1.7054640838878186,6.0,-83.02852135185239
S11_C6_PRIMARY,primary,0.11,6.0,OBJECTIVE_LIQUIDITY_ONLY,FAILED_AUCTION,STRUCTURAL,,2.5,457,15.75492341356674,65.86433260393873,18.38074398249453,0.0,-0.16024506124092697,0.7614916989675198,-0.17124916423405673,0.7480935438513135,5.691636675348491,1.7054640838878186,6.0,-78.26086805496392
S11_C6_PRIMARY,primary,0.11,6.0,OBJECTIVE_LIQUIDITY_ONLY,FAILED_AUCTION,STRUCTURAL,,3.0,457,12.691466083150985,67.17724288840262,20.13129102844639,0.0,-0.15247030592845526,0.7774132617044879,-0.16347440892158502,0.7641425117108276,5.691636675348491,1.7054640838878186,6.0,-74.70780487716435
S11_C6_PRIMARY,primary,0.11,6.0,OBJECTIVE_LIQUIDITY_ONLY,PASSIVE_TOUCH,STRUCTURAL,,0.5,1452,58.539944903581265,41.391184573002754,0.06887052341597796,22.933884297520663,-0.17404319262769963,0.6271112292564139,-0.20693845216057452,0.5690928207462935,1.829315894676256,0.7180173854094392,2.0,-300.4746325371542
S11_C6_PRIMARY,primary,0.11,6.0,OBJECTIVE_LIQUIDITY_ONLY,PASSIVE_TOUCH,STRUCTURAL,,1.0,1452,48.34710743801653,51.446280991735534,0.2066115702479339,22.03856749311295,-0.08379923434610326,0.8523026888752617,-0.11669449387897812,0.8003067972325819,1.829315894676256,0.7180173854094392,2.0,-169.44040511227624
S11_C6_PRIMARY,primary,0.11,6.0,OBJECTIVE_LIQUIDITY_ONLY,PASSIVE_TOUCH,STRUCTURAL,,1.5,1452,39.73829201101928,59.77961432506888,0.4820936639118457,21.074380165289256,-0.053774925798621406,0.9173794164204317,-0.08667018533149631,0.870764641487773,1.829315894676256,0.7180173854094392,2.0,-125.84510910133264
S11_C6_PRIMARY,primary,0.11,6.0,OBJECTIVE_LIQUIDITY_ONLY,PASSIVE_TOUCH,STRUCTURAL,,2.0,1452,33.47107438016529,65.633608815427,0.8953168044077136,20.730027548209367,-0.034224077762695225,0.9517833560650202,-0.06711933729557013,0.9082524520827597,1.829315894676256,0.7180173854094392,2.0,-97.45727775316782
S11_C6_PRIMARY,primary,0.11,6.0,OBJECTIVE_LIQUIDITY_ONLY,PASSIVE_TOUCH,STRUCTURAL,,2.5,1452,26.79063360881543,71.76308539944904,1.4462809917355373,20.66115702479339,-0.08887580294436666,0.8847914281712628,-0.12177106247724154,0.8468494776619865,1.829315894676256,0.7180173854094392,2.0,-176.81158271695472
S11_C6_PRIMARY,primary,0.11,6.0,OBJECTIVE_LIQUIDITY_ONLY,PASSIVE_TOUCH,STRUCTURAL,,3.0,1452,23.002754820936637,75.13774104683195,1.859504132231405,20.59228650137741,-0.09678987469712597,0.8797910845525592,-0.12968513423000083,0.8437681118468601,1.829315894676256,0.7180173854094392,2.0,-188.3028149019612
S11_C6_PRIMARY,primary,0.11,6.0,OBJECTIVE_LIQUIDITY_ONLY,RECLAIM_PULLBACK,STRUCTURAL,,0.5,1592,66.52010050251256,32.03517587939699,1.4447236180904524,1.9472361809045227,0.009410495783260649,1.0290503425981838,-0.009205899841665187,0.9721041639837186,3.144770733391624,1.3279999999999745,3.0,-14.655792547930977
S11_C6_PRIMARY,primary,0.11,6.0,OBJECTIVE_LIQUIDITY_ONLY,RECLAIM_PULLBACK,STRUCTURAL,,1.0,1592,48.99497487437186,47.23618090452261,3.7688442211055273,1.8216080402010049,0.015768530665346833,1.0328859262758117,-0.0028478649595790025,0.9941714952524369,3.144770733391624,1.3279999999999745,3.0,-4.533801015649772
S11_C6_PRIMARY,primary,0.11,6.0,OBJECTIVE_LIQUIDITY_ONLY,RECLAIM_PULLBACK,STRUCTURAL,,1.5,1592,36.243718592964825,56.09296482412061,7.663316582914573,1.8216080402010049,-0.0006230167631328718,0.9989093380788525,-0.019239412388058708,0.966953602162447,3.144770733391624,1.3279999999999745,3.0,-30.62914452178946
S11_C6_PRIMARY,primary,0.11,6.0,OBJECTIVE_LIQUIDITY_ONLY,RECLAIM_PULLBACK,STRUCTURAL,,2.0,1592,28.51758793969849,60.929648241206024,10.552763819095476,1.8216080402010049,-0.0041309165920305705,0.9933628514168068,-0.022747312216956393,0.9641469419716541,3.144770733391624,1.3279999999999745,3.0,-36.21372104939458
S11_C6_PRIMARY,primary,0.11,6.0,OBJECTIVE_LIQUIDITY_ONLY,RECLAIM_PULLBACK,STRUCTURAL,,2.5,1592,22.801507537688444,63.756281407035175,13.442211055276381,1.8216080402010049,-0.000678523827795534,0.9989599246390123,-0.01929491945272137,0.9709872409800289,3.144770733391624,1.3279999999999745,3.0,-30.71751176873242
S11_C6_PRIMARY,primary,0.11,6.0,OBJECTIVE_LIQUIDITY_ONLY,RECLAIM_PULLBACK,STRUCTURAL,,3.0,1592,18.65577889447236,65.64070351758794,15.7035175879397,1.8216080402010049,0.002733215936279397,1.004068158024491,-0.015883179688646443,0.9768103747450455,3.144770733391624,1.3279999999999745,3.0,-25.286022064325138
S11_C6_PRIMARY,primary,0.11,6.0,OBJECTIVE_LIQUIDITY_ONLY,TOUCH_NEXT_OPEN,VOL_FLOOR_0.25,0.25,0.5,2246,71.46037399821905,27.025823686553874,1.5138023152270703,1.7364203027604632,0.0837889944488426,1.3057577777181943,0.0632672367289938,1.2260340492143278,3.0860446628225873,0.45307841225100554,1.0,142.09821369332008
S11_C6_PRIMARY,primary,0.11,6.0,OBJECTIVE_LIQUIDITY_ONLY,TOUCH_NEXT_OPEN,VOL_FLOOR_0.25,0.25,1.0,2246,52.00356188780053,43.499554764024936,4.496883348174532,0.8459483526268923,0.08689927621853498,1.1966156981141154,0.06637751849868619,1.1470184944975104,3.0860446628225873,0.45307841225100554,1.0,149.08390654804919
S11_C6_PRIMARY,primary,0.11,6.0,OBJECTIVE_LIQUIDITY_ONLY,TOUCH_NEXT_OPEN,VOL_FLOOR_0.25,0.25,1.5,2246,40.249332146037396,52.27070347284061,7.479964381121995,0.44523597506678536,0.09259630152485875,1.1736098421931211,0.07207454380500995,1.1322936566447679,3.0860446628225873,0.45307841225100554,1.0,161.87942538605236
S11_C6_PRIMARY,primary,0.11,6.0,OBJECTIVE_LIQUIDITY_ONLY,TOUCH_NEXT_OPEN,VOL_FLOOR_0.25,0.25,2.0,2246,30.58771148708816,57.702582368655385,11.709706144256456,0.22261798753339268,0.07781884478391701,1.1318657466928979,0.05729708706406822,1.0950318273577557,3.0860446628225873,0.45307841225100554,1.0,128.68925754589722
S11_C6_PRIMARY,primary,0.11,6.0,OBJECTIVE_LIQUIDITY_ONLY,TOUCH_NEXT_OPEN,VOL_FLOOR_0.25,0.25,2.5,2246,25.155832591273374,60.373998219056105,14.470169189670527,0.13357079252003562,0.10313098645782841,1.1670745377821126,0.0826092287379796,1.1309857452473449,3.0860446628225873,0.45307841225100554,1.0,185.5403277455022
S11_C6_PRIMARY,primary,0.11,6.0,OBJECTIVE_LIQUIDITY_ONLY,TOUCH_NEXT_OPEN,VOL_FLOOR_0.25,0.25,3.0,2246,19.85752448797863,62.600178094390024,17.542297417631346,0.04452359750667854,0.09224891491442021,1.1441294769023633,0.0717271571945714,1.109670742449213,3.0860446628225873,0.45307841225100554,1.0,161.09919505900737
S11_C6_PRIMARY,primary,0.11,6.0,OBJECTIVE_LIQUIDITY_ONLY,TOUCH_NEXT_OPEN,VOL_FLOOR_0.50,0.5,0.5,2246,71.5494211932324,26.936776491540513,1.5138023152270703,0.4897595725734639,0.08512368334372111,1.311639745512698,0.06778132816454849,1.2439278288966398,3.6213462556597698,0.9061568245020111,1.0,152.2368630575759
S11_C6_PRIMARY,primary,0.11,6.0,OBJECTIVE_LIQUIDITY_ONLY,TOUCH_NEXT_OPEN,VOL_FLOOR_0.50,0.5,1.0,2246,51.246660730187,43.944790739091715,4.808548530721282,0.13357079252003562,0.07463849925251431,1.1669138503861565,0.057296144073341694,1.1258604261593241,3.6213462556597698,0.9061568245020111,1.0,128.68713958872544
S11_C6_PRIMARY,primary,0.11,6.0,OBJECTIVE_LIQUIDITY_ONLY,TOUCH_NEXT_OPEN,VOL_FLOOR_0.50,0.5,1.5,2246,39.44790739091719,51.959038290293854,8.593054318788958,0.04452359750667854,0.08747764359605575,1.1647275326353046,0.07013528841688312,1.1297188049557403,3.6213462556597698,0.9061568245020111,1.0,157.5238577843195
S11_C6_PRIMARY,primary,0.11,6.0,OBJECTIVE_LIQUIDITY_ONLY,TOUCH_NEXT_OPEN,VOL_FLOOR_0.50,0.5,2.0,2246,30.14247551202137,56.58949243098842,13.268032056990206,0.04452359750667854,0.08652149851000324,1.149221133985047,0.0691791433308306,1.1171649753737984,3.6213462556597698,0.9061568245020111,1.0,155.37635592104553
S11_C6_PRIMARY,primary,0.11,6.0,OBJECTIVE_LIQUIDITY_ONLY,TOUCH_NEXT_OPEN,VOL_FLOOR_0.50,0.5,2.5,2246,23.953695458593057,58.72662511130899,17.31967943009795,0.04452359750667854,0.10978981264631606,1.1823850717961,0.09244745746714342,1.1507994031512756,3.6213462556597698,0.9061568245020111,1.0,207.63698947120412
S11_C6_PRIMARY,primary,0.11,6.0,OBJECTIVE_LIQUIDITY_ONLY,TOUCH_NEXT_OPEN,VOL_FLOOR_0.50,0.5,3.0,2246,18.61086375779163,60.68566340160285,20.70347284060552,0.0,0.09978467189928761,1.160408223503832,0.08244231672011501,1.1301205295943628,3.6213462556597698,0.9061568245020111,1.0,185.16544335337832
S11_C6_PRIMARY,primary,0.11,6.0,OBJECTIVE_LIQUIDITY_ONLY,TOUCH_NEXT_OPEN,VOL_FLOOR_0.75,0.75,0.5,2246,70.30276046304542,27.649154051647372,2.0480854853072126,0.26714158504007124,0.0698624963027596,1.2474166699434552,0.055853512885340295,1.1950218490640625,4.72742233426205,1.1100000000001273,1.0,125.44698994047431
S11_C6_PRIMARY,primary,0.11,6.0,OBJECTIVE_LIQUIDITY_ONLY,TOUCH_NEXT_OPEN,VOL_FLOOR_0.75,0.75,1.0,2246,48.753339269813,43.722172751558325,7.524487978628673,0.13357079252003562,0.053559764516276503,1.119316398130256,0.039550781098857186,1.0868181361847495,4.72742233426205,1.1100000000001273,1.0,88.83105434803325
S11_C6_PRIMARY,primary,0.11,6.0,OBJECTIVE_LIQUIDITY_ONLY,TOUCH_NEXT_OPEN,VOL_FLOOR_0.75,0.75,1.5,2246,35.52983081032948,50.35618878005342,14.113980409617097,0.04452359750667854,0.0556953106487458,1.1067456816797323,0.0416863272313265,1.0787119695720364,4.72742233426205,1.1100000000001273,1.0,93.62749096155932
S11_C6_PRIMARY,primary,0.11,6.0,OBJECTIVE_LIQUIDITY_ONLY,TOUCH_NEXT_OPEN,VOL_FLOOR_0.75,0.75,2.0,2246,25.200356188780056,54.27426536064114,20.525378450578806,0.04452359750667854,0.04249121515138156,1.0754941968463605,0.02848223173396226,1.0498476121362608,4.72742233426205,1.1100000000001273,1.0,63.971092474479235
S11_C6_PRIMARY,primary,0.11,6.0,OBJECTIVE_LIQUIDITY_ONLY,TOUCH_NEXT_OPEN,VOL_FLOOR_0.75,0.75,2.5,2246,18.165627782724844,56.0106856634016,25.823686553873554,0.0,0.04355255191189029,1.0749781933833087,0.02954356849447097,1.0500973078218876,4.72742233426205,1.1100000000001273,1.0,66.3548548385818
S11_C6_PRIMARY,primary,0.11,6.0,OBJECTIVE_LIQUIDITY_ONLY,TOUCH_NEXT_OPEN,VOL_FLOOR_0.75,0.75,3.0,2246,13.223508459483527,56.990204808548526,29.78628673196794,0.0,0.03183935201038417,1.053848642747848,0.017830368592964857,1.029699683561941,4.72742233426205,1.1100000000001273,1.0,40.047007859799066
S11_C6_PRIMARY,primary,0.11,6.0,OBJECTIVE_LIQUIDITY_ONLY,TOUCH_NEXT_OPEN,VOL_FLOOR_1.00,1.0,0.5,2246,67.98753339269813,28.227960819234195,3.7845057880676762,0.17809439002671415,0.048842590427504,1.1668918102574974,0.037425089877464575,1.126366565055169,5.998930922507043,1.1396196401107883,1.0,84.05675186478544
S11_C6_PRIMARY,primary,0.11,6.0,OBJECTIVE_LIQUIDITY_ONLY,TOUCH_NEXT_OPEN,VOL_FLOOR_1.00,1.0,1.0,2246,45.414069456812115,41.00623330365094,13.579697239536955,0.13357079252003562,0.049396048947706085,1.1144288844759151,0.03797854839766665,1.0868808879570582,5.998930922507043,1.1396196401107883,1.0,85.2998197011593
S11_C6_PRIMARY,primary,0.11,6.0,OBJECTIVE_LIQUIDITY_ONLY,TOUCH_NEXT_OPEN,VOL_FLOOR_1.00,1.0,1.5,2246,30.053428317008013,46.74977738201246,23.19679430097952,0.04452359750667854,0.032759719141617884,1.0659664690566095,0.021342218591578456,1.0424271277753707,5.998930922507043,1.1396196401107883,1.0,47.93462295668521
S11_C6_PRIMARY,primary,0.11,6.0,OBJECTIVE_LIQUIDITY_ONLY,TOUCH_NEXT_OPEN,VOL_FLOOR_1.00,1.0,2.0,2246,19.991095280498662,48.753339269813,31.255565449688334,0.0,0.035581203146859856,1.0686527044902776,0.024163702596820425,1.0460240933316614,5.998930922507043,1.1396196401107883,1.0,54.27167603245867
S11_C6_PRIMARY,primary,0.11,6.0,OBJECTIVE_LIQUIDITY_ONLY,TOUCH_NEXT_OPEN,VOL_FLOOR_1.00,1.0,2.5,2246,13.134461264470168,49.821905609973285,37.043633125556546,0.0,0.02227539971273128,1.0419909974702708,0.010857899162691857,1.0202030395900903,5.998930922507043,1.1396196401107883,1.0,24.386841519405912
S11_C6_PRIMARY,primary,0.11,6.0,OBJECTIVE_LIQUIDITY_ONLY,TOUCH_NEXT_OPEN,VOL_FLOOR_1.00,1.0,3.0,2246,8.949243098842388,50.48975957257347,40.56099732858415,0.0,0.011639114051908173,1.0216293332866635,0.0002216135018687565,1.000406474820943,5.998930922507043,1.1396196401107883,1.0,0.4977439251972271
S12_C6,sensitivity,0.12,6.0,DISPLACEMENT_ORIGIN_ONLY,ACCEPTANCE_RETEST,STRUCTURAL,,0.5,13,38.46153846153847,61.53846153846154,0.0,38.46153846153847,-0.4249298880414101,0.3115618660142646,-0.4624877343155261,0.28114280152653803,1.7661097312447964,0.561949143972015,5.0,-6.012340546101839
S12_C6,sensitivity,0.12,6.0,DISPLACEMENT_ORIGIN_ONLY,ACCEPTANCE_RETEST,STRUCTURAL,,1.0,13,30.76923076923077,69.23076923076923,0.0,23.076923076923077,-0.38646834957987686,0.4432580620478174,-0.424026195853993,0.4124393074996466,1.7661097312447964,0.561949143972015,5.0,-5.512340546101909
S12_C6,sensitivity,0.12,6.0,DISPLACEMENT_ORIGIN_ONLY,ACCEPTANCE_RETEST,STRUCTURAL,,1.5,13,30.76923076923077,69.23076923076923,0.0,23.076923076923077,-0.232622195733723,0.6648870930717261,-0.2701800420078392,0.6256194213138597,1.7661097312447964,0.561949143972015,5.0,-3.512340546101909
S12_C6,sensitivity,0.12,6.0,DISPLACEMENT_ORIGIN_ONLY,ACCEPTANCE_RETEST,STRUCTURAL,,2.0,13,30.76923076923077,69.23076923076923,0.0,23.076923076923077,-0.07877604188756913,0.8865161240956348,-0.11633388816168534,0.8387995351280729,1.7661097312447964,0.561949143972015,5.0,-1.5123405461019095
S12_C6,sensitivity,0.12,6.0,DISPLACEMENT_ORIGIN_ONLY,ACCEPTANCE_RETEST,STRUCTURAL,,2.5,13,30.76923076923077,69.23076923076923,0.0,23.076923076923077,0.07507011195858472,1.1081451551195436,0.03751226568446852,1.0519796489422861,1.7661097312447964,0.561949143972015,5.0,0.48765945389809073
S12_C6,sensitivity,0.12,6.0,DISPLACEMENT_ORIGIN_ONLY,ACCEPTANCE_RETEST,STRUCTURAL,,3.0,13,30.76923076923077,69.23076923076923,0.0,23.076923076923077,0.22891626580473853,1.3297741861434522,0.19135841953062238,1.2651597627564992,1.7661097312447964,0.561949143972015,5.0,2.487659453898091
S12_C6,sensitivity,0.12,6.0,DISPLACEMENT_ORIGIN_ONLY,CLEAN_REJECTION,STRUCTURAL,,0.5,1032,62.5968992248062,22.57751937984496,14.825581395348838,0.09689922480620156,0.0641559054645382,1.2498257891519615,0.0541193330330656,1.2083896387289392,7.866838850712156,0.8974554141404951,1.0,55.8511516901237
S12_C6,sensitivity,0.12,6.0,DISPLACEMENT_ORIGIN_ONLY,CLEAN_REJECTION,STRUCTURAL,,1.0,1032,39.43798449612403,31.1046511627907,29.457364341085274,0.0,0.09571301719707949,1.271988591004776,0.08567644476560687,1.2405593643260104,7.866838850712156,0.8974554141404951,1.0,88.4180909981063
S12_C6,sensitivity,0.12,6.0,DISPLACEMENT_ORIGIN_ONLY,CLEAN_REJECTION,STRUCTURAL,,1.5,1032,25.872093023255815,35.46511627906977,38.662790697674424,0.0,0.10119525183373831,1.252967992470876,0.09115867940226571,1.2250867779347239,7.866838850712156,0.8974554141404951,1.0,94.07575714313822
S12_C6,sensitivity,0.12,6.0,DISPLACEMENT_ORIGIN_ONLY,CLEAN_REJECTION,STRUCTURAL,,2.0,1032,15.891472868217054,37.5968992248062,46.51162790697674,0.0,0.08790667748459792,1.2077295840365878,0.0778701050531253,1.181698757098221,7.866838850712156,0.8974554141404951,1.0,80.36194841482532
S12_C6,sensitivity,0.12,6.0,DISPLACEMENT_ORIGIN_ONLY,CLEAN_REJECTION,STRUCTURAL,,2.5,1032,10.174418604651162,38.856589147286826,50.968992248062015,0.0,0.0720515035104243,1.1650995229511978,0.06201493107895171,1.1402667561978272,7.866838850712156,0.8974554141404951,1.0,63.99940887347816
S12_C6,sensitivity,0.12,6.0,DISPLACEMENT_ORIGIN_ONLY,CLEAN_REJECTION,STRUCTURAL,,3.0,1032,7.461240310077518,39.14728682170542,53.39147286821705,0.0,0.07807587396290933,1.1776125720093602,0.06803930153143671,1.1527748263965452,7.866838850712156,0.8974554141404951,1.0,70.21655918044269
S12_C6,sensitivity,0.12,6.0,DISPLACEMENT_ORIGIN_ONLY,FAILED_AUCTION,STRUCTURAL,,0.5,198,68.68686868686868,31.313131313131315,0.0,1.5151515151515151,0.030303030303029787,1.0967741935483855,0.01070726595509357,1.0334760013911772,3.5863767631997234,0.8520681007262283,3.0,2.120038659108527
S12_C6,sensitivity,0.12,6.0,DISPLACEMENT_ORIGIN_ONLY,FAILED_AUCTION,STRUCTURAL,,1.0,198,51.010101010101,45.95959595959596,3.0303030303030303,0.5050505050505051,0.05405815201970093,1.116709243357048,0.034462387671764745,1.0729079618020496,3.5863767631997234,0.8520681007262283,3.0,6.82355275900942
S12_C6,sensitivity,0.12,6.0,DISPLACEMENT_ORIGIN_ONLY,FAILED_AUCTION,STRUCTURAL,,1.5,198,39.39393939393939,55.55555555555556,5.05050505050505,0.0,0.051264958275903064,1.0913970956583512,0.03166919392796687,1.0553000721110775,3.5863767631997234,0.8520681007262283,3.0,6.27050039773744
S12_C6,sensitivity,0.12,6.0,DISPLACEMENT_ORIGIN_ONLY,FAILED_AUCTION,STRUCTURAL,,2.0,198,30.303030303030305,61.111111111111114,8.585858585858585,0.0,0.04067332231388144,1.0656236363311424,0.02107755796594521,1.0333082400092992,3.5863767631997234,0.8520681007262283,3.0,4.173356477257151
S12_C6,sensitivity,0.12,6.0,DISPLACEMENT_ORIGIN_ONLY,FAILED_AUCTION,STRUCTURAL,,2.5,198,24.242424242424242,64.64646464646465,11.11111111111111,0.0,0.04193853612987024,1.0640136033165288,0.022342771781934057,1.0334050198860665,3.5863767631997234,0.8520681007262283,3.0,4.423868812822943
S12_C6,sensitivity,0.12,6.0,DISPLACEMENT_ORIGIN_ONLY,FAILED_AUCTION,STRUCTURAL,,3.0,198,19.19191919191919,66.16161616161617,14.646464646464647,0.0,0.0531248120401575,1.0792550534762324,0.033529047692221335,1.0489962218146531,3.5863767631997234,0.8520681007262283,3.0,6.6387514430598245
S12_C6,sensitivity,0.12,6.0,DISPLACEMENT_ORIGIN_ONLY,PASSIVE_TOUCH,STRUCTURAL,,0.5,544,60.66176470588235,39.154411764705884,0.1838235294117647,16.544117647058822,-0.10019908124245352,0.7518231197977374,-0.13821630133979845,0.6711207138790708,2.0573946118051936,0.33312398146699707,3.0,-75.18966792885035
S12_C6,sensitivity,0.12,6.0,DISPLACEMENT_ORIGIN_ONLY,PASSIVE_TOUCH,STRUCTURAL,,1.0,544,48.161764705882355,51.10294117647059,0.7352941176470588,15.073529411764705,-0.04055514966971665,0.9225360803609949,-0.07857236976706157,0.8554684377648096,2.0573946118051936,0.33312398146699707,3.0,-42.74336915328149
S12_C6,sensitivity,0.12,6.0,DISPLACEMENT_ORIGIN_ONLY,PASSIVE_TOUCH,STRUCTURAL,,1.5,544,40.625,57.53676470588235,1.8382352941176472,14.522058823529413,0.026321298519228216,1.0447221843584027,-0.011695921578116705,0.9808619345124808,2.0573946118051936,0.33312398146699707,3.0,-6.362581338495487
S12_C6,sensitivity,0.12,6.0,DISPLACEMENT_ORIGIN_ONLY,PASSIVE_TOUCH,STRUCTURAL,,2.0,544,33.455882352941174,62.86764705882353,3.6764705882352944,13.970588235294118,0.0399804187255447,1.0620157500974121,0.001963198628199789,1.0029330214300918,2.0573946118051936,0.33312398146699707,3.0,1.0679800537406852
S12_C6,sensitivity,0.12,6.0,DISPLACEMENT_ORIGIN_ONLY,PASSIVE_TOUCH,STRUCTURAL,,2.5,544,28.860294117647058,65.80882352941177,5.330882352941177,13.602941176470587,0.08063754193294657,1.1196236828708883,0.04262032183560164,1.0608939565317725,2.0573946118051936,0.33312398146699707,3.0,23.18545507856729
S12_C6,sensitivity,0.12,6.0,DISPLACEMENT_ORIGIN_ONLY,PASSIVE_TOUCH,STRUCTURAL,,3.0,544,24.080882352941178,68.93382352941177,6.985294117647059,13.419117647058822,0.0711839508943395,1.1009209771234394,0.03316673079699457,1.0452851080973529,2.0573946118051936,0.33312398146699707,3.0,18.04270155356505
S12_C6,sensitivity,0.12,6.0,DISPLACEMENT_ORIGIN_ONLY,RECLAIM_PULLBACK,STRUCTURAL,,0.5,952,61.029411764705884,28.46638655462185,10.504201680672269,2.3109243697478994,0.005385473024142932,1.0176700299773485,-0.009033493910981991,0.9708603268627805,6.145380449596587,0.4834682137279742,3.0,-8.599886203254856
S12_C6,sensitivity,0.12,6.0,DISPLACEMENT_ORIGIN_ONLY,RECLAIM_PULLBACK,STRUCTURAL,,1.0,952,39.810924369747895,38.340336134453786,21.84873949579832,1.680672268907563,0.027833236371356523,1.067559343254162,0.0134142694362316,1.0320183036644466,6.145380449596587,0.4834682137279742,3.0,12.770384503292483
S12_C6,sensitivity,0.12,6.0,DISPLACEMENT_ORIGIN_ONLY,RECLAIM_PULLBACK,STRUCTURAL,,1.5,952,28.04621848739496,43.38235294117647,28.57142857142857,1.365546218487395,0.04280116067347483,1.092141759526028,0.028382193738349906,1.060058644375799,6.145380449596587,0.4834682137279742,3.0,27.01984843890911
S12_C6,sensitivity,0.12,6.0,DISPLACEMENT_ORIGIN_ONLY,RECLAIM_PULLBACK,STRUCTURAL,,2.0,952,20.063025210084035,46.008403361344534,33.92857142857143,1.365546218487395,0.052114650300184986,1.1058614482435847,0.03769568336506009,1.0752564875773707,6.145380449596587,0.4834682137279742,3.0,35.8862905635372
S12_C6,sensitivity,0.12,6.0,DISPLACEMENT_ORIGIN_ONLY,RECLAIM_PULLBACK,STRUCTURAL,,2.5,952,15.126050420168067,46.95378151260504,37.92016806722689,1.365546218487395,0.07346888303884128,1.1463016315132566,0.059049916103716384,1.115530745668999,6.145380449596587,0.4834682137279742,3.0,56.215520130738
S12_C6,sensitivity,0.12,6.0,DISPLACEMENT_ORIGIN_ONLY,RECLAIM_PULLBACK,STRUCTURAL,,3.0,952,10.504201680672269,48.109243697478995,41.38655462184874,1.365546218487395,0.05215390562386454,1.1012100988286038,0.037734938688739623,1.0719131547952512,6.145380449596587,0.4834682137279742,3.0,35.92366163168012
S12_C6,sensitivity,0.12,6.0,DISPLACEMENT_ORIGIN_ONLY,TOUCH_NEXT_OPEN,VOL_FLOOR_0.25,0.25,0.5,1275,66.43137254901961,22.11764705882353,11.450980392156863,0.4705882352941176,0.09298666963318933,1.3799424501423216,0.07937756496024718,1.3196103267261179,6.46114882941265,0.6796239814671026,1.0,101.20639532431515
S12_C6,sensitivity,0.12,6.0,DISPLACEMENT_ORIGIN_ONLY,TOUCH_NEXT_OPEN,VOL_FLOOR_0.25,0.25,1.0,1275,44.470588235294116,32.31372549019608,23.215686274509803,0.2352941176470588,0.13275463580685326,1.3741154394545758,0.11914553113391112,1.3305172178791373,6.46114882941265,0.6796239814671026,1.0,151.91055219573667
S12_C6,sensitivity,0.12,6.0,DISPLACEMENT_ORIGIN_ONLY,TOUCH_NEXT_OPEN,VOL_FLOOR_0.25,0.25,1.5,1275,30.50980392156863,39.13725490196078,30.352941176470587,0.0784313725490196,0.11776812324182356,1.276492179402806,0.10415901856888145,1.240584737838006,6.46114882941265,0.6796239814671026,1.0,132.80274867532384
S12_C6,sensitivity,0.12,6.0,DISPLACEMENT_ORIGIN_ONLY,TOUCH_NEXT_OPEN,VOL_FLOOR_0.25,0.25,2.0,1275,20.784313725490197,42.58823529411765,36.627450980392155,0.0784313725490196,0.10690041396059417,1.2311688446286972,0.093291309287652,1.1983628434828266,6.46114882941265,0.6796239814671026,1.0,118.94641934175631
S12_C6,sensitivity,0.12,6.0,DISPLACEMENT_ORIGIN_ONLY,TOUCH_NEXT_OPEN,VOL_FLOOR_0.25,0.25,2.5,1275,14.823529411764705,44.15686274509804,41.01960784313726,0.0,0.10257104309018988,1.2140691742055496,0.08896193841724773,1.1825162349252505,6.46114882941265,0.6796239814671026,1.0,113.42647148199086
S12_C6,sensitivity,0.12,6.0,DISPLACEMENT_ORIGIN_ONLY,TOUCH_NEXT_OPEN,VOL_FLOOR_0.25,0.25,3.0,1275,11.137254901960784,44.86274509803921,44.0,0.0,0.11009231744370891,1.226330413416163,0.09648321277076677,1.1949579405969062,6.46114882941265,0.6796239814671026,1.0,123.01609628272763
S12_C6,sensitivity,0.12,6.0,DISPLACEMENT_ORIGIN_ONLY,TOUCH_NEXT_OPEN,VOL_FLOOR_0.50,0.5,0.5,1275,66.27450980392156,22.274509803921568,11.450980392156863,0.0,0.0906337284567192,1.3679698960094953,0.07967588805044296,1.3195574191520352,6.932999999999993,1.185097088067998,1.0,101.58675726431477
S12_C6,sensitivity,0.12,6.0,DISPLACEMENT_ORIGIN_ONLY,TOUCH_NEXT_OPEN,VOL_FLOOR_0.50,0.5,1.0,1275,43.13725490196079,33.411764705882355,23.45098039215686,0.0784313725490196,0.1088893492278035,1.2975401352949407,0.09793150882152725,1.264143362077062,6.932999999999993,1.185097088067998,1.0,124.86267374744725
S12_C6,sensitivity,0.12,6.0,DISPLACEMENT_ORIGIN_ONLY,TOUCH_NEXT_OPEN,VOL_FLOOR_0.50,0.5,1.5,1275,29.568627450980394,39.13725490196078,31.294117647058822,0.0,0.10645037037196534,1.2493812433674374,0.09549252996568912,1.2207959124711418,6.932999999999993,1.185097088067998,1.0,121.75297570625362
S12_C6,sensitivity,0.12,6.0,DISPLACEMENT_ORIGIN_ONLY,TOUCH_NEXT_OPEN,VOL_FLOOR_0.50,0.5,2.0,1275,19.92156862745098,41.72549019607843,38.35294117647059,0.0,0.11168321881993357,1.2458331005411796,0.10072537841365733,1.2187968822944337,6.932999999999993,1.185097088067998,1.0,128.4248574774131
S12_C6,sensitivity,0.12,6.0,DISPLACEMENT_ORIGIN_ONLY,TOUCH_NEXT_OPEN,VOL_FLOOR_0.50,0.5,2.5,1275,14.03921568627451,43.13725490196079,42.8235294117647,0.0,0.10713493444451905,1.2283608835810522,0.0961770940382428,1.2022530542026841,6.932999999999993,1.185097088067998,1.0,122.62579489875958
S12_C6,sensitivity,0.12,6.0,DISPLACEMENT_ORIGIN_ONLY,TOUCH_NEXT_OPEN,VOL_FLOOR_0.50,0.5,3.0,1275,9.411764705882353,44.0,46.588235294117645,0.0,0.09071538248640822,1.1897668945837825,0.07975754208013196,1.1645851037201205,6.932999999999993,1.185097088067998,1.0,101.69086615216824
S12_C6,sensitivity,0.12,6.0,DISPLACEMENT_ORIGIN_ONLY,TOUCH_NEXT_OPEN,VOL_FLOOR_0.75,0.75,0.5,1275,65.17647058823529,23.215686274509803,11.607843137254902,0.0,0.07520028886178941,1.2934637423959303,0.06588540438806183,1.254413003223454,7.707651556302837,1.2931218407402782,1.0,84.00389059477882
S12_C6,sensitivity,0.12,6.0,DISPLACEMENT_ORIGIN_ONLY,TOUCH_NEXT_OPEN,VOL_FLOOR_0.75,0.75,1.0,1275,42.03921568627451,32.70588235294118,25.254901960784316,0.0784313725490196,0.10546449215645157,1.2911929981790102,0.09614960768272397,1.2625900840056035,7.707651556302837,1.2931218407402782,1.0,122.59074979547307
S12_C6,sensitivity,0.12,6.0,DISPLACEMENT_ORIGIN_ONLY,TOUCH_NEXT_OPEN,VOL_FLOOR_0.75,0.75,1.5,1275,28.313725490196077,37.254901960784316,34.431372549019606,0.0,0.11470646875276673,1.278368930883297,0.10539158427903916,1.2529387969180554,7.707651556302837,1.2931218407402782,1.0,134.37426995577493
S12_C6,sensitivity,0.12,6.0,DISPLACEMENT_ORIGIN_ONLY,TOUCH_NEXT_OPEN,VOL_FLOOR_0.75,0.75,2.0,1275,17.647058823529413,39.294117647058826,43.05882352941177,0.0,0.10697774117360635,1.2466557791718738,0.09766285669987877,1.222648520692535,7.707651556302837,1.2931218407402782,1.0,124.52014229234544
S12_C6,sensitivity,0.12,6.0,DISPLACEMENT_ORIGIN_ONLY,TOUCH_NEXT_OPEN,VOL_FLOOR_0.75,0.75,2.5,1275,12.0,39.92156862745098,48.07843137254902,0.0,0.11737828894374103,1.266208210370946,0.10806340447001342,1.242309097590277,7.707651556302837,1.2931218407402782,1.0,137.78084069926712
S12_C6,sensitivity,0.12,6.0,DISPLACEMENT_ORIGIN_ONLY,TOUCH_NEXT_OPEN,VOL_FLOOR_0.75,0.75,3.0,1275,7.0588235294117645,40.705882352941174,52.23529411764706,0.0,0.09337263265597935,1.2078619032666003,0.08405774818225178,1.1849831560107564,7.707651556302837,1.2931218407402782,1.0,107.17362893237102
S12_C6,sensitivity,0.12,6.0,DISPLACEMENT_ORIGIN_ONLY,TOUCH_NEXT_OPEN,VOL_FLOOR_1.00,1.0,0.5,1275,63.294117647058826,23.686274509803923,13.019607843137255,0.0784313725490196,0.05880262960757308,1.2228856169051778,0.05082782690705781,1.1908716348579023,8.663598014511688,1.724162454320371,1.0,64.80547930649871
S12_C6,sensitivity,0.12,6.0,DISPLACEMENT_ORIGIN_ONLY,TOUCH_NEXT_OPEN,VOL_FLOOR_1.00,1.0,1.0,1275,38.43137254901961,31.450980392156865,30.117647058823525,0.0784313725490196,0.08539146606374937,1.2393608703505636,0.07741666336323412,1.214895373969452,8.663598014511688,1.724162454320371,1.0,98.7062457881235
S12_C6,sensitivity,0.12,6.0,DISPLACEMENT_ORIGIN_ONLY,TOUCH_NEXT_OPEN,VOL_FLOOR_1.00,1.0,1.5,1275,24.941176470588236,34.03921568627451,41.01960784313726,0.0,0.10802774540689696,1.2796247126484974,0.1000529427063817,1.256386030543301,8.663598014511688,1.724162454320371,1.0,127.56750195063665
S12_C6,sensitivity,0.12,6.0,DISPLACEMENT_ORIGIN_ONLY,TOUCH_NEXT_OPEN,VOL_FLOOR_1.00,1.0,2.0,1275,13.882352941176471,35.37254901960784,50.745098039215684,0.0,0.09871763017792375,1.2452227399847522,0.0907428274774085,1.2231269419780735,8.663598014511688,1.724162454320371,1.0,115.69710503369583
S12_C6,sensitivity,0.12,6.0,DISPLACEMENT_ORIGIN_ONLY,TOUCH_NEXT_OPEN,VOL_FLOOR_1.00,1.0,2.5,1275,8.15686274509804,35.68627450980392,56.15686274509804,0.0,0.10829732806749384,1.2669391895893725,0.10032252536697857,1.2447749833425716,8.663598014511688,1.724162454320371,1.0,127.91121984289768
S12_C6,sensitivity,0.12,6.0,DISPLACEMENT_ORIGIN_ONLY,TOUCH_NEXT_OPEN,VOL_FLOOR_1.00,1.0,3.0,1275,3.8431372549019605,36.0,60.15686274509804,0.0,0.08815521662415803,1.21539027051359,0.08018041392364275,1.1938979759914279,8.663598014511688,1.724162454320371,1.0,102.2300277526445
S12_C6,sensitivity,0.12,6.0,DOZ_OBJECTIVE_ONLY,CLEAN_REJECTION,STRUCTURAL,,0.5,17,76.47058823529412,23.52941176470588,0.0,0.0,0.1470588235294096,1.6249999999999907,0.1312708214802209,1.5477333399191784,4.088506139206402,2.398793811815267,2.0,2.2316039651637554
S12_C6,sensitivity,0.12,6.0,DOZ_OBJECTIVE_ONLY,CLEAN_REJECTION,STRUCTURAL,,1.0,17,76.47058823529412,23.52941176470588,0.0,0.0,0.5294117647058824,3.25,0.5136237626566936,3.1431179892798586,4.088506139206402,2.398793811815267,2.0,8.731603965163792
S12_C6,sensitivity,0.12,6.0,DOZ_OBJECTIVE_ONLY,CLEAN_REJECTION,STRUCTURAL,,1.5,17,58.82352941176471,41.17647058823529,0.0,0.0,0.47058823529411725,2.142857142857142,0.4548002332449284,2.085475486349392,4.088506139206402,2.398793811815267,2.0,7.731603965163783
S12_C6,sensitivity,0.12,6.0,DOZ_OBJECTIVE_ONLY,CLEAN_REJECTION,STRUCTURAL,,2.0,17,47.05882352941176,41.17647058823529,11.76470588235294,0.0,0.6770241074501263,2.6442014038074495,0.6612361054009375,2.5781776934914635,4.088506139206402,2.398793811815267,2.0,11.241013791815938
S12_C6,sensitivity,0.12,6.0,DOZ_OBJECTIVE_ONLY,CLEAN_REJECTION,STRUCTURAL,,2.5,17,23.52941176470588,52.94117647058824,23.52941176470588,0.0,0.2805534611808202,1.514284868687668,0.2647654591316315,1.4761720712486366,4.088506139206402,2.398793811815267,2.0,4.501012805237735
S12_C6,sensitivity,0.12,6.0,DOZ_OBJECTIVE_ONLY,CLEAN_REJECTION,STRUCTURAL,,3.0,17,23.52941176470588,52.94117647058824,23.52941176470588,0.0,0.39820052000434913,1.729944664663428,0.38241251795516046,1.6877564820703623,4.088506139206402,2.398793811815267,2.0,6.501012805237727
S12_C6,sensitivity,0.12,6.0,DOZ_OBJECTIVE_ONLY,FAILED_AUCTION,STRUCTURAL,,0.5,18,55.55555555555556,44.44444444444444,0.0,5.555555555555555,-0.1666666666666756,0.6249999999999799,-0.18446621194155866,0.5937145288916764,4.218137054105455,1.071218271330963,1.5,-3.3203918149480556
S12_C6,sensitivity,0.12,6.0,DOZ_OBJECTIVE_ONLY,FAILED_AUCTION,STRUCTURAL,,1.0,18,33.33333333333333,66.66666666666666,0.0,5.555555555555555,-0.3333333333333333,0.5,-0.3511328786082164,0.4833184153924588,4.218137054105455,1.071218271330963,1.5,-6.320391814947895
S12_C6,sensitivity,0.12,6.0,DOZ_OBJECTIVE_ONLY,FAILED_AUCTION,STRUCTURAL,,1.5,18,27.77777777777778,72.22222222222221,0.0,5.555555555555555,-0.3055555555555512,0.576923076923083,-0.32335510083043423,0.5614362001438958,4.218137054105455,1.071218271330963,1.5,-5.820391814947816
S12_C6,sensitivity,0.12,6.0,DOZ_OBJECTIVE_ONLY,FAILED_AUCTION,STRUCTURAL,,2.0,18,16.666666666666664,77.77777777777779,5.555555555555555,0.0,-0.40989112186112703,0.47299712903569385,-0.42769066713601,0.46070304413415913,4.218137054105455,1.071218271330963,1.5,-7.69843200844818
S12_C6,sensitivity,0.12,6.0,DOZ_OBJECTIVE_ONLY,FAILED_AUCTION,STRUCTURAL,,2.5,18,11.11111111111111,77.77777777777779,11.11111111111111,0.0,-0.33830797505938587,0.5650326034950753,-0.35610752033426885,0.5509658815722274,4.218137054105455,1.071218271330963,1.5,-6.409935366016839
S12_C6,sensitivity,0.12,6.0,DOZ_OBJECTIVE_ONLY,FAILED_AUCTION,STRUCTURAL,,3.0,18,5.555555555555555,83.33333333333334,11.11111111111111,0.0,-0.504974641726053,0.3940304299287363,-0.5227741870009359,0.3845407971585601,4.218137054105455,1.071218271330963,1.5,-9.409935366016846
S12_C6,sensitivity,0.12,6.0,DOZ_OBJECTIVE_ONLY,PASSIVE_TOUCH,STRUCTURAL,,0.5,32,56.25,43.75,0.0,37.5,-0.30547081383951924,0.47935916600517453,-0.35775062047925965,0.42020349707226834,1.3301607217088076,0.48181267181143994,0.0,-11.448019855336309
S12_C6,sensitivity,0.12,6.0,DOZ_OBJECTIVE_ONLY,PASSIVE_TOUCH,STRUCTURAL,,1.0,32,53.125,46.875,0.0,34.375,-0.08672081383949848,0.8596684311016314,-0.13900062047923886,0.7858291644715347,1.3301607217088076,0.48181267181143994,0.0,-4.448019855335644
S12_C6,sensitivity,0.12,6.0,DOZ_OBJECTIVE_ONLY,PASSIVE_TOUCH,STRUCTURAL,,1.5,32,46.875,53.125,0.0,34.375,0.02265418616051665,1.033291929205152,-0.029625620479223735,0.9585445463459747,1.3301607217088076,0.48181267181143994,0.0,-0.9480198553351595
S12_C6,sensitivity,0.12,6.0,DOZ_OBJECTIVE_ONLY,PASSIVE_TOUCH,STRUCTURAL,,2.0,32,37.5,62.5,0.0,34.375,-0.02422081383949848,0.9687158838841039,-0.07650062047923888,0.9057521428778391,1.3301607217088076,0.48181267181143994,0.0,-2.448019855335644
S12_C6,sensitivity,0.12,6.0,DOZ_OBJECTIVE_ONLY,PASSIVE_TOUCH,STRUCTURAL,,2.5,32,34.375,65.625,0.0,34.375,0.05390418616048445,1.0669225814695076,0.0016243795207440542,1.0019249587953567,1.3301607217088076,0.48181267181143994,0.0,0.051980144663809735
S12_C6,sensitivity,0.12,6.0,DOZ_OBJECTIVE_ONLY,PASSIVE_TOUCH,STRUCTURAL,,3.0,32,34.375,65.625,0.0,34.375,0.22577918616050152,1.2803070977634345,0.1734993795207611,1.205604141355116,1.3301607217088076,0.48181267181143994,0.0,5.5519801446643555
S12_C6,sensitivity,0.12,6.0,DOZ_OBJECTIVE_ONLY,RECLAIM_PULLBACK,STRUCTURAL,,0.5,30,56.666666666666664,43.333333333333336,0.0,13.333333333333334,-0.14999999999997823,0.6538461538462041,-0.17478311191865323,0.6075305506684898,2.876711549466336,0.8377182713311413,2.0,-5.243493357559597
S12_C6,sensitivity,0.12,6.0,DOZ_OBJECTIVE_ONLY,RECLAIM_PULLBACK,STRUCTURAL,,1.0,30,50.0,50.0,0.0,10.0,0.0,1.0,-0.02478311191867507,0.9517498378258057,2.876711549466336,0.8377182713311413,2.0,-0.7434933575602521
S12_C6,sensitivity,0.12,6.0,DOZ_OBJECTIVE_ONLY,RECLAIM_PULLBACK,STRUCTURAL,,1.5,30,40.0,60.0,0.0,6.666666666666667,-1.0524914273446484e-14,0.9999999999999822,-0.0247831119186856,0.9598030942269844,2.876711549466336,0.8377182713311413,2.0,-0.743493357560568
S12_C6,sensitivity,0.12,6.0,DOZ_OBJECTIVE_ONLY,RECLAIM_PULLBACK,STRUCTURAL,,2.0,30,33.33333333333333,66.66666666666666,0.0,6.666666666666667,0.0,1.0,-0.024783111918675098,0.9638361864960774,2.876711549466336,0.8377182713311413,2.0,-0.7434933575602529
S12_C6,sensitivity,0.12,6.0,DOZ_OBJECTIVE_ONLY,RECLAIM_PULLBACK,STRUCTURAL,,2.5,30,26.666666666666668,70.0,3.3333333333333335,6.666666666666667,0.005065590144095585,1.0072365573487079,-0.019717521774579506,0.9725836925612246,2.876711549466336,0.8377182713311413,2.0,-0.5915256532373852
S12_C6,sensitivity,0.12,6.0,DOZ_OBJECTIVE_ONLY,RECLAIM_PULLBACK,STRUCTURAL,,3.0,30,16.666666666666664,73.33333333333333,10.0,6.666666666666667,-0.0446456032228885,0.9391196319687883,-0.06942871514156355,0.907852438381583,2.876711549466336,0.8377182713311413,2.0,-2.0828614542469066
S12_C6,sensitivity,0.12,6.0,DOZ_OBJECTIVE_ONLY,TOUCH_NEXT_OPEN,VOL_FLOOR_0.25,0.25,0.5,35,77.14285714285715,22.857142857142858,0.0,2.857142857142857,0.15714285714285994,1.6875000000000173,0.13430947648553174,1.576977426347037,2.759558436512135,1.0678044625342782,1.0,4.7008316769936105
S12_C6,sensitivity,0.12,6.0,DOZ_OBJECTIVE_ONLY,TOUCH_NEXT_OPEN,VOL_FLOOR_0.25,0.25,1.0,35,62.857142857142854,37.142857142857146,0.0,2.857142857142857,0.25714285714284973,1.6923076923076656,0.23430947648552147,1.6152720599624277,2.759558436512135,1.0678044625342782,1.0,8.200831676993252
S12_C6,sensitivity,0.12,6.0,DOZ_OBJECTIVE_ONLY,TOUCH_NEXT_OPEN,VOL_FLOOR_0.25,0.25,1.5,35,45.714285714285715,54.285714285714285,0.0,2.857142857142857,0.14285714285714285,1.2631578947368416,0.1200237621998147,1.2160077892648962,2.759558436512135,1.0678044625342782,1.0,4.200831676993515
S12_C6,sensitivity,0.12,6.0,DOZ_OBJECTIVE_ONLY,TOUCH_NEXT_OPEN,VOL_FLOOR_0.25,0.25,2.0,35,40.0,60.0,0.0,2.857142857142857,0.1999999999999961,1.333333333333326,0.17716661934266784,1.2883051008810134,2.759558436512135,1.0678044625342782,1.0,6.200831676993374
S12_C6,sensitivity,0.12,6.0,DOZ_OBJECTIVE_ONLY,TOUCH_NEXT_OPEN,VOL_FLOOR_0.25,0.25,2.5,35,28.57142857142857,65.71428571428571,5.714285714285714,2.857142857142857,0.09314282895491123,1.1400712303469671,0.07030944829758297,1.103236392526957,2.759558436512135,1.0678044625342782,1.0,2.460830690415404
S12_C6,sensitivity,0.12,6.0,DOZ_OBJECTIVE_ONLY,TOUCH_NEXT_OPEN,VOL_FLOOR_0.25,0.25,3.0,35,28.57142857142857,65.71428571428571,5.714285714285714,0.0,0.23599997181205318,1.3549044707410174,0.21316659115472492,1.3129956273435743,2.759558436512135,1.0678044625342782,1.0,7.4608306904153725
S12_C6,sensitivity,0.12,6.0,DOZ_OBJECTIVE_ONLY,TOUCH_NEXT_OPEN,VOL_FLOOR_0.50,0.5,0.5,35,68.57142857142857,31.428571428571427,0.0,2.857142857142857,0.028571428571420032,1.0909090909090635,0.012220042178591545,1.038289523958678,4.071911369618647,1.7929419274824598,1.0,0.4277014762507041
S12_C6,sensitivity,0.12,6.0,DOZ_OBJECTIVE_ONLY,TOUCH_NEXT_OPEN,VOL_FLOOR_0.50,0.5,1.0,35,54.285714285714285,45.714285714285715,0.0,2.857142857142857,0.08571428571428084,1.1874999999999885,0.0693628993214523,1.1491418988729185,4.071911369618647,1.7929419274824598,1.0,2.4277014762508307
S12_C6,sensitivity,0.12,6.0,DOZ_OBJECTIVE_ONLY,TOUCH_NEXT_OPEN,VOL_FLOOR_0.50,0.5,1.5,35,40.0,60.0,0.0,0.0,-3.3370132054447562e-15,0.9999999999999946,-0.016351386392831836,0.9732121722354813,4.071911369618647,1.7929419274824598,1.0,-0.5722985237491143
S12_C6,sensitivity,0.12,6.0,DOZ_OBJECTIVE_ONLY,TOUCH_NEXT_OPEN,VOL_FLOOR_0.50,0.5,2.0,35,34.285714285714285,65.71428571428571,0.0,0.0,0.02857142857142031,1.0434782608695523,0.012220042178591762,1.0182932784438075,4.071911369618647,1.7929419274824598,1.0,0.42770147625071164
S12_C6,sensitivity,0.12,6.0,DOZ_OBJECTIVE_ONLY,TOUCH_NEXT_OPEN,VOL_FLOOR_0.50,0.5,2.5,35,25.71428571428571,68.57142857142857,5.714285714285714,0.0,-0.006857171045098351,0.9901127826590828,-0.02320855743792684,0.9670941384527407,4.071911369618647,1.7929419274824598,1.0,-0.8122995103274393
S12_C6,sensitivity,0.12,6.0,DOZ_OBJECTIVE_ONLY,TOUCH_NEXT_OPEN,VOL_FLOOR_0.50,0.5,3.0,35,25.71428571428571,68.57142857142857,5.714285714285714,0.0,0.1217142575263293,1.1754973457328917,0.10536287113350078,1.1493869689666676,4.071911369618647,1.7929419274824598,1.0,3.687700489672527
S12_C6,sensitivity,0.12,6.0,DOZ_OBJECTIVE_ONLY,TOUCH_NEXT_OPEN,VOL_FLOOR_0.75,0.75,0.5,35,71.42857142857143,28.57142857142857,0.0,0.0,0.07142857142856997,1.2499999999999936,0.05967035446656977,1.206175070364822,5.1257838182255,2.2460000000000946,1.0,2.088462406329942
S12_C6,sensitivity,0.12,6.0,DOZ_OBJECTIVE_ONLY,TOUCH_NEXT_OPEN,VOL_FLOOR_0.75,0.75,1.0,35,57.14285714285714,42.857142857142854,0.0,0.0,0.14285714285713752,1.3333333333333184,0.13109892589513733,1.3017000146288529,5.1257838182255,2.2460000000000946,1.0,4.588462406329807
S12_C6,sensitivity,0.12,6.0,DOZ_OBJECTIVE_ONLY,TOUCH_NEXT_OPEN,VOL_FLOOR_0.75,0.75,1.5,35,45.714285714285715,54.285714285714285,0.0,0.0,0.14285714285713064,1.2631578947368176,0.1310989258951304,1.2383107007037524,5.1257838182255,2.2460000000000946,1.0,4.588462406329564
S12_C6,sensitivity,0.12,6.0,DOZ_OBJECTIVE_ONLY,TOUCH_NEXT_OPEN,VOL_FLOOR_0.75,0.75,2.0,35,34.285714285714285,57.14285714285714,8.571428571428571,0.0,0.24149460112582274,1.4226155519701864,0.22973638416382255,1.3969142074189738,5.1257838182255,2.2460000000000946,1.0,8.04077344573379
S12_C6,sensitivity,0.12,6.0,DOZ_OBJECTIVE_ONLY,TOUCH_NEXT_OPEN,VOL_FLOOR_0.75,0.75,2.5,35,14.285714285714285,60.0,25.71428571428571,0.0,0.08516759426340242,1.1401186710191047,0.07340937730140218,1.1191632612609361,5.1257838182255,2.2460000000000946,1.0,2.569328205549076
S12_C6,sensitivity,0.12,6.0,DOZ_OBJECTIVE_ONLY,TOUCH_NEXT_OPEN,VOL_FLOOR_0.75,0.75,3.0,35,11.428571428571429,60.0,28.57142857142857,0.0,0.13879780633772673,1.2283516909525583,0.12703958937572646,1.2062195912261549,5.1257838182255,2.2460000000000946,1.0,4.446385628150426
S12_C6,sensitivity,0.12,6.0,DOZ_OBJECTIVE_ONLY,TOUCH_NEXT_OPEN,VOL_FLOOR_1.00,1.0,0.5,35,71.42857142857143,28.57142857142857,0.0,0.0,0.07142857142857202,1.250000000000004,0.06221928970313496,1.2157844089703174,6.00304650196402,2.2460000000000946,1.0,2.1776751396097236
S12_C6,sensitivity,0.12,6.0,DOZ_OBJECTIVE_ONLY,TOUCH_NEXT_OPEN,VOL_FLOOR_1.00,1.0,1.0,35,51.42857142857142,42.857142857142854,5.714285714285714,0.0,0.09581313993749412,1.2205338316683647,0.08660385821205709,1.197173741152994,6.00304650196402,2.2460000000000946,1.0,3.031135037421998
S12_C6,sensitivity,0.12,6.0,DOZ_OBJECTIVE_ONLY,TOUCH_NEXT_OPEN,VOL_FLOOR_1.00,1.0,1.5,35,37.142857142857146,45.714285714285715,17.142857142857142,0.0,0.19042367322417822,1.398281458927186,0.18121439149874108,1.3747998544253537,6.00304650196402,2.2460000000000946,1.0,6.342503702455938
S12_C6,sensitivity,0.12,6.0,DOZ_OBJECTIVE_ONLY,TOUCH_NEXT_OPEN,VOL_FLOOR_1.00,1.0,2.0,35,17.142857142857142,51.42857142857142,31.428571428571427,0.0,0.07547554173365545,1.141008257420399,0.06626626000821843,1.1224527707209948,6.00304650196402,2.2460000000000946,1.0,2.319319100287645
S12_C6,sensitivity,0.12,6.0,DOZ_OBJECTIVE_ONLY,TOUCH_NEXT_OPEN,VOL_FLOOR_1.00,1.0,2.5,35,11.428571428571429,51.42857142857142,37.142857142857146,0.0,0.06218059094376707,1.1146513113986458,0.052971309218329994,1.0965711326774534,6.00304650196402,2.2460000000000946,1.0,1.8539958226415498
S12_C6,sensitivity,0.12,6.0,DOZ_OBJECTIVE_ONLY,TOUCH_NEXT_OPEN,VOL_FLOOR_1.00,1.0,3.0,35,8.571428571428571,54.285714285714285,37.142857142857146,0.0,0.005037733800909477,1.008823939177541,-0.004171547924527567,0.9927753369802816,6.00304650196402,2.2460000000000946,1.0,-0.14600417735846483
S12_C6,sensitivity,0.12,6.0,MEMORY_ONLY,ACCEPTANCE_RETEST,STRUCTURAL,,0.5,67,61.19402985074627,38.80597014925373,0.0,4.477611940298507,-0.0820895522388098,0.7884615384615287,-0.10103679284745182,0.744714131901279,3.0571111550807473,1.7089602966930215,7.0,-6.769465120779271
S12_C6,sensitivity,0.12,6.0,MEMORY_ONLY,ACCEPTANCE_RETEST,STRUCTURAL,,1.0,67,46.26865671641791,52.23880597014925,1.4925373134328357,4.477611940298507,-0.05561337532888707,0.8935401100847019,-0.07456061593752908,0.8600413974248088,3.0571111550807473,1.7089602966930215,7.0,-4.995561267814448
S12_C6,sensitivity,0.12,6.0,MEMORY_ONLY,ACCEPTANCE_RETEST,STRUCTURAL,,1.5,67,38.80597014925373,58.2089552238806,2.9850746268656714,4.477611940298507,-0.004262537110242287,0.99278074720708,-0.023209777718884272,0.9614592911198548,3.0571111550807473,1.7089602966930215,7.0,-1.5550551071652463
S12_C6,sensitivity,0.12,6.0,MEMORY_ONLY,ACCEPTANCE_RETEST,STRUCTURAL,,2.0,67,32.83582089552239,62.68656716417911,4.477611940298507,4.477611940298507,0.034507056421921214,1.0543233147695719,0.015559815813279221,1.0240196881836456,3.0571111550807473,1.7089602966930215,7.0,1.0425076594897078
S12_C6,sensitivity,0.12,6.0,MEMORY_ONLY,ACCEPTANCE_RETEST,STRUCTURAL,,2.5,67,28.35820895522388,64.17910447761194,7.462686567164178,4.477611940298507,0.1037892578500957,1.1596409797965648,0.0848420172414537,1.1279783624598427,3.0571111550807473,1.7089602966930215,7.0,5.684415155177398
S12_C6,sensitivity,0.12,6.0,MEMORY_ONLY,ACCEPTANCE_RETEST,STRUCTURAL,,3.0,67,20.8955223880597,67.16417910447761,11.940298507462686,4.477611940298507,0.05552325582201304,1.0816527539395477,0.03657601521337101,1.0527629999337331,3.0571111550807473,1.7089602966930215,7.0,2.450593019295858
S12_C6,sensitivity,0.12,6.0,MEMORY_ONLY,CLEAN_REJECTION,STRUCTURAL,,0.5,868,65.43778801843318,33.6405529953917,0.9216589861751152,0.0,-0.011779541387997075,0.9652616027972345,-0.02723716416844407,0.9209470082288519,3.904767833774031,1.978946925940818,1.0,-23.64185849820945
S12_C6,sensitivity,0.12,6.0,MEMORY_ONLY,CLEAN_REJECTION,STRUCTURAL,,1.0,868,47.926267281105986,50.0,2.0737327188940093,0.0,-0.021562950744218032,0.9572800877647696,-0.03702057352466502,0.9277973656363517,3.904767833774031,1.978946925940818,1.0,-32.133857819409236
S12_C6,sensitivity,0.12,6.0,MEMORY_ONLY,CLEAN_REJECTION,STRUCTURAL,,1.5,868,37.327188940092164,57.83410138248848,4.838709677419355,0.0,-0.011136280586166461,0.9810050425828725,-0.026593903366613443,0.9553521837675704,3.904767833774031,1.978946925940818,1.0,-23.08350812222047
S12_C6,sensitivity,0.12,6.0,MEMORY_ONLY,CLEAN_REJECTION,STRUCTURAL,,2.0,868,28.57142857142857,62.096774193548384,9.331797235023041,0.0,-0.00255765439663145,0.9959412619508834,-0.01801527717707844,0.971866138585805,3.904767833774031,1.978946925940818,1.0,-15.637260589704084
S12_C6,sensitivity,0.12,6.0,MEMORY_ONLY,CLEAN_REJECTION,STRUCTURAL,,2.5,868,24.078341013824886,64.28571428571429,11.63594470046083,0.0,0.03098632969691619,1.0474864383059297,0.015528706916469216,1.0234186406881922,3.904767833774031,1.978946925940818,1.0,13.47891760349528
S12_C6,sensitivity,0.12,6.0,MEMORY_ONLY,CLEAN_REJECTION,STRUCTURAL,,3.0,868,19.23963133640553,65.43778801843318,15.32258064516129,0.0,0.05134144490799061,1.0771784280086214,0.035883822127543624,1.0530816037137354,3.904767833774031,1.978946925940818,1.0,31.147157606707864
S12_C6,sensitivity,0.12,6.0,MEMORY_ONLY,FAILED_AUCTION,STRUCTURAL,,0.5,267,67.79026217228464,30.711610486891384,1.4981273408239701,0.0,0.030394934134106873,1.0983900118396734,0.019338892748450996,1.0618891748405577,5.666893261889527,2.4733695174322747,7.0,5.163484363836416
S12_C6,sensitivity,0.12,6.0,MEMORY_ONLY,FAILED_AUCTION,STRUCTURAL,,1.0,267,50.56179775280899,44.19475655430712,5.2434456928838955,0.0,0.07300550541318107,1.1638483750841575,0.061949464027525214,1.1374559521537582,5.666893261889527,2.4733695174322747,7.0,16.540506895349232
S12_C6,sensitivity,0.12,6.0,MEMORY_ONLY,FAILED_AUCTION,STRUCTURAL,,1.5,267,38.20224719101123,53.558052434456926,8.239700374531834,0.0,0.05947227023397093,1.1102460103346494,0.04841622884831507,1.088742787745577,5.666893261889527,2.4733695174322747,7.0,12.927133102500123
S12_C6,sensitivity,0.12,6.0,MEMORY_ONLY,FAILED_AUCTION,STRUCTURAL,,2.0,267,29.962546816479403,57.67790262172284,12.359550561797752,0.37453183520599254,0.0915837310459194,1.1577264816298352,0.08052768966026352,1.1371068791654957,5.666893261889527,2.4733695174322747,7.0,21.500893139290362
S12_C6,sensitivity,0.12,6.0,MEMORY_ONLY,FAILED_AUCTION,STRUCTURAL,,2.5,267,23.595505617977526,59.55056179775281,16.853932584269664,0.37453183520599254,0.12811223855531526,1.2137428192612438,0.11705619716965934,1.1930619732469852,5.666893261889527,2.4733695174322747,7.0,31.254004644299044
S12_C6,sensitivity,0.12,6.0,MEMORY_ONLY,FAILED_AUCTION,STRUCTURAL,,3.0,267,17.97752808988764,60.2996254681648,21.722846441947567,0.37453183520599254,0.13562086834455558,1.2230844609698137,0.12456482695889971,1.2025337381132173,5.666893261889527,2.4733695174322747,7.0,33.25880879802622
S12_C6,sensitivity,0.12,6.0,MEMORY_ONLY,PASSIVE_TOUCH,STRUCTURAL,,0.5,979,55.464759959141986,44.330949948927476,0.20429009193054137,22.26762002042901,-0.23008863062227938,0.5465451438926325,-0.2615314953396886,0.4986125533723168,1.9241354691889683,0.7054890206609343,2.0,-256.03933393755517
S12_C6,sensitivity,0.12,6.0,MEMORY_ONLY,PASSIVE_TOUCH,STRUCTURAL,,1.0,979,45.556690500510726,54.03472931562819,0.40858018386108275,20.93973442288049,-0.14801839637723513,0.7552961604559281,-0.17946126109464441,0.7115709014316692,1.9241354691889683,0.7054890206609343,2.0,-175.69257461165688
S12_C6,sensitivity,0.12,6.0,MEMORY_ONLY,PASSIVE_TOUCH,STRUCTURAL,,1.5,979,37.48723186925434,61.695607763023496,0.8171603677221655,20.531154239019408,-0.11638288847221322,0.8292245761332527,-0.1478257531896225,0.7892184218322881,1.9241354691889683,0.7054890206609343,2.0,-144.72141237264043
S12_C6,sensitivity,0.12,6.0,MEMORY_ONLY,PASSIVE_TOUCH,STRUCTURAL,,2.0,979,31.66496424923391,67.41573033707866,0.9193054136874361,20.326864147088866,-0.1012058588829588,0.862994256756228,-0.13264872360036808,0.8255326784040803,1.9241354691889683,0.7054890206609343,2.0,-129.86310040476036
S12_C6,sensitivity,0.12,6.0,MEMORY_ONLY,PASSIVE_TOUCH,STRUCTURAL,,2.5,979,27.068437180796735,71.80796731358528,1.1235955056179776,20.224719101123593,-0.09805081791131381,0.8747147013873077,-0.12949368262872307,0.8392603770516202,1.9241354691889683,0.7054890206609343,2.0,-126.77431529351989
S12_C6,sensitivity,0.12,6.0,MEMORY_ONLY,PASSIVE_TOUCH,STRUCTURAL,,3.0,979,23.289070480081715,75.17875383043922,1.5321756894790604,20.224719101123593,-0.10447710884136127,0.8720157978428472,-0.13591997355877056,0.8382480498351844,1.9241354691889683,0.7054890206609343,2.0,-133.06565411403636
S12_C6,sensitivity,0.12,6.0,MEMORY_ONLY,RECLAIM_PULLBACK,STRUCTURAL,,0.5,923,65.33044420368364,33.91115926327194,0.7583965330444203,1.191765980498375,-0.013874142254399601,0.9592899868633271,-0.03188763914473319,0.9081190150957412,3.2586316536130653,1.4851977858156715,3.0,-29.43229093058874
S12_C6,sensitivity,0.12,6.0,MEMORY_ONLY,RECLAIM_PULLBACK,STRUCTURAL,,1.0,923,50.27085590465872,48.320693391115924,1.4084507042253522,1.0834236186348862,0.0188517170370303,1.0387722327827555,0.0008382201466967006,1.0016931257550243,3.2586316536130653,1.4851977858156715,3.0,0.7736771954010546
S12_C6,sensitivity,0.12,6.0,MEMORY_ONLY,RECLAIM_PULLBACK,STRUCTURAL,,1.5,923,38.569880823401945,58.179848320693395,3.2502708559046587,1.0834236186348862,0.0020282045139665924,1.0034558949729566,-0.015985292376367,0.9732525210343592,3.2586316536130653,1.4851977858156715,3.0,-14.754424863386742
S12_C6,sensitivity,0.12,6.0,MEMORY_ONLY,RECLAIM_PULLBACK,STRUCTURAL,,2.0,923,30.66088840736728,64.35536294691224,4.9837486457204765,1.0834236186348862,-0.01341589937857795,0.9793559914266882,-0.031429396268911544,0.9525128523259971,3.2586316536130653,1.4851977858156715,3.0,-29.009332756205353
S12_C6,sensitivity,0.12,6.0,MEMORY_ONLY,RECLAIM_PULLBACK,STRUCTURAL,,2.5,923,25.352112676056336,67.38894907908993,7.258938244853738,1.191765980498375,0.002577295807686068,1.0037810939427494,-0.015436201082647531,0.9777651982983863,3.2586316536130653,1.4851977858156715,3.0,-14.247613599283671
S12_C6,sensitivity,0.12,6.0,MEMORY_ONLY,RECLAIM_PULLBACK,STRUCTURAL,,3.0,923,22.75189599133261,68.36403033586133,8.884073672806068,1.191765980498375,0.06569381969854397,1.0949051888383303,0.047680322808210406,1.0676293486174848,3.2586316536130653,1.4851977858156715,3.0,44.008937951978204
S12_C6,sensitivity,0.12,6.0,MEMORY_ONLY,TOUCH_NEXT_OPEN,VOL_FLOOR_0.25,0.25,0.5,1302,65.51459293394777,33.7173579109063,0.7680491551459293,1.0752688172043012,-0.010801303945653921,0.9681287840095059,-0.03180674726180861,0.9081333607394589,3.3136678137583333,0.30370453240118955,1.0,-41.412384934874815
S12_C6,sensitivity,0.12,6.0,MEMORY_ONLY,TOUCH_NEXT_OPEN,VOL_FLOOR_0.25,0.25,1.0,1302,49.23195084485407,49.0015360983103,1.7665130568356373,0.2304147465437788,0.0025752934344587027,1.0052214347157233,-0.018430149881695966,0.9634056995182512,3.3136678137583333,0.30370453240118955,1.0,-23.996055145968146
S12_C6,sensitivity,0.12,6.0,MEMORY_ONLY,TOUCH_NEXT_OPEN,VOL_FLOOR_0.25,0.25,1.5,1302,38.556067588325654,58.294930875576036,3.14900153609831,0.0,-0.003182703012351004,0.9945908076288351,-0.024188146328505685,0.9597411508742745,3.3136678137583333,0.30370453240118955,1.0,-31.4929665197144
S12_C6,sensitivity,0.12,6.0,MEMORY_ONLY,TOUCH_NEXT_OPEN,VOL_FLOOR_0.25,0.25,2.0,1302,29.416282642089094,64.28571428571429,6.29800307219662,0.0,-0.025119375857577512,0.9613373348163808,-0.0461248191737322,0.9305023620217205,3.3136678137583333,0.30370453240118955,1.0,-60.05451456419932
S12_C6,sensitivity,0.12,6.0,MEMORY_ONLY,TOUCH_NEXT_OPEN,VOL_FLOOR_0.25,0.25,2.5,1302,25.19201228878648,67.2811059907834,7.526881720430108,0.07680491551459294,-0.0003182050453261241,0.9995318174391729,-0.021323648361480804,0.9692903579482238,3.3136678137583333,0.30370453240118955,1.0,-27.76339016664801
S12_C6,sensitivity,0.12,6.0,MEMORY_ONLY,TOUCH_NEXT_OPEN,VOL_FLOOR_0.25,0.25,3.0,1302,21.428571428571427,69.12442396313364,9.44700460829493,0.07680491551459294,0.02208458784953241,1.031587580038426,0.001079144533377731,1.0015107350244867,3.3136678137583333,0.30370453240118955,1.0,1.4050461824578058
S12_C6,sensitivity,0.12,6.0,MEMORY_ONLY,TOUCH_NEXT_OPEN,VOL_FLOOR_0.50,0.5,0.5,1302,66.58986175115207,32.642089093702,0.7680491551459293,0.0,0.005327728312407942,1.0162355512183938,-0.011673466097027388,0.9650343667603961,3.871058764347313,0.6074090648023791,1.0,-15.198852858329658
S12_C6,sensitivity,0.12,6.0,MEMORY_ONLY,TOUCH_NEXT_OPEN,VOL_FLOOR_0.50,0.5,1.0,1302,47.465437788018434,50.38402457757296,2.1505376344086025,0.07680491551459294,-0.028855006132257336,0.943180618232161,-0.045856200541692656,0.9112369781995235,3.871058764347313,0.6074090648023791,1.0,-59.70477310528384
S12_C6,sensitivity,0.12,6.0,MEMORY_ONLY,TOUCH_NEXT_OPEN,VOL_FLOOR_0.50,0.5,1.5,1302,37.01996927803379,58.67895545314901,4.301075268817205,0.0,-0.023859952871884416,0.9597674233591028,-0.040861147281319746,0.9322804544770996,3.871058764347313,0.6074090648023791,1.0,-53.20121376027831
S12_C6,sensitivity,0.12,6.0,MEMORY_ONLY,TOUCH_NEXT_OPEN,VOL_FLOOR_0.50,0.5,2.0,1302,29.80030721966206,62.44239631336406,7.757296466973887,0.0,0.006923625062053633,1.0109529767058685,-0.010077569347381698,0.98433289162612,3.871058764347313,0.6074090648023791,1.0,-13.12099529029097
S12_C6,sensitivity,0.12,6.0,MEMORY_ONLY,TOUCH_NEXT_OPEN,VOL_FLOOR_0.50,0.5,2.5,1302,24.961597542242703,65.13056835637481,9.90783410138249,0.07680491551459294,0.030945696977613596,1.0468981965566437,0.013944502568178268,1.0207651735410888,3.871058764347313,0.6074090648023791,1.0,18.155742343768104
S12_C6,sensitivity,0.12,6.0,MEMORY_ONLY,TOUCH_NEXT_OPEN,VOL_FLOOR_0.50,0.5,3.0,1302,20.046082949308754,67.12749615975423,12.82642089093702,0.07680491551459294,0.03409105052380051,1.0500894014368745,0.017089856114365178,1.0246699734870564,3.871058764347313,0.6074090648023791,1.0,22.25099266090346
S12_C6,sensitivity,0.12,6.0,MEMORY_ONLY,TOUCH_NEXT_OPEN,VOL_FLOOR_0.75,0.75,0.5,1302,64.97695852534562,33.794162826420894,1.228878648233487,0.07680491551459294,-0.014603829780601867,0.9571499142683555,-0.028162217831665743,0.9184906868453145,4.946698120936697,0.8979052190341469,1.0,-36.6672076168288
S12_C6,sensitivity,0.12,6.0,MEMORY_ONLY,TOUCH_NEXT_OPEN,VOL_FLOOR_0.75,0.75,1.0,1302,46.62058371735791,49.155145929339476,4.224270353302612,0.0,-0.021518946138115638,0.9568066122845938,-0.03507733418917953,0.9305710666173883,4.946698120936697,0.8979052190341469,1.0,-45.67068911431174
S12_C6,sensitivity,0.12,6.0,MEMORY_ONLY,TOUCH_NEXT_OPEN,VOL_FLOOR_0.75,0.75,1.5,1302,36.25192012288787,55.60675883256528,8.141321044546851,0.0,0.006767093662368409,1.01197875719795,-0.0067912943886954645,0.9881479854288974,4.946698120936697,0.8979052190341469,1.0,-8.842265294081495
S12_C6,sensitivity,0.12,6.0,MEMORY_ONLY,TOUCH_NEXT_OPEN,VOL_FLOOR_0.75,0.75,2.0,1302,26.881720430107524,59.13978494623656,13.978494623655912,0.07680491551459294,0.0170938062697375,1.0283792703083825,0.003535418218673625,1.0057854098953507,4.946698120936697,0.8979052190341469,1.0,4.60311452071306
S12_C6,sensitivity,0.12,6.0,MEMORY_ONLY,TOUCH_NEXT_OPEN,VOL_FLOOR_0.75,0.75,2.5,1302,20.19969278033794,60.9062980030722,18.89400921658986,0.07680491551459294,0.02916015555148242,1.0469785916595782,0.015601767500418539,1.0247753249079863,4.946698120936697,0.8979052190341469,1.0,20.313501285544938
S12_C6,sensitivity,0.12,6.0,MEMORY_ONLY,TOUCH_NEXT_OPEN,VOL_FLOOR_0.75,0.75,3.0,1302,14.90015360983103,62.28878648233487,22.811059907834103,0.07680491551459294,0.026392475568861623,1.0415713143540208,0.012834087517797759,1.0199247733488785,4.946698120936697,0.8979052190341469,1.0,16.709981948172683
S12_C6,sensitivity,0.12,6.0,MEMORY_ONLY,TOUCH_NEXT_OPEN,VOL_FLOOR_1.00,1.0,0.5,1302,64.74654377880185,32.18125960061444,3.0721966205837172,0.07680491551459294,-0.005614820994138398,0.9830250930056206,-0.016530850190219496,0.9505935816007254,6.3629516842111435,1.1972069587121958,1.0,-21.523166947665782
S12_C6,sensitivity,0.12,6.0,MEMORY_ONLY,TOUCH_NEXT_OPEN,VOL_FLOOR_1.00,1.0,1.0,1302,44.85407066052227,44.85407066052227,10.291858678955453,0.0,0.0032774464685372423,1.0070427313882155,-0.007638582727543848,0.9837802250103992,6.3629516842111435,1.1972069587121958,1.0,-9.94543471126209
S12_C6,sensitivity,0.12,6.0,MEMORY_ONLY,TOUCH_NEXT_OPEN,VOL_FLOOR_1.00,1.0,1.5,1302,32.18125960061444,50.46082949308756,17.357910906298002,0.07680491551459294,0.01825668584524372,1.034817521976894,0.007340656649162622,1.0138303938409243,6.3629516842111435,1.1972069587121958,1.0,9.557534957209734
S12_C6,sensitivity,0.12,6.0,MEMORY_ONLY,TOUCH_NEXT_OPEN,VOL_FLOOR_1.00,1.0,2.0,1302,21.7357910906298,52.68817204301075,25.57603686635945,0.07680491551459294,0.03202613443149254,1.058473933843626,0.02111010523541145,1.0380745831589289,6.3629516842111435,1.1972069587121958,1.0,27.48535701650571
S12_C6,sensitivity,0.12,6.0,MEMORY_ONLY,TOUCH_NEXT_OPEN,VOL_FLOOR_1.00,1.0,2.5,1302,14.746543778801843,54.14746543778802,31.105990783410135,0.07680491551459294,0.03211945549737182,1.0570763046792495,0.021203426301290722,1.0372189800501457,6.3629516842111435,1.1972069587121958,1.0,27.60686104428052
S12_C6,sensitivity,0.12,6.0,MEMORY_ONLY,TOUCH_NEXT_OPEN,VOL_FLOOR_1.00,1.0,3.0,1302,10.599078341013826,54.53149001536099,34.86943164362519,0.15360983102918588,0.04453796688025348,1.078540785474913,0.03362193768417239,1.058564851143452,6.3629516842111435,1.1972069587121958,1.0,43.775762864792455
S12_C6,sensitivity,0.12,6.0,OBJECTIVE_LIQUIDITY_ONLY,ACCEPTANCE_RETEST,STRUCTURAL,,0.5,73,68.4931506849315,30.136986301369863,1.36986301369863,4.10958904109589,0.03833857096962409,1.1260609810018987,0.01976837563216464,1.0638794149501725,3.2804998293618155,1.3479999999999563,7.0,1.4430914211480188
S12_C6,sensitivity,0.12,6.0,OBJECTIVE_LIQUIDITY_ONLY,ACCEPTANCE_RETEST,STRUCTURAL,,1.0,73,56.16438356164384,42.465753424657535,1.36986301369863,2.73972602739726,0.1342289819285349,1.314048472509447,0.11565878659107547,1.2656300260953062,3.2804998293618155,1.3479999999999563,7.0,8.443091421148509
S12_C6,sensitivity,0.12,6.0,OBJECTIVE_LIQUIDITY_ONLY,ACCEPTANCE_RETEST,STRUCTURAL,,1.5,73,45.20547945205479,53.42465753424658,1.36986301369863,2.73972602739726,0.14107829699703392,1.262713731441062,0.12250810165957446,1.2239974418678596,3.2804998293618155,1.3479999999999563,7.0,8.943091421148935
S12_C6,sensitivity,0.12,6.0,OBJECTIVE_LIQUIDITY_ONLY,ACCEPTANCE_RETEST,STRUCTURAL,,2.0,73,36.986301369863014,60.273972602739725,2.73972602739726,2.73972602739726,0.15905025499337078,1.262677177673505,0.14048005965591132,1.2278339004595544,3.2804998293618155,1.3479999999999563,7.0,10.255044354881527
S12_C6,sensitivity,0.12,6.0,OBJECTIVE_LIQUIDITY_ONLY,ACCEPTANCE_RETEST,STRUCTURAL,,2.5,73,32.87671232876712,64.38356164383562,2.73972602739726,2.73972602739726,0.2001461454043222,1.3095396412458868,0.18157595006686272,1.2757875503898055,3.2804998293618155,1.3479999999999563,7.0,13.25504435488098
S12_C6,sensitivity,0.12,6.0,OBJECTIVE_LIQUIDITY_ONLY,ACCEPTANCE_RETEST,STRUCTURAL,,3.0,73,26.027397260273972,68.4931506849315,5.47945205479452,2.73972602739726,0.11752578465567198,1.1682175901783851,0.09895558931821248,1.139058455389301,3.2804998293618155,1.3479999999999563,7.0,7.223758020229511
S12_C6,sensitivity,0.12,6.0,OBJECTIVE_LIQUIDITY_ONLY,CLEAN_REJECTION,STRUCTURAL,,0.5,1586,69.4829760403531,28.247162673392186,2.269861286254729,0.0,0.06029304558578173,1.2092789920216627,0.044008672219131274,1.1502011470762321,3.6708699534738116,1.4850000000001273,1.0,69.7977541395422
S12_C6,sensitivity,0.12,6.0,OBJECTIVE_LIQUIDITY_ONLY,CLEAN_REJECTION,STRUCTURAL,,1.0,1586,50.50441361916772,42.37074401008827,7.12484237074401,0.0,0.08416836223395767,1.1930497823021027,0.0678839888673072,1.1530563911462905,3.6708699534738116,1.4850000000001273,1.0,107.66400634354923
S12_C6,sensitivity,0.12,6.0,OBJECTIVE_LIQUIDITY_ONLY,CLEAN_REJECTION,STRUCTURAL,,1.5,1586,38.14627994955864,50.06305170239597,11.790668348045397,0.0,0.0916849964801918,1.177157287950178,0.07540062311354134,1.1431919031364968,3.6708699534738116,1.4850000000001273,1.0,119.58538825807656
S12_C6,sensitivity,0.12,6.0,OBJECTIVE_LIQUIDITY_ONLY,CLEAN_REJECTION,STRUCTURAL,,2.0,1586,28.940731399747794,53.65699873896595,17.402269861286253,0.0,0.10226077011708942,1.1834558602509668,0.08597639675043896,1.151568296058931,3.6708699534738116,1.4850000000001273,1.0,136.35856524619618
S12_C6,sensitivity,0.12,6.0,OBJECTIVE_LIQUIDITY_ONLY,CLEAN_REJECTION,STRUCTURAL,,2.5,1586,22.69861286254729,55.359394703656996,21.94199243379571,0.0,0.13099005572993044,1.227795448328601,0.11470568236327999,1.1960107019059396,3.6708699534738116,1.4850000000001273,1.0,181.92321222816207
S12_C6,sensitivity,0.12,6.0,OBJECTIVE_LIQUIDITY_ONLY,CLEAN_REJECTION,STRUCTURAL,,3.0,1586,17.46532156368222,56.62042875157629,25.914249684741485,0.0,0.12826628596710563,1.2179867444274772,0.11198191260045516,1.1869979601982843,3.6708699534738116,1.4850000000001273,1.0,177.6033133843219
S12_C6,sensitivity,0.12,6.0,OBJECTIVE_LIQUIDITY_ONLY,FAILED_AUCTION,STRUCTURAL,,0.5,457,63.67614879649891,35.22975929978118,1.0940919037199124,0.2188183807439825,-0.03613105914646058,0.8980822110080275,-0.04712238466825307,0.8686035000878249,5.6966366753486,1.7104640838879277,6.0,-21.53492979339165
S12_C6,sensitivity,0.12,6.0,OBJECTIVE_LIQUIDITY_ONLY,FAILED_AUCTION,STRUCTURAL,,1.0,457,41.57549234135667,53.17286652078774,5.25164113785558,0.2188183807439825,-0.11761720831638887,0.7819671166025506,-0.12860853383818138,0.7643059830788844,5.6966366753486,1.7104640838879277,6.0,-58.77409996404889
S12_C6,sensitivity,0.12,6.0,OBJECTIVE_LIQUIDITY_ONLY,FAILED_AUCTION,STRUCTURAL,,1.5,457,27.78993435448578,61.2691466083151,10.940919037199125,0.0,-0.17202137746192073,0.7241647673247507,-0.18301270298371322,0.7099509740798653,5.6966366753486,1.7104640838879277,6.0,-83.63680526355694
S12_C6,sensitivity,0.12,6.0,OBJECTIVE_LIQUIDITY_ONLY,FAILED_AUCTION,STRUCTURAL,,2.0,457,20.787746170678336,64.33260393873084,14.87964989059081,0.0,-0.17499569809856982,0.7333984008937161,-0.18598702362036226,0.7199562235117356,5.6966366753486,1.7104640838879277,6.0,-84.99606979450556
S12_C6,sensitivity,0.12,6.0,OBJECTIVE_LIQUIDITY_ONLY,FAILED_AUCTION,STRUCTURAL,,2.5,457,15.75492341356674,65.86433260393873,18.38074398249453,0.0,-0.16039275199798422,0.7612177315299994,-0.17138407751977672,0.7478350888155173,5.6966366753486,1.7104640838879277,6.0,-78.32252342653796
S12_C6,sensitivity,0.12,6.0,OBJECTIVE_LIQUIDITY_ONLY,FAILED_AUCTION,STRUCTURAL,,3.0,457,12.691466083150985,67.17724288840262,20.13129102844639,0.0,-0.15267813539604635,0.7770602741865169,-0.16366946091783882,0.7638059016850532,5.6966366753486,1.7104640838879277,6.0,-74.79694363945234
S12_C6,sensitivity,0.12,6.0,OBJECTIVE_LIQUIDITY_ONLY,PASSIVE_TOUCH,STRUCTURAL,,0.5,1450,58.55172413793104,41.37931034482759,0.06896551724137931,23.17241379310345,-0.17407543425089325,0.6271149621398929,-0.20693566029796462,0.5691656778460352,1.8323305831740981,0.7180173854094392,2.0,-300.0567074320487
S12_C6,sensitivity,0.12,6.0,OBJECTIVE_LIQUIDITY_ONLY,PASSIVE_TOUCH,STRUCTURAL,,1.0,1450,48.275862068965516,51.51724137931034,0.20689655172413793,22.27586206896552,-0.08543695413793782,0.8496607935427087,-0.11829718018500922,0.7978863462354688,1.8323305831740981,0.7180173854094392,2.0,-171.53091126826337
S12_C6,sensitivity,0.12,6.0,OBJECTIVE_LIQUIDITY_ONLY,PASSIVE_TOUCH,STRUCTURAL,,1.5,1450,39.58620689655172,59.93103448275862,0.4827586206896552,21.310344827586206,-0.05769509961543543,0.9115776209712025,-0.09055532566250682,0.865305832131989,1.8323305831740981,0.7180173854094392,2.0,-131.3052222106349
S12_C6,sensitivity,0.12,6.0,OBJECTIVE_LIQUIDITY_ONLY,PASSIVE_TOUCH,STRUCTURAL,,2.0,1450,33.17241379310345,65.93103448275862,0.8965517241379309,20.96551724137931,-0.04331601928284009,0.9392388842633188,-0.07617624532991148,0.8963216797525935,1.8323305831740981,0.7180173854094392,2.0,-110.45555572837165
S12_C6,sensitivity,0.12,6.0,OBJECTIVE_LIQUIDITY_ONLY,PASSIVE_TOUCH,STRUCTURAL,,2.5,1450,26.482758620689655,72.06896551724138,1.4482758620689655,20.896551724137932,-0.09980560122740903,0.8711538238194082,-0.1326658272744804,0.8338305235928024,1.8323305831740981,0.7180173854094392,2.0,-192.36544954799658
S12_C6,sensitivity,0.12,6.0,OBJECTIVE_LIQUIDITY_ONLY,PASSIVE_TOUCH,STRUCTURAL,,3.0,1450,22.82758620689655,75.24137931034483,1.9310344827586208,20.82758620689655,-0.1026322618392671,0.8727175334637097,-0.13549248788633853,0.8370007659690374,1.8323305831740981,0.7180173854094392,2.0,-196.46410743519087
S12_C6,sensitivity,0.12,6.0,OBJECTIVE_LIQUIDITY_ONLY,RECLAIM_PULLBACK,STRUCTURAL,,0.5,1590,66.35220125786164,32.20125786163522,1.4465408805031448,1.949685534591195,0.006847144083506649,1.0210259096229528,-0.01175982458768931,0.9645517604471906,3.1437276607944113,1.3479999999999563,3.0,-18.698121094426003
S12_C6,sensitivity,0.12,6.0,OBJECTIVE_LIQUIDITY_ONLY,RECLAIM_PULLBACK,STRUCTURAL,,1.0,1590,48.930817610062896,47.29559748427673,3.7735849056603774,1.8238993710691824,0.01443748018515133,1.0300685208396585,-0.00416948848604465,0.9914782388706082,3.1437276607944113,1.3479999999999563,3.0,-6.629486692810993
S12_C6,sensitivity,0.12,6.0,OBJECTIVE_LIQUIDITY_ONLY,RECLAIM_PULLBACK,STRUCTURAL,,1.5,1590,36.22641509433962,56.10062893081761,7.672955974842767,1.8238993710691824,-0.0011026541062571535,0.9980702052354795,-0.01970962277745313,0.9661548821201714,3.1437276607944113,1.3479999999999563,3.0,-31.338300216150476
S12_C6,sensitivity,0.12,6.0,OBJECTIVE_LIQUIDITY_ONLY,RECLAIM_PULLBACK,STRUCTURAL,,2.0,1590,28.49056603773585,60.94339622641509,10.566037735849058,1.8238993710691824,-0.004996161790780945,0.9919755997572149,-0.023603130461976908,0.9628113307761991,3.1437276607944113,1.3479999999999563,3.0,-37.528977434543286
S12_C6,sensitivity,0.12,6.0,OBJECTIVE_LIQUIDITY_ONLY,RECLAIM_PULLBACK,STRUCTURAL,,2.5,1590,22.70440251572327,63.83647798742138,13.459119496855346,1.8238993710691824,-0.004116030449101958,0.9936994268794619,-0.02272299912029793,0.9658792507718094,3.1437276607944113,1.3479999999999563,3.0,-36.129568601273704
S12_C6,sensitivity,0.12,6.0,OBJECTIVE_LIQUIDITY_ONLY,RECLAIM_PULLBACK,STRUCTURAL,,3.0,1590,18.61635220125786,65.59748427672956,15.786163522012577,1.8238993710691824,0.002412906924570389,1.003593723181054,-0.016194061746625577,0.9763411752290758,3.1437276607944113,1.3479999999999563,3.0,-25.74855817713467
S12_C6,sensitivity,0.12,6.0,OBJECTIVE_LIQUIDITY_ONLY,TOUCH_NEXT_OPEN,VOL_FLOOR_0.25,0.25,0.5,2246,71.14870881567231,27.337488869100625,1.5138023152270703,1.7809439002671414,0.07908575571739773,1.285331030507814,0.05861326251790663,1.2070217202926368,3.0929978834458325,0.45307841225100554,1.0,131.64538761521828
S12_C6,sensitivity,0.12,6.0,OBJECTIVE_LIQUIDITY_ONLY,TOUCH_NEXT_OPEN,VOL_FLOOR_0.25,0.25,1.0,2246,51.736420302760465,43.766696349065,4.496883348174532,0.8904719501335707,0.08143644193231571,1.1831322955852346,0.06096394873282459,1.1342075184397928,3.0929978834458325,0.45307841225100554,1.0,136.92502885392403
S12_C6,sensitivity,0.12,6.0,OBJECTIVE_LIQUIDITY_ONLY,TOUCH_NEXT_OPEN,VOL_FLOOR_0.25,0.25,1.5,2246,40.02671415850401,52.493321460374,7.479964381121995,0.44523597506678536,0.08681095263809079,1.162069659687169,0.06633845943859967,1.1212484431286005,3.0929978834458325,0.45307841225100554,1.0,148.99617989909487
S12_C6,sensitivity,0.12,6.0,OBJECTIVE_LIQUIDITY_ONLY,TOUCH_NEXT_OPEN,VOL_FLOOR_0.25,0.25,2.0,2246,30.4986642920748,57.79162956366874,11.709706144256456,0.26714158504007124,0.074726656564077,1.1264204187735496,0.054254163364585876,1.0898397960076207,3.0929978834458325,0.45307841225100554,1.0,121.85485091685987
S12_C6,sensitivity,0.12,6.0,OBJECTIVE_LIQUIDITY_ONLY,TOUCH_NEXT_OPEN,VOL_FLOOR_0.25,0.25,2.5,2246,24.93321460373998,60.55209260908282,14.514692787177205,0.17809439002671415,0.09607486929390194,1.155177409024902,0.07560237609441083,1.119516634348376,3.0929978834458325,0.45307841225100554,1.0,169.8029367080467
S12_C6,sensitivity,0.12,6.0,OBJECTIVE_LIQUIDITY_ONLY,TOUCH_NEXT_OPEN,VOL_FLOOR_0.25,0.25,3.0,2246,19.768477292965272,62.68922528940338,17.542297417631346,0.08904719501335707,0.0879248652457669,1.1371657844465721,0.06745237204627579,1.1029801092904299,3.0929978834458325,0.45307841225100554,1.0,151.49802761593543
S12_C6,sensitivity,0.12,6.0,OBJECTIVE_LIQUIDITY_ONLY,TOUCH_NEXT_OPEN,VOL_FLOOR_0.50,0.5,0.5,2246,71.3713268032057,27.11487088156723,1.5138023152270703,0.44523597506678536,0.08242426440139197,1.2997828943368879,0.065115437562213,1.232794587738319,3.6259744749357274,0.9061568245020111,1.0,146.2492727647304
S12_C6,sensitivity,0.12,6.0,OBJECTIVE_LIQUIDITY_ONLY,TOUCH_NEXT_OPEN,VOL_FLOOR_0.50,0.5,1.0,2246,51.06856634016028,44.12288512911843,4.808548530721282,0.13357079252003562,0.07095117806113328,1.1580233948649947,0.05364235122195434,1.117359456748616,3.6259744749357274,0.9061568245020111,1.0,120.48072084450945
S12_C6,sensitivity,0.12,6.0,OBJECTIVE_LIQUIDITY_ONLY,TOUCH_NEXT_OPEN,VOL_FLOOR_0.50,0.5,1.5,2246,39.35886019590383,52.04808548530722,8.593054318788958,0.04452359750667854,0.08501071960924471,1.1597954114835083,0.06770189277006579,1.1249983517040496,3.6259744749357274,0.9061568245020111,1.0,152.05845116156775
S12_C6,sensitivity,0.12,6.0,OBJECTIVE_LIQUIDITY_ONLY,TOUCH_NEXT_OPEN,VOL_FLOOR_0.50,0.5,2.0,2246,30.09795191451469,56.634016028495104,13.268032056990206,0.04452359750667854,0.08474369482330787,1.146023409538068,0.06743486798412893,1.1141119238802064,3.6259744749357274,0.9061568245020111,1.0,151.45871349235358
S12_C6,sensitivity,0.12,6.0,OBJECTIVE_LIQUIDITY_ONLY,TOUCH_NEXT_OPEN,VOL_FLOOR_0.50,0.5,2.5,2246,23.864648263579696,58.771148708815666,17.36420302760463,0.04452359750667854,0.10736484100209036,1.1781993816870786,0.09005601416291144,1.1467740498155685,3.6259744749357274,0.9061568245020111,1.0,202.2658078098991
S12_C6,sensitivity,0.12,6.0,OBJECTIVE_LIQUIDITY_ONLY,TOUCH_NEXT_OPEN,VOL_FLOOR_0.50,0.5,3.0,2246,18.61086375779163,60.68566340160285,20.70347284060552,0.0,0.09899859085342004,1.1591202566739927,0.08168976401424109,1.1289177904262182,3.6259744749357274,0.9061568245020111,1.0,183.47520997598548
S12_C6,sensitivity,0.12,6.0,OBJECTIVE_LIQUIDITY_ONLY,TOUCH_NEXT_OPEN,VOL_FLOOR_0.75,0.75,0.5,2246,70.16918967052538,27.827248441674087,2.0035618878005343,0.26714158504007124,0.0676374241081545,1.2382328423327842,0.05364856462082241,1.1863083757568347,4.729721600111991,1.1350000000002183,1.0,120.49467613836714
S12_C6,sensitivity,0.12,6.0,OBJECTIVE_LIQUIDITY_ONLY,TOUCH_NEXT_OPEN,VOL_FLOOR_0.75,0.75,1.0,2246,48.66429207479964,43.855743544078365,7.479964381121995,0.13357079252003562,0.051424661875445234,1.1142700068574314,0.03743580238811314,1.0819689568442747,4.729721600111991,1.1350000000002183,1.0,84.08081216370212
S12_C6,sensitivity,0.12,6.0,OBJECTIVE_LIQUIDITY_ONLY,TOUCH_NEXT_OPEN,VOL_FLOOR_0.75,0.75,1.5,2246,35.44078361531612,50.44523597506678,14.113980409617097,0.04452359750667854,0.05342092642507243,1.102244835070839,0.03943206693774033,1.07435409257416,4.729721600111991,1.1350000000002183,1.0,88.56442234216479
S12_C6,sensitivity,0.12,6.0,OBJECTIVE_LIQUIDITY_ONLY,TOUCH_NEXT_OPEN,VOL_FLOOR_0.75,0.75,2.0,2246,25.200356188780056,54.31878895814782,20.480854853072127,0.04452359750667854,0.04178098326494514,1.0741937121118348,0.027792123777613045,1.0486158569168942,4.729721600111991,1.1350000000002183,1.0,62.4211100045189
S12_C6,sensitivity,0.12,6.0,OBJECTIVE_LIQUIDITY_ONLY,TOUCH_NEXT_OPEN,VOL_FLOOR_0.75,0.75,2.5,2246,18.07658058771149,56.05520926090828,25.868210151380232,0.0,0.04240459173011396,1.072964256116172,0.02841573224278186,1.0481612687590143,4.729721600111991,1.1350000000002183,1.0,63.82173461728806
S12_C6,sensitivity,0.12,6.0,OBJECTIVE_LIQUIDITY_ONLY,TOUCH_NEXT_OPEN,VOL_FLOOR_0.75,0.75,3.0,2246,13.178984861976847,57.034728406055216,29.78628673196794,0.0,0.03014047038638846,1.0509490783667181,0.01615161089905637,1.0268901739862104,4.729721600111991,1.1350000000002183,1.0,36.27651807928061
S12_C6,sensitivity,0.12,6.0,OBJECTIVE_LIQUIDITY_ONLY,TOUCH_NEXT_OPEN,VOL_FLOOR_1.00,1.0,0.5,2246,67.89848619768478,28.317008014247552,3.7845057880676762,0.17809439002671415,0.047447267724457294,1.1616098399234087,0.03604289602065721,1.1213126068146229,6.003264214066892,1.1396196401107883,1.0,80.9523444623961
S12_C6,sensitivity,0.12,6.0,OBJECTIVE_LIQUIDITY_ONLY,TOUCH_NEXT_OPEN,VOL_FLOOR_1.00,1.0,1.0,2246,45.36954585930543,41.05075690115761,13.579697239536955,0.13357079252003562,0.04826229493329667,1.1116619754069035,0.036857923229496575,1.0842113766234145,6.003264214066892,1.1396196401107883,1.0,82.78289557344931
S12_C6,sensitivity,0.12,6.0,OBJECTIVE_LIQUIDITY_ONLY,TOUCH_NEXT_OPEN,VOL_FLOOR_1.00,1.0,1.5,2246,30.053428317008013,46.74977738201246,23.19679430097952,0.04452359750667854,0.03232876173452278,1.0650810189045172,0.020924390030722696,1.041585832922461,6.003264214066892,1.1396196401107883,1.0,46.996180009003176
S12_C6,sensitivity,0.12,6.0,OBJECTIVE_LIQUIDITY_ONLY,TOUCH_NEXT_OPEN,VOL_FLOOR_1.00,1.0,2.0,2246,19.991095280498662,48.753339269813,31.255565449688334,0.0,0.034958691303804426,1.0674324728992128,0.02355431960000434,1.0448513428515724,6.003264214066892,1.1396196401107883,1.0,52.90300182160974
S12_C6,sensitivity,0.12,6.0,OBJECTIVE_LIQUIDITY_ONLY,TOUCH_NEXT_OPEN,VOL_FLOOR_1.00,1.0,2.5,2246,13.045414069456813,49.821905609973285,37.1326803205699,0.0,0.021173421151938657,1.0399018271412699,0.009769049448138565,1.018171852986587,6.003264214066892,1.1396196401107883,1.0,21.941285060519217
S12_C6,sensitivity,0.12,6.0,OBJECTIVE_LIQUIDITY_ONLY,TOUCH_NEXT_OPEN,VOL_FLOOR_1.00,1.0,3.0,2246,8.949243098842388,50.48975957257347,40.56099732858415,0.0,0.010744545058574851,1.019960856157548,-0.0006598266452252207,0.9987901247795072,6.003264214066892,1.1396196401107883,1.0,-1.4819706451758456
S18_C9_STRESS,stress,0.18,9.0,DISPLACEMENT_ORIGIN_ONLY,ACCEPTANCE_RETEST,STRUCTURAL,,0.5,13,38.46153846153847,61.53846153846154,0.0,38.46153846153847,-0.4264644862600088,0.3107891708267151,-0.48258477996433136,0.2663065914434854,1.7661097312447964,0.5720000000001164,5.0,-6.273602139536307
S18_C9_STRESS,stress,0.18,9.0,DISPLACEMENT_ORIGIN_ONLY,ACCEPTANCE_RETEST,STRUCTURAL,,1.0,13,30.76923076923077,69.23076923076923,0.0,23.076923076923077,-0.38800294779847566,0.44228030199119855,-0.44412324150279814,0.3971827219096853,1.7661097312447964,0.5720000000001164,5.0,-5.773602139536376
S18_C9_STRESS,stress,0.18,9.0,DISPLACEMENT_ORIGIN_ONLY,ACCEPTANCE_RETEST,STRUCTURAL,,1.5,13,30.76923076923077,69.23076923076923,0.0,23.076923076923077,-0.2341567939523218,0.6634204529867979,-0.2902770876566443,0.6060011557128574,1.7661097312447964,0.5720000000001164,5.0,-3.7736021395363757
S18_C9_STRESS,stress,0.18,9.0,DISPLACEMENT_ORIGIN_ONLY,ACCEPTANCE_RETEST,STRUCTURAL,,2.0,13,30.76923076923077,69.23076923076923,0.0,23.076923076923077,-0.08031064010616795,0.8845606039823971,-0.13643093381049037,0.8148195895160296,1.7661097312447964,0.5720000000001164,5.0,-1.7736021395363748
S18_C9_STRESS,stress,0.18,9.0,DISPLACEMENT_ORIGIN_ONLY,ACCEPTANCE_RETEST,STRUCTURAL,,2.5,13,30.76923076923077,69.23076923076923,0.0,23.076923076923077,0.07353551373998589,1.1057007549779965,0.017415220035663512,1.0236380233192017,1.7661097312447964,0.5720000000001164,5.0,0.22639786046362564
S18_C9_STRESS,stress,0.18,9.0,DISPLACEMENT_ORIGIN_ONLY,ACCEPTANCE_RETEST,STRUCTURAL,,3.0,13,30.76923076923077,69.23076923076923,0.0,23.076923076923077,0.22738166758613973,1.3268409059735957,0.17126137388181734,1.232456457122374,1.7661097312447964,0.5720000000001164,5.0,2.226397860463625
S18_C9_STRESS,stress,0.18,9.0,DISPLACEMENT_ORIGIN_ONLY,CLEAN_REJECTION,STRUCTURAL,,0.5,1032,62.1124031007752,23.06201550387597,14.825581395348838,0.09689922480620156,0.056167975409854264,1.2143035686818016,0.041334464958076356,1.1550686789376745,7.899205246896372,0.9274554141406952,1.0,42.6571678367348
S18_C9_STRESS,stress,0.18,9.0,DISPLACEMENT_ORIGIN_ONLY,CLEAN_REJECTION,STRUCTURAL,,1.0,1032,38.759689922480625,31.2984496124031,29.941860465116278,0.0,0.08691377212472548,1.2448111865038216,0.07208026167294757,1.199396895528685,7.899205246896372,0.9274554141406952,1.0,74.38683004648189
S18_C9_STRESS,stress,0.18,9.0,DISPLACEMENT_ORIGIN_ONLY,CLEAN_REJECTION,STRUCTURAL,,1.5,1032,25.678294573643413,35.56201550387597,38.759689922480625,0.0,0.09548840695463522,1.2376958061099854,0.0806548965028573,1.1971455703405443,7.899205246896372,0.9274554141406952,1.0,83.23585319094873
S18_C9_STRESS,stress,0.18,9.0,DISPLACEMENT_ORIGIN_ONLY,CLEAN_REJECTION,STRUCTURAL,,2.0,1032,15.503875968992247,37.6937984496124,46.80232558139535,0.0,0.07973771924509573,1.1876474386216016,0.06490420879331785,1.1498962432884547,7.899205246896372,0.9274554141406952,1.0,66.98114347470401
S18_C9_STRESS,stress,0.18,9.0,DISPLACEMENT_ORIGIN_ONLY,CLEAN_REJECTION,STRUCTURAL,,2.5,1032,9.689922480620156,39.05038759689923,51.259689922480625,0.0,0.05827885555717638,1.1327059594777098,0.043445345105398506,1.0970450458059655,7.899205246896372,0.9274554141406952,1.0,44.83559614877126
S18_C9_STRESS,stress,0.18,9.0,DISPLACEMENT_ORIGIN_ONLY,CLEAN_REJECTION,STRUCTURAL,,3.0,1032,7.267441860465117,39.24418604651162,53.48837209302325,0.0,0.06849292509994154,1.1551786387293566,0.05365941464816364,1.1192410448586974,7.899205246896372,0.9274554141406952,1.0,55.37651591690488
S18_C9_STRESS,stress,0.18,9.0,DISPLACEMENT_ORIGIN_ONLY,FAILED_AUCTION,STRUCTURAL,,0.5,198,68.68686868686868,31.313131313131315,0.0,1.0101010101010102,0.03030303030302694,1.0967741935483764,0.001398268385954351,1.004332634378973,3.616376763199696,0.8820681007264284,3.0,0.2768571404189615
S18_C9_STRESS,stress,0.18,9.0,DISPLACEMENT_ORIGIN_ONLY,FAILED_AUCTION,STRUCTURAL,,1.0,198,49.494949494949495,47.474747474747474,3.0303030303030303,0.5050505050505051,0.02354114285549339,1.0492083762249704,-0.0053636190615791906,0.989127166523579,3.616376763199696,0.8820681007264284,3.0,-1.0619965741926798
S18_C9_STRESS,stress,0.18,9.0,DISPLACEMENT_ORIGIN_ONLY,FAILED_AUCTION,STRUCTURAL,,1.5,198,38.38383838383838,56.56565656565656,5.05050505050505,0.0,0.025586213766273385,1.0448009969796712,-0.003318548150799195,0.9943653646220189,3.616376763199696,0.8820681007264284,3.0,-0.6570725338582406
S18_C9_STRESS,stress,0.18,9.0,DISPLACEMENT_ORIGIN_ONLY,FAILED_AUCTION,STRUCTURAL,,2.0,198,29.292929292929294,62.121212121212125,8.585858585858585,0.0,0.009383236107641758,1.0148917366075696,-0.019521525809430784,0.9699484227421584,3.616376763199696,0.8820681007264284,3.0,-3.8652621102672953
S18_C9_STRESS,stress,0.18,9.0,DISPLACEMENT_ORIGIN_ONLY,FAILED_AUCTION,STRUCTURAL,,2.5,198,24.242424242424242,64.64646464646465,11.11111111111111,0.0,0.040480899819171225,1.0617699539506873,0.01157613790209865,1.0171365491414461,3.616376763199696,0.8820681007264284,3.0,2.2920753046155324
S18_C9_STRESS,stress,0.18,9.0,DISPLACEMENT_ORIGIN_ONLY,FAILED_AUCTION,STRUCTURAL,,3.0,198,18.68686868686869,66.16161616161617,15.151515151515152,0.0,0.04112941898217755,1.0613413352260506,0.012224657065105015,1.0176873229529946,3.616376763199696,0.8820681007264284,3.0,2.420482098890793
S18_C9_STRESS,stress,0.18,9.0,DISPLACEMENT_ORIGIN_ONLY,PASSIVE_TOUCH,STRUCTURAL,,0.5,541,58.78003696857671,41.0351201478743,0.18484288354898337,17.005545286506468,-0.128418000832455,0.696070359106936,-0.18458086134901094,0.5881847053893746,2.0701943668532294,0.42750000000023647,3.0,-99.85824598981492
S18_C9_STRESS,stress,0.18,9.0,DISPLACEMENT_ORIGIN_ONLY,PASSIVE_TOUCH,STRUCTURAL,,1.0,541,47.13493530499076,52.12569316081331,0.7393715341959335,15.89648798521257,-0.06108957530591191,0.8855473805444984,-0.11725243582246786,0.7920966128391373,2.0701943668532294,0.42750000000023647,3.0,-63.43356777995511
S18_C9_STRESS,stress,0.18,9.0,DISPLACEMENT_ORIGIN_ONLY,PASSIVE_TOUCH,STRUCTURAL,,1.5,541,39.37153419593346,58.78003696857671,1.8484288354898337,15.526802218114602,-0.00500250880601334,0.9916762034376975,-0.06116536932256928,0.9036898458738276,2.0701943668532294,0.42750000000023647,3.0,-33.09046480350998
S18_C9_STRESS,stress,0.18,9.0,DISPLACEMENT_ORIGIN_ONLY,PASSIVE_TOUCH,STRUCTURAL,,2.0,541,32.71719038817005,63.58595194085028,3.6968576709796674,14.972273567467653,0.017226564631527715,1.0264232424002717,-0.03893629588502824,0.9434651708763728,2.0701943668532294,0.42750000000023647,3.0,-21.064536073800276
S18_C9_STRESS,stress,0.18,9.0,DISPLACEMENT_ORIGIN_ONLY,PASSIVE_TOUCH,STRUCTURAL,,2.5,541,28.09611829944547,66.35859519408503,5.545286506469501,14.417744916820702,0.05780455036598483,1.0850474832981454,0.0016416898494289007,1.0022864447012763,2.0701943668532294,0.42750000000023647,3.0,0.8881542085410352
S18_C9_STRESS,stress,0.18,9.0,DISPLACEMENT_ORIGIN_ONLY,PASSIVE_TOUCH,STRUCTURAL,,3.0,541,23.475046210720887,69.50092421441775,7.024029574861368,14.232902033271719,0.04643086416932596,1.0652946855992391,-0.009731996347229996,0.9870461953108597,2.0701943668532294,0.42750000000023647,3.0,-5.265010023851428
S18_C9_STRESS,stress,0.18,9.0,DISPLACEMENT_ORIGIN_ONLY,RECLAIM_PULLBACK,STRUCTURAL,,0.5,947,60.190073917634635,29.039070749736005,10.770855332629356,2.2175290390707496,-0.005206012074870257,0.9832694760354811,-0.026616839240308512,0.9166172235283377,6.209146414758379,0.4834682137279742,3.0,-25.20614676057216
S18_C9_STRESS,stress,0.18,9.0,DISPLACEMENT_ORIGIN_ONLY,RECLAIM_PULLBACK,STRUCTURAL,,1.0,947,39.281942977824706,38.75395987328405,21.964097148891234,1.583949313621964,0.017725485018705866,1.042552227250757,-0.0036853421467323857,0.9913723971589928,6.209146414758379,0.4834682137279742,3.0,-3.4900190129555693
S18_C9_STRESS,stress,0.18,9.0,DISPLACEMENT_ORIGIN_ONLY,RECLAIM_PULLBACK,STRUCTURAL,,1.5,947,27.455121436114045,43.822597676874345,28.722280887011614,1.2671594508975714,0.028012423693012715,1.059608572257861,0.006601596527574463,1.0136913052605492,6.209146414758379,0.4834682137279742,3.0,6.251711911613016
S18_C9_STRESS,stress,0.18,9.0,DISPLACEMENT_ORIGIN_ONLY,RECLAIM_PULLBACK,STRUCTURAL,,2.0,947,19.746568109820487,46.356916578669484,33.896515311510036,1.2671594508975714,0.04035985984497767,1.0813322249962356,0.018949032679539412,1.0372114025185355,6.209146414758379,0.4834682137279742,3.0,17.944733947523822
S18_C9_STRESS,stress,0.18,9.0,DISPLACEMENT_ORIGIN_ONLY,RECLAIM_PULLBACK,STRUCTURAL,,2.5,947,14.6779303062302,47.30728616684266,38.01478352692714,1.2671594508975714,0.05528179957477722,1.1091067432590374,0.03387097240933896,1.0651078713069402,6.209146414758379,0.4834682137279742,3.0,32.075810871643995
S18_C9_STRESS,stress,0.18,9.0,DISPLACEMENT_ORIGIN_ONLY,RECLAIM_PULLBACK,STRUCTURAL,,3.0,947,10.137275607180571,48.4688489968321,41.39387539598733,1.2671594508975714,0.03591169545747752,1.0691432617890406,0.014500868292039247,1.0271775618193362,6.209146414758379,0.4834682137279742,3.0,13.732322272561166
S18_C9_STRESS,stress,0.18,9.0,DISPLACEMENT_ORIGIN_ONLY,TOUCH_NEXT_OPEN,VOL_FLOOR_0.25,0.25,0.5,1276,65.12539184952978,23.197492163009404,11.677115987460814,0.4702194357366771,0.07486395903840698,1.2921904313408183,0.05471766057606114,1.2088465524728425,6.48578192428954,0.701965101474079,1.0,69.81973489505401
S18_C9_STRESS,stress,0.18,9.0,DISPLACEMENT_ORIGIN_ONLY,TOUCH_NEXT_OPEN,VOL_FLOOR_0.25,0.25,1.0,1276,43.495297805642636,33.15047021943573,23.35423197492163,0.23510971786833856,0.11355306289311788,1.3119881935609368,0.09340676443077202,1.2505966955636605,6.48578192428954,0.701965101474079,1.0,119.1870314136651
S18_C9_STRESS,stress,0.18,9.0,DISPLACEMENT_ORIGIN_ONLY,TOUCH_NEXT_OPEN,VOL_FLOOR_0.25,0.25,1.5,1276,29.93730407523511,39.6551724137931,30.407523510971785,0.07836990595611285,0.10256061896119913,1.2376052669604336,0.0824143204988533,1.1863192782216307,6.48578192428954,0.701965101474079,1.0,105.16067295653681
S18_C9_STRESS,stress,0.18,9.0,DISPLACEMENT_ORIGIN_ONLY,TOUCH_NEXT_OPEN,VOL_FLOOR_0.25,0.25,2.0,1276,19.984326018808776,43.025078369905955,36.990595611285265,0.0,0.0890558177656833,1.1905348231513526,0.06890951930333745,1.1437891119413803,6.48578192428954,0.701965101474079,1.0,87.9285466310586
S18_C9_STRESS,stress,0.18,9.0,DISPLACEMENT_ORIGIN_ONLY,TOUCH_NEXT_OPEN,VOL_FLOOR_0.25,0.25,2.5,1276,14.106583072100312,44.67084639498432,41.222570532915356,0.0,0.08158272813947803,1.1683675614170004,0.06143642967713222,1.1236234981605193,6.48578192428954,0.701965101474079,1.0,78.39288426802071
S18_C9_STRESS,stress,0.18,9.0,DISPLACEMENT_ORIGIN_ONLY,TOUCH_NEXT_OPEN,VOL_FLOOR_0.25,0.25,3.0,1276,10.9717868338558,45.06269592476489,43.96551724137931,0.0,0.10063388916004305,1.205921336286949,0.08048759069769719,1.1605548043380907,6.48578192428954,0.701965101474079,1.0,102.70216573026161
S18_C9_STRESS,stress,0.18,9.0,DISPLACEMENT_ORIGIN_ONLY,TOUCH_NEXT_OPEN,VOL_FLOOR_0.50,0.5,0.5,1276,65.36050156739812,22.962382445141067,11.677115987460814,0.0,0.07839060480643197,1.3087882689943091,0.06208029216080234,1.240099362787198,6.974659249686775,1.185097088067998,1.0,79.21445279718378
S18_C9_STRESS,stress,0.18,9.0,DISPLACEMENT_ORIGIN_ONLY,TOUCH_NEXT_OPEN,VOL_FLOOR_0.50,0.5,1.0,1276,42.86833855799373,33.5423197492163,23.58934169278997,0.07836990595611285,0.10373650487278939,1.2818380723507554,0.08742619222715979,1.2329730808400945,6.974659249686775,1.185097088067998,1.0,111.5558212818559
S18_C9_STRESS,stress,0.18,9.0,DISPLACEMENT_ORIGIN_ONLY,TOUCH_NEXT_OPEN,VOL_FLOOR_0.50,0.5,1.5,1276,29.231974921630094,39.42006269592476,31.347962382445143,0.0,0.0969932304173312,1.2254142528707324,0.08068291777170156,1.1838899538570102,6.974659249686775,1.185097088067998,1.0,102.9514030766912
S18_C9_STRESS,stress,0.18,9.0,DISPLACEMENT_ORIGIN_ONLY,TOUCH_NEXT_OPEN,VOL_FLOOR_0.50,0.5,2.0,1276,19.5141065830721,41.77115987460815,38.71473354231975,0.0,0.10533822379480173,1.2312955371438215,0.0890279111491721,1.1916642730996825,6.974659249686775,1.185097088067998,1.0,113.59961462634361
S18_C9_STRESS,stress,0.18,9.0,DISPLACEMENT_ORIGIN_ONLY,TOUCH_NEXT_OPEN,VOL_FLOOR_0.50,0.5,2.5,1276,13.322884012539186,43.41692789968652,43.260188087774296,0.0,0.08967152135121131,1.1897256798641127,0.0733612087055817,1.1521225739226884,6.974659249686775,1.185097088067998,1.0,93.60890230832226
S18_C9_STRESS,stress,0.18,9.0,DISPLACEMENT_ORIGIN_ONLY,TOUCH_NEXT_OPEN,VOL_FLOOR_0.50,0.5,3.0,1276,9.32601880877743,43.96551724137931,46.70846394984326,0.0,0.08745225119460999,1.1827973187544485,0.07114193854898036,1.1457258857172001,6.974659249686775,1.185097088067998,1.0,90.77711358849893
S18_C9_STRESS,stress,0.18,9.0,DISPLACEMENT_ORIGIN_ONLY,TOUCH_NEXT_OPEN,VOL_FLOOR_0.75,0.75,0.5,1276,64.26332288401254,23.824451410658305,11.912225705329153,0.0,0.06380788281638455,1.2425879615288755,0.04991960168466279,1.1867958125677158,7.7372324559773915,1.4300000000007458,1.0,63.69741174962972
S18_C9_STRESS,stress,0.18,9.0,DISPLACEMENT_ORIGIN_ONLY,TOUCH_NEXT_OPEN,VOL_FLOOR_0.75,0.75,1.0,1276,41.37931034482759,33.07210031347962,25.54858934169279,0.07836990595611285,0.09375567438527885,1.2554640247009567,0.07986739325355709,1.214074673747279,7.7372324559773915,1.4300000000007458,1.0,101.91079379153885
S18_C9_STRESS,stress,0.18,9.0,DISPLACEMENT_ORIGIN_ONLY,TOUCH_NEXT_OPEN,VOL_FLOOR_0.75,0.75,1.5,1276,28.134796238244515,37.460815047021946,34.40438871473354,0.0,0.10783185629211618,1.2599790074564943,0.0939435751603944,1.2227620931682126,7.7372324559773915,1.4300000000007458,1.0,119.87200190466325
S18_C9_STRESS,stress,0.18,9.0,DISPLACEMENT_ORIGIN_ONLY,TOUCH_NEXT_OPEN,VOL_FLOOR_0.75,0.75,2.0,1276,17.319749216300938,39.42006269592476,43.260188087774296,0.0,0.099678053424325,1.2287824462597474,0.08578977229260323,1.1936051272461583,7.7372324559773915,1.4300000000007458,1.0,109.46774944536173
S18_C9_STRESS,stress,0.18,9.0,DISPLACEMENT_ORIGIN_ONLY,TOUCH_NEXT_OPEN,VOL_FLOOR_0.75,0.75,2.5,1276,11.363636363636363,40.28213166144201,48.35423197492163,0.0,0.09971458539499452,1.2239417771154772,0.08582630426327274,1.1894864462193109,7.7372324559773915,1.4300000000007458,1.0,109.51436423993601
S18_C9_STRESS,stress,0.18,9.0,DISPLACEMENT_ORIGIN_ONLY,TOUCH_NEXT_OPEN,VOL_FLOOR_0.75,0.75,3.0,1276,6.896551724137931,40.8307210031348,52.27272727272727,0.0,0.08507824233426933,1.1885472178345844,0.07118996120254756,1.155075657701857,7.7372324559773915,1.4300000000007458,1.0,90.83839049445069
S18_C9_STRESS,stress,0.18,9.0,DISPLACEMENT_ORIGIN_ONLY,TOUCH_NEXT_OPEN,VOL_FLOOR_1.00,1.0,0.5,1276,62.61755485893416,24.21630094043887,13.166144200626958,0.07836990595611285,0.04972105097090121,1.1845814731231246,0.03780837386830001,1.1384051385384206,8.682287206607953,1.724162454320371,1.0,48.24348505595081
S18_C9_STRESS,stress,0.18,9.0,DISPLACEMENT_ORIGIN_ONLY,TOUCH_NEXT_OPEN,VOL_FLOOR_1.00,1.0,1.0,1276,38.087774294670844,31.818181818181817,30.094043887147336,0.07836990595611285,0.07740728925821029,1.2146790620582653,0.06549461215560909,1.1790068082715282,8.682287206607953,1.724162454320371,1.0,83.57112511055719
S18_C9_STRESS,stress,0.18,9.0,DISPLACEMENT_ORIGIN_ONLY,TOUCH_NEXT_OPEN,VOL_FLOOR_1.00,1.0,1.5,1276,24.608150470219435,34.326018808777434,41.06583072100313,0.0,0.09953472985469657,1.2554768860108385,0.0876220527520954,1.221544443682375,8.682287206607953,1.724162454320371,1.0,111.80573931167373
S18_C9_STRESS,stress,0.18,9.0,DISPLACEMENT_ORIGIN_ONLY,TOUCH_NEXT_OPEN,VOL_FLOOR_1.00,1.0,2.0,1276,13.871473354231975,35.658307210031346,50.470219435736674,0.0,0.09148458812280164,1.22561234011559,0.07957191102020043,1.193269842973296,8.682287206607953,1.724162454320371,1.0,101.53375846177576
S18_C9_STRESS,stress,0.18,9.0,DISPLACEMENT_ORIGIN_ONLY,TOUCH_NEXT_OPEN,VOL_FLOOR_1.00,1.0,2.5,1276,7.758620689655173,36.05015673981191,56.191222570532915,0.0,0.09456909338665019,1.2309869711066255,0.08265641628404898,1.1988373918198458,8.682287206607953,1.724162454320371,1.0,105.46958717844649
S18_C9_STRESS,stress,0.18,9.0,DISPLACEMENT_ORIGIN_ONLY,TOUCH_NEXT_OPEN,VOL_FLOOR_1.00,1.0,3.0,1276,3.761755485893417,36.28526645768025,59.95297805642633,0.0,0.07968305721523139,1.1932951749010943,0.06777038011263019,1.1618844847368428,8.682287206607953,1.724162454320371,1.0,86.47500502371612
S18_C9_STRESS,stress,0.18,9.0,DOZ_OBJECTIVE_ONLY,CLEAN_REJECTION,STRUCTURAL,,0.5,17,76.47058823529412,23.52941176470588,0.0,0.0,0.14705882352941527,1.6250000000000149,0.12358852874530442,1.5111644527094321,4.118506139206602,2.428793811815467,2.0,2.101004988670175
S18_C9_STRESS,stress,0.18,9.0,DOZ_OBJECTIVE_ONLY,CLEAN_REJECTION,STRUCTURAL,,1.0,17,76.47058823529412,23.52941176470588,0.0,0.0,0.5294117647058824,3.25,0.5059414699217715,3.092583326309675,4.118506139206602,2.428793811815467,2.0,8.601004988670114
S18_C9_STRESS,stress,0.18,9.0,DOZ_OBJECTIVE_ONLY,CLEAN_REJECTION,STRUCTURAL,,1.5,17,58.82352941176471,41.17647058823529,0.0,0.0,0.47058823529411975,2.1428571428571477,0.4471179405100087,2.0582885682354477,4.118506139206602,2.428793811815467,2.0,7.601004988670148
S18_C9_STRESS,stress,0.18,9.0,DOZ_OBJECTIVE_ONLY,CLEAN_REJECTION,STRUCTURAL,,2.0,17,47.05882352941176,41.17647058823529,11.76470588235294,0.0,0.6751293620896452,2.639599879360567,0.6516590673055345,2.5424193011127536,4.118506139206602,2.428793811815467,2.0,11.078204144194086
S18_C9_STRESS,stress,0.18,9.0,DOZ_OBJECTIVE_ONLY,CLEAN_REJECTION,STRUCTURAL,,2.5,17,23.52941176470588,52.94117647058824,23.52941176470588,0.0,0.27633070572287055,1.5060474668406445,0.2528604109387597,1.4502005809100995,4.118506139206602,2.428793811815467,2.0,4.298626985958915
S18_C9_STRESS,stress,0.18,9.0,DOZ_OBJECTIVE_ONLY,CLEAN_REJECTION,STRUCTURAL,,3.0,17,23.52941176470588,52.94117647058824,23.52941176470588,0.0,0.3939777645464023,1.7214958222565195,0.37050746976229143,1.6596630824859047,4.118506139206602,2.428793811815467,2.0,6.298626985958954
S18_C9_STRESS,stress,0.18,9.0,DOZ_OBJECTIVE_ONLY,FAILED_AUCTION,STRUCTURAL,,0.5,18,55.55555555555556,44.44444444444444,0.0,5.555555555555555,-0.16666666666666663,0.6250000000000001,-0.19290412425571482,0.579367577006363,4.2481370541054275,1.1012182713311631,1.5,-3.4722742366028667
S18_C9_STRESS,stress,0.18,9.0,DOZ_OBJECTIVE_ONLY,FAILED_AUCTION,STRUCTURAL,,1.0,18,33.33333333333333,66.66666666666666,0.0,5.555555555555555,-0.3333333333333333,0.5,-0.3595707909223816,0.4756004299973254,4.2481370541054275,1.1012182713311631,1.5,-6.4722742366028685
S18_C9_STRESS,stress,0.18,9.0,DOZ_OBJECTIVE_ONLY,FAILED_AUCTION,STRUCTURAL,,1.5,18,27.77777777777778,72.22222222222221,0.0,5.555555555555555,-0.3055555555555556,0.5769230769230769,-0.33179301314460374,0.5542871789643801,4.2481370541054275,1.1012182713311631,1.5,-5.972274236602868
S18_C9_STRESS,stress,0.18,9.0,DOZ_OBJECTIVE_ONLY,FAILED_AUCTION,STRUCTURAL,,2.0,18,16.666666666666664,77.77777777777779,5.555555555555555,0.0,-0.4109943276687887,0.4715787215687003,-0.4372317852578369,0.4536325606441794,4.2481370541054275,1.1012182713311631,1.5,-7.870172134641064
S18_C9_STRESS,stress,0.18,9.0,DOZ_OBJECTIVE_ONLY,FAILED_AUCTION,STRUCTURAL,,2.5,18,11.11111111111111,77.77777777777779,11.11111111111111,0.0,-0.3398836722735722,0.5630067070768358,-0.36612112986262046,0.542492858566681,4.2481370541054275,1.1012182713311631,1.5,-6.590180337527168
S18_C9_STRESS,stress,0.18,9.0,DOZ_OBJECTIVE_ONLY,FAILED_AUCTION,STRUCTURAL,,3.0,18,5.555555555555555,83.33333333333334,11.11111111111111,0.0,-0.5065503389402388,0.3921395932717134,-0.5327877965292872,0.3783071730094173,4.2481370541054275,1.1012182713311631,1.5,-9.590180337527169
S18_C9_STRESS,stress,0.18,9.0,DOZ_OBJECTIVE_ONLY,PASSIVE_TOUCH,STRUCTURAL,,0.5,32,53.125,46.875,0.0,37.5,-0.3542915908081471,0.42848506385949786,-0.4320926648210942,0.35358475139631207,1.3301607217088076,0.48181267181143994,0.0,-13.826965274275015
S18_C9_STRESS,stress,0.18,9.0,DOZ_OBJECTIVE_ONLY,PASSIVE_TOUCH,STRUCTURAL,,1.0,32,50.0,50.0,0.0,34.375,-0.15116659080813152,0.767852661758144,-0.22896766482107866,0.673278512641918,1.3301607217088076,0.48181267181143994,0.0,-7.326965274274517
S18_C9_STRESS,stress,0.18,9.0,DOZ_OBJECTIVE_ONLY,PASSIVE_TOUCH,STRUCTURAL,,1.5,32,43.75,56.25,0.0,34.375,-0.057416590808127055,0.9195470384243286,-0.13521766482107414,0.8239286842482819,1.3301607217088076,0.48181267181143994,0.0,-4.3269652742743725
S18_C9_STRESS,stress,0.18,9.0,DOZ_OBJECTIVE_ONLY,PASSIVE_TOUCH,STRUCTURAL,,2.0,32,34.375,65.625,0.0,34.375,-0.11991659080813152,0.8514811409954943,-0.19771766482107864,0.7718687921288299,1.3301607217088076,0.48181267181143994,0.0,-6.326965274274516
S18_C9_STRESS,stress,0.18,9.0,DOZ_OBJECTIVE_ONLY,PASSIVE_TOUCH,STRUCTURAL,,2.5,32,31.25,68.75,0.0,34.375,-0.057416590808137935,0.9315382400617487,-0.1352176648210851,0.8496398950627172,1.3301607217088076,0.48181267181143994,0.0,-4.326965274274723
S18_C9_STRESS,stress,0.18,9.0,DOZ_OBJECTIVE_ONLY,PASSIVE_TOUCH,STRUCTURAL,,3.0,32,28.125,71.875,0.0,34.375,-0.026166590808131523,0.9699205750475187,-0.10396766482107862,0.8886175790680293,1.3301607217088076,0.48181267181143994,0.0,-3.326965274274516
S18_C9_STRESS,stress,0.18,9.0,DOZ_OBJECTIVE_ONLY,RECLAIM_PULLBACK,STRUCTURAL,,0.5,30,56.666666666666664,43.333333333333336,0.0,16.666666666666664,-0.14999999999997995,0.6538461538462002,-0.1870092227762695,0.585651078542119,2.876711549466336,0.8377182713311413,2.0,-5.610276683288085
S18_C9_STRESS,stress,0.18,9.0,DOZ_OBJECTIVE_ONLY,RECLAIM_PULLBACK,STRUCTURAL,,1.0,30,50.0,50.0,0.0,13.333333333333334,0.0,1.0,-0.03700922277628953,0.9288890391462516,2.876711549466336,0.8377182713311413,2.0,-1.110276683288686
S18_C9_STRESS,stress,0.18,9.0,DOZ_OBJECTIVE_ONLY,RECLAIM_PULLBACK,STRUCTURAL,,1.5,30,40.0,60.0,0.0,10.0,-1.3500311979441903e-14,0.9999999999999775,-0.03700922277630304,0.9407520052709789,2.876711549466336,0.8377182713311413,2.0,-1.1102766832890911
S18_C9_STRESS,stress,0.18,9.0,DOZ_OBJECTIVE_ONLY,RECLAIM_PULLBACK,STRUCTURAL,,2.0,30,33.33333333333333,66.66666666666666,0.0,10.0,0.0,1.0,-0.03700922277628952,0.9467074501948078,2.876711549466336,0.8377182713311413,2.0,-1.1102766832886857
S18_C9_STRESS,stress,0.18,9.0,DOZ_OBJECTIVE_ONLY,RECLAIM_PULLBACK,STRUCTURAL,,2.5,30,26.666666666666668,70.0,3.3333333333333335,10.0,0.004777742142016983,1.0068253459171672,-0.032231480634272544,0.9557636334476635,2.876711549466336,0.8377182713311413,2.0,-0.9669444190281764
S18_C9_STRESS,stress,0.18,9.0,DOZ_OBJECTIVE_ONLY,RECLAIM_PULLBACK,STRUCTURAL,,3.0,30,16.666666666666664,73.33333333333333,10.0,10.0,-0.04533468049413837,0.9381799811443569,-0.0823439032704279,0.8921276436033505,2.876711549466336,0.8377182713311413,2.0,-2.470317098112837
S18_C9_STRESS,stress,0.18,9.0,DOZ_OBJECTIVE_ONLY,TOUCH_NEXT_OPEN,VOL_FLOOR_0.25,0.25,0.5,35,74.28571428571429,25.71428571428571,0.0,5.714285714285714,0.1142857142857212,1.4444444444444653,0.08039856708698002,1.3025967444811533,2.759558436512135,1.0678044625342782,1.0,2.813949848044301
S18_C9_STRESS,stress,0.18,9.0,DOZ_OBJECTIVE_ONLY,TOUCH_NEXT_OPEN,VOL_FLOOR_0.25,0.25,1.0,35,62.857142857142854,37.142857142857146,0.0,2.857142857142857,0.25714285714284973,1.6923076923076656,0.2232557099441086,1.5794025534647773,2.759558436512135,1.0678044625342782,1.0,7.8139498480438006
S18_C9_STRESS,stress,0.18,9.0,DOZ_OBJECTIVE_ONLY,TOUCH_NEXT_OPEN,VOL_FLOOR_0.25,0.25,1.5,35,45.714285714285715,54.285714285714285,0.0,2.857142857142857,0.14285714285714363,1.2631578947368427,0.10896999565840247,1.1939716790738255,2.759558436512135,1.0678044625342782,1.0,3.8139498480440865
S18_C9_STRESS,stress,0.18,9.0,DOZ_OBJECTIVE_ONLY,TOUCH_NEXT_OPEN,VOL_FLOOR_0.25,0.25,2.0,35,40.0,60.0,0.0,2.857142857142857,0.1999999999999961,1.333333333333326,0.16611285280125496,1.2672735887106692,2.759558436512135,1.0678044625342782,1.0,5.813949848043923
S18_C9_STRESS,stress,0.18,9.0,DOZ_OBJECTIVE_ONLY,TOUCH_NEXT_OPEN,VOL_FLOOR_0.25,0.25,2.5,35,28.57142857142857,65.71428571428571,5.714285714285714,0.0,0.09201208119327971,1.1383166855311462,0.058124933994538566,1.0843509362142498,2.759558436512135,1.0678044625342782,1.0,2.03437268980885
S18_C9_STRESS,stress,0.18,9.0,DOZ_OBJECTIVE_ONLY,TOUCH_NEXT_OPEN,VOL_FLOOR_0.25,0.25,3.0,35,28.57142857142857,65.71428571428571,5.714285714285714,0.0,0.23486922405042696,1.3530659472388928,0.20098207685168584,1.2916653005802452,2.759558436512135,1.0678044625342782,1.0,7.034372689809005
S18_C9_STRESS,stress,0.18,9.0,DOZ_OBJECTIVE_ONLY,TOUCH_NEXT_OPEN,VOL_FLOOR_0.50,0.5,0.5,35,68.57142857142857,31.428571428571427,0.0,2.857142857142857,0.02857142857142153,1.0909090909090682,0.004176411442638761,1.012987828077072,4.101911369618392,1.7929419274824598,1.0,0.14617440049235664
S18_C9_STRESS,stress,0.18,9.0,DOZ_OBJECTIVE_ONLY,TOUCH_NEXT_OPEN,VOL_FLOOR_0.50,0.5,1.0,35,54.285714285714285,45.714285714285715,0.0,2.857142857142857,0.08571428571428084,1.1874999999999885,0.06131926858549804,1.1307631669268812,4.101911369618392,1.7929419274824598,1.0,2.1461744004924315
S18_C9_STRESS,stress,0.18,9.0,DOZ_OBJECTIVE_ONLY,TOUCH_NEXT_OPEN,VOL_FLOOR_0.50,0.5,1.5,35,40.0,60.0,0.0,0.0,-3.4892723631076347e-15,0.9999999999999941,-0.02439501712878625,0.960364555069084,4.101911369618392,1.7929419274824598,1.0,-0.8538255995075188
S18_C9_STRESS,stress,0.18,9.0,DOZ_OBJECTIVE_ONLY,TOUCH_NEXT_OPEN,VOL_FLOOR_0.50,0.5,2.0,35,34.285714285714285,65.71428571428571,0.0,0.0,0.02857142857142031,1.0434782608695523,0.0041764114426375175,1.0062027328783367,4.101911369618392,1.7929419274824598,1.0,0.14617440049231312
S18_C9_STRESS,stress,0.18,9.0,DOZ_OBJECTIVE_ONLY,TOUCH_NEXT_OPEN,VOL_FLOOR_0.50,0.5,2.5,35,25.71428571428571,68.57142857142857,5.714285714285714,0.0,-0.007987918806726554,0.9884866969995516,-0.03238293593550933,0.9544748124267961,4.101911369618392,1.7929419274824598,1.0,-1.1334027577428265
S18_C9_STRESS,stress,0.18,9.0,DOZ_OBJECTIVE_ONLY,TOUCH_NEXT_OPEN,VOL_FLOOR_0.50,0.5,3.0,35,25.71428571428571,68.57142857142857,5.714285714285714,0.0,0.12058350976470313,1.173801777205032,0.09618849263592032,1.1352255143991514,4.101911369618392,1.7929419274824598,1.0,3.3665972422572112
S18_C9_STRESS,stress,0.18,9.0,DOZ_OBJECTIVE_ONLY,TOUCH_NEXT_OPEN,VOL_FLOOR_0.75,0.75,0.5,35,71.42857142857143,28.57142857142857,0.0,0.0,0.07142857142857147,1.249999999999999,0.053872145480195095,1.1849580795385775,5.155783818225245,2.3960000000006403,1.0,1.8855250918068283
S18_C9_STRESS,stress,0.18,9.0,DOZ_OBJECTIVE_ONLY,TOUCH_NEXT_OPEN,VOL_FLOOR_0.75,0.75,1.0,35,57.14285714285714,42.857142857142854,0.0,0.0,0.14285714285713752,1.3333333333333184,0.12530071690876113,1.2864385195982406,5.155783818225245,2.3960000000006403,1.0,4.38552509180664
S18_C9_STRESS,stress,0.18,9.0,DOZ_OBJECTIVE_ONLY,TOUCH_NEXT_OPEN,VOL_FLOOR_0.75,0.75,1.5,35,45.714285714285715,54.285714285714285,0.0,0.0,0.14285714285713036,1.2631578947368172,0.125300716908754,1.2263092379659586,5.155783818225245,2.3960000000006403,1.0,4.3855250918063895
S18_C9_STRESS,stress,0.18,9.0,DOZ_OBJECTIVE_ONLY,TOUCH_NEXT_OPEN,VOL_FLOOR_0.75,0.75,2.0,35,34.285714285714285,57.14285714285714,8.571428571428571,0.0,0.2409176048113392,1.4216058084198402,0.2233611788629628,1.383507685323788,5.155783818225245,2.3960000000006403,1.0,7.817641260203699
S18_C9_STRESS,stress,0.18,9.0,DOZ_OBJECTIVE_ONLY,TOUCH_NEXT_OPEN,VOL_FLOOR_0.75,0.75,2.5,35,14.285714285714285,60.0,25.71428571428571,0.0,0.08297808273160302,1.1364580830689965,0.06542165678322663,1.1054631273483564,5.155783818225245,2.3960000000006403,1.0,2.289757987412932
S18_C9_STRESS,stress,0.18,9.0,DOZ_OBJECTIVE_ONLY,TOUCH_NEXT_OPEN,VOL_FLOOR_0.75,0.75,3.0,35,11.428571428571429,60.0,28.57142857142857,0.0,0.13641466422471718,1.2243349444794542,0.11885823827634075,1.191605687414399,5.155783818225245,2.3960000000006403,1.0,4.160038339671926
S18_C9_STRESS,stress,0.18,9.0,DOZ_OBJECTIVE_ONLY,TOUCH_NEXT_OPEN,VOL_FLOOR_1.00,1.0,0.5,35,71.42857142857143,28.57142857142857,0.0,0.0,0.07142857142857113,1.2500000000000009,0.057687262400841544,1.1991599346429256,6.00304650196402,2.3960000000006403,1.0,2.019054184029454
S18_C9_STRESS,stress,0.18,9.0,DOZ_OBJECTIVE_ONLY,TOUCH_NEXT_OPEN,VOL_FLOOR_1.00,1.0,1.0,35,51.42857142857142,42.857142857142854,5.714285714285714,0.0,0.09528143823672654,1.2192316421436697,0.08154012920899693,1.184608241339453,6.00304650196402,2.3960000000006403,1.0,2.8539045223148927
S18_C9_STRESS,stress,0.18,9.0,DOZ_OBJECTIVE_ONLY,TOUCH_NEXT_OPEN,VOL_FLOOR_1.00,1.0,1.5,35,37.142857142857146,45.714285714285715,17.142857142857142,0.0,0.18916155627184056,1.3952671901618654,0.17542024724411093,1.3605247083657712,6.00304650196402,2.3960000000006403,1.0,6.139708653543883
S18_C9_STRESS,stress,0.18,9.0,DOZ_OBJECTIVE_ONLY,TOUCH_NEXT_OPEN,VOL_FLOOR_1.00,1.0,2.0,35,14.285714285714285,51.42857142857142,34.285714285714285,0.0,0.06684793203603784,1.1247840013226433,0.05310662300830823,1.097534827271494,6.00304650196402,2.3960000000006403,1.0,1.858731805290788
S18_C9_STRESS,stress,0.18,9.0,DOZ_OBJECTIVE_ONLY,TOUCH_NEXT_OPEN,VOL_FLOOR_1.00,1.0,2.5,35,8.571428571428571,54.285714285714285,37.142857142857146,0.0,-0.04051552077136182,0.9291245633310626,-0.054256829799091424,0.906663291782187,6.00304650196402,2.3960000000006403,1.0,-1.8989890429682
S18_C9_STRESS,stress,0.18,9.0,DOZ_OBJECTIVE_ONLY,TOUCH_NEXT_OPEN,VOL_FLOOR_1.00,1.0,3.0,35,8.571428571428571,54.285714285714285,37.142857142857146,0.0,0.0023416220857807226,1.004096294079,-0.011399686941948912,0.9803893950712741,6.00304650196402,2.3960000000006403,1.0,-0.3989890429682119
S18_C9_STRESS,stress,0.18,9.0,MEMORY_ONLY,ACCEPTANCE_RETEST,STRUCTURAL,,0.5,67,61.19402985074627,38.80597014925373,0.0,4.477611940298507,-0.08208955223881283,0.7884615384615208,-0.11038321807043051,0.723771010366754,3.0571111550807473,1.7440000000001419,7.0,-7.395675610718844
S18_C9_STRESS,stress,0.18,9.0,MEMORY_ONLY,ACCEPTANCE_RETEST,STRUCTURAL,,1.0,67,46.26865671641791,52.23880597014925,1.4925373134328357,4.477611940298507,-0.055779502993855805,0.8932220942689046,-0.08407316882547348,0.8436841645172686,3.0571111550807473,1.7440000000001419,7.0,-5.632902311306723
S18_C9_STRESS,stress,0.18,9.0,MEMORY_ONLY,ACCEPTANCE_RETEST,STRUCTURAL,,1.5,67,38.80597014925373,58.2089552238806,2.9850746268656714,4.477611940298507,-0.004502712781925359,0.9923749295683838,-0.03279637861354305,0.9460684790593334,3.0571111550807473,1.7440000000001419,7.0,-2.1973573671073843
S18_C9_STRESS,stress,0.18,9.0,MEMORY_ONLY,ACCEPTANCE_RETEST,STRUCTURAL,,2.0,67,32.83582089552239,62.68656716417911,4.477611940298507,4.477611940298507,0.03414688199727096,1.0537500384021798,0.005853216165653273,1.008948600473614,3.0571111550807473,1.7440000000001419,7.0,0.3921654830987693
S18_C9_STRESS,stress,0.18,9.0,MEMORY_ONLY,ACCEPTANCE_RETEST,STRUCTURAL,,2.5,67,28.35820895522388,64.17910447761194,7.462686567164178,4.477611940298507,0.10317343146643462,1.158675688686955,0.07487976563481692,1.1118694835332037,3.0571111550807473,1.7440000000001419,7.0,5.016944297532734
S18_C9_STRESS,stress,0.18,9.0,MEMORY_ONLY,ACCEPTANCE_RETEST,STRUCTURAL,,3.0,67,20.8955223880597,67.16417910447761,11.940298507462686,4.477611940298507,0.05461893245151413,1.080314106023431,0.026325266619896412,1.037616471669836,3.0571111550807473,1.7440000000001419,7.0,1.7637928635330595
S18_C9_STRESS,stress,0.18,9.0,MEMORY_ONLY,CLEAN_REJECTION,STRUCTURAL,,0.5,868,64.63133640552995,34.331797235023046,1.0368663594470047,0.0,-0.024290115058987878,0.9301113899164031,-0.04713503972851087,0.8675206475036733,3.938458821388849,2.008946925941018,1.0,-40.913214484347435
S18_C9_STRESS,stress,0.18,9.0,MEMORY_ONLY,CLEAN_REJECTION,STRUCTURAL,,1.0,868,46.774193548387096,50.806451612903224,2.4193548387096775,0.0,-0.04272241159338737,0.916956403961748,-0.06556733626291036,0.8754663907430351,3.938458821388849,2.008946925941018,1.0,-56.9124478762062
S18_C9_STRESS,stress,0.18,9.0,MEMORY_ONLY,CLEAN_REJECTION,STRUCTURAL,,1.5,868,36.63594470046083,58.17972350230415,5.184331797235023,0.0,-0.026561185488492484,0.9550492397585292,-0.04940611015801548,0.9183194451726574,3.938458821388849,2.008946925941018,1.0,-42.884503617157435
S18_C9_STRESS,stress,0.18,9.0,MEMORY_ONLY,CLEAN_REJECTION,STRUCTURAL,,2.0,868,28.225806451612907,62.32718894009217,9.44700460829493,0.0,-0.013876946185750852,0.9780976024435017,-0.03672187085527384,0.9433901387809956,3.938458821388849,2.008946925941018,1.0,-31.874583902377697
S18_C9_STRESS,stress,0.18,9.0,MEMORY_ONLY,CLEAN_REJECTION,STRUCTURAL,,2.5,868,23.617511520737327,64.51612903225806,11.866359447004609,0.0,0.015615515060163477,1.0238052963095763,-0.007229409609359529,0.9892363414265647,3.938458821388849,2.008946925941018,1.0,-6.275127540924071
S18_C9_STRESS,stress,0.18,9.0,MEMORY_ONLY,CLEAN_REJECTION,STRUCTURAL,,3.0,868,18.663594470046082,65.78341013824884,15.552995391705068,0.0,0.03061038897995947,1.0456978923138365,0.007765464310436489,1.0113220464682011,3.938458821388849,2.008946925941018,1.0,6.740423021458872
S18_C9_STRESS,stress,0.18,9.0,MEMORY_ONLY,FAILED_AUCTION,STRUCTURAL,,0.5,267,67.79026217228464,30.711610486891384,1.4981273408239701,0.0,0.030305207282988033,1.0980834271496855,0.013847869266478815,1.0440646053306828,5.696893261889272,2.503369517432475,7.0,3.6973810941498435
S18_C9_STRESS,stress,0.18,9.0,MEMORY_ONLY,FAILED_AUCTION,STRUCTURAL,,1.0,267,50.56179775280899,44.19475655430712,5.2434456928838955,0.0,0.07255773005525737,1.1628021756370641,0.056100392038748156,1.1237594603651273,5.696893261889272,2.503369517432475,7.0,14.978804674345758
S18_C9_STRESS,stress,0.18,9.0,MEMORY_ONLY,FAILED_AUCTION,STRUCTURAL,,1.5,267,37.82771535580524,53.93258426966292,8.239700374531834,0.0,0.04928890835591281,1.090708656938314,0.0328315703394036,1.059409867592181,5.696893261889272,2.503369517432475,7.0,8.766029280620762
S18_C9_STRESS,stress,0.18,9.0,MEMORY_ONLY,FAILED_AUCTION,STRUCTURAL,,2.0,267,29.588014981273407,58.052434456928836,12.359550561797752,0.37453183520599254,0.07896147644747363,1.135075126322329,0.06250413843096438,1.1051205205120802,5.696893261889272,2.503369517432475,7.0,16.68860496106749
S18_C9_STRESS,stress,0.18,9.0,MEMORY_ONLY,FAILED_AUCTION,STRUCTURAL,,2.5,267,23.595505617977526,59.55056179775281,16.853932584269664,0.37453183520599254,0.12587180848335325,1.209941778453301,0.10941447046684405,1.1794024740916842,5.696893261889272,2.503369517432475,7.0,29.213663614647363
S18_C9_STRESS,stress,0.18,9.0,MEMORY_ONLY,FAILED_AUCTION,STRUCTURAL,,3.0,267,17.97752808988764,60.2996254681648,21.722846441947567,0.37453183520599254,0.13248785815504427,1.2178457833384229,0.11603052013853501,1.187528222229327,5.696893261889272,2.503369517432475,7.0,30.98014887698885
S18_C9_STRESS,stress,0.18,9.0,MEMORY_ONLY,PASSIVE_TOUCH,STRUCTURAL,,0.5,969,54.076367389060884,45.717234262125906,0.20639834881320948,22.497420020639836,-0.2524270198442413,0.5171714928581357,-0.2990795862879516,0.45075221790367637,1.9224858009647505,0.7500000000004547,2.0,-289.8081191130251
S18_C9_STRESS,stress,0.18,9.0,MEMORY_ONLY,PASSIVE_TOUCH,STRUCTURAL,,1.0,969,43.550051599587206,55.93395252837977,0.5159958720330238,21.36222910216718,-0.18855247510220638,0.698528734350933,-0.23520504154591665,0.6393508524900577,1.9224858009647505,0.7500000000004547,2.0,-227.91368525799322
S18_C9_STRESS,stress,0.18,9.0,MEMORY_ONLY,PASSIVE_TOUCH,STRUCTURAL,,1.5,969,36.01651186790505,63.1578947368421,0.8255933952528379,20.94943240454076,-0.15464594474628587,0.7783427043372675,-0.20129851118999623,0.7234379378367912,1.9224858009647505,0.7500000000004547,2.0,-195.05825734310633
S18_C9_STRESS,stress,0.18,9.0,MEMORY_ONLY,PASSIVE_TOUCH,STRUCTURAL,,2.0,969,30.340557275541798,68.73065015479877,0.9287925696594427,20.743034055727556,-0.14255053024025188,0.8107923674918416,-0.18920309668396218,0.7593166555103671,1.9224858009647505,0.7500000000004547,2.0,-183.33780068675935
S18_C9_STRESS,stress,0.18,9.0,MEMORY_ONLY,PASSIVE_TOUCH,STRUCTURAL,,2.5,969,26.418988648090814,72.44582043343654,1.1351909184726523,20.639834881320947,-0.12234389334512423,0.8452439402586849,-0.16899645978883454,0.7951418494760896,1.9224858009647505,0.7500000000004547,2.0,-163.75756953538067
S18_C9_STRESS,stress,0.18,9.0,MEMORY_ONLY,PASSIVE_TOUCH,STRUCTURAL,,3.0,969,22.807017543859647,75.74819401444789,1.4447884416924663,20.639834881320947,-0.12754960524330805,0.8451284830139076,-0.17420217168701835,0.7973007902187619,1.9224858009647505,0.7500000000004547,2.0,-168.80190436472077
S18_C9_STRESS,stress,0.18,9.0,MEMORY_ONLY,RECLAIM_PULLBACK,STRUCTURAL,,0.5,911,63.55653128430296,35.56531284302964,0.8781558726673985,1.3172338090010975,-0.03938049120896364,0.8898226089629557,-0.0662390141981732,0.8196321850758916,3.2586154773839553,1.4851977858156715,3.0,-60.343741934535785
S18_C9_STRESS,stress,0.18,9.0,MEMORY_ONLY,RECLAIM_PULLBACK,STRUCTURAL,,1.0,911,48.73765093304062,49.61580680570801,1.646542261251372,1.2074643249176729,-0.010456378775600324,0.9790949566289855,-0.03731490176480989,0.9273818166710033,3.2586154773839553,1.4851977858156715,3.0,-33.993875507741805
S18_C9_STRESS,stress,0.18,9.0,MEMORY_ONLY,RECLAIM_PULLBACK,STRUCTURAL,,1.5,911,37.54116355653128,58.83644346871569,3.6223929747530184,1.2074643249176729,-0.01921221488697831,0.9676632379690754,-0.04607073787618785,0.9245262929589508,3.2586154773839553,1.4851977858156715,3.0,-41.970442205207135
S18_C9_STRESS,stress,0.18,9.0,MEMORY_ONLY,RECLAIM_PULLBACK,STRUCTURAL,,2.0,911,29.857299670691546,64.87376509330406,5.26893523600439,1.2074643249176729,-0.0331069639547615,0.9495139199515598,-0.059965486943971066,0.9110031198033561,3.2586154773839553,1.4851977858156715,3.0,-54.62855860595764
S18_C9_STRESS,stress,0.18,9.0,MEMORY_ONLY,RECLAIM_PULLBACK,STRUCTURAL,,2.5,911,25.027442371020857,67.61800219538968,7.354555433589462,1.3172338090010975,-0.01018133714958832,0.9851297166118433,-0.03703986013879788,0.9473538828156767,3.2586154773839553,1.4851977858156715,3.0,-33.743312586444866
S18_C9_STRESS,stress,0.18,9.0,MEMORY_ONLY,RECLAIM_PULLBACK,STRUCTURAL,,3.0,911,22.283205268935234,68.71569703622393,9.001097694840835,1.3172338090010975,0.04782677474961776,1.0686669998903422,0.020968251760408212,1.0292955373320654,3.2586154773839553,1.4851977858156715,3.0,19.102077353731882
S18_C9_STRESS,stress,0.18,9.0,MEMORY_ONLY,TOUCH_NEXT_OPEN,VOL_FLOOR_0.25,0.25,0.5,1303,64.31312356101304,34.84267075978511,0.844205679201842,1.1511895625479662,-0.028900264976005154,0.9176457901225451,-0.05992869667244838,0.8345469417476817,3.35084667672254,0.3449823677592576,1.0,-78.08709176420024
S18_C9_STRESS,stress,0.18,9.0,MEMORY_ONLY,TOUCH_NEXT_OPEN,VOL_FLOOR_0.25,0.25,1.0,1303,47.58250191864927,50.422102839600925,1.9953952417498082,0.3069838833461243,-0.028938649029692436,0.9430517759929888,-0.05996708072613567,0.8855821085700097,3.35084667672254,0.3449823677592576,1.0,-78.13710618615478
S18_C9_STRESS,stress,0.18,9.0,MEMORY_ONLY,TOUCH_NEXT_OPEN,VOL_FLOOR_0.25,0.25,1.5,1303,37.29854182655411,59.40138142747505,3.300076745970836,0.07674597083653108,-0.032145768430687394,0.9463620402529109,-0.06317420012713063,0.8977994619869543,3.35084667672254,0.3449823677592576,1.0,-82.31598276565121
S18_C9_STRESS,stress,0.18,9.0,MEMORY_ONLY,TOUCH_NEXT_OPEN,VOL_FLOOR_0.25,0.25,2.0,1303,28.779739063699157,64.77359938603223,6.446661550268611,0.0,-0.0417256097879492,0.9362482484306651,-0.07275404148439243,0.8922655864209097,3.35084667672254,0.3449823677592576,1.0,-94.79851605416334
S18_C9_STRESS,stress,0.18,9.0,MEMORY_ONLY,TOUCH_NEXT_OPEN,VOL_FLOOR_0.25,0.25,2.5,1303,24.481964696853414,67.92018419033002,7.597851112816577,0.07674597083653108,-0.024226524813173018,0.964682679293525,-0.05525495650961626,0.9219410083721846,3.35084667672254,0.3449823677592576,1.0,-71.99720833202998
S18_C9_STRESS,stress,0.18,9.0,MEMORY_ONLY,TOUCH_NEXT_OPEN,VOL_FLOOR_0.25,0.25,3.0,1303,20.72141212586339,69.76208749040676,9.516500383729856,0.07674597083653108,-0.0056398946324266,0.9920055243011656,-0.03666832632886984,0.9496348084989663,3.35084667672254,0.3449823677592576,1.0,-47.7788292065174
S18_C9_STRESS,stress,0.18,9.0,MEMORY_ONLY,TOUCH_NEXT_OPEN,VOL_FLOOR_0.50,0.5,0.5,1303,65.54105909439755,33.61473522640062,0.844205679201842,0.0,-0.010481231975237357,0.9690496855814588,-0.03566948490164978,0.8973311448428549,3.876744664524267,0.6074090648023791,1.0,-46.47733882684966
S18_C9_STRESS,stress,0.18,9.0,MEMORY_ONLY,TOUCH_NEXT_OPEN,VOL_FLOOR_0.50,0.5,1.0,1303,46.20107444359171,51.41980046047583,2.379125095932464,0.0,-0.05272997595304296,0.8983961545430258,-0.07791822887945538,0.8536350015095241,3.876744664524267,0.6074090648023791,1.0,-101.52745222993036
S18_C9_STRESS,stress,0.18,9.0,MEMORY_ONLY,TOUCH_NEXT_OPEN,VOL_FLOOR_0.50,0.5,1.5,1303,36.3008442056792,59.09439754412893,4.604758250191865,0.0,-0.03847662167466653,0.9356157134714395,-0.06366487460107896,0.8961527126370904,3.876744664524267,0.6074090648023791,1.0,-82.95533160520588
S18_C9_STRESS,stress,0.18,9.0,MEMORY_ONLY,TOUCH_NEXT_OPEN,VOL_FLOOR_0.50,0.5,2.0,1303,29.24021488871834,62.70145817344589,8.058326937835764,0.0,-0.0064902368377086446,0.9897821731634333,-0.031678489764121055,0.9513937242393197,3.876744664524267,0.6074090648023791,1.0,-41.27707216264974
S18_C9_STRESS,stress,0.18,9.0,MEMORY_ONLY,TOUCH_NEXT_OPEN,VOL_FLOOR_0.50,0.5,2.5,1303,24.558710667689944,65.38756715272449,10.053722179585572,0.07674597083653108,0.016515184290169047,1.0249131258515523,-0.008673068636243366,0.9872512522492988,3.876744664524267,0.6074090648023791,1.0,-11.301008433025107
S18_C9_STRESS,stress,0.18,9.0,MEMORY_ONLY,TOUCH_NEXT_OPEN,VOL_FLOOR_0.50,0.5,3.0,1303,19.723714504988486,67.22947045280124,13.046815042210284,0.07674597083653108,0.022428257715163616,1.0328797207836695,-0.002759995211248803,0.9960579929796428,3.876744664524267,0.6074090648023791,1.0,-3.5962737602571906
S18_C9_STRESS,stress,0.18,9.0,MEMORY_ONLY,TOUCH_NEXT_OPEN,VOL_FLOOR_0.75,0.75,0.5,1303,63.699155794320795,34.91941673062164,1.3814274750575595,0.07674597083653108,-0.033064812079266925,0.9062999851733655,-0.05322567915127931,0.8522294241157575,4.953658839779674,0.8979052190341469,1.0,-69.35305993411694
S18_C9_STRESS,stress,0.18,9.0,MEMORY_ONLY,TOUCH_NEXT_OPEN,VOL_FLOOR_0.75,0.75,1.0,1303,45.12663085188028,50.34535686876439,4.528012279355334,0.0,-0.04899134613443483,0.9041153859472778,-0.06915221320644721,0.8674627243939317,4.953658839779674,0.8979052190341469,1.0,-90.10533380800072
S18_C9_STRESS,stress,0.18,9.0,MEMORY_ONLY,TOUCH_NEXT_OPEN,VOL_FLOOR_0.75,0.75,1.5,1303,35.22640061396777,56.254796623177285,8.51880276285495,0.0,-0.014103104890486063,0.9753391451127881,-0.034263971962498446,0.9413376349085325,4.953658839779674,0.8979052190341469,1.0,-44.64595546713548
S18_C9_STRESS,stress,0.18,9.0,MEMORY_ONLY,TOUCH_NEXT_OPEN,VOL_FLOOR_0.75,0.75,2.0,1303,26.016884113584037,59.70836531082118,14.27475057559478,0.07674597083653108,-0.004688053144122602,0.9922967646833745,-0.024848920216134975,0.9600346892881055,4.953658839779674,0.8979052190341469,1.0,-32.37814304162387
S18_C9_STRESS,stress,0.18,9.0,MEMORY_ONLY,TOUCH_NEXT_OPEN,VOL_FLOOR_0.75,0.75,2.5,1303,19.570222563315426,61.32003069838834,19.10974673829624,0.07674597083653108,0.007059338543983987,1.0112872234376054,-0.01310152852802841,0.979494736489508,4.953658839779674,0.8979052190341469,1.0,-17.07129167202102
S18_C9_STRESS,stress,0.18,9.0,MEMORY_ONLY,TOUCH_NEXT_OPEN,VOL_FLOOR_0.75,0.75,3.0,1303,14.428242517267845,62.70145817344589,22.870299309286263,0.07674597083653108,0.00447005034812809,1.0069889734015214,-0.01569081672388429,0.9759882116566412,4.953658839779674,0.8979052190341469,1.0,-20.44513419122123
S18_C9_STRESS,stress,0.18,9.0,MEMORY_ONLY,TOUCH_NEXT_OPEN,VOL_FLOOR_1.00,1.0,0.5,1303,63.85264773599386,33.0775134305449,3.069838833461243,0.0,-0.019278110913758657,0.9432944898535636,-0.03555162420403952,0.897222970887201,6.364194636961585,1.1972069587121958,1.0,-46.323766337863496
S18_C9_STRESS,stress,0.18,9.0,MEMORY_ONLY,TOUCH_NEXT_OPEN,VOL_FLOOR_1.00,1.0,1.0,1303,44.12893323100538,45.58710667689947,10.283960092095166,0.0,-0.011886710983917055,0.9748757929518308,-0.0281602242741979,0.9415246491931969,6.364194636961585,1.1972069587121958,1.0,-36.69277222927987
S18_C9_STRESS,stress,0.18,9.0,MEMORY_ONLY,TOUCH_NEXT_OPEN,VOL_FLOOR_1.00,1.0,1.5,1303,31.849577897160398,50.882578664620105,17.267843438219494,0.07674597083653108,0.008207636703749866,1.0155107585576144,-0.008065876586530978,0.9850295115614188,6.364194636961585,1.1972069587121958,1.0,-10.509837192249863
S18_C9_STRESS,stress,0.18,9.0,MEMORY_ONLY,TOUCH_NEXT_OPEN,VOL_FLOOR_1.00,1.0,2.0,1303,21.335379892555643,53.10821181887951,25.556408288564853,0.07674597083653108,0.01948781878002919,1.0352697258222763,0.003214305489748334,1.0057127505563648,6.364194636961585,1.1972069587121958,1.0,4.18824005314208
S18_C9_STRESS,stress,0.18,9.0,MEMORY_ONLY,TOUCH_NEXT_OPEN,VOL_FLOOR_1.00,1.0,2.5,1303,14.504988488104376,54.5663852647736,30.928626247122025,0.07674597083653108,0.01888709777689201,1.0332754983614802,0.0026135844866111515,1.004521314462285,6.364194636961585,1.1972069587121958,1.0,3.4055005860543304
S18_C9_STRESS,stress,0.18,9.0,MEMORY_ONLY,TOUCH_NEXT_OPEN,VOL_FLOOR_1.00,1.0,3.0,1303,10.283960092095166,54.950115118956255,34.76592478894858,0.15349194167306215,0.028351759377492826,1.0495716884655044,0.012078246087211975,1.020735219091411,6.364194636961585,1.1972069587121958,1.0,15.737954651637203
S18_C9_STRESS,stress,0.18,9.0,OBJECTIVE_LIQUIDITY_ONLY,ACCEPTANCE_RETEST,STRUCTURAL,,0.5,70,65.71428571428571,32.857142857142854,1.4285714285714286,5.714285714285714,-0.002923575396179834,0.9911806351191176,-0.03083229910554771,0.9093621831503053,3.2305981319839248,1.468000000000302,7.0,-2.1582609373883397
S18_C9_STRESS,stress,0.18,9.0,OBJECTIVE_LIQUIDITY_ONLY,ACCEPTANCE_RETEST,STRUCTURAL,,1.0,70,52.85714285714286,45.714285714285715,1.4285714285714286,4.285714285714286,0.06850499603239561,1.1489024001475776,0.04059627232302775,1.0858585969123042,3.2305981319839248,1.468000000000302,7.0,2.8417390626119428
S18_C9_STRESS,stress,0.18,9.0,OBJECTIVE_LIQUIDITY_ONLY,ACCEPTANCE_RETEST,STRUCTURAL,,1.5,70,42.857142857142854,55.714285714285715,1.4285714285714286,4.285714285714286,0.08279071031811082,1.14782301796375,0.054881986608742994,1.0953683226786828,3.2305981319839248,1.468000000000302,7.0,3.8417390626120094
S18_C9_STRESS,stress,0.18,9.0,OBJECTIVE_LIQUIDITY_ONLY,ACCEPTANCE_RETEST,STRUCTURAL,,2.0,70,34.285714285714285,62.857142857142854,2.857142857142857,4.285714285714286,0.07999707260303808,1.126678868558621,0.052088348893670214,1.0802906724885626,3.2305981319839248,1.468000000000302,7.0,3.646184422556915
S18_C9_STRESS,stress,0.18,9.0,OBJECTIVE_LIQUIDITY_ONLY,ACCEPTANCE_RETEST,STRUCTURAL,,2.5,70,30.0,67.14285714285714,2.857142857142857,4.285714285714286,0.10142564403160687,1.150404569050724,0.07351692032223898,1.1061298741984547,3.2305981319839248,1.468000000000302,7.0,5.146184422556729
S18_C9_STRESS,stress,0.18,9.0,OBJECTIVE_LIQUIDITY_ONLY,ACCEPTANCE_RETEST,STRUCTURAL,,3.0,70,24.285714285714285,71.42857142857143,4.285714285714286,4.285714285714286,0.025632786888751927,1.0351752557568117,-0.0022759368206158805,0.9969608371438103,3.2305981319839248,1.468000000000302,7.0,-0.15931557744311164
S18_C9_STRESS,stress,0.18,9.0,OBJECTIVE_LIQUIDITY_ONLY,CLEAN_REJECTION,STRUCTURAL,,0.5,1586,68.28499369482977,29.192938209331654,2.5220680958385877,0.0,0.04373711822884432,1.1464893132601235,0.01974940734727204,1.0645204889287359,3.723613291465199,1.635000000000673,1.0,31.322560052773458
S18_C9_STRESS,stress,0.18,9.0,OBJECTIVE_LIQUIDITY_ONLY,CLEAN_REJECTION,STRUCTURAL,,1.0,1586,49.18032786885246,43.00126103404792,7.818411097099622,0.0,0.06441774467559976,1.1451565637031158,0.040430033794027494,1.088840065440711,3.723613291465199,1.635000000000673,1.0,64.1220335973276
S18_C9_STRESS,stress,0.18,9.0,OBJECTIVE_LIQUIDITY_ONLY,CLEAN_REJECTION,STRUCTURAL,,1.5,1586,37.51576292559899,50.31525851197982,12.168978562421186,0.0,0.07738337569762714,1.1482842478457087,0.05339566481605485,1.0997537390855916,3.723613291465199,1.635000000000673,1.0,84.685524398263
S18_C9_STRESS,stress,0.18,9.0,OBJECTIVE_LIQUIDITY_ONLY,CLEAN_REJECTION,STRUCTURAL,,2.0,1586,28.310214375788146,53.78310214375788,17.90668348045397,0.0,0.09009638852361017,1.1610412021573686,0.06610867764203787,1.1151706842248799,3.723613291465199,1.635000000000673,1.0,104.84836274027207
S18_C9_STRESS,stress,0.18,9.0,OBJECTIVE_LIQUIDITY_ONLY,CLEAN_REJECTION,STRUCTURAL,,2.5,1586,22.005044136191675,55.73770491803278,22.257250945775535,0.0,0.10861096894646227,1.1873794207999506,0.08462325806488999,1.1422863168171127,3.723613291465199,1.635000000000673,1.0,134.21248729091553
S18_C9_STRESS,stress,0.18,9.0,OBJECTIVE_LIQUIDITY_ONLY,CLEAN_REJECTION,STRUCTURAL,,3.0,1586,16.51954602774275,56.746532156368225,26.733921815889026,0.0,0.10602389692428353,1.179506269708343,0.08203618604271122,1.1353536222847085,3.723613291465199,1.635000000000673,1.0,130.10939106374
S18_C9_STRESS,stress,0.18,9.0,OBJECTIVE_LIQUIDITY_ONLY,FAILED_AUCTION,STRUCTURAL,,0.5,457,62.36323851203501,36.542669584245075,1.0940919037199124,0.2188183807439825,-0.055888380241598604,0.8480073831670095,-0.07223755717611517,0.8069004154143111,5.7266366753488,1.7850000000003092,6.0,-33.01256362948463
S18_C9_STRESS,stress,0.18,9.0,OBJECTIVE_LIQUIDITY_ONLY,FAILED_AUCTION,STRUCTURAL,,1.0,457,40.91903719912472,53.82932166301969,5.25164113785558,0.2188183807439825,-0.1311670951339617,0.7598643363564953,-0.14751627206847823,0.7344914818387749,5.7266366753488,1.7850000000003092,6.0,-67.41493633529456
S18_C9_STRESS,stress,0.18,9.0,OBJECTIVE_LIQUIDITY_ONLY,FAILED_AUCTION,STRUCTURAL,,1.5,457,27.571115973741794,61.48796498905909,10.940919037199125,0.0,-0.1786596011302983,0.7146418703983819,-0.1950087780648149,0.6938969698790369,5.7266366753488,1.7850000000003092,6.0,-89.1190115756204
S18_C9_STRESS,stress,0.18,9.0,OBJECTIVE_LIQUIDITY_ONLY,FAILED_AUCTION,STRUCTURAL,,2.0,457,20.350109409190374,64.77024070021882,14.87964989059081,0.0,-0.1897580439880709,0.7129470840823483,-0.2061072209225875,0.693612704835953,5.7266366753488,1.7850000000003092,6.0,-94.19099996162248
S18_C9_STRESS,stress,0.18,9.0,OBJECTIVE_LIQUIDITY_ONLY,FAILED_AUCTION,STRUCTURAL,,2.5,457,15.317286652078774,66.3019693654267,18.38074398249453,0.0,-0.177897575968732,0.7369831316919914,-0.1942467529032486,0.717789344655152,5.7266366753488,1.7850000000003092,6.0,-88.77076607678461
S18_C9_STRESS,stress,0.18,9.0,OBJECTIVE_LIQUIDITY_ONLY,FAILED_AUCTION,STRUCTURAL,,3.0,457,12.472647702407002,67.39606126914661,20.13129102844639,0.0,-0.1639765181499911,0.7614242165061968,-0.18032569508450771,0.7421858581243114,5.7266366753488,1.7850000000003092,6.0,-82.40884265362003
S18_C9_STRESS,stress,0.18,9.0,OBJECTIVE_LIQUIDITY_ONLY,PASSIVE_TOUCH,STRUCTURAL,,0.5,1434,56.62482566248257,43.30543933054393,0.0697350069735007,23.779637377963738,-0.2037638545372385,0.5814974661221824,-0.25232115913604203,0.5031999235786995,1.8437018935132983,0.807999999999538,2.0,-361.8285422010843
S18_C9_STRESS,stress,0.18,9.0,OBJECTIVE_LIQUIDITY_ONLY,PASSIVE_TOUCH,STRUCTURAL,,1.0,1434,46.51324965132497,53.277545327754524,0.20920502092050208,22.87308228730823,-0.12146400127569998,0.7929650637211025,-0.1700213058745035,0.7225348248428051,1.8437018935132983,0.807999999999538,2.0,-243.81055262403802
S18_C9_STRESS,stress,0.18,9.0,OBJECTIVE_LIQUIDITY_ONLY,PASSIVE_TOUCH,STRUCTURAL,,1.5,1434,38.49372384937239,61.08786610878661,0.41841004184100417,21.896792189679218,-0.08687724497329671,0.8693290302151716,-0.13543454957210024,0.8050630273045636,1.8437018935132983,0.807999999999538,2.0,-194.21314408639176
S18_C9_STRESS,stress,0.18,9.0,OBJECTIVE_LIQUIDITY_ONLY,PASSIVE_TOUCH,STRUCTURAL,,2.0,1434,32.21757322175732,66.87587168758718,0.906555090655509,21.548117154811717,-0.0732459935782746,0.8987153719924004,-0.12180329817707812,0.8388832083178908,1.8437018935132983,0.807999999999538,2.0,-174.66592958593003
S18_C9_STRESS,stress,0.18,9.0,OBJECTIVE_LIQUIDITY_ONLY,PASSIVE_TOUCH,STRUCTURAL,,2.5,1434,25.592747559274752,72.94281729428172,1.4644351464435146,21.548117154811717,-0.132689743087576,0.8307904275582231,-0.18124704768637953,0.7789263491588759,1.8437018935132983,0.807999999999538,2.0,-259.90826638226827
S18_C9_STRESS,stress,0.18,9.0,OBJECTIVE_LIQUIDITY_ONLY,PASSIVE_TOUCH,STRUCTURAL,,3.0,1434,22.10599721059972,75.80195258019525,2.092050209205021,21.478382147838214,-0.13014145545662667,0.8399125286356834,-0.17869876005543023,0.7897814294448955,1.8437018935132983,0.807999999999538,2.0,-256.25402191948695
S18_C9_STRESS,stress,0.18,9.0,OBJECTIVE_LIQUIDITY_ONLY,RECLAIM_PULLBACK,STRUCTURAL,,0.5,1576,64.9746192893401,33.56598984771574,1.4593908629441625,1.967005076142132,-0.013017767644936461,0.9615740837634581,-0.04067499795059324,0.8832016973807728,3.145854969913671,1.468000000000302,3.0,-64.10379677013495
S18_C9_STRESS,stress,0.18,9.0,OBJECTIVE_LIQUIDITY_ONLY,RECLAIM_PULLBACK,STRUCTURAL,,1.0,1576,47.525380710659896,48.3502538071066,4.124365482233502,1.8401015228426396,-0.009781707668875856,0.9800877594266749,-0.03743893797453264,0.9258933447589098,3.145854969913671,1.468000000000302,3.0,-59.003766247863446
S18_C9_STRESS,stress,0.18,9.0,OBJECTIVE_LIQUIDITY_ONLY,RECLAIM_PULLBACK,STRUCTURAL,,1.5,1576,35.659898477157356,56.535532994923855,7.804568527918781,1.8401015228426396,-0.014965476643361585,0.9740195831093935,-0.04262270694901837,0.9280652303403948,3.145854969913671,1.468000000000302,3.0,-67.17338615165295
S18_C9_STRESS,stress,0.18,9.0,OBJECTIVE_LIQUIDITY_ONLY,RECLAIM_PULLBACK,STRUCTURAL,,2.0,1576,27.79187817258883,61.54822335025381,10.65989847715736,1.8401015228426396,-0.024188311248932795,0.9614992309576744,-0.05184554155458958,0.9197931896146384,3.145854969913671,1.468000000000302,3.0,-81.70857349003317
S18_C9_STRESS,stress,0.18,9.0,OBJECTIVE_LIQUIDITY_ONLY,RECLAIM_PULLBACK,STRUCTURAL,,2.5,1576,22.144670050761423,64.27664974619289,13.578680203045684,1.8401015228426396,-0.022453240870056936,0.9658491626767197,-0.05011047117571371,0.9259275272882548,3.145854969913671,1.468000000000302,3.0,-78.9741025729248
S18_C9_STRESS,stress,0.18,9.0,OBJECTIVE_LIQUIDITY_ONLY,RECLAIM_PULLBACK,STRUCTURAL,,3.0,1576,18.33756345177665,65.92639593908629,15.736040609137056,1.8401015228426396,-0.011301952516635799,0.9832407089792932,-0.038959182822292576,0.943855909527107,3.145854969913671,1.468000000000302,3.0,-61.3996721279331
S18_C9_STRESS,stress,0.18,9.0,OBJECTIVE_LIQUIDITY_ONLY,TOUCH_NEXT_OPEN,VOL_FLOOR_0.25,0.25,0.5,2248,69.57295373665481,28.692170818505335,1.7348754448398576,1.7793594306049825,0.05695076712508488,1.1954210642732714,0.02672353156285534,1.0888300300586244,3.131726307718478,0.45307841225100554,1.0,60.07449895329881
S18_C9_STRESS,stress,0.18,9.0,OBJECTIVE_LIQUIDITY_ONLY,TOUCH_NEXT_OPEN,VOL_FLOOR_0.25,0.25,1.0,2248,50.57829181494662,44.43950177935943,4.98220640569395,0.8451957295373667,0.06218034547103759,1.1372982912736687,0.031953109908808064,1.068370784005054,3.131726307718478,0.45307841225100554,1.0,71.83059107500053
S18_C9_STRESS,stress,0.18,9.0,OBJECTIVE_LIQUIDITY_ONLY,TOUCH_NEXT_OPEN,VOL_FLOOR_0.25,0.25,1.5,2248,39.279359430604984,52.84697508896797,7.873665480427046,0.400355871886121,0.07108202055079138,1.1315437814509752,0.04085478498856186,1.0732788147537364,3.131726307718478,0.45307841225100554,1.0,91.84155665428706
S18_C9_STRESS,stress,0.18,9.0,OBJECTIVE_LIQUIDITY_ONLY,TOUCH_NEXT_OPEN,VOL_FLOOR_0.25,0.25,2.0,2248,29.84875444839858,58.09608540925267,12.055160142348754,0.26690391459074736,0.059505586346763575,1.1000522585045962,0.029278350784534026,1.0476968398265718,3.131726307718478,0.45307841225100554,1.0,65.81773256363249
S18_C9_STRESS,stress,0.18,9.0,OBJECTIVE_LIQUIDITY_ONLY,TOUCH_NEXT_OPEN,VOL_FLOOR_0.25,0.25,2.5,2248,23.976868327402133,61.07651245551602,14.94661921708185,0.1779359430604982,0.06719845575771168,1.107493686888212,0.03697122019548216,1.057292908285437,3.131726307718478,0.45307841225100554,1.0,83.1113029994439
S18_C9_STRESS,stress,0.18,9.0,OBJECTIVE_LIQUIDITY_ONLY,TOUCH_NEXT_OPEN,VOL_FLOOR_0.25,0.25,3.0,2248,18.816725978647685,62.811387900355875,18.371886120996443,0.0889679715302491,0.06565508825457997,1.1021005276606894,0.03542785269235042,1.0533653448635767,3.131726307718478,0.45307841225100554,1.0,79.64181285240375
S18_C9_STRESS,stress,0.18,9.0,OBJECTIVE_LIQUIDITY_ONLY,TOUCH_NEXT_OPEN,VOL_FLOOR_0.50,0.5,0.5,2248,70.01779359430606,28.247330960854093,1.7348754448398576,0.4448398576512456,0.06361775816384202,1.2216776797135385,0.038026630099842314,1.1291609760679704,3.6489619411101453,0.9061568245020111,1.0,85.48386446444552
S18_C9_STRESS,stress,0.18,9.0,OBJECTIVE_LIQUIDITY_ONLY,TOUCH_NEXT_OPEN,VOL_FLOOR_0.50,0.5,1.0,2248,50.0,44.70640569395018,5.2935943060498225,0.13345195729537368,0.053590793757496716,1.1174775448035565,0.027999665693496992,1.0597809852756883,3.6489619411101453,0.9061568245020111,1.0,62.94324847898124
S18_C9_STRESS,stress,0.18,9.0,OBJECTIVE_LIQUIDITY_ONLY,TOUCH_NEXT_OPEN,VOL_FLOOR_0.50,0.5,1.5,2248,38.656583629893234,52.446619217081846,8.896797153024911,0.04448398576512455,0.06956238041029822,1.1295614632328503,0.0439712523462985,1.0797623102339946,3.6489619411101453,0.9061568245020111,1.0,98.84737527447902
S18_C9_STRESS,stress,0.18,9.0,OBJECTIVE_LIQUIDITY_ONLY,TOUCH_NEXT_OPEN,VOL_FLOOR_0.50,0.5,2.0,2248,29.448398576512457,56.98398576512456,13.567615658362989,0.04448398576512455,0.06960844949641237,1.1191562066546712,0.044017321432412666,1.073358720415801,3.6489619411101453,0.9061568245020111,1.0,98.95093858006368
S18_C9_STRESS,stress,0.18,9.0,OBJECTIVE_LIQUIDITY_ONLY,TOUCH_NEXT_OPEN,VOL_FLOOR_0.50,0.5,2.5,2248,22.95373665480427,59.16370106761566,17.88256227758007,0.04448398576512455,0.08143905502247481,1.134113547162488,0.055847926958475076,1.0895221861723532,3.6489619411101453,0.9061568245020111,1.0,125.54613980265196
S18_C9_STRESS,stress,0.18,9.0,OBJECTIVE_LIQUIDITY_ONLY,TOUCH_NEXT_OPEN,VOL_FLOOR_0.50,0.5,3.0,2248,17.749110320284696,60.76512455516014,21.485765124555158,0.0,0.07945114401425883,1.1273594208856519,0.05386001595025912,1.084027425441607,3.6489619411101453,0.9061568245020111,1.0,121.0773158561825
S18_C9_STRESS,stress,0.18,9.0,OBJECTIVE_LIQUIDITY_ONLY,TOUCH_NEXT_OPEN,VOL_FLOOR_0.75,0.75,0.5,2248,68.99466192170819,28.781138790035588,2.224199288256228,0.26690391459074736,0.05161464104367877,1.175529994890438,0.03086871419448934,1.102770842585989,4.741753367092693,1.285000000000764,1.0,69.39286950921203
S18_C9_STRESS,stress,0.18,9.0,OBJECTIVE_LIQUIDITY_ONLY,TOUCH_NEXT_OPEN,VOL_FLOOR_0.75,0.75,1.0,2248,47.731316725978644,44.395017793594306,7.873665480427046,0.13345195729537368,0.03531051232700108,1.0772931881312777,0.014564585477811651,1.0311908464695967,4.741753367092693,1.285000000000764,1.0,32.74118815412059
S18_C9_STRESS,stress,0.18,9.0,OBJECTIVE_LIQUIDITY_ONLY,TOUCH_NEXT_OPEN,VOL_FLOOR_0.75,0.75,1.5,2248,34.786476868327405,50.80071174377224,14.412811387900357,0.04448398576512455,0.03864869868211138,1.073294369529859,0.01790277183292194,1.0332067860241214,4.741753367092693,1.285000000000764,1.0,40.24543108040852
S18_C9_STRESS,stress,0.18,9.0,OBJECTIVE_LIQUIDITY_ONLY,TOUCH_NEXT_OPEN,VOL_FLOOR_0.75,0.75,2.0,2248,24.866548042704625,54.49288256227758,20.640569395017792,0.04448398576512455,0.031541465557609415,1.055729916673769,0.01079553870841997,1.0186523532690188,4.741753367092693,1.285000000000764,1.0,24.268371016528093
S18_C9_STRESS,stress,0.18,9.0,OBJECTIVE_LIQUIDITY_ONLY,TOUCH_NEXT_OPEN,VOL_FLOOR_0.75,0.75,2.5,2248,17.48220640569395,56.22775800711744,26.29003558718861,0.0,0.024863997428259253,1.042541865181402,0.0041180705790698005,1.0068892740746174,4.741753367092693,1.285000000000764,1.0,9.257422661748912
S18_C9_STRESS,stress,0.18,9.0,OBJECTIVE_LIQUIDITY_ONLY,TOUCH_NEXT_OPEN,VOL_FLOOR_0.75,0.75,3.0,2248,12.633451957295375,57.11743772241993,30.2491103202847,0.0,0.014658184897738315,1.024676532266967,-0.006087741951451119,0.9899806380372116,4.741753367092693,1.285000000000764,1.0,-13.685243906862116
S18_C9_STRESS,stress,0.18,9.0,OBJECTIVE_LIQUIDITY_ONLY,TOUCH_NEXT_OPEN,VOL_FLOOR_1.00,1.0,0.5,2248,66.77046263345196,29.13701067615658,4.092526690391459,0.1779359430604982,0.03250157786609166,1.1073213789071503,0.01553193950160036,1.0503722039373193,6.008648680338281,1.285000000000764,1.0,34.91579999959761
S18_C9_STRESS,stress,0.18,9.0,OBJECTIVE_LIQUIDITY_ONLY,TOUCH_NEXT_OPEN,VOL_FLOOR_1.00,1.0,1.0,2248,44.528469750889684,41.54804270462634,13.923487544483987,0.13345195729537368,0.03403319915139794,1.077632281478664,0.017063560786906642,1.0382010764100982,6.008648680338281,1.285000000000764,1.0,38.35888464896613
S18_C9_STRESS,stress,0.18,9.0,OBJECTIVE_LIQUIDITY_ONLY,TOUCH_NEXT_OPEN,VOL_FLOOR_1.00,1.0,1.5,2248,29.58185053380783,47.24199288256228,23.176156583629894,0.04448398576512455,0.018214760649735755,1.0362586550338015,0.0012451222852444587,1.0024316188456697,6.008648680338281,1.285000000000764,1.0,2.799034897229543
S18_C9_STRESS,stress,0.18,9.0,OBJECTIVE_LIQUIDITY_ONLY,TOUCH_NEXT_OPEN,VOL_FLOOR_1.00,1.0,2.0,2248,19.439501779359432,49.33274021352313,31.22775800711744,0.0,0.016478331210947064,1.0314040765129617,-0.0004913071535442417,0.9990815097448679,6.008648680338281,1.285000000000764,1.0,-1.1044584811674554
S18_C9_STRESS,stress,0.18,9.0,OBJECTIVE_LIQUIDITY_ONLY,TOUCH_NEXT_OPEN,VOL_FLOOR_1.00,1.0,2.5,2248,12.677935943060497,50.26690391459074,37.055160142348754,0.0,0.005186437549079307,1.0096825275997465,-0.011783200815411983,0.978425036120342,6.008648680338281,1.285000000000764,1.0,-26.488635433046138
S18_C9_STRESS,stress,0.18,9.0,OBJECTIVE_LIQUIDITY_ONLY,TOUCH_NEXT_OPEN,VOL_FLOOR_1.00,1.0,3.0,2248,8.58540925266904,50.80071174377224,40.613879003558715,0.0,-0.0036465442714372757,0.993271868278741,-0.020616182635928574,0.9626942992767841,6.008648680338281,1.285000000000764,1.0,-46.34517856556744
