date,gap,side,entry,exit,net,scenario,asset,net_points
2015-01-07 00:00:00,0.008007111622404306,1,169.5933,169.6691,0.0002469516189613554,PRIMARY,SPY,
2015-01-08 00:00:00,0.008204321102844858,1,172.0273,172.1199,0.0003382866556644661,PRIMARY,SPY,
2015-01-09 00:00:00,0.002331263085605162,1,173.2569,173.2906,-5.491152156111677e-06,PRIMARY,SPY,
2015-01-13 00:00:00,0.007403040561724028,1,172.5831,172.4652,-0.0008831491611866136,PRIMARY,SPY,
2015-01-14 00:00:00,-0.01197594586526951,-1,168.549,168.4732,0.00024972085268979447,PRIMARY,SPY,
2015-01-15 00:00:00,0.0036336234282421387,1,169.4164,169.0038,-0.0026354194753282155,PRIMARY,SPY,
2015-01-20 00:00:00,0.004217505209287653,1,170.6124,170.0734,-0.003359207654308882,PRIMARY,SPY,
2015-01-21 00:00:00,-0.0026728162597497995,-1,169.3238,170.4187,-0.0066663089299910045,PRIMARY,SPY,
2015-01-22 00:00:00,0.004431662651081414,1,171.5977,171.3956,-0.0013777547134955714,PRIMARY,SPY,
2015-01-27 00:00:00,-0.012119310278268625,-1,170.9661,171.1766,-0.0014312382396275635,PRIMARY,SPY,
2015-01-28 00:00:00,0.007004166776472864,1,171.6146,171.5472,-0.0005927404777914756,PRIMARY,SPY,
2015-01-30 00:00:00,-0.006980896153070626,-1,169.4333,169.3743,0.00014821962388742466,PRIMARY,SPY,
2015-03-02 00:00:00,0.05685907843105764,1,177.6447,177.67,-5.758089039533659e-05,PRIMARY,SPY,
2015-03-03 00:00:00,-0.002500197428224271,-1,178.0827,178.1669,-0.0006728140352769916,PRIMARY,SPY,
2015-03-04 00:00:00,-0.0035046361071995324,-1,176.8531,176.592,0.0012763665437586003,PRIMARY,SPY,
2015-03-06 00:00:00,-0.0049887931272788455,-1,176.453,176.4656,-0.00027140711690922783,PRIMARY,SPY,
2015-03-10 00:00:00,-0.008014377445553222,-1,174.1328,173.8885,0.0012029522295627705,PRIMARY,SPY,
2015-03-12 00:00:00,0.0036676037431968567,1,173.2569,173.3242,0.00018844051809761026,PRIMARY,SPY,
2015-03-16 00:00:00,0.004226516357200838,1,174.1496,174.3517,0.0009604964926705819,PRIMARY,SPY,
2015-03-17 00:00:00,-0.004600952058477992,-1,174.9665,175.0844,-0.0008738432785704518,PRIMARY,SPY,
2015-03-18 00:00:00,-0.0029327438539120676,-1,174.5875,174.6549,-0.0005860528388344164,PRIMARY,SPY,
2015-03-19 00:00:00,-0.0022806265234269762,-1,176.7604,176.7773,-0.0002956096501252279,PRIMARY,SPY,
2015-03-20 00:00:00,0.0054788619429950725,1,177.5424,177.517,-0.00034306441728839657,PRIMARY,SPY,
2015-03-26 00:00:00,-0.0038397299146731845,-1,173.1774,173.4227,-0.001616466582822018,PRIMARY,SPY,
2015-03-30 00:00:00,0.006125041876576365,1,175.343,175.5967,0.0012468784040424508,PRIMARY,SPY,
2015-03-31 00:00:00,-0.0048021251958313416,-1,175.3768,175.5544,-0.0012126767052425213,PRIMARY,SPY,
2015-04-06 00:00:00,-0.004893986536954609,-1,173.9218,174.1502,-0.0015132338786743248,PRIMARY,SPY,
2015-04-15 00:00:00,0.0027211575359473716,1,177.8131,178.0245,0.0009888887826598803,PRIMARY,SPY,
2015-04-17 00:00:00,-0.006702504771045947,-1,176.8149,176.8233,-0.00024750730849045757,PRIMARY,SPY,
2015-04-20 00:00:00,0.005434560141176936,1,177.0602,177.0517,-0.0002480062713134055,PRIMARY,SPY,
2015-04-21 00:00:00,0.003907231420089419,1,178.1599,177.9907,-0.0011497086605907424,PRIMARY,SPY,
2015-04-23 00:00:00,-0.0022790881178189615,-1,177.8892,177.9738,-0.0006755769321578285,PRIMARY,SPY,
2015-04-24 00:00:00,0.0022727005560279068,1,178.8789,178.7943,-0.0006729456632391882,PRIMARY,SPY,
2015-04-27 00:00:00,0.0032132556149588876,1,179.488,179.3357,-0.0010485246924585522,PRIMARY,SPY,
2015-04-29 00:00:00,-0.004966308833733835,-1,178.2191,178.3967,-0.001196526186026081,PRIMARY,SPY,
2015-04-30 00:00:00,-0.0031817576979504825,-1,177.7708,177.83,-0.0005330130707630552,PRIMARY,SPY,
2015-05-01 00:00:00,0.004557074580415765,1,177.407,177.3309,-0.000628957143742914,PRIMARY,SPY,
2015-05-04 00:00:00,0.0025630149314697093,1,178.7943,178.9635,0.0007463388933541595,PRIMARY,SPY,
2015-05-06 00:00:00,0.0031593529409768006,1,177.3647,176.8149,-0.003299827643268438,PRIMARY,SPY,
2015-05-08 00:00:00,0.009575070180204648,1,178.4813,178.4052,-0.0006263752000909227,PRIMARY,SPY,
2015-05-12 00:00:00,-0.004747982009419616,-1,177.0475,177.1279,-0.0006541154210029319,PRIMARY,SPY,
2015-05-13 00:00:00,0.002429480322053923,1,178.5659,178.4898,-0.0006261731943220326,PRIMARY,SPY,
2015-05-14 00:00:00,0.005713153648432057,1,178.6844,178.6421,-0.00043673023498416155,PRIMARY,SPY,
2015-05-22 00:00:00,-0.00201407471070858,-1,180.1478,180.4016,-0.0016088431832084415,PRIMARY,SPY,
2015-05-26 00:00:00,-0.0026765647385075253,-1,179.5134,179.3357,0.0007898982471502338,PRIMARY,SPY,
2015-05-27 00:00:00,0.002467724364332291,1,178.5067,178.6251,0.00046328042588881255,PRIMARY,SPY,
2015-06-01 00:00:00,0.00397929378455153,1,179.1158,178.9212,-0.0012864479850466458,PRIMARY,SPY,
2015-06-02 00:00:00,-0.002505419842210088,-1,178.439,178.0245,0.002122922679459105,PRIMARY,SPY,
2015-06-03 00:00:00,0.0028858608478168346,1,178.8197,178.9381,0.00046211944209704223,PRIMARY,SPY,
2015-06-04 00:00:00,-0.004057977481711217,-1,178.3967,178.439,-0.00043711200935871977,PRIMARY,SPY,
2015-06-10 00:00:00,0.004413248365164213,1,177.297,177.3816,0.0002771654342712317,PRIMARY,SPY,
2015-06-11 00:00:00,0.0026074895977810097,1,179.1242,179.1242,-0.0002,PRIMARY,SPY,
2015-06-12 00:00:00,-0.004536937408029296,-1,178.2233,177.8977,0.0016269216202371207,PRIMARY,SPY,
2015-06-15 00:00:00,-0.006476439663844369,-1,176.0028,176.155,-0.0010647589697436954,PRIMARY,SPY,
2015-06-18 00:00:00,0.00327611589716037,1,178.9974,178.9128,-0.0006726325633780393,PRIMARY,SPY,
2015-06-22 00:00:00,0.006890098292624103,1,180.314,180.0675,-0.0015670596847721318,PRIMARY,SPY,
2015-06-25 00:00:00,0.002945312203093353,1,179.3364,179.1324,-0.0013375270162666818,PRIMARY,SPY,
2015-06-26 00:00:00,0.002287631538813395,1,178.5204,178.3546,-0.0011287453982849137,PRIMARY,SPY,
2015-06-29 00:00:00,-0.00853070684441215,-1,177.0328,176.9478,0.0002801370141578332,PRIMARY,SPY,
2015-06-30 00:00:00,0.008859018436103483,1,175.9447,175.8002,-0.0010212807774261589,PRIMARY,SPY,
2015-07-01 00:00:00,0.008936784860088753,1,176.5313,176.6843,0.000666701825682048,PRIMARY,SPY,
2015-07-02 00:00:00,0.0026507380514126933,1,176.8118,176.9223,0.000424958288983013,PRIMARY,SPY,
2015-07-06 00:00:00,-0.007380685258548181,-1,174.7461,175.1117,-0.0022921783089866698,PRIMARY,SPY,
2015-07-08 00:00:00,-0.007548501639958016,-1,175.7407,175.6812,0.00013856699102718934,PRIMARY,SPY,
2015-07-09 00:00:00,0.012519301620760759,1,176.2252,176.0552,-0.0011646747457230377,PRIMARY,SPY,
2015-07-10 00:00:00,0.011713396425637068,1,176.2125,176.1794,-0.00038784138469185583,PRIMARY,SPY,
2015-07-13 00:00:00,0.007374993408096442,1,177.7553,177.7553,-0.0002,PRIMARY,SPY,
2015-07-16 00:00:00,0.005887267840806176,1,180.025,179.923,-0.0007665879738925294,PRIMARY,SPY,
2015-07-22 00:00:00,-0.0038727885355237524,-1,179.4895,179.5405,-0.0004841391836292395,PRIMARY,SPY,
2015-07-27 00:00:00,-0.005000712690644837,-1,175.6812,175.5112,0.0007676618784479896,PRIMARY,SPY,
2015-07-28 00:00:00,0.004933496512528279,1,176.3357,176.2677,-0.0005856280945946366,PRIMARY,SPY,
2015-07-30 00:00:00,-0.002752023686383165,-1,178.6904,178.4524,0.0011319126265316505,PRIMARY,SPY,
2015-07-31 00:00:00,0.0029891161792887644,1,179.4554,179.1579,-0.0018577935241847142,PRIMARY,SPY,
2015-08-05 00:00:00,0.005254572253318379,1,178.9879,179.1367,0.0006313411130025372,PRIMARY,SPY,
2015-08-10 00:00:00,0.0064921361702223734,1,178.2569,178.1889,-0.0005814719093623298,PRIMARY,SPY,
2015-08-11 00:00:00,-0.007598116029225999,-1,177.7468,177.7128,-8.71666887949357e-06,PRIMARY,SPY,
2015-08-12 00:00:00,-0.007285704377794189,-1,175.6395,175.8087,-0.001163336834823636,PRIMARY,SPY,
2015-08-17 00:00:00,-0.0032954704416077174,-1,177.0923,177.1603,-0.0005839805570315935,PRIMARY,SPY,
2015-08-19 00:00:00,-0.0041437330799433125,-1,177.4791,177.3303,0.0006384085788128992,PRIMARY,SPY,
2015-08-20 00:00:00,-0.008688541809019235,-1,175.4602,175.8682,-0.0025253136608758497,PRIMARY,SPY,
2015-08-21 00:00:00,-0.010690858741742915,-1,171.5924,172.026,-0.0027269184416094604,PRIMARY,SPY,
2015-08-24 00:00:00,-0.05168586030745559,-1,156.3084,158.9648,-0.017194608095278306,PRIMARY,SPY,
2015-08-25 00:00:00,0.03140212840856105,1,165.404,165.268,-0.001022229208483405,PRIMARY,SPY,
2015-08-26 00:00:00,0.025849340871022752,1,163.4064,162.7433,-0.004257980593171306,PRIMARY,SPY,
2015-08-27 00:00:00,0.01264428280336416,1,167.4101,167.7077,0.001577670522865593,PRIMARY,SPY,
2015-08-28 00:00:00,-0.003914419953329307,-1,169.0763,169.1698,-0.0007530047676700622,PRIMARY,SPY,
2015-08-31 00:00:00,-0.00587133476938817,-1,168.5407,168.2262,0.0016660181190655044,PRIMARY,SPY,
2015-09-01 00:00:00,-0.02267233906764976,-1,164.3924,164.911,-0.0033546470518102333,PRIMARY,SPY,
2015-09-02 00:00:00,0.015865736161685406,1,164.9365,165.0895,0.0007276297241664899,PRIMARY,SPY,
2015-09-03 00:00:00,0.004092635603161199,1,166.9086,167.1551,0.0012768561955464942,PRIMARY,SPY,
2015-09-04 00:00:00,-0.013807491610950184,-1,164.1459,164.4094,-0.0018052792058771638,PRIMARY,SPY,
2015-09-08 00:00:00,0.01755302348569132,1,166.6451,166.5941,-0.0005060396015245326,PRIMARY,SPY,
2015-09-09 00:00:00,0.009265331186749881,1,169.2803,169.2378,-0.00045106288209564285,PRIMARY,SPY,
2015-09-11 00:00:00,-0.002578237465699962,-1,165.71,166.0416,-0.002201086234988625,PRIMARY,SPY,
2015-09-15 00:00:00,0.0030610205442496152,1,166.9766,166.9086,-0.0006072426914908389,PRIMARY,SPY,
2015-09-18 00:00:00,-0.015141869636935534,-1,167.9026,167.8343,0.00020678345659916903,PRIMARY,SPY,
2015-09-21 00:00:00,0.005219261686451482,1,167.8941,167.9539,0.00015617689960520948,PRIMARY,SPY,
2015-09-22 00:00:00,-0.0131321644811494,-1,165.6552,165.903,-0.0016958781855323179,PRIMARY,SPY,
2015-09-24 00:00:00,-0.007336054151988902,-1,164.3391,164.0059,0.001827515058802276,PRIMARY,SPY,
2015-09-25 00:00:00,0.00886340063929536,1,166.0226,165.903,-0.0009203838513553107,PRIMARY,SPY,
2015-09-28 00:00:00,-0.005342108585245531,-1,163.5017,163.6555,-0.001140663002280573,PRIMARY,SPY,
2015-09-30 00:00:00,0.012337374228914122,1,162.9206,163.2966,0.0021078726692633555,PRIMARY,SPY,
2015-10-01 00:00:00,0.002139296010432501,1,164.2451,163.7153,-0.0034256670061998617,PRIMARY,SPY,
2015-10-02 00:00:00,-0.012385933457732756,-1,161.7328,161.9806,-0.001732156742479085,PRIMARY,SPY,
2015-10-05 00:00:00,0.0075902888474908,1,167.9454,168.3983,0.0024967097640067105,PRIMARY,SPY,
2015-10-07 00:00:00,0.005459997385353299,1,169.9493,170.2356,0.0014846200602180782,PRIMARY,SPY,
2015-10-08 00:00:00,-0.0025070303043814857,-1,170.0561,169.8168,0.0012071826885362348,PRIMARY,SPY,
2015-10-13 00:00:00,-0.004465405445576609,-1,171.5174,171.6456,-0.0009474460317145048,PRIMARY,SPY,
2015-10-15 00:00:00,0.004064906968713977,1,170.8252,170.9961,0.0008004378745056553,PRIMARY,SPY,
2015-10-16 00:00:00,0.002470766643262179,1,173.3205,173.3034,-0.0002986611508736468,PRIMARY,SPY,
2015-10-19 00:00:00,-0.0031510305655725324,-1,173.0898,172.8334,0.001281312012608371,PRIMARY,SPY,
2015-10-20 00:00:00,-0.002360777709930484,-1,173.423,173.2094,0.001031670539663221,PRIMARY,SPY,
2015-10-21 00:00:00,0.0026594196760176825,1,173.9358,173.7478,-0.001280858569656118,PRIMARY,SPY,
2015-10-22 00:00:00,0.005747802899007892,1,173.6281,173.6196,-0.00024895520943903884,PRIMARY,SPY,
2015-10-23 00:00:00,0.009892148890868313,1,177.0378,176.9951,-0.0004411914291750028,PRIMARY,SPY,
2015-10-27 00:00:00,-0.003720311714628277,-1,176.2003,176.3285,-0.0009275810540616767,PRIMARY,SPY,
2015-10-29 00:00:00,-0.0029675052851162453,-1,178.1487,178.3367,-0.0012552981862905765,PRIMARY,SPY,
2015-11-02 00:00:00,0.002261020645888401,1,178.0975,178.3538,0.0012390993697273035,PRIMARY,SPY,
2015-11-09 00:00:00,-0.003380447119432195,-1,178.6187,178.9691,-0.0021617206932980303,PRIMARY,SPY,
2015-11-10 00:00:00,-0.0026918127497210786,-1,177.6274,177.7385,-0.0008254665665319514,PRIMARY,SPY,
2015-11-12 00:00:00,-0.00582537508598624,-1,176.3114,176.3798,-0.0005879499567243094,PRIMARY,SPY,
2015-11-13 00:00:00,-0.0026352252049526292,-1,174.7561,174.6878,0.00019083042022558522,PRIMARY,SPY,
2015-11-18 00:00:00,0.0032135250660654258,1,176.2687,176.2858,-0.00010298901620078277,PRIMARY,SPY,
2015-11-20 00:00:00,0.004411896745230015,1,179.0631,179.1571,0.00032495461097246123,PRIMARY,SPY,
2015-11-24 00:00:00,-0.005692043062273222,-1,177.7898,178.0804,-0.0018345144659590805,PRIMARY,SPY,
2015-12-01 00:00:00,0.0036900037909459726,1,179.0289,179.2938,0.0012796493750450778,PRIMARY,SPY,
2015-12-04 00:00:00,0.0023341426849299296,1,176.2858,176.3542,0.00018800629432422794,PRIMARY,SPY,
2015-12-08 00:00:00,-0.008689574813660284,-1,176.0636,176.226,-0.001122393953094236,PRIMARY,SPY,
2015-12-09 00:00:00,-0.003720492620363447,-1,176.2174,176.9267,-0.004225141671594401,PRIMARY,SPY,
2015-12-11 00:00:00,-0.011952182174407855,-1,174.0127,173.8332,0.0008315339052838768,PRIMARY,SPY,
2015-12-15 00:00:00,0.008424138936897085,1,175.2176,175.3372,0.00048257983216302167,PRIMARY,SPY,
2015-12-16 00:00:00,0.006217038313867995,1,176.5721,176.4567,-0.0008535573853400089,PRIMARY,SPY,
2015-12-17 00:00:00,0.002019355201710482,1,177.9009,177.4907,-0.0025057781045514592,PRIMARY,SPY,
2015-12-18 00:00:00,-0.004450869098871824,-1,174.293,173.9491,0.001773114238667195,PRIMARY,SPY,
2015-12-21 00:00:00,0.007351456999677097,1,173.4074,173.0893,-0.0020344084508503667,PRIMARY,SPY,
2015-12-22 00:00:00,0.005306741176389185,1,174.0092,173.7169,-0.0018797962406583934,PRIMARY,SPY,
2015-12-23 00:00:00,0.005896658445904368,1,175.9952,175.9866,-0.00024886496904465963,PRIMARY,SPY,
2015-12-28 00:00:00,-0.0030656754165208078,-1,176.064,175.9866,0.00023961286804783394,PRIMARY,SPY,
2015-12-29 00:00:00,0.006432818484886305,1,177.8436,177.9296,0.00028357095785278583,PRIMARY,SPY,
2015-12-31 00:00:00,-0.0039332921779785535,-1,176.1758,176.2187,-0.0004435067699422255,PRIMARY,SPY,
2016-01-04 00:00:00,-0.016819088707460406,-1,172.0061,172.1522,-0.0010493884809899211,PRIMARY,SPY,
2016-01-05 00:00:00,0.0020399659716314744,1,173.2011,173.0549,-0.001044105493556291,PRIMARY,SPY,
2016-01-06 00:00:00,-0.015340524890096852,-1,170.6133,171.0165,-0.0025632389737493488,PRIMARY,SPY,
2016-01-07 00:00:00,-0.017404929973037664,-1,167.759,168.507,-0.004658777174399131,PRIMARY,SPY,
2016-01-08 00:00:00,0.006082276504066897,1,168.292,167.8622,-0.002753894421600589,PRIMARY,SPY,
2016-01-11 00:00:00,0.005836694984345803,1,166.1341,165.7214,-0.0026841378139707216,PRIMARY,SPY,
2016-01-12 00:00:00,0.009059155802946472,1,166.6328,166.9036,0.0014251302264620459,PRIMARY,SPY,
2016-01-13 00:00:00,0.004286895172917582,1,167.226,167.4839,0.001342224295265182,PRIMARY,SPY,
2016-01-14 00:00:00,0.0038127197010433544,1,162.6952,162.3513,-0.002313768568464125,PRIMARY,SPY,
2016-01-15 00:00:00,-0.026681861026164877,-1,161.1735,161.5174,-0.002333725457348801,PRIMARY,SPY,
2016-01-19 00:00:00,0.011609266600594692,1,163.1509,162.8671,-0.001939493928626934,PRIMARY,SPY,
2016-01-20 00:00:00,-0.015902621959178687,-1,159.4454,158.8608,0.003466458863033961,PRIMARY,SPY,
2016-01-21 00:00:00,0.002260702652178148,1,160.3052,159.7893,-0.0034182362144210775,PRIMARY,SPY,
2016-01-22 00:00:00,0.01660619722943424,1,163.1036,162.8671,-0.0016499986511641306,PRIMARY,SPY,
2016-01-25 00:00:00,-0.0029401007144781444,-1,163.2196,163.1165,0.0004316643344305151,PRIMARY,SPY,
2016-01-26 00:00:00,0.004049912977076353,1,162.4373,162.1622,-0.0018935765369159307,PRIMARY,SPY,
2016-01-27 00:00:00,-0.0031546763887945195,-1,162.7726,163.0649,-0.0019957567797035613,PRIMARY,SPY,
2016-01-28 00:00:00,0.009780977578381034,1,163.4131,163.0391,-0.0024886782026655395,PRIMARY,SPY,
2016-01-29 00:00:00,0.004652873269163305,1,163.4337,163.8128,0.0021195950406802445,PRIMARY,SPY,
2016-02-01 00:00:00,-0.005989034416079675,-1,165.2744,165.6699,-0.0025929900819485984,PRIMARY,SPY,
2016-02-02 00:00:00,-0.008931606223839483,-1,164.8961,164.5006,0.0021984800125654847,PRIMARY,SPY,
2016-02-03 00:00:00,0.006731905709272734,1,164.3373,164.1739,-0.0011942964865553573,PRIMARY,SPY,
2016-02-04 00:00:00,-0.0025107728398501283,-1,164.1911,163.7699,0.0023653034786903283,PRIMARY,SPY,
2016-02-05 00:00:00,-0.0029238310141047608,-1,163.7441,163.9074,-0.0011972878412107812,PRIMARY,SPY,
2016-02-08 00:00:00,-0.011598769943701681,-1,159.2735,158.8866,0.0022291548813833995,PRIMARY,SPY,
2016-02-09 00:00:00,-0.010788866020782106,-1,157.9409,158.6803,-0.004881497952715219,PRIMARY,SPY,
2016-02-10 00:00:00,0.00555665009794426,1,160.2622,160.2278,-0.00041464824518824253,PRIMARY,SPY,
2016-02-11 00:00:00,-0.01592097391513947,-1,157.0769,156.8318,0.0013603822076957207,PRIMARY,SPY,
2016-02-12 00:00:00,0.010488486301809319,1,158.8264,158.7318,-0.0007956188643702065,PRIMARY,SPY,
2016-02-16 00:00:00,0.011412197066058116,1,162.188,162.0762,-0.0008893235011220522,PRIMARY,SPY,
2016-02-17 00:00:00,0.007324507557114224,1,164.5092,164.621,0.00047959725048827304,PRIMARY,SPY,
2016-02-19 00:00:00,-0.004529915979416321,-1,164.5092,163.8292,0.0039335074269402975,PRIMARY,SPY,
2016-02-22 00:00:00,0.00963441907572582,1,166.7445,167.1142,0.0020171645841393416,PRIMARY,SPY,
2016-02-23 00:00:00,-0.004055731676805063,-1,166.7359,166.7316,-0.00017421071286984874,PRIMARY,SPY,
2016-02-24 00:00:00,-0.00904549472688776,-1,163.4776,163.5893,-0.0008832740387674452,PRIMARY,SPY,
2016-02-25 00:00:00,0.002639707338627284,1,166.9165,166.5038,-0.002672493731895842,PRIMARY,SPY,
2016-02-26 00:00:00,0.0053187660653089,1,168.911,168.9325,-7.271403283384253e-05,PRIMARY,SPY,
2016-03-01 00:00:00,0.007907274536267606,1,167.63,167.3721,-0.0017385074270715116,PRIMARY,SPY,
2016-03-02 00:00:00,-0.002220315386908811,-1,169.9685,170.1233,-0.00111075699320764,PRIMARY,SPY,
2016-03-07 00:00:00,-0.005190030219547448,-1,171.4301,171.6708,-0.0016040708137019743,PRIMARY,SPY,
2016-03-08 00:00:00,-0.006330996659381638,-1,171.2237,171.1549,0.00020181353399093566,PRIMARY,SPY,
2016-03-09 00:00:00,0.005041753671807481,1,171.3699,171.2151,-0.0011033091575590958,PRIMARY,SPY,
2016-03-10 00:00:00,0.002708122384034173,1,172.092,172.1608,0.00019978616089064721,PRIMARY,SPY,
2016-03-11 00:00:00,0.008619624320316488,1,173.1925,173.2699,0.00024690156906335156,PRIMARY,SPY,
2016-03-14 00:00:00,-0.00281193163236626,-1,173.8889,173.9577,-0.0005956549267951637,PRIMARY,SPY,
2016-03-15 00:00:00,-0.005605117786168012,-1,173.042,173.0206,-7.633060181924095e-05,PRIMARY,SPY,
2016-03-16 00:00:00,-0.002868482989021426,-1,173.5364,173.7556,-0.0014631355727097394,PRIMARY,SPY,
2016-03-18 00:00:00,0.002778163002234768,1,176.3806,176.5361,0.0006816162321707566,PRIMARY,SPY,
2016-03-22 00:00:00,-0.004494747929447707,-1,176.225,176.13,0.0003390835579515141,PRIMARY,SPY,
2016-03-23 00:00:00,-0.0023462148902064772,-1,176.346,176.2553,0.00031432978349374993,PRIMARY,SPY,
2016-03-24 00:00:00,-0.006101504992347628,-1,174.4535,174.6004,-0.001042058198889717,PRIMARY,SPY,
2016-03-28 00:00:00,0.002313972187899971,1,175.8189,175.6201,-0.0013307089283347783,PRIMARY,SPY,
2016-03-29 00:00:00,-0.0024594923880987274,-1,175.1967,175.0498,0.0006384861130374954,PRIMARY,SPY,
2016-03-30 00:00:00,0.005556768331102413,1,178.1477,178.394,0.001182560650516451,PRIMARY,SPY,
2016-04-01 00:00:00,-0.005886562075474777,-1,176.5188,176.4411,0.0002401797428942311,PRIMARY,SPY,
2016-04-05 00:00:00,-0.007756647934244021,-1,176.8947,176.8558,1.990483604095167e-05,PRIMARY,SPY,
2016-04-07 00:00:00,-0.006249390364906571,-1,177.357,177.4607,-0.0007846964032996116,PRIMARY,SPY,
2016-04-08 00:00:00,0.00686474834268358,1,177.2966,177.2966,-0.0002,PRIMARY,SPY,
2016-04-11 00:00:00,0.0035203557698020305,1,177.3484,177.5558,0.0009694495129361826,PRIMARY,SPY,
2016-04-13 00:00:00,0.0051471691412599,1,178.9644,179.0637,0.0003548589551889194,PRIMARY,SPY,
2016-04-18 00:00:00,-0.0032721175601230224,-1,179.0421,179.2409,-0.0013103533749883266,PRIMARY,SPY,
2016-04-19 00:00:00,0.0021979759820667244,1,181.2111,181.1766,-0.00039038568829377043,PRIMARY,SPY,
2016-04-25 00:00:00,-0.0034928481884587415,-1,180.1742,180.1828,-0.0002477315842111192,PRIMARY,SPY,
2016-04-26 00:00:00,0.0020613615637057325,1,180.5285,180.5198,-0.000248191836745981,PRIMARY,SPY,
2016-04-27 00:00:00,-0.0023928413010720906,-1,180.5371,180.563,-0.0003434608177486307,PRIMARY,SPY,
2016-04-28 00:00:00,-0.004251520176893342,-1,180.0445,180.3816,-0.002072314899927563,PRIMARY,SPY,
2016-04-29 00:00:00,-0.00366272581092264,-1,178.973,178.9471,-5.5285434115725894e-05,PRIMARY,SPY,
2016-05-02 00:00:00,0.00285924205968624,1,178.6792,178.8174,0.0005734532055212462,PRIMARY,SPY,
2016-05-03 00:00:00,-0.006972660227625549,-1,178.4459,178.4286,-0.00010305184932792849,PRIMARY,SPY,
2016-05-04 00:00:00,-0.005626927520188896,-1,177.357,177.0287,0.0016510687483438425,PRIMARY,SPY,
2016-05-05 00:00:00,0.0027808356055345484,1,177.6422,177.7625,0.0004772039526643514,PRIMARY,SPY,
2016-05-06 00:00:00,-0.004488168172508189,-1,176.4851,176.9077,-0.0025945364226216626,PRIMARY,SPY,
2016-05-10 00:00:00,0.004031616687846684,1,178.7829,178.7224,-0.000538399254067423,PRIMARY,SPY,
2016-05-11 00:00:00,-0.0024950906011036444,-1,179.7507,179.7507,-0.0002,PRIMARY,SPY,
2016-05-12 00:00:00,0.0035339390927726644,1,179.2236,178.9644,-0.0016462381070349251,PRIMARY,SPY,
2016-05-18 00:00:00,-0.0021480293257120087,-1,176.4583,176.588,-0.0009350178484093472,PRIMARY,SPY,
2016-05-19 00:00:00,-0.004390929965880974,-1,176.3719,176.5015,-0.0009348109307661055,PRIMARY,SPY,
2016-05-20 00:00:00,0.00342766932085814,1,177.3052,177.3657,0.000141219546860394,PRIMARY,SPY,
2016-05-24 00:00:00,0.00497181566037308,1,178.3537,178.5496,0.0008983792318297603,PRIMARY,SPY,
2016-05-25 00:00:00,0.003945159718839131,1,180.4075,180.5285,0.00047070382328893176,PRIMARY,SPY,
2016-06-01 00:00:00,-0.0037164248224759167,-1,180.5976,180.5976,-0.0002,PRIMARY,SPY,
2016-06-02 00:00:00,-0.002235507587352248,-1,181.2803,181.2716,-0.00015200802293460197,PRIMARY,SPY,
2016-06-03 00:00:00,-0.003129103072754047,-1,181.5654,181.3408,0.0010370198286678623,PRIMARY,SPY,
2016-06-09 00:00:00,-0.003909151600201666,-1,182.6802,182.8357,-0.0010512143078449609,PRIMARY,SPY,
2016-06-10 00:00:00,-0.007310844054794874,-1,181.937,181.6951,0.0011295811187390426,PRIMARY,SPY,
2016-06-13 00:00:00,-0.003332374772892721,-1,181.2025,180.926,0.001325917136904864,PRIMARY,SPY,
2016-06-14 00:00:00,-0.002110788059002111,-1,179.9495,180.0964,-0.001016340139872418,PRIMARY,SPY,
2016-06-15 00:00:00,0.0022106520617179992,1,180.0877,180.2692,0.0008078422901731443,PRIMARY,SPY,
2016-06-16 00:00:00,-0.00490959526753787,-1,178.5755,178.3327,0.0011596490000028493,PRIMARY,SPY,
2016-06-20 00:00:00,0.01084330098212738,1,181.5928,181.7491,0.00066071694472456,PRIMARY,SPY,
2016-06-21 00:00:00,0.0020685747769013663,1,180.8284,180.8284,-0.0002,PRIMARY,SPY,
2016-06-23 00:00:00,0.00845985676509109,1,182.1748,182.0879,-0.0006770143839872842,PRIMARY,SPY,
2016-06-24 00:00:00,-0.03419806813404025,-1,177.6665,178.1616,-0.0029866817886319507,PRIMARY,SPY,
2016-06-27 00:00:00,-0.00802080117374826,-1,174.8607,174.5045,0.0018370500632789223,PRIMARY,SPY,
2016-06-28 00:00:00,0.009469053550303697,1,175.0692,175.3471,0.001387372307636059,PRIMARY,SPY,
2016-06-29 00:00:00,0.008109369971306624,1,178.2224,178.0617,-0.001101682392336678,PRIMARY,SPY,
2016-06-30 00:00:00,0.0026130007230174,1,179.8728,179.8902,-0.00010326497391501804,PRIMARY,SPY,
2016-07-05 00:00:00,-0.004146040249014771,-1,181.406,181.3539,8.720108485935646e-05,PRIMARY,SPY,
2016-07-06 00:00:00,-0.00287869599269186,-1,180.3506,180.229,0.00047424228142276556,PRIMARY,SPY,
2016-07-08 00:00:00,0.007254558410897838,1,183.1303,183.2606,0.0005115152435179795,PRIMARY,SPY,
2016-07-11 00:00:00,0.002539520647206972,1,185.4409,185.4757,-1.2339133384409005e-05,PRIMARY,SPY,
2016-07-12 00:00:00,0.005201205523138741,1,186.5094,186.5615,7.934248890404411e-05,PRIMARY,SPY,
2016-07-13 00:00:00,0.002326077129568116,1,186.8829,186.7787,-0.0007575684024595739,PRIMARY,SPY,
2016-07-14 00:00:00,0.006886215677389007,1,187.9774,187.8471,-0.0008931684340776289,PRIMARY,SPY,
2016-07-15 00:00:00,0.003285723114825112,1,188.1338,187.9861,-0.0009850795550826684,PRIMARY,SPY,
2016-07-19 00:00:00,-0.0022178198017420714,-1,187.6213,187.5605,0.0001240570233763451,PRIMARY,SPY,
2016-07-20 00:00:00,0.0027758811505314007,1,188.0122,187.9948,-0.0002925471857677884,PRIMARY,SPY,
2016-07-27 00:00:00,0.0021225501834922778,1,188.5594,188.5942,-1.5442772940654602e-05,PRIMARY,SPY,
2016-08-05 00:00:00,0.003696549904487645,1,188.7853,188.9242,0.0005357564386634152,PRIMARY,SPY,
2016-08-11 00:00:00,0.002848913937515407,1,189.6843,189.6887,-0.00017680356255091994,PRIMARY,SPY,
2016-08-15 00:00:00,0.002059990029416481,1,190.1925,190.3315,0.0005308384925799327,PRIMARY,SPY,
2016-08-16 00:00:00,-0.002487069497673966,-1,189.7147,189.6105,0.000349245788544539,PRIMARY,SPY,
2016-08-19 00:00:00,-0.002558869784297424,-1,189.4628,189.2847,0.0007400262215062405,PRIMARY,SPY,
2016-08-23 00:00:00,0.0034325316541061746,1,190.5573,190.6355,0.00021037525195841694,PRIMARY,SPY,
2016-08-25 00:00:00,-0.0022027548966253585,-1,188.7505,189.0024,-0.001534566001149673,PRIMARY,SPY,
2016-09-02 00:00:00,0.004507166352139214,1,189.7321,189.7582,-6.243761598592173e-05,PRIMARY,SPY,
2016-09-08 00:00:00,-0.0020085344320188714,-1,189.9232,189.7147,0.0008978121682870823,PRIMARY,SPY,
2016-09-09 00:00:00,-0.007184409862206587,-1,188.377,188.2641,0.00039933006683399183,PRIMARY,SPY,
2016-09-12 00:00:00,-0.004172891909631105,-1,184.9458,185.2846,-0.002031888045038088,PRIMARY,SPY,
2016-09-13 00:00:00,-0.0069336060658143905,-1,186.4746,186.8047,-0.0019702142811941713,PRIMARY,SPY,
2016-09-16 00:00:00,-0.0033783711524105753,-1,186.1369,186.0933,3.423619927054328e-05,PRIMARY,SPY,
2016-09-19 00:00:00,0.0037034432143181473,1,187.0274,187.1409,0.00040686295163159267,PRIMARY,SPY,
2016-09-20 00:00:00,0.004779853013481272,1,187.202,186.9576,-0.0015055416074613247,PRIMARY,SPY,
2016-09-21 00:00:00,0.0037952598964139383,1,187.202,187.2282,-6.0044230296729505e-05,PRIMARY,SPY,
2016-09-22 00:00:00,0.005607275232605735,1,189.6684,189.6379,-0.0003608069662631939,PRIMARY,SPY,
2016-09-23 00:00:00,-0.002071793335450156,-1,189.2537,189.2363,-0.00010805992168174666,PRIMARY,SPY,
2016-09-26 00:00:00,-0.0044446447890371665,-1,187.5862,187.3417,0.0011034007832132265,PRIMARY,SPY,
2016-09-30 00:00:00,0.00448903483616947,1,188.468,188.2934,-0.0011264172167158248,PRIMARY,SPY,
2016-10-03 00:00:00,-0.0024960851432378472,-1,188.337,188.2584,0.00021733700759805091,PRIMARY,SPY,
2016-10-05 00:00:00,0.003213416976059369,1,188.1449,188.2061,0.00012528120613406485,PRIMARY,SPY,
2016-10-10 00:00:00,0.005114723084322259,1,188.8696,188.9307,0.0001235036236641786,PRIMARY,SPY,
2016-10-11 00:00:00,-0.0020823892621006923,-1,188.0315,187.8743,0.000636030133248844,PRIMARY,SPY,
2016-10-13 00:00:00,-0.007299391342235895,-1,185.2246,185.1067,0.00043652452212081824,PRIMARY,SPY,
2016-10-14 00:00:00,0.005257068385975616,1,186.9314,186.9969,0.00015039592064256552,PRIMARY,SPY,
2016-10-18 00:00:00,0.008757081188641935,1,186.9838,186.783,-0.0012738898236104522,PRIMARY,SPY,
2016-10-21 00:00:00,-0.00439489705702012,-1,185.9972,185.9448,8.172467112408394e-05,PRIMARY,SPY,
2016-10-24 00:00:00,0.004791234113543874,1,187.8219,187.787,-0.000385814327296141,PRIMARY,SPY,
2016-10-26 00:00:00,-0.004529058652084972,-1,186.0845,186.2068,-0.0008572283021959446,PRIMARY,SPY,
2016-10-27 00:00:00,0.003929619459788647,1,187.1933,186.9052,-0.0017390508100449064,PRIMARY,SPY,
2016-11-07 00:00:00,0.014051007684659833,1,184.5829,184.8535,0.0012660079563166838,PRIMARY,SPY,
2016-11-09 00:00:00,-0.00794129371069019,-1,186.3028,185.8924,0.002002865442709312,PRIMARY,SPY,
2016-11-10 00:00:00,0.004205051990214814,1,189.83,190.1181,0.0013176737080544455,PRIMARY,SPY,
2016-11-11 00:00:00,-0.0035042595106183905,-1,188.6601,188.7517,-0.0006855292666547939,PRIMARY,SPY,
2016-11-14 00:00:00,0.002633039673918036,1,189.3847,189.1577,-0.0013986184734036343,PRIMARY,SPY,
2016-11-15 00:00:00,0.002262753376278681,1,189.4545,189.603,0.000583829362723143,PRIMARY,SPY,
2016-11-16 00:00:00,-0.0031614429909013753,-1,190.0308,190.1268,-0.0007051812653527054,PRIMARY,SPY,
2016-11-21 00:00:00,0.0029746055175132735,1,191.5062,191.5585,7.309820778653736e-05,PRIMARY,SPY,
2016-11-23 00:00:00,-0.0024940725524770224,-1,192.1523,192.0475,0.00034540070558606326,PRIMARY,SPY,
2016-11-28 00:00:00,-0.0022554444569029553,-1,193.2174,193.1694,4.8424831304050455e-05,PRIMARY,SPY,
2016-11-30 00:00:00,0.0033497397988497823,1,193.4794,193.5929,0.0003866257596416347,PRIMARY,SPY,
2016-12-05 00:00:00,0.004506799306902787,1,192.5015,192.4841,-0.00029038890606039017,PRIMARY,SPY,
2016-12-13 00:00:00,0.0034920776368301265,1,198.3074,198.5344,0.0009446874902298898,PRIMARY,SPY,
2016-12-16 00:00:00,0.002534038035320041,1,198.4334,198.3543,-0.0005986224093323054,PRIMARY,SPY,
2016-12-20 00:00:00,0.002926838136155574,1,198.6266,198.8461,0.0009050886437165009,PRIMARY,SPY,
2017-01-03 00:00:00,0.006664945037761161,1,197.6869,197.4761,-0.0012663326705007138,PRIMARY,SPY,
2017-01-12 00:00:00,-0.0024662977751165327,-1,198.8374,198.5959,0.0010145602386673947,PRIMARY,SPY,
2017-01-17 00:00:00,-0.003171802455488648,-1,198.7847,198.6617,0.00041875989449888815,PRIMARY,SPY,
2017-01-20 00:00:00,0.0033189977090550826,1,199.3467,199.5575,0.0008574541740595578,PRIMARY,SPY,
2017-01-25 00:00:00,0.004921324354601575,1,200.7343,200.866,0.00045609116130138647,PRIMARY,SPY,
2017-01-30 00:00:00,-0.0035812458479028697,-1,200.1196,200.023,0.00028271133861943484,PRIMARY,SPY,
2017-01-31 00:00:00,-0.0028119059529765345,-1,199.4082,199.4872,-0.0005961722737579887,PRIMARY,SPY,
2017-02-01 00:00:00,0.003032315172634359,1,200.6289,200.6377,-0.00015613792429693945,PRIMARY,SPY,
2017-02-03 00:00:00,0.004566276245215217,1,200.809,200.8968,0.0002372313989911003,PRIMARY,SPY,
2017-02-06 00:00:00,-0.0021798389470846224,-1,201.1032,201.2086,-0.0007241090146750338,PRIMARY,SPY,
2017-02-13 00:00:00,0.002592357023147862,1,203.9047,203.9925,0.00023059331148342927,PRIMARY,SPY,
2017-02-17 00:00:00,-0.0033229182887116737,-1,205.5118,205.6172,-0.0007128659278932357,PRIMARY,SPY,
2017-02-23 00:00:00,0.0024546688582320897,1,207.9972,207.9269,-0.0005379853190331738,PRIMARY,SPY,
2017-02-24 00:00:00,-0.00418723968202972,-1,206.7633,206.9433,-0.00107056068460889,PRIMARY,SPY,
2017-03-01 00:00:00,0.007906314363378408,1,209.3935,209.5385,0.0004924761274824665,PRIMARY,SPY,
2017-03-06 00:00:00,-0.0041095792300805956,-1,208.5505,208.4714,0.0001792846336978517,PRIMARY,SPY,
2017-03-10 00:00:00,0.004856245516387192,1,208.7964,208.7437,-0.0004523989877221133,PRIMARY,SPY,
2017-03-14 00:00:00,-0.002355306455637418,-1,208.1816,208.2606,-0.0005794763802373868,PRIMARY,SPY,
2017-03-15 00:00:00,0.0026591219947307287,1,208.4978,208.4275,-0.0005371738214983377,PRIMARY,SPY,
2017-03-21 00:00:00,0.0030835833546838387,1,209.5124,209.4859,-0.0003264841603648703,PRIMARY,SPY,
2017-03-27 00:00:00,-0.008422256744082257,-1,204.6523,204.4935,0.000575950233640077,PRIMARY,SPY,
2017-04-05 00:00:00,0.0031848942813432757,1,208.3833,208.3789,-0.00022111493579382008,PRIMARY,SPY,
2017-04-13 00:00:00,-0.0020073912679205996,-1,206.1429,206.2753,-0.0008422729087443013,PRIMARY,SPY,
2017-04-17 00:00:00,0.002450868066559142,1,205.7813,205.6358,-0.0009070613316175755,PRIMARY,SPY,
2017-04-18 00:00:00,-0.0036664789767111294,-1,206.2929,206.4958,-0.0011835529967343605,PRIMARY,SPY,
2017-04-19 00:00:00,0.0028219568702603226,1,206.9544,207.0338,0.00018365939549978022,PRIMARY,SPY,
2017-04-20 00:00:00,0.00291262183067853,1,206.6193,206.4958,-0.0007977176381877225,PRIMARY,SPY,
2017-04-24 00:00:00,0.011040058148301446,1,209.1066,209.0184,-0.0006217944340348945,PRIMARY,SPY,
2017-04-25 00:00:00,0.0033315690552313537,1,210.0107,210.1122,0.00028330870760393553,PRIMARY,SPY,
2017-05-01 00:00:00,0.0024779170640587544,1,210.4297,210.4076,-0.00030502319777105916,PRIMARY,SPY,
2017-05-11 00:00:00,-0.0020845278402635836,-1,211.1794,211.003,0.0006353087469705756,PRIMARY,SPY,
2017-05-17 00:00:00,-0.008329902086701702,-1,210.315,210.4297,-0.0007453724175641383,PRIMARY,SPY,
2017-05-19 00:00:00,0.0027889312673590183,1,209.3448,209.6006,0.0010219075897752506,PRIMARY,SPY,
2017-05-22 00:00:00,0.002518179850279356,1,210.8531,210.9942,0.0004691862723384734,PRIMARY,SPY,
2017-05-25 00:00:00,0.002535679044575412,1,212.5907,212.6083,-0.00011721180653714286,PRIMARY,SPY,
2017-06-01 00:00:00,0.0022367435493453325,1,213.2875,213.2346,-0.0004480220359842855,PRIMARY,SPY,
2017-06-06 00:00:00,-0.0026846255117030093,-1,214.5224,214.5753,-0.0004465942950480304,PRIMARY,SPY,
2017-06-13 00:00:00,0.002671020061303375,1,215.2368,215.2721,-3.5994588285981176e-05,PRIMARY,SPY,
2017-06-15 00:00:00,-0.006468367150386234,-1,214.2931,214.3636,-0.0005289886608575099,PRIMARY,SPY,
2017-06-19 00:00:00,0.003956675128095499,1,215.8742,216.1002,0.0008469060221185434,PRIMARY,SPY,
2017-06-26 00:00:00,0.003001984464846341,1,216.2597,216.3041,5.308709852136663e-06,PRIMARY,SPY,
2017-06-28 00:00:00,0.004723068947738218,1,215.0632,214.8505,-0.0011890116021707974,PRIMARY,SPY,
2017-06-30 00:00:00,0.0036044929031873174,1,214.753,214.8593,0.00029498726443863996,PRIMARY,SPY,
2017-07-03 00:00:00,0.0047150594912270805,1,215.4,215.3911,-0.00024131847725163952,PRIMARY,SPY,
2017-07-05 00:00:00,0.0032666931659770526,1,214.9923,214.815,-0.0010246806978668976,PRIMARY,SPY,
2017-07-06 00:00:00,-0.003665795451588072,-1,214.4427,214.1236,0.0012880431928901982,PRIMARY,SPY,
2017-07-07 00:00:00,0.002618678814635178,1,213.8224,213.9021,0.00017273924528014034,PRIMARY,SPY,
2017-07-12 00:00:00,0.004707933415238896,1,215.9407,215.9938,4.590084222197993e-05,PRIMARY,SPY,
2017-07-21 00:00:00,-0.0025092504350661127,-1,218.4667,218.4579,-0.00015971926156246302,PRIMARY,SPY,
2017-07-25 00:00:00,0.0035253374486650113,1,219.3487,219.2379,-0.000705131783320456,PRIMARY,SPY,
2017-07-27 00:00:00,0.002060854479508878,1,219.6013,219.5835,-0.00028105598646279686,PRIMARY,SPY,
2017-07-28 00:00:00,-0.002305558623346027,-1,218.4579,218.7504,-0.0015389307505016213,PRIMARY,SPY,
2017-08-01 00:00:00,0.002918190081994565,1,219.1581,219.0517,-0.0006854942619049174,PRIMARY,SPY,
2017-08-04 00:00:00,0.002186287600515202,1,219.3531,219.4063,4.253133418206118e-05,PRIMARY,SPY,
2017-08-09 00:00:00,-0.0033200173734040384,-1,218.6617,218.4136,0.0009346294298452131,PRIMARY,SPY,
2017-08-10 00:00:00,-0.003842441638924554,-1,218.3781,218.2186,0.0005303845944257592,PRIMARY,SPY,
2017-08-14 00:00:00,0.006062872141245901,1,217.9615,218.0679,0.0002881596061689919,PRIMARY,SPY,
2017-08-16 00:00:00,0.002352283247853304,1,219.0251,218.972,-0.00044243796715539554,PRIMARY,SPY,
2017-08-17 00:00:00,-0.0027538567473602837,-1,218.3604,218.254,0.0002872678379413964,PRIMARY,SPY,
2017-08-22 00:00:00,0.0026755501806146054,1,216.1977,216.5478,0.0014193511771864787,PRIMARY,SPY,
2017-08-23 00:00:00,-0.004278893565568431,-1,216.6231,216.827,-0.0011412661899861342,PRIMARY,SPY,
2017-08-25 00:00:00,0.0035650351926441726,1,217.1062,217.1018,-0.00022026657921327947,PRIMARY,SPY,
2017-08-28 00:00:00,0.002412949279160248,1,217.1461,217.1018,-0.0004040101111647763,PRIMARY,SPY,
2017-08-29 00:00:00,-0.006050972454652248,-1,215.8432,215.8609,-0.00028200397325452967,PRIMARY,SPY,
2017-08-31 00:00:00,0.0028040580199268916,1,218.7415,218.8656,0.000367336330783208,PRIMARY,SPY,
2017-09-01 00:00:00,0.0020209767537513468,1,219.8317,219.7608,-0.0005225194546556675,PRIMARY,SPY,
2017-09-05 00:00:00,-0.0025816130165730033,-1,219.1581,218.9542,0.0007303785714513957,PRIMARY,SPY,
2017-09-06 00:00:00,0.0030069238559224942,1,218.6352,218.6795,2.6206210161696124e-06,PRIMARY,SPY,
2017-09-11 00:00:00,0.006043139393983932,1,220.1065,220.204,0.0002429673816992441,PRIMARY,SPY,
2017-09-27 00:00:00,0.0033326075794846144,1,222.6934,222.6934,-0.0002,PRIMARY,SPY,
2017-10-10 00:00:00,0.0025988918349970636,1,226.773,226.9868,0.0007427930132774876,PRIMARY,SPY,
2017-10-13 00:00:00,0.0021209805544446514,1,227.058,227.0703,-0.00014582881906812767,PRIMARY,SPY,
2017-10-19 00:00:00,-0.0034023730992549517,-1,227.0848,227.0313,3.559480863544201e-05,PRIMARY,SPY,
2017-10-20 00:00:00,0.003439701652619087,1,228.4921,228.4209,-0.000511608147502751,PRIMARY,SPY,
2017-10-26 00:00:00,0.0027026622938595146,1,228.0913,227.922,-0.000942246635448196,PRIMARY,SPY,
2017-10-27 00:00:00,0.003560514917397839,1,228.5277,228.1982,-0.0016418383416977544,PRIMARY,SPY,
2017-10-30 00:00:00,-0.002367493967987855,-1,229.0266,229.2136,-0.0010164990442158794,PRIMARY,SPY,
2017-11-01 00:00:00,0.0036167510196811747,1,229.8906,229.9262,-4.514373358468476e-05,PRIMARY,SPY,
2017-11-09 00:00:00,-0.005402550679781348,-1,229.7124,229.7659,-0.0004328999218152994,PRIMARY,SPY,
2017-11-13 00:00:00,-0.002944993011622876,-1,229.2938,229.3472,-0.00043288898347884055,PRIMARY,SPY,
2017-11-14 00:00:00,-0.0036386423557438485,-1,229.365,229.3205,-5.986092036746991e-06,PRIMARY,SPY,
2017-11-15 00:00:00,-0.0043839456556253875,-1,228.4654,227.8152,0.0026459451628123355,PRIMARY,SPY,
2017-11-16 00:00:00,0.004250652330000104,1,229.5966,229.463,-0.0007818901499412554,PRIMARY,SPY,
2017-11-21 00:00:00,0.0034459272382554307,1,230.9773,231.0753,0.00022428411796313624,PRIMARY,SPY,
2017-11-30 00:00:00,0.003920544765570799,1,235.2083,235.1548,-0.0004274579596043269,PRIMARY,SPY,
2017-12-04 00:00:00,0.007071206231627825,1,237.1857,237.4262,0.0008139734393768141,PRIMARY,SPY,
2017-12-08 00:00:00,0.003673617769425208,1,236.1257,235.9431,-0.0009733169239942938,PRIMARY,SPY,
2017-12-15 00:00:00,0.004238040182148239,1,237.6632,237.6632,-0.0002,PRIMARY,SPY,
2017-12-18 00:00:00,0.005815293601919791,1,240.1431,240.4206,0.0009555609967557334,PRIMARY,SPY,
2017-12-20 00:00:00,0.0038544513039548978,1,239.964,239.5209,-0.0020465269790467477,PRIMARY,SPY,
2017-12-21 00:00:00,0.002583775047183101,1,239.6596,239.4895,-0.0009097566715459358,PRIMARY,SPY,
2017-12-29 00:00:00,0.00257586542948407,1,240.0893,240.0535,-0.00034911118487992423,PRIMARY,SPY,
2018-01-02 00:00:00,0.0035973556610742197,1,239.4627,239.7492,0.0009964285043140065,PRIMARY,SPY,
2018-01-04 00:00:00,0.0027360261336957237,1,242.9452,243.0705,0.0003157541700762103,PRIMARY,SPY,
2018-01-05 00:00:00,0.003202592339767607,1,243.7241,243.5003,-0.0011182514162530132,PRIMARY,SPY,
2018-01-10 00:00:00,-0.0030597190429264565,-1,245.0401,245.0177,-0.00010858639055402169,PRIMARY,SPY,
2018-01-11 00:00:00,0.002371334039422246,1,245.819,245.998,0.0005281780497032653,PRIMARY,SPY,
2018-01-16 00:00:00,0.00518126593145829,1,250.2594,250.4295,0.0004796947487286431,PRIMARY,SPY,
2018-01-17 00:00:00,0.0038995812457123247,1,248.6211,248.6435,-0.00010990306132521149,PRIMARY,SPY,
2018-01-19 00:00:00,0.002220958793232475,1,250.4653,250.5056,-3.9099468070147135e-05,PRIMARY,SPY,
2018-01-24 00:00:00,0.0025769963933881535,1,254.2702,254.0553,-0.0010451639240460996,PRIMARY,SPY,
2018-01-25 00:00:00,0.0034605010606734155,1,254.3373,253.8763,-0.0020125536443140967,PRIMARY,SPY,
2018-01-26 00:00:00,0.0034947677061856197,1,254.3149,254.4761,0.0004338598328292644,PRIMARY,SPY,
2018-01-29 00:00:00,-0.0020939135017272736,-1,255.9622,256.2845,-0.0014591702993645094,PRIMARY,SPY,
2018-01-30 00:00:00,-0.007341256606542279,-1,253.3839,253.2944,0.0001532189693189469,PRIMARY,SPY,
2018-01-31 00:00:00,0.0037988177225811715,1,253.4376,253.4824,-2.3230649280025882e-05,PRIMARY,SPY,
2018-02-01 00:00:00,-0.003086204519195501,-1,251.8619,252.041,-0.0009111039819838183,PRIMARY,SPY,
2018-02-02 00:00:00,-0.005397778771196182,-1,250.6175,250.4206,0.0005856594212295454,PRIMARY,SPY,
2018-02-05 00:00:00,-0.007440591420190934,-1,245.1744,245.0759,0.00020175483247839593,PRIMARY,SPY,
2018-02-06 00:00:00,-0.01586033132875242,-1,234.4403,236.2756,-0.00802843222773555,PRIMARY,SPY,
2018-02-07 00:00:00,-0.002526302510616918,-1,240.5638,241.1637,-0.0026937251573180498,PRIMARY,SPY,
2018-02-09 00:00:00,0.011951023946256356,1,233.3749,232.5873,-0.003574827370038469,PRIMARY,SPY,
2018-02-12 00:00:00,0.0084077090017467,1,236.956,236.9649,-0.00016244028427216933,PRIMARY,SPY,
2018-02-13 00:00:00,-0.0049760985568177984,-1,236.3203,236.5352,-0.0011093590351738624,PRIMARY,SPY,
2018-02-14 00:00:00,-0.005788871224699399,-1,237.3051,237.0992,0.0006676593971221891,PRIMARY,SPY,
2018-02-15 00:00:00,0.006970538695787454,1,242.5513,242.9989,0.0016453828118010217,PRIMARY,SPY,
2018-02-16 00:00:00,-0.002527776698055928,-1,244.2523,244.6731,-0.001922808751442706,PRIMARY,SPY,
2018-02-20 00:00:00,-0.0038812197067304988,-1,243.8494,244.0195,-0.0008975616917654914,PRIMARY,SPY,
2018-02-22 00:00:00,0.004036923911968637,1,243.3033,243.545,0.0007934102825566171,PRIMARY,SPY,
2018-02-23 00:00:00,0.005511865034305119,1,243.7107,243.4107,-0.0014309677006385745,PRIMARY,SPY,
2018-02-26 00:00:00,0.004514115506216498,1,247.0723,247.6632,0.002191607638735582,PRIMARY,SPY,
2018-02-28 00:00:00,0.004738236744112001,1,246.6158,246.4994,-0.0006719892237237122,PRIMARY,SPY,
2018-03-02 00:00:00,-0.00720900008970049,-1,238.3884,237.5379,0.003367707153535937,PRIMARY,SPY,
2018-03-05 00:00:00,-0.005201714287137227,-1,240.1252,240.4743,-0.0016538249213327249,PRIMARY,SPY,
2018-03-06 00:00:00,0.003894176871954036,1,244.494,244.0643,-0.001957507341693443,PRIMARY,SPY,
2018-03-07 00:00:00,-0.008978084860789437,-1,242.9363,243.1108,-0.0009182952897530903,PRIMARY,SPY,
2018-03-08 00:00:00,0.0027126580609551088,1,245.0938,244.8431,-0.0012228736916233495,PRIMARY,SPY,
2018-03-09 00:00:00,0.005910631801424371,1,246.6068,246.7053,0.00019942126494474372,PRIMARY,SPY,
2018-03-13 00:00:00,0.004919214979119957,1,250.4116,250.5459,0.0003363170076786439,PRIMARY,SPY,
2018-03-14 00:00:00,0.004047507549211238,1,248.43,248.1287,-0.0014128164875417903,PRIMARY,SPY,
2018-03-15 00:00:00,0.002215984875629351,1,246.6829,246.5441,-0.0007626656732184987,PRIMARY,SPY,
2018-03-16 00:00:00,0.0020653612716938774,1,246.7932,246.8921,0.00020074037696324892,PRIMARY,SPY,
2018-03-19 00:00:00,-0.003136517216152268,-1,245.2203,245.3371,-0.0006763064069328582,PRIMARY,SPY,
2018-03-22 00:00:00,-0.009318634265306547,-1,240.4565,240.9508,-0.0022556732714647198,PRIMARY,SPY,
2018-03-26 00:00:00,0.015968366834333336,1,235.9533,236.2589,0.0010951715445386202,PRIMARY,SPY,
2018-03-27 00:00:00,0.003771016873916011,1,238.6498,238.7846,0.000364844387047625,PRIMARY,SPY,
2018-03-29 00:00:00,0.004848998130620119,1,235.0095,234.9556,-0.00042935243043364915,PRIMARY,SPY,
2018-04-02 00:00:00,-0.0035298955978486646,-1,236.187,236.3937,-0.0010751540093230315,PRIMARY,SPY,
2018-04-03 00:00:00,0.005203106484399589,1,232.313,232.7986,0.0018902833676978982,PRIMARY,SPY,
2018-04-04 00:00:00,-0.01549260141141251,-1,231.4681,231.5041,-0.00035552899081994196,PRIMARY,SPY,
2018-04-05 00:00:00,0.006481408856716442,1,238.7846,238.1015,-0.003060737250224732,PRIMARY,SPY,
2018-04-06 00:00:00,-0.008394492569592571,-1,237.1487,237.8858,-0.0033081764310747496,PRIMARY,SPY,
2018-04-09 00:00:00,0.006081773777885546,1,235.2073,234.5331,-0.0030664076327563627,PRIMARY,SPY,
2018-04-10 00:00:00,0.013072023651619746,1,237.1982,237.3779,0.000557594281912688,PRIMARY,SPY,
2018-04-11 00:00:00,-0.006260563652141005,-1,236.933,237.1847,-0.0012623256363613277,PRIMARY,SPY,
2018-04-12 00:00:00,0.005725366329800918,1,238.5509,238.479,-0.000501403180620996,PRIMARY,SPY,
2018-04-13 00:00:00,0.00564120308289251,1,240.1688,240.007,-0.0008736928360386862,PRIMARY,SPY,
2018-04-16 00:00:00,0.006939386209003251,1,239.6475,239.4677,-0.0009502686237077505,PRIMARY,SPY,
2018-04-17 00:00:00,0.0075562882293622735,1,241.8856,241.8047,-0.0005344556269575527,PRIMARY,SPY,
2018-04-19 00:00:00,-0.0026627646253509774,-1,242.0384,242.2002,-0.0008684889670398597,PRIMARY,SPY,
2018-04-23 00:00:00,0.0023629653274583884,1,240.07,240.016,-0.00042493439413506787,PRIMARY,SPY,
2018-04-24 00:00:00,0.00427608680047209,1,240.4115,240.425,-0.0001438462802319183,PRIMARY,SPY,
2018-04-26 00:00:00,0.004628416068644947,1,237.7689,237.8768,0.00025380199008371315,PRIMARY,SPY,
2018-04-27 00:00:00,0.002665759837639836,1,240.025,239.7284,-0.0014357046141027173,PRIMARY,SPY,
2018-04-30 00:00:00,0.002475673131016931,1,240.2677,240.4025,0.0003610408723271121,PRIMARY,SPY,
2018-05-01 00:00:00,-0.002079538235652989,-1,236.987,236.7982,0.0005966681716717883,PRIMARY,SPY,
2018-05-03 00:00:00,-0.003571405926699245,-1,235.1803,235.1983,-0.0002765370228714701,PRIMARY,SPY,
2018-05-04 00:00:00,-0.004303025886786882,-1,235.0095,235.6387,-0.0028773385756746483,PRIMARY,SPY,
2018-05-07 00:00:00,0.0033836602253041193,1,240.052,240.3171,0.0009043440587872322,PRIMARY,SPY,
2018-05-09 00:00:00,0.0029224774405249843,1,240.771,240.3886,-0.001788231140793539,PRIMARY,SPY,
2018-05-10 00:00:00,0.0032284939777440513,1,242.9103,243.135,0.0007250328207572878,PRIMARY,SPY,
2018-05-14 00:00:00,0.0025675501971977877,1,245.9305,245.7776,-0.0008217203640865865,PRIMARY,SPY,
2018-05-15 00:00:00,-0.004983078567462829,-1,243.6653,243.5574,0.0002428205411275421,PRIMARY,SPY,
2018-05-21 00:00:00,0.006007216368034696,1,245.7326,245.8225,0.000165844824821826,PRIMARY,SPY,
2018-05-22 00:00:00,0.002194902275364452,1,246.3438,246.2809,-0.00045533421178036695,PRIMARY,SPY,
2018-05-23 00:00:00,-0.005063134065291797,-1,243.7821,244.0248,-0.0011955611999403758,PRIMARY,SPY,
2018-05-25 00:00:00,-0.0025651669009880695,-1,244.5192,244.699,-0.0009353205801425844,PRIMARY,SPY,
2018-05-29 00:00:00,-0.006870363179300676,-1,242.9148,242.8384,0.0001145135660733711,PRIMARY,SPY,
2018-05-30 00:00:00,0.005314280091583967,1,243.2608,243.4316,0.0005021270998039953,PRIMARY,SPY,
2018-06-01 00:00:00,0.006131480205316953,1,245.0315,245.1034,9.343166082718141e-05,PRIMARY,SPY,
2018-06-04 00:00:00,0.003179297326503683,1,246.9371,247.1438,0.0006370552663006237,PRIMARY,SPY,
2018-06-06 00:00:00,0.0022166118544062474,1,247.8718,247.9617,0.00016268748603118793,PRIMARY,SPY,
2018-06-14 00:00:00,0.003922270353232449,1,250.5953,250.6897,0.00017670299482872592,PRIMARY,SPY,
2018-06-15 00:00:00,-0.003145813923968843,-1,249.4916,249.4374,1.724178288973216e-05,PRIMARY,SPY,
2018-06-18 00:00:00,-0.006169162100727488,-1,248.3449,248.372,-0.0003091224341631669,PRIMARY,SPY,
2018-06-19 00:00:00,-0.009292045675712735,-1,247.7761,247.9568,-0.0009292874494351231,PRIMARY,SPY,
2018-06-20 00:00:00,0.002758579657103022,1,249.4554,249.3936,-0.00044773967611046997,PRIMARY,SPY,
2018-06-22 00:00:00,0.005214553576296854,1,248.7331,248.6067,-0.0007081752287894314,PRIMARY,SPY,
2018-06-25 00:00:00,-0.004623251564636166,-1,246.9725,246.3225,0.0024318719695512804,PRIMARY,SPY,
2018-06-26 00:00:00,0.0023245901009569803,1,244.914,244.7334,-0.0009374017001886557,PRIMARY,SPY,
2018-06-27 00:00:00,0.002614858399564657,1,245.9252,245.8349,-0.0005671848187984938,PRIMARY,SPY,
2018-06-29 00:00:00,0.004317877188830366,1,245.9252,246.1103,0.0005526678843812196,PRIMARY,SPY,
2018-07-02 00:00:00,-0.006195201322601318,-1,243.3701,243.7312,-0.0016837484144518688,PRIMARY,SPY,
2018-07-03 00:00:00,0.003419977933261542,1,246.3044,246.1238,-0.0009332390326766358,PRIMARY,SPY,
2018-07-05 00:00:00,0.006881455718402041,1,245.5821,245.6363,2.07001243168527e-05,PRIMARY,SPY,
2018-07-09 00:00:00,0.004285171873441573,1,249.9159,250.0784,0.00045021873358195316,PRIMARY,SPY,
2018-07-11 00:00:00,-0.006025271341786764,-1,250.4305,250.566,-0.0007410682804212197,PRIMARY,SPY,
2018-07-12 00:00:00,0.0049113013928754334,1,251.1348,251.0084,-0.0007033153509590438,PRIMARY,SPY,
2018-07-17 00:00:00,-0.0031500502342812764,-1,251.6675,251.4689,0.0005891364598130446,PRIMARY,SPY,
2018-07-19 00:00:00,-0.0026328742387776716,-1,253.3017,253.3197,-0.00027106150491686945,PRIMARY,SPY,
2018-07-24 00:00:00,0.005531143956765794,1,254.4664,254.8546,0.0013255452193296825,PRIMARY,SPY,
2018-07-26 00:00:00,-0.003238167260479985,-1,255.8478,256.0103,-0.0008351432375026888,PRIMARY,SPY,
2018-07-31 00:00:00,0.003286826024570866,1,253.8705,253.7712,-0.0005911443038872031,PRIMARY,SPY,
2018-08-02 00:00:00,-0.005482270247338938,-1,252.3537,252.3627,-0.00023566422842227191,PRIMARY,SPY,
2018-08-07 00:00:00,0.0024938664890483686,1,257.6806,257.8432,0.00043101374337071194,PRIMARY,SPY,
2018-08-10 00:00:00,-0.005648207256607751,-1,256.1187,255.9291,0.0005402817521718896,PRIMARY,SPY,
2018-08-14 00:00:00,0.0030845532797185715,1,255.604,255.4776,-0.000694514952817715,PRIMARY,SPY,
2018-08-15 00:00:00,-0.005213621121681666,-1,254.6921,255.0081,-0.0014407137873533537,PRIMARY,SPY,
2018-08-16 00:00:00,0.005820494335169624,1,256.1638,255.9742,-0.0009401514187406199,PRIMARY,SPY,
2018-08-24 00:00:00,0.002344440064848907,1,258.6603,258.8002,0.000340863827962923,PRIMARY,SPY,
2018-08-27 00:00:00,0.004730393752597983,1,260.8226,260.8407,-0.0001306041731046424,PRIMARY,SPY,
2018-08-28 00:00:00,0.0020016736683192704,1,262.1047,262.186,0.00011018138934557625,PRIMARY,SPY,
2018-09-07 00:00:00,-0.004233140552180048,-1,259.2426,259.4051,-0.0008268259923332131,PRIMARY,SPY,
2018-09-10 00:00:00,0.004173233684138911,1,260.624,260.5518,-0.00047702744183200066,PRIMARY,SPY,
2018-09-11 00:00:00,-0.0024993329729722236,-1,259.2381,259.3871,-0.0007747611944386666,PRIMARY,SPY,
2018-09-13 00:00:00,0.0040118678358818105,1,262.1318,262.4388,0.0009711665658269421,PRIMARY,SPY,
2018-09-20 00:00:00,0.004772543613632996,1,264.3348,264.4703,0.00031260749625114956,PRIMARY,SPY,
2018-09-21 00:00:00,0.0029554129937809925,1,265.6863,265.8405,0.00038038370815505226,PRIMARY,SPY,
2018-09-24 00:00:00,-0.0022945678362530364,-1,263.9722,264.208,-0.001093275882839273,PRIMARY,SPY,
2018-09-27 00:00:00,0.0020698066151643157,1,263.2194,263.3554,0.00031667924172749126,PRIMARY,SPY,
2018-09-28 00:00:00,-0.002270783970526047,-1,263.2194,263.3192,-0.0005791513847384298,PRIMARY,SPY,
2018-10-01 00:00:00,0.005230427536042193,1,265.0877,264.988,-0.0005761019466387294,PRIMARY,SPY,
2018-10-03 00:00:00,0.003944127258797447,1,265.5594,265.4777,-0.0005076524498848432,PRIMARY,SPY,
2018-10-04 00:00:00,-0.0020564227690816894,-1,263.8089,263.945,-0.0007159037469926186,PRIMARY,SPY,
2018-10-08 00:00:00,-0.0029528214956213716,-1,260.3534,260.5257,-0.0008617927785845801,PRIMARY,SPY,
2018-10-10 00:00:00,-0.002087544929015195,-1,259.4464,259.2106,0.0007088582458649519,PRIMARY,SPY,
2018-10-11 00:00:00,-0.0039184987147753425,-1,251.3835,250.7758,0.002217421986725454,PRIMARY,SPY,
2018-10-12 00:00:00,0.016602462648002803,1,250.2589,250.531,0.0008872740190259744,PRIMARY,SPY,
2018-10-16 00:00:00,0.007614168338396121,1,250.6035,250.7849,0.0005238526197759221,PRIMARY,SPY,
2018-10-18 00:00:00,-0.003566471238198532,-1,252.88,252.9616,-0.0005226826953495187,PRIMARY,SPY,
2018-10-19 00:00:00,0.0023513590903398995,1,251.3744,252.1272,0.002794736138604237,PRIMARY,SPY,
2018-10-22 00:00:00,0.002932596977101687,1,251.3654,250.6761,-0.0029422230744565957,PRIMARY,SPY,
2018-10-23 00:00:00,-0.014978566543926264,-1,245.8692,245.8692,-0.0002,PRIMARY,SPY,
2018-10-25 00:00:00,0.00810616544991749,1,241.942,242.1506,0.0006621901116796504,PRIMARY,SPY,
2018-10-26 00:00:00,-0.015621562605226291,-1,240.7357,241.0985,-0.001707046939859702,PRIMARY,SPY,
2018-10-29 00:00:00,0.013155379188126037,1,243.7741,243.5745,-0.0010187908395518307,PRIMARY,SPY,
2018-10-31 00:00:00,0.010604612788361,1,245.4973,245.5517,2.1591031754897462e-05,PRIMARY,SPY,
2018-11-01 00:00:00,0.003435348324931642,1,246.5222,246.8441,0.0011057647546550476,PRIMARY,SPY,
2018-11-02 00:00:00,0.004497226522187869,1,249.0526,249.361,0.001038292633764848,PRIMARY,SPY,
2018-11-05 00:00:00,0.0023548444281460412,1,247.3656,247.2205,-0.0007865811576064583,PRIMARY,SPY,
2018-11-07 00:00:00,0.008905269097834623,1,252.0274,252.4174,0.0013474507930486324,PRIMARY,SPY,
2018-11-08 00:00:00,-0.002776462941637803,-1,254.2314,254.4944,-0.0012344906254695641,PRIMARY,SPY,
2018-11-09 00:00:00,-0.005027731548700953,-1,253.0433,252.7122,0.001108471712153536,PRIMARY,SPY,
2018-11-12 00:00:00,-0.0024473960650379656,-1,250.7486,250.4403,0.0010295183303117073,PRIMARY,SPY,
2018-11-13 00:00:00,0.002091941009691345,1,248.454,248.5175,5.55805098731767e-05,PRIMARY,SPY,
2018-11-14 00:00:00,0.007645424153866598,1,248.5084,248.4223,-0.0005464671616734138,PRIMARY,SPY,
2018-11-15 00:00:00,-0.005034131608215975,-1,243.5927,243.901,-0.0014656372707391395,PRIMARY,SPY,
2018-11-16 00:00:00,-0.0045780589950561446,-1,246.3861,246.105,0.0009408922824786005,PRIMARY,SPY,
2018-11-19 00:00:00,-0.0022654286244944144,-1,247.4382,247.6468,-0.0010430387870588253,PRIMARY,SPY,
2018-11-20 00:00:00,-0.013859663785672383,-1,240.7629,241.0533,-0.0014061659001449955,PRIMARY,SPY,
2018-11-21 00:00:00,0.006282859291495413,1,241.1892,240.9363,-0.0012485544128842062,PRIMARY,SPY,
2018-11-23 00:00:00,-0.00712992680812552,-1,239.0669,239.203,-0.0007692967115062952,PRIMARY,SPY,
2018-11-26 00:00:00,0.010801023493211659,1,241.3071,241.3706,6.315015181910261e-05,PRIMARY,SPY,
2018-11-27 00:00:00,-0.004187538054942541,-1,241.942,241.4205,0.001955475279199126,PRIMARY,SPY,
2018-11-28 00:00:00,0.004695634309193508,1,244.3908,244.6629,0.000913380700091815,PRIMARY,SPY,
2018-11-29 00:00:00,-0.0028415024856117688,-1,248.1547,248.4676,-0.0014609070067985951,PRIMARY,SPY,
2018-12-03 00:00:00,0.016318365868374318,1,253.9366,253.8051,-0.0007178457930049562,PRIMARY,SPY,
2018-12-04 00:00:00,-0.0030799374061951657,-1,252.4174,252.744,-0.0014938886146518503,PRIMARY,SPY,
2018-12-06 00:00:00,-0.016895546723733723,-1,241.3343,242.205,-0.00380785847681,PRIMARY,SPY,
2018-12-11 00:00:00,0.01355677164292457,1,242.5859,242.3365,-0.001228089431413859,PRIMARY,SPY,
2018-12-12 00:00:00,0.012798492320487131,1,242.3139,242.3637,5.518544334370991e-06,PRIMARY,SPY,
2018-12-13 00:00:00,0.003766481470945937,1,241.679,242.0871,0.0014886034781673497,PRIMARY,SPY,
2018-12-14 00:00:00,-0.009081719269423916,-1,238.3504,238.5499,-0.0010370030006243923,PRIMARY,SPY,
2018-12-17 00:00:00,-0.0040693266987026355,-1,234.8858,234.2872,0.002348472491738396,PRIMARY,SPY,
2018-12-18 00:00:00,0.007481967779553456,1,233.2805,233.0991,-0.0009776046433370932,PRIMARY,SPY,
2018-12-20 00:00:00,-0.005334249807751101,-1,227.3943,227.3421,2.955720525974498e-05,PRIMARY,SPY,
2018-12-21 00:00:00,0.00384769753565406,1,225.1191,225.4019,0.00105622392768987,PRIMARY,SPY,
2018-12-24 00:00:00,-0.0068966553612217485,-1,218.769,218.3037,0.0019269009777437064,PRIMARY,SPY,
2018-12-26 00:00:00,0.012442692557474544,1,216.2964,216.7617,0.0019512147220201782,PRIMARY,SPY,
2018-12-27 00:00:00,-0.01372231038571936,-1,221.7433,221.8619,-0.0007348526877699822,PRIMARY,SPY,
2018-12-28 00:00:00,0.005681381550879383,1,227.0624,226.8982,-0.000923149231224518,PRIMARY,SPY,
2018-12-31 00:00:00,0.007062066305668413,1,228.1299,228.0113,-0.0007198792442375755,PRIMARY,SPY,
2019-01-02 00:00:00,-0.01655193689475465,-1,224.7085,224.9366,-0.0012150928870069632,PRIMARY,SPY,
2019-01-03 00:00:00,-0.007991482525776306,-1,226.3417,225.7486,0.0024203744162034414,PRIMARY,SPY,
2019-01-04 00:00:00,0.01417271787725305,1,225.7851,226.2778,0.001982163482001398,PRIMARY,SPY,
2019-01-08 00:00:00,0.009949247330366395,1,234.4709,234.179,-0.001444930607593564,PRIMARY,SPY,
2019-01-09 00:00:00,0.003350168148893218,1,235.0913,235.064,-0.0003161250969303751,PRIMARY,SPY,
2019-01-10 00:00:00,-0.006126667088853566,-1,233.5768,233.7136,-0.0007856746046697392,PRIMARY,SPY,
2019-01-11 00:00:00,-0.004942685921048184,-1,235.1369,234.8906,0.0008474748965390024,PRIMARY,SPY,
2019-01-14 00:00:00,-0.007917952000379258,-1,234.0695,234.3614,-0.0014470655083212102,PRIMARY,SPY,
2019-01-17 00:00:00,-0.003602091531598739,-1,237.646,237.7098,-0.0004684665426728738,PRIMARY,SPY,
2019-01-18 00:00:00,0.007605361429714463,1,241.5509,241.3685,-0.0009551203493756375,PRIMARY,SPY,
2019-01-22 00:00:00,-0.00600556372405836,-1,241.4414,241.5874,-0.0008047015963295266,PRIMARY,SPY,
2019-01-23 00:00:00,0.004107709187195496,1,241.0765,241.0947,-0.00012450529188880993,PRIMARY,SPY,
2019-01-25 00:00:00,0.007548644603359245,1,242.0345,242.0254,-0.00023759794574742515,PRIMARY,SPY,
2019-01-28 00:00:00,-0.009141655039104801,-1,240.009,239.7536,0.0008641267619130313,PRIMARY,SPY,
2019-01-30 00:00:00,0.006339594568843365,1,241.8246,241.9524,0.00032848221396839536,PRIMARY,SPY,
2019-02-07 00:00:00,-0.00663612884714837,-1,247.1438,246.9066,0.0007597651245955019,PRIMARY,SPY,
2019-02-08 00:00:00,-0.005329510429825102,-1,245.5654,245.6703,-0.0006271774443793674,PRIMARY,SPY,
2019-02-11 00:00:00,0.002624519830785932,1,247.5087,247.4357,-0.000494939127392313,PRIMARY,SPY,
2019-02-12 00:00:00,0.0065027152014836,1,248.6036,248.9047,0.0010111650836914566,PRIMARY,SPY,
2019-02-13 00:00:00,0.0033194735383741403,1,251.2449,251.5688,0.0010891803972936432,PRIMARY,SPY,
2019-02-14 00:00:00,-0.004363761013534084,-1,249.4795,249.516,-0.0003463046061900286,PRIMARY,SPY,
2019-02-15 00:00:00,0.007143168152063728,1,252.0569,252.3169,0.0008315131226321661,PRIMARY,SPY,
2019-02-19 00:00:00,-0.0032443863344598922,-1,252.6363,252.8096,-0.0008859663476703748,PRIMARY,SPY,
2019-02-21 00:00:00,-0.002549979078205089,-1,253.3844,253.2476,0.0003398911693064168,PRIMARY,SPY,
2019-02-22 00:00:00,0.0023425106025267706,1,253.8406,253.6763,-0.0008472565854319656,PRIMARY,SPY,
2019-02-25 00:00:00,0.0056602343798772825,1,256.2401,256.3131,8.488905522605633e-05,PRIMARY,SPY,
2019-02-27 00:00:00,-0.002828191671980118,-1,254.3698,254.6161,-0.0011682753219917296,PRIMARY,SPY,
2019-03-01 00:00:00,0.006821242138946415,1,256.0212,256.0942,8.51326374533336e-05,PRIMARY,SPY,
2019-03-04 00:00:00,0.003957224308228202,1,256.9153,257.0248,0.00022621050595292863,PRIMARY,SPY,
2019-03-08 00:00:00,-0.007815893006417385,-1,248.7222,249.1693,-0.0019975878309213212,PRIMARY,SPY,
2019-03-11 00:00:00,0.0026773729645217514,1,251.5505,251.7253,0.0004948902904189147,PRIMARY,SPY,
2019-03-13 00:00:00,0.00372185224219157,1,255.9026,255.9482,-2.180720320923407e-05,PRIMARY,SPY,
2019-03-15 00:00:00,0.0020615832210746365,1,257.0335,257.0426,-0.00016459605459997456,PRIMARY,SPY,
2019-03-19 00:00:00,0.00396599975422629,1,259.7643,259.92,0.0003993895235028024,PRIMARY,SPY,
2019-03-21 00:00:00,-0.003196678895988514,-1,257.6291,258.0231,-0.0017293303435055528,PRIMARY,SPY,
2019-03-22 00:00:00,-0.0050934606129864335,-1,259.8834,259.9567,-0.00048204956530508694,PRIMARY,SPY,
2019-03-26 00:00:00,0.007024368037619633,1,257.7574,258.0506,0.0009375037147332012,PRIMARY,SPY,
2019-03-28 00:00:00,0.00225219338199234,1,256.6944,256.8502,0.0004069474051635382,PRIMARY,SPY,
2019-03-29 00:00:00,0.0057341802850534584,1,258.628,258.4172,-0.001015070294013065,PRIMARY,SPY,
2019-04-01 00:00:00,0.007395400433924282,1,260.9739,260.7814,-0.0009376216548857783,PRIMARY,SPY,
2019-04-03 00:00:00,0.004685489520896535,1,262.9487,262.9346,-0.00025362262677088834,PRIMARY,SPY,
2019-04-05 00:00:00,0.0024369236100056924,1,263.8055,263.668,-0.000721217336257207,PRIMARY,SPY,
2019-04-09 00:00:00,-0.003774309230375694,-1,263.2373,263.274,-0.00033941793203309237,PRIMARY,SPY,
2019-04-12 00:00:00,0.006141003808028289,1,265.6474,265.9773,0.0010418717442745918,PRIMARY,SPY,
2019-04-16 00:00:00,0.0033103910227705313,1,266.5088,266.6004,0.00014370347245560317,PRIMARY,SPY,
2019-04-17 00:00:00,0.004204381055314732,1,266.4721,266.353,-0.0006469511067012322,PRIMARY,SPY,
2019-04-18 00:00:00,0.0021415778614908287,1,265.6932,265.6382,-0.0004070056742137227,PRIMARY,SPY,
2019-04-22 00:00:00,-0.0029307681743184766,-1,265.0242,265.2167,-0.0009263487636224308,PRIMARY,SPY,
2019-05-01 00:00:00,0.0025513556373712998,1,269.991,270.0551,3.741532125143293e-05,PRIMARY,SPY,
2019-05-03 00:00:00,0.0053212294688886885,1,268.4057,268.4698,3.881758099775218e-05,PRIMARY,SPY,
2019-05-06 00:00:00,-0.01622338846165272,-1,266.0414,266.3072,-0.0011990926224265896,PRIMARY,SPY,
2019-05-07 00:00:00,-0.009287639607091669,-1,266.2934,266.4411,-0.000754651373259718,PRIMARY,SPY,
2019-05-09 00:00:00,-0.008067937651463741,-1,261.5237,261.4609,4.01312003463829e-05,PRIMARY,SPY,
2019-05-10 00:00:00,-0.003940708604482812,-1,261.7436,262.101,-0.0015654584104443313,PRIMARY,SPY,
2019-05-13 00:00:00,-0.019443133088676068,-1,259.3885,259.6176,-0.00108323113784905,PRIMARY,SPY,
2019-05-14 00:00:00,0.0037725633311349593,1,258.6738,258.8845,0.0006145393928569167,PRIMARY,SPY,
2019-05-15 00:00:00,-0.006141290113851894,-1,258.2339,258.4584,-0.0010693668801809108,PRIMARY,SPY,
2019-05-16 00:00:00,0.002736377163730541,1,262.2476,262.55,0.0009531087415099783,PRIMARY,SPY,
2019-05-17 00:00:00,-0.008657072484486328,-1,261.8627,262.2385,-0.00163510320484741,PRIMARY,SPY,
2019-05-20 00:00:00,-0.006435717257463058,-1,260.3232,259.8147,0.0017533410775527392,PRIMARY,SPY,
2019-05-21 00:00:00,0.006550166319271522,1,262.0277,261.9819,-0.0003747906805272814,PRIMARY,SPY,
2019-05-22 00:00:00,-0.003630037820194554,-1,261.8169,261.6886,0.0002900371213621968,PRIMARY,SPY,
2019-05-23 00:00:00,-0.008612926457918224,-1,259.0037,258.7837,0.0006494087150104912,PRIMARY,SPY,
2019-05-24 00:00:00,0.00520790243427216,1,260.2774,260.1216,-0.000798592117486918,PRIMARY,SPY,
2019-05-29 00:00:00,-0.004603772203435219,-1,255.5031,254.8158,0.0024899869316653334,PRIMARY,SPY,
2019-05-30 00:00:00,0.0027663721123345475,1,256.0209,256.2545,0.0007124255090113831,PRIMARY,SPY,
2019-05-31 00:00:00,-0.010213367360945136,-1,252.7219,252.7357,-0.0002546054774042126,PRIMARY,SPY,
2019-06-04 00:00:00,0.00925054159544425,1,254.2569,253.7355,-0.0022506818104051306,PRIMARY,SPY,
2019-06-05 00:00:00,0.00645216505031887,1,258.2797,258.2889,-0.00016437970154050668,PRIMARY,SPY,
2019-06-07 00:00:00,0.0041793138337014035,1,262.1102,262.8066,0.0024568977475884824,PRIMARY,SPY,
2019-06-10 00:00:00,0.006014574901243019,1,265.4183,265.3908,-0.00030361003743897255,PRIMARY,SPY,
2019-06-11 00:00:00,0.007095032495294085,1,266.857,266.2797,-0.002363330922554163,PRIMARY,SPY,
2019-06-13 00:00:00,0.0036064974476368583,1,265.1479,265.377,0.0006640460663653649,PRIMARY,SPY,
2019-06-18 00:00:00,0.006737044507700629,1,266.7653,267.6176,0.0029949432703577417,PRIMARY,SPY,
2019-06-20 00:00:00,0.01020320388049445,1,271.0448,271.1181,7.043499819967564e-05,PRIMARY,SPY,
2019-06-26 00:00:00,0.003301344401551054,1,268.7273,269.0865,0.001136671041609838,PRIMARY,SPY,
2019-06-27 00:00:00,0.0028918590522477583,1,268.5984,268.2209,-0.0016054439639255013,PRIMARY,SPY,
2019-06-28 00:00:00,0.0035673803538176507,1,269.51,269.464,-0.00037068012318643964,PRIMARY,SPY,
2019-07-01 00:00:00,0.012283309816569332,1,273.1842,273.2763,0.00013713516374667129,PRIMARY,SPY,
2019-07-03 00:00:00,0.00242865327329711,1,273.5387,273.6998,0.0003889477430431889,PRIMARY,SPY,
2019-07-05 00:00:00,-0.004251615668485309,-1,273.7367,273.6538,0.00010284576383066141,PRIMARY,SPY,
2019-07-08 00:00:00,-0.004524634891701518,-1,273.2809,273.0737,0.0005581942243310991,PRIMARY,SPY,
2019-07-09 00:00:00,-0.004446532052527319,-1,272.512,272.512,-0.0002,PRIMARY,SPY,
2019-07-10 00:00:00,0.003734005534701268,1,275.0719,275.1409,5.0843506733877665e-05,PRIMARY,SPY,
2019-07-11 00:00:00,0.0023777087441347877,1,275.5415,275.6428,0.00016763972033271307,PRIMARY,SPY,
2019-07-19 00:00:00,0.003915090431539481,1,276.0111,276.048,-6.630972450019073e-05,PRIMARY,SPY,
2019-07-23 00:00:00,0.004094990362155437,1,275.2929,275.0765,-0.0009860718529245637,PRIMARY,SPY,
2019-07-24 00:00:00,-0.0026001606726966386,-1,275.652,275.8546,-0.0009349846908422108,PRIMARY,SPY,
2019-07-26 00:00:00,0.002633016572473501,1,277.1115,277.1944,9.915755932186093e-05,PRIMARY,SPY,
2019-07-30 00:00:00,-0.005240741261048676,-1,275.9237,276.2782,-0.0014847754651015287,PRIMARY,SPY,
2019-08-02 00:00:00,-0.003493092441920309,-1,270.4585,270.6841,-0.0010341390638488822,PRIMARY,SPY,
2019-08-05 00:00:00,-0.015951632090516088,-1,265.0624,265.1099,-0.0003792030857636906,PRIMARY,SPY,
2019-08-06 00:00:00,0.006583726496249387,1,263.6904,263.7272,-6.044239759963582e-05,PRIMARY,SPY,
2019-08-07 00:00:00,-0.011675969579080125,-1,261.2778,261.95,-0.0027727405849251817,PRIMARY,SPY,
2019-08-08 00:00:00,0.00548546496941138,1,266.6002,266.766,0.00042190500982395315,PRIMARY,SPY,
2019-08-09 00:00:00,-0.003304339590812333,-1,269.6758,269.7771,-0.0005756362269067281,PRIMARY,SPY,
2019-08-12 00:00:00,-0.005589812976455333,-1,266.6647,266.5818,0.00011087729272005759,PRIMARY,SPY,
2019-08-14 00:00:00,-0.014909399071152185,-1,265.4123,265.8681,-0.0019173280967008876,PRIMARY,SPY,
2019-08-15 00:00:00,0.003451606178772826,1,262.3552,261.4896,-0.0034993437904033086,PRIMARY,SPY,
2019-08-16 00:00:00,0.006287559230768736,1,264.4547,264.4639,-0.0001652114331867292,PRIMARY,SPY,
2019-08-19 00:00:00,0.01145819744761023,1,269.068,269.0957,-9.705204632262082e-05,PRIMARY,SPY,
2019-08-21 00:00:00,0.008343685718800176,1,269.1279,269.1636,-6.734931606879862e-05,PRIMARY,SPY,
2019-08-22 00:00:00,0.002735816054527662,1,270.2835,270.4806,0.0005292343039806415,PRIMARY,SPY,
2019-08-23 00:00:00,-0.004754999920124625,-1,267.8065,267.7881,-0.00013129367659094876,PRIMARY,SPY,
2019-08-26 00:00:00,0.008637128135829952,1,264.5836,264.5007,-0.000513322518856074,PRIMARY,SPY,
2019-08-27 00:00:00,0.005451914581014794,1,266.5173,266.5357,-0.00013096132971470703,PRIMARY,SPY,
2019-08-28 00:00:00,-0.002440442747652427,-1,262.9629,263.1471,-0.0009004790409599337,PRIMARY,SPY,
2019-08-29 00:00:00,0.01000583535866384,1,269.1924,268.9667,-0.0010384337745048765,PRIMARY,SPY,
2019-08-30 00:00:00,0.005674101102637552,1,270.744,270.6979,-0.0003702715480307315,PRIMARY,SPY,
2019-09-03 00:00:00,-0.006462501044345315,-1,267.6039,267.917,-0.0013700128436094027,PRIMARY,SPY,
2019-09-04 00:00:00,0.008150850491053019,1,269.9244,269.8139,-0.0006093738839467953,PRIMARY,SPY,
2019-09-05 00:00:00,0.00959298169657008,1,273.3407,273.5341,0.0005075419064925814,PRIMARY,SPY,
2019-09-09 00:00:00,0.0036233032502615004,1,275.0627,274.989,-0.0004679389099286,PRIMARY,SPY,
2019-09-10 00:00:00,-0.0026498195208836117,-1,273.3683,273.1473,0.0006084331650743959,PRIMARY,SPY,
2019-09-12 00:00:00,0.0031969031989282914,1,277.7331,277.5627,-0.000813538681561443,PRIMARY,SPY,
2019-09-16 00:00:00,-0.004019228230262573,-1,276.3334,276.2966,-6.68275351442203e-05,PRIMARY,SPY,
2019-09-20 00:00:00,0.0023028093263777194,1,277.9853,278.1056,0.00023275669612730105,PRIMARY,SPY,
2019-09-24 00:00:00,0.003889631876714761,1,276.7919,277.1342,0.0010366691366330062,PRIMARY,SPY,
2019-09-27 00:00:00,0.002895945785099441,1,275.1498,275.0573,-0.0005361805096715464,PRIMARY,SPY,
2019-09-30 00:00:00,0.0020315510751556243,1,274.1091,273.9518,-0.0007738590947911293,PRIMARY,SPY,
2019-10-01 00:00:00,0.0030655565889801117,1,275.7142,275.8113,0.00015217627528805194,PRIMARY,SPY,
2019-10-02 00:00:00,-0.005797961662743489,-1,268.8822,268.3734,0.0016922784773406364,PRIMARY,SPY,
2019-10-04 00:00:00,0.0026516696994154376,1,269.8629,269.9276,3.975137004739188e-05,PRIMARY,SPY,
2019-10-07 00:00:00,-0.003057392014500393,-1,271.528,271.2135,0.0009582599216287681,PRIMARY,SPY,
2019-10-08 00:00:00,-0.007062303159043881,-1,269.021,268.4243,0.002018042457652003,PRIMARY,SPY,
2019-10-09 00:00:00,0.007624199490895878,1,268.6417,269.095,0.001487377648369681,PRIMARY,SPY,
2019-10-11 00:00:00,0.010264366888173448,1,274.4329,274.3866,-0.0003687115502552183,PRIMARY,SPY,
2019-10-15 00:00:00,0.003648470206046639,1,274.9232,275.0157,0.00013645759979505917,PRIMARY,SPY,
2019-10-17 00:00:00,0.004222253696736011,1,277.236,277.1434,-0.0005340114559436946,PRIMARY,SPY,
2019-10-21 00:00:00,0.004832344385342635,1,276.9307,277.1434,0.0005680621902879104,PRIMARY,SPY,
2019-10-24 00:00:00,0.0035014104054578166,1,278.1888,277.9853,-0.0009315175880553415,PRIMARY,SPY,
2019-10-25 00:00:00,-0.0022632371487530945,-1,277.6337,277.8003,-0.0008000712449534262,PRIMARY,SPY,
2019-10-28 00:00:00,0.004309634286713715,1,280.5987,280.7606,0.0003769805776005832,PRIMARY,SPY,
2019-11-01 00:00:00,0.0054411405115277756,1,281.954,282.0743,0.00022666534257351784,PRIMARY,SPY,
2019-11-04 00:00:00,0.005454562785901285,1,284.7293,284.6831,-0.000362259381103369,PRIMARY,SPY,
2019-11-07 00:00:00,0.00468858002401662,1,285.4694,285.7978,0.0009503859958370555,PRIMARY,SPY,
2019-11-11 00:00:00,-0.00501661475939208,-1,284.6091,284.5628,-3.732073219011572e-05,PRIMARY,SPY,
2019-11-13 00:00:00,-0.003333771864756807,-1,285.1641,285.215,-0.00037849371642486565,PRIMARY,SPY,
2019-11-15 00:00:00,0.0047812401889586464,1,287.2826,287.3011,-0.0001356034789437242,PRIMARY,SPY,
2019-11-19 00:00:00,0.002179652419757261,1,288.9756,288.9478,-0.00029620189386239096,PRIMARY,SPY,
2019-11-22 00:00:00,0.0025782847874229464,1,287.6156,287.7637,0.00031492339080350115,PRIMARY,SPY,
2019-11-25 00:00:00,0.003151109353157322,1,288.9015,288.9848,8.833356697699485e-05,PRIMARY,SPY,
2019-12-03 00:00:00,-0.009467042619383914,-1,285.4787,285.0253,0.001388209558191167,PRIMARY,SPY,
2019-12-04 00:00:00,0.003942468669302368,1,287.3659,287.8701,0.0015545575170887505,PRIMARY,SPY,
2019-12-05 00:00:00,0.002472036454121751,1,288.5038,288.3835,-0.0006169789098098508,PRIMARY,SPY,
2019-12-06 00:00:00,0.0066016490092677405,1,290.8073,290.7425,-0.00042282796889894206,PRIMARY,SPY,
2019-12-16 00:00:00,0.0059883932081801206,1,295.6456,295.3218,-0.001295230235119371,PRIMARY,SPY,
2019-12-20 00:00:00,0.003485967205163254,1,298.1526,298.1247,-0.0002935762425012809,PRIMARY,SPY,
2019-12-27 00:00:00,0.0025703849414620006,1,300.8206,300.6998,-0.0006015682436642187,PRIMARY,SPY,
2020-01-02 00:00:00,0.005125982404770246,1,300.8996,301.0623,0.0003407119185267817,PRIMARY,SPY,
2020-01-03 00:00:00,-0.011390387595051066,-1,299.9189,299.7237,0.00045084261111925114,PRIMARY,SPY,
2020-01-06 00:00:00,-0.006047342548744616,-1,298.5244,298.6267,-0.0005426855560215713,PRIMARY,SPY,
2020-01-07 00:00:00,-0.0020083417803551384,-1,300.393,299.9561,0.001254428032610533,PRIMARY,SPY,
2020-01-09 00:00:00,0.005332697596290625,1,303.3678,303.2284,-0.0006595082273067819,PRIMARY,SPY,
2020-01-10 00:00:00,0.002051460063878796,1,303.8977,303.7118,-0.0008117190093903879,PRIMARY,SPY,
2020-01-13 00:00:00,0.002149400509475319,1,303.1819,303.2842,0.00013742119829716088,PRIMARY,SPY,
2020-01-16 00:00:00,0.004662409617465446,1,306.6355,306.6122,-0.0002759859833581178,PRIMARY,SPY,
2020-01-17 00:00:00,0.0023873897449517845,1,308.0718,307.9695,-0.0005320654470808648,PRIMARY,SPY,
2020-01-21 00:00:00,-0.003342965662189279,-1,308.109,307.8765,0.0005546030787803915,PRIMARY,SPY,
2020-01-22 00:00:00,0.0028071665540032598,1,308.9735,309.2031,0.0005431058003355418,PRIMARY,SPY,
2020-01-23 00:00:00,-0.0022932965626843993,-1,306.5937,306.5379,-1.800017417177263e-05,PRIMARY,SPY,
2020-01-24 00:00:00,0.0021102662768228697,1,308.7039,308.7876,7.113360083896864e-05,PRIMARY,SPY,
2020-01-27 00:00:00,-0.017399199980367652,-1,300.9973,301.1925,-0.0008485108005951368,PRIMARY,SPY,
2020-01-28 00:00:00,0.004760345197344806,1,302.1035,301.8618,-0.0010000569341301001,PRIMARY,SPY,
2020-01-29 00:00:00,0.0045582523057807744,1,305.1713,304.9436,-0.0009461383164143465,PRIMARY,SPY,
2020-01-30 00:00:00,-0.00691943746060264,-1,302.4103,302.7821,-0.0014294554782030787,PRIMARY,SPY,
2020-01-31 00:00:00,-0.00201408910317058,-1,303.5259,303.6002,-0.00044478965386487415,PRIMARY,SPY,
2020-02-03 00:00:00,0.005003998651959662,1,301.0623,301.383,0.0008652280275544879,PRIMARY,SPY,
2020-02-04 00:00:00,0.012124504574523964,1,304.9621,304.7065,-0.0010381369357045588,PRIMARY,SPY,
2020-02-05 00:00:00,0.00969390139979076,1,308.6296,308.3321,-0.0011639386500839287,PRIMARY,SPY,
2020-02-06 00:00:00,0.0033050938393257567,1,309.9589,309.6707,-0.0011298006929305825,PRIMARY,SPY,
2020-02-07 00:00:00,-0.003413312272173341,-1,308.7132,309.1316,-0.0015553032393820442,PRIMARY,SPY,
2020-02-10 00:00:00,-0.002920102271579128,-1,308.6853,308.8155,-0.0006217887926636354,PRIMARY,SPY,
2020-02-11 00:00:00,0.004421809374313135,1,312.1017,312.0227,-0.0004531226199665726,PRIMARY,SPY,
2020-02-12 00:00:00,0.004592916078222098,1,313.4451,313.4637,-0.00014065946476751173,PRIMARY,SPY,
2020-02-13 00:00:00,-0.004587650262283582,-1,312.7571,312.7199,-8.105785608072385e-05,PRIMARY,SPY,
2020-02-18 00:00:00,-0.0031990334075951976,-1,313.2127,312.9152,0.0007498337711081328,PRIMARY,SPY,
2020-02-19 00:00:00,0.00317787303267858,1,314.0028,314.1953,0.00041305185813620435,PRIMARY,SPY,
2020-02-21 00:00:00,-0.004480822195918721,-1,311.7531,311.2697,0.0013505860246458613,PRIMARY,SPY,
2020-02-24 00:00:00,-0.03103533919954571,-1,301.5271,302.2987,-0.002758973969503775,PRIMARY,SPY,
2020-02-25 00:00:00,0.00471434190889819,1,300.5324,300.9694,0.0012540861484486633,PRIMARY,SPY,
2020-02-26 00:00:00,0.004796748778538529,1,292.4911,293.7182,0.003995341328334435,PRIMARY,SPY,
2020-02-27 00:00:00,-0.019547502000843764,-1,283.3621,285.1284,-0.006433367129901967,PRIMARY,SPY,
2020-02-28 00:00:00,-0.02974264757717382,-1,271.0258,271.6952,-0.002669875561662338,PRIMARY,SPY,
2020-03-02 00:00:00,0.006888330590471448,1,276.4363,275.1487,-0.004857854268777295,PRIMARY,SPY,
2020-03-04 00:00:00,0.01924488891021925,1,284.9796,283.3063,-0.006071648356584047,PRIMARY,SPY,
2020-03-05 00:00:00,-0.02534273017383426,-1,284.3196,284.3382,-0.00026541933795634057,PRIMARY,SPY,
2020-03-06 00:00:00,-0.030649636285197235,-1,272.727,273.6846,-0.003711203511203487,PRIMARY,SPY,
2020-03-10 00:00:00,0.037244616547996934,1,264.5927,263.189,-0.005505135024511131,PRIMARY,SPY,
2020-03-11 00:00:00,-0.02683372621939184,-1,261.6458,260.5209,0.004099323742250061,PRIMARY,SPY,
2020-03-13 00:00:00,0.060419046793197095,1,242.9322,240.887,-0.008618809857235865,PRIMARY,SPY,
2020-03-17 00:00:00,0.023516392370910078,1,227.5518,224.5534,-0.013376779968341213,PRIMARY,SPY,
2020-03-18 00:00:00,-0.070576913880812,-1,223.5958,222.2479,0.005828288545670391,PRIMARY,SPY,
2020-03-19 00:00:00,-0.007302788556554418,-1,219.1336,217.9529,0.005188037252160305,PRIMARY,SPY,
2020-03-20 00:00:00,0.011859095020848365,1,226.8962,224.3802,-0.011288770988672337,PRIMARY,SPY,
2020-03-23 00:00:00,-0.0032759233410589728,-1,212.3703,208.18,0.019531101759520865,PRIMARY,SPY,
2020-03-24 00:00:00,0.05352583414294765,1,221.3787,220.9194,-0.0022747253462054528,PRIMARY,SPY,
2020-03-25 00:00:00,0.005254982753315929,1,230.7031,233.0415,0.009935971298175006,PRIMARY,SPY,
2020-03-26 00:00:00,0.011143975291066033,1,234.6503,235.7353,0.004423902036349437,PRIMARY,SPY,
2020-03-27 00:00:00,-0.030988166801027894,-1,237.1009,236.998,0.00023399244794095625,PRIMARY,SPY,
2020-03-30 00:00:00,0.009116596830561763,1,240.0191,238.3262,-0.007253188683733946,PRIMARY,SPY,
2020-03-31 00:00:00,-0.004203278868023741,-1,243.4706,243.0777,0.001413747203974558,PRIMARY,SPY,
2020-04-01 00:00:00,-0.03771842446876783,-1,232.2838,232.9105,-0.002897992714085107,PRIMARY,SPY,
2020-04-02 00:00:00,-0.003738368097637168,-1,231.1146,231.0866,-7.88479827757092e-05,PRIMARY,SPY,
2020-04-03 00:00:00,-0.004406890743746561,-1,235.2863,235.8381,-0.0025452279201976457,PRIMARY,SPY,
2020-04-06 00:00:00,0.03879787493399012,1,240.44,240.5149,0.00011151222758274421,PRIMARY,SPY,
2020-04-07 00:00:00,0.03491072282413743,1,255.9948,254.4235,-0.006338015303435828,PRIMARY,SPY,
2020-04-08 00:00:00,0.01071300958782917,1,250.5735,250.5792,-0.00017725218349109434,PRIMARY,SPY,
2020-04-09 00:00:00,0.012806694589395873,1,259.2218,260.3723,0.004238284125795056,PRIMARY,SPY,
2020-04-13 00:00:00,-0.003917760835993822,-1,258.221,258.7713,-0.002331120241963158,PRIMARY,SPY,
2020-04-14 00:00:00,0.01948685041083853,1,263.0848,263.2251,0.00033328812610997646,PRIMARY,SPY,
2020-04-15 00:00:00,-0.022193330965622815,-1,259.624,260.1758,-0.002325381320678965,PRIMARY,SPY,
2020-04-16 00:00:00,0.00504017823462144,1,260.8025,260.2507,-0.00231577726440515,PRIMARY,SPY,
2020-04-17 00:00:00,0.022062123312324156,1,266.2182,266.5549,0.0010647519966701991,PRIMARY,SPY,
2020-04-20 00:00:00,-0.014369193987288198,-1,264.1511,264.7871,-0.002607712858284672,PRIMARY,SPY,
2020-04-21 00:00:00,-0.01732897296460023,-1,258.7635,257.6598,0.004065284709783268,PRIMARY,SPY,
2020-04-22 00:00:00,0.019522399421697756,1,260.0449,260.3723,0.001059013347310489,PRIMARY,SPY,
2020-04-23 00:00:00,0.004728468274225905,1,263.3747,263.7676,0.0012917909730889355,PRIMARY,SPY,
2020-04-24 00:00:00,0.006019898267435542,1,262.4581,262.43,-0.00030706470861443494,PRIMARY,SPY,
2020-04-27 00:00:00,0.007242947144805667,1,266.6671,267.0039,0.001062997947628186,PRIMARY,SPY,
2020-04-28 00:00:00,0.013618462601732828,1,271.7835,271.7461,-0.00033760953111574546,PRIMARY,SPY,
2020-04-29 00:00:00,0.020191265192084806,1,272.2231,271.8583,-0.0015400773115874732,PRIMARY,SPY,
2020-04-30 00:00:00,-0.005047876978100052,-1,271.6993,271.4281,0.000798162306638295,PRIMARY,SPY,
2020-05-01 00:00:00,-0.01749350459528931,-1,267.4528,266.3491,0.003926709460510414,PRIMARY,SPY,
2020-05-04 00:00:00,-0.0070561436095387675,-1,261.8595,261.3731,0.0016574846434824543,PRIMARY,SPY,
2020-05-05 00:00:00,0.01050579639243443,1,268.6594,268.4162,-0.0011052354021485965,PRIMARY,SPY,
2020-05-06 00:00:00,0.006323896297065534,1,269.4264,269.1552,-0.0012065828738387018,PRIMARY,SPY,
2020-05-07 00:00:00,0.012170682130574706,1,269.5012,269.548,-2.6345856716036674e-05,PRIMARY,SPY,
2020-05-08 00:00:00,0.011748464319822682,1,271.8396,271.3719,-0.0019204998830193664,PRIMARY,SPY,
2020-05-11 00:00:00,-0.007282481468457225,-1,271.3626,272.0173,-0.0026126390298442325,PRIMARY,SPY,
2020-05-12 00:00:00,0.004170004326777166,1,274.5895,274.2622,-0.0013919610910102741,PRIMARY,SPY,
2020-05-14 00:00:00,-0.00969221385195207,-1,260.7464,260.578,0.0004458382551015607,PRIMARY,SPY,
2020-05-15 00:00:00,-0.009401756204701628,-1,263.6273,264.5907,-0.0038544014978723284,PRIMARY,SPY,
2020-05-18 00:00:00,0.023719701918304192,1,274.2247,274.8514,0.0020853521218184624,PRIMARY,SPY,
2020-05-19 00:00:00,-0.0022205518653068967,-1,274.9543,275.3565,-0.0016627885434050914,PRIMARY,SPY,
2020-05-20 00:00:00,0.013013121124464844,1,276.5912,277.1337,0.0017613783808014595,PRIMARY,SPY,
2020-05-26 00:00:00,0.022036415039235147,1,281.8946,281.5391,-0.001461109648783676,PRIMARY,SPY,
2020-05-27 00:00:00,0.00986101938180628,1,282.091,281.7356,-0.0014598771318476088,PRIMARY,SPY,
2020-05-28 00:00:00,0.003855437985364585,1,284.3124,283.7466,-0.0021900644502316434,PRIMARY,SPY,
2020-06-02 00:00:00,0.003174342162807209,1,286.5058,286.2065,-0.001244655989512311,PRIMARY,SPY,
2020-06-03 00:00:00,0.0068152120585049936,1,290.5933,290.135,-0.001777118261157473,PRIMARY,SPY,
2020-06-04 00:00:00,-0.003528795381233185,-1,291.061,291.089,-0.0002961997656849789,PRIMARY,SPY,
2020-06-05 00:00:00,0.019144687903741575,1,297.1314,297.281,0.0003034809515251926,PRIMARY,SPY,
2020-06-08 00:00:00,0.002975609445734939,1,300.0777,300.1338,-1.3048420459038477e-05,PRIMARY,SPY,
2020-06-09 00:00:00,-0.009156919152798038,-1,299.3855,299.4417,-0.00038771784204663076,PRIMARY,SPY,
2020-06-11 00:00:00,-0.023666763074648323,-1,291.22,290.2897,0.0029944921365292255,PRIMARY,SPY,
2020-06-12 00:00:00,0.025347841997953813,1,287.9182,288.4046,0.0014893687165313586,PRIMARY,SPY,
2020-06-15 00:00:00,-0.020573274524774643,-1,277.8726,279.4253,-0.005787812544309844,PRIMARY,SPY,
2020-06-16 00:00:00,0.027489098274144474,1,294.0915,294.316,0.0005633678634029195,PRIMARY,SPY,
2020-06-17 00:00:00,0.003611233155835114,1,293.3058,292.6043,-0.0025917017665520125,PRIMARY,SPY,
2020-06-18 00:00:00,-0.004991139826035829,-1,290.0227,290.5091,-0.0018771101020713886,PRIMARY,SPY,
2020-06-19 00:00:00,0.012256125833719933,1,294.8484,294.9236,5.50463221098198e-05,PRIMARY,SPY,
2020-06-23 00:00:00,0.009044479626366675,1,294.1579,294.6136,0.0013491679808703473,PRIMARY,SPY,
2020-06-24 00:00:00,-0.007018639049217512,-1,290.7898,291.4663,-0.002526422728720079,PRIMARY,SPY,
2020-06-25 00:00:00,-0.002104182956118028,-1,285.1623,285.0872,6.335879602601419e-05,PRIMARY,SPY,
2020-06-26 00:00:00,-0.003742116755151126,-1,287.3513,287.2198,0.00025762799750670437,PRIMARY,SPY,
2020-06-29 00:00:00,0.004699929360916677,1,282.372,281.5829,-0.0029945405351805786,PRIMARY,SPY,
2020-07-01 00:00:00,0.0032083775875113574,1,291.8327,291.3348,-0.0019061144964221065,PRIMARY,SPY,
2020-07-02 00:00:00,0.01178471315182228,1,295.9946,295.8349,-0.0007395368699293579,PRIMARY,SPY,
2020-07-06 00:00:00,0.013421578518655108,1,297.2723,296.8214,-0.001716791170923071,PRIMARY,SPY,
2020-07-07 00:00:00,-0.005079114784770411,-1,296.5489,296.051,0.0014789811056456826,PRIMARY,SPY,
2020-07-08 00:00:00,0.002836778849660826,1,296.1543,296.314,0.0003392459268700467,PRIMARY,SPY,
2020-07-09 00:00:00,0.002277513927213093,1,297.526,296.7556,-0.0027893535354892806,PRIMARY,SPY,
2020-07-13 00:00:00,0.007934239149194777,1,300.8048,300.5605,-0.0010121545932777697,PRIMARY,SPY,
2020-07-14 00:00:00,-0.004860026568866638,-1,295.0833,295.4967,-0.0016009603389957271,PRIMARY,SPY,
2020-07-15 00:00:00,0.011038316007594418,1,302.7213,301.9979,-0.0025896567568915118,PRIMARY,SPY,
2020-07-16 00:00:00,-0.006446688656089994,-1,299.9123,300.5981,-0.0024866684694158313,PRIMARY,SPY,
2020-07-17 00:00:00,0.003241574974112149,1,302.0167,301.8758,-0.0006665304931813496,PRIMARY,SPY,
2020-07-21 00:00:00,0.006443699016643434,1,306.6014,306.4323,-0.0007515304235401697,PRIMARY,SPY,
2020-07-24 00:00:00,-0.00614681085364166,-1,301.4248,300.5135,0.002823307969350797,PRIMARY,SPY,
2020-07-27 00:00:00,0.0023997855651936018,1,301.6503,301.7443,0.00011161911657306972,PRIMARY,SPY,
2020-07-28 00:00:00,-0.002320639529521995,-1,303.2193,302.9938,0.0005436861703722375,PRIMARY,SPY,
2020-07-29 00:00:00,0.002864167288843422,1,303.0877,302.8247,-0.0010677356421918915,PRIMARY,SPY,
2020-07-30 00:00:00,-0.009812790810748706,-1,302.7777,302.3361,0.0012584957875034553,PRIMARY,SPY,
2020-07-31 00:00:00,0.0059262461938374145,1,305.474,304.8728,-0.0021680889371926914,PRIMARY,SPY,
2020-08-03 00:00:00,0.005420332456184118,1,308.2267,307.9355,-0.0011447591658996447,PRIMARY,SPY,
2020-08-04 00:00:00,-0.0027377603721489008,-1,308.6636,308.3395,0.0008500104320690929,PRIMARY,SPY,
2020-08-05 00:00:00,0.004393817370334396,1,311.2519,311.5478,0.0007506769275946514,PRIMARY,SPY,
2020-08-07 00:00:00,-0.003081065092713664,-1,313.2812,312.9805,0.0007598405521940023,PRIMARY,SPY,
2020-08-11 00:00:00,0.003903951438358755,1,316.2828,316.5975,0.0007949956178458841,PRIMARY,SPY,
2020-08-12 00:00:00,0.007902010970324502,1,315.5782,315.4796,-0.0005124423676920118,PRIMARY,SPY,
2020-08-13 00:00:00,-0.0024006195554280296,-1,316.3063,316.8042,-0.0017741071233799087,PRIMARY,SPY,
2020-08-17 00:00:00,0.0031765502152774072,1,317.4994,317.5276,-0.00011118093451514249,PRIMARY,SPY,
2020-08-20 00:00:00,-0.005515546049790876,-1,315.5359,315.7708,-0.000944447779159163,PRIMARY,SPY,
2020-08-24 00:00:00,0.007895282303849616,1,321.1447,321.3326,0.00038509450724231195,PRIMARY,SPY,
2020-08-27 00:00:00,0.002790879431742388,1,326.9507,326.4621,-0.0016944149072014802,PRIMARY,SPY,
2020-08-28 00:00:00,0.0033305451452674273,1,327.8996,327.7211,-0.0007443739486111765,PRIMARY,SPY,
2020-09-01 00:00:00,0.002461841457410019,1,328.3975,328.6324,0.0005152916815751365,PRIMARY,SPY,
2020-09-02 00:00:00,0.0059850500550531205,1,332.5312,332.7473,0.0004498638323260142,PRIMARY,SPY,
2020-09-03 00:00:00,-0.0050881528886085325,-1,334.1049,334.5511,-0.0015355086980169074,PRIMARY,SPY,
2020-09-04 00:00:00,0.0020843862092767562,1,326.4434,325.4898,-0.0031211802107195207,PRIMARY,SPY,
2020-09-08 00:00:00,-0.017192135536264863,-1,315.6862,315.9869,-0.0011525281751308069,PRIMARY,SPY,
2020-09-09 00:00:00,0.012872840140622621,1,317.1143,316.3533,-0.0025997656365544185,PRIMARY,SPY,
2020-09-10 00:00:00,0.00606328510754528,1,321.4735,321.3138,-0.000696775006337935,PRIMARY,SPY,
2020-09-11 00:00:00,0.005689908588510484,1,314.7843,314.8971,0.00015834061609829603,PRIMARY,SPY,
2020-09-14 00:00:00,0.010207300241251271,1,316.87,317.1706,0.0007486540221541606,PRIMARY,SPY,
2020-09-15 00:00:00,0.007978209793640945,1,320.6467,321.0037,0.000913374938834566,PRIMARY,SPY,
2020-09-16 00:00:00,0.0040570610856025535,1,320.7407,320.891,0.0002686028308849011,PRIMARY,SPY,
2020-09-17 00:00:00,-0.015495398473299726,-1,313.6147,313.8918,-0.0010835682766143994,PRIMARY,SPY,
2020-09-18 00:00:00,0.0025854427340912256,1,315.8235,315.5877,-0.0009466195517433771,PRIMARY,SPY,
2020-09-21 00:00:00,-0.015089580559670468,-1,306.8622,305.9095,0.0029046508823829865,PRIMARY,SPY,
2020-09-22 00:00:00,0.004801002670069554,1,309.8996,310.0788,0.00037825179509740645,PRIMARY,SPY,
2020-09-24 00:00:00,-0.004493983325803863,-1,302.1974,302.0137,0.0004078808090342891,PRIMARY,SPY,
2020-09-25 00:00:00,-0.002936360505508828,-1,304.5323,304.2964,0.0005746304743372345,PRIMARY,SPY,
2020-09-28 00:00:00,0.013781948424530732,1,314.6066,314.201,-0.0014892291515816946,PRIMARY,SPY,
2020-09-30 00:00:00,0.002135926850963754,1,315.2764,314.9556,-0.0012175198651088958,PRIMARY,SPY,
2020-10-01 00:00:00,0.008330895917930903,1,319.1533,318.9363,-0.0008799240365052972,PRIMARY,SPY,
2020-10-02 00:00:00,-0.01581478974426087,-1,314.0218,315.2764,-0.004195264023071154,PRIMARY,SPY,
2020-10-05 00:00:00,0.00655941128505777,1,317.6912,317.7384,-5.1428053405211226e-05,PRIMARY,SPY,
2020-10-07 00:00:00,0.009434520635007049,1,319.7193,319.4646,-0.0009966362994037413,PRIMARY,SPY,
2020-10-08 00:00:00,0.006221690948384095,1,323.2377,323.2755,-8.305819525380437e-05,PRIMARY,SPY,
2020-10-09 00:00:00,0.00535317310515504,1,326.3506,326.011,-0.001240598669038606,PRIMARY,SPY,
2020-10-12 00:00:00,0.007871106053617849,1,329.5201,329.7842,0.0006014685598844995,PRIMARY,SPY,
2020-10-15 00:00:00,-0.01227130867555537,-1,324.7093,324.7093,-0.0002,PRIMARY,SPY,
2020-10-16 00:00:00,0.004172319192637719,1,329.2937,328.8598,-0.0015176686951495987,PRIMARY,SPY,
2020-10-19 00:00:00,0.003974066749178551,1,329.1899,329.3786,0.00037322536323245467,PRIMARY,SPY,
2020-10-20 00:00:00,0.004210156324099268,1,323.9924,324.0584,3.7084820509793463e-06,PRIMARY,SPY,
2020-10-23 00:00:00,0.0037722256161898393,1,325.9639,325.8507,-0.0005472777200175248,PRIMARY,SPY,
2020-10-26 00:00:00,-0.010498463142241565,-1,322.9453,323.1528,-0.0008425236719656002,PRIMARY,SPY,
2020-10-28 00:00:00,-0.018152220652374318,-1,313.154,313.4369,-0.0011033893866914334,PRIMARY,SPY,
2020-10-30 00:00:00,-0.005181883134239396,-1,310.3524,310.5127,-0.0007165096193875396,PRIMARY,SPY,
2020-11-02 00:00:00,0.011239460672114454,1,311.0033,311.0787,4.24411573767049e-05,PRIMARY,SPY,
2020-11-03 00:00:00,0.01053889393462204,1,314.5029,314.6727,0.000339899632086005,PRIMARY,SPY,
2020-11-04 00:00:00,0.0145252221633565,1,322.0869,320.6154,-0.0047686428103719475,PRIMARY,SPY,
2020-11-05 00:00:00,0.01674016206847173,1,329.5201,329.8785,0.0008876423016379366,PRIMARY,SPY,
2020-11-09 00:00:00,0.03935019176202803,1,342.5658,342.1036,-0.0015492298413911864,PRIMARY,SPY,
2020-11-10 00:00:00,-0.0029898222253318396,-1,333.8215,332.765,0.0029648650551268086,PRIMARY,SPY,
2020-11-11 00:00:00,0.0065804109268714495,1,335.6798,335.8118,0.00019323188347939463,PRIMARY,SPY,
2020-11-12 00:00:00,-0.002916497100001303,-1,335.0761,335.5477,-0.001607441473742832,PRIMARY,SPY,
2020-11-13 00:00:00,0.005632774096981041,1,335.4817,335.7081,0.000474850520907766,PRIMARY,SPY,
2020-11-16 00:00:00,0.008183082177828593,1,339.8302,340.3679,0.0013822607878877014,PRIMARY,SPY,
2020-11-17 00:00:00,-0.006842327251199598,-1,339.5095,339.2643,0.0005222183768054169,PRIMARY,SPY,
2020-11-23 00:00:00,0.005431106982216827,1,337.1702,337.3683,0.00038753709550840584,PRIMARY,SPY,
2020-11-24 00:00:00,0.0076649214038613245,1,339.3067,339.1794,-0.0005751767943279693,PRIMARY,SPY,
2020-11-27 00:00:00,0.003253872505844191,1,343.0752,343.4525,0.0008997588866814567,PRIMARY,SPY,
2020-11-30 00:00:00,-0.0026390014456808553,-1,342.2356,341.8489,0.0009299233627359851,PRIMARY,SPY,
2020-12-01 00:00:00,0.009834199974463331,1,344.358,344.924,0.0014436383066458226,PRIMARY,SPY,
2020-12-02 00:00:00,-0.0031696060789695446,-1,343.8911,344.2449,-0.0012288140635217325,PRIMARY,SPY,
2020-12-07 00:00:00,-0.00219000594798735,-1,348.1123,348.1312,-0.0002542928244706697,PRIMARY,SPY,
2020-12-08 00:00:00,-0.00387405876943403,-1,347.2634,347.3294,-0.0003900574607056615,PRIMARY,SPY,
2020-12-10 00:00:00,-0.004142921247799913,-1,343.9053,345.2164,-0.004012386723903493,PRIMARY,SPY,
2020-12-11 00:00:00,-0.004962941271187016,-1,344.292,344.5339,-0.0009026012803086345,PRIMARY,SPY,
2020-12-14 00:00:00,0.006388547444074577,1,347.7916,348.4331,0.0016444953817171593,PRIMARY,SPY,
2020-12-15 00:00:00,0.0076517676667819945,1,346.5936,346.7351,0.00020825912538489105,PRIMARY,SPY,
2020-12-17 00:00:00,0.0048629528855792525,1,351.2063,351.178,-0.0002805794201299559,PRIMARY,SPY,
2020-12-21 00:00:00,-0.011269493839354827,-1,346.5139,346.9781,-0.0015396287998836965,PRIMARY,SPY,
2020-12-23 00:00:00,0.0028866441683579325,1,349.119,349.4601,0.0007770307545564627,PRIMARY,SPY,
2020-12-28 00:00:00,0.0075342761644796585,1,351.7242,351.6768,-0.0003347646821002746,PRIMARY,SPY,
2020-12-29 00:00:00,0.004487448051831988,1,354.1588,353.922,-0.0008686266160828014,PRIMARY,SPY,
2020-12-30 00:00:00,0.0023150562197493674,1,352.7568,352.9652,0.00039077528767681466,PRIMARY,SPY,
2021-01-04 00:00:00,0.0039053102732447,1,354.803,354.282,-0.0016684205037726051,PRIMARY,SPY,
2021-01-05 00:00:00,-0.0020333567815666864,-1,349.8011,350.5969,-0.00247500713977169,PRIMARY,SPY,
2021-01-06 00:00:00,-0.004335884963161174,-1,349.8959,351.4021,-0.0045047089148515735,PRIMARY,SPY,
2021-01-07 00:00:00,0.006880205688363894,1,356.6882,356.9724,0.000596774325587446,PRIMARY,SPY,
2021-01-08 00:00:00,0.004036264558845648,1,360.648,360.4965,-0.0006200771943834169,PRIMARY,SPY,
2021-01-11 00:00:00,-0.008839582278859504,-1,358.3839,358.4787,-0.00046452081134231696,PRIMARY,SPY,
2021-01-14 00:00:00,0.0021856389373395846,1,360.2407,360.5533,0.0006677531439396091,PRIMARY,SPY,
2021-01-15 00:00:00,-0.004571058793667815,-1,357.304,357.1619,0.0001977005575083181,PRIMARY,SPY,
2021-01-19 00:00:00,0.007080510851032562,1,358.2323,358.166,-0.00038507543847945394,PRIMARY,SPY,
2021-01-20 00:00:00,0.006549719797561693,1,360.8849,361.027,0.0001937543521492781,PRIMARY,SPY,
2021-01-22 00:00:00,-0.005075506156245857,-1,362.2632,362.2395,-0.00013457795326723404,PRIMARY,SPY,
2021-01-25 00:00:00,0.0021155557173078154,1,363.9447,363.9068,-0.000304136699888846,PRIMARY,SPY,
2021-01-26 00:00:00,0.0026274655831666216,1,365.2236,364.911,-0.0010559140208901362,PRIMARY,SPY,
2021-01-27 00:00:00,-0.009405324119146297,-1,358.4787,358.1376,0.0007515209690282856,PRIMARY,SPY,
2021-01-28 00:00:00,0.005100956309494364,1,356.9156,356.4703,-0.0014476338943996358,PRIMARY,SPY,
2021-01-29 00:00:00,-0.005270171783782085,-1,355.2483,354.102,0.0030267571723777476,PRIMARY,SPY,
2021-02-01 00:00:00,0.009535728828406587,1,354.2346,353.9694,-0.0009486563988949868,PRIMARY,SPY,
2021-02-02 00:00:00,0.009117870639210546,1,360.5486,360.4396,-0.0005023170801385033,PRIMARY,SPY,
2021-02-03 00:00:00,0.002358872942349599,1,362.5616,361.8038,-0.002290127581078516,PRIMARY,SPY,
2021-02-04 00:00:00,0.002880743414801934,1,362.8648,362.8269,-0.00030444661482733595,PRIMARY,SPY,
2021-02-05 00:00:00,0.0052827830639321505,1,367.412,367.2035,-0.0007674828258194209,PRIMARY,SPY,
2021-02-08 00:00:00,0.004101177257335609,1,368.8424,368.7382,-0.00048250548201613766,PRIMARY,SPY,
2021-02-09 00:00:00,-0.0023559284604320885,-1,369.2593,369.0698,0.0003131895120854546,PRIMARY,SPY,
2021-02-10 00:00:00,0.0047917878250991475,1,371.1065,371.1634,-4.667474161725843e-05,PRIMARY,SPY,
2021-02-11 00:00:00,0.0029481570838707505,1,370.756,370.8744,0.00011934749538775619,PRIMARY,SPY,
2021-02-12 00:00:00,-0.0022520618009416182,-1,369.5624,369.7613,-0.000738204103014861,PRIMARY,SPY,
2021-02-16 00:00:00,0.003259620463621049,1,373.1433,372.9728,-0.0006569290135988391,PRIMARY,SPY,
2021-02-17 00:00:00,-0.004893523883372164,-1,369.6003,369.5245,5.086413620381149e-06,PRIMARY,SPY,
2021-02-18 00:00:00,-0.007288031370760062,-1,369.0319,368.9372,5.661738185778215e-05,PRIMARY,SPY,
2021-02-19 00:00:00,0.0033781894579416605,1,371.116,370.955,-0.0006338266202481566,PRIMARY,SPY,
2021-02-22 00:00:00,-0.0075893742805711595,-1,366.4836,367.3267,-0.0025005122193735517,PRIMARY,SPY,
2021-02-23 00:00:00,-0.006354705110487413,-1,363.4521,362.7511,0.0017287273343584487,PRIMARY,SPY,
2021-02-24 00:00:00,-0.0030194238523043593,-1,366.4741,366.1804,0.000601420891681004,PRIMARY,SPY,
2021-02-25 00:00:00,-0.0034460041145110143,-1,370.8508,371.0023,-0.0006085200840877601,PRIMARY,SPY,
2021-02-26 00:00:00,0.0051519810958760015,1,363.3953,363.5184,0.00013874956555557389,PRIMARY,SPY,
2021-03-01 00:00:00,0.013856969979571865,1,366.0383,365.5931,-0.0014162661666825781,PRIMARY,SPY,
2021-03-05 00:00:00,0.009794974377050902,1,359.5776,358.1755,-0.004099297397835788,PRIMARY,SPY,
2021-03-08 00:00:00,0.0027763513970917586,1,363.0874,364.12,0.0026439433590921047,PRIMARY,SPY,
2021-03-09 00:00:00,0.01076643107811126,1,365.811,365.5647,-0.0008732985066058017,PRIMARY,SPY,
2021-03-10 00:00:00,0.006638845289217654,1,369.1361,369.0129,-0.0005337522393501713,PRIMARY,SPY,
2021-03-11 00:00:00,0.006931914448484733,1,371.7318,371.5423,-0.0007097761342990337,PRIMARY,SPY,
2021-03-12 00:00:00,-0.0036086227089993095,-1,371.3244,371.0876,0.00043771731671824485,PRIMARY,SPY,
2021-03-17 00:00:00,-0.0035610566449818526,-1,373.2759,373.328,-0.00033957504355355253,PRIMARY,SPY,
2021-03-18 00:00:00,-0.006922972464103672,-1,374.2896,374.4885,-0.0007314066968464814,PRIMARY,SPY,
2021-03-24 00:00:00,0.00382518207499305,1,371.7918,372.1055,0.0006437517987216481,PRIMARY,SPY,
2021-03-25 00:00:00,-0.00384549380463306,-1,366.4408,367.0396,-0.0018340975131590164,PRIMARY,SPY,
2021-03-26 00:00:00,0.0032851106665916507,1,371.8869,371.8298,-0.0003535413051657608,PRIMARY,SPY,
2021-03-29 00:00:00,-0.003889551305166772,-1,375.4415,376.0213,-0.0017443151596186145,PRIMARY,SPY,
2021-03-30 00:00:00,-0.0034616113653359593,-1,374.8712,374.6526,0.0003831336202940518,PRIMARY,SPY,
2021-04-01 00:00:00,0.005426030341692423,1,378.8916,378.787,-0.0004760684058448204,PRIMARY,SPY,
2021-04-05 00:00:00,0.007290223829020892,1,384.1,383.9289,-0.0006454569122624985,PRIMARY,SPY,
2021-04-08 00:00:00,0.0033204072680974583,1,387.6071,387.436,-0.0006414263825405218,PRIMARY,SPY,
2021-04-15 00:00:00,0.0054679781291102625,1,393.4523,393.5663,8.974287353267235e-05,PRIMARY,SPY,
2021-04-16 00:00:00,0.0034148060789418455,1,396.1135,396.2085,3.983025067320084e-05,PRIMARY,SPY,
2021-04-19 00:00:00,-0.0025162192771642777,-1,395.8569,395.7808,-7.758813854197131e-06,PRIMARY,SPY,
2021-04-20 00:00:00,-0.003251002145291504,-1,393.4142,393.7944,-0.0011664114818428438,PRIMARY,SPY,
2021-04-29 00:00:00,0.0071402875022659185,1,399.2357,399.2404,-0.00018822750570659502,PRIMARY,SPY,
2021-04-30 00:00:00,-0.005642769714371831,-1,397.1114,397.2255,-0.0004873249168873215,PRIMARY,SPY,
2021-05-03 00:00:00,0.005128241332682082,1,398.3945,398.0049,-0.0011779251470589668,PRIMARY,SPY,
2021-05-04 00:00:00,-0.0049976852084823165,-1,395.529,395.2438,0.0005210596441726836,PRIMARY,SPY,
2021-05-05 00:00:00,0.004162015344931991,1,396.2275,395.8854,-0.0010633928740433562,PRIMARY,SPY,
2021-05-11 00:00:00,-0.011698756270876687,-1,391.846,392.2642,-0.0012672560138422772,PRIMARY,SPY,
2021-05-12 00:00:00,-0.007338139582371395,-1,391.5609,391.5419,-0.0001514762582270011,PRIMARY,SPY,
2021-05-13 00:00:00,0.004020293503224304,1,388.0965,388.0538,-0.0003100241821299086,PRIMARY,SPY,
2021-05-14 00:00:00,0.007190768487414845,1,392.996,393.1291,0.00013868029191141956,PRIMARY,SPY,
2021-05-17 00:00:00,-0.002784763190305628,-1,394.9349,395.5527,-0.0017643084467844571,PRIMARY,SPY,
2021-05-19 00:00:00,-0.012282125207087824,-1,387.3314,386.1719,0.002793560553056107,PRIMARY,SPY,
2021-05-20 00:00:00,0.002214711533118585,1,391.8935,391.8935,-0.0002,PRIMARY,SPY,
2021-05-21 00:00:00,0.0039012458040768028,1,396.7598,396.8548,3.9439580320466296e-05,PRIMARY,SPY,
2021-05-24 00:00:00,0.005759619375750091,1,396.8643,396.9023,-0.00010424938700717129,PRIMARY,SPY,
2021-05-25 00:00:00,0.0028630134063334367,1,399.4115,399.5255,8.541992406339033e-05,PRIMARY,SPY,
2021-05-27 00:00:00,0.0026729911891221203,1,399.402,399.5541,0.00018081932489086866,PRIMARY,SPY,
2021-05-28 00:00:00,0.004174257690138683,1,399.8962,399.8012,-0.0004375616472475306,PRIMARY,SPY,
2021-06-01 00:00:00,0.006047164425709628,1,401.4834,400.8181,-0.0018571046274889146,PRIMARY,SPY,
2021-06-03 00:00:00,-0.005923525301007038,-1,397.1209,396.6077,0.0010923016643041628,PRIMARY,SPY,
2021-06-04 00:00:00,0.0046080772864722785,1,400.0198,400.3714,0.0006789564916538151,PRIMARY,SPY,
2021-06-08 00:00:00,0.0021076848011953864,1,401.8161,401.7591,-0.000341855938574964,PRIMARY,SPY,
2021-06-09 00:00:00,0.002155025814712719,1,401.9206,401.7591,-0.0006018206581100081,PRIMARY,SPY,
2021-06-10 00:00:00,0.0031782545104088733,1,402.719,403.294,0.0012277945664347146,PRIMARY,SPY,
2021-06-18 00:00:00,-0.008334553001718148,-1,397.7512,397.7989,-0.00031992421393069995,PRIMARY,SPY,
2021-06-21 00:00:00,0.004337453640542499,1,396.6927,397.1218,0.0008816937140512018,PRIMARY,SPY,
2021-06-24 00:00:00,0.005418793289301949,1,405.132,405.1368,-0.00018815200971535867,PRIMARY,SPY,
2021-07-02 00:00:00,0.002787635885982409,1,411.4829,411.5687,8.5141326650941e-06,PRIMARY,SPY,
2021-07-08 00:00:00,-0.013005609420388975,-1,409.4422,409.2229,0.0003356067352120242,PRIMARY,SPY,
2021-07-09 00:00:00,0.003666149246293049,1,412.5318,412.5986,-3.807308915340074e-05,PRIMARY,SPY,
2021-07-14 00:00:00,0.004086254786435761,1,417.5,417.4619,-0.00029125748502991636,PRIMARY,SPY,
2021-07-15 00:00:00,-0.0032324112330978094,-1,414.3532,414.2483,5.316565673938473e-05,PRIMARY,SPY,
2021-07-16 00:00:00,0.002921457163299168,1,415.693,415.507,-0.0006474455908566321,PRIMARY,SPY,
2021-07-19 00:00:00,-0.012076970572077239,-1,406.0188,406.3621,-0.001045527349965014,PRIMARY,SPY,
2021-07-21 00:00:00,0.0030392297114629763,1,412.6272,412.7321,5.422463666968652e-05,PRIMARY,SPY,
2021-07-23 00:00:00,0.004684329685497479,1,417.1853,416.8611,-0.0009771127122646605,PRIMARY,SPY,
2021-07-27 00:00:00,-0.0024490937354422204,-1,418.7683,418.425,0.0006197850696912701,PRIMARY,SPY,
2021-07-29 00:00:00,0.002370078269701814,1,420.1033,420.4275,0.0005717149567738613,PRIMARY,SPY,
2021-07-30 00:00:00,-0.0062856458873568055,-1,418.1866,418.4441,-0.0008157538285540553,PRIMARY,SPY,
2021-08-02 00:00:00,0.0042648053823795,1,420.2464,419.9889,-0.0008127357664456046,PRIMARY,SPY,
2021-08-04 00:00:00,-0.003060524159336442,-1,419.4072,419.3118,2.7463906198988032e-05,PRIMARY,SPY,
2021-08-05 00:00:00,0.0027561014994452737,1,419.8077,420.1033,0.0005041319156364523,PRIMARY,SPY,
2021-08-11 00:00:00,0.002575362092925193,1,422.9355,423.0499,7.049041756965763e-05,PRIMARY,SPY,
2021-08-16 00:00:00,-0.0030500582072177096,-1,423.46,423.5362,-0.00037994615784266975,PRIMARY,SPY,
2021-08-17 00:00:00,-0.006218784675548372,-1,423.7079,423.8509,-0.0005374966574851701,PRIMARY,SPY,
2021-08-18 00:00:00,-0.0024770315484411443,-1,422.2203,422.4873,-0.0008323713000062625,PRIMARY,SPY,
2021-08-19 00:00:00,-0.006693718505678348,-1,417.6049,417.2235,0.0007133034598013401,PRIMARY,SPY,
2021-08-23 00:00:00,0.004127929627208982,1,424.9285,425.3072,0.0006912087562966686,PRIMARY,SPY,
2021-09-01 00:00:00,0.0021479159410193738,1,431.4796,431.3271,-0.0005534350175535827,PRIMARY,SPY,
2021-09-02 00:00:00,0.0033197145272962914,1,432.3855,432.5,6.480999015920935e-05,PRIMARY,SPY,
2021-09-03 00:00:00,-0.002692019875686791,-1,431.184,431.1745,-0.0001779676425841757,PRIMARY,SPY,
2021-09-10 00:00:00,0.004633014344008535,1,430.2304,429.8299,-0.0011308965614702736,PRIMARY,SPY,
2021-09-13 00:00:00,0.007070225349897985,1,427.4269,426.8929,-0.0014493364362420324,PRIMARY,SPY,
2021-09-14 00:00:00,0.0034936124215452224,1,426.9119,426.7689,-0.0005349637243657,PRIMARY,SPY,
2021-09-20 00:00:00,-0.014815716414220526,-1,416.2582,416.9183,-0.0017857945861486034,PRIMARY,SPY,
2021-09-21 00:00:00,0.005690497158724828,1,416.9375,417.7315,0.0017043621645928876,PRIMARY,SPY,
2021-09-22 00:00:00,0.005464819366666207,1,416.7174,416.5165,-0.0006821012993457829,PRIMARY,SPY,
2021-09-23 00:00:00,0.004590789675987361,1,421.0607,422.4336,0.00306057501923116,PRIMARY,SPY,
2021-09-24 00:00:00,-0.0037012580597141076,-1,423.3089,423.3472,-0.0002904776630021864,PRIMARY,SPY,
2021-09-27 00:00:00,-0.0025004326721005388,-1,423.4524,423.2515,0.00027443349004516746,PRIMARY,SPY,
2021-09-28 00:00:00,-0.00675442260607606,-1,420.1615,420.0754,4.921202918373337e-06,PRIMARY,SPY,
2021-09-29 00:00:00,0.003319860457897672,1,415.9138,415.7895,-0.0004988600041643474,PRIMARY,SPY,
2021-09-30 00:00:00,0.003659941815322476,1,417.301,416.6792,-0.0016900515455270603,PRIMARY,SPY,
2021-10-01 00:00:00,0.0042409746545015725,1,411.6566,411.1113,-0.0015246477768120713,PRIMARY,SPY,
2021-10-04 00:00:00,-0.002740635579969175,-1,414.6606,414.431,0.00035370585003733376,PRIMARY,SPY,
2021-10-05 00:00:00,0.0036155588998636468,1,411.6614,411.4079,-0.0008157973519014259,PRIMARY,SPY,
2021-10-06 00:00:00,-0.00872872099689237,-1,411.9245,412.2306,-0.0009430973394395579,PRIMARY,SPY,
2021-10-07 00:00:00,0.0080015978199659,1,420.6302,420.7833,0.0001639776696966468,PRIMARY,SPY,
2021-10-12 00:00:00,0.00232379901579427,1,416.5835,416.5452,-0.0002919383508948268,PRIMARY,SPY,
2021-10-13 00:00:00,0.0024905843761391377,1,415.8947,416.3706,0.0009442800304981571,PRIMARY,SPY,
2021-10-14 00:00:00,0.009077600657638296,1,419.8362,419.6544,-0.0006330260230061,PRIMARY,SPY,
2021-10-15 00:00:00,0.005175296728509471,1,424.897,425.3179,0.0007905930143070396,PRIMARY,SPY,
2021-10-18 00:00:00,-0.004171963486292896,-1,424.323,424.4187,-0.0004255357357485721,PRIMARY,SPY,
2021-10-19 00:00:00,0.0037957591740391816,1,429.4029,429.5369,0.00011206123666138729,PRIMARY,SPY,
2021-10-25 00:00:00,0.002537961579939907,1,434.0428,433.3636,-0.0017648226396106636,PRIMARY,SPY,
2021-10-26 00:00:00,0.0037544015538999442,1,437.4964,437.7643,0.00041234789589126317,PRIMARY,SPY,
2021-10-28 00:00:00,0.0034368558342146027,1,436.4823,436.2814,-0.0006602706684784241,PRIMARY,SPY,
2021-10-29 00:00:00,-0.005215266607239033,-1,436.6067,437.1137,-0.0013612281717161555,PRIMARY,SPY,
2021-11-01 00:00:00,0.0023298944855523196,1,440.5386,440.2229,-0.000916622788559218,PRIMARY,SPY,
2021-11-05 00:00:00,0.005140469600704689,1,449.2922,449.5696,0.0004174155705351847,PRIMARY,SPY,
2021-11-08 00:00:00,0.0025828216478651633,1,449.6557,449.0626,-0.0015190091885859624,PRIMARY,SPY,
2021-11-10 00:00:00,-0.0038726152028102367,-1,445.5324,445.6759,-0.0005220865642992177,PRIMARY,SPY,
2021-11-11 00:00:00,0.0033645826499448805,1,444.5758,444.2314,-0.0009746710459723971,PRIMARY,SPY,
2021-11-12 00:00:00,0.0028243367135827313,1,444.6523,444.1453,-0.001340216749131895,PRIMARY,SPY,
2021-11-15 00:00:00,0.0029533664731387077,1,448.1442,448.3164,0.0001842513191065766,PRIMARY,SPY,
2021-11-18 00:00:00,0.0024138704883676088,1,448.479,448.5938,5.5976311042349626e-05,PRIMARY,SPY,
2021-11-22 00:00:00,0.004030508908314134,1,450.8228,451.0142,0.00022455705434596424,PRIMARY,SPY,
2021-11-24 00:00:00,-0.0046556244318598505,-1,445.7525,445.5946,0.00015423244962162758,PRIMARY,SPY,
2021-11-26 00:00:00,-0.014892416808619635,-1,443.4373,442.8346,0.0011591549470465258,PRIMARY,SPY,
2021-11-29 00:00:00,0.015626143817164984,1,443.4565,443.4852,-0.00013528113805973946,PRIMARY,SPY,
2021-11-30 00:00:00,-0.005660302650713378,-1,442.3754,441.6483,0.0014436266573593982,PRIMARY,SPY,
2021-12-01 00:00:00,0.012723746767009825,1,440.5673,440.5386,-0.0002651432823089992,PRIMARY,SPY,
2021-12-03 00:00:00,0.0039575430322240646,1,439.8785,438.3287,-0.003723245623507254,PRIMARY,SPY,
2021-12-06 00:00:00,0.005976700412301472,1,434.9995,434.3394,-0.0017174730085896205,PRIMARY,SPY,
2021-12-07 00:00:00,0.012271740410801701,1,444.7384,444.9393,0.0002517262282726087,PRIMARY,SPY,
2021-12-09 00:00:00,-0.002960619025166311,-1,448.4216,448.5651,-0.0005200113464649767,PRIMARY,SPY,
2021-12-10 00:00:00,0.006218652325712615,1,449.273,449.5218,0.00035378355699087225,PRIMARY,SPY,
2021-12-14 00:00:00,-0.007629369072212899,-1,443.8487,444.2314,-0.0010622307556607201,PRIMARY,SPY,
2021-12-16 00:00:00,0.004228867988149032,1,451.7221,451.2055,-0.001343623480011402,PRIMARY,SPY,
2021-12-17 00:00:00,-0.007011993154964369,-1,443.4859,441.9594,0.003242048552163679,PRIMARY,SPY,
2021-12-20 00:00:00,-0.011872164733646273,-1,436.0742,436.6886,-0.0016089345345356109,PRIMARY,SPY,
2021-12-21 00:00:00,0.00789055463957844,1,440.4137,440.8361,0.0007590982296872053,PRIMARY,SPY,
2021-12-23 00:00:00,0.00224508407651669,1,450.9361,451.6369,0.0013541004590229334,PRIMARY,SPY,
2021-12-27 00:00:00,0.0030812947414133873,1,453.9795,454.0563,-3.082936564304789e-05,PRIMARY,SPY,
2022-01-03 00:00:00,0.003032337549507158,1,458.031,458.2134,0.00019822632092589848,PRIMARY,SPY,
2022-01-04 00:00:00,0.0030559171577637656,1,460.4024,460.5464,0.00011276987261574795,PRIMARY,SPY,
2022-01-10 00:00:00,-0.007337065701083834,-1,443.2555,443.1019,0.00014652700304904637,PRIMARY,SPY,
2022-01-12 00:00:00,0.003938276316171718,1,453.2499,453.1539,-0.0004118036871050499,PRIMARY,SPY,
2022-01-13 00:00:00,0.00242006275137574,1,453.2211,453.6627,0.0007743588725237285,PRIMARY,SPY,
2022-01-14 00:00:00,-0.007211344964491384,-1,442.6795,444.302,-0.0038651798874807185,PRIMARY,SPY,
2022-01-18 00:00:00,-0.01067365826137645,-1,440.3225,439.8665,0.0008356045852756291,PRIMARY,SPY,
2022-01-19 00:00:00,0.003636469006391474,1,439.6168,440.9753,0.0028901912756746696,PRIMARY,SPY,
2022-01-20 00:00:00,0.004338205255183247,1,436.1798,435.9878,-0.000640185446460406,PRIMARY,SPY,
2022-01-21 00:00:00,-0.0027527658209433037,-1,428.6048,427.3279,0.0027792013528546767,PRIMARY,SPY,
2022-01-24 00:00:00,-0.01367510473673017,-1,414.703,415.5286,-0.00219082234755954,PRIMARY,SPY,
2022-01-25 00:00:00,-0.015526397978433137,-1,415.5286,416.0087,-0.0013553958018772904,PRIMARY,SPY,
2022-01-26 00:00:00,0.014361880651688086,1,421.8363,421.9131,-1.7938854479892906e-05,PRIMARY,SPY,
2022-01-27 00:00:00,0.011073579481762463,1,420.1178,420.0602,-0.00033710440262226784,PRIMARY,SPY,
2022-01-28 00:00:00,0.0033157823171641176,1,412.7348,411.89,-0.0022468349167552803,PRIMARY,SPY,
2022-02-01 00:00:00,0.0020674769070379018,1,432.5987,432.4115,-0.0006327336166289886,PRIMARY,SPY,
2022-02-02 00:00:00,0.005585401338334961,1,437.2359,437.9271,0.001380839999643091,PRIMARY,SPY,
2022-02-03 00:00:00,-0.013885953196149381,-1,432.4547,434.1252,-0.004062832338277222,PRIMARY,SPY,
2022-02-09 00:00:00,0.009603205642492396,1,437.2359,437.5863,0.0006013980553747136,PRIMARY,SPY,
2022-02-10 00:00:00,-0.013464386084099389,-1,434.2788,435.3445,-0.0026539535432077654,PRIMARY,SPY,
2022-02-15 00:00:00,0.010636276356721153,1,427.2895,427.3663,-2.0262374806700843e-05,PRIMARY,SPY,
2022-02-16 00:00:00,-0.004797561850393373,-1,426.7711,426.4927,0.0004523403295114472,PRIMARY,SPY,
2022-02-17 00:00:00,-0.007590415170941722,-1,425.6094,425.8782,-0.0008315649983295035,PRIMARY,SPY,
2022-02-22 00:00:00,-0.00548029250932347,-1,413.8389,413.8485,-0.00022319743262413355,PRIMARY,SPY,
2022-02-23 00:00:00,0.007075483133363258,1,415.7495,415.6823,-0.0003616357927068934,PRIMARY,SPY,
2022-02-24 00:00:00,-0.025949745940415436,-1,396.02,397.4505,-0.0038121913034694587,PRIMARY,SPY,
2022-02-25 00:00:00,0.00303520138090585,1,413.7045,413.2821,-0.0012210186256132126,PRIMARY,SPY,
2022-02-28 00:00:00,-0.012931807916246485,-1,415.4038,416.2679,-0.0022801446688740733,PRIMARY,SPY,
2022-03-01 00:00:00,-0.003732755772723917,-1,418.7257,419.2729,-0.0015068221033483153,PRIMARY,SPY,
2022-03-02 00:00:00,0.005581333609792072,1,414.8854,414.9814,3.1389198077414084e-05,PRIMARY,SPY,
2022-03-03 00:00:00,0.006029762944149475,1,422.5276,422.4316,-0.0004272040927030483,PRIMARY,SPY,
2022-03-04 00:00:00,-0.009111154458857573,-1,414.2229,414.3286,-0.0004551766210898698,PRIMARY,SPY,
2022-03-09 00:00:00,0.021234599160974366,1,407.6369,407.9153,0.0004829607427589757,PRIMARY,SPY,
2022-03-10 00:00:00,-0.011441123953713994,-1,406.0527,405.2655,0.001738664611761065,PRIMARY,SPY,
2022-03-11 00:00:00,0.006204783308726425,1,411.1507,410.5651,-0.001624295276646781,PRIMARY,SPY,
2022-03-15 00:00:00,0.006497880284460189,1,403.8734,403.3453,-0.0015075879718743578,PRIMARY,SPY,
2022-03-16 00:00:00,0.008799755575924051,1,413.4165,414.5686,0.002586777982978439,PRIMARY,SPY,
2022-03-17 00:00:00,-0.004637068620868434,-1,416.7287,417.0264,-0.0009143736440520243,PRIMARY,SPY,
2022-03-18 00:00:00,-0.0037506648691186806,-1,421.3895,421.8518,-0.0012970847636213589,PRIMARY,SPY,
2022-03-22 00:00:00,0.0032175541868508795,1,429.7197,430.8175,0.002354688556284601,PRIMARY,SPY,
2022-03-23 00:00:00,-0.005938717937228555,-1,430.1434,429.8064,0.0005834596555473805,PRIMARY,SPY,
2022-03-24 00:00:00,0.004708866552167734,1,428.6989,428.67,-0.0002674132823759166,PRIMARY,SPY,
2022-03-29 00:00:00,0.009103836859389425,1,443.7605,442.9035,-0.0021312219091153216,PRIMARY,SPY,
2022-03-30 00:00:00,-0.0027078567438725276,-1,443.5487,443.0575,0.0009074319460298021,PRIMARY,SPY,
2022-04-01 00:00:00,0.003697445837890445,1,435.9312,435.8156,-0.0004651794595109891,PRIMARY,SPY,
2022-04-05 00:00:00,-0.0034151781857795216,-1,439.5907,439.9759,-0.0010762696754047728,PRIMARY,SPY,
2022-04-06 00:00:00,-0.009332690636141394,-1,430.0856,429.9508,0.00011342597845629426,PRIMARY,SPY,
2022-04-07 00:00:00,-0.0021497165373773885,-1,429.8064,430.6057,-0.0020596744953076617,PRIMARY,SPY,
2022-04-11 00:00:00,-0.00784145606759401,-1,427.6299,426.9269,0.0014439449159192375,PRIMARY,SPY,
2022-04-12 00:00:00,0.0070686673237341235,1,426.3684,427.2929,0.001968312661069649,PRIMARY,SPY,
2022-04-18 00:00:00,-0.0024210387771725905,-1,422.2466,422.4489,-0.0006791039170000122,PRIMARY,SPY,
2022-04-20 00:00:00,0.004269702982865331,1,430.3649,430.3745,-0.00017769334813302323,PRIMARY,SPY,
2022-04-21 00:00:00,0.00868048177105818,1,433.0614,432.4836,-0.0015342218909373483,PRIMARY,SPY,
2022-04-22 00:00:00,-0.0026026319794463237,-1,420.5421,419.059,0.003326638593377429,PRIMARY,SPY,
2022-04-25 00:00:00,-0.005703157500193123,-1,406.5494,406.9538,-0.0011947130656200454,PRIMARY,SPY,
2022-04-26 00:00:00,-0.006231259631455877,-1,409.3999,409.4288,-0.0002705911261824621,PRIMARY,SPY,
2022-04-27 00:00:00,0.0027155908905676096,1,402.4469,402.9669,0.0010920959261955022,PRIMARY,SPY,
2022-04-28 00:00:00,0.012054831065628102,1,405.5767,405.2108,-0.001102172141545643,PRIMARY,SPY,
2022-04-29 00:00:00,-0.009817919310864509,-1,408.7547,408.148,0.0012842642787959991,PRIMARY,SPY,
2022-05-05 00:00:00,-0.010419803314623999,-1,408.2154,408.0998,8.318382892944526e-05,PRIMARY,SPY,
2022-05-06 00:00:00,-0.006812854838802784,-1,394.8583,392.9226,0.004702264939093293,PRIMARY,SPY,
2022-05-09 00:00:00,-0.01526574584519702,-1,390.101,390.698,-0.0017303729034275016,PRIMARY,SPY,
2022-05-10 00:00:00,0.0156940856641703,1,389.8024,389.3883,-0.001262333120575909,PRIMARY,SPY,
2022-05-11 00:00:00,-0.0025559881888002067,-1,382.4353,382.5075,-0.0003887901038424289,PRIMARY,SPY,
2022-05-12 00:00:00,-0.00865653111650555,-1,373.6237,373.0169,0.0014240939747664828,PRIMARY,SPY,
2022-05-13 00:00:00,0.01095793987554905,1,381.5397,382.2523,0.0016676955504237646,PRIMARY,SPY,
2022-05-16 00:00:00,-0.004257097899033724,-1,385.1992,386.2296,-0.0028749795949732037,PRIMARY,SPY,
2022-05-17 00:00:00,0.01574084860479319,1,391.0929,390.6017,-0.0014559675718991637,PRIMARY,SPY,
2022-05-18 00:00:00,-0.011683406541140862,-1,388.3097,387.6356,0.0015359854775711447,PRIMARY,SPY,
2022-05-19 00:00:00,-0.00859851652142396,-1,375.8579,376.426,-0.001711475480494129,PRIMARY,SPY,
2022-05-20 00:00:00,0.009757394302449596,1,378.2269,378.381,0.00020742739345067668,PRIMARY,SPY,
2022-05-23 00:00:00,0.008290391035663314,1,378.381,377.1291,-0.0035085699334797215,PRIMARY,SPY,
2022-05-24 00:00:00,-0.011009482480550115,-1,377.6009,377.0135,0.0013556106990211037,PRIMARY,SPY,
2022-05-25 00:00:00,-0.004289320816686648,-1,379.0551,379.9026,-0.0024358227075693905,PRIMARY,SPY,
2022-05-26 00:00:00,0.0028172957826235745,1,385.5073,386.2874,0.0018235673876993764,PRIMARY,SPY,
2022-05-27 00:00:00,0.006513910211343399,1,393.5775,394.6464,0.0025158564704539144,PRIMARY,SPY,
2022-05-31 00:00:00,-0.004333595339097496,-1,396.1584,395.7154,0.0009182395728577266,PRIMARY,SPY,
2022-06-01 00:00:00,0.005351920925450004,1,400.2416,399.346,-0.002437648460329922,PRIMARY,SPY,
2022-06-03 00:00:00,-0.01200363739048338,-1,398.2866,397.7667,0.001105341430015483,PRIMARY,SPY,
2022-06-06 00:00:00,0.010204922925025173,1,399.3845,399.0185,-0.0011164101260814573,PRIMARY,SPY,
2022-06-07 00:00:00,-0.008888521258838211,-1,394.0012,393.9049,4.441549924214544e-05,PRIMARY,SPY,
2022-06-08 00:00:00,-0.004258005242197549,-1,398.0748,398.826,-0.0020870825282084614,PRIMARY,SPY,
2022-06-09 00:00:00,-0.004765435783007144,-1,395.282,394.1264,0.002723482475802097,PRIMARY,SPY,
2022-06-10 00:00:00,-0.016414639117448337,-1,378.8914,379.3151,-0.0013182623833636552,PRIMARY,SPY,
2022-06-13 00:00:00,-0.02557583112860451,-1,367.1714,366.1699,0.002527608958649874,PRIMARY,SPY,
2022-06-14 00:00:00,0.0048796561009547545,1,362.7608,362.2118,-0.0017133939499527572,PRIMARY,SPY,
2022-06-15 00:00:00,0.009469803767754748,1,363.5216,363.4734,-0.00033259184598646277,PRIMARY,SPY,
2022-06-16 00:00:00,-0.022736130568690838,-1,355.9329,355.124,0.0020726193616829925,PRIMARY,SPY,
2022-06-21 00:00:00,0.01650988255676089,1,360.1074,361.1713,0.002754396382856883,PRIMARY,SPY,
2022-06-22 00:00:00,-0.011784184140695708,-1,359.4497,359.4497,-0.0002,PRIMARY,SPY,
2022-06-23 00:00:00,0.006009669157508446,1,363.9761,363.6279,-0.001156656220009955,PRIMARY,SPY,
2022-06-24 00:00:00,0.008647943628543375,1,370.108,369.7985,-0.0010362423941120634,PRIMARY,SPY,
2022-06-27 00:00:00,0.0025638463208459417,1,376.501,376.6364,0.0001596271988652866,PRIMARY,SPY,
2022-06-28 00:00:00,0.004013819585087841,1,379.712,379.8377,0.00013104036743636377,PRIMARY,SPY,
2022-06-30 00:00:00,-0.010831975530739113,-1,363.3039,361.9063,0.003646917140168382,PRIMARY,SPY,
2022-07-01 00:00:00,-0.002001097835925836,-1,364.3533,364.1018,0.0004902640925715575,PRIMARY,SPY,
2022-07-05 00:00:00,-0.014034428193949067,-1,362.3029,361.5678,0.0018289652663559864,PRIMARY,SPY,
2022-07-07 00:00:00,0.004721803375529854,1,373.7832,373.9863,0.00034336310460190164,PRIMARY,SPY,
2022-07-08 00:00:00,-0.0042935135274518865,-1,374.673,375.3017,-0.001877996546321614,PRIMARY,SPY,
2022-07-11 00:00:00,-0.0072810568824754895,-1,373.5801,371.9649,0.004123570768357321,PRIMARY,SPY,
2022-07-13 00:00:00,-0.015175761563767987,-1,363.6763,365.3398,-0.004774122646980205,PRIMARY,SPY,
2022-07-14 00:00:00,-0.013751501981127734,-1,361.0649,360.059,0.002585925743543638,PRIMARY,SPY,
2022-07-15 00:00:00,0.012144079949096165,1,370.0161,369.5954,-0.0013369775531389071,PRIMARY,SPY,
2022-07-18 00:00:00,0.008517197366040063,1,375.7176,375.4951,-0.000792200099223561,PRIMARY,SPY,
2022-07-19 00:00:00,0.01070698819299909,1,373.2803,373.5027,0.00039579892107874956,PRIMARY,SPY,
2022-07-26 00:00:00,-0.004323184649309475,-1,380.2343,380.6695,-0.001344557447868344,PRIMARY,SPY,
2022-07-27 00:00:00,0.00882543922872947,1,381.2885,382.0139,0.0017024964036418178,PRIMARY,SPY,
2022-07-28 00:00:00,0.0022194936934716303,1,388.9872,388.668,-0.001020592554202193,PRIMARY,SPY,
2022-07-29 00:00:00,0.0038667440151287646,1,393.8714,394.413,0.001175068105985866,PRIMARY,SPY,
2022-08-01 00:00:00,-0.007062146892655385,-1,395.5736,396.2313,-0.001862648872422068,PRIMARY,SPY,
2022-08-02 00:00:00,-0.00387133317809063,-1,395.738,395.4769,0.0004597799554250994,PRIMARY,SPY,
2022-08-03 00:00:00,0.005390622525951683,1,397.0147,397.8948,0.002016794491488594,PRIMARY,SPY,
2022-08-05 00:00:00,-0.010792765080300915,-1,397.5467,397.9529,-0.001221766750925135,PRIMARY,SPY,
2022-08-08 00:00:00,0.004402310619114447,1,402.4309,402.6098,0.0002445483684278884,PRIMARY,SPY,
2022-08-10 00:00:00,0.01811144670377396,1,404.0847,403.6108,-0.0013727739258625692,PRIMARY,SPY,
2022-08-11 00:00:00,0.0072389442496409995,1,408.4274,408.7465,0.0005812894041880902,PRIMARY,SPY,
2022-08-12 00:00:00,0.004809436805767842,1,408.1372,408.3016,0.00020280572317352713,PRIMARY,SPY,
2022-08-15 00:00:00,-0.005374045372757319,-1,411.4546,411.6384,-0.000646707850635164,PRIMARY,SPY,
2022-08-16 00:00:00,-0.0026348799862674355,-1,414.3271,414.3851,-0.00033998601587994484,PRIMARY,SPY,
2022-08-17 00:00:00,-0.008634709114597072,-1,412.4798,412.6539,-0.0006220812752526726,PRIMARY,SPY,
2022-08-19 00:00:00,-0.006661664074744111,-1,410.9227,410.7776,0.00015310777428454453,PRIMARY,SPY,
2022-08-22 00:00:00,-0.012080817669907207,-1,402.5673,402.6243,-0.00034159123207480027,PRIMARY,SPY,
2022-08-25 00:00:00,0.003916744739928424,1,400.5836,401.0382,0.000934844262221435,PRIMARY,SPY,
2022-08-29 00:00:00,-0.007697421319216913,-1,389.9544,389.7512,0.0003210865680705945,PRIMARY,SPY,
2022-08-30 00:00:00,0.0030302042023797604,1,390.3764,390.2542,-0.0005130312180755767,PRIMARY,SPY,
2022-08-31 00:00:00,0.004395121586419304,1,385.5634,385.9793,0.0008786812233734011,PRIMARY,SPY,
2022-09-01 00:00:00,-0.005668846126572036,-1,379.2671,379.654,-0.0012201253944779332,PRIMARY,SPY,
2022-09-02 00:00:00,0.009813314108213955,1,385.3313,385.8535,0.0011551974625471973,PRIMARY,SPY,
2022-09-06 00:00:00,0.0021160127445749577,1,380.2575,379.5427,-0.0020797788340794154,PRIMARY,SPY,
2022-09-08 00:00:00,-0.0062095753112131336,-1,381.5158,381.9945,-0.001454731783061125,PRIMARY,SPY,
2022-09-09 00:00:00,0.005819407786944009,1,390.3993,390.1768,-0.0007699293005904105,PRIMARY,SPY,
2022-09-12 00:00:00,0.0054849377206391825,1,395.8541,395.4963,-0.0011038683696847017,PRIMARY,SPY,
2022-09-13 00:00:00,-0.022216849209328537,-1,389.0839,388.3682,0.0016394490237196858,PRIMARY,SPY,
2022-09-14 00:00:00,0.0033830004686703496,1,380.1182,380.9596,0.0020135220044712244,PRIMARY,SPY,
2022-09-15 00:00:00,-0.0041812522271365005,-1,380.2343,379.7507,0.0010718473846258237,PRIMARY,SPY,
2022-09-16 00:00:00,-0.01127707262025579,-1,372.4076,373.204,-0.00233851704422785,PRIMARY,SPY,
2022-09-19 00:00:00,-0.008764706636249509,-1,372.5144,372.495,-0.0001479214763240531,PRIMARY,SPY,
2022-09-20 00:00:00,-0.00898232156997436,-1,374.0004,373.1917,0.0019622971526232825,PRIMARY,SPY,
2022-09-21 00:00:00,0.005049622457633074,1,374.3888,374.8347,0.0009910078506622844,PRIMARY,SPY,
2022-09-22 00:00:00,-0.0021464473526967565,-1,365.6676,364.949,0.001765172741582699,PRIMARY,SPY,
2022-09-23 00:00:00,-0.009753367577976846,-1,359.3356,358.3158,0.0026380154930376377,PRIMARY,SPY,
2022-09-26 00:00:00,-0.00404964240286243,-1,357.1407,357.2767,-0.0005808023000460014,PRIMARY,SPY,
2022-09-27 00:00:00,0.01018344329831633,1,358.5489,359.1608,0.00150660124741695,PRIMARY,SPY,
2022-09-28 00:00:00,0.002724443571715751,1,352.751,352.683,-0.00039277053785815566,PRIMARY,SPY,
2022-09-29 00:00:00,-0.009906012117230079,-1,355.4897,354.6254,0.0022312940712487573,PRIMARY,SPY,
2022-09-30 00:00:00,-0.0027289493417314015,-1,351.9838,350.2454,0.004738863663611626,PRIMARY,SPY,
2022-10-03 00:00:00,0.01089062159478904,1,350.0414,349.3616,-0.00214205599680497,PRIMARY,SPY,
2022-10-04 00:00:00,0.015820978694145893,1,362.7541,363.6573,0.002289840914272401,PRIMARY,SPY,
2022-10-05 00:00:00,-0.012012685369594767,-1,363.8224,363.23,0.0014282669786137348,PRIMARY,SPY,
2022-10-06 00:00:00,-0.004056738092085288,-1,365.9978,366.7262,-0.0021901758972322715,PRIMARY,SPY,
2022-10-07 00:00:00,-0.011387375476876516,-1,357.9177,357.7914,0.00015287441777820393,PRIMARY,SPY,
2022-10-10 00:00:00,0.003224981559167839,1,352.819,352.2217,-0.001892936038025228,PRIMARY,SPY,
2022-10-11 00:00:00,-0.005026712093334718,-1,347.5066,347.089,0.0010017037949783037,PRIMARY,SPY,
2022-10-13 00:00:00,-0.02053003235595474,-1,339.7955,338.9506,0.002286495553943424,PRIMARY,SPY,
2022-10-14 00:00:00,0.0070225541062203245,1,357.3252,359.3841,0.00556197816442825,PRIMARY,SPY,
2022-10-17 00:00:00,0.017669308321053068,1,354.7468,355.9559,0.0032083464600667134,PRIMARY,SPY,
2022-10-18 00:00:00,0.022709906413817205,1,363.5019,363.6476,0.00020082321440415568,PRIMARY,SPY,
2022-10-19 00:00:00,-0.005819787722153857,-1,359.8989,359.4327,0.0010953637813286622,PRIMARY,SPY,
2022-10-24 00:00:00,0.004328290950947444,1,364.8519,366.0755,0.0031536895381385267,PRIMARY,SPY,
2022-10-26 00:00:00,-0.008470558648605908,-1,371.6404,372.0871,-0.0014019683543555982,PRIMARY,SPY,
2022-10-27 00:00:00,0.0026173142668959315,1,372.631,372.2522,-0.0012165552517100719,PRIMARY,SPY,
2022-10-31 00:00:00,-0.0065044149864941225,-1,375.7582,375.9864,-0.0008073054427022661,PRIMARY,SPY,
2022-11-01 00:00:00,0.010175739258779126,1,378.6329,378.6426,-0.0001743815183519402,PRIMARY,SPY,
2022-11-03 00:00:00,-0.00908326310781693,-1,360.7049,360.87,-0.0006577148799476127,PRIMARY,SPY,
2022-11-04 00:00:00,0.0161176178695861,1,364.9975,364.2692,-0.002195356132576176,PRIMARY,SPY,
2022-11-07 00:00:00,0.0036405641916885667,1,366.5174,365.7259,-0.0023595154827573904,PRIMARY,SPY,
2022-11-08 00:00:00,0.003079494760143353,1,369.1056,368.8337,-0.000936645556176807,PRIMARY,SPY,
2022-11-09 00:00:00,-0.005550185113998629,-1,368.047,367.8674,0.00028798115458092985,PRIMARY,SPY,
2022-11-10 00:00:00,0.03709730684764123,1,375.4668,375.7388,0.0005244315609264973,PRIMARY,SPY,
2022-11-11 00:00:00,0.0024072092080318352,1,383.4596,382.7215,-0.0021248442339168116,PRIMARY,SPY,
2022-11-14 00:00:00,-0.004617144439957088,-1,385.5282,386.2469,-0.0020641956671392458,PRIMARY,SPY,
2022-11-15 00:00:00,0.015106967407679806,1,389.9374,389.9374,-0.0002,PRIMARY,SPY,
2022-11-16 00:00:00,-0.004416191064272823,-1,386.1789,385.8584,0.0006299262336703972,PRIMARY,SPY,
2022-11-17 00:00:00,-0.012768207465407744,-1,379.6139,379.5652,-7.171175765687804e-05,PRIMARY,SPY,
2022-11-18 00:00:00,0.008749965397092607,1,385.0426,384.6396,-0.0012466374370005084,PRIMARY,SPY,
2022-11-21 00:00:00,-0.003660765906472463,-1,383.4013,383.042,0.0007371381891506436,PRIMARY,SPY,
2022-11-22 00:00:00,0.005195363029547151,1,384.7027,384.2754,-0.0013107278425651624,PRIMARY,SPY,
2022-11-28 00:00:00,-0.008151799793537196,-1,388.8108,388.9371,-0.0005248366557719873,PRIMARY,SPY,
2022-12-01 00:00:00,0.003264130498507045,1,397.0075,396.4734,-0.0015453146351138924,PRIMARY,SPY,
2022-12-02 00:00:00,-0.012617335737550084,-1,391.9963,391.9477,-7.601923793667514e-05,PRIMARY,SPY,
2022-12-05 00:00:00,-0.0071768972693169175,-1,392.7829,393.0451,-0.0008675443355603772,PRIMARY,SPY,
2022-12-07 00:00:00,-0.0024375967136888166,-1,382.8186,383.2751,-0.0013924707942612135,PRIMARY,SPY,
2022-12-08 00:00:00,0.0050618317665758195,1,382.6438,382.9255,0.0005361938178536143,PRIMARY,SPY,
2022-12-09 00:00:00,-0.0032053839222995206,-1,384.052,384.3628,-0.0010092654119753463,PRIMARY,SPY,
2022-12-12 00:00:00,0.002072264022407122,1,382.5953,382.1485,-0.0013678136140198526,PRIMARY,SPY,
2022-12-13 00:00:00,0.028327185275222266,1,396.6482,396.2889,-0.0011058404903891094,PRIMARY,SPY,
2022-12-15 00:00:00,-0.012768823961150533,-1,382.4399,382.6827,-0.000834870995416481,PRIMARY,SPY,
2022-12-16 00:00:00,-0.0068513965464753745,-1,376.2168,375.6021,0.0014338983267094597,PRIMARY,SPY,
2022-12-21 00:00:00,0.007174293640746621,1,373.4653,374.0117,0.001263054265014696,PRIMARY,SPY,
2022-12-22 00:00:00,-0.008233441566368072,-1,372.4896,372.0895,0.000874123948695549,PRIMARY,SPY,
2022-12-23 00:00:00,-0.0029154448321176973,-1,370.6651,369.182,0.003801185976235666,PRIMARY,SPY,
2022-12-29 00:00:00,0.007831612308661695,1,370.7431,371.4651,0.0017474401546515362,PRIMARY,SPY,
2022-12-30 00:00:00,-0.007172717848147325,-1,372.1286,371.8213,0.0006257897941732484,PRIMARY,SPY,
2023-01-03 00:00:00,0.005046586659870345,1,375.1923,376.0411,0.0020623065558646792,PRIMARY,SPY,
2023-01-04 00:00:00,0.006144266329226822,1,373.1433,373.8751,0.00176117684546393,PRIMARY,SPY,
2023-01-05 00:00:00,-0.005263991483172026,-1,371.4359,370.7236,0.0017176929316740975,PRIMARY,SPY,
2023-01-06 00:00:00,0.008460812821535102,1,374.1971,372.0993,-0.005806136445204801,PRIMARY,SPY,
2023-01-09 00:00:00,0.0060306806121754875,1,380.6561,380.3927,-0.0008919631657025249,PRIMARY,SPY,
2023-01-11 00:00:00,0.0040959326137617325,1,382.6661,383.0856,0.0008962559787763837,PRIMARY,SPY,
2023-01-12 00:00:00,0.002958128296473239,1,385.3785,385.4468,-2.277163879151872e-05,PRIMARY,SPY,
2023-01-13 00:00:00,-0.008363741147478843,-1,384.6175,384.1686,0.0009671335807652561,PRIMARY,SPY,
2023-01-18 00:00:00,0.0031928086950763213,1,389.3691,389.2032,-0.0006260738718095958,PRIMARY,SPY,
2023-01-19 00:00:00,-0.0055931319156666826,-1,380.2756,380.7147,-0.0013546888624986985,PRIMARY,SPY,
2023-01-20 00:00:00,0.003627862235108914,1,379.2707,379.5341,0.0004944907687307378,PRIMARY,SPY,
2023-01-23 00:00:00,0.0022485304543304885,1,386.3835,386.6176,0.00040587473326356724,PRIMARY,SPY,
2023-01-24 00:00:00,-0.004268622325427018,-1,388.9886,388.608,0.0007784348435918355,PRIMARY,SPY,
2023-01-25 00:00:00,-0.010545476245785834,-1,386.1395,386.3542,-0.0007560166727309745,PRIMARY,SPY,
2023-01-26 00:00:00,0.006893776350217928,1,393.4182,393.9158,0.0010648118465286017,PRIMARY,SPY,
2023-01-27 00:00:00,-0.0026193298081403915,-1,394.0524,394.228,-0.0006456260131902034,PRIMARY,SPY,
2023-01-30 00:00:00,-0.007099215195655373,-1,393.4084,393.936,-0.0015410999866805274,PRIMARY,SPY,
2023-02-01 00:00:00,-0.0030483922498366622,-1,395.2037,395.6379,-0.0012986739243583622,PRIMARY,SPY,
2023-02-02 00:00:00,0.009907580808783845,1,404.5118,404.1508,-0.0010924337930314997,PRIMARY,SPY,
2023-02-03 00:00:00,-0.012452766344209665,-1,402.4726,403.3117,-0.0022848624229325986,PRIMARY,SPY,
2023-02-06 00:00:00,-0.006232353058140405,-1,400.7261,400.1407,0.0012608481953134466,PRIMARY,SPY,
2023-02-07 00:00:00,-0.002512903320982973,-1,398.9211,399.2821,-0.0011049408517123326,PRIMARY,SPY,
2023-02-08 00:00:00,-0.004937698645354316,-1,403.2239,403.9508,-0.002002720523262691,PRIMARY,SPY,
2023-02-09 00:00:00,0.009131787600645147,1,403.9557,403.7995,-0.0005866760637365463,PRIMARY,SPY,
2023-02-10 00:00:00,-0.0030702376010457444,-1,396.638,396.3355,0.0005626601586332438,PRIMARY,SPY,
2023-02-14 00:00:00,-0.003827353961718516,-1,400.3456,400.8351,-0.0014226935927359684,PRIMARY,SPY,
2023-02-15 00:00:00,-0.005597825344570984,-1,400.8237,400.6578,0.0002138976811999262,PRIMARY,SPY,
2023-02-16 00:00:00,-0.012560704128276812,-1,399.2431,399.4187,-0.0006398322726177905,PRIMARY,SPY,
2023-02-17 00:00:00,-0.005559181132719471,-1,396.7453,395.8867,0.0019641088123790507,PRIMARY,SPY,
2023-02-21 00:00:00,-0.010264244394920796,-1,393.9938,393.906,2.2846146309962902e-05,PRIMARY,SPY,
2023-02-23 00:00:00,0.0074763879853223525,1,391.5253,391.2522,-0.0008975283589591985,PRIMARY,SPY,
2023-02-24 00:00:00,-0.013078946163407656,-1,386.2176,386.6859,-0.0014125288956277292,PRIMARY,SPY,
2023-02-27 00:00:00,0.008754138933720679,1,389.5837,389.613,-0.00012479151463475874,PRIMARY,SPY,
2023-03-02 00:00:00,-0.0052941014592009505,-1,383.5442,383.1734,0.0007667725388624593,PRIMARY,SPY,
2023-03-03 00:00:00,0.004826597533444499,1,389.613,389.5788,-0.0002877794118779862,PRIMARY,SPY,
2023-03-06 00:00:00,0.0022268952955979415,1,395.555,395.594,-0.00010140435590513236,PRIMARY,SPY,
2023-03-09 00:00:00,0.002105735354078986,1,390.5497,390.8131,0.0004744340092952328,PRIMARY,SPY,
2023-03-13 00:00:00,-0.010649901324883748,-1,372.4213,372.314,8.811456272759272e-05,PRIMARY,SPY,
2023-03-14 00:00:00,0.013522414104978786,1,380.5196,381.4952,0.0023638626761932403,PRIMARY,SPY,
2023-03-15 00:00:00,-0.01485889077723579,-1,377.2412,377.1517,3.7248741653872654e-05,PRIMARY,SPY,
2023-03-16 00:00:00,-0.0064980122952870145,-1,377.69,378.2755,-0.0017502131377584939,PRIMARY,SPY,
2023-03-17 00:00:00,-0.0032608442481038002,-1,384.908,385.7013,-0.0022610119820840823,PRIMARY,SPY,
2023-03-21 00:00:00,0.00914506683541938,1,389.6877,389.3449,-0.001079678778673343,PRIMARY,SPY,
2023-03-23 00:00:00,0.007471779698879244,1,387.337,387.1411,-0.0007057611330701039,PRIMARY,SPY,
2023-03-24 00:00:00,-0.003230612881468309,-1,383.1278,383.0568,-1.4683246686986005e-05,PRIMARY,SPY,
2023-03-27 00:00:00,0.006039603015234762,1,390.2852,389.3449,-0.002609263789659444,PRIMARY,SPY,
2023-03-29 00:00:00,0.01079238889242995,1,391.2696,391.4214,0.0001879677848726004,PRIMARY,SPY,
2023-03-30 00:00:00,0.006852266697057852,1,395.5449,395.398,-0.0005713864089764929,PRIMARY,SPY,
2023-03-31 00:00:00,0.002353266678097876,1,397.0484,397.0631,-0.00016297680585044533,PRIMARY,SPY,
2023-04-06 00:00:00,-0.002158653925624421,-1,397.876,397.6556,0.000353941428987903,PRIMARY,SPY,
2023-04-10 00:00:00,-0.006353874850671737,-1,397.974,398.0523,-0.0003967465211294428,PRIMARY,SPY,
2023-04-12 00:00:00,0.0052721905095587385,1,403.312,403.263,-0.0003214940294363975,PRIMARY,SPY,
2023-04-13 00:00:00,0.0028672364444266574,1,400.8927,400.6969,-0.0006884099910025252,PRIMARY,SPY,
2023-04-18 00:00:00,0.003962140641193823,1,406.6814,406.8381,0.00018531390911900053,PRIMARY,SPY,
2023-04-19 00:00:00,-0.004828305419833923,-1,404.027,403.8409,0.00026061278082898395,PRIMARY,SPY,
2023-04-20 00:00:00,-0.007242756319356669,-1,403.2826,403.3611,-0.0003946525835729851,PRIMARY,SPY,
2023-04-25 00:00:00,-0.004943903850583742,-1,402.4697,402.5089,-0.00029739863646873735,PRIMARY,SPY,
2023-04-27 00:00:00,0.0064792558778379306,1,398.6792,398.9338,0.0004386086858809481,PRIMARY,SPY,
2023-04-28 00:00:00,-0.0022065753618643047,-1,403.5471,403.8507,-0.0009523285386019651,PRIMARY,SPY,
2023-05-04 00:00:00,-0.0025982852768589026,-1,398.7477,398.0131,0.0016422676795377678,PRIMARY,SPY,
2023-05-05 00:00:00,0.009230747521214777,1,401.0397,401.1768,0.00014186141671277425,PRIMARY,SPY,
2023-05-09 00:00:00,-0.004021408267049775,-1,402.5235,402.3766,0.00016494763659766781,PRIMARY,SPY,
2023-05-10 00:00:00,0.0071055101553070266,1,405.8488,404.6637,-0.003120052985249666,PRIMARY,SPY,
2023-05-11 00:00:00,-0.00208349358145965,-1,402.2934,402.6068,-0.0009790334119326393,PRIMARY,SPY,
2023-05-12 00:00:00,0.003032742621886797,1,404.8791,404.7665,-0.0004781077116600361,PRIMARY,SPY,
2023-05-16 00:00:00,-0.002784242812275628,-1,403.5569,403.2239,0.0006251624492109366,PRIMARY,SPY,
2023-05-17 00:00:00,0.00511891797188424,1,403.6891,403.5863,-0.0004546514136745337,PRIMARY,SPY,
2023-05-19 00:00:00,0.0022422256360399295,1,411.6178,411.7354,8.570193028598644e-05,PRIMARY,SPY,
2023-05-23 00:00:00,-0.004059457113740894,-1,408.699,408.6109,1.556206401285304e-05,PRIMARY,SPY,
2023-05-24 00:00:00,-0.004032946040330998,-1,403.8017,403.41,0.0007700305867953452,PRIMARY,SPY,
2023-05-25 00:00:00,0.008878766956582185,1,404.8498,404.2523,-0.0016758559841205888,PRIMARY,SPY,
2023-05-30 00:00:00,0.004881204336709022,1,413.7335,413.4151,-0.0009695775178949704,PRIMARY,SPY,
2023-05-31 00:00:00,-0.004498231639976091,-1,409.6393,410.0213,-0.0011325277140157518,PRIMARY,SPY,
2023-06-02 00:00:00,0.006377167576192333,1,416.8677,417.093,0.00034045923922618757,PRIMARY,SPY,
2023-06-12 00:00:00,0.0023960967064535765,1,421.9903,422.1078,7.844241917418521e-05,PRIMARY,SPY,
2023-06-13 00:00:00,0.0035271160283723013,1,426.868,427.5242,0.0013372433632880877,PRIMARY,SPY,
2023-06-16 00:00:00,0.004680644240819154,1,435.1839,434.4662,-0.0018491878490908497,PRIMARY,SPY,
2023-06-20 00:00:00,-0.004505929860176505,-1,430.6518,430.6419,-0.00017701159033824948,PRIMARY,SPY,
2023-06-21 00:00:00,-0.002447157770138819,-1,428.2038,428.1448,-6.221514148165835e-05,PRIMARY,SPY,
2023-06-22 00:00:00,-0.0022533557694444095,-1,426.3949,426.562,-0.0005918902407133995,PRIMARY,SPY,
2023-06-23 00:00:00,-0.008269735368934272,-1,426.0311,425.9574,-2.7007934397382636e-05,PRIMARY,SPY,
2023-06-27 00:00:00,0.002132296703286407,1,425.4118,425.7067,0.0004932106725765497,PRIMARY,SPY,
2023-06-28 00:00:00,-0.0024992187026264823,-1,427.5451,427.6828,-0.0005220712855789287,PRIMARY,SPY,
2023-06-30 00:00:00,0.007531684404733063,1,434.25,434.4367,0.00022993667242363641,PRIMARY,SPY,
2023-07-05 00:00:00,-0.00477446264960002,-1,434.9381,435.1544,-0.000697312146257034,PRIMARY,SPY,
2023-07-06 00:00:00,-0.008394700587023074,-1,431.4039,431.5366,-0.0005076003717166209,PRIMARY,SPY,
2023-07-07 00:00:00,-0.002365328503966757,-1,431.979,431.6545,0.000551193923778648,PRIMARY,SPY,
2023-07-12 00:00:00,0.008836409529042077,1,438.9689,438.615,-0.0010062074556990374,PRIMARY,SPY,
2023-07-13 00:00:00,0.004237619598551623,1,440.6598,440.5714,-0.0004006082696902611,PRIMARY,SPY,
2023-07-14 00:00:00,0.002102105295789247,1,443.0095,443.3241,0.0005101427847484576,PRIMARY,SPY,
2023-07-20 00:00:00,-0.002109317538110389,-1,447.1189,447.1484,-0.0002659779758807044,PRIMARY,SPY,
2023-07-21 00:00:00,0.003936626167406532,1,446.1653,446.067,-0.00042032193001109144,PRIMARY,SPY,
2023-07-24 00:00:00,0.0026093626631695788,1,446.5683,446.4799,-0.0003979540419685399,PRIMARY,SPY,
2023-07-26 00:00:00,-0.002064019676645046,-1,446.9223,447.0697,-0.0005298112445944134,PRIMARY,SPY,
2023-07-27 00:00:00,0.0077056046790553445,1,451.4642,451.5527,-3.97116759189836e-06,PRIMARY,SPY,
2023-07-28 00:00:00,0.007513969689197042,1,448.0627,448.1413,-2.4578122660012634e-05,PRIMARY,SPY,
2023-08-01 00:00:00,-0.003320235773846214,-1,448.8983,449.0114,-0.00045195016332202334,PRIMARY,SPY,
2023-08-02 00:00:00,-0.00704325158582908,-1,444.961,445.3689,-0.0011167095543205495,PRIMARY,SPY,
2023-08-03 00:00:00,-0.004665366287519901,-1,440.3059,440.6009,-0.0008699887510024371,PRIMARY,SPY,
2023-08-04 00:00:00,0.004188691688224333,1,443.9238,444.0811,0.00015434009170032254,PRIMARY,SPY,
2023-08-07 00:00:00,0.004274747640317544,1,441.7413,441.6331,-0.00044493974188066757,PRIMARY,SPY,
2023-08-08 00:00:00,-0.0058130651669497935,-1,440.1781,439.9225,0.00038067404989015083,PRIMARY,SPY,
2023-08-10 00:00:00,0.0054739416144842235,1,441.7511,442.0952,0.0005789454287718822,PRIMARY,SPY,
2023-08-11 00:00:00,-0.0043953141284407415,-1,436.5701,436.8257,-0.0007854729858960628,PRIMARY,SPY,
2023-08-15 00:00:00,-0.004061770326217462,-1,438.7968,438.9394,-0.0005249795805255751,PRIMARY,SPY,
2023-08-17 00:00:00,0.003480060739681212,1,433.4438,433.3553,-0.00040417871936340147,PRIMARY,SPY,
2023-08-18 00:00:00,-0.006624511532040689,-1,426.8766,427.2846,-0.0011557797265065116,PRIMARY,SPY,
2023-08-21 00:00:00,0.002497386320680528,1,430.6813,431.1237,0.0008272096791756891,PRIMARY,SPY,
2023-08-22 00:00:00,0.0041880440822374965,1,433.4045,432.9326,-0.0012888211820597738,PRIMARY,SPY,
2023-08-23 00:00:00,0.0026019779397219445,1,432.0085,432.0183,-0.0001773152611581839,PRIMARY,SPY,
2023-08-24 00:00:00,0.0038827643518648536,1,436.4816,436.457,-0.0002563597640771407,PRIMARY,SPY,
2023-08-25 00:00:00,0.0040280215457946245,1,431.684,431.7971,6.199720165664963e-05,PRIMARY,SPY,
2023-08-28 00:00:00,0.005205080832156428,1,435.3314,435.0168,-0.0009226678342062698,PRIMARY,SPY,
2023-09-01 00:00:00,0.006418249768679107,1,445.5852,444.5431,-0.002538722201724819,PRIMARY,SPY,
2023-09-07 00:00:00,-0.006902930166192256,-1,436.0785,436.4226,-0.000989078113229591,PRIMARY,SPY,
2023-09-11 00:00:00,0.006127824235397483,1,440.9744,440.2666,-0.0018050818369501841,PRIMARY,SPY,
2023-09-12 00:00:00,-0.0034113878344933513,-1,439.952,440.0503,-0.00042343346546893626,PRIMARY,SPY,
2023-09-14 00:00:00,0.005733435785541863,1,441.0727,441.1907,6.75295931939825e-05,PRIMARY,SPY,
2023-09-15 00:00:00,-0.0036710951675242853,-1,441.1086,440.9803,9.085807894024817e-05,PRIMARY,SPY,
2023-09-19 00:00:00,-0.0021637875946955987,-1,436.8464,436.945,-0.00042570862435844495,PRIMARY,SPY,
2023-09-20 00:00:00,0.0028459805332368138,1,437.7935,438.0787,0.00045144868528199675,PRIMARY,SPY,
2023-09-21 00:00:00,-0.006566486192676746,-1,429.3579,429.0225,0.0005811664813900388,PRIMARY,SPY,
2023-09-22 00:00:00,0.0024104967972815583,1,426.3586,426.3783,-0.0001537947633752033,PRIMARY,SPY,
2023-09-25 00:00:00,-0.0028114410436951287,-1,423.1225,423.6059,-0.0013424587442170343,PRIMARY,SPY,
2023-09-26 00:00:00,-0.007241623919097218,-1,423.6701,423.8723,-0.000677258130795688,PRIMARY,SPY,
2023-09-27 00:00:00,0.002959062963394876,1,421.5044,421.169,-0.000995721230905322,PRIMARY,SPY,
2023-09-29 00:00:00,0.007327395257628488,1,425.3818,425.5101,0.0001016113994533942,PRIMARY,SPY,
2023-10-03 00:00:00,-0.005381810419964772,-1,419.7384,419.6002,0.00012925269644146215,PRIMARY,SPY,
2023-10-06 00:00:00,-0.005866068995917351,-1,416.818,415.8807,0.00204870327097193,PRIMARY,SPY,
2023-10-09 00:00:00,-0.004516562617397524,-1,422.0668,422.3332,-0.0008311797089939564,PRIMARY,SPY,
2023-10-11 00:00:00,0.002669902742756358,1,430.3445,430.3149,-0.00026878210364014146,PRIMARY,SPY,
2023-10-13 00:00:00,0.0034816733064935157,1,429.6638,430.167,0.0009711482326413059,PRIMARY,SPY,
2023-10-16 00:00:00,0.005260036662427359,1,428.7413,428.5292,-0.0006947039158579303,PRIMARY,SPY,
2023-10-17 00:00:00,-0.007339307931064631,-1,427.6116,427.7004,-0.0004076650867282037,PRIMARY,SPY,
2023-10-18 00:00:00,-0.004356711601961383,-1,428.8251,428.1542,0.001364507301461626,PRIMARY,SPY,
2023-10-23 00:00:00,-0.003798594139971856,-1,413.6805,413.0392,0.001350230189723667,PRIMARY,SPY,
2023-10-24 00:00:00,0.005232567950340661,1,417.9476,417.9822,-0.0001172145024879388,PRIMARY,SPY,
2023-10-25 00:00:00,-0.0040839559318449625,-1,415.634,415.2788,0.0006545980357719252,PRIMARY,SPY,
2023-10-26 00:00:00,-0.002777757552369753,-1,411.4606,410.3655,0.0024614941989585582,PRIMARY,SPY,
2023-10-27 00:00:00,0.003877956155463158,1,408.4119,408.0272,-0.001141941211801134,PRIMARY,SPY,
2023-10-30 00:00:00,0.006890322899058443,1,408.7375,409.1815,0.0008862717514297238,PRIMARY,SPY,
2023-11-01 00:00:00,0.0023192426618507955,1,413.276,413.4092,0.00012230277102951454,PRIMARY,SPY,
2023-11-02 00:00:00,0.009179107573309198,1,421.83,422.2345,0.0007589170993054008,PRIMARY,SPY,
2023-11-03 00:00:00,0.005548402398942942,1,427.5425,427.582,-0.00010761152400065016,PRIMARY,SPY,
2023-11-09 00:00:00,0.0028132548233930077,1,431.8639,431.42,-0.0012278701229715638,PRIMARY,SPY,
2023-11-10 00:00:00,0.00486327556490207,1,429.4862,429.8512,0.0006498526844402665,PRIMARY,SPY,
2023-11-13 00:00:00,-0.003109462178293554,-1,432.9295,432.8407,5.11422760516317e-06,PRIMARY,SPY,
2023-11-14 00:00:00,0.013902716672023807,1,440.7041,440.8718,0.00018052743325978077,PRIMARY,SPY,
2023-11-15 00:00:00,0.0031201230430335514,1,444.5026,444.3546,-0.0005329564326507439,PRIMARY,SPY,
2023-11-21 00:00:00,-0.0023241548999257677,-1,447.127,446.9395,0.00021934394478526648,PRIMARY,SPY,
2023-11-22 00:00:00,0.003772535201346905,1,449.6133,450.0178,0.0006996619984329435,PRIMARY,SPY,
2023-11-29 00:00:00,0.0049902583454695115,1,451.7345,451.6654,-0.00035296595677338763,PRIMARY,SPY,
2023-12-04 00:00:00,-0.007483211295893133,-1,450.3532,450.2348,6.290476008605789e-05,PRIMARY,SPY,
2023-12-05 00:00:00,-0.0030658043735819485,-1,449.0904,448.9621,8.56885829667366e-05,PRIMARY,SPY,
2023-12-06 00:00:00,0.004884214676352583,1,452.2475,451.8134,-0.0011598726361118582,PRIMARY,SPY,
2023-12-07 00:00:00,0.004838322114649518,1,450.8959,450.8564,-0.0002876033692033262,PRIMARY,SPY,
2023-12-14 00:00:00,0.00437879271660524,1,466.9679,466.2477,-0.0017422901659835065,PRIMARY,SPY,
2023-12-18 00:00:00,0.003430319985409769,1,466.7445,466.9079,0.00015008446805462333,PRIMARY,SPY,
2023-12-21 00:00:00,0.00717992236149434,1,467.4478,467.6856,0.0003087199041262647,PRIMARY,SPY,
2023-12-22 00:00:00,0.002517724339404337,1,469.7857,470.1919,0.0006646495625557194,PRIMARY,SPY,
2024-01-02 00:00:00,-0.006710835022314954,-1,468.2403,467.4973,0.0013867920809037316,PRIMARY,SPY,
2024-01-03 00:00:00,-0.004591698332446881,-1,465.7439,465.8083,-0.0003382734159265375,PRIMARY,SPY,
2024-01-09 00:00:00,-0.005668429223126603,-1,467.6558,467.5667,-9.47525936814114e-06,PRIMARY,SPY,
2024-01-11 00:00:00,0.002245504859399672,1,473.2034,473.1935,-0.00022092123598440577,PRIMARY,SPY,
2024-01-12 00:00:00,0.003191227155906251,1,473.5006,473.872,0.0005843707061827576,PRIMARY,SPY,
2024-01-16 00:00:00,-0.0029477047653113653,-1,470.6674,470.1869,0.0008208907606518158,PRIMARY,SPY,
2024-01-17 00:00:00,-0.00659002603406722,-1,466.8832,467.2695,-0.0010274017998506356,PRIMARY,SPY,
2024-01-18 00:00:00,0.0036738349339209275,1,469.7857,469.6767,-0.0004320206851763595,PRIMARY,SPY,
2024-01-19 00:00:00,0.0024974851417856048,1,472.817,472.6585,-0.0005352248332864072,PRIMARY,SPY,
2024-01-22 00:00:00,0.003295885384963171,1,480.2467,480.2963,-9.671974841254355e-05,PRIMARY,SPY,
2024-01-24 00:00:00,0.006042646406400287,1,482.971,482.7332,-0.0006923691070478631,PRIMARY,SPY,
2024-01-25 00:00:00,0.004646279170284151,1,482.9511,482.7629,-0.0005896874859586896,PRIMARY,SPY,
2024-01-31 00:00:00,-0.004563404172008401,-1,484.2786,484.021,0.0003319252182524048,PRIMARY,SPY,
2024-02-01 00:00:00,0.0035408030572270377,1,480.9897,480.752,-0.0006941893766124972,PRIMARY,SPY,
2024-02-07 00:00:00,0.00469672765825524,1,491.421,491.2922,-0.00046209706137914067,PRIMARY,SPY,
2024-02-13 00:00:00,-0.012795886873712026,-1,490.2323,489.945,0.00038604869568978925,PRIMARY,SPY,
2024-02-14 00:00:00,0.005362923794470786,1,492.0253,491.2823,-0.0017100849488837166,PRIMARY,SPY,
2024-02-20 00:00:00,-0.0035435895466735534,-1,493.5311,492.6296,0.0016266326073473892,PRIMARY,SPY,
2024-02-21 00:00:00,-0.0026572661169915746,-1,490.579,490.9256,-0.0009065121010070285,PRIMARY,SPY,
2024-02-22 00:00:00,0.013757873686805144,1,498.3505,498.7616,0.0006249214157505236,PRIMARY,SPY,
2024-02-23 00:00:00,0.003428382078931813,1,504.9926,504.9233,-0.00033722973366336875,PRIMARY,SPY,
2024-02-28 00:00:00,-0.0030383187438535186,-1,500.6438,500.8221,-0.0005561414322916789,PRIMARY,SPY,
2024-02-29 00:00:00,0.003714057460202147,1,503.9723,503.8336,-0.0004752135385218901,PRIMARY,SPY,
2024-03-05 00:00:00,-0.003923938032048269,-1,505.0223,505.0917,-0.00033741967433911205,PRIMARY,SPY,
2024-03-06 00:00:00,0.006704058064017859,1,505.6167,505.1511,-0.0011208556600286411,PRIMARY,SPY,
2024-03-07 00:00:00,0.006551591880200158,1,508.3608,508.6976,0.00046252157916202316,PRIMARY,SPY,
2024-03-11 00:00:00,-0.002501163790722738,-1,505.4285,505.8545,-0.0010428491863834432,PRIMARY,SPY,
2024-03-12 00:00:00,0.0042833841459501976,1,508.1329,506.7758,-0.0028707579847713437,PRIMARY,SPY,
2024-03-15 00:00:00,-0.006105181072605603,-1,507.6357,507.1687,0.0007199510593915772,PRIMARY,SPY,
2024-03-18 00:00:00,0.008357243793513103,1,511.4914,511.0442,-0.0010743060000617754,PRIMARY,SPY,
2024-03-21 00:00:00,0.005706986446632145,1,519.7194,520.1865,0.0006987542123692904,PRIMARY,SPY,
2024-03-25 00:00:00,-0.0028200755868289518,-1,516.9966,516.8277,0.00012669460495460266,PRIMARY,SPY,
2024-03-26 00:00:00,0.002731587195418994,1,518.0798,517.8214,-0.0006987648620925489,PRIMARY,SPY,
2024-03-27 00:00:00,0.005880404736686495,1,518.1891,518.2189,-0.00014249203620855227,PRIMARY,SPY,
2024-04-02 00:00:00,-0.007621241817281854,-1,514.6763,514.2639,0.0006012803387292822,PRIMARY,SPY,
2024-04-03 00:00:00,-0.002177870055110942,-1,514.9595,515.2079,-0.0006823680308838618,PRIMARY,SPY,
2024-04-04 00:00:00,0.008009846109967134,1,520.2461,519.7791,-0.0010976520919617982,PRIMARY,SPY,
2024-04-05 00:00:00,0.002787301985829993,1,511.551,510.986,-0.0013044842058758332,PRIMARY,SPY,
2024-04-09 00:00:00,0.003528213875920949,1,516.8376,517.0961,0.0003001571093126156,PRIMARY,SPY,
2024-04-10 00:00:00,-0.011188244465902941,-1,510.1449,510.2492,-0.00040445171558103324,PRIMARY,SPY,
2024-04-11 00:00:00,0.002956345319139242,1,512.1771,511.3225,-0.001868563471502349,PRIMARY,SPY,
2024-04-12 00:00:00,-0.007103528454226571,-1,511.7597,511.9087,-0.0004911522732251814,PRIMARY,SPY,
2024-04-15 00:00:00,0.008437483624426312,1,511.1535,511.4715,0.00042212231746427983,PRIMARY,SPY,
2024-04-17 00:00:00,0.0050846258422911905,1,502.3888,502.528,7.707624055306467e-05,PRIMARY,SPY,
2024-04-18 00:00:00,0.0029570094615456455,1,497.9568,496.7445,-0.002634548539150372,PRIMARY,SPY,
2024-04-22 00:00:00,0.0055138827771448184,1,494.1111,494.1111,-0.0002,PRIMARY,SPY,
2024-04-23 00:00:00,0.004303357932390339,1,498.2351,498.6425,0.0006176862689923681,PRIMARY,SPY,
2024-04-25 00:00:00,-0.012443773574087436,-1,495.3334,495.4327,-0.00040047103627574,PRIMARY,SPY,
2024-04-26 00:00:00,0.005780338732886969,1,503.5614,504.0981,0.000865808459504547,PRIMARY,SPY,
2024-04-29 00:00:00,0.0036400212255371933,1,507.4767,506.9103,-0.0013161103554113706,PRIMARY,SPY,
2024-04-30 00:00:00,-0.0029213730986265007,-1,505.5688,505.5539,-0.0001705282446226251,PRIMARY,SPY,
2015-01-07 00:00:00,0.008007111622404306,1,169.5933,169.6691,-5.304838103864463e-05,STRESS,SPY,
2015-01-08 00:00:00,0.008204321102844858,1,172.0273,172.1199,3.8286655664466086e-05,STRESS,SPY,
2015-01-09 00:00:00,0.002331263085605162,1,173.2569,173.2906,-0.0003054911521561117,STRESS,SPY,
2015-01-13 00:00:00,0.007403040561724028,1,172.5831,172.4652,-0.0011831491611866136,STRESS,SPY,
2015-01-14 00:00:00,-0.01197594586526951,-1,168.549,168.4732,-5.027914731020556e-05,STRESS,SPY,
2015-01-15 00:00:00,0.0036336234282421387,1,169.4164,169.0038,-0.0029354194753282155,STRESS,SPY,
2015-01-20 00:00:00,0.004217505209287653,1,170.6124,170.0734,-0.003659207654308882,STRESS,SPY,
2015-01-21 00:00:00,-0.0026728162597497995,-1,169.3238,170.4187,-0.006966308929991005,STRESS,SPY,
2015-01-22 00:00:00,0.004431662651081414,1,171.5977,171.3956,-0.0016777547134955713,STRESS,SPY,
2015-01-27 00:00:00,-0.012119310278268625,-1,170.9661,171.1766,-0.0017312382396275634,STRESS,SPY,
2015-01-28 00:00:00,0.007004166776472864,1,171.6146,171.5472,-0.0008927404777914756,STRESS,SPY,
2015-01-30 00:00:00,-0.006980896153070626,-1,169.4333,169.3743,-0.00015178037611257534,STRESS,SPY,
2015-03-02 00:00:00,0.05685907843105764,1,177.6447,177.67,-0.0003575808903953366,STRESS,SPY,
2015-03-03 00:00:00,-0.002500197428224271,-1,178.0827,178.1669,-0.0009728140352769916,STRESS,SPY,
2015-03-04 00:00:00,-0.0035046361071995324,-1,176.8531,176.592,0.0009763665437586004,STRESS,SPY,
2015-03-06 00:00:00,-0.0049887931272788455,-1,176.453,176.4656,-0.0005714071169092279,STRESS,SPY,
2015-03-10 00:00:00,-0.008014377445553222,-1,174.1328,173.8885,0.0009029522295627705,STRESS,SPY,
2015-03-12 00:00:00,0.0036676037431968567,1,173.2569,173.3242,-0.00011155948190238974,STRESS,SPY,
2015-03-16 00:00:00,0.004226516357200838,1,174.1496,174.3517,0.0006604964926705818,STRESS,SPY,
2015-03-17 00:00:00,-0.004600952058477992,-1,174.9665,175.0844,-0.0011738432785704518,STRESS,SPY,
2015-03-18 00:00:00,-0.0029327438539120676,-1,174.5875,174.6549,-0.0008860528388344164,STRESS,SPY,
2015-03-19 00:00:00,-0.0022806265234269762,-1,176.7604,176.7773,-0.0005956096501252279,STRESS,SPY,
2015-03-20 00:00:00,0.0054788619429950725,1,177.5424,177.517,-0.0006430644172883966,STRESS,SPY,
2015-03-26 00:00:00,-0.0038397299146731845,-1,173.1774,173.4227,-0.001916466582822018,STRESS,SPY,
2015-03-30 00:00:00,0.006125041876576365,1,175.343,175.5967,0.0009468784040424509,STRESS,SPY,
2015-03-31 00:00:00,-0.0048021251958313416,-1,175.3768,175.5544,-0.0015126767052425212,STRESS,SPY,
2015-04-06 00:00:00,-0.004893986536954609,-1,173.9218,174.1502,-0.0018132338786743247,STRESS,SPY,
2015-04-15 00:00:00,0.0027211575359473716,1,177.8131,178.0245,0.0006888887826598804,STRESS,SPY,
2015-04-17 00:00:00,-0.006702504771045947,-1,176.8149,176.8233,-0.0005475073084904576,STRESS,SPY,
2015-04-20 00:00:00,0.005434560141176936,1,177.0602,177.0517,-0.0005480062713134055,STRESS,SPY,
2015-04-21 00:00:00,0.003907231420089419,1,178.1599,177.9907,-0.0014497086605907423,STRESS,SPY,
2015-04-23 00:00:00,-0.0022790881178189615,-1,177.8892,177.9738,-0.0009755769321578285,STRESS,SPY,
2015-04-24 00:00:00,0.0022727005560279068,1,178.8789,178.7943,-0.0009729456632391882,STRESS,SPY,
2015-04-27 00:00:00,0.0032132556149588876,1,179.488,179.3357,-0.0013485246924585521,STRESS,SPY,
2015-04-29 00:00:00,-0.004966308833733835,-1,178.2191,178.3967,-0.001496526186026081,STRESS,SPY,
2015-04-30 00:00:00,-0.0031817576979504825,-1,177.7708,177.83,-0.0008330130707630552,STRESS,SPY,
2015-05-01 00:00:00,0.004557074580415765,1,177.407,177.3309,-0.0009289571437429141,STRESS,SPY,
2015-05-04 00:00:00,0.0025630149314697093,1,178.7943,178.9635,0.00044633889335415943,STRESS,SPY,
2015-05-06 00:00:00,0.0031593529409768006,1,177.3647,176.8149,-0.003599827643268438,STRESS,SPY,
2015-05-08 00:00:00,0.009575070180204648,1,178.4813,178.4052,-0.0009263752000909227,STRESS,SPY,
2015-05-12 00:00:00,-0.004747982009419616,-1,177.0475,177.1279,-0.0009541154210029319,STRESS,SPY,
2015-05-13 00:00:00,0.002429480322053923,1,178.5659,178.4898,-0.0009261731943220326,STRESS,SPY,
2015-05-14 00:00:00,0.005713153648432057,1,178.6844,178.6421,-0.0007367302349841616,STRESS,SPY,
2015-05-22 00:00:00,-0.00201407471070858,-1,180.1478,180.4016,-0.0019088431832084414,STRESS,SPY,
2015-05-26 00:00:00,-0.0026765647385075253,-1,179.5134,179.3357,0.0004898982471502338,STRESS,SPY,
2015-05-27 00:00:00,0.002467724364332291,1,178.5067,178.6251,0.00016328042588881252,STRESS,SPY,
2015-06-01 00:00:00,0.00397929378455153,1,179.1158,178.9212,-0.0015864479850466458,STRESS,SPY,
2015-06-02 00:00:00,-0.002505419842210088,-1,178.439,178.0245,0.0018229226794591051,STRESS,SPY,
2015-06-03 00:00:00,0.0028858608478168346,1,178.8197,178.9381,0.0001621194420970422,STRESS,SPY,
2015-06-04 00:00:00,-0.004057977481711217,-1,178.3967,178.439,-0.0007371120093587198,STRESS,SPY,
2015-06-10 00:00:00,0.004413248365164213,1,177.297,177.3816,-2.2834565728768307e-05,STRESS,SPY,
2015-06-11 00:00:00,0.0026074895977810097,1,179.1242,179.1242,-0.0005,STRESS,SPY,
2015-06-12 00:00:00,-0.004536937408029296,-1,178.2233,177.8977,0.0013269216202371208,STRESS,SPY,
2015-06-15 00:00:00,-0.006476439663844369,-1,176.0028,176.155,-0.0013647589697436953,STRESS,SPY,
2015-06-18 00:00:00,0.00327611589716037,1,178.9974,178.9128,-0.0009726325633780393,STRESS,SPY,
2015-06-22 00:00:00,0.006890098292624103,1,180.314,180.0675,-0.0018670596847721317,STRESS,SPY,
2015-06-25 00:00:00,0.002945312203093353,1,179.3364,179.1324,-0.0016375270162666817,STRESS,SPY,
2015-06-26 00:00:00,0.002287631538813395,1,178.5204,178.3546,-0.0014287453982849137,STRESS,SPY,
2015-06-29 00:00:00,-0.00853070684441215,-1,177.0328,176.9478,-1.9862985842166846e-05,STRESS,SPY,
2015-06-30 00:00:00,0.008859018436103483,1,175.9447,175.8002,-0.0013212807774261588,STRESS,SPY,
2015-07-01 00:00:00,0.008936784860088753,1,176.5313,176.6843,0.000366701825682048,STRESS,SPY,
2015-07-02 00:00:00,0.0026507380514126933,1,176.8118,176.9223,0.00012495828898301297,STRESS,SPY,
2015-07-06 00:00:00,-0.007380685258548181,-1,174.7461,175.1117,-0.0025921783089866697,STRESS,SPY,
2015-07-08 00:00:00,-0.007548501639958016,-1,175.7407,175.6812,-0.00016143300897281066,STRESS,SPY,
2015-07-09 00:00:00,0.012519301620760759,1,176.2252,176.0552,-0.0014646747457230376,STRESS,SPY,
2015-07-10 00:00:00,0.011713396425637068,1,176.2125,176.1794,-0.0006878413846918559,STRESS,SPY,
2015-07-13 00:00:00,0.007374993408096442,1,177.7553,177.7553,-0.0005,STRESS,SPY,
2015-07-16 00:00:00,0.005887267840806176,1,180.025,179.923,-0.0010665879738925295,STRESS,SPY,
2015-07-22 00:00:00,-0.0038727885355237524,-1,179.4895,179.5405,-0.0007841391836292395,STRESS,SPY,
2015-07-27 00:00:00,-0.005000712690644837,-1,175.6812,175.5112,0.00046766187844798955,STRESS,SPY,
2015-07-28 00:00:00,0.004933496512528279,1,176.3357,176.2677,-0.0008856280945946367,STRESS,SPY,
2015-07-30 00:00:00,-0.002752023686383165,-1,178.6904,178.4524,0.0008319126265316505,STRESS,SPY,
2015-07-31 00:00:00,0.0029891161792887644,1,179.4554,179.1579,-0.002157793524184714,STRESS,SPY,
2015-08-05 00:00:00,0.005254572253318379,1,178.9879,179.1367,0.0003313411130025372,STRESS,SPY,
2015-08-10 00:00:00,0.0064921361702223734,1,178.2569,178.1889,-0.0008814719093623298,STRESS,SPY,
2015-08-11 00:00:00,-0.007598116029225999,-1,177.7468,177.7128,-0.00030871666887949357,STRESS,SPY,
2015-08-12 00:00:00,-0.007285704377794189,-1,175.6395,175.8087,-0.001463336834823636,STRESS,SPY,
2015-08-17 00:00:00,-0.0032954704416077174,-1,177.0923,177.1603,-0.0008839805570315935,STRESS,SPY,
2015-08-19 00:00:00,-0.0041437330799433125,-1,177.4791,177.3303,0.0003384085788128992,STRESS,SPY,
2015-08-20 00:00:00,-0.008688541809019235,-1,175.4602,175.8682,-0.0028253136608758496,STRESS,SPY,
2015-08-21 00:00:00,-0.010690858741742915,-1,171.5924,172.026,-0.0030269184416094603,STRESS,SPY,
2015-08-24 00:00:00,-0.05168586030745559,-1,156.3084,158.9648,-0.017494608095278308,STRESS,SPY,
2015-08-25 00:00:00,0.03140212840856105,1,165.404,165.268,-0.0013222292084834049,STRESS,SPY,
2015-08-26 00:00:00,0.025849340871022752,1,163.4064,162.7433,-0.004557980593171307,STRESS,SPY,
2015-08-27 00:00:00,0.01264428280336416,1,167.4101,167.7077,0.0012776705228655931,STRESS,SPY,
2015-08-28 00:00:00,-0.003914419953329307,-1,169.0763,169.1698,-0.0010530047676700622,STRESS,SPY,
2015-08-31 00:00:00,-0.00587133476938817,-1,168.5407,168.2262,0.0013660181190655045,STRESS,SPY,
2015-09-01 00:00:00,-0.02267233906764976,-1,164.3924,164.911,-0.003654647051810233,STRESS,SPY,
2015-09-02 00:00:00,0.015865736161685406,1,164.9365,165.0895,0.0004276297241664899,STRESS,SPY,
2015-09-03 00:00:00,0.004092635603161199,1,166.9086,167.1551,0.0009768561955464943,STRESS,SPY,
2015-09-04 00:00:00,-0.013807491610950184,-1,164.1459,164.4094,-0.0021052792058771637,STRESS,SPY,
2015-09-08 00:00:00,0.01755302348569132,1,166.6451,166.5941,-0.0008060396015245326,STRESS,SPY,
2015-09-09 00:00:00,0.009265331186749881,1,169.2803,169.2378,-0.0007510628820956429,STRESS,SPY,
2015-09-11 00:00:00,-0.002578237465699962,-1,165.71,166.0416,-0.002501086234988625,STRESS,SPY,
2015-09-15 00:00:00,0.0030610205442496152,1,166.9766,166.9086,-0.0009072426914908389,STRESS,SPY,
2015-09-18 00:00:00,-0.015141869636935534,-1,167.9026,167.8343,-9.321654340083097e-05,STRESS,SPY,
2015-09-21 00:00:00,0.005219261686451482,1,167.8941,167.9539,-0.00014382310039479053,STRESS,SPY,
2015-09-22 00:00:00,-0.0131321644811494,-1,165.6552,165.903,-0.0019958781855323178,STRESS,SPY,
2015-09-24 00:00:00,-0.007336054151988902,-1,164.3391,164.0059,0.001527515058802276,STRESS,SPY,
2015-09-25 00:00:00,0.00886340063929536,1,166.0226,165.903,-0.0012203838513553107,STRESS,SPY,
2015-09-28 00:00:00,-0.005342108585245531,-1,163.5017,163.6555,-0.0014406630022805729,STRESS,SPY,
2015-09-30 00:00:00,0.012337374228914122,1,162.9206,163.2966,0.0018078726692633555,STRESS,SPY,
2015-10-01 00:00:00,0.002139296010432501,1,164.2451,163.7153,-0.0037256670061998616,STRESS,SPY,
2015-10-02 00:00:00,-0.012385933457732756,-1,161.7328,161.9806,-0.002032156742479085,STRESS,SPY,
2015-10-05 00:00:00,0.0075902888474908,1,167.9454,168.3983,0.0021967097640067106,STRESS,SPY,
2015-10-07 00:00:00,0.005459997385353299,1,169.9493,170.2356,0.0011846200602180783,STRESS,SPY,
2015-10-08 00:00:00,-0.0025070303043814857,-1,170.0561,169.8168,0.0009071826885362348,STRESS,SPY,
2015-10-13 00:00:00,-0.004465405445576609,-1,171.5174,171.6456,-0.0012474460317145049,STRESS,SPY,
2015-10-15 00:00:00,0.004064906968713977,1,170.8252,170.9961,0.0005004378745056552,STRESS,SPY,
2015-10-16 00:00:00,0.002470766643262179,1,173.3205,173.3034,-0.0005986611508736468,STRESS,SPY,
2015-10-19 00:00:00,-0.0031510305655725324,-1,173.0898,172.8334,0.0009813120126083712,STRESS,SPY,
2015-10-20 00:00:00,-0.002360777709930484,-1,173.423,173.2094,0.000731670539663221,STRESS,SPY,
2015-10-21 00:00:00,0.0026594196760176825,1,173.9358,173.7478,-0.001580858569656118,STRESS,SPY,
2015-10-22 00:00:00,0.005747802899007892,1,173.6281,173.6196,-0.0005489552094390389,STRESS,SPY,
2015-10-23 00:00:00,0.009892148890868313,1,177.0378,176.9951,-0.0007411914291750028,STRESS,SPY,
2015-10-27 00:00:00,-0.003720311714628277,-1,176.2003,176.3285,-0.0012275810540616767,STRESS,SPY,
2015-10-29 00:00:00,-0.0029675052851162453,-1,178.1487,178.3367,-0.0015552981862905764,STRESS,SPY,
2015-11-02 00:00:00,0.002261020645888401,1,178.0975,178.3538,0.0009390993697273036,STRESS,SPY,
2015-11-09 00:00:00,-0.003380447119432195,-1,178.6187,178.9691,-0.0024617206932980302,STRESS,SPY,
2015-11-10 00:00:00,-0.0026918127497210786,-1,177.6274,177.7385,-0.0011254665665319514,STRESS,SPY,
2015-11-12 00:00:00,-0.00582537508598624,-1,176.3114,176.3798,-0.0008879499567243094,STRESS,SPY,
2015-11-13 00:00:00,-0.0026352252049526292,-1,174.7561,174.6878,-0.00010916957977441478,STRESS,SPY,
2015-11-18 00:00:00,0.0032135250660654258,1,176.2687,176.2858,-0.00040298901620078277,STRESS,SPY,
2015-11-20 00:00:00,0.004411896745230015,1,179.0631,179.1571,2.49546109724612e-05,STRESS,SPY,
2015-11-24 00:00:00,-0.005692043062273222,-1,177.7898,178.0804,-0.0021345144659590805,STRESS,SPY,
2015-12-01 00:00:00,0.0036900037909459726,1,179.0289,179.2938,0.0009796493750450779,STRESS,SPY,
2015-12-04 00:00:00,0.0023341426849299296,1,176.2858,176.3542,-0.00011199370567577206,STRESS,SPY,
2015-12-08 00:00:00,-0.008689574813660284,-1,176.0636,176.226,-0.001422393953094236,STRESS,SPY,
2015-12-09 00:00:00,-0.003720492620363447,-1,176.2174,176.9267,-0.0045251416715944015,STRESS,SPY,
2015-12-11 00:00:00,-0.011952182174407855,-1,174.0127,173.8332,0.0005315339052838768,STRESS,SPY,
2015-12-15 00:00:00,0.008424138936897085,1,175.2176,175.3372,0.00018257983216302164,STRESS,SPY,
2015-12-16 00:00:00,0.006217038313867995,1,176.5721,176.4567,-0.001153557385340009,STRESS,SPY,
2015-12-17 00:00:00,0.002019355201710482,1,177.9009,177.4907,-0.002805778104551459,STRESS,SPY,
2015-12-18 00:00:00,-0.004450869098871824,-1,174.293,173.9491,0.0014731142386671951,STRESS,SPY,
2015-12-21 00:00:00,0.007351456999677097,1,173.4074,173.0893,-0.0023344084508503666,STRESS,SPY,
2015-12-22 00:00:00,0.005306741176389185,1,174.0092,173.7169,-0.0021797962406583933,STRESS,SPY,
2015-12-23 00:00:00,0.005896658445904368,1,175.9952,175.9866,-0.0005488649690446597,STRESS,SPY,
2015-12-28 00:00:00,-0.0030656754165208078,-1,176.064,175.9866,-6.038713195216606e-05,STRESS,SPY,
2015-12-29 00:00:00,0.006432818484886305,1,177.8436,177.9296,-1.64290421472142e-05,STRESS,SPY,
2015-12-31 00:00:00,-0.0039332921779785535,-1,176.1758,176.2187,-0.0007435067699422255,STRESS,SPY,
2016-01-04 00:00:00,-0.016819088707460406,-1,172.0061,172.1522,-0.001349388480989921,STRESS,SPY,
2016-01-05 00:00:00,0.0020399659716314744,1,173.2011,173.0549,-0.0013441054935562908,STRESS,SPY,
2016-01-06 00:00:00,-0.015340524890096852,-1,170.6133,171.0165,-0.0028632389737493487,STRESS,SPY,
2016-01-07 00:00:00,-0.017404929973037664,-1,167.759,168.507,-0.004958777174399132,STRESS,SPY,
2016-01-08 00:00:00,0.006082276504066897,1,168.292,167.8622,-0.0030538944216005888,STRESS,SPY,
2016-01-11 00:00:00,0.005836694984345803,1,166.1341,165.7214,-0.0029841378139707215,STRESS,SPY,
2016-01-12 00:00:00,0.009059155802946472,1,166.6328,166.9036,0.001125130226462046,STRESS,SPY,
2016-01-13 00:00:00,0.004286895172917582,1,167.226,167.4839,0.0010422242952651821,STRESS,SPY,
2016-01-14 00:00:00,0.0038127197010433544,1,162.6952,162.3513,-0.002613768568464125,STRESS,SPY,
2016-01-15 00:00:00,-0.026681861026164877,-1,161.1735,161.5174,-0.0026337254573488007,STRESS,SPY,
2016-01-19 00:00:00,0.011609266600594692,1,163.1509,162.8671,-0.002239493928626934,STRESS,SPY,
2016-01-20 00:00:00,-0.015902621959178687,-1,159.4454,158.8608,0.003166458863033961,STRESS,SPY,
2016-01-21 00:00:00,0.002260702652178148,1,160.3052,159.7893,-0.0037182362144210774,STRESS,SPY,
2016-01-22 00:00:00,0.01660619722943424,1,163.1036,162.8671,-0.0019499986511641305,STRESS,SPY,
2016-01-25 00:00:00,-0.0029401007144781444,-1,163.2196,163.1165,0.00013166433443051505,STRESS,SPY,
2016-01-26 00:00:00,0.004049912977076353,1,162.4373,162.1622,-0.0021935765369159306,STRESS,SPY,
2016-01-27 00:00:00,-0.0031546763887945195,-1,162.7726,163.0649,-0.002295756779703561,STRESS,SPY,
2016-01-28 00:00:00,0.009780977578381034,1,163.4131,163.0391,-0.0027886782026655395,STRESS,SPY,
2016-01-29 00:00:00,0.004652873269163305,1,163.4337,163.8128,0.0018195950406802446,STRESS,SPY,
2016-02-01 00:00:00,-0.005989034416079675,-1,165.2744,165.6699,-0.0028929900819485983,STRESS,SPY,
2016-02-02 00:00:00,-0.008931606223839483,-1,164.8961,164.5006,0.0018984800125654848,STRESS,SPY,
2016-02-03 00:00:00,0.006731905709272734,1,164.3373,164.1739,-0.0014942964865553572,STRESS,SPY,
2016-02-04 00:00:00,-0.0025107728398501283,-1,164.1911,163.7699,0.0020653034786903284,STRESS,SPY,
2016-02-05 00:00:00,-0.0029238310141047608,-1,163.7441,163.9074,-0.001497287841210781,STRESS,SPY,
2016-02-08 00:00:00,-0.011598769943701681,-1,159.2735,158.8866,0.0019291548813833996,STRESS,SPY,
2016-02-09 00:00:00,-0.010788866020782106,-1,157.9409,158.6803,-0.005181497952715219,STRESS,SPY,
2016-02-10 00:00:00,0.00555665009794426,1,160.2622,160.2278,-0.0007146482451882426,STRESS,SPY,
2016-02-11 00:00:00,-0.01592097391513947,-1,157.0769,156.8318,0.0010603822076957208,STRESS,SPY,
2016-02-12 00:00:00,0.010488486301809319,1,158.8264,158.7318,-0.0010956188643702065,STRESS,SPY,
2016-02-16 00:00:00,0.011412197066058116,1,162.188,162.0762,-0.0011893235011220522,STRESS,SPY,
2016-02-17 00:00:00,0.007324507557114224,1,164.5092,164.621,0.000179597250488273,STRESS,SPY,
2016-02-19 00:00:00,-0.004529915979416321,-1,164.5092,163.8292,0.003633507426940297,STRESS,SPY,
2016-02-22 00:00:00,0.00963441907572582,1,166.7445,167.1142,0.0017171645841393417,STRESS,SPY,
2016-02-23 00:00:00,-0.004055731676805063,-1,166.7359,166.7316,-0.00047421071286984874,STRESS,SPY,
2016-02-24 00:00:00,-0.00904549472688776,-1,163.4776,163.5893,-0.0011832740387674452,STRESS,SPY,
2016-02-25 00:00:00,0.002639707338627284,1,166.9165,166.5038,-0.0029724937318958418,STRESS,SPY,
2016-02-26 00:00:00,0.0053187660653089,1,168.911,168.9325,-0.00037271403283384253,STRESS,SPY,
2016-03-01 00:00:00,0.007907274536267606,1,167.63,167.3721,-0.0020385074270715116,STRESS,SPY,
2016-03-02 00:00:00,-0.002220315386908811,-1,169.9685,170.1233,-0.0014107569932076398,STRESS,SPY,
2016-03-07 00:00:00,-0.005190030219547448,-1,171.4301,171.6708,-0.0019040708137019742,STRESS,SPY,
2016-03-08 00:00:00,-0.006330996659381638,-1,171.2237,171.1549,-9.818646600906434e-05,STRESS,SPY,
2016-03-09 00:00:00,0.005041753671807481,1,171.3699,171.2151,-0.0014033091575590957,STRESS,SPY,
2016-03-10 00:00:00,0.002708122384034173,1,172.092,172.1608,-0.00010021383910935279,STRESS,SPY,
2016-03-11 00:00:00,0.008619624320316488,1,173.1925,173.2699,-5.3098430936648466e-05,STRESS,SPY,
2016-03-14 00:00:00,-0.00281193163236626,-1,173.8889,173.9577,-0.0008956549267951637,STRESS,SPY,
2016-03-15 00:00:00,-0.005605117786168012,-1,173.042,173.0206,-0.00037633060181924095,STRESS,SPY,
2016-03-16 00:00:00,-0.002868482989021426,-1,173.5364,173.7556,-0.0017631355727097393,STRESS,SPY,
2016-03-18 00:00:00,0.002778163002234768,1,176.3806,176.5361,0.00038161623217075656,STRESS,SPY,
2016-03-22 00:00:00,-0.004494747929447707,-1,176.225,176.13,3.908355795151407e-05,STRESS,SPY,
2016-03-23 00:00:00,-0.0023462148902064772,-1,176.346,176.2553,1.4329783493749904e-05,STRESS,SPY,
2016-03-24 00:00:00,-0.006101504992347628,-1,174.4535,174.6004,-0.001342058198889717,STRESS,SPY,
2016-03-28 00:00:00,0.002313972187899971,1,175.8189,175.6201,-0.0016307089283347782,STRESS,SPY,
2016-03-29 00:00:00,-0.0024594923880987274,-1,175.1967,175.0498,0.0003384861130374954,STRESS,SPY,
2016-03-30 00:00:00,0.005556768331102413,1,178.1477,178.394,0.0008825606505164512,STRESS,SPY,
2016-04-01 00:00:00,-0.005886562075474777,-1,176.5188,176.4411,-5.982025710576889e-05,STRESS,SPY,
2016-04-05 00:00:00,-0.007756647934244021,-1,176.8947,176.8558,-0.00028009516395904833,STRESS,SPY,
2016-04-07 00:00:00,-0.006249390364906571,-1,177.357,177.4607,-0.0010846964032996116,STRESS,SPY,
2016-04-08 00:00:00,0.00686474834268358,1,177.2966,177.2966,-0.0005,STRESS,SPY,
2016-04-11 00:00:00,0.0035203557698020305,1,177.3484,177.5558,0.0006694495129361826,STRESS,SPY,
2016-04-13 00:00:00,0.0051471691412599,1,178.9644,179.0637,5.485895518891936e-05,STRESS,SPY,
2016-04-18 00:00:00,-0.0032721175601230224,-1,179.0421,179.2409,-0.0016103533749883265,STRESS,SPY,
2016-04-19 00:00:00,0.0021979759820667244,1,181.2111,181.1766,-0.0006903856882937705,STRESS,SPY,
2016-04-25 00:00:00,-0.0034928481884587415,-1,180.1742,180.1828,-0.0005477315842111192,STRESS,SPY,
2016-04-26 00:00:00,0.0020613615637057325,1,180.5285,180.5198,-0.000548191836745981,STRESS,SPY,
2016-04-27 00:00:00,-0.0023928413010720906,-1,180.5371,180.563,-0.0006434608177486307,STRESS,SPY,
2016-04-28 00:00:00,-0.004251520176893342,-1,180.0445,180.3816,-0.002372314899927563,STRESS,SPY,
2016-04-29 00:00:00,-0.00366272581092264,-1,178.973,178.9471,-0.0003552854341157259,STRESS,SPY,
2016-05-02 00:00:00,0.00285924205968624,1,178.6792,178.8174,0.0002734532055212462,STRESS,SPY,
2016-05-03 00:00:00,-0.006972660227625549,-1,178.4459,178.4286,-0.0004030518493279285,STRESS,SPY,
2016-05-04 00:00:00,-0.005626927520188896,-1,177.357,177.0287,0.0013510687483438426,STRESS,SPY,
2016-05-05 00:00:00,0.0027808356055345484,1,177.6422,177.7625,0.0001772039526643514,STRESS,SPY,
2016-05-06 00:00:00,-0.004488168172508189,-1,176.4851,176.9077,-0.0028945364226216626,STRESS,SPY,
2016-05-10 00:00:00,0.004031616687846684,1,178.7829,178.7224,-0.000838399254067423,STRESS,SPY,
2016-05-11 00:00:00,-0.0024950906011036444,-1,179.7507,179.7507,-0.0005,STRESS,SPY,
2016-05-12 00:00:00,0.0035339390927726644,1,179.2236,178.9644,-0.001946238107034925,STRESS,SPY,
2016-05-18 00:00:00,-0.0021480293257120087,-1,176.4583,176.588,-0.0012350178484093473,STRESS,SPY,
2016-05-19 00:00:00,-0.004390929965880974,-1,176.3719,176.5015,-0.0012348109307661055,STRESS,SPY,
2016-05-20 00:00:00,0.00342766932085814,1,177.3052,177.3657,-0.000158780453139606,STRESS,SPY,
2016-05-24 00:00:00,0.00497181566037308,1,178.3537,178.5496,0.0005983792318297603,STRESS,SPY,
2016-05-25 00:00:00,0.003945159718839131,1,180.4075,180.5285,0.00017070382328893173,STRESS,SPY,
2016-06-01 00:00:00,-0.0037164248224759167,-1,180.5976,180.5976,-0.0005,STRESS,SPY,
2016-06-02 00:00:00,-0.002235507587352248,-1,181.2803,181.2716,-0.00045200802293460197,STRESS,SPY,
2016-06-03 00:00:00,-0.003129103072754047,-1,181.5654,181.3408,0.0007370198286678624,STRESS,SPY,
2016-06-09 00:00:00,-0.003909151600201666,-1,182.6802,182.8357,-0.0013512143078449608,STRESS,SPY,
2016-06-10 00:00:00,-0.007310844054794874,-1,181.937,181.6951,0.0008295811187390427,STRESS,SPY,
2016-06-13 00:00:00,-0.003332374772892721,-1,181.2025,180.926,0.001025917136904864,STRESS,SPY,
2016-06-14 00:00:00,-0.002110788059002111,-1,179.9495,180.0964,-0.001316340139872418,STRESS,SPY,
2016-06-15 00:00:00,0.0022106520617179992,1,180.0877,180.2692,0.0005078422901731443,STRESS,SPY,
2016-06-16 00:00:00,-0.00490959526753787,-1,178.5755,178.3327,0.0008596490000028494,STRESS,SPY,
2016-06-20 00:00:00,0.01084330098212738,1,181.5928,181.7491,0.00036071694472455994,STRESS,SPY,
2016-06-21 00:00:00,0.0020685747769013663,1,180.8284,180.8284,-0.0005,STRESS,SPY,
2016-06-23 00:00:00,0.00845985676509109,1,182.1748,182.0879,-0.0009770143839872843,STRESS,SPY,
2016-06-24 00:00:00,-0.03419806813404025,-1,177.6665,178.1616,-0.0032866817886319506,STRESS,SPY,
2016-06-27 00:00:00,-0.00802080117374826,-1,174.8607,174.5045,0.0015370500632789223,STRESS,SPY,
2016-06-28 00:00:00,0.009469053550303697,1,175.0692,175.3471,0.001087372307636059,STRESS,SPY,
2016-06-29 00:00:00,0.008109369971306624,1,178.2224,178.0617,-0.001401682392336678,STRESS,SPY,
2016-06-30 00:00:00,0.0026130007230174,1,179.8728,179.8902,-0.00040326497391501804,STRESS,SPY,
2016-07-05 00:00:00,-0.004146040249014771,-1,181.406,181.3539,-0.00021279891514064354,STRESS,SPY,
2016-07-06 00:00:00,-0.00287869599269186,-1,180.3506,180.229,0.00017424228142276553,STRESS,SPY,
2016-07-08 00:00:00,0.007254558410897838,1,183.1303,183.2606,0.00021151524351797945,STRESS,SPY,
2016-07-11 00:00:00,0.002539520647206972,1,185.4409,185.4757,-0.000312339133384409,STRESS,SPY,
2016-07-12 00:00:00,0.005201205523138741,1,186.5094,186.5615,-0.0002206575110959559,STRESS,SPY,
2016-07-13 00:00:00,0.002326077129568116,1,186.8829,186.7787,-0.001057568402459574,STRESS,SPY,
2016-07-14 00:00:00,0.006886215677389007,1,187.9774,187.8471,-0.001193168434077629,STRESS,SPY,
2016-07-15 00:00:00,0.003285723114825112,1,188.1338,187.9861,-0.0012850795550826684,STRESS,SPY,
2016-07-19 00:00:00,-0.0022178198017420714,-1,187.6213,187.5605,-0.0001759429766236549,STRESS,SPY,
2016-07-20 00:00:00,0.0027758811505314007,1,188.0122,187.9948,-0.0005925471857677884,STRESS,SPY,
2016-07-27 00:00:00,0.0021225501834922778,1,188.5594,188.5942,-0.0003154427729406546,STRESS,SPY,
2016-08-05 00:00:00,0.003696549904487645,1,188.7853,188.9242,0.00023575643866341521,STRESS,SPY,
2016-08-11 00:00:00,0.002848913937515407,1,189.6843,189.6887,-0.00047680356255091995,STRESS,SPY,
2016-08-15 00:00:00,0.002059990029416481,1,190.1925,190.3315,0.0002308384925799327,STRESS,SPY,
2016-08-16 00:00:00,-0.002487069497673966,-1,189.7147,189.6105,4.924578854453897e-05,STRESS,SPY,
2016-08-19 00:00:00,-0.002558869784297424,-1,189.4628,189.2847,0.0004400262215062405,STRESS,SPY,
2016-08-23 00:00:00,0.0034325316541061746,1,190.5573,190.6355,-8.962474804158306e-05,STRESS,SPY,
2016-08-25 00:00:00,-0.0022027548966253585,-1,188.7505,189.0024,-0.001834566001149673,STRESS,SPY,
2016-09-02 00:00:00,0.004507166352139214,1,189.7321,189.7582,-0.00036243761598592173,STRESS,SPY,
2016-09-08 00:00:00,-0.0020085344320188714,-1,189.9232,189.7147,0.0005978121682870823,STRESS,SPY,
2016-09-09 00:00:00,-0.007184409862206587,-1,188.377,188.2641,9.93300668339918e-05,STRESS,SPY,
2016-09-12 00:00:00,-0.004172891909631105,-1,184.9458,185.2846,-0.002331888045038088,STRESS,SPY,
2016-09-13 00:00:00,-0.0069336060658143905,-1,186.4746,186.8047,-0.0022702142811941712,STRESS,SPY,
2016-09-16 00:00:00,-0.0033783711524105753,-1,186.1369,186.0933,-0.0002657638007294567,STRESS,SPY,
2016-09-19 00:00:00,0.0037034432143181473,1,187.0274,187.1409,0.00010686295163159264,STRESS,SPY,
2016-09-20 00:00:00,0.004779853013481272,1,187.202,186.9576,-0.0018055416074613246,STRESS,SPY,
2016-09-21 00:00:00,0.0037952598964139383,1,187.202,187.2282,-0.0003600442302967295,STRESS,SPY,
2016-09-22 00:00:00,0.005607275232605735,1,189.6684,189.6379,-0.0006608069662631939,STRESS,SPY,
2016-09-23 00:00:00,-0.002071793335450156,-1,189.2537,189.2363,-0.00040805992168174666,STRESS,SPY,
2016-09-26 00:00:00,-0.0044446447890371665,-1,187.5862,187.3417,0.0008034007832132266,STRESS,SPY,
2016-09-30 00:00:00,0.00448903483616947,1,188.468,188.2934,-0.0014264172167158247,STRESS,SPY,
2016-10-03 00:00:00,-0.0024960851432378472,-1,188.337,188.2584,-8.266299240194909e-05,STRESS,SPY,
2016-10-05 00:00:00,0.003213416976059369,1,188.1449,188.2061,-0.00017471879386593515,STRESS,SPY,
2016-10-10 00:00:00,0.005114723084322259,1,188.8696,188.9307,-0.0001764963763358214,STRESS,SPY,
2016-10-11 00:00:00,-0.0020823892621006923,-1,188.0315,187.8743,0.000336030133248844,STRESS,SPY,
2016-10-13 00:00:00,-0.007299391342235895,-1,185.2246,185.1067,0.00013652452212081822,STRESS,SPY,
2016-10-14 00:00:00,0.005257068385975616,1,186.9314,186.9969,-0.00014960407935743448,STRESS,SPY,
2016-10-18 00:00:00,0.008757081188641935,1,186.9838,186.783,-0.0015738898236104522,STRESS,SPY,
2016-10-21 00:00:00,-0.00439489705702012,-1,185.9972,185.9448,-0.00021827532887591606,STRESS,SPY,
2016-10-24 00:00:00,0.004791234113543874,1,187.8219,187.787,-0.000685814327296141,STRESS,SPY,
2016-10-26 00:00:00,-0.004529058652084972,-1,186.0845,186.2068,-0.0011572283021959446,STRESS,SPY,
2016-10-27 00:00:00,0.003929619459788647,1,187.1933,186.9052,-0.0020390508100449063,STRESS,SPY,
2016-11-07 00:00:00,0.014051007684659833,1,184.5829,184.8535,0.0009660079563166839,STRESS,SPY,
2016-11-09 00:00:00,-0.00794129371069019,-1,186.3028,185.8924,0.001702865442709312,STRESS,SPY,
2016-11-10 00:00:00,0.004205051990214814,1,189.83,190.1181,0.0010176737080544456,STRESS,SPY,
2016-11-11 00:00:00,-0.0035042595106183905,-1,188.6601,188.7517,-0.000985529266654794,STRESS,SPY,
2016-11-14 00:00:00,0.002633039673918036,1,189.3847,189.1577,-0.0016986184734036343,STRESS,SPY,
2016-11-15 00:00:00,0.002262753376278681,1,189.4545,189.603,0.00028382936272314295,STRESS,SPY,
2016-11-16 00:00:00,-0.0031614429909013753,-1,190.0308,190.1268,-0.0010051812653527055,STRESS,SPY,
2016-11-21 00:00:00,0.0029746055175132735,1,191.5062,191.5585,-0.00022690179221346264,STRESS,SPY,
2016-11-23 00:00:00,-0.0024940725524770224,-1,192.1523,192.0475,4.540070558606323e-05,STRESS,SPY,
2016-11-28 00:00:00,-0.0022554444569029553,-1,193.2174,193.1694,-0.00025157516869594955,STRESS,SPY,
2016-11-30 00:00:00,0.0033497397988497823,1,193.4794,193.5929,8.662575964163465e-05,STRESS,SPY,
2016-12-05 00:00:00,0.004506799306902787,1,192.5015,192.4841,-0.0005903889060603902,STRESS,SPY,
2016-12-13 00:00:00,0.0034920776368301265,1,198.3074,198.5344,0.0006446874902298898,STRESS,SPY,
2016-12-16 00:00:00,0.002534038035320041,1,198.4334,198.3543,-0.0008986224093323054,STRESS,SPY,
2016-12-20 00:00:00,0.002926838136155574,1,198.6266,198.8461,0.0006050886437165008,STRESS,SPY,
2017-01-03 00:00:00,0.006664945037761161,1,197.6869,197.4761,-0.0015663326705007137,STRESS,SPY,
2017-01-12 00:00:00,-0.0024662977751165327,-1,198.8374,198.5959,0.0007145602386673948,STRESS,SPY,
2017-01-17 00:00:00,-0.003171802455488648,-1,198.7847,198.6617,0.00011875989449888812,STRESS,SPY,
2017-01-20 00:00:00,0.0033189977090550826,1,199.3467,199.5575,0.0005574541740595578,STRESS,SPY,
2017-01-25 00:00:00,0.004921324354601575,1,200.7343,200.866,0.00015609116130138644,STRESS,SPY,
2017-01-30 00:00:00,-0.0035812458479028697,-1,200.1196,200.023,-1.7288661380565184e-05,STRESS,SPY,
2017-01-31 00:00:00,-0.0028119059529765345,-1,199.4082,199.4872,-0.0008961722737579887,STRESS,SPY,
2017-02-01 00:00:00,0.003032315172634359,1,200.6289,200.6377,-0.00045613792429693946,STRESS,SPY,
2017-02-03 00:00:00,0.004566276245215217,1,200.809,200.8968,-6.27686010088997e-05,STRESS,SPY,
2017-02-06 00:00:00,-0.0021798389470846224,-1,201.1032,201.2086,-0.0010241090146750338,STRESS,SPY,
2017-02-13 00:00:00,0.002592357023147862,1,203.9047,203.9925,-6.940668851657074e-05,STRESS,SPY,
2017-02-17 00:00:00,-0.0033229182887116737,-1,205.5118,205.6172,-0.0010128659278932357,STRESS,SPY,
2017-02-23 00:00:00,0.0024546688582320897,1,207.9972,207.9269,-0.0008379853190331739,STRESS,SPY,
2017-02-24 00:00:00,-0.00418723968202972,-1,206.7633,206.9433,-0.0013705606846088898,STRESS,SPY,
2017-03-01 00:00:00,0.007906314363378408,1,209.3935,209.5385,0.00019247612748246644,STRESS,SPY,
2017-03-06 00:00:00,-0.0041095792300805956,-1,208.5505,208.4714,-0.00012071536630214831,STRESS,SPY,
2017-03-10 00:00:00,0.004856245516387192,1,208.7964,208.7437,-0.0007523989877221133,STRESS,SPY,
2017-03-14 00:00:00,-0.002355306455637418,-1,208.1816,208.2606,-0.0008794763802373868,STRESS,SPY,
2017-03-15 00:00:00,0.0026591219947307287,1,208.4978,208.4275,-0.0008371738214983378,STRESS,SPY,
2017-03-21 00:00:00,0.0030835833546838387,1,209.5124,209.4859,-0.0006264841603648703,STRESS,SPY,
2017-03-27 00:00:00,-0.008422256744082257,-1,204.6523,204.4935,0.00027595023364007697,STRESS,SPY,
2017-04-05 00:00:00,0.0031848942813432757,1,208.3833,208.3789,-0.0005211149357938201,STRESS,SPY,
2017-04-13 00:00:00,-0.0020073912679205996,-1,206.1429,206.2753,-0.0011422729087443013,STRESS,SPY,
2017-04-17 00:00:00,0.002450868066559142,1,205.7813,205.6358,-0.0012070613316175756,STRESS,SPY,
2017-04-18 00:00:00,-0.0036664789767111294,-1,206.2929,206.4958,-0.0014835529967343604,STRESS,SPY,
2017-04-19 00:00:00,0.0028219568702603226,1,206.9544,207.0338,-0.00011634060450021978,STRESS,SPY,
2017-04-20 00:00:00,0.00291262183067853,1,206.6193,206.4958,-0.0010977176381877225,STRESS,SPY,
2017-04-24 00:00:00,0.011040058148301446,1,209.1066,209.0184,-0.0009217944340348945,STRESS,SPY,
2017-04-25 00:00:00,0.0033315690552313537,1,210.0107,210.1122,-1.6691292396064494e-05,STRESS,SPY,
2017-05-01 00:00:00,0.0024779170640587544,1,210.4297,210.4076,-0.0006050231977710592,STRESS,SPY,
2017-05-11 00:00:00,-0.0020845278402635836,-1,211.1794,211.003,0.00033530874697057554,STRESS,SPY,
2017-05-17 00:00:00,-0.008329902086701702,-1,210.315,210.4297,-0.0010453724175641384,STRESS,SPY,
2017-05-19 00:00:00,0.0027889312673590183,1,209.3448,209.6006,0.0007219075897752507,STRESS,SPY,
2017-05-22 00:00:00,0.002518179850279356,1,210.8531,210.9942,0.00016918627233847338,STRESS,SPY,
2017-05-25 00:00:00,0.002535679044575412,1,212.5907,212.6083,-0.00041721180653714286,STRESS,SPY,
2017-06-01 00:00:00,0.0022367435493453325,1,213.2875,213.2346,-0.0007480220359842855,STRESS,SPY,
2017-06-06 00:00:00,-0.0026846255117030093,-1,214.5224,214.5753,-0.0007465942950480304,STRESS,SPY,
2017-06-13 00:00:00,0.002671020061303375,1,215.2368,215.2721,-0.0003359945882859812,STRESS,SPY,
2017-06-15 00:00:00,-0.006468367150386234,-1,214.2931,214.3636,-0.0008289886608575099,STRESS,SPY,
2017-06-19 00:00:00,0.003956675128095499,1,215.8742,216.1002,0.0005469060221185433,STRESS,SPY,
2017-06-26 00:00:00,0.003001984464846341,1,216.2597,216.3041,-0.00029469129014786334,STRESS,SPY,
2017-06-28 00:00:00,0.004723068947738218,1,215.0632,214.8505,-0.0014890116021707973,STRESS,SPY,
2017-06-30 00:00:00,0.0036044929031873174,1,214.753,214.8593,-5.01273556136007e-06,STRESS,SPY,
2017-07-03 00:00:00,0.0047150594912270805,1,215.4,215.3911,-0.0005413184772516395,STRESS,SPY,
2017-07-05 00:00:00,0.0032666931659770526,1,214.9923,214.815,-0.0013246806978668975,STRESS,SPY,
2017-07-06 00:00:00,-0.003665795451588072,-1,214.4427,214.1236,0.0009880431928901983,STRESS,SPY,
2017-07-07 00:00:00,0.002618678814635178,1,213.8224,213.9021,-0.00012726075471985966,STRESS,SPY,
2017-07-12 00:00:00,0.004707933415238896,1,215.9407,215.9938,-0.00025409915777802007,STRESS,SPY,
2017-07-21 00:00:00,-0.0025092504350661127,-1,218.4667,218.4579,-0.000459719261562463,STRESS,SPY,
2017-07-25 00:00:00,0.0035253374486650113,1,219.3487,219.2379,-0.001005131783320456,STRESS,SPY,
2017-07-27 00:00:00,0.002060854479508878,1,219.6013,219.5835,-0.0005810559864627969,STRESS,SPY,
2017-07-28 00:00:00,-0.002305558623346027,-1,218.4579,218.7504,-0.0018389307505016213,STRESS,SPY,
2017-08-01 00:00:00,0.002918190081994565,1,219.1581,219.0517,-0.0009854942619049174,STRESS,SPY,
2017-08-04 00:00:00,0.002186287600515202,1,219.3531,219.4063,-0.0002574686658179388,STRESS,SPY,
2017-08-09 00:00:00,-0.0033200173734040384,-1,218.6617,218.4136,0.0006346294298452131,STRESS,SPY,
2017-08-10 00:00:00,-0.003842441638924554,-1,218.3781,218.2186,0.0002303845944257592,STRESS,SPY,
2017-08-14 00:00:00,0.006062872141245901,1,217.9615,218.0679,-1.184039383100811e-05,STRESS,SPY,
2017-08-16 00:00:00,0.002352283247853304,1,219.0251,218.972,-0.0007424379671553956,STRESS,SPY,
2017-08-17 00:00:00,-0.0027538567473602837,-1,218.3604,218.254,-1.2732162058603624e-05,STRESS,SPY,
2017-08-22 00:00:00,0.0026755501806146054,1,216.1977,216.5478,0.0011193511771864788,STRESS,SPY,
2017-08-23 00:00:00,-0.004278893565568431,-1,216.6231,216.827,-0.001441266189986134,STRESS,SPY,
2017-08-25 00:00:00,0.0035650351926441726,1,217.1062,217.1018,-0.0005202665792132795,STRESS,SPY,
2017-08-28 00:00:00,0.002412949279160248,1,217.1461,217.1018,-0.0007040101111647763,STRESS,SPY,
2017-08-29 00:00:00,-0.006050972454652248,-1,215.8432,215.8609,-0.0005820039732545297,STRESS,SPY,
2017-08-31 00:00:00,0.0028040580199268916,1,218.7415,218.8656,6.733633078320799e-05,STRESS,SPY,
2017-09-01 00:00:00,0.0020209767537513468,1,219.8317,219.7608,-0.0008225194546556676,STRESS,SPY,
2017-09-05 00:00:00,-0.0025816130165730033,-1,219.1581,218.9542,0.0004303785714513957,STRESS,SPY,
2017-09-06 00:00:00,0.0030069238559224942,1,218.6352,218.6795,-0.0002973793789838304,STRESS,SPY,
2017-09-11 00:00:00,0.006043139393983932,1,220.1065,220.204,-5.703261830075591e-05,STRESS,SPY,
2017-09-27 00:00:00,0.0033326075794846144,1,222.6934,222.6934,-0.0005,STRESS,SPY,
2017-10-10 00:00:00,0.0025988918349970636,1,226.773,226.9868,0.00044279301327748754,STRESS,SPY,
2017-10-13 00:00:00,0.0021209805544446514,1,227.058,227.0703,-0.00044582881906812767,STRESS,SPY,
2017-10-19 00:00:00,-0.0034023730992549517,-1,227.0848,227.0313,-0.000264405191364558,STRESS,SPY,
2017-10-20 00:00:00,0.003439701652619087,1,228.4921,228.4209,-0.000811608147502751,STRESS,SPY,
2017-10-26 00:00:00,0.0027026622938595146,1,228.0913,227.922,-0.001242246635448196,STRESS,SPY,
2017-10-27 00:00:00,0.003560514917397839,1,228.5277,228.1982,-0.0019418383416977543,STRESS,SPY,
2017-10-30 00:00:00,-0.002367493967987855,-1,229.0266,229.2136,-0.0013164990442158793,STRESS,SPY,
2017-11-01 00:00:00,0.0036167510196811747,1,229.8906,229.9262,-0.00034514373358468476,STRESS,SPY,
2017-11-09 00:00:00,-0.005402550679781348,-1,229.7124,229.7659,-0.0007328999218152994,STRESS,SPY,
2017-11-13 00:00:00,-0.002944993011622876,-1,229.2938,229.3472,-0.0007328889834788406,STRESS,SPY,
2017-11-14 00:00:00,-0.0036386423557438485,-1,229.365,229.3205,-0.000305986092036747,STRESS,SPY,
2017-11-15 00:00:00,-0.0043839456556253875,-1,228.4654,227.8152,0.0023459451628123356,STRESS,SPY,
2017-11-16 00:00:00,0.004250652330000104,1,229.5966,229.463,-0.0010818901499412554,STRESS,SPY,
2017-11-21 00:00:00,0.0034459272382554307,1,230.9773,231.0753,-7.571588203686376e-05,STRESS,SPY,
2017-11-30 00:00:00,0.003920544765570799,1,235.2083,235.1548,-0.0007274579596043269,STRESS,SPY,
2017-12-04 00:00:00,0.007071206231627825,1,237.1857,237.4262,0.000513973439376814,STRESS,SPY,
2017-12-08 00:00:00,0.003673617769425208,1,236.1257,235.9431,-0.0012733169239942939,STRESS,SPY,
2017-12-15 00:00:00,0.004238040182148239,1,237.6632,237.6632,-0.0005,STRESS,SPY,
2017-12-18 00:00:00,0.005815293601919791,1,240.1431,240.4206,0.0006555609967557334,STRESS,SPY,
2017-12-20 00:00:00,0.0038544513039548978,1,239.964,239.5209,-0.0023465269790467476,STRESS,SPY,
2017-12-21 00:00:00,0.002583775047183101,1,239.6596,239.4895,-0.0012097566715459358,STRESS,SPY,
2017-12-29 00:00:00,0.00257586542948407,1,240.0893,240.0535,-0.0006491111848799243,STRESS,SPY,
2018-01-02 00:00:00,0.0035973556610742197,1,239.4627,239.7492,0.0006964285043140066,STRESS,SPY,
2018-01-04 00:00:00,0.0027360261336957237,1,242.9452,243.0705,1.575417007621026e-05,STRESS,SPY,
2018-01-05 00:00:00,0.003202592339767607,1,243.7241,243.5003,-0.001418251416253013,STRESS,SPY,
2018-01-10 00:00:00,-0.0030597190429264565,-1,245.0401,245.0177,-0.0004085863905540217,STRESS,SPY,
2018-01-11 00:00:00,0.002371334039422246,1,245.819,245.998,0.00022817804970326526,STRESS,SPY,
2018-01-16 00:00:00,0.00518126593145829,1,250.2594,250.4295,0.0001796947487286431,STRESS,SPY,
2018-01-17 00:00:00,0.0038995812457123247,1,248.6211,248.6435,-0.0004099030613252115,STRESS,SPY,
2018-01-19 00:00:00,0.002220958793232475,1,250.4653,250.5056,-0.00033909946807014714,STRESS,SPY,
2018-01-24 00:00:00,0.0025769963933881535,1,254.2702,254.0553,-0.0013451639240460995,STRESS,SPY,
2018-01-25 00:00:00,0.0034605010606734155,1,254.3373,253.8763,-0.0023125536443140966,STRESS,SPY,
2018-01-26 00:00:00,0.0034947677061856197,1,254.3149,254.4761,0.00013385983282926438,STRESS,SPY,
2018-01-29 00:00:00,-0.0020939135017272736,-1,255.9622,256.2845,-0.0017591702993645093,STRESS,SPY,
2018-01-30 00:00:00,-0.007341256606542279,-1,253.3839,253.2944,-0.0001467810306810531,STRESS,SPY,
2018-01-31 00:00:00,0.0037988177225811715,1,253.4376,253.4824,-0.0003232306492800259,STRESS,SPY,
2018-02-01 00:00:00,-0.003086204519195501,-1,251.8619,252.041,-0.0012111039819838183,STRESS,SPY,
2018-02-02 00:00:00,-0.005397778771196182,-1,250.6175,250.4206,0.00028565942122954534,STRESS,SPY,
2018-02-05 00:00:00,-0.007440591420190934,-1,245.1744,245.0759,-9.824516752160407e-05,STRESS,SPY,
2018-02-06 00:00:00,-0.01586033132875242,-1,234.4403,236.2756,-0.00832843222773555,STRESS,SPY,
2018-02-07 00:00:00,-0.002526302510616918,-1,240.5638,241.1637,-0.0029937251573180497,STRESS,SPY,
2018-02-09 00:00:00,0.011951023946256356,1,233.3749,232.5873,-0.003874827370038469,STRESS,SPY,
2018-02-12 00:00:00,0.0084077090017467,1,236.956,236.9649,-0.00046244028427216933,STRESS,SPY,
2018-02-13 00:00:00,-0.0049760985568177984,-1,236.3203,236.5352,-0.0014093590351738623,STRESS,SPY,
2018-02-14 00:00:00,-0.005788871224699399,-1,237.3051,237.0992,0.0003676593971221891,STRESS,SPY,
2018-02-15 00:00:00,0.006970538695787454,1,242.5513,242.9989,0.0013453828118010218,STRESS,SPY,
2018-02-16 00:00:00,-0.002527776698055928,-1,244.2523,244.6731,-0.002222808751442706,STRESS,SPY,
2018-02-20 00:00:00,-0.0038812197067304988,-1,243.8494,244.0195,-0.0011975616917654914,STRESS,SPY,
2018-02-22 00:00:00,0.004036923911968637,1,243.3033,243.545,0.0004934102825566171,STRESS,SPY,
2018-02-23 00:00:00,0.005511865034305119,1,243.7107,243.4107,-0.0017309677006385744,STRESS,SPY,
2018-02-26 00:00:00,0.004514115506216498,1,247.0723,247.6632,0.0018916076387355822,STRESS,SPY,
2018-02-28 00:00:00,0.004738236744112001,1,246.6158,246.4994,-0.0009719892237237122,STRESS,SPY,
2018-03-02 00:00:00,-0.00720900008970049,-1,238.3884,237.5379,0.0030677071535359372,STRESS,SPY,
2018-03-05 00:00:00,-0.005201714287137227,-1,240.1252,240.4743,-0.001953824921332725,STRESS,SPY,
2018-03-06 00:00:00,0.003894176871954036,1,244.494,244.0643,-0.002257507341693443,STRESS,SPY,
2018-03-07 00:00:00,-0.008978084860789437,-1,242.9363,243.1108,-0.0012182952897530903,STRESS,SPY,
2018-03-08 00:00:00,0.0027126580609551088,1,245.0938,244.8431,-0.0015228736916233494,STRESS,SPY,
2018-03-09 00:00:00,0.005910631801424371,1,246.6068,246.7053,-0.00010057873505525628,STRESS,SPY,
2018-03-13 00:00:00,0.004919214979119957,1,250.4116,250.5459,3.6317007678643865e-05,STRESS,SPY,
2018-03-14 00:00:00,0.004047507549211238,1,248.43,248.1287,-0.0017128164875417902,STRESS,SPY,
2018-03-15 00:00:00,0.002215984875629351,1,246.6829,246.5441,-0.0010626656732184987,STRESS,SPY,
2018-03-16 00:00:00,0.0020653612716938774,1,246.7932,246.8921,-9.925962303675108e-05,STRESS,SPY,
2018-03-19 00:00:00,-0.003136517216152268,-1,245.2203,245.3371,-0.0009763064069328582,STRESS,SPY,
2018-03-22 00:00:00,-0.009318634265306547,-1,240.4565,240.9508,-0.0025556732714647197,STRESS,SPY,
2018-03-26 00:00:00,0.015968366834333336,1,235.9533,236.2589,0.0007951715445386203,STRESS,SPY,
2018-03-27 00:00:00,0.003771016873916011,1,238.6498,238.7846,6.484438704762495e-05,STRESS,SPY,
2018-03-29 00:00:00,0.004848998130620119,1,235.0095,234.9556,-0.0007293524304336492,STRESS,SPY,
2018-04-02 00:00:00,-0.0035298955978486646,-1,236.187,236.3937,-0.0013751540093230315,STRESS,SPY,
2018-04-03 00:00:00,0.005203106484399589,1,232.313,232.7986,0.0015902833676978982,STRESS,SPY,
2018-04-04 00:00:00,-0.01549260141141251,-1,231.4681,231.5041,-0.000655528990819942,STRESS,SPY,
2018-04-05 00:00:00,0.006481408856716442,1,238.7846,238.1015,-0.003360737250224732,STRESS,SPY,
2018-04-06 00:00:00,-0.008394492569592571,-1,237.1487,237.8858,-0.0036081764310747495,STRESS,SPY,
2018-04-09 00:00:00,0.006081773777885546,1,235.2073,234.5331,-0.0033664076327563626,STRESS,SPY,
2018-04-10 00:00:00,0.013072023651619746,1,237.1982,237.3779,0.00025759428191268795,STRESS,SPY,
2018-04-11 00:00:00,-0.006260563652141005,-1,236.933,237.1847,-0.0015623256363613276,STRESS,SPY,
2018-04-12 00:00:00,0.005725366329800918,1,238.5509,238.479,-0.000801403180620996,STRESS,SPY,
2018-04-13 00:00:00,0.00564120308289251,1,240.1688,240.007,-0.0011736928360386862,STRESS,SPY,
2018-04-16 00:00:00,0.006939386209003251,1,239.6475,239.4677,-0.0012502686237077505,STRESS,SPY,
2018-04-17 00:00:00,0.0075562882293622735,1,241.8856,241.8047,-0.0008344556269575527,STRESS,SPY,
2018-04-19 00:00:00,-0.0026627646253509774,-1,242.0384,242.2002,-0.0011684889670398597,STRESS,SPY,
2018-04-23 00:00:00,0.0023629653274583884,1,240.07,240.016,-0.0007249343941350679,STRESS,SPY,
2018-04-24 00:00:00,0.00427608680047209,1,240.4115,240.425,-0.0004438462802319183,STRESS,SPY,
2018-04-26 00:00:00,0.004628416068644947,1,237.7689,237.8768,-4.6198009916286874e-05,STRESS,SPY,
2018-04-27 00:00:00,0.002665759837639836,1,240.025,239.7284,-0.0017357046141027173,STRESS,SPY,
2018-04-30 00:00:00,0.002475673131016931,1,240.2677,240.4025,6.104087232711207e-05,STRESS,SPY,
2018-05-01 00:00:00,-0.002079538235652989,-1,236.987,236.7982,0.00029666817167178826,STRESS,SPY,
2018-05-03 00:00:00,-0.003571405926699245,-1,235.1803,235.1983,-0.0005765370228714701,STRESS,SPY,
2018-05-04 00:00:00,-0.004303025886786882,-1,235.0095,235.6387,-0.003177338575674648,STRESS,SPY,
2018-05-07 00:00:00,0.0033836602253041193,1,240.052,240.3171,0.0006043440587872322,STRESS,SPY,
2018-05-09 00:00:00,0.0029224774405249843,1,240.771,240.3886,-0.002088231140793539,STRESS,SPY,
2018-05-10 00:00:00,0.0032284939777440513,1,242.9103,243.135,0.00042503282075728776,STRESS,SPY,
2018-05-14 00:00:00,0.0025675501971977877,1,245.9305,245.7776,-0.0011217203640865865,STRESS,SPY,
2018-05-15 00:00:00,-0.004983078567462829,-1,243.6653,243.5574,-5.717945887245791e-05,STRESS,SPY,
2018-05-21 00:00:00,0.006007216368034696,1,245.7326,245.8225,-0.000134155175178174,STRESS,SPY,
2018-05-22 00:00:00,0.002194902275364452,1,246.3438,246.2809,-0.000755334211780367,STRESS,SPY,
2018-05-23 00:00:00,-0.005063134065291797,-1,243.7821,244.0248,-0.0014955611999403757,STRESS,SPY,
2018-05-25 00:00:00,-0.0025651669009880695,-1,244.5192,244.699,-0.0012353205801425844,STRESS,SPY,
2018-05-29 00:00:00,-0.006870363179300676,-1,242.9148,242.8384,-0.0001854864339266289,STRESS,SPY,
2018-05-30 00:00:00,0.005314280091583967,1,243.2608,243.4316,0.00020212709980399523,STRESS,SPY,
2018-06-01 00:00:00,0.006131480205316953,1,245.0315,245.1034,-0.0002065683391728186,STRESS,SPY,
2018-06-04 00:00:00,0.003179297326503683,1,246.9371,247.1438,0.00033705526630062365,STRESS,SPY,
2018-06-06 00:00:00,0.0022166118544062474,1,247.8718,247.9617,-0.00013731251396881207,STRESS,SPY,
2018-06-14 00:00:00,0.003922270353232449,1,250.5953,250.6897,-0.00012329700517127408,STRESS,SPY,
2018-06-15 00:00:00,-0.003145813923968843,-1,249.4916,249.4374,-0.00028275821711026784,STRESS,SPY,
2018-06-18 00:00:00,-0.006169162100727488,-1,248.3449,248.372,-0.0006091224341631669,STRESS,SPY,
2018-06-19 00:00:00,-0.009292045675712735,-1,247.7761,247.9568,-0.0012292874494351231,STRESS,SPY,
2018-06-20 00:00:00,0.002758579657103022,1,249.4554,249.3936,-0.00074773967611047,STRESS,SPY,
2018-06-22 00:00:00,0.005214553576296854,1,248.7331,248.6067,-0.0010081752287894315,STRESS,SPY,
2018-06-25 00:00:00,-0.004623251564636166,-1,246.9725,246.3225,0.0021318719695512804,STRESS,SPY,
2018-06-26 00:00:00,0.0023245901009569803,1,244.914,244.7334,-0.0012374017001886557,STRESS,SPY,
2018-06-27 00:00:00,0.002614858399564657,1,245.9252,245.8349,-0.0008671848187984939,STRESS,SPY,
2018-06-29 00:00:00,0.004317877188830366,1,245.9252,246.1103,0.00025266788438121955,STRESS,SPY,
2018-07-02 00:00:00,-0.006195201322601318,-1,243.3701,243.7312,-0.0019837484144518687,STRESS,SPY,
2018-07-03 00:00:00,0.003419977933261542,1,246.3044,246.1238,-0.0012332390326766358,STRESS,SPY,
2018-07-05 00:00:00,0.006881455718402041,1,245.5821,245.6363,-0.0002792998756831473,STRESS,SPY,
2018-07-09 00:00:00,0.004285171873441573,1,249.9159,250.0784,0.00015021873358195314,STRESS,SPY,
2018-07-11 00:00:00,-0.006025271341786764,-1,250.4305,250.566,-0.0010410682804212197,STRESS,SPY,
2018-07-12 00:00:00,0.0049113013928754334,1,251.1348,251.0084,-0.0010033153509590438,STRESS,SPY,
2018-07-17 00:00:00,-0.0031500502342812764,-1,251.6675,251.4689,0.0002891364598130446,STRESS,SPY,
2018-07-19 00:00:00,-0.0026328742387776716,-1,253.3017,253.3197,-0.0005710615049168695,STRESS,SPY,
2018-07-24 00:00:00,0.005531143956765794,1,254.4664,254.8546,0.0010255452193296826,STRESS,SPY,
2018-07-26 00:00:00,-0.003238167260479985,-1,255.8478,256.0103,-0.0011351432375026889,STRESS,SPY,
2018-07-31 00:00:00,0.003286826024570866,1,253.8705,253.7712,-0.0008911443038872031,STRESS,SPY,
2018-08-02 00:00:00,-0.005482270247338938,-1,252.3537,252.3627,-0.0005356642284222719,STRESS,SPY,
2018-08-07 00:00:00,0.0024938664890483686,1,257.6806,257.8432,0.0001310137433707119,STRESS,SPY,
2018-08-10 00:00:00,-0.005648207256607751,-1,256.1187,255.9291,0.00024028175217188962,STRESS,SPY,
2018-08-14 00:00:00,0.0030845532797185715,1,255.604,255.4776,-0.000994514952817715,STRESS,SPY,
2018-08-15 00:00:00,-0.005213621121681666,-1,254.6921,255.0081,-0.0017407137873533536,STRESS,SPY,
2018-08-16 00:00:00,0.005820494335169624,1,256.1638,255.9742,-0.00124015141874062,STRESS,SPY,
2018-08-24 00:00:00,0.002344440064848907,1,258.6603,258.8002,4.086382796292297e-05,STRESS,SPY,
2018-08-27 00:00:00,0.004730393752597983,1,260.8226,260.8407,-0.0004306041731046424,STRESS,SPY,
2018-08-28 00:00:00,0.0020016736683192704,1,262.1047,262.186,-0.00018981861065442375,STRESS,SPY,
2018-09-07 00:00:00,-0.004233140552180048,-1,259.2426,259.4051,-0.0011268259923332131,STRESS,SPY,
2018-09-10 00:00:00,0.004173233684138911,1,260.624,260.5518,-0.0007770274418320007,STRESS,SPY,
2018-09-11 00:00:00,-0.0024993329729722236,-1,259.2381,259.3871,-0.0010747611944386666,STRESS,SPY,
2018-09-13 00:00:00,0.0040118678358818105,1,262.1318,262.4388,0.0006711665658269421,STRESS,SPY,
2018-09-20 00:00:00,0.004772543613632996,1,264.3348,264.4703,1.2607496251149531e-05,STRESS,SPY,
2018-09-21 00:00:00,0.0029554129937809925,1,265.6863,265.8405,8.038370815505224e-05,STRESS,SPY,
2018-09-24 00:00:00,-0.0022945678362530364,-1,263.9722,264.208,-0.0013932758828392728,STRESS,SPY,
2018-09-27 00:00:00,0.0020698066151643157,1,263.2194,263.3554,1.6679241727491235e-05,STRESS,SPY,
2018-09-28 00:00:00,-0.002270783970526047,-1,263.2194,263.3192,-0.0008791513847384298,STRESS,SPY,
2018-10-01 00:00:00,0.005230427536042193,1,265.0877,264.988,-0.0008761019466387294,STRESS,SPY,
2018-10-03 00:00:00,0.003944127258797447,1,265.5594,265.4777,-0.0008076524498848432,STRESS,SPY,
2018-10-04 00:00:00,-0.0020564227690816894,-1,263.8089,263.945,-0.0010159037469926187,STRESS,SPY,
2018-10-08 00:00:00,-0.0029528214956213716,-1,260.3534,260.5257,-0.00116179277858458,STRESS,SPY,
2018-10-10 00:00:00,-0.002087544929015195,-1,259.4464,259.2106,0.0004088582458649519,STRESS,SPY,
2018-10-11 00:00:00,-0.0039184987147753425,-1,251.3835,250.7758,0.0019174219867254543,STRESS,SPY,
2018-10-12 00:00:00,0.016602462648002803,1,250.2589,250.531,0.0005872740190259744,STRESS,SPY,
2018-10-16 00:00:00,0.007614168338396121,1,250.6035,250.7849,0.00022385261977592207,STRESS,SPY,
2018-10-18 00:00:00,-0.003566471238198532,-1,252.88,252.9616,-0.0008226826953495188,STRESS,SPY,
2018-10-19 00:00:00,0.0023513590903398995,1,251.3744,252.1272,0.002494736138604237,STRESS,SPY,
2018-10-22 00:00:00,0.002932596977101687,1,251.3654,250.6761,-0.0032422230744565956,STRESS,SPY,
2018-10-23 00:00:00,-0.014978566543926264,-1,245.8692,245.8692,-0.0005,STRESS,SPY,
2018-10-25 00:00:00,0.00810616544991749,1,241.942,242.1506,0.0003621901116796504,STRESS,SPY,
2018-10-26 00:00:00,-0.015621562605226291,-1,240.7357,241.0985,-0.002007046939859702,STRESS,SPY,
2018-10-29 00:00:00,0.013155379188126037,1,243.7741,243.5745,-0.0013187908395518306,STRESS,SPY,
2018-10-31 00:00:00,0.010604612788361,1,245.4973,245.5517,-0.00027840896824510254,STRESS,SPY,
2018-11-01 00:00:00,0.003435348324931642,1,246.5222,246.8441,0.0008057647546550477,STRESS,SPY,
2018-11-02 00:00:00,0.004497226522187869,1,249.0526,249.361,0.0007382926337648481,STRESS,SPY,
2018-11-05 00:00:00,0.0023548444281460412,1,247.3656,247.2205,-0.0010865811576064584,STRESS,SPY,
2018-11-07 00:00:00,0.008905269097834623,1,252.0274,252.4174,0.0010474507930486325,STRESS,SPY,
2018-11-08 00:00:00,-0.002776462941637803,-1,254.2314,254.4944,-0.001534490625469564,STRESS,SPY,
2018-11-09 00:00:00,-0.005027731548700953,-1,253.0433,252.7122,0.0008084717121535361,STRESS,SPY,
2018-11-12 00:00:00,-0.0024473960650379656,-1,250.7486,250.4403,0.0007295183303117074,STRESS,SPY,
2018-11-13 00:00:00,0.002091941009691345,1,248.454,248.5175,-0.0002444194901268233,STRESS,SPY,
2018-11-14 00:00:00,0.007645424153866598,1,248.5084,248.4223,-0.0008464671616734139,STRESS,SPY,
2018-11-15 00:00:00,-0.005034131608215975,-1,243.5927,243.901,-0.0017656372707391395,STRESS,SPY,
2018-11-16 00:00:00,-0.0045780589950561446,-1,246.3861,246.105,0.0006408922824786005,STRESS,SPY,
2018-11-19 00:00:00,-0.0022654286244944144,-1,247.4382,247.6468,-0.0013430387870588252,STRESS,SPY,
2018-11-20 00:00:00,-0.013859663785672383,-1,240.7629,241.0533,-0.0017061659001449954,STRESS,SPY,
2018-11-21 00:00:00,0.006282859291495413,1,241.1892,240.9363,-0.0015485544128842062,STRESS,SPY,
2018-11-23 00:00:00,-0.00712992680812552,-1,239.0669,239.203,-0.0010692967115062952,STRESS,SPY,
2018-11-26 00:00:00,0.010801023493211659,1,241.3071,241.3706,-0.0002368498481808974,STRESS,SPY,
2018-11-27 00:00:00,-0.004187538054942541,-1,241.942,241.4205,0.001655475279199126,STRESS,SPY,
2018-11-28 00:00:00,0.004695634309193508,1,244.3908,244.6629,0.000613380700091815,STRESS,SPY,
2018-11-29 00:00:00,-0.0028415024856117688,-1,248.1547,248.4676,-0.001760907006798595,STRESS,SPY,
2018-12-03 00:00:00,0.016318365868374318,1,253.9366,253.8051,-0.0010178457930049563,STRESS,SPY,
2018-12-04 00:00:00,-0.0030799374061951657,-1,252.4174,252.744,-0.0017938886146518502,STRESS,SPY,
2018-12-06 00:00:00,-0.016895546723733723,-1,241.3343,242.205,-0.00410785847681,STRESS,SPY,
2018-12-11 00:00:00,0.01355677164292457,1,242.5859,242.3365,-0.001528089431413859,STRESS,SPY,
2018-12-12 00:00:00,0.012798492320487131,1,242.3139,242.3637,-0.000294481455665629,STRESS,SPY,
2018-12-13 00:00:00,0.003766481470945937,1,241.679,242.0871,0.0011886034781673498,STRESS,SPY,
2018-12-14 00:00:00,-0.009081719269423916,-1,238.3504,238.5499,-0.0013370030006243923,STRESS,SPY,
2018-12-17 00:00:00,-0.0040693266987026355,-1,234.8858,234.2872,0.002048472491738396,STRESS,SPY,
2018-12-18 00:00:00,0.007481967779553456,1,233.2805,233.0991,-0.0012776046433370931,STRESS,SPY,
2018-12-20 00:00:00,-0.005334249807751101,-1,227.3943,227.3421,-0.000270442794740255,STRESS,SPY,
2018-12-21 00:00:00,0.00384769753565406,1,225.1191,225.4019,0.0007562239276898701,STRESS,SPY,
2018-12-24 00:00:00,-0.0068966553612217485,-1,218.769,218.3037,0.0016269009777437064,STRESS,SPY,
2018-12-26 00:00:00,0.012442692557474544,1,216.2964,216.7617,0.0016512147220201783,STRESS,SPY,
2018-12-27 00:00:00,-0.01372231038571936,-1,221.7433,221.8619,-0.0010348526877699822,STRESS,SPY,
2018-12-28 00:00:00,0.005681381550879383,1,227.0624,226.8982,-0.001223149231224518,STRESS,SPY,
2018-12-31 00:00:00,0.007062066305668413,1,228.1299,228.0113,-0.0010198792442375755,STRESS,SPY,
2019-01-02 00:00:00,-0.01655193689475465,-1,224.7085,224.9366,-0.001515092887006963,STRESS,SPY,
2019-01-03 00:00:00,-0.007991482525776306,-1,226.3417,225.7486,0.0021203744162034415,STRESS,SPY,
2019-01-04 00:00:00,0.01417271787725305,1,225.7851,226.2778,0.001682163482001398,STRESS,SPY,
2019-01-08 00:00:00,0.009949247330366395,1,234.4709,234.179,-0.001744930607593564,STRESS,SPY,
2019-01-09 00:00:00,0.003350168148893218,1,235.0913,235.064,-0.0006161250969303751,STRESS,SPY,
2019-01-10 00:00:00,-0.006126667088853566,-1,233.5768,233.7136,-0.0010856746046697392,STRESS,SPY,
2019-01-11 00:00:00,-0.004942685921048184,-1,235.1369,234.8906,0.0005474748965390024,STRESS,SPY,
2019-01-14 00:00:00,-0.007917952000379258,-1,234.0695,234.3614,-0.0017470655083212101,STRESS,SPY,
2019-01-17 00:00:00,-0.003602091531598739,-1,237.646,237.7098,-0.0007684665426728739,STRESS,SPY,
2019-01-18 00:00:00,0.007605361429714463,1,241.5509,241.3685,-0.0012551203493756376,STRESS,SPY,
2019-01-22 00:00:00,-0.00600556372405836,-1,241.4414,241.5874,-0.0011047015963295266,STRESS,SPY,
2019-01-23 00:00:00,0.004107709187195496,1,241.0765,241.0947,-0.00042450529188880993,STRESS,SPY,
2019-01-25 00:00:00,0.007548644603359245,1,242.0345,242.0254,-0.0005375979457474252,STRESS,SPY,
2019-01-28 00:00:00,-0.009141655039104801,-1,240.009,239.7536,0.0005641267619130312,STRESS,SPY,
2019-01-30 00:00:00,0.006339594568843365,1,241.8246,241.9524,2.8482213968395332e-05,STRESS,SPY,
2019-02-07 00:00:00,-0.00663612884714837,-1,247.1438,246.9066,0.0004597651245955019,STRESS,SPY,
2019-02-08 00:00:00,-0.005329510429825102,-1,245.5654,245.6703,-0.0009271774443793675,STRESS,SPY,
2019-02-11 00:00:00,0.002624519830785932,1,247.5087,247.4357,-0.000794939127392313,STRESS,SPY,
2019-02-12 00:00:00,0.0065027152014836,1,248.6036,248.9047,0.0007111650836914567,STRESS,SPY,
2019-02-13 00:00:00,0.0033194735383741403,1,251.2449,251.5688,0.0007891803972936433,STRESS,SPY,
2019-02-14 00:00:00,-0.004363761013534084,-1,249.4795,249.516,-0.0006463046061900286,STRESS,SPY,
2019-02-15 00:00:00,0.007143168152063728,1,252.0569,252.3169,0.0005315131226321661,STRESS,SPY,
2019-02-19 00:00:00,-0.0032443863344598922,-1,252.6363,252.8096,-0.0011859663476703748,STRESS,SPY,
2019-02-21 00:00:00,-0.002549979078205089,-1,253.3844,253.2476,3.9891169306416775e-05,STRESS,SPY,
2019-02-22 00:00:00,0.0023425106025267706,1,253.8406,253.6763,-0.0011472565854319656,STRESS,SPY,
2019-02-25 00:00:00,0.0056602343798772825,1,256.2401,256.3131,-0.00021511094477394367,STRESS,SPY,
2019-02-27 00:00:00,-0.002828191671980118,-1,254.3698,254.6161,-0.0014682753219917295,STRESS,SPY,
2019-03-01 00:00:00,0.006821242138946415,1,256.0212,256.0942,-0.0002148673625466664,STRESS,SPY,
2019-03-04 00:00:00,0.003957224308228202,1,256.9153,257.0248,-7.378949404707137e-05,STRESS,SPY,
2019-03-08 00:00:00,-0.007815893006417385,-1,248.7222,249.1693,-0.002297587830921321,STRESS,SPY,
2019-03-11 00:00:00,0.0026773729645217514,1,251.5505,251.7253,0.0001948902904189147,STRESS,SPY,
2019-03-13 00:00:00,0.00372185224219157,1,255.9026,255.9482,-0.00032180720320923407,STRESS,SPY,
2019-03-15 00:00:00,0.0020615832210746365,1,257.0335,257.0426,-0.00046459605459997456,STRESS,SPY,
2019-03-19 00:00:00,0.00396599975422629,1,259.7643,259.92,9.938952350280238e-05,STRESS,SPY,
2019-03-21 00:00:00,-0.003196678895988514,-1,257.6291,258.0231,-0.0020293303435055528,STRESS,SPY,
2019-03-22 00:00:00,-0.0050934606129864335,-1,259.8834,259.9567,-0.000782049565305087,STRESS,SPY,
2019-03-26 00:00:00,0.007024368037619633,1,257.7574,258.0506,0.0006375037147332012,STRESS,SPY,
2019-03-28 00:00:00,0.00225219338199234,1,256.6944,256.8502,0.00010694740516353817,STRESS,SPY,
2019-03-29 00:00:00,0.0057341802850534584,1,258.628,258.4172,-0.001315070294013065,STRESS,SPY,
2019-04-01 00:00:00,0.007395400433924282,1,260.9739,260.7814,-0.0012376216548857784,STRESS,SPY,
2019-04-03 00:00:00,0.004685489520896535,1,262.9487,262.9346,-0.0005536226267708884,STRESS,SPY,
2019-04-05 00:00:00,0.0024369236100056924,1,263.8055,263.668,-0.001021217336257207,STRESS,SPY,
2019-04-09 00:00:00,-0.003774309230375694,-1,263.2373,263.274,-0.0006394179320330924,STRESS,SPY,
2019-04-12 00:00:00,0.006141003808028289,1,265.6474,265.9773,0.0007418717442745919,STRESS,SPY,
2019-04-16 00:00:00,0.0033103910227705313,1,266.5088,266.6004,-0.00015629652754439683,STRESS,SPY,
2019-04-17 00:00:00,0.004204381055314732,1,266.4721,266.353,-0.0009469511067012322,STRESS,SPY,
2019-04-18 00:00:00,0.0021415778614908287,1,265.6932,265.6382,-0.0007070056742137227,STRESS,SPY,
2019-04-22 00:00:00,-0.0029307681743184766,-1,265.0242,265.2167,-0.0012263487636224308,STRESS,SPY,
2019-05-01 00:00:00,0.0025513556373712998,1,269.991,270.0551,-0.00026258467874856707,STRESS,SPY,
2019-05-03 00:00:00,0.0053212294688886885,1,268.4057,268.4698,-0.0002611824190022478,STRESS,SPY,
2019-05-06 00:00:00,-0.01622338846165272,-1,266.0414,266.3072,-0.0014990926224265895,STRESS,SPY,
2019-05-07 00:00:00,-0.009287639607091669,-1,266.2934,266.4411,-0.001054651373259718,STRESS,SPY,
2019-05-09 00:00:00,-0.008067937651463741,-1,261.5237,261.4609,-0.0002598687996536171,STRESS,SPY,
2019-05-10 00:00:00,-0.003940708604482812,-1,261.7436,262.101,-0.0018654584104443313,STRESS,SPY,
2019-05-13 00:00:00,-0.019443133088676068,-1,259.3885,259.6176,-0.0013832311378490498,STRESS,SPY,
2019-05-14 00:00:00,0.0037725633311349593,1,258.6738,258.8845,0.00031453939285691667,STRESS,SPY,
2019-05-15 00:00:00,-0.006141290113851894,-1,258.2339,258.4584,-0.0013693668801809107,STRESS,SPY,
2019-05-16 00:00:00,0.002736377163730541,1,262.2476,262.55,0.0006531087415099783,STRESS,SPY,
2019-05-17 00:00:00,-0.008657072484486328,-1,261.8627,262.2385,-0.00193510320484741,STRESS,SPY,
2019-05-20 00:00:00,-0.006435717257463058,-1,260.3232,259.8147,0.0014533410775527393,STRESS,SPY,
2019-05-21 00:00:00,0.006550166319271522,1,262.0277,261.9819,-0.0006747906805272814,STRESS,SPY,
2019-05-22 00:00:00,-0.003630037820194554,-1,261.8169,261.6886,-9.962878637803218e-06,STRESS,SPY,
2019-05-23 00:00:00,-0.008612926457918224,-1,259.0037,258.7837,0.0003494087150104912,STRESS,SPY,
2019-05-24 00:00:00,0.00520790243427216,1,260.2774,260.1216,-0.001098592117486918,STRESS,SPY,
2019-05-29 00:00:00,-0.004603772203435219,-1,255.5031,254.8158,0.0021899869316653335,STRESS,SPY,
2019-05-30 00:00:00,0.0027663721123345475,1,256.0209,256.2545,0.0004124255090113831,STRESS,SPY,
2019-05-31 00:00:00,-0.010213367360945136,-1,252.7219,252.7357,-0.0005546054774042126,STRESS,SPY,
2019-06-04 00:00:00,0.00925054159544425,1,254.2569,253.7355,-0.0025506818104051305,STRESS,SPY,
2019-06-05 00:00:00,0.00645216505031887,1,258.2797,258.2889,-0.0004643797015405067,STRESS,SPY,
2019-06-07 00:00:00,0.0041793138337014035,1,262.1102,262.8066,0.0021568977475884825,STRESS,SPY,
2019-06-10 00:00:00,0.006014574901243019,1,265.4183,265.3908,-0.0006036100374389726,STRESS,SPY,
2019-06-11 00:00:00,0.007095032495294085,1,266.857,266.2797,-0.002663330922554163,STRESS,SPY,
2019-06-13 00:00:00,0.0036064974476368583,1,265.1479,265.377,0.00036404606636536484,STRESS,SPY,
2019-06-18 00:00:00,0.006737044507700629,1,266.7653,267.6176,0.002694943270357742,STRESS,SPY,
2019-06-20 00:00:00,0.01020320388049445,1,271.0448,271.1181,-0.00022956500180032436,STRESS,SPY,
2019-06-26 00:00:00,0.003301344401551054,1,268.7273,269.0865,0.0008366710416098382,STRESS,SPY,
2019-06-27 00:00:00,0.0028918590522477583,1,268.5984,268.2209,-0.0019054439639255012,STRESS,SPY,
2019-06-28 00:00:00,0.0035673803538176507,1,269.51,269.464,-0.0006706801231864397,STRESS,SPY,
2019-07-01 00:00:00,0.012283309816569332,1,273.1842,273.2763,-0.00016286483625332871,STRESS,SPY,
2019-07-03 00:00:00,0.00242865327329711,1,273.5387,273.6998,8.894774304318885e-05,STRESS,SPY,
2019-07-05 00:00:00,-0.004251615668485309,-1,273.7367,273.6538,-0.0001971542361693386,STRESS,SPY,
2019-07-08 00:00:00,-0.004524634891701518,-1,273.2809,273.0737,0.00025819422433109905,STRESS,SPY,
2019-07-09 00:00:00,-0.004446532052527319,-1,272.512,272.512,-0.0005,STRESS,SPY,
2019-07-10 00:00:00,0.003734005534701268,1,275.0719,275.1409,-0.00024915649326612234,STRESS,SPY,
2019-07-11 00:00:00,0.0023777087441347877,1,275.5415,275.6428,-0.00013236027966728693,STRESS,SPY,
2019-07-19 00:00:00,0.003915090431539481,1,276.0111,276.048,-0.00036630972450019074,STRESS,SPY,
2019-07-23 00:00:00,0.004094990362155437,1,275.2929,275.0765,-0.0012860718529245636,STRESS,SPY,
2019-07-24 00:00:00,-0.0026001606726966386,-1,275.652,275.8546,-0.0012349846908422109,STRESS,SPY,
2019-07-26 00:00:00,0.002633016572473501,1,277.1115,277.1944,-0.00020084244067813907,STRESS,SPY,
2019-07-30 00:00:00,-0.005240741261048676,-1,275.9237,276.2782,-0.0017847754651015286,STRESS,SPY,
2019-08-02 00:00:00,-0.003493092441920309,-1,270.4585,270.6841,-0.0013341390638488822,STRESS,SPY,
2019-08-05 00:00:00,-0.015951632090516088,-1,265.0624,265.1099,-0.0006792030857636906,STRESS,SPY,
2019-08-06 00:00:00,0.006583726496249387,1,263.6904,263.7272,-0.0003604423975996358,STRESS,SPY,
2019-08-07 00:00:00,-0.011675969579080125,-1,261.2778,261.95,-0.0030727405849251817,STRESS,SPY,
2019-08-08 00:00:00,0.00548546496941138,1,266.6002,266.766,0.00012190500982395313,STRESS,SPY,
2019-08-09 00:00:00,-0.003304339590812333,-1,269.6758,269.7771,-0.0008756362269067282,STRESS,SPY,
2019-08-12 00:00:00,-0.005589812976455333,-1,266.6647,266.5818,-0.00018912270727994241,STRESS,SPY,
2019-08-14 00:00:00,-0.014909399071152185,-1,265.4123,265.8681,-0.0022173280967008875,STRESS,SPY,
2019-08-15 00:00:00,0.003451606178772826,1,262.3552,261.4896,-0.0037993437904033085,STRESS,SPY,
2019-08-16 00:00:00,0.006287559230768736,1,264.4547,264.4639,-0.0004652114331867292,STRESS,SPY,
2019-08-19 00:00:00,0.01145819744761023,1,269.068,269.0957,-0.0003970520463226208,STRESS,SPY,
2019-08-21 00:00:00,0.008343685718800176,1,269.1279,269.1636,-0.0003673493160687986,STRESS,SPY,
2019-08-22 00:00:00,0.002735816054527662,1,270.2835,270.4806,0.00022923430398064147,STRESS,SPY,
2019-08-23 00:00:00,-0.004754999920124625,-1,267.8065,267.7881,-0.00043129367659094876,STRESS,SPY,
2019-08-26 00:00:00,0.008637128135829952,1,264.5836,264.5007,-0.000813322518856074,STRESS,SPY,
2019-08-27 00:00:00,0.005451914581014794,1,266.5173,266.5357,-0.00043096132971470703,STRESS,SPY,
2019-08-28 00:00:00,-0.002440442747652427,-1,262.9629,263.1471,-0.0012004790409599338,STRESS,SPY,
2019-08-29 00:00:00,0.01000583535866384,1,269.1924,268.9667,-0.0013384337745048764,STRESS,SPY,
2019-08-30 00:00:00,0.005674101102637552,1,270.744,270.6979,-0.0006702715480307315,STRESS,SPY,
2019-09-03 00:00:00,-0.006462501044345315,-1,267.6039,267.917,-0.0016700128436094026,STRESS,SPY,
2019-09-04 00:00:00,0.008150850491053019,1,269.9244,269.8139,-0.0009093738839467953,STRESS,SPY,
2019-09-05 00:00:00,0.00959298169657008,1,273.3407,273.5341,0.0002075419064925814,STRESS,SPY,
2019-09-09 00:00:00,0.0036233032502615004,1,275.0627,274.989,-0.0007679389099286,STRESS,SPY,
2019-09-10 00:00:00,-0.0026498195208836117,-1,273.3683,273.1473,0.0003084331650743959,STRESS,SPY,
2019-09-12 00:00:00,0.0031969031989282914,1,277.7331,277.5627,-0.001113538681561443,STRESS,SPY,
2019-09-16 00:00:00,-0.004019228230262573,-1,276.3334,276.2966,-0.0003668275351442203,STRESS,SPY,
2019-09-20 00:00:00,0.0023028093263777194,1,277.9853,278.1056,-6.724330387269896e-05,STRESS,SPY,
2019-09-24 00:00:00,0.003889631876714761,1,276.7919,277.1342,0.0007366691366330063,STRESS,SPY,
2019-09-27 00:00:00,0.002895945785099441,1,275.1498,275.0573,-0.0008361805096715465,STRESS,SPY,
2019-09-30 00:00:00,0.0020315510751556243,1,274.1091,273.9518,-0.0010738590947911293,STRESS,SPY,
2019-10-01 00:00:00,0.0030655565889801117,1,275.7142,275.8113,-0.00014782372471194806,STRESS,SPY,
2019-10-02 00:00:00,-0.005797961662743489,-1,268.8822,268.3734,0.0013922784773406365,STRESS,SPY,
2019-10-04 00:00:00,0.0026516696994154376,1,269.8629,269.9276,-0.0002602486299526081,STRESS,SPY,
2019-10-07 00:00:00,-0.003057392014500393,-1,271.528,271.2135,0.0006582599216287681,STRESS,SPY,
2019-10-08 00:00:00,-0.007062303159043881,-1,269.021,268.4243,0.001718042457652003,STRESS,SPY,
2019-10-09 00:00:00,0.007624199490895878,1,268.6417,269.095,0.0011873776483696812,STRESS,SPY,
2019-10-11 00:00:00,0.010264366888173448,1,274.4329,274.3866,-0.0006687115502552183,STRESS,SPY,
2019-10-15 00:00:00,0.003648470206046639,1,274.9232,275.0157,-0.00016354240020494083,STRESS,SPY,
2019-10-17 00:00:00,0.004222253696736011,1,277.236,277.1434,-0.0008340114559436946,STRESS,SPY,
2019-10-21 00:00:00,0.004832344385342635,1,276.9307,277.1434,0.00026806219028791033,STRESS,SPY,
2019-10-24 00:00:00,0.0035014104054578166,1,278.1888,277.9853,-0.0012315175880553415,STRESS,SPY,
2019-10-25 00:00:00,-0.0022632371487530945,-1,277.6337,277.8003,-0.0011000712449534262,STRESS,SPY,
2019-10-28 00:00:00,0.004309634286713715,1,280.5987,280.7606,7.698057760058318e-05,STRESS,SPY,
2019-11-01 00:00:00,0.0054411405115277756,1,281.954,282.0743,-7.333465742648216e-05,STRESS,SPY,
2019-11-04 00:00:00,0.005454562785901285,1,284.7293,284.6831,-0.000662259381103369,STRESS,SPY,
2019-11-07 00:00:00,0.00468858002401662,1,285.4694,285.7978,0.0006503859958370555,STRESS,SPY,
2019-11-11 00:00:00,-0.00501661475939208,-1,284.6091,284.5628,-0.0003373207321901157,STRESS,SPY,
2019-11-13 00:00:00,-0.003333771864756807,-1,285.1641,285.215,-0.0006784937164248657,STRESS,SPY,
2019-11-15 00:00:00,0.0047812401889586464,1,287.2826,287.3011,-0.0004356034789437242,STRESS,SPY,
2019-11-19 00:00:00,0.002179652419757261,1,288.9756,288.9478,-0.000596201893862391,STRESS,SPY,
2019-11-22 00:00:00,0.0025782847874229464,1,287.6156,287.7637,1.4923390803501125e-05,STRESS,SPY,
2019-11-25 00:00:00,0.003151109353157322,1,288.9015,288.9848,-0.00021166643302300515,STRESS,SPY,
2019-12-03 00:00:00,-0.009467042619383914,-1,285.4787,285.0253,0.001088209558191167,STRESS,SPY,
2019-12-04 00:00:00,0.003942468669302368,1,287.3659,287.8701,0.0012545575170887506,STRESS,SPY,
2019-12-05 00:00:00,0.002472036454121751,1,288.5038,288.3835,-0.0009169789098098509,STRESS,SPY,
2019-12-06 00:00:00,0.0066016490092677405,1,290.8073,290.7425,-0.0007228279688989421,STRESS,SPY,
2019-12-16 00:00:00,0.0059883932081801206,1,295.6456,295.3218,-0.001595230235119371,STRESS,SPY,
2019-12-20 00:00:00,0.003485967205163254,1,298.1526,298.1247,-0.000593576242501281,STRESS,SPY,
2019-12-27 00:00:00,0.0025703849414620006,1,300.8206,300.6998,-0.0009015682436642187,STRESS,SPY,
2020-01-02 00:00:00,0.005125982404770246,1,300.8996,301.0623,4.071191852678168e-05,STRESS,SPY,
2020-01-03 00:00:00,-0.011390387595051066,-1,299.9189,299.7237,0.00015084261111925111,STRESS,SPY,
2020-01-06 00:00:00,-0.006047342548744616,-1,298.5244,298.6267,-0.0008426855560215714,STRESS,SPY,
2020-01-07 00:00:00,-0.0020083417803551384,-1,300.393,299.9561,0.000954428032610533,STRESS,SPY,
2020-01-09 00:00:00,0.005332697596290625,1,303.3678,303.2284,-0.0009595082273067819,STRESS,SPY,
2020-01-10 00:00:00,0.002051460063878796,1,303.8977,303.7118,-0.001111719009390388,STRESS,SPY,
2020-01-13 00:00:00,0.002149400509475319,1,303.1819,303.2842,-0.00016257880170283913,STRESS,SPY,
2020-01-16 00:00:00,0.004662409617465446,1,306.6355,306.6122,-0.0005759859833581178,STRESS,SPY,
2020-01-17 00:00:00,0.0023873897449517845,1,308.0718,307.9695,-0.0008320654470808648,STRESS,SPY,
2020-01-21 00:00:00,-0.003342965662189279,-1,308.109,307.8765,0.00025460307878039145,STRESS,SPY,
2020-01-22 00:00:00,0.0028071665540032598,1,308.9735,309.2031,0.00024310580033554173,STRESS,SPY,
2020-01-23 00:00:00,-0.0022932965626843993,-1,306.5937,306.5379,-0.00031800017417177263,STRESS,SPY,
2020-01-24 00:00:00,0.0021102662768228697,1,308.7039,308.7876,-0.00022886639916103136,STRESS,SPY,
2020-01-27 00:00:00,-0.017399199980367652,-1,300.9973,301.1925,-0.0011485108005951368,STRESS,SPY,
2020-01-28 00:00:00,0.004760345197344806,1,302.1035,301.8618,-0.0013000569341301,STRESS,SPY,
2020-01-29 00:00:00,0.0045582523057807744,1,305.1713,304.9436,-0.0012461383164143465,STRESS,SPY,
2020-01-30 00:00:00,-0.00691943746060264,-1,302.4103,302.7821,-0.0017294554782030787,STRESS,SPY,
2020-01-31 00:00:00,-0.00201408910317058,-1,303.5259,303.6002,-0.0007447896538648742,STRESS,SPY,
2020-02-03 00:00:00,0.005003998651959662,1,301.0623,301.383,0.0005652280275544879,STRESS,SPY,
2020-02-04 00:00:00,0.012124504574523964,1,304.9621,304.7065,-0.0013381369357045587,STRESS,SPY,
2020-02-05 00:00:00,0.00969390139979076,1,308.6296,308.3321,-0.0014639386500839287,STRESS,SPY,
2020-02-06 00:00:00,0.0033050938393257567,1,309.9589,309.6707,-0.0014298006929305824,STRESS,SPY,
2020-02-07 00:00:00,-0.003413312272173341,-1,308.7132,309.1316,-0.0018553032393820441,STRESS,SPY,
2020-02-10 00:00:00,-0.002920102271579128,-1,308.6853,308.8155,-0.0009217887926636355,STRESS,SPY,
2020-02-11 00:00:00,0.004421809374313135,1,312.1017,312.0227,-0.0007531226199665726,STRESS,SPY,
2020-02-12 00:00:00,0.004592916078222098,1,313.4451,313.4637,-0.00044065946476751173,STRESS,SPY,
2020-02-13 00:00:00,-0.004587650262283582,-1,312.7571,312.7199,-0.00038105785608072386,STRESS,SPY,
2020-02-18 00:00:00,-0.0031990334075951976,-1,313.2127,312.9152,0.0004498337711081328,STRESS,SPY,
2020-02-19 00:00:00,0.00317787303267858,1,314.0028,314.1953,0.00011305185813620432,STRESS,SPY,
2020-02-21 00:00:00,-0.004480822195918721,-1,311.7531,311.2697,0.0010505860246458614,STRESS,SPY,
2020-02-24 00:00:00,-0.03103533919954571,-1,301.5271,302.2987,-0.003058973969503775,STRESS,SPY,
2020-02-25 00:00:00,0.00471434190889819,1,300.5324,300.9694,0.0009540861484486633,STRESS,SPY,
2020-02-26 00:00:00,0.004796748778538529,1,292.4911,293.7182,0.0036953413283344343,STRESS,SPY,
2020-02-27 00:00:00,-0.019547502000843764,-1,283.3621,285.1284,-0.006733367129901968,STRESS,SPY,
2020-02-28 00:00:00,-0.02974264757717382,-1,271.0258,271.6952,-0.002969875561662338,STRESS,SPY,
2020-03-02 00:00:00,0.006888330590471448,1,276.4363,275.1487,-0.0051578542687772955,STRESS,SPY,
2020-03-04 00:00:00,0.01924488891021925,1,284.9796,283.3063,-0.006371648356584048,STRESS,SPY,
2020-03-05 00:00:00,-0.02534273017383426,-1,284.3196,284.3382,-0.0005654193379563406,STRESS,SPY,
2020-03-06 00:00:00,-0.030649636285197235,-1,272.727,273.6846,-0.004011203511203487,STRESS,SPY,
2020-03-10 00:00:00,0.037244616547996934,1,264.5927,263.189,-0.005805135024511132,STRESS,SPY,
2020-03-11 00:00:00,-0.02683372621939184,-1,261.6458,260.5209,0.0037993237422500607,STRESS,SPY,
2020-03-13 00:00:00,0.060419046793197095,1,242.9322,240.887,-0.008918809857235865,STRESS,SPY,
2020-03-17 00:00:00,0.023516392370910078,1,227.5518,224.5534,-0.013676779968341213,STRESS,SPY,
2020-03-18 00:00:00,-0.070576913880812,-1,223.5958,222.2479,0.00552828854567039,STRESS,SPY,
2020-03-19 00:00:00,-0.007302788556554418,-1,219.1336,217.9529,0.004888037252160304,STRESS,SPY,
2020-03-20 00:00:00,0.011859095020848365,1,226.8962,224.3802,-0.011588770988672337,STRESS,SPY,
2020-03-23 00:00:00,-0.0032759233410589728,-1,212.3703,208.18,0.019231101759520863,STRESS,SPY,
2020-03-24 00:00:00,0.05352583414294765,1,221.3787,220.9194,-0.0025747253462054527,STRESS,SPY,
2020-03-25 00:00:00,0.005254982753315929,1,230.7031,233.0415,0.009635971298175006,STRESS,SPY,
2020-03-26 00:00:00,0.011143975291066033,1,234.6503,235.7353,0.004123902036349436,STRESS,SPY,
2020-03-27 00:00:00,-0.030988166801027894,-1,237.1009,236.998,-6.600755205904375e-05,STRESS,SPY,
2020-03-30 00:00:00,0.009116596830561763,1,240.0191,238.3262,-0.007553188683733947,STRESS,SPY,
2020-03-31 00:00:00,-0.004203278868023741,-1,243.4706,243.0777,0.0011137472039745582,STRESS,SPY,
2020-04-01 00:00:00,-0.03771842446876783,-1,232.2838,232.9105,-0.0031979927140851068,STRESS,SPY,
2020-04-02 00:00:00,-0.003738368097637168,-1,231.1146,231.0866,-0.0003788479827757092,STRESS,SPY,
2020-04-03 00:00:00,-0.004406890743746561,-1,235.2863,235.8381,-0.0028452279201976456,STRESS,SPY,
2020-04-06 00:00:00,0.03879787493399012,1,240.44,240.5149,-0.0001884877724172558,STRESS,SPY,
2020-04-07 00:00:00,0.03491072282413743,1,255.9948,254.4235,-0.006638015303435829,STRESS,SPY,
2020-04-08 00:00:00,0.01071300958782917,1,250.5735,250.5792,-0.00047725218349109434,STRESS,SPY,
2020-04-09 00:00:00,0.012806694589395873,1,259.2218,260.3723,0.003938284125795055,STRESS,SPY,
2020-04-13 00:00:00,-0.003917760835993822,-1,258.221,258.7713,-0.002631120241963158,STRESS,SPY,
2020-04-14 00:00:00,0.01948685041083853,1,263.0848,263.2251,3.3288126109976435e-05,STRESS,SPY,
2020-04-15 00:00:00,-0.022193330965622815,-1,259.624,260.1758,-0.002625381320678965,STRESS,SPY,
2020-04-16 00:00:00,0.00504017823462144,1,260.8025,260.2507,-0.00261577726440515,STRESS,SPY,
2020-04-17 00:00:00,0.022062123312324156,1,266.2182,266.5549,0.0007647519966701992,STRESS,SPY,
2020-04-20 00:00:00,-0.014369193987288198,-1,264.1511,264.7871,-0.002907712858284672,STRESS,SPY,
2020-04-21 00:00:00,-0.01732897296460023,-1,258.7635,257.6598,0.003765284709783268,STRESS,SPY,
2020-04-22 00:00:00,0.019522399421697756,1,260.0449,260.3723,0.0007590133473104892,STRESS,SPY,
2020-04-23 00:00:00,0.004728468274225905,1,263.3747,263.7676,0.0009917909730889356,STRESS,SPY,
2020-04-24 00:00:00,0.006019898267435542,1,262.4581,262.43,-0.000607064708614435,STRESS,SPY,
2020-04-27 00:00:00,0.007242947144805667,1,266.6671,267.0039,0.0007629979476281861,STRESS,SPY,
2020-04-28 00:00:00,0.013618462601732828,1,271.7835,271.7461,-0.0006376095311157455,STRESS,SPY,
2020-04-29 00:00:00,0.020191265192084806,1,272.2231,271.8583,-0.0018400773115874731,STRESS,SPY,
2020-04-30 00:00:00,-0.005047876978100052,-1,271.6993,271.4281,0.000498162306638295,STRESS,SPY,
2020-05-01 00:00:00,-0.01749350459528931,-1,267.4528,266.3491,0.0036267094605104138,STRESS,SPY,
2020-05-04 00:00:00,-0.0070561436095387675,-1,261.8595,261.3731,0.0013574846434824543,STRESS,SPY,
2020-05-05 00:00:00,0.01050579639243443,1,268.6594,268.4162,-0.0014052354021485964,STRESS,SPY,
2020-05-06 00:00:00,0.006323896297065534,1,269.4264,269.1552,-0.0015065828738387017,STRESS,SPY,
2020-05-07 00:00:00,0.012170682130574706,1,269.5012,269.548,-0.0003263458567160367,STRESS,SPY,
2020-05-08 00:00:00,0.011748464319822682,1,271.8396,271.3719,-0.0022204998830193663,STRESS,SPY,
2020-05-11 00:00:00,-0.007282481468457225,-1,271.3626,272.0173,-0.0029126390298442324,STRESS,SPY,
2020-05-12 00:00:00,0.004170004326777166,1,274.5895,274.2622,-0.001691961091010274,STRESS,SPY,
2020-05-14 00:00:00,-0.00969221385195207,-1,260.7464,260.578,0.00014583825510156067,STRESS,SPY,
2020-05-15 00:00:00,-0.009401756204701628,-1,263.6273,264.5907,-0.004154401497872329,STRESS,SPY,
2020-05-18 00:00:00,0.023719701918304192,1,274.2247,274.8514,0.0017853521218184625,STRESS,SPY,
2020-05-19 00:00:00,-0.0022205518653068967,-1,274.9543,275.3565,-0.0019627885434050914,STRESS,SPY,
2020-05-20 00:00:00,0.013013121124464844,1,276.5912,277.1337,0.0014613783808014595,STRESS,SPY,
2020-05-26 00:00:00,0.022036415039235147,1,281.8946,281.5391,-0.001761109648783676,STRESS,SPY,
2020-05-27 00:00:00,0.00986101938180628,1,282.091,281.7356,-0.0017598771318476088,STRESS,SPY,
2020-05-28 00:00:00,0.003855437985364585,1,284.3124,283.7466,-0.0024900644502316434,STRESS,SPY,
2020-06-02 00:00:00,0.003174342162807209,1,286.5058,286.2065,-0.0015446559895123109,STRESS,SPY,
2020-06-03 00:00:00,0.0068152120585049936,1,290.5933,290.135,-0.002077118261157473,STRESS,SPY,
2020-06-04 00:00:00,-0.003528795381233185,-1,291.061,291.089,-0.0005961997656849789,STRESS,SPY,
2020-06-05 00:00:00,0.019144687903741575,1,297.1314,297.281,3.4809515251925556e-06,STRESS,SPY,
2020-06-08 00:00:00,0.002975609445734939,1,300.0777,300.1338,-0.0003130484204590385,STRESS,SPY,
2020-06-09 00:00:00,-0.009156919152798038,-1,299.3855,299.4417,-0.0006877178420466308,STRESS,SPY,
2020-06-11 00:00:00,-0.023666763074648323,-1,291.22,290.2897,0.0026944921365292256,STRESS,SPY,
2020-06-12 00:00:00,0.025347841997953813,1,287.9182,288.4046,0.0011893687165313587,STRESS,SPY,
2020-06-15 00:00:00,-0.020573274524774643,-1,277.8726,279.4253,-0.006087812544309845,STRESS,SPY,
2020-06-16 00:00:00,0.027489098274144474,1,294.0915,294.316,0.0002633678634029195,STRESS,SPY,
2020-06-17 00:00:00,0.003611233155835114,1,293.3058,292.6043,-0.0028917017665520124,STRESS,SPY,
2020-06-18 00:00:00,-0.004991139826035829,-1,290.0227,290.5091,-0.0021771101020713886,STRESS,SPY,
2020-06-19 00:00:00,0.012256125833719933,1,294.8484,294.9236,-0.0002449536778901802,STRESS,SPY,
2020-06-23 00:00:00,0.009044479626366675,1,294.1579,294.6136,0.0010491679808703473,STRESS,SPY,
2020-06-24 00:00:00,-0.007018639049217512,-1,290.7898,291.4663,-0.002826422728720079,STRESS,SPY,
2020-06-25 00:00:00,-0.002104182956118028,-1,285.1623,285.0872,-0.0002366412039739858,STRESS,SPY,
2020-06-26 00:00:00,-0.003742116755151126,-1,287.3513,287.2198,-4.237200249329566e-05,STRESS,SPY,
2020-06-29 00:00:00,0.004699929360916677,1,282.372,281.5829,-0.0032945405351805786,STRESS,SPY,
2020-07-01 00:00:00,0.0032083775875113574,1,291.8327,291.3348,-0.0022061144964221065,STRESS,SPY,
2020-07-02 00:00:00,0.01178471315182228,1,295.9946,295.8349,-0.001039536869929358,STRESS,SPY,
2020-07-06 00:00:00,0.013421578518655108,1,297.2723,296.8214,-0.002016791170923071,STRESS,SPY,
2020-07-07 00:00:00,-0.005079114784770411,-1,296.5489,296.051,0.0011789811056456827,STRESS,SPY,
2020-07-08 00:00:00,0.002836778849660826,1,296.1543,296.314,3.924592687004668e-05,STRESS,SPY,
2020-07-09 00:00:00,0.002277513927213093,1,297.526,296.7556,-0.0030893535354892805,STRESS,SPY,
2020-07-13 00:00:00,0.007934239149194777,1,300.8048,300.5605,-0.0013121545932777696,STRESS,SPY,
2020-07-14 00:00:00,-0.004860026568866638,-1,295.0833,295.4967,-0.001900960338995727,STRESS,SPY,
2020-07-15 00:00:00,0.011038316007594418,1,302.7213,301.9979,-0.0028896567568915117,STRESS,SPY,
2020-07-16 00:00:00,-0.006446688656089994,-1,299.9123,300.5981,-0.0027866684694158313,STRESS,SPY,
2020-07-17 00:00:00,0.003241574974112149,1,302.0167,301.8758,-0.0009665304931813497,STRESS,SPY,
2020-07-21 00:00:00,0.006443699016643434,1,306.6014,306.4323,-0.0010515304235401697,STRESS,SPY,
2020-07-24 00:00:00,-0.00614681085364166,-1,301.4248,300.5135,0.002523307969350797,STRESS,SPY,
2020-07-27 00:00:00,0.0023997855651936018,1,301.6503,301.7443,-0.00018838088342693028,STRESS,SPY,
2020-07-28 00:00:00,-0.002320639529521995,-1,303.2193,302.9938,0.0002436861703722375,STRESS,SPY,
2020-07-29 00:00:00,0.002864167288843422,1,303.0877,302.8247,-0.0013677356421918914,STRESS,SPY,
2020-07-30 00:00:00,-0.009812790810748706,-1,302.7777,302.3361,0.0009584957875034554,STRESS,SPY,
2020-07-31 00:00:00,0.0059262461938374145,1,305.474,304.8728,-0.0024680889371926913,STRESS,SPY,
2020-08-03 00:00:00,0.005420332456184118,1,308.2267,307.9355,-0.0014447591658996446,STRESS,SPY,
2020-08-04 00:00:00,-0.0027377603721489008,-1,308.6636,308.3395,0.0005500104320690928,STRESS,SPY,
2020-08-05 00:00:00,0.004393817370334396,1,311.2519,311.5478,0.0004506769275946514,STRESS,SPY,
2020-08-07 00:00:00,-0.003081065092713664,-1,313.2812,312.9805,0.0004598405521940023,STRESS,SPY,
2020-08-11 00:00:00,0.003903951438358755,1,316.2828,316.5975,0.0004949956178458841,STRESS,SPY,
2020-08-12 00:00:00,0.007902010970324502,1,315.5782,315.4796,-0.0008124423676920118,STRESS,SPY,
2020-08-13 00:00:00,-0.0024006195554280296,-1,316.3063,316.8042,-0.0020741071233799087,STRESS,SPY,
2020-08-17 00:00:00,0.0031765502152774072,1,317.4994,317.5276,-0.0004111809345151425,STRESS,SPY,
2020-08-20 00:00:00,-0.005515546049790876,-1,315.5359,315.7708,-0.001244447779159163,STRESS,SPY,
2020-08-24 00:00:00,0.007895282303849616,1,321.1447,321.3326,8.509450724231192e-05,STRESS,SPY,
2020-08-27 00:00:00,0.002790879431742388,1,326.9507,326.4621,-0.00199441490720148,STRESS,SPY,
2020-08-28 00:00:00,0.0033305451452674273,1,327.8996,327.7211,-0.0010443739486111765,STRESS,SPY,
2020-09-01 00:00:00,0.002461841457410019,1,328.3975,328.6324,0.00021529168157513644,STRESS,SPY,
2020-09-02 00:00:00,0.0059850500550531205,1,332.5312,332.7473,0.00014986383232601418,STRESS,SPY,
2020-09-03 00:00:00,-0.0050881528886085325,-1,334.1049,334.5511,-0.0018355086980169073,STRESS,SPY,
2020-09-04 00:00:00,0.0020843862092767562,1,326.4434,325.4898,-0.0034211802107195206,STRESS,SPY,
2020-09-08 00:00:00,-0.017192135536264863,-1,315.6862,315.9869,-0.0014525281751308068,STRESS,SPY,
2020-09-09 00:00:00,0.012872840140622621,1,317.1143,316.3533,-0.0028997656365544184,STRESS,SPY,
2020-09-10 00:00:00,0.00606328510754528,1,321.4735,321.3138,-0.000996775006337935,STRESS,SPY,
2020-09-11 00:00:00,0.005689908588510484,1,314.7843,314.8971,-0.00014165938390170397,STRESS,SPY,
2020-09-14 00:00:00,0.010207300241251271,1,316.87,317.1706,0.0004486540221541606,STRESS,SPY,
2020-09-15 00:00:00,0.007978209793640945,1,320.6467,321.0037,0.0006133749388345659,STRESS,SPY,
2020-09-16 00:00:00,0.0040570610856025535,1,320.7407,320.891,-3.139716911509894e-05,STRESS,SPY,
2020-09-17 00:00:00,-0.015495398473299726,-1,313.6147,313.8918,-0.0013835682766143993,STRESS,SPY,
2020-09-18 00:00:00,0.0025854427340912256,1,315.8235,315.5877,-0.0012466195517433771,STRESS,SPY,
2020-09-21 00:00:00,-0.015089580559670468,-1,306.8622,305.9095,0.0026046508823829866,STRESS,SPY,
2020-09-22 00:00:00,0.004801002670069554,1,309.8996,310.0788,7.825179509740642e-05,STRESS,SPY,
2020-09-24 00:00:00,-0.004493983325803863,-1,302.1974,302.0137,0.00010788080903428908,STRESS,SPY,
2020-09-25 00:00:00,-0.002936360505508828,-1,304.5323,304.2964,0.0002746304743372345,STRESS,SPY,
2020-09-28 00:00:00,0.013781948424530732,1,314.6066,314.201,-0.0017892291515816945,STRESS,SPY,
2020-09-30 00:00:00,0.002135926850963754,1,315.2764,314.9556,-0.0015175198651088957,STRESS,SPY,
2020-10-01 00:00:00,0.008330895917930903,1,319.1533,318.9363,-0.0011799240365052972,STRESS,SPY,
2020-10-02 00:00:00,-0.01581478974426087,-1,314.0218,315.2764,-0.004495264023071155,STRESS,SPY,
2020-10-05 00:00:00,0.00655941128505777,1,317.6912,317.7384,-0.0003514280534052112,STRESS,SPY,
2020-10-07 00:00:00,0.009434520635007049,1,319.7193,319.4646,-0.0012966362994037413,STRESS,SPY,
2020-10-08 00:00:00,0.006221690948384095,1,323.2377,323.2755,-0.00038305819525380437,STRESS,SPY,
2020-10-09 00:00:00,0.00535317310515504,1,326.3506,326.011,-0.001540598669038606,STRESS,SPY,
2020-10-12 00:00:00,0.007871106053617849,1,329.5201,329.7842,0.0003014685598844995,STRESS,SPY,
2020-10-15 00:00:00,-0.01227130867555537,-1,324.7093,324.7093,-0.0005,STRESS,SPY,
2020-10-16 00:00:00,0.004172319192637719,1,329.2937,328.8598,-0.0018176686951495986,STRESS,SPY,
2020-10-19 00:00:00,0.003974066749178551,1,329.1899,329.3786,7.322536323245464e-05,STRESS,SPY,
2020-10-20 00:00:00,0.004210156324099268,1,323.9924,324.0584,-0.00029629151794902065,STRESS,SPY,
2020-10-23 00:00:00,0.0037722256161898393,1,325.9639,325.8507,-0.0008472777200175248,STRESS,SPY,
2020-10-26 00:00:00,-0.010498463142241565,-1,322.9453,323.1528,-0.0011425236719656002,STRESS,SPY,
2020-10-28 00:00:00,-0.018152220652374318,-1,313.154,313.4369,-0.0014033893866914333,STRESS,SPY,
2020-10-30 00:00:00,-0.005181883134239396,-1,310.3524,310.5127,-0.0010165096193875396,STRESS,SPY,
2020-11-02 00:00:00,0.011239460672114454,1,311.0033,311.0787,-0.0002575588426232951,STRESS,SPY,
2020-11-03 00:00:00,0.01053889393462204,1,314.5029,314.6727,3.989963208600499e-05,STRESS,SPY,
2020-11-04 00:00:00,0.0145252221633565,1,322.0869,320.6154,-0.005068642810371948,STRESS,SPY,
2020-11-05 00:00:00,0.01674016206847173,1,329.5201,329.8785,0.0005876423016379366,STRESS,SPY,
2020-11-09 00:00:00,0.03935019176202803,1,342.5658,342.1036,-0.0018492298413911863,STRESS,SPY,
2020-11-10 00:00:00,-0.0029898222253318396,-1,333.8215,332.765,0.0026648650551268087,STRESS,SPY,
2020-11-11 00:00:00,0.0065804109268714495,1,335.6798,335.8118,-0.00010676811652060537,STRESS,SPY,
2020-11-12 00:00:00,-0.002916497100001303,-1,335.0761,335.5477,-0.001907441473742832,STRESS,SPY,
2020-11-13 00:00:00,0.005632774096981041,1,335.4817,335.7081,0.00017485052090776597,STRESS,SPY,
2020-11-16 00:00:00,0.008183082177828593,1,339.8302,340.3679,0.0010822607878877015,STRESS,SPY,
2020-11-17 00:00:00,-0.006842327251199598,-1,339.5095,339.2643,0.00022221837680541688,STRESS,SPY,
2020-11-23 00:00:00,0.005431106982216827,1,337.1702,337.3683,8.753709550840582e-05,STRESS,SPY,
2020-11-24 00:00:00,0.0076649214038613245,1,339.3067,339.1794,-0.0008751767943279694,STRESS,SPY,
2020-11-27 00:00:00,0.003253872505844191,1,343.0752,343.4525,0.0005997588866814567,STRESS,SPY,
2020-11-30 00:00:00,-0.0026390014456808553,-1,342.2356,341.8489,0.000629923362735985,STRESS,SPY,
2020-12-01 00:00:00,0.009834199974463331,1,344.358,344.924,0.0011436383066458227,STRESS,SPY,
2020-12-02 00:00:00,-0.0031696060789695446,-1,343.8911,344.2449,-0.0015288140635217324,STRESS,SPY,
2020-12-07 00:00:00,-0.00219000594798735,-1,348.1123,348.1312,-0.0005542928244706698,STRESS,SPY,
2020-12-08 00:00:00,-0.00387405876943403,-1,347.2634,347.3294,-0.0006900574607056616,STRESS,SPY,
2020-12-10 00:00:00,-0.004142921247799913,-1,343.9053,345.2164,-0.004312386723903494,STRESS,SPY,
2020-12-11 00:00:00,-0.004962941271187016,-1,344.292,344.5339,-0.0012026012803086346,STRESS,SPY,
2020-12-14 00:00:00,0.006388547444074577,1,347.7916,348.4331,0.0013444953817171594,STRESS,SPY,
2020-12-15 00:00:00,0.0076517676667819945,1,346.5936,346.7351,-9.174087461510895e-05,STRESS,SPY,
2020-12-17 00:00:00,0.0048629528855792525,1,351.2063,351.178,-0.0005805794201299559,STRESS,SPY,
2020-12-21 00:00:00,-0.011269493839354827,-1,346.5139,346.9781,-0.0018396287998836964,STRESS,SPY,
2020-12-23 00:00:00,0.0028866441683579325,1,349.119,349.4601,0.0004770307545564627,STRESS,SPY,
2020-12-28 00:00:00,0.0075342761644796585,1,351.7242,351.6768,-0.0006347646821002746,STRESS,SPY,
2020-12-29 00:00:00,0.004487448051831988,1,354.1588,353.922,-0.0011686266160828014,STRESS,SPY,
2020-12-30 00:00:00,0.0023150562197493674,1,352.7568,352.9652,9.077528767681463e-05,STRESS,SPY,
2021-01-04 00:00:00,0.0039053102732447,1,354.803,354.282,-0.001968420503772605,STRESS,SPY,
2021-01-05 00:00:00,-0.0020333567815666864,-1,349.8011,350.5969,-0.00277500713977169,STRESS,SPY,
2021-01-06 00:00:00,-0.004335884963161174,-1,349.8959,351.4021,-0.004804708914851574,STRESS,SPY,
2021-01-07 00:00:00,0.006880205688363894,1,356.6882,356.9724,0.000296774325587446,STRESS,SPY,
2021-01-08 00:00:00,0.004036264558845648,1,360.648,360.4965,-0.000920077194383417,STRESS,SPY,
2021-01-11 00:00:00,-0.008839582278859504,-1,358.3839,358.4787,-0.000764520811342317,STRESS,SPY,
2021-01-14 00:00:00,0.0021856389373395846,1,360.2407,360.5533,0.0003677531439396091,STRESS,SPY,
2021-01-15 00:00:00,-0.004571058793667815,-1,357.304,357.1619,-0.00010229944249168189,STRESS,SPY,
2021-01-19 00:00:00,0.007080510851032562,1,358.2323,358.166,-0.000685075438479454,STRESS,SPY,
2021-01-20 00:00:00,0.006549719797561693,1,360.8849,361.027,-0.00010624564785072189,STRESS,SPY,
2021-01-22 00:00:00,-0.005075506156245857,-1,362.2632,362.2395,-0.00043457795326723404,STRESS,SPY,
2021-01-25 00:00:00,0.0021155557173078154,1,363.9447,363.9068,-0.000604136699888846,STRESS,SPY,
2021-01-26 00:00:00,0.0026274655831666216,1,365.2236,364.911,-0.0013559140208901361,STRESS,SPY,
2021-01-27 00:00:00,-0.009405324119146297,-1,358.4787,358.1376,0.0004515209690282855,STRESS,SPY,
2021-01-28 00:00:00,0.005100956309494364,1,356.9156,356.4703,-0.0017476338943996357,STRESS,SPY,
2021-01-29 00:00:00,-0.005270171783782085,-1,355.2483,354.102,0.0027267571723777477,STRESS,SPY,
2021-02-01 00:00:00,0.009535728828406587,1,354.2346,353.9694,-0.0012486563988949868,STRESS,SPY,
2021-02-02 00:00:00,0.009117870639210546,1,360.5486,360.4396,-0.0008023170801385033,STRESS,SPY,
2021-02-03 00:00:00,0.002358872942349599,1,362.5616,361.8038,-0.002590127581078516,STRESS,SPY,
2021-02-04 00:00:00,0.002880743414801934,1,362.8648,362.8269,-0.000604446614827336,STRESS,SPY,
2021-02-05 00:00:00,0.0052827830639321505,1,367.412,367.2035,-0.001067482825819421,STRESS,SPY,
2021-02-08 00:00:00,0.004101177257335609,1,368.8424,368.7382,-0.0007825054820161377,STRESS,SPY,
2021-02-09 00:00:00,-0.0023559284604320885,-1,369.2593,369.0698,1.3189512085454592e-05,STRESS,SPY,
2021-02-10 00:00:00,0.0047917878250991475,1,371.1065,371.1634,-0.00034667474161725843,STRESS,SPY,
2021-02-11 00:00:00,0.0029481570838707505,1,370.756,370.8744,-0.0001806525046122438,STRESS,SPY,
2021-02-12 00:00:00,-0.0022520618009416182,-1,369.5624,369.7613,-0.001038204103014861,STRESS,SPY,
2021-02-16 00:00:00,0.003259620463621049,1,373.1433,372.9728,-0.0009569290135988391,STRESS,SPY,
2021-02-17 00:00:00,-0.004893523883372164,-1,369.6003,369.5245,-0.00029491358637961885,STRESS,SPY,
2021-02-18 00:00:00,-0.007288031370760062,-1,369.0319,368.9372,-0.00024338261814221785,STRESS,SPY,
2021-02-19 00:00:00,0.0033781894579416605,1,371.116,370.955,-0.0009338266202481567,STRESS,SPY,
2021-02-22 00:00:00,-0.0075893742805711595,-1,366.4836,367.3267,-0.0028005122193735517,STRESS,SPY,
2021-02-23 00:00:00,-0.006354705110487413,-1,363.4521,362.7511,0.0014287273343584488,STRESS,SPY,
2021-02-24 00:00:00,-0.0030194238523043593,-1,366.4741,366.1804,0.00030142089168100393,STRESS,SPY,
2021-02-25 00:00:00,-0.0034460041145110143,-1,370.8508,371.0023,-0.0009085200840877601,STRESS,SPY,
2021-02-26 00:00:00,0.0051519810958760015,1,363.3953,363.5184,-0.00016125043444442612,STRESS,SPY,
2021-03-01 00:00:00,0.013856969979571865,1,366.0383,365.5931,-0.001716266166682578,STRESS,SPY,
2021-03-05 00:00:00,0.009794974377050902,1,359.5776,358.1755,-0.0043992973978357885,STRESS,SPY,
2021-03-08 00:00:00,0.0027763513970917586,1,363.0874,364.12,0.002343943359092105,STRESS,SPY,
2021-03-09 00:00:00,0.01076643107811126,1,365.811,365.5647,-0.0011732985066058017,STRESS,SPY,
2021-03-10 00:00:00,0.006638845289217654,1,369.1361,369.0129,-0.0008337522393501713,STRESS,SPY,
2021-03-11 00:00:00,0.006931914448484733,1,371.7318,371.5423,-0.0010097761342990337,STRESS,SPY,
2021-03-12 00:00:00,-0.0036086227089993095,-1,371.3244,371.0876,0.00013771731671824482,STRESS,SPY,
2021-03-17 00:00:00,-0.0035610566449818526,-1,373.2759,373.328,-0.0006395750435535526,STRESS,SPY,
2021-03-18 00:00:00,-0.006922972464103672,-1,374.2896,374.4885,-0.0010314066968464815,STRESS,SPY,
2021-03-24 00:00:00,0.00382518207499305,1,371.7918,372.1055,0.00034375179872164806,STRESS,SPY,
2021-03-25 00:00:00,-0.00384549380463306,-1,366.4408,367.0396,-0.0021340975131590163,STRESS,SPY,
2021-03-26 00:00:00,0.0032851106665916507,1,371.8869,371.8298,-0.0006535413051657608,STRESS,SPY,
2021-03-29 00:00:00,-0.003889551305166772,-1,375.4415,376.0213,-0.0020443151596186144,STRESS,SPY,
2021-03-30 00:00:00,-0.0034616113653359593,-1,374.8712,374.6526,8.313362029405179e-05,STRESS,SPY,
2021-04-01 00:00:00,0.005426030341692423,1,378.8916,378.787,-0.0007760684058448204,STRESS,SPY,
2021-04-05 00:00:00,0.007290223829020892,1,384.1,383.9289,-0.0009454569122624985,STRESS,SPY,
2021-04-08 00:00:00,0.0033204072680974583,1,387.6071,387.436,-0.0009414263825405218,STRESS,SPY,
2021-04-15 00:00:00,0.0054679781291102625,1,393.4523,393.5663,-0.00021025712646732765,STRESS,SPY,
2021-04-16 00:00:00,0.0034148060789418455,1,396.1135,396.2085,-0.00026016974932679916,STRESS,SPY,
2021-04-19 00:00:00,-0.0025162192771642777,-1,395.8569,395.7808,-0.00030775881385419713,STRESS,SPY,
2021-04-20 00:00:00,-0.003251002145291504,-1,393.4142,393.7944,-0.0014664114818428438,STRESS,SPY,
2021-04-29 00:00:00,0.0071402875022659185,1,399.2357,399.2404,-0.000488227505706595,STRESS,SPY,
2021-04-30 00:00:00,-0.005642769714371831,-1,397.1114,397.2255,-0.0007873249168873215,STRESS,SPY,
2021-05-03 00:00:00,0.005128241332682082,1,398.3945,398.0049,-0.0014779251470589667,STRESS,SPY,
2021-05-04 00:00:00,-0.0049976852084823165,-1,395.529,395.2438,0.00022105964417268352,STRESS,SPY,
2021-05-05 00:00:00,0.004162015344931991,1,396.2275,395.8854,-0.001363392874043356,STRESS,SPY,
2021-05-11 00:00:00,-0.011698756270876687,-1,391.846,392.2642,-0.001567256013842277,STRESS,SPY,
2021-05-12 00:00:00,-0.007338139582371395,-1,391.5609,391.5419,-0.0004514762582270011,STRESS,SPY,
2021-05-13 00:00:00,0.004020293503224304,1,388.0965,388.0538,-0.0006100241821299086,STRESS,SPY,
2021-05-14 00:00:00,0.007190768487414845,1,392.996,393.1291,-0.00016131970808858044,STRESS,SPY,
2021-05-17 00:00:00,-0.002784763190305628,-1,394.9349,395.5527,-0.002064308446784457,STRESS,SPY,
2021-05-19 00:00:00,-0.012282125207087824,-1,387.3314,386.1719,0.002493560553056107,STRESS,SPY,
2021-05-20 00:00:00,0.002214711533118585,1,391.8935,391.8935,-0.0005,STRESS,SPY,
2021-05-21 00:00:00,0.0039012458040768028,1,396.7598,396.8548,-0.0002605604196795337,STRESS,SPY,
2021-05-24 00:00:00,0.005759619375750091,1,396.8643,396.9023,-0.0004042493870071713,STRESS,SPY,
2021-05-25 00:00:00,0.0028630134063334367,1,399.4115,399.5255,-0.00021458007593660967,STRESS,SPY,
2021-05-27 00:00:00,0.0026729911891221203,1,399.402,399.5541,-0.00011918067510913134,STRESS,SPY,
2021-05-28 00:00:00,0.004174257690138683,1,399.8962,399.8012,-0.0007375616472475306,STRESS,SPY,
2021-06-01 00:00:00,0.006047164425709628,1,401.4834,400.8181,-0.0021571046274889145,STRESS,SPY,
2021-06-03 00:00:00,-0.005923525301007038,-1,397.1209,396.6077,0.0007923016643041629,STRESS,SPY,
2021-06-04 00:00:00,0.0046080772864722785,1,400.0198,400.3714,0.00037895649165381505,STRESS,SPY,
2021-06-08 00:00:00,0.0021076848011953864,1,401.8161,401.7591,-0.000641855938574964,STRESS,SPY,
2021-06-09 00:00:00,0.002155025814712719,1,401.9206,401.7591,-0.0009018206581100081,STRESS,SPY,
2021-06-10 00:00:00,0.0031782545104088733,1,402.719,403.294,0.0009277945664347147,STRESS,SPY,
2021-06-18 00:00:00,-0.008334553001718148,-1,397.7512,397.7989,-0.0006199242139307,STRESS,SPY,
2021-06-21 00:00:00,0.004337453640542499,1,396.6927,397.1218,0.0005816937140512017,STRESS,SPY,
2021-06-24 00:00:00,0.005418793289301949,1,405.132,405.1368,-0.00048815200971535867,STRESS,SPY,
2021-07-02 00:00:00,0.002787635885982409,1,411.4829,411.5687,-0.0002914858673349059,STRESS,SPY,
2021-07-08 00:00:00,-0.013005609420388975,-1,409.4422,409.2229,3.5606735212024166e-05,STRESS,SPY,
2021-07-09 00:00:00,0.003666149246293049,1,412.5318,412.5986,-0.00033807308915340074,STRESS,SPY,
2021-07-14 00:00:00,0.004086254786435761,1,417.5,417.4619,-0.0005912574850299164,STRESS,SPY,
2021-07-15 00:00:00,-0.0032324112330978094,-1,414.3532,414.2483,-0.0002468343432606153,STRESS,SPY,
2021-07-16 00:00:00,0.002921457163299168,1,415.693,415.507,-0.0009474455908566322,STRESS,SPY,
2021-07-19 00:00:00,-0.012076970572077239,-1,406.0188,406.3621,-0.001345527349965014,STRESS,SPY,
2021-07-21 00:00:00,0.0030392297114629763,1,412.6272,412.7321,-0.0002457753633303135,STRESS,SPY,
2021-07-23 00:00:00,0.004684329685497479,1,417.1853,416.8611,-0.0012771127122646604,STRESS,SPY,
2021-07-27 00:00:00,-0.0024490937354422204,-1,418.7683,418.425,0.00031978506969127006,STRESS,SPY,
2021-07-29 00:00:00,0.002370078269701814,1,420.1033,420.4275,0.00027171495677386125,STRESS,SPY,
2021-07-30 00:00:00,-0.0062856458873568055,-1,418.1866,418.4441,-0.0011157538285540554,STRESS,SPY,
2021-08-02 00:00:00,0.0042648053823795,1,420.2464,419.9889,-0.0011127357664456046,STRESS,SPY,
2021-08-04 00:00:00,-0.003060524159336442,-1,419.4072,419.3118,-0.00027253609380101197,STRESS,SPY,
2021-08-05 00:00:00,0.0027561014994452737,1,419.8077,420.1033,0.00020413191563645227,STRESS,SPY,
2021-08-11 00:00:00,0.002575362092925193,1,422.9355,423.0499,-0.00022950958243034237,STRESS,SPY,
2021-08-16 00:00:00,-0.0030500582072177096,-1,423.46,423.5362,-0.0006799461578426698,STRESS,SPY,
2021-08-17 00:00:00,-0.006218784675548372,-1,423.7079,423.8509,-0.0008374966574851701,STRESS,SPY,
2021-08-18 00:00:00,-0.0024770315484411443,-1,422.2203,422.4873,-0.0011323713000062625,STRESS,SPY,
2021-08-19 00:00:00,-0.006693718505678348,-1,417.6049,417.2235,0.0004133034598013401,STRESS,SPY,
2021-08-23 00:00:00,0.004127929627208982,1,424.9285,425.3072,0.0003912087562966686,STRESS,SPY,
2021-09-01 00:00:00,0.0021479159410193738,1,431.4796,431.3271,-0.0008534350175535828,STRESS,SPY,
2021-09-02 00:00:00,0.0033197145272962914,1,432.3855,432.5,-0.00023519000984079065,STRESS,SPY,
2021-09-03 00:00:00,-0.002692019875686791,-1,431.184,431.1745,-0.0004779676425841757,STRESS,SPY,
2021-09-10 00:00:00,0.004633014344008535,1,430.2304,429.8299,-0.0014308965614702736,STRESS,SPY,
2021-09-13 00:00:00,0.007070225349897985,1,427.4269,426.8929,-0.0017493364362420323,STRESS,SPY,
2021-09-14 00:00:00,0.0034936124215452224,1,426.9119,426.7689,-0.0008349637243657,STRESS,SPY,
2021-09-20 00:00:00,-0.014815716414220526,-1,416.2582,416.9183,-0.0020857945861486034,STRESS,SPY,
2021-09-21 00:00:00,0.005690497158724828,1,416.9375,417.7315,0.0014043621645928876,STRESS,SPY,
2021-09-22 00:00:00,0.005464819366666207,1,416.7174,416.5165,-0.000982101299345783,STRESS,SPY,
2021-09-23 00:00:00,0.004590789675987361,1,421.0607,422.4336,0.00276057501923116,STRESS,SPY,
2021-09-24 00:00:00,-0.0037012580597141076,-1,423.3089,423.3472,-0.0005904776630021864,STRESS,SPY,
2021-09-27 00:00:00,-0.0025004326721005388,-1,423.4524,423.2515,-2.5566509954832572e-05,STRESS,SPY,
2021-09-28 00:00:00,-0.00675442260607606,-1,420.1615,420.0754,-0.00029507879708162666,STRESS,SPY,
2021-09-29 00:00:00,0.003319860457897672,1,415.9138,415.7895,-0.0007988600041643474,STRESS,SPY,
2021-09-30 00:00:00,0.003659941815322476,1,417.301,416.6792,-0.00199005154552706,STRESS,SPY,
2021-10-01 00:00:00,0.0042409746545015725,1,411.6566,411.1113,-0.0018246477768120713,STRESS,SPY,
2021-10-04 00:00:00,-0.002740635579969175,-1,414.6606,414.431,5.3705850037333736e-05,STRESS,SPY,
2021-10-05 00:00:00,0.0036155588998636468,1,411.6614,411.4079,-0.001115797351901426,STRESS,SPY,
2021-10-06 00:00:00,-0.00872872099689237,-1,411.9245,412.2306,-0.001243097339439558,STRESS,SPY,
2021-10-07 00:00:00,0.0080015978199659,1,420.6302,420.7833,-0.0001360223303033532,STRESS,SPY,
2021-10-12 00:00:00,0.00232379901579427,1,416.5835,416.5452,-0.0005919383508948268,STRESS,SPY,
2021-10-13 00:00:00,0.0024905843761391377,1,415.8947,416.3706,0.0006442800304981571,STRESS,SPY,
2021-10-14 00:00:00,0.009077600657638296,1,419.8362,419.6544,-0.0009330260230061001,STRESS,SPY,
2021-10-15 00:00:00,0.005175296728509471,1,424.897,425.3179,0.0004905930143070396,STRESS,SPY,
2021-10-18 00:00:00,-0.004171963486292896,-1,424.323,424.4187,-0.0007255357357485721,STRESS,SPY,
2021-10-19 00:00:00,0.0037957591740391816,1,429.4029,429.5369,-0.0001879387633386127,STRESS,SPY,
2021-10-25 00:00:00,0.002537961579939907,1,434.0428,433.3636,-0.0020648226396106635,STRESS,SPY,
2021-10-26 00:00:00,0.0037544015538999442,1,437.4964,437.7643,0.00011234789589126314,STRESS,SPY,
2021-10-28 00:00:00,0.0034368558342146027,1,436.4823,436.2814,-0.0009602706684784241,STRESS,SPY,
2021-10-29 00:00:00,-0.005215266607239033,-1,436.6067,437.1137,-0.0016612281717161555,STRESS,SPY,
2021-11-01 00:00:00,0.0023298944855523196,1,440.5386,440.2229,-0.001216622788559218,STRESS,SPY,
2021-11-05 00:00:00,0.005140469600704689,1,449.2922,449.5696,0.00011741557053518469,STRESS,SPY,
2021-11-08 00:00:00,0.0025828216478651633,1,449.6557,449.0626,-0.0018190091885859623,STRESS,SPY,
2021-11-10 00:00:00,-0.0038726152028102367,-1,445.5324,445.6759,-0.0008220865642992177,STRESS,SPY,
2021-11-11 00:00:00,0.0033645826499448805,1,444.5758,444.2314,-0.0012746710459723971,STRESS,SPY,
2021-11-12 00:00:00,0.0028243367135827313,1,444.6523,444.1453,-0.0016402167491318949,STRESS,SPY,
2021-11-15 00:00:00,0.0029533664731387077,1,448.1442,448.3164,-0.0001157486808934234,STRESS,SPY,
2021-11-18 00:00:00,0.0024138704883676088,1,448.479,448.5938,-0.00024402368895765037,STRESS,SPY,
2021-11-22 00:00:00,0.004030508908314134,1,450.8228,451.0142,-7.544294565403576e-05,STRESS,SPY,
2021-11-24 00:00:00,-0.0046556244318598505,-1,445.7525,445.5946,-0.00014576755037837242,STRESS,SPY,
2021-11-26 00:00:00,-0.014892416808619635,-1,443.4373,442.8346,0.0008591549470465258,STRESS,SPY,
2021-11-29 00:00:00,0.015626143817164984,1,443.4565,443.4852,-0.00043528113805973946,STRESS,SPY,
2021-11-30 00:00:00,-0.005660302650713378,-1,442.3754,441.6483,0.0011436266573593983,STRESS,SPY,
2021-12-01 00:00:00,0.012723746767009825,1,440.5673,440.5386,-0.0005651432823089993,STRESS,SPY,
2021-12-03 00:00:00,0.0039575430322240646,1,439.8785,438.3287,-0.0040232456235072545,STRESS,SPY,
2021-12-06 00:00:00,0.005976700412301472,1,434.9995,434.3394,-0.0020174730085896204,STRESS,SPY,
2021-12-07 00:00:00,0.012271740410801701,1,444.7384,444.9393,-4.8273771727391345e-05,STRESS,SPY,
2021-12-09 00:00:00,-0.002960619025166311,-1,448.4216,448.5651,-0.0008200113464649768,STRESS,SPY,
2021-12-10 00:00:00,0.006218652325712615,1,449.273,449.5218,5.378355699087222e-05,STRESS,SPY,
2021-12-14 00:00:00,-0.007629369072212899,-1,443.8487,444.2314,-0.00136223075566072,STRESS,SPY,
2021-12-16 00:00:00,0.004228867988149032,1,451.7221,451.2055,-0.001643623480011402,STRESS,SPY,
2021-12-17 00:00:00,-0.007011993154964369,-1,443.4859,441.9594,0.002942048552163679,STRESS,SPY,
2021-12-20 00:00:00,-0.011872164733646273,-1,436.0742,436.6886,-0.0019089345345356108,STRESS,SPY,
2021-12-21 00:00:00,0.00789055463957844,1,440.4137,440.8361,0.00045909822968720525,STRESS,SPY,
2021-12-23 00:00:00,0.00224508407651669,1,450.9361,451.6369,0.0010541004590229335,STRESS,SPY,
2021-12-27 00:00:00,0.0030812947414133873,1,453.9795,454.0563,-0.0003308293656430479,STRESS,SPY,
2022-01-03 00:00:00,0.003032337549507158,1,458.031,458.2134,-0.00010177367907410152,STRESS,SPY,
2022-01-04 00:00:00,0.0030559171577637656,1,460.4024,460.5464,-0.00018723012738425205,STRESS,SPY,
2022-01-10 00:00:00,-0.007337065701083834,-1,443.2555,443.1019,-0.00015347299695095363,STRESS,SPY,
2022-01-12 00:00:00,0.003938276316171718,1,453.2499,453.1539,-0.0007118036871050499,STRESS,SPY,
2022-01-13 00:00:00,0.00242006275137574,1,453.2211,453.6627,0.0004743588725237284,STRESS,SPY,
2022-01-14 00:00:00,-0.007211344964491384,-1,442.6795,444.302,-0.004165179887480719,STRESS,SPY,
2022-01-18 00:00:00,-0.01067365826137645,-1,440.3225,439.8665,0.000535604585275629,STRESS,SPY,
2022-01-19 00:00:00,0.003636469006391474,1,439.6168,440.9753,0.0025901912756746697,STRESS,SPY,
2022-01-20 00:00:00,0.004338205255183247,1,436.1798,435.9878,-0.000940185446460406,STRESS,SPY,
2022-01-21 00:00:00,-0.0027527658209433037,-1,428.6048,427.3279,0.002479201352854677,STRESS,SPY,
2022-01-24 00:00:00,-0.01367510473673017,-1,414.703,415.5286,-0.00249082234755954,STRESS,SPY,
2022-01-25 00:00:00,-0.015526397978433137,-1,415.5286,416.0087,-0.0016553958018772903,STRESS,SPY,
2022-01-26 00:00:00,0.014361880651688086,1,421.8363,421.9131,-0.0003179388544798929,STRESS,SPY,
2022-01-27 00:00:00,0.011073579481762463,1,420.1178,420.0602,-0.0006371044026222679,STRESS,SPY,
2022-01-28 00:00:00,0.0033157823171641176,1,412.7348,411.89,-0.00254683491675528,STRESS,SPY,
2022-02-01 00:00:00,0.0020674769070379018,1,432.5987,432.4115,-0.0009327336166289886,STRESS,SPY,
2022-02-02 00:00:00,0.005585401338334961,1,437.2359,437.9271,0.001080839999643091,STRESS,SPY,
2022-02-03 00:00:00,-0.013885953196149381,-1,432.4547,434.1252,-0.004362832338277223,STRESS,SPY,
2022-02-09 00:00:00,0.009603205642492396,1,437.2359,437.5863,0.0003013980553747135,STRESS,SPY,
2022-02-10 00:00:00,-0.013464386084099389,-1,434.2788,435.3445,-0.0029539535432077653,STRESS,SPY,
2022-02-15 00:00:00,0.010636276356721153,1,427.2895,427.3663,-0.00032026237480670084,STRESS,SPY,
2022-02-16 00:00:00,-0.004797561850393373,-1,426.7711,426.4927,0.00015234032951144715,STRESS,SPY,
2022-02-17 00:00:00,-0.007590415170941722,-1,425.6094,425.8782,-0.0011315649983295035,STRESS,SPY,
2022-02-22 00:00:00,-0.00548029250932347,-1,413.8389,413.8485,-0.0005231974326241336,STRESS,SPY,
2022-02-23 00:00:00,0.007075483133363258,1,415.7495,415.6823,-0.0006616357927068934,STRESS,SPY,
2022-02-24 00:00:00,-0.025949745940415436,-1,396.02,397.4505,-0.004112191303469459,STRESS,SPY,
2022-02-25 00:00:00,0.00303520138090585,1,413.7045,413.2821,-0.0015210186256132126,STRESS,SPY,
2022-02-28 00:00:00,-0.012931807916246485,-1,415.4038,416.2679,-0.0025801446688740732,STRESS,SPY,
2022-03-01 00:00:00,-0.003732755772723917,-1,418.7257,419.2729,-0.0018068221033483152,STRESS,SPY,
2022-03-02 00:00:00,0.005581333609792072,1,414.8854,414.9814,-0.0002686108019225859,STRESS,SPY,
2022-03-03 00:00:00,0.006029762944149475,1,422.5276,422.4316,-0.0007272040927030483,STRESS,SPY,
2022-03-04 00:00:00,-0.009111154458857573,-1,414.2229,414.3286,-0.0007551766210898698,STRESS,SPY,
2022-03-09 00:00:00,0.021234599160974366,1,407.6369,407.9153,0.00018296074275897566,STRESS,SPY,
2022-03-10 00:00:00,-0.011441123953713994,-1,406.0527,405.2655,0.001438664611761065,STRESS,SPY,
2022-03-11 00:00:00,0.006204783308726425,1,411.1507,410.5651,-0.001924295276646781,STRESS,SPY,
2022-03-15 00:00:00,0.006497880284460189,1,403.8734,403.3453,-0.0018075879718743577,STRESS,SPY,
2022-03-16 00:00:00,0.008799755575924051,1,413.4165,414.5686,0.002286777982978439,STRESS,SPY,
2022-03-17 00:00:00,-0.004637068620868434,-1,416.7287,417.0264,-0.0012143736440520243,STRESS,SPY,
2022-03-18 00:00:00,-0.0037506648691186806,-1,421.3895,421.8518,-0.0015970847636213588,STRESS,SPY,
2022-03-22 00:00:00,0.0032175541868508795,1,429.7197,430.8175,0.002054688556284601,STRESS,SPY,
2022-03-23 00:00:00,-0.005938717937228555,-1,430.1434,429.8064,0.0002834596555473805,STRESS,SPY,
2022-03-24 00:00:00,0.004708866552167734,1,428.6989,428.67,-0.0005674132823759166,STRESS,SPY,
2022-03-29 00:00:00,0.009103836859389425,1,443.7605,442.9035,-0.0024312219091153216,STRESS,SPY,
2022-03-30 00:00:00,-0.0027078567438725276,-1,443.5487,443.0575,0.0006074319460298021,STRESS,SPY,
2022-04-01 00:00:00,0.003697445837890445,1,435.9312,435.8156,-0.0007651794595109891,STRESS,SPY,
2022-04-05 00:00:00,-0.0034151781857795216,-1,439.5907,439.9759,-0.0013762696754047728,STRESS,SPY,
2022-04-06 00:00:00,-0.009332690636141394,-1,430.0856,429.9508,-0.00018657402154370574,STRESS,SPY,
2022-04-07 00:00:00,-0.0021497165373773885,-1,429.8064,430.6057,-0.0023596744953076616,STRESS,SPY,
2022-04-11 00:00:00,-0.00784145606759401,-1,427.6299,426.9269,0.0011439449159192376,STRESS,SPY,
2022-04-12 00:00:00,0.0070686673237341235,1,426.3684,427.2929,0.001668312661069649,STRESS,SPY,
2022-04-18 00:00:00,-0.0024210387771725905,-1,422.2466,422.4489,-0.0009791039170000122,STRESS,SPY,
2022-04-20 00:00:00,0.004269702982865331,1,430.3649,430.3745,-0.00047769334813302323,STRESS,SPY,
2022-04-21 00:00:00,0.00868048177105818,1,433.0614,432.4836,-0.0018342218909373482,STRESS,SPY,
2022-04-22 00:00:00,-0.0026026319794463237,-1,420.5421,419.059,0.003026638593377429,STRESS,SPY,
2022-04-25 00:00:00,-0.005703157500193123,-1,406.5494,406.9538,-0.0014947130656200454,STRESS,SPY,
2022-04-26 00:00:00,-0.006231259631455877,-1,409.3999,409.4288,-0.0005705911261824621,STRESS,SPY,
2022-04-27 00:00:00,0.0027155908905676096,1,402.4469,402.9669,0.0007920959261955023,STRESS,SPY,
2022-04-28 00:00:00,0.012054831065628102,1,405.5767,405.2108,-0.001402172141545643,STRESS,SPY,
2022-04-29 00:00:00,-0.009817919310864509,-1,408.7547,408.148,0.0009842642787959992,STRESS,SPY,
2022-05-05 00:00:00,-0.010419803314623999,-1,408.2154,408.0998,-0.00021681617107055474,STRESS,SPY,
2022-05-06 00:00:00,-0.006812854838802784,-1,394.8583,392.9226,0.004402264939093292,STRESS,SPY,
2022-05-09 00:00:00,-0.01526574584519702,-1,390.101,390.698,-0.0020303729034275016,STRESS,SPY,
2022-05-10 00:00:00,0.0156940856641703,1,389.8024,389.3883,-0.001562333120575909,STRESS,SPY,
2022-05-11 00:00:00,-0.0025559881888002067,-1,382.4353,382.5075,-0.0006887901038424289,STRESS,SPY,
2022-05-12 00:00:00,-0.00865653111650555,-1,373.6237,373.0169,0.0011240939747664829,STRESS,SPY,
2022-05-13 00:00:00,0.01095793987554905,1,381.5397,382.2523,0.0013676955504237647,STRESS,SPY,
2022-05-16 00:00:00,-0.004257097899033724,-1,385.1992,386.2296,-0.0031749795949732036,STRESS,SPY,
2022-05-17 00:00:00,0.01574084860479319,1,391.0929,390.6017,-0.0017559675718991636,STRESS,SPY,
2022-05-18 00:00:00,-0.011683406541140862,-1,388.3097,387.6356,0.0012359854775711447,STRESS,SPY,
2022-05-19 00:00:00,-0.00859851652142396,-1,375.8579,376.426,-0.002011475480494129,STRESS,SPY,
2022-05-20 00:00:00,0.009757394302449596,1,378.2269,378.381,-9.257260654932332e-05,STRESS,SPY,
2022-05-23 00:00:00,0.008290391035663314,1,378.381,377.1291,-0.0038085699334797214,STRESS,SPY,
2022-05-24 00:00:00,-0.011009482480550115,-1,377.6009,377.0135,0.0010556106990211038,STRESS,SPY,
2022-05-25 00:00:00,-0.004289320816686648,-1,379.0551,379.9026,-0.0027358227075693904,STRESS,SPY,
2022-05-26 00:00:00,0.0028172957826235745,1,385.5073,386.2874,0.0015235673876993765,STRESS,SPY,
2022-05-27 00:00:00,0.006513910211343399,1,393.5775,394.6464,0.0022158564704539145,STRESS,SPY,
2022-05-31 00:00:00,-0.004333595339097496,-1,396.1584,395.7154,0.0006182395728577266,STRESS,SPY,
2022-06-01 00:00:00,0.005351920925450004,1,400.2416,399.346,-0.002737648460329922,STRESS,SPY,
2022-06-03 00:00:00,-0.01200363739048338,-1,398.2866,397.7667,0.0008053414300154831,STRESS,SPY,
2022-06-06 00:00:00,0.010204922925025173,1,399.3845,399.0185,-0.0014164101260814572,STRESS,SPY,
2022-06-07 00:00:00,-0.008888521258838211,-1,394.0012,393.9049,-0.00025558450075785456,STRESS,SPY,
2022-06-08 00:00:00,-0.004258005242197549,-1,398.0748,398.826,-0.0023870825282084614,STRESS,SPY,
2022-06-09 00:00:00,-0.004765435783007144,-1,395.282,394.1264,0.002423482475802097,STRESS,SPY,
2022-06-10 00:00:00,-0.016414639117448337,-1,378.8914,379.3151,-0.0016182623833636551,STRESS,SPY,
2022-06-13 00:00:00,-0.02557583112860451,-1,367.1714,366.1699,0.002227608958649874,STRESS,SPY,
2022-06-14 00:00:00,0.0048796561009547545,1,362.7608,362.2118,-0.002013393949952757,STRESS,SPY,
2022-06-15 00:00:00,0.009469803767754748,1,363.5216,363.4734,-0.0006325918459864628,STRESS,SPY,
2022-06-16 00:00:00,-0.022736130568690838,-1,355.9329,355.124,0.0017726193616829926,STRESS,SPY,
2022-06-21 00:00:00,0.01650988255676089,1,360.1074,361.1713,0.002454396382856883,STRESS,SPY,
2022-06-22 00:00:00,-0.011784184140695708,-1,359.4497,359.4497,-0.0005,STRESS,SPY,
2022-06-23 00:00:00,0.006009669157508446,1,363.9761,363.6279,-0.0014566562200099549,STRESS,SPY,
2022-06-24 00:00:00,0.008647943628543375,1,370.108,369.7985,-0.0013362423941120634,STRESS,SPY,
2022-06-27 00:00:00,0.0025638463208459417,1,376.501,376.6364,-0.0001403728011347134,STRESS,SPY,
2022-06-28 00:00:00,0.004013819585087841,1,379.712,379.8377,-0.00016895963256363623,STRESS,SPY,
2022-06-30 00:00:00,-0.010831975530739113,-1,363.3039,361.9063,0.003346917140168382,STRESS,SPY,
2022-07-01 00:00:00,-0.002001097835925836,-1,364.3533,364.1018,0.0001902640925715575,STRESS,SPY,
2022-07-05 00:00:00,-0.014034428193949067,-1,362.3029,361.5678,0.0015289652663559865,STRESS,SPY,
2022-07-07 00:00:00,0.004721803375529854,1,373.7832,373.9863,4.3363104601901615e-05,STRESS,SPY,
2022-07-08 00:00:00,-0.0042935135274518865,-1,374.673,375.3017,-0.002177996546321614,STRESS,SPY,
2022-07-11 00:00:00,-0.0072810568824754895,-1,373.5801,371.9649,0.003823570768357321,STRESS,SPY,
2022-07-13 00:00:00,-0.015175761563767987,-1,363.6763,365.3398,-0.005074122646980206,STRESS,SPY,
2022-07-14 00:00:00,-0.013751501981127734,-1,361.0649,360.059,0.002285925743543638,STRESS,SPY,
2022-07-15 00:00:00,0.012144079949096165,1,370.0161,369.5954,-0.001636977553138907,STRESS,SPY,
2022-07-18 00:00:00,0.008517197366040063,1,375.7176,375.4951,-0.001092200099223561,STRESS,SPY,
2022-07-19 00:00:00,0.01070698819299909,1,373.2803,373.5027,9.579892107874953e-05,STRESS,SPY,
2022-07-26 00:00:00,-0.004323184649309475,-1,380.2343,380.6695,-0.001644557447868344,STRESS,SPY,
2022-07-27 00:00:00,0.00882543922872947,1,381.2885,382.0139,0.001402496403641818,STRESS,SPY,
2022-07-28 00:00:00,0.0022194936934716303,1,388.9872,388.668,-0.001320592554202193,STRESS,SPY,
2022-07-29 00:00:00,0.0038667440151287646,1,393.8714,394.413,0.000875068105985866,STRESS,SPY,
2022-08-01 00:00:00,-0.007062146892655385,-1,395.5736,396.2313,-0.002162648872422068,STRESS,SPY,
2022-08-02 00:00:00,-0.00387133317809063,-1,395.738,395.4769,0.00015977995542509936,STRESS,SPY,
2022-08-03 00:00:00,0.005390622525951683,1,397.0147,397.8948,0.001716794491488594,STRESS,SPY,
2022-08-05 00:00:00,-0.010792765080300915,-1,397.5467,397.9529,-0.001521766750925135,STRESS,SPY,
2022-08-08 00:00:00,0.004402310619114447,1,402.4309,402.6098,-5.545163157211165e-05,STRESS,SPY,
2022-08-10 00:00:00,0.01811144670377396,1,404.0847,403.6108,-0.0016727739258625691,STRESS,SPY,
2022-08-11 00:00:00,0.0072389442496409995,1,408.4274,408.7465,0.0002812894041880902,STRESS,SPY,
2022-08-12 00:00:00,0.004809436805767842,1,408.1372,408.3016,-9.719427682647287e-05,STRESS,SPY,
2022-08-15 00:00:00,-0.005374045372757319,-1,411.4546,411.6384,-0.0009467078506351641,STRESS,SPY,
2022-08-16 00:00:00,-0.0026348799862674355,-1,414.3271,414.3851,-0.0006399860158799449,STRESS,SPY,
2022-08-17 00:00:00,-0.008634709114597072,-1,412.4798,412.6539,-0.0009220812752526726,STRESS,SPY,
2022-08-19 00:00:00,-0.006661664074744111,-1,410.9227,410.7776,-0.00014689222571545547,STRESS,SPY,
2022-08-22 00:00:00,-0.012080817669907207,-1,402.5673,402.6243,-0.0006415912320748003,STRESS,SPY,
2022-08-25 00:00:00,0.003916744739928424,1,400.5836,401.0382,0.000634844262221435,STRESS,SPY,
2022-08-29 00:00:00,-0.007697421319216913,-1,389.9544,389.7512,2.1086568070594492e-05,STRESS,SPY,
2022-08-30 00:00:00,0.0030302042023797604,1,390.3764,390.2542,-0.0008130312180755768,STRESS,SPY,
2022-08-31 00:00:00,0.004395121586419304,1,385.5634,385.9793,0.0005786812233734011,STRESS,SPY,
2022-09-01 00:00:00,-0.005668846126572036,-1,379.2671,379.654,-0.0015201253944779332,STRESS,SPY,
2022-09-02 00:00:00,0.009813314108213955,1,385.3313,385.8535,0.0008551974625471974,STRESS,SPY,
2022-09-06 00:00:00,0.0021160127445749577,1,380.2575,379.5427,-0.0023797788340794153,STRESS,SPY,
2022-09-08 00:00:00,-0.0062095753112131336,-1,381.5158,381.9945,-0.0017547317830611249,STRESS,SPY,
2022-09-09 00:00:00,0.005819407786944009,1,390.3993,390.1768,-0.0010699293005904105,STRESS,SPY,
2022-09-12 00:00:00,0.0054849377206391825,1,395.8541,395.4963,-0.0014038683696847016,STRESS,SPY,
2022-09-13 00:00:00,-0.022216849209328537,-1,389.0839,388.3682,0.0013394490237196859,STRESS,SPY,
2022-09-14 00:00:00,0.0033830004686703496,1,380.1182,380.9596,0.0017135220044712245,STRESS,SPY,
2022-09-15 00:00:00,-0.0041812522271365005,-1,380.2343,379.7507,0.0007718473846258238,STRESS,SPY,
2022-09-16 00:00:00,-0.01127707262025579,-1,372.4076,373.204,-0.00263851704422785,STRESS,SPY,
2022-09-19 00:00:00,-0.008764706636249509,-1,372.5144,372.495,-0.0004479214763240531,STRESS,SPY,
2022-09-20 00:00:00,-0.00898232156997436,-1,374.0004,373.1917,0.0016622971526232826,STRESS,SPY,
2022-09-21 00:00:00,0.005049622457633074,1,374.3888,374.8347,0.0006910078506622845,STRESS,SPY,
2022-09-22 00:00:00,-0.0021464473526967565,-1,365.6676,364.949,0.0014651727415826992,STRESS,SPY,
2022-09-23 00:00:00,-0.009753367577976846,-1,359.3356,358.3158,0.0023380154930376378,STRESS,SPY,
2022-09-26 00:00:00,-0.00404964240286243,-1,357.1407,357.2767,-0.0008808023000460015,STRESS,SPY,
2022-09-27 00:00:00,0.01018344329831633,1,358.5489,359.1608,0.00120660124741695,STRESS,SPY,
2022-09-28 00:00:00,0.002724443571715751,1,352.751,352.683,-0.0006927705378581557,STRESS,SPY,
2022-09-29 00:00:00,-0.009906012117230079,-1,355.4897,354.6254,0.0019312940712487574,STRESS,SPY,
2022-09-30 00:00:00,-0.0027289493417314015,-1,351.9838,350.2454,0.004438863663611625,STRESS,SPY,
2022-10-03 00:00:00,0.01089062159478904,1,350.0414,349.3616,-0.00244205599680497,STRESS,SPY,
2022-10-04 00:00:00,0.015820978694145893,1,362.7541,363.6573,0.001989840914272401,STRESS,SPY,
2022-10-05 00:00:00,-0.012012685369594767,-1,363.8224,363.23,0.001128266978613735,STRESS,SPY,
2022-10-06 00:00:00,-0.004056738092085288,-1,365.9978,366.7262,-0.0024901758972322714,STRESS,SPY,
2022-10-07 00:00:00,-0.011387375476876516,-1,357.9177,357.7914,-0.00014712558222179607,STRESS,SPY,
2022-10-10 00:00:00,0.003224981559167839,1,352.819,352.2217,-0.002192936038025228,STRESS,SPY,
2022-10-11 00:00:00,-0.005026712093334718,-1,347.5066,347.089,0.0007017037949783038,STRESS,SPY,
2022-10-13 00:00:00,-0.02053003235595474,-1,339.7955,338.9506,0.001986495553943424,STRESS,SPY,
2022-10-14 00:00:00,0.0070225541062203245,1,357.3252,359.3841,0.005261978164428249,STRESS,SPY,
2022-10-17 00:00:00,0.017669308321053068,1,354.7468,355.9559,0.0029083464600667135,STRESS,SPY,
2022-10-18 00:00:00,0.022709906413817205,1,363.5019,363.6476,-9.917678559584432e-05,STRESS,SPY,
2022-10-19 00:00:00,-0.005819787722153857,-1,359.8989,359.4327,0.0007953637813286622,STRESS,SPY,
2022-10-24 00:00:00,0.004328290950947444,1,364.8519,366.0755,0.0028536895381385268,STRESS,SPY,
2022-10-26 00:00:00,-0.008470558648605908,-1,371.6404,372.0871,-0.0017019683543555981,STRESS,SPY,
2022-10-27 00:00:00,0.0026173142668959315,1,372.631,372.2522,-0.0015165552517100718,STRESS,SPY,
2022-10-31 00:00:00,-0.0065044149864941225,-1,375.7582,375.9864,-0.0011073054427022662,STRESS,SPY,
2022-11-01 00:00:00,0.010175739258779126,1,378.6329,378.6426,-0.0004743815183519402,STRESS,SPY,
2022-11-03 00:00:00,-0.00908326310781693,-1,360.7049,360.87,-0.0009577148799476127,STRESS,SPY,
2022-11-04 00:00:00,0.0161176178695861,1,364.9975,364.2692,-0.002495356132576176,STRESS,SPY,
2022-11-07 00:00:00,0.0036405641916885667,1,366.5174,365.7259,-0.0026595154827573904,STRESS,SPY,
2022-11-08 00:00:00,0.003079494760143353,1,369.1056,368.8337,-0.001236645556176807,STRESS,SPY,
2022-11-09 00:00:00,-0.005550185113998629,-1,368.047,367.8674,-1.2018845419070178e-05,STRESS,SPY,
2022-11-10 00:00:00,0.03709730684764123,1,375.4668,375.7388,0.0002244315609264973,STRESS,SPY,
2022-11-11 00:00:00,0.0024072092080318352,1,383.4596,382.7215,-0.0024248442339168115,STRESS,SPY,
2022-11-14 00:00:00,-0.004617144439957088,-1,385.5282,386.2469,-0.0023641956671392457,STRESS,SPY,
2022-11-15 00:00:00,0.015106967407679806,1,389.9374,389.9374,-0.0005,STRESS,SPY,
2022-11-16 00:00:00,-0.004416191064272823,-1,386.1789,385.8584,0.0003299262336703972,STRESS,SPY,
2022-11-17 00:00:00,-0.012768207465407744,-1,379.6139,379.5652,-0.00037171175765687804,STRESS,SPY,
2022-11-18 00:00:00,0.008749965397092607,1,385.0426,384.6396,-0.0015466374370005083,STRESS,SPY,
2022-11-21 00:00:00,-0.003660765906472463,-1,383.4013,383.042,0.0004371381891506436,STRESS,SPY,
2022-11-22 00:00:00,0.005195363029547151,1,384.7027,384.2754,-0.0016107278425651623,STRESS,SPY,
2022-11-28 00:00:00,-0.008151799793537196,-1,388.8108,388.9371,-0.0008248366557719873,STRESS,SPY,
2022-12-01 00:00:00,0.003264130498507045,1,397.0075,396.4734,-0.0018453146351138923,STRESS,SPY,
2022-12-02 00:00:00,-0.012617335737550084,-1,391.9963,391.9477,-0.00037601923793667514,STRESS,SPY,
2022-12-05 00:00:00,-0.0071768972693169175,-1,392.7829,393.0451,-0.0011675443355603772,STRESS,SPY,
2022-12-07 00:00:00,-0.0024375967136888166,-1,382.8186,383.2751,-0.0016924707942612134,STRESS,SPY,
2022-12-08 00:00:00,0.0050618317665758195,1,382.6438,382.9255,0.00023619381785361425,STRESS,SPY,
2022-12-09 00:00:00,-0.0032053839222995206,-1,384.052,384.3628,-0.0013092654119753462,STRESS,SPY,
2022-12-12 00:00:00,0.002072264022407122,1,382.5953,382.1485,-0.0016678136140198525,STRESS,SPY,
2022-12-13 00:00:00,0.028327185275222266,1,396.6482,396.2889,-0.0014058404903891093,STRESS,SPY,
2022-12-15 00:00:00,-0.012768823961150533,-1,382.4399,382.6827,-0.001134870995416481,STRESS,SPY,
2022-12-16 00:00:00,-0.0068513965464753745,-1,376.2168,375.6021,0.0011338983267094598,STRESS,SPY,
2022-12-21 00:00:00,0.007174293640746621,1,373.4653,374.0117,0.000963054265014696,STRESS,SPY,
2022-12-22 00:00:00,-0.008233441566368072,-1,372.4896,372.0895,0.0005741239486955489,STRESS,SPY,
2022-12-23 00:00:00,-0.0029154448321176973,-1,370.6651,369.182,0.003501185976235666,STRESS,SPY,
2022-12-29 00:00:00,0.007831612308661695,1,370.7431,371.4651,0.0014474401546515363,STRESS,SPY,
2022-12-30 00:00:00,-0.007172717848147325,-1,372.1286,371.8213,0.00032578979417324837,STRESS,SPY,
2023-01-03 00:00:00,0.005046586659870345,1,375.1923,376.0411,0.0017623065558646793,STRESS,SPY,
2023-01-04 00:00:00,0.006144266329226822,1,373.1433,373.8751,0.00146117684546393,STRESS,SPY,
2023-01-05 00:00:00,-0.005263991483172026,-1,371.4359,370.7236,0.0014176929316740976,STRESS,SPY,
2023-01-06 00:00:00,0.008460812821535102,1,374.1971,372.0993,-0.006106136445204802,STRESS,SPY,
2023-01-09 00:00:00,0.0060306806121754875,1,380.6561,380.3927,-0.001191963165702525,STRESS,SPY,
2023-01-11 00:00:00,0.0040959326137617325,1,382.6661,383.0856,0.0005962559787763837,STRESS,SPY,
2023-01-12 00:00:00,0.002958128296473239,1,385.3785,385.4468,-0.0003227716387915187,STRESS,SPY,
2023-01-13 00:00:00,-0.008363741147478843,-1,384.6175,384.1686,0.0006671335807652561,STRESS,SPY,
2023-01-18 00:00:00,0.0031928086950763213,1,389.3691,389.2032,-0.0009260738718095958,STRESS,SPY,
2023-01-19 00:00:00,-0.0055931319156666826,-1,380.2756,380.7147,-0.0016546888624986984,STRESS,SPY,
2023-01-20 00:00:00,0.003627862235108914,1,379.2707,379.5341,0.00019449076873073777,STRESS,SPY,
2023-01-23 00:00:00,0.0022485304543304885,1,386.3835,386.6176,0.00010587473326356721,STRESS,SPY,
2023-01-24 00:00:00,-0.004268622325427018,-1,388.9886,388.608,0.0004784348435918355,STRESS,SPY,
2023-01-25 00:00:00,-0.010545476245785834,-1,386.1395,386.3542,-0.0010560166727309746,STRESS,SPY,
2023-01-26 00:00:00,0.006893776350217928,1,393.4182,393.9158,0.0007648118465286018,STRESS,SPY,
2023-01-27 00:00:00,-0.0026193298081403915,-1,394.0524,394.228,-0.0009456260131902035,STRESS,SPY,
2023-01-30 00:00:00,-0.007099215195655373,-1,393.4084,393.936,-0.0018410999866805273,STRESS,SPY,
2023-02-01 00:00:00,-0.0030483922498366622,-1,395.2037,395.6379,-0.001598673924358362,STRESS,SPY,
2023-02-02 00:00:00,0.009907580808783845,1,404.5118,404.1508,-0.0013924337930314996,STRESS,SPY,
2023-02-03 00:00:00,-0.012452766344209665,-1,402.4726,403.3117,-0.0025848624229325985,STRESS,SPY,
2023-02-06 00:00:00,-0.006232353058140405,-1,400.7261,400.1407,0.0009608481953134467,STRESS,SPY,
2023-02-07 00:00:00,-0.002512903320982973,-1,398.9211,399.2821,-0.0014049408517123325,STRESS,SPY,
2023-02-08 00:00:00,-0.004937698645354316,-1,403.2239,403.9508,-0.002302720523262691,STRESS,SPY,
2023-02-09 00:00:00,0.009131787600645147,1,403.9557,403.7995,-0.0008866760637365463,STRESS,SPY,
2023-02-10 00:00:00,-0.0030702376010457444,-1,396.638,396.3355,0.00026266015863324376,STRESS,SPY,
2023-02-14 00:00:00,-0.003827353961718516,-1,400.3456,400.8351,-0.0017226935927359683,STRESS,SPY,
2023-02-15 00:00:00,-0.005597825344570984,-1,400.8237,400.6578,-8.61023188000738e-05,STRESS,SPY,
2023-02-16 00:00:00,-0.012560704128276812,-1,399.2431,399.4187,-0.0009398322726177906,STRESS,SPY,
2023-02-17 00:00:00,-0.005559181132719471,-1,396.7453,395.8867,0.0016641088123790508,STRESS,SPY,
2023-02-21 00:00:00,-0.010264244394920796,-1,393.9938,393.906,-0.0002771538536900371,STRESS,SPY,
2023-02-23 00:00:00,0.0074763879853223525,1,391.5253,391.2522,-0.0011975283589591985,STRESS,SPY,
2023-02-24 00:00:00,-0.013078946163407656,-1,386.2176,386.6859,-0.0017125288956277292,STRESS,SPY,
2023-02-27 00:00:00,0.008754138933720679,1,389.5837,389.613,-0.00042479151463475874,STRESS,SPY,
2023-03-02 00:00:00,-0.0052941014592009505,-1,383.5442,383.1734,0.0004667725388624593,STRESS,SPY,
2023-03-03 00:00:00,0.004826597533444499,1,389.613,389.5788,-0.0005877794118779862,STRESS,SPY,
2023-03-06 00:00:00,0.0022268952955979415,1,395.555,395.594,-0.00040140435590513236,STRESS,SPY,
2023-03-09 00:00:00,0.002105735354078986,1,390.5497,390.8131,0.00017443400929523277,STRESS,SPY,
2023-03-13 00:00:00,-0.010649901324883748,-1,372.4213,372.314,-0.00021188543727240728,STRESS,SPY,
2023-03-14 00:00:00,0.013522414104978786,1,380.5196,381.4952,0.0020638626761932404,STRESS,SPY,
2023-03-15 00:00:00,-0.01485889077723579,-1,377.2412,377.1517,-0.00026275125834612735,STRESS,SPY,
2023-03-16 00:00:00,-0.0064980122952870145,-1,377.69,378.2755,-0.002050213137758494,STRESS,SPY,
2023-03-17 00:00:00,-0.0032608442481038002,-1,384.908,385.7013,-0.002561011982084082,STRESS,SPY,
2023-03-21 00:00:00,0.00914506683541938,1,389.6877,389.3449,-0.0013796787786733429,STRESS,SPY,
2023-03-23 00:00:00,0.007471779698879244,1,387.337,387.1411,-0.001005761133070104,STRESS,SPY,
2023-03-24 00:00:00,-0.003230612881468309,-1,383.1278,383.0568,-0.000314683246686986,STRESS,SPY,
2023-03-27 00:00:00,0.006039603015234762,1,390.2852,389.3449,-0.0029092637896594438,STRESS,SPY,
2023-03-29 00:00:00,0.01079238889242995,1,391.2696,391.4214,-0.00011203221512739959,STRESS,SPY,
2023-03-30 00:00:00,0.006852266697057852,1,395.5449,395.398,-0.0008713864089764929,STRESS,SPY,
2023-03-31 00:00:00,0.002353266678097876,1,397.0484,397.0631,-0.0004629768058504453,STRESS,SPY,
2023-04-06 00:00:00,-0.002158653925624421,-1,397.876,397.6556,5.3941428987902985e-05,STRESS,SPY,
2023-04-10 00:00:00,-0.006353874850671737,-1,397.974,398.0523,-0.0006967465211294428,STRESS,SPY,
2023-04-12 00:00:00,0.0052721905095587385,1,403.312,403.263,-0.0006214940294363975,STRESS,SPY,
2023-04-13 00:00:00,0.0028672364444266574,1,400.8927,400.6969,-0.0009884099910025253,STRESS,SPY,
2023-04-18 00:00:00,0.003962140641193823,1,406.6814,406.8381,-0.00011468609088099947,STRESS,SPY,
2023-04-19 00:00:00,-0.004828305419833923,-1,404.027,403.8409,-3.9387219171016074e-05,STRESS,SPY,
2023-04-20 00:00:00,-0.007242756319356669,-1,403.2826,403.3611,-0.0006946525835729851,STRESS,SPY,
2023-04-25 00:00:00,-0.004943903850583742,-1,402.4697,402.5089,-0.0005973986364687374,STRESS,SPY,
2023-04-27 00:00:00,0.0064792558778379306,1,398.6792,398.9338,0.0001386086858809481,STRESS,SPY,
2023-04-28 00:00:00,-0.0022065753618643047,-1,403.5471,403.8507,-0.0012523285386019651,STRESS,SPY,
2023-05-04 00:00:00,-0.0025982852768589026,-1,398.7477,398.0131,0.001342267679537768,STRESS,SPY,
2023-05-05 00:00:00,0.009230747521214777,1,401.0397,401.1768,-0.00015813858328722575,STRESS,SPY,
2023-05-09 00:00:00,-0.004021408267049775,-1,402.5235,402.3766,-0.0001350523634023322,STRESS,SPY,
2023-05-10 00:00:00,0.0071055101553070266,1,405.8488,404.6637,-0.003420052985249666,STRESS,SPY,
2023-05-11 00:00:00,-0.00208349358145965,-1,402.2934,402.6068,-0.0012790334119326392,STRESS,SPY,
2023-05-12 00:00:00,0.003032742621886797,1,404.8791,404.7665,-0.0007781077116600361,STRESS,SPY,
2023-05-16 00:00:00,-0.002784242812275628,-1,403.5569,403.2239,0.0003251624492109366,STRESS,SPY,
2023-05-17 00:00:00,0.00511891797188424,1,403.6891,403.5863,-0.0007546514136745337,STRESS,SPY,
2023-05-19 00:00:00,0.0022422256360399295,1,411.6178,411.7354,-0.00021429806971401356,STRESS,SPY,
2023-05-23 00:00:00,-0.004059457113740894,-1,408.699,408.6109,-0.00028443793598714696,STRESS,SPY,
2023-05-24 00:00:00,-0.004032946040330998,-1,403.8017,403.41,0.00047003058679534514,STRESS,SPY,
2023-05-25 00:00:00,0.008878766956582185,1,404.8498,404.2523,-0.0019758559841205887,STRESS,SPY,
2023-05-30 00:00:00,0.004881204336709022,1,413.7335,413.4151,-0.0012695775178949704,STRESS,SPY,
2023-05-31 00:00:00,-0.004498231639976091,-1,409.6393,410.0213,-0.0014325277140157518,STRESS,SPY,
2023-06-02 00:00:00,0.006377167576192333,1,416.8677,417.093,4.045923922618754e-05,STRESS,SPY,
2023-06-12 00:00:00,0.0023960967064535765,1,421.9903,422.1078,-0.0002215575808258148,STRESS,SPY,
2023-06-13 00:00:00,0.0035271160283723013,1,426.868,427.5242,0.0010372433632880877,STRESS,SPY,
2023-06-16 00:00:00,0.004680644240819154,1,435.1839,434.4662,-0.0021491878490908496,STRESS,SPY,
2023-06-20 00:00:00,-0.004505929860176505,-1,430.6518,430.6419,-0.0004770115903382495,STRESS,SPY,
2023-06-21 00:00:00,-0.002447157770138819,-1,428.2038,428.1448,-0.00036221514148165835,STRESS,SPY,
2023-06-22 00:00:00,-0.0022533557694444095,-1,426.3949,426.562,-0.0008918902407133995,STRESS,SPY,
2023-06-23 00:00:00,-0.008269735368934272,-1,426.0311,425.9574,-0.00032700793439738264,STRESS,SPY,
2023-06-27 00:00:00,0.002132296703286407,1,425.4118,425.7067,0.00019321067257654966,STRESS,SPY,
2023-06-28 00:00:00,-0.0024992187026264823,-1,427.5451,427.6828,-0.0008220712855789287,STRESS,SPY,
2023-06-30 00:00:00,0.007531684404733063,1,434.25,434.4367,-7.006332757636359e-05,STRESS,SPY,
2023-07-05 00:00:00,-0.00477446264960002,-1,434.9381,435.1544,-0.000997312146257034,STRESS,SPY,
2023-07-06 00:00:00,-0.008394700587023074,-1,431.4039,431.5366,-0.0008076003717166209,STRESS,SPY,
2023-07-07 00:00:00,-0.002365328503966757,-1,431.979,431.6545,0.000251193923778648,STRESS,SPY,
2023-07-12 00:00:00,0.008836409529042077,1,438.9689,438.615,-0.0013062074556990373,STRESS,SPY,
2023-07-13 00:00:00,0.004237619598551623,1,440.6598,440.5714,-0.0007006082696902611,STRESS,SPY,
2023-07-14 00:00:00,0.002102105295789247,1,443.0095,443.3241,0.0002101427847484576,STRESS,SPY,
2023-07-20 00:00:00,-0.002109317538110389,-1,447.1189,447.1484,-0.0005659779758807044,STRESS,SPY,
2023-07-21 00:00:00,0.003936626167406532,1,446.1653,446.067,-0.0007203219300110915,STRESS,SPY,
2023-07-24 00:00:00,0.0026093626631695788,1,446.5683,446.4799,-0.00069795404196854,STRESS,SPY,
2023-07-26 00:00:00,-0.002064019676645046,-1,446.9223,447.0697,-0.0008298112445944135,STRESS,SPY,
2023-07-27 00:00:00,0.0077056046790553445,1,451.4642,451.5527,-0.00030397116759189836,STRESS,SPY,
2023-07-28 00:00:00,0.007513969689197042,1,448.0627,448.1413,-0.00032457812266001263,STRESS,SPY,
2023-08-01 00:00:00,-0.003320235773846214,-1,448.8983,449.0114,-0.0007519501633220234,STRESS,SPY,
2023-08-02 00:00:00,-0.00704325158582908,-1,444.961,445.3689,-0.0014167095543205495,STRESS,SPY,
2023-08-03 00:00:00,-0.004665366287519901,-1,440.3059,440.6009,-0.0011699887510024372,STRESS,SPY,
2023-08-04 00:00:00,0.004188691688224333,1,443.9238,444.0811,-0.00014565990829967746,STRESS,SPY,
2023-08-07 00:00:00,0.004274747640317544,1,441.7413,441.6331,-0.0007449397418806676,STRESS,SPY,
2023-08-08 00:00:00,-0.0058130651669497935,-1,440.1781,439.9225,8.06740498901508e-05,STRESS,SPY,
2023-08-10 00:00:00,0.0054739416144842235,1,441.7511,442.0952,0.0002789454287718822,STRESS,SPY,
2023-08-11 00:00:00,-0.0043953141284407415,-1,436.5701,436.8257,-0.0010854729858960628,STRESS,SPY,
2023-08-15 00:00:00,-0.004061770326217462,-1,438.7968,438.9394,-0.0008249795805255751,STRESS,SPY,
2023-08-17 00:00:00,0.003480060739681212,1,433.4438,433.3553,-0.0007041787193634015,STRESS,SPY,
2023-08-18 00:00:00,-0.006624511532040689,-1,426.8766,427.2846,-0.0014557797265065116,STRESS,SPY,
2023-08-21 00:00:00,0.002497386320680528,1,430.6813,431.1237,0.000527209679175689,STRESS,SPY,
2023-08-22 00:00:00,0.0041880440822374965,1,433.4045,432.9326,-0.0015888211820597738,STRESS,SPY,
2023-08-23 00:00:00,0.0026019779397219445,1,432.0085,432.0183,-0.0004773152611581839,STRESS,SPY,
2023-08-24 00:00:00,0.0038827643518648536,1,436.4816,436.457,-0.0005563597640771407,STRESS,SPY,
2023-08-25 00:00:00,0.0040280215457946245,1,431.684,431.7971,-0.00023800279834335037,STRESS,SPY,
2023-08-28 00:00:00,0.005205080832156428,1,435.3314,435.0168,-0.0012226678342062698,STRESS,SPY,
2023-09-01 00:00:00,0.006418249768679107,1,445.5852,444.5431,-0.002838722201724819,STRESS,SPY,
2023-09-07 00:00:00,-0.006902930166192256,-1,436.0785,436.4226,-0.001289078113229591,STRESS,SPY,
2023-09-11 00:00:00,0.006127824235397483,1,440.9744,440.2666,-0.002105081836950184,STRESS,SPY,
2023-09-12 00:00:00,-0.0034113878344933513,-1,439.952,440.0503,-0.0007234334654689363,STRESS,SPY,
2023-09-14 00:00:00,0.005733435785541863,1,441.0727,441.1907,-0.0002324704068060175,STRESS,SPY,
2023-09-15 00:00:00,-0.0036710951675242853,-1,441.1086,440.9803,-0.00020914192105975183,STRESS,SPY,
2023-09-19 00:00:00,-0.0021637875946955987,-1,436.8464,436.945,-0.000725708624358445,STRESS,SPY,
2023-09-20 00:00:00,0.0028459805332368138,1,437.7935,438.0787,0.00015144868528199672,STRESS,SPY,
2023-09-21 00:00:00,-0.006566486192676746,-1,429.3579,429.0225,0.00028116648139003874,STRESS,SPY,
2023-09-22 00:00:00,0.0024104967972815583,1,426.3586,426.3783,-0.0004537947633752033,STRESS,SPY,
2023-09-25 00:00:00,-0.0028114410436951287,-1,423.1225,423.6059,-0.0016424587442170342,STRESS,SPY,
2023-09-26 00:00:00,-0.007241623919097218,-1,423.6701,423.8723,-0.000977258130795688,STRESS,SPY,
2023-09-27 00:00:00,0.002959062963394876,1,421.5044,421.169,-0.0012957212309053219,STRESS,SPY,
2023-09-29 00:00:00,0.007327395257628488,1,425.3818,425.5101,-0.0001983886005466058,STRESS,SPY,
2023-10-03 00:00:00,-0.005381810419964772,-1,419.7384,419.6002,-0.00017074730355853785,STRESS,SPY,
2023-10-06 00:00:00,-0.005866068995917351,-1,416.818,415.8807,0.0017487032709719301,STRESS,SPY,
2023-10-09 00:00:00,-0.004516562617397524,-1,422.0668,422.3332,-0.0011311797089939564,STRESS,SPY,
2023-10-11 00:00:00,0.002669902742756358,1,430.3445,430.3149,-0.0005687821036401415,STRESS,SPY,
2023-10-13 00:00:00,0.0034816733064935157,1,429.6638,430.167,0.0006711482326413058,STRESS,SPY,
2023-10-16 00:00:00,0.005260036662427359,1,428.7413,428.5292,-0.0009947039158579303,STRESS,SPY,
2023-10-17 00:00:00,-0.007339307931064631,-1,427.6116,427.7004,-0.0007076650867282037,STRESS,SPY,
2023-10-18 00:00:00,-0.004356711601961383,-1,428.8251,428.1542,0.0010645073014616262,STRESS,SPY,
2023-10-23 00:00:00,-0.003798594139971856,-1,413.6805,413.0392,0.001050230189723667,STRESS,SPY,
2023-10-24 00:00:00,0.005232567950340661,1,417.9476,417.9822,-0.0004172145024879388,STRESS,SPY,
2023-10-25 00:00:00,-0.0040839559318449625,-1,415.634,415.2788,0.00035459803577192516,STRESS,SPY,
2023-10-26 00:00:00,-0.002777757552369753,-1,411.4606,410.3655,0.0021614941989585583,STRESS,SPY,
2023-10-27 00:00:00,0.003877956155463158,1,408.4119,408.0272,-0.001441941211801134,STRESS,SPY,
2023-10-30 00:00:00,0.006890322899058443,1,408.7375,409.1815,0.0005862717514297238,STRESS,SPY,
2023-11-01 00:00:00,0.0023192426618507955,1,413.276,413.4092,-0.00017769722897048547,STRESS,SPY,
2023-11-02 00:00:00,0.009179107573309198,1,421.83,422.2345,0.0004589170993054008,STRESS,SPY,
2023-11-03 00:00:00,0.005548402398942942,1,427.5425,427.582,-0.00040761152400065016,STRESS,SPY,
2023-11-09 00:00:00,0.0028132548233930077,1,431.8639,431.42,-0.0015278701229715637,STRESS,SPY,
2023-11-10 00:00:00,0.00486327556490207,1,429.4862,429.8512,0.0003498526844402665,STRESS,SPY,
2023-11-13 00:00:00,-0.003109462178293554,-1,432.9295,432.8407,-0.00029488577239483683,STRESS,SPY,
2023-11-14 00:00:00,0.013902716672023807,1,440.7041,440.8718,-0.00011947256674021923,STRESS,SPY,
2023-11-15 00:00:00,0.0031201230430335514,1,444.5026,444.3546,-0.0008329564326507439,STRESS,SPY,
2023-11-21 00:00:00,-0.0023241548999257677,-1,447.127,446.9395,-8.065605521473352e-05,STRESS,SPY,
2023-11-22 00:00:00,0.003772535201346905,1,449.6133,450.0178,0.00039966199843294347,STRESS,SPY,
2023-11-29 00:00:00,0.0049902583454695115,1,451.7345,451.6654,-0.0006529659567733877,STRESS,SPY,
2023-12-04 00:00:00,-0.007483211295893133,-1,450.3532,450.2348,-0.0002370952399139421,STRESS,SPY,
2023-12-05 00:00:00,-0.0030658043735819485,-1,449.0904,448.9621,-0.0002143114170332634,STRESS,SPY,
2023-12-06 00:00:00,0.004884214676352583,1,452.2475,451.8134,-0.0014598726361118581,STRESS,SPY,
2023-12-07 00:00:00,0.004838322114649518,1,450.8959,450.8564,-0.0005876033692033262,STRESS,SPY,
2023-12-14 00:00:00,0.00437879271660524,1,466.9679,466.2477,-0.0020422901659835064,STRESS,SPY,
2023-12-18 00:00:00,0.003430319985409769,1,466.7445,466.9079,-0.00014991553194537667,STRESS,SPY,
2023-12-21 00:00:00,0.00717992236149434,1,467.4478,467.6856,8.719904126264656e-06,STRESS,SPY,
2023-12-22 00:00:00,0.002517724339404337,1,469.7857,470.1919,0.00036464956255571933,STRESS,SPY,
2024-01-02 00:00:00,-0.006710835022314954,-1,468.2403,467.4973,0.0010867920809037317,STRESS,SPY,
2024-01-03 00:00:00,-0.004591698332446881,-1,465.7439,465.8083,-0.0006382734159265375,STRESS,SPY,
2024-01-09 00:00:00,-0.005668429223126603,-1,467.6558,467.5667,-0.00030947525936814114,STRESS,SPY,
2024-01-11 00:00:00,0.002245504859399672,1,473.2034,473.1935,-0.0005209212359844058,STRESS,SPY,
2024-01-12 00:00:00,0.003191227155906251,1,473.5006,473.872,0.0002843707061827576,STRESS,SPY,
2024-01-16 00:00:00,-0.0029477047653113653,-1,470.6674,470.1869,0.0005208907606518158,STRESS,SPY,
2024-01-17 00:00:00,-0.00659002603406722,-1,466.8832,467.2695,-0.0013274017998506356,STRESS,SPY,
2024-01-18 00:00:00,0.0036738349339209275,1,469.7857,469.6767,-0.0007320206851763596,STRESS,SPY,
2024-01-19 00:00:00,0.0024974851417856048,1,472.817,472.6585,-0.0008352248332864072,STRESS,SPY,
2024-01-22 00:00:00,0.003295885384963171,1,480.2467,480.2963,-0.00039671974841254355,STRESS,SPY,
2024-01-24 00:00:00,0.006042646406400287,1,482.971,482.7332,-0.000992369107047863,STRESS,SPY,
2024-01-25 00:00:00,0.004646279170284151,1,482.9511,482.7629,-0.0008896874859586896,STRESS,SPY,
2024-01-31 00:00:00,-0.004563404172008401,-1,484.2786,484.021,3.1925218252404786e-05,STRESS,SPY,
2024-02-01 00:00:00,0.0035408030572270377,1,480.9897,480.752,-0.0009941893766124972,STRESS,SPY,
2024-02-07 00:00:00,0.00469672765825524,1,491.421,491.2922,-0.0007620970613791407,STRESS,SPY,
2024-02-13 00:00:00,-0.012795886873712026,-1,490.2323,489.945,8.604869568978922e-05,STRESS,SPY,
2024-02-14 00:00:00,0.005362923794470786,1,492.0253,491.2823,-0.0020100849488837165,STRESS,SPY,
2024-02-20 00:00:00,-0.0035435895466735534,-1,493.5311,492.6296,0.0013266326073473893,STRESS,SPY,
2024-02-21 00:00:00,-0.0026572661169915746,-1,490.579,490.9256,-0.0012065121010070286,STRESS,SPY,
2024-02-22 00:00:00,0.013757873686805144,1,498.3505,498.7616,0.00032492141575052357,STRESS,SPY,
2024-02-23 00:00:00,0.003428382078931813,1,504.9926,504.9233,-0.0006372297336633688,STRESS,SPY,
2024-02-28 00:00:00,-0.0030383187438535186,-1,500.6438,500.8221,-0.000856141432291679,STRESS,SPY,
2024-02-29 00:00:00,0.003714057460202147,1,503.9723,503.8336,-0.0007752135385218901,STRESS,SPY,
2024-03-05 00:00:00,-0.003923938032048269,-1,505.0223,505.0917,-0.0006374196743391121,STRESS,SPY,
2024-03-06 00:00:00,0.006704058064017859,1,505.6167,505.1511,-0.001420855660028641,STRESS,SPY,
2024-03-07 00:00:00,0.006551591880200158,1,508.3608,508.6976,0.00016252157916202313,STRESS,SPY,
2024-03-11 00:00:00,-0.002501163790722738,-1,505.4285,505.8545,-0.001342849186383443,STRESS,SPY,
2024-03-12 00:00:00,0.0042833841459501976,1,508.1329,506.7758,-0.0031707579847713436,STRESS,SPY,
2024-03-15 00:00:00,-0.006105181072605603,-1,507.6357,507.1687,0.00041995105939157716,STRESS,SPY,
2024-03-18 00:00:00,0.008357243793513103,1,511.4914,511.0442,-0.0013743060000617753,STRESS,SPY,
2024-03-21 00:00:00,0.005706986446632145,1,519.7194,520.1865,0.0003987542123692904,STRESS,SPY,
2024-03-25 00:00:00,-0.0028200755868289518,-1,516.9966,516.8277,-0.00017330539504539734,STRESS,SPY,
2024-03-26 00:00:00,0.002731587195418994,1,518.0798,517.8214,-0.000998764862092549,STRESS,SPY,
2024-03-27 00:00:00,0.005880404736686495,1,518.1891,518.2189,-0.0004424920362085523,STRESS,SPY,
2024-04-02 00:00:00,-0.007621241817281854,-1,514.6763,514.2639,0.00030128033872928216,STRESS,SPY,
2024-04-03 00:00:00,-0.002177870055110942,-1,514.9595,515.2079,-0.0009823680308838618,STRESS,SPY,
2024-04-04 00:00:00,0.008009846109967134,1,520.2461,519.7791,-0.001397652091961798,STRESS,SPY,
2024-04-05 00:00:00,0.002787301985829993,1,511.551,510.986,-0.001604484205875833,STRESS,SPY,
2024-04-09 00:00:00,0.003528213875920949,1,516.8376,517.0961,1.5710931261557828e-07,STRESS,SPY,
2024-04-10 00:00:00,-0.011188244465902941,-1,510.1449,510.2492,-0.0007044517155810333,STRESS,SPY,
2024-04-11 00:00:00,0.002956345319139242,1,512.1771,511.3225,-0.002168563471502349,STRESS,SPY,
2024-04-12 00:00:00,-0.007103528454226571,-1,511.7597,511.9087,-0.0007911522732251815,STRESS,SPY,
2024-04-15 00:00:00,0.008437483624426312,1,511.1535,511.4715,0.0001221223174642798,STRESS,SPY,
2024-04-17 00:00:00,0.0050846258422911905,1,502.3888,502.528,-0.00022292375944693533,STRESS,SPY,
2024-04-18 00:00:00,0.0029570094615456455,1,497.9568,496.7445,-0.002934548539150372,STRESS,SPY,
2024-04-22 00:00:00,0.0055138827771448184,1,494.1111,494.1111,-0.0005,STRESS,SPY,
2024-04-23 00:00:00,0.004303357932390339,1,498.2351,498.6425,0.00031768626899236806,STRESS,SPY,
2024-04-25 00:00:00,-0.012443773574087436,-1,495.3334,495.4327,-0.00070047103627574,STRESS,SPY,
2024-04-26 00:00:00,0.005780338732886969,1,503.5614,504.0981,0.0005658084595045469,STRESS,SPY,
2024-04-29 00:00:00,0.0036400212255371933,1,507.4767,506.9103,-0.0016161103554113705,STRESS,SPY,
2024-04-30 00:00:00,-0.0029213730986265007,-1,505.5688,505.5539,-0.0004705282446226251,STRESS,SPY,
2026-01-21 00:00:00-05:00,0.002853693337723673,1,6859.0,6857.5,,PRIMARY,ES,-2.1
2026-01-22 00:00:00-05:00,0.006547769778967538,1,6955.5,6960.75,,PRIMARY,ES,4.65
2026-01-30 00:00:00-05:00,-0.003397711015736715,-1,6977.0,6984.0,,PRIMARY,ES,-7.6
2026-02-02 00:00:00-05:00,-0.00355182434614143,-1,6952.75,6967.25,,PRIMARY,ES,-15.1
2026-02-05 00:00:00-05:00,-0.007673930355462266,-1,6844.0,6869.25,,PRIMARY,ES,-25.85
2026-02-06 00:00:00-05:00,0.005647024311539628,1,6857.25,6888.75,,PRIMARY,ES,30.9
2026-02-11 00:00:00-05:00,0.006105225354641863,1,7009.0,6993.0,,PRIMARY,ES,-16.6
2026-02-12 00:00:00-05:00,0.0032692653134542837,1,6981.75,6987.25,,PRIMARY,ES,4.9
2026-02-17 00:00:00-05:00,-0.0021897810218978186,-1,6840.0,6859.0,,PRIMARY,ES,-19.6
2026-02-19 00:00:00-05:00,-0.0035531706609622793,-1,6874.25,6868.75,,PRIMARY,ES,4.9
2026-02-20 00:00:00-05:00,-0.0036349096724946905,-1,6849.25,6869.25,,PRIMARY,ES,-20.6
2026-02-23 00:00:00-05:00,-0.0024188598866384803,-1,6921.25,6926.0,,PRIMARY,ES,-5.35
2026-02-25 00:00:00-05:00,0.003947416072139998,1,6938.25,6940.25,,PRIMARY,ES,1.4
2026-02-27 00:00:00-05:00,-0.009499385971248997,-1,6859.5,6865.5,,PRIMARY,ES,-6.6
2026-03-02 00:00:00-05:00,-0.011214749755017572,-1,6816.5,6834.25,,PRIMARY,ES,-18.35
2026-03-03 00:00:00-05:00,-0.01655352669982213,-1,6784.5,6780.25,,PRIMARY,ES,3.65
2026-03-05 00:00:00-05:00,-0.004474028808380659,-1,6846.25,6858.5,,PRIMARY,ES,-12.85
2026-03-06 00:00:00-05:00,-0.012106803218727147,-1,6746.5,6729.5,,PRIMARY,ES,16.4
2026-03-09 00:00:00-04:00,-0.009047089358546478,-1,6692.0,6665.25,,PRIMARY,ES,26.15
2026-03-12 00:00:00-04:00,-0.007853982300884965,-1,6722.0,6729.25,,PRIMARY,ES,-7.85
2026-03-13 00:00:00-04:00,0.004493372275893082,1,6714.5,6718.0,,PRIMARY,ES,2.9
2026-03-16 00:00:00-04:00,0.016536085580834747,1,6746.25,6754.0,,PRIMARY,ES,7.15
2026-03-17 00:00:00-04:00,0.005034240236905463,1,6790.75,6803.5,,PRIMARY,ES,12.15
2026-03-18 00:00:00-04:00,-0.0037655050206734098,-1,6742.5,6754.0,,PRIMARY,ES,-12.1
2026-03-19 00:00:00-04:00,-0.007225758143017624,-1,6618.5,6622.75,,PRIMARY,ES,-4.85
2026-03-20 00:00:00-04:00,-0.0024403063523051882,-1,6635.0,6624.75,,PRIMARY,ES,9.65
2026-03-23 00:00:00-04:00,0.014552380952380872,1,6653.0,6661.0,,PRIMARY,ES,7.4
2026-03-24 00:00:00-04:00,-0.006371107592550662,-1,6590.75,6588.75,,PRIMARY,ES,1.4
2026-03-25 00:00:00-04:00,0.008286665657635917,1,6672.0,6674.75,,PRIMARY,ES,2.15
2026-03-26 00:00:00-04:00,-0.00737729599518222,-1,6589.0,6580.5,,PRIMARY,ES,7.9
2026-03-27 00:00:00-04:00,-0.004330829372987899,-1,6488.0,6478.5,,PRIMARY,ES,8.9
2026-03-30 00:00:00-04:00,0.009442428498966038,1,6463.0,6446.5,,PRIMARY,ES,-17.1
2026-03-31 00:00:00-04:00,0.010919337794998318,1,6463.5,6466.0,,PRIMARY,ES,1.9
2026-04-01 00:00:00-04:00,0.005632302013167445,1,6609.5,6626.5,,PRIMARY,ES,16.4
2026-04-02 00:00:00-04:00,-0.013860563486668198,-1,6532.25,6517.0,,PRIMARY,ES,14.65
2026-04-07 00:00:00-04:00,-0.003532241094243216,-1,6629.25,6614.75,,PRIMARY,ES,13.9
2026-04-08 00:00:00-04:00,0.026066706730769162,1,6828.25,6819.75,,PRIMARY,ES,-9.1
2026-04-13 00:00:00-04:00,-0.0030267668295529404,-1,6836.5,6833.25,,PRIMARY,ES,2.65
2026-04-14 00:00:00-04:00,0.002383962434531428,1,6941.0,6951.5,,PRIMARY,ES,9.9
2026-01-21 00:00:00-05:00,0.002853693337723673,1,6859.0,6857.5,,STRESS,ES,-2.6
2026-01-22 00:00:00-05:00,0.006547769778967538,1,6955.5,6960.75,,STRESS,ES,4.15
2026-01-30 00:00:00-05:00,-0.003397711015736715,-1,6977.0,6984.0,,STRESS,ES,-8.1
2026-02-02 00:00:00-05:00,-0.00355182434614143,-1,6952.75,6967.25,,STRESS,ES,-15.6
2026-02-05 00:00:00-05:00,-0.007673930355462266,-1,6844.0,6869.25,,STRESS,ES,-26.35
2026-02-06 00:00:00-05:00,0.005647024311539628,1,6857.25,6888.75,,STRESS,ES,30.4
2026-02-11 00:00:00-05:00,0.006105225354641863,1,7009.0,6993.0,,STRESS,ES,-17.1
2026-02-12 00:00:00-05:00,0.0032692653134542837,1,6981.75,6987.25,,STRESS,ES,4.4
2026-02-17 00:00:00-05:00,-0.0021897810218978186,-1,6840.0,6859.0,,STRESS,ES,-20.1
2026-02-19 00:00:00-05:00,-0.0035531706609622793,-1,6874.25,6868.75,,STRESS,ES,4.4
2026-02-20 00:00:00-05:00,-0.0036349096724946905,-1,6849.25,6869.25,,STRESS,ES,-21.1
2026-02-23 00:00:00-05:00,-0.0024188598866384803,-1,6921.25,6926.0,,STRESS,ES,-5.85
2026-02-25 00:00:00-05:00,0.003947416072139998,1,6938.25,6940.25,,STRESS,ES,0.8999999999999999
2026-02-27 00:00:00-05:00,-0.009499385971248997,-1,6859.5,6865.5,,STRESS,ES,-7.1
2026-03-02 00:00:00-05:00,-0.011214749755017572,-1,6816.5,6834.25,,STRESS,ES,-18.85
2026-03-03 00:00:00-05:00,-0.01655352669982213,-1,6784.5,6780.25,,STRESS,ES,3.15
2026-03-05 00:00:00-05:00,-0.004474028808380659,-1,6846.25,6858.5,,STRESS,ES,-13.35
2026-03-06 00:00:00-05:00,-0.012106803218727147,-1,6746.5,6729.5,,STRESS,ES,15.9
2026-03-09 00:00:00-04:00,-0.009047089358546478,-1,6692.0,6665.25,,STRESS,ES,25.65
2026-03-12 00:00:00-04:00,-0.007853982300884965,-1,6722.0,6729.25,,STRESS,ES,-8.35
2026-03-13 00:00:00-04:00,0.004493372275893082,1,6714.5,6718.0,,STRESS,ES,2.4
2026-03-16 00:00:00-04:00,0.016536085580834747,1,6746.25,6754.0,,STRESS,ES,6.65
2026-03-17 00:00:00-04:00,0.005034240236905463,1,6790.75,6803.5,,STRESS,ES,11.65
2026-03-18 00:00:00-04:00,-0.0037655050206734098,-1,6742.5,6754.0,,STRESS,ES,-12.6
2026-03-19 00:00:00-04:00,-0.007225758143017624,-1,6618.5,6622.75,,STRESS,ES,-5.35
2026-03-20 00:00:00-04:00,-0.0024403063523051882,-1,6635.0,6624.75,,STRESS,ES,9.15
2026-03-23 00:00:00-04:00,0.014552380952380872,1,6653.0,6661.0,,STRESS,ES,6.9
2026-03-24 00:00:00-04:00,-0.006371107592550662,-1,6590.75,6588.75,,STRESS,ES,0.8999999999999999
2026-03-25 00:00:00-04:00,0.008286665657635917,1,6672.0,6674.75,,STRESS,ES,1.65
2026-03-26 00:00:00-04:00,-0.00737729599518222,-1,6589.0,6580.5,,STRESS,ES,7.4
2026-03-27 00:00:00-04:00,-0.004330829372987899,-1,6488.0,6478.5,,STRESS,ES,8.4
2026-03-30 00:00:00-04:00,0.009442428498966038,1,6463.0,6446.5,,STRESS,ES,-17.6
2026-03-31 00:00:00-04:00,0.010919337794998318,1,6463.5,6466.0,,STRESS,ES,1.4
2026-04-01 00:00:00-04:00,0.005632302013167445,1,6609.5,6626.5,,STRESS,ES,15.9
2026-04-02 00:00:00-04:00,-0.013860563486668198,-1,6532.25,6517.0,,STRESS,ES,14.15
2026-04-07 00:00:00-04:00,-0.003532241094243216,-1,6629.25,6614.75,,STRESS,ES,13.4
2026-04-08 00:00:00-04:00,0.026066706730769162,1,6828.25,6819.75,,STRESS,ES,-9.6
2026-04-13 00:00:00-04:00,-0.0030267668295529404,-1,6836.5,6833.25,,STRESS,ES,2.15
2026-04-14 00:00:00-04:00,0.002383962434531428,1,6941.0,6951.5,,STRESS,ES,9.4
