entry_time,exit_time,direction,model,tag,entry,exit,stop,target,reason,risk_ticks,total_r,moved_be,partial_taken
2021-01-05 10:08:00,2021-01-05 10:12:00,short,or_rev,or_rev_short,12775.7,12769.0625,12786.75,12705.5,trail,44.19999999999709,0.6006787330317797,False,True
2021-01-05 10:24:00,2021-01-05 10:25:00,short,kalman_mom,kalman_mom_short,12732.7,12743.0625,12743.0,12707.5,stop,41.19999999999709,-1.006067961165049,False,False
2021-01-05 14:02:00,2021-01-05 14:07:00,long,pm_mom,pm_mom_long,12777.9,12788.9375,12760.5,12813.0,trail,69.59999999999854,0.6343390804598042,False,True
2021-01-06 09:52:00,2021-01-06 09:53:00,long,sweep,sweep_pdl_long,12661.3,12661.2375,12649.0,12689.25,trail,49.19999999999709,-0.005081300813008431,True,True
2021-01-06 10:06:00,2021-01-06 10:07:00,short,or_rev,or_rev_short,12638.4,12638.4625,12649.5,12599.0,trail,44.400000000001455,-0.0056306306306304465,True,True
2021-01-06 10:14:00,2021-01-06 10:20:00,short,ou_rev,ou_rev_short,12685.4,12698.8125,12698.75,12635.0,stop,53.400000000001455,-1.0046816479400749,False,False
2021-01-06 10:27:00,2021-01-06 10:28:00,short,ou_rev,ou_rev_short,12701.6,12715.0625,12715.0,12647.25,stop,53.599999999998545,-1.0046641791044777,False,False
2021-01-06 10:30:00,2021-01-06 10:31:00,short,ou_rev,ou_rev_short,12712.4,12722.8125,12722.75,12650.0,stop,41.400000000001455,-1.006038647342995,False,False
2021-01-06 11:52:00,2021-01-06 11:57:00,short,kalman_mom,kalman_mom_short,12757.2,12768.0625,12768.0,12729.5,stop,43.19999999999709,-1.0057870370370374,False,False
2021-01-06 13:42:00,2021-01-06 13:46:00,long,pm_mom,pm_mom_long,12785.9,12796.1875,12772.0,12814.5,trail,55.599999999998545,0.7401079136691103,False,True
2021-01-07 10:09:00,2021-01-07 10:11:00,short,or_rev,or_rev_short,12873.6,12885.3125,12885.25,12777.25,stop,46.599999999998545,-1.005364806866953,False,False
2021-01-07 10:42:00,2021-01-07 10:43:00,long,kalman_mom,kalman_mom_long,12894.5,12894.4375,12883.5,12921.75,trail,44.0,-0.005681818181818182,True,True
2021-01-08 10:35:00,2021-01-08 10:39:00,long,vwap_rev,vwap_rev_long,12981.8,13006.9375,12969.5,13028.0,trail,49.19999999999709,2.04369918699205,True,True
2021-01-11 10:37:00,2021-01-11 10:39:00,short,vwap_scalp,vwap_scalp_short,13003.1,12998.0625,13013.25,12981.5,trail,40.599999999998545,0.4963054187192655,False,True
2021-01-11 10:46:00,2021-01-11 10:46:00,short,vwap_scalp,vwap_scalp_short,12996.5,12980.25,13007.0,12980.25,target,42.0,1.5476190476190477,False,False
2021-01-12 10:03:00,2021-01-12 10:05:00,long,pd_rev,pd_pdl_long,12886.2,12886.1375,12873.5,12912.25,trail,50.80000000000291,-0.004921259842519403,True,True
2021-01-12 10:34:00,2021-01-12 10:41:00,long,kalman_mom,kalman_mom_long,12917.4,12906.4375,12906.5,12943.75,stop,43.599999999998545,-1.0057339449541287,False,False
2021-01-12 12:14:00,2021-01-12 12:15:00,long,vwap_rev,vwap_rev_long,12799.3,12788.9375,12789.0,12899.75,stop,41.19999999999709,-1.006067961165049,False,False
2021-01-12 12:22:00,2021-01-12 12:24:00,long,vwap_rev,vwap_rev_long,12810.6,12800.1875,12800.25,12894.25,stop,41.400000000001455,-1.006038647342995,False,False
2021-01-12 13:31:00,2021-01-12 13:35:00,long,pm_mom,pm_mom_long,12883.6,12905.9375,12864.5,12921.75,trail,76.40000000000146,1.1695026178010057,True,True
2021-01-13 09:39:00,2021-01-13 09:40:00,long,open_drive,open_drive_long,12910.6,12897.4375,12897.5,12937.5,stop,52.400000000001455,-1.004770992366412,False,False
2021-01-13 10:45:00,2021-01-13 10:46:00,short,ou_rev,ou_rev_short,12960.0,12974.0625,12974.0,12921.25,stop,56.0,-1.0044642857142858,False,False
2021-01-13 12:05:00,2021-01-13 12:07:00,short,kalman_mom,kalman_mom_short,12966.4,12959.5625,12976.75,12941.25,trail,41.400000000001455,0.6606280193236131,False,True
2021-01-13 12:36:00,2021-01-13 12:41:00,short,pd_rev,pd_pdh_short,12954.0,12965.8125,12965.75,12930.5,trail,47.0,-1.0053191489361701,False,True
2021-01-13 14:02:00,2021-01-13 14:04:00,long,pm_mom,pm_mom_long,12986.1,12999.4375,12972.25,13013.5,trail,55.400000000001455,0.9629963898916452,True,True
2021-01-14 10:35:00,2021-01-14 10:37:00,short,pd_rev,pd_pdh_short,13008.9,12999.8125,13021.0,12984.5,trail,48.400000000001455,0.751033057851187,False,True
2021-01-14 12:13:00,2021-01-14 12:16:00,long,vwap_rev,vwap_rev_long,12970.1,12977.4375,12960.0,13001.75,trail,40.400000000001455,0.7264851485147893,True,True
2021-01-14 12:48:00,2021-01-14 12:51:00,long,vwap_rev,vwap_rev_long,12949.8,12964.9375,12939.5,12997.0,trail,41.19999999999709,1.4696601941749317,True,True
2021-01-15 10:10:00,2021-01-15 10:10:00,long,or_rev,or_rev_long,12833.0,12819.4375,12819.5,12912.25,stop,54.0,-1.0046296296296295,False,False
2021-01-15 10:17:00,2021-01-15 10:19:00,short,kalman_mom,kalman_mom_short,12839.2,12787.5625,12850.0,12813.75,trail,43.19999999999709,4.78125000000039,True,True
2021-01-18 09:47:00,2021-01-18 09:55:00,long,open_drive,open_drive_long,12804.9,12813.4375,12791.5,12831.75,trail,53.599999999998545,0.6371268656716862,True,True
2021-01-19 10:01:00,2021-01-19 10:02:00,long,or_rev,or_rev_long,12891.7,12879.9375,12880.0,12917.0,trail,46.80000000000291,-1.00534188034188,False,True
2021-01-19 10:07:00,2021-01-19 10:12:00,long,open_drive,open_drive_long,12907.0,12893.4375,12893.5,12933.5,stop,54.0,-1.0046296296296295,False,False
2021-01-19 11:18:00,2021-01-19 11:19:00,long,ou_rev,ou_rev_long,12875.9,12863.9375,12864.0,12895.5,stop,47.599999999998545,-1.0052521008403363,False,False
2021-01-19 11:21:00,2021-01-19 11:26:00,long,ou_rev,ou_rev_long,12866.9,12874.4375,12856.0,12894.75,trail,43.599999999998545,0.6915137614679464,False,True
2021-01-19 11:28:00,2021-01-19 11:32:00,long,ou_rev,ou_rev_long,12872.5,12881.9375,12862.0,12893.5,trail,42.0,0.8988095238095238,True,True
2021-01-20 10:21:00,2021-01-20 10:34:00,short,or_rev,or_rev_short,13234.0,13246.0625,13246.0,13163.5,stop,48.0,-1.0052083333333333,False,False
2021-01-20 14:28:00,2021-01-20 14:31:00,long,pm_mom,pm_mom_long,13300.2,13306.4375,13289.0,13322.5,trail,44.80000000000291,0.5569196428570418,False,True
2021-01-21 10:22:00,2021-01-21 10:23:00,short,vwap_rev,vwap_rev_short,13374.2,13366.3125,13385.25,13331.75,trail,44.19999999999709,0.7138009049774884,True,True
2021-01-21 10:27:00,2021-01-21 10:28:00,short,vwap_scalp,vwap_scalp_short,13371.3,13371.3625,13382.0,13353.0,trail,42.80000000000291,-0.005841121495326705,True,True
2021-01-21 11:07:00,2021-01-21 11:11:00,short,ou_rev,ou_rev_short,13388.5,13379.3125,13401.5,13350.0,trail,52.0,0.7067307692307693,False,True
2021-01-21 11:12:00,2021-01-21 11:25:00,short,ou_rev,ou_rev_short,13379.5,13390.5625,13390.5,13351.5,trail,44.0,-1.0056818181818181,False,True
2021-01-21 11:27:00,2021-01-21 11:36:00,short,ou_rev,ou_rev_short,13380.8,13371.3125,13392.0,13354.25,trail,44.80000000000291,0.8470982142855943,True,True
2021-01-21 12:17:00,2021-01-21 12:21:00,short,kalman_mom,kalman_mom_short,13334.7,13325.8125,13345.5,13307.5,trail,43.19999999999709,0.8229166666667895,True,True
2021-01-22 10:03:00,2021-01-22 10:07:00,short,or_rev,or_rev_short,13389.3,13389.3625,13400.5,13353.25,trail,44.80000000000291,-0.00558035714285678,True,True
2021-01-25 11:15:00,2021-01-25 11:15:00,short,kalman_mom,kalman_mom_short,13321.9,13333.3125,13333.25,13296.5,stop,45.400000000001455,-1.0055066079295152,False,False
2021-01-25 11:44:00,2021-01-25 11:45:00,long,or_rev,or_rev_long,13375.4,13389.1875,13361.0,13533.5,trail,57.599999999998545,0.9574652777778272,True,True
2021-01-25 13:49:00,2021-01-25 13:55:00,long,pm_mom,pm_mom_long,13449.8,13433.9375,13434.0,13480.75,stop,63.19999999999709,-1.0039556962025318,False,False
2021-01-26 10:55:00,2021-01-26 10:58:00,short,vwap_scalp,vwap_scalp_short,13523.0,13515.0625,13533.25,13506.0,trail,41.0,0.774390243902439,True,True
2021-01-26 14:28:00,2021-01-26 14:35:00,short,pm_mom,pm_mom_short,13495.1,13513.5625,13513.5,13458.25,stop,73.59999999999854,-1.0033967391304348,False,False
2021-01-27 10:21:00,2021-01-27 10:21:00,long,kalman_mom,kalman_mom_long,13337.1,13368.0,13324.75,13368.0,target,49.400000000001455,2.5020242914978725,False,False
2021-01-28 10:18:00,2021-01-28 10:19:00,short,or_rev,or_rev_short,13264.0,13277.3125,13277.25,13198.75,stop,53.0,-1.0047169811320755,False,False
2021-01-28 10:21:00,2021-01-28 10:22:00,short,vwap_rev,vwap_rev_short,13276.1,13276.1625,13288.0,13212.75,trail,47.599999999998545,-0.005252100840336295,True,True
2021-01-28 10:53:00,2021-01-28 10:58:00,short,ou_rev,ou_rev_short,13277.0,13293.5625,13293.5,13229.75,trail,66.0,-1.003787878787879,False,True
2021-01-28 10:59:00,2021-01-28 11:01:00,short,ou_rev,ou_rev_short,13278.0,13296.8125,13296.75,13233.0,stop,75.0,-1.0033333333333334,False,False
2021-01-28 11:10:00,2021-01-28 11:11:00,short,ou_rev,ou_rev_short,13306.5,13323.3125,13323.25,13240.0,stop,67.0,-1.0037313432835822,False,False
2021-01-28 11:19:00,2021-01-28 11:20:00,short,ou_rev,ou_rev_short,13313.2,13298.8125,13323.5,13245.25,trail,41.19999999999709,1.396844660194344,True,True
2021-01-28 11:28:00,2021-01-28 11:29:00,short,vwap_scalp,vwap_scalp_short,13289.3,13284.0625,13300.75,13268.75,trail,45.80000000000291,0.4574235807859336,False,True
2021-01-28 11:35:00,2021-01-28 11:36:00,short,ou_lunch,ou_lunch_short,13294.1,13283.5625,13304.5,13250.75,trail,41.599999999998545,1.0132211538462244,True,True
2021-01-28 11:39:00,2021-01-28 11:41:00,short,ou_lunch,ou_lunch_short,13288.7,13288.7625,13299.0,13251.75,trail,41.19999999999709,-0.006067961165048972,True,True
2021-01-28 11:43:00,2021-01-28 11:43:00,short,ou_lunch,ou_lunch_short,13281.4,13292.5625,13292.5,13252.75,stop,44.400000000001455,-1.0056306306306304,False,False
2021-01-28 13:34:00,2021-01-28 13:38:00,long,pm_mom,pm_mom_long,13382.2,13397.4375,13371.75,13403.0,trail,41.80000000000291,1.458133971291695,True,True
2021-01-29 09:53:00,2021-01-29 09:53:00,long,open_drive,open_drive_long,13074.1,13060.9375,13061.0,13100.0,stop,52.400000000001455,-1.004770992366412,False,False
2021-01-29 10:25:00,2021-01-29 10:26:00,long,sweep,sweep_pdl_long,13143.8,13157.4375,13124.75,13191.0,trail,76.19999999999709,0.715879265091929,True,True
2021-01-29 10:30:00,2021-01-29 10:32:00,short,or_rev,or_rev_short,13155.0,13167.5625,13167.5,13076.0,stop,50.0,-1.005,False,False
2021-01-29 10:35:00,2021-01-29 10:36:00,long,sweep,sweep_pdl_long,13149.2,13131.9375,13132.0,13189.0,stop,68.80000000000291,-1.0036337209302324,False,False
2021-01-29 12:24:00,2021-01-29 12:24:00,long,vwap_rev,vwap_rev_long,12964.3,12954.1875,12954.25,13064.5,stop,40.19999999999709,-1.0062189054726374,False,False
2021-01-29 13:33:00,2021-01-29 13:34:00,long,ou_rev,ou_rev_long,12939.5,12923.4375,12923.5,13017.5,stop,64.0,-1.00390625,False,False
2021-01-29 14:49:00,2021-01-29 14:50:00,long,ou_rev,ou_rev_long,12924.1,12913.1875,12913.25,12998.25,stop,43.400000000001455,-1.0057603686635943,False,False
2021-01-29 14:57:00,2021-01-29 14:58:00,long,ou_rev,ou_rev_long,12925.6,12925.5375,12905.75,12996.75,trail,79.40000000000146,-0.003148614609571731,True,True
2021-02-01 10:46:00,2021-02-01 10:50:00,short,or_rev,or_rev_short,13126.6,13139.5625,13139.5,13085.75,stop,51.599999999998545,-1.0048449612403103,False,False
2021-02-01 10:58:00,2021-02-01 11:00:00,short,kalman_mom,kalman_mom_short,13069.9,13082.0625,13082.0,13040.75,stop,48.400000000001455,-1.0051652892561982,False,False
2021-02-01 11:33:00,2021-02-01 11:34:00,short,vwap_rev,vwap_rev_short,13162.1,13172.5625,13172.5,13079.0,stop,41.599999999998545,-1.0060096153846156,False,False
2021-02-01 11:37:00,2021-02-01 11:41:00,short,vwap_rev,vwap_rev_short,13176.5,13187.5625,13187.5,13081.5,stop,44.0,-1.0056818181818181,False,False
2021-02-01 13:37:00,2021-02-01 13:38:00,short,ou_rev,ou_rev_short,13265.1,13248.5625,13277.5,13140.0,trail,49.599999999998545,1.3336693548387781,False,True
2021-02-01 14:58:00,2021-02-01 15:01:00,short,pm_mom,pm_mom_short,13255.4,13266.5625,13266.5,13232.5,stop,44.400000000001455,-1.0056306306306304,False,False
2021-02-03 10:22:00,2021-02-03 10:23:00,long,ou_rev,ou_rev_long,13449.4,13433.1875,13433.25,13499.5,stop,64.59999999999854,-1.0038699690402477,False,False
2021-02-03 10:25:00,2021-02-03 10:26:00,long,or_rev,or_rev_long,13437.7,13437.6375,13424.0,13516.5,trail,54.80000000000291,-0.004562043795620196,True,True
2021-02-05 10:02:00,2021-02-05 10:03:00,long,or_rev,or_rev_long,13551.8,13538.4375,13538.5,13576.25,stop,53.19999999999709,-1.004699248120301,False,False
2021-02-05 10:05:00,2021-02-05 10:07:00,long,ou_rev,ou_rev_long,13547.0,13563.9375,13534.0,13567.0,trail,52.0,1.3028846153846154,True,True
2021-02-05 10:22:00,2021-02-05 10:23:00,long,ou_rev,ou_rev_long,13540.7,13529.4375,13529.5,13562.5,stop,44.80000000000291,-1.0055803571428568,False,False
2021-02-08 11:39:00,2021-02-08 11:42:00,long,vwap_rev,vwap_rev_long,13621.0,13608.4375,13608.5,13662.0,stop,50.0,-1.005,False,False
2021-02-09 10:03:00,2021-02-09 10:15:00,long,trend,trend_cont_long,13721.8,13732.1875,13704.5,13756.5,trail,69.19999999999709,0.600433526011628,False,True
2021-02-10 09:51:00,2021-02-10 09:52:00,long,open_drive,open_drive_long,13742.3,13730.4375,13730.5,13766.5,stop,47.19999999999709,-1.0052966101694918,False,False
2021-02-10 10:00:00,2021-02-10 10:09:00,long,open_drive,open_drive_long,13742.8,13742.7375,13730.5,13767.5,trail,49.19999999999709,-0.005081300813008431,True,True
2021-02-10 10:36:00,2021-02-10 10:37:00,long,or_rev,or_rev_long,13593.6,13631.9375,13582.75,13744.75,trail,43.400000000001455,3.533410138248696,True,True
2021-02-11 10:12:00,2021-02-11 10:12:00,long,or_rev,or_rev_long,13706.6,13694.6875,13694.75,13726.25,stop,47.400000000001455,-1.0052742616033754,False,False
2021-02-11 12:22:00,2021-02-11 12:25:00,long,vwap_rev,vwap_rev_long,13692.3,13692.2375,13682.0,13720.5,trail,41.19999999999709,-0.006067961165048972,True,True
2021-02-11 12:36:00,2021-02-11 12:38:00,long,vwap_rev,vwap_rev_long,13669.7,13684.4375,13657.25,13715.75,trail,49.80000000000291,1.1837349397589085,True,True
2021-02-11 14:12:00,2021-02-11 14:14:00,short,trend,trend_cont_short,13670.9,13670.9625,13684.75,13643.0,trail,55.400000000001455,-0.004512635379061253,True,True
2021-02-16 09:47:00,2021-02-16 09:50:00,long,sweep,sweep_pdl_long,13864.0,13863.9375,13852.25,13893.25,trail,47.0,-0.005319148936170213,True,True
2021-02-16 10:04:00,2021-02-16 10:05:00,long,pd_rev,pd_pdl_long,13858.2,13858.1375,13845.5,13883.0,trail,50.80000000000291,-0.004921259842519403,True,True
2021-02-16 11:12:00,2021-02-16 11:13:00,long,vwap_rev,vwap_rev_long,13819.2,13829.4375,13806.75,13850.75,trail,49.80000000000291,0.8222891566263996,True,True
2021-02-16 11:38:00,2021-02-16 11:46:00,long,vwap_scalp,vwap_scalp_long,13807.0,13796.1875,13796.25,13824.25,stop,43.0,-1.005813953488372,False,False
2021-02-16 12:37:00,2021-02-16 12:40:00,long,vwap_scalp,vwap_scalp_long,13780.6,13769.6875,13769.75,13800.25,stop,43.400000000001455,-1.0057603686635943,False,False
2021-02-16 12:54:00,2021-02-16 12:56:00,long,vwap_scalp,vwap_scalp_long,13783.3,13793.4375,13772.0,13800.25,trail,45.19999999999709,0.8971238938054319,True,True
2021-02-16 14:19:00,2021-02-16 14:28:00,long,trend,trend_cont_long,13791.3,13798.1875,13781.0,13812.0,trail,41.19999999999709,0.6686893203884674,False,True
2021-02-17 10:25:00,2021-02-17 10:28:00,long,vwap_rev,vwap_rev_long,13609.7,13597.6875,13597.75,13653.75,stop,47.80000000000291,-1.0052301255230123,False,False
2021-02-17 11:47:00,2021-02-17 11:48:00,short,trend,trend_cont_short,13555.1,13571.0625,13571.0,13522.75,stop,63.599999999998545,-1.003930817610063,False,False
2021-02-17 12:02:00,2021-02-17 12:06:00,long,kalman_mom,kalman_mom_long,13612.1,13618.4375,13600.5,13640.75,trail,46.400000000001455,0.5463362068965032,False,True
2021-02-17 13:31:00,2021-02-17 13:36:00,long,pm_mom,pm_mom_long,13670.5,13656.1875,13656.25,13698.5,stop,57.0,-1.0043859649122806,False,False
2021-02-18 10:21:00,2021-02-18 10:22:00,long,vwap_rev,vwap_rev_long,13504.3,13504.2375,13492.25,13547.5,trail,48.19999999999709,-0.005186721991701558,True,True
2021-02-18 10:26:00,2021-02-18 10:27:00,long,vwap_rev,vwap_rev_long,13486.0,13475.4375,13475.5,13543.25,stop,42.0,-1.005952380952381,False,False
2021-02-18 10:52:00,2021-02-18 10:56:00,long,kalman_mom,kalman_mom_long,13534.0,13543.4375,13522.5,13562.25,trail,46.0,0.8206521739130435,True,True
2021-02-18 11:08:00,2021-02-18 11:09:00,long,trend,trend_cont_long,13543.7,13531.6875,13531.75,13567.75,stop,47.80000000000291,-1.0052301255230123,False,False
2021-02-18 11:54:00,2021-02-18 11:55:00,short,trend,trend_cont_short,13524.1,13536.3125,13536.25,13499.5,stop,48.599999999998545,-1.0051440329218109,False,False
2021-02-18 12:22:00,2021-02-18 12:25:00,long,pd_rev,pd_pdl_long,13551.5,13560.1875,13537.5,13579.0,trail,56.0,0.6205357142857143,False,True
2021-02-19 10:14:00,2021-02-19 10:15:00,long,or_rev,or_rev_long,13646.2,13646.1375,13634.5,13678.25,trail,46.80000000000291,-0.00534188034188001,True,True
2021-02-19 12:27:00,2021-02-19 12:35:00,long,vwap_rev,vwap_rev_long,13622.4,13611.4375,13611.5,13667.75,stop,43.599999999998545,-1.0057339449541287,False,False
2021-02-19 12:38:00,2021-02-19 12:39:00,long,vwap_rev,vwap_rev_long,13599.7,13588.9375,13589.0,13664.75,stop,42.80000000000291,-1.0058411214953267,False,False
2021-02-19 13:22:00,2021-02-19 13:25:00,long,ou_lunch,ou_lunch_long,13563.9,13579.6875,13553.0,13646.25,trail,43.599999999998545,1.4483944954129258,True,True
2021-02-19 13:26:00,2021-02-19 13:34:00,long,ou_lunch,ou_lunch_long,13579.7,13565.4375,13565.5,13644.75,stop,56.80000000000291,-1.004401408450704,False,False
2021-02-19 13:36:00,2021-02-19 13:38:00,long,ou_rev,ou_rev_long,13564.2,13581.9375,13553.25,13642.25,trail,43.80000000000291,1.619863013698456,False,True
2021-02-19 13:40:00,2021-02-19 13:45:00,long,ou_rev,ou_rev_long,13585.1,13599.6875,13567.0,13641.0,trail,72.40000000000146,0.8059392265193007,True,True
2021-02-19 13:56:00,2021-02-19 14:03:00,long,ou_rev,ou_rev_long,13592.9,13602.4375,13580.5,13638.5,trail,49.599999999998545,0.7691532258065035,False,True
2021-02-19 14:32:00,2021-02-19 14:48:00,long,ou_rev,ou_rev_long,13570.2,13583.4375,13555.5,13633.5,trail,58.80000000000291,0.9005102040815386,True,True
2021-02-22 10:21:00,2021-02-22 10:22:00,long,vwap_scalp,vwap_scalp_long,13379.1,13389.6875,13368.5,13396.25,trail,42.400000000001455,0.9988207547169126,True,True
2021-02-22 10:27:00,2021-02-22 10:28:00,long,vwap_rev,vwap_rev_long,13360.8,13348.4375,13348.5,13408.5,stop,49.19999999999709,-1.0050813008130084,False,False
2021-02-22 10:30:00,2021-02-22 10:31:00,long,vwap_rev,vwap_rev_long,13357.1,13365.4375,13346.0,13406.25,trail,44.400000000001455,0.7511261261260688,True,True
2021-02-22 10:36:00,2021-02-22 10:39:00,long,ema_rev,ema_rev_long,13336.4,13322.6875,13322.75,13365.25,trail,54.599999999998545,-1.0045787545787548,False,True
2021-02-22 11:16:00,2021-02-22 11:20:00,long,ou_rev,ou_rev_long,13321.6,13337.1875,13304.75,13372.5,trail,67.40000000000146,0.9250741839762195,True,True
2021-02-23 10:14:00,2021-02-23 10:15:00,short,ema_rev,ema_rev_short,12965.6,12940.3125,12978.25,12922.25,trail,50.599999999998545,1.9990118577075962,True,True
2021-02-23 10:57:00,2021-02-23 10:59:00,short,or_rev,or_rev_short,13091.1,13069.5625,13105.25,12932.0,trail,56.599999999998545,1.522084805653775,True,True
2021-02-24 11:10:00,2021-02-24 11:10:00,short,vwap_scalp,vwap_scalp_short,13117.8,13129.5625,13129.5,13088.5,stop,46.80000000000291,-1.00534188034188,False,False
2021-02-24 11:28:00,2021-02-24 11:30:00,short,or_rev,or_rev_short,13180.1,13165.5625,13193.75,13066.0,trail,54.599999999998545,1.06501831501837,False,True
2021-02-24 11:37:00,2021-02-24 11:38:00,short,vwap_scalp,vwap_scalp_short,13179.1,13179.1625,13191.0,13128.75,trail,47.599999999998545,-0.005252100840336295,True,True
2021-02-24 13:47:00,2021-02-24 13:49:00,short,pd_rev,pd_pdh_short,13263.6,13251.0625,13275.0,13133.0,trail,45.599999999998545,1.099780701754453,False,True
2021-02-25 10:32:00,2021-02-25 10:33:00,short,kalman_mom,kalman_mom_short,13146.8,13146.8625,13158.75,13117.0,trail,47.80000000000291,-0.005230125523012234,True,True
2021-02-25 13:34:00,2021-02-25 13:38:00,short,pm_mom,pm_mom_short,12907.2,12892.5625,12925.75,12874.0,trail,74.19999999999709,0.7890835579515526,True,True
2021-02-26 10:16:00,2021-02-26 10:17:00,short,kalman_mom,kalman_mom_short,12854.3,12822.3125,12865.75,12829.0,trail,45.80000000000291,2.793668122270501,True,True
2021-03-01 10:40:00,2021-03-01 10:41:00,short,ou_rev,ou_rev_short,13147.4,13159.5625,13159.5,13103.0,stop,48.400000000001455,-1.0051652892561982,False,False
2021-03-01 10:48:00,2021-03-01 10:50:00,short,ou_rev,ou_rev_short,13168.4,13179.5625,13179.5,13108.0,stop,44.400000000001455,-1.0056306306306304,False,False
2021-03-01 11:07:00,2021-03-01 11:09:00,short,ou_rev,ou_rev_short,13178.1,13189.5625,13189.5,13120.0,stop,45.599999999998545,-1.005482456140351,False,False
2021-03-01 11:34:00,2021-03-01 11:36:00,short,ou_lunch,ou_lunch_short,13182.7,13194.8125,13194.75,13132.25,stop,48.19999999999709,-1.0051867219917014,False,False
2021-03-01 11:47:00,2021-03-01 11:52:00,short,ou_lunch,ou_lunch_short,13217.4,13227.5625,13227.5,13137.25,stop,40.400000000001455,-1.0061881188118809,False,False
2021-03-02 13:35:00,2021-03-02 13:39:00,short,ou_rev,ou_rev_short,13200.7,13211.8125,13211.75,13182.75,stop,44.19999999999709,-1.0056561085972855,False,False
2021-03-02 14:11:00,2021-03-02 14:12:00,short,pm_mom,pm_mom_short,13171.4,13162.5625,13181.75,13150.5,trail,41.400000000001455,0.8538647342994518,True,True
2021-03-02 14:34:00,2021-03-02 14:39:00,short,trend,trend_cont_short,13137.1,13152.5625,13152.5,13106.25,stop,61.599999999998545,-1.0040584415584417,False,False
2021-03-03 11:32:00,2021-03-03 11:33:00,short,vwap_scalp,vwap_scalp_short,12967.1,12967.1625,12978.0,12942.0,trail,43.599999999998545,-0.0057339449541286315,True,True
2021-03-03 13:32:00,2021-03-03 13:33:00,short,pm_mom,pm_mom_short,12839.1,12821.3125,12855.5,12805.75,trail,65.59999999999854,1.0846036585366317,False,True
2021-03-04 10:46:00,2021-03-04 10:47:00,short,ema_rev,ema_rev_short,12712.1,12727.0625,12727.0,12651.5,stop,59.599999999998545,-1.0041946308724834,False,False
2021-03-04 11:46:00,2021-03-04 11:48:00,short,or_rev,or_rev_short,12785.1,12798.3125,12798.25,12713.0,stop,52.599999999998545,-1.0047528517110267,False,False
2021-03-04 13:35:00,2021-03-04 13:36:00,short,pm_mom,pm_mom_short,12434.6,12454.5625,12454.5,12395.0,stop,79.59999999999854,-1.003140703517588,False,False
2021-03-05 12:31:00,2021-03-05 12:32:00,short,vwap_scalp,vwap_scalp_short,12453.2,12453.2625,12463.25,12412.5,trail,40.19999999999709,-0.006218905472637266,True,True
2021-03-05 13:09:00,2021-03-05 13:09:00,short,vwap_scalp,vwap_scalp_short,12496.1,12508.3125,12508.25,12443.5,stop,48.599999999998545,-1.0051440329218109,False,False
2021-03-05 13:43:00,2021-03-05 13:45:00,short,ou_rev,ou_rev_short,12614.2,12583.8125,12629.0,12412.5,trail,59.19999999999709,2.0532094594596098,True,True
2021-03-05 13:48:00,2021-03-05 13:49:00,short,ou_rev,ou_rev_short,12598.3,12598.3625,12613.5,12415.75,trail,60.80000000000291,-0.004111842105262961,True,True
2021-03-05 13:55:00,2021-03-05 13:56:00,short,pm_mom,pm_mom_short,12574.5,12556.5625,12594.0,12535.25,trail,78.0,0.9198717948717948,True,True
2021-03-05 14:07:00,2021-03-05 14:08:00,short,ou_rev,ou_rev_short,12557.2,12536.3125,12574.5,12426.0,trail,69.19999999999709,1.2073699421966246,True,True
2021-03-08 13:32:00,2021-03-08 13:36:00,short,pm_mom,pm_mom_short,12544.6,12523.3125,12564.0,12507.5,trail,77.59999999999854,1.097293814433029,True,True
2021-03-09 10:01:00,2021-03-09 10:02:00,short,ou_rev,ou_rev_short,12707.7,12707.7625,12719.5,12643.0,trail,47.19999999999709,-0.005296610169491852,True,True
2021-03-09 10:15:00,2021-03-09 10:16:00,short,ou_rev,ou_rev_short,12726.1,12741.3125,12741.25,12668.75,stop,60.599999999998545,-1.0041254125412542,False,False
2021-03-09 10:20:00,2021-03-09 10:23:00,short,ou_rev,ou_rev_short,12746.7,12758.8125,12758.75,12675.25,stop,48.19999999999709,-1.0051867219917014,False,False
2021-03-09 10:25:00,2021-03-09 10:26:00,short,ou_rev,ou_rev_short,12744.6,12744.6625,12761.5,12681.0,trail,67.59999999999854,-0.0036982248520710855,True,True
2021-03-09 11:10:00,2021-03-09 11:11:00,short,pd_rev,pd_pdh_short,12715.8,12728.3125,12728.25,12690.75,stop,49.80000000000291,-1.0050200803212848,False,False
2021-03-09 12:59:00,2021-03-09 13:01:00,short,ou_lunch,ou_lunch_short,12769.6,12781.8125,12781.75,12724.5,stop,48.599999999998545,-1.0051440329218109,False,False
2021-03-09 14:35:00,2021-03-09 14:37:00,short,pm_mom,pm_mom_short,12816.8,12829.0625,12829.0,12792.25,stop,48.80000000000291,-1.0051229508196717,False,False
2021-03-10 10:20:00,2021-03-10 10:21:00,short,kalman_mom,kalman_mom_short,12893.1,12875.5625,12904.0,12866.25,trail,43.599999999998545,1.6089449541285274,True,True
2021-03-11 11:11:00,2021-03-11 11:14:00,short,vwap_rev,vwap_rev_short,13032.8,13043.8125,13043.75,12977.0,stop,43.80000000000291,-1.0057077625570772,False,False
2021-03-11 11:17:00,2021-03-11 11:23:00,short,vwap_scalp,vwap_scalp_short,13035.6,13047.5625,13047.5,13007.5,stop,47.599999999998545,-1.0052521008403363,False,False
2021-03-11 12:27:00,2021-03-11 12:31:00,short,ou_lunch,ou_lunch_short,13069.1,13081.5625,13081.5,13006.25,stop,49.599999999998545,-1.0050403225806452,False,False
2021-03-11 14:07:00,2021-03-11 14:09:00,short,ou_rev,ou_rev_short,13076.7,13088.0625,13088.0,13030.0,stop,45.19999999999709,-1.0055309734513278,False,False
2021-03-11 14:11:00,2021-03-11 14:12:00,short,ou_rev,ou_rev_short,13081.3,13081.3625,13093.5,13030.5,trail,48.80000000000291,-0.0051229508196718255,True,True
2021-03-11 14:37:00,2021-03-11 14:44:00,short,pm_mom,pm_mom_short,13075.1,13085.3125,13085.25,13054.75,stop,40.599999999998545,-1.0061576354679804,False,False
2021-03-12 10:27:00,2021-03-12 10:28:00,long,vwap_scalp,vwap_scalp_long,12816.4,12803.9375,12804.0,12834.5,trail,49.599999999998545,-1.0050403225806452,False,True
2021-03-12 10:56:00,2021-03-12 10:56:00,long,vwap_rev,vwap_rev_long,12787.3,12776.6875,12776.75,12841.5,stop,42.19999999999709,-1.0059241706161142,False,False
2021-03-12 10:59:00,2021-03-12 11:05:00,long,ou_rev,ou_rev_long,12788.1,12788.0375,12769.25,12839.75,trail,75.40000000000146,-0.0033156498673739413,True,True
2021-03-12 11:07:00,2021-03-12 11:08:00,long,ou_rev,ou_rev_long,12783.2,12811.9375,12767.75,12835.5,trail,61.80000000000291,1.8600323624594122,True,True
2021-03-12 12:32:00,2021-03-12 12:33:00,long,pd_rev,pd_pdl_long,12915.9,12925.6875,12901.5,12945.0,trail,57.599999999998545,0.6796875000000424,False,True
2021-03-15 09:56:00,2021-03-15 09:57:00,short,ou_rev,ou_rev_short,12965.8,12977.3125,12977.25,12931.5,stop,45.80000000000291,-1.0054585152838424,False,False
2021-03-15 10:03:00,2021-03-15 10:04:00,short,or_rev,or_rev_short,12961.8,12976.0625,12976.0,12928.5,stop,56.80000000000291,-1.004401408450704,False,False
2021-03-15 10:36:00,2021-03-15 10:37:00,short,pd_rev,pd_pdh_short,12943.0,12929.0625,12955.5,12918.0,trail,50.0,1.115,False,True
2021-03-15 11:36:00,2021-03-15 11:39:00,short,kalman_mom,kalman_mom_short,12898.9,12881.5625,12911.25,12868.0,trail,49.400000000001455,1.4038461538460831,True,True
2021-03-16 09:53:00,2021-03-16 09:54:00,short,ou_rev,ou_rev_short,13213.8,13202.5625,13225.5,13191.75,trail,46.80000000000291,0.9604700854699636,True,True
2021-03-16 10:07:00,2021-03-16 10:10:00,short,ou_rev,ou_rev_short,13241.6,13253.0625,13253.0,13205.5,stop,45.599999999998545,-1.005482456140351,False,False
2021-03-16 10:18:00,2021-03-16 10:22:00,short,ou_rev,ou_rev_short,13250.1,13250.1625,13260.75,13215.0,trail,42.599999999998545,-0.005868544600939167,True,True
2021-03-16 11:36:00,2021-03-16 11:37:00,short,ou_lunch,ou_lunch_short,13279.2,13279.2625,13289.75,13248.0,trail,42.19999999999709,-0.005924170616114153,True,True
2021-03-16 12:30:00,2021-03-16 12:32:00,long,ema_rev,ema_rev_long,13192.0,13207.9375,13178.25,13217.5,trail,55.0,1.1590909090909092,True,True
2021-03-16 12:37:00,2021-03-16 12:42:00,long,vwap_scalp,vwap_scalp_long,13212.5,13225.1875,13201.75,13229.0,trail,43.0,1.180232558139535,False,True
2021-03-17 14:34:00,2021-03-17 14:37:00,long,sweep,sweep_pdl_long,13096.2,13119.9375,13077.5,13142.75,trail,74.80000000000291,1.2693850267378797,True,True
2021-03-17 14:53:00,2021-03-17 14:54:00,long,trend,trend_cont_long,13212.8,13224.9375,13202.0,13238.25,trail,43.19999999999709,1.1238425925927358,True,True
2021-03-18 10:08:00,2021-03-18 10:08:00,long,or_rev,or_rev_long,12973.3,12960.4375,12960.5,13006.75,stop,51.19999999999709,-1.0048828125000002,False,False
2021-03-18 13:22:00,2021-03-18 13:31:00,long,kalman_mom,kalman_mom_long,12969.4,12969.3375,12958.75,12995.75,trail,42.599999999998545,-0.005868544600939167,True,True
2021-03-18 13:45:00,2021-03-18 13:47:00,long,trend,trend_cont_long,12984.8,12972.1875,12972.25,13013.0,stop,50.19999999999709,-1.0049800796812751,False,False
2021-03-18 13:53:00,2021-03-18 14:03:00,long,pm_mom,pm_mom_long,12990.3,12977.6875,12977.75,13015.25,stop,50.19999999999709,-1.0049800796812751,False,False
2021-03-18 14:23:00,2021-03-18 14:25:00,short,trend,trend_cont_short,12933.6,12924.8125,12945.0,12910.0,trail,45.599999999998545,0.7708333333333899,False,True
2021-03-18 14:28:00,2021-03-18 14:30:00,short,trend,trend_cont_short,12918.8,12900.8125,12930.5,12895.0,trail,46.80000000000291,1.5373931623930046,True,True
2021-03-19 11:06:00,2021-03-19 11:07:00,short,vwap_scalp,vwap_scalp_short,12857.6,12857.6625,12869.0,12825.0,trail,45.599999999998545,-0.005482456140351052,True,True
2021-03-19 11:13:00,2021-03-19 11:14:00,short,vwap_scalp,vwap_scalp_short,12843.3,12831.0625,12854.5,12819.5,trail,44.80000000000291,1.0926339285712927,True,True
2021-03-19 11:58:00,2021-03-19 12:02:00,short,ema_rev,ema_rev_short,12865.0,12877.0625,12877.0,12847.75,stop,48.0,-1.0052083333333333,False,False
2021-03-19 13:35:00,2021-03-19 13:39:00,short,ou_rev,ou_rev_short,12888.1,12888.1625,12900.75,12826.5,trail,50.599999999998545,-0.004940711462450735,True,True
2021-03-19 13:57:00,2021-03-19 13:58:00,short,ou_rev,ou_rev_short,12889.1,12870.5625,12904.0,12830.5,trail,59.599999999998545,1.2441275167785784,True,True
2021-03-19 14:04:00,2021-03-19 14:11:00,short,ou_rev,ou_rev_short,12879.1,12863.0625,12897.0,12831.5,trail,71.59999999999854,0.8959497206704296,True,True
2021-03-22 09:59:00,2021-03-22 10:01:00,short,ou_rev,ou_rev_short,13024.8,13036.3125,13036.25,12994.0,stop,45.80000000000291,-1.0054585152838424,False,False
2021-03-22 10:10:00,2021-03-22 10:11:00,short,ou_rev,ou_rev_short,13028.9,13028.9625,13041.75,13002.5,trail,51.400000000001455,-0.004863813229571847,True,True
2021-03-22 10:30:00,2021-03-22 10:31:00,short,ou_rev,ou_rev_short,13036.3,13027.8125,13048.0,13009.25,trail,46.80000000000291,0.7254273504272432,False,True
2021-03-22 11:00:00,2021-03-22 11:11:00,short,ou_rev,ou_rev_short,13070.9,13081.5625,13081.5,13022.25,trail,42.400000000001455,-1.0058962264150941,False,True
2021-03-22 11:47:00,2021-03-22 11:52:00,short,ou_lunch,ou_lunch_short,13088.9,13103.0625,13103.0,13039.5,stop,56.400000000001455,-1.0044326241134751,False,False
2021-03-22 13:03:00,2021-03-22 13:06:00,short,ou_lunch,ou_lunch_short,13156.0,13145.3125,13166.0,13063.75,trail,40.0,1.06875,True,True
2021-03-23 10:44:00,2021-03-23 10:45:00,long,or_rev,or_rev_long,13072.9,13085.4375,13062.0,13105.5,trail,43.599999999998545,1.150229357798237,True,True
2021-03-23 10:57:00,2021-03-23 10:58:00,long,kalman_mom,kalman_mom_long,13120.0,13129.1875,13109.0,13147.5,trail,44.0,0.8352272727272727,False,True
2021-03-23 14:25:00,2021-03-23 14:26:00,long,pm_mom,pm_mom_long,13119.9,13108.4375,13108.5,13142.75,stop,45.599999999998545,-1.005482456140351,False,False
2021-03-23 14:57:00,2021-03-23 15:01:00,short,trend,trend_cont_short,13072.3,13048.5625,13092.0,13032.75,trail,78.80000000000291,1.2049492385785987,True,True
2021-03-24 11:47:00,2021-03-24 11:48:00,short,trend,trend_cont_short,13006.9,12996.8125,13019.25,12981.5,trail,49.400000000001455,0.8168016194331449,False,True
2021-03-24 11:52:00,2021-03-24 11:56:00,short,trend,trend_cont_short,12984.1,12971.0625,13003.0,12946.25,trail,75.59999999999854,0.6898148148148473,False,True
2021-03-24 13:45:00,2021-03-24 13:48:00,short,pm_mom,pm_mom_short,12905.5,12922.0625,12922.0,12872.5,stop,66.0,-1.003787878787879,False,False
2021-03-25 10:05:00,2021-03-25 10:08:00,short,vwap_rev,vwap_rev_short,12832.4,12818.3125,12843.75,12775.25,trail,45.400000000001455,1.2411894273127035,True,True
2021-03-25 10:58:00,2021-03-25 10:59:00,short,kalman_mom,kalman_mom_short,12660.7,12660.7625,12672.5,12631.5,trail,47.19999999999709,-0.005296610169491852,True,True
2021-03-25 13:37:00,2021-03-25 13:38:00,short,pm_mom,pm_mom_short,12730.7,12721.3125,12746.75,12700.25,trail,64.19999999999709,0.584890965732159,False,True
2021-03-26 10:07:00,2021-03-26 10:09:00,short,or_rev,or_rev_short,12855.4,12840.0625,12870.25,12799.5,trail,59.400000000001455,1.0328282828282331,True,True
2021-03-26 10:35:00,2021-03-26 10:40:00,short,pd_rev,pd_pdh_short,12848.5,12861.3125,12861.25,12822.25,stop,51.0,-1.0049019607843137,False,False
2021-03-26 10:47:00,2021-03-26 10:51:00,short,ou_rev,ou_rev_short,12863.4,12842.3125,12878.25,12826.75,trail,59.400000000001455,1.4200336700336107,True,True
2021-03-26 13:36:00,2021-03-26 13:37:00,short,pm_mom,pm_mom_short,12855.3,12843.3125,12865.75,12834.0,trail,41.80000000000291,1.1471291866027213,True,True
2021-03-29 10:16:00,2021-03-29 10:18:00,short,kalman_mom,kalman_mom_short,12874.4,12874.4625,12885.25,12847.75,trail,43.400000000001455,-0.005760368663594277,True,True
2021-03-29 13:06:00,2021-03-29 13:13:00,short,vwap_rev,vwap_rev_short,13002.5,13012.5625,13012.5,12900.0,stop,40.0,-1.00625,False,False
2021-03-29 13:46:00,2021-03-29 13:47:00,short,pm_mom,pm_mom_short,12986.0,12986.0625,12996.25,12965.5,trail,41.0,-0.006097560975609756,True,True
2021-03-30 10:47:00,2021-03-30 10:51:00,short,vwap_rev,vwap_rev_short,12878.8,12868.8125,12890.0,12843.0,trail,44.80000000000291,0.8917410714284485,False,True
2021-03-30 11:36:00,2021-03-30 11:38:00,short,vwap_rev,vwap_rev_short,12912.1,12924.3125,12924.25,12856.25,stop,48.599999999998545,-1.0051440329218109,False,False
2021-03-30 14:02:00,2021-03-30 14:07:00,short,pm_mom,pm_mom_short,12856.1,12870.5625,12870.5,12826.75,stop,57.599999999998545,-1.004340277777778,False,False
2021-03-31 09:55:00,2021-03-31 09:55:00,short,ema_rev,ema_rev_short,13050.1,13060.5625,13060.5,13026.25,stop,41.599999999998545,-1.0060096153846156,False,False
2021-03-31 10:13:00,2021-03-31 10:15:00,short,or_rev,or_rev_short,13090.5,13090.5625,13102.0,12998.25,trail,46.0,-0.005434782608695652,True,True
2021-03-31 13:05:00,2021-03-31 13:08:00,short,ou_lunch,ou_lunch_short,13141.0,13152.0625,13152.0,13101.0,stop,44.0,-1.0056818181818181,False,False
2021-04-06 14:43:00,2021-04-06 14:51:00,long,pm_mom,pm_mom_long,13618.8,13607.1875,13607.25,13642.0,trail,46.19999999999709,-1.0054112554112558,False,True
2021-04-07 10:19:00,2021-04-07 10:22:00,long,trend,trend_cont_long,13614.5,13614.4375,13602.0,13639.5,trail,50.0,-0.005,True,True
2021-04-07 13:34:00,2021-04-07 13:37:00,long,pm_mom,pm_mom_long,13592.6,13599.9375,13580.5,13616.0,trail,48.400000000001455,0.6064049586776377,False,True
2021-04-08 10:16:00,2021-04-08 10:18:00,long,or_rev,or_rev_long,13712.2,13728.1875,13699.5,13737.5,trail,50.80000000000291,1.258858267716406,True,True
2021-04-12 09:55:00,2021-04-12 10:00:00,long,ou_rev,ou_rev_long,13767.0,13777.6875,13756.0,13792.25,trail,44.0,0.9715909090909091,True,True
2021-04-12 10:01:00,2021-04-12 10:02:00,long,or_rev,or_rev_long,13777.5,13795.6875,13766.5,13802.75,trail,44.0,1.6534090909090908,True,True
2021-04-13 11:23:00,2021-04-13 11:31:00,short,trend,trend_cont_short,13910.2,13922.5625,13922.5,13885.5,stop,49.19999999999709,-1.0050813008130084,False,False
2021-04-13 11:57:00,2021-04-13 12:02:00,long,ou_lunch,ou_lunch_long,13910.0,13920.6875,13898.75,13928.25,trail,45.0,0.95,True,True
2021-04-14 11:02:00,2021-04-14 11:03:00,long,ou_rev,ou_rev_long,13933.4,13919.4375,13919.5,13957.5,stop,55.599999999998545,-1.004496402877698,False,False
2021-04-14 11:07:00,2021-04-14 11:09:00,long,ou_rev,ou_rev_long,13912.9,13922.4375,13901.0,13955.25,trail,47.599999999998545,0.8014705882353492,True,True
2021-04-14 11:16:00,2021-04-14 11:19:00,long,ou_rev,ou_rev_long,13906.4,13895.9375,13896.0,13952.0,stop,41.599999999998545,-1.0060096153846156,False,False
2021-04-14 11:29:00,2021-04-14 11:31:00,long,pd_rev,pd_pdl_long,13881.7,13891.1875,13867.5,13945.25,trail,56.80000000000291,0.6681338028168159,False,True
2021-04-14 11:37:00,2021-04-14 11:40:00,long,ou_lunch,ou_lunch_long,13890.5,13890.4375,13878.5,13942.25,trail,48.0,-0.005208333333333333,True,True
2021-04-14 14:21:00,2021-04-14 14:22:00,long,pm_mom,pm_mom_long,13835.5,13854.9375,13824.5,13859.25,trail,44.0,1.7670454545454546,False,True
2021-04-14 15:00:00,2021-04-14 15:02:00,short,trend,trend_cont_short,13815.1,13798.8125,13830.5,13784.0,trail,61.599999999998545,1.0576298701299187,True,True
2021-04-15 11:29:00,2021-04-15 11:30:00,short,trend,trend_cont_short,13986.2,13973.5625,13996.75,13965.0,trail,42.19999999999709,1.1978672985783507,True,True
2021-04-15 13:32:00,2021-04-15 13:34:00,long,kalman_mom,kalman_mom_long,14020.7,14020.6375,14010.25,14046.25,trail,41.80000000000291,-0.005980861244018722,True,True
2021-04-16 10:01:00,2021-04-16 10:03:00,long,or_rev,or_rev_long,13970.6,13980.9375,13959.5,14015.25,trail,44.400000000001455,0.931306306306243,False,True
2021-04-19 10:11:00,2021-04-19 10:13:00,long,or_rev,or_rev_long,13934.7,13921.4375,13921.5,13992.25,stop,52.80000000000291,-1.0047348484848482,False,False
2021-04-19 13:37:00,2021-04-19 13:52:00,long,pm_mom,pm_mom_long,13902.1,13887.6875,13887.75,13930.5,trail,57.400000000001455,-1.004355400696864,False,True
2021-04-19 14:48:00,2021-04-19 14:49:00,long,ou_rev,ou_rev_long,13884.2,13894.4375,13873.25,13912.25,trail,43.80000000000291,0.9349315068491865,False,True
2021-04-20 11:07:00,2021-04-20 11:08:00,long,vwap_scalp,vwap_scalp_long,13821.1,13830.9375,13809.5,13850.25,trail,46.400000000001455,0.8480603448275282,True,True
2021-04-20 11:20:00,2021-04-20 11:20:00,long,vwap_rev,vwap_rev_long,13782.2,13769.9375,13770.0,13872.0,stop,48.80000000000291,-1.0051229508196717,False,False
2021-04-20 11:55:00,2021-04-20 12:02:00,long,kalman_mom,kalman_mom_long,13787.5,13775.6875,13775.75,13816.5,stop,47.0,-1.0053191489361701,False,False
2021-04-20 13:54:00,2021-04-20 14:00:00,long,trend,trend_cont_long,13796.4,13806.9375,13784.5,13820.5,trail,47.599999999998545,0.88550420168073,True,True
2021-04-21 09:48:00,2021-04-21 09:49:00,long,open_drive,open_drive_long,13751.7,13788.1875,13737.5,13781.25,trail,56.80000000000291,2.569542253520944,True,True
2021-04-22 10:13:00,2021-04-22 10:13:00,long,open_drive,open_drive_long,13903.2,13889.9375,13890.0,13929.25,stop,52.80000000000291,-1.0047348484848482,False,False
2021-04-22 13:41:00,2021-04-22 13:41:00,long,vwap_rev,vwap_rev_long,13836.6,13824.9375,13825.0,13906.5,stop,46.400000000001455,-1.0053879310344827,False,False
2021-04-22 14:05:00,2021-04-22 14:06:00,long,ema_rev,ema_rev_long,13725.1,13753.4375,13710.5,13756.25,trail,58.400000000001455,1.9409246575341732,True,True
2021-04-22 14:12:00,2021-04-22 14:29:00,long,pm_mom,pm_mom_long,13757.9,13786.1875,13738.0,13796.75,trail,79.59999999999854,1.4214824120603458,True,True
2021-04-22 14:46:00,2021-04-22 14:50:00,long,trend,trend_cont_long,13802.1,13785.9375,13786.0,13834.5,stop,64.40000000000146,-1.0038819875776397,False,False
2021-04-26 09:42:00,2021-04-26 09:43:00,long,open_drive,open_drive_long,13942.6,13956.1875,13931.25,13965.75,trail,45.400000000001455,1.1971365638765816,True,True
2021-04-26 10:00:00,2021-04-26 10:01:00,long,open_drive,open_drive_long,13941.1,13954.9375,13929.25,13960.5,trail,47.400000000001455,1.1677215189872752,True,True
2021-04-27 10:03:00,2021-04-27 10:07:00,long,or_rev,or_rev_long,13949.8,13970.9375,13937.5,14026.0,trail,49.19999999999709,1.7184959349595104,True,True
2021-04-28 09:48:00,2021-04-28 09:50:00,long,sweep,sweep_pdl_long,13943.6,13957.9375,13924.5,13990.5,trail,76.40000000000146,0.7506544502617467,True,True
2021-04-28 10:36:00,2021-04-28 10:48:00,short,trend,trend_cont_short,13934.5,13919.3125,13954.25,13894.5,trail,79.0,0.7689873417721519,False,True
2021-04-28 11:07:00,2021-04-28 11:10:00,short,trend,trend_cont_short,13922.2,13932.3125,13932.25,13899.75,stop,40.19999999999709,-1.0062189054726374,False,False
2021-04-28 11:11:00,2021-04-28 11:18:00,long,pd_rev,pd_pdl_long,13929.7,13916.9375,13917.0,13954.5,stop,50.80000000000291,-1.0049212598425195,False,False
2021-04-28 14:04:00,2021-04-28 14:05:00,long,pm_mom,pm_mom_long,13949.3,13949.2375,13932.75,13982.75,trail,66.19999999999709,-0.0037764350453173864,True,True
2021-04-29 09:58:00,2021-04-29 09:59:00,long,ema_rev,ema_rev_long,13978.2,13966.1875,13966.25,14014.0,stop,47.80000000000291,-1.0052301255230123,False,False
2021-04-29 10:03:00,2021-04-29 10:09:00,long,or_rev,or_rev_long,13969.2,13969.1375,13955.0,14049.0,trail,56.80000000000291,-0.004401408450704,True,True
2021-04-29 10:34:00,2021-04-29 10:35:00,long,ou_rev,ou_rev_long,13946.6,13934.9375,13935.0,13989.5,stop,46.400000000001455,-1.0053879310344827,False,False
2021-04-29 10:39:00,2021-04-29 10:43:00,long,ou_rev,ou_rev_long,13910.3,13933.4375,13896.0,13984.5,trail,57.19999999999709,1.6180069930071261,True,True
2021-04-29 11:01:00,2021-04-29 11:01:00,long,vwap_scalp,vwap_scalp_long,13940.7,13929.6875,13929.75,13955.25,stop,43.80000000000291,-1.0057077625570772,False,False
2021-04-29 12:10:00,2021-04-29 12:14:00,long,vwap_rev,vwap_rev_long,13842.4,13855.1875,13830.75,13949.5,trail,46.599999999998545,1.0976394849786062,True,True
2021-04-29 12:38:00,2021-04-29 12:43:00,long,kalman_mom,kalman_mom_long,13880.7,13886.9375,13870.0,13907.25,trail,42.80000000000291,0.5829439252335372,False,True
2021-04-29 13:46:00,2021-04-29 13:56:00,long,pm_mom,pm_mom_long,13929.0,13938.6875,13911.5,13963.5,trail,70.0,0.5535714285714286,False,True
2021-04-30 14:07:00,2021-04-30 14:10:00,long,vwap_rev,vwap_rev_long,13854.4,13860.6875,13843.75,13904.25,trail,42.599999999998545,0.5903755868545144,False,True
2021-05-03 09:55:00,2021-05-03 09:58:00,long,open_drive,open_drive_long,13893.7,13893.6375,13883.5,13913.75,trail,40.80000000000291,-0.00612745098039172,True,True
2021-05-03 10:56:00,2021-05-03 10:59:00,long,or_rev,or_rev_long,13859.9,13848.9375,13849.0,13896.0,trail,43.599999999998545,-1.0057339449541287,False,True
2021-05-03 11:30:00,2021-05-03 11:34:00,long,vwap_rev,vwap_rev_long,13799.8,13818.6875,13788.5,13886.25,trail,45.19999999999709,1.6714601769913224,True,True
2021-05-03 12:08:00,2021-05-03 12:11:00,long,kalman_mom,kalman_mom_long,13828.3,13817.6875,13817.75,13855.0,stop,42.19999999999709,-1.0059241706161142,False,False
2021-05-03 14:02:00,2021-05-03 14:32:00,long,ou_rev,ou_rev_long,13818.0,13828.9375,13801.5,13847.75,trail,66.0,0.6628787878787878,False,True
2021-05-04 10:06:00,2021-05-04 10:07:00,long,or_rev,or_rev_long,13538.0,13524.1875,13524.25,13660.75,stop,55.0,-1.0045454545454546,False,False
2021-05-04 10:13:00,2021-05-04 10:15:00,short,trend,trend_cont_short,13530.8,13530.8625,13549.25,13493.5,trail,73.80000000000291,-0.0033875338753386196,True,True
2021-05-04 10:26:00,2021-05-04 10:27:00,long,vwap_scalp,vwap_scalp_long,13546.5,13554.1875,13536.5,13563.75,trail,40.0,0.76875,False,True
2021-05-04 10:53:00,2021-05-04 10:55:00,long,ou_rev,ou_rev_long,13501.4,13485.9375,13486.0,13565.75,stop,61.599999999998545,-1.0040584415584417,False,False
2021-05-04 10:56:00,2021-05-04 10:57:00,long,ou_rev,ou_rev_long,13494.5,13494.4375,13483.75,13563.5,trail,43.0,-0.005813953488372093,True,True
2021-05-04 11:03:00,2021-05-04 11:06:00,long,ou_rev,ou_rev_long,13489.6,13489.5375,13474.5,13558.5,trail,60.400000000001455,-0.00413907284768202,True,True
2021-05-04 11:33:00,2021-05-04 11:33:00,long,ou_lunch,ou_lunch_long,13467.8,13457.1875,13457.25,13535.75,stop,42.19999999999709,-1.0059241706161142,False,False
2021-05-04 11:38:00,2021-05-04 11:39:00,long,ou_lunch,ou_lunch_long,13453.3,13439.6875,13439.75,13532.5,stop,54.19999999999709,-1.0046125461254616,False,False
2021-05-04 12:31:00,2021-05-04 12:31:00,long,vwap_scalp,vwap_scalp_long,13453.2,13441.6875,13441.75,13479.5,stop,45.80000000000291,-1.0054585152838424,False,False
2021-05-04 13:16:00,2021-05-04 13:17:00,long,vwap_scalp,vwap_scalp_long,13462.5,13462.4375,13452.25,13478.25,trail,41.0,-0.006097560975609756,True,True
2021-05-04 13:35:00,2021-05-04 13:44:00,long,pm_mom,pm_mom_long,13468.4,13456.6875,13456.75,13490.5,trail,46.599999999998545,-1.005364806866953,False,True
2021-05-05 10:10:00,2021-05-05 10:11:00,long,or_rev,or_rev_long,13563.7,13549.9375,13550.0,13647.25,stop,54.80000000000291,-1.0045620437956202,False,False
2021-05-05 10:25:00,2021-05-05 10:26:00,long,vwap_scalp,vwap_scalp_long,13553.2,13576.6875,13541.5,13582.0,trail,46.80000000000291,2.0074786324784455,True,True
2021-05-05 13:07:00,2021-05-05 13:08:00,long,vwap_scalp,vwap_scalp_long,13574.5,13563.6875,13563.75,13593.75,stop,43.0,-1.005813953488372,False,False
2021-05-05 15:00:00,2021-05-05 15:02:00,short,pm_mom,pm_mom_short,13558.2,13558.2625,13570.25,13537.25,trail,48.19999999999709,-0.005186721991701558,True,True
2021-05-06 13:42:00,2021-05-06 13:44:00,short,pm_mom,pm_mom_short,13534.5,13520.3125,13545.0,13514.0,trail,42.0,1.3511904761904763,True,True
2021-05-06 13:46:00,2021-05-06 13:47:00,short,kalman_mom,kalman_mom_short,13526.2,13516.5625,13537.75,13500.5,trail,46.19999999999709,0.8344155844157,True,True
2021-05-07 10:17:00,2021-05-07 10:19:00,short,or_rev,or_rev_short,13780.0,13792.0625,13792.0,13709.25,stop,48.0,-1.0052083333333333,False,False
2021-05-07 10:37:00,2021-05-07 10:38:00,long,kalman_mom,kalman_mom_long,13807.8,13796.1875,13796.25,13836.75,stop,46.19999999999709,-1.0054112554112558,False,False
2021-05-07 13:18:00,2021-05-07 13:20:00,long,ou_lunch,ou_lunch_long,13716.8,13723.1875,13705.0,13763.75,trail,47.19999999999709,0.541313559322129,True,True
2021-05-07 13:23:00,2021-05-07 13:23:00,long,ou_lunch,ou_lunch_long,13718.0,13706.4375,13706.5,13763.0,stop,46.0,-1.0054347826086956,False,False
2021-05-07 13:32:00,2021-05-07 13:35:00,long,ou_rev,ou_rev_long,13707.9,13720.4375,13694.75,13761.0,trail,52.599999999998545,0.9534220532319932,True,True
2021-05-07 13:39:00,2021-05-07 13:41:00,long,ou_rev,ou_rev_long,13719.5,13708.1875,13708.25,13759.75,stop,45.0,-1.0055555555555555,False,False
2021-05-07 13:46:00,2021-05-07 13:49:00,long,ou_rev,ou_rev_long,13711.3,13721.6875,13700.75,13758.5,trail,42.19999999999709,0.9845971563982412,True,True
2021-05-07 13:56:00,2021-05-07 14:00:00,short,pm_mom,pm_mom_short,13698.8,13689.5625,13712.5,13671.0,trail,54.80000000000291,0.6742700729926118,False,True
2021-05-10 10:09:00,2021-05-10 10:10:00,long,or_rev,or_rev_long,13521.0,13537.1875,13507.5,13604.5,trail,54.0,1.1990740740740742,True,True
2021-05-10 10:20:00,2021-05-10 10:21:00,long,kalman_mom,kalman_mom_long,13554.1,13561.9375,13543.75,13579.75,trail,41.400000000001455,0.7572463768115324,True,True
2021-05-10 14:20:00,2021-05-10 14:26:00,long,ema_rev,ema_rev_long,13417.6,13403.6875,13403.75,13445.5,stop,55.400000000001455,-1.0045126353790612,False,False
2021-05-11 10:04:00,2021-05-11 10:04:00,short,or_rev,or_rev_short,13256.5,13270.0625,13270.0,13165.0,stop,54.0,-1.0046296296296295,False,False
2021-05-11 12:27:00,2021-05-11 12:28:00,short,kalman_mom,kalman_mom_short,13318.6,13299.8125,13329.5,13292.25,trail,43.599999999998545,1.7236238532111001,True,True
2021-05-11 13:39:00,2021-05-11 13:41:00,short,vwap_scalp,vwap_scalp_short,13356.0,13368.5625,13368.5,13308.5,stop,50.0,-1.005,False,False
2021-05-11 13:55:00,2021-05-11 13:56:00,short,pm_mom,pm_mom_short,13337.8,13337.8625,13352.0,13309.0,trail,56.80000000000291,-0.004401408450704,True,True
2021-05-13 10:06:00,2021-05-13 10:08:00,short,or_rev,or_rev_short,13194.2,13182.8125,13205.25,13146.25,trail,44.19999999999709,1.0305429864254732,True,True
2021-05-13 10:59:00,2021-05-13 11:00:00,short,ou_rev,ou_rev_short,13217.2,13202.8125,13231.25,13171.5,trail,56.19999999999709,1.0240213523132722,True,True
2021-05-14 10:02:00,2021-05-14 10:07:00,short,vwap_rev,vwap_rev_short,13270.6,13244.8125,13280.75,13242.25,trail,40.599999999998545,2.540640394088797,True,True
2021-05-18 10:01:00,2021-05-18 10:02:00,short,sweep,sweep_pdh_short,13334.9,13349.8125,13349.75,13262.5,trail,59.400000000001455,-1.004208754208754,False,True
2021-05-18 10:04:00,2021-05-18 10:05:00,short,sweep,sweep_pdh_short,13331.0,13331.0625,13351.0,13261.0,trail,80.0,-0.003125,True,True
2021-05-18 10:48:00,2021-05-18 10:50:00,short,vwap_scalp,vwap_scalp_short,13383.5,13394.0625,13394.0,13368.25,stop,42.0,-1.005952380952381,False,False
2021-05-18 11:10:00,2021-05-18 11:24:00,short,ou_rev,ou_rev_short,13386.7,13386.7625,13399.25,13360.0,trail,50.19999999999709,-0.004980079681275189,True,True
2021-05-18 11:43:00,2021-05-18 11:48:00,short,pd_rev,pd_pdh_short,13344.7,13344.7625,13359.5,13315.75,trail,59.19999999999709,-0.0042229729729731805,True,True
2021-05-18 14:04:00,2021-05-18 14:22:00,short,trend,trend_cont_short,13332.5,13323.0625,13345.25,13307.0,trail,51.0,0.7401960784313726,False,True
2021-05-18 14:25:00,2021-05-18 14:35:00,short,trend,trend_cont_short,13313.0,13281.8125,13331.0,13275.0,trail,72.0,1.7326388888888888,True,True
2021-05-19 10:30:00,2021-05-19 10:33:00,short,vwap_rev,vwap_rev_short,13094.3,13106.0625,13106.0,13044.5,stop,46.80000000000291,-1.00534188034188,False,False
2021-05-19 10:55:00,2021-05-19 11:00:00,short,ou_rev,ou_rev_short,13109.5,13099.5625,13123.75,13056.0,trail,57.0,0.6973684210526315,False,True
2021-05-19 11:20:00,2021-05-19 11:20:00,short,ou_rev,ou_rev_short,13118.9,13130.3125,13130.25,13067.5,stop,45.400000000001455,-1.0055066079295152,False,False
2021-05-19 11:31:00,2021-05-19 11:32:00,short,ou_lunch,ou_lunch_short,13131.3,13117.5625,13142.5,13073.5,trail,44.80000000000291,1.2265624999998554,True,True
2021-05-19 11:38:00,2021-05-19 11:40:00,short,ou_lunch,ou_lunch_short,13116.5,13128.0625,13128.0,13076.0,stop,46.0,-1.0054347826086956,False,False
2021-05-19 13:38:00,2021-05-19 13:40:00,short,pm_mom,pm_mom_short,13153.5,13165.5625,13165.5,13135.0,stop,48.0,-1.0052083333333333,False,False
2021-05-19 14:57:00,2021-05-19 14:58:00,short,trend,trend_cont_short,13150.9,13150.9625,13162.5,13126.25,trail,46.400000000001455,-0.00538793103448259,True,True
2021-05-20 10:10:00,2021-05-20 10:18:00,short,or_rev,or_rev_short,13406.5,13418.5625,13418.5,13341.75,stop,48.0,-1.0052083333333333,False,False
2021-05-20 14:18:00,2021-05-20 14:29:00,short,ou_rev,ou_rev_short,13479.2,13490.8125,13490.75,13447.25,stop,46.19999999999709,-1.0054112554112558,False,False
2021-05-21 09:56:00,2021-05-21 09:57:00,long,open_drive,open_drive_long,13526.2,13515.9375,13516.0,13546.75,stop,40.80000000000291,-1.0061274509803917,False,False
2021-05-21 10:30:00,2021-05-21 10:31:00,long,or_rev,or_rev_long,13493.0,13482.6875,13482.75,13537.5,stop,41.0,-1.0060975609756098,False,False
2021-05-21 10:40:00,2021-05-21 10:46:00,long,vwap_scalp,vwap_scalp_long,13475.7,13465.1875,13465.25,13495.0,trail,41.80000000000291,-1.0059808612440186,False,True
2021-05-21 10:57:00,2021-05-21 10:59:00,long,vwap_scalp,vwap_scalp_long,13457.7,13467.4375,13446.75,13481.75,trail,43.80000000000291,0.8892694063925686,True,True
2021-05-21 12:05:00,2021-05-21 12:06:00,long,ou_lunch,ou_lunch_long,13432.2,13432.1375,13420.25,13486.25,trail,47.80000000000291,-0.005230125523012234,True,True
2021-05-21 12:22:00,2021-05-21 12:24:00,long,ou_lunch,ou_lunch_long,13419.7,13426.4375,13408.5,13480.75,trail,44.80000000000291,0.601562499999896,True,True
2021-05-25 09:56:00,2021-05-25 09:57:00,long,ou_rev,ou_rev_long,13665.8,13676.9375,13654.75,13691.75,trail,44.19999999999709,1.0079185520363314,True,True
2021-05-25 10:04:00,2021-05-25 10:05:00,long,ou_rev,ou_rev_long,13656.7,13656.6375,13646.25,13685.5,trail,41.80000000000291,-0.005980861244018722,True,True
2021-05-25 10:45:00,2021-05-25 10:46:00,long,ou_rev,ou_rev_long,13653.7,13673.6875,13643.0,13673.0,trail,42.80000000000291,1.8679906542054125,True,True
2021-05-26 10:05:00,2021-05-26 10:11:00,long,or_rev,or_rev_long,13669.6,13678.6875,13658.0,13693.0,trail,46.400000000001455,0.7834051724137372,False,True
2021-05-27 10:09:00,2021-05-27 10:10:00,long,open_drive,open_drive_long,13669.6,13682.6875,13657.5,13693.5,trail,48.400000000001455,1.0816115702478712,True,True
2021-06-01 09:37:00,2021-06-01 09:42:00,long,open_drive,open_drive_long,13757.4,13775.1875,13742.5,13787.25,trail,59.599999999998545,1.1937919463087785,True,True
2021-06-01 10:02:00,2021-06-01 10:03:00,long,or_rev,or_rev_long,13732.9,13718.6875,13718.75,13759.25,stop,56.599999999998545,-1.004416961130742,False,False
2021-06-01 10:13:00,2021-06-01 10:14:00,short,trend,trend_cont_short,13700.4,13678.0625,13712.0,13677.0,trail,46.400000000001455,1.9256465517240462,True,True
2021-06-02 13:33:00,2021-06-02 13:38:00,long,vwap_rev,vwap_rev_long,13639.7,13647.4375,13629.5,13684.25,trail,40.80000000000291,0.7585784313724235,False,True
2021-06-02 13:49:00,2021-06-02 14:10:00,short,trend,trend_cont_short,13623.0,13639.0625,13639.0,13591.0,stop,64.0,-1.00390625,False,False
2021-06-03 10:10:00,2021-06-03 10:11:00,long,open_drive,open_drive_long,13522.8,13552.1875,13511.0,13546.0,trail,47.19999999999709,2.4904661016951306,True,True
2021-06-04 10:05:00,2021-06-04 10:17:00,short,ou_rev,ou_rev_short,13732.1,13749.0625,13749.0,13679.0,stop,67.59999999999854,-1.0036982248520712,False,False
2021-06-04 10:20:00,2021-06-04 10:21:00,short,ou_rev,ou_rev_short,13739.7,13724.0625,13751.25,13695.5,trail,46.19999999999709,1.3538961038962523,True,True
2021-06-04 10:28:00,2021-06-04 10:41:00,short,ou_rev,ou_rev_short,13726.7,13739.5625,13739.5,13699.75,stop,51.19999999999709,-1.0048828125000002,False,False
2021-06-04 10:49:00,2021-06-04 10:51:00,long,kalman_mom,kalman_mom_long,13747.5,13747.4375,13737.5,13772.5,trail,40.0,-0.00625,True,True
2021-06-08 10:09:00,2021-06-08 10:10:00,long,or_rev,or_rev_long,13841.6,13851.6875,13830.0,13889.25,trail,46.400000000001455,0.8696120689654586,True,True
2021-06-08 10:40:00,2021-06-08 10:41:00,short,trend,trend_cont_short,13815.0,13825.0625,13825.0,13794.5,stop,40.0,-1.00625,False,False
2021-06-08 11:06:00,2021-06-08 11:10:00,short,trend,trend_cont_short,13797.0,13815.0625,13815.0,13760.0,stop,72.0,-1.0034722222222223,False,False
2021-06-09 09:45:00,2021-06-09 09:46:00,long,open_drive,open_drive_long,13875.4,13899.6875,13861.5,13903.5,trail,55.599999999998545,1.7473021582734531,True,True
2021-06-09 09:59:00,2021-06-09 10:01:00,long,open_drive,open_drive_long,13872.1,13861.4375,13861.5,13900.0,stop,42.400000000001455,-1.0058962264150941,False,False
2021-06-09 10:15:00,2021-06-09 10:16:00,long,or_rev,or_rev_long,13847.0,13835.6875,13835.75,13875.0,stop,45.0,-1.0055555555555555,False,False
2021-06-10 10:03:00,2021-06-10 10:10:00,long,trend,trend_cont_long,13957.4,13942.4375,13942.5,13989.0,stop,59.599999999998545,-1.0041946308724834,False,False
2021-06-10 11:02:00,2021-06-10 11:03:00,short,trend,trend_cont_short,13857.8,13857.8625,13868.75,13826.0,trail,43.80000000000291,-0.005707762557077246,True,True
2021-06-10 11:24:00,2021-06-10 11:26:00,long,trend,trend_cont_long,13893.2,13904.4375,13881.75,13917.5,trail,45.80000000000291,0.9814410480348086,False,True
2021-06-15 11:42:00,2021-06-15 11:46:00,long,vwap_rev,vwap_rev_long,14044.6,14055.4375,14032.75,14081.5,trail,47.400000000001455,0.9145569620252577,True,True
2021-06-15 11:58:00,2021-06-15 12:03:00,long,ou_lunch,ou_lunch_long,14060.7,14067.9375,14049.5,14079.5,trail,44.80000000000291,0.6462053571427502,True,True
2021-06-15 14:18:00,2021-06-15 14:41:00,long,ou_rev,ou_rev_long,14030.4,14015.9375,14016.0,14067.25,stop,57.599999999998545,-1.004340277777778,False,False
2021-06-16 12:33:00,2021-06-16 12:57:00,long,pd_rev,pd_pdl_long,14010.0,14021.9375,13997.0,14058.75,trail,52.0,0.9182692307692307,False,True
2021-06-16 14:07:00,2021-06-16 14:08:00,long,vwap_rev,vwap_rev_long,13921.2,13956.1875,13910.5,14045.0,trail,42.80000000000291,3.269859813083822,True,True
2021-06-17 10:19:00,2021-06-17 10:22:00,long,trend,trend_cont_long,14061.1,14082.1875,14044.75,14094.0,trail,65.40000000000146,1.2897553516819062,False,True
2021-06-17 12:27:00,2021-06-17 12:29:00,long,ema_rev,ema_rev_long,14091.2,14079.1875,14079.25,14121.0,stop,47.80000000000291,-1.0052301255230123,False,False
2021-06-18 11:17:00,2021-06-18 11:18:00,long,vwap_rev,vwap_rev_long,14045.6,14054.9375,14033.25,14097.5,trail,49.400000000001455,0.7560728744938754,True,True
2021-06-18 11:47:00,2021-06-18 11:52:00,long,ou_lunch,ou_lunch_long,14054.0,14053.9375,14042.75,14087.5,trail,45.0,-0.005555555555555556,True,True
2021-06-18 11:57:00,2021-06-18 12:01:00,long,ou_lunch,ou_lunch_long,14051.5,14063.1875,14041.25,14085.75,trail,41.0,1.1402439024390243,True,True
2021-06-18 14:03:00,2021-06-18 14:27:00,long,pm_mom,pm_mom_long,14096.9,14077.4375,14077.5,14134.75,trail,77.59999999999854,-1.003221649484536,False,True
2021-06-21 10:34:00,2021-06-21 10:38:00,long,kalman_mom,kalman_mom_long,14074.0,14097.4375,14063.0,14101.5,trail,44.0,2.1306818181818183,True,True
2021-06-24 13:42:00,2021-06-24 13:45:00,long,vwap_rev,vwap_rev_long,14362.0,14351.9375,14352.0,14395.25,stop,40.0,-1.00625,False,False
2021-06-24 13:46:00,2021-06-24 13:50:00,short,trend,trend_cont_short,14353.2,14343.0625,14363.5,14330.25,trail,41.19999999999709,0.984223300971014,False,True
2021-06-24 13:53:00,2021-06-24 13:54:00,long,vwap_rev,vwap_rev_long,14346.7,14356.1875,14336.5,14393.25,trail,40.80000000000291,0.9301470588233918,True,True
2021-06-25 09:44:00,2021-06-25 09:47:00,long,open_drive,open_drive_long,14389.2,14389.1375,14375.0,14416.75,trail,56.80000000000291,-0.004401408450704,True,True
2021-06-25 10:01:00,2021-06-25 10:02:00,long,or_rev,or_rev_long,14351.7,14338.6875,14338.75,14386.0,stop,51.80000000000291,-1.0048262548262545,False,False
2021-07-01 10:23:00,2021-07-01 10:24:00,long,ou_rev,ou_rev_long,14525.7,14534.6875,14515.0,14552.5,trail,42.80000000000291,0.8399532710279123,True,True
2021-07-01 11:17:00,2021-07-01 11:19:00,long,ou_rev,ou_rev_long,14512.4,14498.4375,14498.5,14544.75,stop,55.599999999998545,-1.004496402877698,False,False
2021-07-01 11:26:00,2021-07-01 11:29:00,long,vwap_rev,vwap_rev_long,14490.0,14499.1875,14479.0,14541.25,trail,44.0,0.8352272727272727,True,True
2021-07-01 13:37:00,2021-07-01 13:38:00,long,pd_rev,pd_pdl_long,14529.9,14538.4375,14519.0,14552.0,trail,43.599999999998545,0.7832568807340045,True,True
2021-07-06 10:38:00,2021-07-06 10:43:00,long,or_rev,or_rev_long,14737.2,14755.9375,14723.25,14761.75,trail,55.80000000000291,1.343189964157584,True,True
2021-07-06 11:30:00,2021-07-06 11:31:00,long,ou_rev,ou_rev_long,14738.0,14750.1875,14726.5,14759.75,trail,46.0,1.059782608695652,True,True
2021-07-07 10:07:00,2021-07-07 10:08:00,long,vwap_rev,vwap_rev_long,14817.9,14807.1875,14807.25,14844.25,stop,42.599999999998545,-1.0058685446009392,False,False
2021-07-07 10:15:00,2021-07-07 10:20:00,long,open_drive,open_drive_long,14845.7,14845.6375,14832.25,14874.5,trail,53.80000000000291,-0.0046468401486986334,True,True
2021-07-07 10:32:00,2021-07-07 10:33:00,long,ou_rev,ou_rev_long,14808.2,14794.6875,14794.75,14838.75,stop,53.80000000000291,-1.0046468401486985,False,False
2021-07-07 10:39:00,2021-07-07 10:40:00,long,ou_rev,ou_rev_long,14802.2,14784.4375,14784.5,14834.75,stop,70.80000000000291,-1.0035310734463276,False,False
2021-07-07 10:47:00,2021-07-07 10:48:00,long,ema_rev,ema_rev_long,14748.7,14769.1875,14734.75,14784.0,trail,55.80000000000291,1.4686379928314124,True,True
2021-07-07 10:52:00,2021-07-07 10:53:00,long,vwap_scalp,vwap_scalp_long,14767.9,14778.4375,14757.0,14795.5,trail,43.599999999998545,0.9667431192661207,True,True
2021-07-07 11:25:00,2021-07-07 11:26:00,long,ou_rev,ou_rev_long,14772.8,14772.7375,14761.25,14810.0,trail,46.19999999999709,-0.005411255411255752,True,True
2021-07-07 14:03:00,2021-07-07 14:06:00,long,pm_mom,pm_mom_long,14820.9,14820.8375,14801.75,14855.25,trail,76.59999999999854,-0.0032637075718016284,True,True
2021-07-08 11:04:00,2021-07-08 11:05:00,long,vwap_scalp,vwap_scalp_long,14584.2,14590.9375,14572.75,14601.5,trail,45.80000000000291,0.5884279475981523,True,True
2021-07-08 13:32:00,2021-07-08 13:42:00,long,pm_mom,pm_mom_long,14752.9,14761.1875,14742.25,14774.5,trail,42.599999999998545,0.7781690140845677,True,True
2021-07-08 14:08:00,2021-07-08 14:09:00,long,sweep,sweep_pdl_long,14744.5,14733.9375,14734.0,14770.75,stop,42.0,-1.005952380952381,False,False
2021-07-08 14:30:00,2021-07-08 14:35:00,short,trend,trend_cont_short,14704.7,14717.8125,14717.75,14678.5,stop,52.19999999999709,-1.0047892720306517,False,False
2021-07-12 10:18:00,2021-07-12 10:29:00,long,or_rev,or_rev_long,14831.4,14840.4375,14819.75,14864.5,trail,46.599999999998545,0.7757510729614289,True,True
2021-07-13 09:43:00,2021-07-13 09:44:00,long,open_drive,open_drive_long,14871.7,14871.6375,14859.0,14897.75,trail,50.80000000000291,-0.004921259842519403,True,True
2021-07-13 10:33:00,2021-07-13 10:34:00,long,kalman_mom,kalman_mom_long,14965.2,14971.9375,14954.5,14993.0,trail,42.80000000000291,0.6296728971961508,True,True
2021-07-13 13:22:00,2021-07-13 13:24:00,long,ema_rev,ema_rev_long,14915.4,14924.6875,14905.25,14949.25,trail,40.599999999998545,0.9150246305419406,True,True
2021-07-13 13:32:00,2021-07-13 13:37:00,short,trend,trend_cont_short,14902.7,14885.8125,14916.5,14874.5,trail,55.19999999999709,1.2237318840580882,True,True
2021-07-14 09:58:00,2021-07-14 10:00:00,long,open_drive,open_drive_long,14967.5,14967.4375,14954.5,14993.5,trail,52.0,-0.004807692307692308,True,True
2021-07-14 11:31:00,2021-07-14 11:34:00,long,vwap_rev,vwap_rev_long,14926.6,14933.6875,14915.0,14972.0,trail,46.400000000001455,0.6109913793102943,True,True
2021-07-14 11:41:00,2021-07-14 11:41:00,long,vwap_rev,vwap_rev_long,14920.9,14909.9375,14910.0,14968.5,stop,43.599999999998545,-1.0057339449541287,False,False
2021-07-14 11:49:00,2021-07-14 11:56:00,short,trend,trend_cont_short,14897.0,14880.3125,14916.25,14858.5,trail,77.0,0.8668831168831169,True,True
2021-07-14 12:14:00,2021-07-14 12:19:00,long,kalman_mom,kalman_mom_long,14920.5,14931.9375,14908.25,14948.5,trail,49.0,0.9336734693877551,False,True
2021-07-14 14:04:00,2021-07-14 14:11:00,long,pm_mom,pm_mom_long,14929.3,14918.6875,14918.75,14950.25,stop,42.19999999999709,-1.0059241706161142,False,False
2021-07-15 10:51:00,2021-07-15 10:52:00,short,trend,trend_cont_short,14774.6,14774.6625,14793.75,14734.75,trail,76.59999999999854,-0.0032637075718016284,True,True
2021-07-15 11:02:00,2021-07-15 11:03:00,long,or_rev,or_rev_long,14796.6,14782.9375,14783.0,14856.5,stop,54.400000000001455,-1.004595588235294,False,False
2021-07-15 11:22:00,2021-07-15 11:24:00,long,trend,trend_cont_long,14823.0,14829.4375,14812.5,14847.0,trail,42.0,0.6130952380952381,False,True
2021-07-15 11:32:00,2021-07-15 11:37:00,long,kalman_mom,kalman_mom_long,14833.6,14822.6875,14822.75,14860.5,stop,43.400000000001455,-1.0057603686635943,False,False
2021-07-15 12:18:00,2021-07-15 12:20:00,long,vwap_scalp,vwap_scalp_long,14754.3,14770.9375,14743.0,14788.75,trail,45.19999999999709,1.472345132743522,True,True
2021-07-15 14:17:00,2021-07-15 14:18:00,long,pm_mom,pm_mom_long,14744.2,14753.1875,14733.25,14767.25,trail,43.80000000000291,0.8207762557076416,True,True
2021-07-15 14:48:00,2021-07-15 14:50:00,long,ou_rev,ou_rev_long,14744.7,14764.9375,14731.25,14796.5,trail,53.80000000000291,1.5046468401485633,True,True
2021-07-16 10:01:00,2021-07-16 10:02:00,long,or_rev,or_rev_long,14822.1,14809.9375,14810.0,14854.5,stop,48.400000000001455,-1.0051652892561982,False,False
2021-07-16 10:39:00,2021-07-16 10:40:00,long,ou_rev,ou_rev_long,14772.5,14786.9375,14757.5,14810.25,trail,60.0,0.9625,True,True
2021-07-16 10:50:00,2021-07-16 10:51:00,long,ou_rev,ou_rev_long,14771.4,14787.6875,14760.75,14805.5,trail,42.599999999998545,1.5293427230047811,True,True
2021-07-16 11:08:00,2021-07-16 11:14:00,long,ou_rev,ou_rev_long,14743.8,14728.6875,14728.75,14799.5,trail,60.19999999999709,-1.004152823920266,False,True
2021-07-16 11:23:00,2021-07-16 11:25:00,long,ou_rev,ou_rev_long,14742.6,14729.6875,14729.75,14791.25,stop,51.400000000001455,-1.0048638132295717,False,False
2021-07-16 11:33:00,2021-07-16 11:34:00,long,ou_lunch,ou_lunch_long,14725.8,14725.7375,14714.5,14786.75,trail,45.19999999999709,-0.00553097345132779,True,True
2021-07-16 11:47:00,2021-07-16 11:47:00,long,ou_lunch,ou_lunch_long,14726.3,14714.6875,14714.75,14781.5,stop,46.19999999999709,-1.0054112554112558,False,False
2021-07-16 11:50:00,2021-07-16 11:51:00,long,pd_rev,pd_pdl_long,14715.8,14728.9375,14702.5,14780.25,trail,53.19999999999709,0.9877819548873268,False,True
2021-07-19 10:04:00,2021-07-19 10:07:00,long,or_rev,or_rev_long,14475.4,14512.1875,14463.0,14529.25,trail,49.599999999998545,2.9667338709678583,True,True
2021-07-20 10:24:00,2021-07-20 10:28:00,short,vwap_rev,vwap_rev_short,14612.5,14600.5625,14624.0,14572.25,trail,46.0,1.0380434782608696,True,True
2021-07-20 10:41:00,2021-07-20 10:42:00,short,vwap_scalp,vwap_scalp_short,14612.6,14622.8125,14622.75,14596.5,stop,40.599999999998545,-1.0061576354679804,False,False
2021-07-20 12:18:00,2021-07-20 12:32:00,short,ou_lunch,ou_lunch_short,14714.5,14726.0625,14726.0,14632.0,stop,46.0,-1.0054347826086956,False,False
2021-07-20 13:05:00,2021-07-20 13:08:00,short,ou_lunch,ou_lunch_short,14735.2,14723.5625,14746.5,14649.0,trail,45.19999999999709,1.0298672566372988,True,True
2021-07-27 10:18:00,2021-07-27 10:19:00,long,vwap_rev,vwap_rev_long,14970.7,14970.6375,14958.5,15056.5,trail,48.80000000000291,-0.0051229508196718255,True,True
2021-07-27 10:57:00,2021-07-27 10:58:00,long,ou_rev,ou_rev_long,14911.5,14932.1875,14897.25,15008.75,trail,57.0,1.4517543859649122,True,True
2021-07-27 11:12:00,2021-07-27 11:13:00,long,ou_rev,ou_rev_long,14911.8,14911.7375,14901.0,14996.75,trail,43.19999999999709,-0.005787037037037427,True,True
2021-07-27 11:37:00,2021-07-27 11:41:00,long,ou_lunch,ou_lunch_long,14848.3,14833.4375,14833.5,14973.75,stop,59.19999999999709,-1.0042229729729732,False,False
2021-07-27 11:50:00,2021-07-27 11:55:00,long,ou_lunch,ou_lunch_long,14862.2,14873.6875,14848.25,14962.0,trail,55.80000000000291,0.8234767025088655,True,True
2021-07-27 13:37:00,2021-07-27 13:38:00,long,pm_mom,pm_mom_long,14811.2,14823.6875,14800.0,14835.25,trail,44.80000000000291,1.1149553571427198,True,True
2021-07-28 10:26:00,2021-07-28 10:30:00,long,trend,trend_cont_long,15062.5,15073.4375,15047.75,15092.0,trail,59.0,0.7415254237288136,True,True
2021-07-28 10:32:00,2021-07-28 10:34:00,long,trend,trend_cont_long,15073.0,15072.9375,15057.25,15104.75,trail,63.0,-0.003968253968253968,True,True
2021-07-29 10:42:00,2021-07-29 10:44:00,long,kalman_mom,kalman_mom_long,15085.7,15075.1875,15075.25,15115.25,stop,41.80000000000291,-1.0059808612440186,False,False
2021-07-29 11:03:00,2021-07-29 11:15:00,long,trend,trend_cont_long,15091.7,15080.1875,15080.25,15116.5,stop,45.80000000000291,-1.0054585152838424,False,False
2021-07-29 11:39:00,2021-07-29 11:45:00,short,trend,trend_cont_short,15063.2,15075.3125,15075.25,15038.75,stop,48.19999999999709,-1.0051867219917014,False,False
2021-08-02 10:12:00,2021-08-02 10:15:00,long,open_drive,open_drive_long,14990.7,15007.6875,14978.5,15015.25,trail,48.80000000000291,1.3924180327867426,True,True
2021-08-02 10:17:00,2021-08-02 10:21:00,long,kalman_mom,kalman_mom_long,15014.6,15028.1875,15003.5,15039.75,trail,44.400000000001455,1.2240990990990261,True,True
2021-08-03 10:07:00,2021-08-03 10:07:00,long,or_rev,or_rev_long,14932.7,14920.6875,14920.75,14986.0,stop,47.80000000000291,-1.0052301255230123,False,False
2021-08-03 10:55:00,2021-08-03 10:56:00,long,kalman_mom,kalman_mom_long,14924.2,14913.9375,14914.0,14949.75,stop,40.80000000000291,-1.0061274509803917,False,False
2021-08-03 11:57:00,2021-08-03 11:58:00,long,trend,trend_cont_long,15003.2,15027.1875,14989.25,15034.0,trail,55.80000000000291,1.7195340501790697,True,True
2021-08-04 10:11:00,2021-08-04 10:12:00,long,open_drive,open_drive_long,15059.7,15059.6375,15045.75,15087.0,trail,55.80000000000291,-0.004480286738351021,True,True
2021-08-04 10:24:00,2021-08-04 10:26:00,long,ou_rev,ou_rev_long,15027.8,15042.4375,15016.0,15053.75,trail,47.19999999999709,1.2404661016950533,False,True
2021-08-04 10:33:00,2021-08-04 10:33:00,long,ou_rev,ou_rev_long,15025.6,15014.4375,15014.5,15050.5,stop,44.400000000001455,-1.0056306306306304,False,False
2021-08-04 14:57:00,2021-08-04 15:12:00,short,trend,trend_cont_short,15090.6,15081.5625,15102.0,15067.75,trail,45.599999999998545,0.792763157894794,False,True
2021-08-06 10:59:00,2021-08-06 11:05:00,long,ou_rev,ou_rev_long,15086.9,15076.4375,15076.5,15121.5,trail,41.599999999998545,-1.0060096153846156,False,True
2021-08-06 11:16:00,2021-08-06 11:19:00,long,vwap_scalp,vwap_scalp_long,15080.2,15089.1875,15069.25,15097.5,trail,43.80000000000291,0.8207762557076416,True,True
2021-08-09 09:48:00,2021-08-09 09:54:00,long,open_drive,open_drive_long,15119.1,15127.1875,15104.75,15145.25,trail,57.400000000001455,0.5635888501741764,True,True
2021-08-09 10:13:00,2021-08-09 10:16:00,long,open_drive,open_drive_long,15123.8,15110.6875,15110.75,15148.0,stop,52.19999999999709,-1.0047892720306517,False,False
2021-08-10 10:37:00,2021-08-10 10:41:00,long,or_rev,or_rev_long,15075.9,15061.1875,15061.25,15145.75,stop,58.599999999998545,-1.0042662116040957,False,False
2021-08-10 10:55:00,2021-08-10 11:13:00,short,trend,trend_cont_short,15031.5,15016.8125,15050.0,14994.5,trail,74.0,0.793918918918919,False,True
2021-08-10 13:49:00,2021-08-10 13:56:00,long,ou_rev,ou_rev_long,15058.3,15065.1875,15047.5,15082.75,trail,43.19999999999709,0.6377314814815919,False,True
2021-08-11 10:07:00,2021-08-11 10:08:00,long,open_drive,open_drive_long,15089.9,15078.4375,15078.5,15115.0,stop,45.599999999998545,-1.005482456140351,False,False
2021-08-11 10:17:00,2021-08-11 10:26:00,long,or_rev,or_rev_long,15052.3,15062.1875,15042.25,15099.75,trail,40.19999999999709,0.9838308457712879,True,True
2021-08-11 10:37:00,2021-08-11 10:39:00,short,trend,trend_cont_short,15037.4,15050.0625,15050.0,15012.0,trail,50.400000000001455,-1.0049603174603172,False,True
2021-08-11 10:58:00,2021-08-11 11:00:00,long,ou_rev,ou_rev_long,15034.9,15024.6875,15024.75,15066.25,stop,40.599999999998545,-1.0061576354679804,False,False
2021-08-11 11:19:00,2021-08-11 11:21:00,long,vwap_rev,vwap_rev_long,14980.9,14991.4375,14970.0,15053.75,trail,43.599999999998545,0.9667431192661207,False,True
2021-08-11 11:35:00,2021-08-11 11:44:00,long,ou_lunch,ou_lunch_long,15007.1,14994.4375,14994.5,15046.75,stop,50.400000000001455,-1.0049603174603172,False,False
2021-08-11 11:54:00,2021-08-11 11:57:00,long,ou_lunch,ou_lunch_long,14981.8,14994.1875,14971.75,15040.0,trail,40.19999999999709,1.2325870646767785,True,True
2021-08-11 12:27:00,2021-08-11 12:34:00,long,pd_rev,pd_pdl_long,15010.2,15015.9375,14999.5,15034.0,trail,42.80000000000291,0.5362149532709236,False,True
2021-08-12 10:13:00,2021-08-12 10:14:00,long,sweep,sweep_pdl_long,14977.8,14989.1875,14966.0,15006.25,trail,47.19999999999709,0.9650423728814771,False,True
2021-08-12 10:31:00,2021-08-12 10:32:00,long,trend,trend_cont_long,15027.2,15037.4375,15016.25,15049.5,trail,43.80000000000291,0.9349315068491865,True,True
2021-08-12 10:51:00,2021-08-12 10:55:00,long,trend,trend_cont_long,15044.5,15061.4375,15031.75,15070.0,trail,51.0,1.3284313725490196,True,True
2021-08-16 10:21:00,2021-08-16 10:23:00,long,vwap_rev,vwap_rev_long,14962.7,14973.1875,14952.25,15054.75,trail,41.80000000000291,1.003588516746272,True,True
2021-08-16 14:10:00,2021-08-16 14:40:00,long,pm_mom,pm_mom_long,15094.0,15088.6375,15079.75,15122.25,time_stop,57.0,-0.37631578947363314,False,False
2021-08-17 10:14:00,2021-08-17 10:15:00,long,or_rev,or_rev_long,14973.9,15004.6875,14959.25,15013.0,trail,58.599999999998545,2.1015358361775514,False,True
2021-08-18 11:42:00,2021-08-18 11:46:00,long,ou_lunch,ou_lunch_long,14984.1,14996.4375,14973.5,15004.0,trail,42.400000000001455,1.1639150943395484,True,True
2021-08-18 14:03:00,2021-08-18 14:04:00,long,pm_mom,pm_mom_long,14995.9,15013.6875,14984.5,15018.75,trail,45.599999999998545,1.5603070175439413,True,True
2021-08-19 10:04:00,2021-08-19 10:12:00,short,ou_rev,ou_rev_short,14838.6,14857.5625,14857.5,14809.5,trail,75.59999999999854,-1.0033068783068784,False,True
2021-08-19 10:15:00,2021-08-19 10:19:00,short,ou_rev,ou_rev_short,14853.6,14868.5625,14868.5,14818.0,trail,59.599999999998545,-1.0041946308724834,False,True
2021-08-19 10:21:00,2021-08-19 10:28:00,short,ou_rev,ou_rev_short,14870.2,14870.2625,14889.75,14822.75,trail,78.19999999999709,-0.003196930946291679,True,True
2021-08-19 10:29:00,2021-08-19 10:32:00,long,sweep,sweep_pdl_long,14872.2,14855.4375,14855.5,14914.0,stop,66.80000000000291,-1.0037425149700596,False,False
2021-08-19 11:03:00,2021-08-19 11:03:00,short,ou_rev,ou_rev_short,14895.3,14908.8125,14908.75,14838.5,stop,53.80000000000291,-1.0046468401486985,False,False
2021-08-19 11:39:00,2021-08-19 11:40:00,short,ou_lunch,ou_lunch_short,14934.0,14944.0625,14944.0,14860.25,stop,40.0,-1.00625,False,False
2021-08-19 11:50:00,2021-08-19 11:56:00,short,ou_lunch,ou_lunch_short,14974.6,14986.0625,14986.0,14867.0,stop,45.599999999998545,-1.005482456140351,False,False
2021-08-19 13:37:00,2021-08-19 13:40:00,short,kalman_mom,kalman_mom_short,14937.3,14949.0625,14949.0,14909.25,stop,46.80000000000291,-1.00534188034188,False,False
2021-08-20 10:07:00,2021-08-20 10:10:00,short,vwap_scalp,vwap_scalp_short,15060.0,15070.0625,15070.0,15035.25,trail,40.0,-1.00625,False,True
2021-08-20 10:14:00,2021-08-20 10:16:00,short,vwap_scalp,vwap_scalp_short,15063.0,15063.0625,15075.0,15040.75,trail,48.0,-0.005208333333333333,True,True
2021-08-20 10:24:00,2021-08-20 10:29:00,short,ou_rev,ou_rev_short,15082.9,15066.0625,15094.25,15028.25,trail,45.400000000001455,1.483480176211374,True,True
2021-08-20 10:33:00,2021-08-20 10:35:00,short,ou_rev,ou_rev_short,15075.0,15085.0625,15085.0,15034.75,stop,40.0,-1.00625,False,False
2021-08-20 10:41:00,2021-08-20 10:42:00,short,ou_rev,ou_rev_short,15084.2,15075.8125,15096.25,15040.25,trail,48.19999999999709,0.6960580912864095,False,True
2021-08-20 11:49:00,2021-08-20 11:51:00,short,kalman_mom,kalman_mom_short,15020.4,15032.8125,15032.75,14989.5,stop,49.400000000001455,-1.0050607287449391,False,False
2021-08-23 10:18:00,2021-08-23 10:22:00,long,kalman_mom,kalman_mom_long,15238.8,15253.6875,15228.5,15265.25,trail,41.19999999999709,1.445388349514736,True,True
2021-08-25 10:36:00,2021-08-25 10:41:00,long,or_rev,or_rev_long,15357.7,15343.4375,15343.5,15383.5,stop,56.80000000000291,-1.004401408450704,False,False
2021-08-25 10:52:00,2021-08-25 10:55:00,long,ou_rev,ou_rev_long,15347.1,15356.4375,15336.75,15373.0,trail,41.400000000001455,0.9021739130434114,True,True
2021-08-26 10:42:00,2021-08-26 10:42:00,long,or_rev,or_rev_long,15299.4,15288.9375,15289.0,15348.75,stop,41.599999999998545,-1.0060096153846156,False,False
2021-08-26 11:08:00,2021-08-26 11:10:00,long,ou_rev,ou_rev_long,15279.1,15297.1875,15263.0,15325.5,trail,64.40000000000146,1.1234472049688962,True,True
2021-08-26 11:11:00,2021-08-26 11:13:00,long,ou_rev,ou_rev_long,15293.3,15312.1875,15278.5,15324.5,trail,59.19999999999709,1.2761824324325444,True,True
2021-08-27 09:50:00,2021-08-27 09:56:00,long,open_drive,open_drive_long,15314.5,15299.9375,15300.0,15343.25,stop,58.0,-1.0043103448275863,False,False
2021-08-27 10:01:00,2021-08-27 10:01:00,long,open_drive,open_drive_long,15311.7,15299.9375,15300.0,15334.5,stop_ambiguous,46.80000000000291,-1.00534188034188,False,False
2021-09-02 09:47:00,2021-09-02 09:50:00,long,open_drive,open_drive_long,15667.9,15673.4375,15657.75,15689.0,trail,40.599999999998545,0.5455665024631096,True,True
2021-09-02 10:07:00,2021-09-02 10:16:00,long,vwap_rev,vwap_rev_long,15638.0,15627.1875,15627.25,15660.5,stop,43.0,-1.005813953488372,False,False
2021-09-02 14:22:00,2021-09-02 14:28:00,long,ou_rev,ou_rev_long,15583.2,15571.9375,15572.0,15625.5,stop,44.80000000000291,-1.0055803571428568,False,False
2021-09-02 14:33:00,2021-09-02 14:47:00,long,ou_rev,ou_rev_long,15577.7,15587.9375,15564.75,15623.75,trail,51.80000000000291,0.79054054054044,True,True
2021-09-07 09:57:00,2021-09-07 09:58:00,long,ou_rev,ou_rev_long,15624.0,15638.4375,15612.5,15641.75,trail,46.0,1.2554347826086956,True,True
2021-09-07 10:01:00,2021-09-07 10:02:00,long,open_drive,open_drive_long,15641.9,15629.4375,15629.5,15666.25,stop,49.599999999998545,-1.0050403225806452,False,False
2021-09-07 10:04:00,2021-09-07 10:05:00,long,open_drive,open_drive_long,15640.9,15629.4375,15629.5,15663.0,stop,45.599999999998545,-1.005482456140351,False,False
2021-09-07 10:15:00,2021-09-07 10:16:00,long,ou_rev,ou_rev_long,15616.0,15626.1875,15605.5,15636.5,trail,42.0,0.9702380952380952,True,True
2021-09-08 10:41:00,2021-09-08 10:42:00,long,vwap_rev,vwap_rev_long,15581.3,15569.9375,15570.0,15629.75,stop,45.19999999999709,-1.0055309734513278,False,False
2021-09-08 10:53:00,2021-09-08 10:54:00,short,trend,trend_cont_short,15569.3,15548.0625,15581.5,15543.5,trail,48.80000000000291,1.7407786885244267,True,True
2021-09-08 10:56:00,2021-09-08 10:57:00,short,trend,trend_cont_short,15546.1,15546.1625,15563.5,15511.0,trail,69.59999999999854,-0.0035919540229885807,True,True
2021-09-08 11:12:00,2021-09-08 11:14:00,long,kalman_mom,kalman_mom_long,15583.3,15571.4375,15571.5,15611.75,stop,47.19999999999709,-1.0052966101694918,False,False
2021-09-08 11:51:00,2021-09-08 11:52:00,short,trend,trend_cont_short,15542.5,15529.5625,15558.0,15510.75,trail,62.0,0.8346774193548387,True,True
2021-09-08 13:34:00,2021-09-08 13:37:00,long,pd_rev,pd_pdl_long,15608.9,15597.9375,15598.0,15630.5,stop,43.599999999998545,-1.0057339449541287,False,False
2021-09-08 14:03:00,2021-09-08 14:04:00,long,pm_mom,pm_mom_long,15611.0,15624.9375,15597.0,15637.25,trail,56.0,0.9955357142857143,False,True
2021-09-09 11:59:00,2021-09-09 12:05:00,long,ou_lunch,ou_lunch_long,15627.3,15616.4375,15616.5,15646.25,stop,43.19999999999709,-1.0057870370370374,False,False
2021-09-09 12:10:00,2021-09-09 12:28:00,long,ou_lunch,ou_lunch_long,15627.1,15627.0375,15615.5,15644.75,trail,46.400000000001455,-0.00538793103448259,True,True
2021-09-09 13:26:00,2021-09-09 13:27:00,long,vwap_rev,vwap_rev_long,15580.6,15568.6875,15568.75,15639.0,stop,47.400000000001455,-1.0052742616033754,False,False
2021-09-09 13:29:00,2021-09-09 13:31:00,long,vwap_rev,vwap_rev_long,15574.2,15574.1375,15563.75,15637.75,trail,41.80000000000291,-0.005980861244018722,True,True
2021-09-09 13:38:00,2021-09-09 13:42:00,short,trend,trend_cont_short,15568.1,15568.1625,15584.75,15532.5,trail,66.59999999999854,-0.0037537537537538357,True,True
2021-09-10 10:07:00,2021-09-10 10:08:00,long,vwap_rev,vwap_rev_long,15627.9,15616.1875,15616.25,15651.5,stop,46.599999999998545,-1.005364806866953,False,False
2021-09-10 11:32:00,2021-09-10 11:34:00,long,ema_rev,ema_rev_long,15550.8,15561.9375,15537.25,15570.5,trail,54.19999999999709,0.8219557195572934,True,True
2021-09-10 11:44:00,2021-09-10 11:50:00,long,ou_lunch,ou_lunch_long,15561.4,15548.4375,15548.5,15604.0,stop,51.599999999998545,-1.0048449612403103,False,False
2021-09-10 11:55:00,2021-09-10 11:56:00,long,ou_lunch,ou_lunch_long,15542.4,15530.9375,15531.0,15600.5,stop,45.599999999998545,-1.005482456140351,False,False
2021-09-13 10:02:00,2021-09-13 10:02:00,long,or_rev,or_rev_long,15450.3,15439.4375,15439.5,15508.5,stop,43.19999999999709,-1.0057870370370374,False,False
2021-09-13 10:50:00,2021-09-13 10:54:00,long,sweep,sweep_pdl_long,15440.1,15422.9375,15423.0,15486.0,stop,68.40000000000146,-1.0036549707602338,False,False
2021-09-13 12:58:00,2021-09-13 13:01:00,long,pd_rev,pd_pdl_long,15436.7,15446.4375,15425.0,15460.25,trail,46.80000000000291,0.8322649572648433,True,True
2021-09-13 14:04:00,2021-09-13 14:11:00,long,pm_mom,pm_mom_long,15400.6,15389.1875,15389.25,15425.0,stop,45.400000000001455,-1.0055066079295152,False,False
2021-09-13 14:35:00,2021-09-13 14:39:00,long,ou_rev,ou_rev_long,15368.0,15353.9375,15354.0,15409.5,stop,56.0,-1.0044642857142858,False,False
2021-09-13 14:43:00,2021-09-13 14:49:00,long,ou_rev,ou_rev_long,15367.8,15381.4375,15354.0,15408.5,trail,55.19999999999709,0.9882246376812642,True,True
2021-09-13 14:50:00,2021-09-13 14:54:00,long,ou_rev,ou_rev_long,15381.5,15370.4375,15370.5,15407.75,stop,44.0,-1.0056818181818181,False,False
2021-09-14 10:04:00,2021-09-14 10:06:00,long,or_rev,or_rev_long,15422.6,15434.1875,15409.0,15496.25,trail,54.400000000001455,0.8520220588234799,True,True
2021-09-14 10:13:00,2021-09-14 10:21:00,short,trend,trend_cont_short,15422.8,15441.3125,15441.25,15385.0,stop,73.80000000000291,-1.0033875338753386,False,False
2021-09-14 10:36:00,2021-09-14 10:38:00,long,kalman_mom,kalman_mom_long,15443.6,15432.9375,15433.0,15469.5,stop,42.400000000001455,-1.0058962264150941,False,False
2021-09-14 10:48:00,2021-09-14 10:49:00,long,ou_rev,ou_rev_long,15423.1,15408.9375,15409.0,15450.25,stop,56.400000000001455,-1.0044326241134751,False,False
2021-09-14 10:52:00,2021-09-14 10:54:00,long,ou_rev,ou_rev_long,15406.8,15406.7375,15396.0,15448.5,trail,43.19999999999709,-0.005787037037037427,True,True
2021-09-14 11:00:00,2021-09-14 11:02:00,long,ou_rev,ou_rev_long,15411.0,15428.9375,15397.5,15444.75,trail,54.0,1.3287037037037037,True,True
2021-09-14 14:36:00,2021-09-14 14:39:00,short,trend,trend_cont_short,15368.9,15359.0625,15382.5,15340.5,trail,54.400000000001455,0.723345588235248,True,True
2021-09-14 15:00:00,2021-09-14 15:11:00,long,pm_mom,pm_mom_long,15391.1,15378.9375,15379.0,15416.75,stop,48.400000000001455,-1.0051652892561982,False,False
2021-09-15 10:15:00,2021-09-15 10:20:00,long,ou_rev,ou_rev_long,15323.3,15334.4375,15313.0,15366.25,trail,41.19999999999709,1.0813106796117975,False,True
2021-09-15 10:21:00,2021-09-15 10:22:00,long,ou_rev,ou_rev_long,15332.4,15344.1875,15322.0,15361.5,trail,41.599999999998545,1.133413461538536,True,True
2021-09-16 09:56:00,2021-09-16 09:58:00,long,ou_rev,ou_rev_long,15405.6,15418.9375,15391.75,15436.5,trail,55.400000000001455,0.9629963898916452,False,True
2021-09-16 10:07:00,2021-09-16 10:08:00,long,ou_rev,ou_rev_long,15397.7,15410.1875,15380.25,15427.0,trail,69.80000000000291,0.7156160458452007,False,True
2021-09-16 10:19:00,2021-09-16 10:24:00,long,ou_rev,ou_rev_long,15384.6,15398.9375,15368.5,15420.25,trail,64.40000000000146,0.8905279503105162,True,True
2021-09-17 10:00:00,2021-09-17 10:01:00,long,ema_rev,ema_rev_long,15401.4,15413.6875,15391.25,15419.5,trail,40.599999999998545,1.2105911330050054,True,True
2021-09-17 10:05:00,2021-09-17 10:06:00,long,or_rev,or_rev_long,15406.4,15396.1875,15396.25,15458.0,stop,40.599999999998545,-1.0061576354679804,False,False
2021-09-17 10:40:00,2021-09-17 10:42:00,long,ou_rev,ou_rev_long,15370.0,15357.4375,15357.5,15407.75,stop,50.0,-1.005,False,False
2021-09-17 10:45:00,2021-09-17 10:46:00,long,ou_rev,ou_rev_long,15366.2,15353.9375,15354.0,15405.0,stop,48.80000000000291,-1.0051229508196717,False,False
2021-09-17 10:50:00,2021-09-17 10:57:00,long,ou_rev,ou_rev_long,15360.3,15360.2375,15343.5,15402.0,trail,67.19999999999709,-0.0037202380952382564,True,True
2021-09-17 11:03:00,2021-09-17 11:04:00,long,ou_rev,ou_rev_long,15364.4,15352.4375,15352.5,15396.5,stop,47.599999999998545,-1.0052521008403363,False,False
2021-09-17 11:11:00,2021-09-17 11:11:00,long,ou_rev,ou_rev_long,15343.9,15332.4375,15332.5,15392.75,stop,45.599999999998545,-1.005482456140351,False,False
2021-09-17 11:14:00,2021-09-17 11:15:00,long,ou_rev,ou_rev_long,15335.6,15365.4375,15325.5,15391.0,trail,40.400000000001455,2.9542079207919367,True,True
2021-09-17 11:48:00,2021-09-17 11:49:00,long,ou_lunch,ou_lunch_long,15334.7,15345.9375,15323.0,15380.25,trail,46.80000000000291,0.9604700854699636,True,True
2021-09-17 11:58:00,2021-09-17 11:59:00,long,ou_lunch,ou_lunch_long,15317.4,15337.4375,15304.5,15376.75,trail,51.599999999998545,1.553294573643483,True,True
2021-09-17 14:02:00,2021-09-17 14:11:00,long,pm_mom,pm_mom_long,15316.7,15330.9375,15306.5,15338.5,trail,40.80000000000291,1.3958333333331625,True,True
2021-09-20 10:23:00,2021-09-20 10:26:00,long,or_rev,or_rev_long,15044.8,15030.6875,15030.75,15100.75,stop,56.19999999999709,-1.0044483985765127,False,False
2021-09-20 10:55:00,2021-09-20 10:57:00,long,ou_rev,ou_rev_long,15030.2,15012.9375,15013.0,15077.75,stop,68.80000000000291,-1.0036337209302324,False,False
2021-09-20 11:09:00,2021-09-20 11:11:00,long,ou_rev,ou_rev_long,15023.1,15023.0375,15010.75,15068.5,trail,49.400000000001455,-0.005060728744939122,True,True
2021-09-20 11:14:00,2021-09-20 11:15:00,long,ou_rev,ou_rev_long,15030.0,15051.1875,15014.5,15066.5,trail,62.0,1.3669354838709677,True,True
2021-09-20 11:50:00,2021-09-20 11:51:00,long,ou_lunch,ou_lunch_long,15008.9,14993.9375,14994.0,15056.75,stop,59.599999999998545,-1.0041946308724834,False,False
2021-09-20 12:04:00,2021-09-20 12:06:00,long,ou_lunch,ou_lunch_long,14966.8,14954.9375,14955.0,15050.25,stop,47.19999999999709,-1.0052966101694918,False,False
2021-09-20 12:40:00,2021-09-20 12:43:00,long,ou_lunch,ou_lunch_long,14951.4,14938.6875,14938.75,15032.25,stop,50.599999999998545,-1.0049407114624507,False,False
2021-09-20 13:50:00,2021-09-20 13:52:00,long,vwap_scalp,vwap_scalp_long,14944.0,14943.9375,14933.75,14976.5,trail,41.0,-0.006097560975609756,True,True
2021-09-21 13:08:00,2021-09-21 13:17:00,short,kalman_mom,kalman_mom_short,15064.2,15052.8125,15076.25,15033.75,trail,48.19999999999709,0.9450207468880842,True,True
2021-09-21 13:32:00,2021-09-21 13:39:00,short,pm_mom,pm_mom_short,15031.5,15026.0625,15041.5,15011.5,trail,40.0,0.54375,False,True
2021-09-22 10:04:00,2021-09-22 10:05:00,short,vwap_rev,vwap_rev_short,15105.2,15093.5625,15115.5,15055.75,trail,41.19999999999709,1.1298543689321894,True,True
2021-09-22 12:10:00,2021-09-22 12:23:00,short,ou_lunch,ou_lunch_short,15171.2,15182.5625,15182.5,15123.25,stop,45.19999999999709,-1.0055309734513278,False,False
2021-09-22 14:58:00,2021-09-22 14:59:00,short,sweep,sweep_pdh_short,15130.0,15115.0625,15144.0,15058.5,trail,56.0,1.0669642857142858,True,True
2021-09-23 10:01:00,2021-09-23 10:02:00,short,or_rev,or_rev_short,15284.4,15298.0625,15298.0,15234.5,stop,54.400000000001455,-1.004595588235294,False,False
2021-09-23 10:23:00,2021-09-23 10:27:00,long,kalman_mom,kalman_mom_long,15337.7,15337.6375,15327.5,15363.0,trail,40.80000000000291,-0.00612745098039172,True,True
2021-09-23 13:13:00,2021-09-23 13:23:00,short,ou_lunch,ou_lunch_short,15325.6,15338.0625,15338.0,15304.5,stop,49.599999999998545,-1.0050403225806452,False,False
2021-09-24 10:03:00,2021-09-24 10:07:00,short,vwap_rev,vwap_rev_short,15263.0,15251.0625,15274.5,15232.0,trail,46.0,1.0380434782608696,False,True
2021-09-24 13:35:00,2021-09-24 13:37:00,short,ou_rev,ou_rev_short,15287.6,15279.0625,15298.5,15255.5,trail,43.599999999998545,0.7832568807340045,False,True
2021-09-27 10:28:00,2021-09-27 10:30:00,long,kalman_mom,kalman_mom_long,15190.5,15203.4375,15179.75,15217.25,trail,43.0,1.2034883720930232,False,True
2021-09-27 10:32:00,2021-09-27 10:47:00,long,sweep,sweep_pdl_long,15208.0,15207.9375,15190.25,15254.75,trail,71.0,-0.0035211267605633804,True,True
2021-09-27 12:52:00,2021-09-27 12:58:00,long,ou_lunch,ou_lunch_long,15144.8,15144.7375,15131.75,15171.25,trail,52.19999999999709,-0.004789272030651608,True,True
2021-09-28 09:59:00,2021-09-28 10:01:00,long,open_drive,open_drive_long,14968.0,14954.4375,14954.5,14999.5,stop,54.0,-1.0046296296296295,False,False
2021-09-28 10:13:00,2021-09-28 10:13:00,long,or_rev,or_rev_long,14904.0,14891.4375,14891.5,14996.5,stop,50.0,-1.005,False,False
2021-09-28 10:23:00,2021-09-28 10:24:00,long,ema_rev,ema_rev_long,14856.1,14869.1875,14843.0,14892.0,trail,52.400000000001455,0.999045801526662,True,True
2021-09-28 10:44:00,2021-09-28 10:44:00,long,ou_rev,ou_rev_long,14881.1,14867.9375,14868.0,14919.25,stop,52.400000000001455,-1.004770992366412,False,False
2021-09-28 10:50:00,2021-09-28 10:50:00,long,ou_rev,ou_rev_long,14867.0,14852.9375,14853.0,14915.5,stop,56.0,-1.0044642857142858,False,False
2021-09-28 11:05:00,2021-09-28 11:05:00,long,ou_rev,ou_rev_long,14841.6,14829.9375,14830.0,14905.25,stop,46.400000000001455,-1.0053879310344827,False,False
2021-09-28 11:08:00,2021-09-28 11:09:00,long,ou_rev,ou_rev_long,14829.3,14818.6875,14818.75,14903.0,stop,42.19999999999709,-1.0059241706161142,False,False
2021-09-28 11:13:00,2021-09-28 11:16:00,long,ou_rev,ou_rev_long,14812.1,14796.1875,14796.25,14899.0,stop,63.400000000001455,-1.0039432176656151,False,False
2021-09-28 11:20:00,2021-09-28 11:23:00,long,ou_rev,ou_rev_long,14803.1,14824.1875,14785.0,14893.25,trail,72.40000000000146,1.165055248618741,True,True
2021-09-28 11:58:00,2021-09-28 11:59:00,long,ou_lunch,ou_lunch_long,14813.3,14825.9375,14801.75,14872.25,trail,46.19999999999709,1.094155844155976,True,True
2021-09-28 12:05:00,2021-09-28 12:08:00,long,ou_lunch,ou_lunch_long,14798.6,14828.6875,14786.5,14869.5,trail,48.400000000001455,2.4865702479337797,True,True
2021-09-28 13:34:00,2021-09-28 13:36:00,long,vwap_scalp,vwap_scalp_long,14813.6,14802.6875,14802.75,14830.75,stop,43.400000000001455,-1.0057603686635943,False,False
2021-09-28 13:38:00,2021-09-28 13:45:00,long,pm_mom,pm_mom_long,14812.7,14812.6375,14799.0,14843.75,trail,54.80000000000291,-0.004562043795620196,True,True
2021-09-29 10:05:00,2021-09-29 10:10:00,short,or_rev,or_rev_short,14882.7,14896.5625,14896.5,14838.75,stop,55.19999999999709,-1.0045289855072466,False,False
2021-09-29 12:17:00,2021-09-29 12:19:00,short,kalman_mom,kalman_mom_short,14771.2,14782.5625,14782.5,14743.0,trail,45.19999999999709,-1.0055309734513278,False,True
2021-09-29 13:32:00,2021-09-29 13:34:00,short,pm_mom,pm_mom_short,14746.5,14746.5625,14760.5,14717.0,trail,56.0,-0.004464285714285714,True,True
2021-09-30 13:31:00,2021-09-30 13:32:00,short,kalman_mom,kalman_mom_short,14740.8,14732.0625,14752.5,14712.25,trail,46.80000000000291,0.7467948717947631,True,True
2021-10-01 11:53:00,2021-10-01 11:55:00,short,vwap_scalp,vwap_scalp_short,14697.2,14708.3125,14708.25,14668.25,stop,44.19999999999709,-1.0056561085972855,False,False
2021-10-01 12:29:00,2021-10-01 12:33:00,short,vwap_scalp,vwap_scalp_short,14682.6,14695.0625,14695.0,14665.25,stop,49.599999999998545,-1.0050403225806452,False,False
2021-10-01 12:39:00,2021-10-01 12:40:00,short,ou_lunch,ou_lunch_short,14692.5,14670.3125,14703.0,14649.5,trail,42.0,2.113095238095238,True,True
2021-10-01 13:06:00,2021-10-01 13:10:00,short,ou_lunch,ou_lunch_short,14682.1,14695.0625,14695.0,14653.25,stop,51.599999999998545,-1.0048449612403103,False,False
2021-10-01 13:28:00,2021-10-01 13:34:00,short,ou_lunch,ou_lunch_short,14704.0,14715.8125,14715.75,14657.0,stop,47.0,-1.0053191489361701,False,False
2021-10-01 13:53:00,2021-10-01 13:59:00,short,ou_rev,ou_rev_short,14741.9,14727.5625,14755.75,14662.5,trail,55.400000000001455,1.0351985559566252,True,True
2021-10-01 14:10:00,2021-10-01 14:14:00,short,ou_rev,ou_rev_short,14749.3,14733.8125,14760.0,14666.75,trail,42.80000000000291,1.4474299065418896,True,True
2021-10-01 14:30:00,2021-10-01 14:36:00,short,ou_rev,ou_rev_short,14755.8,14766.8125,14766.75,14671.25,stop,43.80000000000291,-1.0057077625570772,False,False
2021-10-04 10:16:00,2021-10-04 10:17:00,short,kalman_mom,kalman_mom_short,14570.4,14561.3125,14581.0,14545.0,trail,42.400000000001455,0.8573113207546532,True,True
2021-10-04 13:33:00,2021-10-04 13:34:00,short,pm_mom,pm_mom_short,14414.6,14426.8125,14426.75,14390.5,stop,48.599999999998545,-1.0051440329218109,False,False
2021-10-05 10:04:00,2021-10-05 10:04:00,short,ou_rev,ou_rev_short,14606.1,14616.5625,14616.5,14568.75,stop,41.599999999998545,-1.0060096153846156,False,False
2021-10-05 10:36:00,2021-10-05 10:38:00,short,ou_rev,ou_rev_short,14636.9,14636.9625,14648.0,14597.5,trail,44.400000000001455,-0.0056306306306304465,True,True
2021-10-05 10:39:00,2021-10-05 10:41:00,short,ou_rev,ou_rev_short,14635.2,14635.2625,14646.0,14599.0,trail,43.19999999999709,-0.005787037037037427,True,True
2021-10-05 11:02:00,2021-10-05 11:03:00,short,ou_rev,ou_rev_short,14684.8,14697.0625,14697.0,14614.0,stop,48.80000000000291,-1.0051229508196717,False,False
2021-10-05 11:39:00,2021-10-05 11:40:00,short,ou_lunch,ou_lunch_short,14712.1,14694.0625,14722.5,14637.75,trail,41.599999999998545,1.7343750000000957,True,True
2021-10-05 12:34:00,2021-10-05 12:40:00,short,pd_rev,pd_pdh_short,14725.7,14715.5625,14736.5,14657.5,trail,43.19999999999709,0.938657407407538,True,True
2021-10-06 10:29:00,2021-10-06 10:31:00,short,or_rev,or_rev_short,14664.3,14664.3625,14678.75,14580.75,trail,57.80000000000291,-0.004325259515570717,True,True
2021-10-06 11:17:00,2021-10-06 11:18:00,short,kalman_mom,kalman_mom_short,14644.7,14644.7625,14656.25,14616.75,trail,46.19999999999709,-0.005411255411255752,True,True
2021-10-06 11:37:00,2021-10-06 11:37:00,short,trend,trend_cont_short,14605.3,14618.3125,14618.25,14579.25,stop,51.80000000000291,-1.0048262548262545,False,False
2021-10-06 13:34:00,2021-10-06 13:35:00,short,ema_rev,ema_rev_short,14674.8,14686.5625,14686.5,14642.75,stop,46.80000000000291,-1.00534188034188,False,False
2021-10-06 13:37:00,2021-10-06 13:37:00,short,vwap_scalp,vwap_scalp_short,14682.6,14694.5625,14694.5,14651.5,stop,47.599999999998545,-1.0052521008403363,False,False
2021-10-06 13:55:00,2021-10-06 13:58:00,short,pm_mom,pm_mom_short,14681.1,14693.0625,14693.0,14659.0,stop,47.599999999998545,-1.0052521008403363,False,False
2021-10-07 14:06:00,2021-10-07 14:10:00,short,pm_mom,pm_mom_short,14956.7,14951.3125,14967.0,14935.25,trail,41.19999999999709,0.5230582524272921,False,True
2021-10-08 13:44:00,2021-10-08 13:48:00,short,pm_mom,pm_mom_short,14808.4,14818.8125,14818.75,14788.75,stop,41.400000000001455,-1.006038647342995,False,False
2021-10-11 10:03:00,2021-10-11 10:11:00,short,or_rev,or_rev_short,14881.5,14891.8125,14891.75,14786.25,trail,41.0,-1.0060975609756098,False,True
2021-10-11 13:50:00,2021-10-11 13:51:00,short,pm_mom,pm_mom_short,14777.5,14788.5625,14788.5,14755.75,stop,44.0,-1.0056818181818181,False,False
2021-10-12 13:11:00,2021-10-12 13:11:00,short,kalman_mom,kalman_mom_short,14648.6,14659.3125,14659.25,14623.25,stop,42.599999999998545,-1.0058685446009392,False,False
2021-10-12 13:56:00,2021-10-12 14:05:00,short,pm_mom,pm_mom_short,14669.9,14683.8125,14683.75,14642.0,stop,55.400000000001455,-1.0045126353790612,False,False
2021-10-13 14:18:00,2021-10-13 14:30:00,short,ou_rev,ou_rev_short,14768.3,14753.0625,14785.75,14732.25,trail,69.80000000000291,0.8732091690543632,True,True
2021-10-14 10:10:00,2021-10-14 10:13:00,short,ou_rev,ou_rev_short,14987.2,14997.5625,14997.5,14947.75,stop,41.19999999999709,-1.006067961165049,False,False
2021-10-14 10:21:00,2021-10-14 10:25:00,short,vwap_scalp,vwap_scalp_short,14992.8,14986.3125,15005.0,14974.75,trail,48.80000000000291,0.5317622950818759,False,True
2021-10-14 13:06:00,2021-10-14 13:31:00,short,ou_lunch,ou_lunch_short,15035.9,15035.9625,15047.5,14994.25,trail,46.400000000001455,-0.00538793103448259,True,True
2021-10-15 12:10:00,2021-10-15 12:16:00,long,kalman_mom,kalman_mom_long,15093.7,15101.4375,15083.0,15119.75,trail,42.80000000000291,0.7231308411213782,False,True
2021-10-18 14:33:00,2021-10-18 14:51:00,long,pm_mom,pm_mom_long,15269.7,15282.4375,15259.25,15291.0,trail,41.80000000000291,1.218899521530946,True,True
2021-10-20 09:46:00,2021-10-20 09:50:00,long,open_drive,open_drive_long,15430.8,15445.6875,15420.25,15451.5,trail,42.19999999999709,1.41113744075846,True,True
2021-10-20 10:06:00,2021-10-20 10:10:00,long,or_rev,or_rev_long,15403.1,15417.4375,15392.25,15430.25,trail,43.400000000001455,1.3214285714284937,False,True
2021-10-22 11:30:00,2021-10-22 11:31:00,long,vwap_rev,vwap_rev_long,15344.6,15353.6875,15333.5,15424.0,trail,44.400000000001455,0.8186936936936341,False,True
2021-10-22 12:44:00,2021-10-22 12:46:00,long,kalman_mom,kalman_mom_long,15370.2,15370.1375,15359.5,15395.75,trail,42.80000000000291,-0.005841121495326705,True,True
2021-10-22 13:53:00,2021-10-22 13:57:00,long,ou_rev,ou_rev_long,15353.2,15336.9375,15337.0,15381.5,stop,64.80000000000291,-1.0038580246913578,False,False
2021-10-22 14:21:00,2021-10-22 14:32:00,long,pm_mom,pm_mom_long,15363.4,15379.6875,15351.0,15388.0,trail,49.599999999998545,1.313508064516197,True,True
2021-10-25 10:09:00,2021-10-25 10:11:00,long,open_drive,open_drive_long,15402.7,15412.1875,15390.75,15425.5,trail,47.80000000000291,0.7939330543931962,True,True
2021-10-25 14:36:00,2021-10-25 14:40:00,long,pm_mom,pm_mom_long,15549.8,15537.9375,15538.0,15573.25,stop,47.19999999999709,-1.0052966101694918,False,False
2021-10-26 11:37:00,2021-10-26 11:38:00,long,vwap_rev,vwap_rev_long,15620.4,15637.4375,15609.25,15672.0,trail,44.599999999998545,1.528026905829679,True,True
2021-10-26 12:03:00,2021-10-26 12:05:00,long,vwap_rev,vwap_rev_long,15599.2,15587.4375,15587.5,15663.75,stop,46.80000000000291,-1.00534188034188,False,False
2021-10-26 12:26:00,2021-10-26 12:29:00,long,vwap_scalp,vwap_scalp_long,15610.5,15598.4375,15598.5,15632.75,stop,48.0,-1.0052083333333333,False,False
2021-10-26 12:49:00,2021-10-26 12:50:00,long,vwap_scalp,vwap_scalp_long,15529.0,15528.9375,15516.75,15587.25,trail,49.0,-0.00510204081632653,True,True
2021-10-27 10:33:00,2021-10-27 10:34:00,long,kalman_mom,kalman_mom_long,15613.9,15628.6875,15603.5,15640.0,trail,41.599999999998545,1.4218750000000848,True,True
2021-10-27 10:36:00,2021-10-27 10:44:00,long,trend,trend_cont_long,15637.5,15637.4375,15619.0,15676.25,trail,74.0,-0.0033783783783783786,True,True
2021-10-28 09:46:00,2021-10-28 09:47:00,long,open_drive,open_drive_long,15678.1,15704.4375,15665.0,15704.5,trail,52.400000000001455,2.010496183206023,True,True
2021-11-01 10:05:00,2021-11-01 10:05:00,long,ou_rev,ou_rev_long,15802.2,15789.4375,15789.5,15830.0,stop,50.80000000000291,-1.0049212598425195,False,False
2021-11-01 10:08:00,2021-11-01 10:09:00,long,ou_rev,ou_rev_long,15799.6,15811.4375,15787.5,15827.25,trail,48.400000000001455,0.9783057851239074,True,True
2021-11-02 10:31:00,2021-11-02 10:32:00,long,kalman_mom,kalman_mom_long,15961.7,15961.6375,15951.5,15987.75,trail,40.80000000000291,-0.00612745098039172,True,True
2021-11-02 10:39:00,2021-11-02 10:45:00,long,trend,trend_cont_long,15966.0,15953.9375,15954.0,15991.25,trail,48.0,-1.0052083333333333,False,True
2021-11-02 14:29:00,2021-11-02 14:35:00,long,ou_rev,ou_rev_long,15931.4,15919.1875,15919.25,15952.0,stop,48.599999999998545,-1.0051440329218109,False,False
2021-11-02 14:40:00,2021-11-02 14:42:00,long,ou_rev,ou_rev_long,15931.5,15940.1875,15919.5,15951.25,trail,48.0,0.7239583333333334,True,True
2021-11-03 14:21:00,2021-11-03 14:25:00,long,pm_mom,pm_mom_long,16015.1,16029.6875,15998.75,16047.0,trail,65.40000000000146,0.8922018348623432,False,True
2021-11-04 10:16:00,2021-11-04 10:19:00,long,kalman_mom,kalman_mom_long,16290.4,16303.6875,16278.75,16319.5,trail,46.599999999998545,1.1405579399142298,True,True
2021-11-04 10:27:00,2021-11-04 10:32:00,long,trend,trend_cont_long,16307.0,16323.4375,16296.0,16329.0,trail,44.0,1.4943181818181819,True,True
2021-11-05 13:53:00,2021-11-05 14:00:00,long,pm_mom,pm_mom_long,16350.9,16364.6875,16339.5,16374.0,trail,45.599999999998545,1.209429824561474,True,True
2021-11-08 10:46:00,2021-11-08 10:47:00,long,ou_rev,ou_rev_long,16323.3,16343.6875,16311.75,16353.5,trail,46.19999999999709,1.7651515151516894,True,True
2021-11-08 14:18:00,2021-11-08 14:22:00,long,pm_mom,pm_mom_long,16383.2,16369.6875,16369.75,16410.0,trail,53.80000000000291,-1.0046468401486985,False,True
2021-11-09 10:16:00,2021-11-09 10:17:00,long,or_rev,or_rev_long,16243.7,16269.4375,16231.25,16380.25,trail,49.80000000000291,2.0672690763050414,True,True
2021-11-10 11:41:00,2021-11-10 11:44:00,short,trend,trend_cont_short,16142.4,16119.0625,16155.0,16117.0,trail,50.400000000001455,1.8521825396824574,True,True
2021-11-10 13:24:00,2021-11-10 13:27:00,long,ema_rev,ema_rev_long,16041.8,16065.9375,16030.25,16064.5,trail,46.19999999999709,2.0898268398270345,True,True
2021-11-11 10:32:00,2021-11-11 10:33:00,long,or_rev,or_rev_long,16063.1,16052.4375,16052.5,16090.75,stop,42.400000000001455,-1.0058962264150941,False,False
2021-11-11 12:20:00,2021-11-11 12:22:00,long,vwap_rev,vwap_rev_long,16041.0,16053.6875,16030.25,16078.75,trail,43.0,1.180232558139535,True,True
2021-11-11 14:32:00,2021-11-11 14:41:00,long,pm_mom,pm_mom_long,16076.2,16084.4375,16063.75,16101.25,trail,49.80000000000291,0.6616465863452844,False,True
2021-11-12 09:58:00,2021-11-12 10:00:00,long,open_drive,open_drive_long,16042.7,16042.6375,16032.5,16062.75,trail,40.80000000000291,-0.00612745098039172,True,True
2021-11-12 10:02:00,2021-11-12 10:05:00,long,open_drive,open_drive_long,16038.7,16059.4375,16027.0,16068.75,trail,46.80000000000291,1.772435897435725,True,True
2021-11-12 10:47:00,2021-11-12 10:48:00,long,kalman_mom,kalman_mom_long,16084.1,16098.6875,16072.75,16112.25,trail,45.400000000001455,1.2852422907488255,True,True
2021-11-15 10:09:00,2021-11-15 10:10:00,long,or_rev,or_rev_long,16208.6,16198.1875,16198.25,16238.0,stop,41.400000000001455,-1.006038647342995,False,False
2021-11-15 10:43:00,2021-11-15 10:51:00,long,ou_rev,ou_rev_long,16168.6,16182.4375,16152.5,16205.5,trail,64.40000000000146,0.8594720496893989,True,True
2021-11-15 11:33:00,2021-11-15 11:36:00,long,ou_lunch,ou_lunch_long,16176.0,16200.1875,16165.5,16196.0,trail,42.0,2.3035714285714284,True,True
2021-11-16 10:13:00,2021-11-16 10:18:00,long,trend,trend_cont_long,16252.2,16252.1375,16241.75,16274.0,trail,41.80000000000291,-0.005980861244018722,True,True
2021-11-16 11:03:00,2021-11-16 11:08:00,long,kalman_mom,kalman_mom_long,16253.2,16253.1375,16242.75,16280.25,trail,41.80000000000291,-0.005980861244018722,True,True
2021-11-17 09:54:00,2021-11-17 09:56:00,long,ou_rev,ou_rev_long,16281.0,16290.4375,16271.0,16307.25,trail,40.0,0.94375,True,True
2021-11-17 13:46:00,2021-11-17 14:00:00,long,trend,trend_cont_long,16342.8,16351.6875,16326.0,16377.0,trail,67.19999999999709,0.5290178571429234,False,True
2021-11-18 14:07:00,2021-11-18 14:08:00,long,pm_mom,pm_mom_long,16448.2,16458.1875,16437.5,16469.5,trail,42.80000000000291,0.9334112149531396,False,True
2021-11-19 13:43:00,2021-11-19 13:44:00,long,ema_rev,ema_rev_long,16547.0,16558.9375,16534.5,16564.0,trail,50.0,0.955,True,True
2021-11-19 13:52:00,2021-11-19 13:56:00,long,pm_mom,pm_mom_long,16569.7,16579.9375,16557.75,16596.75,trail,47.80000000000291,0.856694560669343,True,True
2021-11-22 11:16:00,2021-11-22 11:18:00,long,ema_rev,ema_rev_long,16654.6,16643.4375,16643.5,16676.75,stop,44.39999999999418,-1.0056306306306313,False,False
2021-11-22 11:25:00,2021-11-22 11:26:00,long,vwap_rev,vwap_rev_long,16633.3,16622.1875,16622.25,16711.75,stop,44.19999999999709,-1.0056561085972855,False,False
2021-11-22 11:59:00,2021-11-22 11:59:00,long,vwap_rev,vwap_rev_long,16486.3,16474.9375,16475.0,16681.75,stop,45.19999999999709,-1.0055309734513278,False,False
2021-11-22 12:43:00,2021-11-22 12:49:00,long,kalman_mom,kalman_mom_long,16551.3,16551.2375,16541.0,16578.0,trail,41.19999999999709,-0.006067961165048972,True,True
2021-11-22 13:34:00,2021-11-22 13:40:00,long,pm_mom,pm_mom_long,16549.0,16531.4375,16531.5,16585.0,stop,70.0,-1.0035714285714286,False,False
2021-11-22 14:13:00,2021-11-22 14:15:00,long,ou_rev,ou_rev_long,16537.1,16544.1875,16526.75,16608.75,trail,41.39999999999418,0.684782608695889,False,True
2021-11-22 14:43:00,2021-11-22 14:49:00,long,ou_rev,ou_rev_long,16562.1,16577.6875,16547.5,16603.5,trail,58.39999999999418,1.067636986301576,True,True
2021-11-23 09:53:00,2021-11-23 10:01:00,long,sweep,sweep_pdl_long,16410.8,16393.4375,16393.5,16447.5,trail,69.19999999999709,-1.003612716763006,False,True
2021-11-23 10:18:00,2021-11-23 10:20:00,short,trend,trend_cont_short,16294.6,16284.5625,16310.5,16258.25,trail,63.599999999998545,0.6312893081761379,False,True
2021-11-23 10:24:00,2021-11-23 10:25:00,long,or_rev,or_rev_long,16281.5,16309.6875,16269.25,16332.5,trail,49.0,2.3010204081632653,True,True
2021-11-23 11:02:00,2021-11-23 11:02:00,long,ema_rev,ema_rev_long,16175.3,16161.1875,16161.25,16208.25,stop,56.19999999999709,-1.0044483985765127,False,False
2021-11-23 13:33:00,2021-11-23 13:33:00,long,ou_rev,ou_rev_long,16142.5,16129.9375,16130.0,16243.75,stop,50.0,-1.005,False,False
2021-11-23 13:39:00,2021-11-23 13:40:00,long,ou_rev,ou_rev_long,16134.0,16143.9375,16122.5,16241.25,trail,46.0,0.8641304347826086,True,True
2021-11-23 13:42:00,2021-11-23 13:43:00,long,ou_rev,ou_rev_long,16136.0,16135.9375,16125.75,16240.25,trail,41.0,-0.006097560975609756,True,True
2021-11-23 13:50:00,2021-11-23 13:52:00,long,pm_mom,pm_mom_long,16168.8,16179.6875,16157.25,16192.5,trail,46.19999999999709,0.9426406926408151,True,True
2021-11-24 10:33:00,2021-11-24 10:34:00,long,kalman_mom,kalman_mom_long,16249.3,16249.2375,16238.5,16275.5,trail,43.19999999999709,-0.005787037037037427,True,True
2021-11-24 10:37:00,2021-11-24 10:38:00,long,trend,trend_cont_long,16254.1,16268.4375,16235.5,16293.0,trail,74.40000000000146,0.7708333333332987,True,True
2021-11-24 14:04:00,2021-11-24 14:04:00,long,pm_mom,pm_mom_long,16331.1,16315.6875,16315.75,16360.75,stop,61.400000000001455,-1.004071661237785,False,False
2021-11-26 10:09:00,2021-11-26 10:10:00,long,or_rev,or_rev_long,16193.4,16193.3375,16182.25,16257.5,trail,44.599999999998545,-0.005605381165919465,True,True
2021-11-26 11:07:00,2021-11-26 11:08:00,long,ou_rev,ou_rev_long,16105.3,16116.6875,16090.0,16179.5,trail,61.19999999999709,0.7442810457517169,True,True
2021-11-26 11:11:00,2021-11-26 11:11:00,long,ou_rev,ou_rev_long,16115.1,16104.4375,16104.5,16177.25,stop,42.400000000001455,-1.0058962264150941,False,False
2021-11-26 11:17:00,2021-11-26 11:17:00,long,ou_rev,ou_rev_long,16077.9,16062.4375,16062.5,16172.0,stop,61.599999999998545,-1.0040584415584417,False,False
2021-11-26 12:18:00,2021-11-26 12:20:00,long,vwap_scalp,vwap_scalp_long,16085.3,16085.2375,16074.0,16111.75,trail,45.19999999999709,-0.00553097345132779,True,True
2021-11-29 10:09:00,2021-11-29 10:10:00,short,or_rev,or_rev_short,16284.2,16284.2625,16295.5,16246.5,trail,45.19999999999709,-0.00553097345132779,True,True
2021-11-29 10:15:00,2021-11-29 10:16:00,short,vwap_scalp,vwap_scalp_short,16303.4,16303.4625,16314.5,16286.5,trail,44.400000000001455,-0.0056306306306304465,True,True
2021-11-29 11:47:00,2021-11-29 11:49:00,short,vwap_rev,vwap_rev_short,16337.9,16348.8125,16348.75,16280.25,stop,43.400000000001455,-1.0057603686635943,False,False
2021-11-29 11:51:00,2021-11-29 11:52:00,short,vwap_rev,vwap_rev_short,16342.3,16353.3125,16353.25,16281.75,stop,43.80000000000291,-1.0057077625570772,False,False
2021-11-29 12:56:00,2021-11-29 13:00:00,short,ou_lunch,ou_lunch_short,16389.4,16401.0625,16401.0,16306.5,stop,46.39999999999418,-1.0053879310344835,False,False
2021-11-29 13:15:00,2021-11-29 13:16:00,short,ou_lunch,ou_lunch_short,16408.7,16408.7625,16419.75,16312.25,trail,44.19999999999709,-0.005656108597285441,True,True
2021-11-29 13:18:00,2021-11-29 13:19:00,short,ou_lunch,ou_lunch_short,16400.8,16391.5625,16413.0,16313.25,trail,48.80000000000291,0.7571721311474362,True,True
2021-11-29 13:32:00,2021-11-29 13:36:00,long,pm_mom,pm_mom_long,16412.6,16401.1875,16401.25,16434.75,stop,45.39999999999418,-1.005506607929516,False,False
2021-11-29 14:18:00,2021-11-29 14:28:00,short,ou_rev,ou_rev_short,16402.5,16396.0625,16412.5,16328.0,trail,40.0,0.64375,False,True
2021-11-30 11:12:00,2021-11-30 11:12:00,short,trend,trend_cont_short,16166.4,16184.5625,16184.5,16113.25,stop,72.40000000000146,-1.003453038674033,False,False
2021-11-30 11:22:00,2021-11-30 11:24:00,long,or_rev,or_rev_long,16180.4,16167.1875,16167.25,16347.0,stop,52.599999999998545,-1.0047528517110267,False,False
2021-11-30 11:49:00,2021-11-30 11:50:00,long,ema_rev,ema_rev_long,16096.9,16120.4375,16083.0,16133.5,trail,55.599999999998545,1.6933453237410776,True,True
2021-11-30 12:19:00,2021-11-30 12:21:00,long,kalman_mom,kalman_mom_long,16118.6,16131.4375,16106.75,16147.0,trail,47.400000000001455,1.0833333333332693,True,True
2021-11-30 13:23:00,2021-11-30 13:24:00,long,ou_lunch,ou_lunch_long,16112.1,16129.1875,16101.25,16226.5,trail,43.400000000001455,1.5748847926266418,True,True
2021-12-01 10:05:00,2021-12-01 10:06:00,short,or_rev,or_rev_short,16354.1,16343.0625,16368.25,16312.75,trail,56.599999999998545,0.7800353356890917,True,True
2021-12-01 11:36:00,2021-12-01 11:39:00,short,vwap_scalp,vwap_scalp_short,16393.2,16376.5625,16404.5,16369.25,trail,45.19999999999709,1.472345132743522,True,True
2021-12-02 11:36:00,2021-12-02 11:38:00,long,pd_rev,pd_pdl_long,15897.4,15921.1875,15884.25,15925.0,trail,52.599999999998545,1.8089353612168078,True,True
2021-12-02 13:31:00,2021-12-02 13:33:00,short,pm_mom,pm_mom_short,15946.3,15946.3625,15961.75,15915.0,trail,61.80000000000291,-0.0040453074433655055,True,True
2021-12-02 14:20:00,2021-12-02 14:23:00,short,ou_rev,ou_rev_short,16015.5,16000.3125,16028.0,15946.25,trail,50.0,1.215,True,True
2021-12-03 10:48:00,2021-12-03 10:49:00,long,ou_rev,ou_rev_long,15692.7,15692.6375,15673.75,15844.25,trail,75.80000000000291,-0.003298153034300665,True,True
2021-12-03 10:51:00,2021-12-03 10:52:00,long,ou_rev,ou_rev_long,15672.9,15672.8375,15655.5,15838.25,trail,69.59999999999854,-0.0035919540229885807,True,True
2021-12-03 11:20:00,2021-12-03 11:21:00,long,ou_rev,ou_rev_long,15644.7,15668.1875,15627.75,15796.5,trail,67.80000000000291,1.3856932153391306,True,True
2021-12-03 11:27:00,2021-12-03 11:28:00,long,ou_rev,ou_rev_long,15697.8,15716.6875,15682.5,15789.5,trail,61.19999999999709,1.2344771241831127,True,True
2021-12-06 13:07:00,2021-12-06 13:10:00,short,vwap_rev,vwap_rev_short,15832.1,15832.1625,15842.5,15722.0,trail,41.599999999998545,-0.006009615384615595,True,True
2021-12-06 13:22:00,2021-12-06 13:24:00,short,ou_lunch,ou_lunch_short,15824.1,15824.1625,15835.5,15727.75,trail,45.599999999998545,-0.005482456140351052,True,True
2021-12-06 14:09:00,2021-12-06 14:10:00,short,pm_mom,pm_mom_short,15866.2,15877.0625,15877.0,15842.75,stop,43.19999999999709,-1.0057870370370374,False,False
2021-12-07 10:02:00,2021-12-07 10:02:00,short,or_rev,or_rev_short,16225.0,16235.0625,16235.0,16146.75,stop,40.0,-1.00625,False,False
2021-12-07 10:23:00,2021-12-07 10:24:00,long,kalman_mom,kalman_mom_long,16260.4,16248.6875,16248.75,16288.5,stop,46.599999999998545,-1.005364806866953,False,False
2021-12-07 13:44:00,2021-12-07 13:52:00,long,pm_mom,pm_mom_long,16330.2,16342.6875,16319.75,16352.5,trail,41.80000000000291,1.1949760765548711,True,True
2021-12-08 14:26:00,2021-12-08 14:30:00,long,pm_mom,pm_mom_long,16347.6,16355.9375,16336.25,16370.0,trail,45.400000000001455,0.7345814977973012,False,True
2021-12-08 14:59:00,2021-12-08 15:02:00,long,trend,trend_cont_long,16365.5,16365.4375,16354.25,16388.75,trail,45.0,-0.005555555555555556,True,True
2021-12-09 10:18:00,2021-12-09 10:20:00,long,or_rev,or_rev_long,16326.5,16337.4375,16313.25,16374.25,trail,53.0,0.8254716981132075,False,True
2021-12-09 10:54:00,2021-12-09 10:57:00,long,kalman_mom,kalman_mom_long,16300.2,16310.9375,16288.75,16328.25,trail,45.80000000000291,0.937772925764069,False,True
2021-12-09 13:53:00,2021-12-09 13:54:00,long,vwap_rev,vwap_rev_long,16217.3,16225.9375,16205.5,16307.0,trail,47.19999999999709,0.7319915254238356,False,True
2021-12-10 10:05:00,2021-12-10 10:05:00,long,or_rev,or_rev_long,16244.7,16232.4375,16232.5,16286.75,stop,48.80000000000291,-1.0051229508196717,False,False
2021-12-10 10:16:00,2021-12-10 10:16:00,long,open_drive,open_drive_long,16260.7,16248.6875,16248.75,16285.0,stop,47.80000000000291,-1.0052301255230123,False,False
2021-12-10 11:08:00,2021-12-10 11:08:00,long,vwap_rev,vwap_rev_long,16155.3,16142.9375,16143.0,16241.25,stop,49.19999999999709,-1.0050813008130084,False,False
2021-12-10 11:11:00,2021-12-10 11:12:00,long,pd_rev,pd_pdl_long,16147.9,16165.4375,16134.0,16238.5,trail,55.599999999998545,1.2616906474820735,True,True
2021-12-10 14:02:00,2021-12-10 14:10:00,long,pm_mom,pm_mom_long,16274.4,16260.6875,16260.75,16301.0,stop,54.599999999998545,-1.0045787545787548,False,False
2021-12-13 10:05:00,2021-12-13 10:07:00,long,ou_rev,ou_rev_long,16264.4,16286.6875,16251.25,16293.0,trail,52.599999999998545,1.6948669201521658,True,True
2021-12-13 10:24:00,2021-12-13 10:24:00,long,ou_rev,ou_rev_long,16253.2,16240.1875,16240.25,16288.25,stop,51.80000000000291,-1.0048262548262545,False,False
2021-12-13 10:30:00,2021-12-13 10:31:00,long,ou_rev,ou_rev_long,16209.8,16194.6875,16194.75,16281.75,trail,60.19999999999709,-1.004152823920266,False,True
2021-12-13 11:33:00,2021-12-13 11:36:00,long,ou_lunch,ou_lunch_long,16160.1,16175.4375,16146.0,16238.25,trail,56.400000000001455,1.0877659574467546,True,True
2021-12-13 12:01:00,2021-12-13 12:02:00,long,pd_rev,pd_pdl_long,16136.5,16124.9375,16125.0,16222.0,stop,46.0,-1.0054347826086956,False,False
2021-12-13 13:43:00,2021-12-13 13:45:00,long,pm_mom,pm_mom_long,16153.0,16165.4375,16142.0,16176.5,trail,44.0,1.1306818181818181,True,True
2021-12-14 10:36:00,2021-12-14 10:36:00,long,kalman_mom,kalman_mom_long,15915.2,15904.4375,15904.5,15945.25,stop,42.80000000000291,-1.0058411214953267,False,False
2021-12-14 11:00:00,2021-12-14 11:01:00,long,or_rev,or_rev_long,15800.2,15800.1375,15788.0,15922.25,trail,48.80000000000291,-0.0051229508196718255,True,True
2021-12-14 12:55:00,2021-12-14 12:56:00,long,ou_lunch,ou_lunch_long,15754.4,15763.9375,15742.75,15836.75,trail,46.599999999998545,0.8186695278970525,True,True
2021-12-14 13:01:00,2021-12-14 13:04:00,long,ou_lunch,ou_lunch_long,15765.7,15790.9375,15752.25,15835.0,trail,53.80000000000291,1.876394052044454,True,True
2021-12-15 11:16:00,2021-12-15 11:16:00,long,vwap_scalp,vwap_scalp_long,15829.1,15818.6875,15818.75,15847.25,stop,41.400000000001455,-1.006038647342995,False,False
2021-12-15 11:43:00,2021-12-15 11:43:00,long,vwap_rev,vwap_rev_long,15782.5,15772.1875,15772.25,15854.75,stop,41.0,-1.0060975609756098,False,False
2021-12-15 13:33:00,2021-12-15 13:34:00,long,kalman_mom,kalman_mom_long,15814.3,15823.1875,15803.0,15844.0,trail,45.19999999999709,0.786504424778876,True,True
2021-12-15 14:12:00,2021-12-15 14:12:00,short,vwap_rev,vwap_rev_short,15935.0,15947.3125,15947.25,15829.75,stop,49.0,-1.0051020408163265,False,False
2021-12-16 09:58:00,2021-12-16 09:58:00,long,ou_rev,ou_rev_long,16214.3,16196.6875,16196.75,16261.75,stop,70.19999999999709,-1.0035612535612537,False,False
2021-12-16 10:16:00,2021-12-16 10:17:00,long,or_rev,or_rev_long,16133.1,16133.0375,16118.5,16279.0,trail,58.400000000001455,-0.004280821917808112,True,True
2021-12-16 10:44:00,2021-12-16 10:44:00,long,vwap_scalp,vwap_scalp_long,16134.9,16122.6875,16122.75,16161.75,stop,48.599999999998545,-1.0051440329218109,False,False
2021-12-16 11:06:00,2021-12-16 11:09:00,long,ou_rev,ou_rev_long,16049.0,16029.1875,16029.25,16174.0,trail,79.0,-1.0031645569620253,False,True
2021-12-16 12:40:00,2021-12-16 12:40:00,long,ou_lunch,ou_lunch_long,15958.7,15947.1875,15947.25,16091.5,stop,45.80000000000291,-1.0054585152838424,False,False
2021-12-16 13:14:00,2021-12-16 13:16:00,long,ou_lunch,ou_lunch_long,15953.7,15962.4375,15941.25,16069.25,trail,49.80000000000291,0.7018072289155632,True,True
2021-12-16 13:41:00,2021-12-16 13:46:00,long,vwap_scalp,vwap_scalp_long,15946.5,15957.1875,15934.5,16002.75,trail,48.0,0.890625,True,True
2021-12-16 14:35:00,2021-12-16 14:37:00,short,trend,trend_cont_short,15845.2,15861.3125,15861.25,15811.75,stop,64.19999999999709,-1.0038940809968848,False,False
2021-12-17 11:03:00,2021-12-17 11:05:00,short,or_rev,or_rev_short,15893.3,15860.0625,15904.5,15727.0,trail,44.80000000000291,2.967633928571171,True,True
2021-12-20 14:43:00,2021-12-20 14:44:00,short,pm_mom,pm_mom_short,15575.6,15588.0625,15588.0,15553.5,stop,49.599999999998545,-1.0050403225806452,False,False
2021-12-20 15:00:00,2021-12-20 15:01:00,short,ou_rev,ou_rev_short,15603.2,15617.0625,15617.0,15573.0,stop,55.19999999999709,-1.0045289855072466,False,False
2021-12-21 11:12:00,2021-12-21 11:15:00,short,ema_rev,ema_rev_short,15729.8,15741.8125,15741.75,15694.25,stop,47.80000000000291,-1.0052301255230123,False,False
2021-12-21 14:41:00,2021-12-21 14:41:00,short,ou_rev,ou_rev_short,15932.4,15942.5625,15942.5,15785.0,stop,40.400000000001455,-1.0061881188118809,False,False
2021-12-21 14:45:00,2021-12-21 14:48:00,short,ou_rev,ou_rev_short,15930.1,15946.3125,15946.25,15786.75,stop,64.59999999999854,-1.0038699690402477,False,False
2021-12-22 10:14:00,2021-12-22 10:14:00,short,pd_rev,pd_pdh_short,15985.0,15998.0625,15998.0,15960.75,stop,52.0,-1.0048076923076923,False,False
2021-12-22 10:29:00,2021-12-22 10:33:00,short,or_rev,or_rev_short,16030.7,16030.7625,16041.25,15973.25,trail,42.19999999999709,-0.005924170616114153,True,True
2021-12-22 10:45:00,2021-12-22 10:46:00,short,vwap_scalp,vwap_scalp_short,16068.5,16068.5625,16079.0,16039.25,trail,42.0,-0.005952380952380952,True,True
2021-12-22 12:05:00,2021-12-22 12:06:00,long,kalman_mom,kalman_mom_long,16139.3,16147.9375,16128.25,16167.0,trail,44.19999999999709,0.7816742081449137,True,True
2021-12-22 12:17:00,2021-12-22 12:18:00,short,ou_lunch,ou_lunch_short,16124.5,16110.0625,16136.0,16062.5,trail,46.0,1.2554347826086956,True,True
2021-12-22 13:08:00,2021-12-22 13:13:00,short,ou_lunch,ou_lunch_short,16119.0,16104.3125,16131.75,16073.25,trail,51.0,1.1519607843137254,True,True
2021-12-27 10:22:00,2021-12-27 10:24:00,long,kalman_mom,kalman_mom_long,16482.9,16498.9375,16470.5,16513.75,trail,49.60000000000582,1.2933467741932791,True,True
2021-12-28 10:12:00,2021-12-28 10:15:00,long,ou_rev,ou_rev_long,16534.0,16515.1875,16515.25,16565.75,stop,75.0,-1.0033333333333334,False,False
2021-12-28 10:19:00,2021-12-28 10:20:00,long,vwap_scalp,vwap_scalp_long,16518.4,16506.4375,16506.5,16539.25,stop,47.60000000000582,-1.0052521008403354,False,False
2021-12-28 11:47:00,2021-12-28 11:48:00,long,vwap_scalp,vwap_scalp_long,16514.9,16514.8375,16502.75,16531.75,trail,48.60000000000582,-0.005144032921810084,True,True
2021-12-28 12:37:00,2021-12-28 12:42:00,long,vwap_rev,vwap_rev_long,16481.3,16492.6875,16469.75,16545.25,trail,46.19999999999709,0.985930735930861,True,True
2021-12-28 14:48:00,2021-12-28 14:49:00,long,ou_rev,ou_rev_long,16482.0,16493.6875,16471.75,16524.25,trail,41.0,1.1402439024390243,True,True
2021-12-28 14:54:00,2021-12-28 15:05:00,long,pm_mom,pm_mom_long,16499.0,16483.9375,16484.0,16530.5,stop,60.0,-1.0041666666666667,False,False
2021-12-29 10:23:00,2021-12-29 10:24:00,long,vwap_scalp,vwap_scalp_long,16424.8,16436.9375,16414.0,16458.75,trail,43.19999999999709,1.1238425925927358,False,True
2021-12-29 10:31:00,2021-12-29 10:31:00,long,vwap_scalp,vwap_scalp_long,16437.1,16425.1875,16425.25,16461.25,stop,47.39999999999418,-1.005274261603376,False,False
2021-12-29 11:56:00,2021-12-29 11:57:00,short,trend,trend_cont_short,16436.5,16436.5625,16449.0,16410.0,trail,50.0,-0.005,True,True
2021-12-29 13:56:00,2021-12-29 13:57:00,long,pd_rev,pd_pdl_long,16461.3,16469.9375,16447.25,16489.75,trail,56.19999999999709,0.6147686832741049,False,True
2021-12-30 10:15:00,2021-12-30 10:16:00,long,trend,trend_cont_long,16543.3,16555.6875,16532.0,16566.5,trail,45.19999999999709,1.0962389380532322,True,True
2021-12-30 10:18:00,2021-12-30 10:19:00,long,kalman_mom,kalman_mom_long,16557.5,16546.6875,16546.75,16582.25,stop,43.0,-1.005813953488372,False,False
2021-12-30 10:21:00,2021-12-30 10:22:00,long,trend,trend_cont_long,16556.8,16545.1875,16545.25,16580.0,stop,46.19999999999709,-1.0054112554112558,False,False
2021-12-30 10:28:00,2021-12-30 10:29:00,long,trend,trend_cont_long,16558.6,16568.9375,16548.25,16579.5,trail,41.39999999999418,0.998792270531682,True,True
2022-01-03 10:01:00,2022-01-03 10:02:00,long,or_rev,or_rev_long,16320.2,16364.6875,16307.25,16433.25,trail,51.80000000000291,3.4353281853279363,True,True
2022-01-04 10:10:00,2022-01-04 10:12:00,long,ou_rev,ou_rev_long,16422.9,16410.9375,16411.0,16470.25,stop,47.60000000000582,-1.0052521008403354,False,False
2022-01-04 10:17:00,2022-01-04 10:17:00,long,vwap_scalp,vwap_scalp_long,16397.5,16385.9375,16386.0,16429.5,stop,46.0,-1.0054347826086956,False,False
2022-01-04 11:08:00,2022-01-04 11:12:00,long,vwap_rev,vwap_rev_long,16205.4,16205.3375,16194.25,16386.75,trail,44.599999999998545,-0.005605381165919465,True,True
2022-01-04 11:45:00,2022-01-04 11:46:00,long,kalman_mom,kalman_mom_long,16226.5,16246.1875,16215.5,16254.75,trail,44.0,1.7897727272727273,True,True
2022-01-04 13:33:00,2022-01-04 13:41:00,long,ou_rev,ou_rev_long,16185.7,16185.6375,16165.75,16288.5,trail,79.80000000000291,-0.003132832080200387,True,True
2022-01-04 14:16:00,2022-01-04 14:21:00,long,pm_mom,pm_mom_long,16182.4,16191.4375,16169.75,16207.0,trail,50.599999999998545,0.714426877470405,True,True
2022-01-05 11:14:00,2022-01-05 11:15:00,long,pd_rev,pd_pdl_long,16149.6,16161.4375,16139.25,16179.75,trail,41.400000000001455,1.1437198067632097,True,True
2022-01-05 12:24:00,2022-01-05 12:31:00,long,ou_lunch,ou_lunch_long,16145.6,16130.9375,16131.0,16168.5,stop,58.400000000001455,-1.004280821917808,False,False
2022-01-05 12:48:00,2022-01-05 12:53:00,long,vwap_rev,vwap_rev_long,16072.0,16060.6875,16060.75,16161.5,stop,45.0,-1.0055555555555555,False,False
2022-01-05 13:14:00,2022-01-05 13:16:00,long,vwap_rev,vwap_rev_long,16044.1,16068.6875,16033.75,16151.0,trail,41.400000000001455,2.375603864734181,True,True
2022-01-05 13:23:00,2022-01-05 13:32:00,long,kalman_mom,kalman_mom_long,16085.5,16094.9375,16073.25,16115.75,trail,49.0,0.7704081632653061,True,True
2022-01-06 12:12:00,2022-01-06 12:13:00,short,vwap_scalp,vwap_scalp_short,15844.0,15829.5625,15856.5,15819.75,trail,50.0,1.155,True,True
2022-01-06 12:29:00,2022-01-06 12:32:00,short,vwap_scalp,vwap_scalp_short,15831.8,15813.8125,15844.0,15814.5,trail,48.80000000000291,1.4743852459014917,True,True
2022-01-07 10:21:00,2022-01-07 10:22:00,short,kalman_mom,kalman_mom_short,15691.1,15663.5625,15703.0,15664.25,trail,47.599999999998545,2.3140756302522023,True,True
2022-01-10 11:22:00,2022-01-10 11:24:00,short,ema_rev,ema_rev_short,15290.2,15303.3125,15303.25,15255.75,stop,52.19999999999709,-1.0047892720306517,False,False
2022-01-10 13:30:00,2022-01-10 13:32:00,short,vwap_rev,vwap_rev_short,15371.9,15382.0625,15382.0,15268.5,stop,40.400000000001455,-1.0061881188118809,False,False
2022-01-10 13:56:00,2022-01-10 13:58:00,short,vwap_scalp,vwap_scalp_short,15428.9,15403.5625,15440.25,15353.75,trail,45.400000000001455,2.232378854625447,True,True
2022-01-10 14:46:00,2022-01-10 14:53:00,short,pm_mom,pm_mom_short,15475.4,15454.0625,15492.5,15440.0,trail,68.40000000000146,1.2478070175438118,True,True
2022-01-11 10:20:00,2022-01-11 10:22:00,short,or_rev,or_rev_short,15623.7,15637.3125,15637.25,15545.75,stop,54.19999999999709,-1.0046125461254616,False,False
2022-01-11 11:21:00,2022-01-11 11:23:00,short,ema_rev,ema_rev_short,15754.2,15754.2625,15768.0,15684.25,trail,55.19999999999709,-0.0045289855072466155,True,True
2022-01-11 11:32:00,2022-01-11 11:33:00,short,vwap_rev,vwap_rev_short,15759.0,15744.5625,15769.25,15607.25,trail,41.0,1.4085365853658536,True,True
2022-01-11 14:11:00,2022-01-11 14:20:00,short,pm_mom,pm_mom_short,15791.78,15804.3125,15804.25,15765.5,trail,49.87999999999738,-1.0050120288692865,False,True
2022-01-12 11:14:00,2022-01-12 11:15:00,short,pd_rev,pd_pdh_short,15846.2,15833.0625,15858.0,15824.5,trail,47.19999999999709,1.1133474576272488,True,True
2022-01-12 12:38:00,2022-01-12 12:42:00,short,ema_rev,ema_rev_short,15940.2,15940.2625,15950.75,15920.25,trail,42.19999999999709,-0.005924170616114153,True,True
2022-01-12 13:31:00,2022-01-12 13:32:00,short,pm_mom,pm_mom_short,15908.9,15908.9625,15924.0,15877.0,trail,60.400000000001455,-0.00413907284768202,True,True
2022-01-13 13:33:00,2022-01-13 13:37:00,short,pm_mom,pm_mom_short,15661.2,15647.3125,15678.25,15628.5,trail,68.19999999999709,0.8145161290323355,True,True
2022-01-14 10:08:00,2022-01-14 10:08:00,short,or_rev,or_rev_short,15542.3,15554.5625,15554.5,15465.25,stop,48.80000000000291,-1.0051229508196717,False,False
2022-01-14 11:49:00,2022-01-14 11:51:00,short,ema_rev,ema_rev_short,15571.4,15571.4625,15585.25,15532.25,trail,55.400000000001455,-0.004512635379061253,True,True
2022-01-14 13:12:00,2022-01-14 13:12:00,short,kalman_mom,kalman_mom_short,15445.1,15455.8125,15455.75,15418.0,stop,42.599999999998545,-1.0058685446009392,False,False
2022-01-14 13:35:00,2022-01-14 13:36:00,short,pm_mom,pm_mom_short,15431.7,15417.5625,15443.75,15408.5,trail,48.19999999999709,1.1732365145229529,True,True
2022-01-18 13:34:00,2022-01-18 13:35:00,short,pm_mom,pm_mom_short,15243.7,15254.5625,15254.5,15222.0,stop,43.19999999999709,-1.0057870370370374,False,False
2022-01-19 10:15:00,2022-01-19 10:15:00,short,or_rev,or_rev_short,15359.9,15371.8125,15371.75,15308.5,stop,47.400000000001455,-1.0052742616033754,False,False
2022-01-19 13:37:00,2022-01-19 13:38:00,short,pm_mom,pm_mom_short,15262.8,15262.8625,15276.25,15237.0,trail,53.80000000000291,-0.0046468401486986334,True,True
2022-01-20 10:00:00,2022-01-20 10:02:00,short,ou_rev,ou_rev_short,15287.7,15287.7625,15301.0,15241.25,trail,53.19999999999709,-0.004699248120301009,True,True
2022-01-20 10:06:00,2022-01-20 10:07:00,short,ou_rev,ou_rev_short,15292.3,15292.3625,15302.75,15249.75,trail,41.80000000000291,-0.005980861244018722,True,True
2022-01-20 10:35:00,2022-01-20 10:36:00,short,ou_rev,ou_rev_short,15319.4,15305.0625,15332.5,15260.25,trail,52.400000000001455,1.0944656488549036,True,True
2022-01-20 12:20:00,2022-01-20 12:21:00,short,kalman_mom,kalman_mom_short,15278.5,15259.5625,15289.75,15250.0,trail,45.0,1.6833333333333333,True,True
2022-01-21 10:53:00,2022-01-21 10:53:00,short,ema_rev,ema_rev_short,14814.4,14827.5625,14827.5,14735.0,stop,52.400000000001455,-1.004770992366412,False,False
2022-01-21 11:26:00,2022-01-21 11:27:00,short,or_rev,or_rev_short,14856.9,14828.5625,14870.75,14766.75,trail,55.400000000001455,2.046028880866346,True,True
2022-01-24 13:13:00,2022-01-24 13:14:00,short,ema_rev,ema_rev_short,14037.1,14037.1625,14051.5,13973.5,trail,57.599999999998545,-0.004340277777777887,True,True
2022-01-25 13:55:00,2022-01-25 13:55:00,short,ema_rev,ema_rev_short,14252.7,14266.8125,14266.75,14219.75,stop,56.19999999999709,-1.0044483985765127,False,False
2022-01-26 10:06:00,2022-01-26 10:07:00,short,vwap_rev,vwap_rev_short,14519.4,14501.5625,14530.0,14442.0,trail,42.400000000001455,1.6827830188678325,True,True
2022-01-26 10:25:00,2022-01-26 10:26:00,short,kalman_mom,kalman_mom_short,14430.0,14386.0625,14441.0,14401.5,trail,44.0,3.9943181818181817,True,True
2022-01-27 10:07:00,2022-01-27 10:08:00,short,or_rev,or_rev_short,14381.0,14381.0625,14394.0,14308.25,trail,52.0,-0.004807692307692308,True,True
2022-01-27 13:40:00,2022-01-27 13:41:00,short,pm_mom,pm_mom_short,14027.0,13997.0625,14045.25,13990.5,trail,73.0,1.6404109589041096,True,True
2022-01-28 10:36:00,2022-01-28 10:36:00,short,kalman_mom,kalman_mom_short,13947.1,13958.3125,13958.25,13918.0,stop,44.599999999998545,-1.0056053811659196,False,False
2022-01-28 11:20:00,2022-01-28 11:21:00,short,or_rev,or_rev_short,14248.0,14236.5625,14262.0,14013.75,trail,56.0,0.8169642857142857,False,True
2022-01-28 13:34:00,2022-01-28 13:37:00,short,ou_rev,ou_rev_short,14260.4,14260.4625,14278.0,14138.25,trail,70.40000000000146,-0.0035511363636362902,True,True
2022-01-28 13:43:00,2022-01-28 13:44:00,short,pm_mom,pm_mom_short,14236.5,14251.8125,14251.75,14204.75,stop,61.0,-1.0040983606557377,False,False
2022-01-31 09:59:00,2022-01-31 10:00:00,short,ou_rev,ou_rev_short,14632.0,14646.5625,14646.5,14558.75,stop,58.0,-1.0043103448275863,False,False
2022-01-31 10:25:00,2022-01-31 10:26:00,short,ou_rev,ou_rev_short,14728.4,14728.4625,14746.5,14618.75,trail,72.40000000000146,-0.0034530386740330796,True,True
2022-01-31 10:28:00,2022-01-31 10:29:00,short,ou_rev,ou_rev_short,14719.0,14681.8125,14733.25,14624.25,trail,57.0,2.6096491228070176,True,True
2022-01-31 10:41:00,2022-01-31 10:42:00,short,vwap_scalp,vwap_scalp_short,14688.5,14666.0625,14699.25,14662.25,trail,43.0,2.0872093023255816,True,True
2022-02-01 12:44:00,2022-02-01 12:45:00,short,kalman_mom,kalman_mom_short,14875.1,14875.1625,14885.5,14848.25,trail,41.599999999998545,-0.006009615384615595,True,True
2022-02-01 13:29:00,2022-02-01 13:36:00,short,ou_lunch,ou_lunch_short,14911.0,14866.3125,14922.5,14875.75,trail,46.0,3.885869565217391,True,True
2022-02-02 13:50:00,2022-02-02 13:53:00,short,pm_mom,pm_mom_short,15073.7,15057.0625,15088.75,15043.0,trail,60.19999999999709,1.1054817275748525,True,True
2022-02-03 12:02:00,2022-02-03 12:03:00,long,ema_rev,ema_rev_long,14692.5,14679.1875,14679.25,14718.5,stop,53.0,-1.0047169811320755,False,False
2022-02-03 12:07:00,2022-02-03 12:09:00,long,vwap_rev,vwap_rev_long,14658.2,14665.1875,14646.75,14760.25,trail,45.80000000000291,0.6102620087335221,False,True
2022-02-03 13:29:00,2022-02-03 13:31:00,long,vwap_scalp,vwap_scalp_long,14704.0,14692.6875,14692.75,14719.0,stop_ambiguous,45.0,-1.0055555555555555,False,False
2022-02-03 13:39:00,2022-02-03 13:47:00,short,pm_mom,pm_mom_short,14675.8,14694.0625,14694.0,14638.25,stop,72.80000000000291,-1.0034340659340657,False,False
2022-02-03 13:49:00,2022-02-03 13:51:00,long,vwap_scalp,vwap_scalp_long,14693.9,14681.9375,14682.0,14712.75,stop,47.599999999998545,-1.0052521008403363,False,False
2022-02-03 13:59:00,2022-02-03 14:06:00,long,ou_rev,ou_rev_long,14683.4,14712.4375,14668.75,14730.0,trail,58.599999999998545,1.9820819112628727,True,True
2022-02-03 14:17:00,2022-02-03 14:18:00,long,ou_rev,ou_rev_long,14672.7,14682.4375,14661.25,14727.25,trail,45.80000000000291,0.8504366812225899,True,True
2022-02-03 14:22:00,2022-02-03 14:23:00,long,ou_rev,ou_rev_long,14681.7,14666.4375,14666.5,14726.5,stop,60.80000000000291,-1.004111842105263,False,False
2022-02-04 10:40:00,2022-02-04 10:40:00,short,kalman_mom,kalman_mom_short,14557.5,14568.3125,14568.25,14527.5,stop,43.0,-1.005813953488372,False,False
2022-02-04 11:49:00,2022-02-04 11:50:00,short,ema_rev,ema_rev_short,14620.2,14601.0625,14634.25,14587.75,trail,56.19999999999709,1.3620996441282363,True,True
2022-02-04 13:07:00,2022-02-04 13:08:00,short,vwap_rev,vwap_rev_short,14709.2,14719.5625,14719.5,14580.75,stop,41.19999999999709,-1.006067961165049,False,False
2022-02-04 13:47:00,2022-02-04 13:48:00,short,ou_rev,ou_rev_short,14739.0,14739.0625,14757.75,14600.75,trail,75.0,-0.0033333333333333335,True,True
2022-02-04 13:55:00,2022-02-04 13:57:00,short,ou_rev,ou_rev_short,14756.0,14743.5625,14766.5,14604.5,trail,42.0,1.1845238095238095,False,True
2022-02-07 09:58:00,2022-02-07 10:03:00,short,ou_rev,ou_rev_short,14807.3,14760.8125,14820.25,14761.0,trail,51.80000000000291,3.589768339768082,True,True
2022-02-08 10:54:00,2022-02-08 10:54:00,short,vwap_rev,vwap_rev_short,14608.7,14619.3125,14619.25,14542.5,stop,42.19999999999709,-1.0059241706161142,False,False
2022-02-08 11:17:00,2022-02-08 11:18:00,short,ema_rev,ema_rev_short,14673.3,14688.0625,14688.0,14648.5,stop,58.80000000000291,-1.0042517006802718,False,False
2022-02-08 13:40:00,2022-02-08 13:41:00,short,pm_mom,pm_mom_short,14697.0,14697.0625,14709.0,14672.5,trail,48.0,-0.005208333333333333,True,True
2022-02-08 13:47:00,2022-02-08 13:47:00,short,vwap_scalp,vwap_scalp_short,14681.3,14692.5625,14692.5,14661.25,stop,44.80000000000291,-1.0055803571428568,False,False
2022-02-09 11:03:00,2022-02-09 11:09:00,short,ou_rev,ou_rev_short,14966.5,14953.8125,14979.5,14916.75,trail,52.0,0.9759615384615384,True,True
2022-02-09 11:28:00,2022-02-09 11:31:00,short,ou_rev,ou_rev_short,14956.8,14937.5625,14968.75,14924.0,trail,47.80000000000291,1.6098326359831048,False,True
2022-02-10 10:01:00,2022-02-10 10:02:00,short,or_rev,or_rev_short,14920.2,14920.2625,14932.5,14803.0,trail,49.19999999999709,-0.005081300813008431,True,True
2022-02-10 10:39:00,2022-02-10 10:39:00,long,kalman_mom,kalman_mom_long,14982.5,15008.0,14972.5,15008.0,target,40.0,2.55,False,False
2022-02-11 13:31:00,2022-02-11 13:32:00,short,pm_mom,pm_mom_short,14493.2,14463.3125,14509.25,14460.75,trail,64.19999999999709,1.86214953271041,True,True
2022-02-14 09:55:00,2022-02-14 09:57:00,short,ou_rev,ou_rev_short,14331.0,14303.3125,14347.0,14263.5,trail,64.0,1.73046875,True,True
2022-02-14 11:22:00,2022-02-14 11:23:00,short,ou_rev,ou_rev_short,14343.7,14343.7625,14358.5,14276.75,trail,59.19999999999709,-0.0042229729729731805,True,True
2022-02-14 11:33:00,2022-02-14 11:34:00,short,ou_lunch,ou_lunch_short,14371.2,14338.3125,14384.75,14283.75,trail,54.19999999999709,2.4271217712178963,True,True
2022-02-15 10:47:00,2022-02-15 10:50:00,short,ou_rev,ou_rev_short,14541.8,14552.8125,14552.75,14502.0,trail,43.80000000000291,-1.0057077625570772,False,True
2022-02-15 10:53:00,2022-02-15 10:55:00,short,ou_rev,ou_rev_short,14546.0,14546.0625,14556.25,14504.75,trail,41.0,-0.006097560975609756,True,True
2022-02-15 11:24:00,2022-02-15 11:25:00,short,ou_rev,ou_rev_short,14540.8,14552.5625,14552.5,14513.75,stop,46.80000000000291,-1.00534188034188,False,False
2022-02-15 11:42:00,2022-02-15 11:47:00,short,ou_lunch,ou_lunch_short,14556.2,14556.2625,14569.0,14517.25,trail,51.19999999999709,-0.0048828125000002776,True,True
2022-02-15 12:00:00,2022-02-15 12:05:00,short,ou_lunch,ou_lunch_short,14559.5,14537.8125,14574.25,14521.5,trail,59.0,1.4703389830508475,True,True
2022-02-15 12:27:00,2022-02-15 12:28:00,short,kalman_mom,kalman_mom_short,14478.3,14478.3625,14489.25,14451.0,trail,43.80000000000291,-0.005707762557077246,True,True
2022-02-15 14:07:00,2022-02-15 14:08:00,short,pm_mom,pm_mom_short,14531.4,14514.5625,14550.5,14492.75,trail,76.40000000000146,0.8815445026177652,True,True
2022-02-15 14:53:00,2022-02-15 14:54:00,short,ou_rev,ou_rev_short,14560.8,14549.8125,14571.25,14521.5,trail,41.80000000000291,1.0514354066984217,True,True
2022-02-16 12:11:00,2022-02-16 12:15:00,short,ou_lunch,ou_lunch_short,14465.6,14451.3125,14476.0,14448.0,trail,41.599999999998545,1.37379807692316,True,True
2022-02-16 14:27:00,2022-02-16 14:28:00,short,vwap_rev,vwap_rev_short,14557.2,14557.2625,14568.0,14447.25,trail,43.19999999999709,-0.005787037037037427,True,True
2022-02-16 14:56:00,2022-02-16 14:56:00,short,ou_rev,ou_rev_short,14562.3,14572.5625,14572.5,14458.75,stop,40.80000000000291,-1.0061274509803917,False,False
2022-02-17 10:20:00,2022-02-17 10:21:00,short,trend,trend_cont_short,14392.4,14363.8125,14408.5,14352.5,trail,64.40000000000146,1.7756211180123596,True,True
2022-02-17 14:02:00,2022-02-17 14:07:00,short,pm_mom,pm_mom_short,14299.7,14288.8125,14312.25,14275.5,trail,50.19999999999709,0.8675298804781959,True,True
2022-02-18 10:41:00,2022-02-18 10:42:00,short,kalman_mom,kalman_mom_short,14062.1,14043.0625,14072.75,14032.0,trail,42.599999999998545,1.7875586854461045,True,True
2022-02-18 14:09:00,2022-02-18 14:11:00,short,pm_mom,pm_mom_short,13992.1,14004.0625,14004.0,13970.5,stop,47.599999999998545,-1.0052521008403363,False,False
2022-02-22 10:15:00,2022-02-22 10:16:00,short,or_rev,or_rev_short,14045.1,14055.3125,14055.25,13933.25,stop,40.599999999998545,-1.0061576354679804,False,False
2022-02-22 12:12:00,2022-02-22 12:13:00,short,pd_rev,pd_pdh_short,13892.1,13871.0625,13906.0,13862.75,trail,55.599999999998545,1.5134892086331593,True,True
2022-02-22 13:55:00,2022-02-22 13:56:00,short,pm_mom,pm_mom_short,13770.6,13770.6625,13784.0,13743.5,trail,53.599999999998545,-0.004664179104477738,True,True
2022-02-23 13:12:00,2022-02-23 13:13:00,short,kalman_mom,kalman_mom_short,13741.4,13705.5625,13753.5,13714.0,trail,48.400000000001455,2.9617768595040133,True,True
2022-02-24 10:46:00,2022-02-24 10:46:00,short,or_rev,or_rev_short,13372.8,13386.0625,13386.0,13188.25,stop,52.80000000000291,-1.0047348484848482,False,False
2022-02-24 12:30:00,2022-02-24 12:30:00,short,kalman_mom,kalman_mom_short,13442.1,13452.8125,13452.75,13413.25,stop,42.599999999998545,-1.0058685446009392,False,False
2022-02-24 13:31:00,2022-02-24 13:31:00,short,pm_mom,pm_mom_short,13488.1,13500.8125,13500.75,13461.0,stop,50.599999999998545,-1.0049407114624507,False,False
2022-02-24 14:33:00,2022-02-24 14:33:00,short,ou_rev,ou_rev_short,13713.2,13732.3125,13732.25,13474.0,stop,76.19999999999709,-1.0032808398950133,False,False
2022-02-25 10:28:00,2022-02-25 10:29:00,short,vwap_scalp,vwap_scalp_short,13998.6,13998.6625,14009.75,13963.5,trail,44.599999999998545,-0.005605381165919465,True,True
2022-02-25 11:00:00,2022-02-25 11:01:00,short,vwap_rev,vwap_rev_short,14085.4,14027.8125,14096.5,13962.0,trail,44.400000000001455,5.18806306306286,True,True
2022-02-28 11:03:00,2022-02-28 11:05:00,short,or_rev,or_rev_short,14224.4,14224.4625,14237.5,14077.5,trail,52.400000000001455,-0.004770992366412081,True,True
2022-02-28 11:11:00,2022-02-28 11:12:00,short,vwap_scalp,vwap_scalp_short,14215.8,14197.5625,14228.25,14173.25,trail,49.80000000000291,1.46485943775086,True,True
2022-02-28 12:12:00,2022-02-28 12:13:00,short,kalman_mom,kalman_mom_short,14186.0,14156.8125,14196.0,14159.0,trail,40.0,2.91875,True,True
2022-03-01 10:24:00,2022-03-01 10:25:00,short,ou_rev,ou_rev_short,14254.9,14240.3125,14273.5,14207.5,trail,74.40000000000146,0.7842741935483521,True,True
2022-03-01 11:45:00,2022-03-01 11:45:00,short,trend,trend_cont_short,14072.8,14088.8125,14088.75,14039.5,stop,63.80000000000291,-1.0039184952978055,False,False
2022-03-01 11:54:00,2022-03-01 11:57:00,short,trend,trend_cont_short,14054.0,14026.5625,14071.5,14016.75,trail,70.0,1.5678571428571428,True,True
2022-03-01 13:31:00,2022-03-01 13:32:00,short,pm_mom,pm_mom_short,13981.2,13996.3125,13996.25,13950.75,stop,60.19999999999709,-1.004152823920266,False,False
2022-03-01 13:36:00,2022-03-01 13:37:00,short,trend,trend_cont_short,13997.0,13997.0625,14014.5,13960.0,trail,70.0,-0.0035714285714285713,True,True
2022-03-02 09:51:00,2022-03-02 09:52:00,short,ou_rev,ou_rev_short,14118.2,14106.5625,14135.0,14070.75,trail,67.19999999999709,0.6927083333334066,False,True
2022-03-02 10:19:00,2022-03-02 10:19:00,short,kalman_mom,kalman_mom_short,13979.8,13990.5625,13990.5,13953.25,stop,42.80000000000291,-1.0058411214953267,False,False
2022-03-02 11:35:00,2022-03-02 11:36:00,short,vwap_rev,vwap_rev_short,14217.3,14186.0625,14228.0,14084.0,trail,42.80000000000291,2.9193925233642193,True,True
2022-03-03 10:22:00,2022-03-03 10:24:00,short,kalman_mom,kalman_mom_short,14177.7,14133.0625,14189.75,14150.0,trail,48.19999999999709,3.704356846473313,True,True
2022-03-04 10:17:00,2022-03-04 10:17:00,short,kalman_mom,kalman_mom_short,13822.0,13833.0625,13833.0,13793.75,stop,44.0,-1.0056818181818181,False,False
2022-03-04 13:44:00,2022-03-04 13:45:00,short,pm_mom,pm_mom_short,13856.7,13845.0625,13874.25,13826.25,trail,70.19999999999709,0.6631054131054821,True,True
2022-03-07 10:19:00,2022-03-07 10:20:00,short,kalman_mom,kalman_mom_short,13619.9,13609.5625,13631.75,13593.25,trail,47.400000000001455,0.8723628691982548,True,True
2022-03-07 13:35:00,2022-03-07 13:38:00,short,pm_mom,pm_mom_short,13484.1,13484.1625,13502.25,13448.5,trail,72.59999999999854,-0.003443526170798967,True,True
2022-03-08 12:10:00,2022-03-08 12:11:00,short,ema_rev,ema_rev_short,13352.4,13352.4625,13366.75,13276.5,trail,57.400000000001455,-0.004355400696864001,True,True
2022-03-08 13:12:00,2022-03-08 13:13:00,short,vwap_rev,vwap_rev_short,13648.4,13648.4625,13659.0,13319.0,trail,42.400000000001455,-0.005896226415094137,True,True
2022-03-08 13:40:00,2022-03-08 13:41:00,short,kalman_mom,kalman_mom_short,13467.6,13457.0625,13479.75,13439.25,trail,48.599999999998545,0.8672839506173399,True,True
2022-03-09 10:32:00,2022-03-09 10:35:00,short,or_rev,or_rev_short,13628.0,13628.0625,13641.25,13573.25,trail,53.0,-0.0047169811320754715,True,True
2022-03-09 10:43:00,2022-03-09 10:44:00,short,vwap_scalp,vwap_scalp_short,13643.8,13655.5625,13655.5,13618.0,trail,46.80000000000291,-1.00534188034188,False,True
2022-03-09 10:53:00,2022-03-09 10:55:00,short,ou_rev,ou_rev_short,13649.1,13624.5625,13663.5,13598.5,trail,57.599999999998545,1.703993055555624,True,True
2022-03-09 11:45:00,2022-03-09 11:46:00,short,ou_lunch,ou_lunch_short,13653.3,13653.3625,13664.25,13610.5,trail,43.80000000000291,-0.005707762557077246,True,True
2022-03-09 11:59:00,2022-03-09 12:01:00,short,ou_lunch,ou_lunch_short,13659.4,13672.8125,13672.75,13614.0,stop,53.400000000001455,-1.0046816479400749,False,False
2022-03-09 12:05:00,2022-03-09 12:09:00,short,ou_lunch,ou_lunch_short,13677.8,13665.0625,13691.25,13616.25,trail,53.80000000000291,0.9470260223047274,True,True
2022-03-09 12:12:00,2022-03-09 12:14:00,short,pd_rev,pd_pdh_short,13664.9,13677.0625,13677.0,13618.5,stop,48.400000000001455,-1.0051652892561982,False,False
2022-03-09 12:43:00,2022-03-09 12:44:00,short,vwap_rev,vwap_rev_short,13737.0,13721.0625,13749.0,13628.75,trail,48.0,1.328125,True,True
2022-03-09 12:52:00,2022-03-09 12:54:00,short,vwap_rev,vwap_rev_short,13737.4,13727.3125,13749.0,13632.75,trail,46.400000000001455,0.8696120689654586,True,True
2022-03-09 13:06:00,2022-03-09 13:06:00,short,kalman_mom,kalman_mom_short,13680.4,13692.3125,13692.25,13650.0,stop,47.400000000001455,-1.0052742616033754,False,False
2022-03-09 13:36:00,2022-03-09 13:37:00,short,pm_mom,pm_mom_short,13712.0,13724.0625,13724.0,13687.0,stop,48.0,-1.0052083333333333,False,False
2022-03-10 12:50:00,2022-03-10 12:50:00,short,kalman_mom,kalman_mom_short,13452.4,13463.3125,13463.25,13425.75,stop,43.400000000001455,-1.0057603686635943,False,False
2022-03-10 14:46:00,2022-03-10 14:48:00,short,pm_mom,pm_mom_short,13572.2,13585.5625,13585.5,13540.0,stop,53.19999999999709,-1.004699248120301,False,False
2022-03-10 14:53:00,2022-03-10 15:02:00,short,ou_rev,ou_rev_short,13621.6,13594.3125,13639.0,13497.0,trail,69.59999999999854,1.5682471264368354,True,True
2022-03-11 09:50:00,2022-03-11 09:51:00,short,sweep,sweep_pdh_short,13632.7,13632.7625,13647.75,13516.75,trail,60.19999999999709,-0.004152823920265981,True,True
2022-03-11 13:53:00,2022-03-11 13:55:00,short,pm_mom,pm_mom_short,13474.5,13458.5625,13490.5,13442.25,trail,64.0,0.99609375,True,True
2022-03-14 10:17:00,2022-03-14 10:18:00,short,vwap_rev,vwap_rev_short,13373.6,13349.8125,13384.0,13292.25,trail,41.599999999998545,2.2872596153847304,True,True
2022-03-15 10:24:00,2022-03-15 10:25:00,short,vwap_scalp,vwap_scalp_short,13219.2,13219.2625,13229.25,13192.5,trail,40.19999999999709,-0.006218905472637266,True,True
2022-03-15 10:27:00,2022-03-15 10:28:00,short,vwap_scalp,vwap_scalp_short,13232.0,13232.0625,13243.5,13200.5,trail,46.0,-0.005434782608695652,True,True
2022-03-15 10:34:00,2022-03-15 10:35:00,short,vwap_rev,vwap_rev_short,13286.9,13272.5625,13298.5,13178.75,trail,46.400000000001455,1.2359913793102748,True,True
2022-03-15 12:54:00,2022-03-15 12:55:00,short,kalman_mom,kalman_mom_short,13307.4,13318.5625,13318.5,13278.25,stop,44.400000000001455,-1.0056306306306304,False,False
2022-03-15 13:43:00,2022-03-15 13:43:00,short,pm_mom,pm_mom_short,13303.9,13315.5625,13315.5,13281.0,stop,46.400000000001455,-1.0053879310344827,False,False
2022-03-16 10:23:00,2022-03-16 10:25:00,short,or_rev,or_rev_short,13815.3,13826.3125,13826.25,13667.75,stop,43.80000000000291,-1.0057077625570772,False,False
2022-03-16 10:50:00,2022-03-16 10:50:00,short,kalman_mom,kalman_mom_short,13802.2,13812.3125,13812.25,13776.25,stop,40.19999999999709,-1.0062189054726374,False,False
2022-03-17 10:03:00,2022-03-17 10:03:00,short,or_rev,or_rev_short,13973.5,13985.8125,13985.75,13862.0,stop,49.0,-1.0051020408163265,False,False
2022-03-17 10:34:00,2022-03-17 10:35:00,short,sweep,sweep_pdh_short,13918.2,13936.5625,13936.5,13692.0,stop,73.19999999999709,-1.0034153005464481,False,False
2022-03-17 10:55:00,2022-03-17 10:55:00,long,ema_rev,ema_rev_long,13870.2,13857.9375,13858.0,13900.25,stop,48.80000000000291,-1.0051229508196717,False,False
2022-03-17 11:34:00,2022-03-17 11:35:00,short,pd_rev,pd_pdh_short,13925.1,13925.1625,13936.75,13903.0,trail,46.599999999998545,-0.005364806866952957,True,True
2022-03-17 11:42:00,2022-03-17 11:44:00,long,kalman_mom,kalman_mom_long,13950.7,13939.6875,13939.75,13978.0,stop,43.80000000000291,-1.0057077625570772,False,False
2022-03-17 12:28:00,2022-03-17 12:29:00,short,vwap_scalp,vwap_scalp_short,13964.9,13964.9625,13975.0,13942.0,trail,40.400000000001455,-0.0061881188118809655,True,True
2022-03-17 12:32:00,2022-03-17 12:35:00,short,vwap_scalp,vwap_scalp_short,13967.9,13967.9625,13979.25,13943.75,trail,45.400000000001455,-0.005506607929515242,True,True
2022-03-17 12:48:00,2022-03-17 12:49:00,short,vwap_scalp,vwap_scalp_short,13974.8,13963.0625,13987.0,13949.5,trail,48.80000000000291,0.9620901639343092,True,True
2022-03-17 12:58:00,2022-03-17 13:00:00,short,ou_lunch,ou_lunch_short,13979.0,13991.0625,13991.0,13926.0,stop,48.0,-1.0052083333333333,False,False
2022-03-17 13:02:00,2022-03-17 13:03:00,short,ou_lunch,ou_lunch_short,13983.0,13965.0625,13996.5,13927.0,trail,54.0,1.3287037037037037,True,True
2022-03-17 13:32:00,2022-03-17 13:38:00,long,pm_mom,pm_mom_long,14043.5,14032.1875,14032.25,14066.75,stop,45.0,-1.0055555555555555,False,False
2022-03-17 13:39:00,2022-03-17 13:41:00,short,vwap_rev,vwap_rev_short,14034.1,14045.0625,14045.0,13936.5,stop,43.599999999998545,-1.0057339449541287,False,False
2022-03-18 10:17:00,2022-03-18 10:18:00,short,or_rev,or_rev_short,14220.6,14207.0625,14234.25,14039.5,trail,54.599999999998545,0.9917582417582949,True,True
2022-03-18 10:29:00,2022-03-18 10:30:00,short,vwap_scalp,vwap_scalp_short,14210.4,14210.4625,14222.5,14173.0,trail,48.400000000001455,-0.005165289256198192,True,True
2022-03-18 13:11:00,2022-03-18 13:12:00,short,ou_lunch,ou_lunch_short,14311.2,14304.5625,14322.25,14213.0,trail,44.19999999999709,0.6006787330317797,True,True
2022-03-18 13:17:00,2022-03-18 13:21:00,short,ou_lunch,ou_lunch_short,14301.5,14289.5625,14312.0,14215.0,trail,42.0,1.1369047619047619,True,True
2022-03-21 10:07:00,2022-03-21 10:09:00,long,or_rev,or_rev_long,14297.0,14281.9375,14282.0,14416.75,stop,60.0,-1.0041666666666667,False,False
2022-03-21 10:16:00,2022-03-21 10:16:00,long,ema_rev,ema_rev_long,14273.2,14260.1875,14260.25,14302.25,stop,51.80000000000291,-1.0048262548262545,False,False
2022-03-21 10:46:00,2022-03-21 10:47:00,long,kalman_mom,kalman_mom_long,14283.7,14300.9375,14272.5,14314.5,trail,44.80000000000291,1.539062499999835,True,True
2022-03-22 10:21:00,2022-03-22 10:22:00,long,kalman_mom,kalman_mom_long,14572.5,14572.4375,14562.25,14600.75,trail,41.0,-0.006097560975609756,True,True
2022-03-22 10:32:00,2022-03-22 10:34:00,long,trend,trend_cont_long,14599.6,14616.1875,14583.0,14634.0,trail,66.40000000000146,0.9992469879517634,True,True
2022-03-22 13:32:00,2022-03-22 13:35:00,long,pm_mom,pm_mom_long,14618.7,14627.4375,14608.5,14639.0,trail,40.80000000000291,0.8566176470586911,True,True
2022-03-23 10:03:00,2022-03-23 10:03:00,long,open_drive,open_drive_long,14499.1,14484.4375,14484.5,14529.5,stop,58.400000000001455,-1.004280821917808,False,False
2022-03-23 13:32:00,2022-03-23 13:33:00,long,ema_rev,ema_rev_long,14503.9,14531.4375,14493.0,14540.25,trail,43.599999999998545,2.5263761467891084,True,True
2022-03-23 13:49:00,2022-03-23 13:52:00,short,trend,trend_cont_short,14499.0,14515.5625,14515.5,14465.25,stop,66.0,-1.003787878787879,False,False
2022-03-23 13:56:00,2022-03-23 14:01:00,long,pm_mom,pm_mom_long,14537.0,14520.9375,14521.0,14568.25,stop,64.0,-1.00390625,False,False
2022-03-24 10:21:00,2022-03-24 10:22:00,long,ou_rev,ou_rev_long,14459.7,14474.9375,14446.0,14509.75,trail,54.80000000000291,1.1122262773721505,False,True
2022-03-24 10:29:00,2022-03-24 10:30:00,long,vwap_scalp,vwap_scalp_long,14459.2,14470.6875,14448.5,14482.0,trail,42.80000000000291,1.0735981308409805,True,True
2022-03-25 09:55:00,2022-03-25 09:56:00,long,open_drive,open_drive_long,14754.3,14767.6875,14743.25,14776.0,trail,44.19999999999709,1.2115384615386071,True,True
2022-03-25 10:12:00,2022-03-25 10:15:00,long,open_drive,open_drive_long,14741.2,14727.4375,14727.5,14767.5,stop,54.80000000000291,-1.0045620437956202,False,False
2022-03-25 11:13:00,2022-03-25 11:18:00,long,or_rev,or_rev_long,14647.0,14658.9375,14632.75,14751.5,trail,57.0,0.8377192982456141,True,True
2022-03-25 12:19:00,2022-03-25 12:20:00,long,kalman_mom,kalman_mom_long,14643.7,14663.1875,14632.75,14671.0,trail,43.80000000000291,1.7796803652966189,True,True
2022-03-28 10:23:00,2022-03-28 10:27:00,long,ema_rev,ema_rev_long,14799.8,14799.7375,14785.75,14829.25,trail,56.19999999999709,-0.004448398576512686,True,True
2022-03-28 10:37:00,2022-03-28 10:37:00,long,kalman_mom,kalman_mom_long,14825.5,14815.4375,14815.5,14854.25,stop,40.0,-1.00625,False,False
2022-03-28 11:56:00,2022-03-28 12:01:00,long,or_rev,or_rev_long,14740.4,14725.9375,14726.0,14814.5,stop,57.599999999998545,-1.004340277777778,False,False
2022-03-28 14:10:00,2022-03-28 14:11:00,long,pm_mom,pm_mom_long,14846.4,14863.4375,14835.0,14869.75,trail,45.599999999998545,1.4945175438597287,True,True
2022-03-29 10:21:00,2022-03-29 10:22:00,short,trend,trend_cont_short,15064.6,15053.0625,15078.0,15032.0,trail,53.599999999998545,0.8610074626866177,True,True
2022-03-29 10:39:00,2022-03-29 10:39:00,long,vwap_scalp,vwap_scalp_long,15063.9,15051.9375,15052.0,15092.25,stop,47.599999999998545,-1.0052521008403363,False,False
2022-03-29 11:51:00,2022-03-29 11:53:00,long,kalman_mom,kalman_mom_long,15168.5,15157.4375,15157.5,15195.75,stop,44.0,-1.0056818181818181,False,False
2022-03-30 09:45:00,2022-03-30 09:46:00,long,open_drive,open_drive_long,15170.2,15186.9375,15156.75,15194.5,trail,53.80000000000291,1.24442379182144,True,True
2022-03-30 11:14:00,2022-03-30 11:15:00,long,vwap_rev,vwap_rev_long,15106.4,15121.9375,15094.5,15180.25,trail,47.599999999998545,1.3056722689076334,True,True
2022-03-31 10:03:00,2022-03-31 10:03:00,long,or_rev,or_rev_long,14982.5,14969.6875,14969.75,15035.5,stop,51.0,-1.0049019607843137,False,False
2022-03-31 10:28:00,2022-03-31 10:32:00,long,sweep,sweep_pdl_long,15013.0,15033.6875,14993.25,15062.25,trail,79.0,1.0474683544303798,False,True
2022-03-31 13:05:00,2022-03-31 13:07:00,long,ou_lunch,ou_lunch_long,14994.6,14983.9375,14984.0,15022.75,stop,42.400000000001455,-1.0058962264150941,False,False
2022-03-31 13:12:00,2022-03-31 13:13:00,long,ou_lunch,ou_lunch_long,14983.3,14973.1875,14973.25,15021.75,stop,40.19999999999709,-1.0062189054726374,False,False
2022-03-31 13:29:00,2022-03-31 13:32:00,long,ou_lunch,ou_lunch_long,14994.1,15011.6875,14982.75,15019.25,trail,45.400000000001455,1.549559471365557,True,True
2022-03-31 14:13:00,2022-03-31 14:17:00,long,ou_rev,ou_rev_long,14977.6,14965.4375,14965.5,15016.25,stop,48.400000000001455,-1.0051652892561982,False,False
2022-03-31 14:19:00,2022-03-31 14:22:00,long,ou_rev,ou_rev_long,14972.5,14987.1875,14957.5,15015.25,trail,60.0,0.9791666666666666,True,True
2022-03-31 14:23:00,2022-03-31 14:25:00,long,ou_rev,ou_rev_long,14981.4,14988.6875,14969.25,15014.75,trail,48.599999999998545,0.5997942386831755,False,True
2022-03-31 14:30:00,2022-03-31 14:31:00,long,ou_rev,ou_rev_long,14983.5,14983.4375,14969.25,15014.25,trail,57.0,-0.0043859649122807015,True,True
2022-03-31 15:00:00,2022-03-31 15:02:00,long,sweep,sweep_pdl_long,15020.5,15050.1875,15006.0,15059.25,trail,58.0,2.0474137931034484,True,True
2022-04-01 09:59:00,2022-04-01 10:00:00,long,ou_rev,ou_rev_long,14819.5,14836.4375,14809.25,14865.25,trail,41.0,1.6524390243902438,True,True
2022-04-01 10:13:00,2022-04-01 10:15:00,long,open_drive,open_drive_long,14855.7,14877.6875,14841.75,14884.25,trail,55.80000000000291,1.576164874551837,True,True
2022-04-04 10:30:00,2022-04-04 10:31:00,long,kalman_mom,kalman_mom_long,15032.7,15044.9375,15021.75,15060.0,trail,43.80000000000291,1.1175799086756584,True,True
2022-04-04 14:34:00,2022-04-04 14:36:00,long,pm_mom,pm_mom_long,15113.5,15121.9375,15103.5,15133.5,trail,40.0,0.84375,True,True
2022-04-05 10:01:00,2022-04-05 10:01:00,long,or_rev,or_rev_long,15063.1,15052.4375,15052.5,15100.25,stop,42.400000000001455,-1.0058962264150941,False,False
2022-04-05 10:13:00,2022-04-05 10:14:00,long,ou_rev,ou_rev_long,14971.9,14957.9375,14958.0,15067.25,stop,55.599999999998545,-1.004496402877698,False,False
2022-04-05 10:16:00,2022-04-05 10:16:00,long,ou_rev,ou_rev_long,14969.4,14956.9375,14957.0,15060.5,stop,49.599999999998545,-1.0050403225806452,False,False
2022-04-05 10:28:00,2022-04-05 10:31:00,short,trend,trend_cont_short,14949.3,14968.0625,14968.0,14911.75,trail,74.80000000000291,-1.0033422459893047,False,True
2022-04-05 10:52:00,2022-04-05 10:53:00,long,vwap_scalp,vwap_scalp_long,14942.2,14957.4375,14931.0,14976.75,trail,44.80000000000291,1.3604910714284182,True,True
2022-04-05 11:03:00,2022-04-05 11:03:00,long,kalman_mom,kalman_mom_long,14966.6,14956.1875,14956.25,14991.25,stop,41.400000000001455,-1.006038647342995,False,False
2022-04-05 11:47:00,2022-04-05 11:52:00,short,trend,trend_cont_short,14895.3,14908.0625,14908.0,14865.5,trail,50.80000000000291,-1.0049212598425195,False,True
2022-04-05 12:26:00,2022-04-05 12:28:00,long,ou_lunch,ou_lunch_long,14864.2,14852.4375,14852.5,14964.5,stop,46.80000000000291,-1.00534188034188,False,False
2022-04-05 12:53:00,2022-04-05 12:59:00,long,pd_rev,pd_pdl_long,14884.8,14892.4375,14872.0,14952.25,trail,51.19999999999709,0.5966796875000908,False,True
2022-04-05 13:04:00,2022-04-05 13:06:00,long,vwap_scalp,vwap_scalp_long,14890.4,14880.1875,14880.25,14919.75,stop,40.599999999998545,-1.0061576354679804,False,False
2022-04-05 14:02:00,2022-04-05 14:02:00,long,pm_mom,pm_mom_long,14873.7,14862.1875,14862.25,14897.25,stop,45.80000000000291,-1.0054585152838424,False,False
2022-04-06 10:01:00,2022-04-06 10:02:00,short,trend,trend_cont_short,14500.8,14469.3125,14520.0,14462.25,trail,76.80000000000291,1.6399739583332333,True,True
2022-04-06 10:07:00,2022-04-06 10:09:00,long,or_rev,or_rev_long,14469.7,14457.1875,14457.25,14588.75,stop,49.80000000000291,-1.0050200803212848,False,False
2022-04-06 10:10:00,2022-04-06 10:12:00,short,trend,trend_cont_short,14460.6,14475.3125,14475.25,14428.75,trail,58.599999999998545,-1.0042662116040957,False,True
2022-04-06 10:51:00,2022-04-06 10:52:00,long,kalman_mom,kalman_mom_long,14502.6,14490.1875,14490.25,14531.25,stop,49.400000000001455,-1.0050607287449391,False,False
2022-04-06 12:24:00,2022-04-06 12:31:00,long,vwap_scalp,vwap_scalp_long,14433.4,14421.1875,14421.25,14461.25,stop,48.599999999998545,-1.0051440329218109,False,False
2022-04-06 12:32:00,2022-04-06 12:33:00,long,vwap_scalp,vwap_scalp_long,14429.4,14429.3375,14417.25,14458.25,trail,48.599999999998545,-0.005144032921810854,True,True
2022-04-07 13:15:00,2022-04-07 13:16:00,short,ema_rev,ema_rev_short,14423.4,14412.0625,14435.0,14383.25,trail,46.400000000001455,0.9773706896551104,False,True
2022-04-07 13:46:00,2022-04-07 13:47:00,short,pm_mom,pm_mom_short,14439.1,14452.5625,14452.5,14413.5,stop,53.599999999998545,-1.0046641791044777,False,False
2022-04-08 10:55:00,2022-04-08 10:56:00,short,vwap_scalp,vwap_scalp_short,14431.6,14442.5625,14442.5,14404.25,stop,43.599999999998545,-1.0057339449541287,False,False
2022-04-08 10:58:00,2022-04-08 10:59:00,short,vwap_scalp,vwap_scalp_short,14438.6,14429.5625,14450.5,14408.75,trail,47.599999999998545,0.7594537815126589,True,True
2022-04-08 11:33:00,2022-04-08 11:33:00,short,kalman_mom,kalman_mom_short,14429.6,14440.3125,14440.25,14400.75,stop,42.599999999998545,-1.0058685446009392,False,False
2022-04-08 13:12:00,2022-04-08 13:13:00,short,ou_lunch,ou_lunch_short,14453.5,14432.3125,14464.0,14419.25,trail,42.0,2.017857142857143,True,True
2022-04-08 13:38:00,2022-04-08 13:45:00,short,pm_mom,pm_mom_short,14392.5,14392.5625,14404.75,14367.5,trail,49.0,-0.00510204081632653,True,True
2022-04-11 13:04:00,2022-04-11 13:12:00,short,ema_rev,ema_rev_short,14110.8,14123.8125,14123.75,14081.25,stop,51.80000000000291,-1.0048262548262545,False,False
2022-04-11 13:38:00,2022-04-11 13:41:00,short,pm_mom,pm_mom_short,14085.2,14101.3125,14101.25,14054.75,stop,64.19999999999709,-1.0038940809968848,False,False
2022-04-12 10:10:00,2022-04-12 10:10:00,short,or_rev,or_rev_short,14224.7,14239.3125,14239.25,14153.5,stop,58.19999999999709,-1.0042955326460483,False,False
2022-04-12 10:32:00,2022-04-12 10:33:00,short,sweep,sweep_pdh_short,14180.2,14180.2625,14197.5,14079.75,trail,69.19999999999709,-0.0036127167630059325,True,True
2022-04-12 13:31:00,2022-04-12 13:32:00,short,pm_mom,pm_mom_short,14079.4,14062.8125,14096.0,14044.0,trail,66.40000000000146,0.9992469879517634,True,True
2022-04-13 10:09:00,2022-04-13 10:10:00,short,or_rev,or_rev_short,14050.3,14009.0625,14062.0,13968.25,trail,46.80000000000291,3.5245726495723684,True,True
2022-04-14 10:01:00,2022-04-14 10:01:00,short,trend,trend_cont_short,14108.7,14120.3125,14120.25,14085.5,stop,46.19999999999709,-1.0054112554112558,False,False
2022-04-14 10:17:00,2022-04-14 10:18:00,short,trend,trend_cont_short,14043.8,14059.3125,14059.25,14010.0,stop,61.80000000000291,-1.0040453074433655,False,False
2022-04-14 10:23:00,2022-04-14 10:23:00,short,kalman_mom,kalman_mom_short,14050.5,14063.0625,14063.0,14025.25,stop,50.0,-1.005,False,False
2022-04-14 13:32:00,2022-04-14 13:33:00,short,pm_mom,pm_mom_short,13972.4,13984.5625,13984.5,13948.0,stop,48.400000000001455,-1.0051652892561982,False,False
2022-04-18 10:29:00,2022-04-18 10:30:00,short,vwap_rev,vwap_rev_short,13990.1,13976.0625,14002.5,13906.25,trail,49.599999999998545,1.1320564516129659,True,True
2022-04-18 11:28:00,2022-04-18 11:29:00,short,kalman_mom,kalman_mom_short,13871.1,13871.1625,13882.5,13844.0,trail,45.599999999998545,-0.005482456140351052,True,True
2022-04-18 14:47:00,2022-04-18 14:48:00,short,pm_mom,pm_mom_short,13955.2,13939.0625,13965.75,13935.75,trail,42.19999999999709,1.5296208530807431,True,True
2022-04-19 10:05:00,2022-04-19 10:07:00,short,or_rev,or_rev_short,14016.9,14030.8125,14030.75,13879.0,stop,55.400000000001455,-1.0045126353790612,False,False
2022-04-19 12:32:00,2022-04-19 12:34:00,short,kalman_mom,kalman_mom_short,14144.2,14154.8125,14154.75,14115.5,stop,42.19999999999709,-1.0059241706161142,False,False
2022-04-20 11:08:00,2022-04-20 11:09:00,short,kalman_mom,kalman_mom_short,14092.1,14076.3125,14104.25,14064.5,trail,48.599999999998545,1.2993827160494515,True,True
2022-04-20 13:52:00,2022-04-20 13:56:00,short,pm_mom,pm_mom_short,14071.0,14060.3125,14082.0,14048.25,trail,44.0,0.9715909090909091,False,True
2022-04-21 10:14:00,2022-04-21 10:15:00,short,trend,trend_cont_short,14160.2,14135.3125,14177.0,14125.25,trail,67.19999999999709,1.481398809523917,True,True
2022-04-21 10:20:00,2022-04-21 10:21:00,short,trend,trend_cont_short,14155.2,14113.0625,14170.75,14122.75,trail,62.19999999999709,2.7098070739551576,True,True
2022-04-22 13:41:00,2022-04-22 13:42:00,short,pm_mom,pm_mom_short,13456.8,13445.5625,13469.0,13433.25,trail,48.80000000000291,0.9211065573769346,True,True
2022-04-25 10:35:00,2022-04-25 10:35:00,short,ou_rev,ou_rev_short,13430.8,13445.3125,13445.25,13310.5,stop,57.80000000000291,-1.0043252595155707,False,False
2022-04-25 12:28:00,2022-04-25 12:29:00,short,ema_rev,ema_rev_short,13366.0,13338.3125,13380.25,13331.75,trail,57.0,1.9429824561403508,True,True
2022-04-25 14:18:00,2022-04-25 14:19:00,short,ou_rev,ou_rev_short,13377.3,13393.0625,13393.0,13335.0,stop,62.80000000000291,-1.003980891719745,False,False
2022-04-25 14:21:00,2022-04-25 14:22:00,short,ou_rev,ou_rev_short,13391.8,13391.8625,13405.25,13335.5,trail,53.80000000000291,-0.0046468401486986334,True,True
2022-04-25 14:27:00,2022-04-25 14:28:00,short,ou_rev,ou_rev_short,13422.3,13413.5625,13435.75,13337.0,trail,53.80000000000291,0.6496282527880148,False,True
2022-04-25 14:32:00,2022-04-25 14:33:00,short,ou_rev,ou_rev_short,13437.8,13430.0625,13449.75,13338.5,trail,47.80000000000291,0.6474895397488537,False,True
2022-04-26 12:31:00,2022-04-26 12:32:00,short,ema_rev,ema_rev_short,13205.7,13182.5625,13218.0,13174.25,trail,49.19999999999709,1.8810975609757803,True,True
2022-04-26 13:37:00,2022-04-26 13:40:00,short,pm_mom,pm_mom_short,13106.5,13119.3125,13119.25,13082.5,stop,51.0,-1.0049019607843137,False,False
2022-04-27 10:20:00,2022-04-27 10:20:00,short,kalman_mom,kalman_mom_short,12955.5,12966.8125,12966.75,12924.75,stop,45.0,-1.0055555555555555,False,False
2022-04-27 12:26:00,2022-04-27 12:28:00,short,ou_lunch,ou_lunch_short,13193.2,13208.0625,13208.0,13094.0,stop,59.19999999999709,-1.0042229729729732,False,False
2022-04-27 14:02:00,2022-04-27 14:06:00,short,ou_rev,ou_rev_short,13158.3,13130.8125,13176.5,13116.75,trail,72.80000000000291,1.5103021978020974,True,True
2022-04-28 12:28:00,2022-04-28 12:31:00,short,vwap_rev,vwap_rev_short,13245.3,13256.5625,13256.5,13138.5,stop,44.80000000000291,-1.0055803571428568,False,False
2022-04-28 12:38:00,2022-04-28 12:39:00,short,vwap_rev,vwap_rev_short,13281.3,13292.0625,13292.0,13144.75,stop,42.80000000000291,-1.0058411214953267,False,False
2022-04-28 14:17:00,2022-04-28 14:18:00,short,pm_mom,pm_mom_short,13428.2,13443.3125,13443.25,13396.0,stop,60.19999999999709,-1.004152823920266,False,False
2022-04-28 15:00:00,2022-04-28 15:02:00,short,ou_rev,ou_rev_short,13491.1,13475.3125,13501.5,13255.25,trail,41.599999999998545,1.5180288461539342,True,True
2022-04-29 13:45:00,2022-04-29 13:46:00,short,pm_mom,pm_mom_short,13081.9,13068.5625,13097.0,13051.75,trail,60.400000000001455,0.8832781456953188,True,True
2022-05-02 10:42:00,2022-05-02 10:43:00,short,or_rev,or_rev_short,12991.2,12991.2625,13003.5,12839.75,trail,49.19999999999709,-0.005081300813008431,True,True
2022-05-02 11:01:00,2022-05-02 11:03:00,short,kalman_mom,kalman_mom_short,12908.4,12893.8125,12919.0,12884.0,trail,42.400000000001455,1.3761792452829373,True,True
2022-05-02 13:34:00,2022-05-02 13:35:00,short,pm_mom,pm_mom_short,12796.7,12782.5625,12812.25,12768.5,trail,62.19999999999709,0.909163987138353,True,True
2022-05-03 10:04:00,2022-05-03 10:04:00,short,ou_rev,ou_rev_short,13131.5,13150.0625,13150.0,13038.5,stop,74.0,-1.0033783783783783,False,False
2022-05-03 11:11:00,2022-05-03 11:12:00,short,vwap_rev,vwap_rev_short,13128.1,13092.5625,13139.25,13046.5,trail,44.599999999998545,3.1872197309418406,True,True
2022-05-04 12:25:00,2022-05-04 12:27:00,short,ema_rev,ema_rev_short,13034.9,13034.9625,13049.25,12984.75,trail,57.400000000001455,-0.004355400696864001,True,True
2022-05-04 13:51:00,2022-05-04 13:52:00,short,pm_mom,pm_mom_short,13097.9,13109.3125,13109.25,13078.25,stop,45.400000000001455,-1.0055066079295152,False,False
2022-05-04 14:14:00,2022-05-04 14:14:00,short,ou_rev,ou_rev_short,13120.0,13134.0625,13134.0,13017.5,stop,56.0,-1.0044642857142858,False,False
2022-05-04 14:30:00,2022-05-04 14:31:00,short,ou_rev,ou_rev_short,13138.9,13027.5625,13157.25,13021.25,trail,73.40000000000146,6.067438692097952,True,True
2022-05-06 11:11:00,2022-05-06 11:14:00,short,or_rev,or_rev_short,12801.4,12801.4625,12814.0,12687.75,trail,50.400000000001455,-0.004960317460317317,True,True
2022-05-06 13:50:00,2022-05-06 13:51:00,short,pm_mom,pm_mom_short,12732.4,12746.8125,12746.75,12701.5,stop,57.400000000001455,-1.004355400696864,False,False
2022-05-09 13:51:00,2022-05-09 13:53:00,short,pm_mom,pm_mom_short,12276.4,12235.0625,12289.5,12251.5,trail,52.400000000001455,3.1555343511449228,True,True
2022-05-10 13:44:00,2022-05-10 13:46:00,short,ema_rev,ema_rev_short,12458.4,12458.4625,12472.5,12381.75,trail,56.400000000001455,-0.004432624113475063,True,True
2022-05-11 10:02:00,2022-05-11 10:02:00,short,or_rev,or_rev_short,12374.7,12384.8125,12384.75,12231.25,stop,40.19999999999709,-1.0062189054726374,False,False
2022-05-12 10:51:00,2022-05-12 10:51:00,short,or_rev,or_rev_short,11965.9,11979.0625,11979.0,11783.0,stop,52.400000000001455,-1.004770992366412,False,False
2022-05-12 11:12:00,2022-05-12 11:14:00,short,ou_rev,ou_rev_short,12117.4,12076.3125,12134.25,11915.25,trail,67.40000000000146,2.4384272997031897,True,True
2022-05-12 11:21:00,2022-05-12 11:23:00,short,ou_rev,ou_rev_short,12067.2,12024.5625,12081.75,11928.25,trail,58.19999999999709,2.930412371134217,True,True
2022-05-13 10:08:00,2022-05-13 10:09:00,short,or_rev,or_rev_short,12284.2,12264.0625,12297.0,12128.25,trail,51.19999999999709,1.5732421875001463,True,True
2022-05-13 12:20:00,2022-05-13 12:21:00,short,ou_lunch,ou_lunch_short,12414.2,12405.3125,12426.0,12297.5,trail,47.19999999999709,0.753177966101803,True,True
2022-05-16 12:04:00,2022-05-16 12:04:00,short,ema_rev,ema_rev_short,12326.7,12339.8125,12339.75,12303.5,stop,52.19999999999709,-1.0047892720306517,False,False
2022-05-16 13:51:00,2022-05-16 13:51:00,short,pm_mom,pm_mom_short,12314.7,12325.5625,12325.5,12293.25,stop,43.19999999999709,-1.0057870370370374,False,False
2022-05-16 14:22:00,2022-05-16 14:23:00,short,ou_rev,ou_rev_short,12339.3,12351.5625,12351.5,12281.0,stop,48.80000000000291,-1.0051229508196717,False,False
2022-05-16 14:25:00,2022-05-16 14:26:00,short,ou_rev,ou_rev_short,12351.8,12363.5625,12363.5,12281.75,stop,46.80000000000291,-1.00534188034188,False,False
2022-05-17 11:44:00,2022-05-17 11:46:00,short,ema_rev,ema_rev_short,12474.9,12461.0625,12489.5,12453.5,trail,58.400000000001455,0.9477739726026911,True,True
2022-05-17 13:43:00,2022-05-17 13:44:00,short,pm_mom,pm_mom_short,12482.4,12494.0625,12494.0,12460.75,stop,46.400000000001455,-1.0053879310344827,False,False
2022-05-17 13:47:00,2022-05-17 13:48:00,short,ou_rev,ou_rev_short,12483.0,12483.0625,12496.5,12446.75,trail,54.0,-0.004629629629629629,True,True
2022-05-18 13:22:00,2022-05-18 13:22:00,short,kalman_mom,kalman_mom_short,12024.3,12034.8125,12034.75,11998.75,stop,41.80000000000291,-1.0059808612440186,False,False
2022-05-18 13:34:00,2022-05-18 13:36:00,short,pm_mom,pm_mom_short,12018.7,12032.0625,12032.0,11993.5,stop,53.19999999999709,-1.004699248120301,False,False
2022-05-18 14:05:00,2022-05-18 14:05:00,short,trend,trend_cont_short,11970.6,11980.8125,11980.75,11949.0,stop,40.599999999998545,-1.0061576354679804,False,False
2022-05-18 14:43:00,2022-05-18 14:49:00,short,trend,trend_cont_short,11945.1,11923.3125,11961.0,11912.5,trail,63.599999999998545,1.3702830188679787,True,True
2022-05-19 10:26:00,2022-05-19 10:27:00,short,or_rev,or_rev_short,11973.2,11923.5625,11985.25,11914.5,trail,48.19999999999709,4.119294605809438,True,True
2022-05-20 14:06:00,2022-05-20 14:07:00,short,pm_mom,pm_mom_short,11586.7,11562.5625,11602.5,11552.0,trail,63.19999999999709,1.527689873417838,True,True
2022-05-23 11:17:00,2022-05-23 11:17:00,short,or_rev,or_rev_short,11942.7,11955.8125,11955.75,11871.75,stop,52.19999999999709,-1.0047892720306517,False,False
2022-05-23 11:47:00,2022-05-23 11:48:00,short,vwap_scalp,vwap_scalp_short,11989.0,11980.8125,12000.75,11944.25,trail,47.0,0.6968085106382979,True,True
2022-05-23 12:12:00,2022-05-23 12:14:00,short,ou_lunch,ou_lunch_short,12033.5,12021.5625,12044.0,11913.25,trail,42.0,1.1369047619047619,True,True
2022-05-23 12:24:00,2022-05-23 12:25:00,short,ou_lunch,ou_lunch_short,12029.5,12029.5625,12039.5,11920.0,trail,40.0,-0.00625,True,True
2022-05-23 12:51:00,2022-05-23 12:52:00,short,vwap_scalp,vwap_scalp_short,11982.7,11975.0625,11992.75,11955.75,trail,40.19999999999709,0.7599502487563463,False,True
2022-05-23 13:05:00,2022-05-23 13:06:00,short,kalman_mom,kalman_mom_short,11973.1,11952.3125,11985.25,11944.5,trail,48.599999999998545,1.7109053497943199,True,True
2022-05-24 12:18:00,2022-05-24 12:19:00,short,ema_rev,ema_rev_short,11790.2,11761.3125,11805.0,11737.0,trail,59.19999999999709,1.9518581081082533,True,True
2022-05-24 12:21:00,2022-05-24 12:22:00,short,vwap_scalp,vwap_scalp_short,11766.5,11739.5625,11779.0,11718.5,trail,50.0,2.155,True,True
2022-05-25 10:38:00,2022-05-25 10:39:00,short,or_rev,or_rev_short,11905.1,11919.0625,11919.0,11773.5,stop,55.599999999998545,-1.004496402877698,False,False
2022-05-25 12:22:00,2022-05-25 12:23:00,short,kalman_mom,kalman_mom_short,11829.1,11804.3125,11841.25,11797.5,trail,48.599999999998545,2.0401234567902145,True,True
2022-05-25 13:43:00,2022-05-25 13:44:00,short,pd_rev,pd_pdh_short,11843.6,11857.3125,11857.25,11816.75,stop,54.599999999998545,-1.0045787545787548,False,False
2022-05-25 13:57:00,2022-05-25 14:00:00,short,pm_mom,pm_mom_short,11838.9,11851.0625,11851.0,11815.0,stop,48.400000000001455,-1.0051652892561982,False,False
2022-05-25 14:30:00,2022-05-25 14:31:00,short,ou_rev,ou_rev_short,11925.1,11943.8125,11943.75,11839.25,stop,74.59999999999854,-1.0033512064343164,False,False
2022-05-25 14:37:00,2022-05-25 14:38:00,short,ou_rev,ou_rev_short,11945.7,11934.3125,11958.75,11841.75,trail,52.19999999999709,0.8726053639847787,True,True
2022-05-25 14:43:00,2022-05-25 14:44:00,short,ou_rev,ou_rev_short,11935.2,11949.8125,11949.75,11843.5,trail,58.19999999999709,-1.0042955326460483,False,True
2022-05-25 14:50:00,2022-05-25 14:51:00,short,ou_rev,ou_rev_short,11934.8,11934.8625,11946.5,11845.75,trail,46.80000000000291,-0.00534188034188001,True,True
2022-05-26 10:01:00,2022-05-26 10:01:00,short,or_rev,or_rev_short,12112.1,12122.3125,12122.25,11975.0,stop,40.599999999998545,-1.0061576354679804,False,False
2022-05-26 10:39:00,2022-05-26 10:41:00,short,kalman_mom,kalman_mom_short,12144.5,12156.0625,12156.0,12115.75,stop,46.0,-1.0054347826086956,False,False
2022-05-26 14:07:00,2022-05-26 14:09:00,short,pm_mom,pm_mom_short,12300.4,12292.5625,12311.75,12278.75,trail,45.400000000001455,0.6905286343611793,False,True
2022-05-27 10:01:00,2022-05-27 10:02:00,short,or_rev,or_rev_short,12516.1,12516.1625,12528.25,12453.5,trail,48.599999999998545,-0.005144032921810854,True,True
2022-05-27 10:14:00,2022-05-27 10:17:00,short,ema_rev,ema_rev_short,12546.6,12560.0625,12560.0,12524.75,stop,53.599999999998545,-1.0046641791044777,False,False
2022-05-27 13:36:00,2022-05-27 13:38:00,short,ou_rev,ou_rev_short,12577.9,12588.5625,12588.5,12554.75,stop,42.400000000001455,-1.0058962264150941,False,False
2022-05-27 13:45:00,2022-05-27 13:48:00,short,pm_mom,pm_mom_short,12569.2,12580.5625,12580.5,12547.5,stop,45.19999999999709,-1.0055309734513278,False,False
2022-05-27 14:07:00,2022-05-27 14:09:00,short,ou_rev,ou_rev_short,12578.3,12578.3625,12589.75,12557.0,trail,45.80000000000291,-0.0054585152838424475,True,True
2022-05-27 14:41:00,2022-05-27 14:43:00,short,ou_rev,ou_rev_short,12599.7,12588.3125,12613.75,12560.0,trail,56.19999999999709,0.8104982206406631,True,True
2022-05-30 09:49:00,2022-05-30 10:01:00,long,open_drive,open_drive_long,12767.7,12767.6375,12753.75,12797.25,trail,55.80000000000291,-0.004480286738351021,True,True
2022-05-30 10:55:00,2022-05-30 10:57:00,short,vwap_rev,vwap_rev_short,12785.5,12796.8125,12796.75,12764.0,stop,45.0,-1.0055555555555555,False,False
2022-05-30 12:35:00,2022-05-30 12:37:00,short,ou_lunch,ou_lunch_short,12823.8,12823.8625,12835.0,12780.0,trail,44.80000000000291,-0.00558035714285678,True,True
2022-05-30 12:39:00,2022-05-30 12:57:00,short,ou_lunch,ou_lunch_short,12817.7,12808.0625,12828.5,12780.75,trail,43.19999999999709,0.8923611111112386,True,True
2022-05-31 10:41:00,2022-05-31 10:42:00,long,kalman_mom,kalman_mom_long,12598.0,12620.9375,12586.0,12628.0,trail,48.0,1.9114583333333333,True,True
2022-05-31 11:54:00,2022-05-31 11:54:00,short,vwap_rev,vwap_rev_short,12687.5,12699.0625,12699.0,12586.25,stop,46.0,-1.0054347826086956,False,False
2022-05-31 12:09:00,2022-05-31 12:11:00,short,vwap_rev,vwap_rev_short,12734.3,12727.0625,12744.75,12597.5,trail,41.80000000000291,0.6925837320572984,False,True
2022-05-31 13:37:00,2022-05-31 13:38:00,long,pm_mom,pm_mom_long,12713.5,12697.9375,12698.0,12738.5,stop,62.0,-1.0040322580645162,False,False
2022-05-31 14:08:00,2022-05-31 14:10:00,long,sweep,sweep_pdl_long,12743.8,12761.4375,12731.5,12774.75,trail,49.19999999999709,1.4339430894310383,False,True
2022-06-01 12:58:00,2022-06-01 12:59:00,long,ou_lunch,ou_lunch_long,12492.3,12492.2375,12481.0,12604.0,trail,45.19999999999709,-0.00553097345132779,True,True
2022-06-01 13:01:00,2022-06-01 13:02:00,long,ou_lunch,ou_lunch_long,12496.7,12511.4375,12485.25,12602.5,trail,45.80000000000291,1.2871179039299856,True,True
2022-06-01 13:22:00,2022-06-01 13:23:00,long,vwap_scalp,vwap_scalp_long,12532.1,12532.0375,12521.25,12563.75,trail,43.400000000001455,-0.005760368663594277,True,True
2022-06-01 13:32:00,2022-06-01 13:33:00,short,pm_mom,pm_mom_short,12505.6,12505.6625,12519.0,12479.25,trail,53.599999999998545,-0.004664179104477738,True,True
2022-06-02 10:16:00,2022-06-02 10:17:00,short,or_rev,or_rev_short,12613.3,12602.3125,12628.0,12487.25,trail,58.80000000000291,0.7474489795917503,True,True
2022-06-02 11:06:00,2022-06-02 11:07:00,short,vwap_rev,vwap_rev_short,12633.3,12633.3625,12644.75,12548.5,trail,45.80000000000291,-0.0054585152838424475,True,True
2022-06-02 13:46:00,2022-06-02 13:56:00,long,pm_mom,pm_mom_long,12824.4,12812.9375,12813.0,12848.0,stop,45.599999999998545,-1.005482456140351,False,False
2022-06-02 14:30:00,2022-06-02 14:32:00,short,ou_rev,ou_rev_short,12839.5,12854.0625,12854.0,12678.25,stop,58.0,-1.0043103448275863,False,False
2022-06-02 14:39:00,2022-06-02 14:44:00,short,ou_rev,ou_rev_short,12854.2,12843.0625,12864.5,12682.5,trail,41.19999999999709,1.0813106796117975,True,True
2022-06-03 10:45:00,2022-06-03 10:46:00,long,vwap_rev,vwap_rev_long,12575.3,12592.6875,12564.5,12652.5,trail,43.19999999999709,1.6099537037038796,True,True
2022-06-03 11:09:00,2022-06-03 11:11:00,long,ou_rev,ou_rev_long,12538.0,12537.9375,12527.75,12634.25,trail,41.0,-0.006097560975609756,True,True
2022-06-03 11:20:00,2022-06-03 11:26:00,long,ou_rev,ou_rev_long,12525.5,12506.4375,12506.5,12623.75,stop,76.0,-1.0032894736842106,False,False
2022-06-03 12:17:00,2022-06-03 12:19:00,long,vwap_scalp,vwap_scalp_long,12553.4,12553.3375,12542.75,12575.5,trail,42.599999999998545,-0.005868544600939167,True,True
2022-06-03 12:39:00,2022-06-03 12:40:00,long,kalman_mom,kalman_mom_long,12579.5,12589.9375,12568.75,12604.5,trail,43.0,0.9709302325581395,True,True
2022-06-03 13:32:00,2022-06-03 13:33:00,short,pm_mom,pm_mom_short,12560.8,12560.8625,12574.75,12530.5,trail,55.80000000000291,-0.004480286738351021,True,True
2022-06-06 10:54:00,2022-06-06 10:55:00,short,ou_rev,ou_rev_short,12793.2,12769.5625,12804.75,12758.5,trail,46.19999999999709,2.0465367965369885,True,True
2022-06-07 10:04:00,2022-06-07 10:06:00,short,or_rev,or_rev_short,12534.3,12547.0625,12547.0,12466.75,stop,50.80000000000291,-1.0049212598425195,False,False
2022-06-07 10:07:00,2022-06-07 10:07:00,long,sweep,sweep_pdl_long,12547.3,12528.6875,12528.75,12594.25,stop,74.19999999999709,-1.003369272237197,False,False
2022-06-07 10:32:00,2022-06-07 10:33:00,short,ou_rev,ou_rev_short,12587.3,12601.0625,12601.0,12518.75,stop,54.80000000000291,-1.0045620437956202,False,False
2022-06-07 10:40:00,2022-06-07 10:43:00,short,vwap_rev,vwap_rev_short,12655.4,12667.5625,12667.5,12530.75,stop,48.400000000001455,-1.0051652892561982,False,False
2022-06-07 10:47:00,2022-06-07 10:53:00,long,kalman_mom,kalman_mom_long,12678.2,12678.1375,12666.75,12708.75,trail,45.80000000000291,-0.0054585152838424475,True,True
2022-06-07 13:33:00,2022-06-07 13:35:00,long,pm_mom,pm_mom_long,12654.1,12643.6875,12643.75,12674.25,trail,41.400000000001455,-1.006038647342995,False,True
2022-06-07 13:57:00,2022-06-07 14:05:00,short,ou_rev,ou_rev_short,12640.6,12653.0625,12653.0,12597.0,trail,49.599999999998545,-1.0050403225806452,False,True
2022-06-08 09:52:00,2022-06-08 09:54:00,short,ema_rev,ema_rev_short,12748.0,12734.0625,12761.5,12696.75,trail,54.0,1.0324074074074074,True,True
2022-06-08 10:01:00,2022-06-08 10:02:00,short,or_rev,or_rev_short,12758.0,12721.5625,12768.75,12670.5,trail,43.0,3.38953488372093,True,True
2022-06-09 10:06:00,2022-06-09 10:07:00,short,or_rev,or_rev_short,12608.5,12593.3125,12623.0,12548.75,trail,58.0,1.0474137931034482,True,True
2022-06-09 10:38:00,2022-06-09 10:40:00,short,vwap_scalp,vwap_scalp_short,12649.0,12661.0625,12661.0,12621.0,trail,48.0,-1.0052083333333333,False,True
2022-06-09 11:42:00,2022-06-09 11:44:00,long,pd_rev,pd_pdl_long,12579.7,12610.1875,12565.25,12608.5,trail,57.80000000000291,2.109861591695345,True,True
2022-06-10 14:02:00,2022-06-10 14:05:00,short,pm_mom,pm_mom_short,11886.5,11877.3125,11902.75,11854.25,trail,65.0,0.5653846153846154,False,True
2022-06-10 14:57:00,2022-06-10 14:57:00,short,ou_rev,ou_rev_short,11919.5,11929.8125,11929.75,11888.25,stop,41.0,-1.0060975609756098,False,False
2022-06-13 13:34:00,2022-06-13 13:36:00,short,pm_mom,pm_mom_short,11386.8,11372.8125,11398.25,11365.25,trail,45.80000000000291,1.2216157205238762,True,True
2022-06-14 10:18:00,2022-06-14 10:18:00,short,kalman_mom,kalman_mom_short,11296.5,11307.0625,11307.0,11270.75,stop,42.0,-1.005952380952381,False,False
2022-06-14 10:31:00,2022-06-14 10:32:00,short,trend,trend_cont_short,11268.7,11268.7625,11284.75,11232.25,trail,64.19999999999709,-0.0038940809968849117,True,True
2022-06-14 10:34:00,2022-06-14 10:35:00,short,trend,trend_cont_short,11277.5,11260.8125,11294.5,11242.5,trail,68.0,0.9816176470588235,True,True
2022-06-14 13:20:00,2022-06-14 13:23:00,short,vwap_rev,vwap_rev_short,11394.0,11405.3125,11405.25,11311.75,stop,45.0,-1.0055555555555555,False,False
2022-06-14 13:31:00,2022-06-14 13:33:00,short,pm_mom,pm_mom_short,11364.7,11352.5625,11378.0,11336.75,trail,53.19999999999709,0.9125939849625107,True,True
2022-06-14 13:49:00,2022-06-14 14:02:00,short,trend,trend_cont_short,11294.2,11313.0625,11313.0,11253.5,stop,75.19999999999709,-1.0033244680851066,False,False
2022-06-15 12:20:00,2022-06-15 12:21:00,short,vwap_scalp,vwap_scalp_short,11521.7,11521.7625,11532.25,11501.25,trail,42.19999999999709,-0.005924170616114153,True,True
2022-06-15 12:35:00,2022-06-15 12:36:00,short,ou_lunch,ou_lunch_short,11525.8,11514.3125,11537.0,11484.0,trail,44.80000000000291,1.0256696428570113,True,True
2022-06-15 13:51:00,2022-06-15 13:52:00,short,pm_mom,pm_mom_short,11491.2,11468.3125,11503.0,11469.0,trail,47.19999999999709,1.939618644067978,True,True
2022-06-16 11:49:00,2022-06-16 11:51:00,short,trend,trend_cont_short,11125.6,11136.5625,11136.5,11103.25,trail,43.599999999998545,-1.0057339449541287,False,True
2022-06-16 11:54:00,2022-06-16 11:57:00,short,kalman_mom,kalman_mom_short,11121.3,11132.0625,11132.0,11096.0,stop,42.80000000000291,-1.0058411214953267,False,False
2022-06-16 13:38:00,2022-06-16 13:40:00,short,pm_mom,pm_mom_short,11153.7,11169.5625,11169.5,11121.75,stop,63.19999999999709,-1.0039556962025318,False,False
2022-06-17 10:23:00,2022-06-17 10:24:00,short,kalman_mom,kalman_mom_short,11160.9,11148.8125,11172.5,11132.5,trail,46.400000000001455,1.0420258620689016,True,True
2022-06-17 13:20:00,2022-06-17 13:22:00,short,vwap_rev,vwap_rev_short,11333.5,11324.5625,11344.5,11220.75,trail,44.0,0.8125,True,True
2022-06-17 13:33:00,2022-06-17 13:35:00,short,pd_rev,pd_pdh_short,11309.2,11323.0625,11323.0,11225.75,trail,55.19999999999709,-1.0045289855072466,False,True
2022-06-17 14:13:00,2022-06-17 14:15:00,short,ou_rev,ou_rev_short,11301.8,11318.3125,11318.25,11236.75,stop,65.80000000000291,-1.0037993920972643,False,False
2022-06-17 14:20:00,2022-06-17 14:27:00,short,ou_rev,ou_rev_short,11327.7,11320.8125,11338.5,11238.75,trail,43.19999999999709,0.6377314814815919,False,True
2022-06-17 14:30:00,2022-06-17 14:32:00,short,ou_rev,ou_rev_short,11321.5,11299.8125,11340.0,11241.0,trail,74.0,1.1722972972972974,True,True
2022-06-20 12:09:00,2022-06-20 12:34:00,short,ou_lunch,ou_lunch_short,11380.0,11383.7625,11392.0,11342.5,time_stop,48.0,-0.3135416666667273,False,False
2022-06-20 12:39:00,2022-06-20 12:47:00,short,ou_lunch,ou_lunch_short,11373.2,11383.8125,11383.75,11347.5,stop,42.19999999999709,-1.0059241706161142,False,False
2022-06-21 10:02:00,2022-06-21 10:03:00,short,or_rev,or_rev_short,11590.1,11580.5625,11601.75,11501.75,trail,46.599999999998545,0.8186695278970525,True,True
2022-06-21 13:31:00,2022-06-21 13:32:00,short,pm_mom,pm_mom_short,11575.1,11589.0625,11589.0,11547.0,stop,55.599999999998545,-1.004496402877698,False,False
2022-06-22 10:00:00,2022-06-22 10:01:00,short,ou_rev,ou_rev_short,11567.4,11567.4625,11584.0,11489.0,trail,66.40000000000146,-0.003765060240963773,True,True
2022-06-22 10:07:00,2022-06-22 10:08:00,short,or_rev,or_rev_short,11535.6,11535.6625,11547.75,11451.25,trail,48.599999999998545,-0.005144032921810854,True,True
2022-06-22 10:12:00,2022-06-22 10:13:00,short,ou_rev,ou_rev_short,11560.0,11560.0625,11571.75,11505.75,trail,47.0,-0.005319148936170213,True,True
2022-06-22 10:22:00,2022-06-22 10:23:00,short,ou_rev,ou_rev_short,11621.3,11637.0625,11637.0,11522.75,stop,62.80000000000291,-1.003980891719745,False,False
2022-06-22 11:18:00,2022-06-22 11:19:00,short,pd_rev,pd_pdh_short,11635.3,11650.3125,11650.25,11590.0,stop,59.80000000000291,-1.0041806020066888,False,False
2022-06-22 11:26:00,2022-06-22 11:27:00,short,vwap_scalp,vwap_scalp_short,11646.0,11636.0625,11658.5,11620.25,trail,50.0,0.795,True,True
2022-06-22 11:29:00,2022-06-22 11:32:00,short,vwap_scalp,vwap_scalp_short,11646.0,11656.3125,11656.25,11619.75,trail,41.0,-1.0060975609756098,False,True
2022-06-22 11:47:00,2022-06-22 11:49:00,short,kalman_mom,kalman_mom_short,11598.9,11581.3125,11609.5,11573.75,trail,42.400000000001455,1.6591981132074558,True,True
2022-06-23 10:44:00,2022-06-23 10:46:00,short,ou_rev,ou_rev_short,11674.4,11663.8125,11689.75,11598.5,trail,61.400000000001455,0.6897394136807418,False,True
2022-06-23 10:59:00,2022-06-23 11:01:00,short,ou_rev,ou_rev_short,11683.4,11670.5625,11696.25,11610.5,trail,51.400000000001455,0.999027237354029,False,True
2022-06-23 11:02:00,2022-06-23 11:05:00,short,ou_rev,ou_rev_short,11678.3,11643.8125,11692.0,11612.5,trail,54.80000000000291,2.517335766423171,True,True
2022-06-24 09:56:00,2022-06-24 09:57:00,short,ema_rev,ema_rev_short,11935.0,11920.3125,11949.0,11910.5,trail,56.0,1.0491071428571428,True,True
2022-06-24 10:15:00,2022-06-24 10:16:00,short,or_rev,or_rev_short,12019.4,12033.5625,12033.5,11862.0,trail,56.400000000001455,-1.0044326241134751,False,True
2022-06-24 10:45:00,2022-06-24 10:47:00,short,kalman_mom,kalman_mom_short,11969.9,11969.9625,11980.75,11944.0,trail,43.400000000001455,-0.005760368663594277,True,True
2022-06-27 10:26:00,2022-06-27 10:26:00,long,or_rev,or_rev_long,12012.8,11998.6875,11998.75,12098.75,stop,56.19999999999709,-1.0044483985765127,False,False
2022-06-27 10:41:00,2022-06-27 10:42:00,long,kalman_mom,kalman_mom_long,12042.6,12042.5375,12031.5,12074.0,trail,44.400000000001455,-0.0056306306306304465,True,True
2022-06-27 10:55:00,2022-06-27 10:56:00,short,pd_rev,pd_pdh_short,12084.8,12095.3125,12095.25,12043.75,stop,41.80000000000291,-1.0059808612440186,False,False
2022-06-27 13:42:00,2022-06-27 13:43:00,short,pm_mom,pm_mom_short,12020.8,12010.3125,12033.75,11997.75,trail,51.80000000000291,0.8098455598454581,True,True
2022-06-28 10:12:00,2022-06-28 10:13:00,long,or_rev,or_rev_long,12007.6,12021.1875,11993.25,12077.25,trail,57.400000000001455,0.9468641114982085,True,True
2022-06-28 10:23:00,2022-06-28 10:25:00,short,kalman_mom,kalman_mom_short,11976.8,11988.0625,11988.0,11946.75,stop,44.80000000000291,-1.0055803571428568,False,False
2022-06-28 11:47:00,2022-06-28 11:49:00,long,ema_rev,ema_rev_long,11790.0,11777.1875,11777.25,11821.75,stop,51.0,-1.0049019607843137,False,False
2022-06-28 12:13:00,2022-06-28 12:14:00,long,ou_lunch,ou_lunch_long,11756.8,11772.6875,11746.5,11939.0,trail,41.19999999999709,1.5424757281555195,True,True
2022-06-28 13:38:00,2022-06-28 13:42:00,short,pm_mom,pm_mom_short,11719.3,11731.3125,11731.25,11694.0,stop,47.80000000000291,-1.0052301255230123,False,False
2022-06-28 14:02:00,2022-06-28 14:03:00,long,ou_rev,ou_rev_long,11731.3,11751.1875,11716.0,11868.75,trail,61.19999999999709,1.2998366013072988,True,True
2022-06-29 10:08:00,2022-06-29 10:09:00,short,or_rev,or_rev_short,11683.9,11683.9625,11698.75,11596.75,trail,59.400000000001455,-0.0042087542087541055,True,True
2022-06-29 10:20:00,2022-06-29 10:21:00,short,kalman_mom,kalman_mom_short,11603.4,11603.4625,11613.5,11577.75,trail,40.400000000001455,-0.0061881188118809655,True,True
2022-06-29 14:32:00,2022-06-29 14:38:00,short,pm_mom,pm_mom_short,11656.5,11646.3125,11674.75,11621.5,trail,73.0,0.5582191780821918,False,True
2022-06-29 14:49:00,2022-06-29 14:56:00,short,trend,trend_cont_short,11617.2,11628.8125,11628.75,11593.5,stop,46.19999999999709,-1.0054112554112558,False,False
2022-06-30 11:26:00,2022-06-30 11:27:00,short,vwap_rev,vwap_rev_short,11523.5,11534.0625,11534.0,11411.25,stop,42.0,-1.005952380952381,False,False
2022-06-30 12:11:00,2022-06-30 12:12:00,short,ou_lunch,ou_lunch_short,11518.9,11510.8125,11530.75,11446.5,trail,47.400000000001455,0.6824894514767416,True,True
2022-06-30 12:17:00,2022-06-30 12:18:00,short,ou_lunch,ou_lunch_short,11531.7,11523.0625,11542.25,11449.0,trail,42.19999999999709,0.8187203791470449,True,True
2022-06-30 14:09:00,2022-06-30 14:11:00,short,pm_mom,pm_mom_short,11599.4,11590.5625,11612.0,11579.0,trail,50.400000000001455,0.7013888888888398,False,True
2022-07-01 09:59:00,2022-07-01 10:00:00,short,ou_rev,ou_rev_short,11552.0,11528.3125,11571.25,11483.75,trail,77.0,1.2305194805194806,True,True
2022-07-01 12:16:00,2022-07-01 12:17:00,short,kalman_mom,kalman_mom_short,11417.6,11429.3125,11429.25,11387.25,stop,46.599999999998545,-1.005364806866953,False,False
2022-07-01 14:06:00,2022-07-01 14:09:00,short,pm_mom,pm_mom_short,11472.2,11458.3125,11484.0,11448.25,trail,47.19999999999709,1.1769067796611512,True,True
2022-07-05 10:35:00,2022-07-05 10:37:00,short,ou_rev,ou_rev_short,11480.5,11496.5625,11496.5,11421.5,stop,64.0,-1.00390625,False,False
2022-07-05 11:01:00,2022-07-05 11:02:00,short,vwap_scalp,vwap_scalp_short,11501.0,11467.5625,11513.25,11475.0,trail,49.0,2.729591836734694,True,True
2022-07-05 11:53:00,2022-07-05 11:54:00,short,vwap_scalp,vwap_scalp_short,11548.3,11548.3625,11559.0,11504.0,trail,42.80000000000291,-0.005841121495326705,True,True
2022-07-05 13:49:00,2022-07-05 13:50:00,short,pm_mom,pm_mom_short,11631.6,11631.6625,11644.25,11608.25,trail,50.599999999998545,-0.004940711462450735,True,True
2022-07-06 10:21:00,2022-07-06 10:23:00,short,sweep,sweep_pdh_short,11764.3,11749.0625,11784.25,11561.25,trail,79.80000000000291,0.7637844611528178,False,True
2022-07-06 10:39:00,2022-07-06 10:39:00,short,pd_rev,pd_pdh_short,11776.6,11791.0625,11791.0,11750.25,stop,57.599999999998545,-1.004340277777778,False,False
2022-07-06 13:12:00,2022-07-06 13:18:00,short,vwap_scalp,vwap_scalp_short,11814.2,11805.3125,11824.75,11797.0,trail,42.19999999999709,0.8424170616115014,True,True
2022-07-06 13:42:00,2022-07-06 13:44:00,short,ou_rev,ou_rev_short,11808.8,11819.0625,11819.0,11782.75,trail,40.80000000000291,-1.0061274509803917,False,True
2022-07-06 13:46:00,2022-07-06 13:59:00,short,ou_rev,ou_rev_short,11812.6,11824.5625,11824.5,11783.0,stop,47.599999999998545,-1.0052521008403363,False,False
2022-07-06 14:36:00,2022-07-06 14:38:00,short,ou_rev,ou_rev_short,11869.6,11841.0625,11886.0,11788.25,trail,65.59999999999854,1.740091463414695,True,True
2022-07-06 14:39:00,2022-07-06 14:40:00,short,ou_rev,ou_rev_short,11853.3,11870.5625,11870.5,11789.0,stop,68.80000000000291,-1.0036337209302324,False,False
2022-07-07 10:22:00,2022-07-07 10:26:00,short,or_rev,or_rev_short,11989.9,11989.9625,12004.0,11936.0,trail,56.400000000001455,-0.004432624113475063,True,True
2022-07-07 11:00:00,2022-07-07 11:02:00,short,vwap_scalp,vwap_scalp_short,12021.3,12012.5625,12031.5,12005.25,trail,40.80000000000291,0.8566176470586911,False,True
2022-07-07 11:21:00,2022-07-07 11:24:00,short,ou_rev,ou_rev_short,12027.7,12010.3125,12044.25,11995.5,trail,66.19999999999709,1.050604229607341,True,True
2022-07-07 12:07:00,2022-07-07 12:11:00,short,ou_lunch,ou_lunch_short,12050.0,12061.3125,12061.25,12003.75,stop,45.0,-1.0055555555555555,False,False
2022-07-07 14:42:00,2022-07-07 14:48:00,short,ou_rev,ou_rev_short,12095.9,12095.9625,12106.75,12032.75,trail,43.400000000001455,-0.005760368663594277,True,True
2022-07-08 10:18:00,2022-07-08 10:20:00,long,kalman_mom,kalman_mom_long,12033.2,12022.6875,12022.75,12058.5,stop,41.80000000000291,-1.0059808612440186,False,False
2022-07-08 10:34:00,2022-07-08 10:37:00,short,or_rev,or_rev_short,12090.7,12104.8125,12104.75,12009.75,stop,56.19999999999709,-1.0044483985765127,False,False
2022-07-08 10:41:00,2022-07-08 10:42:00,short,vwap_rev,vwap_rev_short,12117.6,12103.5625,12128.0,12022.0,trail,41.599999999998545,1.3497596153846976,False,True
2022-07-08 11:19:00,2022-07-08 11:21:00,short,pd_rev,pd_pdh_short,12136.7,12148.3125,12148.25,12051.75,stop,46.19999999999709,-1.0054112554112558,False,False
2022-07-08 12:33:00,2022-07-08 12:34:00,long,ema_rev,ema_rev_long,12052.0,12065.9375,12041.0,12091.0,trail,44.0,1.2670454545454546,True,True
2022-07-08 13:42:00,2022-07-08 13:46:00,long,pm_mom,pm_mom_long,12097.8,12087.4375,12087.5,12118.0,stop,41.19999999999709,-1.006067961165049,False,False
2022-07-11 10:18:00,2022-07-11 10:19:00,long,kalman_mom,kalman_mom_long,11882.3,11882.2375,11870.75,11910.0,trail,46.19999999999709,-0.005411255411255752,True,True
2022-07-11 13:06:00,2022-07-11 13:08:00,short,ou_lunch,ou_lunch_short,11920.4,11933.0625,11933.0,11894.75,stop,50.400000000001455,-1.0049603174603172,False,False
2022-07-11 13:32:00,2022-07-11 13:33:00,long,pm_mom,pm_mom_long,11955.3,11968.4375,11944.75,11977.75,trail,42.19999999999709,1.2452606635072638,True,True
2022-07-11 13:36:00,2022-07-11 13:42:00,short,vwap_scalp,vwap_scalp_short,11960.8,11971.3125,11971.25,11930.0,stop,41.80000000000291,-1.0059808612440186,False,False
2022-07-12 10:03:00,2022-07-12 10:04:00,long,vwap_rev,vwap_rev_long,11804.0,11803.9375,11793.0,11917.75,trail,44.0,-0.005681818181818182,True,True
2022-07-12 10:17:00,2022-07-12 10:18:00,short,kalman_mom,kalman_mom_short,11807.9,11807.9625,11819.5,11782.5,trail,46.400000000001455,-0.00538793103448259,True,True
2022-07-12 12:39:00,2022-07-12 12:43:00,short,vwap_scalp,vwap_scalp_short,11891.9,11886.3125,11902.0,11876.5,trail,40.400000000001455,0.5532178217821223,True,True
2022-07-12 13:47:00,2022-07-12 13:48:00,short,pm_mom,pm_mom_short,11850.4,11860.5625,11860.5,11829.75,stop,40.400000000001455,-1.0061881188118809,False,False
2022-07-13 11:23:00,2022-07-13 11:25:00,short,ou_rev,ou_rev_short,11760.8,11743.3125,11772.5,11668.5,trail,46.80000000000291,1.4946581196579645,True,True
2022-07-13 12:58:00,2022-07-13 12:58:00,short,ou_lunch,ou_lunch_short,11768.2,11779.3125,11779.25,11694.5,stop,44.19999999999709,-1.0056561085972855,False,False
2022-07-13 13:03:00,2022-07-13 13:03:00,short,ou_lunch,ou_lunch_short,11778.8,11792.0625,11792.0,11696.5,stop,52.80000000000291,-1.0047348484848482,False,False
2022-07-14 11:20:00,2022-07-14 11:21:00,short,ou_rev,ou_rev_short,11609.0,11620.0625,11620.0,11545.5,stop,44.0,-1.0056818181818181,False,False
2022-07-14 11:45:00,2022-07-14 11:46:00,short,or_rev,or_rev_short,11677.3,11657.5625,11690.25,11585.0,trail,51.80000000000291,1.5241312741311324,True,True
2022-07-14 11:50:00,2022-07-14 11:52:00,short,vwap_rev,vwap_rev_short,11661.8,11661.8625,11672.25,11563.75,trail,41.80000000000291,-0.005980861244018722,True,True
2022-07-14 12:24:00,2022-07-14 12:25:00,short,ou_lunch,ou_lunch_short,11662.3,11647.8125,11674.75,11581.75,trail,49.80000000000291,1.163654618473769,True,True
2022-07-14 12:27:00,2022-07-14 12:30:00,short,ou_lunch,ou_lunch_short,11643.5,11624.8125,11657.5,11582.75,trail,56.0,1.3348214285714286,True,True
2022-07-15 11:14:00,2022-07-15 11:16:00,short,ou_rev,ou_rev_short,11943.6,11957.3125,11957.25,11905.25,stop,54.599999999998545,-1.0045787545787548,False,False
2022-07-15 11:18:00,2022-07-15 11:20:00,short,ou_rev,ou_rev_short,11960.5,11948.3125,11971.0,11906.75,trail,42.0,1.1607142857142858,True,True
2022-07-15 11:40:00,2022-07-15 11:43:00,short,vwap_scalp,vwap_scalp_short,11948.2,11948.2625,11958.75,11930.75,trail,42.19999999999709,-0.005924170616114153,True,True
2022-07-15 11:56:00,2022-07-15 12:01:00,short,ou_lunch,ou_lunch_short,11936.1,11920.5625,11949.0,11916.5,trail,51.599999999998545,1.2044573643411474,True,True
2022-07-15 13:56:00,2022-07-15 13:58:00,short,pm_mom,pm_mom_short,11939.8,11952.3125,11952.25,11916.25,stop,49.80000000000291,-1.0050200803212848,False,False
2022-07-15 14:02:00,2022-07-15 14:04:00,short,ou_rev,ou_rev_short,11946.4,11932.5625,11957.5,11921.25,trail,44.400000000001455,1.246621621621548,False,True
2022-07-18 13:32:00,2022-07-18 13:33:00,short,kalman_mom,kalman_mom_short,12085.9,12062.0625,12097.5,12056.75,trail,46.400000000001455,2.0549568965516283,True,True
2022-07-19 10:57:00,2022-07-19 11:01:00,short,vwap_rev,vwap_rev_short,12107.3,12117.5625,12117.5,12028.75,trail,40.80000000000291,-1.0061274509803917,False,True
2022-07-19 11:13:00,2022-07-19 11:16:00,short,vwap_rev,vwap_rev_short,12134.8,12146.0625,12146.0,12041.5,stop,44.80000000000291,-1.0055803571428568,False,False
2022-07-19 11:38:00,2022-07-19 11:40:00,short,pd_rev,pd_pdh_short,12153.3,12139.8125,12166.0,12057.0,trail,50.80000000000291,1.0620078740156298,True,True
2022-07-19 13:35:00,2022-07-19 13:36:00,long,pm_mom,pm_mom_long,12179.7,12187.1875,12168.75,12200.5,trail,43.80000000000291,0.6837899543377877,False,True
2022-07-20 10:25:00,2022-07-20 10:27:00,long,kalman_mom,kalman_mom_long,12327.3,12351.9375,12316.75,12352.0,trail,42.19999999999709,2.3353080568722677,True,True
2022-07-21 10:29:00,2022-07-21 10:30:00,long,ou_rev,ou_rev_long,12358.7,12379.4375,12344.0,12437.75,trail,58.80000000000291,1.4107142857141663,True,True
2022-07-21 12:07:00,2022-07-21 12:08:00,long,kalman_mom,kalman_mom_long,12539.9,12560.4375,12528.5,12569.25,trail,45.599999999998545,1.8015350877193876,True,True
2022-07-22 11:08:00,2022-07-22 11:14:00,long,ou_rev,ou_rev_long,12514.9,12529.4375,12497.5,12562.75,trail,69.59999999999854,0.8354885057471648,True,True
2022-07-22 11:16:00,2022-07-22 11:17:00,long,vwap_scalp,vwap_scalp_long,12530.0,12519.4375,12519.5,12545.0,stop,42.0,-1.005952380952381,False,False
2022-07-22 11:19:00,2022-07-22 11:22:00,long,ou_rev,ou_rev_long,12522.6,12505.9375,12506.0,12559.0,stop,66.40000000000146,-1.0037650602409638,False,False
2022-07-22 11:51:00,2022-07-22 11:54:00,long,vwap_scalp,vwap_scalp_long,12425.9,12441.4375,12414.0,12480.5,trail,47.599999999998545,1.3056722689076334,True,True
2022-07-22 13:49:00,2022-07-22 13:51:00,long,pm_mom,pm_mom_long,12365.8,12353.9375,12354.0,12388.5,stop,47.19999999999709,-1.0052966101694918,False,False
2022-07-25 10:19:00,2022-07-25 10:22:00,long,ou_rev,ou_rev_long,12306.7,12322.4375,12293.0,12365.0,trail,54.80000000000291,1.148722627737112,True,True
2022-07-25 10:29:00,2022-07-25 10:30:00,long,ou_rev,ou_rev_long,12276.3,12310.9375,12260.0,12354.5,trail,65.19999999999709,2.1250000000001394,True,True
2022-07-26 10:23:00,2022-07-26 10:26:00,long,ou_rev,ou_rev_long,12174.6,12160.4375,12160.5,12207.75,trail,56.400000000001455,-1.0044326241134751,False,True
2022-07-26 10:28:00,2022-07-26 10:31:00,long,ou_rev,ou_rev_long,12169.6,12154.9375,12155.0,12204.5,stop,58.400000000001455,-1.004280821917808,False,False
2022-07-26 10:35:00,2022-07-26 10:38:00,long,ou_rev,ou_rev_long,12152.9,12135.9375,12136.0,12199.75,stop,67.59999999999854,-1.0036982248520712,False,False
2022-07-26 10:43:00,2022-07-26 10:45:00,long,vwap_scalp,vwap_scalp_long,12153.7,12141.4375,12141.5,12174.0,stop,48.80000000000291,-1.0051229508196717,False,False
2022-07-26 11:10:00,2022-07-26 11:13:00,long,ou_rev,ou_rev_long,12144.9,12144.8375,12134.5,12185.25,trail,41.599999999998545,-0.006009615384615595,True,True
2022-07-26 12:30:00,2022-07-26 12:34:00,long,ou_lunch,ou_lunch_long,12110.8,12110.7375,12099.75,12157.5,trail,44.19999999999709,-0.005656108597285441,True,True
2022-07-26 14:05:00,2022-07-26 14:06:00,long,pm_mom,pm_mom_long,12112.0,12127.4375,12101.25,12131.25,trail,43.0,1.436046511627907,True,True
2022-07-27 10:03:00,2022-07-27 10:04:00,short,or_rev,or_rev_short,12356.1,12356.1625,12371.0,12295.5,trail,59.599999999998545,-0.004194630872483324,True,True
2022-07-27 12:29:00,2022-07-27 12:36:00,short,ou_lunch,ou_lunch_short,12438.6,12438.6625,12450.0,12382.75,trail,45.599999999998545,-0.005482456140351052,True,True
2022-07-27 12:41:00,2022-07-27 12:47:00,short,ou_lunch,ou_lunch_short,12425.3,12415.5625,12438.0,12385.0,trail,50.80000000000291,0.7667322834644658,True,True
2022-07-27 13:34:00,2022-07-27 13:38:00,long,pm_mom,pm_mom_long,12421.6,12410.4375,12410.5,12444.5,stop,44.400000000001455,-1.0056306306306304,False,False
2022-07-27 14:21:00,2022-07-27 14:25:00,short,ou_rev,ou_rev_short,12420.8,12408.5625,12433.0,12393.75,trail,48.80000000000291,1.003073770491684,True,True
2022-07-27 14:31:00,2022-07-27 14:33:00,short,ou_rev,ou_rev_short,12431.0,12393.0625,12442.5,12395.0,trail,46.0,3.2989130434782608,True,True
2022-07-28 10:01:00,2022-07-28 10:01:00,short,trend,trend_cont_short,12466.5,12476.8125,12476.75,12430.75,stop,41.0,-1.0060975609756098,False,False
2022-07-28 10:09:00,2022-07-28 10:09:00,long,or_rev,or_rev_long,12469.3,12455.6875,12455.75,12575.25,stop,54.19999999999709,-1.0046125461254616,False,False
2022-07-28 10:51:00,2022-07-28 10:54:00,long,kalman_mom,kalman_mom_long,12520.2,12531.9375,12509.25,12547.5,trail,43.80000000000291,1.0719178082190404,True,True
2022-07-28 10:57:00,2022-07-28 10:58:00,long,trend,trend_cont_long,12528.0,12547.4375,12516.0,12552.5,trail,48.0,1.6197916666666667,True,True
2022-07-28 13:39:00,2022-07-28 13:41:00,long,pm_mom,pm_mom_long,12693.5,12703.9375,12680.75,12718.0,trail,51.0,0.8186274509803921,False,True
2022-07-29 10:17:00,2022-07-29 10:20:00,long,kalman_mom,kalman_mom_long,12859.1,12859.0375,12846.75,12890.25,trail,49.400000000001455,-0.005060728744939122,True,True
2022-07-29 14:20:00,2022-07-29 14:21:00,long,pm_mom,pm_mom_long,12920.5,12928.9375,12910.5,12940.5,trail,40.0,0.84375,False,True
2022-08-01 10:47:00,2022-08-01 10:48:00,long,kalman_mom,kalman_mom_long,13033.4,13033.3375,13023.25,13058.25,trail,40.599999999998545,-0.006157635467980516,True,True
2022-08-01 13:15:00,2022-08-01 13:16:00,long,vwap_scalp,vwap_scalp_long,12963.9,12974.9375,12953.0,12982.0,trail,43.599999999998545,1.0126146788991497,True,True
2022-08-01 13:26:00,2022-08-01 13:29:00,long,ou_lunch,ou_lunch_long,12938.4,12924.4375,12924.5,12998.0,stop,55.599999999998545,-1.004496402877698,False,False
2022-08-01 14:00:00,2022-08-01 14:01:00,long,pm_mom,pm_mom_long,12905.2,12916.6875,12893.75,12924.25,trail,45.80000000000291,1.0032751091701784,True,True
2022-08-02 14:08:00,2022-08-02 14:09:00,long,pm_mom,pm_mom_long,12925.7,12940.9375,12911.0,12956.75,trail,58.80000000000291,1.0365646258502392,False,True
2022-08-03 10:52:00,2022-08-03 10:54:00,long,kalman_mom,kalman_mom_long,13114.1,13114.0375,13102.75,13141.0,trail,45.400000000001455,-0.005506607929515242,True,True
2022-08-03 13:34:00,2022-08-03 13:40:00,long,pm_mom,pm_mom_long,13250.1,13237.6875,13237.75,13273.25,stop,49.400000000001455,-1.0050607287449391,False,False
2022-08-04 10:39:00,2022-08-04 10:40:00,long,vwap_rev,vwap_rev_long,13173.3,13173.2375,13163.0,13258.0,trail,41.19999999999709,-0.006067961165048972,True,True
2022-08-04 10:46:00,2022-08-04 10:48:00,long,ou_rev,ou_rev_long,13180.4,13197.9375,13168.0,13251.0,trail,49.599999999998545,1.414314516129103,True,True
2022-08-04 11:18:00,2022-08-04 11:19:00,long,ou_rev,ou_rev_long,13193.9,13214.6875,13174.75,13241.0,trail,76.59999999999854,1.0855091383812407,True,True
2022-08-05 10:54:00,2022-08-05 10:55:00,long,ema_rev,ema_rev_long,13205.5,13221.6875,13193.75,13229.75,trail,47.0,1.377659574468085,True,True
2022-08-05 11:10:00,2022-08-05 11:11:00,long,pd_rev,pd_pdl_long,13164.5,13177.4375,13153.0,13200.75,trail,46.0,1.125,True,True
2022-08-08 11:42:00,2022-08-08 11:43:00,long,ema_rev,ema_rev_long,13227.9,13214.1875,13214.25,13262.75,stop,54.599999999998545,-1.0045787545787548,False,False
2022-08-08 12:21:00,2022-08-08 12:23:00,long,vwap_rev,vwap_rev_long,13148.3,13171.9375,13137.5,13298.25,trail,43.19999999999709,2.1886574074076224,True,True
2022-08-08 12:53:00,2022-08-08 12:56:00,long,kalman_mom,kalman_mom_long,13192.8,13182.4375,13182.5,13222.0,stop,41.19999999999709,-1.006067961165049,False,False
2022-08-08 13:46:00,2022-08-08 13:48:00,long,pm_mom,pm_mom_long,13181.3,13170.4375,13170.5,13202.0,stop,43.19999999999709,-1.0057870370370374,False,False
2022-08-08 14:48:00,2022-08-08 14:53:00,long,ou_rev,ou_rev_long,13129.8,13110.6875,13110.75,13240.25,stop,76.19999999999709,-1.0032808398950133,False,False
2022-08-08 14:57:00,2022-08-08 14:59:00,long,ou_rev,ou_rev_long,13116.0,13134.6875,13099.75,13237.0,trail,65.0,1.15,False,True
2022-08-08 15:00:00,2022-08-08 15:06:00,long,ou_rev,ou_rev_long,13130.7,13139.4375,13115.25,13236.0,trail,61.80000000000291,0.5655339805824505,False,True
2022-08-09 10:03:00,2022-08-09 10:05:00,long,vwap_rev,vwap_rev_long,12971.7,12988.9375,12960.75,13028.25,trail,43.80000000000291,1.574200913241838,True,True
2022-08-09 13:31:00,2022-08-09 13:35:00,long,pm_mom,pm_mom_long,12987.7,12977.4375,12977.5,13007.75,stop,40.80000000000291,-1.0061274509803917,False,False
2022-08-09 13:45:00,2022-08-09 13:48:00,long,ou_rev,ou_rev_long,12963.4,12970.1875,12951.75,12994.75,trail,46.599999999998545,0.5826180257511224,False,True
2022-08-09 13:49:00,2022-08-09 13:53:00,long,ou_rev,ou_rev_long,12970.8,12985.6875,12958.75,12994.5,trail,48.19999999999709,1.2354771784233716,True,True
2022-08-10 10:26:00,2022-08-10 10:27:00,short,trend,trend_cont_short,13248.3,13261.0625,13261.0,13215.25,stop,50.80000000000291,-1.0049212598425195,False,False
2022-08-10 10:45:00,2022-08-10 10:50:00,long,kalman_mom,kalman_mom_long,13305.3,13293.4375,13293.5,13331.0,stop,47.19999999999709,-1.0052966101694918,False,False
2022-08-10 13:52:00,2022-08-10 13:57:00,long,trend,trend_cont_long,13360.6,13349.6875,13349.75,13383.0,stop,43.400000000001455,-1.0057603686635943,False,False
2022-08-11 10:44:00,2022-08-11 10:46:00,long,ema_rev,ema_rev_long,13480.3,13480.2375,13469.0,13508.0,trail,45.19999999999709,-0.00553097345132779,True,True
2022-08-11 11:11:00,2022-08-11 11:12:00,long,vwap_rev,vwap_rev_long,13395.9,13383.9375,13384.0,13482.25,stop,47.599999999998545,-1.0052521008403363,False,False
2022-08-11 11:27:00,2022-08-11 11:28:00,short,trend,trend_cont_short,13373.0,13385.5625,13385.5,13347.75,stop,50.0,-1.005,False,False
2022-08-11 11:37:00,2022-08-11 11:38:00,long,kalman_mom,kalman_mom_long,13413.0,13400.6875,13400.75,13442.75,stop,49.0,-1.0051020408163265,False,False
2022-08-11 13:13:00,2022-08-11 13:14:00,long,vwap_scalp,vwap_scalp_long,13386.3,13394.6875,13374.25,13408.75,trail,48.19999999999709,0.6960580912864095,True,True
2022-08-11 13:39:00,2022-08-11 13:42:00,long,ou_rev,ou_rev_long,13390.6,13397.6875,13379.75,13429.25,trail,43.400000000001455,0.6532258064515575,False,True
2022-08-11 13:43:00,2022-08-11 13:47:00,long,ou_rev,ou_rev_long,13397.3,13385.4375,13385.5,13428.75,stop,47.19999999999709,-1.0052966101694918,False,False
2022-08-11 14:13:00,2022-08-11 14:14:00,short,trend,trend_cont_short,13333.5,13321.5625,13344.5,13311.5,trail,44.0,1.0852272727272727,False,True
2022-08-11 14:51:00,2022-08-11 14:51:00,long,ou_rev,ou_rev_long,13313.5,13301.9375,13302.0,13412.75,stop,46.0,-1.0054347826086956,False,False
2022-08-15 14:34:00,2022-08-15 14:38:00,long,pm_mom,pm_mom_long,13641.0,13650.9375,13629.0,13665.5,trail,48.0,0.828125,True,True
2022-08-16 10:05:00,2022-08-16 10:07:00,long,ou_rev,ou_rev_long,13564.0,13576.6875,13546.5,13595.5,trail,70.0,0.725,True,True
2022-08-16 10:19:00,2022-08-16 10:20:00,long,ou_rev,ou_rev_long,13554.9,13568.9375,13541.5,13589.0,trail,53.599999999998545,1.0475746268657273,True,True
2022-08-16 10:30:00,2022-08-16 10:31:00,long,ou_rev,ou_rev_long,13551.4,13551.3375,13541.0,13584.5,trail,41.599999999998545,-0.006009615384615595,True,True
2022-08-16 10:39:00,2022-08-16 10:41:00,long,ou_rev,ou_rev_long,13528.1,13509.9375,13510.0,13577.25,stop,72.40000000000146,-1.003453038674033,False,False
2022-08-16 10:42:00,2022-08-16 10:44:00,long,ou_rev,ou_rev_long,13521.9,13542.9375,13509.0,13575.25,trail,51.599999999998545,1.6308139534884463,True,True
2022-08-17 10:05:00,2022-08-17 10:06:00,long,open_drive,open_drive_long,13501.1,13520.4375,13489.5,13525.0,trail,46.400000000001455,1.6670258620688818,True,True
2022-08-17 10:36:00,2022-08-17 10:36:00,long,vwap_scalp,vwap_scalp_long,13457.4,13446.1875,13446.25,13472.0,stop,44.599999999998545,-1.0056053811659196,False,False
2022-08-17 10:41:00,2022-08-17 10:42:00,long,ou_rev,ou_rev_long,13429.3,13441.9375,13412.75,13483.75,trail,66.19999999999709,0.7635951661632195,False,True
2022-08-17 10:53:00,2022-08-17 10:54:00,long,vwap_scalp,vwap_scalp_long,13439.0,13428.6875,13428.75,13459.25,stop,41.0,-1.0060975609756098,False,False
2022-08-17 11:02:00,2022-08-17 11:03:00,long,ou_rev,ou_rev_long,13417.5,13433.4375,13405.5,13473.5,trail,48.0,1.328125,True,True
2022-08-17 11:13:00,2022-08-17 11:16:00,long,ou_rev,ou_rev_long,13426.0,13412.9375,13413.0,13468.75,trail,52.0,-1.0048076923076923,False,True
2022-08-17 11:46:00,2022-08-17 11:49:00,long,ou_lunch,ou_lunch_long,13402.8,13392.6875,13392.75,13460.25,stop,40.19999999999709,-1.0062189054726374,False,False
2022-08-17 13:54:00,2022-08-17 13:56:00,long,pm_mom,pm_mom_long,13480.4,13469.9375,13470.0,13501.5,stop,41.599999999998545,-1.0060096153846156,False,False
2022-08-18 12:47:00,2022-08-18 12:48:00,long,ema_rev,ema_rev_long,13474.6,13491.6875,13464.0,13489.75,trail,42.400000000001455,1.6120283018867028,False,True
2022-08-18 14:11:00,2022-08-18 14:18:00,long,pm_mom,pm_mom_long,13526.5,13534.4375,13514.5,13551.5,trail,48.0,0.6614583333333334,False,True
2022-08-19 10:18:00,2022-08-19 10:21:00,long,or_rev,or_rev_long,13275.8,13284.9375,13262.25,13364.25,trail,54.19999999999709,0.6743542435425254,False,True
2022-08-19 13:34:00,2022-08-19 13:36:00,long,vwap_scalp,vwap_scalp_long,13222.8,13228.6875,13211.25,13248.75,trail,46.19999999999709,0.5097402597403549,False,True
2022-08-22 10:18:00,2022-08-22 10:19:00,long,ou_rev,ou_rev_long,12983.8,12969.4375,12969.5,13015.75,stop,57.19999999999709,-1.0043706293706296,False,False
2022-08-22 10:28:00,2022-08-22 10:30:00,long,ou_rev,ou_rev_long,12963.0,12962.9375,12946.25,13008.25,trail,67.0,-0.0037313432835820895,True,True
2022-08-22 10:32:00,2022-08-22 10:34:00,long,ou_rev,ou_rev_long,12967.9,12956.6875,12956.75,13005.75,trail,44.599999999998545,-1.0056053811659196,False,True
2022-08-22 10:37:00,2022-08-22 10:38:00,long,ou_rev,ou_rev_long,12954.4,12969.9375,12942.25,13002.75,trail,48.599999999998545,1.278806584362208,True,True
2022-08-22 10:41:00,2022-08-22 10:42:00,long,vwap_scalp,vwap_scalp_long,12968.4,12983.6875,12958.0,12985.0,trail,41.599999999998545,1.4699519230770095,True,True
2022-08-22 11:33:00,2022-08-22 11:34:00,long,ou_lunch,ou_lunch_long,12940.2,12953.6875,12928.0,12983.0,trail,48.80000000000291,1.1055327868851204,True,True
2022-08-22 13:01:00,2022-08-22 13:04:00,long,ou_lunch,ou_lunch_long,12959.0,12948.9375,12949.0,12975.75,stop,40.0,-1.00625,False,False
2022-08-23 10:17:00,2022-08-23 10:19:00,short,vwap_scalp,vwap_scalp_short,12989.3,12971.0625,13001.25,12958.75,trail,47.80000000000291,1.526150627614909,True,True
2022-08-23 12:17:00,2022-08-23 12:18:00,short,kalman_mom,kalman_mom_short,12887.6,12872.5625,12898.0,12862.0,trail,41.599999999998545,1.4459134615385472,True,True
2022-08-24 10:03:00,2022-08-24 10:04:00,short,vwap_rev,vwap_rev_short,12902.7,12881.0625,12913.5,12874.75,trail,43.19999999999709,2.0034722222224244,True,True
2022-08-25 10:05:00,2022-08-25 10:10:00,short,vwap_rev,vwap_rev_short,13038.5,13038.5625,13049.75,12982.75,trail,45.0,-0.005555555555555556,True,True
2022-08-25 10:32:00,2022-08-25 10:36:00,long,kalman_mom,kalman_mom_long,13092.2,13080.6875,13080.75,13121.75,stop,45.80000000000291,-1.0054585152838424,False,False
2022-08-25 11:20:00,2022-08-25 11:21:00,long,ema_rev,ema_rev_long,13011.7,13018.6875,13001.5,13036.75,trail,40.80000000000291,0.6850490196077229,False,True
2022-08-25 13:52:00,2022-08-25 14:02:00,short,vwap_scalp,vwap_scalp_short,13068.1,13060.5625,13080.0,13048.0,trail,47.599999999998545,0.6334033613445877,True,True
2022-08-25 14:06:00,2022-08-25 14:15:00,short,pm_mom,pm_mom_short,13053.7,13069.3125,13069.25,13024.75,stop,62.19999999999709,-1.0040192926045017,False,False
2022-08-25 14:38:00,2022-08-25 14:42:00,short,ou_rev,ou_rev_short,13057.3,13040.5625,13067.75,13032.0,trail,41.80000000000291,1.6016746411481442,True,True
2022-08-26 10:25:00,2022-08-26 10:25:00,long,vwap_scalp,vwap_scalp_long,13036.3,13025.6875,13025.75,13067.0,stop,42.19999999999709,-1.0059241706161142,False,False
2022-08-26 11:14:00,2022-08-26 11:15:00,long,ou_rev,ou_rev_long,12814.2,12824.1875,12797.0,12999.25,trail,68.80000000000291,0.5806686046510959,False,True
2022-08-26 12:50:00,2022-08-26 12:54:00,long,ou_lunch,ou_lunch_long,12784.3,12773.9375,12774.0,12907.0,stop,41.19999999999709,-1.006067961165049,False,False
2022-08-26 12:59:00,2022-08-26 13:01:00,long,vwap_scalp,vwap_scalp_long,12788.5,12788.4375,12777.0,12846.0,trail,46.0,-0.005434782608695652,True,True
2022-08-26 13:25:00,2022-08-26 13:28:00,long,ou_lunch,ou_lunch_long,12776.0,12785.4375,12765.0,12892.75,trail,44.0,0.8579545454545454,True,True
2022-08-29 10:44:00,2022-08-29 10:45:00,short,kalman_mom,kalman_mom_short,12492.3,12492.3625,12503.5,12463.25,trail,44.80000000000291,-0.00558035714285678,True,True
2022-08-29 13:11:00,2022-08-29 13:17:00,short,vwap_scalp,vwap_scalp_short,12567.5,12539.0625,12578.75,12542.75,trail,45.0,2.5277777777777777,True,True
2022-08-30 12:36:00,2022-08-30 12:38:00,short,kalman_mom,kalman_mom_short,12303.2,12314.0625,12314.0,12278.75,stop,43.19999999999709,-1.0057870370370374,False,False
2022-08-30 13:44:00,2022-08-30 13:46:00,short,pm_mom,pm_mom_short,12251.7,12236.8125,12268.75,12219.25,trail,68.19999999999709,0.8731671554252999,True,True
2022-08-31 13:32:00,2022-08-31 13:33:00,short,pm_mom,pm_mom_short,12302.1,12313.0625,12313.0,12278.5,stop,43.599999999998545,-1.0057339449541287,False,False
2022-09-01 13:28:00,2022-09-01 13:29:00,short,ema_rev,ema_rev_short,12092.2,12105.5625,12105.5,12074.0,stop,53.19999999999709,-1.004699248120301,False,False
2022-09-01 13:48:00,2022-09-01 13:49:00,short,pm_mom,pm_mom_short,12072.9,12072.9625,12084.75,12048.75,trail,47.400000000001455,-0.005274261603375366,True,True
2022-09-02 10:05:00,2022-09-02 10:08:00,short,pd_rev,pd_pdh_short,12269.8,12283.3125,12283.25,12241.5,stop,53.80000000000291,-1.0046468401486985,False,False
2022-09-02 10:35:00,2022-09-02 10:36:00,short,or_rev,or_rev_short,12416.2,12430.8125,12430.75,12343.75,stop,58.19999999999709,-1.0042955326460483,False,False
2022-09-02 11:03:00,2022-09-02 11:03:00,short,kalman_mom,kalman_mom_short,12387.1,12398.5625,12398.5,12360.75,stop,45.599999999998545,-1.005482456140351,False,False
2022-09-02 13:36:00,2022-09-02 13:37:00,short,pm_mom,pm_mom_short,12126.2,12126.2625,12138.5,12105.5,trail,49.19999999999709,-0.005081300813008431,True,True
2022-09-06 11:22:00,2022-09-06 11:22:00,short,kalman_mom,kalman_mom_short,12068.6,12079.5625,12079.5,12042.75,stop,43.599999999998545,-1.0057339449541287,False,False
2022-09-06 13:31:00,2022-09-06 13:32:00,short,pm_mom,pm_mom_short,11978.4,11989.3125,11989.25,11955.25,stop,43.400000000001455,-1.0057603686635943,False,False
2022-09-06 14:47:00,2022-09-06 14:50:00,short,trend,trend_cont_short,12010.8,12025.3125,12025.25,11980.75,stop,57.80000000000291,-1.0043252595155707,False,False
2022-09-07 10:16:00,2022-09-07 10:17:00,short,trend,trend_cont_short,12040.8,12040.8625,12056.5,12004.75,trail,62.80000000000291,-0.003980891719745038,True,True
2022-09-07 11:16:00,2022-09-07 11:17:00,short,or_rev,or_rev_short,12132.9,12120.3125,12146.0,12075.25,trail,52.400000000001455,0.9608778625953653,True,True
2022-09-07 13:14:00,2022-09-07 13:26:00,short,pd_rev,pd_pdh_short,12159.7,12146.3125,12171.75,12103.5,trail,48.19999999999709,1.1109958506225341,False,True
2022-09-08 10:01:00,2022-09-08 10:02:00,short,or_rev,or_rev_short,12239.7,12200.0625,12250.5,12157.0,trail,43.19999999999709,3.6701388888892037,True,True
2022-09-09 10:25:00,2022-09-09 10:26:00,short,or_rev,or_rev_short,12502.9,12484.8125,12516.0,12443.75,trail,52.400000000001455,1.3807251908396285,False,True
2022-09-09 11:03:00,2022-09-09 11:05:00,short,ou_rev,ou_rev_short,12554.0,12537.5625,12567.0,12505.5,trail,52.0,1.2644230769230769,True,True
2022-09-12 10:03:00,2022-09-12 10:04:00,short,or_rev,or_rev_short,12729.4,12720.0625,12740.25,12667.0,trail,43.400000000001455,0.8605990783409514,True,True
2022-09-12 10:19:00,2022-09-12 10:20:00,long,kalman_mom,kalman_mom_long,12742.3,12752.1875,12731.25,12767.0,trail,44.19999999999709,0.8947963800906225,False,True
2022-09-12 14:04:00,2022-09-12 14:07:00,short,ou_rev,ou_rev_short,12723.8,12716.3125,12734.75,12704.5,trail,43.80000000000291,0.6837899543377877,False,True
2022-09-13 10:04:00,2022-09-13 10:05:00,long,vwap_rev,vwap_rev_long,12284.2,12297.9375,12274.0,12345.0,trail,40.80000000000291,1.3468137254900288,True,True
2022-09-13 10:10:00,2022-09-13 10:15:00,short,trend,trend_cont_short,12294.5,12309.8125,12309.75,12263.0,trail,61.0,-1.0040983606557377,False,True
2022-09-13 10:28:00,2022-09-13 10:29:00,short,trend,trend_cont_short,12278.7,12297.5625,12297.5,12240.5,stop,75.19999999999709,-1.0033244680851066,False,False
2022-09-13 10:39:00,2022-09-13 10:41:00,short,trend,trend_cont_short,12261.8,12244.3125,12278.0,12226.25,trail,64.80000000000291,1.079475308641882,False,True
2022-09-13 10:54:00,2022-09-13 10:58:00,long,ou_rev,ou_rev_long,12221.1,12232.4375,12206.5,12305.0,trail,58.400000000001455,0.7765410958903667,True,True
2022-09-13 11:03:00,2022-09-13 11:04:00,long,ou_rev,ou_rev_long,12231.0,12215.4375,12215.5,12298.0,stop,62.0,-1.0040322580645162,False,False
2022-09-13 11:31:00,2022-09-13 11:33:00,long,ou_lunch,ou_lunch_long,12190.7,12205.4375,12178.0,12277.0,trail,50.80000000000291,1.160433070866018,True,True
2022-09-13 11:38:00,2022-09-13 11:43:00,long,ou_lunch,ou_lunch_long,12206.6,12196.4375,12196.5,12272.75,stop,40.400000000001455,-1.0061881188118809,False,False
2022-09-13 12:10:00,2022-09-13 12:15:00,long,vwap_scalp,vwap_scalp_long,12221.7,12229.6875,12209.5,12240.75,trail,48.80000000000291,0.6547131147539996,True,True
2022-09-13 13:33:00,2022-09-13 13:33:00,long,pm_mom,pm_mom_long,12251.7,12240.1875,12240.25,12273.5,stop,45.80000000000291,-1.0054585152838424,False,False
2022-09-14 10:14:00,2022-09-14 10:16:00,short,or_rev,or_rev_short,12104.1,12104.1625,12117.75,12057.0,trail,54.599999999998545,-0.0045787545787547,True,True
2022-09-14 11:13:00,2022-09-14 11:13:00,short,vwap_rev,vwap_rev_short,12154.9,12166.0625,12166.0,12087.5,stop,44.400000000001455,-1.0056306306306304,False,False
2022-09-14 12:54:00,2022-09-14 12:58:00,short,ou_lunch,ou_lunch_short,12154.6,12140.5625,12165.0,12108.0,trail,41.599999999998545,1.3497596153846976,True,True
2022-09-14 13:34:00,2022-09-14 13:38:00,short,pm_mom,pm_mom_short,12131.1,12119.0625,12142.5,12107.75,trail,45.599999999998545,1.0559210526316445,True,True
2022-09-15 10:07:00,2022-09-15 10:08:00,short,or_rev,or_rev_short,12109.9,12122.5625,12122.5,12064.5,stop,50.400000000001455,-1.0049603174603172,False,False
2022-09-15 10:42:00,2022-09-15 10:42:00,short,kalman_mom,kalman_mom_short,12035.4,12046.0625,12046.0,12002.25,stop,42.400000000001455,-1.0058962264150941,False,False
2022-09-15 13:38:00,2022-09-15 13:39:00,short,pm_mom,pm_mom_short,12037.6,12023.5625,12048.5,12017.5,trail,43.599999999998545,1.287844036697324,True,True
2022-09-16 10:35:00,2022-09-16 10:35:00,short,vwap_rev,vwap_rev_short,11812.2,11822.5625,11822.5,11762.0,stop,41.19999999999709,-1.006067961165049,False,False
2022-09-16 13:52:00,2022-09-16 13:57:00,short,pm_mom,pm_mom_short,11738.9,11738.9625,11749.0,11719.0,trail,40.400000000001455,-0.0061881188118809655,True,True
2022-09-16 15:00:00,2022-09-16 15:02:00,short,ou_rev,ou_rev_short,11814.9,11829.5625,11829.5,11761.75,stop,58.400000000001455,-1.004280821917808,False,False
2022-09-19 09:55:00,2022-09-19 09:56:00,short,ema_rev,ema_rev_short,11849.2,11837.5625,11859.5,11819.5,trail,41.19999999999709,1.1298543689321894,True,True
2022-09-19 10:48:00,2022-09-19 10:51:00,short,ou_rev,ou_rev_short,11890.9,11872.8125,11903.5,11830.5,trail,50.400000000001455,1.4355158730158026,False,True
2022-09-20 10:55:00,2022-09-20 10:58:00,short,ou_rev,ou_rev_short,11881.9,11881.9625,11893.75,11848.75,trail,47.400000000001455,-0.005274261603375366,True,True
2022-09-20 11:12:00,2022-09-20 11:13:00,short,ou_rev,ou_rev_short,11899.6,11910.5625,11910.5,11854.25,stop,43.599999999998545,-1.0057339449541287,False,False
2022-09-20 11:15:00,2022-09-20 11:19:00,short,ou_rev,ou_rev_short,11899.9,11882.0625,11914.0,11855.25,trail,56.400000000001455,1.2650709219857572,True,True
2022-09-20 11:31:00,2022-09-20 11:35:00,short,ou_lunch,ou_lunch_short,11901.6,11892.0625,11914.5,11860.25,trail,51.599999999998545,0.7393410852713669,True,True
2022-09-20 13:31:00,2022-09-20 13:32:00,short,pm_mom,pm_mom_short,11811.1,11785.5625,11826.75,11782.5,trail,62.599999999998545,1.6317891373802529,True,True
2022-09-21 10:12:00,2022-09-21 10:14:00,short,or_rev,or_rev_short,11904.6,11904.6625,11915.25,11885.75,trail,42.599999999998545,-0.005868544600939167,True,True
2022-09-21 12:39:00,2022-09-21 12:44:00,short,vwap_rev,vwap_rev_short,11928.5,11922.3125,11939.0,11895.75,trail,42.0,0.5892857142857143,False,True
2022-09-21 12:49:00,2022-09-21 12:51:00,short,ou_lunch,ou_lunch_short,11924.3,11934.5625,11934.5,11897.0,stop,40.80000000000291,-1.0061274509803917,False,False
2022-09-21 12:55:00,2022-09-21 13:01:00,short,ou_lunch,ou_lunch_short,11918.5,11908.3125,11932.25,11897.75,trail,55.0,0.740909090909091,True,True
2022-09-21 14:14:00,2022-09-21 14:15:00,short,pm_mom,pm_mom_short,11768.2,11726.5625,11779.5,11744.25,trail,45.19999999999709,3.684734513274638,True,True
2022-09-22 14:08:00,2022-09-22 14:11:00,short,pm_mom,pm_mom_short,11506.9,11496.0625,11522.5,11476.0,trail,62.400000000001455,0.6947115384614989,False,True
2022-09-23 13:31:00,2022-09-23 13:35:00,short,pm_mom,pm_mom_short,11255.7,11267.5625,11267.5,11232.0,stop,47.19999999999709,-1.0052966101694918,False,False
2022-09-26 10:11:00,2022-09-26 10:12:00,short,ou_rev,ou_rev_short,11417.9,11394.5625,11434.25,11391.75,trail,65.40000000000146,1.4273700305809858,True,True
2022-09-26 10:19:00,2022-09-26 10:23:00,short,ou_rev,ou_rev_short,11464.9,11456.0625,11480.75,11398.0,trail,63.400000000001455,0.5575709779179453,False,True
2022-09-26 10:29:00,2022-09-26 10:31:00,short,ou_rev,ou_rev_short,11451.4,11440.5625,11466.5,11407.75,trail,60.400000000001455,0.7177152317880381,False,True
2022-09-27 10:11:00,2022-09-27 10:11:00,short,trend,trend_cont_short,11354.9,11373.0625,11373.0,11318.25,stop,72.40000000000146,-1.003453038674033,False,False
2022-09-27 10:17:00,2022-09-27 10:18:00,short,kalman_mom,kalman_mom_short,11379.3,11366.3125,11390.25,11351.25,trail,43.80000000000291,1.1860730593605853,True,True
2022-09-27 11:37:00,2022-09-27 11:40:00,short,trend,trend_cont_short,11327.6,11342.0625,11342.0,11298.5,stop,57.599999999998545,-1.004340277777778,False,False
2022-09-27 11:51:00,2022-09-27 11:51:00,short,trend,trend_cont_short,11321.1,11331.5625,11331.5,11299.25,stop,41.599999999998545,-1.0060096153846156,False,False
2022-09-27 13:41:00,2022-09-27 13:42:00,short,pm_mom,pm_mom_short,11203.3,11185.3125,11213.75,11180.75,trail,41.80000000000291,1.7212918660285186,True,True
2022-09-28 10:32:00,2022-09-28 10:33:00,short,ou_rev,ou_rev_short,11337.2,11337.2625,11350.75,11260.75,trail,54.19999999999709,-0.004612546125461503,True,True
2022-09-28 11:08:00,2022-09-28 11:09:00,short,vwap_scalp,vwap_scalp_short,11341.2,11341.2625,11352.25,11316.5,trail,44.19999999999709,-0.005656108597285441,True,True
2022-09-28 11:11:00,2022-09-28 11:12:00,short,ou_rev,ou_rev_short,11337.0,11353.3125,11353.25,11292.75,stop,65.0,-1.0038461538461538,False,False
2022-09-28 11:15:00,2022-09-28 11:16:00,short,ou_rev,ou_rev_short,11354.3,11344.3125,11366.5,11295.0,trail,48.80000000000291,0.8186475409834981,True,True
2022-09-28 11:33:00,2022-09-28 11:34:00,short,ou_lunch,ou_lunch_short,11361.4,11348.8125,11373.25,11305.75,trail,47.400000000001455,1.062236286919768,True,True
2022-09-28 11:43:00,2022-09-28 11:44:00,short,ou_lunch,ou_lunch_short,11355.3,11355.3625,11365.5,11309.25,trail,40.80000000000291,-0.00612745098039172,True,True
2022-09-28 12:41:00,2022-09-28 12:44:00,short,kalman_mom,kalman_mom_short,11396.0,11406.3125,11406.25,11365.25,stop,41.0,-1.0060975609756098,False,False
2022-09-28 13:46:00,2022-09-28 13:47:00,short,pm_mom,pm_mom_short,11426.2,11413.0625,11439.75,11397.0,trail,54.19999999999709,0.9695571955720614,True,True
2022-09-28 13:52:00,2022-09-28 13:59:00,short,trend,trend_cont_short,11402.9,11418.3125,11418.25,11371.5,stop,61.400000000001455,-1.004071661237785,False,False
2022-09-29 10:01:00,2022-09-29 10:02:00,short,trend,trend_cont_short,11191.8,11162.3125,11203.0,11164.0,trail,44.80000000000291,2.632812499999764,True,True
2022-09-30 10:42:00,2022-09-30 10:43:00,short,ou_rev,ou_rev_short,11236.0,11223.0625,11249.5,11173.0,trail,54.0,0.9583333333333334,True,True
2022-09-30 10:47:00,2022-09-30 10:48:00,short,ou_rev,ou_rev_short,11231.0,11205.5625,11243.0,11176.5,trail,48.0,2.1197916666666665,False,True
2022-10-03 10:05:00,2022-10-03 10:08:00,short,or_rev,or_rev_short,11106.4,11121.0625,11121.0,11027.25,trail,58.400000000001455,-1.004280821917808,False,True
2022-10-03 10:44:00,2022-10-03 10:44:00,short,vwap_scalp,vwap_scalp_short,11141.1,11152.0625,11152.0,11112.5,stop,43.599999999998545,-1.0057339449541287,False,False
2022-10-03 11:57:00,2022-10-03 11:58:00,short,kalman_mom,kalman_mom_short,11116.9,11101.5625,11128.0,11089.5,trail,44.400000000001455,1.3817567567566786,True,True
2022-10-04 10:07:00,2022-10-04 10:09:00,short,or_rev,or_rev_short,11578.5,11566.0625,11592.5,11479.75,trail,56.0,0.8883928571428571,False,True
2022-10-04 11:44:00,2022-10-04 12:03:00,short,trend,trend_cont_short,11568.0,11586.8125,11586.75,11529.0,stop,75.0,-1.0033333333333334,False,False
2022-10-04 14:31:00,2022-10-04 14:31:00,short,pm_mom,pm_mom_short,11521.2,11536.3125,11536.25,11490.0,stop,60.19999999999709,-1.004152823920266,False,False
2022-10-05 12:21:00,2022-10-05 12:22:00,short,vwap_rev,vwap_rev_short,11464.4,11453.5625,11475.0,11376.25,trail,42.400000000001455,1.022405660377289,True,True
2022-10-05 12:35:00,2022-10-05 12:39:00,short,vwap_scalp,vwap_scalp_short,11445.1,11435.5625,11456.5,11413.0,trail,45.599999999998545,0.8366228070176025,True,True
2022-10-05 12:55:00,2022-10-05 13:00:00,short,vwap_rev,vwap_rev_short,11491.9,11476.0625,11502.5,11388.25,trail,42.400000000001455,1.4941037735848202,True,True
2022-10-06 10:16:00,2022-10-06 10:16:00,short,kalman_mom,kalman_mom_short,11486.3,11497.0625,11497.0,11459.0,stop,42.80000000000291,-1.0058411214953267,False,False
2022-10-06 10:22:00,2022-10-06 10:23:00,short,trend,trend_cont_short,11488.3,11488.3625,11504.5,11454.25,trail,64.80000000000291,-0.0038580246913578514,True,True
2022-10-06 10:25:00,2022-10-06 10:26:00,short,trend,trend_cont_short,11487.1,11503.3125,11503.25,11454.0,stop,64.59999999999854,-1.0038699690402477,False,False
2022-10-06 11:02:00,2022-10-06 11:04:00,short,ema_rev,ema_rev_short,11578.4,11549.0625,11590.25,11546.5,trail,47.400000000001455,2.475738396624366,True,True
2022-10-07 10:38:00,2022-10-07 10:40:00,short,kalman_mom,kalman_mom_short,11164.8,11153.8125,11175.75,11136.0,trail,43.80000000000291,1.0034246575341135,True,True
2022-10-07 13:32:00,2022-10-07 13:33:00,short,pm_mom,pm_mom_short,11067.3,11077.8125,11077.75,11046.25,stop,41.80000000000291,-1.0059808612440186,False,False
2022-10-10 10:48:00,2022-10-10 10:49:00,short,kalman_mom,kalman_mom_short,10910.5,10910.5625,10922.0,10881.0,trail,46.0,-0.005434782608695652,True,True
2022-10-10 13:38:00,2022-10-10 13:39:00,short,ema_rev,ema_rev_short,10906.0,10906.0625,10918.25,10884.25,trail,49.0,-0.00510204081632653,True,True
2022-10-10 14:16:00,2022-10-10 14:17:00,short,pm_mom,pm_mom_short,10940.2,10930.0625,10953.25,10913.0,trail,52.19999999999709,0.7768199233717465,True,True
2022-10-11 11:20:00,2022-10-11 11:21:00,short,vwap_scalp,vwap_scalp_short,10849.3,10849.3625,10860.5,10827.25,trail,44.80000000000291,-0.00558035714285678,True,True
2022-10-11 11:31:00,2022-10-11 11:31:00,short,vwap_scalp,vwap_scalp_short,10855.0,10866.0625,10866.0,10831.25,stop,44.0,-1.0056818181818181,False,False
2022-10-11 11:47:00,2022-10-11 11:47:00,short,or_rev,or_rev_short,10908.3,10921.3125,10921.25,10846.25,stop,51.80000000000291,-1.0048262548262545,False,False
2022-10-11 11:51:00,2022-10-11 11:55:00,short,ema_rev,ema_rev_short,10927.8,10908.8125,10941.0,10896.5,trail,52.80000000000291,1.4384469696968354,True,True
2022-10-11 13:06:00,2022-10-11 13:08:00,short,kalman_mom,kalman_mom_short,10939.0,10939.0625,10950.75,10910.75,trail,47.0,-0.005319148936170213,True,True
2022-10-11 13:40:00,2022-10-11 13:41:00,short,trend,trend_cont_short,10901.2,10913.0625,10913.0,10877.0,stop,47.19999999999709,-1.0052966101694918,False,False
2022-10-12 13:32:00,2022-10-12 13:33:00,short,pm_mom,pm_mom_short,10811.2,10796.3125,10822.75,10788.5,trail,46.19999999999709,1.2889610389611832,True,True
2022-10-13 10:05:00,2022-10-13 10:05:00,short,or_rev,or_rev_short,10555.3,10569.3125,10569.25,10466.0,stop,55.80000000000291,-1.004480286738351,False,False
2022-10-13 10:18:00,2022-10-13 10:20:00,short,ema_rev,ema_rev_short,10626.3,10588.5625,10641.25,10592.25,trail,59.80000000000291,2.5242474916386244,True,True
2022-10-13 10:48:00,2022-10-13 10:48:00,short,ou_rev,ou_rev_short,10611.7,10630.3125,10630.25,10552.75,stop,74.19999999999709,-1.003369272237197,False,False
2022-10-13 11:21:00,2022-10-13 11:21:00,short,vwap_rev,vwap_rev_short,10820.1,10831.5625,10831.5,10585.25,stop,45.599999999998545,-1.005482456140351,False,False
2022-10-13 13:47:00,2022-10-13 13:51:00,short,pm_mom,pm_mom_short,10998.7,11016.0625,11016.0,10962.5,stop,69.19999999999709,-1.003612716763006,False,False
2022-10-14 14:08:00,2022-10-14 14:14:00,short,pm_mom,pm_mom_short,10767.0,10750.3125,10786.5,10729.0,trail,78.0,0.8557692307692307,False,True
2022-10-17 10:17:00,2022-10-17 10:18:00,short,or_rev,or_rev_short,11072.4,11056.5625,11084.75,11006.5,trail,49.400000000001455,1.2823886639675441,True,True
2022-10-17 11:44:00,2022-10-17 11:53:00,short,ema_rev,ema_rev_short,11055.7,11069.8125,11069.75,11034.5,trail,56.19999999999709,-1.0044483985765127,False,True
2022-10-17 12:19:00,2022-10-17 12:21:00,short,kalman_mom,kalman_mom_short,11044.1,11033.0625,11055.5,11015.75,trail,45.599999999998545,0.9682017543860277,True,True
2022-10-17 14:04:00,2022-10-17 14:07:00,short,ou_rev,ou_rev_short,11074.6,11060.8125,11092.5,11040.5,trail,71.59999999999854,0.7702513966480806,True,True
2022-10-18 13:03:00,2022-10-18 13:03:00,short,kalman_mom,kalman_mom_short,11129.5,11141.3125,11141.25,11097.5,stop,47.0,-1.0053191489361701,False,False
2022-10-18 14:05:00,2022-10-18 14:06:00,short,pm_mom,pm_mom_short,11171.5,11159.3125,11185.0,11144.25,trail,54.0,0.9027777777777778,False,True
2022-10-18 14:52:00,2022-10-18 14:53:00,short,trend,trend_cont_short,11048.0,11067.8125,11067.75,11008.0,stop,79.0,-1.0031645569620253,False,False
2022-10-19 10:31:00,2022-10-19 10:31:00,short,vwap_rev,vwap_rev_short,11222.1,11232.5625,11232.5,11128.0,stop,41.599999999998545,-1.0060096153846156,False,False
2022-10-19 13:38:00,2022-10-19 13:40:00,short,pm_mom,pm_mom_short,11035.9,11025.0625,11047.0,11012.5,trail,44.400000000001455,0.9763513513512866,True,True
2022-10-20 10:01:00,2022-10-20 10:01:00,short,or_rev,or_rev_short,11156.0,11169.5625,11169.5,11079.5,stop,54.0,-1.0046296296296295,False,False
2022-10-20 10:14:00,2022-10-20 10:15:00,short,pd_rev,pd_pdh_short,11230.5,11210.0625,11244.75,11143.5,trail,57.0,1.4342105263157894,True,True
2022-10-20 11:28:00,2022-10-20 11:28:00,short,vwap_scalp,vwap_scalp_short,11238.3,11221.75,11250.0,11221.75,target,46.80000000000291,1.4145299145297643,False,False
2022-10-20 13:32:00,2022-10-20 13:42:00,short,pm_mom,pm_mom_short,11087.4,11072.0625,11104.25,11053.75,trail,67.40000000000146,0.9102373887239944,True,True
2022-10-21 09:56:00,2022-10-21 09:57:00,short,ou_rev,ou_rev_short,11087.5,11064.3125,11101.25,11021.5,trail,55.0,1.6863636363636363,True,True
2022-10-21 10:03:00,2022-10-21 10:04:00,short,ou_rev,ou_rev_short,11115.0,11098.0625,11128.5,11037.0,trail,54.0,1.2546296296296295,True,True
2022-10-24 10:19:00,2022-10-24 10:20:00,long,vwap_scalp,vwap_scalp_long,11199.6,11220.1875,11188.5,11241.25,trail,44.400000000001455,1.8547297297296361,True,True
2022-10-24 10:26:00,2022-10-24 10:27:00,long,ema_rev,ema_rev_long,11177.0,11176.9375,11162.25,11212.25,trail,59.0,-0.00423728813559322,True,True
2022-10-24 11:59:00,2022-10-24 12:00:00,long,kalman_mom,kalman_mom_long,11368.0,11374.9375,11357.5,11393.5,trail,42.0,0.6607142857142857,False,True
2022-10-25 10:18:00,2022-10-25 10:19:00,short,or_rev,or_rev_short,11602.6,11584.5625,11614.5,11495.25,trail,47.599999999998545,1.5157563025210854,False,True
2022-10-25 12:07:00,2022-10-25 12:08:00,short,ou_lunch,ou_lunch_short,11626.5,11637.0625,11637.0,11591.0,stop,42.0,-1.005952380952381,False,False
2022-10-25 13:32:00,2022-10-25 13:33:00,long,pm_mom,pm_mom_long,11610.7,11610.6375,11596.75,11637.5,trail,55.80000000000291,-0.004480286738351021,True,True
2022-10-25 15:00:00,2022-10-25 15:06:00,short,ou_rev,ou_rev_short,11627.7,11639.3125,11639.25,11603.75,stop,46.19999999999709,-1.0054112554112558,False,False
2022-10-26 10:05:00,2022-10-26 10:06:00,short,or_rev,or_rev_short,11481.7,11459.3125,11494.5,11426.25,trail,51.19999999999709,1.7490234375001563,True,True
2022-10-26 10:16:00,2022-10-26 10:17:00,short,ou_rev,ou_rev_short,11503.4,11483.3125,11518.75,11459.5,trail,61.400000000001455,1.3086319218240494,True,True
2022-10-27 10:04:00,2022-10-27 10:05:00,long,or_rev,or_rev_long,11242.9,11267.9375,11228.5,11369.0,trail,57.599999999998545,1.738715277777847,True,True
2022-10-27 10:34:00,2022-10-27 10:34:00,long,sweep,sweep_pdl_long,11394.1,11382.6875,11382.75,11423.5,stop,45.400000000001455,-1.0055066079295152,False,False
2022-10-27 12:35:00,2022-10-27 12:42:00,long,ou_lunch,ou_lunch_long,11236.9,11245.9375,11224.5,11301.0,trail,49.599999999998545,0.728830645161341,True,True
2022-10-27 13:41:00,2022-10-27 13:42:00,short,pm_mom,pm_mom_short,11230.4,11247.0625,11247.0,11198.5,stop,66.40000000000146,-1.0037650602409638,False,False
2022-10-27 14:14:00,2022-10-27 14:20:00,long,ema_rev,ema_rev_long,11198.4,11205.9375,11187.5,11217.25,trail,43.599999999998545,0.6915137614679464,True,True
2022-10-28 10:50:00,2022-10-28 10:53:00,short,pd_rev,pd_pdh_short,11416.1,11403.5625,11428.5,11296.75,trail,49.599999999998545,1.0110887096774783,True,True
2022-10-28 14:04:00,2022-10-28 14:08:00,short,pm_mom,pm_mom_short,11483.4,11483.4625,11493.75,11463.5,trail,41.400000000001455,-0.0060386473429949565,True,True
2022-10-31 09:58:00,2022-10-31 10:02:00,long,ou_rev,ou_rev_long,11388.7,11410.1875,11370.0,11419.0,trail,74.80000000000291,1.149064171122911,True,True
2022-10-31 10:04:00,2022-10-31 10:05:00,long,or_rev,or_rev_long,11405.2,11391.4375,11391.5,11445.0,stop,54.80000000000291,-1.0045620437956202,False,False
2022-10-31 10:11:00,2022-10-31 10:13:00,long,ou_rev,ou_rev_long,11370.2,11384.1875,11359.25,11409.75,trail,43.80000000000291,1.2773972602738213,True,True
2022-10-31 10:17:00,2022-10-31 10:17:00,long,vwap_scalp,vwap_scalp_long,11377.3,11391.5,11366.75,11391.5,target,42.19999999999709,1.3459715639812044,False,False
2022-11-01 09:55:00,2022-11-01 09:56:00,short,pd_rev,pd_pdh_short,11474.7,11474.7625,11489.25,11445.0,trail,58.19999999999709,-0.0042955326460483246,True,True
2022-11-01 10:25:00,2022-11-01 10:25:00,long,or_rev,or_rev_long,11386.6,11375.9375,11376.0,11552.25,stop,42.400000000001455,-1.0058962264150941,False,False
2022-11-01 10:28:00,2022-11-01 10:29:00,short,kalman_mom,kalman_mom_short,11369.5,11369.5625,11381.25,11343.25,trail,47.0,-0.005319148936170213,True,True
2022-11-01 13:15:00,2022-11-01 13:16:00,long,ou_lunch,ou_lunch_long,11331.5,11320.1875,11320.25,11363.75,stop,45.0,-1.0055555555555555,False,False
2022-11-01 13:37:00,2022-11-01 13:40:00,short,pm_mom,pm_mom_short,11291.0,11283.5625,11302.75,11267.5,trail,47.0,0.6329787234042553,False,True
2022-11-01 14:01:00,2022-11-01 14:11:00,long,ou_rev,ou_rev_long,11311.2,11320.6875,11299.5,11356.25,trail,46.80000000000291,0.8108974358973233,True,True
2022-11-01 14:24:00,2022-11-01 14:26:00,long,ou_rev,ou_rev_long,11315.0,11304.4375,11304.5,11353.5,stop,42.0,-1.005952380952381,False,False
2022-11-01 14:31:00,2022-11-01 14:34:00,long,ou_rev,ou_rev_long,11318.0,11304.4375,11304.5,11352.75,stop,54.0,-1.0046296296296295,False,False
2022-11-03 11:00:00,2022-11-03 11:02:00,short,ou_rev,ou_rev_short,10823.9,10815.0625,10840.25,10762.0,trail,65.40000000000146,0.5405198776758067,False,True
2022-11-03 11:05:00,2022-11-03 11:06:00,short,ou_rev,ou_rev_short,10832.9,10812.3125,10850.75,10765.25,trail,71.40000000000146,1.1533613445377713,True,True
2022-11-03 12:41:00,2022-11-03 12:42:00,short,kalman_mom,kalman_mom_short,10760.4,10770.8125,10770.75,10733.0,stop,41.400000000001455,-1.006038647342995,False,False
2022-11-03 13:47:00,2022-11-03 13:48:00,short,trend,trend_cont_short,10750.7,10762.5625,10762.5,10725.75,stop,47.19999999999709,-1.0052966101694918,False,False
2022-11-04 10:57:00,2022-11-04 10:57:00,short,pd_rev,pd_pdh_short,10844.8,10856.0625,10856.0,10822.25,stop,44.80000000000291,-1.0055803571428568,False,False
2022-11-07 15:00:00,2022-11-07 15:02:00,short,pm_mom,pm_mom_short,10956.6,10970.8125,10970.75,10927.25,stop,56.599999999998545,-1.004416961130742,False,False
2022-11-08 10:21:00,2022-11-08 10:22:00,short,or_rev,or_rev_short,11050.2,11062.0625,11062.0,11011.5,stop,47.19999999999709,-1.0052966101694918,False,False
2022-11-08 11:45:00,2022-11-08 11:47:00,short,vwap_scalp,vwap_scalp_short,11170.6,11156.0625,11182.5,11119.0,trail,47.599999999998545,1.2216386554622527,True,True
2022-11-08 13:39:00,2022-11-08 13:40:00,short,trend,trend_cont_short,11067.7,11067.7625,11079.5,11033.75,trail,47.19999999999709,-0.005296610169491852,True,True
2022-11-08 13:50:00,2022-11-08 13:51:00,short,trend,trend_cont_short,11070.4,11070.4625,11081.75,11033.75,trail,45.400000000001455,-0.005506607929515242,True,True
2022-11-08 13:54:00,2022-11-08 13:56:00,short,trend,trend_cont_short,11052.9,11038.3125,11069.75,11017.75,trail,67.40000000000146,0.8657270029673187,True,True
2022-11-08 14:10:00,2022-11-08 14:11:00,short,sweep,sweep_pdh_short,10990.8,10971.5625,11008.5,10901.75,trail,70.80000000000291,1.0868644067795752,True,True
2022-11-09 10:20:00,2022-11-09 10:21:00,short,or_rev,or_rev_short,10983.3,10998.0625,10998.0,10956.0,stop,58.80000000000291,-1.0042517006802718,False,False
2022-11-09 12:28:00,2022-11-09 12:30:00,short,kalman_mom,kalman_mom_short,10914.0,10925.3125,10925.25,10886.75,stop,45.0,-1.0055555555555555,False,False
2022-11-09 13:33:00,2022-11-09 13:34:00,short,pm_mom,pm_mom_short,10855.3,10845.3125,10866.0,10832.5,trail,42.80000000000291,0.9334112149531396,True,True
2022-11-10 10:11:00,2022-11-10 10:11:00,short,or_rev,or_rev_short,11410.1,11420.5625,11420.5,11298.5,stop,41.599999999998545,-1.0060096153846156,False,False
2022-11-10 10:39:00,2022-11-10 10:39:00,short,kalman_mom,kalman_mom_short,11344.1,11355.8125,11355.75,11313.0,stop,46.599999999998545,-1.005364806866953,False,False
2022-11-10 11:25:00,2022-11-10 11:27:00,short,vwap_scalp,vwap_scalp_short,11419.1,11419.1625,11429.5,11397.0,trail,41.599999999998545,-0.006009615384615595,True,True
2022-11-10 12:14:00,2022-11-10 12:16:00,short,ou_lunch,ou_lunch_short,11439.9,11439.9625,11450.0,11392.0,trail,40.400000000001455,-0.0061881188118809655,True,True
2022-11-10 13:35:00,2022-11-10 13:36:00,short,pm_mom,pm_mom_short,11425.6,11436.5625,11436.5,11402.5,stop,43.599999999998545,-1.0057339449541287,False,False
2022-11-10 13:41:00,2022-11-10 13:42:00,short,ou_rev,ou_rev_short,11430.5,11430.5625,11440.5,11402.25,trail,40.0,-0.00625,True,True
2022-11-10 14:45:00,2022-11-10 14:53:00,short,ou_rev,ou_rev_short,11462.0,11477.5625,11477.5,11412.75,stop,62.0,-1.0040322580645162,False,False
2022-11-11 10:35:00,2022-11-11 10:36:00,long,kalman_mom,kalman_mom_long,11705.9,11694.9375,11695.0,11733.0,trail,43.599999999998545,-1.0057339449541287,False,True
2022-11-11 13:33:00,2022-11-11 13:34:00,long,pm_mom,pm_mom_long,11801.9,11809.9375,11791.5,11822.0,trail,41.599999999998545,0.7728365384616005,True,True
2022-11-14 10:00:00,2022-11-14 10:01:00,long,open_drive,open_drive_long,11707.9,11741.1875,11697.75,11731.5,trail,40.599999999998545,3.279556650246459,True,True
2022-11-15 10:29:00,2022-11-15 10:30:00,long,kalman_mom,kalman_mom_long,12008.3,12008.2375,11997.25,12035.75,trail,44.19999999999709,-0.005656108597285441,True,True
2022-11-15 10:54:00,2022-11-15 10:55:00,long,vwap_rev,vwap_rev_long,11940.8,11959.9375,11928.75,11984.0,trail,48.19999999999709,1.5881742738590774,True,True
2022-11-15 12:58:00,2022-11-15 13:01:00,long,ou_lunch,ou_lunch_long,11947.3,11955.6875,11935.75,11975.5,trail,46.19999999999709,0.726190476190585,True,True
2022-11-16 10:13:00,2022-11-16 10:14:00,long,pd_rev,pd_pdl_long,11735.4,11750.9375,11721.0,11760.5,trail,57.599999999998545,1.078993055555608,False,True
2022-11-16 10:36:00,2022-11-16 10:37:00,long,sweep,sweep_pdl_long,11738.9,11720.9375,11721.0,11786.5,stop,71.59999999999854,-1.0034916201117319,False,False
2022-11-16 11:02:00,2022-11-16 11:13:00,long,ou_rev,ou_rev_long,11689.5,11689.4375,11672.0,11728.25,trail,70.0,-0.0035714285714285713,True,True
2022-11-17 13:37:00,2022-11-17 13:38:00,long,pm_mom,pm_mom_long,11728.3,11736.4375,11718.25,11749.0,trail,40.19999999999709,0.8097014925374445,True,True
2022-11-17 14:10:00,2022-11-17 14:12:00,short,trend,trend_cont_short,11688.8,11669.3125,11707.75,11650.75,trail,75.80000000000291,1.0283641160949089,True,True
2022-11-17 14:47:00,2022-11-17 14:49:00,short,trend,trend_cont_short,11636.5,11651.0625,11651.0,11604.5,stop,58.0,-1.0043103448275863,False,False
2022-11-18 11:01:00,2022-11-18 11:03:00,long,ou_rev,ou_rev_long,11640.2,11623.6875,11623.75,11693.5,stop,65.80000000000291,-1.0037993920972643,False,False
2022-11-18 11:07:00,2022-11-18 11:13:00,long,ou_rev,ou_rev_long,11631.8,11642.6875,11616.25,11689.75,trail,62.19999999999709,0.7001607717042596,True,True
2022-11-18 11:15:00,2022-11-18 11:16:00,long,ou_rev,ou_rev_long,11643.3,11655.9375,11632.0,11686.25,trail,45.19999999999709,1.1183628318585435,True,True
2022-11-18 12:19:00,2022-11-18 12:20:00,long,vwap_rev,vwap_rev_long,11599.8,11587.4375,11587.5,11674.0,stop,49.19999999999709,-1.0050813008130084,False,False
2022-11-18 12:41:00,2022-11-18 12:44:00,long,kalman_mom,kalman_mom_long,11616.8,11606.4375,11606.5,11642.5,stop,41.19999999999709,-1.006067961165049,False,False
2022-11-18 14:03:00,2022-11-18 14:05:00,long,pm_mom,pm_mom_long,11623.7,11631.4375,11611.25,11646.25,trail,49.80000000000291,0.6214859437750057,False,True
2022-11-21 10:57:00,2022-11-21 10:58:00,long,ou_rev,ou_rev_long,11562.2,11562.1375,11549.25,11603.5,trail,51.80000000000291,-0.004826254826254555,True,True
2022-11-21 11:02:00,2022-11-21 11:04:00,long,ou_rev,ou_rev_long,11570.7,11558.4375,11558.5,11601.5,stop,48.80000000000291,-1.0051229508196717,False,False
2022-11-21 11:08:00,2022-11-21 11:09:00,long,ou_rev,ou_rev_long,11571.7,11579.4375,11561.5,11599.5,trail,40.80000000000291,0.7585784313724235,True,True
2022-11-21 12:13:00,2022-11-21 12:15:00,long,ou_lunch,ou_lunch_long,11556.9,11545.6875,11545.75,11588.25,stop,44.599999999998545,-1.0056053811659196,False,False
2022-11-21 12:32:00,2022-11-21 12:36:00,long,ou_lunch,ou_lunch_long,11540.4,11551.9375,11527.0,11584.0,trail,53.599999999998545,0.8610074626866177,True,True
2022-11-21 13:38:00,2022-11-21 13:42:00,long,pm_mom,pm_mom_long,11592.7,11592.6375,11574.75,11630.25,trail,71.80000000000291,-0.0034818941504176863,True,True
2022-11-22 10:03:00,2022-11-22 10:04:00,long,open_drive,open_drive_long,11537.0,11536.9375,11525.5,11564.0,trail,46.0,-0.005434782608695652,True,True
2022-11-22 10:30:00,2022-11-22 10:31:00,long,trend,trend_cont_long,11582.1,11570.9375,11571.0,11606.0,stop,44.400000000001455,-1.0056306306306304,False,False
2022-11-22 11:12:00,2022-11-22 11:15:00,long,trend,trend_cont_long,11622.1,11611.4375,11611.5,11644.0,stop,42.400000000001455,-1.0058962264150941,False,False
2022-11-22 11:27:00,2022-11-22 11:28:00,long,kalman_mom,kalman_mom_long,11625.1,11613.9375,11614.0,11652.5,stop,44.400000000001455,-1.0056306306306304,False,False
2022-11-23 10:15:00,2022-11-23 10:17:00,long,trend,trend_cont_long,11829.2,11814.1875,11814.25,11860.0,stop,59.80000000000291,-1.0041806020066888,False,False
2022-11-28 09:53:00,2022-11-28 09:55:00,long,pd_rev,pd_pdl_long,11744.2,11730.6875,11730.75,11770.5,stop,53.80000000000291,-1.0046468401486985,False,False
2022-11-28 10:29:00,2022-11-28 10:31:00,long,vwap_rev,vwap_rev_long,11669.5,11679.9375,11658.5,11724.5,trail,44.0,0.9488636363636364,True,True
2022-11-28 12:16:00,2022-11-28 12:17:00,long,ou_lunch,ou_lunch_long,11655.0,11675.1875,11644.5,11694.25,trail,42.0,1.9226190476190477,True,True
2022-11-28 13:04:00,2022-11-28 13:13:00,long,ou_lunch,ou_lunch_long,11653.2,11641.4375,11641.5,11690.25,stop,46.80000000000291,-1.00534188034188,False,False
2022-11-29 11:12:00,2022-11-29 11:13:00,long,or_rev,or_rev_long,11498.1,11484.4375,11484.5,11585.75,stop,54.400000000001455,-1.004595588235294,False,False
2022-11-29 11:15:00,2022-11-29 11:17:00,long,vwap_rev,vwap_rev_long,11489.8,11477.4375,11477.5,11570.0,stop,49.19999999999709,-1.0050813008130084,False,False
2022-11-29 11:30:00,2022-11-29 11:34:00,short,trend,trend_cont_short,11460.6,11471.8125,11471.75,11437.25,stop,44.599999999998545,-1.0056053811659196,False,False
2022-11-29 12:40:00,2022-11-29 12:48:00,long,kalman_mom,kalman_mom_long,11525.1,11513.6875,11513.75,11553.75,stop,45.400000000001455,-1.0055066079295152,False,False
2022-11-29 13:56:00,2022-11-29 13:57:00,long,pm_mom,pm_mom_long,11488.2,11495.4375,11477.75,11509.25,trail,41.80000000000291,0.6925837320572984,True,True
2022-11-30 14:03:00,2022-11-30 14:03:00,short,vwap_rev,vwap_rev_short,11755.8,11768.3125,11768.25,11546.25,stop,49.80000000000291,-1.0050200803212848,False,False
2022-11-30 14:45:00,2022-11-30 14:46:00,short,pm_mom,pm_mom_short,11852.7,11852.7625,11864.25,11828.25,trail,46.19999999999709,-0.005411255411255752,True,True
2022-12-01 10:16:00,2022-12-01 10:17:00,long,or_rev,or_rev_long,11981.7,11981.6375,11968.75,12041.0,trail,51.80000000000291,-0.004826254826254555,True,True
2022-12-01 10:23:00,2022-12-01 10:25:00,long,vwap_rev,vwap_rev_long,11951.7,11951.6375,11939.5,12049.0,trail,48.80000000000291,-0.0051229508196718255,True,True
2022-12-01 10:30:00,2022-12-01 10:31:00,short,trend,trend_cont_short,11955.2,11923.8125,11973.0,11917.5,trail,71.19999999999709,1.7633426966293264,True,True
2022-12-01 10:52:00,2022-12-01 10:53:00,long,kalman_mom,kalman_mom_long,12008.2,12023.9375,11996.0,12039.0,trail,48.80000000000291,1.2899590163933061,True,True
2022-12-02 11:42:00,2022-12-02 11:43:00,long,pd_rev,pd_pdl_long,11926.5,11946.1875,11912.25,11955.0,trail,57.0,1.381578947368421,True,True
2022-12-02 14:48:00,2022-12-02 14:51:00,long,pm_mom,pm_mom_long,11930.1,11941.1875,11918.75,11952.5,trail,45.400000000001455,0.9768722466959718,False,True
2022-12-05 10:25:00,2022-12-05 10:27:00,long,vwap_scalp,vwap_scalp_long,11870.8,11888.9375,11859.75,11890.25,trail,44.19999999999709,1.6414027149323007,False,True
2022-12-05 12:47:00,2022-12-05 12:53:00,long,pd_rev,pd_pdl_long,11822.9,11811.1875,11811.25,11881.0,stop,46.599999999998545,-1.005364806866953,False,False
2022-12-05 14:05:00,2022-12-05 14:12:00,long,vwap_rev,vwap_rev_long,11769.1,11782.9375,11757.0,11862.25,trail,48.400000000001455,1.1435950413222495,False,True
2022-12-05 14:58:00,2022-12-05 15:07:00,long,pm_mom,pm_mom_long,11757.8,11742.9375,11743.0,11787.25,stop,59.19999999999709,-1.0042229729729732,False,False
2022-12-06 10:03:00,2022-12-06 10:03:00,long,or_rev,or_rev_long,11651.6,11641.1875,11641.25,11756.25,stop,41.400000000001455,-1.006038647342995,False,False
2022-12-06 10:14:00,2022-12-06 10:16:00,short,trend,trend_cont_short,11610.0,11621.5625,11621.5,11586.0,stop,46.0,-1.0054347826086956,False,False
2022-12-06 11:06:00,2022-12-06 11:06:00,short,trend,trend_cont_short,11590.9,11602.3125,11602.25,11567.75,stop,45.400000000001455,-1.0055066079295152,False,False
2022-12-06 11:29:00,2022-12-06 11:32:00,long,kalman_mom,kalman_mom_long,11619.0,11629.6875,11608.25,11646.0,trail,43.0,0.9941860465116279,False,True
2022-12-06 12:22:00,2022-12-06 12:23:00,long,ou_lunch,ou_lunch_long,11572.7,11572.6375,11559.5,11632.75,trail,52.80000000000291,-0.004734848484848224,True,True
2022-12-06 12:46:00,2022-12-06 12:54:00,long,ou_lunch,ou_lunch_long,11584.9,11574.4375,11574.5,11627.5,stop,41.599999999998545,-1.0060096153846156,False,False
2022-12-06 13:37:00,2022-12-06 13:38:00,long,ou_rev,ou_rev_long,11543.8,11550.1875,11532.25,11615.5,trail,46.19999999999709,0.5530303030304009,False,True
2022-12-06 13:44:00,2022-12-06 13:48:00,long,ou_rev,ou_rev_long,11561.8,11568.6875,11550.5,11613.75,trail,45.19999999999709,0.6095132743363868,False,True
2022-12-06 13:50:00,2022-12-06 13:55:00,long,ou_rev,ou_rev_long,11571.8,11559.6875,11559.75,11612.75,stop,48.19999999999709,-1.0051867219917014,False,False
2022-12-06 14:14:00,2022-12-06 14:20:00,long,ou_rev,ou_rev_long,11534.8,11534.7375,11523.75,11607.75,trail,44.19999999999709,-0.005656108597285441,True,True
2022-12-07 11:30:00,2022-12-07 11:31:00,short,kalman_mom,kalman_mom_short,11458.6,11445.3125,11469.0,11434.0,trail,41.599999999998545,1.2776442307693106,True,True
2022-12-07 11:36:00,2022-12-07 11:37:00,short,trend,trend_cont_short,11455.3,11466.0625,11466.0,11432.25,stop,42.80000000000291,-1.0058411214953267,False,False
2022-12-07 13:39:00,2022-12-07 13:42:00,short,pm_mom,pm_mom_short,11510.6,11521.5625,11521.5,11487.75,stop,43.599999999998545,-1.0057339449541287,False,False
2022-12-08 10:13:00,2022-12-08 10:14:00,short,or_rev,or_rev_short,11613.4,11626.5625,11626.5,11521.0,stop,52.400000000001455,-1.004770992366412,False,False
2022-12-08 11:11:00,2022-12-08 11:11:00,short,kalman_mom,kalman_mom_short,11593.8,11605.8125,11605.75,11564.5,stop,47.80000000000291,-1.0052301255230123,False,False
2022-12-08 14:03:00,2022-12-08 14:06:00,short,pm_mom,pm_mom_short,11614.5,11583.0625,11632.75,11576.5,trail,73.0,1.7226027397260273,True,True
2022-12-09 10:39:00,2022-12-09 10:45:00,short,or_rev,or_rev_short,11647.4,11634.3125,11660.75,11578.75,trail,53.400000000001455,0.9803370786516314,True,True
2022-12-09 11:02:00,2022-12-09 11:04:00,short,ou_rev,ou_rev_short,11690.1,11701.5625,11701.5,11621.25,stop,45.599999999998545,-1.005482456140351,False,False
2022-12-09 11:28:00,2022-12-09 11:29:00,short,ou_rev,ou_rev_short,11676.0,11676.0625,11686.0,11632.5,trail,40.0,-0.00625,True,True
2022-12-09 11:39:00,2022-12-09 11:42:00,short,ou_lunch,ou_lunch_short,11687.2,11656.8125,11699.0,11636.25,trail,47.19999999999709,2.575211864407,True,True
2022-12-12 13:56:00,2022-12-12 14:04:00,short,ou_rev,ou_rev_short,11592.5,11578.3125,11603.25,11573.75,trail,43.0,1.319767441860465,True,True
2022-12-13 10:26:00,2022-12-13 10:26:00,long,or_rev,or_rev_long,12009.7,11996.9375,11997.0,12114.0,stop,50.80000000000291,-1.0049212598425195,False,False
2022-12-13 12:14:00,2022-12-13 12:15:00,long,vwap_rev,vwap_rev_long,11799.3,11822.1875,11787.0,11999.5,trail,49.19999999999709,1.8607723577237465,True,True
2022-12-13 14:24:00,2022-12-13 14:25:00,long,ou_rev,ou_rev_long,11801.6,11814.6875,11790.0,11909.75,trail,46.400000000001455,1.1282327586206229,False,True
2022-12-13 14:27:00,2022-12-13 14:33:00,long,ou_rev,ou_rev_long,11817.7,11828.9375,11802.75,11908.75,trail,59.80000000000291,0.7516722408025903,False,True
2022-12-14 13:33:00,2022-12-14 13:35:00,long,pm_mom,pm_mom_long,11902.4,11909.9375,11891.5,11922.5,trail,43.599999999998545,0.6915137614679464,True,True
2022-12-14 13:46:00,2022-12-14 13:50:00,long,kalman_mom,kalman_mom_long,11939.1,11927.9375,11928.0,11967.0,stop,44.400000000001455,-1.0056306306306304,False,False
2022-12-14 14:23:00,2022-12-14 14:23:00,long,vwap_rev,vwap_rev_long,11755.5,11743.9375,11744.0,11882.5,stop,46.0,-1.0054347826086956,False,False
2022-12-15 10:01:00,2022-12-15 10:01:00,long,ou_rev,ou_rev_long,11451.2,11432.9375,11433.0,11506.75,stop,72.80000000000291,-1.0034340659340657,False,False
2022-12-15 10:07:00,2022-12-15 10:08:00,long,ou_rev,ou_rev_long,11413.7,11429.6875,11402.25,11494.0,trail,45.80000000000291,1.3962882096068345,True,True
2022-12-15 10:27:00,2022-12-15 10:27:00,long,vwap_scalp,vwap_scalp_long,11433.7,11423.4375,11423.5,11453.0,stop,40.80000000000291,-1.0061274509803917,False,False
2022-12-15 12:18:00,2022-12-15 12:20:00,long,ou_lunch,ou_lunch_long,11378.4,11385.9375,11368.0,11422.5,trail,41.599999999998545,0.7247596153846757,True,True
2022-12-15 12:27:00,2022-12-15 12:32:00,long,ou_lunch,ou_lunch_long,11369.1,11369.0375,11356.0,11420.25,trail,52.400000000001455,-0.004770992366412081,True,True
2022-12-15 13:40:00,2022-12-15 13:44:00,long,pm_mom,pm_mom_long,11333.6,11319.9375,11320.0,11360.5,stop,54.400000000001455,-1.004595588235294,False,False
2022-12-16 09:53:00,2022-12-16 09:54:00,short,ou_rev,ou_rev_short,11371.8,11371.8625,11386.0,11333.0,trail,56.80000000000291,-0.004401408450704,True,True
2022-12-16 13:59:00,2022-12-16 13:59:00,short,pm_mom,pm_mom_short,11186.9,11197.3125,11197.25,11165.25,stop,41.400000000001455,-1.006038647342995,False,False
2022-12-19 11:01:00,2022-12-19 11:02:00,short,kalman_mom,kalman_mom_short,11129.5,11111.0625,11141.5,11101.25,trail,48.0,1.5364583333333333,True,True
2022-12-20 10:19:00,2022-12-20 10:19:00,short,or_rev,or_rev_short,11068.4,11082.5625,11082.5,11014.25,stop,56.400000000001455,-1.0044326241134751,False,False
2022-12-20 11:06:00,2022-12-20 11:07:00,short,vwap_scalp,vwap_scalp_short,11101.1,11101.1625,11112.0,11085.75,trail,43.599999999998545,-0.0057339449541286315,True,True
2022-12-20 11:38:00,2022-12-20 11:40:00,short,kalman_mom,kalman_mom_short,11023.8,11023.8625,11034.25,10997.5,trail,41.80000000000291,-0.005980861244018722,True,True
2022-12-20 13:50:00,2022-12-20 14:01:00,short,pm_mom,pm_mom_short,11094.8,11080.0625,11106.0,11072.25,trail,44.80000000000291,1.3158482142855639,True,True
2022-12-21 10:22:00,2022-12-21 10:24:00,short,vwap_scalp,vwap_scalp_short,11189.6,11174.5625,11200.25,11166.25,trail,42.599999999998545,1.4119718309859979,True,True
2022-12-21 12:02:00,2022-12-21 12:12:00,short,kalman_mom,kalman_mom_short,11217.1,11208.0625,11229.0,11185.5,trail,47.599999999998545,0.7594537815126589,False,True
2022-12-22 13:32:00,2022-12-22 13:40:00,short,pm_mom,pm_mom_short,10787.3,10801.0625,10801.0,10760.0,trail,54.80000000000291,-1.0045620437956202,False,True
2022-12-23 10:28:00,2022-12-23 10:29:00,short,vwap_scalp,vwap_scalp_short,10951.1,10929.5625,10962.0,10917.5,trail,43.599999999998545,1.9759174311927599,True,True
2022-12-23 10:34:00,2022-12-23 10:35:00,short,or_rev,or_rev_short,10969.4,10969.4625,10982.0,10894.75,trail,50.400000000001455,-0.004960317460317317,True,True
2022-12-23 12:49:00,2022-12-23 12:52:00,short,kalman_mom,kalman_mom_short,10950.0,10941.0625,10961.0,10922.5,trail,44.0,0.8125,True,True
2022-12-27 10:02:00,2022-12-27 10:03:00,short,trend,trend_cont_short,10829.8,10805.0625,10840.75,10807.5,trail,43.80000000000291,2.259132420091108,True,True
2022-12-28 11:36:00,2022-12-28 11:48:00,short,trend,trend_cont_short,10715.7,10704.5625,10730.0,10685.75,trail,57.19999999999709,0.7788461538462443,False,True
2022-12-28 13:23:00,2022-12-28 13:28:00,short,kalman_mom,kalman_mom_short,10759.2,10748.5625,10771.0,10729.0,trail,47.19999999999709,0.9014830508475749,True,True
2022-12-28 13:33:00,2022-12-28 13:40:00,short,trend,trend_cont_short,10739.6,10729.8125,10757.0,10704.5,trail,69.59999999999854,0.5625000000000326,False,True
2022-12-29 10:19:00,2022-12-29 10:19:00,short,pd_rev,pd_pdh_short,10902.4,10913.5625,10913.5,10858.0,stop,44.400000000001455,-1.0056306306306304,False,False
2022-12-29 11:13:00,2022-12-29 11:16:00,short,ou_rev,ou_rev_short,10922.3,10922.3625,10934.5,10894.0,trail,48.80000000000291,-0.0051229508196718255,True,True
2022-12-29 11:57:00,2022-12-29 12:05:00,short,ou_lunch,ou_lunch_short,10971.4,10960.3125,10983.5,10908.25,trail,48.400000000001455,0.9163223140495291,True,True
2022-12-29 14:14:00,2022-12-29 14:31:00,short,ou_rev,ou_rev_short,10954.9,10943.3125,10966.0,10927.0,trail,44.400000000001455,1.043918918918852,True,True
2022-12-30 10:52:00,2022-12-30 10:53:00,short,ou_rev,ou_rev_short,10871.6,10855.5625,10883.5,10826.0,trail,47.599999999998545,1.347689075630324,True,True
2022-12-30 13:06:00,2022-12-30 13:08:00,short,ou_lunch,ou_lunch_short,10856.7,10856.7625,10866.75,10838.75,trail,40.19999999999709,-0.006218905472637266,True,True
2022-12-30 14:05:00,2022-12-30 14:07:00,short,pm_mom,pm_mom_short,10812.7,10803.0625,10824.75,10788.5,trail,48.19999999999709,0.7997925311204406,True,True
2023-01-03 10:14:00,2023-01-03 10:15:00,short,trend,trend_cont_short,10886.0,10862.8125,10903.5,10850.0,trail,70.0,1.325,True,True
2023-01-03 10:19:00,2023-01-03 10:20:00,short,kalman_mom,kalman_mom_short,10867.0,10842.8125,10879.25,10837.25,trail,49.0,1.9744897959183674,True,True
2023-01-04 11:47:00,2023-01-04 11:58:00,short,or_rev,or_rev_short,10969.1,10982.8125,10982.75,10922.25,trail,54.599999999998545,-1.0045787545787548,False,True
2023-01-04 12:08:00,2023-01-04 12:16:00,short,kalman_mom,kalman_mom_short,10948.3,10959.3125,10959.25,10921.5,stop,43.80000000000291,-1.0057077625570772,False,False
2023-01-04 13:49:00,2023-01-04 14:01:00,short,pm_mom,pm_mom_short,10936.6,10912.0625,10952.0,10904.75,trail,61.599999999998545,1.5933441558442172,True,True
2023-01-05 14:00:00,2023-01-05 14:01:00,short,pm_mom,pm_mom_short,10792.3,10804.8125,10804.75,10765.25,stop,49.80000000000291,-1.0050200803212848,False,False
2023-01-06 10:54:00,2023-01-06 10:55:00,short,or_rev,or_rev_short,10894.3,10905.3125,10905.25,10793.0,stop,43.80000000000291,-1.0057077625570772,False,False
2023-01-06 11:05:00,2023-01-06 11:06:00,short,ema_rev,ema_rev_short,10917.8,10930.0625,10930.0,10897.25,stop,48.80000000000291,-1.0051229508196717,False,False
2023-01-06 12:00:00,2023-01-06 12:01:00,short,ou_lunch,ou_lunch_short,10952.0,10952.0625,10962.0,10854.25,trail,40.0,-0.00625,True,True
2023-01-09 10:03:00,2023-01-09 10:04:00,short,or_rev,or_rev_short,11230.5,11243.3125,11243.25,11142.25,stop,51.0,-1.0049019607843137,False,False
2023-01-09 12:09:00,2023-01-09 12:12:00,short,kalman_mom,kalman_mom_short,11276.3,11286.5625,11286.5,11250.25,stop,40.80000000000291,-1.0061274509803917,False,False
2023-01-09 13:37:00,2023-01-09 13:38:00,short,pm_mom,pm_mom_short,11250.9,11234.3125,11263.75,11225.0,trail,51.400000000001455,1.29085603112834,True,True
2023-01-10 10:16:00,2023-01-10 10:17:00,short,ou_rev,ou_rev_short,11178.1,11192.5625,11192.5,11127.25,stop,57.599999999998545,-1.004340277777778,False,False
2023-01-10 11:37:00,2023-01-10 11:37:00,short,kalman_mom,kalman_mom_short,11099.7,11111.0625,11111.0,11072.0,stop,45.19999999999709,-1.0055309734513278,False,False
2023-01-10 13:13:00,2023-01-10 13:18:00,short,ou_lunch,ou_lunch_short,11154.7,11140.3125,11168.25,11123.25,trail,54.19999999999709,1.0618081180812915,True,True
2023-01-10 13:57:00,2023-01-10 13:58:00,short,pm_mom,pm_mom_short,11145.7,11157.8125,11157.75,11122.5,stop,48.19999999999709,-1.0051867219917014,False,False
2023-01-10 14:07:00,2023-01-10 14:08:00,short,ou_rev,ou_rev_short,11166.7,11178.5625,11178.5,11128.25,stop,47.19999999999709,-1.0052966101694918,False,False
2023-01-10 14:32:00,2023-01-10 14:33:00,short,ou_rev,ou_rev_short,11180.5,11190.8125,11190.75,11131.75,stop,41.0,-1.0060975609756098,False,False
2023-01-10 14:40:00,2023-01-10 14:44:00,short,ou_rev,ou_rev_short,11177.5,11168.5625,11189.5,11132.75,trail,48.0,0.7447916666666666,True,True
2023-01-10 14:45:00,2023-01-10 14:47:00,short,ou_rev,ou_rev_short,11169.2,11169.2625,11179.5,11133.5,trail,41.19999999999709,-0.006067961165048972,True,True
2023-01-11 11:22:00,2023-01-11 11:24:00,short,or_rev,or_rev_short,11286.2,11296.5625,11296.5,11247.0,stop,41.19999999999709,-1.006067961165049,False,False
2023-01-11 12:21:00,2023-01-11 12:22:00,short,vwap_rev,vwap_rev_short,11328.2,11338.3125,11338.25,11279.25,stop,40.19999999999709,-1.0062189054726374,False,False
2023-01-11 12:27:00,2023-01-11 12:37:00,short,vwap_rev,vwap_rev_short,11329.2,11320.3125,11341.0,11281.0,trail,47.19999999999709,0.753177966101803,True,True
2023-01-12 10:24:00,2023-01-12 10:25:00,long,kalman_mom,kalman_mom_long,11404.9,11393.4375,11393.5,11431.25,trail,45.599999999998545,-1.005482456140351,False,True
2023-01-12 10:39:00,2023-01-12 10:42:00,long,trend,trend_cont_long,11417.2,11397.1875,11397.25,11457.25,stop,79.80000000000291,-1.0031328320802004,False,False
2023-01-12 11:14:00,2023-01-12 11:14:00,short,trend,trend_cont_short,11342.2,11353.8125,11353.75,11311.5,stop,46.19999999999709,-1.0054112554112558,False,False
2023-01-12 13:48:00,2023-01-12 13:52:00,long,pm_mom,pm_mom_long,11466.2,11474.4375,11452.25,11492.75,trail,55.80000000000291,0.5905017921146124,False,True
2023-01-12 14:38:00,2023-01-12 14:38:00,short,trend,trend_cont_short,11457.5,11468.5625,11468.5,11435.5,stop,44.0,-1.0056818181818181,False,False
2023-01-13 13:32:00,2023-01-13 13:37:00,long,pm_mom,pm_mom_long,11464.7,11464.6375,11454.5,11485.5,trail,40.80000000000291,-0.00612745098039172,True,True
2023-01-16 09:47:00,2023-01-16 10:11:00,long,open_drive,open_drive_long,11531.9,11517.9375,11518.0,11558.5,stop,55.599999999998545,-1.004496402877698,False,False
2023-01-17 09:53:00,2023-01-17 09:54:00,long,open_drive,open_drive_long,11526.4,11551.9375,11515.0,11548.0,trail,45.599999999998545,2.2401315789474716,True,True
2023-01-18 10:42:00,2023-01-18 10:43:00,long,vwap_rev,vwap_rev_long,11594.8,11582.4375,11582.5,11639.75,stop,49.19999999999709,-1.0050813008130084,False,False
2023-01-18 12:58:00,2023-01-18 12:59:00,long,ou_lunch,ou_lunch_long,11450.6,11450.5375,11439.0,11549.0,trail,46.400000000001455,-0.00538793103448259,True,True
2023-01-18 13:03:00,2023-01-18 13:04:00,long,ou_lunch,ou_lunch_long,11452.6,11438.1875,11438.25,11547.0,stop,57.400000000001455,-1.004355400696864,False,False
2023-01-18 13:52:00,2023-01-18 13:54:00,long,pm_mom,pm_mom_long,11462.1,11469.6875,11452.0,11483.5,trail,40.400000000001455,0.7512376237623132,True,True
2023-01-19 10:10:00,2023-01-19 10:12:00,long,open_drive,open_drive_long,11340.6,11327.6875,11327.75,11368.0,stop,51.400000000001455,-1.0048638132295717,False,False
2023-01-19 11:04:00,2023-01-19 11:05:00,long,vwap_scalp,vwap_scalp_long,11279.7,11279.6375,11269.25,11299.0,trail,41.80000000000291,-0.005980861244018722,True,True
2023-01-19 13:17:00,2023-01-19 13:20:00,long,kalman_mom,kalman_mom_long,11299.9,11320.4375,11288.75,11328.0,trail,44.599999999998545,1.841928251121169,True,True
2023-01-19 13:32:00,2023-01-19 13:37:00,long,pm_mom,pm_mom_long,11318.2,11333.1875,11305.75,11346.25,trail,49.80000000000291,1.203815261044048,False,True
2023-01-20 10:13:00,2023-01-20 10:19:00,short,or_rev,or_rev_short,11408.0,11396.5625,11421.25,11350.25,trail,53.0,0.8632075471698113,True,True
2023-01-20 10:33:00,2023-01-20 10:40:00,short,ou_rev,ou_rev_short,11422.7,11410.0625,11439.5,11385.75,trail,67.19999999999709,0.7522321428572187,False,True
2023-01-20 11:23:00,2023-01-20 11:29:00,short,ou_rev,ou_rev_short,11449.1,11462.3125,11462.25,11401.5,stop,52.599999999998545,-1.0047528517110267,False,False
2023-01-20 11:56:00,2023-01-20 12:02:00,short,ou_lunch,ou_lunch_short,11458.8,11469.8125,11469.75,11414.5,stop,43.80000000000291,-1.0057077625570772,False,False
2023-01-20 13:38:00,2023-01-20 13:39:00,long,pm_mom,pm_mom_long,11501.1,11515.6875,11487.5,11527.25,trail,54.400000000001455,1.0726102941175917,True,True
2023-01-23 10:26:00,2023-01-23 10:27:00,long,kalman_mom,kalman_mom_long,11789.9,11789.8375,11779.0,11815.75,trail,43.599999999998545,-0.0057339449541286315,True,True
2023-01-24 13:42:00,2023-01-24 13:47:00,long,pm_mom,pm_mom_long,11866.0,11873.6875,11853.5,11895.5,trail,50.0,0.615,False,True
2023-01-25 10:05:00,2023-01-25 10:06:00,long,vwap_scalp,vwap_scalp_long,11569.1,11591.4375,11557.5,11592.0,trail,46.400000000001455,1.9256465517240462,True,True
2023-01-25 10:42:00,2023-01-25 10:44:00,long,ou_rev,ou_rev_long,11566.1,11582.9375,11550.5,11598.25,trail,62.400000000001455,1.0793269230768745,False,True
2023-01-26 10:13:00,2023-01-26 10:14:00,long,or_rev,or_rev_long,11909.6,11940.1875,11895.0,11985.0,trail,58.400000000001455,2.095034246575265,True,True
2023-01-27 12:03:00,2023-01-27 12:03:00,long,kalman_mom,kalman_mom_long,12146.4,12134.4375,12134.5,12174.25,stop,47.599999999998545,-1.0052521008403363,False,False
2023-01-27 13:46:00,2023-01-27 13:54:00,long,pm_mom,pm_mom_long,12192.4,12192.3375,12181.5,12213.5,trail,43.599999999998545,-0.0057339449541286315,True,True
2023-01-30 12:04:00,2023-01-30 12:12:00,long,kalman_mom,kalman_mom_long,12010.9,12000.6875,12000.75,12036.5,stop,40.599999999998545,-1.0061576354679804,False,False
2023-01-30 14:01:00,2023-01-30 14:07:00,long,pm_mom,pm_mom_long,11967.9,11979.9375,11957.5,11988.5,trail,41.599999999998545,1.1574519230769986,True,True
2023-02-01 14:00:00,2023-02-01 14:00:00,long,pm_mom,pm_mom_long,12098.6,12084.4375,12084.5,12126.0,stop,56.400000000001455,-1.0044326241134751,False,False
2023-02-02 12:32:00,2023-02-02 12:33:00,long,kalman_mom,kalman_mom_long,12768.9,12779.6875,12758.5,12794.5,trail,41.599999999998545,1.0372596153846867,True,True
2023-02-02 13:36:00,2023-02-02 13:43:00,long,pm_mom,pm_mom_long,12824.7,12842.6875,12814.25,12844.75,trail,41.80000000000291,1.7212918660285186,True,True
2023-02-03 10:30:00,2023-02-03 10:30:00,long,kalman_mom,kalman_mom_long,12756.1,12745.4375,12745.5,12781.5,stop,42.400000000001455,-1.0058962264150941,False,False
2023-02-03 13:13:00,2023-02-03 13:14:00,long,ema_rev,ema_rev_long,12636.2,12645.9375,12622.5,12680.0,trail,54.80000000000291,0.7107664233575733,True,True
2023-02-03 13:52:00,2023-02-03 13:53:00,long,pm_mom,pm_mom_long,12625.3,12639.9375,12609.5,12657.25,trail,63.19999999999709,0.9264240506330002,True,True
2023-02-06 10:04:00,2023-02-06 10:05:00,long,sweep,sweep_pdl_long,12520.5,12535.9375,12503.75,12558.0,trail,67.0,0.9216417910447762,True,True
2023-02-06 10:24:00,2023-02-06 10:25:00,long,ou_rev,ou_rev_long,12447.0,12446.9375,12434.0,12493.5,trail,52.0,-0.004807692307692308,True,True
2023-02-06 12:00:00,2023-02-06 12:02:00,long,ema_rev,ema_rev_long,12492.7,12481.4375,12481.5,12510.25,stop,44.80000000000291,-1.0055803571428568,False,False
2023-02-06 13:44:00,2023-02-06 13:51:00,long,ou_rev,ou_rev_long,12466.2,12477.9375,12453.75,12491.0,trail,49.80000000000291,0.9427710843372359,False,True
2023-02-06 13:57:00,2023-02-06 14:01:00,long,pm_mom,pm_mom_long,12475.4,12501.4375,12462.25,12500.25,trail,52.599999999998545,1.9800380228137706,True,True
2023-02-07 13:05:00,2023-02-07 13:05:00,long,kalman_mom,kalman_mom_long,12679.6,12667.6875,12667.75,12707.25,stop,47.400000000001455,-1.0052742616033754,False,False
2023-02-07 13:57:00,2023-02-07 13:58:00,long,pm_mom,pm_mom_long,12474.5,12460.9375,12461.0,12495.75,stop,54.0,-1.0046296296296295,False,False
2023-02-07 14:24:00,2023-02-07 14:25:00,long,trend,trend_cont_long,12593.6,12607.6875,12574.5,12632.75,trail,76.40000000000146,0.737565445026145,False,True
2023-02-08 10:44:00,2023-02-08 10:45:00,short,trend,trend_cont_short,12589.0,12579.5625,12601.0,12560.5,trail,48.0,0.7864583333333334,True,True
2023-02-08 11:02:00,2023-02-08 11:11:00,short,trend,trend_cont_short,12556.0,12556.0625,12575.25,12516.0,trail,77.0,-0.003246753246753247,True,True
2023-02-08 11:15:00,2023-02-08 11:16:00,long,ema_rev,ema_rev_long,12534.2,12523.4375,12523.5,12556.25,stop,42.80000000000291,-1.0058411214953267,False,False
2023-02-08 12:34:00,2023-02-08 12:34:00,long,kalman_mom,kalman_mom_long,12558.0,12546.4375,12546.5,12585.75,stop,46.0,-1.0054347826086956,False,False
2023-02-08 13:38:00,2023-02-08 13:40:00,long,ou_rev,ou_rev_long,12524.0,12512.4375,12512.5,12571.75,stop,46.0,-1.0054347826086956,False,False
2023-02-08 14:01:00,2023-02-08 14:01:00,long,pm_mom,pm_mom_long,12524.1,12512.6875,12512.75,12549.5,stop,45.400000000001455,-1.0055066079295152,False,False
2023-02-08 14:59:00,2023-02-08 15:03:00,long,ou_rev,ou_rev_long,12524.0,12511.1875,12511.25,12560.5,stop,51.0,-1.0049019607843137,False,False
2023-02-09 09:50:00,2023-02-09 09:52:00,long,open_drive,open_drive_long,12637.1,12653.4375,12622.75,12664.75,trail,57.400000000001455,1.1385017421602246,True,True
2023-02-09 09:59:00,2023-02-09 09:59:00,long,open_drive,open_drive_long,12639.1,12625.1875,12625.25,12662.75,stop,55.400000000001455,-1.0045126353790612,False,False
2023-02-09 10:32:00,2023-02-09 10:34:00,long,ou_rev,ou_rev_long,12578.7,12596.9375,12564.25,12630.5,trail,57.80000000000291,1.2621107266434848,True,True
2023-02-09 10:47:00,2023-02-09 10:48:00,long,vwap_scalp,vwap_scalp_long,12584.4,12600.4375,12572.5,12603.75,trail,47.599999999998545,1.347689075630324,True,True
2023-02-10 10:16:00,2023-02-10 10:17:00,long,sweep,sweep_pdl_long,12341.7,12322.6875,12322.75,12392.25,stop,75.80000000000291,-1.0032981530343006,False,False
2023-02-10 11:36:00,2023-02-10 11:37:00,long,ou_lunch,ou_lunch_long,12272.3,12286.4375,12260.75,12309.5,trail,46.19999999999709,1.2240259740261141,True,True
2023-02-10 11:51:00,2023-02-10 11:58:00,long,or_rev,or_rev_long,12266.3,12253.9375,12254.0,12308.25,stop,49.19999999999709,-1.0050813008130084,False,False
2023-02-10 12:07:00,2023-02-10 12:14:00,long,ema_rev,ema_rev_long,12224.7,12210.9375,12211.0,12246.5,stop,54.80000000000291,-1.0045620437956202,False,False
2023-02-10 12:59:00,2023-02-10 13:01:00,long,vwap_scalp,vwap_scalp_long,12253.8,12269.4375,12242.25,12269.25,trail,46.19999999999709,1.3538961038962523,True,True
2023-02-10 13:28:00,2023-02-10 13:28:00,long,kalman_mom,kalman_mom_long,12320.0,12308.9375,12309.0,12348.25,stop,44.0,-1.0056818181818181,False,False
2023-02-14 10:52:00,2023-02-14 10:53:00,short,trend,trend_cont_short,12442.6,12421.5625,12457.0,12386.0,trail,57.599999999998545,1.4609375000000622,True,True
2023-02-14 11:09:00,2023-02-14 11:09:00,long,kalman_mom,kalman_mom_long,12500.0,12489.4375,12489.5,12527.75,stop,42.0,-1.005952380952381,False,False
2023-02-14 11:23:00,2023-02-14 11:23:00,long,trend,trend_cont_long,12492.9,12481.9375,12482.0,12515.5,stop,43.599999999998545,-1.0057339449541287,False,False
2023-02-14 11:26:00,2023-02-14 11:26:00,long,trend,trend_cont_long,12501.0,12485.4375,12485.5,12533.25,stop,62.0,-1.0040322580645162,False,False
2023-02-14 13:35:00,2023-02-14 13:36:00,long,pm_mom,pm_mom_long,12549.7,12562.6875,12539.0,12571.0,trail,42.80000000000291,1.2137850467288214,False,True
2023-02-15 13:45:00,2023-02-15 14:03:00,long,pm_mom,pm_mom_long,12633.1,12643.4375,12616.75,12666.25,trail,65.40000000000146,0.6322629969418597,True,True
2023-02-16 10:32:00,2023-02-16 10:33:00,long,trend,trend_cont_long,12570.8,12583.9375,12559.0,12594.5,trail,47.19999999999709,1.1133474576272488,True,True
2023-02-16 10:44:00,2023-02-16 10:45:00,long,trend,trend_cont_long,12596.5,12596.4375,12582.75,12624.0,trail,55.0,-0.004545454545454545,True,True
2023-02-17 09:57:00,2023-02-17 09:58:00,long,ema_rev,ema_rev_long,12268.8,12285.4375,12257.5,12298.75,trail,45.19999999999709,1.472345132743522,True,True
2023-02-17 10:09:00,2023-02-17 10:10:00,long,open_drive,open_drive_long,12316.3,12303.4375,12303.5,12339.0,stop,51.19999999999709,-1.0048828125000002,False,False
2023-02-17 10:12:00,2023-02-17 10:13:00,long,or_rev,or_rev_long,12307.1,12327.1875,12292.75,12346.5,trail,57.400000000001455,1.3998257839720647,True,True
2023-02-17 10:38:00,2023-02-17 10:38:00,long,kalman_mom,kalman_mom_long,12356.8,12346.4375,12346.5,12381.5,stop,41.19999999999709,-1.006067961165049,False,False
2023-02-17 13:42:00,2023-02-17 13:50:00,long,pm_mom,pm_mom_long,12274.1,12274.0375,12263.5,12295.0,trail,42.400000000001455,-0.005896226415094137,True,True
2023-02-21 10:18:00,2023-02-21 10:21:00,long,vwap_scalp,vwap_scalp_long,12158.8,12170.4375,12148.25,12181.5,trail,42.19999999999709,1.1030805687205243,True,True
2023-02-21 11:16:00,2023-02-21 11:19:00,long,ou_rev,ou_rev_long,12150.7,12136.9375,12137.0,12182.25,stop,54.80000000000291,-1.0045620437956202,False,False
2023-02-21 11:59:00,2023-02-21 12:14:00,long,ou_lunch,ou_lunch_long,12126.9,12112.9375,12113.0,12169.75,stop,55.599999999998545,-1.004496402877698,False,False
2023-02-21 14:33:00,2023-02-21 14:46:00,long,ou_rev,ou_rev_long,12098.1,12109.9375,12082.0,12145.25,trail,64.40000000000146,0.7352484472049298,False,True
2023-02-22 10:07:00,2023-02-22 10:10:00,long,or_rev,or_rev_long,12069.7,12057.4375,12057.5,12106.0,stop,48.80000000000291,-1.0051229508196717,False,False
2023-02-22 10:15:00,2023-02-22 10:17:00,long,ema_rev,ema_rev_long,12031.5,12018.1875,12018.25,12064.5,stop,53.0,-1.0047169811320755,False,False
2023-02-22 10:19:00,2023-02-22 10:20:00,long,vwap_rev,vwap_rev_long,12019.0,12008.4375,12008.5,12089.5,stop,42.0,-1.005952380952381,False,False
2023-02-22 11:29:00,2023-02-22 11:34:00,long,pd_rev,pd_pdl_long,12065.0,12064.9375,12053.5,12089.0,trail,46.0,-0.005434782608695652,True,True
2023-02-22 12:50:00,2023-02-22 12:51:00,short,vwap_scalp,vwap_scalp_short,12107.8,12102.0625,12119.25,12089.0,trail,45.80000000000291,0.5010917030566732,False,True
2023-02-22 13:02:00,2023-02-22 13:06:00,short,ou_lunch,ou_lunch_short,12098.3,12110.3125,12110.25,12072.0,stop,47.80000000000291,-1.0052301255230123,False,False
2023-02-22 13:15:00,2023-02-22 13:20:00,short,ou_lunch,ou_lunch_short,12108.4,12119.5625,12119.5,12073.5,stop,44.400000000001455,-1.0056306306306304,False,False
2023-02-22 13:39:00,2023-02-22 13:41:00,long,pm_mom,pm_mom_long,12129.2,12138.1875,12117.25,12153.25,trail,47.80000000000291,0.7520920502090983,True,True
2023-02-23 10:10:00,2023-02-23 10:11:00,long,vwap_rev,vwap_rev_long,12151.7,12159.6875,12140.0,12194.0,trail,46.80000000000291,0.682692307692203,True,True
2023-02-23 10:14:00,2023-02-23 10:15:00,long,vwap_rev,vwap_rev_long,12144.9,12159.9375,12133.75,12189.75,trail,44.599999999998545,1.348654708520256,True,True
2023-02-24 11:01:00,2023-02-24 11:04:00,long,ou_rev,ou_rev_long,11907.3,11896.9375,11897.0,11936.25,stop,41.19999999999709,-1.006067961165049,False,False
2023-02-24 14:32:00,2023-02-24 14:44:00,short,pm_mom,pm_mom_short,11932.9,11921.8125,11948.5,11898.75,trail,62.400000000001455,0.7107371794871395,False,True
2023-02-27 10:15:00,2023-02-27 10:19:00,short,or_rev,or_rev_short,12142.4,12153.5625,12153.5,12100.5,stop,44.400000000001455,-1.0056306306306304,False,False
2023-02-27 14:03:00,2023-02-27 14:18:00,long,pm_mom,pm_mom_long,12113.1,12101.4375,12101.5,12135.75,stop,46.400000000001455,-1.0053879310344827,False,False
2023-02-28 10:09:00,2023-02-28 10:12:00,short,or_rev,or_rev_short,12086.4,12054.8125,12100.5,12044.0,trail,56.400000000001455,2.240248226950271,True,True
2023-03-01 10:10:00,2023-03-01 10:10:00,long,vwap_rev,vwap_rev_long,11968.4,11956.4375,11956.5,12013.75,stop,47.599999999998545,-1.0052521008403363,False,False
2023-03-01 10:16:00,2023-03-01 10:16:00,long,vwap_rev,vwap_rev_long,11940.9,11929.9375,11930.0,12004.75,stop,43.599999999998545,-1.0057339449541287,False,False
2023-03-01 10:23:00,2023-03-01 10:24:00,short,kalman_mom,kalman_mom_short,11951.9,11951.9625,11962.25,11926.0,trail,41.400000000001455,-0.0060386473429949565,True,True
2023-03-01 14:11:00,2023-03-01 14:12:00,long,ou_rev,ou_rev_long,11942.4,11950.6875,11932.25,11972.25,trail,40.599999999998545,0.8165024630542523,True,True
2023-03-01 14:41:00,2023-03-01 14:50:00,long,ou_rev,ou_rev_long,11935.5,11923.1875,11923.25,11969.5,stop,49.0,-1.0051020408163265,False,False
2023-03-01 14:55:00,2023-03-01 15:00:00,long,ou_rev,ou_rev_long,11925.8,11934.9375,11913.0,11967.75,trail,51.19999999999709,0.7138671875000975,False,True
2023-03-02 09:55:00,2023-03-02 09:57:00,short,ema_rev,ema_rev_short,11878.3,11864.0625,11889.0,11856.5,trail,42.80000000000291,1.3306074766353555,True,True
2023-03-02 10:07:00,2023-03-02 10:08:00,short,or_rev,or_rev_short,11896.1,11879.3125,11907.75,11841.5,trail,46.599999999998545,1.4409871244635954,True,True
2023-03-03 10:24:00,2023-03-03 10:26:00,long,kalman_mom,kalman_mom_long,12184.3,12204.6875,12172.75,12213.75,trail,46.19999999999709,1.7651515151516894,True,True
2023-03-06 13:19:00,2023-03-06 13:21:00,long,vwap_scalp,vwap_scalp_long,12374.7,12381.6875,12363.0,12390.5,trail,46.80000000000291,0.5972222222221228,False,True
2023-03-06 14:13:00,2023-03-06 14:17:00,long,ou_rev,ou_rev_long,12359.3,12344.4375,12344.5,12397.75,stop,59.19999999999709,-1.0042229729729732,False,False
2023-03-06 14:30:00,2023-03-06 14:34:00,long,ou_rev,ou_rev_long,12340.1,12349.6875,12329.25,12394.75,trail,43.400000000001455,0.8836405529953285,True,True
2023-03-06 14:42:00,2023-03-06 14:48:00,long,ou_rev,ou_rev_long,12344.4,12333.4375,12333.5,12392.75,stop,43.599999999998545,-1.0057339449541287,False,False
2023-03-06 14:56:00,2023-03-06 14:57:00,long,ou_rev,ou_rev_long,12332.3,12332.2375,12321.5,12390.5,trail,43.19999999999709,-0.005787037037037427,True,True
2023-03-07 10:07:00,2023-03-07 10:07:00,long,vwap_rev,vwap_rev_long,12219.2,12208.4375,12208.5,12311.25,stop,42.80000000000291,-1.0058411214953267,False,False
2023-03-07 10:16:00,2023-03-07 10:17:00,short,trend,trend_cont_short,12194.4,12177.0625,12207.5,12164.0,trail,52.400000000001455,1.3234732824426836,True,True
2023-03-07 11:17:00,2023-03-07 11:27:00,short,trend,trend_cont_short,12200.0,12218.0625,12218.0,12164.0,stop,72.0,-1.0034722222222223,False,False
2023-03-07 13:32:00,2023-03-07 13:36:00,long,pm_mom,pm_mom_long,12222.9,12210.1875,12210.25,12246.25,trail,50.599999999998545,-1.0049407114624507,False,True
2023-03-08 10:19:00,2023-03-08 10:19:00,long,or_rev,or_rev_long,12149.0,12138.1875,12138.25,12174.75,stop,43.0,-1.005813953488372,False,False
2023-03-08 11:18:00,2023-03-08 11:20:00,short,ou_rev,ou_rev_short,12204.1,12204.1625,12215.0,12169.75,trail,43.599999999998545,-0.0057339449541286315,True,True
2023-03-08 13:55:00,2023-03-08 13:57:00,long,pm_mom,pm_mom_long,12145.2,12145.1375,12134.25,12168.25,trail,43.80000000000291,-0.005707762557077246,True,True
2023-03-09 10:03:00,2023-03-09 10:05:00,long,trend,trend_cont_long,12318.7,12332.6875,12305.5,12346.0,trail,52.80000000000291,1.0596590909089774,True,True
2023-03-09 12:08:00,2023-03-09 12:12:00,long,vwap_rev,vwap_rev_long,12238.7,12255.6875,12226.25,12290.25,trail,49.80000000000291,1.364457831325163,True,True
2023-03-10 12:13:00,2023-03-10 12:14:00,long,ema_rev,ema_rev_long,11926.9,11926.8375,11912.5,11961.5,trail,57.599999999998545,-0.004340277777777887,True,True
2023-03-10 13:32:00,2023-03-10 13:36:00,short,pm_mom,pm_mom_short,11834.4,11816.5625,11845.25,11813.75,trail,43.400000000001455,1.644009216589773,True,True
2023-03-10 13:55:00,2023-03-10 13:56:00,long,vwap_rev,vwap_rev_long,11798.2,11798.1375,11788.0,11936.0,trail,40.80000000000291,-0.00612745098039172,True,True
2023-03-13 10:13:00,2023-03-13 10:14:00,short,or_rev,or_rev_short,11910.6,11863.5625,11924.25,11753.5,trail,54.599999999998545,3.4459706959708143,True,True
2023-03-14 10:58:00,2023-03-14 11:00:00,short,ou_rev,ou_rev_short,12172.2,12151.5625,12185.5,12135.75,trail,53.19999999999709,1.5516917293234478,True,True
2023-03-14 11:10:00,2023-03-14 11:14:00,short,vwap_scalp,vwap_scalp_short,12176.2,12187.0625,12187.0,12157.75,stop,43.19999999999709,-1.0057870370370374,False,False
2023-03-14 12:24:00,2023-03-14 12:27:00,short,kalman_mom,kalman_mom_short,12177.1,12165.0625,12187.5,12152.5,trail,41.599999999998545,1.1574519230769986,True,True
2023-03-14 12:42:00,2023-03-14 12:45:00,short,ou_lunch,ou_lunch_short,12184.5,12184.5625,12198.0,12162.5,trail,54.0,-0.004629629629629629,True,True
2023-03-14 14:19:00,2023-03-14 14:20:00,short,sweep,sweep_pdh_short,12068.9,12083.0625,12083.0,11883.5,stop,56.400000000001455,-1.0044326241134751,False,False
2023-03-15 10:46:00,2023-03-15 10:48:00,long,ou_rev,ou_rev_long,12046.4,12046.3375,12029.25,12081.25,trail,68.59999999999854,-0.003644314868804742,True,True
2023-03-15 10:54:00,2023-03-15 10:55:00,long,ou_rev,ou_rev_long,12024.3,12066.4375,12011.75,12077.25,trail,50.19999999999709,3.3575697211157904,True,True
2023-03-16 11:07:00,2023-03-16 11:08:00,long,kalman_mom,kalman_mom_long,12382.5,12402.1875,12370.5,12411.75,trail,48.0,1.640625,True,True
2023-03-16 11:16:00,2023-03-16 11:18:00,long,trend,trend_cont_long,12411.5,12429.1875,12400.0,12436.0,trail,46.0,1.5380434782608696,True,True
2023-03-17 10:38:00,2023-03-17 10:39:00,long,or_rev,or_rev_long,12503.0,12527.9375,12491.0,12591.75,trail,48.0,2.078125,True,True
2023-03-20 10:24:00,2023-03-20 10:25:00,long,pd_rev,pd_pdl_long,12446.3,12480.9375,12433.75,12471.0,trail,50.19999999999709,2.759960159362768,True,True
2023-03-21 10:21:00,2023-03-21 10:24:00,long,or_rev,or_rev_long,12640.9,12629.9375,12630.0,12662.5,trail,43.599999999998545,-1.0057339449541287,False,True
2023-03-21 10:30:00,2023-03-21 10:40:00,long,ou_rev,ou_rev_long,12618.9,12628.9375,12602.0,12656.75,trail,67.59999999999854,0.5939349112426379,False,True
2023-03-22 12:25:00,2023-03-22 12:27:00,long,ema_rev,ema_rev_long,12751.9,12758.4375,12741.5,12766.25,trail,41.599999999998545,0.6286057692308262,False,True
2023-03-22 13:58:00,2023-03-22 14:01:00,long,trend,trend_cont_long,12793.6,12862.4375,12783.5,12814.5,trail,40.400000000001455,6.815594059405659,False,True
2023-03-23 13:43:00,2023-03-23 13:48:00,long,pm_mom,pm_mom_long,12811.7,12792.4375,12792.5,12849.25,stop,76.80000000000291,-1.0032552083333333,False,False
2023-03-23 13:55:00,2023-03-23 13:59:00,long,ou_rev,ou_rev_long,12783.8,12765.4375,12765.5,12816.25,stop,73.19999999999709,-1.0034153005464481,False,False
2023-03-23 14:02:00,2023-03-23 14:03:00,long,ou_rev,ou_rev_long,12767.8,12779.1875,12752.25,12815.0,trail,62.19999999999709,0.7323151125402739,True,True
2023-03-23 14:09:00,2023-03-23 14:10:00,long,ou_rev,ou_rev_long,12756.5,12743.9375,12744.0,12813.5,stop,50.0,-1.005,False,False
2023-03-23 14:12:00,2023-03-23 14:14:00,long,ou_rev,ou_rev_long,12748.2,12762.4375,12738.0,12812.75,trail,40.80000000000291,1.3958333333331625,True,True
2023-03-24 11:14:00,2023-03-24 11:14:00,long,ou_rev,ou_rev_long,12620.7,12604.1875,12604.25,12665.75,stop,65.80000000000291,-1.0037993920972643,False,False
2023-03-24 11:26:00,2023-03-24 11:27:00,long,vwap_rev,vwap_rev_long,12611.2,12625.4375,12600.0,12660.75,trail,44.80000000000291,1.2712053571427095,True,True
2023-03-24 12:47:00,2023-03-24 12:48:00,long,kalman_mom,kalman_mom_long,12686.9,12698.6875,12676.75,12713.5,trail,40.599999999998545,1.1613300492611611,True,True
2023-03-27 10:34:00,2023-03-27 10:36:00,long,vwap_scalp,vwap_scalp_long,12764.2,12751.6875,12751.75,12781.25,stop,49.80000000000291,-1.0050200803212848,False,False
2023-03-27 10:38:00,2023-03-27 10:41:00,long,vwap_rev,vwap_rev_long,12755.2,12767.1875,12744.25,12796.75,trail,43.80000000000291,1.0947488584473495,False,True
2023-03-27 12:02:00,2023-03-27 12:03:00,long,vwap_rev,vwap_rev_long,12662.9,12652.4375,12652.5,12758.5,stop,41.599999999998545,-1.0060096153846156,False,False
2023-03-27 12:28:00,2023-03-27 12:31:00,long,kalman_mom,kalman_mom_long,12684.6,12695.4375,12672.75,12715.5,trail,47.400000000001455,0.9145569620252577,True,True
2023-03-27 13:46:00,2023-03-27 13:50:00,long,pm_mom,pm_mom_long,12704.1,12704.0375,12693.25,12724.75,trail,43.400000000001455,-0.005760368663594277,True,True
2023-03-28 10:12:00,2023-03-28 10:13:00,long,open_drive,open_drive_long,12594.8,12594.7375,12583.75,12617.0,trail,44.19999999999709,-0.005656108597285441,True,True
2023-03-28 10:48:00,2023-03-28 10:49:00,long,or_rev,or_rev_long,12544.6,12552.6875,12534.25,12608.75,trail,41.400000000001455,0.7814009661835123,False,True
2023-03-28 11:28:00,2023-03-28 11:32:00,long,kalman_mom,kalman_mom_long,12580.6,12596.9375,12570.5,12605.5,trail,40.400000000001455,1.6175742574256482,True,True
2023-03-29 10:44:00,2023-03-29 10:46:00,long,or_rev,or_rev_long,12758.6,12745.4375,12745.5,12780.0,stop,52.400000000001455,-1.004770992366412,False,False
2023-03-29 10:55:00,2023-03-29 10:58:00,long,vwap_scalp,vwap_scalp_long,12744.7,12750.9375,12733.75,12761.75,trail,43.80000000000291,0.5696347031962428,True,True
2023-03-29 14:54:00,2023-03-29 15:02:00,long,pm_mom,pm_mom_long,12820.7,12834.1875,12803.5,12852.75,trail,68.80000000000291,0.7841569767441106,True,True
2023-03-30 12:52:00,2023-03-30 12:55:00,long,ou_lunch,ou_lunch_long,12927.6,12937.1875,12915.75,12948.5,trail,47.400000000001455,0.8090717299577503,True,True
2023-03-30 13:49:00,2023-03-30 14:00:00,long,ou_rev,ou_rev_long,12902.7,12913.6875,12889.0,12943.75,trail,54.80000000000291,0.8020072992699773,True,True
2023-04-03 11:14:00,2023-04-03 11:18:00,long,or_rev,or_rev_long,13045.1,13054.1875,13032.5,13099.75,trail,50.400000000001455,0.721230158730109,False,True
2023-04-03 11:33:00,2023-04-03 11:34:00,long,kalman_mom,kalman_mom_long,13072.0,13061.9375,13062.0,13097.25,stop,40.0,-1.00625,False,False
2023-04-03 13:38:00,2023-04-03 13:43:00,long,pm_mom,pm_mom_long,13063.1,13051.4375,13051.5,13087.0,stop,46.400000000001455,-1.0053879310344827,False,False
2023-04-03 13:49:00,2023-04-03 14:03:00,long,ou_rev,ou_rev_long,13050.5,13050.4375,13039.0,13082.5,trail,46.0,-0.005434782608695652,True,True
2023-04-03 14:13:00,2023-04-03 14:26:00,long,ou_rev,ou_rev_long,13052.5,13061.9375,13040.5,13080.0,trail,48.0,0.7864583333333334,False,True
2023-04-04 11:14:00,2023-04-04 11:15:00,long,or_rev,or_rev_long,13113.5,13122.6875,13101.0,13146.5,trail,50.0,0.735,True,True
2023-04-04 11:21:00,2023-04-04 11:22:00,long,vwap_rev,vwap_rev_long,13096.0,13105.4375,13084.5,13151.25,trail,46.0,0.8206521739130435,False,True
2023-04-04 13:35:00,2023-04-04 13:35:00,long,trend,trend_cont_long,13125.4,13114.4375,13114.5,13147.75,stop,43.599999999998545,-1.0057339449541287,False,False
2023-04-05 11:32:00,2023-04-05 11:33:00,long,ou_lunch,ou_lunch_long,12929.1,12939.9375,12918.75,12976.75,trail,41.400000000001455,1.0471014492752904,True,True
2023-04-05 11:35:00,2023-04-05 11:44:00,long,ou_lunch,ou_lunch_long,12944.9,12933.6875,12933.75,12976.0,stop,44.599999999998545,-1.0056053811659196,False,False
2023-04-05 11:58:00,2023-04-05 11:59:00,long,ou_lunch,ou_lunch_long,12929.3,12936.6875,12918.75,12970.5,trail,42.19999999999709,0.7002369668247618,True,True
2023-04-05 14:37:00,2023-04-05 14:41:00,long,pm_mom,pm_mom_long,12961.1,12973.6875,12950.75,12981.0,trail,41.400000000001455,1.2161835748791492,True,True
2023-04-06 10:04:00,2023-04-06 10:04:00,long,sweep,sweep_pdl_long,12902.9,12887.6875,12887.75,12943.0,stop,60.599999999998545,-1.0041254125412542,False,False
2023-04-06 10:31:00,2023-04-06 10:32:00,long,kalman_mom,kalman_mom_long,12918.8,12931.6875,12908.5,12946.5,trail,41.19999999999709,1.2512135922331686,True,True
2023-04-06 11:19:00,2023-04-06 11:22:00,long,trend,trend_cont_long,12955.6,12967.9375,12945.5,12976.5,trail,40.400000000001455,1.2215346534652665,True,True
2023-04-10 09:55:00,2023-04-10 09:56:00,long,ema_rev,ema_rev_long,12866.3,12878.6875,12855.25,12885.0,trail,44.19999999999709,1.1210407239820401,True,True
2023-04-10 10:06:00,2023-04-10 10:14:00,long,or_rev,or_rev_long,12880.2,12896.6875,12868.5,12909.75,trail,46.80000000000291,1.4091880341878844,True,True
2023-04-11 10:21:00,2023-04-11 10:24:00,long,or_rev,or_rev_long,12970.7,12984.1875,12960.5,13018.5,trail,40.80000000000291,1.3223039215684618,True,True
2023-04-11 10:50:00,2023-04-11 10:51:00,long,ou_rev,ou_rev_long,12965.2,12978.9375,12950.0,12993.5,trail,60.80000000000291,0.903782894736751,False,True
2023-04-12 10:01:00,2023-04-12 10:02:00,short,trend,trend_cont_short,12955.8,12936.0625,12967.25,12924.5,trail,45.80000000000291,1.7237991266373816,True,True
2023-04-12 10:12:00,2023-04-12 10:13:00,long,open_drive,open_drive_long,12996.3,13008.4375,12982.75,13021.0,trail,54.19999999999709,0.8957564575646775,True,True
2023-04-13 12:08:00,2023-04-13 12:10:00,long,kalman_mom,kalman_mom_long,13047.3,13036.1875,13036.25,13075.0,stop,44.19999999999709,-1.0056561085972855,False,False
2023-04-13 13:42:00,2023-04-13 13:53:00,long,pm_mom,pm_mom_long,13080.0,13087.9375,13068.25,13102.0,trail,47.0,0.675531914893617,False,True
2023-04-14 10:58:00,2023-04-14 10:59:00,long,or_rev,or_rev_long,13026.2,13044.9375,13016.0,13067.0,trail,40.80000000000291,1.8370098039213663,True,True
2023-04-14 12:27:00,2023-04-14 12:32:00,long,ou_lunch,ou_lunch_long,13006.7,12994.4375,12994.5,13051.5,stop,48.80000000000291,-1.0051229508196717,False,False
2023-04-14 12:35:00,2023-04-14 12:39:00,long,ou_lunch,ou_lunch_long,13001.4,12989.9375,12990.0,13049.5,stop,45.599999999998545,-1.005482456140351,False,False
2023-04-14 12:50:00,2023-04-14 12:53:00,long,ou_lunch,ou_lunch_long,12965.3,12971.6875,12954.25,13044.75,trail,44.19999999999709,0.5780542986426378,True,True
2023-04-14 13:12:00,2023-04-14 13:13:00,long,vwap_scalp,vwap_scalp_long,12997.6,13005.4375,12985.5,13018.25,trail,48.400000000001455,0.6477272727272232,False,True
2023-04-14 13:42:00,2023-04-14 13:55:00,long,pm_mom,pm_mom_long,12993.1,13005.4375,12976.25,13026.5,trail,67.40000000000146,0.732195845697292,True,True
2023-04-17 14:43:00,2023-04-17 14:58:00,long,pm_mom,pm_mom_long,13033.3,13042.4375,13021.0,13056.25,trail,49.19999999999709,0.7428861788618917,True,True
2023-04-18 10:01:00,2023-04-18 10:01:00,long,vwap_rev,vwap_rev_long,13152.1,13141.4375,13141.5,13174.25,stop,42.400000000001455,-1.0058962264150941,False,False
2023-04-18 10:09:00,2023-04-18 10:10:00,long,vwap_rev,vwap_rev_long,13119.0,13126.6875,13108.75,13164.0,trail,41.0,0.75,False,True
2023-04-18 10:13:00,2023-04-18 10:14:00,short,trend,trend_cont_short,13113.1,13125.5625,13125.5,13087.0,stop,49.599999999998545,-1.0050403225806452,False,False
2023-04-18 11:07:00,2023-04-18 11:09:00,long,kalman_mom,kalman_mom_long,13086.4,13075.6875,13075.75,13110.75,trail,42.599999999998545,-1.0058685446009392,False,True
2023-04-19 10:57:00,2023-04-19 11:02:00,long,pd_rev,pd_pdl_long,13041.7,13060.9375,13027.0,13072.0,trail,58.80000000000291,1.3086734693876407,False,True
2023-04-19 14:02:00,2023-04-19 14:05:00,long,pm_mom,pm_mom_long,13124.7,13111.6875,13111.75,13152.25,stop,51.80000000000291,-1.0048262548262545,False,False
2023-04-20 11:43:00,2023-04-20 11:47:00,long,kalman_mom,kalman_mom_long,13042.8,13049.9375,13031.5,13070.0,trail,45.19999999999709,0.631637168141698,False,True
2023-04-20 14:43:00,2023-04-20 14:51:00,short,trend,trend_cont_short,12984.9,12976.3125,12998.5,12957.5,trail,54.400000000001455,0.6314338235293682,False,True
2023-04-21 09:54:00,2023-04-21 09:57:00,long,ou_rev,ou_rev_long,12937.0,12924.6875,12924.75,12964.75,stop,49.0,-1.0051020408163265,False,False
2023-04-21 10:04:00,2023-04-21 10:05:00,long,vwap_scalp,vwap_scalp_long,12907.2,12895.1875,12895.25,12929.5,stop,47.80000000000291,-1.0052301255230123,False,False
2023-04-21 10:14:00,2023-04-21 10:16:00,long,pd_rev,pd_pdl_long,12934.7,12943.1875,12924.25,12956.25,trail,41.80000000000291,0.8122009569376729,True,True
2023-04-21 11:05:00,2023-04-21 11:07:00,long,kalman_mom,kalman_mom_long,12979.7,12967.1875,12967.25,13009.25,stop,49.80000000000291,-1.0050200803212848,False,False
2023-04-21 13:43:00,2023-04-21 13:59:00,long,pm_mom,pm_mom_long,13013.2,13002.1875,13002.25,13035.0,stop,43.80000000000291,-1.0057077625570772,False,False
2023-04-24 10:47:00,2023-04-24 10:59:00,long,or_rev,or_rev_long,12935.0,12943.9375,12921.0,13006.25,trail,56.0,0.6383928571428571,False,True
2023-04-24 12:19:00,2023-04-24 12:21:00,long,pd_rev,pd_pdl_long,12895.7,12906.4375,12883.5,12957.5,trail,48.80000000000291,0.88012295081956,True,True
2023-04-25 10:16:00,2023-04-25 10:34:00,long,ou_rev,ou_rev_long,12866.3,12854.4375,12854.5,12897.5,stop,47.19999999999709,-1.0052966101694918,False,False
2023-04-25 10:47:00,2023-04-25 10:48:00,long,ou_rev,ou_rev_long,12863.3,12874.6875,12853.0,12884.5,trail,41.19999999999709,1.1055825242719934,True,True
2023-04-25 10:51:00,2023-04-25 10:55:00,long,pd_rev,pd_pdl_long,12883.0,12869.9375,12870.0,12908.25,stop,52.0,-1.0048076923076923,False,False
2023-04-25 11:45:00,2023-04-25 11:52:00,long,ou_lunch,ou_lunch_long,12858.8,12846.6875,12846.75,12878.75,stop,48.19999999999709,-1.0051867219917014,False,False
2023-04-25 14:03:00,2023-04-25 14:05:00,long,ou_rev,ou_rev_long,12788.3,12777.4375,12777.5,12849.5,stop,43.19999999999709,-1.0057870370370374,False,False
2023-04-25 14:07:00,2023-04-25 14:09:00,long,ou_rev,ou_rev_long,12782.4,12771.4375,12771.5,12848.5,trail,43.599999999998545,-1.0057339449541287,False,True
2023-04-26 11:15:00,2023-04-26 11:16:00,short,or_rev,or_rev_short,12886.3,12897.0625,12897.0,12845.25,stop,42.80000000000291,-1.0058411214953267,False,False
2023-04-26 11:33:00,2023-04-26 11:34:00,short,vwap_scalp,vwap_scalp_short,12889.1,12900.0625,12900.0,12873.5,stop,43.599999999998545,-1.0057339449541287,False,False
2023-04-26 11:38:00,2023-04-26 11:41:00,short,vwap_scalp,vwap_scalp_short,12891.9,12903.5625,12903.5,12875.75,trail,46.400000000001455,-1.0053879310344827,False,True
2023-04-26 12:32:00,2023-04-26 12:34:00,short,ou_lunch,ou_lunch_short,12903.4,12894.8125,12914.25,12872.25,trail,43.400000000001455,0.7914746543778202,True,True
2023-04-26 12:35:00,2023-04-26 12:36:00,short,ou_lunch,ou_lunch_short,12894.6,12876.0625,12907.25,12872.5,trail,50.599999999998545,1.4654150197629168,True,True
2023-04-26 13:07:00,2023-04-26 13:19:00,short,kalman_mom,kalman_mom_short,12870.3,12870.3625,12882.0,12840.5,trail,46.80000000000291,-0.00534188034188001,True,True
2023-04-26 13:51:00,2023-04-26 13:53:00,short,pm_mom,pm_mom_short,12837.7,12824.3125,12849.0,12814.5,trail,45.19999999999709,1.1847345132744769,True,True
2023-04-26 14:00:00,2023-04-26 14:03:00,long,vwap_scalp,vwap_scalp_long,12839.2,12827.9375,12828.0,12855.0,stop,44.80000000000291,-1.0055803571428568,False,False
2023-04-26 14:50:00,2023-04-26 14:54:00,long,ou_rev,ou_rev_long,12816.0,12803.4375,12803.5,12864.5,stop,50.0,-1.005,False,False
2023-04-27 14:44:00,2023-04-27 14:53:00,short,ou_rev,ou_rev_short,13135.7,13146.0625,13146.0,13046.75,stop,41.19999999999709,-1.006067961165049,False,False
2023-04-28 09:50:00,2023-04-28 09:52:00,long,open_drive,open_drive_long,13132.8,13146.1875,13121.0,13154.75,trail,47.19999999999709,1.1345338983052164,True,True
2023-04-28 11:51:00,2023-04-28 12:01:00,long,kalman_mom,kalman_mom_long,13174.2,13183.6875,13163.75,13200.0,trail,41.80000000000291,0.9078947368419724,True,True
2023-05-01 09:47:00,2023-05-01 09:49:00,long,open_drive,open_drive_long,13226.1,13239.9375,13215.75,13246.25,trail,41.400000000001455,1.3369565217390482,True,True
2023-05-01 11:19:00,2023-05-01 11:21:00,long,vwap_rev,vwap_rev_long,13198.9,13212.6875,13188.25,13227.0,trail,42.599999999998545,1.2946009389672146,False,True
2023-05-02 10:40:00,2023-05-02 10:47:00,long,ema_rev,ema_rev_long,13102.2,13088.9375,13089.0,13127.0,stop,52.80000000000291,-1.0047348484848482,False,False
2023-05-02 11:31:00,2023-05-02 11:34:00,long,ou_lunch,ou_lunch_long,13061.5,13050.4375,13050.5,13137.75,stop,44.0,-1.0056818181818181,False,False
2023-05-02 12:15:00,2023-05-02 12:21:00,long,vwap_scalp,vwap_scalp_long,13074.5,13063.4375,13063.5,13097.75,stop,44.0,-1.0056818181818181,False,False
2023-05-02 13:54:00,2023-05-02 13:57:00,long,pm_mom,pm_mom_long,13144.2,13133.4375,13133.5,13164.75,trail,42.80000000000291,-1.0058411214953267,False,True
2023-05-03 14:16:00,2023-05-03 14:17:00,long,pm_mom,pm_mom_long,13161.0,13172.4375,13144.5,13190.5,trail,66.0,0.6931818181818182,True,True
2023-05-04 09:59:00,2023-05-04 10:00:00,long,open_drive,open_drive_long,12990.4,12975.4375,12975.5,13020.5,stop,59.599999999998545,-1.0041946308724834,False,False
2023-05-04 10:04:00,2023-05-04 10:07:00,long,open_drive,open_drive_long,12985.7,12994.1875,12974.75,13009.25,trail,43.80000000000291,0.7751141552510236,True,True
2023-05-04 10:26:00,2023-05-04 10:27:00,long,ou_rev,ou_rev_long,12954.9,12941.9375,12942.0,12981.5,trail,51.599999999998545,-1.0048449612403103,False,True
2023-05-04 10:29:00,2023-05-04 10:31:00,long,ou_rev,ou_rev_long,12949.2,12938.6875,12938.75,12980.0,stop,41.80000000000291,-1.0059808612440186,False,False
2023-05-04 13:00:00,2023-05-04 13:07:00,long,pd_rev,pd_pdl_long,13023.4,13030.4375,13012.5,13042.75,trail,43.599999999998545,0.6456422018349173,False,True
2023-05-04 13:19:00,2023-05-04 13:20:00,long,kalman_mom,kalman_mom_long,13046.5,13046.4375,13035.5,13075.75,trail,44.0,-0.005681818181818182,True,True
2023-05-04 13:36:00,2023-05-04 13:38:00,long,pm_mom,pm_mom_long,13064.1,13051.1875,13051.25,13088.5,stop,51.400000000001455,-1.0048638132295717,False,False
2023-05-05 10:25:00,2023-05-05 10:30:00,short,or_rev,or_rev_short,13158.2,13169.3125,13169.25,13080.5,stop,44.19999999999709,-1.0056561085972855,False,False
2023-05-08 10:03:00,2023-05-08 10:05:00,long,open_drive,open_drive_long,13219.3,13219.2375,13208.25,13242.0,trail,44.19999999999709,-0.005656108597285441,True,True
2023-05-08 10:12:00,2023-05-08 10:12:00,long,open_drive,open_drive_long,13219.2,13207.1875,13207.25,13244.75,stop,47.80000000000291,-1.0052301255230123,False,False
2023-05-08 10:37:00,2023-05-08 10:41:00,long,or_rev,or_rev_long,13201.4,13212.4375,13191.0,13224.5,trail,41.599999999998545,1.061298076923149,True,True
2023-05-08 14:10:00,2023-05-08 14:13:00,long,ema_rev,ema_rev_long,13235.1,13252.1875,13225.0,13270.5,trail,40.400000000001455,1.6918316831682199,True,True
2023-05-08 14:43:00,2023-05-08 14:49:00,long,pm_mom,pm_mom_long,13289.8,13297.4375,13278.75,13311.75,trail,44.19999999999709,0.6911764705883466,True,True
2023-05-09 09:38:00,2023-05-09 09:39:00,long,open_drive,open_drive_long,13223.9,13213.4375,13213.5,13245.25,stop,41.599999999998545,-1.0060096153846156,False,False
2023-05-10 09:59:00,2023-05-10 10:00:00,long,open_drive,open_drive_long,13304.1,13304.0375,13292.5,13330.25,trail,46.400000000001455,-0.00538793103448259,True,True
2023-05-10 10:18:00,2023-05-10 10:19:00,long,kalman_mom,kalman_mom_long,13362.2,13349.9375,13350.0,13390.25,stop,48.80000000000291,-1.0051229508196717,False,False
2023-05-10 10:52:00,2023-05-10 10:53:00,short,trend,trend_cont_short,13269.8,13252.0625,13286.5,13234.5,trail,66.80000000000291,1.062125748502904,True,True
2023-05-10 10:58:00,2023-05-10 10:58:00,long,vwap_rev,vwap_rev_long,13251.1,13240.9375,13241.0,13316.25,stop,40.400000000001455,-1.0061881188118809,False,False
2023-05-11 10:46:00,2023-05-11 10:47:00,long,or_rev,or_rev_long,13311.5,13326.4375,13299.0,13342.75,trail,50.0,1.195,True,True
2023-05-11 14:01:00,2023-05-11 14:15:00,long,pm_mom,pm_mom_long,13369.8,13376.6875,13359.0,13390.5,trail,43.19999999999709,0.6377314814815919,False,True
2023-05-12 09:43:00,2023-05-12 09:48:00,long,open_drive,open_drive_long,13416.6,13403.1875,13403.25,13442.25,stop,53.400000000001455,-1.0046816479400749,False,False
2023-05-12 09:52:00,2023-05-12 09:53:00,long,ou_rev,ou_rev_long,13391.3,13404.6875,13379.0,13409.75,trail,49.19999999999709,1.088414634146465,True,True
2023-05-12 10:11:00,2023-05-12 10:22:00,long,vwap_scalp,vwap_scalp_long,13361.4,13351.1875,13351.25,13378.25,trail,40.599999999998545,-1.0061576354679804,False,True
2023-05-12 11:18:00,2023-05-12 11:24:00,long,ou_rev,ou_rev_long,13331.3,13331.2375,13319.5,13367.25,trail,47.19999999999709,-0.005296610169491852,True,True
2023-05-12 14:34:00,2023-05-12 14:52:00,long,pm_mom,pm_mom_long,13270.2,13281.4375,13258.25,13293.0,trail,47.80000000000291,0.9403765690375387,True,True
2023-05-15 09:56:00,2023-05-15 09:59:00,long,ou_rev,ou_rev_long,13330.4,13319.9375,13320.0,13347.25,stop,41.599999999998545,-1.0060096153846156,False,False
2023-05-15 10:15:00,2023-05-15 10:24:00,long,ou_rev,ou_rev_long,13304.0,13317.9375,13293.75,13334.75,trail,41.0,1.3597560975609757,True,True
2023-05-17 10:02:00,2023-05-17 10:08:00,long,or_rev,or_rev_long,13425.7,13441.4375,13414.5,13466.5,trail,44.80000000000291,1.4051339285712723,True,True
2023-05-18 10:19:00,2023-05-18 10:23:00,long,trend,trend_cont_long,13685.5,13709.9375,13668.0,13720.75,trail,70.0,1.3964285714285714,True,True
2023-05-18 10:30:00,2023-05-18 10:32:00,long,kalman_mom,kalman_mom_long,13714.6,13729.9375,13703.5,13741.75,trail,44.400000000001455,1.3817567567566786,True,True
2023-05-19 10:06:00,2023-05-19 10:11:00,long,or_rev,or_rev_long,13817.6,13817.5375,13805.75,13854.0,trail,47.400000000001455,-0.005274261603375366,True,True
2023-05-19 10:15:00,2023-05-19 10:20:00,long,open_drive,open_drive_long,13837.2,13847.1875,13824.75,13859.25,trail,49.80000000000291,0.8022088353412601,True,True
2023-05-19 11:36:00,2023-05-19 11:38:00,long,ou_lunch,ou_lunch_long,13795.4,13782.6875,13782.75,13831.25,stop,50.599999999998545,-1.0049407114624507,False,False
2023-05-19 11:41:00,2023-05-19 11:41:00,long,ou_lunch,ou_lunch_long,13778.2,13767.6875,13767.75,13829.5,stop,41.80000000000291,-1.0059808612440186,False,False
2023-05-19 11:45:00,2023-05-19 11:46:00,long,ou_lunch,ou_lunch_long,13788.5,13807.6875,13778.0,13828.0,trail,42.0,1.8273809523809523,True,True
2023-05-19 14:20:00,2023-05-19 14:21:00,long,ou_rev,ou_rev_long,13778.1,13793.9375,13760.5,13813.5,trail,70.40000000000146,0.8998579545454153,False,True
2023-05-19 14:53:00,2023-05-19 14:56:00,long,ou_rev,ou_rev_long,13781.6,13794.9375,13768.5,13810.5,trail,52.400000000001455,1.0181297709923103,True,True
2023-05-23 09:48:00,2023-05-23 09:53:00,long,sweep,sweep_pdl_long,13804.9,13804.8375,13790.5,13841.0,trail,57.599999999998545,-0.004340277777777887,True,True
2023-05-23 10:54:00,2023-05-23 11:03:00,long,pd_rev,pd_pdl_long,13794.9,13808.9375,13781.0,13822.0,trail,55.599999999998545,1.009892086330988,True,True
2023-05-23 12:43:00,2023-05-23 12:43:00,long,vwap_rev,vwap_rev_long,13751.9,13740.9375,13741.0,13802.5,stop,43.599999999998545,-1.0057339449541287,False,False
2023-05-23 14:03:00,2023-05-23 14:09:00,long,pm_mom,pm_mom_long,13734.4,13734.3375,13723.0,13757.5,trail,45.599999999998545,-0.005482456140351052,True,True
2023-05-24 10:16:00,2023-05-24 10:18:00,long,or_rev,or_rev_long,13568.3,13584.4375,13554.0,13598.0,trail,57.19999999999709,1.128496503496612,True,True
2023-05-24 10:32:00,2023-05-24 10:37:00,long,vwap_scalp,vwap_scalp_long,13551.4,13551.3375,13540.5,13567.25,trail,43.599999999998545,-0.0057339449541286315,True,True
2023-05-24 10:43:00,2023-05-24 10:50:00,long,ou_rev,ou_rev_long,13550.7,13536.6875,13536.75,13578.25,trail,55.80000000000291,-1.004480286738351,False,True
2023-05-24 10:58:00,2023-05-24 11:01:00,long,ou_rev,ou_rev_long,13535.8,13524.6875,13524.75,13571.75,stop,44.19999999999709,-1.0056561085972855,False,False
2023-05-24 11:08:00,2023-05-24 11:12:00,long,ou_rev,ou_rev_long,13531.5,13546.1875,13521.5,13568.0,trail,40.0,1.46875,True,True
2023-05-24 11:13:00,2023-05-24 11:17:00,long,ou_rev,ou_rev_long,13546.2,13555.6875,13535.5,13566.75,trail,42.80000000000291,0.8866822429905259,False,True
2023-05-25 10:05:00,2023-05-25 10:06:00,long,open_drive,open_drive_long,13845.5,13861.9375,13833.0,13866.25,trail,50.0,1.315,True,True
2023-05-25 10:40:00,2023-05-25 10:41:00,long,kalman_mom,kalman_mom_long,13857.5,13878.4375,13845.5,13888.75,trail,48.0,1.7447916666666667,True,True
2023-05-30 10:04:00,2023-05-30 10:05:00,long,vwap_rev,vwap_rev_long,14370.1,14380.9375,14359.0,14451.25,trail,44.400000000001455,0.9763513513512866,False,True
2023-05-30 13:33:00,2023-05-30 13:34:00,long,vwap_rev,vwap_rev_long,14344.0,14358.9375,14332.0,14408.5,trail,48.0,1.2447916666666667,True,True
2023-05-31 10:23:00,2023-05-31 10:24:00,long,vwap_rev,vwap_rev_long,14269.6,14258.6875,14258.75,14324.25,trail,43.400000000001455,-1.0057603686635943,False,True
2023-05-31 10:29:00,2023-05-31 10:30:00,long,ema_rev,ema_rev_long,14247.7,14263.9375,14235.5,14277.75,trail,48.80000000000291,1.3309426229506807,True,True
2023-05-31 11:16:00,2023-05-31 11:20:00,short,trend,trend_cont_short,14248.2,14230.5625,14260.0,14223.25,trail,47.19999999999709,1.4947033898306623,True,True
2023-05-31 13:31:00,2023-05-31 13:32:00,long,pm_mom,pm_mom_long,14282.3,14294.1875,14270.75,14302.75,trail,46.19999999999709,1.0292207792209072,True,True
2023-06-01 11:38:00,2023-06-01 11:39:00,long,kalman_mom,kalman_mom_long,14374.2,14363.6875,14363.75,14400.5,stop,41.80000000000291,-1.0059808612440186,False,False
2023-06-01 11:53:00,2023-06-01 11:56:00,long,trend,trend_cont_long,14378.3,14378.2375,14368.0,14399.0,trail,41.19999999999709,-0.006067961165048972,True,True
2023-06-01 14:22:00,2023-06-01 14:32:00,long,pm_mom,pm_mom_long,14464.2,14452.6875,14452.75,14486.0,stop,45.80000000000291,-1.0054585152838424,False,False
2023-06-02 10:02:00,2023-06-02 10:02:00,long,or_rev,or_rev_long,14453.6,14440.9375,14441.0,14550.0,stop,50.400000000001455,-1.0049603174603172,False,False
2023-06-02 10:21:00,2023-06-02 10:22:00,long,kalman_mom,kalman_mom_long,14500.6,14490.4375,14490.5,14525.5,trail,40.400000000001455,-1.0061881188118809,False,True
2023-06-05 14:24:00,2023-06-05 14:26:00,long,pm_mom,pm_mom_long,14601.8,14590.9375,14591.0,14621.5,stop,43.19999999999709,-1.0057870370370374,False,False
2023-06-06 09:49:00,2023-06-06 09:52:00,long,sweep,sweep_pdl_long,14519.5,14500.1875,14500.25,14569.5,trail,77.0,-1.0032467532467533,False,True
2023-06-06 09:56:00,2023-06-06 09:59:00,long,pd_rev,pd_pdl_long,14514.6,14524.4375,14503.25,14537.75,trail,45.400000000001455,0.866740088105667,True,True
2023-06-06 10:26:00,2023-06-06 10:36:00,long,trend,trend_cont_long,14549.3,14532.9375,14533.0,14582.5,stop,65.19999999999709,-1.003834355828221,False,False
2023-06-06 14:11:00,2023-06-06 14:13:00,long,pm_mom,pm_mom_long,14535.1,14543.6875,14524.0,14557.5,trail,44.400000000001455,0.7736486486485905,False,True
2023-06-07 10:15:00,2023-06-07 10:17:00,short,trend,trend_cont_short,14575.9,14547.3125,14592.75,14541.75,trail,67.40000000000146,1.6965875370919299,True,True
2023-06-07 10:18:00,2023-06-07 10:23:00,long,or_rev,or_rev_long,14560.2,14546.1875,14546.25,14605.0,stop,55.80000000000291,-1.004480286738351,False,False
2023-06-07 10:57:00,2023-06-07 11:00:00,long,vwap_rev,vwap_rev_long,14432.3,14450.1875,14421.75,14559.25,trail,42.19999999999709,1.6954976303319393,True,True
2023-06-09 10:17:00,2023-06-09 10:17:00,long,kalman_mom,kalman_mom_long,14664.7,14653.9375,14654.0,14689.0,stop,42.80000000000291,-1.0058411214953267,False,False
2023-06-09 10:53:00,2023-06-09 10:54:00,long,ema_rev,ema_rev_long,14556.1,14556.0375,14543.5,14602.0,trail,50.400000000001455,-0.004960317460317317,True,True
2023-06-09 11:35:00,2023-06-09 11:37:00,long,or_rev,or_rev_long,14532.4,14550.9375,14519.0,14574.25,trail,53.599999999998545,1.3833955223881245,True,True
2023-06-09 13:57:00,2023-06-09 13:57:00,long,pm_mom,pm_mom_long,14601.9,14590.9375,14591.0,14623.0,stop,43.599999999998545,-1.0057339449541287,False,False
2023-06-12 10:11:00,2023-06-12 10:13:00,long,or_rev,or_rev_long,14585.9,14575.6875,14575.75,14605.0,stop,40.599999999998545,-1.0061576354679804,False,False
2023-06-13 10:06:00,2023-06-13 10:07:00,long,or_rev,or_rev_long,14829.6,14829.5375,14817.5,14898.0,trail,48.400000000001455,-0.005165289256198192,True,True
2023-06-13 14:50:00,2023-06-13 14:50:00,long,pm_mom,pm_mom_long,14847.4,14835.6875,14835.75,14870.75,stop,46.599999999998545,-1.005364806866953,False,False
2023-06-14 10:23:00,2023-06-14 10:24:00,long,trend,trend_cont_long,14972.3,14958.1875,14958.25,15001.0,stop,56.19999999999709,-1.0044483985765127,False,False
2023-06-15 13:44:00,2023-06-15 13:45:00,long,pm_mom,pm_mom_long,15132.7,15144.4375,15122.5,15153.25,trail,40.80000000000291,1.1507352941174935,True,True
2023-06-15 14:49:00,2023-06-15 14:51:00,long,trend,trend_cont_long,15204.1,15215.6875,15192.5,15228.25,trail,46.400000000001455,0.9989224137930408,False,True
2023-06-16 10:12:00,2023-06-16 10:13:00,long,open_drive,open_drive_long,15197.0,15212.6875,15184.25,15221.0,trail,51.0,1.2303921568627452,True,True
2023-06-16 10:29:00,2023-06-16 10:30:00,long,kalman_mom,kalman_mom_long,15201.5,15226.9375,15191.25,15228.0,trail,41.0,2.481707317073171,True,True
2023-06-20 10:20:00,2023-06-20 10:20:00,long,or_rev,or_rev_long,15014.4,15002.4375,15002.5,15067.0,stop,47.599999999998545,-1.0052521008403363,False,False
2023-06-20 10:25:00,2023-06-20 10:27:00,long,vwap_rev,vwap_rev_long,14980.9,14968.6875,14968.75,15062.5,stop,48.599999999998545,-1.0051440329218109,False,False
2023-06-20 10:31:00,2023-06-20 10:31:00,long,vwap_rev,vwap_rev_long,14961.4,14949.4375,14949.5,15053.5,stop,47.599999999998545,-1.0052521008403363,False,False
2023-06-20 10:39:00,2023-06-20 10:42:00,short,trend,trend_cont_short,14958.4,14972.0625,14972.0,14928.0,stop,54.400000000001455,-1.004595588235294,False,False
2023-06-21 10:01:00,2023-06-21 10:01:00,long,ou_rev,ou_rev_long,14944.3,14933.6875,14933.75,14990.75,stop,42.19999999999709,-1.0059241706161142,False,False
2023-06-21 10:23:00,2023-06-21 10:24:00,long,vwap_scalp,vwap_scalp_long,14925.3,14932.4375,14914.25,14943.75,trail,44.19999999999709,0.6459276018100631,False,True
2023-06-21 10:40:00,2023-06-21 10:44:00,long,ou_rev,ou_rev_long,14919.1,14900.9375,14901.0,14953.25,trail,72.40000000000146,-1.003453038674033,False,True
2023-06-21 10:49:00,2023-06-21 10:49:00,long,ou_rev,ou_rev_long,14890.6,14877.1875,14877.25,14947.75,stop,53.400000000001455,-1.0046816479400749,False,False
2023-06-21 10:53:00,2023-06-21 10:56:00,long,ou_rev,ou_rev_long,14872.1,14884.9375,14857.5,14944.25,trail,58.400000000001455,0.8792808219177614,False,True
2023-06-21 11:31:00,2023-06-21 11:34:00,long,ou_lunch,ou_lunch_long,14865.8,14865.7375,14851.5,14917.75,trail,57.19999999999709,-0.004370629370629593,True,True
2023-06-21 13:39:00,2023-06-21 13:41:00,long,pm_mom,pm_mom_long,14886.3,14894.1875,14875.5,14910.0,trail,43.19999999999709,0.7303240740741906,True,True
2023-06-21 14:46:00,2023-06-21 14:48:00,long,sweep,sweep_pdl_long,14949.9,14938.4375,14938.5,14977.75,stop,45.599999999998545,-1.005482456140351,False,False
2023-06-21 15:00:00,2023-06-21 15:02:00,long,sweep,sweep_pdl_long,14952.1,14938.4375,14938.5,14986.5,stop,54.400000000001455,-1.004595588235294,False,False
2023-06-22 10:05:00,2023-06-22 10:06:00,long,trend,trend_cont_long,14917.6,14925.9375,14904.0,14947.5,trail,54.400000000001455,0.6130514705881921,False,True
2023-06-22 10:21:00,2023-06-22 10:22:00,long,trend,trend_cont_long,14961.2,14948.4375,14948.5,14992.5,stop,50.80000000000291,-1.0049212598425195,False,False
2023-06-22 10:28:00,2023-06-22 10:29:00,long,kalman_mom,kalman_mom_long,14952.9,14966.9375,14942.0,14980.0,trail,43.599999999998545,1.287844036697324,False,True
2023-06-22 13:42:00,2023-06-22 13:44:00,long,pm_mom,pm_mom_long,14962.3,14971.1875,14952.0,14983.0,trail,41.19999999999709,0.8628640776700345,False,True
2023-06-23 11:30:00,2023-06-23 11:34:00,long,or_rev,or_rev_long,14849.9,14849.8375,14839.0,14884.0,trail,43.599999999998545,-0.0057339449541286315,True,True
2023-06-26 11:11:00,2023-06-26 11:13:00,long,or_rev,or_rev_long,14859.9,14846.6875,14846.75,14889.75,trail,52.599999999998545,-1.0047528517110267,False,True
2023-06-26 12:16:00,2023-06-26 12:18:00,long,vwap_rev,vwap_rev_long,14763.9,14778.9375,14753.5,14887.0,trail,41.599999999998545,1.4459134615385472,False,True
2023-06-26 12:45:00,2023-06-26 12:48:00,long,vwap_rev,vwap_rev_long,14722.1,14735.9375,14711.5,14867.75,trail,42.400000000001455,1.3054245283018078,True,True
2023-06-26 13:35:00,2023-06-26 13:37:00,long,pm_mom,pm_mom_long,14759.6,14747.4375,14747.5,14782.0,stop,48.400000000001455,-1.0051652892561982,False,False
2023-06-26 14:13:00,2023-06-26 14:23:00,long,ou_rev,ou_rev_long,14751.4,14733.9375,14734.0,14834.25,stop,69.59999999999854,-1.0035919540229885,False,False
2023-06-26 14:33:00,2023-06-26 14:36:00,long,ou_rev,ou_rev_long,14750.8,14764.9375,14739.5,14829.25,trail,45.19999999999709,1.2511061946904105,True,True
2023-06-27 10:15:00,2023-06-27 10:16:00,long,ou_rev,ou_rev_long,14733.3,14755.9375,14721.25,14774.5,trail,48.19999999999709,1.8786307053943647,True,True
2023-06-27 11:15:00,2023-06-27 11:16:00,long,ou_rev,ou_rev_long,14741.8,14757.6875,14730.5,14766.0,trail,45.19999999999709,1.4059734513275886,True,True
2023-06-28 10:48:00,2023-06-28 10:51:00,long,trend,trend_cont_long,15027.9,15039.9375,15015.0,15054.75,trail,51.599999999998545,0.9331395348837754,True,True
2023-06-28 13:32:00,2023-06-28 13:33:00,long,trend,trend_cont_long,14971.2,14954.4375,14954.5,15006.0,stop,66.80000000000291,-1.0037425149700596,False,False
2023-06-28 14:18:00,2023-06-28 14:21:00,long,trend,trend_cont_long,14968.2,14975.6875,14957.5,14990.5,trail,42.80000000000291,0.6997663551400713,False,True
2023-06-29 10:19:00,2023-06-29 10:23:00,long,or_rev,or_rev_long,14916.1,14943.1875,14903.5,14948.75,trail,50.400000000001455,2.1498015873014964,True,True
2023-06-30 14:30:00,2023-06-30 14:32:00,long,pm_mom,pm_mom_long,15201.8,15189.4375,15189.5,15225.5,stop,49.19999999999709,-1.0050813008130084,False,False
2023-07-03 10:46:00,2023-07-03 10:52:00,long,vwap_rev,vwap_rev_long,15169.8,15169.7375,15158.5,15204.75,trail,45.19999999999709,-0.00553097345132779,True,True
2023-07-03 10:55:00,2023-07-03 10:59:00,long,ou_rev,ou_rev_long,15174.8,15163.4375,15163.5,15201.5,stop,45.19999999999709,-1.0055309734513278,False,False
2023-07-03 11:16:00,2023-07-03 11:20:00,long,ou_rev,ou_rev_long,15171.2,15171.1375,15161.0,15195.0,trail,40.80000000000291,-0.00612745098039172,True,True
2023-07-03 11:36:00,2023-07-03 11:41:00,long,ou_lunch,ou_lunch_long,15167.0,15156.1875,15156.25,15191.5,stop,43.0,-1.005813953488372,False,False
2023-07-05 10:37:00,2023-07-05 10:45:00,long,trend,trend_cont_long,15276.3,15261.6875,15261.75,15306.0,stop,58.19999999999709,-1.0042955326460483,False,False
2023-07-05 14:38:00,2023-07-05 14:40:00,long,pm_mom,pm_mom_long,15199.5,15211.9375,15187.25,15224.5,trail,49.0,1.0153061224489797,True,True
2023-07-06 10:07:00,2023-07-06 10:12:00,long,or_rev,or_rev_long,14985.9,14974.9375,14975.0,15028.75,stop,43.599999999998545,-1.0057339449541287,False,False
2023-07-06 14:46:00,2023-07-06 14:50:00,long,pm_mom,pm_mom_long,15092.8,15106.4375,15079.75,15118.5,trail,52.19999999999709,1.0450191570882366,True,True
2023-07-07 10:37:00,2023-07-07 10:38:00,long,vwap_rev,vwap_rev_long,15044.9,15061.9375,15034.25,15094.5,trail,42.599999999998545,1.5997652582160513,True,True
2023-07-10 10:05:00,2023-07-10 10:09:00,long,or_rev,or_rev_long,14996.6,15023.4375,14984.25,15046.5,trail,49.400000000001455,2.1730769230768296,True,True
2023-07-11 10:10:00,2023-07-11 10:15:00,long,ou_rev,ou_rev_long,14987.9,14971.4375,14971.5,15031.5,trail,65.59999999999854,-1.0038109756097562,False,True
2023-07-11 10:17:00,2023-07-11 10:18:00,long,ou_rev,ou_rev_long,14983.9,15001.9375,14969.25,15025.25,trail,58.599999999998545,1.2312286689420349,True,True
2023-07-11 12:31:00,2023-07-11 12:33:00,long,ema_rev,ema_rev_long,15055.5,15066.4375,15041.25,15076.0,trail,57.0,0.7675438596491229,False,True
2023-07-11 14:58:00,2023-07-11 15:21:00,long,trend,trend_cont_long,15070.5,15080.9375,15055.0,15103.25,trail,62.0,0.6733870967741935,False,True
2023-07-12 11:50:00,2023-07-12 11:52:00,long,vwap_rev,vwap_rev_long,15249.8,15237.4375,15237.5,15315.0,stop,49.19999999999709,-1.0050813008130084,False,False
2023-07-12 12:51:00,2023-07-12 12:58:00,long,kalman_mom,kalman_mom_long,15287.5,15276.6875,15276.75,15314.25,stop,43.0,-1.005813953488372,False,False
2023-07-14 10:21:00,2023-07-14 10:22:00,long,kalman_mom,kalman_mom_long,15714.8,15703.6875,15703.75,15744.0,stop,44.19999999999709,-1.0056561085972855,False,False
2023-07-14 12:54:00,2023-07-14 12:55:00,long,ou_lunch,ou_lunch_long,15639.5,15628.4375,15628.5,15663.0,stop,44.0,-1.0056818181818181,False,False
2023-07-14 13:11:00,2023-07-14 13:13:00,long,ou_lunch,ou_lunch_long,15600.3,15610.9375,15589.5,15659.25,trail,43.19999999999709,0.9849537037038374,True,True
2023-07-14 13:17:00,2023-07-14 13:17:00,long,vwap_scalp,vwap_scalp_long,15621.9,15611.1875,15611.25,15640.0,stop,42.599999999998545,-1.0058685446009392,False,False
2023-07-14 13:36:00,2023-07-14 13:57:00,long,ou_rev,ou_rev_long,15624.0,15608.9375,15609.0,15655.0,stop,60.0,-1.0041666666666667,False,False
2023-07-14 14:02:00,2023-07-14 14:09:00,long,ou_rev,ou_rev_long,15616.0,15627.9375,15601.25,15652.25,trail,59.0,0.809322033898305,False,True
2023-07-14 14:10:00,2023-07-14 14:19:00,long,ou_rev,ou_rev_long,15627.3,15616.6875,15616.75,15651.75,stop,42.19999999999709,-1.0059241706161142,False,False
2023-07-18 10:07:00,2023-07-18 10:08:00,long,open_drive,open_drive_long,15636.7,15636.6375,15624.75,15661.25,trail,47.80000000000291,-0.005230125523012234,True,True
2023-07-18 12:00:00,2023-07-18 12:03:00,long,kalman_mom,kalman_mom_long,15750.6,15750.5375,15739.25,15778.5,trail,45.400000000001455,-0.005506607929515242,True,True
2023-07-18 14:22:00,2023-07-18 14:24:00,long,pm_mom,pm_mom_long,15858.1,15858.0375,15846.75,15880.0,trail,45.400000000001455,-0.005506607929515242,True,True
2023-07-19 13:32:00,2023-07-19 13:35:00,long,ou_rev,ou_rev_long,15819.0,15808.9375,15809.0,15871.75,stop,40.0,-1.00625,False,False
2023-07-19 13:38:00,2023-07-19 13:40:00,long,ou_rev,ou_rev_long,15811.7,15799.4375,15799.5,15870.5,stop,48.80000000000291,-1.0051229508196717,False,False
2023-07-20 10:08:00,2023-07-20 10:09:00,long,or_rev,or_rev_long,15691.1,15677.9375,15678.0,15730.25,stop,52.400000000001455,-1.004770992366412,False,False
2023-07-20 10:12:00,2023-07-20 10:13:00,short,trend,trend_cont_short,15678.5,15694.5625,15694.5,15646.25,stop,64.0,-1.00390625,False,False
2023-07-20 10:17:00,2023-07-20 10:20:00,short,trend,trend_cont_short,15681.9,15661.0625,15697.75,15649.5,trail,63.400000000001455,1.3146687697160353,True,True
2023-07-20 10:31:00,2023-07-20 10:31:00,long,ema_rev,ema_rev_long,15632.2,15621.6875,15621.75,15658.25,stop,41.80000000000291,-1.0059808612440186,False,False
2023-07-20 11:33:00,2023-07-20 11:34:00,long,kalman_mom,kalman_mom_long,15635.3,15645.4375,15624.25,15662.75,trail,44.19999999999709,0.9174208144797643,False,True
2023-07-20 14:59:00,2023-07-20 14:59:00,long,ou_rev,ou_rev_long,15497.8,15487.6875,15487.75,15613.25,stop,40.19999999999709,-1.0062189054726374,False,False
2023-07-21 10:23:00,2023-07-21 10:23:00,long,or_rev,or_rev_long,15516.2,15501.6875,15501.75,15567.25,stop,57.80000000000291,-1.0043252595155707,False,False
2023-07-21 10:32:00,2023-07-21 10:33:00,long,ou_rev,ou_rev_long,15447.3,15466.6875,15431.75,15520.25,trail,62.19999999999709,1.2467845659165038,True,True
2023-07-21 10:45:00,2023-07-21 10:47:00,long,ou_rev,ou_rev_long,15462.6,15482.1875,15450.25,15510.0,trail,49.400000000001455,1.5860323886638914,False,True
2023-07-21 12:33:00,2023-07-21 12:34:00,long,ou_lunch,ou_lunch_long,15464.8,15464.7375,15454.5,15497.0,trail,41.19999999999709,-0.006067961165048972,True,True
2023-07-21 12:36:00,2023-07-21 12:43:00,long,ou_lunch,ou_lunch_long,15469.3,15456.6875,15456.75,15496.75,stop,50.19999999999709,-1.0049800796812751,False,False
2023-07-21 13:53:00,2023-07-21 13:54:00,long,pm_mom,pm_mom_long,15522.3,15529.1875,15512.0,15543.25,trail,41.19999999999709,0.6686893203884674,True,True
2023-07-24 10:03:00,2023-07-24 10:07:00,long,or_rev,or_rev_long,15399.6,15410.6875,15388.75,15486.75,trail,43.400000000001455,1.021889400921591,True,True
2023-07-24 10:16:00,2023-07-24 10:17:00,long,open_drive,open_drive_long,15442.2,15453.9375,15430.75,15463.25,trail,45.80000000000291,1.0251091703055482,True,True
2023-07-25 14:32:00,2023-07-25 14:37:00,long,pm_mom,pm_mom_long,15607.8,15619.1875,15597.0,15629.5,trail,43.19999999999709,1.0543981481482865,True,True
2023-07-26 11:05:00,2023-07-26 11:10:00,long,vwap_rev,vwap_rev_long,15417.3,15431.9375,15406.75,15490.75,trail,42.19999999999709,1.3874407582940036,True,True
2023-07-26 11:11:00,2023-07-26 11:14:00,long,vwap_rev,vwap_rev_long,15427.8,15437.9375,15417.0,15487.0,trail,43.19999999999709,0.938657407407538,True,True
2023-07-27 10:35:00,2023-07-27 10:37:00,long,or_rev,or_rev_long,15678.3,15690.4375,15665.0,15749.0,trail,53.19999999999709,0.9125939849625107,False,True
2023-07-27 11:13:00,2023-07-27 11:15:00,short,trend,trend_cont_short,15675.2,15675.2625,15688.25,15648.5,trail,52.19999999999709,-0.004789272030651608,True,True
2023-07-27 11:16:00,2023-07-27 11:17:00,short,trend,trend_cont_short,15673.5,15673.5625,15683.5,15653.5,trail,40.0,-0.00625,True,True
2023-07-27 12:09:00,2023-07-27 12:11:00,long,kalman_mom,kalman_mom_long,15715.0,15724.9375,15705.0,15741.25,trail,40.0,0.99375,False,True
2023-07-27 13:34:00,2023-07-27 13:35:00,long,vwap_rev,vwap_rev_long,15629.9,15629.8375,15618.0,15714.25,trail,47.599999999998545,-0.005252100840336295,True,True
2023-07-27 13:56:00,2023-07-27 13:57:00,long,vwap_rev,vwap_rev_long,15613.2,15613.1375,15601.5,15706.5,trail,46.80000000000291,-0.00534188034188001,True,True
2023-07-28 13:38:00,2023-07-28 13:41:00,long,ema_rev,ema_rev_long,15701.9,15701.8375,15691.25,15721.5,trail,42.599999999998545,-0.005868544600939167,True,True
2023-07-28 13:54:00,2023-07-28 13:58:00,long,pm_mom,pm_mom_long,15708.2,15724.9375,15695.0,15735.5,trail,52.80000000000291,1.2679924242422993,True,True
2023-07-31 10:03:00,2023-07-31 10:06:00,long,or_rev,or_rev_long,15718.8,15735.9375,15708.25,15768.25,trail,42.19999999999709,1.6244075829385696,False,True
2023-07-31 13:08:00,2023-07-31 13:09:00,long,ou_lunch,ou_lunch_long,15729.8,15742.4375,15717.25,15752.25,trail,50.19999999999709,1.0069721115539012,True,True
2023-08-01 10:07:00,2023-08-01 10:08:00,long,sweep,sweep_pdl_long,15710.0,15691.9375,15692.0,15757.75,stop,72.0,-1.0034722222222223,False,False
2023-08-01 10:21:00,2023-08-01 10:23:00,long,ou_rev,ou_rev_long,15644.4,15660.4375,15630.0,15686.5,trail,57.599999999998545,1.1137152777778312,False,True
2023-08-01 10:37:00,2023-08-01 10:38:00,long,pd_rev,pd_pdl_long,15704.4,15716.4375,15691.5,15729.25,trail,51.599999999998545,0.9331395348837754,True,True
2023-08-02 10:17:00,2023-08-02 10:17:00,long,ou_rev,ou_rev_long,15439.7,15428.4375,15428.5,15502.0,stop,44.80000000000291,-1.0055803571428568,False,False
2023-08-02 10:20:00,2023-08-02 10:23:00,long,ou_rev,ou_rev_long,15443.6,15456.9375,15429.5,15498.25,trail,56.400000000001455,0.9459219858155526,True,True
2023-08-02 10:32:00,2023-08-02 10:43:00,long,ou_rev,ou_rev_long,15453.7,15439.9375,15440.0,15490.25,trail,54.80000000000291,-1.0045620437956202,False,True
2023-08-02 11:53:00,2023-08-02 11:56:00,long,ou_lunch,ou_lunch_long,15386.3,15372.9375,15373.0,15450.5,stop,53.19999999999709,-1.004699248120301,False,False
2023-08-02 12:09:00,2023-08-02 12:12:00,long,ema_rev,ema_rev_long,15339.8,15328.1875,15328.25,15360.0,trail,46.19999999999709,-1.0054112554112558,False,True
2023-08-02 12:45:00,2023-08-02 12:46:00,long,vwap_scalp,vwap_scalp_long,15375.5,15384.4375,15365.5,15400.5,trail,40.0,0.89375,True,True
2023-08-02 13:34:00,2023-08-02 13:44:00,long,pm_mom,pm_mom_long,15410.6,15396.1875,15396.25,15434.5,stop,57.400000000001455,-1.004355400696864,False,False
2023-08-03 10:06:00,2023-08-03 10:07:00,short,or_rev,or_rev_short,15358.7,15338.5625,15372.75,15292.25,trail,56.19999999999709,1.433274021352439,True,True
2023-08-03 10:41:00,2023-08-03 10:46:00,long,sweep,sweep_pdl_long,15336.3,15319.9375,15320.0,15381.25,trail,65.19999999999709,-1.003834355828221,False,True
2023-08-03 10:49:00,2023-08-03 10:52:00,long,sweep,sweep_pdl_long,15333.9,15315.6875,15315.75,15382.25,stop,72.59999999999854,-1.003443526170799,False,False
2023-08-03 11:24:00,2023-08-03 11:25:00,short,vwap_scalp,vwap_scalp_short,15380.4,15380.4625,15392.5,15354.5,trail,48.400000000001455,-0.005165289256198192,True,True
2023-08-03 11:34:00,2023-08-03 11:36:00,short,vwap_scalp,vwap_scalp_short,15372.4,15372.4625,15384.25,15352.0,trail,47.400000000001455,-0.005274261603375366,True,True
2023-08-03 14:58:00,2023-08-03 15:07:00,short,ou_rev,ou_rev_short,15384.2,15369.5625,15395.75,15364.5,trail,46.19999999999709,1.2673160173161602,True,True
2023-08-04 10:17:00,2023-08-04 10:17:00,short,kalman_mom,kalman_mom_short,15340.3,15352.8125,15352.75,15310.75,stop,49.80000000000291,-1.0050200803212848,False,False
2023-08-04 13:44:00,2023-08-04 13:46:00,short,pm_mom,pm_mom_short,15464.3,15474.5625,15474.5,15444.5,stop,40.80000000000291,-1.0061274509803917,False,False
2023-08-07 09:54:00,2023-08-07 09:56:00,long,open_drive,open_drive_long,15344.4,15344.3375,15331.0,15366.0,trail,53.599999999998545,-0.004664179104477738,True,True
2023-08-07 10:04:00,2023-08-07 10:07:00,long,ou_rev,ou_rev_long,15296.1,15312.9375,15280.0,15335.75,trail,64.40000000000146,1.0458074534161028,True,True
2023-08-07 10:10:00,2023-08-07 10:12:00,long,open_drive,open_drive_long,15338.9,15338.8375,15325.75,15364.25,trail,52.599999999998545,-0.004752851711026748,True,True
2023-08-07 11:10:00,2023-08-07 11:12:00,long,ema_rev,ema_rev_long,15287.9,15297.4375,15274.25,15308.25,trail,54.599999999998545,0.698717948717994,False,True
2023-08-07 11:22:00,2023-08-07 11:24:00,long,vwap_rev,vwap_rev_long,15269.2,15287.9375,15257.75,15328.25,trail,45.80000000000291,1.6364628820959024,True,True
2023-08-08 10:54:00,2023-08-08 10:57:00,long,ou_rev,ou_rev_long,15184.2,15169.4375,15169.5,15215.5,stop,58.80000000000291,-1.0042517006802718,False,False
2023-08-08 11:05:00,2023-08-08 11:12:00,long,ou_rev,ou_rev_long,15159.8,15146.4375,15146.5,15209.75,stop,53.19999999999709,-1.004699248120301,False,False
2023-08-08 11:22:00,2023-08-08 11:26:00,long,vwap_scalp,vwap_scalp_long,15170.2,15177.9375,15159.25,15186.5,trail,43.80000000000291,0.7066210045660967,True,True
2023-08-08 11:58:00,2023-08-08 12:05:00,long,ou_lunch,ou_lunch_long,15168.8,15178.9375,15154.25,15195.5,trail,58.19999999999709,0.6967353951890883,True,True
2023-08-08 13:32:00,2023-08-08 13:35:00,long,pm_mom,pm_mom_long,15220.4,15208.1875,15208.25,15245.5,stop,48.599999999998545,-1.0051440329218109,False,False
2023-08-09 09:53:00,2023-08-09 09:57:00,long,ema_rev,ema_rev_long,15201.4,15211.9375,15189.0,15233.5,trail,49.599999999998545,0.8497983870968284,False,True
2023-08-09 10:14:00,2023-08-09 10:14:00,long,or_rev,or_rev_long,15220.0,15209.4375,15209.5,15257.5,stop,42.0,-1.005952380952381,False,False
2023-08-09 13:08:00,2023-08-09 13:14:00,long,pd_rev,pd_pdl_long,15149.6,15163.4375,15135.5,15179.0,trail,56.400000000001455,0.9813829787233531,True,True
2023-08-09 13:32:00,2023-08-09 14:01:00,long,pm_mom,pm_mom_long,15183.6,15168.9375,15169.0,15212.5,stop,58.400000000001455,-1.004280821917808,False,False
2023-08-10 09:53:00,2023-08-10 09:55:00,short,ou_rev,ou_rev_short,15303.3,15316.0625,15316.0,15264.25,stop,50.80000000000291,-1.0049212598425195,False,False
2023-08-10 09:57:00,2023-08-10 09:59:00,short,ou_rev,ou_rev_short,15317.9,15328.8125,15328.75,15271.0,stop,43.400000000001455,-1.0057603686635943,False,False
2023-08-10 10:05:00,2023-08-10 10:10:00,short,ou_rev,ou_rev_short,15356.4,15356.4625,15367.5,15287.75,trail,44.400000000001455,-0.0056306306306304465,True,True
2023-08-10 10:12:00,2023-08-10 10:14:00,short,ou_rev,ou_rev_short,15343.0,15343.0625,15360.5,15298.25,trail,70.0,-0.0035714285714285713,True,True
2023-08-10 10:42:00,2023-08-10 10:43:00,short,pd_rev,pd_pdh_short,15289.9,15271.5625,15303.75,15264.0,trail,55.400000000001455,1.3240072202165454,True,True
2023-08-10 13:38:00,2023-08-10 13:43:00,short,pm_mom,pm_mom_short,15118.2,15085.3125,15131.0,15092.0,trail,51.19999999999709,2.569335937500203,True,True
2023-08-10 14:02:00,2023-08-10 14:03:00,long,ou_rev,ou_rev_long,15082.3,15100.4375,15068.75,15218.25,trail,54.19999999999709,1.3385608856089817,True,True
2023-08-11 10:19:00,2023-08-11 10:20:00,short,or_rev,or_rev_short,15074.8,15063.0625,15087.75,15017.5,trail,51.80000000000291,0.9063706563705493,False,True
2023-08-11 10:41:00,2023-08-11 10:42:00,long,sweep,sweep_pdl_long,15077.6,15077.5375,15061.5,15119.0,trail,64.40000000000146,-0.003881987577639664,True,True
2023-08-11 11:32:00,2023-08-11 11:34:00,long,vwap_scalp,vwap_scalp_long,14995.2,14984.1875,14984.25,15015.25,stop,43.80000000000291,-1.0057077625570772,False,False
2023-08-11 11:37:00,2023-08-11 11:38:00,long,vwap_scalp,vwap_scalp_long,14977.7,14993.1875,14966.75,15004.75,trail,43.80000000000291,1.4143835616436753,True,True
2023-08-11 12:17:00,2023-08-11 12:19:00,short,ema_rev,ema_rev_short,15037.0,15025.8125,15050.25,15019.25,trail,53.0,0.8443396226415094,True,True
2023-08-14 10:09:00,2023-08-14 10:09:00,short,or_rev,or_rev_short,15062.4,15075.0625,15075.0,15009.0,stop,50.400000000001455,-1.0049603174603172,False,False
2023-08-14 10:17:00,2023-08-14 10:18:00,short,vwap_scalp,vwap_scalp_short,15093.0,15093.0625,15103.75,15066.0,trail,43.0,-0.005813953488372093,True,True
2023-08-14 10:21:00,2023-08-14 10:23:00,short,vwap_scalp,vwap_scalp_short,15085.7,15096.0625,15096.0,15063.25,trail,41.19999999999709,-1.006067961165049,False,True
2023-08-14 10:28:00,2023-08-14 10:30:00,short,ou_rev,ou_rev_short,15097.4,15074.5625,15109.5,15048.25,trail,48.400000000001455,1.8873966942147893,True,True
2023-08-14 10:31:00,2023-08-14 10:34:00,short,ou_rev,ou_rev_short,15082.9,15100.5625,15100.5,15050.0,stop,70.40000000000146,-1.0035511363636362,False,False
2023-08-14 13:25:00,2023-08-14 13:27:00,short,ou_lunch,ou_lunch_short,15167.7,15155.8125,15178.25,15116.75,trail,42.19999999999709,1.1267772511849807,True,True
2023-08-14 13:53:00,2023-08-14 14:00:00,short,pm_mom,pm_mom_short,15142.2,15152.5625,15152.5,15121.0,trail,41.19999999999709,-1.006067961165049,False,True
2023-08-15 10:04:00,2023-08-15 10:06:00,long,ou_rev,ou_rev_long,15104.8,15090.9375,15091.0,15143.75,trail,55.19999999999709,-1.0045289855072466,False,True
2023-08-15 10:13:00,2023-08-15 10:21:00,long,vwap_scalp,vwap_scalp_long,15076.8,15064.9375,15065.0,15103.5,stop,47.19999999999709,-1.0052966101694918,False,False
2023-08-15 11:57:00,2023-08-15 12:01:00,long,kalman_mom,kalman_mom_long,15122.8,15142.9375,15112.5,15148.0,trail,41.19999999999709,1.9550970873788496,True,True
2023-08-15 13:44:00,2023-08-15 13:48:00,short,pm_mom,pm_mom_short,15077.8,15088.0625,15088.0,15056.5,trail,40.80000000000291,-1.0061274509803917,False,True
2023-08-16 10:04:00,2023-08-16 10:07:00,long,pd_rev,pd_pdl_long,15015.6,15040.9375,15004.0,15039.5,trail,46.400000000001455,2.1842672413792106,True,True
2023-08-17 13:06:00,2023-08-17 13:12:00,short,ou_lunch,ou_lunch_short,14878.7,14864.5625,14891.0,14849.0,trail,49.19999999999709,1.1493902439025663,True,True
2023-08-17 14:06:00,2023-08-17 14:08:00,short,trend,trend_cont_short,14803.6,14803.6625,14816.25,14777.5,trail,50.599999999998545,-0.004940711462450735,True,True
2023-08-17 14:17:00,2023-08-17 14:24:00,short,trend,trend_cont_short,14789.8,14781.3125,14805.0,14758.0,trail,60.80000000000291,0.5583881578946622,False,True
2023-08-18 10:43:00,2023-08-18 10:46:00,short,vwap_rev,vwap_rev_short,14632.8,14625.0625,14643.75,14597.0,trail,43.80000000000291,0.7066210045660967,False,True
2023-08-18 11:08:00,2023-08-18 11:09:00,short,ou_rev,ou_rev_short,14641.1,14625.3125,14656.0,14604.0,trail,59.599999999998545,1.059563758389312,True,True
2023-08-18 11:20:00,2023-08-18 11:23:00,short,ou_rev,ou_rev_short,14644.6,14644.6625,14658.75,14607.75,trail,56.599999999998545,-0.004416961130742163,True,True
2023-08-18 12:25:00,2023-08-18 12:30:00,short,kalman_mom,kalman_mom_short,14656.8,14656.8625,14667.25,14630.5,trail,41.80000000000291,-0.005980861244018722,True,True
2023-08-18 14:19:00,2023-08-18 14:22:00,short,ou_rev,ou_rev_short,14674.6,14691.0625,14691.0,14635.5,stop,65.59999999999854,-1.0038109756097562,False,False
2023-08-18 14:27:00,2023-08-18 14:29:00,short,ou_rev,ou_rev_short,14671.3,14683.8125,14683.75,14636.5,stop,49.80000000000291,-1.0050200803212848,False,False
2023-08-21 10:03:00,2023-08-21 10:06:00,short,or_rev,or_rev_short,14849.2,14861.5625,14861.5,14790.75,stop,49.19999999999709,-1.0050813008130084,False,False
2023-08-21 10:56:00,2023-08-21 10:59:00,short,kalman_mom,kalman_mom_short,14787.2,14778.5625,14799.5,14758.5,trail,49.19999999999709,0.7022357723578243,True,True
2023-08-21 13:29:00,2023-08-21 13:32:00,short,vwap_rev,vwap_rev_short,14883.2,14875.5625,14894.5,14804.5,trail,45.19999999999709,0.6758849557523203,True,True
2023-08-22 10:00:00,2023-08-22 10:04:00,short,sweep,sweep_pdh_short,14949.7,14961.0625,14961.0,14843.0,stop,45.19999999999709,-1.0055309734513278,False,False
2023-08-22 13:49:00,2023-08-22 13:50:00,short,pm_mom,pm_mom_short,14887.4,14900.3125,14900.25,14861.75,stop,51.400000000001455,-1.0048638132295717,False,False
2023-08-23 10:02:00,2023-08-23 10:04:00,short,pd_rev,pd_pdh_short,15039.7,15039.7625,15052.5,14993.25,trail,51.19999999999709,-0.0048828125000002776,True,True
2023-08-23 10:18:00,2023-08-23 10:19:00,short,vwap_scalp,vwap_scalp_short,15067.9,15058.5625,15080.25,15040.0,trail,49.400000000001455,0.7560728744938754,True,True
2023-08-23 10:39:00,2023-08-23 10:42:00,short,ou_rev,ou_rev_short,15078.4,15089.5625,15089.5,15030.5,stop,44.400000000001455,-1.0056306306306304,False,False
2023-08-23 11:37:00,2023-08-23 11:40:00,short,ou_lunch,ou_lunch_short,15128.8,15139.8125,15139.75,15068.75,stop,43.80000000000291,-1.0057077625570772,False,False
2023-08-23 11:43:00,2023-08-23 11:46:00,short,ou_lunch,ou_lunch_short,15128.4,15118.0625,15139.75,15071.25,trail,45.400000000001455,0.910792951541789,True,True
2023-08-23 14:33:00,2023-08-23 14:38:00,short,trend,trend_cont_short,15150.9,15134.3125,15161.0,15130.25,trail,40.400000000001455,1.642326732673172,True,True
2023-08-24 10:13:00,2023-08-24 10:15:00,long,or_rev,or_rev_long,15107.1,15094.1875,15094.25,15226.75,trail,51.400000000001455,-1.0048638132295717,False,True
2023-08-24 10:29:00,2023-08-24 10:29:00,long,ema_rev,ema_rev_long,15055.1,15043.6875,15043.75,15086.0,stop,45.400000000001455,-1.0055066079295152,False,False
2023-08-24 10:42:00,2023-08-24 10:44:00,short,trend,trend_cont_short,15021.5,14988.0625,15035.75,14989.5,trail,57.0,2.3464912280701755,True,True
2023-08-24 11:48:00,2023-08-24 11:48:00,long,ou_lunch,ou_lunch_long,14935.9,14925.4375,14925.5,15058.75,stop,41.599999999998545,-1.0060096153846156,False,False
2023-08-24 11:51:00,2023-08-24 11:53:00,long,ou_lunch,ou_lunch_long,14928.0,14914.1875,14914.25,15056.25,stop,55.0,-1.0045454545454546,False,False
2023-08-24 13:08:00,2023-08-24 13:11:00,long,pd_rev,pd_pdl_long,14952.6,14966.1875,14939.75,15024.0,trail,51.400000000001455,1.0573929961088913,True,True
2023-08-24 13:41:00,2023-08-24 13:45:00,long,pm_mom,pm_mom_long,14941.3,14926.4375,14926.5,14971.5,stop,59.19999999999709,-1.0042229729729732,False,False
2023-08-24 14:23:00,2023-08-24 14:27:00,long,ou_rev,ou_rev_long,14942.3,14928.9375,14929.0,15007.25,stop,53.19999999999709,-1.004699248120301,False,False
2023-08-24 14:49:00,2023-08-24 14:54:00,long,ou_rev,ou_rev_long,14912.4,14900.9375,14901.0,15002.5,stop,45.599999999998545,-1.005482456140351,False,False
2023-08-24 14:57:00,2023-08-24 14:58:00,long,ou_rev,ou_rev_long,14904.1,14921.4375,14889.5,15000.5,trail,58.400000000001455,1.1874999999999456,True,True
2023-08-25 13:33:00,2023-08-25 13:37:00,short,pm_mom,pm_mom_short,14809.0,14799.3125,14824.75,14776.75,trail,63.0,0.6150793650793651,False,True
2023-08-25 14:23:00,2023-08-25 14:29:00,short,ema_rev,ema_rev_short,14914.5,14926.8125,14926.75,14873.0,trail,49.0,-1.0051020408163265,False,True
2023-08-28 10:45:00,2023-08-28 10:47:00,short,sweep,sweep_pdh_short,14991.9,14991.9625,15006.75,14852.0,trail,59.400000000001455,-0.0042087542087541055,True,True
2023-08-28 10:50:00,2023-08-28 10:51:00,short,sweep,sweep_pdh_short,14995.7,14985.5625,15009.5,14853.75,trail,55.19999999999709,0.7346014492754538,True,True
2023-08-28 13:38:00,2023-08-28 13:48:00,short,pm_mom,pm_mom_short,15019.4,15006.0625,15038.0,14982.0,trail,74.40000000000146,0.7170698924730847,False,True
2023-08-29 10:08:00,2023-08-29 10:14:00,short,or_rev,or_rev_short,15193.0,15193.0625,15205.75,15059.0,trail,51.0,-0.004901960784313725,True,True
2023-08-29 10:23:00,2023-08-29 10:24:00,long,kalman_mom,kalman_mom_long,15237.7,15237.6375,15226.75,15264.5,trail,43.80000000000291,-0.005707762557077246,True,True
2023-08-29 11:22:00,2023-08-29 11:23:00,short,ou_rev,ou_rev_short,15295.2,15307.8125,15307.75,15200.5,stop,50.19999999999709,-1.0049800796812751,False,False
2023-08-29 12:33:00,2023-08-29 12:40:00,short,ou_lunch,ou_lunch_short,15337.5,15326.8125,15350.0,15244.25,trail,50.0,0.855,True,True
2023-08-29 13:37:00,2023-08-29 13:42:00,long,pm_mom,pm_mom_long,15356.9,15344.6875,15344.75,15381.5,stop,48.599999999998545,-1.0051440329218109,False,False
2023-08-29 13:43:00,2023-08-29 13:55:00,short,ou_rev,ou_rev_short,15345.0,15330.0625,15357.0,15264.25,trail,48.0,1.2447916666666667,True,True
2023-08-29 14:04:00,2023-08-29 14:09:00,short,ou_rev,ou_rev_short,15331.7,15342.0625,15342.0,15269.0,stop,41.19999999999709,-1.006067961165049,False,False
2023-08-30 10:44:00,2023-08-30 10:46:00,long,kalman_mom,kalman_mom_long,15407.0,15406.9375,15396.0,15434.5,trail,44.0,-0.005681818181818182,True,True
2023-08-31 12:27:00,2023-08-31 12:35:00,long,ou_lunch,ou_lunch_long,15501.2,15501.1375,15486.75,15527.5,trail,57.80000000000291,-0.004325259515570717,True,True
2023-08-31 14:26:00,2023-08-31 14:31:00,long,trend,trend_cont_long,15560.8,15549.4375,15549.5,15583.5,stop,45.19999999999709,-1.0055309734513278,False,False
2023-08-31 14:46:00,2023-08-31 15:10:00,short,trend,trend_cont_short,15523.5,15541.5625,15541.5,15487.5,stop,72.0,-1.0034722222222223,False,False
2023-09-01 10:01:00,2023-09-01 10:01:00,long,open_drive,open_drive_long,15528.4,15516.1875,15516.25,15557.0,stop,48.599999999998545,-1.0051440329218109,False,False
2023-09-01 10:10:00,2023-09-01 10:11:00,long,open_drive,open_drive_long,15535.4,15552.4375,15521.5,15562.0,trail,55.599999999998545,1.2257194244604899,True,True
2023-09-01 10:52:00,2023-09-01 10:53:00,long,or_rev,or_rev_long,15489.7,15498.6875,15477.25,15560.25,trail,49.80000000000291,0.7218875502007026,True,True
2023-09-01 11:53:00,2023-09-01 12:03:00,long,ou_lunch,ou_lunch_long,15439.7,15427.6875,15427.75,15506.25,stop,47.80000000000291,-1.0052301255230123,False,False
2023-09-01 12:10:00,2023-09-01 12:22:00,long,pd_rev,pd_pdl_long,15451.2,15464.6875,15438.25,15500.5,trail,51.80000000000291,1.041505791505677,True,True
2023-09-05 11:48:00,2023-09-05 11:48:00,short,trend,trend_cont_short,15481.2,15491.8125,15491.75,15459.25,stop,42.19999999999709,-1.0059241706161142,False,False
2023-09-05 12:00:00,2023-09-05 12:01:00,long,pd_rev,pd_pdl_long,15489.8,15504.9375,15479.25,15512.0,trail,42.19999999999709,1.4348341232229167,False,True
2023-09-06 10:05:00,2023-09-06 10:05:00,long,or_rev,or_rev_long,15406.5,15391.9375,15392.0,15454.25,stop,58.0,-1.0043103448275863,False,False
2023-09-06 11:29:00,2023-09-06 11:39:00,long,kalman_mom,kalman_mom_long,15369.0,15375.4375,15357.25,15398.5,trail,47.0,0.5478723404255319,False,True
2023-09-06 13:36:00,2023-09-06 13:40:00,long,vwap_scalp,vwap_scalp_long,15331.2,15338.6875,15320.5,15349.25,trail,42.80000000000291,0.6997663551400713,False,True
2023-09-06 13:46:00,2023-09-06 13:50:00,long,pm_mom,pm_mom_long,15337.0,15349.4375,15325.5,15359.75,trail,46.0,1.0815217391304348,True,True
2023-09-06 14:10:00,2023-09-06 14:25:00,long,ou_rev,ou_rev_long,15337.7,15325.4375,15325.5,15364.0,trail,48.80000000000291,-1.0051229508196717,False,True
2023-09-07 11:56:00,2023-09-07 12:03:00,short,trend,trend_cont_short,15189.5,15205.0625,15205.0,15158.5,trail,62.0,-1.0040322580645162,False,True
2023-09-07 13:45:00,2023-09-07 13:48:00,long,pm_mom,pm_mom_long,15252.5,15260.6875,15238.25,15281.0,trail,57.0,0.5745614035087719,False,True
2023-09-07 13:56:00,2023-09-07 13:57:00,long,trend,trend_cont_long,15266.0,15265.9375,15256.0,15286.5,trail,40.0,-0.00625,True,True
2023-09-08 11:20:00,2023-09-08 11:23:00,long,kalman_mom,kalman_mom_long,15324.0,15332.9375,15314.0,15350.25,trail,40.0,0.89375,False,True
2023-09-08 13:32:00,2023-09-08 13:32:00,long,pm_mom,pm_mom_long,15315.5,15303.6875,15303.75,15336.75,stop,47.0,-1.0053191489361701,False,False
2023-09-08 14:42:00,2023-09-08 14:45:00,long,ou_rev,ou_rev_long,15273.8,15285.4375,15259.5,15320.25,trail,57.19999999999709,0.8138111888112811,True,True
2023-09-11 10:10:00,2023-09-11 10:12:00,long,or_rev,or_rev_long,15357.1,15368.1875,15347.0,15400.25,trail,40.400000000001455,1.0977722772276473,True,True
2023-09-11 13:32:00,2023-09-11 13:38:00,long,pm_mom,pm_mom_long,15433.5,15440.9375,15422.5,15454.5,trail,44.0,0.6761363636363636,False,True
2023-09-12 10:33:00,2023-09-12 10:34:00,long,or_rev,or_rev_long,15369.9,15385.6875,15355.25,15403.75,trail,58.599999999998545,1.0776450511945908,True,True
2023-09-12 10:37:00,2023-09-12 10:40:00,short,trend,trend_cont_short,15374.3,15360.8125,15385.5,15350.25,trail,44.80000000000291,1.2042410714284282,True,True
2023-09-13 10:10:00,2023-09-13 10:11:00,long,ou_rev,ou_rev_long,15281.2,15293.4375,15270.0,15325.5,trail,44.80000000000291,1.0926339285712927,True,True
2023-09-13 10:13:00,2023-09-13 10:14:00,long,vwap_rev,vwap_rev_long,15277.7,15285.6875,15266.75,15322.5,trail,43.80000000000291,0.7294520547944057,False,True
2023-09-13 10:50:00,2023-09-13 10:53:00,long,trend,trend_cont_long,15353.1,15353.0375,15340.0,15379.75,trail,52.400000000001455,-0.004770992366412081,True,True
2023-09-13 10:58:00,2023-09-13 11:02:00,long,kalman_mom,kalman_mom_long,15357.1,15370.4375,15345.0,15388.0,trail,48.400000000001455,1.102272727272664,True,True
2023-09-14 10:04:00,2023-09-14 10:05:00,long,or_rev,or_rev_long,15368.9,15356.1875,15356.25,15404.75,stop,50.599999999998545,-1.0049407114624507,False,False
2023-09-14 10:22:00,2023-09-14 10:23:00,long,ou_rev,ou_rev_long,15342.4,15367.9375,15330.5,15376.75,trail,47.599999999998545,2.146008403361441,True,True
2023-09-15 10:04:00,2023-09-15 10:05:00,long,or_rev,or_rev_long,15310.0,15309.9375,15297.75,15375.25,trail,49.0,-0.00510204081632653,True,True
2023-09-15 10:19:00,2023-09-15 10:23:00,long,ou_rev,ou_rev_long,15298.5,15310.4375,15282.25,15333.25,trail,65.0,0.7346153846153847,False,True
2023-09-15 10:29:00,2023-09-15 10:31:00,long,ou_rev,ou_rev_long,15292.6,15292.5375,15279.0,15327.75,trail,54.400000000001455,-0.004595588235293995,True,True
2023-09-15 10:57:00,2023-09-15 11:00:00,long,ou_rev,ou_rev_long,15251.6,15241.4375,15241.5,15314.0,stop,40.400000000001455,-1.0061881188118809,False,False
2023-09-15 11:05:00,2023-09-15 11:09:00,long,ou_rev,ou_rev_long,15241.5,15252.4375,15231.0,15308.5,trail,42.0,1.0416666666666667,True,True
2023-09-15 11:42:00,2023-09-15 11:44:00,long,ou_lunch,ou_lunch_long,15239.6,15257.4375,15226.75,15291.5,trail,51.400000000001455,1.3881322957197768,True,True
2023-09-18 10:54:00,2023-09-18 10:56:00,long,vwap_scalp,vwap_scalp_long,15185.0,15204.1875,15174.5,15198.75,trail,42.0,1.8273809523809523,True,True
2023-09-18 11:45:00,2023-09-18 11:48:00,short,vwap_scalp,vwap_scalp_short,15248.3,15242.0625,15258.5,15232.25,trail,40.80000000000291,0.6115196078430223,False,True
2023-09-19 10:08:00,2023-09-19 10:13:00,long,vwap_scalp,vwap_scalp_long,15101.1,15107.4375,15089.5,15122.0,trail,46.400000000001455,0.5463362068965032,False,True
2023-09-19 10:44:00,2023-09-19 11:19:00,long,ou_rev,ou_rev_long,15084.4,15078.8375,15065.0,15125.25,time_stop,77.59999999999854,-0.2867268041237167,False,False
2023-09-19 13:32:00,2023-09-19 13:33:00,long,pm_mom,pm_mom_long,15149.6,15149.5375,15137.0,15175.5,trail,50.400000000001455,-0.004960317460317317,True,True
2023-09-19 13:53:00,2023-09-19 13:53:00,short,vwap_rev,vwap_rev_short,15180.7,15191.5625,15191.5,15114.0,stop,43.19999999999709,-1.0057870370370374,False,False
2023-09-20 10:20:00,2023-09-20 10:27:00,long,or_rev,or_rev_long,15185.1,15192.9375,15173.25,15214.5,trail,47.400000000001455,0.6613924050632402,False,True
2023-09-20 11:03:00,2023-09-20 11:05:00,long,ou_rev,ou_rev_long,15180.5,15170.4375,15170.5,15204.75,stop,40.0,-1.00625,False,False
2023-09-20 11:09:00,2023-09-20 11:10:00,long,ou_rev,ou_rev_long,15178.8,15186.6875,15165.0,15203.0,trail,55.19999999999709,0.5715579710145756,False,True
2023-09-20 11:34:00,2023-09-20 11:40:00,long,vwap_scalp,vwap_scalp_long,15159.1,15146.9375,15147.0,15177.25,stop,48.400000000001455,-1.0051652892561982,False,False
2023-09-20 14:03:00,2023-09-20 14:04:00,short,pm_mom,pm_mom_short,15124.7,15124.7625,15141.5,15086.5,trail,67.19999999999709,-0.0037202380952382564,True,True
2023-09-20 14:06:00,2023-09-20 14:06:00,long,ou_rev,ou_rev_long,15127.3,15109.4375,15109.5,15186.75,stop,71.19999999999709,-1.0035112359550564,False,False
2023-09-20 14:13:00,2023-09-20 14:15:00,long,ou_rev,ou_rev_long,15126.5,15126.4375,15107.0,15184.5,trail,78.0,-0.003205128205128205,True,True
2023-09-21 13:45:00,2023-09-21 13:46:00,short,pm_mom,pm_mom_short,14808.0,14819.5625,14819.5,14786.0,stop,46.0,-1.0054347826086956,False,False
2023-09-22 10:27:00,2023-09-22 10:28:00,short,or_rev,or_rev_short,14779.0,14767.3125,14791.75,14745.5,trail,51.0,0.9166666666666666,False,True
2023-09-22 10:42:00,2023-09-22 10:43:00,short,vwap_rev,vwap_rev_short,14821.2,14821.2625,14833.5,14770.0,trail,49.19999999999709,-0.005081300813008431,True,True
2023-09-22 11:12:00,2023-09-22 11:14:00,short,vwap_scalp,vwap_scalp_short,14822.2,14815.8125,14833.75,14804.5,trail,46.19999999999709,0.5530303030304009,True,True
2023-09-22 11:45:00,2023-09-22 11:51:00,short,ou_lunch,ou_lunch_short,14835.2,14835.2625,14847.25,14796.5,trail,48.19999999999709,-0.005186721991701558,True,True
2023-09-22 13:20:00,2023-09-22 13:22:00,short,kalman_mom,kalman_mom_short,14798.2,14785.0625,14809.5,14769.25,trail,45.19999999999709,1.1626106194691659,True,True
2023-09-25 10:19:00,2023-09-25 10:20:00,short,or_rev,or_rev_short,14701.3,14681.0625,14714.5,14659.5,trail,52.80000000000291,1.5331439393937998,True,True
2023-09-25 12:51:00,2023-09-25 12:52:00,short,kalman_mom,kalman_mom_short,14719.4,14698.8125,14729.75,14693.25,trail,41.400000000001455,1.9891304347825036,True,True
2023-09-26 13:40:00,2023-09-26 13:49:00,short,pm_mom,pm_mom_short,14549.2,14542.8125,14561.75,14524.75,trail,50.19999999999709,0.5089641434263823,False,True
2023-09-27 10:58:00,2023-09-27 11:00:00,short,kalman_mom,kalman_mom_short,14531.9,14531.9625,14543.25,14504.25,trail,45.400000000001455,-0.005506607929515242,True,True
2023-09-27 13:37:00,2023-09-27 13:41:00,short,pm_mom,pm_mom_short,14463.6,14441.8125,14475.25,14439.5,trail,46.599999999998545,1.8701716738198322,True,True
2023-09-28 10:14:00,2023-09-28 10:15:00,short,or_rev,or_rev_short,14603.7,14603.7625,14615.25,14527.5,trail,46.19999999999709,-0.005411255411255752,True,True
2023-09-28 10:38:00,2023-09-28 10:39:00,short,trend,trend_cont_short,14549.0,14561.5625,14561.5,14521.5,stop,50.0,-1.005,False,False
2023-09-28 11:47:00,2023-09-28 11:50:00,short,vwap_rev,vwap_rev_short,14720.2,14731.0625,14731.0,14596.75,stop,43.19999999999709,-1.0057870370370374,False,False
2023-09-28 13:03:00,2023-09-28 13:05:00,short,kalman_mom,kalman_mom_short,14737.0,14719.0625,14748.25,14710.0,trail,45.0,1.5944444444444446,True,True
2023-09-28 13:32:00,2023-09-28 13:33:00,short,pm_mom,pm_mom_short,14708.7,14697.0625,14723.5,14679.5,trail,59.19999999999709,0.7863175675676554,False,True
2023-09-29 10:05:00,2023-09-29 10:07:00,short,vwap_rev,vwap_rev_short,14894.2,14871.8125,14906.25,14855.75,trail,48.19999999999709,1.8578838174275585,False,True
2023-09-29 12:11:00,2023-09-29 12:12:00,short,pd_rev,pd_pdh_short,14790.1,14801.0625,14801.0,14769.5,trail,43.599999999998545,-1.0057339449541287,False,True
2023-09-29 13:51:00,2023-09-29 13:53:00,short,pm_mom,pm_mom_short,14693.9,14683.5625,14704.5,14672.5,trail,42.400000000001455,0.9752358490565359,False,True
2023-10-02 10:06:00,2023-10-02 10:07:00,short,or_rev,or_rev_short,14831.9,14816.5625,14842.75,14753.75,trail,43.400000000001455,1.413594470046002,False,True
2023-10-02 11:19:00,2023-10-02 11:20:00,short,ou_rev,ou_rev_short,14845.4,14845.4625,14858.25,14794.0,trail,51.400000000001455,-0.004863813229571847,True,True
2023-10-02 11:27:00,2023-10-02 11:33:00,short,vwap_rev,vwap_rev_short,14884.1,14869.0625,14895.5,14799.0,trail,45.599999999998545,1.319078947368495,True,True
2023-10-03 09:54:00,2023-10-03 09:55:00,short,ema_rev,ema_rev_short,14792.5,14806.3125,14806.25,14758.75,trail,55.0,-1.0045454545454546,False,True
2023-10-03 10:26:00,2023-10-03 10:26:00,short,kalman_mom,kalman_mom_short,14621.2,14632.5625,14632.5,14595.75,stop,45.19999999999709,-1.0055309734513278,False,False
2023-10-03 13:51:00,2023-10-03 13:53:00,short,pm_mom,pm_mom_short,14554.5,14546.3125,14564.75,14533.25,trail,41.0,0.7987804878048781,False,True
2023-10-04 11:42:00,2023-10-04 11:45:00,short,or_rev,or_rev_short,14700.6,14700.6625,14712.25,14643.75,trail,46.599999999998545,-0.005364806866952957,True,True
2023-10-04 13:03:00,2023-10-04 13:06:00,short,ou_lunch,ou_lunch_short,14721.6,14721.6625,14731.75,14675.25,trail,40.599999999998545,-0.006157635467980516,True,True
2023-10-04 13:33:00,2023-10-04 13:34:00,short,pm_mom,pm_mom_short,14677.6,14688.0625,14688.0,14655.75,stop,41.599999999998545,-1.0060096153846156,False,False
2023-10-05 10:17:00,2023-10-05 10:19:00,short,trend,trend_cont_short,14635.9,14649.0625,14649.0,14604.75,stop,52.400000000001455,-1.004770992366412,False,False
2023-10-05 10:49:00,2023-10-05 10:51:00,short,trend,trend_cont_short,14595.2,14580.0625,14608.5,14568.5,trail,53.19999999999709,1.138157894736959,True,True
2023-10-05 11:02:00,2023-10-05 11:02:00,short,trend,trend_cont_short,14587.2,14603.8125,14603.75,14552.75,stop,66.19999999999709,-1.0037764350453173,False,False
2023-10-05 13:55:00,2023-10-05 13:57:00,short,vwap_scalp,vwap_scalp_short,14714.7,14714.7625,14725.75,14685.0,trail,44.19999999999709,-0.005656108597285441,True,True
2023-10-05 13:58:00,2023-10-05 14:00:00,short,vwap_scalp,vwap_scalp_short,14705.8,14717.0625,14717.0,14681.5,stop,44.80000000000291,-1.0055803571428568,False,False
2023-10-05 14:13:00,2023-10-05 14:13:00,short,pm_mom,pm_mom_short,14714.2,14725.0625,14725.0,14693.25,stop,43.19999999999709,-1.0057870370370374,False,False
2023-10-05 14:57:00,2023-10-05 15:00:00,short,ou_rev,ou_rev_short,14750.0,14760.3125,14760.25,14669.25,stop,41.0,-1.0060975609756098,False,False
2023-10-06 11:20:00,2023-10-06 11:21:00,short,ou_rev,ou_rev_short,14781.8,14763.5625,14793.25,14675.5,trail,45.80000000000291,1.5927947598251628,True,True
2023-10-09 09:52:00,2023-10-09 09:55:00,short,ou_rev,ou_rev_short,14915.0,14915.0625,14928.5,14870.5,trail,54.0,-0.004629629629629629,True,True
2023-10-09 10:23:00,2023-10-09 10:23:00,short,or_rev,or_rev_short,14896.8,14910.3125,14910.25,14855.25,stop,53.80000000000291,-1.0046468401486985,False,False
2023-10-09 12:25:00,2023-10-09 12:27:00,short,vwap_rev,vwap_rev_short,14946.4,14932.0625,14957.5,14887.25,trail,44.400000000001455,1.2916666666665915,True,True
2023-10-09 12:46:00,2023-10-09 12:47:00,short,kalman_mom,kalman_mom_short,14914.9,14908.5625,14925.5,14887.5,trail,42.400000000001455,0.5978773584905112,False,True
2023-10-09 13:33:00,2023-10-09 13:35:00,long,pm_mom,pm_mom_long,14979.4,14991.6875,14968.0,15002.5,trail,45.599999999998545,1.0778508771930488,True,True
2023-10-09 14:02:00,2023-10-09 14:08:00,short,vwap_rev,vwap_rev_short,15042.2,15053.3125,15053.25,14910.5,trail,44.19999999999709,-1.0056561085972855,False,True
2023-10-10 13:39:00,2023-10-10 13:40:00,long,pm_mom,pm_mom_long,15156.6,15142.4375,15142.5,15186.0,stop,56.400000000001455,-1.0044326241134751,False,False
2023-10-10 13:50:00,2023-10-10 13:53:00,long,kalman_mom,kalman_mom_long,15160.5,15149.9375,15150.0,15187.25,stop,42.0,-1.005952380952381,False,False
2023-10-11 10:03:00,2023-10-11 10:04:00,long,or_rev,or_rev_long,15182.5,15171.1875,15171.25,15217.5,stop,45.0,-1.0055555555555555,False,False
2023-10-11 14:02:00,2023-10-11 14:23:00,long,pm_mom,pm_mom_long,15160.4,15177.6875,15142.5,15194.5,trail,71.59999999999854,0.9657821229050679,False,True
2023-10-12 10:01:00,2023-10-12 10:06:00,long,open_drive,open_drive_long,15255.1,15278.9375,15242.25,15279.75,trail,51.400000000001455,1.855058365758674,True,True
2023-10-12 13:20:00,2023-10-12 13:21:00,long,vwap_rev,vwap_rev_long,15191.9,15204.4375,15181.5,15287.0,trail,41.599999999998545,1.2055288461539233,True,True
2023-10-13 09:55:00,2023-10-13 09:57:00,long,open_drive,open_drive_long,15213.4,15232.9375,15201.0,15239.25,trail,49.599999999998545,1.575604838709753,True,True
2023-10-13 10:14:00,2023-10-13 10:14:00,long,or_rev,or_rev_long,15172.4,15160.4375,15160.5,15207.25,stop,47.599999999998545,-1.0052521008403363,False,False
2023-10-13 10:28:00,2023-10-13 10:29:00,long,ou_rev,ou_rev_long,15148.9,15166.4375,15138.5,15191.75,trail,41.599999999998545,1.6862980769231708,True,True
2023-10-16 10:21:00,2023-10-16 10:23:00,short,vwap_scalp,vwap_scalp_short,15139.5,15151.3125,15151.25,15120.0,stop,47.0,-1.0053191489361701,False,False
2023-10-16 10:35:00,2023-10-16 10:37:00,short,ema_rev,ema_rev_short,15189.0,15189.0625,15202.5,15162.5,trail,54.0,-0.004629629629629629,True,True
2023-10-16 10:45:00,2023-10-16 10:45:00,short,vwap_scalp,vwap_scalp_short,15174.2,15184.3125,15184.25,15147.75,stop,40.19999999999709,-1.0062189054726374,False,False
2023-10-16 11:20:00,2023-10-16 11:21:00,short,ou_rev,ou_rev_short,15167.5,15155.3125,15178.0,15138.0,trail,42.0,1.1607142857142858,True,True
2023-10-16 13:16:00,2023-10-16 13:18:00,short,ou_lunch,ou_lunch_short,15185.8,15176.3125,15197.25,15146.75,trail,45.80000000000291,0.8286026200872201,True,True
2023-10-16 13:34:00,2023-10-16 13:42:00,long,pm_mom,pm_mom_long,15154.2,15173.9375,15141.0,15180.0,trail,52.80000000000291,1.495265151515014,True,True
2023-10-17 10:07:00,2023-10-17 10:08:00,long,or_rev,or_rev_long,14973.6,15015.4375,14959.5,15002.25,trail,56.400000000001455,2.967198581560181,True,True
2023-10-18 10:41:00,2023-10-18 10:45:00,long,or_rev,or_rev_long,14999.3,15017.4375,14986.0,15041.25,trail,53.19999999999709,1.3637218045114075,True,True
2023-10-18 12:44:00,2023-10-18 12:45:00,long,ou_lunch,ou_lunch_long,14989.5,14989.4375,14976.5,15021.5,trail,52.0,-0.004807692307692308,True,True
2023-10-18 12:53:00,2023-10-18 12:54:00,long,ou_lunch,ou_lunch_long,14976.0,14964.9375,14965.0,15020.0,stop,44.0,-1.0056818181818181,False,False
2023-10-18 13:59:00,2023-10-18 14:04:00,long,pm_mom,pm_mom_long,14998.0,14979.1875,14979.25,15034.0,stop,75.0,-1.0033333333333334,False,False
2023-10-18 14:48:00,2023-10-18 14:48:00,short,trend,trend_cont_short,14946.8,14961.5625,14961.5,14917.25,stop,58.80000000000291,-1.0042517006802718,False,False
2023-10-19 12:42:00,2023-10-19 12:43:00,short,kalman_mom,kalman_mom_short,14836.8,14836.8625,14848.5,14805.25,trail,46.80000000000291,-0.00534188034188001,True,True
2023-10-19 13:35:00,2023-10-19 13:37:00,short,pm_mom,pm_mom_short,14934.3,14898.8125,14949.5,14909.75,trail,60.80000000000291,2.3347039473682614,True,True
2023-10-20 12:00:00,2023-10-20 12:03:00,short,ema_rev,ema_rev_short,14625.5,14607.0625,14637.75,14605.0,trail,49.0,1.5051020408163265,True,True
2023-10-20 12:13:00,2023-10-20 12:15:00,short,kalman_mom,kalman_mom_short,14595.5,14595.5625,14607.25,14568.75,trail,47.0,-0.005319148936170213,True,True
2023-10-20 13:41:00,2023-10-20 13:41:00,short,pm_mom,pm_mom_short,14664.4,14678.0625,14678.0,14643.0,stop,54.400000000001455,-1.004595588235294,False,False
2023-10-20 13:46:00,2023-10-20 13:47:00,short,ou_rev,ou_rev_short,14679.8,14652.5625,14694.75,14651.75,trail,59.80000000000291,1.8219063545149128,True,True
2023-10-23 10:08:00,2023-10-23 10:09:00,short,or_rev,or_rev_short,14534.5,14548.5625,14548.5,14474.25,stop,56.0,-1.0044642857142858,False,False
2023-10-23 12:36:00,2023-10-23 12:38:00,short,ou_lunch,ou_lunch_short,14672.2,14684.5625,14684.5,14583.75,stop,49.19999999999709,-1.0050813008130084,False,False
2023-10-23 12:42:00,2023-10-23 12:53:00,short,ou_lunch,ou_lunch_short,14683.6,14697.3125,14697.25,14586.25,stop,54.599999999998545,-1.0045787545787548,False,False
2023-10-23 13:59:00,2023-10-23 14:01:00,short,pm_mom,pm_mom_short,14698.6,14683.8125,14709.0,14676.75,trail,41.599999999998545,1.4218750000000848,True,True
2023-10-24 10:36:00,2023-10-24 10:37:00,short,ou_rev,ou_rev_short,14745.5,14735.8125,14755.75,14709.5,trail,41.0,0.9451219512195121,True,True
2023-10-24 10:44:00,2023-10-24 10:45:00,short,vwap_scalp,vwap_scalp_short,14745.5,14756.8125,14756.75,14729.5,stop,45.0,-1.0055555555555555,False,False
2023-10-24 10:52:00,2023-10-24 10:53:00,short,ou_rev,ou_rev_short,14767.0,14745.5625,14778.75,14718.5,trail,47.0,1.824468085106383,True,True
2023-10-24 11:09:00,2023-10-24 11:11:00,short,pd_rev,pd_pdh_short,14748.8,14730.3125,14759.25,14723.0,trail,41.80000000000291,1.7691387559806684,True,True
2023-10-25 11:26:00,2023-10-25 11:27:00,short,kalman_mom,kalman_mom_short,14526.5,14526.5625,14538.25,14495.75,trail,47.0,-0.005319148936170213,True,True
2023-10-25 11:35:00,2023-10-25 11:39:00,short,trend,trend_cont_short,14530.0,14530.0625,14544.25,14500.0,trail,57.0,-0.0043859649122807015,True,True
2023-10-25 14:33:00,2023-10-25 14:37:00,short,pm_mom,pm_mom_short,14388.0,14374.3125,14404.75,14353.0,trail,67.0,0.8171641791044776,False,True
2023-10-26 11:43:00,2023-10-26 11:44:00,short,trend,trend_cont_short,14164.3,14142.0625,14183.0,14126.0,trail,74.80000000000291,1.1891711229945672,True,True
2023-10-26 13:32:00,2023-10-26 13:34:00,short,pm_mom,pm_mom_short,14064.0,14079.3125,14079.25,14032.0,stop,61.0,-1.0040983606557377,False,False
2023-10-27 11:27:00,2023-10-27 11:31:00,short,vwap_rev,vwap_rev_short,14309.6,14299.5625,14322.0,14248.0,trail,49.599999999998545,0.809475806451666,False,True
2023-10-27 12:57:00,2023-10-27 13:05:00,short,kalman_mom,kalman_mom_short,14219.2,14209.8125,14231.0,14189.5,trail,47.19999999999709,0.7955508474577379,False,True
2023-10-27 13:32:00,2023-10-27 13:35:00,short,pm_mom,pm_mom_short,14160.2,14175.0625,14175.0,14128.5,stop,59.19999999999709,-1.0042229729729732,False,False
2023-10-30 10:11:00,2023-10-30 10:12:00,short,or_rev,or_rev_short,14355.5,14325.0625,14367.75,14304.0,trail,49.0,2.4846938775510203,True,True
2023-10-31 10:40:00,2023-10-31 10:43:00,short,kalman_mom,kalman_mom_short,14269.5,14281.5625,14281.5,14239.25,trail,48.0,-1.0052083333333333,False,True
2023-10-31 12:42:00,2023-10-31 12:42:00,short,ou_lunch,ou_lunch_short,14331.6,14344.0625,14344.0,14302.5,stop,49.599999999998545,-1.0050403225806452,False,False
2023-10-31 13:06:00,2023-10-31 13:10:00,short,ou_lunch,ou_lunch_short,14348.1,14361.8125,14361.75,14307.0,stop,54.599999999998545,-1.0045787545787548,False,False
2023-10-31 13:12:00,2023-10-31 13:16:00,short,ou_lunch,ou_lunch_short,14353.1,14353.1625,14364.25,14308.0,trail,44.599999999998545,-0.005605381165919465,True,True
2023-10-31 13:46:00,2023-10-31 13:48:00,short,ou_rev,ou_rev_short,14381.8,14373.5625,14395.25,14313.5,trail,53.80000000000291,0.6124535315984257,True,True
2023-11-01 10:33:00,2023-11-01 10:39:00,short,or_rev,or_rev_short,14545.9,14560.0625,14560.0,14462.75,stop,56.400000000001455,-1.0044326241134751,False,False
2023-11-01 11:35:00,2023-11-01 11:36:00,short,kalman_mom,kalman_mom_short,14498.7,14510.3125,14510.25,14468.75,stop,46.19999999999709,-1.0054112554112558,False,False
2023-11-01 13:34:00,2023-11-01 13:41:00,short,pm_mom,pm_mom_short,14503.2,14514.0625,14514.0,14481.5,stop,43.19999999999709,-1.0057870370370374,False,False
2023-11-01 14:39:00,2023-11-01 14:40:00,short,ou_rev,ou_rev_short,14575.2,14522.5625,14594.0,14514.75,trail,75.19999999999709,2.799867021276743,True,True
2023-11-02 10:16:00,2023-11-02 10:19:00,long,vwap_rev,vwap_rev_long,14802.6,14818.9375,14790.5,14837.25,trail,48.400000000001455,1.3502066115701772,True,True
2023-11-02 11:11:00,2023-11-02 11:13:00,short,vwap_scalp,vwap_scalp_short,14876.6,14876.6625,14888.25,14861.25,trail,46.599999999998545,-0.005364806866952957,True,True
2023-11-02 13:00:00,2023-11-02 13:02:00,short,ou_lunch,ou_lunch_short,14876.2,14865.3125,14887.75,14856.25,trail,46.19999999999709,0.9426406926408151,True,True
2023-11-03 13:57:00,2023-11-03 13:59:00,long,pm_mom,pm_mom_long,15109.2,15125.4375,15099.0,15129.75,trail,40.80000000000291,1.5919117647056975,True,True
2023-11-06 13:37:00,2023-11-06 13:39:00,long,vwap_rev,vwap_rev_long,15086.0,15100.6875,15076.0,15132.0,trail,40.0,1.46875,True,True
2023-11-06 14:42:00,2023-11-06 14:43:00,long,pm_mom,pm_mom_long,15108.3,15125.4375,15095.75,15131.0,trail,50.19999999999709,1.3655378486057148,True,True
2023-11-07 10:42:00,2023-11-07 10:48:00,long,trend,trend_cont_long,15286.9,15295.1875,15276.5,15308.0,trail,41.599999999998545,0.7968750000000628,False,True
2023-11-07 11:36:00,2023-11-07 11:46:00,long,trend,trend_cont_long,15322.1,15310.9375,15311.0,15345.25,stop,44.400000000001455,-1.0056306306306304,False,False
2023-11-08 10:43:00,2023-11-08 10:44:00,long,ou_rev,ou_rev_long,15272.4,15284.1875,15261.25,15303.5,trail,44.599999999998545,1.0571748878924438,True,True
2023-11-08 11:27:00,2023-11-08 11:29:00,long,ou_rev,ou_rev_long,15268.2,15279.4375,15256.5,15294.5,trail,46.80000000000291,0.9604700854699636,False,True
2023-11-09 09:53:00,2023-11-09 09:54:00,long,open_drive,open_drive_long,15318.7,15337.9375,15307.0,15342.0,trail,46.80000000000291,1.6442307692306048,True,True
2023-11-09 10:10:00,2023-11-09 10:13:00,long,or_rev,or_rev_long,15295.6,15295.5375,15284.25,15323.25,trail,45.400000000001455,-0.005506607929515242,True,True
2023-11-09 13:28:00,2023-11-09 13:28:00,long,kalman_mom,kalman_mom_long,15315.7,15303.4375,15303.5,15347.25,stop,48.80000000000291,-1.0051229508196717,False,False
2023-11-09 14:15:00,2023-11-09 14:16:00,long,vwap_rev,vwap_rev_long,15238.5,15226.4375,15226.5,15315.5,stop,48.0,-1.0052083333333333,False,False
2023-11-13 10:05:00,2023-11-13 10:08:00,long,open_drive,open_drive_long,15432.4,15443.1875,15422.0,15455.25,trail,41.599999999998545,1.0372596153846867,True,True
2023-11-14 10:39:00,2023-11-14 10:49:00,long,kalman_mom,kalman_mom_long,15822.7,15833.4375,15812.5,15847.5,trail,40.80000000000291,1.052696078431226,True,True
2023-11-15 09:58:00,2023-11-15 10:00:00,long,ou_rev,ou_rev_long,15844.6,15853.6875,15832.25,15871.5,trail,49.400000000001455,0.7358299595141189,True,True
2023-11-15 10:02:00,2023-11-15 10:02:00,long,or_rev,or_rev_long,15856.1,15844.9375,15845.0,15881.0,stop,44.400000000001455,-1.0056306306306304,False,False
2023-11-15 12:15:00,2023-11-15 12:26:00,long,vwap_scalp,vwap_scalp_long,15828.1,15835.9375,15816.0,15847.5,trail,48.400000000001455,0.6477272727272232,False,True
2023-11-15 13:18:00,2023-11-15 13:22:00,long,ema_rev,ema_rev_long,15776.4,15793.1875,15762.5,15794.5,trail,55.599999999998545,1.2077338129496982,True,True
2023-11-15 13:31:00,2023-11-15 13:35:00,long,pm_mom,pm_mom_long,15814.9,15829.4375,15803.75,15836.75,trail,44.599999999998545,1.3038116591929003,True,True
2023-11-16 10:08:00,2023-11-16 10:08:00,long,trend,trend_cont_long,15834.2,15817.9375,15818.0,15869.5,stop,64.80000000000291,-1.0038580246913578,False,False
2023-11-16 11:41:00,2023-11-16 11:43:00,long,ou_lunch,ou_lunch_long,15745.8,15745.7375,15733.25,15786.5,trail,50.19999999999709,-0.004980079681275189,True,True
2023-11-16 11:46:00,2023-11-16 11:47:00,long,ou_lunch,ou_lunch_long,15755.5,15767.1875,15742.25,15785.5,trail,53.0,0.8820754716981132,True,True
2023-11-17 11:09:00,2023-11-17 11:11:00,long,vwap_rev,vwap_rev_long,15776.0,15793.4375,15766.0,15797.0,trail,40.0,1.74375,True,True
2023-11-20 10:53:00,2023-11-20 10:55:00,long,kalman_mom,kalman_mom_long,15920.8,15929.6875,15910.75,15946.5,trail,40.19999999999709,0.8843283582090916,True,True
2023-11-21 10:34:00,2023-11-21 10:39:00,long,vwap_rev,vwap_rev_long,15874.3,15874.2375,15862.75,15930.5,trail,46.19999999999709,-0.005411255411255752,True,True
2023-11-21 14:03:00,2023-11-21 14:06:00,long,pm_mom,pm_mom_long,15927.0,15914.9375,15915.0,15951.5,stop,48.0,-1.0052083333333333,False,False
2023-11-22 10:15:00,2023-11-22 10:18:00,long,or_rev,or_rev_long,15980.5,15967.6875,15967.75,16068.0,trail,51.0,-1.0049019607843137,False,True
2023-11-22 10:30:00,2023-11-22 10:31:00,long,kalman_mom,kalman_mom_long,16003.1,16030.9375,15990.75,16033.5,trail,49.400000000001455,2.2540485829958556,True,True
2023-11-27 09:59:00,2023-11-27 10:01:00,long,open_drive,open_drive_long,15958.5,15978.9375,15943.5,15986.75,trail,60.0,1.3625,True,True
2023-11-28 10:10:00,2023-11-28 10:12:00,long,open_drive,open_drive_long,15944.9,15944.8375,15930.75,15973.5,trail,56.599999999998545,-0.004416961130742163,True,True
2023-11-28 10:16:00,2023-11-28 10:17:00,long,open_drive,open_drive_long,15944.9,15944.8375,15930.75,15972.25,trail,56.599999999998545,-0.004416961130742163,True,True
2023-11-28 13:06:00,2023-11-28 13:08:00,long,ema_rev,ema_rev_long,15957.6,15968.4375,15942.75,15978.0,trail,59.400000000001455,0.7297979797979374,True,True
2023-11-29 10:18:00,2023-11-29 10:20:00,long,or_rev,or_rev_long,16073.1,16061.9375,16062.0,16134.5,stop,44.400000000001455,-1.0056306306306304,False,False
2023-11-29 10:21:00,2023-11-29 10:22:00,short,trend,trend_cont_short,16061.5,16061.5625,16074.5,16035.5,trail,52.0,-0.004807692307692308,True,True
2023-11-29 10:26:00,2023-11-29 10:27:00,long,ema_rev,ema_rev_long,16054.4,16067.9375,16044.0,16078.5,trail,41.599999999998545,1.301682692307773,True,True
2023-11-29 11:33:00,2023-11-29 11:37:00,short,trend,trend_cont_short,16002.2,16016.3125,16016.25,15972.5,stop,56.19999999999709,-1.0044483985765127,False,False
2023-11-29 14:07:00,2023-11-29 14:08:00,long,ou_rev,ou_rev_long,16029.5,16029.4375,16019.5,16063.5,trail,40.0,-0.00625,True,True
2023-11-29 14:11:00,2023-11-29 14:12:00,long,ou_rev,ou_rev_long,16031.9,16039.4375,16020.75,16063.0,trail,44.599999999998545,0.6760089686099201,False,True
2023-11-30 10:34:00,2023-11-30 10:36:00,long,or_rev,or_rev_long,15921.2,15921.1375,15909.5,15970.75,trail,46.80000000000291,-0.00534188034188001,True,True
2023-11-30 11:35:00,2023-11-30 11:48:00,short,trend,trend_cont_short,15851.1,15839.0625,15866.0,15820.5,trail,59.599999999998545,0.8078859060403126,True,True
2023-11-30 13:36:00,2023-11-30 13:46:00,long,ou_rev,ou_rev_long,15849.2,15836.4375,15836.5,15886.25,stop,50.80000000000291,-1.0049212598425195,False,False
2023-12-01 14:14:00,2023-12-01 14:25:00,long,pm_mom,pm_mom_long,15978.0,15989.1875,15967.0,16000.0,trail,44.0,1.0170454545454546,True,True
2023-12-04 09:56:00,2023-12-04 09:58:00,long,open_drive,open_drive_long,15820.4,15809.1875,15809.25,15845.0,stop,44.599999999998545,-1.0056053811659196,False,False
2023-12-04 11:07:00,2023-12-04 11:20:00,long,ou_rev,ou_rev_long,15714.0,15725.4375,15697.75,15771.5,trail,65.0,0.7038461538461539,True,True
2023-12-05 13:05:00,2023-12-05 13:06:00,long,kalman_mom,kalman_mom_long,15839.0,15849.9375,15826.75,15869.75,trail,49.0,0.8928571428571429,False,True
2023-12-06 10:07:00,2023-12-06 10:09:00,long,or_rev,or_rev_long,15902.6,15917.9375,15887.75,15960.5,trail,59.400000000001455,1.0328282828282331,False,True
2023-12-06 10:13:00,2023-12-06 10:17:00,long,open_drive,open_drive_long,15929.6,15944.4375,15917.5,15955.25,trail,48.400000000001455,1.2262396694214206,True,True
2023-12-07 11:35:00,2023-12-07 11:38:00,long,kalman_mom,kalman_mom_long,15975.3,15985.1875,15963.25,16002.25,trail,48.19999999999709,0.8205394190872468,True,True
2023-12-08 10:24:00,2023-12-08 10:26:00,long,kalman_mom,kalman_mom_long,16089.2,16089.1375,16079.0,16115.0,trail,40.80000000000291,-0.00612745098039172,True,True
2023-12-13 14:04:00,2023-12-13 14:06:00,long,pm_mom,pm_mom_long,16439.0,16468.0,16420.75,16468.0,target,73.0,1.5890410958904109,False,False
2023-12-14 10:43:00,2023-12-14 10:45:00,long,ou_rev,ou_rev_long,16562.2,16562.1375,16550.75,16605.25,trail,45.80000000000291,-0.0054585152838424475,True,True
2023-12-14 10:51:00,2023-12-14 10:52:00,long,ou_rev,ou_rev_long,16563.6,16580.1875,16546.5,16601.0,trail,68.39999999999418,0.9700292397662496,True,True
2023-12-14 11:12:00,2023-12-14 11:13:00,long,ou_rev,ou_rev_long,16563.5,16579.4375,16549.0,16596.75,trail,58.0,1.0991379310344827,True,True
2023-12-15 13:14:00,2023-12-15 13:16:00,long,vwap_scalp,vwap_scalp_long,16603.9,16603.8375,16593.25,16619.0,trail,42.60000000000582,-0.005868544600938165,True,True
2023-12-15 13:44:00,2023-12-15 13:47:00,long,ou_rev,ou_rev_long,16577.5,16564.4375,16564.5,16632.0,stop,52.0,-1.0048076923076923,False,False
2023-12-15 13:53:00,2023-12-15 13:53:00,long,vwap_scalp,vwap_scalp_long,16596.4,16585.4375,16585.5,16613.5,stop,43.60000000000582,-1.0057339449541276,False,False
2023-12-15 14:04:00,2023-12-15 14:05:00,long,ou_rev,ou_rev_long,16571.0,16578.6875,16557.0,16628.0,trail,56.0,0.5491071428571429,False,True
2023-12-15 14:08:00,2023-12-15 14:09:00,long,ou_rev,ou_rev_long,16570.1,16582.4375,16558.0,16627.25,trail,48.39999999999418,1.0196280991737967,True,True
2023-12-20 10:08:00,2023-12-20 10:22:00,long,trend,trend_cont_long,16826.4,16839.6875,16814.5,16851.25,trail,47.60000000000582,1.1165966386552033,True,True
2023-12-21 09:53:00,2023-12-21 09:54:00,long,open_drive,open_drive_long,16721.1,16721.0375,16709.75,16746.0,trail,45.39999999999418,-0.005506607929516125,True,True
2023-12-21 10:14:00,2023-12-21 10:15:00,long,or_rev,or_rev_long,16662.9,16693.9375,16650.5,16728.75,trail,49.60000000000582,2.503024193547976,True,True
2023-12-22 11:09:00,2023-12-22 11:10:00,long,or_rev,or_rev_long,16784.0,16797.9375,16769.5,16810.0,trail,58.0,0.9612068965517241,True,True
2023-12-22 12:25:00,2023-12-22 12:28:00,long,ou_lunch,ou_lunch_long,16778.4,16785.1875,16768.25,16809.0,trail,40.60000000000582,0.6687192118224209,True,True
2023-12-22 14:22:00,2023-12-22 14:23:00,long,vwap_rev,vwap_rev_long,16755.4,16743.6875,16743.75,16805.25,stop,46.60000000000582,-1.005364806866952,False,False
2023-12-22 14:40:00,2023-12-22 14:43:00,long,pm_mom,pm_mom_long,16741.6,16761.6875,16731.5,16763.5,trail,40.39999999999418,1.9888613861390445,True,True
2023-12-27 10:20:00,2023-12-27 10:21:00,long,vwap_scalp,vwap_scalp_long,16873.1,16873.0375,16862.75,16887.25,trail,41.39999999999418,-0.006038647342996018,True,True
2023-12-27 13:13:00,2023-12-27 13:14:00,long,kalman_mom,kalman_mom_long,16918.1,16918.0375,16907.0,16945.25,trail,44.39999999999418,-0.0056306306306313685,True,True
2023-12-27 14:03:00,2023-12-27 14:03:00,long,ema_rev,ema_rev_long,16885.1,16872.9375,16873.0,16908.25,stop,48.39999999999418,-1.005165289256199,False,False
2023-12-28 10:10:00,2023-12-28 10:23:00,long,or_rev,or_rev_long,16925.0,16931.6875,16914.0,16950.5,trail,44.0,0.6079545454545454,False,True
2023-12-29 09:40:00,2023-12-29 09:46:00,long,open_drive,open_drive_long,16904.2,16912.6875,16893.75,16927.0,trail,41.80000000000291,0.8122009569376729,True,True
2023-12-29 10:57:00,2023-12-29 11:02:00,long,or_rev,or_rev_long,16832.2,16832.1375,16820.5,16900.0,trail,46.80000000000291,-0.00534188034188001,True,True
2023-12-29 11:19:00,2023-12-29 11:22:00,long,ema_rev,ema_rev_long,16776.7,16776.6375,16761.75,16808.5,trail,59.80000000000291,-0.00418060200668876,True,True
2023-12-29 11:28:00,2023-12-29 11:29:00,long,vwap_rev,vwap_rev_long,16767.4,16755.9375,16756.0,16866.0,stop,45.60000000000582,-1.0054824561403501,False,False
2023-12-29 12:02:00,2023-12-29 12:06:00,long,kalman_mom,kalman_mom_long,16800.2,16788.6875,16788.75,16829.0,trail,45.80000000000291,-1.0054585152838424,False,True
2023-12-29 13:57:00,2023-12-29 14:25:00,long,pm_mom,pm_mom_long,16840.2,16848.6875,16826.75,16867.25,trail,53.80000000000291,0.6310408921932203,False,True
2024-01-02 10:51:00,2024-01-02 10:57:00,short,trend,trend_cont_short,16514.4,16533.8125,16533.75,16475.25,stop,77.39999999999418,-1.0032299741602069,False,False
2024-01-02 11:08:00,2024-01-02 11:11:00,long,kalman_mom,kalman_mom_long,16552.7,16571.4375,16540.75,16582.5,trail,47.80000000000291,1.5679916317990068,True,True
2024-01-03 09:53:00,2024-01-03 09:55:00,long,sweep,sweep_pdl_long,16462.5,16445.6875,16445.75,16506.75,stop,67.0,-1.0037313432835822,False,False
2024-01-03 10:20:00,2024-01-03 10:22:00,long,vwap_rev,vwap_rev_long,16398.5,16387.1875,16387.25,16439.5,stop,45.0,-1.0055555555555555,False,False
2024-01-03 10:25:00,2024-01-03 10:26:00,long,vwap_scalp,vwap_scalp_long,16391.9,16412.4375,16381.5,16414.0,trail,41.60000000000582,1.974759615384199,True,True
2024-01-03 10:42:00,2024-01-03 10:43:00,long,vwap_scalp,vwap_scalp_long,16381.6,16394.1875,16370.25,16404.0,trail,45.400000000001455,1.1090308370043376,True,True
2024-01-03 12:26:00,2024-01-03 12:27:00,long,ou_lunch,ou_lunch_long,16388.1,16388.0375,16378.0,16416.0,trail,40.39999999999418,-0.00618811881188208,True,True
2024-01-03 14:12:00,2024-01-03 14:13:00,long,pm_mom,pm_mom_long,16412.2,16396.1875,16396.25,16441.25,stop,63.80000000000291,-1.0039184952978055,False,False
2024-01-04 10:12:00,2024-01-04 10:13:00,short,vwap_rev,vwap_rev_short,16340.8,16352.3125,16352.25,16314.0,stop,45.80000000000291,-1.0054585152838424,False,False
2024-01-04 10:26:00,2024-01-04 10:27:00,long,pd_rev,pd_pdl_long,16350.8,16337.6875,16337.75,16376.5,stop,52.19999999999709,-1.0047892720306517,False,False
2024-01-04 10:46:00,2024-01-04 10:50:00,long,sweep,sweep_pdl_long,16360.3,16375.4375,16343.5,16404.75,trail,67.19999999999709,0.901041666666749,True,True
2024-01-04 10:54:00,2024-01-04 10:59:00,short,ou_rev,ou_rev_short,16369.0,16358.8125,16380.75,16332.0,trail,47.0,0.8670212765957447,False,True
2024-01-04 11:00:00,2024-01-04 11:01:00,short,ou_rev,ou_rev_short,16359.0,16372.3125,16372.25,16334.0,stop,53.0,-1.0047169811320755,False,False
2024-01-04 11:04:00,2024-01-04 11:06:00,short,ou_rev,ou_rev_short,16371.0,16381.5625,16381.5,16335.5,stop,42.0,-1.005952380952381,False,False
2024-01-04 11:31:00,2024-01-04 11:32:00,short,ou_lunch,ou_lunch_short,16403.8,16383.8125,16415.5,16348.25,trail,46.80000000000291,1.708333333333165,True,True
2024-01-04 11:40:00,2024-01-04 11:44:00,short,ou_lunch,ou_lunch_short,16398.8,16387.5625,16412.75,16351.5,trail,55.80000000000291,0.8055555555554614,True,True
2024-01-04 12:04:00,2024-01-04 12:13:00,short,kalman_mom,kalman_mom_short,16351.3,16363.3125,16363.25,16321.5,trail,47.80000000000291,-1.0052301255230123,False,True
2024-01-04 13:53:00,2024-01-04 13:57:00,short,pm_mom,pm_mom_short,16350.0,16339.3125,16362.0,16324.0,trail,48.0,0.890625,False,True
2024-01-04 14:14:00,2024-01-04 14:16:00,long,ou_rev,ou_rev_long,16330.3,16341.6875,16316.75,16352.0,trail,54.19999999999709,0.8404059040591394,False,True
2024-01-05 10:12:00,2024-01-05 10:17:00,short,ou_rev,ou_rev_short,16386.5,16362.0625,16399.5,16331.5,trail,52.0,1.8798076923076923,True,True
2024-01-05 10:36:00,2024-01-05 10:38:00,long,kalman_mom,kalman_mom_long,16401.0,16410.6875,16390.25,16427.75,trail,43.0,0.9011627906976745,True,True
2024-01-08 09:51:00,2024-01-08 09:53:00,short,ema_rev,ema_rev_short,16425.7,16437.8125,16437.75,16405.5,stop,48.19999999999709,-1.0051867219917014,False,False
2024-01-08 10:02:00,2024-01-08 10:04:00,short,or_rev,or_rev_short,16467.1,16467.1625,16479.0,16385.5,trail,47.60000000000582,-0.005252100840335492,True,True
2024-01-08 10:17:00,2024-01-08 10:21:00,long,kalman_mom,kalman_mom_long,16479.6,16488.1875,16467.25,16511.0,trail,49.39999999999418,0.6953441295548556,True,True
2024-01-08 12:23:00,2024-01-08 12:24:00,short,ou_lunch,ou_lunch_short,16524.7,16517.5625,16535.5,16480.0,trail,43.19999999999709,0.6608796296297416,True,True
2024-01-08 14:12:00,2024-01-08 14:30:00,long,pm_mom,pm_mom_long,16591.6,16600.4375,16580.0,16614.0,trail,46.39999999999418,0.761853448276083,False,True
2024-01-09 13:50:00,2024-01-09 13:52:00,long,pm_mom,pm_mom_long,16676.7,16690.9375,16665.0,16703.0,trail,46.80000000000291,1.216880341880204,True,True
2024-01-09 14:28:00,2024-01-09 14:34:00,short,trend,trend_cont_short,16663.0,16677.0625,16677.0,16632.0,trail,56.0,-1.0044642857142858,False,True
2024-01-10 10:08:00,2024-01-10 10:09:00,long,or_rev,or_rev_long,16657.1,16674.4375,16647.0,16699.75,trail,40.39999999999418,1.716584158416233,True,True
2024-01-10 10:14:00,2024-01-10 10:16:00,long,open_drive,open_drive_long,16692.4,16704.1875,16680.0,16717.5,trail,49.60000000000582,0.9506048387094486,True,True
2024-01-11 10:15:00,2024-01-11 10:15:00,long,vwap_scalp,vwap_scalp_long,16714.6,16702.9375,16703.0,16760.25,stop,46.39999999999418,-1.0053879310344835,False,False
2024-01-11 10:43:00,2024-01-11 10:43:00,long,trend,trend_cont_long,16759.4,16745.4375,16745.5,16787.5,stop,55.60000000000582,-1.0044964028776975,False,False
2024-01-11 11:00:00,2024-01-11 11:02:00,short,trend,trend_cont_short,16718.9,16702.5625,16730.5,16694.75,trail,46.39999999999418,1.4084051724140951,False,True
2024-01-11 11:20:00,2024-01-11 11:21:00,long,pd_rev,pd_pdl_long,16650.0,16670.6875,16635.5,16759.25,trail,58.0,1.4267241379310345,True,True
2024-01-11 13:06:00,2024-01-11 13:07:00,long,kalman_mom,kalman_mom_long,16725.4,16737.9375,16713.5,16755.5,trail,47.60000000000582,1.0535714285711775,True,True
2024-01-11 13:54:00,2024-01-11 13:55:00,long,pm_mom,pm_mom_long,16763.1,16779.4375,16752.5,16785.25,trail,42.39999999999418,1.5412735849060093,True,True
2024-01-12 10:07:00,2024-01-12 10:08:00,long,or_rev,or_rev_long,16830.4,16859.4375,16815.5,16859.5,trail,59.60000000000582,1.9488255033554167,True,True
2024-01-16 09:59:00,2024-01-16 10:01:00,long,open_drive,open_drive_long,16770.0,16769.9375,16756.75,16791.5,trail,53.0,-0.0047169811320754715,True,True
2024-01-16 10:32:00,2024-01-16 10:37:00,long,kalman_mom,kalman_mom_long,16867.2,16855.4375,16855.5,16895.75,stop,46.80000000000291,-1.00534188034188,False,False
2024-01-16 10:47:00,2024-01-16 10:49:00,long,trend,trend_cont_long,16882.5,16893.6875,16870.5,16906.75,trail,48.0,0.9322916666666666,True,True
2024-01-16 10:54:00,2024-01-16 11:00:00,long,trend,trend_cont_long,16896.7,16883.9375,16884.0,16922.75,stop,50.80000000000291,-1.0049212598425195,False,False
2024-01-16 13:31:00,2024-01-16 13:35:00,long,pm_mom,pm_mom_long,16801.4,16810.4375,16788.0,16827.5,trail,53.60000000000582,0.6744402985072808,False,True
2024-01-16 14:02:00,2024-01-16 14:04:00,long,ou_rev,ou_rev_long,16769.0,16758.9375,16759.0,16809.5,stop,40.0,-1.00625,False,False
2024-01-16 14:08:00,2024-01-16 14:12:00,long,ou_rev,ou_rev_long,16765.6,16751.9375,16752.0,16808.75,stop,54.39999999999418,-1.0045955882352946,False,False
2024-01-16 14:36:00,2024-01-16 14:46:00,long,ou_rev,ou_rev_long,16759.6,16771.6875,16743.75,16804.0,trail,63.39999999999418,0.7626182965301302,True,True
2024-01-17 10:03:00,2024-01-17 10:04:00,long,or_rev,or_rev_long,16570.7,16590.4375,16557.5,16657.75,trail,52.80000000000291,1.495265151515014,True,True
2024-01-17 10:16:00,2024-01-17 10:17:00,long,open_drive,open_drive_long,16617.9,16617.8375,16605.75,16640.25,trail,48.60000000000582,-0.005144032921810084,True,True
2024-01-17 10:41:00,2024-01-17 10:43:00,long,trend,trend_cont_long,16640.4,16652.6875,16623.25,16681.75,trail,68.60000000000582,0.7164723032068514,True,True
2024-01-18 10:07:00,2024-01-18 10:08:00,long,vwap_rev,vwap_rev_long,16868.9,16877.1875,16857.5,16897.0,trail,45.60000000000582,0.7269736842103058,False,True
2024-01-18 13:09:00,2024-01-18 13:10:00,long,vwap_rev,vwap_rev_long,16837.2,16854.4375,16825.75,16908.0,trail,45.80000000000291,1.5054585152836837,True,True
2024-01-19 14:24:00,2024-01-19 14:29:00,long,pm_mom,pm_mom_long,17291.9,17303.6875,17280.5,17314.25,trail,45.60000000000582,1.0339912280699157,True,True
2024-01-22 10:15:00,2024-01-22 10:16:00,long,open_drive,open_drive_long,17403.6,17411.4375,17390.5,17431.0,trail,52.39999999999418,0.5982824427482691,True,True
2024-01-22 10:39:00,2024-01-22 10:41:00,long,ou_rev,ou_rev_long,17345.7,17345.6375,17332.75,17392.25,trail,51.80000000000291,-0.004826254826254555,True,True
2024-01-22 10:45:00,2024-01-22 10:46:00,long,ou_rev,ou_rev_long,17350.7,17338.9375,17339.0,17389.0,stop,46.80000000000291,-1.00534188034188,False,False
2024-01-22 14:38:00,2024-01-22 14:43:00,long,pm_mom,pm_mom_long,17334.9,17334.8375,17324.75,17356.0,trail,40.60000000000582,-0.006157635467979413,True,True
2024-01-24 09:49:00,2024-01-24 09:50:00,long,open_drive,open_drive_long,17541.0,17529.4375,17529.5,17565.5,stop,46.0,-1.0054347826086956,False,False
2024-01-24 09:55:00,2024-01-24 09:57:00,long,open_drive,open_drive_long,17543.7,17553.4375,17532.25,17565.5,trail,45.80000000000291,0.8504366812225899,True,True
2024-01-24 11:54:00,2024-01-24 11:56:00,long,kalman_mom,kalman_mom_long,17614.0,17620.9375,17603.75,17639.75,trail,41.0,0.676829268292683,False,True
2024-01-24 13:21:00,2024-01-24 13:23:00,long,ema_rev,ema_rev_long,17607.0,17614.1875,17595.75,17623.25,trail,45.0,0.6388888888888888,False,True
2024-01-24 13:46:00,2024-01-24 13:51:00,short,trend,trend_cont_short,17583.4,17572.0625,17600.0,17548.0,trail,66.39999999999418,0.6829819277109909,False,True
2024-01-24 14:26:00,2024-01-24 14:29:00,long,vwap_rev,vwap_rev_long,17518.2,17518.1375,17507.75,17592.75,trail,41.80000000000291,-0.005980861244018722,True,True
2024-01-24 14:45:00,2024-01-24 14:47:00,long,pm_mom,pm_mom_long,17550.5,17561.9375,17536.0,17577.75,trail,58.0,0.7887931034482759,True,True
2024-01-25 12:35:00,2024-01-25 12:36:00,long,vwap_rev,vwap_rev_long,17542.4,17530.9375,17531.0,17583.0,stop,45.60000000000582,-1.0054824561403501,False,False
2024-01-25 12:38:00,2024-01-25 12:40:00,long,vwap_rev,vwap_rev_long,17533.1,17533.0375,17522.0,17582.25,trail,44.39999999999418,-0.0056306306306313685,True,True
2024-01-25 12:51:00,2024-01-25 12:52:00,long,vwap_scalp,vwap_scalp_long,17530.4,17518.6875,17518.75,17555.0,stop,46.60000000000582,-1.005364806866952,False,False
2024-01-25 13:42:00,2024-01-25 13:44:00,long,ou_rev,ou_rev_long,17507.6,17522.9375,17491.5,17568.5,trail,64.39999999999418,0.9526397515529715,False,True
2024-01-25 13:45:00,2024-01-25 13:51:00,long,ou_rev,ou_rev_long,17515.8,17515.7375,17499.5,17567.75,trail,65.19999999999709,-0.00383435582822103,True,True
2024-01-26 10:01:00,2024-01-26 10:01:00,long,open_drive,open_drive_long,17434.5,17420.4375,17420.5,17463.5,stop,56.0,-1.0044642857142858,False,False
2024-01-26 10:16:00,2024-01-26 10:17:00,long,pd_rev,pd_pdl_long,17427.4,17416.1875,17416.25,17449.5,stop,44.60000000000582,-1.0056053811659185,False,False
2024-01-26 13:31:00,2024-01-26 13:41:00,long,pm_mom,pm_mom_long,17429.4,17418.6875,17418.75,17452.75,trail,42.60000000000582,-1.005868544600938,False,True
2024-01-29 11:03:00,2024-01-29 11:06:00,long,ou_rev,ou_rev_long,17418.8,17426.9375,17408.5,17440.75,trail,41.19999999999709,0.7900485436894469,True,True
2024-01-30 10:06:00,2024-01-30 10:06:00,long,or_rev,or_rev_long,17535.4,17521.9375,17522.0,17558.5,stop,53.60000000000582,-1.004664179104477,False,False
2024-01-30 10:48:00,2024-01-30 10:50:00,long,ou_rev,ou_rev_long,17527.0,17534.1875,17516.5,17548.75,trail,42.0,0.6845238095238095,True,True
2024-01-30 10:58:00,2024-01-30 11:00:00,long,ou_rev,ou_rev_long,17524.1,17534.9375,17510.25,17546.25,trail,55.39999999999418,0.7824909747294292,False,True
2024-01-30 12:36:00,2024-01-30 12:39:00,long,vwap_rev,vwap_rev_long,17466.6,17473.4375,17455.0,17535.0,trail,46.39999999999418,0.5894396551726132,False,True
2024-01-30 14:08:00,2024-01-30 14:13:00,short,trend,trend_cont_short,17449.9,17449.9625,17461.0,17427.0,trail,44.39999999999418,-0.0056306306306313685,True,True
2024-01-30 14:34:00,2024-01-30 14:54:00,long,trend,trend_cont_long,17484.3,17484.2375,17473.0,17508.25,trail,45.19999999999709,-0.00553097345132779,True,True
2024-01-31 09:57:00,2024-01-31 09:58:00,long,open_drive,open_drive_long,17279.4,17264.9375,17265.0,17308.25,stop,57.60000000000582,-1.0043402777777772,False,False
2024-01-31 10:17:00,2024-01-31 10:18:00,long,ou_rev,ou_rev_long,17237.9,17237.8375,17227.0,17270.75,trail,43.60000000000582,-0.005733944954127675,True,True
2024-01-31 10:26:00,2024-01-31 10:29:00,long,ou_rev,ou_rev_long,17240.1,17228.9375,17229.0,17266.5,stop,44.39999999999418,-1.0056306306306313,False,False
2024-01-31 12:04:00,2024-01-31 12:06:00,long,kalman_mom,kalman_mom_long,17248.6,17258.9375,17237.5,17275.5,trail,44.39999999999418,0.9313063063065595,True,True
2024-02-01 11:07:00,2024-02-01 11:08:00,long,or_rev,or_rev_long,17185.3,17200.9375,17174.75,17219.75,trail,42.19999999999709,1.48222748815183,True,True
2024-02-01 11:40:00,2024-02-01 11:41:00,long,kalman_mom,kalman_mom_long,17217.7,17231.9375,17206.0,17245.0,trail,46.80000000000291,1.216880341880204,True,True
2024-02-02 10:21:00,2024-02-02 10:22:00,long,kalman_mom,kalman_mom_long,17497.8,17506.4375,17485.5,17526.75,trail,49.19999999999709,0.7022357723578243,True,True
2024-02-02 13:52:00,2024-02-02 13:53:00,long,pm_mom,pm_mom_long,17637.5,17627.4375,17627.5,17657.5,stop,40.0,-1.00625,False,False
2024-02-05 10:12:00,2024-02-05 10:13:00,long,or_rev,or_rev_long,17576.4,17564.6875,17564.75,17622.25,trail,46.60000000000582,-1.005364806866952,False,True
2024-02-05 10:16:00,2024-02-05 10:16:00,long,ou_rev,ou_rev_long,17567.3,17553.4375,17553.5,17602.5,stop,55.19999999999709,-1.0045289855072466,False,False
2024-02-05 12:23:00,2024-02-05 12:27:00,long,kalman_mom,kalman_mom_long,17589.4,17589.3375,17578.5,17617.25,trail,43.60000000000582,-0.005733944954127675,True,True
2024-02-05 14:28:00,2024-02-05 14:34:00,long,pm_mom,pm_mom_long,17625.0,17632.4375,17615.0,17646.0,trail,40.0,0.74375,True,True
2024-02-06 10:07:00,2024-02-06 10:16:00,short,trend,trend_cont_short,17546.5,17546.5625,17564.5,17509.75,trail,72.0,-0.003472222222222222,True,True
2024-02-06 10:55:00,2024-02-06 10:56:00,long,ou_rev,ou_rev_long,17539.0,17557.4375,17524.75,17575.75,trail,57.0,1.293859649122807,True,True
2024-02-06 12:07:00,2024-02-06 12:11:00,long,ou_lunch,ou_lunch_long,17498.3,17504.6875,17486.5,17559.5,trail,47.19999999999709,0.541313559322129,True,True
2024-02-06 12:17:00,2024-02-06 12:19:00,long,ou_lunch,ou_lunch_long,17491.5,17491.4375,17481.0,17556.0,trail,42.0,-0.005952380952380952,True,True
2024-02-06 13:31:00,2024-02-06 13:32:00,long,pm_mom,pm_mom_long,17519.5,17524.9375,17508.75,17539.5,trail,43.0,0.5058139534883721,False,True
2024-02-07 10:35:00,2024-02-07 10:36:00,long,trend,trend_cont_long,17773.0,17759.4375,17759.5,17800.0,stop,54.0,-1.0046296296296295,False,False
2024-02-07 10:45:00,2024-02-07 10:46:00,long,trend,trend_cont_long,17763.6,17763.5375,17751.5,17789.0,trail,48.39999999999418,-0.005165289256198968,True,True
2024-02-07 14:17:00,2024-02-07 14:20:00,long,pm_mom,pm_mom_long,17765.7,17753.9375,17754.0,17789.0,stop,46.80000000000291,-1.00534188034188,False,False
2024-02-08 09:50:00,2024-02-08 09:53:00,long,open_drive,open_drive_long,17746.1,17757.4375,17735.0,17768.5,trail,44.39999999999418,1.0213963963966615,True,True
2024-02-08 14:41:00,2024-02-08 14:44:00,long,ou_rev,ou_rev_long,17759.4,17770.4375,17746.5,17780.75,trail,51.60000000000582,0.8556201550385504,True,True
2024-02-09 10:37:00,2024-02-09 10:47:00,long,kalman_mom,kalman_mom_long,17907.6,17917.9375,17896.0,17934.5,trail,46.39999999999418,0.8911637931036855,False,True
2024-02-12 13:45:00,2024-02-12 13:47:00,long,vwap_rev,vwap_rev_long,17923.3,17936.6875,17911.75,17985.75,trail,46.19999999999709,1.159090909091045,True,True
2024-02-13 10:25:00,2024-02-13 10:26:00,long,kalman_mom,kalman_mom_long,17625.2,17643.4375,17614.5,17651.0,trail,42.80000000000291,1.7044392523362646,True,True
2024-02-13 10:48:00,2024-02-13 10:50:00,long,trend,trend_cont_long,17713.3,17699.4375,17699.5,17742.25,stop,55.19999999999709,-1.0045289855072466,False,False
2024-02-13 13:01:00,2024-02-13 13:04:00,long,vwap_scalp,vwap_scalp_long,17601.5,17601.4375,17591.0,17620.0,trail,42.0,-0.005952380952380952,True,True
2024-02-13 13:09:00,2024-02-13 13:15:00,long,vwap_scalp,vwap_scalp_long,17607.8,17619.6875,17597.0,17622.25,trail,43.19999999999709,1.1006944444445859,False,True
2024-02-13 14:17:00,2024-02-13 14:20:00,long,ema_rev,ema_rev_long,17533.8,17544.4375,17521.5,17554.25,trail,49.19999999999709,0.864837398374094,False,True
2024-02-14 09:47:00,2024-02-14 09:48:00,long,open_drive,open_drive_long,17710.9,17718.4375,17698.0,17733.5,trail,51.60000000000582,0.5843023255812166,True,True
2024-02-14 10:05:00,2024-02-14 10:07:00,long,open_drive,open_drive_long,17712.6,17732.9375,17701.75,17733.25,trail,43.39999999999418,1.874423963134026,True,True
2024-02-15 09:59:00,2024-02-15 10:04:00,long,ou_rev,ou_rev_long,17757.2,17743.6875,17743.75,17794.5,stop,53.80000000000291,-1.0046468401486985,False,False
2024-02-15 10:06:00,2024-02-15 10:07:00,long,ou_rev,ou_rev_long,17742.2,17761.4375,17731.75,17786.0,trail,41.80000000000291,1.8409090909088932,True,True
2024-02-15 10:14:00,2024-02-15 10:15:00,long,open_drive,open_drive_long,17784.6,17792.1875,17772.5,17809.5,trail,48.39999999999418,0.627066115702675,True,True
2024-02-15 11:07:00,2024-02-15 11:10:00,long,ou_rev,ou_rev_long,17742.6,17729.6875,17729.75,17777.0,stop,51.39999999999418,-1.0048638132295726,False,False
2024-02-15 11:12:00,2024-02-15 11:14:00,long,ou_rev,ou_rev_long,17728.4,17746.1875,17716.5,17775.0,trail,47.60000000000582,1.4947478991593588,True,True
2024-02-15 13:25:00,2024-02-15 13:31:00,long,kalman_mom,kalman_mom_long,17851.2,17868.9375,17839.5,17879.75,trail,46.80000000000291,1.5160256410254846,True,True
2024-02-16 10:10:00,2024-02-16 10:12:00,long,or_rev,or_rev_long,17697.0,17714.1875,17682.25,17842.5,trail,59.0,1.1652542372881356,True,True
2024-02-16 10:42:00,2024-02-16 10:45:00,long,kalman_mom,kalman_mom_long,17747.1,17735.6875,17735.75,17775.0,stop,45.39999999999418,-1.005506607929516,False,False
2024-02-19 09:48:00,2024-02-19 10:18:00,long,open_drive,open_drive_long,17734.8,17722.8375,17721.75,17761.0,time_stop,52.19999999999709,-0.9166666666665505,False,False
2024-02-20 10:05:00,2024-02-20 10:06:00,long,or_rev,or_rev_long,17476.0,17475.9375,17462.75,17580.5,trail,53.0,-0.0047169811320754715,True,True
2024-02-20 10:22:00,2024-02-20 10:23:00,long,vwap_scalp,vwap_scalp_long,17476.3,17463.9375,17464.0,17498.25,trail,49.19999999999709,-1.0050813008130084,False,True
2024-02-20 11:56:00,2024-02-20 11:58:00,short,trend,trend_cont_short,17466.0,17445.3125,17484.0,17428.5,trail,72.0,1.1493055555555556,True,True
2024-02-20 12:54:00,2024-02-20 13:04:00,long,kalman_mom,kalman_mom_long,17450.7,17438.4375,17438.5,17480.25,stop,48.80000000000291,-1.0051229508196717,False,False
2024-02-20 13:43:00,2024-02-20 13:50:00,long,pm_mom,pm_mom_long,17453.9,17453.8375,17440.75,17480.5,trail,52.60000000000582,-0.00475285171102609,True,True
2024-02-20 13:58:00,2024-02-20 14:01:00,long,trend,trend_cont_long,17468.2,17479.1875,17454.5,17498.0,trail,54.80000000000291,0.8020072992699773,False,True
2024-02-21 12:13:00,2024-02-21 12:14:00,long,vwap_rev,vwap_rev_long,17392.6,17380.9375,17381.0,17427.25,stop,46.39999999999418,-1.0053879310344835,False,False
2024-02-21 12:16:00,2024-02-21 12:21:00,long,vwap_rev,vwap_rev_long,17388.8,17399.1875,17377.25,17426.5,trail,46.19999999999709,0.899350649350769,True,True
2024-02-21 13:18:00,2024-02-21 13:20:00,long,kalman_mom,kalman_mom_long,17425.3,17414.6875,17414.75,17453.25,stop,42.19999999999709,-1.0059241706161142,False,False
2024-02-21 14:02:00,2024-02-21 14:04:00,short,pm_mom,pm_mom_short,17379.3,17379.3625,17399.25,17342.0,trail,79.80000000000291,-0.003132832080200387,True,True
2024-02-21 14:18:00,2024-02-21 14:19:00,long,ou_rev,ou_rev_long,17396.3,17411.1875,17383.5,17416.0,trail,51.19999999999709,1.163085937500123,True,True
2024-02-22 10:37:00,2024-02-22 10:39:00,short,ou_rev,ou_rev_short,17909.6,17897.5625,17924.0,17869.5,trail,57.60000000000582,0.8359374999998145,True,True
2024-02-22 11:28:00,2024-02-22 11:30:00,short,vwap_scalp,vwap_scalp_short,17914.0,17903.0625,17924.25,17894.75,trail,41.0,1.0670731707317074,True,True
2024-02-22 11:45:00,2024-02-22 11:46:00,short,vwap_scalp,vwap_scalp_short,17918.3,17918.3625,17928.5,17899.0,trail,40.80000000000291,-0.00612745098039172,True,True
2024-02-22 14:41:00,2024-02-22 14:42:00,short,ou_rev,ou_rev_short,18012.8,18001.3125,18023.0,17920.25,trail,40.80000000000291,1.1262254901959268,True,True
2024-02-23 10:12:00,2024-02-23 10:13:00,long,or_rev,or_rev_long,18024.2,18024.1375,18010.25,18071.75,trail,55.80000000000291,-0.004480286738351021,True,True
2024-02-23 10:33:00,2024-02-23 10:34:00,long,ou_rev,ou_rev_long,18007.2,18007.1375,17987.5,18046.5,trail,78.80000000000291,-0.0031725888324871925,True,True
2024-02-23 10:40:00,2024-02-23 10:41:00,long,ou_rev,ou_rev_long,18011.7,18021.6875,17998.75,18042.75,trail,51.80000000000291,0.7712355212354217,False,True
2024-02-23 10:47:00,2024-02-23 10:53:00,long,ou_rev,ou_rev_long,17988.7,18005.6875,17972.25,18039.0,trail,65.80000000000291,1.0326747720363842,True,True
2024-02-23 11:00:00,2024-02-23 11:01:00,long,ou_rev,ou_rev_long,17977.4,17963.6875,17963.75,18032.0,stop,54.60000000000582,-1.0045787545787541,False,False
2024-02-23 11:27:00,2024-02-23 11:28:00,long,vwap_scalp,vwap_scalp_long,17947.4,17961.1875,17937.0,17978.75,trail,41.60000000000582,1.3257211538458284,True,True
2024-02-26 10:01:00,2024-02-26 10:01:00,long,or_rev,or_rev_long,17939.6,17928.9375,17929.0,17982.75,stop,42.39999999999418,-1.0058962264150952,False,False
2024-02-26 14:24:00,2024-02-26 14:25:00,long,pm_mom,pm_mom_long,17981.5,17991.4375,17969.5,18005.75,trail,48.0,0.828125,True,True
2024-02-27 10:08:00,2024-02-27 10:09:00,long,open_drive,open_drive_long,17946.6,17946.5375,17932.5,17974.5,trail,56.39999999999418,-0.004432624113475635,True,True
2024-02-27 10:21:00,2024-02-27 10:24:00,long,kalman_mom,kalman_mom_long,17984.5,17971.9375,17972.0,18013.75,stop,50.0,-1.005,False,False
2024-02-27 13:05:00,2024-02-27 13:06:00,long,vwap_rev,vwap_rev_long,17895.5,17895.4375,17885.0,17944.0,trail,42.0,-0.005952380952380952,True,True
2024-02-27 13:59:00,2024-02-27 14:00:00,long,pd_rev,pd_pdl_long,17921.0,17920.9375,17911.0,17941.0,trail,40.0,-0.00625,True,True
2024-02-27 14:30:00,2024-02-27 14:32:00,long,trend,trend_cont_long,17962.0,17973.9375,17950.0,17986.0,trail,48.0,0.9947916666666666,True,True
2024-02-28 09:56:00,2024-02-28 09:57:00,long,ou_rev,ou_rev_long,17844.4,17858.9375,17833.25,17875.5,trail,44.60000000000582,1.3038116591925244,True,True
2024-02-28 10:04:00,2024-02-28 10:05:00,long,or_rev,or_rev_long,17850.5,17863.1875,17837.25,17881.25,trail,53.0,0.9575471698113207,True,True
2024-02-29 10:20:00,2024-02-29 10:24:00,long,or_rev,or_rev_long,17974.5,17986.6875,17960.25,18010.0,trail,57.0,0.8552631578947368,True,True
2024-02-29 11:07:00,2024-02-29 11:08:00,long,ou_rev,ou_rev_long,17961.2,17971.1875,17946.25,17992.25,trail,59.80000000000291,0.6680602006688151,False,True
2024-02-29 11:33:00,2024-02-29 11:35:00,long,vwap_rev,vwap_rev_long,17937.0,17926.4375,17926.5,17986.25,trail,42.0,-1.005952380952381,False,True
2024-02-29 11:38:00,2024-02-29 11:39:00,long,vwap_rev,vwap_rev_long,17931.6,17919.9375,17920.0,17984.25,stop,46.39999999999418,-1.0053879310344835,False,False
2024-02-29 11:55:00,2024-02-29 11:57:00,long,vwap_scalp,vwap_scalp_long,17934.8,17946.1875,17923.5,17954.25,trail,45.19999999999709,1.0077433628319876,True,True
2024-02-29 12:04:00,2024-02-29 12:07:00,long,kalman_mom,kalman_mom_long,17965.6,17953.9375,17954.0,17995.0,stop,46.39999999999418,-1.0053879310344835,False,False
2024-03-01 14:02:00,2024-03-01 14:07:00,long,pm_mom,pm_mom_long,18316.8,18305.9375,18306.0,18338.25,trail,43.19999999999709,-1.0057870370370374,False,True
2024-03-04 13:28:00,2024-03-04 13:31:00,long,ou_lunch,ou_lunch_long,18249.3,18256.4375,18236.25,18272.75,trail,52.19999999999709,0.5469348659004694,True,True
2024-03-04 14:38:00,2024-03-04 14:40:00,long,pm_mom,pm_mom_long,18291.0,18309.9375,18279.5,18313.5,trail,46.0,1.6467391304347827,True,True
2024-03-05 10:17:00,2024-03-05 10:17:00,long,ou_rev,ou_rev_long,17977.4,17964.4375,17964.5,18024.0,stop,51.60000000000582,-1.0048449612403094,False,False
2024-03-05 10:23:00,2024-03-05 10:25:00,long,ou_rev,ou_rev_long,17949.3,17932.4375,17932.5,18016.25,stop,67.19999999999709,-1.0037202380952384,False,False
2024-03-05 10:30:00,2024-03-05 10:31:00,long,ema_rev,ema_rev_long,17936.8,17923.1875,17923.25,17956.0,stop,54.19999999999709,-1.0046125461254616,False,False
2024-03-05 11:49:00,2024-03-05 11:50:00,long,ou_lunch,ou_lunch_long,17897.8,17897.7375,17885.0,17955.0,trail,51.19999999999709,-0.0048828125000002776,True,True
2024-03-05 12:08:00,2024-03-05 12:12:00,long,vwap_scalp,vwap_scalp_long,17919.8,17925.6875,17909.5,17935.0,trail,41.19999999999709,0.5716019417476839,False,True
2024-03-05 14:10:00,2024-03-05 14:13:00,long,pm_mom,pm_mom_long,17867.3,17877.9375,17855.0,17893.25,trail,49.19999999999709,0.864837398374094,False,True
2024-03-06 09:46:00,2024-03-06 09:47:00,long,open_drive,open_drive_long,18073.3,18073.2375,18061.5,18097.5,trail,47.19999999999709,-0.005296610169491852,True,True
2024-03-06 10:01:00,2024-03-06 10:01:00,long,or_rev,or_rev_long,18019.0,18007.9375,18008.0,18068.75,stop,44.0,-1.0056818181818181,False,False
2024-03-06 13:46:00,2024-03-06 13:47:00,long,pm_mom,pm_mom_long,18097.7,18085.1875,18085.25,18122.75,stop,49.80000000000291,-1.0050200803212848,False,False
2024-03-08 11:29:00,2024-03-08 11:29:00,long,vwap_rev,vwap_rev_long,18213.4,18202.9375,18203.0,18333.0,stop,41.60000000000582,-1.0060096153846145,False,False
2024-03-08 12:34:00,2024-03-08 12:35:00,long,ou_lunch,ou_lunch_long,18171.1,18171.0375,18160.0,18272.75,trail,44.39999999999418,-0.0056306306306313685,True,True
2024-03-08 12:43:00,2024-03-08 12:44:00,long,ou_lunch,ou_lunch_long,18158.4,18145.9375,18146.0,18267.75,stop,49.60000000000582,-1.0050403225806446,False,False
2024-03-08 13:14:00,2024-03-08 13:15:00,long,vwap_scalp,vwap_scalp_long,18073.6,18061.1875,18061.25,18158.25,stop,49.39999999999418,-1.0050607287449398,False,False
2024-03-08 13:17:00,2024-03-08 13:18:00,long,vwap_scalp,vwap_scalp_long,18058.6,18058.5375,18046.5,18149.75,trail,48.39999999999418,-0.005165289256198968,True,True
2024-03-08 13:25:00,2024-03-08 13:25:00,long,vwap_scalp,vwap_scalp_long,18052.6,18041.6875,18041.75,18144.0,stop,43.39999999999418,-1.0057603686635952,False,False
2024-03-08 13:46:00,2024-03-08 13:47:00,long,ou_rev,ou_rev_long,18009.6,18025.6875,17998.0,18219.75,trail,46.39999999999418,1.3868534482761614,True,True
2024-03-08 13:59:00,2024-03-08 14:02:00,long,pm_mom,pm_mom_long,18027.3,18048.9375,18013.5,18052.0,trail,55.19999999999709,1.567934782608831,True,True
2024-03-11 10:02:00,2024-03-11 10:03:00,long,ou_rev,ou_rev_long,17895.7,17877.1875,17877.25,17940.75,stop,73.80000000000291,-1.0033875338753386,False,False
2024-03-11 12:00:00,2024-03-11 12:01:00,long,kalman_mom,kalman_mom_long,17973.9,17973.8375,17962.25,18001.0,trail,46.60000000000582,-0.005364806866952119,True,True
2024-03-11 14:04:00,2024-03-11 14:06:00,long,pm_mom,pm_mom_long,17957.5,17968.1875,17943.0,17986.75,trail,58.0,0.7370689655172413,True,True
2024-03-12 10:20:00,2024-03-12 10:22:00,long,kalman_mom,kalman_mom_long,18044.7,18044.6375,18033.25,18071.75,trail,45.80000000000291,-0.0054585152838424475,True,True
2024-03-12 11:13:00,2024-03-12 11:18:00,long,trend,trend_cont_long,18176.0,18175.9375,18164.75,18199.0,trail,45.0,-0.005555555555555556,True,True
2024-03-12 13:32:00,2024-03-12 13:36:00,long,pm_mom,pm_mom_long,18130.2,18137.4375,18118.75,18153.75,trail,45.80000000000291,0.6320960698688919,False,True
2024-03-13 10:07:00,2024-03-13 10:13:00,long,or_rev,or_rev_long,18073.1,18098.9375,18058.75,18142.5,trail,57.39999999999418,1.8005226480839076,True,True
2024-03-13 11:48:00,2024-03-13 11:53:00,long,ou_lunch,ou_lunch_long,18046.6,18060.9375,18033.25,18090.75,trail,53.39999999999418,1.0739700374534096,True,True
2024-03-14 10:07:00,2024-03-14 10:08:00,long,or_rev,or_rev_long,17993.5,18009.1875,17983.5,18112.75,trail,40.0,1.56875,True,True
2024-03-14 10:14:00,2024-03-14 10:15:00,long,open_drive,open_drive_long,18048.8,18060.1875,18034.75,18073.0,trail,56.19999999999709,0.8104982206406631,True,True
2024-03-15 10:51:00,2024-03-15 10:53:00,long,sweep,sweep_pdl_long,17915.9,17898.4375,17898.5,17958.5,stop,69.60000000000582,-1.0035919540229883,False,False
2024-03-15 11:37:00,2024-03-15 11:38:00,long,or_rev,or_rev_long,17841.4,17830.4375,17830.5,17883.5,stop,43.60000000000582,-1.0057339449541276,False,False
2024-03-15 11:54:00,2024-03-15 11:59:00,long,ou_lunch,ou_lunch_long,17827.5,17813.4375,17813.5,17858.5,stop,56.0,-1.0044642857142858,False,False
2024-03-15 12:03:00,2024-03-15 12:05:00,long,ou_lunch,ou_lunch_long,17821.6,17829.1875,17809.75,17856.75,trail,47.39999999999418,0.6402953586499904,True,True
2024-03-15 12:55:00,2024-03-15 12:56:00,long,vwap_rev,vwap_rev_long,17779.0,17768.4375,17768.5,17845.25,stop,42.0,-1.005952380952381,False,False
2024-03-15 13:55:00,2024-03-15 13:57:00,long,pm_mom,pm_mom_long,17821.2,17838.1875,17807.0,17849.0,trail,56.80000000000291,1.196302816901296,True,True
2024-03-18 10:15:00,2024-03-18 10:17:00,short,or_rev,or_rev_short,18109.26,18109.3225,18120.0,18070.5,trail,42.9600000000064,-0.0058193668528855385,True,True
2024-03-18 10:20:00,2024-03-18 10:24:00,long,kalman_mom,kalman_mom_long,18109.76,18109.6975,18099.25,18136.0,trail,42.0399999999936,-0.005946717411989488,True,True
2024-03-18 12:29:00,2024-03-18 12:31:00,long,ou_lunch,ou_lunch_long,18062.14,18049.1875,18049.25,18086.5,stop,51.55999999999767,-1.0048487199379366,False,False
2024-03-18 12:36:00,2024-03-18 12:41:00,long,ou_lunch,ou_lunch_long,18047.39,18047.3275,18035.0,18085.25,trail,49.55999999999767,-0.005044390637611214,True,True
2024-03-18 13:24:00,2024-03-18 13:26:00,long,vwap_scalp,vwap_scalp_long,18036.51,18048.1875,18025.0,18055.5,trail,46.0399999999936,1.0145525629889856,True,True
2024-03-18 13:40:00,2024-03-18 13:42:00,short,pm_mom,pm_mom_short,18016.26,18007.0625,18028.25,17992.5,trail,47.9600000000064,0.7670975813175289,True,True
2024-03-19 10:32:00,2024-03-19 10:34:00,short,trend,trend_cont_short,17838.32,17854.5625,17854.5,17804.5,stop,64.72000000000116,-1.0038627935723115,False,False
2024-03-19 10:57:00,2024-03-19 10:58:00,long,trend,trend_cont_long,17902.07,17888.6875,17888.75,17929.25,stop,53.279999999998836,-1.0046921921921923,False,False
2024-03-19 13:32:00,2024-03-19 13:43:00,long,pm_mom,pm_mom_long,18027.94,18027.8775,18014.75,18055.5,trail,52.75999999999476,-0.004738438210766202,True,True
2024-03-20 10:29:00,2024-03-20 10:30:00,long,kalman_mom,kalman_mom_long,18061.34,18061.2775,18050.5,18088.0,trail,43.36000000000058,-0.005765682656826491,True,True
2024-03-20 14:05:00,2024-03-20 14:06:00,long,pm_mom,pm_mom_long,18113.22,18168.4375,18094.25,18149.75,trail,75.88000000000466,2.9107801792301236,True,True
2024-03-21 10:03:00,2024-03-21 10:04:00,long,or_rev,or_rev_long,18410.52,18410.4575,18398.5,18448.5,trail,48.080000000001746,-0.0051996672212976484,True,True
2024-03-21 14:14:00,2024-03-21 14:18:00,long,vwap_rev,vwap_rev_long,18368.27,18357.9375,18358.0,18428.0,stop,41.080000000001746,-1.006085686465433,False,False
2024-03-21 14:48:00,2024-03-21 14:50:00,long,ou_rev,ou_rev_long,18353.77,18353.7075,18341.25,18421.0,trail,50.080000000001746,-0.004992012779552542,True,True
2024-03-21 15:00:00,2024-03-21 15:09:00,long,ou_rev,ou_rev_long,18336.77,18351.4375,18322.5,18418.5,trail,57.080000000001746,1.0278556412052637,True,True
2024-03-22 10:07:00,2024-03-22 10:09:00,long,sweep,sweep_pdl_long,18329.82,18318.1875,18318.25,18357.75,stop,46.279999999998836,-1.0054019014693174,False,False
2024-03-22 11:27:00,2024-03-22 11:33:00,long,pd_rev,pd_pdl_long,18323.69,18323.6275,18313.25,18344.75,trail,41.75999999999476,-0.005986590038314928,True,True
2024-03-22 14:29:00,2024-03-22 14:33:00,long,pm_mom,pm_mom_long,18380.07,18369.9375,18370.0,18400.25,stop,40.279999999998836,-1.006206554121152,False,False
2024-03-25 10:11:00,2024-03-25 10:12:00,long,sweep,sweep_pdl_long,18275.23,18297.1875,18256.0,18323.25,trail,76.91999999999825,1.1418356734269857,False,True
2024-03-26 10:36:00,2024-03-26 10:37:00,long,vwap_scalp,vwap_scalp_long,18332.66,18321.1875,18321.25,18347.5,stop,45.63999999999942,-1.0054776511831727,False,False
2024-03-26 14:53:00,2024-03-26 14:55:00,long,ou_rev,ou_rev_long,18328.04,18335.1875,18317.5,18344.0,trail,42.16000000000349,0.6781309297911323,True,True
2024-03-27 09:59:00,2024-03-27 10:01:00,long,ema_rev,ema_rev_long,18240.45,18227.1875,18227.25,18275.25,stop,52.80000000000291,-1.0047348484848482,False,False
2024-03-27 10:02:00,2024-03-27 10:02:00,long,or_rev,or_rev_long,18238.83,18225.1875,18225.25,18313.0,stop,54.320000000006985,-1.0046023564064794,False,False
2024-03-27 10:39:00,2024-03-27 10:43:00,long,kalman_mom,kalman_mom_long,18219.2,18226.9375,18206.75,18250.0,trail,49.80000000000291,0.6214859437750057,False,True
2024-03-27 14:19:00,2024-03-27 14:23:00,long,pm_mom,pm_mom_long,18227.58,18234.4375,18217.25,18248.75,trail,41.320000000006985,0.6638431752175309,True,True
2024-03-28 13:01:00,2024-03-28 13:02:00,long,ou_lunch,ou_lunch_long,18268.58,18258.1875,18258.25,18285.0,stop,41.320000000006985,-1.0060503388189728,False,False
2024-03-28 13:21:00,2024-03-28 13:43:00,long,ou_lunch,ou_lunch_long,18253.58,18253.5175,18239.75,18282.75,trail,55.320000000006985,-0.004519161243672604,True,True
2024-03-28 14:07:00,2024-03-28 14:08:00,long,ou_rev,ou_rev_long,18252.33,18261.6875,18240.75,18278.75,trail,46.320000000006985,0.8080742659755478,True,True
2024-03-28 14:48:00,2024-03-28 14:50:00,long,ou_rev,ou_rev_long,18249.58,18260.1875,18237.0,18276.5,trail,50.320000000006985,0.8432034976150065,True,True
2024-03-28 14:58:00,2024-03-28 14:59:00,long,pm_mom,pm_mom_long,18276.45,18290.4375,18264.5,18300.25,trail,47.80000000000291,1.170502092050077,True,True
2024-04-01 11:04:00,2024-04-01 11:09:00,long,or_rev,or_rev_long,18274.3,18274.2375,18261.25,18341.75,trail,52.19999999999709,-0.004789272030651608,True,True
2024-04-01 11:19:00,2024-04-01 11:22:00,long,pd_rev,pd_pdl_long,18237.42,18225.6875,18225.75,18332.5,stop,46.679999999993015,-1.0053556126820917,False,False
2024-04-01 11:49:00,2024-04-01 11:50:00,long,ou_lunch,ou_lunch_long,18256.42,18268.1875,18244.75,18317.75,trail,46.679999999993015,1.0083547557843622,True,True
2024-04-01 13:45:00,2024-04-01 13:46:00,long,kalman_mom,kalman_mom_long,18255.42,18255.3575,18245.25,18280.75,trail,40.679999999993015,-0.006145526057031537,True,True
2024-04-02 12:51:00,2024-04-02 13:01:00,long,kalman_mom,kalman_mom_long,18079.72,18091.9375,18067.5,18110.75,trail,48.88000000000466,0.9997954173484184,True,True
2024-04-03 10:18:00,2024-04-03 10:21:00,short,or_rev,or_rev_short,18178.26,18191.0625,18191.0,18059.25,trail,50.9600000000064,-1.0049058084772364,False,True
2024-04-03 10:25:00,2024-04-03 10:26:00,long,kalman_mom,kalman_mom_long,18199.26,18199.1975,18189.0,18224.0,trail,41.0399999999936,-0.006091617933724147,True,True
2024-04-03 10:31:00,2024-04-03 10:31:00,short,ema_rev,ema_rev_short,18209.14,18219.3125,18219.25,18186.25,stop,40.44000000000233,-1.0061819980217603,False,False
2024-04-03 14:19:00,2024-04-03 14:31:00,short,ou_rev,ou_rev_short,18212.01,18205.0625,18222.5,18192.25,trail,41.9600000000064,0.6622974261198608,False,True
2024-04-03 14:45:00,2024-04-03 14:50:00,short,ou_rev,ou_rev_short,18214.64,18204.5625,18225.5,18193.75,trail,43.44000000000233,0.9279465930017383,False,True
2024-04-04 10:01:00,2024-04-04 10:02:00,long,or_rev,or_rev_long,18320.84,18333.4375,18308.75,18351.0,trail,48.36000000000058,1.0419768403639125,True,True
2024-04-04 10:26:00,2024-04-04 10:29:00,long,vwap_rev,vwap_rev_long,18300.34,18314.4375,18289.0,18331.0,trail,45.36000000000058,1.2431657848324227,False,True
2024-04-05 10:12:00,2024-04-05 10:13:00,short,or_rev,or_rev_short,18007.03,18019.3125,18019.25,17948.25,stop,48.88000000000466,-1.0051145662847785,False,False
2024-04-05 10:16:00,2024-04-05 10:19:00,short,ou_rev,ou_rev_short,18045.03,18023.0625,18059.0,17985.75,trail,55.88000000000466,1.5724767358623484,True,True
2024-04-05 10:48:00,2024-04-05 10:50:00,short,ou_rev,ou_rev_short,18041.41,18058.3125,18058.25,18001.25,stop,67.36000000000058,-1.003711401425178,False,False
2024-04-05 10:55:00,2024-04-05 10:56:00,short,ou_rev,ou_rev_short,18082.53,18094.8125,18094.75,18006.75,stop,48.88000000000466,-1.0051145662847785,False,False
2024-04-05 11:28:00,2024-04-05 11:29:00,short,vwap_scalp,vwap_scalp_short,18075.03,18075.0925,18086.0,18051.25,trail,43.88000000000466,-0.005697356426617444,True,True
2024-04-05 12:03:00,2024-04-05 12:09:00,short,ema_rev,ema_rev_short,18167.91,18167.9725,18181.5,18149.25,trail,54.36000000000058,-0.004598969830757861,True,True
2024-04-05 12:59:00,2024-04-05 13:01:00,long,kalman_mom,kalman_mom_long,18188.78,18213.1875,18178.75,18214.0,trail,40.11999999999534,2.433449651047258,True,True
2024-04-05 13:44:00,2024-04-05 13:45:00,short,pm_mom,pm_mom_short,18154.53,18142.3125,18165.25,18133.0,trail,42.88000000000466,1.1396921641788722,True,True
2024-04-08 10:16:00,2024-04-08 10:17:00,long,kalman_mom,kalman_mom_long,18123.84,18123.7775,18112.0,18153.25,trail,47.36000000000058,-0.005278716216216151,True,True
2024-04-08 10:41:00,2024-04-08 10:43:00,short,or_rev,or_rev_short,18167.09,18157.8125,18179.25,18103.0,trail,48.63999999999942,0.7629523026316001,True,True
2024-04-08 11:39:00,2024-04-08 11:45:00,long,ema_rev,ema_rev_long,18119.84,18133.6875,18105.75,18144.0,trail,56.36000000000058,0.9827892122072187,True,True
2024-04-08 12:16:00,2024-04-08 12:18:00,long,vwap_scalp,vwap_scalp_long,18091.84,18105.4375,18081.0,18111.25,trail,43.36000000000058,1.2543819188191578,True,True
2024-04-09 10:51:00,2024-04-09 10:52:00,long,vwap_rev,vwap_rev_long,17998.93,18011.1875,17987.5,18137.5,trail,45.720000000001164,1.0723972003499034,True,True
2024-04-09 11:12:00,2024-04-09 11:12:00,long,pd_rev,pd_pdl_long,18053.18,18042.1875,18042.25,18114.25,stop,43.720000000001164,-1.0057182067703567,False,False
2024-04-09 14:01:00,2024-04-09 14:02:00,short,pm_mom,pm_mom_short,18072.18,18072.2425,18084.5,18046.75,trail,49.279999999998836,-0.005073051948052068,True,True
2024-04-09 14:06:00,2024-04-09 14:07:00,long,ou_rev,ou_rev_long,18072.06,18080.4375,18059.75,18097.0,trail,49.24000000000524,0.6805442729486433,True,True
2024-04-09 14:52:00,2024-04-09 14:53:00,long,ou_rev,ou_rev_long,18066.93,18080.4375,18056.75,18094.75,trail,40.720000000001164,1.3268664047150611,True,True
2024-04-10 10:05:00,2024-04-10 10:07:00,long,sweep,sweep_pdl_long,17986.0,17985.9375,17967.0,18032.75,trail,76.0,-0.003289473684210526,True,True
2024-04-10 10:19:00,2024-04-10 10:20:00,long,sweep,sweep_pdl_long,17989.62,18026.9375,17969.75,18035.5,trail,79.47999999999593,1.8780825364873142,True,True
2024-04-10 10:38:00,2024-04-10 10:45:00,long,trend,trend_cont_long,18024.37,18024.3075,18007.25,18058.75,trail,68.47999999999593,-0.0036507009345796565,True,True
2024-04-10 11:36:00,2024-04-10 11:38:00,long,pd_rev,pd_pdl_long,17981.37,17967.1875,17967.25,18008.5,stop,56.479999999995925,-1.0044263456090654,False,False
2024-04-10 11:48:00,2024-04-10 11:50:00,long,ou_lunch,ou_lunch_long,17955.62,17955.5575,17944.5,17986.75,trail,44.479999999995925,-0.005620503597122817,True,True
2024-04-10 11:54:00,2024-04-10 12:00:00,long,ou_lunch,ou_lunch_long,17961.87,17961.8075,17951.5,17985.75,trail,41.479999999995925,-0.006027000964320746,True,True
2024-04-10 13:45:00,2024-04-10 13:50:00,short,trend,trend_cont_short,17952.12,17969.3125,17969.25,17917.25,trail,68.52000000000407,-1.0036485697606536,False,True
2024-04-10 13:56:00,2024-04-10 13:57:00,long,pm_mom,pm_mom_long,17969.12,17990.75,17958.0,17990.75,target,44.479999999995925,1.9451438848923561,False,False
2024-04-11 10:09:00,2024-04-11 10:09:00,short,pd_rev,pd_pdh_short,18048.49,18061.8125,18061.75,18019.75,stop,53.0399999999936,-1.0047134238310715,False,False
2024-04-11 10:16:00,2024-04-11 10:16:00,long,vwap_rev,vwap_rev_long,18035.49,18023.4375,18023.5,18068.75,stop,47.9600000000064,-1.0052126772310253,False,False
2024-04-11 11:51:00,2024-04-11 11:51:00,short,ou_lunch,ou_lunch_short,18090.99,18101.5625,18101.5,18066.25,stop,42.0399999999936,-1.0059467174119894,False,False
2024-04-11 12:03:00,2024-04-11 12:04:00,short,vwap_rev,vwap_rev_short,18137.62,18125.3125,18149.5,18069.75,trail,47.520000000004075,1.0359848484846739,True,True
2024-04-11 12:22:00,2024-04-11 12:24:00,short,ou_lunch,ou_lunch_short,18124.99,18136.3125,18136.25,18075.25,stop,45.0399999999936,-1.0055506216696277,False,False
2024-04-11 14:04:00,2024-04-11 14:09:00,long,pm_mom,pm_mom_long,18277.74,18305.9375,18261.0,18311.25,trail,66.9600000000064,1.6844384707285367,True,True
2024-04-12 10:11:00,2024-04-12 10:13:00,long,vwap_rev,vwap_rev_long,18102.67,18102.6075,18090.75,18137.0,trail,47.679999999993015,-0.005243288590604795,True,True
2024-04-12 11:18:00,2024-04-12 11:19:00,long,vwap_scalp,vwap_scalp_long,18051.67,18071.6875,18040.25,18074.75,trail,45.679999999993015,1.752845884413731,True,True
2024-04-12 11:26:00,2024-04-12 11:28:00,long,vwap_scalp,vwap_scalp_long,18065.17,18077.9375,18055.0,18080.5,trail,40.679999999993015,1.2554080629305742,True,True
2024-04-15 10:30:00,2024-04-15 10:31:00,long,or_rev,or_rev_long,18056.62,18074.1875,18045.25,18138.0,trail,45.479999999995925,1.545074758135672,True,True
2024-04-15 10:57:00,2024-04-15 10:59:00,long,ou_rev,ou_rev_long,18021.49,18021.4275,18007.25,18090.75,trail,56.9600000000064,-0.0043890449438197315,True,True
2024-04-15 11:05:00,2024-04-15 11:16:00,long,ou_rev,ou_rev_long,18026.74,18008.1875,18008.25,18085.0,stop,73.9600000000064,-1.003380205516495,False,False
2024-04-15 11:25:00,2024-04-15 11:26:00,long,ou_rev,ou_rev_long,18003.24,18014.9375,17993.0,18073.75,trail,40.9600000000064,1.1423339843746652,True,True
2024-04-15 11:29:00,2024-04-15 11:31:00,long,ou_rev,ou_rev_long,18022.24,18034.9375,18004.75,18072.0,trail,69.9600000000064,0.7259862778729124,False,True
2024-04-16 10:01:00,2024-04-16 10:03:00,short,ou_rev,ou_rev_short,17735.68,17735.7425,17749.25,17702.25,trail,54.279999999998836,-0.004605747973470991,True,True
2024-04-16 10:18:00,2024-04-16 10:19:00,short,ou_rev,ou_rev_short,17758.43,17733.3125,17769.5,17713.0,trail,44.279999999998836,2.268970189701983,True,True
2024-04-17 13:45:00,2024-04-17 13:45:00,short,pm_mom,pm_mom_short,17542.86,17553.0625,17553.0,17522.25,stop,40.55999999999767,-1.0061637080867853,False,False
2024-04-18 10:42:00,2024-04-18 10:43:00,short,or_rev,or_rev_short,17526.28,17538.3125,17538.25,17459.0,stop,47.88000000000466,-1.0052213868003337,False,False
2024-04-18 10:59:00,2024-04-18 10:59:00,short,ema_rev,ema_rev_short,17562.16,17543.75,17574.25,17543.75,target,48.36000000000058,1.5227460711331375,False,False
2024-04-18 11:40:00,2024-04-18 11:42:00,short,trend,trend_cont_short,17541.78,17541.8425,17552.75,17519.75,trail,43.88000000000466,-0.005697356426617444,True,True
2024-04-18 13:42:00,2024-04-18 13:44:00,short,pm_mom,pm_mom_short,17393.03,17393.0925,17411.5,17356.0,trail,73.88000000000466,-0.0033838657282076914,True,True
2024-04-19 13:31:00,2024-04-19 13:31:00,short,pm_mom,pm_mom_short,17107.22,17121.8125,17121.75,17079.25,stop,58.11999999999534,-1.0043014452856163,False,False
2024-04-19 13:39:00,2024-04-19 13:41:00,short,kalman_mom,kalman_mom_short,17121.22,17121.2825,17133.25,17092.75,trail,48.11999999999534,-0.005195344970906571,True,True
2024-04-22 10:38:00,2024-04-22 10:39:00,short,kalman_mom,kalman_mom_short,17059.35,17070.5625,17070.5,17029.5,stop,44.60000000000582,-1.0056053811659185,False,False
2024-04-22 13:08:00,2024-04-22 13:08:00,short,ema_rev,ema_rev_short,17146.85,17158.5625,17158.5,17128.5,stop,46.60000000000582,-1.005364806866952,False,False
2024-04-22 14:07:00,2024-04-22 14:08:00,short,vwap_rev,vwap_rev_short,17240.23,17251.5625,17251.5,17117.0,stop,45.080000000001746,-1.0055456965394851,False,False
2024-04-22 14:27:00,2024-04-22 14:31:00,short,vwap_rev,vwap_rev_short,17282.85,17293.8125,17293.75,17126.25,stop,43.60000000000582,-1.0057339449541276,False,False
2024-04-22 14:44:00,2024-04-22 14:45:00,short,ou_rev,ou_rev_short,17261.35,17261.4125,17273.0,17133.5,trail,46.60000000000582,-0.005364806866952119,True,True
2024-04-23 10:02:00,2024-04-23 10:04:00,short,or_rev,or_rev_short,17353.28,17337.0625,17366.75,17304.0,trail,53.88000000000466,1.2039717891609083,True,True
2024-04-23 10:24:00,2024-04-23 10:26:00,short,ou_rev,ou_rev_short,17391.78,17391.8425,17405.0,17345.75,trail,52.88000000000466,-0.004727685325264334,True,True
2024-04-23 10:37:00,2024-04-23 10:39:00,short,ou_rev,ou_rev_short,17446.03,17435.5625,17457.75,17360.75,trail,46.88000000000466,0.8931313993172181,True,True
2024-04-24 13:35:00,2024-04-24 13:38:00,short,ema_rev,ema_rev_short,17523.67,17534.8125,17534.75,17507.75,stop,44.320000000006985,-1.005640794223826,False,False
2024-04-24 14:07:00,2024-04-24 14:09:00,short,pm_mom,pm_mom_short,17529.42,17529.4825,17543.0,17502.0,trail,54.320000000006985,-0.004602356406479526,True,True
2024-04-24 14:32:00,2024-04-24 14:33:00,short,trend,trend_cont_short,17494.42,17475.3125,17506.5,17469.75,trail,48.320000000006985,1.5817466887413487,True,True
2024-04-24 14:52:00,2024-04-24 14:54:00,short,trend,trend_cont_short,17484.67,17473.3125,17496.5,17460.5,trail,47.320000000006985,0.9600591715973438,True,True
2024-04-24 14:55:00,2024-04-24 15:07:00,short,trend,trend_cont_short,17475.42,17467.5625,17490.0,17445.75,trail,58.320000000006985,0.5389231824415166,False,True
2024-04-25 12:24:00,2024-04-25 12:26:00,short,vwap_rev,vwap_rev_short,17311.43,17322.8125,17322.75,17246.5,trail,45.279999999998836,-1.0055212014134276,False,True
2024-04-25 12:29:00,2024-04-25 12:32:00,short,vwap_rev,vwap_rev_short,17315.81,17315.8725,17327.75,17248.25,trail,47.75999999999476,-0.00523450586264714,True,True
2024-04-25 12:53:00,2024-04-25 12:55:00,short,ou_lunch,ou_lunch_short,17334.93,17345.8125,17345.75,17255.75,stop,43.279999999998836,-1.0057763401109059,False,False
2024-04-25 13:02:00,2024-04-25 13:03:00,short,ou_lunch,ou_lunch_short,17355.43,17366.3125,17366.25,17259.5,stop,43.279999999998836,-1.0057763401109059,False,False
2024-04-25 14:25:00,2024-04-25 14:26:00,short,pm_mom,pm_mom_short,17427.18,17411.0625,17437.75,17405.75,trail,42.279999999998836,1.5248344370861622,True,True
2024-04-25 14:38:00,2024-04-25 14:39:00,short,trend,trend_cont_short,17381.18,17371.3125,17394.5,17353.25,trail,53.279999999998836,0.7408033033033413,False,True
2024-04-25 14:46:00,2024-04-25 14:58:00,short,trend,trend_cont_short,17364.43,17379.8125,17379.75,17333.75,trail,61.279999999998836,-1.004079634464752,False,True
2024-04-26 10:04:00,2024-04-26 10:04:00,short,or_rev,or_rev_short,17654.2,17667.3125,17667.25,17583.0,stop,52.19999999999709,-1.0047892720306517,False,False
2024-04-26 10:24:00,2024-04-26 10:24:00,short,vwap_scalp,vwap_scalp_short,17679.7,17691.0625,17691.0,17658.0,stop,45.19999999999709,-1.0055309734513278,False,False
2024-04-26 10:27:00,2024-04-26 10:30:00,short,ou_rev,ou_rev_short,17687.45,17659.3125,17699.0,17638.25,trail,46.19999999999709,2.4361471861474024,True,True
2024-04-26 10:39:00,2024-04-26 10:41:00,short,ou_rev,ou_rev_short,17684.95,17697.3125,17697.25,17644.75,stop,49.19999999999709,-1.0050813008130084,False,False
2024-04-26 10:47:00,2024-04-26 10:48:00,short,ou_rev,ou_rev_short,17686.2,17697.8125,17697.75,17649.25,stop,46.19999999999709,-1.0054112554112558,False,False
2024-04-26 11:31:00,2024-04-26 11:32:00,short,ou_lunch,ou_lunch_short,17703.2,17703.2625,17715.5,17670.5,trail,49.19999999999709,-0.005081300813008431,True,True
2024-04-29 10:08:00,2024-04-29 10:09:00,long,open_drive,open_drive_long,17756.94,17769.9375,17746.25,17779.25,trail,42.75999999999476,1.215855940131235,True,True
2024-04-29 10:13:00,2024-04-29 10:14:00,short,pd_rev,pd_pdh_short,17763.69,17774.3125,17774.25,17742.5,stop,42.24000000000524,-1.0059185606060599,False,False
2024-04-29 10:41:00,2024-04-29 10:44:00,short,sweep,sweep_pdh_short,17752.07,17770.8125,17770.75,17644.25,stop,74.72000000000116,-1.0033458244111348,False,False
2024-04-29 10:51:00,2024-04-29 10:55:00,short,sweep,sweep_pdh_short,17757.32,17769.5625,17769.5,17646.75,stop,48.720000000001164,-1.0051313628899834,False,False
2024-04-29 10:56:00,2024-04-29 11:05:00,short,kalman_mom,kalman_mom_short,17759.94,17746.0625,17771.25,17731.0,trail,45.24000000000524,1.2270114942526156,False,True
2024-04-29 14:02:00,2024-04-29 14:04:00,short,pm_mom,pm_mom_short,17780.94,17769.8125,17792.75,17757.75,trail,47.24000000000524,0.9422099915323842,False,True
2024-04-30 11:07:00,2024-04-30 11:09:00,long,or_rev,or_rev_long,17700.17,17687.9375,17688.0,17727.5,stop,48.679999999993015,-1.005135579293345,False,False
2024-04-30 11:11:00,2024-04-30 11:12:00,long,vwap_rev,vwap_rev_long,17674.67,17662.4375,17662.5,17729.0,stop,48.679999999993015,-1.005135579293345,False,False
2024-04-30 11:15:00,2024-04-30 11:15:00,long,vwap_rev,vwap_rev_long,17644.17,17632.1875,17632.25,17726.0,stop,47.679999999993015,-1.0052432885906049,False,False
2024-04-30 11:24:00,2024-04-30 11:25:00,short,trend,trend_cont_short,17648.67,17636.3125,17659.0,17627.75,trail,41.320000000006985,1.1962729912871408,True,True
2024-04-30 11:32:00,2024-04-30 11:33:00,short,trend,trend_cont_short,17641.67,17619.3125,17652.0,17620.75,trail,41.320000000006985,2.164327202322795,True,True
2024-04-30 13:08:00,2024-04-30 13:12:00,long,kalman_mom,kalman_mom_long,17589.92,17577.4375,17577.5,17621.25,stop,49.679999999993015,-1.0050322061191634,False,False
2024-04-30 13:35:00,2024-04-30 13:39:00,long,pm_mom,pm_mom_long,17582.17,17589.9375,17571.75,17603.25,trail,41.679999999993015,0.7454414587334979,False,True
2024-04-30 14:48:00,2024-04-30 14:50:00,long,ou_rev,ou_rev_long,17587.3,17574.9375,17575.0,17652.5,stop,49.19999999999709,-1.0050813008130084,False,False
2024-05-01 12:52:00,2024-05-01 12:54:00,short,kalman_mom,kalman_mom_short,17309.03,17320.3125,17320.25,17280.75,trail,44.88000000000466,-1.005570409982174,False,True
2024-05-01 14:39:00,2024-05-01 14:39:00,short,ou_rev,ou_rev_short,17424.28,17437.8125,17437.75,17347.5,stop,53.88000000000466,-1.0046399406087598,False,False
2024-05-02 11:13:00,2024-05-02 11:21:00,short,ema_rev,ema_rev_short,17435.1,17435.1625,17446.75,17413.5,trail,46.60000000000582,-0.005364806866952119,True,True
2024-05-02 11:32:00,2024-05-02 11:33:00,short,kalman_mom,kalman_mom_short,17402.48,17373.3125,17413.5,17374.75,trail,44.080000000001746,2.64677858439187,True,True
2024-05-03 10:01:00,2024-05-03 10:01:00,short,or_rev,or_rev_short,17886.67,17901.5625,17901.5,17833.75,stop,59.320000000006985,-1.0042144302090352,False,False
2024-05-03 11:37:00,2024-05-03 11:38:00,short,ema_rev,ema_rev_short,17860.29,17871.0625,17871.0,17835.25,stop,42.83999999999651,-1.005835667600374,False,False
2024-05-03 13:34:00,2024-05-03 13:35:00,short,pm_mom,pm_mom_short,17859.79,17871.0625,17871.0,17837.25,stop,44.83999999999651,-1.0055753791257809,False,False
2024-05-03 14:01:00,2024-05-03 14:05:00,short,ou_rev,ou_rev_short,17872.79,17887.0625,17887.0,17851.0,stop,56.83999999999651,-1.0043983110485577,False,False
2024-05-03 14:15:00,2024-05-03 14:20:00,short,ou_rev,ou_rev_short,17897.79,17908.8125,17908.75,17852.25,stop,43.83999999999651,-1.005702554744526,False,False
2024-05-07 10:15:00,2024-05-07 10:16:00,long,open_drive,open_drive_long,18104.81,18116.1875,18092.75,18129.0,trail,48.24000000000524,0.9434079601987939,True,True
2024-05-07 10:27:00,2024-05-07 10:28:00,long,or_rev,or_rev_long,18092.93,18082.6875,18082.75,18112.75,stop,40.720000000001164,-1.0061394891944988,False,False
2024-05-07 14:40:00,2024-05-07 14:47:00,long,ou_rev,ou_rev_long,18079.68,18089.6875,18065.0,18122.0,trail,58.720000000001164,0.6817098092642718,True,True
2024-05-08 09:57:00,2024-05-08 09:58:00,long,pd_rev,pd_pdl_long,18064.02,18063.9575,18051.75,18088.0,trail,49.080000000001746,-0.005093724531377162,True,True
2024-05-08 10:01:00,2024-05-08 10:02:00,long,trend,trend_cont_long,18067.02,18076.1875,18053.5,18094.75,trail,54.080000000001746,0.6780695266271648,True,True
2024-05-08 10:05:00,2024-05-08 10:06:00,long,sweep,sweep_pdl_long,18069.77,18069.7075,18057.5,18101.25,trail,49.080000000001746,-0.005093724531377162,True,True
2024-05-08 10:20:00,2024-05-08 10:22:00,long,trend,trend_cont_long,18070.89,18081.1875,18060.75,18092.0,trail,40.55999999999767,1.015532544378814,True,True
2024-05-08 13:32:00,2024-05-08 13:45:00,long,ou_rev,ou_rev_long,18052.27,18065.6875,18039.5,18073.5,trail,51.080000000001746,1.0507047768206033,True,True
2024-05-09 10:51:00,2024-05-09 10:54:00,long,trend,trend_cont_long,18104.4,18115.4375,18089.25,18135.25,trail,60.60000000000582,0.7285478547853125,True,True
2024-05-10 10:40:00,2024-05-10 10:41:00,long,or_rev,or_rev_long,18135.77,18146.6875,18123.75,18195.25,trail,48.080000000001746,0.9082778702162368,False,True
2024-05-10 11:24:00,2024-05-10 11:33:00,long,kalman_mom,kalman_mom_long,18136.89,18136.8275,18126.5,18163.25,trail,41.55999999999767,-0.0060153994225219925,True,True
2024-05-10 11:53:00,2024-05-10 11:59:00,long,vwap_scalp,vwap_scalp_long,18131.64,18140.6875,18121.25,18145.25,trail,41.55999999999767,0.8707892204043397,False,True
2024-05-10 13:50:00,2024-05-10 13:52:00,long,ou_rev,ou_rev_long,18119.89,18135.4375,18107.75,18149.25,trail,48.55999999999767,1.2806836902801753,True,True
2024-05-13 10:10:00,2024-05-13 10:13:00,long,open_drive,open_drive_long,18204.06,18192.6875,18192.75,18225.75,stop,45.24000000000524,-1.0055260831122894,False,False
2024-05-13 10:26:00,2024-05-13 10:31:00,long,kalman_mom,kalman_mom_long,18217.81,18207.6875,18207.75,18243.0,stop,40.24000000000524,-1.006212723658051,False,False
2024-05-14 11:44:00,2024-05-14 12:29:00,short,trend,trend_cont_short,18226.16,18220.8525,18243.25,18191.5,time_stop,68.36000000000058,0.3105617320069594,False,True
2024-05-14 14:15:00,2024-05-14 14:16:00,long,pm_mom,pm_mom_long,18277.66,18295.4375,18267.5,18298.25,trail,40.63999999999942,1.7497539370079134,True,True
2024-05-15 10:01:00,2024-05-15 10:02:00,long,or_rev,or_rev_long,18394.53,18417.9375,18380.5,18423.5,trail,56.11999999999534,1.6683891660729229,True,True
2024-05-15 10:05:00,2024-05-15 10:09:00,long,open_drive,open_drive_long,18417.28,18436.4375,18403.25,18445.5,trail,56.11999999999534,1.3654668567357628,True,True
2024-05-16 09:38:00,2024-05-16 09:43:00,long,open_drive,open_drive_long,18596.61,18611.1875,18583.0,18624.75,trail,54.44000000000233,1.0710874357089488,True,True
2024-05-16 13:54:00,2024-05-16 14:00:00,long,pm_mom,pm_mom_long,18616.49,18624.6875,18605.75,18637.0,trail,42.9600000000064,0.7632681564243182,False,True
2024-05-16 14:13:00,2024-05-16 14:15:00,long,ou_rev,ou_rev_long,18596.36,18586.1875,18586.25,18627.5,stop,40.44000000000233,-1.0061819980217603,False,False
2024-05-16 14:19:00,2024-05-16 14:23:00,long,ou_rev,ou_rev_long,18586.11,18599.9375,18571.5,18626.5,trail,58.44000000000233,0.9464407939766507,True,True
2024-05-17 10:04:00,2024-05-17 10:07:00,long,pd_rev,pd_pdl_long,18562.62,18549.9375,18550.0,18589.5,stop,50.479999999995925,-1.0049524564183838,False,False
2024-05-17 10:14:00,2024-05-17 10:18:00,long,or_rev,or_rev_long,18547.87,18547.8075,18535.25,18567.5,trail,50.479999999995925,-0.004952456418383918,True,True
2024-05-17 10:27:00,2024-05-17 10:29:00,long,sweep,sweep_pdl_long,18568.37,18574.9375,18557.25,18595.75,trail,44.479999999995925,0.5906025179857572,False,True
2024-05-17 13:39:00,2024-05-17 13:44:00,long,ou_rev,ou_rev_long,18535.12,18542.9375,18522.5,18558.0,trail,50.479999999995925,0.6194532488115412,False,True
2024-05-17 14:07:00,2024-05-17 14:11:00,long,ou_rev,ou_rev_long,18517.25,18506.6875,18506.75,18555.75,stop,42.0,-1.005952380952381,False,False
2024-05-17 14:12:00,2024-05-17 14:12:00,long,ou_rev,ou_rev_long,18514.62,18503.9375,18504.0,18555.0,stop,42.479999999995925,-1.0058851224105467,False,False
2024-05-17 14:32:00,2024-05-17 14:50:00,long,ou_rev,ou_rev_long,18494.5,18505.6875,18482.25,18550.0,trail,49.0,0.9132653061224489,False,True
2024-05-17 14:56:00,2024-05-17 14:57:00,long,pm_mom,pm_mom_long,18521.12,18534.6875,18510.0,18543.25,trail,44.479999999995925,1.2200989208635127,True,True
2024-05-22 09:46:00,2024-05-22 09:51:00,long,open_drive,open_drive_long,18741.05,18752.4375,18727.25,18768.5,trail,55.19999999999709,0.8251811594203861,True,True
2024-05-22 13:40:00,2024-05-22 13:41:00,long,vwap_rev,vwap_rev_long,18704.92,18704.8575,18694.75,18745.5,trail,40.679999999993015,-0.006145526057031537,True,True
2024-05-22 13:50:00,2024-05-22 13:51:00,short,trend,trend_cont_short,18688.92,18688.9825,18702.0,18661.25,trail,52.320000000006985,-0.0047782874617730625,True,True
2024-05-22 14:49:00,2024-05-22 14:54:00,long,pm_mom,pm_mom_long,18648.05,18647.9875,18632.5,18678.75,trail,62.19999999999709,-0.004019292604501796,True,True
2024-05-23 10:01:00,2024-05-23 10:02:00,long,or_rev,or_rev_long,18782.17,18810.9375,18768.25,18877.5,trail,55.679999999993015,2.0666307471268213,True,True
2024-05-28 10:01:00,2024-05-28 10:01:00,long,or_rev,or_rev_long,18809.38,18798.1875,18798.25,18857.5,stop,44.520000000004075,-1.0056154537286608,False,False
2024-05-28 10:08:00,2024-05-28 10:14:00,long,open_drive,open_drive_long,18837.76,18837.6975,18824.25,18866.5,trail,54.0399999999936,-0.004626202812731859,True,True
2024-05-28 10:59:00,2024-05-28 11:03:00,long,trend,trend_cont_long,18868.38,18857.4375,18857.5,18890.5,trail,43.520000000004075,-1.005744485294117,False,True
2024-05-28 14:09:00,2024-05-28 14:17:00,long,pm_mom,pm_mom_long,18866.13,18854.4375,18854.5,18889.75,trail,46.520000000004075,-1.0053740326741183,False,True
2024-05-29 10:13:00,2024-05-29 10:18:00,long,sweep,sweep_pdl_long,18779.87,18792.1875,18763.0,18820.75,trail,67.47999999999593,0.730142264374734,True,True
2024-05-29 13:52:00,2024-05-29 13:55:00,long,pm_mom,pm_mom_long,18792.62,18810.6875,18780.75,18815.25,trail,47.479999999995925,1.522114574557925,True,True
2024-05-30 10:37:00,2024-05-30 10:38:00,long,ou_rev,ou_rev_long,18638.98,18638.9175,18625.0,18678.5,trail,55.919999999998254,-0.004470672389127464,True,True
2024-05-30 10:56:00,2024-05-30 11:01:00,long,ou_rev,ou_rev_long,18617.98,18605.6875,18605.75,18666.0,trail,48.919999999998254,-1.0051103843008997,False,True
2024-05-30 11:10:00,2024-05-30 11:16:00,long,ou_rev,ou_rev_long,18598.23,18587.6875,18587.75,18658.0,stop,41.919999999998254,-1.0059637404580155,False,False
2024-05-31 10:05:00,2024-05-31 10:06:00,long,or_rev,or_rev_long,18475.45,18490.6875,18461.5,18553.25,trail,55.80000000000291,1.0922939068099267,True,True
2024-05-31 11:26:00,2024-05-31 11:31:00,long,ou_rev,ou_rev_long,18295.7,18280.6875,18280.75,18414.25,stop,59.80000000000291,-1.0041806020066888,False,False
2024-05-31 12:43:00,2024-05-31 12:44:00,long,ou_lunch,ou_lunch_long,18236.58,18248.1875,18225.0,18357.25,trail,46.320000000006985,1.0023747841102335,True,True
2024-05-31 12:50:00,2024-05-31 12:50:00,long,vwap_scalp,vwap_scalp_long,18241.45,18230.6875,18230.75,18297.75,stop,42.80000000000291,-1.0058411214953267,False,False
2024-05-31 12:53:00,2024-05-31 12:54:00,long,ou_lunch,ou_lunch_long,18233.7,18244.4375,18219.5,18352.75,trail,56.80000000000291,0.756161971830896,True,True
2024-05-31 13:47:00,2024-05-31 13:53:00,long,pm_mom,pm_mom_long,18306.2,18292.6875,18292.75,18331.75,stop,53.80000000000291,-1.0046468401486985,False,False
2024-06-03 10:08:00,2024-06-03 10:09:00,long,or_rev,or_rev_long,18637.91,18637.8475,18624.25,18684.5,trail,54.63999999999942,-0.004575402635431967,True,True
2024-06-03 10:41:00,2024-06-03 10:42:00,long,vwap_scalp,vwap_scalp_long,18618.91,18634.1875,18606.75,18637.5,trail,48.63999999999942,1.2563733552631848,True,True
2024-06-03 10:58:00,2024-06-03 11:01:00,long,vwap_rev,vwap_rev_long,18540.91,18540.8475,18530.25,18642.0,trail,42.63999999999942,-0.005863039399624846,True,True
2024-06-03 12:26:00,2024-06-03 12:27:00,long,ema_rev,ema_rev_long,18460.16,18460.0975,18448.5,18495.75,trail,46.63999999999942,-0.005360205831904012,True,True
2024-06-03 13:31:00,2024-06-03 13:32:00,long,pm_mom,pm_mom_long,18491.04,18506.4375,18480.75,18512.25,trail,41.16000000000349,1.4963556851309836,True,True
2024-06-04 13:18:00,2024-06-04 13:21:00,long,kalman_mom,kalman_mom_long,18590.88,18599.6875,18580.0,18618.75,trail,43.520000000004075,0.8095128676468895,True,True
2024-06-04 14:14:00,2024-06-04 14:17:00,long,pm_mom,pm_mom_long,18620.13,18645.1875,18605.5,18649.0,trail,58.520000000004075,1.7127477785370633,True,True
2024-06-05 09:46:00,2024-06-05 09:48:00,long,open_drive,open_drive_long,18798.64,18815.9375,18786.25,18820.5,trail,49.55999999999767,1.3960855528653264,True,True
2024-06-05 14:04:00,2024-06-05 14:07:00,long,pm_mom,pm_mom_long,18987.76,18977.6875,18977.75,19007.75,stop,40.0399999999936,-1.0062437562437572,False,False
2024-06-06 12:19:00,2024-06-06 12:20:00,long,ou_lunch,ou_lunch_long,19018.08,19032.4375,19005.75,19044.0,trail,49.320000000006985,1.164436334144057,True,True
2024-06-06 12:39:00,2024-06-06 12:55:00,long,ou_lunch,ou_lunch_long,19014.33,19025.1875,19001.75,19042.0,trail,50.320000000006985,0.8630763116054647,True,True
2024-06-07 12:26:00,2024-06-07 12:30:00,long,kalman_mom,kalman_mom_long,19071.18,19081.4375,19060.0,19099.25,trail,44.720000000001164,0.9174865831842077,True,True
2024-06-07 13:50:00,2024-06-07 13:55:00,long,pm_mom,pm_mom_long,19099.31,19099.2475,19089.0,19119.75,trail,41.24000000000524,-0.006062075654703401,True,True
2024-06-10 13:48:00,2024-06-10 13:50:00,long,pm_mom,pm_mom_long,19065.45,19092.4375,19053.5,19089.5,trail,47.80000000000291,2.2583682008366215,True,True
2024-06-11 09:57:00,2024-06-11 09:59:00,long,ou_rev,ou_rev_long,18988.35,19014.6875,18971.5,19028.25,trail,67.39999999999418,1.5630563798221797,False,True
2024-06-11 10:06:00,2024-06-11 10:08:00,long,open_drive,open_drive_long,19031.35,19031.2875,19018.5,19057.25,trail,51.39999999999418,-0.004863813229572535,True,True
2024-06-11 11:51:00,2024-06-11 11:52:00,short,trend,trend_cont_short,19060.1,19041.3125,19072.25,19035.5,trail,48.60000000000582,1.5462962962959914,True,True
2024-06-12 10:59:00,2024-06-12 11:00:00,short,trend,trend_cont_short,19472.17,19483.5625,19483.5,19449.0,stop,45.320000000006985,-1.0055163283318616,False,False
2024-06-12 11:24:00,2024-06-12 11:36:00,long,kalman_mom,kalman_mom_long,19514.42,19503.4375,19503.5,19541.5,stop,43.679999999993015,-1.005723443223444,False,False
2024-06-12 14:20:00,2024-06-12 14:30:00,long,pm_mom,pm_mom_long,19496.92,19513.4375,19484.5,19521.25,trail,49.679999999993015,1.3299114331726303,True,True
2024-06-13 11:21:00,2024-06-13 11:22:00,long,ou_rev,ou_rev_long,19546.37,19546.3075,19536.25,19581.75,trail,40.479999999995925,-0.006175889328063863,True,True
2024-06-13 12:22:00,2024-06-13 12:22:00,long,vwap_scalp,vwap_scalp_long,19532.12,19521.4375,19521.5,19554.0,stop,42.479999999995925,-1.0058851224105467,False,False
2024-06-14 13:47:00,2024-06-14 13:50:00,long,pm_mom,pm_mom_long,19650.52,19639.6875,19639.75,19672.25,stop,43.080000000001746,-1.0058031569173629,False,False
2024-06-17 09:52:00,2024-06-17 09:54:00,long,ou_rev,ou_rev_long,19640.33,19648.6875,19628.75,19669.0,trail,46.320000000006985,0.7217184801379096,False,True
2024-06-17 09:55:00,2024-06-17 09:56:00,long,ou_rev,ou_rev_long,19648.08,19648.0175,19637.25,19666.0,trail,43.320000000006985,-0.005771006463526309,True,True
2024-06-17 09:59:00,2024-06-17 10:00:00,long,open_drive,open_drive_long,19667.83,19679.1875,19655.25,19692.0,trail,50.320000000006985,0.9028219395863814,True,True
2024-06-17 12:48:00,2024-06-17 12:49:00,long,kalman_mom,kalman_mom_long,19828.83,19837.9375,19817.5,19857.5,trail,45.320000000006985,0.8038393645186982,True,True
2024-06-18 11:02:00,2024-06-18 11:05:00,long,or_rev,or_rev_long,19891.59,19876.9375,19877.0,19921.0,trail,58.36000000000058,-1.0042837559972584,False,True
2024-06-18 11:07:00,2024-06-18 11:12:00,long,ou_rev,ou_rev_long,19876.09,19862.4375,19862.5,19906.5,stop,54.36000000000058,-1.0045989698307578,False,False
2024-06-18 11:17:00,2024-06-18 11:22:00,long,ou_rev,ou_rev_long,19865.21,19877.1875,19847.5,19902.75,trail,70.83999999999651,0.676312817617248,False,True
2024-06-20 10:15:00,2024-06-20 10:16:00,long,ou_rev,ou_rev_long,19890.06,19876.6875,19876.75,19953.25,stop,53.24000000000524,-1.0046957175056344,False,False
2024-06-20 10:26:00,2024-06-20 10:26:00,short,trend,trend_cont_short,19872.43,19889.0625,19889.0,19838.75,stop,66.27999999999884,-1.0037718768859385,False,False
2024-06-20 10:57:00,2024-06-20 10:58:00,long,trend,trend_cont_long,19919.68,19935.1875,19909.5,19941.0,trail,40.720000000001164,1.5233300589390242,True,True
2024-06-20 12:44:00,2024-06-20 12:46:00,long,vwap_rev,vwap_rev_long,19784.93,19801.9375,19774.25,19906.75,trail,42.720000000001164,1.5924625468164089,True,True
2024-06-20 13:45:00,2024-06-20 13:46:00,long,pm_mom,pm_mom_long,19734.18,19747.6875,19720.5,19761.0,trail,54.720000000001164,0.9873903508771507,True,True
2024-06-21 10:06:00,2024-06-21 10:09:00,long,or_rev,or_rev_long,19692.3,19692.2375,19679.5,19738.5,trail,51.19999999999709,-0.0048828125000002776,True,True
2024-06-21 11:50:00,2024-06-21 11:52:00,long,kalman_mom,kalman_mom_long,19772.05,19786.4375,19760.5,19801.0,trail,46.19999999999709,1.2456709956711371,True,True
2024-06-21 13:53:00,2024-06-21 13:54:00,long,pm_mom,pm_mom_long,19708.55,19720.6875,19698.5,19729.75,trail,40.19999999999709,1.2077114427862294,True,True
2024-06-24 09:55:00,2024-06-24 09:56:00,long,sweep,sweep_pdl_long,19654.24,19679.1875,19637.5,19696.75,trail,66.9600000000064,1.4902927120666676,True,True
2024-06-24 10:48:00,2024-06-24 10:49:00,long,or_rev,or_rev_long,19607.74,19593.4375,19593.5,19665.5,stop,56.9600000000064,-1.0043890449438198,False,False
2024-06-24 11:15:00,2024-06-24 11:16:00,long,kalman_mom,kalman_mom_long,19651.49,19651.4275,19641.0,19679.5,trail,41.9600000000064,-0.005958055290752189,True,True
2024-06-24 11:39:00,2024-06-24 11:40:00,long,pd_rev,pd_pdl_long,19646.74,19661.4375,19634.25,19671.0,trail,49.9600000000064,1.1767413931142126,True,True
2024-06-24 13:01:00,2024-06-24 13:04:00,long,ema_rev,ema_rev_long,19589.24,19603.9375,19578.75,19612.0,trail,41.9600000000064,1.401096282173132,True,True
2024-06-25 13:37:00,2024-06-25 13:41:00,long,pm_mom,pm_mom_long,19631.11,19646.4375,19620.0,19652.25,trail,44.44000000000233,1.3796129612960049,True,True
2024-06-26 13:35:00,2024-06-26 13:38:00,long,pm_mom,pm_mom_long,19709.86,19699.6875,19699.75,19731.25,stop,40.44000000000233,-1.0061819980217603,False,False
2024-06-27 10:55:00,2024-06-27 10:56:00,long,vwap_rev,vwap_rev_long,19763.83,19781.1875,19753.0,19810.25,trail,43.320000000006985,1.6027239150503652,False,True
2024-06-27 11:39:00,2024-06-27 11:40:00,long,or_rev,or_rev_long,19715.58,19733.4375,19701.5,19793.75,trail,56.320000000006985,1.268288352272446,True,True
2024-06-28 10:19:00,2024-06-28 10:23:00,long,kalman_mom,kalman_mom_long,19983.05,19997.9375,19971.0,20014.25,trail,48.19999999999709,1.2354771784233716,True,True
2024-06-28 11:09:00,2024-06-28 11:09:00,long,ema_rev,ema_rev_long,19852.93,19839.4375,19839.5,19885.5,stop,53.720000000001164,-1.0046537602382724,False,False
2024-06-28 14:03:00,2024-06-28 14:06:00,long,pm_mom,pm_mom_long,19793.05,19792.9875,19782.75,19813.75,trail,41.19999999999709,-0.006067961165048972,True,True
2024-07-01 10:03:00,2024-07-01 10:04:00,long,open_drive,open_drive_long,19678.7,19665.4375,19665.5,19706.0,stop,52.80000000000291,-1.0047348484848482,False,False
2024-07-01 10:06:00,2024-07-01 10:10:00,long,open_drive,open_drive_long,19676.2,19676.1375,19662.5,19700.0,trail,54.80000000000291,-0.004562043795620196,True,True
2024-07-01 11:09:00,2024-07-01 11:10:00,long,pd_rev,pd_pdl_long,19659.2,19659.1375,19645.75,19685.5,trail,53.80000000000291,-0.0046468401486986334,True,True
2024-07-01 14:12:00,2024-07-01 14:13:00,long,pm_mom,pm_mom_long,19778.2,19797.1875,19767.0,19800.5,trail,44.80000000000291,1.6953124999998248,True,True
2024-07-02 13:52:00,2024-07-02 13:56:00,long,kalman_mom,kalman_mom_long,19957.57,19969.6875,19947.5,19982.5,trail,40.279999999998836,1.203326713009001,True,True
2024-07-02 14:14:00,2024-07-02 14:18:00,long,trend,trend_cont_long,19988.32,19974.4375,19974.5,20016.0,stop,55.279999999998836,-1.004522431259045,False,False
2024-07-03 12:18:00,2024-07-03 12:23:00,long,kalman_mom,kalman_mom_long,20175.29,20183.1875,20163.0,20206.0,trail,49.16000000000349,0.6425956061837726,True,True
2024-07-08 09:49:00,2024-07-08 09:49:00,long,open_drive,open_drive_long,20403.57,20391.1875,20391.25,20427.25,stop,49.279999999998836,-1.005073051948052,False,False
2024-07-08 10:39:00,2024-07-08 10:41:00,long,ou_rev,ou_rev_long,20380.95,20392.1875,20367.5,20403.75,trail,53.80000000000291,0.8355018587359602,True,True
2024-07-09 10:34:00,2024-07-09 10:35:00,long,ou_rev,ou_rev_long,20477.45,20494.1875,20463.25,20519.75,trail,56.80000000000291,1.1786971830984798,True,True
2024-07-09 11:27:00,2024-07-09 11:47:00,long,ou_rev,ou_rev_long,20471.45,20482.9375,20453.0,20508.5,trail,73.80000000000291,0.6226287262871989,False,True
2024-07-09 13:00:00,2024-07-09 13:04:00,long,ou_lunch,ou_lunch_long,20458.08,20474.1875,20443.5,20493.75,trail,58.320000000006985,1.1047668038406258,True,True
2024-07-10 12:52:00,2024-07-10 12:59:00,long,kalman_mom,kalman_mom_long,20621.99,20636.1875,20609.75,20652.25,trail,48.9600000000064,1.1599264705879528,True,True
2024-07-10 13:54:00,2024-07-10 14:21:00,long,pm_mom,pm_mom_long,20662.49,20650.9375,20651.0,20686.25,trail,45.9600000000064,-1.0054395126196685,False,True
2024-07-11 10:25:00,2024-07-11 10:25:00,long,or_rev,or_rev_long,20462.35,20448.6875,20448.75,20667.25,stop,54.39999999999418,-1.0045955882352946,False,False
2024-07-11 10:30:00,2024-07-11 10:31:00,short,trend,trend_cont_short,20481.1,20500.0625,20500.0,20442.5,stop,75.60000000000582,-1.0033068783068781,False,False
2024-07-11 10:39:00,2024-07-11 10:44:00,short,trend,trend_cont_short,20467.6,20437.5625,20487.0,20428.75,trail,77.60000000000582,1.54832474226785,True,True
2024-07-11 10:47:00,2024-07-11 10:48:00,long,ema_rev,ema_rev_long,20443.1,20443.0375,20428.75,20472.5,trail,57.39999999999418,-0.004355400696864553,True,True
2024-07-11 13:23:00,2024-07-11 13:25:00,long,kalman_mom,kalman_mom_long,20265.6,20254.1875,20254.25,20293.75,trail,45.39999999999418,-1.005506607929516,False,True
2024-07-11 14:17:00,2024-07-11 14:18:00,long,pm_mom,pm_mom_long,20206.1,20192.1875,20192.25,20233.5,stop,55.39999999999418,-1.0045126353790619,False,False
2024-07-12 10:45:00,2024-07-12 10:47:00,long,kalman_mom,kalman_mom_long,20426.9,20439.9375,20414.5,20457.25,trail,49.60000000000582,1.0514112903223398,False,True
2024-07-12 13:34:00,2024-07-12 13:35:00,long,pm_mom,pm_mom_long,20469.4,20478.9375,20458.5,20492.5,trail,43.60000000000582,0.8749999999997496,True,True
2024-07-15 12:31:00,2024-07-15 12:32:00,long,kalman_mom,kalman_mom_long,20467.3,20456.4375,20456.5,20493.25,stop,43.19999999999709,-1.0057870370370374,False,False
2024-07-15 13:33:00,2024-07-15 13:34:00,long,ou_rev,ou_rev_long,20405.05,20390.4375,20390.5,20473.75,stop,58.19999999999709,-1.0042955326460483,False,False
2024-07-15 13:37:00,2024-07-15 13:46:00,long,ou_rev,ou_rev_long,20388.05,20372.9375,20373.0,20472.25,trail,60.19999999999709,-1.004152823920266,False,True
2024-07-15 13:50:00,2024-07-15 13:52:00,long,ou_rev,ou_rev_long,20374.8,20396.9375,20359.0,20467.75,trail,63.19999999999709,1.4011075949368195,True,True
2024-07-15 13:59:00,2024-07-15 14:00:00,long,ou_rev,ou_rev_long,20372.55,20372.4875,20361.75,20465.0,trail,43.19999999999709,-0.005787037037037427,True,True
2024-07-15 14:12:00,2024-07-15 14:13:00,long,pm_mom,pm_mom_long,20383.55,20371.4375,20371.5,20407.5,stop,48.19999999999709,-1.0051867219917014,False,False
2024-07-16 10:09:00,2024-07-16 10:09:00,long,or_rev,or_rev_long,20322.42,20307.6875,20307.75,20464.25,stop,58.679999999993015,-1.0042603953646903,False,False
2024-07-16 10:15:00,2024-07-16 10:16:00,short,trend,trend_cont_short,20315.55,20303.0625,20331.0,20284.0,trail,61.80000000000291,0.8082524271843808,False,True
2024-07-16 10:49:00,2024-07-16 10:50:00,long,kalman_mom,kalman_mom_long,20364.92,20379.1875,20354.5,20390.75,trail,41.679999999993015,1.3692418426107618,True,True
2024-07-16 13:49:00,2024-07-16 13:50:00,long,pm_mom,pm_mom_long,20322.17,20322.1075,20311.25,20345.0,trail,43.679999999993015,-0.005723443223444139,True,True
2024-07-17 10:07:00,2024-07-17 10:07:00,long,ou_rev,ou_rev_long,19973.54,19957.1875,19957.25,20034.25,stop,65.16000000000349,-1.0038367096378145,False,False
2024-07-17 10:21:00,2024-07-17 10:22:00,long,vwap_scalp,vwap_scalp_long,19961.79,19949.6875,19949.75,19985.0,stop,48.16000000000349,-1.005191029900332,False,False
2024-07-17 10:57:00,2024-07-17 11:05:00,long,ou_rev,ou_rev_long,19929.54,19913.6875,19913.75,19985.25,trail,63.16000000000349,-1.0039582013932866,False,True
2024-07-17 11:09:00,2024-07-17 11:10:00,long,ou_rev,ou_rev_long,19919.54,19940.4375,19904.75,19978.25,trail,59.16000000000349,1.4129479377956655,True,True
2024-07-17 11:34:00,2024-07-17 11:35:00,long,ou_lunch,ou_lunch_long,19928.79,19945.6875,19914.5,19968.75,trail,57.16000000000349,1.18247025892219,True,True
2024-07-17 13:32:00,2024-07-17 13:33:00,long,pm_mom,pm_mom_long,19867.29,19886.1875,19851.25,19899.25,trail,64.16000000000349,1.1781483790522504,True,True
2024-07-18 10:45:00,2024-07-18 10:45:00,long,vwap_rev,vwap_rev_long,19721.16,19709.4375,19709.5,19865.75,stop,46.63999999999942,-1.005360205831904,False,False
2024-07-18 10:49:00,2024-07-18 10:50:00,long,vwap_rev,vwap_rev_long,19723.04,19768.1875,19711.5,19858.0,trail,46.16000000000349,3.912261698439836,True,True
2024-07-19 10:44:00,2024-07-19 10:45:00,long,ou_rev,ou_rev_long,19614.27,19596.9375,19597.0,19688.75,stop,69.08000000000175,-1.0036189924724956,False,False
2024-07-19 11:15:00,2024-07-19 11:18:00,long,ou_rev,ou_rev_long,19612.52,19612.4575,19598.0,19675.0,trail,58.080000000001746,-0.0043044077134984935,True,True
2024-07-19 11:21:00,2024-07-19 11:22:00,long,ou_rev,ou_rev_long,19620.27,19643.9375,19604.5,19672.0,trail,63.080000000001746,1.5007926442611863,True,True
2024-07-19 11:35:00,2024-07-19 11:37:00,long,ou_lunch,ou_lunch_long,19545.02,19544.9575,19531.0,19664.0,trail,56.080000000001746,-0.004457917261055496,True,True
2024-07-19 12:13:00,2024-07-19 12:14:00,long,kalman_mom,kalman_mom_long,19620.02,19607.6875,19607.75,19651.0,trail,49.080000000001746,-1.0050937245313771,False,True
2024-07-19 13:34:00,2024-07-19 13:36:00,long,pm_mom,pm_mom_long,19504.15,19504.0875,19493.0,19525.25,trail,44.60000000000582,-0.005605381165918551,True,True
2024-07-19 14:02:00,2024-07-19 14:05:00,long,ou_rev,ou_rev_long,19539.52,19525.1875,19525.25,19603.25,stop,57.080000000001746,-1.0043798177995793,False,False
2024-07-22 10:47:00,2024-07-22 10:48:00,short,or_rev,or_rev_short,19828.72,19828.7825,19840.75,19758.25,trail,48.11999999999534,-0.005195344970906571,True,True
2024-07-22 11:22:00,2024-07-22 11:23:00,long,vwap_rev,vwap_rev_long,19708.72,19724.1875,19697.25,19780.0,trail,45.88000000000466,1.3485178727111828,True,True
2024-07-22 11:36:00,2024-07-22 11:36:00,short,kalman_mom,kalman_mom_short,19647.22,19657.8125,19657.75,19622.0,stop,42.11999999999534,-1.00593542260209,False,False
2024-07-22 12:16:00,2024-07-22 12:18:00,long,vwap_scalp,vwap_scalp_long,19707.6,19717.4375,19695.75,19727.0,trail,47.39999999999418,0.8301687763715327,True,True
2024-07-22 13:08:00,2024-07-22 13:10:00,short,ema_rev,ema_rev_short,19802.72,19813.8125,19813.75,19783.25,stop,44.11999999999534,-1.0056663644605628,False,False
2024-07-22 13:33:00,2024-07-22 13:35:00,long,pm_mom,pm_mom_long,19826.72,19840.1875,19810.75,19856.5,trail,63.88000000000466,0.843299937382458,True,True
2024-07-22 13:46:00,2024-07-22 13:47:00,short,ou_rev,ou_rev_short,19818.6,19829.3125,19829.25,19755.5,stop,42.60000000000582,-1.005868544600938,False,False
2024-07-23 11:21:00,2024-07-23 11:23:00,short,vwap_rev,vwap_rev_short,19906.09,19895.8125,19916.25,19828.25,trail,40.63999999999942,1.0115649606299502,False,True
2024-07-23 11:24:00,2024-07-23 11:27:00,short,vwap_rev,vwap_rev_short,19900.34,19885.3125,19912.25,19830.0,trail,47.63999999999942,1.2617548278757622,True,True
2024-07-24 10:01:00,2024-07-24 10:01:00,long,or_rev,or_rev_long,19345.09,19331.1875,19331.25,19424.0,stop,55.36000000000058,-1.0045158959537572,False,False
2024-07-24 10:16:00,2024-07-24 10:19:00,short,kalman_mom,kalman_mom_short,19310.09,19322.5625,19322.5,19278.75,trail,49.63999999999942,-1.0050362610797745,False,True
2024-07-24 11:56:00,2024-07-24 11:57:00,long,ou_lunch,ou_lunch_long,19229.46,19218.9375,19219.0,19302.75,stop,41.83999999999651,-1.005975143403442,False,False
2024-07-24 12:18:00,2024-07-24 12:19:00,long,ou_lunch,ou_lunch_long,19195.46,19195.3975,19184.25,19288.25,trail,44.83999999999651,-0.005575379125780987,True,True
2024-07-24 13:26:00,2024-07-24 13:30:00,long,vwap_scalp,vwap_scalp_long,19192.21,19181.1875,19181.25,19225.25,stop,43.83999999999651,-1.005702554744526,False,False
2024-07-24 13:31:00,2024-07-24 13:32:00,short,pm_mom,pm_mom_short,19180.46,19170.3125,19190.5,19159.0,trail,40.16000000000349,1.010707171314566,True,True
2024-07-24 13:39:00,2024-07-24 13:40:00,long,vwap_scalp,vwap_scalp_long,19195.46,19195.3975,19183.0,19225.0,trail,49.83999999999651,-0.005016051364366322,True,True
2024-07-25 10:59:00,2024-07-25 11:00:00,short,ema_rev,ema_rev_short,19030.46,19043.0625,19043.0,18989.5,stop,50.16000000000349,-1.0049840510366823,False,False
2024-07-25 11:20:00,2024-07-25 11:21:00,short,or_rev,or_rev_short,19106.33,19057.3125,19120.0,19004.0,trail,54.679999999993015,3.5857717629852237,True,True
2024-07-26 11:53:00,2024-07-26 11:57:00,short,ou_lunch,ou_lunch_short,19022.23,19004.3125,19034.5,18952.25,trail,49.080000000001746,1.4602689486551692,True,True
2024-07-26 12:21:00,2024-07-26 12:22:00,short,vwap_rev,vwap_rev_short,19055.23,19055.2925,19066.25,18964.75,trail,44.080000000001746,-0.00567150635208689,True,True
2024-07-26 12:29:00,2024-07-26 12:29:00,short,vwap_rev,vwap_rev_short,19072.73,19083.5625,19083.5,18968.5,stop,43.080000000001746,-1.0058031569173629,False,False
2024-07-26 12:56:00,2024-07-26 12:58:00,short,ou_lunch,ou_lunch_short,19114.11,19114.1725,19127.75,18983.5,trail,54.55999999999767,-0.004582111436950342,True,True
2024-07-26 13:03:00,2024-07-26 13:05:00,short,ou_lunch,ou_lunch_short,19120.48,19120.5425,19131.75,18987.25,trail,45.080000000001746,-0.005545696539485144,True,True
2024-07-26 13:32:00,2024-07-26 13:34:00,short,ou_rev,ou_rev_short,19125.48,19116.5625,19138.0,19000.5,trail,50.080000000001746,0.7122603833865218,False,True
2024-07-26 13:35:00,2024-07-26 13:36:00,short,ou_rev,ou_rev_short,19117.36,19027.8125,19134.25,19001.75,trail,67.55999999999767,5.301805802250069,True,True
2024-07-29 10:29:00,2024-07-29 10:31:00,short,sweep,sweep_pdh_short,19125.2,19144.5625,19144.5,19003.5,stop,77.19999999999709,-1.003238341968912,False,False
2024-07-29 12:09:00,2024-07-29 12:09:00,short,ema_rev,ema_rev_short,19142.95,19154.5625,19154.5,19107.0,stop,46.19999999999709,-1.0054112554112558,False,False
2024-07-29 13:34:00,2024-07-29 13:35:00,short,kalman_mom,kalman_mom_short,19112.7,19123.0625,19123.0,19086.25,stop,41.19999999999709,-1.006067961165049,False,False
2024-07-29 13:42:00,2024-07-29 13:45:00,short,pd_rev,pd_pdh_short,19136.58,19120.5625,19149.75,19109.25,trail,52.679999999993015,1.2162110858013568,True,True
2024-07-30 11:59:00,2024-07-30 12:01:00,short,trend,trend_cont_short,18787.58,18801.0625,18801.0,18760.5,stop,53.679999999993015,-1.0046572280178843,False,False
2024-07-30 14:29:00,2024-07-30 14:30:00,short,pm_mom,pm_mom_short,18809.33,18826.0625,18826.0,18773.0,stop,66.67999999999302,-1.0037492501499703,False,False
2024-07-30 14:59:00,2024-07-30 15:05:00,short,trend,trend_cont_short,18793.83,18793.8925,18811.75,18757.75,trail,71.67999999999302,-0.003487723214286054,True,True
2024-07-31 10:04:00,2024-07-31 10:05:00,short,or_rev,or_rev_short,19269.28,19269.3425,19283.0,19215.75,trail,54.88000000000466,-0.004555393586005444,True,True
2024-07-31 10:29:00,2024-07-31 10:29:00,short,vwap_scalp,vwap_scalp_short,19297.15,19307.3125,19307.25,19273.25,stop,40.39999999999418,-1.006188118811882,False,False
2024-07-31 10:35:00,2024-07-31 10:37:00,short,ou_rev,ou_rev_short,19322.4,19337.0625,19337.0,19256.75,stop,58.39999999999418,-1.0042808219178085,False,False
2024-07-31 10:48:00,2024-07-31 10:50:00,short,ou_rev,ou_rev_short,19311.03,19292.5625,19325.25,19267.25,trail,56.88000000000466,1.2986990154709792,True,True
2024-07-31 11:08:00,2024-07-31 11:08:00,short,ou_rev,ou_rev_short,19311.4,19322.5625,19322.5,19273.25,stop,44.39999999999418,-1.0056306306306313,False,False
2024-07-31 11:14:00,2024-07-31 11:15:00,short,ou_rev,ou_rev_short,19314.4,19332.5625,19332.5,19275.75,stop,72.39999999999418,-1.0034530386740335,False,False
2024-07-31 11:18:00,2024-07-31 11:25:00,short,ou_rev,ou_rev_short,19326.4,19310.3125,19343.75,19277.5,trail,69.39999999999418,0.9272334293949743,True,True
2024-07-31 11:35:00,2024-07-31 11:37:00,short,ou_lunch,ou_lunch_short,19357.28,19334.5625,19371.25,19284.25,trail,55.88000000000466,1.6261632068716494,True,True
2024-07-31 11:49:00,2024-07-31 11:53:00,short,ou_lunch,ou_lunch_short,19335.65,19316.5625,19346.25,19289.5,trail,42.39999999999418,1.8007075471701959,True,True
2024-08-01 13:32:00,2024-08-01 13:36:00,short,pm_mom,pm_mom_short,18861.65,18861.7125,18877.5,18830.25,trail,63.39999999999418,-0.003943217665615504,True,True
2024-08-05 11:33:00,2024-08-05 11:33:00,short,ou_lunch,ou_lunch_short,18008.7,18019.3125,18019.25,17841.25,stop,42.19999999999709,-1.0059241706161142,False,False
2024-08-05 13:34:00,2024-08-05 13:35:00,short,pm_mom,pm_mom_short,17989.0,18007.0625,18007.0,17949.5,stop,72.0,-1.0034722222222223,False,False
2024-08-06 10:22:00,2024-08-06 10:22:00,short,or_rev,or_rev_short,18089.9,18104.0625,18104.0,17960.25,stop,56.39999999999418,-1.0044326241134756,False,False
2024-08-06 13:44:00,2024-08-06 13:45:00,short,pm_mom,pm_mom_short,18297.3,18297.3625,18317.25,18258.0,trail,79.80000000000291,-0.003132832080200387,True,True
2024-08-07 10:04:00,2024-08-07 10:05:00,short,or_rev,or_rev_short,18435.1,18376.8125,18448.0,18381.25,trail,51.60000000000582,4.518410852712556,True,True
2024-08-08 10:25:00,2024-08-08 10:25:00,short,or_rev,or_rev_short,18209.5,18221.8125,18221.75,18089.25,stop,49.0,-1.0051020408163265,False,False
2024-08-08 11:17:00,2024-08-08 11:18:00,short,kalman_mom,kalman_mom_short,18243.7,18220.0625,18255.0,18216.25,trail,45.19999999999709,2.0918141592922344,True,True
2024-08-08 11:21:00,2024-08-08 11:21:00,short,trend,trend_cont_short,18224.8,18243.8125,18243.75,18186.5,stop,75.80000000000291,-1.0032981530343006,False,False
2024-08-08 13:33:00,2024-08-08 13:33:00,short,ema_rev,ema_rev_short,18386.9,18398.3125,18398.25,18349.25,stop,45.39999999999418,-1.005506607929516,False,False
2024-08-08 14:02:00,2024-08-08 14:03:00,short,pm_mom,pm_mom_short,18396.5,18408.8125,18408.75,18372.0,stop,49.0,-1.0051020408163265,False,False
2024-08-09 10:24:00,2024-08-09 10:28:00,short,or_rev,or_rev_short,18433.7,18386.0625,18443.75,18387.25,trail,40.19999999999709,4.740049751244197,True,True
2024-08-12 10:26:00,2024-08-12 10:26:00,short,or_rev,or_rev_short,18602.4,18615.0625,18615.0,18526.25,stop,50.39999999999418,-1.004960317460318,False,False
2024-08-12 11:40:00,2024-08-12 11:40:00,short,kalman_mom,kalman_mom_short,18513.8,18524.8125,18524.75,18488.5,stop,43.80000000000291,-1.0057077625570772,False,False
2024-08-12 13:40:00,2024-08-12 13:44:00,short,pm_mom,pm_mom_short,18547.4,18538.3125,18562.0,18518.5,trail,58.39999999999418,0.6224315068494768,False,True
2024-08-13 10:01:00,2024-08-13 10:02:00,short,or_rev,or_rev_short,18803.6,18816.5625,18816.5,18756.25,stop,51.60000000000582,-1.0048449612403094,False,False
2024-08-13 10:52:00,2024-08-13 10:53:00,short,ou_rev,ou_rev_short,18844.0,18832.5625,18854.75,18791.5,trail,43.0,1.063953488372093,True,True
2024-08-13 11:03:00,2024-08-13 11:05:00,short,ou_rev,ou_rev_short,18840.6,18852.8125,18852.75,18796.25,stop,48.60000000000582,-1.00514403292181,False,False
2024-08-13 11:38:00,2024-08-13 11:39:00,short,ou_lunch,ou_lunch_short,18869.5,18869.5625,18880.75,18809.75,trail,45.0,-0.005555555555555556,True,True
2024-08-13 11:46:00,2024-08-13 11:47:00,short,ou_lunch,ou_lunch_short,18876.1,18876.1625,18888.5,18812.75,trail,49.60000000000582,-0.00504032258064457,True,True
2024-08-13 11:59:00,2024-08-13 12:00:00,short,ou_lunch,ou_lunch_short,18888.5,18888.5625,18901.25,18817.0,trail,51.0,-0.004901960784313725,True,True
2024-08-14 10:10:00,2024-08-14 10:11:00,long,or_rev,or_rev_long,18926.6,18926.5375,18916.5,19021.5,trail,40.39999999999418,-0.00618811881188208,True,True
2024-08-14 10:23:00,2024-08-14 10:24:00,long,vwap_scalp,vwap_scalp_long,18904.8,18922.6875,18894.5,18931.0,trail,41.19999999999709,1.7366504854370866,True,True
2024-08-14 10:29:00,2024-08-14 10:31:00,long,ou_rev,ou_rev_long,18901.2,18921.1875,18881.5,18952.5,trail,78.80000000000291,1.0145939086293672,True,True
2024-08-15 10:11:00,2024-08-15 10:12:00,short,or_rev,or_rev_short,19326.0,19326.0625,19339.25,19268.25,trail,53.0,-0.0047169811320754715,True,True
2024-08-15 10:33:00,2024-08-15 10:34:00,long,kalman_mom,kalman_mom_long,19383.9,19383.8375,19373.25,19409.75,trail,42.60000000000582,-0.005868544600938165,True,True
2024-08-15 10:53:00,2024-08-15 10:54:00,short,ou_rev,ou_rev_short,19395.9,19389.3125,19407.0,19338.25,trail,44.39999999999418,0.5934684684686774,False,True
2024-08-15 13:10:00,2024-08-15 13:11:00,short,vwap_scalp,vwap_scalp_short,19433.3,19423.8125,19444.0,19408.75,trail,42.80000000000291,0.8866822429905259,True,True
2024-08-15 13:20:00,2024-08-15 13:24:00,short,vwap_scalp,vwap_scalp_short,19433.6,19444.3125,19444.25,19409.75,trail,42.60000000000582,-1.005868544600938,False,True
2024-08-15 13:48:00,2024-08-15 13:55:00,long,pm_mom,pm_mom_long,19475.8,19475.7375,19465.5,19496.25,trail,41.19999999999709,-0.006067961165048972,True,True
2024-08-15 14:52:00,2024-08-15 14:59:00,short,ou_rev,ou_rev_short,19473.3,19485.0625,19485.0,19403.5,trail,46.80000000000291,-1.00534188034188,False,True
2024-08-19 10:22:00,2024-08-19 10:23:00,long,ou_rev,ou_rev_long,19448.9,19487.4375,19429.5,19502.75,trail,77.60000000000582,1.9864690721647245,True,True
2024-08-19 14:42:00,2024-08-19 14:45:00,long,pm_mom,pm_mom_long,19675.6,19689.4375,19657.0,19713.0,trail,74.39999999999418,0.7439516129033622,False,True
2024-08-20 10:22:00,2024-08-20 10:22:00,short,trend,trend_cont_short,19727.3,19746.0625,19746.0,19689.0,stop,74.80000000000291,-1.0033422459893047,False,False
2024-08-20 10:32:00,2024-08-20 10:33:00,short,trend,trend_cont_short,19730.1,19716.0625,19744.75,19699.75,trail,58.60000000000582,0.958191126279669,False,True
2024-08-20 10:35:00,2024-08-20 10:35:00,short,trend,trend_cont_short,19719.5,19732.0625,19732.0,19693.25,stop,50.0,-1.005,False,False
2024-08-20 10:45:00,2024-08-20 10:47:00,long,vwap_rev,vwap_rev_long,19662.0,19689.9375,19651.5,19757.5,trail,42.0,2.6607142857142856,True,True
2024-08-20 10:55:00,2024-08-20 10:57:00,long,kalman_mom,kalman_mom_long,19717.8,19705.6875,19705.75,19747.0,stop,48.19999999999709,-1.0051867219917014,False,False
2024-08-20 13:40:00,2024-08-20 13:42:00,long,pm_mom,pm_mom_long,19701.5,19701.4375,19690.75,19722.25,trail,43.0,-0.005813953488372093,True,True
2024-08-21 11:44:00,2024-08-21 11:46:00,short,trend,trend_cont_short,19760.7,19774.5625,19774.5,19733.0,trail,55.19999999999709,-1.0045289855072466,False,True
2024-08-21 11:54:00,2024-08-21 11:55:00,long,ema_rev,ema_rev_long,19737.2,19750.4375,19726.75,19761.5,trail,41.80000000000291,1.2667464114830957,True,True
2024-08-21 12:05:00,2024-08-21 12:07:00,long,vwap_rev,vwap_rev_long,19696.5,19714.1875,19685.0,19781.5,trail,46.0,1.5380434782608696,True,True
2024-08-21 13:39:00,2024-08-21 13:48:00,long,pm_mom,pm_mom_long,19783.7,19790.4375,19773.0,19805.0,trail,42.80000000000291,0.6296728971961508,False,True
2024-08-22 09:43:00,2024-08-22 09:44:00,long,open_drive,open_drive_long,19913.1,19898.6875,19898.75,19942.25,stop,57.39999999999418,-1.0043554006968645,False,False
2024-08-22 09:56:00,2024-08-22 09:58:00,long,open_drive,open_drive_long,19903.2,19920.9375,19888.25,19927.25,trail,59.80000000000291,1.1864548494982214,True,True
2024-08-22 10:25:00,2024-08-22 10:26:00,long,vwap_scalp,vwap_scalp_long,19818.7,19845.4375,19808.0,19845.0,trail,42.80000000000291,2.4988317757006966,True,True
2024-08-23 11:24:00,2024-08-23 11:26:00,long,kalman_mom,kalman_mom_long,19704.2,19704.1375,19693.25,19730.5,trail,43.80000000000291,-0.005707762557077246,True,True
2024-08-23 13:14:00,2024-08-23 13:15:00,long,vwap_scalp,vwap_scalp_long,19601.0,19609.4375,19588.75,19631.25,trail,49.0,0.6887755102040817,True,True
2024-08-23 13:21:00,2024-08-23 13:22:00,long,vwap_scalp,vwap_scalp_long,19614.3,19614.2375,19604.0,19637.75,trail,41.19999999999709,-0.006067961165048972,True,True
2024-08-26 09:52:00,2024-08-26 09:53:00,long,ou_rev,ou_rev_long,19655.3,19671.6875,19641.75,19689.25,trail,54.19999999999709,1.2094095940960596,False,True
2024-08-26 10:04:00,2024-08-26 10:05:00,long,ou_rev,ou_rev_long,19636.7,19649.6875,19619.5,19675.75,trail,68.80000000000291,0.7550872093022514,True,True
2024-08-26 10:19:00,2024-08-26 10:20:00,long,vwap_rev,vwap_rev_long,19560.5,19548.9375,19549.0,19651.5,stop,46.0,-1.0054347826086956,False,False
2024-08-26 10:37:00,2024-08-26 10:38:00,long,vwap_rev,vwap_rev_long,19482.2,19482.1375,19471.75,19620.25,trail,41.80000000000291,-0.005980861244018722,True,True
2024-08-26 10:59:00,2024-08-26 11:00:00,long,kalman_mom,kalman_mom_long,19512.2,19534.9375,19500.0,19543.75,trail,48.80000000000291,1.8637295081965506,True,True
2024-08-27 10:44:00,2024-08-27 10:48:00,long,kalman_mom,kalman_mom_long,19579.9,19568.4375,19568.5,19607.0,stop,45.60000000000582,-1.0054824561403501,False,False
2024-08-27 11:50:00,2024-08-27 11:54:00,short,trend,trend_cont_short,19527.4,19509.3125,19539.5,19502.0,trail,48.39999999999418,1.4948347107441018,True,True
2024-08-27 13:52:00,2024-08-27 13:55:00,long,pm_mom,pm_mom_long,19608.6,19616.4375,19597.0,19632.25,trail,46.39999999999418,0.6756465517243482,True,True
2024-08-28 10:06:00,2024-08-28 10:06:00,long,or_rev,or_rev_long,19484.5,19474.4375,19474.5,19552.0,stop,40.0,-1.00625,False,False
2024-08-28 10:58:00,2024-08-28 10:59:00,short,trend,trend_cont_short,19416.7,19394.5625,19428.5,19388.5,trail,47.19999999999709,1.8760593220340755,True,True
2024-08-28 11:03:00,2024-08-28 11:03:00,long,ema_rev,ema_rev_long,19379.2,19364.4375,19364.5,19418.0,stop,58.80000000000291,-1.0042517006802718,False,False
2024-08-28 11:10:00,2024-08-28 11:11:00,long,pd_rev,pd_pdl_long,19376.1,19362.4375,19362.5,19476.0,stop,54.39999999999418,-1.0045955882352946,False,False
2024-08-28 13:31:00,2024-08-28 13:35:00,long,ou_rev,ou_rev_long,19363.6,19363.5375,19350.5,19404.0,trail,52.39999999999418,-0.004770992366412744,True,True
2024-08-28 14:22:00,2024-08-28 14:25:00,long,pm_mom,pm_mom_long,19265.8,19265.7375,19254.0,19289.75,trail,47.19999999999709,-0.005296610169491852,True,True
2024-08-29 13:14:00,2024-08-29 13:16:00,long,ema_rev,ema_rev_long,19547.86,19547.7975,19535.5,19574.75,trail,49.44000000000233,-0.005056634304206882,True,True
2024-08-29 13:37:00,2024-08-29 13:40:00,long,pm_mom,pm_mom_long,19563.24,19550.1875,19550.25,19589.25,stop,51.9600000000064,-1.0048113933795222,False,False
2024-08-29 13:51:00,2024-08-29 13:53:00,long,ou_rev,ou_rev_long,19526.24,19541.4375,19514.25,19564.75,trail,47.9600000000064,1.2675145954959441,True,True
2024-08-29 14:04:00,2024-08-29 14:05:00,long,ou_rev,ou_rev_long,19529.74,19541.1875,19514.75,19563.75,trail,59.9600000000064,0.7636757838557156,False,True
2024-08-29 14:14:00,2024-08-29 14:16:00,long,ou_rev,ou_rev_long,19510.24,19510.1775,19498.75,19562.5,trail,45.9600000000064,-0.00543951261966852,True,True
2024-08-30 11:04:00,2024-08-30 11:05:00,long,ou_rev,ou_rev_long,19419.41,19442.9375,19405.75,19501.25,trail,54.63999999999942,1.7223645680820203,True,True
2024-08-30 11:10:00,2024-08-30 11:11:00,long,ou_rev,ou_rev_long,19430.53,19442.6875,19419.5,19497.0,trail,44.11999999999534,1.1022212148687622,True,True
2024-09-02 10:37:00,2024-09-02 10:38:00,long,kalman_mom,kalman_mom_long,19594.6,19603.6875,19583.0,19621.5,trail,46.39999999999418,0.7834051724140169,True,True
2024-09-03 10:07:00,2024-09-03 10:07:00,long,or_rev,or_rev_long,19291.0,19279.9375,19280.0,19373.75,stop,44.0,-1.0056818181818181,False,False
2024-09-03 10:17:00,2024-09-03 10:20:00,long,ou_rev,ou_rev_long,19255.75,19255.6875,19237.0,19327.25,trail,75.0,-0.0033333333333333335,True,True
2024-09-03 10:23:00,2024-09-03 10:24:00,long,ou_rev,ou_rev_long,19260.5,19260.4375,19246.0,19319.25,trail,58.0,-0.004310344827586207,True,True
2024-09-03 10:26:00,2024-09-03 10:27:00,long,ou_rev,ou_rev_long,19268.37,19288.6875,19253.25,19316.5,trail,60.479999999995925,1.3437500000001579,True,True
2024-09-03 10:31:00,2024-09-03 10:31:00,long,ou_rev,ou_rev_long,19270.87,19257.1875,19257.25,19313.0,stop,54.479999999995925,-1.0045888399412632,False,False
2024-09-03 10:35:00,2024-09-03 10:36:00,long,ou_rev,ou_rev_long,19215.25,19215.1875,19195.75,19307.75,trail,78.0,-0.003205128205128205,True,True
2024-09-03 10:52:00,2024-09-03 10:53:00,long,vwap_rev,vwap_rev_long,19141.25,19129.6875,19129.75,19283.25,stop,46.0,-1.0054347826086956,False,False
2024-09-03 13:02:00,2024-09-03 13:03:00,long,ou_lunch,ou_lunch_long,19099.87,19099.8075,19087.25,19195.5,trail,50.479999999995925,-0.004952456418383918,True,True
2024-09-03 13:10:00,2024-09-03 13:12:00,long,ou_lunch,ou_lunch_long,19115.37,19105.1875,19105.25,19192.75,stop,40.479999999995925,-1.006175889328064,False,False
2024-09-03 14:36:00,2024-09-03 14:37:00,long,pm_mom,pm_mom_long,19022.75,19008.6875,19008.75,19051.25,trail,56.0,-1.0044642857142858,False,True
2024-09-04 10:41:00,2024-09-04 10:41:00,short,ou_rev,ou_rev_short,18993.42,19009.3125,19009.25,18907.75,stop,63.320000000006985,-1.0039481996209725,False,False
2024-09-04 10:47:00,2024-09-04 10:48:00,short,ou_rev,ou_rev_short,19009.42,18979.8125,19023.75,18915.0,trail,57.320000000006985,2.0661200279130947,True,True
2024-09-04 10:54:00,2024-09-04 10:56:00,short,ou_rev,ou_rev_short,19000.17,19013.0625,19013.0,18921.0,trail,51.320000000006985,-1.0048713951675754,False,True
2024-09-04 11:14:00,2024-09-04 11:17:00,short,ou_rev,ou_rev_short,19026.92,19003.3125,19038.75,18941.5,trail,47.320000000006985,1.9955621301770725,True,True
2024-09-05 10:05:00,2024-09-05 10:06:00,short,or_rev,or_rev_short,19054.9,19029.8125,19069.75,18915.75,trail,59.39999999999418,1.689393939394203,True,True
2024-09-05 10:35:00,2024-09-05 10:36:00,short,ou_rev,ou_rev_short,19057.4,19057.4625,19076.5,18999.25,trail,76.39999999999418,-0.003272251308900773,True,True
2024-09-05 10:38:00,2024-09-05 10:42:00,short,ou_rev,ou_rev_short,19060.28,19060.3425,19074.5,19001.75,trail,56.88000000000466,-0.004395218002812579,True,True
2024-09-05 10:57:00,2024-09-05 11:00:00,short,kalman_mom,kalman_mom_short,18967.9,18939.3125,18979.0,18935.25,trail,44.39999999999418,2.5754504504509192,False,True
2024-09-06 13:31:00,2024-09-06 13:34:00,short,pm_mom,pm_mom_short,18451.9,18441.0625,18470.25,18414.5,trail,73.39999999999418,0.5905994550409981,False,True
2024-09-09 10:01:00,2024-09-09 10:03:00,short,vwap_rev,vwap_rev_short,18656.55,18642.3125,18667.25,18624.25,trail,42.80000000000291,1.3306074766353555,True,True
2024-09-09 10:17:00,2024-09-09 10:19:00,short,vwap_scalp,vwap_scalp_short,18664.55,18625.0625,18675.25,18649.25,trail,42.80000000000291,3.6904205607473446,True,True
2024-09-10 10:51:00,2024-09-10 10:51:00,short,pd_rev,pd_pdh_short,18697.58,18671.25,18711.5,18671.25,target,55.679999999993015,1.8915229885061098,False,False
2024-09-10 12:57:00,2024-09-10 13:00:00,short,ema_rev,ema_rev_short,18679.58,18659.0625,18692.25,18655.0,trail,50.679999999993015,1.6193764798740784,True,True
2024-09-11 11:42:00,2024-09-11 11:42:00,short,ema_rev,ema_rev_short,18732.89,18744.5625,18744.5,18682.5,stop,46.44000000000233,-1.005383290267011,False,False
2024-09-11 12:09:00,2024-09-11 12:15:00,short,pd_rev,pd_pdh_short,18848.39,18848.4525,18861.0,18696.0,trail,50.44000000000233,-0.004956383822362975,True,True
2024-09-11 14:55:00,2024-09-11 14:56:00,short,pm_mom,pm_mom_short,19092.01,19081.3125,19106.5,19062.0,trail,57.9600000000064,0.7382677708762745,True,True
2024-09-12 13:26:00,2024-09-12 13:30:00,long,kalman_mom,kalman_mom_long,19392.35,19381.1875,19381.25,19419.5,stop,44.39999999999418,-1.0056306306306313,False,False
2024-09-12 13:47:00,2024-09-12 13:51:00,long,pm_mom,pm_mom_long,19410.6,19423.6875,19398.75,19433.25,trail,47.39999999999418,1.1044303797470938,True,True
2024-09-13 14:44:00,2024-09-13 14:44:00,long,pm_mom,pm_mom_long,19508.54,19494.1875,19494.25,19537.75,stop,57.16000000000349,-1.0043736878936316,False,False
2024-09-16 11:33:00,2024-09-16 11:36:00,long,kalman_mom,kalman_mom_long,19384.07,19373.4375,19373.5,19409.75,trail,42.279999999998836,-1.0059129612109745,False,True
2024-09-16 13:31:00,2024-09-16 13:37:00,long,pm_mom,pm_mom_long,19376.69,19388.1875,19358.0,19413.75,trail,74.75999999999476,0.6151685393259558,False,True
2024-09-17 10:05:00,2024-09-17 10:06:00,long,open_drive,open_drive_long,19536.77,19554.4375,19522.75,19561.75,trail,56.080000000001746,1.2601640513551364,True,True
2024-09-17 12:31:00,2024-09-17 12:31:00,long,vwap_rev,vwap_rev_long,19451.15,19438.9375,19439.0,19533.25,stop,48.60000000000582,-1.00514403292181,False,False
2024-09-17 12:35:00,2024-09-17 12:35:00,long,vwap_rev,vwap_rev_long,19450.4,19440.1875,19440.25,19531.25,stop,40.60000000000582,-1.0061576354679793,False,False
2024-09-17 13:53:00,2024-09-17 13:56:00,long,pm_mom,pm_mom_long,19421.15,19421.0875,19408.5,19446.0,trail,50.60000000000582,-0.004940711462450025,True,True
2024-09-18 10:25:00,2024-09-18 10:26:00,long,or_rev,or_rev_long,19423.63,19411.6875,19411.75,19462.75,stop,47.520000000004075,-1.0052609427609422,False,False
2024-09-18 11:50:00,2024-09-18 11:52:00,long,vwap_rev,vwap_rev_long,19358.51,19358.4475,19346.25,19440.75,trail,49.0399999999936,-0.005097879282219262,True,True
2024-09-18 12:22:00,2024-09-18 12:25:00,long,kalman_mom,kalman_mom_long,19414.13,19424.1875,19403.5,19440.75,trail,42.520000000004075,0.9461429915332096,True,True
2024-09-18 13:31:00,2024-09-18 13:32:00,long,pm_mom,pm_mom_long,19464.13,19480.9375,19448.0,19496.25,trail,64.52000000000407,1.04200247985108,True,True
2024-09-18 13:55:00,2024-09-18 13:58:00,short,trend,trend_cont_short,19445.26,19455.8125,19455.75,19423.75,stop,41.9600000000064,-1.005958055290752,False,False
2024-09-19 11:28:00,2024-09-19 11:29:00,long,kalman_mom,kalman_mom_long,19901.63,19890.6875,19890.75,19931.0,stop,43.520000000004075,-1.005744485294117,False,False
2024-09-19 11:32:00,2024-09-19 11:32:00,long,trend,trend_cont_long,19901.26,19889.1875,19889.25,19926.25,stop,48.0399999999936,-1.0052039966694428,False,False
2024-09-19 11:39:00,2024-09-19 11:40:00,long,trend,trend_cont_long,19897.63,19897.5675,19887.5,19918.25,trail,40.520000000004075,-0.006169792694964829,True,True
2024-09-19 11:42:00,2024-09-19 11:45:00,long,trend,trend_cont_long,19903.88,19892.6875,19892.75,19929.5,trail,44.520000000004075,-1.0056154537286608,False,True
2024-09-19 13:36:00,2024-09-19 13:38:00,long,pm_mom,pm_mom_long,19926.38,19936.9375,19914.75,19950.0,trail,46.520000000004075,0.9077815993119567,False,True
2024-09-20 10:08:00,2024-09-20 10:09:00,long,or_rev,or_rev_long,19779.66,19779.5975,19767.75,19819.5,trail,47.63999999999942,-0.005247691015953045,True,True
2024-09-20 10:16:00,2024-09-20 10:19:00,long,ou_rev,ou_rev_long,19752.41,19774.9375,19735.75,19795.25,trail,66.63999999999942,1.3521908763505608,False,True
2024-09-20 10:35:00,2024-09-20 10:36:00,long,ou_rev,ou_rev_long,19744.29,19744.2275,19729.75,19784.0,trail,58.16000000000349,-0.004298486932599467,True,True
2024-09-20 10:38:00,2024-09-20 10:39:00,long,ou_rev,ou_rev_long,19748.04,19771.1875,19735.75,19782.5,trail,49.16000000000349,1.8834418226198115,True,True
2024-09-23 13:34:00,2024-09-23 13:35:00,long,ou_rev,ou_rev_long,19822.01,19834.4375,19808.5,19847.0,trail,54.0399999999936,0.9198741672837212,False,True
2024-09-23 13:39:00,2024-09-23 13:42:00,long,ou_rev,ou_rev_long,19821.01,19832.9375,19804.0,19846.75,trail,68.0399999999936,0.7012051734275557,True,True
2024-09-24 10:14:00,2024-09-24 10:14:00,long,or_rev,or_rev_long,19817.49,19805.6875,19805.75,19900.75,stop,46.9600000000064,-1.005323679727427,False,False
2024-09-24 10:18:00,2024-09-24 10:20:00,short,trend,trend_cont_short,19795.37,19785.3125,19808.25,19761.0,trail,51.520000000004075,0.7808618012420951,True,True
2024-09-24 10:22:00,2024-09-24 10:23:00,long,pd_rev,pd_pdl_long,19793.37,19780.1875,19780.25,19850.75,trail,52.479999999995925,-1.0047637195121955,False,True
2024-09-24 10:28:00,2024-09-24 10:29:00,long,vwap_scalp,vwap_scalp_long,19774.37,19781.1875,19763.75,19808.5,trail,42.479999999995925,0.6419491525425304,True,True
2024-09-24 10:46:00,2024-09-24 10:47:00,long,vwap_scalp,vwap_scalp_long,19764.12,19797.1875,19751.75,19793.75,trail,49.479999999995925,2.6732012934522023,True,True
2024-09-25 12:10:00,2024-09-25 12:13:00,long,ou_lunch,ou_lunch_long,19969.37,19969.3075,19957.0,19996.0,trail,49.479999999995925,-0.005052546483428064,True,True
2024-09-25 12:49:00,2024-09-25 12:54:00,long,ou_lunch,ou_lunch_long,19968.24,19977.9375,19955.0,19993.5,trail,52.9600000000064,0.7324395770390655,True,True
2024-09-25 13:32:00,2024-09-25 13:33:00,long,ou_rev,ou_rev_long,19965.99,19953.6875,19953.75,19987.5,stop,48.9600000000064,-1.0051062091503262,False,False
2024-09-25 13:39:00,2024-09-25 13:43:00,long,ou_rev,ou_rev_long,19956.49,19937.9375,19938.0,19986.5,stop,73.9600000000064,-1.003380205516495,False,False
2024-09-25 13:51:00,2024-09-25 13:52:00,long,ou_rev,ou_rev_long,19931.37,19945.9375,19921.0,19984.25,trail,41.479999999995925,1.4047733847639778,True,True
2024-09-25 13:54:00,2024-09-25 13:55:00,long,ou_rev,ou_rev_long,19949.37,19966.4375,19936.25,19984.0,trail,52.479999999995925,1.3008765243904226,True,True
2024-09-26 10:07:00,2024-09-26 10:08:00,short,trend,trend_cont_short,20190.48,20173.5625,20206.5,20158.25,trail,64.08000000000175,1.056023720349507,True,True
2024-09-26 10:28:00,2024-09-26 10:29:00,long,ema_rev,ema_rev_long,20155.48,20142.4375,20142.5,20177.5,stop,51.919999999998254,-1.0048151001540833,False,False
2024-09-26 11:03:00,2024-09-26 11:04:00,long,vwap_rev,vwap_rev_long,19981.98,20015.4375,19969.75,20157.75,trail,48.919999999998254,2.735690923957615,True,True
2024-09-27 10:20:00,2024-09-27 10:20:00,long,or_rev,or_rev_long,20091.44,20077.9375,20078.0,20130.75,stop,53.75999999999476,-1.0046502976190481,False,False
2024-09-27 11:19:00,2024-09-27 11:20:00,long,ou_rev,ou_rev_long,20051.69,20040.1875,20040.25,20102.5,stop,45.75999999999476,-1.0054632867132873,False,False
2024-09-27 11:22:00,2024-09-27 11:23:00,long,ou_rev,ou_rev_long,20042.56,20042.4975,20032.0,20101.0,trail,42.24000000000524,-0.005918560606059872,True,True
2024-09-27 11:27:00,2024-09-27 11:29:00,long,ou_rev,ou_rev_long,20042.81,20056.4375,20030.25,20098.5,trail,50.24000000000524,1.0849920382163432,True,True
2024-09-27 11:37:00,2024-09-27 11:42:00,long,ou_lunch,ou_lunch_long,20039.56,20056.6875,20027.5,20094.5,trail,48.24000000000524,1.420190713100898,True,True
2024-09-27 11:48:00,2024-09-27 11:50:00,long,vwap_scalp,vwap_scalp_long,20055.06,20044.4375,20044.5,20073.25,stop,42.24000000000524,-1.0059185606060599,False,False
2024-09-27 12:33:00,2024-09-27 12:33:00,long,vwap_scalp,vwap_scalp_long,20044.06,20032.4375,20032.5,20060.75,stop,46.24000000000524,-1.0054065743944631,False,False
2024-09-27 13:52:00,2024-09-27 13:55:00,long,pm_mom,pm_mom_long,20037.06,20050.6875,20021.5,20067.5,trail,62.24000000000524,0.8758033419021557,True,True
2024-09-30 10:20:00,2024-09-30 10:22:00,long,or_rev,or_rev_long,19952.75,19952.6875,19940.25,20007.0,trail,50.0,-0.005,True,True
2024-09-30 10:23:00,2024-09-30 10:24:00,long,pd_rev,pd_pdl_long,19958.5,19946.1875,19946.25,20005.5,stop,49.0,-1.0051020408163265,False,False
2024-09-30 13:59:00,2024-09-30 14:00:00,long,pm_mom,pm_mom_long,19988.0,20005.6875,19970.5,20023.25,trail,70.0,1.0107142857142857,True,True
2024-10-01 09:51:00,2024-10-01 09:51:00,long,ema_rev,ema_rev_long,19838.12,19824.9375,19825.0,19909.5,stop,52.479999999995925,-1.0047637195121955,False,False
2024-10-01 10:22:00,2024-10-01 10:23:00,long,or_rev,or_rev_long,19725.12,19764.9375,19710.25,19963.75,trail,59.479999999995925,2.6777067921993103,True,True
2024-10-01 10:48:00,2024-10-01 10:50:00,long,kalman_mom,kalman_mom_long,19742.87,19742.8075,19730.75,19771.0,trail,48.479999999995925,-0.00515676567656809,True,True
2024-10-01 11:25:00,2024-10-01 11:27:00,short,trend,trend_cont_short,19633.62,19651.5625,19651.5,19596.5,stop,71.52000000000407,-1.0034955257270692,False,False
2024-10-01 14:32:00,2024-10-01 14:33:00,long,sweep,sweep_pdl_long,19856.12,19875.9375,19838.0,19903.25,trail,72.47999999999593,1.0936810154526564,True,True
2024-10-02 13:49:00,2024-10-02 13:50:00,long,pm_mom,pm_mom_long,19812.84,19822.4375,19797.75,19839.75,trail,60.36000000000058,0.6360172299535959,False,True
2024-10-03 13:03:00,2024-10-03 13:04:00,long,ema_rev,ema_rev_long,19689.04,19688.9775,19676.25,19733.25,trail,51.16000000000349,-0.004886630179827657,True,True
2024-10-03 13:08:00,2024-10-03 13:09:00,long,vwap_rev,vwap_rev_long,19697.41,19720.1875,19686.0,19793.75,trail,45.63999999999942,1.9962751971954809,True,True
2024-10-03 13:35:00,2024-10-03 13:39:00,long,pm_mom,pm_mom_long,19769.16,19755.1875,19755.25,19797.5,stop,55.63999999999942,-1.004493170381021,False,False
2024-10-03 14:08:00,2024-10-03 14:11:00,long,trend,trend_cont_long,19768.41,19754.9375,19755.0,19796.25,stop,53.63999999999942,-1.004660700969426,False,False
2024-10-04 10:54:00,2024-10-04 10:55:00,long,kalman_mom,kalman_mom_long,19912.6,19900.1875,19900.25,19943.0,trail,49.39999999999418,-1.0050607287449398,False,True
2024-10-04 11:34:00,2024-10-04 11:36:00,long,ema_rev,ema_rev_long,19848.97,19862.9375,19834.5,19878.5,trail,57.88000000000466,0.9652729785762068,True,True
2024-10-04 13:45:00,2024-10-04 13:46:00,long,pm_mom,pm_mom_long,19960.1,19960.0375,19946.0,19988.75,trail,56.39999999999418,-0.004432624113475635,True,True
2024-10-07 09:56:00,2024-10-07 09:57:00,long,ou_rev,ou_rev_long,19914.44,19939.9375,19898.5,19942.75,trail,63.75999999999476,1.599592220828319,True,True
2024-10-07 14:10:00,2024-10-07 14:19:00,long,ou_rev,ou_rev_long,19919.07,19919.0075,19904.75,19953.5,trail,57.279999999998836,-0.0043645251396648935,True,True
2024-10-07 14:24:00,2024-10-07 14:29:00,long,ou_rev,ou_rev_long,19933.07,19920.6875,19920.75,19952.25,stop,49.279999999998836,-1.005073051948052,False,False
2024-10-08 10:13:00,2024-10-08 10:16:00,long,trend,trend_cont_long,20000.59,19986.4375,19986.5,20029.25,stop,56.36000000000058,-1.0044357700496807,False,False
2024-10-08 14:39:00,2024-10-08 14:54:00,long,pm_mom,pm_mom_long,20068.72,20082.1875,20054.0,20099.75,trail,58.88000000000466,0.9149116847824572,True,True
2024-10-09 13:33:00,2024-10-09 13:52:00,long,pm_mom,pm_mom_long,20236.83,20223.9375,20224.0,20262.25,trail,51.320000000006985,-1.0048713951675754,False,True
2024-10-14 11:24:00,2024-10-14 11:24:00,long,kalman_mom,kalman_mom_long,20416.43,20406.1875,20406.25,20442.0,stop,40.720000000001164,-1.0061394891944988,False,False
2024-10-14 13:39:00,2024-10-14 14:01:00,long,pm_mom,pm_mom_long,20442.81,20432.1875,20432.25,20463.75,stop,42.24000000000524,-1.0059185606060599,False,False
2024-10-15 10:21:00,2024-10-15 10:21:00,long,or_rev,or_rev_long,20412.06,20398.1875,20398.25,20465.5,stop,55.24000000000524,-1.0045257060101371,False,False
2024-10-15 11:38:00,2024-10-15 11:39:00,long,kalman_mom,kalman_mom_long,20261.18,20248.9375,20249.0,20289.0,stop,48.720000000001164,-1.0051313628899834,False,False
2024-10-15 13:42:00,2024-10-15 13:46:00,long,ou_rev,ou_rev_long,20206.56,20220.4375,20195.0,20280.25,trail,46.24000000000524,1.2004757785464635,True,True
2024-10-15 14:02:00,2024-10-15 14:04:00,long,ou_rev,ou_rev_long,20193.93,20219.9375,20183.5,20275.5,trail,41.720000000001164,2.4935282837966426,True,True
2024-10-15 14:18:00,2024-10-15 14:21:00,long,ou_rev,ou_rev_long,20193.68,20180.6875,20180.75,20271.75,stop,51.720000000001164,-1.0048337200309356,False,False
2024-10-16 09:53:00,2024-10-16 09:54:00,long,ema_rev,ema_rev_long,20070.18,20055.9375,20056.0,20108.75,stop,56.720000000001164,-1.0044076163610718,False,False
2024-10-16 10:04:00,2024-10-16 10:05:00,long,or_rev,or_rev_long,20056.18,20096.1875,20041.75,20149.75,trail,57.720000000001164,2.7725225225224466,True,True
2024-10-16 10:19:00,2024-10-16 10:19:00,long,kalman_mom,kalman_mom_long,20136.93,20125.4375,20125.5,20164.75,stop,45.720000000001164,-1.0054680664916884,False,False
2024-10-16 10:25:00,2024-10-16 10:26:00,long,trend,trend_cont_long,20150.68,20185.4375,20135.5,20182.75,trail,60.720000000001164,2.2896903820816235,True,True
2024-10-17 10:12:00,2024-10-17 10:13:00,long,or_rev,or_rev_long,20217.41,20241.9375,20205.5,20331.25,trail,47.63999999999942,2.059403862300625,True,True
2024-10-18 12:58:00,2024-10-18 12:59:00,long,kalman_mom,kalman_mom_long,20362.39,20351.4375,20351.5,20388.25,stop,43.55999999999767,-1.0057392102846652,False,False
2024-10-21 10:50:00,2024-10-21 10:51:00,long,pd_rev,pd_pdl_long,20278.69,20267.1875,20267.25,20338.0,stop,45.75999999999476,-1.0054632867132873,False,False
2024-10-21 11:40:00,2024-10-21 11:41:00,long,kalman_mom,kalman_mom_long,20230.94,20267.1875,20218.75,20261.25,trail,48.75999999999476,2.9735438884335688,True,True
2024-10-22 12:28:00,2024-10-22 12:29:00,long,ema_rev,ema_rev_long,20294.7,20294.6375,20284.5,20311.5,trail,40.80000000000291,-0.00612745098039172,True,True
2024-10-22 13:35:00,2024-10-22 13:37:00,long,trend,trend_cont_long,20365.7,20384.1875,20354.5,20388.25,trail,44.80000000000291,1.6506696428569707,True,True
2024-10-22 13:39:00,2024-10-22 13:41:00,long,kalman_mom,kalman_mom_long,20387.2,20414.4375,20377.0,20412.5,trail,40.80000000000291,2.67034313725464,True,True
2024-10-23 10:07:00,2024-10-23 10:07:00,long,or_rev,or_rev_long,20242.35,20228.9375,20229.0,20292.0,stop,53.39999999999418,-1.0046816479400753,False,False
2024-10-23 11:18:00,2024-10-23 11:19:00,long,vwap_rev,vwap_rev_long,20197.6,20197.5375,20186.25,20267.5,trail,45.39999999999418,-0.005506607929516125,True,True
2024-10-23 11:22:00,2024-10-23 11:23:00,long,vwap_rev,vwap_rev_long,20196.47,20215.1875,20184.0,20265.0,trail,49.88000000000466,1.5010024057736238,True,True
2024-10-23 11:54:00,2024-10-23 11:54:00,long,kalman_mom,kalman_mom_long,20211.22,20200.9375,20201.0,20236.75,stop,40.88000000000466,-1.0061154598825826,False,False
2024-10-23 14:39:00,2024-10-23 14:42:00,long,trend,trend_cont_long,20015.47,20028.4375,19999.75,20047.75,trail,62.88000000000466,0.8249045801525366,True,True
2024-10-23 14:50:00,2024-10-23 14:54:00,long,trend,trend_cont_long,20040.22,20026.4375,20026.5,20067.75,stop,54.88000000000466,-1.0045553935860054,False,False
2024-10-24 12:16:00,2024-10-24 12:19:00,long,vwap_rev,vwap_rev_long,20133.47,20133.4075,20121.25,20192.5,trail,48.88000000000466,-0.005114566284778564,True,True
2024-10-24 12:29:00,2024-10-24 12:30:00,long,kalman_mom,kalman_mom_long,20179.22,20188.9375,20168.5,20206.0,trail,42.88000000000466,0.9064832089550169,True,True
2024-10-24 13:39:00,2024-10-24 13:44:00,long,pm_mom,pm_mom_long,20227.22,20238.9375,20216.75,20248.25,trail,41.88000000000466,1.1191499522442725,False,True
2024-10-25 10:26:00,2024-10-25 10:27:00,long,kalman_mom,kalman_mom_long,20559.17,20546.6875,20546.75,20587.5,stop,49.679999999993015,-1.0050322061191634,False,False
2024-10-25 13:47:00,2024-10-25 13:48:00,long,ema_rev,ema_rev_long,20359.92,20390.6875,20346.5,20402.25,trail,53.679999999993015,2.292660208644244,True,True
2024-10-25 13:51:00,2024-10-25 13:53:00,long,pm_mom,pm_mom_long,20415.42,20415.3575,20399.75,20439.0,trail,62.679999999993015,-0.003988513082323355,True,True
2024-10-25 14:17:00,2024-10-25 14:21:00,long,ou_rev,ou_rev_long,20365.17,20384.4375,20349.25,20479.75,trail,63.679999999993015,1.210270100502755,True,True
2024-10-28 11:38:00,2024-10-28 11:39:00,long,or_rev,or_rev_long,20412.85,20431.1875,20400.25,20465.0,trail,50.39999999999418,1.4553571428574263,True,True
2024-10-28 11:50:00,2024-10-28 11:53:00,long,ou_lunch,ou_lunch_long,20416.85,20416.7875,20406.0,20442.5,trail,43.39999999999418,-0.005760368663595242,True,True
2024-10-28 12:10:00,2024-10-28 12:12:00,long,ou_lunch,ou_lunch_long,20412.97,20421.6875,20399.75,20438.75,trail,52.88000000000466,0.6594175491677813,True,True
2024-10-30 09:56:00,2024-10-30 09:57:00,long,open_drive,open_drive_long,20486.41,20510.1875,20471.75,20515.75,trail,58.63999999999942,1.6219304229195348,True,True
2024-10-30 10:11:00,2024-10-30 10:21:00,long,trend,trend_cont_long,20546.53,20558.4375,20530.25,20580.5,trail,65.11999999999534,0.7314189189190428,True,True
2024-10-31 10:04:00,2024-10-31 10:05:00,long,or_rev,or_rev_long,20027.31,20041.9375,20015.5,20194.25,trail,47.24000000000524,1.2385690093138924,False,True
2024-10-31 10:39:00,2024-10-31 10:41:00,short,trend,trend_cont_short,20005.43,20005.4925,20018.75,19978.75,trail,53.279999999998836,-0.004692192192192295,True,True
2024-10-31 12:09:00,2024-10-31 12:11:00,long,ou_lunch,ou_lunch_long,19958.43,19944.4375,19944.5,20011.5,stop,55.720000000001164,-1.0044867193108398,False,False
2024-10-31 12:19:00,2024-10-31 12:20:00,long,vwap_scalp,vwap_scalp_long,19964.43,19964.3675,19952.75,19986.5,trail,46.720000000001164,-0.005351027397260141,True,True
2024-10-31 12:38:00,2024-10-31 12:41:00,long,vwap_scalp,vwap_scalp_long,19958.81,19966.4375,19947.75,19981.5,trail,44.24000000000524,0.6896473779383171,False,True
2024-10-31 12:42:00,2024-10-31 12:42:00,long,vwap_scalp,vwap_scalp_long,19962.81,19952.1875,19952.25,19983.0,stop,42.24000000000524,-1.0059185606060599,False,False
2024-10-31 13:02:00,2024-10-31 13:04:00,long,ou_lunch,ou_lunch_long,19971.68,19989.1875,19958.75,20000.75,trail,51.720000000001164,1.3540216550656856,True,True
2024-10-31 13:35:00,2024-10-31 13:37:00,long,ou_rev,ou_rev_long,19948.43,19931.4375,19931.5,19997.25,stop,67.72000000000116,-1.0036916715888955,False,False
2024-10-31 14:13:00,2024-10-31 14:14:00,long,pm_mom,pm_mom_long,19926.43,19906.9375,19907.0,19965.5,stop,77.72000000000116,-1.0032166752444673,False,False
2024-10-31 14:26:00,2024-10-31 14:33:00,long,ou_rev,ou_rev_long,19912.43,19912.3675,19896.25,19985.25,trail,64.72000000000116,-0.0038627935723114263,True,True
2024-11-01 10:18:00,2024-11-01 10:19:00,short,ou_rev,ou_rev_short,20100.28,20115.8125,20115.75,20028.5,stop,61.88000000000466,-1.004040077569489,False,False
2024-11-01 10:32:00,2024-11-01 10:33:00,short,ema_rev,ema_rev_short,20146.78,20146.8425,20158.25,20115.0,trail,45.88000000000466,-0.005448997384480702,True,True
2024-11-01 11:08:00,2024-11-01 11:09:00,long,kalman_mom,kalman_mom_long,20107.91,20097.1875,20097.25,20134.25,stop,42.63999999999942,-1.0058630393996248,False,False
2024-11-01 13:34:00,2024-11-01 13:35:00,short,pm_mom,pm_mom_short,20084.28,20067.0625,20102.5,20049.0,trail,72.88000000000466,0.944978046103059,True,True
2024-11-04 10:09:00,2024-11-04 10:10:00,short,or_rev,or_rev_short,20032.05,20017.5625,20046.75,19967.25,trail,58.80000000000291,0.9855442176869765,True,True
2024-11-04 11:07:00,2024-11-04 11:08:00,short,ou_rev,ou_rev_short,20080.8,20092.0625,20092.0,20033.25,stop,44.80000000000291,-1.0055803571428568,False,False
2024-11-04 11:23:00,2024-11-04 11:27:00,short,ou_rev,ou_rev_short,20076.05,20063.0625,20088.75,20040.75,trail,50.80000000000291,1.0226377952754746,True,True
2024-11-04 11:46:00,2024-11-04 11:47:00,long,ema_rev,ema_rev_long,19998.17,19985.9375,19986.0,20031.75,stop,48.679999999993015,-1.005135579293345,False,False
2024-11-04 12:04:00,2024-11-04 12:06:00,short,kalman_mom,kalman_mom_short,19967.17,19944.5625,19979.25,19936.0,trail,48.320000000006985,1.871481788079055,True,True
2024-11-04 13:39:00,2024-11-04 13:45:00,long,pm_mom,pm_mom_long,20040.92,20050.4375,20023.0,20075.5,trail,71.67999999999302,0.5311104910715778,False,True
2024-11-05 10:07:00,2024-11-05 10:09:00,short,or_rev,or_rev_short,20182.69,20196.0625,20196.0,20087.5,stop,53.24000000000524,-1.0046957175056344,False,False
2024-11-05 10:28:00,2024-11-05 10:28:00,long,kalman_mom,kalman_mom_long,20186.69,20174.6875,20174.75,20213.75,stop,47.75999999999476,-1.005234505862647,False,False
2024-11-05 11:29:00,2024-11-05 11:31:00,short,vwap_scalp,vwap_scalp_short,20193.44,20193.5025,20205.0,20177.5,trail,46.24000000000524,-0.005406574394463055,True,True
2024-11-05 11:37:00,2024-11-05 11:40:00,short,ema_rev,ema_rev_short,20219.94,20220.0025,20230.25,20201.5,trail,41.24000000000524,-0.006062075654703401,True,True
2024-11-05 11:44:00,2024-11-05 11:45:00,short,vwap_scalp,vwap_scalp_short,20203.57,20193.3125,20216.0,20184.75,trail,49.720000000001164,0.8252212389380104,True,True
2024-11-05 11:51:00,2024-11-05 11:52:00,short,vwap_scalp,vwap_scalp_short,20216.94,20202.5625,20228.5,20192.5,trail,46.24000000000524,1.243728373702168,True,True
2024-11-05 12:13:00,2024-11-05 12:15:00,short,ou_lunch,ou_lunch_short,20226.44,20240.3125,20240.25,20174.0,stop,55.24000000000524,-1.0045257060101371,False,False
2024-11-05 12:23:00,2024-11-05 12:32:00,short,ou_lunch,ou_lunch_short,20252.69,20252.7525,20266.25,20177.75,trail,54.24000000000524,-0.004609144542772416,True,True
2024-11-05 13:03:00,2024-11-05 13:04:00,short,ou_lunch,ou_lunch_short,20237.69,20249.3125,20249.25,20188.5,stop,46.24000000000524,-1.0054065743944631,False,False
2024-11-05 13:39:00,2024-11-05 13:43:00,short,pm_mom,pm_mom_short,20185.82,20204.8125,20204.75,20147.75,stop,75.72000000000116,-1.0033016376122557,False,False
2024-11-05 14:29:00,2024-11-05 14:30:00,short,ou_rev,ou_rev_short,20216.94,20209.3125,20229.0,20195.75,trail,48.24000000000524,0.6324626865669869,False,True
2024-11-05 14:51:00,2024-11-05 14:52:00,short,ou_rev,ou_rev_short,20214.57,20196.3125,20224.75,20197.0,trail,40.720000000001164,1.793467583496973,True,True
2024-11-06 11:05:00,2024-11-06 11:06:00,long,ema_rev,ema_rev_long,20601.22,20617.4375,20588.0,20625.0,trail,52.88000000000466,1.2267397881995012,True,True
2024-11-06 13:44:00,2024-11-06 13:48:00,long,pm_mom,pm_mom_long,20764.6,20772.4375,20751.75,20789.75,trail,51.39999999999418,0.6099221789885092,False,True
2024-11-07 13:52:00,2024-11-07 13:56:00,long,pm_mom,pm_mom_long,21076.75,21091.6875,21060.25,21110.0,trail,66.0,0.9053030303030303,True,True
2024-11-08 10:14:00,2024-11-08 10:15:00,long,ou_rev,ou_rev_long,21073.91,21062.9375,21063.0,21103.25,stop,43.63999999999942,-1.0057286892758937,False,False
2024-11-08 10:17:00,2024-11-08 10:18:00,long,ou_rev,ou_rev_long,21069.16,21088.1875,21058.75,21101.25,trail,41.63999999999942,1.827809798270933,True,True
2024-11-08 13:39:00,2024-11-08 13:50:00,long,pm_mom,pm_mom_long,21158.54,21148.4375,21148.5,21178.5,stop,40.16000000000349,-1.0062250996015931,False,False
2024-11-11 10:04:00,2024-11-11 10:06:00,long,or_rev,or_rev_long,21079.42,21066.4375,21066.5,21166.75,stop,51.679999999993015,-1.0048374613003102,False,False
2024-11-11 12:23:00,2024-11-11 12:24:00,long,ou_lunch,ou_lunch_long,21086.3,21095.9375,21073.5,21116.0,trail,51.19999999999709,0.7529296875000997,True,True
2024-11-11 12:46:00,2024-11-11 12:47:00,long,ou_lunch,ou_lunch_long,21081.42,21069.9375,21070.0,21112.75,stop,45.679999999993015,-1.0054728546409815,False,False
2024-11-11 12:53:00,2024-11-11 12:54:00,long,ou_lunch,ou_lunch_long,21077.42,21087.6875,21064.25,21111.75,trail,52.679999999993015,0.7796127562644729,True,True
2024-11-11 13:05:00,2024-11-11 13:06:00,long,vwap_rev,vwap_rev_long,21031.05,21030.9875,21020.75,21109.25,trail,41.19999999999709,-0.006067961165048972,True,True
2024-11-11 13:09:00,2024-11-11 13:11:00,long,vwap_rev,vwap_rev_long,21033.42,21023.1875,21023.25,21107.75,stop,40.679999999993015,-1.0061455260570316,False,False
2024-11-11 13:38:00,2024-11-11 13:39:00,long,ou_rev,ou_rev_long,21058.8,21067.6875,21048.5,21099.75,trail,41.19999999999709,0.8628640776700345,True,True
2024-11-11 13:45:00,2024-11-11 13:48:00,long,pm_mom,pm_mom_long,21069.42,21084.4375,21059.25,21090.25,trail,40.679999999993015,1.4766470009837094,True,True
2024-11-12 11:02:00,2024-11-12 11:04:00,long,ou_rev,ou_rev_long,21102.92,21115.6875,21088.5,21126.25,trail,57.679999999993015,0.8854022191403116,True,True
2024-11-12 11:15:00,2024-11-12 11:21:00,long,ou_rev,ou_rev_long,21089.67,21110.9375,21075.75,21123.25,trail,55.679999999993015,1.527837643678478,True,True
2024-11-13 10:14:00,2024-11-13 10:14:00,long,or_rev,or_rev_long,21027.34,21016.1875,21016.25,21076.0,stop,44.36000000000058,-1.0056357078449052,False,False
2024-11-13 10:17:00,2024-11-13 10:19:00,long,vwap_scalp,vwap_scalp_long,21011.72,21028.1875,20999.25,21031.0,trail,49.88000000000466,1.3205693664793343,True,True
2024-11-13 13:48:00,2024-11-13 13:49:00,long,pm_mom,pm_mom_long,21154.59,21173.1875,21143.0,21178.25,trail,46.36000000000058,1.6046160483174825,True,True
2024-11-13 14:30:00,2024-11-13 14:32:00,short,trend,trend_cont_short,21124.34,21103.8125,21136.5,21098.5,trail,48.63999999999942,1.6881167763158216,True,True
2024-11-14 09:51:00,2024-11-14 09:52:00,long,ou_rev,ou_rev_long,21002.99,21036.9375,20989.25,21041.25,trail,54.9600000000064,2.470705967976306,True,True
2024-11-15 10:07:00,2024-11-15 10:08:00,long,or_rev,or_rev_long,20594.97,20602.4375,20580.75,20647.75,trail,56.88000000000466,0.5251406469759652,False,True
2024-11-15 10:13:00,2024-11-15 10:13:00,long,ou_rev,ou_rev_long,20566.72,20549.4375,20549.5,20622.0,stop,68.88000000000466,-1.0036295005807199,False,False
2024-11-15 10:19:00,2024-11-15 10:19:00,long,ou_rev,ou_rev_long,20537.47,20525.6875,20525.75,20612.75,stop,46.88000000000466,-1.0053327645051189,False,False
2024-11-15 10:25:00,2024-11-15 10:27:00,long,ou_rev,ou_rev_long,20511.85,20511.7875,20498.25,20602.5,trail,54.39999999999418,-0.00459558823529461,True,True
2024-11-15 10:29:00,2024-11-15 10:30:00,long,ou_rev,ou_rev_long,20520.35,20520.2875,20509.75,20596.75,trail,42.39999999999418,-0.005896226415095149,True,True
2024-11-15 10:39:00,2024-11-15 10:40:00,long,vwap_scalp,vwap_scalp_long,20494.47,20519.4375,20482.25,20539.25,trail,48.88000000000466,2.0431669394432452,True,True
2024-11-15 11:45:00,2024-11-15 11:47:00,long,ou_lunch,ou_lunch_long,20446.22,20470.6875,20434.25,20536.5,trail,47.88000000000466,2.044068504594524,True,True
2024-11-18 10:08:00,2024-11-18 10:09:00,short,vwap_rev,vwap_rev_short,20501.68,20511.8125,20511.75,20459.25,stop,40.279999999998836,-1.006206554121152,False,False
2024-11-18 10:24:00,2024-11-18 10:27:00,long,kalman_mom,kalman_mom_long,20537.68,20554.4375,20526.5,20565.75,trail,44.720000000001164,1.498881932021402,True,True
2024-11-18 10:39:00,2024-11-18 10:40:00,short,ema_rev,ema_rev_short,20606.18,20595.5625,20620.0,20574.25,trail,55.279999999998836,0.7682706222865785,False,True
2024-11-18 13:40:00,2024-11-18 13:42:00,short,pm_mom,pm_mom_short,20566.18,20553.3125,20577.0,20545.5,trail,43.279999999998836,1.1892329020333305,True,True
2024-11-19 10:34:00,2024-11-19 10:34:00,short,vwap_rev,vwap_rev_short,20526.37,20537.5625,20537.5,20482.5,stop,44.520000000004075,-1.0056154537286608,False,False
2024-11-19 10:40:00,2024-11-19 10:44:00,short,vwap_rev,vwap_rev_short,20552.62,20552.6825,20564.75,20487.75,trail,48.520000000004075,-0.005152514427039963,True,True
2024-11-19 11:16:00,2024-11-19 11:18:00,short,ou_rev,ou_rev_short,20583.24,20594.3125,20594.25,20512.0,stop,44.0399999999936,-1.0056766575840153,False,False
2024-11-19 11:23:00,2024-11-19 11:29:00,short,ou_rev,ou_rev_short,20586.99,20602.8125,20602.75,20516.25,stop,63.0399999999936,-1.0039657360406096,False,False
2024-11-19 11:32:00,2024-11-19 11:35:00,short,ou_lunch,ou_lunch_short,20602.24,20613.8125,20613.75,20521.25,stop,46.0399999999936,-1.005430060816682,False,False
2024-11-19 11:40:00,2024-11-19 11:52:00,short,ou_lunch,ou_lunch_short,20613.62,20613.6825,20627.25,20525.5,trail,54.520000000004075,-0.004585473220836048,True,True
2024-11-19 12:06:00,2024-11-19 12:08:00,short,vwap_scalp,vwap_scalp_short,20583.74,20594.3125,20594.25,20560.25,stop,42.0399999999936,-1.0059467174119894,False,False
2024-11-19 13:43:00,2024-11-19 13:44:00,short,ema_rev,ema_rev_short,20671.74,20682.0625,20682.0,20657.75,stop,41.0399999999936,-1.0060916179337243,False,False
2024-11-20 10:10:00,2024-11-20 10:10:00,long,vwap_rev,vwap_rev_long,20491.62,20480.6875,20480.75,20584.0,stop,43.479999999995925,-1.0057497700092002,False,False
2024-11-20 10:40:00,2024-11-20 10:41:00,long,kalman_mom,kalman_mom_long,20499.99,20520.4375,20487.75,20526.5,trail,48.9600000000064,1.6705473856205657,True,True
2024-11-20 10:45:00,2024-11-20 10:47:00,long,trend,trend_cont_long,20511.99,20539.6875,20495.25,20545.5,trail,66.9600000000064,1.6545698924728645,True,True
2024-11-21 10:24:00,2024-11-21 10:24:00,long,kalman_mom,kalman_mom_long,20582.31,20571.4375,20571.5,20609.5,stop,43.24000000000524,-1.0057816836262712,False,False
2024-11-21 10:46:00,2024-11-21 10:47:00,long,or_rev,or_rev_long,20514.81,20541.6875,20503.5,20695.75,trail,45.24000000000524,2.3764367816088043,True,True
2024-11-21 11:08:00,2024-11-21 11:10:00,long,trend,trend_cont_long,20653.81,20635.1875,20635.25,20692.25,stop,74.24000000000524,-1.0033674568965514,False,False
2024-11-21 11:15:00,2024-11-21 11:18:00,long,trend,trend_cont_long,20643.56,20643.4975,20628.5,20676.5,trail,60.24000000000524,-0.004150066401062056,True,True
2024-11-21 13:32:00,2024-11-21 13:34:00,long,pm_mom,pm_mom_long,20785.31,20785.2475,20773.5,20808.75,trail,47.24000000000524,-0.005292125317526932,True,True
2024-11-22 10:18:00,2024-11-22 10:19:00,long,or_rev,or_rev_long,20701.87,20723.1875,20688.5,20747.25,trail,53.479999999995925,1.5944278234856128,True,True
2024-11-22 10:37:00,2024-11-22 10:38:00,long,vwap_scalp,vwap_scalp_long,20687.25,20707.9375,20675.0,20709.75,trail,49.0,1.6887755102040816,True,True
2024-11-25 10:05:00,2024-11-25 10:06:00,long,or_rev,or_rev_long,20856.46,20876.4375,20845.0,20958.5,trail,45.83999999999651,1.743237347295148,True,True
2024-11-25 10:48:00,2024-11-25 10:50:00,long,kalman_mom,kalman_mom_long,20861.58,20874.4375,20850.0,20887.75,trail,46.320000000006985,1.110319516407281,True,True
2024-11-26 10:22:00,2024-11-26 10:23:00,long,vwap_rev,vwap_rev_long,20874.45,20895.4375,20862.0,20916.0,trail,49.80000000000291,1.6857429718873933,True,True
2024-11-26 13:42:00,2024-11-26 13:43:00,long,pm_mom,pm_mom_long,20909.57,20920.9375,20899.5,20929.5,trail,40.279999999998836,1.1288480635551756,True,True
2024-11-27 10:08:00,2024-11-27 10:11:00,long,or_rev,or_rev_long,20796.28,20783.9375,20784.0,20840.5,trail,49.11999999999534,-1.0050895765472319,False,True
2024-11-27 10:19:00,2024-11-27 10:20:00,long,ou_rev,ou_rev_long,20747.15,20759.9375,20733.25,20805.0,trail,55.60000000000582,0.9199640287767774,True,True
2024-11-27 10:22:00,2024-11-27 10:22:00,long,ou_rev,ou_rev_long,20761.9,20750.9375,20751.0,20802.25,stop,43.60000000000582,-1.0057339449541276,False,False
2024-11-27 10:40:00,2024-11-27 10:41:00,long,vwap_rev,vwap_rev_long,20680.15,20693.1875,20670.0,20782.0,trail,40.60000000000582,1.2844827586203622,True,True
2024-11-27 11:36:00,2024-11-27 11:38:00,long,ou_lunch,ou_lunch_long,20687.15,20687.0875,20675.25,20740.0,trail,47.60000000000582,-0.005252100840335492,True,True
2024-11-27 13:32:00,2024-11-27 13:35:00,long,pm_mom,pm_mom_long,20721.9,20731.4375,20709.0,20748.0,trail,51.60000000000582,0.7393410852711216,False,True
2024-11-28 09:38:00,2024-11-28 09:56:00,long,open_drive,open_drive_long,20834.28,20843.4375,20820.5,20861.75,trail,55.11999999999534,0.6645500725690812,True,True
2024-11-29 09:54:00,2024-11-29 09:57:00,long,sweep,sweep_pdl_long,20837.95,20855.6875,20819.0,20883.75,trail,75.80000000000291,0.9360158311344903,True,True
2024-11-29 10:36:00,2024-11-29 10:36:00,long,kalman_mom,kalman_mom_long,20914.95,20904.6875,20904.75,20941.5,stop,40.80000000000291,-1.0061274509803917,False,False
2024-12-02 10:16:00,2024-12-02 10:18:00,long,kalman_mom,kalman_mom_long,21150.32,21139.6875,21139.75,21175.25,stop,42.279999999998836,-1.0059129612109745,False,False
2024-12-02 14:33:00,2024-12-02 14:52:00,long,pm_mom,pm_mom_long,21159.82,21168.6875,21148.25,21182.0,trail,46.279999999998836,0.7664217804667687,False,True
2024-12-03 13:05:00,2024-12-03 13:30:00,long,kalman_mom,kalman_mom_long,21201.43,21189.1875,21189.25,21230.75,stop,48.720000000001164,-1.0051313628899834,False,False
2024-12-03 14:49:00,2024-12-03 14:53:00,long,pm_mom,pm_mom_long,21210.18,21218.9375,21200.0,21230.75,trail,40.720000000001164,0.8602652259331491,True,True
2024-12-04 14:25:00,2024-12-04 14:38:00,long,trend,trend_cont_long,21470.95,21479.4375,21457.0,21499.75,trail,55.80000000000291,0.6084229390680165,True,True
2024-12-05 10:01:00,2024-12-05 10:02:00,long,or_rev,or_rev_long,21475.35,21486.9375,21463.25,21500.5,trail,48.39999999999418,0.957644628099409,True,True
2024-12-05 10:05:00,2024-12-05 10:06:00,long,open_drive,open_drive_long,21492.48,21481.4375,21481.5,21513.75,stop,43.919999999998254,-1.0056921675774138,False,False
2024-12-05 13:32:00,2024-12-05 13:34:00,short,trend,trend_cont_short,21456.1,21468.0625,21468.0,21432.0,stop,47.60000000000582,-1.0052521008403354,False,False
2024-12-05 13:43:00,2024-12-05 13:43:00,long,kalman_mom,kalman_mom_long,21488.1,21477.4375,21477.5,21514.75,stop,42.39999999999418,-1.0058962264150952,False,False
2024-12-05 14:07:00,2024-12-05 14:10:00,long,vwap_rev,vwap_rev_long,21450.98,21468.9375,21438.5,21490.0,trail,49.919999999998254,1.4389022435898289,True,True
2024-12-06 11:06:00,2024-12-06 11:07:00,long,kalman_mom,kalman_mom_long,21588.78,21598.9375,21578.5,21613.5,trail,41.11999999999534,0.9880836575877737,False,True
2024-12-09 10:55:00,2024-12-09 10:56:00,long,ou_rev,ou_rev_long,21487.6,21487.5375,21474.75,21567.0,trail,51.39999999999418,-0.004863813229572535,True,True
2024-12-09 11:20:00,2024-12-09 11:22:00,long,pd_rev,pd_pdl_long,21456.85,21475.6875,21442.0,21543.0,trail,59.39999999999418,1.2685185185187409,False,True
2024-12-09 11:32:00,2024-12-09 11:38:00,long,vwap_scalp,vwap_scalp_long,21484.6,21473.9375,21474.0,21511.0,stop,42.39999999999418,-1.0058962264150952,False,False
2024-12-09 13:39:00,2024-12-09 13:48:00,long,pm_mom,pm_mom_long,21509.6,21520.1875,21495.25,21536.5,trail,57.39999999999418,0.7378048780489567,False,True
2024-12-10 10:16:00,2024-12-10 10:18:00,long,kalman_mom,kalman_mom_long,21570.79,21570.7275,21559.75,21600.25,trail,44.16000000000349,-0.0056612318840575234,True,True
2024-12-10 11:13:00,2024-12-10 11:15:00,long,or_rev,or_rev_long,21459.04,21475.9375,21444.5,21512.0,trail,58.16000000000349,1.1621389270975317,True,True
2024-12-10 11:34:00,2024-12-10 11:47:00,short,trend,trend_cont_short,21438.16,21425.5625,21455.5,21403.25,trail,69.36000000000058,0.7264994232987168,True,True
2024-12-10 12:32:00,2024-12-10 12:34:00,long,vwap_scalp,vwap_scalp_long,21462.29,21474.1875,21450.5,21479.25,trail,47.16000000000349,1.009117896522328,True,True
2024-12-11 10:06:00,2024-12-11 10:08:00,long,trend,trend_cont_long,21669.25,21697.9375,21656.5,21694.75,trail,51.0,2.25,True,True
2024-12-12 10:18:00,2024-12-12 10:19:00,long,or_rev,or_rev_long,21622.73,21650.6875,21608.25,21658.0,trail,57.919999999998254,1.9307665745857236,True,True
2024-12-12 14:00:00,2024-12-12 14:03:00,short,trend,trend_cont_short,21677.48,21677.5425,21689.0,21653.75,trail,46.080000000001746,-0.0054253472222220165,True,True
2024-12-13 10:45:00,2024-12-13 10:46:00,long,vwap_rev,vwap_rev_long,21717.32,21732.4375,21706.5,21822.5,trail,43.279999999998836,1.3971811460259425,True,True
2024-12-13 11:36:00,2024-12-13 11:37:00,long,kalman_mom,kalman_mom_long,21737.07,21725.4375,21725.5,21763.25,stop,46.279999999998836,-1.0054019014693174,False,False
2024-12-13 12:22:00,2024-12-13 12:22:00,long,vwap_scalp,vwap_scalp_long,21711.32,21700.4375,21700.5,21731.75,stop,43.279999999998836,-1.0057763401109059,False,False
2024-12-13 13:11:00,2024-12-13 13:15:00,long,ou_lunch,ou_lunch_long,21698.82,21698.7575,21687.75,21738.25,trail,44.279999999998836,-0.005645889792231404,True,True
2024-12-13 13:49:00,2024-12-13 13:50:00,long,pm_mom,pm_mom_long,21739.07,21753.1875,21728.0,21761.0,trail,44.279999999998836,1.2752935862692558,True,True
2024-12-17 10:25:00,2024-12-17 10:28:00,long,vwap_scalp,vwap_scalp_long,21947.46,21947.3975,21935.0,21971.25,trail,49.83999999999651,-0.005016051364366322,True,True
2024-12-17 14:44:00,2024-12-17 14:45:00,long,ou_rev,ou_rev_long,21970.21,21986.1875,21958.25,22006.5,trail,47.83999999999651,1.3359113712376287,True,True
2024-12-17 14:52:00,2024-12-17 14:56:00,long,ou_rev,ou_rev_long,21973.71,21979.6875,21963.25,22005.75,trail,41.83999999999651,0.5714627151052937,False,True
2024-12-19 10:25:00,2024-12-19 10:26:00,long,vwap_scalp,vwap_scalp_long,21244.85,21277.6875,21234.75,21274.75,trail,40.39999999999418,3.251237623762989,True,True
2024-12-20 10:20:00,2024-12-20 10:21:00,short,ou_rev,ou_rev_short,21040.52,21057.5625,21057.5,20962.25,stop,67.91999999999825,-1.003680800942285,False,False
2024-12-20 10:42:00,2024-12-20 10:43:00,short,or_rev,or_rev_short,21225.14,21200.3125,21238.0,20949.75,trail,51.44000000000233,1.9305987558319047,True,True
2024-12-20 11:08:00,2024-12-20 11:09:00,short,ema_rev,ema_rev_short,21309.77,21309.8325,21323.5,21251.0,trail,54.919999999998254,-0.004552075746540567,True,True
2024-12-20 11:28:00,2024-12-20 11:30:00,short,ou_rev,ou_rev_short,21361.64,21350.3125,21378.0,21114.75,trail,65.44000000000233,0.692389975550062,True,True
2024-12-20 13:28:00,2024-12-20 13:30:00,short,pd_rev,pd_pdh_short,21397.77,21373.0625,21411.25,21276.5,trail,53.919999999998254,1.8329005934719018,True,True
2024-12-23 10:49:00,2024-12-23 10:52:00,long,or_rev,or_rev_long,21263.95,21249.6875,21249.75,21353.5,stop,56.80000000000291,-1.004401408450704,False,False
2024-12-23 11:47:00,2024-12-23 11:47:00,short,ou_lunch,ou_lunch_short,21382.45,21395.8125,21395.75,21301.25,stop,53.19999999999709,-1.004699248120301,False,False
2024-12-23 11:53:00,2024-12-23 11:55:00,short,ou_lunch,ou_lunch_short,21392.08,21392.1425,21405.25,21304.75,trail,52.679999999993015,-0.004745634016705261,True,True
2024-12-23 13:32:00,2024-12-23 13:36:00,long,pm_mom,pm_mom_long,21439.58,21451.9375,21428.5,21463.0,trail,44.320000000006985,1.1152978339346846,False,True
2024-12-23 13:43:00,2024-12-23 13:43:00,short,ou_rev,ou_rev_short,21453.33,21465.8125,21465.75,21346.5,stop,49.679999999993015,-1.0050322061191634,False,False
2024-12-23 13:56:00,2024-12-23 13:57:00,short,ou_rev,ou_rev_short,21445.45,21456.3125,21456.25,21350.75,stop,43.19999999999709,-1.0057870370370374,False,False
2024-12-23 14:12:00,2024-12-23 14:15:00,short,ou_rev,ou_rev_short,21462.2,21472.3125,21472.25,21355.75,stop,40.19999999999709,-1.0062189054726374,False,False
2024-12-23 14:20:00,2024-12-23 14:21:00,short,ou_rev,ou_rev_short,21478.33,21468.3125,21488.75,21358.25,trail,41.679999999993015,0.9613723608448584,True,True
2024-12-26 09:53:00,2024-12-26 09:53:00,long,ou_rev,ou_rev_long,21670.94,21651.6875,21651.75,21699.75,stop,76.75999999999476,-1.0032569046378323,False,False
2024-12-26 10:06:00,2024-12-26 10:07:00,long,open_drive,open_drive_long,21690.19,21690.1275,21676.25,21719.0,trail,55.75999999999476,-0.004483500717360536,True,True
2024-12-26 10:13:00,2024-12-26 10:14:00,long,or_rev,or_rev_long,21663.94,21663.8775,21649.5,21703.5,trail,57.75999999999476,-0.004328254847645822,True,True
2024-12-26 14:32:00,2024-12-26 14:35:00,long,pm_mom,pm_mom_long,21739.81,21726.6875,21726.75,21766.5,stop,52.24000000000524,-1.0047856049004589,False,False
2024-12-27 10:20:00,2024-12-27 10:22:00,long,ema_rev,ema_rev_long,21252.59,21285.4375,21237.75,21319.0,trail,59.36000000000058,2.2134433962263835,True,True
2024-12-30 10:32:00,2024-12-30 10:33:00,long,vwap_scalp,vwap_scalp_long,21019.64,21035.9375,21009.0,21040.0,trail,42.55999999999767,1.5317199248121687,True,True
2024-12-30 11:33:00,2024-12-30 11:35:00,short,ou_lunch,ou_lunch_short,21136.89,21150.3125,21150.25,21075.0,stop,53.44000000000233,-1.0046781437125747,False,False
2024-12-30 11:39:00,2024-12-30 11:40:00,short,ou_lunch,ou_lunch_short,21159.89,21153.0625,21170.75,21077.75,trail,43.44000000000233,0.6286832412522148,True,True
2024-12-30 12:14:00,2024-12-30 12:14:00,long,pd_rev,pd_pdl_long,21229.01,21216.9375,21217.0,21253.0,stop,48.0399999999936,-1.0052039966694428,False,False
2024-12-30 13:31:00,2024-12-30 13:32:00,short,ou_rev,ou_rev_short,21258.64,21250.0625,21272.75,21145.25,trail,56.44000000000233,0.6079021970233214,True,True
2024-12-30 13:34:00,2024-12-30 13:34:00,short,ou_rev,ou_rev_short,21262.01,21273.3125,21273.25,21146.75,stop,44.9600000000064,-1.0055604982206399,False,False
2024-12-30 13:48:00,2024-12-30 13:48:00,short,ou_rev,ou_rev_short,21285.89,21296.3125,21296.25,21152.5,stop,41.44000000000233,-1.0060328185328182,False,False
2024-12-30 13:51:00,2024-12-30 13:53:00,short,ou_rev,ou_rev_short,21284.89,21284.9525,21300.75,21154.0,trail,63.44000000000233,-0.0039407313997476484,True,True
2024-12-30 14:25:00,2024-12-30 14:26:00,long,ema_rev,ema_rev_long,21223.39,21245.4375,21212.25,21242.75,trail,44.55999999999767,1.9791292639139797,True,True
2025-01-02 10:13:00,2025-01-02 10:14:00,short,or_rev,or_rev_short,21176.64,21158.3125,21188.0,21016.5,trail,45.44000000000233,1.6133362676054999,True,True
2025-01-02 10:17:00,2025-01-02 10:18:00,long,kalman_mom,kalman_mom_long,21170.14,21170.0775,21158.5,21198.0,trail,46.55999999999767,-0.005369415807560406,True,True
2025-01-02 13:36:00,2025-01-02 13:37:00,short,pm_mom,pm_mom_short,20746.77,20764.8125,20764.75,20709.5,stop,71.91999999999825,-1.0034760845383761,False,False
2025-01-03 11:53:00,2025-01-03 11:57:00,short,vwap_rev,vwap_rev_short,21226.24,21219.5625,21237.75,21125.25,trail,46.0399999999936,0.5801476976544335,False,True
2025-01-03 12:18:00,2025-01-03 12:19:00,short,kalman_mom,kalman_mom_short,21217.36,21205.0625,21227.75,21191.25,trail,41.55999999999767,1.1835899903754832,True,True
2025-01-03 14:46:00,2025-01-03 14:52:00,short,ou_rev,ou_rev_short,21295.36,21282.8125,21306.25,21177.5,trail,43.55999999999767,1.1522038567494264,True,True
2025-01-06 10:22:00,2025-01-06 10:23:00,short,or_rev,or_rev_short,21614.07,21625.8125,21625.75,21533.75,stop,46.720000000001164,-1.0053510273972601,False,False
2025-01-06 10:31:00,2025-01-06 10:32:00,short,ou_rev,ou_rev_short,21635.7,21613.3125,21646.0,21575.75,trail,41.19999999999709,2.1735436893206126,True,True
2025-01-06 10:36:00,2025-01-06 10:37:00,short,ou_rev,ou_rev_short,21617.2,21617.2625,21632.0,21579.25,trail,59.19999999999709,-0.0042229729729731805,True,True
2025-01-06 10:40:00,2025-01-06 10:41:00,short,ou_rev,ou_rev_short,21620.07,21620.1325,21630.75,21581.5,trail,42.720000000001164,-0.005852059925093474,True,True
2025-01-06 10:49:00,2025-01-06 10:51:00,short,ou_rev,ou_rev_short,21637.32,21620.3125,21650.75,21586.5,trail,53.720000000001164,1.2663812360386701,True,True
2025-01-07 10:42:00,2025-01-07 10:43:00,long,vwap_rev,vwap_rev_long,21193.96,21193.8975,21182.5,21408.75,trail,45.83999999999651,-0.005453752181501288,True,True
2025-01-07 13:06:00,2025-01-07 13:07:00,long,ou_lunch,ou_lunch_long,21221.46,21233.1875,21209.0,21297.25,trail,49.83999999999651,0.9412118780097668,True,True
2025-01-07 13:50:00,2025-01-07 13:52:00,short,trend,trend_cont_short,21204.83,21204.8925,21216.25,21181.75,trail,45.679999999993015,-0.005472854640981573,True,True
2025-01-07 14:04:00,2025-01-07 14:04:00,long,pm_mom,pm_mom_long,21221.96,21207.1875,21207.25,21249.25,stop,58.83999999999651,-1.004248810333107,False,False
2025-01-08 11:26:00,2025-01-08 11:27:00,short,vwap_scalp,vwap_scalp_short,21126.48,21111.3125,21137.25,21109.5,trail,43.080000000001746,1.4083101207055662,True,True
2025-01-08 11:36:00,2025-01-08 11:37:00,short,ou_lunch,ou_lunch_short,21124.98,21135.8125,21135.75,21093.75,stop,43.080000000001746,-1.0058031569173629,False,False
2025-01-08 11:40:00,2025-01-08 11:41:00,short,ou_lunch,ou_lunch_short,21155.48,21142.0625,21169.75,21095.0,trail,57.080000000001746,0.9402592852136757,True,True
2025-01-08 11:50:00,2025-01-08 11:51:00,short,ou_lunch,ou_lunch_short,21168.98,21150.5625,21180.5,21099.75,trail,46.080000000001746,1.598741319444346,True,True
2025-01-10 10:18:00,2025-01-10 10:19:00,long,ou_rev,ou_rev_long,20688.06,20719.4375,20671.75,20803.5,trail,65.24000000000524,1.9238197424890355,True,True
2025-01-10 13:33:00,2025-01-10 13:35:00,long,pm_mom,pm_mom_long,20878.06,20902.1875,20858.25,20917.25,trail,79.24000000000524,1.2179454820796112,True,True
2025-01-13 10:21:00,2025-01-13 10:21:00,short,or_rev,or_rev_short,20568.78,20579.8125,20579.75,20526.75,stop,43.88000000000466,-1.0056973564266174,False,False
2025-01-13 11:03:00,2025-01-13 11:04:00,short,kalman_mom,kalman_mom_short,20588.53,20573.8125,20599.5,20559.25,trail,43.88000000000466,1.3416134913397697,True,True
2025-01-13 12:31:00,2025-01-13 12:32:00,short,ema_rev,ema_rev_short,20630.4,20630.4625,20642.75,20611.75,trail,49.39999999999418,-0.005060728744939867,True,True
2025-01-13 13:04:00,2025-01-13 13:04:00,short,vwap_rev,vwap_rev_short,20668.28,20679.5625,20679.5,20577.75,stop,44.88000000000466,-1.005570409982174,False,False
2025-01-13 13:56:00,2025-01-13 14:01:00,short,pm_mom,pm_mom_short,20659.65,20679.0625,20679.0,20621.5,stop,77.39999999999418,-1.0032299741602069,False,False
2025-01-13 14:38:00,2025-01-13 14:39:00,short,ou_rev,ou_rev_short,20658.53,20675.5625,20675.5,20601.5,stop,67.88000000000466,-1.003682969946965,False,False
2025-01-14 10:32:00,2025-01-14 10:33:00,short,kalman_mom,kalman_mom_short,20803.72,20792.5625,20815.5,20772.75,trail,47.11999999999534,0.9471561969441653,False,True
2025-01-14 10:52:00,2025-01-14 10:53:00,short,trend,trend_cont_short,20750.47,20750.5325,20769.5,20711.5,trail,76.11999999999534,-0.0032842879663690923,True,True
2025-01-14 11:21:00,2025-01-14 11:22:00,short,trend,trend_cont_short,20685.47,20701.5625,20701.5,20653.25,stop,64.11999999999534,-1.0038989394884594,False,False
2025-01-14 13:31:00,2025-01-14 13:32:00,short,ema_rev,ema_rev_short,20722.84,20713.5625,20733.25,20695.0,trail,41.63999999999942,0.8912103746397959,False,True
2025-01-14 14:36:00,2025-01-14 14:37:00,short,ou_rev,ou_rev_short,20777.84,20789.3125,20789.25,20733.0,stop,45.63999999999942,-1.0054776511831727,False,False
2025-01-14 14:42:00,2025-01-14 14:45:00,short,ou_rev,ou_rev_short,20781.59,20767.0625,20793.75,20733.75,trail,48.63999999999942,1.1946957236842368,False,True
2025-01-15 10:01:00,2025-01-15 10:01:00,short,or_rev,or_rev_short,21117.93,21132.0625,21132.0,21035.75,stop,56.279999999998836,-1.0044420753375978,False,False
2025-01-15 14:24:00,2025-01-15 14:27:00,short,ou_rev,ou_rev_short,21181.3,21193.0625,21193.0,21129.75,stop,46.80000000000291,-1.00534188034188,False,False
2025-01-16 10:03:00,2025-01-16 10:04:00,long,ou_rev,ou_rev_long,21147.9,21194.4375,21129.0,21209.5,trail,75.60000000000582,2.4623015873013205,True,True
2025-01-17 11:30:00,2025-01-17 11:33:00,short,ou_rev,ou_rev_short,21424.48,21404.5625,21436.25,21354.75,trail,47.080000000001746,1.692225998300665,True,True
2025-01-17 11:54:00,2025-01-17 11:55:00,short,ou_lunch,ou_lunch_short,21387.36,21377.3125,21401.25,21361.0,trail,55.55999999999767,0.7233621310295899,True,True
2025-01-20 10:26:00,2025-01-20 10:32:00,long,or_rev,or_rev_long,21499.84,21486.1875,21486.25,21552.25,stop,54.36000000000058,-1.0045989698307578,False,False
2025-01-20 10:58:00,2025-01-20 10:59:00,long,kalman_mom,kalman_mom_long,21495.84,21485.4375,21485.5,21521.5,stop,41.36000000000058,-1.006044487427466,False,False
2025-01-20 12:45:00,2025-01-20 12:46:00,long,ou_lunch,ou_lunch_long,21489.84,21489.7775,21475.75,21517.5,trail,56.36000000000058,-0.0044357700496805786,True,True
2025-01-20 12:55:00,2025-01-20 12:59:00,long,ou_lunch,ou_lunch_long,21496.21,21496.1475,21485.25,21517.25,trail,43.83999999999651,-0.005702554744526002,True,True
2025-01-21 10:29:00,2025-01-21 10:30:00,long,pd_rev,pd_pdl_long,21434.8,21454.1875,21420.75,21462.75,trail,56.19999999999709,1.379893238434287,True,True
2025-01-21 10:43:00,2025-01-21 10:45:00,long,sweep,sweep_pdl_long,21446.17,21461.9375,21430.5,21486.5,trail,62.679999999993015,1.0062220804086472,True,True
2025-01-22 11:54:00,2025-01-22 12:00:00,long,trend,trend_cont_long,21886.87,21893.9375,21876.5,21907.75,trail,41.479999999995925,0.6815332690454883,False,True
2025-01-23 09:46:00,2025-01-23 09:54:00,long,sweep,sweep_pdl_long,21734.71,21717.1875,21717.25,21778.5,stop,69.83999999999651,-1.0035796105383736,False,False
2025-01-23 10:31:00,2025-01-23 10:35:00,long,pd_rev,pd_pdl_long,21721.21,21743.6875,21708.0,21747.75,trail,52.83999999999651,1.7015518546557424,True,True
2025-01-23 14:06:00,2025-01-23 14:07:00,short,trend,trend_cont_short,21767.08,21756.8125,21777.75,21745.25,trail,42.679999999993015,0.9622774133086622,True,True
2025-01-23 14:37:00,2025-01-23 15:02:00,long,trend,trend_cont_long,21779.83,21766.4375,21766.5,21807.25,stop,53.320000000006985,-1.0046886721680415,False,False
2025-01-24 10:23:00,2025-01-24 10:26:00,long,ema_rev,ema_rev_long,21825.03,21836.1875,21813.25,21843.0,trail,47.11999999999534,0.9471561969441653,True,True
2025-01-24 10:46:00,2025-01-24 10:48:00,long,or_rev,or_rev_long,21819.53,21833.6875,21809.25,21849.75,trail,41.11999999999534,1.3771887159535765,True,True
2025-01-27 10:40:00,2025-01-27 10:40:00,long,kalman_mom,kalman_mom_long,21213.94,21239.75,21203.5,21239.75,target,41.75999999999476,2.472222222222658,False,False
2025-01-28 10:04:00,2025-01-28 10:04:00,short,vwap_rev,vwap_rev_short,21172.16,21183.3125,21183.25,21079.25,stop,44.36000000000058,-1.0056357078449052,False,False
2025-01-28 11:31:00,2025-01-28 11:33:00,short,trend,trend_cont_short,21244.16,21260.8125,21260.75,21210.0,stop,66.36000000000058,-1.0037673297166967,False,False
2025-01-28 12:20:00,2025-01-28 12:21:00,short,ema_rev,ema_rev_short,21379.16,21389.5625,21389.5,21353.0,stop,41.36000000000058,-1.006044487427466,False,False
2025-01-28 13:40:00,2025-01-28 13:41:00,short,kalman_mom,kalman_mom_short,21383.41,21362.5625,21394.25,21357.5,trail,43.36000000000058,1.9232011070110309,True,True
2025-01-29 10:46:00,2025-01-29 10:47:00,long,ou_rev,ou_rev_long,21316.5,21316.4375,21298.5,21370.5,trail,72.0,-0.003472222222222222,True,True
2025-01-29 10:49:00,2025-01-29 10:50:00,long,ou_rev,ou_rev_long,21312.12,21349.4375,21296.75,21368.5,trail,61.479999999995925,2.4279440468447295,True,True
2025-01-30 10:19:00,2025-01-30 10:19:00,long,or_rev,or_rev_long,21436.7,21422.6875,21422.75,21479.0,stop,55.80000000000291,-1.004480286738351,False,False
2025-01-30 11:42:00,2025-01-30 11:43:00,long,kalman_mom,kalman_mom_long,21392.45,21402.9375,21381.5,21417.25,trail,43.80000000000291,0.9577625570774955,True,True
2025-01-30 11:47:00,2025-01-30 11:48:00,long,trend,trend_cont_long,21399.45,21411.1875,21386.5,21429.25,trail,51.80000000000291,0.9063706563705493,True,True
2025-01-30 13:33:00,2025-01-30 13:34:00,long,pm_mom,pm_mom_long,21412.57,21424.6875,21400.25,21437.0,trail,49.279999999998836,0.9835633116883585,True,True
2025-01-31 14:01:00,2025-01-31 14:01:00,long,vwap_rev,vwap_rev_long,21599.93,21588.4375,21588.5,21726.0,stop,45.720000000001164,-1.0054680664916884,False,False
2025-01-31 14:21:00,2025-01-31 14:22:00,long,ou_rev,ou_rev_long,21559.68,21543.9375,21544.0,21713.75,stop,62.720000000001164,-1.003985969387755,False,False
2025-01-31 14:32:00,2025-01-31 14:33:00,long,ou_rev,ou_rev_long,21568.93,21568.8675,21557.5,21707.25,trail,45.720000000001164,-0.0054680664916884,True,True
2025-01-31 14:35:00,2025-01-31 14:36:00,long,ou_rev,ou_rev_long,21568.8,21568.7375,21550.25,21705.75,trail,74.19999999999709,-0.0033692722371968975,True,True
2025-02-03 10:41:00,2025-02-03 10:41:00,long,kalman_mom,kalman_mom_long,21223.06,21211.4375,21211.5,21247.0,stop,46.24000000000524,-1.0054065743944631,False,False
2025-02-03 13:34:00,2025-02-03 13:37:00,long,pm_mom,pm_mom_long,21291.06,21307.9375,21272.25,21329.0,trail,75.24000000000524,0.8972620946303835,True,True
2025-02-04 10:05:00,2025-02-04 10:05:00,short,or_rev,or_rev_short,21448.63,21460.5625,21460.5,21327.0,stop,47.479999999995925,-1.005265374894693,False,False
2025-02-04 10:23:00,2025-02-04 10:23:00,long,kalman_mom,kalman_mom_long,21508.25,21497.6875,21497.75,21537.5,stop,42.0,-1.005952380952381,False,False
2025-02-04 13:10:00,2025-02-04 13:11:00,long,vwap_scalp,vwap_scalp_long,21441.88,21455.1875,21431.5,21458.0,trail,41.520000000004075,1.2820327552984272,True,True
2025-02-04 14:07:00,2025-02-04 14:10:00,long,pm_mom,pm_mom_long,21508.5,21515.4375,21498.0,21529.5,trail,42.0,0.6607142857142857,False,True
2025-02-04 14:50:00,2025-02-04 14:53:00,short,ou_rev,ou_rev_short,21513.5,21513.5625,21526.0,21480.25,trail,50.0,-0.005,True,True
2025-02-05 12:06:00,2025-02-05 12:10:00,long,kalman_mom,kalman_mom_long,21599.86,21607.9375,21588.5,21628.75,trail,45.44000000000233,0.7110475352111799,True,True
2025-02-05 14:05:00,2025-02-05 14:09:00,long,pm_mom,pm_mom_long,21583.23,21599.9375,21571.75,21606.25,trail,45.919999999998254,1.4553571428572363,True,True
2025-02-07 10:23:00,2025-02-07 10:24:00,long,or_rev,or_rev_long,21607.14,21641.6875,21592.25,21791.5,trail,59.55999999999767,2.320181329751641,True,True
2025-02-10 14:58:00,2025-02-10 15:01:00,long,pm_mom,pm_mom_long,21750.3,21739.9375,21740.0,21770.75,stop,41.19999999999709,-1.006067961165049,False,False
2025-02-11 10:20:00,2025-02-11 10:21:00,long,trend,trend_cont_long,21713.9,21703.6875,21703.75,21735.25,stop,40.60000000000582,-1.0061576354679793,False,False
2025-02-11 10:27:00,2025-02-11 10:30:00,long,trend,trend_cont_long,21727.4,21750.4375,21708.75,21765.5,trail,74.60000000000582,1.2352546916888336,True,True
2025-02-11 10:39:00,2025-02-11 10:42:00,long,trend,trend_cont_long,21739.9,21739.8375,21729.25,21761.5,trail,42.60000000000582,-0.005868544600938165,True,True
2025-02-11 13:32:00,2025-02-11 13:33:00,long,pm_mom,pm_mom_long,21691.3,21706.1875,21678.75,21716.25,trail,50.19999999999709,1.1862549800798081,True,True
2025-02-12 10:33:00,2025-02-12 10:36:00,long,sweep,sweep_pdl_long,21614.0,21613.9375,21602.0,21642.75,trail,48.0,-0.005208333333333333,True,True
2025-02-12 10:52:00,2025-02-12 10:53:00,long,pd_rev,pd_pdl_long,21608.5,21624.4375,21593.5,21637.0,trail,60.0,1.0625,True,True
2025-02-12 13:32:00,2025-02-12 13:42:00,long,pm_mom,pm_mom_long,21715.6,21701.9375,21702.0,21743.0,stop,54.39999999999418,-1.0045955882352946,False,False
2025-02-13 11:45:00,2025-02-13 11:47:00,short,trend,trend_cont_short,21899.9,21915.5625,21915.5,21868.25,stop,62.39999999999418,-1.0040064102564106,False,False
2025-02-13 13:25:00,2025-02-13 13:26:00,long,ou_lunch,ou_lunch_long,21847.0,21859.6875,21832.0,21880.25,trail,60.0,0.8458333333333333,True,True
2025-02-13 13:41:00,2025-02-13 13:41:00,long,pm_mom,pm_mom_long,21883.0,21867.1875,21867.25,21914.0,stop,63.0,-1.003968253968254,False,False
2025-02-14 13:32:00,2025-02-14 13:35:00,long,pm_mom,pm_mom_long,22081.2,22099.4375,22069.0,22105.0,trail,48.80000000000291,1.494877049180179,True,True
2025-02-18 10:04:00,2025-02-18 10:05:00,long,or_rev,or_rev_long,22081.9,22103.1875,22068.25,22164.75,trail,54.60000000000582,1.5595238095235366,True,True
2025-02-18 10:35:00,2025-02-18 10:38:00,long,ou_rev,ou_rev_long,22069.9,22080.4375,22058.25,22114.75,trail,46.60000000000582,0.9045064377680024,False,True
2025-02-19 10:08:00,2025-02-19 10:09:00,long,ou_rev,ou_rev_long,22068.8,22054.4375,22054.5,22104.25,stop,57.19999999999709,-1.0043706293706296,False,False
2025-02-19 10:11:00,2025-02-19 10:13:00,long,ou_rev,ou_rev_long,22051.8,22062.6875,22040.5,22100.75,trail,45.19999999999709,0.9634955752213654,False,True
2025-02-19 10:15:00,2025-02-19 10:18:00,long,ou_rev,ou_rev_long,22060.1,22079.4375,22047.75,22096.5,trail,49.39999999999418,1.5657894736845128,True,True
2025-02-19 10:23:00,2025-02-19 10:24:00,long,vwap_scalp,vwap_scalp_long,22062.3,22062.2375,22052.0,22077.25,trail,41.19999999999709,-0.006067961165048972,True,True
2025-02-19 13:32:00,2025-02-19 13:42:00,long,kalman_mom,kalman_mom_long,22179.3,22187.1875,22167.25,22209.0,trail,48.19999999999709,0.654564315352797,True,True
2025-02-20 10:13:00,2025-02-20 10:13:00,short,trend,trend_cont_short,21924.1,21941.0625,21941.0,21873.75,stop,67.60000000000582,-1.0036982248520707,False,False
2025-02-20 10:28:00,2025-02-20 10:31:00,long,or_rev,or_rev_long,22008.3,22025.6875,21995.75,22121.0,trail,50.19999999999709,1.3854581673308155,False,True
2025-02-20 13:44:00,2025-02-20 13:51:00,long,pm_mom,pm_mom_long,21984.6,21969.6875,21969.75,22014.5,stop,59.39999999999418,-1.0042087542087546,False,False
2025-02-20 15:00:00,2025-02-20 15:01:00,long,sweep,sweep_pdl_long,22047.1,22036.6875,22036.75,22073.0,stop,41.39999999999418,-1.006038647342996,False,False
2025-02-21 10:30:00,2025-02-21 10:31:00,long,vwap_rev,vwap_rev_long,21933.5,21950.4375,21922.25,22029.5,trail,45.0,1.5055555555555555,True,True
2025-02-21 10:50:00,2025-02-21 10:51:00,long,ou_rev,ou_rev_long,21921.1,21921.0375,21902.5,22002.75,trail,74.39999999999418,-0.0033602150537637037,True,True
2025-02-21 10:54:00,2025-02-21 10:55:00,long,ou_rev,ou_rev_long,21917.6,21905.1875,21905.25,21998.75,stop,49.39999999999418,-1.0050607287449398,False,False
2025-02-21 10:57:00,2025-02-21 10:59:00,long,ou_rev,ou_rev_long,21905.3,21918.9375,21892.75,21995.75,trail,50.19999999999709,1.0866533864543042,True,True
2025-02-21 11:00:00,2025-02-21 11:01:00,long,ou_rev,ou_rev_long,21916.3,21951.1875,21903.25,21993.0,trail,52.19999999999709,2.6733716475097835,True,True
2025-02-24 10:58:00,2025-02-24 10:59:00,long,or_rev,or_rev_long,21389.8,21412.6875,21376.75,21677.0,trail,52.19999999999709,1.7538314176246745,False,True
2025-02-24 11:30:00,2025-02-24 11:37:00,short,ema_rev,ema_rev_short,21529.3,21521.3125,21544.25,21484.75,trail,59.80000000000291,0.5342809364547748,False,True
2025-02-25 13:23:00,2025-02-25 13:25:00,short,kalman_mom,kalman_mom_short,21163.9,21163.9625,21175.5,21134.0,trail,46.39999999999418,-0.005387931034483435,True,True
2025-02-25 13:31:00,2025-02-25 13:32:00,short,pm_mom,pm_mom_short,21109.3,21123.5625,21123.5,21080.5,trail,56.80000000000291,-1.004401408450704,False,True
2025-02-25 14:22:00,2025-02-25 14:24:00,short,trend,trend_cont_short,21080.7,21068.5625,21099.0,21041.25,trail,73.19999999999709,0.6632513661202847,False,True
2025-02-25 14:25:00,2025-02-25 14:32:00,short,trend,trend_cont_short,21073.2,21087.5625,21087.5,21044.0,trail,57.19999999999709,-1.0043706293706296,False,True
2025-02-26 10:02:00,2025-02-26 10:02:00,short,or_rev,or_rev_short,21235.5,21250.0625,21250.0,21170.5,stop,58.0,-1.0043103448275863,False,False
2025-02-26 10:15:00,2025-02-26 10:15:00,short,vwap_scalp,vwap_scalp_short,21263.7,21274.5625,21274.5,21234.25,stop,43.19999999999709,-1.0057870370370374,False,False
2025-02-26 10:22:00,2025-02-26 10:23:00,short,ou_rev,ou_rev_short,21292.1,21304.8125,21304.75,21215.25,trail,50.60000000000582,-1.00494071146245,False,True
2025-02-26 10:40:00,2025-02-26 10:41:00,short,ou_rev,ou_rev_short,21275.7,21275.7625,21294.0,21228.0,trail,73.19999999999709,-0.003415300546448223,True,True
2025-02-26 10:43:00,2025-02-26 10:44:00,short,ou_rev,ou_rev_short,21274.5,21274.5625,21293.75,21229.75,trail,77.0,-0.003246753246753247,True,True
2025-02-26 10:46:00,2025-02-26 10:47:00,short,ou_rev,ou_rev_short,21273.7,21273.7625,21290.25,21231.5,trail,66.19999999999709,-0.0037764350453173864,True,True
2025-02-26 10:51:00,2025-02-26 10:54:00,short,ou_rev,ou_rev_short,21278.6,21278.6625,21290.0,21234.25,trail,45.60000000000582,-0.005482456140350178,True,True
2025-02-26 11:31:00,2025-02-26 11:32:00,short,ou_lunch,ou_lunch_short,21304.1,21288.5625,21315.0,21258.0,trail,43.60000000000582,1.4254587155960066,True,True
2025-02-26 11:34:00,2025-02-26 11:35:00,short,vwap_scalp,vwap_scalp_short,21291.3,21302.5625,21302.5,21275.25,stop,44.80000000000291,-1.0055803571428568,False,False
2025-02-26 11:42:00,2025-02-26 11:43:00,short,pd_rev,pd_pdh_short,21332.8,21294.0625,21345.25,21262.5,trail,49.80000000000291,3.11144578313229,True,True
2025-02-26 13:43:00,2025-02-26 13:43:00,short,pm_mom,pm_mom_short,21096.1,21074.75,21109.25,21074.75,target,52.60000000000582,1.6235741444864016,False,False
2025-02-27 11:52:00,2025-02-27 11:53:00,short,trend,trend_cont_short,20996.4,20951.5625,21011.25,20964.75,trail,59.39999999999418,3.0193602693606634,True,True
2025-02-28 10:36:00,2025-02-28 10:37:00,short,ou_rev,ou_rev_short,20696.0,20638.5625,20713.25,20570.25,trail,69.0,3.329710144927536,True,True
2025-03-03 10:42:00,2025-03-03 10:42:00,short,pd_rev,pd_pdh_short,20883.0,20897.3125,20897.25,20855.0,stop,57.0,-1.0043859649122806,False,False
2025-03-03 13:10:00,2025-03-03 13:11:00,short,kalman_mom,kalman_mom_short,20710.1,20680.0625,20722.0,20683.0,trail,47.60000000000582,2.5241596638651154,True,True
2025-03-04 12:35:00,2025-03-04 12:35:00,short,ou_lunch,ou_lunch_short,20313.1,20326.0625,20326.0,20199.75,stop,51.60000000000582,-1.0048449612403094,False,False
2025-03-04 12:39:00,2025-03-04 12:39:00,short,ou_lunch,ou_lunch_short,20344.7,20357.0625,20357.0,20202.5,stop,49.19999999999709,-1.0050813008130084,False,False
2025-03-04 12:46:00,2025-03-04 12:46:00,short,ou_lunch,ou_lunch_short,20324.7,20338.5625,20338.5,20206.75,stop,55.19999999999709,-1.0045289855072466,False,False
2025-03-04 13:31:00,2025-03-04 13:32:00,short,ou_rev,ou_rev_short,20335.9,20335.9625,20348.0,20232.0,trail,48.39999999999418,-0.005165289256198968,True,True
2025-03-04 14:06:00,2025-03-04 14:07:00,short,ema_rev,ema_rev_short,20504.6,20504.6625,20519.0,20453.0,trail,57.60000000000582,-0.004340277777777339,True,True
2025-03-04 14:26:00,2025-03-04 14:26:00,short,vwap_rev,vwap_rev_short,20563.5,20574.5625,20574.5,20271.0,stop,44.0,-1.0056818181818181,False,False
2025-03-05 12:26:00,2025-03-05 12:26:00,short,ema_rev,ema_rev_short,20408.8,20421.5625,20421.5,20355.25,stop,50.80000000000291,-1.0049212598425195,False,False
2025-03-05 13:06:00,2025-03-05 13:07:00,short,vwap_rev,vwap_rev_short,20530.0,20530.0625,20542.0,20339.5,trail,48.0,-0.005208333333333333,True,True
2025-03-05 13:32:00,2025-03-05 13:33:00,short,pm_mom,pm_mom_short,20449.3,20407.5625,20465.5,20413.0,trail,64.80000000000291,2.576388888888728,True,True
2025-03-05 13:46:00,2025-03-05 13:46:00,short,ou_rev,ou_rev_short,20437.6,20456.5625,20456.5,20359.5,stop,75.60000000000582,-1.0033068783068781,False,False
2025-03-06 10:54:00,2025-03-06 10:54:00,short,vwap_scalp,vwap_scalp_short,20401.1,20412.5625,20412.5,20368.5,stop,45.60000000000582,-1.0054824561403501,False,False
2025-03-06 13:36:00,2025-03-06 13:38:00,short,pm_mom,pm_mom_short,20094.3,20059.5625,20112.5,20060.0,trail,72.80000000000291,1.90865384615373,True,True
2025-03-07 10:43:00,2025-03-07 10:43:00,short,kalman_mom,kalman_mom_short,19860.2,19871.0625,19871.0,19834.75,stop,43.19999999999709,-1.0057870370370374,False,False
2025-03-07 13:31:00,2025-03-07 13:32:00,short,pm_mom,pm_mom_short,20013.9,20013.9625,20031.0,19978.0,trail,68.39999999999418,-0.0036549707602342293,True,True
2025-03-07 13:43:00,2025-03-07 13:44:00,short,ou_rev,ou_rev_short,20102.9,20058.0625,20119.5,19950.75,trail,66.39999999999418,2.7010542168677945,True,True
2025-03-07 13:57:00,2025-03-07 13:58:00,short,ou_rev,ou_rev_short,20121.5,20099.0625,20137.25,19958.5,trail,63.0,1.4246031746031746,False,True
2025-03-10 13:31:00,2025-03-10 13:32:00,short,pm_mom,pm_mom_short,19473.3,19447.8125,19490.25,19445.5,trail,67.80000000000291,1.5036873156341108,True,True
2025-03-11 11:43:00,2025-03-11 11:43:00,short,vwap_scalp,vwap_scalp_short,19492.0,19503.3125,19503.25,19446.75,stop,45.0,-1.0055555555555555,False,False
2025-03-12 13:43:00,2025-03-12 13:46:00,short,ou_rev,ou_rev_short,19645.0,19622.3125,19660.0,19588.5,trail,60.0,1.5125,True,True
2025-03-12 13:50:00,2025-03-12 13:51:00,short,ou_rev,ou_rev_short,19640.0,19596.5625,19654.75,19590.0,trail,59.0,2.944915254237288,True,True
2025-03-13 11:24:00,2025-03-13 11:25:00,short,trend,trend_cont_short,19340.8,19358.8125,19358.75,19303.75,stop,71.80000000000291,-1.0034818941504178,False,False
2025-03-13 13:32:00,2025-03-13 13:33:00,short,pm_mom,pm_mom_short,19182.3,19160.5625,19196.0,19155.5,trail,54.80000000000291,1.586678832116651,True,True
2025-03-13 14:16:00,2025-03-13 14:17:00,short,ema_rev,ema_rev_short,19284.2,19258.0625,19298.25,19230.75,trail,56.19999999999709,1.860320284697657,True,True
2025-03-14 11:26:00,2025-03-14 11:27:00,short,vwap_scalp,vwap_scalp_short,19624.9,19607.3125,19636.5,19576.0,trail,46.39999999999418,1.516163793103764,False,True
2025-03-14 11:30:00,2025-03-14 11:30:00,short,vwap_scalp,vwap_scalp_short,19610.1,19621.0625,19621.0,19570.0,stop,43.60000000000582,-1.0057339449541276,False,False
2025-03-14 12:57:00,2025-03-14 12:59:00,short,ema_rev,ema_rev_short,19669.2,19654.5625,19680.5,19651.5,trail,45.19999999999709,1.2953539823010327,True,True
2025-03-14 13:11:00,2025-03-14 13:12:00,short,ou_lunch,ou_lunch_short,19664.7,19646.3125,19676.25,19577.25,trail,46.19999999999709,1.5919913419915053,True,True
2025-03-17 10:34:00,2025-03-17 10:35:00,short,kalman_mom,kalman_mom_short,19692.2,19692.2625,19703.25,19662.5,trail,44.19999999999709,-0.005656108597285441,True,True
2025-03-17 10:43:00,2025-03-17 10:44:00,short,sweep,sweep_pdh_short,19708.85,19708.9125,19726.75,19560.75,trail,71.60000000000582,-0.0034916201117315597,True,True
2025-03-17 13:30:00,2025-03-17 13:32:00,short,ema_rev,ema_rev_short,19734.15,19726.0625,19747.5,19709.0,trail,53.39999999999418,0.605805243445868,False,True
2025-03-17 13:54:00,2025-03-17 14:01:00,short,vwap_rev,vwap_rev_short,19801.6,19801.6625,19812.75,19701.75,trail,44.60000000000582,-0.005605381165918551,True,True
2025-03-17 14:17:00,2025-03-17 14:18:00,short,vwap_rev,vwap_rev_short,19851.4,19862.3125,19862.25,19710.75,stop,43.39999999999418,-1.0057603686635952,False,False
2025-03-18 13:17:00,2025-03-18 13:18:00,short,vwap_scalp,vwap_scalp_short,19513.1,19498.5625,19524.25,19493.25,trail,44.60000000000582,1.3038116591925244,True,True
2025-03-18 13:32:00,2025-03-18 13:32:00,short,pm_mom,pm_mom_short,19463.0,19479.0625,19479.0,19434.5,stop,64.0,-1.00390625,False,False
2025-03-19 10:04:00,2025-03-19 10:05:00,short,ou_rev,ou_rev_short,19633.2,19644.8125,19644.75,19571.25,stop,46.19999999999709,-1.0054112554112558,False,False
2025-03-19 10:45:00,2025-03-19 10:46:00,short,trend,trend_cont_short,19610.9,19595.0625,19624.0,19583.0,trail,52.39999999999418,1.2089694656491003,True,True
2025-03-19 10:48:00,2025-03-19 10:48:00,short,kalman_mom,kalman_mom_short,19593.0,19603.8125,19603.75,19566.0,stop,43.0,-1.005813953488372,False,False
2025-03-19 11:01:00,2025-03-19 11:02:00,short,trend,trend_cont_short,19577.35,19593.0625,19593.0,19545.75,stop,62.60000000000582,-1.0039936102236418,False,False
2025-03-19 12:14:00,2025-03-19 12:15:00,short,pd_rev,pd_pdh_short,19679.05,19670.0625,19692.5,19629.75,trail,53.80000000000291,0.6682156133828094,False,True
2025-03-19 13:31:00,2025-03-19 13:33:00,short,trend,trend_cont_short,19585.35,19566.3125,19602.0,19551.5,trail,66.60000000000582,1.1433933933932061,True,True
2025-03-19 14:56:00,2025-03-19 14:57:00,short,ou_rev,ou_rev_short,19770.7,19770.7625,19789.0,19640.5,trail,73.19999999999709,-0.003415300546448223,True,True
2025-03-20 09:56:00,2025-03-20 09:57:00,short,ema_rev,ema_rev_short,19700.6,19674.5625,19715.25,19674.75,trail,58.60000000000582,1.7773037542659358,True,True
2025-03-20 10:17:00,2025-03-20 10:17:00,short,or_rev,or_rev_short,19771.85,19785.8125,19785.75,19612.75,stop,55.60000000000582,-1.0044964028776975,False,False
2025-03-20 13:44:00,2025-03-20 13:44:00,short,pm_mom,pm_mom_short,19643.2,19653.8125,19653.75,19621.75,stop,42.19999999999709,-1.0059241706161142,False,False
2025-03-21 10:09:00,2025-03-21 10:10:00,short,or_rev,or_rev_short,19509.1,19472.3125,19523.25,19454.25,trail,56.60000000000582,2.5998233215544,True,True
2025-03-24 10:06:00,2025-03-24 10:08:00,short,or_rev,or_rev_short,20110.3,20093.8125,20123.75,20056.0,trail,53.80000000000291,1.2258364312266454,True,True
2025-03-24 14:03:00,2025-03-24 14:04:00,short,pm_mom,pm_mom_short,20127.45,20109.0625,20138.0,20106.5,trail,42.19999999999709,1.7428909952608527,True,True
2025-03-25 10:33:00,2025-03-25 10:34:00,short,or_rev,or_rev_short,20238.6,20217.3125,20252.0,20193.25,trail,53.60000000000582,1.5886194029847935,True,True
2025-03-25 10:51:00,2025-03-25 10:53:00,short,ou_rev,ou_rev_short,20269.75,20283.0625,20283.0,20214.25,stop,53.0,-1.0047169811320755,False,False
2025-03-25 11:33:00,2025-03-25 11:35:00,short,ou_lunch,ou_lunch_short,20261.7,20252.0625,20274.5,20234.0,trail,51.19999999999709,0.7529296875000997,True,True
2025-03-25 13:31:00,2025-03-25 13:31:00,short,pm_mom,pm_mom_short,20204.0,20214.5625,20214.5,20184.0,stop,42.0,-1.005952380952381,False,False
2025-03-25 13:54:00,2025-03-25 13:56:00,short,kalman_mom,kalman_mom_short,20207.7,20218.0625,20218.0,20183.0,stop,41.19999999999709,-1.006067961165049,False,False
2025-03-26 10:07:00,2025-03-26 10:08:00,long,or_rev,or_rev_long,20126.4,20111.9375,20112.0,20239.25,trail,57.60000000000582,-1.0043402777777772,False,True
2025-03-26 10:18:00,2025-03-26 10:19:00,short,kalman_mom,kalman_mom_short,20097.2,20097.2625,20107.5,20071.5,trail,41.19999999999709,-0.006067961165048972,True,True
2025-03-26 11:56:00,2025-03-26 11:57:00,long,ema_rev,ema_rev_long,20001.95,19986.9375,19987.0,20040.5,stop,59.80000000000291,-1.0041806020066888,False,False
2025-03-26 13:31:00,2025-03-26 13:32:00,short,pm_mom,pm_mom_short,19916.0,19896.5625,19929.25,19888.5,trail,53.0,1.4669811320754718,True,True
2025-03-26 13:53:00,2025-03-26 13:59:00,long,ou_rev,ou_rev_long,19898.55,19884.4375,19884.5,20039.25,stop,56.19999999999709,-1.0044483985765127,False,False
2025-03-26 14:08:00,2025-03-26 14:10:00,long,ou_rev,ou_rev_long,19883.7,19896.1875,19870.0,20031.25,trail,54.80000000000291,0.911496350364862,False,True
2025-03-27 10:32:00,2025-03-27 10:33:00,short,or_rev,or_rev_short,19915.85,19915.9125,19930.0,19802.25,trail,56.60000000000582,-0.004416961130741595,True,True
2025-03-27 11:17:00,2025-03-27 11:18:00,short,kalman_mom,kalman_mom_short,19952.65,19939.8125,19964.25,19921.25,trail,46.39999999999418,1.106681034483023,True,True
2025-03-27 11:24:00,2025-03-27 11:25:00,short,trend,trend_cont_short,19943.1,19957.5625,19957.5,19913.25,stop,57.60000000000582,-1.0043402777777772,False,False
2025-03-27 11:47:00,2025-03-27 11:48:00,short,trend,trend_cont_short,19866.65,19848.8125,19879.25,19839.75,trail,50.39999999999418,1.4156746031748821,False,True
2025-03-27 13:34:00,2025-03-27 13:34:00,short,pm_mom,pm_mom_short,19822.45,19835.8125,19835.75,19795.75,stop,53.19999999999709,-1.004699248120301,False,False
2025-03-28 10:35:00,2025-03-28 10:36:00,short,kalman_mom,kalman_mom_short,19420.25,19420.3125,19430.5,19392.0,trail,41.0,-0.006097560975609756,True,True
2025-03-28 13:35:00,2025-03-28 13:41:00,short,pm_mom,pm_mom_short,19253.15,19272.0625,19272.0,19216.25,trail,75.39999999999418,-1.0033156498673743,False,True
2025-03-31 10:27:00,2025-03-31 10:28:00,short,kalman_mom,kalman_mom_short,18896.75,18879.5625,18907.75,18870.0,trail,44.0,1.5625,True,True
2025-03-31 11:50:00,2025-03-31 11:50:00,short,ou_lunch,ou_lunch_short,19046.45,19060.8125,19060.75,18949.5,stop,57.19999999999709,-1.0043706293706296,False,False
2025-03-31 12:05:00,2025-03-31 12:06:00,short,ou_lunch,ou_lunch_short,19057.65,19040.0625,19071.75,18959.5,trail,56.39999999999418,1.2473404255321467,True,True
2025-03-31 13:02:00,2025-03-31 13:03:00,short,vwap_scalp,vwap_scalp_short,19035.8,19035.8625,19047.25,19009.75,trail,45.80000000000291,-0.0054585152838424475,True,True
2025-03-31 13:32:00,2025-03-31 13:34:00,short,pm_mom,pm_mom_short,19053.5,19067.3125,19067.25,19026.0,stop,55.0,-1.0045454545454546,False,False
2025-04-01 10:55:00,2025-04-01 10:55:00,short,or_rev,or_rev_short,19298.65,19313.0625,19313.0,19207.25,stop,57.39999999999418,-1.0043554006968645,False,False
2025-04-02 10:21:00,2025-04-02 10:21:00,short,or_rev,or_rev_short,19390.55,19402.0625,19402.0,19249.5,stop,45.80000000000291,-1.0054585152838424,False,False
2025-04-02 11:51:00,2025-04-02 11:52:00,short,pd_rev,pd_pdh_short,19463.35,19439.5625,19476.75,19413.75,trail,53.60000000000582,1.7751865671638778,False,True
2025-04-02 13:32:00,2025-04-02 13:33:00,short,pm_mom,pm_mom_short,19651.75,19633.0625,19664.5,19626.25,trail,51.0,1.4656862745098038,True,True
2025-04-03 11:44:00,2025-04-03 11:45:00,short,ema_rev,ema_rev_short,18744.55,18720.0625,18759.25,18694.75,trail,58.80000000000291,1.6658163265304804,True,True
2025-04-03 13:33:00,2025-04-03 13:34:00,short,pm_mom,pm_mom_short,18658.25,18670.0625,18670.0,18635.75,stop,47.0,-1.0053191489361701,False,False
2025-04-04 12:05:00,2025-04-04 12:05:00,short,kalman_mom,kalman_mom_short,17775.0,17747.25,17785.75,17747.25,target,43.0,2.5813953488372094,False,False
2025-04-07 10:53:00,2025-04-07 10:54:00,short,or_rev,or_rev_short,17445.6,17445.6625,17458.25,16684.75,trail,50.60000000000582,-0.004940711462450025,True,True
2025-04-07 14:50:00,2025-04-07 14:50:00,short,pm_mom,pm_mom_short,17511.85,17527.0625,17527.0,17485.25,stop,60.60000000000582,-1.0041254125412538,False,False
2025-04-08 14:08:00,2025-04-08 14:09:00,short,pm_mom,pm_mom_short,17453.65,17416.0625,17471.5,17415.75,trail,71.39999999999418,2.1057422969190207,True,True
2025-04-09 11:42:00,2025-04-09 11:42:00,short,kalman_mom,kalman_mom_short,17182.3,17155.0,17192.75,17155.0,target,41.80000000000291,2.612440191387308,False,False
2025-04-10 11:04:00,2025-04-10 11:05:00,long,ou_rev,ou_rev_long,18435.55,18459.4375,18415.75,18557.0,trail,79.19999999999709,1.206439393939475,True,True
2025-04-10 14:46:00,2025-04-10 14:46:00,long,pm_mom,pm_mom_long,18510.15,18498.1875,18498.25,18532.25,stop,47.60000000000582,-1.0052521008403354,False,False
2025-04-11 13:31:00,2025-04-11 13:31:00,short,pm_mom,pm_mom_short,18499.2,18517.5625,18517.5,18460.0,stop,73.19999999999709,-1.0034153005464481,False,False
2025-04-14 11:27:00,2025-04-14 11:28:00,short,kalman_mom,kalman_mom_short,18876.4,18831.5625,18888.0,18847.0,trail,46.39999999999418,3.8653017241385412,True,True
2025-04-15 10:29:00,2025-04-15 10:29:00,short,kalman_mom,kalman_mom_short,18816.6,18826.8125,18826.75,18788.0,stop,40.60000000000582,-1.0061576354679793,False,False
2025-04-16 10:46:00,2025-04-16 10:47:00,short,ema_rev,ema_rev_short,18517.05,18491.0625,18531.25,18486.25,trail,56.80000000000291,1.830105633802672,True,True
2025-04-16 11:50:00,2025-04-16 11:51:00,short,kalman_mom,kalman_mom_short,18491.9,18477.5625,18502.25,18464.25,trail,41.39999999999418,1.3852657004834272,True,True
2025-04-17 12:29:00,2025-04-17 12:29:00,short,vwap_scalp,vwap_scalp_short,18313.05,18323.8125,18323.75,18284.25,stop,42.80000000000291,-1.0058411214953267,False,False
2025-04-17 12:36:00,2025-04-17 12:36:00,short,ou_lunch,ou_lunch_short,18329.1,18343.3125,18343.25,18258.5,stop,56.60000000000582,-1.0044169611307416,False,False
2025-04-17 12:56:00,2025-04-17 12:57:00,short,ou_lunch,ou_lunch_short,18321.8,18321.8625,18332.0,18262.0,trail,40.80000000000291,-0.00612745098039172,True,True
2025-04-17 13:11:00,2025-04-17 13:12:00,short,ou_lunch,ou_lunch_short,18321.8,18296.0625,18336.25,18266.0,trail,57.80000000000291,1.7811418685119706,True,True
2025-04-17 13:31:00,2025-04-17 13:31:00,short,pm_mom,pm_mom_short,18240.45,18255.0625,18255.0,18211.0,stop,58.19999999999709,-1.0042955326460483,False,False
2025-04-17 13:56:00,2025-04-17 13:56:00,short,ou_rev,ou_rev_short,18335.15,18350.5625,18350.5,18269.25,stop,61.39999999999418,-1.0040716612377854,False,False
2025-04-17 14:08:00,2025-04-17 14:09:00,short,ou_rev,ou_rev_short,18357.45,18372.5625,18372.5,18272.0,stop,60.19999999999709,-1.004152823920266,False,False
2025-04-17 14:44:00,2025-04-17 14:45:00,short,ou_rev,ou_rev_short,18356.8,18369.8125,18369.75,18282.0,stop,51.80000000000291,-1.0048262548262545,False,False
2025-04-21 10:23:00,2025-04-21 10:24:00,short,kalman_mom,kalman_mom_short,17799.3,17785.0625,17809.75,17770.25,trail,41.80000000000291,1.3624401913873954,True,True
2025-04-21 13:40:00,2025-04-21 13:41:00,short,pm_mom,pm_mom_short,17626.35,17637.8125,17637.75,17605.5,stop,45.60000000000582,-1.0054824561403501,False,False
2025-04-22 09:52:00,2025-04-22 09:53:00,short,ou_rev,ou_rev_short,18116.15,18091.0625,18131.5,18056.5,trail,61.39999999999418,1.6343648208471553,True,True
2025-04-22 10:04:00,2025-04-22 10:05:00,short,ou_rev,ou_rev_short,18140.1,18154.0625,18154.0,18076.75,stop,55.60000000000582,-1.0044964028776975,False,False
2025-04-22 10:09:00,2025-04-22 10:10:00,short,ou_rev,ou_rev_short,18160.5,18176.0625,18176.0,18085.5,stop,62.0,-1.0040322580645162,False,False
2025-04-22 10:24:00,2025-04-22 10:27:00,short,ou_rev,ou_rev_short,18173.7,18154.8125,18187.25,18105.25,trail,54.19999999999709,1.3939114391145198,True,True
2025-04-22 10:38:00,2025-04-22 10:38:00,short,ou_rev,ou_rev_short,18164.45,18177.5625,18177.5,18116.5,stop,52.19999999999709,-1.0047892720306517,False,False
2025-04-22 13:16:00,2025-04-22 13:16:00,short,kalman_mom,kalman_mom_short,18270.85,18244.75,18281.75,18244.75,target,43.60000000000582,2.3944954128435834,False,False
2025-04-23 10:36:00,2025-04-23 10:36:00,short,ou_rev,ou_rev_short,19016.5,19028.5625,19028.5,18923.75,stop,48.0,-1.0052083333333333,False,False
2025-04-23 13:36:00,2025-04-23 13:38:00,short,pm_mom,pm_mom_short,18782.0,18740.0625,18796.25,18757.25,trail,57.0,2.942982456140351,True,True
2025-04-23 13:50:00,2025-04-23 13:50:00,short,kalman_mom,kalman_mom_short,18755.15,18767.0625,18767.0,18724.25,stop,47.39999999999418,-1.005274261603376,False,False
2025-04-24 09:57:00,2025-04-24 09:57:00,short,ema_rev,ema_rev_short,18887.6,18898.5625,18898.5,18846.25,stop,43.60000000000582,-1.0057339449541276,False,False
2025-04-24 10:11:00,2025-04-24 10:12:00,short,or_rev,or_rev_short,18980.85,18943.0625,18993.5,18791.5,trail,50.60000000000582,2.9871541501971697,True,True
2025-04-24 10:34:00,2025-04-24 10:35:00,long,kalman_mom,kalman_mom_long,19031.8,19040.4375,19020.0,19061.0,trail,47.19999999999709,0.7319915254238356,False,True
2025-04-25 10:13:00,2025-04-25 10:13:00,short,vwap_rev,vwap_rev_short,19270.85,19281.3125,19281.25,19196.25,stop,41.60000000000582,-1.0060096153846145,False,False
2025-04-25 11:57:00,2025-04-25 11:58:00,long,kalman_mom,kalman_mom_long,19250.15,19258.6875,19238.75,19279.0,trail,45.60000000000582,0.7489035087717065,True,True
2025-04-25 12:39:00,2025-04-25 12:40:00,short,vwap_rev,vwap_rev_short,19320.8,19332.8125,19332.75,19230.5,stop,47.80000000000291,-1.0052301255230123,False,False
2025-04-25 13:04:00,2025-04-25 13:05:00,short,ou_lunch,ou_lunch_short,19350.2,19350.2625,19363.0,19242.25,trail,51.19999999999709,-0.0048828125000002776,True,True
2025-04-25 13:14:00,2025-04-25 13:15:00,short,ema_rev,ema_rev_short,19381.05,19392.8125,19392.75,19364.0,stop,46.80000000000291,-1.00534188034188,False,False
2025-04-25 13:17:00,2025-04-25 13:18:00,short,ou_lunch,ou_lunch_short,19383.8,19395.8125,19395.75,19249.5,stop,47.80000000000291,-1.0052301255230123,False,False
2025-04-25 13:49:00,2025-04-25 13:50:00,short,vwap_scalp,vwap_scalp_short,19325.9,19296.0625,19338.0,19296.0,trail,48.39999999999418,2.465909090909508,True,True
2025-04-28 11:01:00,2025-04-28 11:02:00,long,ou_rev,ou_rev_long,19359.35,19382.6875,19343.0,19406.25,trail,65.39999999999418,1.4273700305812558,True,True
2025-04-28 13:31:00,2025-04-28 13:32:00,short,pm_mom,pm_mom_short,19168.9,19160.0625,19182.75,19140.5,trail,55.39999999999418,0.6380866425994501,False,True
2025-04-29 10:10:00,2025-04-29 10:12:00,short,vwap_rev,vwap_rev_short,19480.4,19447.3125,19491.75,19385.0,trail,45.39999999999418,2.9151982378859644,True,True
2025-04-30 10:33:00,2025-04-30 10:33:00,long,kalman_mom,kalman_mom_long,19221.2,19210.6875,19210.75,19252.0,stop,41.80000000000291,-1.0059808612440186,False,False
2025-04-30 11:22:00,2025-04-30 11:23:00,long,pd_rev,pd_pdl_long,19300.95,19322.9375,19287.0,19328.5,trail,55.80000000000291,1.576164874551837,True,True
2025-04-30 13:33:00,2025-04-30 13:34:00,long,pm_mom,pm_mom_long,19352.7,19352.6375,19340.5,19378.25,trail,48.80000000000291,-0.0051229508196718255,True,True
2025-04-30 13:45:00,2025-04-30 13:46:00,long,trend,trend_cont_long,19387.9,19373.9375,19374.0,19416.0,stop,55.60000000000582,-1.0044964028776975,False,False
