sample,entry_model,vol_floor_k,target_r,trades,widened_pct,avg_gross_R,pf_gross,avg_net_R_legacy22,pf_net_legacy22,avg_net_R_cost1_5x,pf_net_cost1_5x,median_risk_price,median_structural_risk_price,median_commission_R
DISPLACEMENT_ORIGIN_ONLY,ACCEPTANCE_RETEST,0.25,0.5,12,66.66666666666666,-0.24999999999999356,0.5000000000000109,-0.3259948403176331,0.40412025049786976,-0.36399226047645267,0.36211359590926384,3.2580799057234735,1.9440977076433228,0.06765099355023715
DISPLACEMENT_ORIGIN_ONLY,ACCEPTANCE_RETEST,0.25,1.0,12,66.66666666666666,-0.16666666666665422,0.7142857142857347,-0.24266150698429367,0.6168969696580734,-0.28065892714311336,0.5737576487668743,3.2580799057234735,1.9440977076433228,0.06765099355023715
DISPLACEMENT_ORIGIN_ONLY,ACCEPTANCE_RETEST,0.25,1.5,12,66.66666666666666,0.04166666666666838,1.0714285714285745,-0.03432817365097113,0.9458042294584358,-0.07232559380979077,0.8901576676230317,3.2580799057234735,1.9440977076433228,0.06765099355023715
DISPLACEMENT_ORIGIN_ONLY,ACCEPTANCE_RETEST,0.25,2.0,12,66.66666666666666,0.24999999999999403,1.42857142857142,0.17400515968235453,1.274711489258803,0.13600773952353487,1.2065576864791938,3.2580799057234735,1.9440977076433228,0.06765099355023715
DISPLACEMENT_ORIGIN_ONLY,ACCEPTANCE_RETEST,0.25,2.5,12,66.66666666666666,0.16666666666666521,1.2499999999999984,0.09067182634902575,1.1255603102509637,0.05267440619020606,1.0702444241922513,3.2580799057234735,1.9440977076433228,0.06765099355023715
DISPLACEMENT_ORIGIN_ONLY,ACCEPTANCE_RETEST,0.25,3.0,12,66.66666666666666,0.33333333333334997,1.5000000000000266,0.2573384930157105,1.3563565698808189,0.21934107285689086,1.2925042440707701,3.2580799057234735,1.9440977076433228,0.06765099355023715
DISPLACEMENT_ORIGIN_ONLY,ACCEPTANCE_RETEST,0.5,0.5,12,91.66666666666666,0.12499999999999495,1.4999999999999618,0.07929792292506069,1.2961085274827027,0.056446884387593564,1.2040000836379807,5.825862141893399,1.9440977076433228,0.037859156769484474
DISPLACEMENT_ORIGIN_ONLY,ACCEPTANCE_RETEST,0.5,1.0,12,91.66666666666666,0.33333333333331766,1.9999999999999263,0.28763125625838337,1.8122212898684897,0.26478021772091626,1.7263663509788494,5.825862141893399,1.9440977076433228,0.037859156769484474
DISPLACEMENT_ORIGIN_ONLY,ACCEPTANCE_RETEST,0.5,1.5,12,91.66666666666666,0.45833333333332016,2.099999999999937,0.41263125625838587,1.9359879988108768,0.3897802177209188,1.8605499127555216,5.825862141893399,1.9440977076433228,0.037859156769484474
DISPLACEMENT_ORIGIN_ONLY,ACCEPTANCE_RETEST,0.5,2.0,12,91.66666666666666,0.7499999999999747,2.799999999999888,0.7042979229250405,2.597587176072944,0.6814468843875733,2.5044864522270918,5.825862141893399,1.9440977076433228,0.037859156769484474
DISPLACEMENT_ORIGIN_ONLY,ACCEPTANCE_RETEST,0.5,2.5,12,91.66666666666666,0.4930400146062661,1.9860800292125134,0.44733793753133194,1.845758160857919,0.42448689899386477,1.7811983302070946,5.825862141893399,1.9440977076433228,0.037859156769484474
DISPLACEMENT_ORIGIN_ONLY,ACCEPTANCE_RETEST,0.5,3.0,12,91.66666666666666,0.6597066812729334,2.3194133625458413,0.6140046041979992,2.1608660058446807,0.5911535656605321,2.0879209216693693,5.825862141893399,1.9440977076433228,0.037859156769484474
DISPLACEMENT_ORIGIN_ONLY,ACCEPTANCE_RETEST,0.75,0.5,12,91.66666666666666,0.1615497051801691,1.7568492951322983,0.13008310622970456,1.5773334964983488,0.11434980675447233,1.494484592437075,8.206633243838741,1.9440977076433228,0.02681087596611545
DISPLACEMENT_ORIGIN_ONLY,ACCEPTANCE_RETEST,0.75,1.0,12,91.66666666666666,0.20321637184683805,1.5346153748365645,0.17174977289637353,1.43235943554328,0.15601647342114133,1.384467246694059,8.206633243838741,1.9440977076433228,0.02681087596611545
DISPLACEMENT_ORIGIN_ONLY,ACCEPTANCE_RETEST,0.75,1.5,12,91.66666666666666,0.22793848758539934,1.4918294154371279,0.1964718886349348,1.4061615135238763,0.18073858915970256,1.3659657024667797,8.206633243838741,1.9440977076433228,0.02681087596611545
DISPLACEMENT_ORIGIN_ONLY,ACCEPTANCE_RETEST,0.75,2.0,12,91.66666666666666,0.30968749269546986,1.6682215895792372,0.2782208937450053,1.5751592254880167,0.2624875942697731,1.5314938955336852,8.206633243838741,1.9440977076433228,0.02681087596611545
DISPLACEMENT_ORIGIN_ONLY,ACCEPTANCE_RETEST,0.75,2.5,12,91.66666666666666,0.4763541593621345,2.0278430388038173,0.44488756041167,1.9197051351224155,0.42915426093643777,1.8689662860621263,8.206633243838741,1.9440977076433228,0.02681087596611545
DISPLACEMENT_ORIGIN_ONLY,ACCEPTANCE_RETEST,0.75,3.0,12,91.66666666666666,0.6430208260288043,2.3874644880284084,0.6115542270783398,2.2642510447568247,0.5958209276031076,2.2064386765905772,8.206633243838741,1.9440977076433228,0.02681087596611545
DISPLACEMENT_ORIGIN_ONLY,ACCEPTANCE_RETEST,1.0,0.5,12,100.0,0.04824561221846224,1.1692307617802422,0.024263408300268723,1.0818005172074754,0.012272306341171949,1.0405855264800823,10.942177658451655,1.9440977076433228,0.020108156974586587
DISPLACEMENT_ORIGIN_ONLY,ACCEPTANCE_RETEST,1.0,1.0,12,100.0,0.21491227888512612,1.5833333255261677,0.1909300749669326,1.5002826683285886,0.17893897300783582,1.460878762317954,10.942177658451655,1.9440977076433228,0.020108156974586587
DISPLACEMENT_ORIGIN_ONLY,ACCEPTANCE_RETEST,1.0,1.5,12,100.0,0.33643228618827276,1.913173343722609,0.31245008227007925,1.8186942832585928,0.30045898031098256,1.7738680995278557,10.942177658451655,1.9440977076433228,0.020108156974586587
DISPLACEMENT_ORIGIN_ONLY,ACCEPTANCE_RETEST,1.0,2.0,12,100.0,0.5447656195216067,2.478649531410534,0.5207834156034131,2.3645776697279084,0.5087923136443164,2.310455558381976,10.942177658451655,1.9440977076433228,0.020108156974586587
DISPLACEMENT_ORIGIN_ONLY,ACCEPTANCE_RETEST,1.0,2.5,12,100.0,0.5852469271910626,2.588527365971555,0.5612647232728691,2.470648421660591,0.5492736213137724,2.414720016046513,10.942177658451655,1.9440977076433228,0.020108156974586587
DISPLACEMENT_ORIGIN_ONLY,ACCEPTANCE_RETEST,1.0,3.0,12,100.0,0.4185802605243938,1.926566009862018,0.39459805660620023,1.8456249465008407,0.3826069546471034,1.8070598712376866,10.942177658451655,1.9440977076433228,0.020108156974586587
DISPLACEMENT_ORIGIN_ONLY,CLEAN_REJECTION,0.25,0.5,1032,0.3875968992248062,0.00720148440719892,1.0250039518596907,-0.022996901280351263,0.9230109803767887,-0.038096094124126345,0.8747240723686983,8.699500000000398,8.688750000000027,0.025288846541656022
DISPLACEMENT_ORIGIN_ONLY,CLEAN_REJECTION,0.25,1.0,1032,0.3875968992248062,0.0271572706964091,1.0729969531651433,-0.003041114991141077,0.9921344550127865,-0.01814030783491617,0.9539608446982141,8.699500000000398,8.688750000000027,0.025288846541656022
DISPLACEMENT_ORIGIN_ONLY,CLEAN_REJECTION,0.25,1.5,1032,0.3875968992248062,0.0044793307123031445,1.0108700409906612,-0.025719054975247027,0.9400103712918608,-0.040818247819022116,0.9066242628343657,8.699500000000398,8.688750000000027,0.025288846541656022
DISPLACEMENT_ORIGIN_ONLY,CLEAN_REJECTION,0.25,2.0,1032,0.3875968992248062,-0.01120121334137099,0.9740181485495544,-0.041399599028921166,0.9077468083703948,-0.05649879187269625,0.8765525754019479,8.699500000000398,8.688750000000027,0.025288846541656022
DISPLACEMENT_ORIGIN_ONLY,CLEAN_REJECTION,0.25,2.5,1032,0.3875968992248062,-0.01614017179676191,0.9628185271628799,-0.04633855748431208,0.8974756688784914,-0.06143775032808718,0.8667325231776297,8.699500000000398,8.688750000000027,0.025288846541656022
DISPLACEMENT_ORIGIN_ONLY,CLEAN_REJECTION,0.25,3.0,1032,0.3875968992248062,-0.011205123042346058,0.9743149445242915,-0.04140350872989624,0.9088871143600895,-0.05650270157367133,0.8781210637759748,8.699500000000398,8.688750000000027,0.025288846541656022
DISPLACEMENT_ORIGIN_ONLY,CLEAN_REJECTION,0.5,0.5,1032,5.426356589147287,0.0072014844071993205,1.0250039518596925,-0.02235202898454343,0.9251062643583768,-0.0371287856804148,0.8777519835217871,8.740000000000009,8.688750000000027,0.025171657666503002
DISPLACEMENT_ORIGIN_ONLY,CLEAN_REJECTION,0.5,1.0,1032,5.426356589147287,0.020615876931787097,1.0550199284864807,-0.008937636459955668,0.9770346072048025,-0.02371439315582704,0.9401903549057938,8.740000000000009,8.688750000000027,0.025171657666503002
DISPLACEMENT_ORIGIN_ONLY,CLEAN_REJECTION,0.5,1.5,1032,5.426356589147287,0.002410725821965217,1.005861501925523,-0.027142787569777522,0.9364973129906273,-0.0419195442656489,0.9037643953803297,8.740000000000009,8.688750000000027,0.025171657666503002
DISPLACEMENT_ORIGIN_ONLY,CLEAN_REJECTION,0.5,2.0,1032,5.426356589147287,-0.001971428072901827,0.9953770280958588,-0.031524941464644574,0.9289031709865323,-0.046301698160515936,0.897559075183328,8.740000000000009,8.688750000000027,0.025171657666503002
DISPLACEMENT_ORIGIN_ONLY,CLEAN_REJECTION,0.5,2.5,1032,5.426356589147287,-0.006963689486940651,0.9837833741778133,-0.03651720287868341,0.9182372814799667,-0.05129395957455478,0.887345322052156,8.740000000000009,8.688750000000027,0.025171657666503002
DISPLACEMENT_ORIGIN_ONLY,CLEAN_REJECTION,0.5,3.0,1032,5.426356589147287,-0.01189631205690418,0.9725594062055651,-0.04144982544864694,0.9081187491376996,-0.05622658214451831,0.8777718562543809,8.740000000000009,8.688750000000027,0.025171657666503002
DISPLACEMENT_ORIGIN_ONLY,CLEAN_REJECTION,0.75,0.5,1032,15.69767441860465,-0.002705728071538313,0.9907982546090227,-0.030762680058498915,0.8989228493184854,-0.04479115605197922,0.8553019555569259,9.152750000000651,8.688750000000027,0.024036492643475252
DISPLACEMENT_ORIGIN_ONLY,CLEAN_REJECTION,0.75,1.0,1032,15.69767441860465,0.011644425864975539,1.0310751584895685,-0.016412526121985065,0.957760845847103,-0.030441002115465358,0.9230438704987769,9.152750000000651,8.688750000000027,0.024036492643475252
DISPLACEMENT_ORIGIN_ONLY,CLEAN_REJECTION,0.75,1.5,1032,15.69767441860465,0.009062291009744478,1.0224380403874151,-0.01899466097721612,0.954670827540943,-0.03302313697069643,0.9226096900987257,9.152750000000651,8.688750000000027,0.024036492643475252
DISPLACEMENT_ORIGIN_ONLY,CLEAN_REJECTION,0.75,2.0,1032,15.69767441860465,-0.002218855270168312,0.994700938407138,-0.030275807257128924,0.9303541961716344,-0.04430428325060922,0.8999441332447387,9.152750000000651,8.688750000000027,0.024036492643475252
DISPLACEMENT_ORIGIN_ONLY,CLEAN_REJECTION,0.75,2.5,1032,15.69767441860465,-0.01846385264751352,0.9564787309167144,-0.04652080463447414,0.894413011146766,-0.060549280627954435,0.8651029891222546,9.152750000000651,8.688750000000027,0.024036492643475252
DISPLACEMENT_ORIGIN_ONLY,CLEAN_REJECTION,0.75,3.0,1032,15.69767441860465,-0.016045980164549865,0.9622727586249654,-0.04410293215151048,0.9001712759177917,-0.05813140814499078,0.8708515298389896,9.152750000000651,8.688750000000027,0.024036492643475252
DISPLACEMENT_ORIGIN_ONLY,CLEAN_REJECTION,1.0,0.5,1032,31.2984496124031,-0.001601888478554523,0.994497950437281,-0.027646674861490594,0.9081020854424809,-0.040669068052958626,0.8669798314066721,9.751250000000027,8.688750000000027,0.0225612118956193
DISPLACEMENT_ORIGIN_ONLY,CLEAN_REJECTION,1.0,1.0,1032,31.2984496124031,0.005899990547668291,1.015989188406014,-0.020144795835267782,0.9472541081406914,-0.03316718902673581,0.9146200276765144,9.751250000000027,8.688750000000027,0.0225612118956193
DISPLACEMENT_ORIGIN_ONLY,CLEAN_REJECTION,1.0,1.5,1032,31.2984496124031,0.00014753319035467117,1.0003740407219732,-0.0258972531925814,0.936630519962851,-0.03891964638404942,0.9064156968298593,9.751250000000027,8.688750000000027,0.0225612118956193
DISPLACEMENT_ORIGIN_ONLY,CLEAN_REJECTION,1.0,2.0,1032,31.2984496124031,-0.0037629278770661377,0.9907015227188376,-0.029807714260002213,0.9289202955740395,-0.04283010745147023,0.8996436919745254,9.751250000000027,8.688750000000027,0.0225612118956193
DISPLACEMENT_ORIGIN_ONLY,CLEAN_REJECTION,1.0,2.5,1032,31.2984496124031,-0.016727792330120946,0.9590273268304481,-0.042772578713057015,0.8989279512602425,-0.05579497190452504,0.8704663204252009,9.751250000000027,8.688750000000027,0.0225612118956193
DISPLACEMENT_ORIGIN_ONLY,CLEAN_REJECTION,1.0,3.0,1032,31.2984496124031,-0.019526031186684202,0.9521947606893291,-0.04557081756962027,0.892393880416687,-0.058593210761088296,0.8640866784018846,9.751250000000027,8.688750000000027,0.0225612118956193
DISPLACEMENT_ORIGIN_ONLY,FAILED_AUCTION,0.25,0.5,198,3.535353535353535,-0.11564353524184118,0.7163980849955821,-0.1695205951339566,0.6069539723973943,-0.19645912508001434,0.5566753695758583,4.4825000000005275,4.449499999999944,0.049079769867807585
DISPLACEMENT_ORIGIN_ONLY,FAILED_AUCTION,0.25,1.0,198,3.535353535353535,-0.04722322529490422,0.9072622131583501,-0.10110028518701969,0.8123404429271072,-0.1280388151330774,0.7687234068760179,4.4825000000005275,4.449499999999944,0.049079769867807585
DISPLACEMENT_ORIGIN_ONLY,FAILED_AUCTION,0.25,1.5,198,3.535353535353535,-0.07175520982271076,0.880260164824224,-0.12563226971482622,0.8015524901567529,-0.1525707996608839,0.7653092600074267,4.4825000000005275,4.449499999999944,0.049079769867807585
DISPLACEMENT_ORIGIN_ONLY,FAILED_AUCTION,0.25,2.0,198,3.535353535353535,-0.07311683629323623,0.8868533407229826,-0.1269938961853517,0.813943040334916,-0.1539324261314094,0.7803580916314594,4.4825000000005275,4.449499999999944,0.049079769867807585
DISPLACEMENT_ORIGIN_ONLY,FAILED_AUCTION,0.25,2.5,198,3.535353535353535,-0.05315604991327526,0.9196266917220369,-0.10703310980539067,0.8468008314994813,-0.1339716397514484,0.8132557490307122,4.4825000000005275,4.449499999999944,0.049079769867807585
DISPLACEMENT_ORIGIN_ONLY,FAILED_AUCTION,0.25,3.0,198,3.535353535353535,-0.03360735851548882,0.9499492381453691,-0.08748441840760426,0.87670266388341,-0.11442294835366197,0.8429737716369105,4.4825000000005275,4.449499999999944,0.049079769867807585
DISPLACEMENT_ORIGIN_ONLY,FAILED_AUCTION,0.5,0.5,198,44.44444444444444,-0.10049202009032505,0.747295486438363,-0.14680445237093254,0.6483267385972596,-0.16996066851123626,0.6023559083747703,4.975862518190737,4.449499999999944,0.04421409323446539
DISPLACEMENT_ORIGIN_ONLY,FAILED_AUCTION,0.5,1.0,198,44.44444444444444,-0.04970291613914239,0.9023916906702687,-0.09601534841974985,0.8200628065138993,-0.11917156456005358,0.7817020915203401,4.975862518190737,4.449499999999944,0.04421409323446539
DISPLACEMENT_ORIGIN_ONLY,FAILED_AUCTION,0.5,1.5,198,44.44444444444444,-0.0010025774346256672,0.998237851626481,-0.04731500971523313,0.9206214755635496,-0.07047122585553685,0.8844233041995544,4.975862518190737,4.449499999999944,0.04421409323446539
DISPLACEMENT_ORIGIN_ONLY,FAILED_AUCTION,0.5,2.0,198,44.44444444444444,-0.008905307731123099,0.9855411115426645,-0.05521774001173054,0.9144336008925172,-0.07837395615203425,0.8812762453152392,4.975862518190737,4.449499999999944,0.04421409323446539
DISPLACEMENT_ORIGIN_ONLY,FAILED_AUCTION,0.5,2.5,198,44.44444444444444,-0.016701786894001005,0.9737437641733133,-0.06301421917460849,0.9055049973791361,-0.08617043531491218,0.8737122630643301,4.975862518190737,4.449499999999944,0.04421409323446539
DISPLACEMENT_ORIGIN_ONLY,FAILED_AUCTION,0.5,3.0,198,44.44444444444444,-0.01856911782368865,0.971074171932756,-0.06488155010429612,0.9036157992308187,-0.08803776624459983,0.8721986789100236,4.975862518190737,4.449499999999944,0.04421409323446539
DISPLACEMENT_ORIGIN_ONLY,FAILED_AUCTION,0.75,0.5,198,71.21212121212122,-0.07887126442879061,0.7930258242646697,-0.11506248091248775,0.709369691110578,-0.1331580891543363,0.6699071269053706,6.410154235738399,4.449499999999944,0.034320609599851996
DISPLACEMENT_ORIGIN_ONLY,FAILED_AUCTION,0.75,1.0,198,71.21212121212122,0.0167873404297547,1.036115669059017,-0.01940387605394244,0.9598283765691392,-0.03749948429579098,0.9238158053220273,6.410154235738399,4.449499999999944,0.034320609599851996
DISPLACEMENT_ORIGIN_ONLY,FAILED_AUCTION,0.75,1.5,198,71.21212121212122,-0.0040765254167021755,0.9923965605661169,-0.04026774190039929,0.9277070355083149,-0.05836335014224784,0.8971635976580757,6.410154235738399,4.449499999999944,0.034320609599851996
DISPLACEMENT_ORIGIN_ONLY,FAILED_AUCTION,0.75,2.0,198,71.21212121212122,0.004804201967558266,1.0086811812187415,-0.03138701451613885,0.9454238375355589,-0.04948262275798743,0.9155659495668907,6.410154235738399,4.449499999999944,0.034320609599851996
DISPLACEMENT_ORIGIN_ONLY,FAILED_AUCTION,0.75,2.5,198,71.21212121212122,-0.050453424337559866,0.9125290880254641,-0.08664464082125699,0.8555086543288185,-0.10474024906310557,0.8286243505579256,6.410154235738399,4.449499999999944,0.034320609599851996
DISPLACEMENT_ORIGIN_ONLY,FAILED_AUCTION,0.75,3.0,198,71.21212121212122,-0.04991483035800704,0.9134628463816914,-0.08610604684170416,0.8564068306977013,-0.10420165508355274,0.8295055962476876,6.410154235738399,4.449499999999944,0.034320609599851996
DISPLACEMENT_ORIGIN_ONLY,FAILED_AUCTION,1.0,0.5,198,84.34343434343434,-0.019001463164637453,0.9432711595967288,-0.04788947731135711,0.861369718682027,-0.06233348438471695,0.8222838156296087,7.974958953731074,4.449499999999944,0.027586408196031004
DISPLACEMENT_ORIGIN_ONLY,FAILED_AUCTION,1.0,1.0,198,84.34343434343434,0.08881775179635112,1.2205664673883179,0.05992973764963147,1.1442510642234105,0.04548573057627163,1.1078066776990407,7.974958953731074,4.449499999999944,0.027586408196031004
DISPLACEMENT_ORIGIN_ONLY,FAILED_AUCTION,1.0,1.5,198,84.34343434343434,0.06442184790041347,1.1434375523854197,0.03553383375369381,1.0765982956857478,0.021089826680333976,1.0447423537805556,7.974958953731074,4.449499999999944,0.027586408196031004
DISPLACEMENT_ORIGIN_ONLY,FAILED_AUCTION,1.0,2.0,198,84.34343434343434,0.05798591313256372,1.1235878120902467,0.029097898985844046,1.060033597350228,0.014653891912484215,1.0297526257129799,7.974958953731074,4.449499999999944,0.027586408196031004
DISPLACEMENT_ORIGIN_ONLY,FAILED_AUCTION,1.0,2.5,198,84.34343434343434,0.03954216936804583,1.0833803507866149,0.01065415522132616,1.0217391304122578,-0.003789851852033661,0.9923913135905301,7.974958953731074,4.449499999999944,0.027586408196031004
DISPLACEMENT_ORIGIN_ONLY,FAILED_AUCTION,1.0,3.0,198,84.34343434343434,0.04320664432262649,1.0911074232271223,0.014318630175906828,1.0292162599711194,-0.00012537689745299773,0.9997482873914451,7.974958953731074,4.449499999999944,0.027586408196031004
DISPLACEMENT_ORIGIN_ONLY,PASSIVE_TOUCH,0.25,0.5,504,30.952380952380953,-0.14438498438763564,0.6635223502109318,-0.22704791500496072,0.5146255292420208,-0.26837938031362324,0.44904271957471614,2.9966695148424725,2.660000000000082,0.07341486151963005
DISPLACEMENT_ORIGIN_ONLY,PASSIVE_TOUCH,0.25,1.0,504,30.952380952380953,-0.15518867890643134,0.728839379930446,-0.23785160952375647,0.6167411089328374,-0.279183074832419,0.5670190929030104,2.9966695148424725,2.660000000000082,0.07341486151963005
DISPLACEMENT_ORIGIN_ONLY,PASSIVE_TOUCH,0.25,1.5,504,30.952380952380953,-0.14068763954591174,0.7816229160793653,-0.22335057016323684,0.6804777503378104,-0.2646820354718994,0.6356476555010063,2.9966695148424725,2.660000000000082,0.07341486151963005
DISPLACEMENT_ORIGIN_ONLY,PASSIVE_TOUCH,0.25,2.0,504,30.952380952380953,-0.12134621225233752,0.8230868649779282,-0.2040091428696626,0.7262145172787687,-0.24534060817832518,0.6833537580235182,2.9966695148424725,2.660000000000082,0.07341486151963005
DISPLACEMENT_ORIGIN_ONLY,PASSIVE_TOUCH,0.25,2.5,504,30.952380952380953,-0.09460832270262204,0.8667173992351279,-0.17727125331994714,0.7700586112065765,-0.21860271862860964,0.7272736020735023,2.9966695148424725,2.660000000000082,0.07341486151963005
DISPLACEMENT_ORIGIN_ONLY,PASSIVE_TOUCH,0.25,3.0,504,30.952380952380953,-0.07314563897121718,0.8994823700754053,-0.15580856958854225,0.8028407500405491,-0.1971400348972048,0.760055602438717,2.9966695148424725,2.660000000000082,0.07341486151963005
DISPLACEMENT_ORIGIN_ONLY,PASSIVE_TOUCH,0.5,0.5,504,66.46825396825396,-0.09080162552989773,0.7691763768522064,-0.1489979571566498,0.6430495726505148,-0.17809612297002578,0.5852812169836262,4.134125000000495,2.660000000000082,0.05321587320741934
DISPLACEMENT_ORIGIN_ONLY,PASSIVE_TOUCH,0.5,1.0,504,66.46825396825396,-0.10552418111037325,0.8060468829128193,-0.1637205127371253,0.7163501258289003,-0.19281867855050136,0.675279034264173,4.134125000000495,2.660000000000082,0.05321587320741934
DISPLACEMENT_ORIGIN_ONLY,PASSIVE_TOUCH,0.5,1.5,504,66.46825396825396,-0.08489186202185724,0.861558794937359,-0.14308819364860928,0.7800773350287195,-0.17218635946198532,0.7427885916108043,4.134125000000495,2.660000000000082,0.05321587320741934
DISPLACEMENT_ORIGIN_ONLY,PASSIVE_TOUCH,0.5,2.0,504,66.46825396825396,-0.03914779920534992,0.9391131508333699,-0.09734413083210199,0.8572934683556586,-0.12644229664547801,0.8198333750313819,4.134125000000495,2.660000000000082,0.05321587320741934
DISPLACEMENT_ORIGIN_ONLY,PASSIVE_TOUCH,0.5,2.5,504,66.46825396825396,-0.022504326165212755,0.9659892728509302,-0.08070065779196481,0.8850974580174303,-0.10979882360534084,0.8480986522877303,4.134125000000495,2.660000000000082,0.05321587320741934
DISPLACEMENT_ORIGIN_ONLY,PASSIVE_TOUCH,0.5,3.0,504,66.46825396825396,-0.0011902590328678464,0.9982277363488424,-0.05938659065961989,0.9166751728445793,-0.08848475647299592,0.8793544066163141,4.134125000000495,2.660000000000082,0.05321587320741934
DISPLACEMENT_ORIGIN_ONLY,PASSIVE_TOUCH,0.75,0.5,504,86.5079365079365,-0.0806722829431995,0.7905898460707643,-0.12372616152187466,0.6929187698936493,-0.14525310081121223,0.6472276606924816,5.484322831482528,2.660000000000082,0.04011451584367093
DISPLACEMENT_ORIGIN_ONLY,PASSIVE_TOUCH,0.75,1.0,504,86.5079365079365,-0.0654422721955943,0.872394358268586,-0.10849615077426943,0.7976506649429904,-0.13002309006360702,0.7627028327698466,5.484322831482528,2.660000000000082,0.04011451584367093
DISPLACEMENT_ORIGIN_ONLY,PASSIVE_TOUCH,0.75,1.5,504,86.5079365079365,-0.011932804601509688,0.9785902151505462,-0.054986683180184806,0.9056610927267615,-0.07651362246952238,0.8715572974323781,5.484322831482528,2.660000000000082,0.04011451584367093
DISPLACEMENT_ORIGIN_ONLY,PASSIVE_TOUCH,0.75,2.0,504,86.5079365079365,0.012704915658305047,1.0220671470402838,-0.03034896292037008,0.9496159878986568,-0.05187590220970767,0.9157576460801851,5.484322831482528,2.660000000000082,0.04011451584367093
DISPLACEMENT_ORIGIN_ONLY,PASSIVE_TOUCH,0.75,2.5,504,86.5079365079365,0.017432944220513818,1.029466856269245,-0.025620934358161315,0.9586073083185488,-0.047147873647498895,0.925491615858002,5.484322831482528,2.660000000000082,0.04011451584367093
DISPLACEMENT_ORIGIN_ONLY,PASSIVE_TOUCH,0.75,3.0,504,86.5079365079365,0.030499299007297923,1.0508432746842091,-0.012554579571377197,0.9799959672767481,-0.034081518860714796,0.9468806493348803,5.484322831482528,2.660000000000082,0.04011451584367093
DISPLACEMENT_ORIGIN_ONLY,PASSIVE_TOUCH,1.0,0.5,504,95.43650793650794,-0.06648346546148716,0.8195047079953965,-0.09983035531855966,0.7386712921107584,-0.11650380024709595,0.7003930086155948,7.133041220322635,2.660000000000082,0.03084249667654796
DISPLACEMENT_ORIGIN_ONLY,PASSIVE_TOUCH,1.0,1.0,504,95.43650793650794,-0.020419665548936018,0.956038461561001,-0.05376655540600854,0.8884021955769189,-0.0704400003345448,0.8564074409272484,7.133041220322635,2.660000000000082,0.03084249667654796
DISPLACEMENT_ORIGIN_ONLY,PASSIVE_TOUCH,1.0,1.5,504,95.43650793650794,0.016765931410133234,1.0342927117463987,-0.01658095844693926,0.9673341987055146,-0.03325440337547553,0.935689510787695,7.133041220322635,2.660000000000082,0.03084249667654796
DISPLACEMENT_ORIGIN_ONLY,PASSIVE_TOUCH,1.0,2.0,504,95.43650793650794,0.02410767976907971,1.0471202514437101,-0.009239210087992805,0.9826067395610886,-0.025912655016529073,0.9521143457938458,7.133041220322635,2.660000000000082,0.03084249667654796
DISPLACEMENT_ORIGIN_ONLY,PASSIVE_TOUCH,1.0,2.5,504,95.43650793650794,0.01733370767615063,1.0332199687423667,-0.016013182180921882,0.9704355772482789,-0.03268662710945815,0.9407546629995276,7.133041220322635,2.660000000000082,0.03084249667654796
DISPLACEMENT_ORIGIN_ONLY,PASSIVE_TOUCH,1.0,3.0,504,95.43650793650794,0.02847296778534866,1.0543615942670757,-0.004873922071723849,0.9910368345632515,-0.021547367000260106,0.9611007562900195,7.133041220322635,2.660000000000082,0.03084249667654796
DISPLACEMENT_ORIGIN_ONLY,TOUCH_NEXT_OPEN,0.25,0.5,1285,5.7587548638132295,-0.0020411384856528704,0.9932390788773061,-0.04296740448481327,0.8642575687876798,-0.06343053748439345,0.8041620258161546,7.1830000000004475,7.171999999998661,0.030627871362938368
DISPLACEMENT_ORIGIN_ONLY,TOUCH_NEXT_OPEN,0.25,1.0,1285,5.7587548638132295,0.029804604888211888,1.075233232262343,-0.01112166111094851,0.9732769120228622,-0.03158479411052871,0.9259032397299859,7.1830000000004475,7.171999999998661,0.030627871362938368
DISPLACEMENT_ORIGIN_ONLY,TOUCH_NEXT_OPEN,0.25,1.5,1285,5.7587548638132295,0.003893605185582658,1.008598360692291,-0.03703266081357774,0.922266249771057,-0.05749579381315793,0.8822473258786755,7.1830000000004475,7.171999999998661,0.030627871362938368
DISPLACEMENT_ORIGIN_ONLY,TOUCH_NEXT_OPEN,0.25,2.0,1285,5.7587548638132295,-0.015049536452405142,0.968795634421969,-0.05597580245156552,0.8897491198854534,-0.07643893545114573,0.8531461802570943,7.1830000000004475,7.171999999998661,0.030627871362938368
DISPLACEMENT_ORIGIN_ONLY,TOUCH_NEXT_OPEN,0.25,2.5,1285,5.7587548638132295,-0.01933761097452593,0.9606482770912361,-0.06026387697368632,0.8836341982782764,-0.0807270099732665,0.8480312601773432,7.1830000000004475,7.171999999998661,0.030627871362938368
DISPLACEMENT_ORIGIN_ONLY,TOUCH_NEXT_OPEN,0.25,3.0,1285,5.7587548638132295,-0.009008755027014871,0.9818719443458215,-0.04993502102617525,0.9047301481087082,-0.07039815402575546,0.8691057286580558,7.1830000000004475,7.171999999998661,0.030627871362938368
DISPLACEMENT_ORIGIN_ONLY,TOUCH_NEXT_OPEN,0.5,0.5,1285,19.06614785992218,0.0003331323396553101,1.0011093082887892,-0.035093341272955964,0.8879018370292381,-0.052806578079261604,0.8347083040528043,7.604733426423536,7.171999999998661,0.028929350664098793
DISPLACEMENT_ORIGIN_ONLY,TOUCH_NEXT_OPEN,0.5,1.0,1285,19.06614785992218,0.027746894119846946,1.070048258426276,-0.007679579492764332,0.9814332036899455,-0.025392816299069972,0.9398909585978639,7.604733426423536,7.171999999998661,0.028929350664098793
DISPLACEMENT_ORIGIN_ONLY,TOUCH_NEXT_OPEN,0.5,1.5,1285,19.06614785992218,0.010853489614480983,1.0242863815911176,-0.0245729839981303,0.9473671716120317,-0.04228622080443594,0.9113405324631175,7.604733426423536,7.171999999998661,0.028929350664098793
DISPLACEMENT_ORIGIN_ONLY,TOUCH_NEXT_OPEN,0.5,2.0,1285,19.06614785992218,0.009671769476114188,1.0206245715631028,-0.02575470413649709,0.9474572367629974,-0.04346794094280272,0.9132139837709926,7.604733426423536,7.171999999998661,0.028929350664098793
DISPLACEMENT_ORIGIN_ONLY,TOUCH_NEXT_OPEN,0.5,2.5,1285,19.06614785992218,0.005234406872072775,1.0109671435395124,-0.030192066740538502,0.9395099006147108,-0.04790530354684415,0.9060922263984906,7.604733426423536,7.171999999998661,0.028929350664098793
DISPLACEMENT_ORIGIN_ONLY,TOUCH_NEXT_OPEN,0.5,3.0,1285,19.06614785992218,0.014191925463825533,1.0295278376745118,-0.021234548148785743,0.9577654270868051,-0.038947784955091394,0.9242166558609906,7.604733426423536,7.171999999998661,0.028929350664098793
DISPLACEMENT_ORIGIN_ONLY,TOUCH_NEXT_OPEN,0.75,0.5,1285,31.1284046692607,-0.004212386969881276,0.9860785830629494,-0.03521699545854249,0.8878440831021566,-0.0507192997028731,0.8413775857173006,8.321500715752325,7.171999999998661,0.02643753903470167
DISPLACEMENT_ORIGIN_ONLY,TOUCH_NEXT_OPEN,0.75,1.0,1285,31.1284046692607,0.02887055534357633,1.074085645691379,-0.002134053145084879,0.9947280836808007,-0.017636357389415477,0.9572370927623425,8.321500715752325,7.171999999998661,0.02643753903470167
DISPLACEMENT_ORIGIN_ONLY,TOUCH_NEXT_OPEN,0.75,1.5,1285,31.1284046692607,0.02788079972829461,1.0649083186370536,-0.0031238087603665875,0.9930032560274881,-0.018626113004697197,0.9590647103176152,8.321500715752325,7.171999999998661,0.02643753903470167
DISPLACEMENT_ORIGIN_ONLY,TOUCH_NEXT_OPEN,0.75,2.0,1285,31.1284046692607,0.022301839273530275,1.0500740424581039,-0.008702769215130923,0.9812129329181539,-0.02420507345946154,0.9487446011122012,8.321500715752325,7.171999999998661,0.02643753903470167
DISPLACEMENT_ORIGIN_ONLY,TOUCH_NEXT_OPEN,0.75,2.5,1285,31.1284046692607,0.0050594334598886145,1.0111443477029682,-0.025945175028772593,0.9450738707336566,-0.041447479273103216,0.9139445603861399,8.321500715752325,7.171999999998661,0.02643753903470167
DISPLACEMENT_ORIGIN_ONLY,TOUCH_NEXT_OPEN,0.75,3.0,1285,31.1284046692607,0.013126198849871675,1.028798336797719,-0.017878409638789537,0.9623021667919445,-0.033380713883120146,0.9309702540920802,8.321500715752325,7.171999999998661,0.02643753903470167
DISPLACEMENT_ORIGIN_ONLY,TOUCH_NEXT_OPEN,1.0,0.5,1285,45.83657587548638,0.006820193692224092,1.0232874857136198,-0.02056893001506056,0.9320455077148864,-0.034263491868702894,0.8886265105470592,9.22751113390914,7.171999999998661,0.023841748528652198
DISPLACEMENT_ORIGIN_ONLY,TOUCH_NEXT_OPEN,1.0,1.0,1285,45.83657587548638,0.03236754721659424,1.0863720734080995,0.004978423509309581,1.0128358878275912,-0.008716138344332745,0.9779054412302287,9.22751113390914,7.171999999998661,0.023841748528652198
DISPLACEMENT_ORIGIN_ONLY,TOUCH_NEXT_OPEN,1.0,1.5,1285,45.83657587548638,0.03928653026280873,1.0977560403122855,0.011897406555524084,1.0285736566372774,-0.0017971552981182462,0.9957585915977664,9.22751113390914,7.171999999998661,0.023841748528652198
DISPLACEMENT_ORIGIN_ONLY,TOUCH_NEXT_OPEN,1.0,2.0,1285,45.83657587548638,0.02897760578993374,1.0695916185921046,0.0015884820826490794,1.0036803541993595,-0.012106079770993247,0.9724431226801532,9.22751113390914,7.171999999998661,0.023841748528652198
DISPLACEMENT_ORIGIN_ONLY,TOUCH_NEXT_OPEN,1.0,2.5,1285,45.83657587548638,0.024145795867926912,1.0574828276081778,-0.003243327839357737,0.9925523155797814,-0.016937889693000058,0.9617904207269949,9.22751113390914,7.171999999998661,0.023841748528652198
DISPLACEMENT_ORIGIN_ONLY,TOUCH_NEXT_OPEN,1.0,3.0,1285,45.83657587548638,0.02288301572994238,1.0543602403433685,-0.004506107977342284,0.9896772294409384,-0.0182006698309846,0.9590443328055415,9.22751113390914,7.171999999998661,0.023841748528652198
DOZ_OBJECTIVE_ONLY,CLEAN_REJECTION,0.25,0.5,17,0.0,0.05882352941176371,1.1999999999999966,0.013798276776526185,1.0448500598264727,-0.008714349541092573,0.9722844888068591,4.838161143384696,4.838161143384696,0.04547182152062255
DOZ_OBJECTIVE_ONLY,CLEAN_REJECTION,0.25,1.0,17,0.0,0.17647058823529413,1.4285714285714286,0.1314453356000566,1.3045650733293739,0.10893270928243787,1.246736965723998,4.838161143384696,4.838161143384696,0.04547182152062255
DOZ_OBJECTIVE_ONLY,CLEAN_REJECTION,0.25,1.5,17,0.0,0.32352941176471006,1.6875000000000089,0.2785041591294725,1.564423813220218,0.2559915328118538,1.507062273456064,4.838161143384696,4.838161143384696,0.04547182152062255
DOZ_OBJECTIVE_ONLY,CLEAN_REJECTION,0.25,2.0,17,0.0,0.1161553655619817,1.2123381966737317,0.07113011292674419,1.1235744194441426,0.04861748660912541,1.0824174365972783,4.838161143384696,4.838161143384696,0.04547182152062255
DOZ_OBJECTIVE_ONLY,CLEAN_REJECTION,0.25,2.5,17,0.0,0.2043403831587807,1.3735451070867828,0.15931513052354315,1.2767783425760937,0.13680250420592438,1.231910625232207,4.838161143384696,4.838161143384696,0.04547182152062255
DOZ_OBJECTIVE_ONLY,CLEAN_REJECTION,0.25,3.0,17,0.0,0.2925756772764294,1.534843925658537,0.2475504246411918,1.4300696111602034,0.2250377983235731,1.3814890437352023,4.838161143384696,4.838161143384696,0.04547182152062255
DOZ_OBJECTIVE_ONLY,CLEAN_REJECTION,0.5,0.5,17,23.52941176470588,0.058823529411764185,1.1999999999999982,0.015737785697424084,1.0511542594410384,-0.0058050861597459605,0.9815372415716281,5.466000000000349,4.838161143384696,0.040248810830586526
DOZ_OBJECTIVE_ONLY,CLEAN_REJECTION,0.5,1.0,17,23.52941176470588,0.05882352941176063,1.12499999999999,0.015737785697420556,1.0319712915013173,-0.005805086159749473,0.9884608398938937,5.466000000000349,4.838161143384696,0.040248810830586526
DOZ_OBJECTIVE_ONLY,CLEAN_REJECTION,0.5,1.5,17,23.52941176470588,0.32352941176470057,1.6874999999999827,0.2804436680503604,1.5697209527008749,0.2589007961931905,1.5146345216348203,5.466000000000349,4.838161143384696,0.040248810830586526
DOZ_OBJECTIVE_ONLY,CLEAN_REJECTION,0.5,2.0,17,23.52941176470588,0.11615536556197771,1.2123381966737226,0.07306962184763759,1.1272054764636745,0.05152674999046756,1.0876129497833733,5.466000000000349,4.838161143384696,0.040248810830586526
DOZ_OBJECTIVE_ONLY,CLEAN_REJECTION,0.5,2.5,17,23.52941176470588,0.20434038315878175,1.373545107086782,0.16125463944444163,1.2807250499431926,0.1397117675872716,1.2375573867949063,5.466000000000349,4.838161143384696,0.040248810830586526
DOZ_OBJECTIVE_ONLY,CLEAN_REJECTION,0.5,3.0,17,23.52941176470588,0.29257567727642547,1.5348439256585256,0.2494899335620854,1.4343321488351408,0.22794706170491538,1.387587310942663,5.466000000000349,4.838161143384696,0.040248810830586526
DOZ_OBJECTIVE_ONLY,CLEAN_REJECTION,0.75,0.5,17,47.05882352941176,-0.029411764705891522,0.916666666666641,-0.06784938239245618,0.815972158047799,-0.08706819123573854,0.7687835281780498,5.650585272142929,4.838161143384696,0.0389340200004746
DOZ_OBJECTIVE_ONLY,CLEAN_REJECTION,0.75,1.0,17,47.05882352941176,0.05882352941176011,1.12499999999999,0.020385911725195452,1.041581101031776,0.001167102881913116,1.0023336974382848,5.650585272142929,4.838161143384696,0.0389340200004746
DOZ_OBJECTIVE_ONLY,CLEAN_REJECTION,0.75,1.5,17,47.05882352941176,0.17647058823528838,1.3333333333333204,0.13803297054872363,1.2500197124990313,0.11881416170544133,1.2108777837298315,5.650585272142929,4.838161143384696,0.0389340200004746
DOZ_OBJECTIVE_ONLY,CLEAN_REJECTION,0.75,2.0,17,47.05882352941176,0.11112969522656518,1.2031510035472144,0.07269207754000048,1.1271912713704941,0.05347326869671817,1.091601191015439,5.650585272142929,4.838161143384696,0.0389340200004746
DOZ_OBJECTIVE_ONLY,CLEAN_REJECTION,0.75,2.5,17,47.05882352941176,0.023279794812143876,1.0425567051976377,-0.015157822874420846,0.973477952098075,-0.034376631717703166,0.9411118772951691,5.650585272142929,4.838161143384696,0.0389340200004746
DOZ_OBJECTIVE_ONLY,CLEAN_REJECTION,0.75,3.0,17,47.05882352941176,0.052691559518025156,1.0963229780548858,0.014253941831460434,1.0249405030773386,-0.004964867011821887,0.9914950452328706,5.650585272142929,4.838161143384696,0.0389340200004746
DOZ_OBJECTIVE_ONLY,CLEAN_REJECTION,1.0,0.5,17,70.58823529411765,-0.11764705882353599,0.7142857142856994,-0.15039864980782333,0.6474636911108198,-0.16677444529996693,0.6157677976110855,7.144999999999527,4.838161143384696,0.03079076277117069
DOZ_OBJECTIVE_ONLY,CLEAN_REJECTION,1.0,1.0,17,70.58823529411765,-0.03534078108042923,0.9301467598484882,-0.06809237206471655,0.8703876867134847,-0.08446816755686017,0.8421352794744233,7.144999999999527,4.838161143384696,0.03079076277117069
DOZ_OBJECTIVE_ONLY,CLEAN_REJECTION,1.0,1.5,17,70.58823529411765,0.08655446999621282,1.1710802646119345,0.05380287901192549,1.1024125815969865,0.0374270835197819,1.0699484344319474,7.144999999999527,4.838161143384696,0.03079076277117069
DOZ_OBJECTIVE_ONLY,CLEAN_REJECTION,1.0,2.0,17,70.58823529411765,-0.04838408009784601,0.9075841213094917,-0.08113567108213332,0.8510680890265475,-0.09751146657427695,0.8244307870508435,7.144999999999527,4.838161143384696,0.03079076277117069
DOZ_OBJECTIVE_ONLY,CLEAN_REJECTION,1.0,2.5,17,70.58823529411765,-0.019022591912811186,0.9636659508036888,-0.05177418289709851,0.9049637737001242,-0.06814997838924215,0.8772960915402992,7.144999999999527,4.838161143384696,0.03079076277117069
DOZ_OBJECTIVE_ONLY,CLEAN_REJECTION,1.0,3.0,17,70.58823529411765,0.010389172793070096,1.0198438108278067,-0.02236241819121723,0.9589517455049573,-0.03873821368336084,0.9302519188113818,7.144999999999527,4.838161143384696,0.03079076277117069
DOZ_OBJECTIVE_ONLY,FAILED_AUCTION,0.25,0.5,18,5.555555555555555,-0.5000000000000004,0.2500000000000002,-0.545163407203683,0.21987794520967943,-0.567745110805524,0.2058329432413303,5.138750000000073,5.138750000000073,0.0428135512023405
DOZ_OBJECTIVE_ONLY,FAILED_AUCTION,0.25,1.0,18,5.555555555555555,-0.44444444444444525,0.3846153846153842,-0.4896078516481277,0.35490797774728533,-0.5121895552499689,0.34110765186755254,5.138750000000073,5.138750000000073,0.0428135512023405
DOZ_OBJECTIVE_ONLY,FAILED_AUCTION,0.25,1.5,18,5.555555555555555,-0.5066759123293687,0.3485595412908123,-0.5518393195330512,0.3229705953536237,-0.5744210231348924,0.3110349810187886,5.138750000000073,5.138750000000073,0.0428135512023405
DOZ_OBJECTIVE_ONLY,FAILED_AUCTION,0.25,2.0,18,5.555555555555555,-0.4233425789960322,0.45570239843367344,-0.46850598619971456,0.4252089010647987,-0.4910876898015558,0.4109856257017344,5.138750000000073,5.138750000000073,0.0428135512023405
DOZ_OBJECTIVE_ONLY,FAILED_AUCTION,0.25,2.5,18,5.555555555555555,-0.550665529065848,0.3392013651209831,-0.5958289362695304,0.31749948225568747,-0.6184106398713716,0.3073718160332515,5.138750000000073,5.138750000000073,0.0428135512023405
DOZ_OBJECTIVE_ONLY,FAILED_AUCTION,0.25,3.0,18,5.555555555555555,-0.5228877512880725,0.3725346984543136,-0.5680511584917549,0.34931792302128023,-0.5906328620935962,0.3384832984955427,5.138750000000073,5.138750000000073,0.0428135512023405
DOZ_OBJECTIVE_ONLY,FAILED_AUCTION,0.5,0.5,18,33.33333333333333,-0.500000000000007,0.24999999999999487,-0.5404604052893058,0.22216514848649985,-0.560690607933955,0.2090769888354982,5.341580202084737,5.138750000000073,0.041228853966083334
DOZ_OBJECTIVE_ONLY,FAILED_AUCTION,0.5,1.0,18,33.33333333333333,-0.4444444444444496,0.38461538461538164,-0.4849048497337482,0.3577268135295418,-0.5051350523783975,0.3451390031022006,5.341580202084737,5.138750000000073,0.041228853966083334
DOZ_OBJECTIVE_ONLY,FAILED_AUCTION,0.5,1.5,18,33.33333333333333,-0.5066759123293708,0.34855954129081296,-0.5471363176186694,0.3254372470117902,-0.5673665202633188,0.31457416078969924,5.341580202084737,5.138750000000073,0.041228853966083334
DOZ_OBJECTIVE_ONLY,FAILED_AUCTION,0.5,2.0,18,33.33333333333333,-0.4233425789960369,0.45570239843367033,-0.4638029842853355,0.4281786680047874,-0.48403318692998476,0.4152477428468198,5.341580202084737,5.138750000000073,0.041228853966083334
DOZ_OBJECTIVE_ONLY,FAILED_AUCTION,0.5,2.5,18,33.33333333333333,-0.5506655290658551,0.33920136512097765,-0.5911259343551537,0.31977660372558475,-0.6113561369998031,0.31065040972099117,5.341580202084737,5.138750000000073,0.041228853966083334
DOZ_OBJECTIVE_ONLY,FAILED_AUCTION,0.5,3.0,18,33.33333333333333,-0.5228877512880774,0.37253469845431064,-0.5633481565773761,0.3517411873156586,-0.5835783592220254,0.3419719235998623,5.341580202084737,5.138750000000073,0.041228853966083334
DOZ_OBJECTIVE_ONLY,FAILED_AUCTION,0.75,0.5,18,55.55555555555556,-0.5833333333333257,0.19230769230770123,-0.6184899062548235,0.1756845974991215,-0.6360681927155724,0.16783114698844512,6.93695316416551,5.138750000000073,0.0329297615774091
DOZ_OBJECTIVE_ONLY,FAILED_AUCTION,0.75,1.0,18,55.55555555555556,-0.4444444444444444,0.3846153846153834,-0.4796010173659421,0.3607939245706094,-0.49717930382669084,0.3495396629720334,6.93695316416551,5.138750000000073,0.0329297615774091
DOZ_OBJECTIVE_ONLY,FAILED_AUCTION,0.75,1.5,18,55.55555555555556,-0.5066759123293654,0.3485595412908148,-0.541832485250863,0.3281037461328672,-0.5594107717116119,0.3184112985969545,6.93695316416551,5.138750000000073,0.0329297615774091
DOZ_OBJECTIVE_ONLY,FAILED_AUCTION,0.75,2.0,18,55.55555555555556,-0.42334257899602995,0.45570239843367477,-0.4584991519175276,0.431440766361556,-0.4760774383782765,0.41994502179729415,6.93695316416551,5.138750000000073,0.0329297615774091
DOZ_OBJECTIVE_ONLY,FAILED_AUCTION,0.75,2.5,18,55.55555555555556,-0.5659772884530793,0.32082725385630373,-0.6011338613745769,0.3045188823245407,-0.6187121478353258,0.2967957729611511,6.93695316416551,5.138750000000073,0.0329297615774091
DOZ_OBJECTIVE_ONLY,FAILED_AUCTION,0.75,3.0,18,55.55555555555556,-0.5381995106753027,0.35416058718963567,-0.5733560835968003,0.33665634982845594,-0.5909343700575492,0.3283669176678124,6.93695316416551,5.138750000000073,0.0329297615774091
DOZ_OBJECTIVE_ONLY,FAILED_AUCTION,1.0,0.5,18,77.77777777777779,-0.3333333333333325,0.3999999999999985,-0.3626364989053539,0.36841227610163246,-0.37728808169136463,0.35337407604035054,8.117860481383941,5.138750000000073,0.027273254604450334
DOZ_OBJECTIVE_ONLY,FAILED_AUCTION,1.0,1.0,18,77.77777777777779,-0.11111111111111109,0.7999999999999988,-0.14041427668313253,0.7554467526549739,-0.15506585946914328,0.7342359604779243,8.117860481383941,5.138750000000073,0.027273254604450334
DOZ_OBJECTIVE_ONLY,FAILED_AUCTION,1.0,1.5,18,77.77777777777779,-0.252775664671488,0.6208365029927652,-0.28207883024350944,0.5904178625848111,-0.2967304130295202,0.5759269009344011,8.117860481383941,5.138750000000073,0.027273254604450334
DOZ_OBJECTIVE_ONLY,FAILED_AUCTION,1.0,2.0,18,77.77777777777779,-0.18895445296648894,0.7165683205502646,-0.2182576185385103,0.68308709366463,-0.23290920132452117,0.6671371640063165,8.117860481383941,5.138750000000073,0.027273254604450334
DOZ_OBJECTIVE_ONLY,FAILED_AUCTION,1.0,2.5,18,77.77777777777779,-0.3278433418553768,0.5460630651233201,-0.3571465074273983,0.5215550151892017,-0.37179809021340904,0.5098886046909923,8.117860481383941,5.138750000000073,0.027273254604450334
DOZ_OBJECTIVE_ONLY,FAILED_AUCTION,1.0,3.0,18,77.77777777777779,-0.3000655640775976,0.584524603584861,-0.32936872964961905,0.5587670225603475,-0.3440203124356298,0.5465058057568625,8.117860481383941,5.138750000000073,0.027273254604450334
DOZ_OBJECTIVE_ONLY,PASSIVE_TOUCH,0.25,0.5,27,40.74074074074074,-0.2964800522683524,0.4481225296442859,-0.3903090466632967,0.3367892996486271,-0.43722354386076884,0.28809644350077873,2.3190000000004147,2.2280000000000655,0.09486847779213482
DOZ_OBJECTIVE_ONLY,PASSIVE_TOUCH,0.25,1.0,27,40.74074074074074,-0.500183755972067,0.3413807936337196,-0.5940127503670114,0.28318662117701815,-0.6409272475644834,0.25759017518068866,2.3190000000004147,2.2280000000000655,0.09486847779213482
DOZ_OBJECTIVE_ONLY,PASSIVE_TOUCH,0.25,1.5,27,40.74074074074074,-0.6483319041202044,0.25526525634410874,-0.7421608985151488,0.22030148866464544,-0.7890753957126209,0.204967670960049,2.3190000000004147,2.2280000000000655,0.09486847779213482
DOZ_OBJECTIVE_ONLY,PASSIVE_TOUCH,0.25,2.0,27,40.74074074074074,-0.5742578300461292,0.34035367512548015,-0.6680868244410737,0.29812214103214857,-0.7150013216385456,0.2796009492913352,2.3190000000004147,2.2280000000000655,0.09486847779213482
DOZ_OBJECTIVE_ONLY,PASSIVE_TOUCH,0.25,2.5,27,40.74074074074074,-0.5001837559720497,0.4254420939068565,-0.5940127503669941,0.37594279339965625,-0.6409272475644662,0.35423422762262574,2.3190000000004147,2.2280000000000655,0.09486847779213482
DOZ_OBJECTIVE_ONLY,PASSIVE_TOUCH,0.25,3.0,27,40.74074074074074,-0.42610968189798126,0.5105305126882203,-0.5199386762929256,0.4537634457671524,-0.5668531734903978,0.4288675059539052,2.3190000000004147,2.2280000000000655,0.09486847779213482
DOZ_OBJECTIVE_ONLY,PASSIVE_TOUCH,0.5,0.5,27,74.07407407407408,-0.24092449671280314,0.5183280267777038,-0.30691683788904195,0.4176091247457,-0.33991300847716127,0.37099739390313663,2.998092243679126,2.2280000000000655,0.07337999705106664
DOZ_OBJECTIVE_ONLY,PASSIVE_TOUCH,0.5,1.0,27,74.07407407407408,-0.4261096818979928,0.41015205471708344,-0.49210202307423156,0.35952616862508546,-0.525098193662351,0.33641730989532137,2.998092243679126,2.2280000000000655,0.07337999705106664
DOZ_OBJECTIVE_ONLY,PASSIVE_TOUCH,0.5,1.5,27,74.07407407407408,-0.46314671893501785,0.41850807485261093,-0.5291390601112567,0.3763764087542888,-0.5621352306993761,0.35718992402183525,2.998092243679126,2.2280000000000655,0.07337999705106664
DOZ_OBJECTIVE_ONLY,PASSIVE_TOUCH,0.5,2.0,27,74.07407407407408,-0.35203560782390936,0.5580107664701438,-0.41802794900014817,0.5073278265608698,-0.4510241195882675,0.48424714775515154,2.998092243679126,2.2280000000000655,0.07337999705106664
DOZ_OBJECTIVE_ONLY,PASSIVE_TOUCH,0.5,2.5,27,74.07407407407408,-0.24092449671279753,0.6975134580876806,-0.30691683788903634,0.6382792443674546,-0.3399130084771557,0.6113043714884715,2.998092243679126,2.2280000000000655,0.07337999705106664
DOZ_OBJECTIVE_ONLY,PASSIVE_TOUCH,0.5,3.0,27,74.07407407407408,-0.12981338560169134,0.8370161497052103,-0.19580572677793012,0.769230662174033,-0.22880189736604958,0.7383615952217851,2.998092243679126,2.2280000000000655,0.07337999705106664
DOZ_OBJECTIVE_ONLY,PASSIVE_TOUCH,0.75,0.5,27,88.88888888888889,-0.28347802274192446,0.4592371687372924,-0.3315790641201194,0.39558762174446277,-0.3556295848092169,0.36583808862103434,4.497138365518689,2.2280000000000655,0.04891999803404442
DOZ_OBJECTIVE_ONLY,PASSIVE_TOUCH,0.75,1.0,27,88.88888888888889,-0.2649595042234116,0.5829575865721381,-0.31306054560160645,0.5299796678173379,-0.33711106629070403,0.5052824230380139,4.497138365518689,2.2280000000000655,0.04891999803404442
DOZ_OBJECTIVE_ONLY,PASSIVE_TOUCH,0.75,1.5,27,88.88888888888889,-0.2649595042234188,0.6265040465013357,-0.31306054560161367,0.579547097258054,-0.33711106629071114,0.5576939840095092,4.497138365518689,2.2280000000000655,0.04891999803404442
DOZ_OBJECTIVE_ONLY,PASSIVE_TOUCH,0.75,2.0,27,88.88888888888889,-0.12901717369429083,0.81813299187781,-0.17711821507248574,0.7621231141963644,-0.2011687357615832,0.7360568935467148,4.497138365518689,2.2280000000000655,0.04891999803404442
DOZ_OBJECTIVE_ONLY,PASSIVE_TOUCH,0.75,2.5,27,88.88888888888889,-0.23307642407578544,0.6877496968421654,-0.2811774654539803,0.6414284341385804,-0.30522798614307783,0.6198996349380621,4.497138365518689,2.2280000000000655,0.04891999803404442
DOZ_OBJECTIVE_ONLY,PASSIVE_TOUCH,0.75,3.0,27,88.88888888888889,-0.17752086852023047,0.7621769544814169,-0.2256219098984254,0.7122756569616937,-0.24967243058752284,0.6890829598838507,4.497138365518689,2.2280000000000655,0.04891999803404442
DOZ_OBJECTIVE_ONLY,PASSIVE_TOUCH,1.0,0.5,27,92.5925925925926,-0.2777777777777758,0.46428571428571136,-0.3156337864363979,0.4140460793215632,-0.33456179076570886,0.39030974419227915,5.812182713313391,2.2280000000000655,0.03785152856534737
DOZ_OBJECTIVE_ONLY,PASSIVE_TOUCH,1.0,1.0,27,92.5925925925926,-0.2006926422601105,0.6613311661860597,-0.2385486509187325,0.6120632697085666,-0.2574766552480436,0.5887468638049267,5.812182713313391,2.2280000000000655,0.03785152856534737
DOZ_OBJECTIVE_ONLY,PASSIVE_TOUCH,1.0,1.5,27,92.5925925925926,-0.11725441288178456,0.8137724030701051,-0.15511042154040655,0.763302978038022,-0.17403842586971757,0.7395232226928588,5.812182713313391,2.2280000000000655,0.03785152856534737
DOZ_OBJECTIVE_ONLY,PASSIVE_TOUCH,1.0,2.0,27,92.5925925925926,-0.1721507025197575,0.7417739462203606,-0.21000671117837955,0.6975086091073646,-0.22893471550769054,0.6766695824282838,5.812182713313391,2.2280000000000655,0.03785152856534737
DOZ_OBJECTIVE_ONLY,PASSIVE_TOUCH,1.0,2.5,27,92.5925925925926,-0.12230238642661408,0.8165464203600766,-0.16015839508523608,0.7693095833908143,-0.17908639941454713,0.7470716480210905,5.812182713313391,2.2280000000000655,0.03785152856534737
DOZ_OBJECTIVE_ONLY,PASSIVE_TOUCH,1.0,3.0,27,92.5925925925926,-0.21489497901920662,0.6946229245516499,-0.25275098767782855,0.6550760678650389,-0.2716789920071396,0.6364563851946494,5.812182713313391,2.2280000000000655,0.03785152856534737
DOZ_OBJECTIVE_ONLY,TOUCH_NEXT_OPEN,0.25,0.5,35,8.571428571428571,-0.1428571428571375,0.6666666666666805,-0.20199574946394247,0.5555975293770239,-0.23156505276734488,0.5046888665043454,3.6100000000001273,3.5650000000005093,0.060941828254845495
DOZ_OBJECTIVE_ONLY,TOUCH_NEXT_OPEN,0.25,1.0,35,8.571428571428571,-0.0857142857142888,0.8421052631578895,-0.14485289232109377,0.7489745224215559,-0.1744221956244963,0.7064282941951007,3.6100000000001273,3.5650000000005093,0.060941828254845495
DOZ_OBJECTIVE_ONLY,TOUCH_NEXT_OPEN,0.25,1.5,35,8.571428571428571,-9.89684524808711e-15,0.9999999999999835,-0.059138606606814886,0.9069566787247969,-0.08870790991021735,0.8642373500922446,3.6100000000001273,3.5650000000005093,0.060941828254845495
DOZ_OBJECTIVE_ONLY,TOUCH_NEXT_OPEN,0.25,2.0,35,8.571428571428571,-0.14681136296848046,0.788539041617655,-0.20594996957528547,0.7201904697575635,-0.23551927287868785,0.6888446410150629,3.6100000000001273,3.5650000000005093,0.060941828254845495
DOZ_OBJECTIVE_ONLY,TOUCH_NEXT_OPEN,0.25,2.5,35,8.571428571428571,-0.018239934397042454,0.9737279599450502,-0.07737854100384742,0.8948712968796192,-0.10694784430724985,0.8587062770645181,3.6100000000001273,3.5650000000005093,0.060941828254845495
DOZ_OBJECTIVE_ONLY,TOUCH_NEXT_OPEN,0.25,3.0,35,8.571428571428571,0.0817600656029445,1.1177637853107727,0.022621458996139505,1.0307341624189683,-0.006947844307262934,0.9908208828807342,3.6100000000001273,3.5650000000005093,0.060941828254845495
DOZ_OBJECTIVE_ONLY,TOUCH_NEXT_OPEN,0.5,0.5,35,45.714285714285715,-0.14285714285714377,0.6666666666666653,-0.1923938020429552,0.5726087191708481,-0.21716213163586093,0.5288833956364001,4.987520713993515,3.5650000000005093,0.044110092491996024
DOZ_OBJECTIVE_ONLY,TOUCH_NEXT_OPEN,0.5,1.0,35,45.714285714285715,-0.14285714285714665,0.7499999999999941,-0.1923938020429581,0.6800094798014784,-0.21716213163586381,0.647554688673138,4.987520713993515,3.5650000000005093,0.044110092491996024
DOZ_OBJECTIVE_ONLY,TOUCH_NEXT_OPEN,0.5,1.5,35,45.714285714285715,-0.07142857142857506,0.886363636363631,-0.12096523061438655,0.8166801601791341,-0.14573356020729222,0.7842590870464092,4.987520713993515,3.5650000000005093,0.044110092491996024
DOZ_OBJECTIVE_ONLY,TOUCH_NEXT_OPEN,0.5,2.0,35,45.714285714285715,-0.14681136296848207,0.7885390416176533,-0.19634802215429353,0.7308841172881724,-0.22111635174719924,0.7041011763492268,4.987520713993515,3.5650000000005093,0.044110092491996024
DOZ_OBJECTIVE_ONLY,TOUCH_NEXT_OPEN,0.5,2.5,35,45.714285714285715,-0.018239934397050878,0.9737279599450379,-0.06777659358286232,0.9071049577727873,-0.09254492317576804,0.8761559980246564,4.987520713993515,3.5650000000005093,0.044110092491996024
DOZ_OBJECTIVE_ONLY,TOUCH_NEXT_OPEN,0.5,3.0,35,45.714285714285715,0.08176006560294095,1.117763785310767,0.032223406417129494,1.0441656114830293,0.0074550768242237974,1.0099764148833101,4.987520713993515,3.5650000000005093,0.044110092491996024
DOZ_OBJECTIVE_ONLY,TOUCH_NEXT_OPEN,0.75,0.5,35,71.42857142857143,-0.18571428571428794,0.5937499999999966,-0.22524482042981164,0.5284402502598198,-0.24501008778757352,0.49784501667419573,5.690953588615146,3.5650000000005093,0.03865784469585447
DOZ_OBJECTIVE_ONLY,TOUCH_NEXT_OPEN,0.75,1.0,35,71.42857142857143,-0.08571428571428877,0.8421052631578899,-0.1252448204298125,0.7789850705859617,-0.14501008778757438,0.749374179845572,5.690953588615146,3.5650000000005093,0.03865784469585447
DOZ_OBJECTIVE_ONLY,TOUCH_NEXT_OPEN,0.75,1.5,35,71.42857142857143,-0.0714285714285805,0.8863636363636227,-0.11095910614410417,0.830601652626696,-0.13072437350186608,0.8043758523344925,5.690953588615146,3.5650000000005093,0.03865784469585447
DOZ_OBJECTIVE_ONLY,TOUCH_NEXT_OPEN,0.75,2.0,35,71.42857142857143,-0.0013334851114145151,0.9979070401729931,-0.040864019826938255,0.9385000356419475,-0.0606292871847001,0.910592038636457,5.690953588615146,3.5650000000005093,0.03865784469585447
DOZ_OBJECTIVE_ONLY,TOUCH_NEXT_OPEN,0.75,2.5,35,71.42857142857143,-0.033583591995267725,0.9472891685921263,-0.07311412671079145,0.8899639290058383,-0.09287939406855332,0.8630338956311193,5.690953588615146,3.5650000000005093,0.03865784469585447
DOZ_OBJECTIVE_ONLY,TOUCH_NEXT_OPEN,0.75,3.0,35,71.42857142857143,0.023559265147588944,1.0369772373801749,-0.015971269567934765,0.9759633899616179,-0.03573653692569662,0.9473005364060125,5.690953588615146,3.5650000000005093,0.03865784469585447
DOZ_OBJECTIVE_ONLY,TOUCH_NEXT_OPEN,1.0,0.5,35,85.71428571428571,-0.09999999999999999,0.7499999999999979,-0.13127700432238226,0.6829477845830921,-0.1469155064835734,0.6511002232920035,7.534113696190572,3.5650000000005093,0.029200515000355948
DOZ_OBJECTIVE_ONLY,TOUCH_NEXT_OPEN,1.0,1.0,35,85.71428571428571,-0.03293944087591401,0.9344983824067761,-0.06421644519829627,0.8765909526321821,-0.07985494735948738,0.8490716450725883,7.534113696190572,3.5650000000005093,0.029200515000355948
DOZ_OBJECTIVE_ONLY,TOUCH_NEXT_OPEN,1.0,1.5,35,85.71428571428571,0.015335662725301031,1.0273840036861128,-0.01594134159708124,0.9724816051022149,-0.031579843758272365,0.9463780623932186,7.534113696190572,3.5650000000005093,0.029200515000355948
DOZ_OBJECTIVE_ONLY,TOUCH_NEXT_OPEN,1.0,2.0,35,85.71428571428571,-0.04028505339746548,0.9291479713260498,-0.07156205771984776,0.8784477238606608,-0.08720055988103885,0.8543774457374261,7.534113696190572,3.5650000000005093,0.029200515000355948
DOZ_OBJECTIVE_ONLY,TOUCH_NEXT_OPEN,1.0,2.5,35,85.71428571428571,-0.08314219625460893,0.8607686783443742,-0.11441920057699123,0.814989600625733,-0.13005770273818232,0.7932623325145396,7.534113696190572,3.5650000000005093,0.029200515000355948
DOZ_OBJECTIVE_ONLY,TOUCH_NEXT_OPEN,1.0,3.0,35,85.71428571428571,-0.04028505339746643,0.9325379713290197,-0.07156205771984869,0.884287560024642,-0.08720055988103982,0.8613873690393902,7.534113696190572,3.5650000000005093,0.029200515000355948
MEMORY_ONLY,ACCEPTANCE_RETEST,0.25,0.5,66,4.545454545454546,-0.18896274514291903,0.5842819606855781,-0.24632662395445565,0.48973913136734887,-0.27500856336022395,0.4467324796380025,3.7080000000000837,3.7080000000000837,0.0593313311845568
MEMORY_ONLY,ACCEPTANCE_RETEST,0.25,1.0,66,4.545454545454546,-0.2182458473899274,0.634713537267958,-0.27560972620146396,0.5654993432240251,-0.30429166560723225,0.5339766655330974,3.7080000000000837,3.7080000000000837,0.0593313311845568
MEMORY_ONLY,ACCEPTANCE_RETEST,0.25,1.5,66,4.545454545454546,-0.16919012516026494,0.7384577489504882,-0.2265540039718016,0.6699539676465945,-0.25523594337756983,0.6386888333162408,3.7080000000000837,3.7080000000000837,0.0593313311845568
MEMORY_ONLY,ACCEPTANCE_RETEST,0.25,2.0,66,4.545454545454546,-0.06344746810395537,0.9019198454071607,-0.12081134691549202,0.8240008783173313,-0.14949328632126027,0.7883777928086655,3.7080000000000837,3.7080000000000837,0.0593313311845568
MEMORY_ONLY,ACCEPTANCE_RETEST,0.25,2.5,66,4.545454545454546,-0.08775430160058002,0.8704154158623771,-0.14511818041211666,0.7980238330676759,-0.1738001198178849,0.7649299116019929,3.7080000000000837,3.7080000000000837,0.0593313311845568
MEMORY_ONLY,ACCEPTANCE_RETEST,0.25,3.0,66,4.545454545454546,-0.061578469894028556,0.9110585757041523,-0.11894234870556519,0.838032685969134,-0.1476242881113335,0.8046216468688348,3.7080000000000837,3.7080000000000837,0.0593313311845568
MEMORY_ONLY,ACCEPTANCE_RETEST,0.5,0.5,66,36.36363636363637,-0.09805365423382326,0.7510945700218332,-0.15078386486177672,0.6378034282409087,-0.17714897017575346,0.5858119899887247,3.9039999999995416,3.7080000000000837,0.056354588783679806
MEMORY_ONLY,ACCEPTANCE_RETEST,0.5,1.0,66,36.36363636363637,-0.15763978678386728,0.7220550436685679,-0.21036999741182075,0.6489703354283279,-0.2367351027257975,0.6154249118800861,3.9039999999995416,3.7080000000000837,0.056354588783679806
MEMORY_ONLY,ACCEPTANCE_RETEST,0.5,1.5,66,36.36363636363637,-0.16919012516026416,0.7384577489504897,-0.22192033578821765,0.6749909433023467,-0.24828544110219442,0.6458062981135884,3.9039999999995416,3.7080000000000837,0.056354588783679806
MEMORY_ONLY,ACCEPTANCE_RETEST,0.5,2.0,66,36.36363636363637,-0.151717123242896,0.775086495248648,-0.20444733387084948,0.7126240811057494,-0.2308124391848262,0.6838528254259719,3.9039999999995416,3.7080000000000837,0.056354588783679806
MEMORY_ONLY,ACCEPTANCE_RETEST,0.5,2.5,66,36.36363636363637,-0.14009164487585504,0.7968830142643115,-0.1928218555038085,0.7349658259584642,-0.21918696081778527,0.7064452814693322,3.9039999999995416,3.7080000000000837,0.056354588783679806
MEMORY_ONLY,ACCEPTANCE_RETEST,0.5,3.0,66,36.36363636363637,-0.06088551013900105,0.9117229203399478,-0.11361572076695454,0.8438348773642581,-0.13998082608093126,0.8125251983668919,3.9039999999995416,3.7080000000000837,0.056354588783679806
MEMORY_ONLY,ACCEPTANCE_RETEST,0.75,0.5,66,63.63636363636363,-0.14350819968837508,0.6617306721631149,-0.18787454680630744,0.577066640838778,-0.2100577203652737,0.5377466104343375,4.981473354965319,3.7080000000000837,0.04416374557836841
MEMORY_ONLY,ACCEPTANCE_RETEST,0.75,1.0,66,63.63636363636363,-0.24740065832524125,0.5894016407541832,-0.29176700544317374,0.53804330860314,-0.31395017900213995,0.5142582232402646,4.981473354965319,3.7080000000000837,0.04416374557836841
MEMORY_ONLY,ACCEPTANCE_RETEST,0.75,1.5,66,63.63636363636363,-0.23895804309654348,0.629611931219,-0.28332439021447586,0.5809519295141191,-0.30550756377344207,0.5583932527689226,4.981473354965319,3.7080000000000837,0.04416374557836841
MEMORY_ONLY,ACCEPTANCE_RETEST,0.75,2.0,66,63.63636363636363,-0.21502478721162716,0.674356539895102,-0.2593911343295595,0.6251048839467239,-0.2815743078885257,0.6022493842427123,4.981473354965319,3.7080000000000837,0.04416374557836841
MEMORY_ONLY,ACCEPTANCE_RETEST,0.75,2.5,66,63.63636363636363,-0.17639506633985438,0.7328591717576776,-0.22076141345778677,0.6809359890720411,-0.24294458701675298,0.6568175562414257,4.981473354965319,3.7080000000000837,0.04416374557836841
MEMORY_ONLY,ACCEPTANCE_RETEST,0.75,3.0,66,63.63636363636363,-0.11991620433027149,0.8183933666106938,-0.16428255144820386,0.7625642589910052,-0.18646572500717004,0.7365993456739902,4.981473354965319,3.7080000000000837,0.04416374557836841
MEMORY_ONLY,ACCEPTANCE_RETEST,1.0,0.5,66,81.81818181818183,-0.09605277580340278,0.7489419224467078,-0.13278815946649297,0.6667402952166177,-0.15115585129803805,0.6282363249027945,6.618306656160565,3.7080000000000837,0.03324126806030575
MEMORY_ONLY,ACCEPTANCE_RETEST,1.0,1.0,66,81.81818181818183,-0.16689682586187604,0.6948417159713026,-0.20363220952496622,0.6422185930562283,-0.22199990135651135,0.6175566375905286,6.618306656160565,3.7080000000000837,0.03324126806030575
MEMORY_ONLY,ACCEPTANCE_RETEST,1.0,1.5,66,81.81818181818183,-0.0989623999358483,0.8251686619464819,-0.13569778359893847,0.7696341104380021,-0.15406547543048357,0.7435515486737446,6.618306656160565,3.7080000000000837,0.03324126806030575
MEMORY_ONLY,ACCEPTANCE_RETEST,1.0,2.0,66,81.81818181818183,-0.06900604770001602,0.8780908743017612,-0.1057414313631062,0.8204891911019286,-0.12410912319465124,0.7934151544997581,6.618306656160565,3.7080000000000837,0.03324126806030575
MEMORY_ONLY,ACCEPTANCE_RETEST,1.0,2.5,66,81.81818181818183,-0.06197031218927501,0.8933745927429695,-0.09870569585236523,0.8368185550463958,-0.11707338768391025,0.8102337784347797,6.618306656160565,3.7080000000000837,0.03324126806030575
MEMORY_ONLY,ACCEPTANCE_RETEST,1.0,3.0,66,81.81818181818183,-0.01908527602165861,0.9671620933228998,-0.055820659684748815,0.9077166132413983,-0.07418835151629385,0.8797468542602505,6.618306656160565,3.7080000000000837,0.03324126806030575
MEMORY_ONLY,CLEAN_REJECTION,0.25,0.5,868,0.0,-0.12893741670079192,0.6895796309494591,-0.17458201169175222,0.5987245551295053,-0.1974043091872324,0.5563530943611916,4.831766753837883,4.831766753837883,0.045532000534932185
MEMORY_ONLY,CLEAN_REJECTION,0.25,1.0,868,0.0,-0.11175953426286436,0.7929551103452502,-0.1574041292538247,0.7216716743162411,-0.18022642674930484,0.6884525332919463,4.831766753837883,4.831766753837883,0.045532000534932185
MEMORY_ONLY,CLEAN_REJECTION,0.25,1.5,868,0.0,-0.12704789592789506,0.7915920394142211,-0.17269249091885536,0.7298070215213346,-0.19551478841433548,0.7010668156472931,4.831766753837883,4.831766753837883,0.045532000534932185
MEMORY_ONLY,CLEAN_REJECTION,0.25,2.0,868,0.0,-0.09797397970495793,0.8463921698045334,-0.14361857469591824,0.7852336433501734,-0.1664408721913984,0.7567723170752325,4.831766753837883,4.831766753837883,0.045532000534932185
MEMORY_ONLY,CLEAN_REJECTION,0.25,2.5,868,0.0,-0.06247642100054959,0.904102575054847,-0.10812101599150992,0.8417122400181551,-0.13094331348699007,0.8126660147934748,4.831766753837883,4.831766753837883,0.045532000534932185
MEMORY_ONLY,CLEAN_REJECTION,0.25,3.0,868,0.0,-0.056268848674981956,0.9147378400992894,-0.10191344366594227,0.852713484674595,-0.12473574116142241,0.8238356618793496,4.831766753837883,4.831766753837883,0.045532000534932185
MEMORY_ONLY,CLEAN_REJECTION,0.5,0.5,868,14.400921658986174,-0.13412174849802677,0.6797628860521719,-0.17862328475643605,0.5924479959384156,-0.20087405288564067,0.5516739768577795,4.9280309779617255,4.831766753837883,0.044642586519649086
MEMORY_ONLY,CLEAN_REJECTION,0.5,1.0,868,14.400921658986174,-0.14014119349665405,0.7468517698634123,-0.18464272975506332,0.6813225866599439,-0.20689349788426792,0.6507460987465222,4.9280309779617255,4.831766753837883,0.044642586519649086
MEMORY_ONLY,CLEAN_REJECTION,0.5,1.5,868,14.400921658986174,-0.13429591049788386,0.7802682741759875,-0.17879744675629308,0.7206401743315715,-0.2010482148854977,0.6928582050750935,4.9280309779617255,4.831766753837883,0.044642586519649086
MEMORY_ONLY,CLEAN_REJECTION,0.5,2.0,868,14.400921658986174,-0.09701019359489445,0.8474520377046451,-0.14151172985330374,0.7875239794053985,-0.16376249798250833,0.7595909995857673,4.9280309779617255,4.831766753837883,0.044642586519649086
MEMORY_ONLY,CLEAN_REJECTION,0.5,2.5,868,14.400921658986174,-0.06628818922185446,0.8979571127299821,-0.11078972548026371,0.8371698009998864,-0.13304049360946832,0.808829274855361,4.9280309779617255,4.831766753837883,0.044642586519649086
MEMORY_ONLY,CLEAN_REJECTION,0.5,3.0,868,14.400921658986174,-0.06766153487918324,0.8973615324679335,-0.11216307113759247,0.8375480744928278,-0.1344138392667971,0.8096598072470155,4.9280309779617255,4.831766753837883,0.044642586519649086
MEMORY_ONLY,CLEAN_REJECTION,0.75,0.5,868,40.55299539170507,-0.1431856918689181,0.6627514282106837,-0.1839593074353286,0.5844081073259864,-0.2043461152185338,0.5476261332207392,5.3598919768355096,4.831766753837883,0.041045603627162794
MEMORY_ONLY,CLEAN_REJECTION,0.75,1.0,868,40.55299539170507,-0.1297719419336886,0.7602278788023465,-0.170545557500099,0.6979224905579231,-0.1909323652833042,0.6687213822165601,5.3598919768355096,4.831766753837883,0.041045603627162794
MEMORY_ONLY,CLEAN_REJECTION,0.75,1.5,868,40.55299539170507,-0.11434535912234821,0.8071989224047532,-0.15511897468875863,0.7494355186027098,-0.17550578247196383,0.7223955302655294,5.3598919768355096,4.831766753837883,0.041045603627162794
MEMORY_ONLY,CLEAN_REJECTION,0.75,2.0,868,40.55299539170507,-0.07694874235311462,0.8744049078924981,-0.11772235791952504,0.8159285584063426,-0.13810916570273027,0.7885391699335396,5.3598919768355096,4.831766753837883,0.041045603627162794
MEMORY_ONLY,CLEAN_REJECTION,0.75,2.5,868,40.55299539170507,-0.0697067959900956,0.8886031099102358,-0.11048041155650604,0.8308764223247778,-0.13086721933971124,0.803837942938977,5.3598919768355096,4.831766753837883,0.041045603627162794
MEMORY_ONLY,CLEAN_REJECTION,0.75,3.0,868,40.55299539170507,-0.059150151508588475,0.9062231570825972,-0.0999237670749989,0.8482583778201339,-0.12031057485820411,0.8211066976591337,5.3598919768355096,4.831766753837883,0.041045603627162794
MEMORY_ONLY,CLEAN_REJECTION,1.0,0.5,868,66.24423963133641,-0.1349778507182862,0.6752966404815485,-0.17093993055971934,0.6040729501535911,-0.1889209704804359,0.5704475968156196,6.4171877690005825,4.831766753837883,0.03428294478687563
MEMORY_ONLY,CLEAN_REJECTION,1.0,1.0,868,66.24423963133641,-0.11462774141904389,0.7790134726237316,-0.150589821260477,0.7208137168477636,-0.16857086118119358,0.6934091269608257,6.4171877690005825,4.831766753837883,0.03428294478687563
MEMORY_ONLY,CLEAN_REJECTION,1.0,1.5,868,66.24423963133641,-0.0888431072699653,0.840939977522176,-0.12480518711139846,0.785221636647363,-0.14278622703211502,0.7590032154622691,6.4171877690005825,4.831766753837883,0.03428294478687563
MEMORY_ONLY,CLEAN_REJECTION,1.0,2.0,868,66.24423963133641,-0.0839033319838264,0.8552987160429137,-0.11986541182525955,0.8013091654261667,-0.13784645174597612,0.7759030770125459,6.4171877690005825,4.831766753837883,0.03428294478687563
MEMORY_ONLY,CLEAN_REJECTION,1.0,2.5,868,66.24423963133641,-0.067579784772232,0.8846903604136533,-0.10354186461366513,0.8301897846206024,-0.12152290453438169,0.8045358368038219,6.4171877690005825,4.831766753837883,0.03428294478687563
MEMORY_ONLY,CLEAN_REJECTION,1.0,3.0,868,66.24423963133641,-0.07122780215208477,0.8790228629057552,-0.10718988199351791,0.8250139786459185,-0.12517092191423446,0.7995929146538308,6.4171877690005825,4.831766753837883,0.03428294478687563
MEMORY_ONLY,FAILED_AUCTION,0.25,0.5,267,0.37453183520599254,-0.02077010838176898,0.939437596786359,-0.05539024873246667,0.8441265858138284,-0.07270031890781552,0.7989467479609622,6.375,6.375,0.034509803921568626
MEMORY_ONLY,FAILED_AUCTION,0.25,1.0,267,0.37453183520599254,-0.08191279882551987,0.8418038685549545,-0.11653293917621756,0.7827946768484811,-0.1338430093515664,0.7548732815197012,6.375,6.375,0.034509803921568626
MEMORY_ONLY,FAILED_AUCTION,0.25,1.5,267,0.37453183520599254,-0.028411323207683418,0.9498805089245236,-0.06303146355838109,0.892694846143946,-0.08034153373372993,0.8656201774563084,6.375,6.375,0.034509803921568626
MEMORY_ONLY,FAILED_AUCTION,0.25,2.0,267,0.37453183520599254,0.01105730757634447,1.0186369208806672,-0.023562832774353216,0.961681774045554,-0.04087290294970204,0.9347011351338207,6.375,6.375,0.034509803921568626
MEMORY_ONLY,FAILED_AUCTION,0.25,2.5,267,0.37453183520599254,0.029813415081065397,1.0488893887118969,-0.0048067252696322935,0.9923998528298781,-0.02211679544498111,0.9656555327848714,6.375,6.375,0.034509803921568626
MEMORY_ONLY,FAILED_AUCTION,0.25,3.0,267,0.37453183520599254,-0.00042222318668793475,0.9993191654164091,-0.03504236353738559,0.9455340187211699,-0.05235243371273444,0.9200961080306453,6.375,6.375,0.034509803921568626
MEMORY_ONLY,FAILED_AUCTION,0.5,0.5,267,8.239700374531834,-0.02077010838176935,0.9394375967863576,-0.055009871249111525,0.8451253475689544,-0.07212975268278263,0.8003885120791457,6.465500000000702,6.375,0.034026757404682716
MEMORY_ONLY,FAILED_AUCTION,0.5,1.0,267,8.239700374531834,-0.08191279882552022,0.8418038685549539,-0.1161525616928624,0.783425926566676,-0.13327244312653344,0.7557890523926122,6.465500000000702,6.375,0.034026757404682716
MEMORY_ONLY,FAILED_AUCTION,0.5,1.5,267,8.239700374531834,-0.028411323207683845,0.9498805089245228,-0.062651086075026,0.8933074260964979,-0.07977096750869707,0.8665100165770342,6.465500000000702,6.375,0.034026757404682716
MEMORY_ONLY,FAILED_AUCTION,0.5,2.0,267,8.239700374531834,0.010843538704804116,1.0182766167543562,-0.023396224162538053,0.9619404204610074,-0.04051610559620915,0.935240328903536,6.465500000000702,6.375,0.034026757404682716
MEMORY_ONLY,FAILED_AUCTION,0.5,2.5,267,8.239700374531834,0.02119013910695366,1.0347485501020972,-0.013049623760388493,0.9793601098087438,-0.03016950519405957,0.9531290071571276,6.465500000000702,6.375,0.034026757404682716
MEMORY_ONLY,FAILED_AUCTION,0.5,3.0,267,8.239700374531834,0.004063115071409992,1.0065915787924509,-0.030176647795932154,0.9527990720236739,-0.04729652922960323,0.9273455225416071,6.465500000000702,6.375,0.034026757404682716
MEMORY_ONLY,FAILED_AUCTION,0.75,0.5,267,38.57677902621723,-0.009534153325588665,0.9715791377389589,-0.04103047138433923,0.881535471683271,-0.05677863041371451,0.8386237866770335,7.341265030611604,6.375,0.029967587205017677
MEMORY_ONLY,FAILED_AUCTION,0.75,1.0,267,38.57677902621723,-0.021704313896869974,0.9552187466278502,-0.05320063195562054,0.8937915079527798,-0.06894879098499583,0.8645831707290224,7.341265030611604,6.375,0.029967587205017677
MEMORY_ONLY,FAILED_AUCTION,0.75,1.5,267,38.57677902621723,0.01753851989165194,1.0325947674262357,-0.013957798167098615,0.9749074661699297,-0.029705957196473894,0.9474722709660144,7.341265030611604,6.375,0.029967587205017677
MEMORY_ONLY,FAILED_AUCTION,0.75,2.0,267,38.57677902621723,0.020176380780294458,1.0352760278909579,-0.011319937278456104,0.9808601149606881,-0.027068096307831385,0.9549883450782487,7.341265030611604,6.375,0.029967587205017677
MEMORY_ONLY,FAILED_AUCTION,0.75,2.5,267,38.57677902621723,0.01207483929373463,1.0205190504631731,-0.01942147876501594,0.9680984843084038,-0.03516963779439122,0.9431965202729926,7.341265030611604,6.375,0.029967587205017677
MEMORY_ONLY,FAILED_AUCTION,0.75,3.0,267,38.57677902621723,0.01017540384903691,1.0172079261855373,-0.021320914209713646,0.9651597761263647,-0.03706907323908893,0.9404486020301566,7.341265030611604,6.375,0.029967587205017677
MEMORY_ONLY,FAILED_AUCTION,1.0,0.5,267,63.670411985018724,-0.026871595380521907,0.9217520970052023,-0.05439003863376229,0.8461705904796819,-0.06814926026038245,0.8100213221139368,8.825277543025095,6.375,0.02492839448135806
MEMORY_ONLY,FAILED_AUCTION,1.0,1.0,267,63.670411985018724,0.030049937882693514,1.0671039370889641,0.002531494629453145,1.0054848733788855,-0.011227726997167042,0.9760364190758649,8.825277543025095,6.375,0.02492839448135806
MEMORY_ONLY,FAILED_AUCTION,1.0,1.5,267,63.670411985018724,-0.0017705362035683723,0.9965974614279356,-0.029288979456808757,0.9454157692670501,-0.04304820108342893,0.9209945190930178,8.825277543025095,6.375,0.02492839448135806
MEMORY_ONLY,FAILED_AUCTION,1.0,2.0,267,63.670411985018724,0.0067323758668784974,1.0123173949740376,-0.020786067386361868,0.9631122058757425,-0.03454528901298207,0.9396203303382146,8.825277543025095,6.375,0.02492839448135806
MEMORY_ONLY,FAILED_AUCTION,1.0,2.5,267,63.670411985018724,0.014601526254922033,1.0266399778923767,-0.012916916998318326,0.9771543506977234,-0.026676138624938516,0.9535442090302784,8.825277543025095,6.375,0.02492839448135806
MEMORY_ONLY,FAILED_AUCTION,1.0,3.0,267,63.670411985018724,0.007248456046290578,1.0131630323099403,-0.020269987206949815,0.9643289475316614,-0.034029208833569975,0.9410461297406133,8.825277543025095,6.375,0.02492839448135806
MEMORY_ONLY,PASSIVE_TOUCH,0.25,0.5,892,17.825112107623315,-0.34561078831926406,0.3992173608971478,-0.4296471480550287,0.30787351148368963,-0.47166532792291105,0.2670450952873437,2.5200000000004366,2.4940000000005966,0.08730158730157218
MEMORY_ONLY,PASSIVE_TOUCH,0.25,1.0,892,17.825112107623315,-0.32855239500248745,0.5165053466836453,-0.412588754738252,0.43811132075896475,-0.45460693460613444,0.4031419287405566,2.5200000000004366,2.4940000000005966,0.08730158730157218
MEMORY_ONLY,PASSIVE_TOUCH,0.25,1.5,892,17.825112107623315,-0.3154358453352452,0.5757066541672196,-0.3994722050710098,0.5027720956753998,-0.4414903849388922,0.47024136696111124,2.5200000000004366,2.4940000000005966,0.08730158730157218
MEMORY_ONLY,PASSIVE_TOUCH,0.25,2.0,892,17.825112107623315,-0.2986063870821787,0.6190257929574049,-0.38264274681794336,0.5483098126812822,-0.42466092668582567,0.5167751566092907,2.5200000000004366,2.4940000000005966,0.08730158730157218
MEMORY_ONLY,PASSIVE_TOUCH,0.25,2.5,892,17.825112107623315,-0.315263719836796,0.6149252028093402,-0.3993000795725606,0.5488075535008781,-0.441318259440443,0.5193371429762391,2.5200000000004366,2.4940000000005966,0.08730158730157218
MEMORY_ONLY,PASSIVE_TOUCH,0.25,3.0,892,17.825112107623315,-0.3293420489584376,0.6094934695078654,-0.4133784086942022,0.5464265346019033,-0.4553965885620846,0.5183041454403445,2.5200000000004366,2.4940000000005966,0.08730158730157218
MEMORY_ONLY,PASSIVE_TOUCH,0.5,0.5,892,70.17937219730942,-0.25726239478922847,0.4949110136177861,-0.3229297078997883,0.4054536214689142,-0.35576336445506823,0.3647755225295756,3.412663776844933,2.4940000000005966,0.06446577870668685
MEMORY_ONLY,PASSIVE_TOUCH,0.5,1.0,892,70.17937219730942,-0.23184805137304065,0.6262542922032406,-0.2975153644836005,0.5503204832426689,-0.3303490210388805,0.5158003702248741,3.412663776844933,2.4940000000005966,0.06446577870668685
MEMORY_ONLY,PASSIVE_TOUCH,0.5,1.5,892,70.17937219730942,-0.22704320362623354,0.671296302384476,-0.29271051673679344,0.6025292555250922,-0.3255441732920734,0.5712514072981235,3.412663776844933,2.4940000000005966,0.06446577870668685
MEMORY_ONLY,PASSIVE_TOUCH,0.5,2.0,892,70.17937219730942,-0.20408731047753542,0.7204132773092589,-0.2697546235880953,0.6533676977353584,-0.3025882801433753,0.6228881553269177,3.412663776844933,2.4940000000005966,0.06446577870668685
MEMORY_ONLY,PASSIVE_TOUCH,0.5,2.5,892,70.17937219730942,-0.16592943987710326,0.7781581984728541,-0.2315967529876632,0.7096521491263613,-0.2644304095429431,0.6785248262799338,3.412663776844933,2.4940000000005966,0.06446577870668685
MEMORY_ONLY,PASSIVE_TOUCH,0.5,3.0,892,70.17937219730942,-0.16972415081569234,0.7781171485680805,-0.23539146392625224,0.7114561490994931,-0.26822512048153213,0.6811696522397802,3.412663776844933,2.4940000000005966,0.06446577870668685
MEMORY_ONLY,PASSIVE_TOUCH,0.75,0.5,892,88.2286995515695,-0.17187416702351455,0.616879253130429,-0.22124628774608038,0.5312660644511401,-0.24593234810736328,0.49156467827594014,5.018978611837049,2.4940000000005966,0.043833626396254835
MEMORY_ONLY,PASSIVE_TOUCH,0.75,1.0,892,88.2286995515695,-0.14472892737592336,0.7430248173211629,-0.19410104809848922,0.6724371966890764,-0.21878710845977214,0.6397037709809287,5.018978611837049,2.4940000000005966,0.043833626396254835
MEMORY_ONLY,PASSIVE_TOUCH,0.75,1.5,892,88.2286995515695,-0.11014537479550611,0.8222219919377588,-0.15951749551807193,0.7553454797499609,-0.18420355587935486,0.7243561196255881,5.018978611837049,2.4940000000005966,0.043833626396254835
MEMORY_ONLY,PASSIVE_TOUCH,0.75,2.0,892,88.2286995515695,-0.09262162483194712,0.858099307166356,-0.14199374555451294,0.7932986377110921,-0.1666798059157959,0.7632722404461144,5.018978611837049,2.4940000000005966,0.043833626396254835
MEMORY_ONLY,PASSIVE_TOUCH,0.75,2.5,892,88.2286995515695,-0.1152081841344725,0.8307624476505187,-0.16458030485703834,0.7702571874220119,-0.18926636521832121,0.7422230306598376,5.018978611837049,2.4940000000005966,0.043833626396254835
MEMORY_ONLY,PASSIVE_TOUCH,0.75,3.0,892,88.2286995515695,-0.11819153246906715,0.8293952231736326,-0.16756365319163297,0.7701841341404995,-0.19224971355291587,0.7427547573067417,5.018978611837049,2.4940000000005966,0.043833626396254835
MEMORY_ONLY,PASSIVE_TOUCH,1.0,0.5,892,95.73991031390135,-0.13842205559974557,0.6714857927830672,-0.17696386138230336,0.5969182202962852,-0.19623476427358225,0.5618417919335678,6.635752227774676,2.4940000000005966,0.033153743577338524
MEMORY_ONLY,PASSIVE_TOUCH,1.0,1.0,892,95.73991031390135,-0.09689643695517447,0.8143236323028756,-0.13543824273773225,0.7510081768422769,-0.1547091456290111,0.7212529791687734,6.635752227774676,2.4940000000005966,0.033153743577338524
MEMORY_ONLY,PASSIVE_TOUCH,1.0,1.5,892,95.73991031390135,-0.06705229363131442,0.8815147117443496,-0.10559409941387224,0.8211018508644965,-0.12486500230515113,0.7927342415329998,6.635752227774676,2.4940000000005966,0.033153743577338524
MEMORY_ONLY,PASSIVE_TOUCH,1.0,2.0,892,95.73991031390135,-0.07871423328695532,0.8684089439126638,-0.1172560390695131,0.8120276460019727,-0.13652694196079201,0.7855472012112402,6.635752227774676,2.4940000000005966,0.033153743577338524
MEMORY_ONLY,PASSIVE_TOUCH,1.0,2.5,892,95.73991031390135,-0.09246352584990591,0.8487335784808311,-0.13100533163246372,0.7945801591035245,-0.15027623452374259,0.7691696640205677,6.635752227774676,2.4940000000005966,0.033153743577338524
MEMORY_ONLY,PASSIVE_TOUCH,1.0,3.0,892,95.73991031390135,-0.09897387522326043,0.8395542363879236,-0.1375156810058182,0.7863349908308126,-0.1567865838970971,0.7613640858622236,6.635752227774676,2.4940000000005966,0.033153743577338524
MEMORY_ONLY,TOUCH_NEXT_OPEN,0.25,0.5,1323,6.500377928949358,-0.14409112296557233,0.6611905512771401,-0.2039624601984001,0.5489489123742964,-0.23389812881481395,0.4977345529194455,4.097523618377181,4.066442996742808,0.05369096568798564
MEMORY_ONLY,TOUCH_NEXT_OPEN,0.25,1.0,1323,6.500377928949358,-0.1284473039059811,0.7671608941071897,-0.18831864113880886,0.6788287653185506,-0.21825430975522278,0.6385002027828282,4.097523618377181,4.066442996742808,0.05369096568798564
MEMORY_ONLY,TOUCH_NEXT_OPEN,0.25,1.5,1323,6.500377928949358,-0.1569063673873401,0.7528028860836845,-0.21677770462016788,0.6787828528624591,-0.24671337323658174,0.6450098758576411,4.097523618377181,4.066442996742808,0.05369096568798564
MEMORY_ONLY,TOUCH_NEXT_OPEN,0.25,2.0,1323,6.500377928949358,-0.1254378920362394,0.8115090726143369,-0.18530922926906718,0.7381968888866928,-0.215244897885481,0.7047591314583092,4.097523618377181,4.066442996742808,0.05369096568798564
MEMORY_ONLY,TOUCH_NEXT_OPEN,0.25,2.5,1323,6.500377928949358,-0.1181397885226171,0.8287925030170835,-0.17801112575544484,0.7575135613044583,-0.20794679437185873,0.725012452096218,4.097523618377181,4.066442996742808,0.05369096568798564
MEMORY_ONLY,TOUCH_NEXT_OPEN,0.25,3.0,1323,6.500377928949358,-0.10861455681108667,0.8456966540679904,-0.16848589404391445,0.7750228644955569,-0.19842156266032832,0.7427988241559819,4.097523618377181,4.066442996742808,0.05369096568798564
MEMORY_ONLY,TOUCH_NEXT_OPEN,0.5,0.5,1323,33.18216175359032,-0.1293518939406292,0.6886541410426149,-0.18146440202481692,0.5857219528616154,-0.20752065606691078,0.538173082631237,4.462131707316985,4.066442996742808,0.04930378895792003
MEMORY_ONLY,TOUCH_NEXT_OPEN,0.5,1.0,1323,33.18216175359032,-0.12824534869186396,0.7672492104996474,-0.18035785677605168,0.6894649594446437,-0.20641411081814554,0.6535205694093497,4.462131707316985,4.066442996742808,0.04930378895792003
MEMORY_ONLY,TOUCH_NEXT_OPEN,0.5,1.5,1323,33.18216175359032,-0.1311913936211781,0.7889178451618227,-0.18330390170536578,0.7204463247210029,-0.2093601557474597,0.6888486361067441,4.462131707316985,4.066442996742808,0.04930378895792003
MEMORY_ONLY,TOUCH_NEXT_OPEN,0.5,2.0,1323,33.18216175359032,-0.09437140184552106,0.8548118259586841,-0.14648390992970878,0.7864451824754297,-0.17254016397180263,0.7549028715914383,4.462131707316985,4.066442996742808,0.04930378895792003
MEMORY_ONLY,TOUCH_NEXT_OPEN,0.5,2.5,1323,33.18216175359032,-0.07863011646121022,0.8828893032830702,-0.13074262454539792,0.8155034128351054,-0.1567988785874918,0.7844172967204945,4.462131707316985,4.066442996742808,0.04930378895792003
MEMORY_ONLY,TOUCH_NEXT_OPEN,0.5,3.0,1323,33.18216175359032,-0.06258004469742273,0.9082750704713165,-0.11469255278161046,0.8407380978677036,-0.14074880682370428,0.8095836799214021,4.462131707316985,4.066442996742808,0.04930378895792003
MEMORY_ONLY,TOUCH_NEXT_OPEN,0.75,0.5,1323,57.596371882086174,-0.12665202466672734,0.6935318996554649,-0.17068492067818983,0.6051730214819002,-0.19270136868392107,0.5638878967176985,5.227706226045484,4.066442996742808,0.042083466531442744
MEMORY_ONLY,TOUCH_NEXT_OPEN,0.75,1.0,1323,57.596371882086174,-0.12271396872035444,0.7733612358814158,-0.1667468647318169,0.705752034856544,-0.18876331273754818,0.6741933151381325,5.227706226045484,4.066442996742808,0.042083466531442744
MEMORY_ONLY,TOUCH_NEXT_OPEN,0.75,1.5,1323,57.596371882086174,-0.11218971851716214,0.813277917176947,-0.1562226145286246,0.7518172672127194,-0.1782390625343558,0.7231662626545505,5.227706226045484,4.066442996742808,0.042083466531442744
MEMORY_ONLY,TOUCH_NEXT_OPEN,0.75,2.0,1323,57.596371882086174,-0.08968299495169481,0.8569852487777511,-0.1337158909631573,0.7964940738750919,-0.15573233896888855,0.7682955073993936,5.227706226045484,4.066442996742808,0.042083466531442744
MEMORY_ONLY,TOUCH_NEXT_OPEN,0.75,2.5,1323,57.596371882086174,-0.08890649714206526,0.8616506281455988,-0.13293939315352776,0.8025570729482806,-0.15495584115925898,0.7750073833397705,5.227706226045484,4.066442996742808,0.042083466531442744
MEMORY_ONLY,TOUCH_NEXT_OPEN,0.75,3.0,1323,57.596371882086174,-0.08232782102353127,0.8735860509788589,-0.12636071703499377,0.8148437805066203,-0.14837716504072498,0.7874626083340139,5.227706226045484,4.066442996742808,0.042083466531442744
MEMORY_ONLY,TOUCH_NEXT_OPEN,1.0,0.5,1323,75.88813303099018,-0.10401726201367309,0.7363650651777224,-0.14114628914642616,0.6562018151691765,-0.1597108027128027,0.6184536252702497,6.493929272769803,4.066442996742808,0.033877794284347854
MEMORY_ONLY,TOUCH_NEXT_OPEN,1.0,1.0,1323,75.88813303099018,-0.07336490421751306,0.8537842814908891,-0.11049393135026614,0.7885539381269956,-0.12905844491664267,0.7578788624912463,6.493929272769803,4.066442996742808,0.033877794284347854
MEMORY_ONLY,TOUCH_NEXT_OPEN,1.0,1.5,1323,75.88813303099018,-0.06404816801645313,0.8844017452159719,-0.10117719514920616,0.8248019103710721,-0.1197417087155827,0.7968034790568843,6.493929272769803,4.066442996742808,0.033877794284347854
MEMORY_ONLY,TOUCH_NEXT_OPEN,1.0,2.0,1323,75.88813303099018,-0.05642561545390052,0.9018010763237823,-0.09355464258665358,0.8437848908945417,-0.11211915615303011,0.8165257348099428,6.493929272769803,4.066442996742808,0.033877794284347854
MEMORY_ONLY,TOUCH_NEXT_OPEN,1.0,2.5,1323,75.88813303099018,-0.041585580710378205,0.9285635432565635,-0.07871460784313128,0.8702817851653678,-0.09727912140950778,0.8429001034404511,6.493929272769803,4.066442996742808,0.033877794284347854
MEMORY_ONLY,TOUCH_NEXT_OPEN,1.0,3.0,1323,75.88813303099018,-0.0436688603210872,0.9254845992406167,-0.08079788745384026,0.8677507163409959,-0.09936240102021679,0.8406312551528957,6.493929272769803,4.066442996742808,0.033877794284347854
OBJECTIVE_LIQUIDITY_ONLY,ACCEPTANCE_RETEST,0.25,0.5,66,4.545454545454546,-0.1932776748217707,0.5783914308924486,-0.2501993361388214,0.48407882092335447,-0.2786601667973468,0.44068871393246406,3.6030000000000655,3.6030000000000655,0.061064183567565794
OBJECTIVE_LIQUIDITY_ONLY,ACCEPTANCE_RETEST,0.25,1.0,66,4.545454545454546,-0.049338280882375296,0.9049423313208419,-0.10625994219942599,0.8063585586372652,-0.13472077285795137,0.7609643558719427,3.6030000000000655,3.6030000000000655,0.061064183567565794
OBJECTIVE_LIQUIDITY_ONLY,ACCEPTANCE_RETEST,0.25,1.5,66,4.545454545454546,-0.11752009906419403,0.8164457922953081,-0.17444176038124476,0.7420690749551466,-0.20290259103977012,0.7077780866307836,3.6030000000000655,3.6030000000000655,0.061064183567565794
OBJECTIVE_LIQUIDITY_ONLY,ACCEPTANCE_RETEST,0.25,2.0,66,4.545454545454546,-0.07764937837807932,0.8859523981151697,-0.13457103969513004,0.8130379533203276,-0.16303187035365543,0.779460361020206,3.6030000000000655,3.6030000000000655,0.061064183567565794
OBJECTIVE_LIQUIDITY_ONLY,ACCEPTANCE_RETEST,0.25,2.5,66,4.545454545454546,-0.09280089352959431,0.8722287816913805,-0.149722554846645,0.8051271005727696,-0.17818338550517038,0.7742544004744423,3.6030000000000655,3.6030000000000655,0.061064183567565794
OBJECTIVE_LIQUIDITY_ONLY,ACCEPTANCE_RETEST,0.25,3.0,66,4.545454545454546,-0.13784191509899996,0.8178159856235501,-0.19476357641605066,0.7568104262052602,-0.22322440707457603,0.72883654806878,3.6030000000000655,3.6030000000000655,0.061064183567565794
OBJECTIVE_LIQUIDITY_ONLY,ACCEPTANCE_RETEST,0.5,0.5,66,48.484848484848484,-0.17055040209449018,0.6152515414563423,-0.21962941171785558,0.5281574699647276,-0.2441689165295382,0.48765246072522206,4.626003036591291,3.6030000000000655,0.04756195719112016
OBJECTIVE_LIQUIDITY_ONLY,ACCEPTANCE_RETEST,0.5,1.0,66,48.484848484848484,-0.14024737179145916,0.7515502090970644,-0.18932638141482455,0.679765390247781,-0.21386588622650718,0.6462526118151464,4.626003036591291,3.6030000000000655,0.04756195719112016
OBJECTIVE_LIQUIDITY_ONLY,ACCEPTANCE_RETEST,0.5,1.5,66,48.484848484848484,-0.07964131118540123,0.872593442526568,-0.12872032080876655,0.8034118791765139,-0.15325982562044924,0.771120589063254,4.626003036591291,3.6030000000000655,0.04756195719112016
OBJECTIVE_LIQUIDITY_ONLY,ACCEPTANCE_RETEST,0.5,2.0,66,48.484848484848484,-0.1231039238326156,0.8231270841957432,-0.17218293345598093,0.7638485767359207,-0.1967224382676636,0.7361839268570796,4.626003036591291,3.6030000000000655,0.04756195719112016
OBJECTIVE_LIQUIDITY_ONLY,ACCEPTANCE_RETEST,0.5,2.5,66,48.484848484848484,-0.14583119655988896,0.8033179766905995,-0.19491020618325422,0.7493607351692657,-0.21944971099493693,0.7242228472590563,4.626003036591291,3.6030000000000655,0.04756195719112016
OBJECTIVE_LIQUIDITY_ONLY,ACCEPTANCE_RETEST,0.5,3.0,66,48.484848484848484,-0.07723585449293133,0.8958322739437874,-0.12631486411629658,0.8376345923408913,-0.1508543689279793,0.810586385274667,4.626003036591291,3.6030000000000655,0.04756195719112016
OBJECTIVE_LIQUIDITY_ONLY,ACCEPTANCE_RETEST,0.75,0.5,66,74.24242424242425,-0.10236858391267785,0.7426781492682322,-0.1421558426935994,0.6571638104990194,-0.16204947208406012,0.616957076319249,6.274216544277503,3.6030000000000655,0.03507881095859325
OBJECTIVE_LIQUIDITY_ONLY,ACCEPTANCE_RETEST,0.75,1.0,66,74.24242424242425,-0.17055040209450079,0.7057656195247488,-0.21033766087542238,0.6504372061561733,-0.2302312902658831,0.6242679456489806,6.274216544277503,3.6030000000000655,0.03507881095859325
OBJECTIVE_LIQUIDITY_ONLY,ACCEPTANCE_RETEST,0.75,1.5,66,74.24242424242425,-0.10332065171206954,0.8349636702260483,-0.14310791049299112,0.7798654211622529,-0.1630015398834518,0.7538169778899785,6.274216544277503,3.6030000000000655,0.03507881095859325
OBJECTIVE_LIQUIDITY_ONLY,ACCEPTANCE_RETEST,0.75,2.0,66,74.24242424242425,0.003152283368566988,1.0049537089038518,-0.03663497541235456,0.9445980549296321,-0.05652860480281534,0.9160939167639544,6.274216544277503,3.6030000000000655,0.03507881095859325
OBJECTIVE_LIQUIDITY_ONLY,ACCEPTANCE_RETEST,0.75,2.5,66,74.24242424242425,-0.13069979229510553,0.8124700372661331,-0.17048705107602713,0.7648724218999216,-0.1903806804664879,0.7424993186061524,6.274216544277503,3.6030000000000655,0.03507881095859325
OBJECTIVE_LIQUIDITY_ONLY,ACCEPTANCE_RETEST,0.75,3.0,66,74.24242424242425,-0.12120739384479447,0.826089868609266,-0.16099465262571608,0.7779638833563537,-0.1808882820161768,0.7553383265508018,6.274216544277503,3.6030000000000655,0.03507881095859325
OBJECTIVE_LIQUIDITY_ONLY,ACCEPTANCE_RETEST,1.0,0.5,66,84.84848484848484,-0.16294853844455884,0.6259867216261624,-0.19527860221770657,0.5657744773052142,-0.2114436341042804,0.5370566553580551,8.317266493344611,3.6030000000000655,0.02645675912510236
OBJECTIVE_LIQUIDITY_ONLY,ACCEPTANCE_RETEST,1.0,1.0,66,84.84848484848484,-0.13264550814152984,0.761809332851416,-0.16497557191467754,0.7125381845460156,-0.18114060380125138,0.6889822781363808,8.317266493344611,3.6030000000000655,0.02645675912510236
OBJECTIVE_LIQUIDITY_ONLY,ACCEPTANCE_RETEST,1.0,1.5,66,84.84848484848484,0.01171943793223185,1.021017568596639,-0.020610625840915876,0.964160873360273,-0.0367756577274897,0.9370096393118315,8.317266493344611,3.6030000000000655,0.02645675912510236
OBJECTIVE_LIQUIDITY_ONLY,ACCEPTANCE_RETEST,1.0,2.0,66,84.84848484848484,-0.0839386797045187,0.8650463095676943,-0.1162687434776664,0.8191490469172188,-0.13243377536424025,0.7973472998776637,8.317266493344611,3.6030000000000655,0.02645675912510236
OBJECTIVE_LIQUIDITY_ONLY,ACCEPTANCE_RETEST,1.0,2.5,66,84.84848484848484,-0.1319091534722602,0.7929644522591097,-0.16423921724540794,0.750743796557586,-0.18040424913198175,0.7307214728125628,8.317266493344611,3.6030000000000655,0.02645675912510236
OBJECTIVE_LIQUIDITY_ONLY,ACCEPTANCE_RETEST,1.0,3.0,66,84.84848484848484,-0.15615059334464723,0.7549167531427405,-0.18848065711779496,0.7139539885573432,-0.2046456890043688,0.6945377395737542,8.317266493344611,3.6030000000000655,0.02645675912510236
OBJECTIVE_LIQUIDITY_ONLY,CLEAN_REJECTION,0.25,0.5,1586,0.06305170239596469,-0.06250517926819524,0.8279221540983357,-0.10942500957013714,0.7130782819990625,-0.13288492472110808,0.659665034881786,4.5697500000005675,4.5697500000005675,0.04814270174009545
OBJECTIVE_LIQUIDITY_ONLY,CLEAN_REJECTION,0.25,1.0,1586,0.06305170239596469,-0.05498559231350614,0.8871038388085042,-0.10190542261544804,0.8010012698459555,-0.12536533776641898,0.7610484186820968,4.5697500000005675,4.5697500000005675,0.04814270174009545
OBJECTIVE_LIQUIDITY_ONLY,CLEAN_REJECTION,0.25,1.5,1586,0.06305170239596469,-0.034162352826779006,0.9365623998810799,-0.0810821831287209,0.8569061197744223,-0.10454209827969185,0.8199903251367655,4.5697500000005675,4.5697500000005675,0.04814270174009545
OBJECTIVE_LIQUIDITY_ONLY,CLEAN_REJECTION,0.25,2.0,1586,0.06305170239596469,-0.014184811040421035,0.9747529981352336,-0.061104641342362924,0.8966596309010371,-0.08456455649333387,0.860480484060526,4.5697500000005675,4.5697500000005675,0.04814270174009545
OBJECTIVE_LIQUIDITY_ONLY,CLEAN_REJECTION,0.25,2.5,1586,0.06305170239596469,-0.015615883452497628,0.9728001968339763,-0.06253571375443952,0.8965325367971169,-0.08599562890541046,0.8612149781350854,4.5697500000005675,4.5697500000005675,0.04814270174009545
OBJECTIVE_LIQUIDITY_ONLY,CLEAN_REJECTION,0.25,3.0,1586,0.06305170239596469,-0.028792061084905844,0.9508355158806974,-0.07571189138684774,0.8772026506545827,-0.09917180653781868,0.8431155157291464,4.5697500000005675,4.5697500000005675,0.04814270174009545
OBJECTIVE_LIQUIDITY_ONLY,CLEAN_REJECTION,0.5,0.5,1586,10.277427490542244,-0.06457134878363921,0.8228333116404041,-0.11078639694435034,0.7103681564214113,-0.1338939210247059,0.658029662280622,4.65175000000022,4.5697500000005675,0.047294035822265885
OBJECTIVE_LIQUIDITY_ONLY,CLEAN_REJECTION,0.5,1.0,1586,10.277427490542244,-0.061942203218426056,0.8736419548849161,-0.10815725137913719,0.7900323670683925,-0.13126477545949278,0.7512035331262887,4.65175000000022,4.5697500000005675,0.047294035822265885
OBJECTIVE_LIQUIDITY_ONLY,CLEAN_REJECTION,0.5,1.5,1586,10.277427490542244,-0.0333701698805164,0.937887705366303,-0.07958521804122753,0.8591264905280666,-0.10269274212158311,0.822590870010694,4.65175000000022,4.5697500000005675,0.047294035822265885
OBJECTIVE_LIQUIDITY_ONLY,CLEAN_REJECTION,0.5,2.0,1586,10.277427490542244,-0.013326525533312176,0.976157954921372,-0.05954157369402331,0.8987190864732402,-0.08264909777437887,0.8628102735606743,4.65175000000022,4.5697500000005675,0.047294035822265885
OBJECTIVE_LIQUIDITY_ONLY,CLEAN_REJECTION,0.5,2.5,1586,10.277427490542244,-0.016171433291887628,0.971687246823183,-0.06238648145259876,0.8961811045152533,-0.08549400553295435,0.8611839720253052,4.65175000000022,4.5697500000005675,0.047294035822265885
OBJECTIVE_LIQUIDITY_ONLY,CLEAN_REJECTION,0.5,3.0,1586,10.277427490542244,-0.033072426552195694,0.943211930073234,-0.07928747471290684,0.8706067931323471,-0.1023949987932624,0.8369664224185343,4.65175000000022,4.5697500000005675,0.047294035822265885
OBJECTIVE_LIQUIDITY_ONLY,CLEAN_REJECTION,0.75,0.5,1586,34.237074401008826,-0.06997445992973829,0.8094913834302889,-0.11276203031081716,0.7066479441761755,-0.1341558155013566,0.6585880715139485,5.146406013275509,4.5697500000005675,0.042748278994286446
OBJECTIVE_LIQUIDITY_ONLY,CLEAN_REJECTION,0.75,1.0,1586,34.237074401008826,-0.06459241760811338,0.867062329510838,-0.10737998798919227,0.7890395537276585,-0.1287737731797317,0.7526463997935646,5.146406013275509,4.5697500000005675,0.042748278994286446
OBJECTIVE_LIQUIDITY_ONLY,CLEAN_REJECTION,0.75,1.5,1586,34.237074401008826,-0.05095753980767081,0.9041029165288211,-0.0937451101887497,0.8317367916538998,-0.11513889537928913,0.7980356425166435,5.146406013275509,4.5697500000005675,0.042748278994286446
OBJECTIVE_LIQUIDITY_ONLY,CLEAN_REJECTION,0.75,2.0,1586,34.237074401008826,-0.04036595826892675,0.9268143677324922,-0.08315352865000562,0.8562159614689815,-0.10454731384054508,0.8233402189962334,5.146406013275509,4.5697500000005675,0.042748278994286446
OBJECTIVE_LIQUIDITY_ONLY,CLEAN_REJECTION,0.75,2.5,1586,34.237074401008826,-0.05311301303070608,0.9055818241462356,-0.09590058341178496,0.8374538241691803,-0.11729436860232442,0.8057502418166678,5.146406013275509,4.5697500000005675,0.042748278994286446
OBJECTIVE_LIQUIDITY_ONLY,CLEAN_REJECTION,0.75,3.0,1586,34.237074401008826,-0.06406191630036764,0.8873823532335393,-0.10684948668144655,0.8209406727703251,-0.128243271871986,0.7900338699145371,5.146406013275509,4.5697500000005675,0.042748278994286446
OBJECTIVE_LIQUIDITY_ONLY,CLEAN_REJECTION,1.0,0.5,1586,56.05296343001262,-0.0633507793558137,0.8233990637036562,-0.10146398401742354,0.7286298352989927,-0.12052058634822846,0.6840848756783536,6.0438481129312045,4.5697500000005675,0.036400652052883134
OBJECTIVE_LIQUIDITY_ONLY,CLEAN_REJECTION,1.0,1.0,1586,56.05296343001262,-0.050360584188306516,0.8910620296984694,-0.08847378884991636,0.8167014293568193,-0.10753039118072126,0.7818568131168758,6.0438481129312045,4.5697500000005675,0.036400652052883134
OBJECTIVE_LIQUIDITY_ONLY,CLEAN_REJECTION,1.0,1.5,1586,56.05296343001262,-0.05611289060628431,0.8896909301300809,-0.09422609526789416,0.8226902376650481,-0.11328269759869908,0.7913317142287454,6.0438481129312045,4.5697500000005675,0.036400652052883134
OBJECTIVE_LIQUIDITY_ONLY,CLEAN_REJECTION,1.0,2.0,1586,56.05296343001262,-0.05736797386172898,0.8904080607463752,-0.09548117852333883,0.8254160326350605,-0.11453778085414375,0.7950099057284801,6.0438481129312045,4.5697500000005675,0.036400652052883134
OBJECTIVE_LIQUIDITY_ONLY,CLEAN_REJECTION,1.0,2.5,1586,56.05296343001262,-0.0712658704090935,0.8660615509561094,-0.10937907507070335,0.8033271838085243,-0.12843567740150827,0.7740015842003677,6.0438481129312045,4.5697500000005675,0.036400652052883134
OBJECTIVE_LIQUIDITY_ONLY,CLEAN_REJECTION,1.0,3.0,1586,56.05296343001262,-0.07478707530452496,0.8603553842010866,-0.1129002799661348,0.7983056781306208,-0.13195688229693972,0.7692999148940867,6.0438481129312045,4.5697500000005675,0.036400652052883134
OBJECTIVE_LIQUIDITY_ONLY,FAILED_AUCTION,0.25,0.5,457,0.2188183807439825,-0.12917148313058863,0.6881294025688693,-0.16339511086937253,0.6195120544612392,-0.18050692473876445,0.5869993565494541,6.434999999999945,6.434999999999945,0.034188034188034476
OBJECTIVE_LIQUIDITY_ONLY,FAILED_AUCTION,0.25,1.0,457,0.2188183807439825,-0.23881973818643518,0.5925758562692636,-0.2730433659252191,0.550885653750909,-0.2901551797946111,0.5311922004351585,6.434999999999945,6.434999999999945,0.034188034188034476
OBJECTIVE_LIQUIDITY_ONLY,FAILED_AUCTION,0.25,1.5,457,0.2188183807439825,-0.23093032545284228,0.6322176651097066,-0.2651539531916262,0.5931596945849934,-0.28226576706101814,0.5747270505586558,6.434999999999945,6.434999999999945,0.034188034188034476
OBJECTIVE_LIQUIDITY_ONLY,FAILED_AUCTION,0.25,2.0,457,0.2188183807439825,-0.23675287948468682,0.6389641672739541,-0.2709765072234707,0.6018865677293554,-0.28808832109286264,0.5843876764024546,6.434999999999945,6.434999999999945,0.034188034188034476
OBJECTIVE_LIQUIDITY_ONLY,FAILED_AUCTION,0.25,2.5,457,0.2188183807439825,-0.20921158793271613,0.6830782561820784,-0.24343521567150006,0.644702134981955,-0.260547029540892,0.6265831302896304,6.434999999999945,6.434999999999945,0.034188034188034476
OBJECTIVE_LIQUIDITY_ONLY,FAILED_AUCTION,0.25,3.0,457,0.2188183807439825,-0.22255654745388675,0.6691434928698935,-0.25678017519267066,0.6322174663867564,-0.2738919890620626,0.6147857033133719,6.434999999999945,6.434999999999945,0.034188034188034476
OBJECTIVE_LIQUIDITY_ONLY,FAILED_AUCTION,0.5,0.5,457,14.22319474835886,-0.13245375884174862,0.6818853444980694,-0.16593108265380616,0.6153467171458926,-0.1826697445598349,0.5837838255707692,6.625000000000455,6.434999999999945,0.03320754716980904
OBJECTIVE_LIQUIDITY_ONLY,FAILED_AUCTION,0.5,1.0,457,14.22319474835886,-0.24757247341619454,0.5807737355998677,-0.2810497972282521,0.5408133299830067,-0.29778845913428076,0.5219197781966434,6.625000000000455,6.434999999999945,0.03320754716980904
OBJECTIVE_LIQUIDITY_ONLY,FAILED_AUCTION,0.5,1.5,457,14.22319474835886,-0.2439077871696286,0.6142383106615623,-0.27738511098168617,0.5769929570941756,-0.29412377288771485,0.5593978774826116,6.625000000000455,6.434999999999945,0.03320754716980904
OBJECTIVE_LIQUIDITY_ONLY,FAILED_AUCTION,0.5,2.0,457,14.22319474835886,-0.23931541108917834,0.6350564397999393,-0.27279273490123584,0.5988833522376522,-0.2895313968072646,0.5817915935662455,6.625000000000455,6.434999999999945,0.03320754716980904
OBJECTIVE_LIQUIDITY_ONLY,FAILED_AUCTION,0.5,2.5,457,14.22319474835886,-0.22253760828457744,0.664005225982364,-0.2560149320966349,0.6272494591228697,-0.2727535940026637,0.6098761242298317,6.625000000000455,6.434999999999945,0.03320754716980904
OBJECTIVE_LIQUIDITY_ONLY,FAILED_AUCTION,0.5,3.0,457,14.22319474835886,-0.2340485443009703,0.6520592867197057,-0.26752586811302786,0.6164750443519845,-0.2842645300190566,0.599656809834106,6.625000000000455,6.434999999999945,0.03320754716980904
OBJECTIVE_LIQUIDITY_ONLY,FAILED_AUCTION,0.75,0.5,457,41.57549234135667,-0.1298092908265708,0.6862438356122724,-0.15991121015682555,0.6256532768315002,-0.17496216982195295,0.596766368507561,7.600644524958998,6.434999999999945,0.02894491372114088
OBJECTIVE_LIQUIDITY_ONLY,FAILED_AUCTION,0.75,1.0,457,41.57549234135667,-0.2254251601415135,0.6070924943372001,-0.2555270794717683,0.5690223436573795,-0.27057803913689565,0.5509590812204541,7.600644524958998,6.434999999999945,0.02894491372114088
OBJECTIVE_LIQUIDITY_ONLY,FAILED_AUCTION,0.75,1.5,457,41.57549234135667,-0.23325371630531433,0.6195383113980782,-0.2633556356355691,0.5844956619516841,-0.27840659530069645,0.5678777315542918,7.600644524958998,6.434999999999945,0.02894491372114088
OBJECTIVE_LIQUIDITY_ONLY,FAILED_AUCTION,0.75,2.0,457,41.57549234135667,-0.22231595430596734,0.6480837328781236,-0.25241787363622203,0.6135173901383045,-0.2674688333013494,0.5971211926286474,7.600644524958998,6.434999999999945,0.02894491372114088
OBJECTIVE_LIQUIDITY_ONLY,FAILED_AUCTION,0.75,2.5,457,41.57549234135667,-0.2172192841472432,0.6596878522808686,-0.24732120347749795,0.6252133420470641,-0.26237216314262535,0.6088586753627838,7.600644524958998,6.434999999999945,0.02894491372114088
OBJECTIVE_LIQUIDITY_ONLY,FAILED_AUCTION,0.75,3.0,457,41.57549234135667,-0.22721597616878295,0.6461212531370693,-0.2573178954990377,0.612383938140086,-0.2723688551641651,0.596382840987271,7.600644524958998,6.434999999999945,0.02894491372114088
OBJECTIVE_LIQUIDITY_ONLY,FAILED_AUCTION,1.0,0.5,457,61.2691466083151,-0.1303603387538403,0.6807234783840548,-0.15650066773836635,0.6274112839431906,-0.16957083223062938,0.6018688498289397,8.905500000000302,6.434999999999945,0.02470383470888693
OBJECTIVE_LIQUIDITY_ONLY,FAILED_AUCTION,1.0,1.0,457,61.2691466083151,-0.2347857425697171,0.5758656619728532,-0.26092607155424313,0.54248904251276,-0.27399623604650614,0.5265913817705884,8.905500000000302,6.434999999999945,0.02470383470888693
OBJECTIVE_LIQUIDITY_ONLY,FAILED_AUCTION,1.0,1.5,457,61.2691466083151,-0.21730482395524583,0.6255115661500509,-0.24344515293977187,0.592940453573842,-0.25651531743203493,0.57742694823383,8.905500000000302,6.434999999999945,0.02470383470888693
OBJECTIVE_LIQUIDITY_ONLY,FAILED_AUCTION,1.0,2.0,457,61.2691466083151,-0.21529171997584445,0.6368597136614789,-0.2414320489603705,0.6048731607254246,-0.2545022134526335,0.5896359564160095,8.905500000000302,6.434999999999945,0.02470383470888693
OBJECTIVE_LIQUIDITY_ONLY,FAILED_AUCTION,1.0,2.5,457,61.2691466083151,-0.22085320458730023,0.631558585901307,-0.24699353357182627,0.6001995115240708,-0.26006369806408935,0.5852623167288519,8.905500000000302,6.434999999999945,0.02470383470888693
OBJECTIVE_LIQUIDITY_ONLY,FAILED_AUCTION,1.0,3.0,457,61.2691466083151,-0.2390985742157104,0.6036192432743018,-0.26523890320023646,0.5733879166544437,-0.27830906769249947,0.5589944432685785,8.905500000000302,6.434999999999945,0.02470383470888693
OBJECTIVE_LIQUIDITY_ONLY,PASSIVE_TOUCH,0.25,0.5,1329,19.036869826937547,-0.26250622132734686,0.4921074004880766,-0.3473283243709855,0.3783630960126548,-0.3897393758928048,0.32766618353560656,2.4974926002076945,2.4399999999996,0.08808834908327838
OBJECTIVE_LIQUIDITY_ONLY,PASSIVE_TOUCH,0.25,1.0,1329,19.036869826937547,-0.24356935607108215,0.615190659624596,-0.3283914591147208,0.5204890438316448,-0.3708025106365401,0.478330649739275,2.4974926002076945,2.4399999999996,0.08808834908327838
OBJECTIVE_LIQUIDITY_ONLY,PASSIVE_TOUCH,0.25,1.5,1329,19.036869826937547,-0.24148976861251142,0.6582975204429259,-0.32631187165615,0.5734478311287224,-0.36872292317796934,0.5356988204778195,2.4974926002076945,2.4399999999996,0.08808834908327838
OBJECTIVE_LIQUIDITY_ONLY,PASSIVE_TOUCH,0.25,2.0,1329,19.036869826937547,-0.24704480779114868,0.6736717250136685,-0.3318669108347873,0.5951739141292188,-0.37427796235660665,0.5602738362954521,2.4974926002076945,2.4399999999996,0.08808834908327838
OBJECTIVE_LIQUIDITY_ONLY,PASSIVE_TOUCH,0.25,2.5,1329,19.036869826937547,-0.2740014751237935,0.6560153752915092,-0.35882357816743204,0.5842211076588775,-0.40123462968925144,0.5523263645571275,2.4974926002076945,2.4399999999996,0.08808834908327838
OBJECTIVE_LIQUIDITY_ONLY,PASSIVE_TOUCH,0.25,3.0,1329,19.036869826937547,-0.3084714214520875,0.626273486515554,-0.393293524495726,0.5602569571965098,-0.4357045760175454,0.5309349221227179,2.4974926002076945,2.4399999999996,0.08808834908327838
OBJECTIVE_LIQUIDITY_ONLY,PASSIVE_TOUCH,0.5,0.5,1329,68.17155756207674,-0.1861058669928685,0.5970846178196542,-0.2514751502464638,0.4894561999718602,-0.28415979187326135,0.44052727062001296,3.5200872108182035,2.4399999999996,0.062498451550824945
OBJECTIVE_LIQUIDITY_ONLY,PASSIVE_TOUCH,0.5,1.0,1329,68.17155756207674,-0.1829740217285704,0.692929667670457,-0.24834330498216564,0.6090090992185068,-0.2810279466089633,0.5708326263680097,3.5200872108182035,2.4399999999996,0.062498451550824945
OBJECTIVE_LIQUIDITY_ONLY,PASSIVE_TOUCH,0.5,1.5,1329,68.17155756207674,-0.20001198036126194,0.7059608102762284,-0.26538126361485725,0.6340021234279025,-0.2980659052416548,0.6012676849848764,3.5200872108182035,2.4399999999996,0.062498451550824945
OBJECTIVE_LIQUIDITY_ONLY,PASSIVE_TOUCH,0.5,2.0,1329,68.17155756207674,-0.22500840727817228,0.6917730886923442,-0.29037769053176754,0.6269750927269407,-0.3230623321585652,0.5975178227649978,3.5200872108182035,2.4399999999996,0.062498451550824945
OBJECTIVE_LIQUIDITY_ONLY,PASSIVE_TOUCH,0.5,2.5,1329,68.17155756207674,-0.22624485577334905,0.7000992325133328,-0.2916141390269443,0.6376387077502378,-0.3242987806537419,0.6092598399137568,3.5200872108182035,2.4399999999996,0.062498451550824945
OBJECTIVE_LIQUIDITY_ONLY,PASSIVE_TOUCH,0.5,3.0,1329,68.17155756207674,-0.23514202230492903,0.6960087442785248,-0.3005113055585243,0.6358619500656232,-0.3331959471853219,0.6085399333540634,3.5200872108182035,2.4399999999996,0.062498451550824945
OBJECTIVE_LIQUIDITY_ONLY,PASSIVE_TOUCH,0.75,0.5,1329,85.25206922498118,-0.14103619751284283,0.6714356342861642,-0.19003586470201855,0.5791392798830419,-0.2145356982966064,0.5363396103150755,4.960000000000036,2.4399999999996,0.044354838709677095
OBJECTIVE_LIQUIDITY_ONLY,PASSIVE_TOUCH,0.75,1.0,1329,85.25206922498118,-0.15682072218611998,0.7261816871619964,-0.20582038937529573,0.6581595763631564,-0.23032022296988353,0.6265945996267026,4.960000000000036,2.4399999999996,0.044354838709677095
OBJECTIVE_LIQUIDITY_ONLY,PASSIVE_TOUCH,0.75,1.5,1329,85.25206922498118,-0.18915914730644345,0.7077165266957561,-0.2381588144956192,0.6502119463250497,-0.26265864809020706,0.6235823490968978,4.960000000000036,2.4399999999996,0.044354838709677095
OBJECTIVE_LIQUIDITY_ONLY,PASSIVE_TOUCH,0.75,2.0,1329,85.25206922498118,-0.19267320003702518,0.7166075972596391,-0.24167286722620093,0.6622458741778469,-0.26617270082078875,0.6370877905400081,4.960000000000036,2.4399999999996,0.044354838709677095
OBJECTIVE_LIQUIDITY_ONLY,PASSIVE_TOUCH,0.75,2.5,1329,85.25206922498118,-0.1890431267064274,0.7283971173325788,-0.23804279389560312,0.6750886881220545,-0.26254262749019097,0.6504310268350573,4.960000000000036,2.4399999999996,0.044354838709677095
OBJECTIVE_LIQUIDITY_ONLY,PASSIVE_TOUCH,0.75,3.0,1329,85.25206922498118,-0.22042440438108057,0.6896068948003674,-0.26942407157025633,0.6396649036588102,-0.2939239051648442,0.6165801364519866,4.960000000000036,2.4399999999996,0.044354838709677095
OBJECTIVE_LIQUIDITY_ONLY,PASSIVE_TOUCH,1.0,0.5,1329,92.47554552294959,-0.11646058726411457,0.7142556632875439,-0.15491141710857326,0.6352098559491217,-0.17413683203080263,0.5980558827624386,6.449495796451601,2.4399999999996,0.034111193641065726
OBJECTIVE_LIQUIDITY_ONLY,PASSIVE_TOUCH,1.0,1.0,1329,92.47554552294959,-0.14629294896811013,0.7311650075446741,-0.18474377881256884,0.6741190249281006,-0.2039691937347982,0.6473195933918319,6.449495796451601,2.4399999999996,0.034111193641065726
OBJECTIVE_LIQUIDITY_ONLY,PASSIVE_TOUCH,1.0,1.5,1329,92.47554552294959,-0.15148563268482484,0.7452201201425709,-0.18993646252928353,0.6936197186683294,-0.2091618774515129,0.6694067865577331,6.449495796451601,2.4399999999996,0.034111193641065726
OBJECTIVE_LIQUIDITY_ONLY,PASSIVE_TOUCH,1.0,2.0,1329,92.47554552294959,-0.15183812473681282,0.7529398290932396,-0.1902889545812715,0.70314222708748,-0.20951436950350089,0.6797964987956636,6.449495796451601,2.4399999999996,0.034111193641065726
OBJECTIVE_LIQUIDITY_ONLY,PASSIVE_TOUCH,1.0,2.5,1329,92.47554552294959,-0.15987004749562023,0.7439211863134988,-0.19832087734007894,0.6954693160162893,-0.2175462922623083,0.6727603154197903,6.449495796451601,2.4399999999996,0.034111193641065726
OBJECTIVE_LIQUIDITY_ONLY,PASSIVE_TOUCH,1.0,3.0,1329,92.47554552294959,-0.1835636027029156,0.7104403844372731,-0.22201443254737435,0.6643357030711105,-0.24123984746960364,0.642738411319532,6.449495796451601,2.4399999999996,0.034111193641065726
OBJECTIVE_LIQUIDITY_ONLY,TOUCH_NEXT_OPEN,0.25,0.5,2270,5.418502202643172,-0.07896986395227469,0.7907785511526069,-0.1363963268538421,0.659849522669688,-0.16510955830462581,0.5999980550353677,3.974999999999909,3.9557499999984884,0.0553459119496868
OBJECTIVE_LIQUIDITY_ONLY,TOUCH_NEXT_OPEN,0.25,1.0,2270,5.418502202643172,-0.058275456049654964,0.8836192777189675,-0.11570191895122238,0.7824294784836947,-0.14441515040200606,0.7361586236869992,3.974999999999909,3.9557499999984884,0.0553459119496868
OBJECTIVE_LIQUIDITY_ONLY,TOUCH_NEXT_OPEN,0.25,1.5,2270,5.418502202643172,-0.0809704829913893,0.8601330555987926,-0.13839694589295673,0.7750664387707987,-0.16711017734374045,0.7362109750873134,3.974999999999909,3.9557499999984884,0.0553459119496868
OBJECTIVE_LIQUIDITY_ONLY,TOUCH_NEXT_OPEN,0.25,2.0,2270,5.418502202643172,-0.0786322455724608,0.872071010780503,-0.1360587084740282,0.7918063642945229,-0.16477193992481193,0.7551678476562089,3.974999999999909,3.9557499999984884,0.0553459119496868
OBJECTIVE_LIQUIDITY_ONLY,TOUCH_NEXT_OPEN,0.25,2.5,2270,5.418502202643172,-0.07048810717351163,0.888459264983426,-0.12791457007507903,0.8097008390726561,-0.15662780152586273,0.7737697680403284,3.974999999999909,3.9557499999984884,0.0553459119496868
OBJECTIVE_LIQUIDITY_ONLY,TOUCH_NEXT_OPEN,0.25,3.0,2270,5.418502202643172,-0.07870594874460247,0.8779447048566964,-0.13613241164616988,0.801530895965932,-0.1648456430969536,0.7666757510536241,3.974999999999909,3.9557499999984884,0.0553459119496868
OBJECTIVE_LIQUIDITY_ONLY,TOUCH_NEXT_OPEN,0.5,0.5,2270,27.224669603524227,-0.05496991979901439,0.8477943658136116,-0.10634890107309705,0.7208679581664762,-0.13203839171013837,0.6622478138466014,4.282256485723792,3.9557499999984884,0.0513748046232896
OBJECTIVE_LIQUIDITY_ONLY,TOUCH_NEXT_OPEN,0.5,1.0,2270,27.224669603524227,-0.056606535088674206,0.8865487409025423,-0.10798551636275687,0.7948523831542246,-0.1336750069997982,0.7525133448971716,4.282256485723792,3.9557499999984884,0.0513748046232896
OBJECTIVE_LIQUIDITY_ONLY,TOUCH_NEXT_OPEN,0.5,1.5,2270,27.224669603524227,-0.07034800889727486,0.8769371850716534,-0.12172699017135752,0.798328253163543,-0.14741648080839886,0.7620775732754396,4.282256485723792,3.9557499999984884,0.0513748046232896
OBJECTIVE_LIQUIDITY_ONLY,TOUCH_NEXT_OPEN,0.5,2.0,2270,27.224669603524227,-0.04777225022496618,0.9203084525945504,-0.09915123149904885,0.8433966482142697,-0.12484072213609018,0.8079430120436598,4.282256485723792,3.9557499999984884,0.0513748046232896
OBJECTIVE_LIQUIDITY_ONLY,TOUCH_NEXT_OPEN,0.5,2.5,2270,27.224669603524227,-0.042125410222342306,0.931485162348927,-0.09350439149642496,0.8560585506658976,-0.1191938821334663,0.8213067215766282,4.282256485723792,3.9557499999984884,0.0513748046232896
OBJECTIVE_LIQUIDITY_ONLY,TOUCH_NEXT_OPEN,0.5,3.0,2270,27.224669603524227,-0.05444148734508596,0.9132717990743499,-0.10582046861916862,0.8404524549038364,-0.13150995925620992,0.8069099017957126,4.282256485723792,3.9557499999984884,0.0513748046232896
OBJECTIVE_LIQUIDITY_ONLY,TOUCH_NEXT_OPEN,0.75,0.5,2270,51.8942731277533,-0.05460824672354379,0.8483049267068148,-0.09887510172149071,0.7379086601664749,-0.12100852922046415,0.6864258291182724,5.145035957767532,3.9557499999984884,0.04275966491562841
OBJECTIVE_LIQUIDITY_ONLY,TOUCH_NEXT_OPEN,0.75,1.0,2270,51.8942731277533,-0.062277862720611775,0.8739972596807494,-0.1065447177185587,0.7943245648120126,-0.12867814521753215,0.7571866818744569,5.145035957767532,3.9557499999984884,0.04275966491562841
OBJECTIVE_LIQUIDITY_ONLY,TOUCH_NEXT_OPEN,0.75,1.5,2270,51.8942731277533,-0.06465526450280865,0.8830097006307848,-0.10892211950075557,0.8121009977375336,-0.13105554699972904,0.7790884744113505,5.145035957767532,3.9557499999984884,0.04275966491562841
OBJECTIVE_LIQUIDITY_ONLY,TOUCH_NEXT_OPEN,0.75,2.0,2270,51.8942731277533,-0.05714056455721477,0.9012274197517695,-0.10140741955516167,0.8329216431937423,-0.12354084705413516,0.8011309575343709,5.145035957767532,3.9557499999984884,0.04275966491562841
OBJECTIVE_LIQUIDITY_ONLY,TOUCH_NEXT_OPEN,0.75,2.5,2270,51.8942731277533,-0.07239533325398996,0.8780076854809528,-0.11666218825193686,0.8126933775991919,-0.13879561575091034,0.7823177380180192,5.145035957767532,3.9557499999984884,0.04275966491562841
OBJECTIVE_LIQUIDITY_ONLY,TOUCH_NEXT_OPEN,0.75,3.0,2270,51.8942731277533,-0.08143008822666066,0.8645668044967765,-0.12569694322460756,0.8008366680704091,-0.14783037072358104,0.7712048384472829,5.145035957767532,3.9557499999984884,0.04275966491562841
OBJECTIVE_LIQUIDITY_ONLY,TOUCH_NEXT_OPEN,1.0,0.5,2270,68.98678414096916,-0.045634618429748336,0.8694717516656779,-0.08340943179558975,0.7710796002006356,-0.10229683847851048,0.7248236040522842,6.293182478270664,3.9557499999984884,0.034958477718759554
OBJECTIVE_LIQUIDITY_ONLY,TOUCH_NEXT_OPEN,1.0,1.0,2270,68.98678414096916,-0.05015004323007478,0.8934037664566046,-0.08792485659591623,0.8207942972120806,-0.10681226327883693,0.786704908392662,6.293182478270664,3.9557499999984884,0.034958477718759554
OBJECTIVE_LIQUIDITY_ONLY,TOUCH_NEXT_OPEN,1.0,1.5,2270,68.98678414096916,-0.05621523836372826,0.892054314461251,-0.09399005172956969,0.8270775719463267,-0.11287745841249042,0.7966114109720304,6.293182478270664,3.9557499999984884,0.034958477718759554
OBJECTIVE_LIQUIDITY_ONLY,TOUCH_NEXT_OPEN,1.0,2.0,2270,68.98678414096916,-0.06724190179174186,0.8754022628934158,-0.10501671515758328,0.8136088197111981,-0.123904121840504,0.78465233928172,6.293182478270664,3.9557499999984884,0.034958477718759554
OBJECTIVE_LIQUIDITY_ONLY,TOUCH_NEXT_OPEN,1.0,2.5,2270,68.98678414096916,-0.07732187492738511,0.8592147153393522,-0.11509668829322653,0.799349429008736,-0.13398409497614727,0.7713154816763709,6.293182478270664,3.9557499999984884,0.034958477718759554
OBJECTIVE_LIQUIDITY_ONLY,TOUCH_NEXT_OPEN,1.0,3.0,2270,68.98678414096916,-0.08361134998565845,0.8491306355309651,-0.12138616335149986,0.790277884610863,-0.1402735700344206,0.7627178456570188,6.293182478270664,3.9557499999984884,0.034958477718759554
