scenario,target_r,dimension,group,trades,mean_net_R,sum_net_R,pf_net,tp_pct,positive_years,active_years
S10_C6,0.5,direction,LONG,154,0.19400076666692812,29.87611806670693,2.0693184366125053,81.16883116883116,13,15
S10_C6,0.5,direction,SHORT,150,0.05365330973167018,8.047996459750527,1.1970672777033229,70.66666666666667,7,15
S10_C6,0.5,contact_session,ASIA_CME,80,0.11275529933633262,9.02042394690661,1.4929575275835973,73.75,9,15
S10_C6,0.5,contact_session,LONDON,61,0.18469040243883972,11.266114548769222,1.9781549957675977,81.9672131147541,12,15
S10_C6,0.5,contact_session,NY_AM,116,0.1629688099687771,18.904381956378145,1.7900881610910149,80.17241379310344,11,15
S10_C6,0.5,contact_session,NY_PM,39,-0.005077471800493698,-0.19802140021925424,0.983918518942299,66.66666666666666,6,15
S10_C6,0.5,contact_session,TRANSITION,8,-0.13359806567215873,-1.0687845253772699,0.6072624665204048,37.5,4,6
S10_C6,0.5,confirmation_session,ASIA_CME,80,0.11275529933633262,9.02042394690661,1.4929575275835973,73.75,9,15
S10_C6,0.5,confirmation_session,LONDON,61,0.18469040243883972,11.266114548769222,1.9781549957675977,81.9672131147541,12,15
S10_C6,0.5,confirmation_session,NY_AM,116,0.1629688099687771,18.904381956378145,1.7900881610910149,80.17241379310344,11,15
S10_C6,0.5,confirmation_session,NY_PM,39,-0.005077471800493698,-0.19802140021925424,0.983918518942299,66.66666666666666,6,15
S10_C6,0.5,confirmation_session,TRANSITION,8,-0.13359806567215873,-1.0687845253772699,0.6072624665204048,37.5,4,6
S10_C6,0.5,entry_session,ASIA_CME,80,0.11275529933633262,9.02042394690661,1.4929575275835973,73.75,9,15
S10_C6,0.5,entry_session,LONDON,61,0.18469040243883972,11.266114548769222,1.9781549957675977,81.9672131147541,12,15
S10_C6,0.5,entry_session,NY_AM,116,0.1629688099687771,18.904381956378145,1.7900881610910149,80.17241379310344,11,15
S10_C6,0.5,entry_session,NY_PM,39,-0.005077471800493698,-0.19802140021925424,0.983918518942299,66.66666666666666,6,15
S10_C6,0.5,entry_session,TRANSITION,8,-0.13359806567215873,-1.0687845253772699,0.6072624665204048,37.5,4,6
S10_C6,0.5,exit_session,ASIA_CME,82,0.10261950010325122,8.4147990084666,1.4434438806101662,71.95121951219512,9,15
S10_C6,0.5,exit_session,LONDON,59,0.19594469614595125,11.560737072611124,2.1028115714984548,81.35593220338984,12,15
S10_C6,0.5,exit_session,NY_AM,116,0.1504351447966823,17.450476796415145,1.699090647917999,79.3103448275862,11,15
S10_C6,0.5,exit_session,NY_PM,42,0.0522020289390253,2.1924852154390626,1.1863256753883549,71.42857142857143,6,15
S10_C6,0.5,exit_session,TRANSITION,5,-0.33887671329489466,-1.6943835664744733,0.3459527496147436,40.0,2,4
S10_C6,0.5,doz_anchor_source_tf,15min,130,0.1208931190399111,15.716105475188442,1.530870325147208,76.15384615384615,10,15
S10_C6,0.5,doz_anchor_source_tf,1h,75,0.10861298518178529,8.145973888633897,1.4694518245716643,72.0,8,13
S10_C6,0.5,doz_anchor_source_tf,30min,99,0.14204075921853654,14.062035162635118,1.6444055432749685,78.78787878787878,11,15
S10_C6,0.5,doz_anchor_variant,DOZ_BASE,35,0.12440691332665839,4.354241966433044,1.5522897355303045,74.28571428571429,9,14
S10_C6,0.5,doz_anchor_variant,DOZ_BODY,205,0.13699660581162387,28.08430419138289,1.6288380159205678,77.5609756097561,12,15
S10_C6,0.5,doz_anchor_variant,DOZ_LAST,64,0.0857120057600238,5.485568368641523,1.3379141703334367,71.875,9,15
S10_C6,0.5,objective_anchor_variant,ASIA_CME_HIGH,20,-0.03729403500011947,-0.7458807000023894,0.8873135318446551,65.0,5,11
S10_C6,0.5,objective_anchor_variant,ASIA_CME_LOW,30,0.25283072895540903,7.584921868662271,2.7680494302771925,86.66666666666667,11,13
S10_C6,0.5,objective_anchor_variant,LONDON_HIGH,25,0.40381620024137704,10.095405006034426,10.733562532699866,96.0,10,11
S10_C6,0.5,objective_anchor_variant,LONDON_LOW,40,0.17622524448763383,7.0490097795053535,1.9275366940831282,80.0,10,15
S10_C6,0.5,objective_anchor_variant,NY_AM_HIGH,52,-0.02254367466040881,-1.172271082341258,0.9319018610044807,67.3076923076923,7,14
S10_C6,0.5,objective_anchor_variant,NY_AM_LOW,42,0.2499319566864987,10.497142180832945,2.6943407460660427,85.71428571428571,12,14
S10_C6,0.5,objective_anchor_variant,NY_PM_HIGH,25,-0.10759697927351335,-2.6899244818378336,0.7081111899892477,56.00000000000001,5,11
S10_C6,0.5,objective_anchor_variant,NY_PM_LOW,15,0.08082511092268939,1.2123766638403408,1.336409581205102,66.66666666666666,5,8
S10_C6,0.5,objective_anchor_variant,PDH,17,0.002687919811716951,0.04569463679918817,1.0087093582123638,64.70588235294117,6,10
S10_C6,0.5,objective_anchor_variant,PDL,16,0.08688613126224495,1.3901781001959193,1.3367838671238628,75.0,5,8
S10_C6,0.5,objective_anchor_variant,TRANSITION_HIGH,12,0.33111750473935075,3.973410056872209,4.928253393663129,91.66666666666666,7,8
S10_C6,0.5,objective_anchor_variant,TRANSITION_LOW,10,0.06840524978962836,0.6840524978962836,1.2613823715181398,70.0,5,8
S10_C6,0.5,doz_tradable_age_bucket,1-3d,73,0.15265218608874945,11.14360958447871,1.7160295557075964,79.45205479452055,13,15
S10_C6,0.5,doz_tradable_age_bucket,1-4h,14,0.24894590402919528,3.485242656408734,2.688358410380524,85.71428571428571,7,9
S10_C6,0.5,doz_tradable_age_bucket,12-24h,33,0.201649014194921,6.654417468432394,2.154073566253122,81.81818181818183,8,12
S10_C6,0.5,doz_tradable_age_bucket,3-7d,37,0.12054425767987437,4.4601375341553515,1.5318887370214858,75.67567567567568,7,13
S10_C6,0.5,doz_tradable_age_bucket,4-12h,60,0.06287088091757345,3.772252855054407,1.2442567101849578,70.0,7,15
S10_C6,0.5,doz_tradable_age_bucket,7-30d,42,0.2069497202475215,8.691888250395904,2.1920241105353386,80.95238095238095,12,15
S10_C6,0.5,doz_tradable_age_bucket,<1h,7,-0.08796562194639138,-0.6157593536247397,0.7580006241626381,57.14285714285714,4,7
S10_C6,0.5,doz_tradable_age_bucket,>=30d,38,0.008745408714649919,0.3323255311566969,1.028356824347067,68.42105263157895,10,15
S10_C6,1.0,direction,LONG,154,0.35033259940164796,53.95122030785379,2.1767614821650225,66.88311688311688,14,15
S10_C6,1.0,direction,SHORT,150,0.19459437981771416,29.189156972657123,1.5312368755962296,56.666666666666664,9,15
S10_C6,1.0,contact_session,ASIA_CME,80,0.3155129933565908,25.241039468527262,2.1007522293828793,60.0,12,15
S10_C6,1.0,contact_session,LONDON,61,0.2635859832756498,16.078744979814637,1.7633737027419232,62.295081967213115,11,15
S10_C6,1.0,contact_session,NY_AM,116,0.30521018927911936,35.40438195637785,1.8956401632489739,67.24137931034483,13,15
S10_C6,1.0,contact_session,NY_PM,39,0.182688603616118,7.124855541028602,1.4952119588455213,56.41025641025641,7,15
S10_C6,1.0,contact_session,TRANSITION,8,-0.0885805831546794,-0.7086446652374352,0.7541315062990397,25.0,3,6
S10_C6,1.0,confirmation_session,ASIA_CME,80,0.3155129933565908,25.241039468527262,2.1007522293828793,60.0,12,15
S10_C6,1.0,confirmation_session,LONDON,61,0.2635859832756498,16.078744979814637,1.7633737027419232,62.295081967213115,11,15
S10_C6,1.0,confirmation_session,NY_AM,116,0.30521018927911936,35.40438195637785,1.8956401632489739,67.24137931034483,13,15
S10_C6,1.0,confirmation_session,NY_PM,39,0.182688603616118,7.124855541028602,1.4952119588455213,56.41025641025641,7,15
S10_C6,1.0,confirmation_session,TRANSITION,8,-0.0885805831546794,-0.7086446652374352,0.7541315062990397,25.0,3,6
S10_C6,1.0,entry_session,ASIA_CME,80,0.3155129933565908,25.241039468527262,2.1007522293828793,60.0,12,15
S10_C6,1.0,entry_session,LONDON,61,0.2635859832756498,16.078744979814637,1.7633737027419232,62.295081967213115,11,15
S10_C6,1.0,entry_session,NY_AM,116,0.30521018927911936,35.40438195637785,1.8956401632489739,67.24137931034483,13,15
S10_C6,1.0,entry_session,NY_PM,39,0.182688603616118,7.124855541028602,1.4952119588455213,56.41025641025641,7,15
S10_C6,1.0,entry_session,TRANSITION,8,-0.0885805831546794,-0.7086446652374352,0.7541315062990397,25.0,3,6
S10_C6,1.0,exit_session,ASIA_CME,80,0.29408828018714245,23.527062414971397,2.0060880351071075,58.75,13,15
S10_C6,1.0,exit_session,LONDON,58,0.3201179454564281,18.566840836472828,2.0233970207947616,65.51724137931035,12,15
S10_C6,1.0,exit_session,NY_AM,115,0.24656902034458508,28.355437339627283,1.6782667443433432,62.60869565217392,12,15
S10_C6,1.0,exit_session,NY_PM,45,0.3126335646489146,14.068510409201158,1.946135221865883,66.66666666666666,8,15
S10_C6,1.0,exit_session,TRANSITION,6,-0.22957895329362524,-1.3774737197617515,0.4682827922117375,16.666666666666664,3,5
S10_C6,1.0,doz_anchor_source_tf,15min,130,0.291311336000087,37.870473680011315,1.9164406449935845,62.30769230769231,12,15
S10_C6,1.0,doz_anchor_source_tf,1h,75,0.17914820855916325,13.436115641937244,1.492232470313991,54.666666666666664,9,13
S10_C6,1.0,doz_anchor_source_tf,30min,99,0.321553413722852,31.83378795856235,1.9894523100446726,66.66666666666666,10,15
S10_C6,1.0,doz_anchor_variant,DOZ_BASE,35,0.11342457095018739,3.9698599832565584,1.281926916201723,51.42857142857142,7,14
S10_C6,1.0,doz_anchor_variant,DOZ_BODY,205,0.3168644296144174,64.95720807095557,2.0038515259272027,65.3658536585366,14,15
S10_C6,1.0,doz_anchor_variant,DOZ_LAST,64,0.22208295666091826,14.213309226298769,1.645950772915091,56.25,10,15
S10_C6,1.0,objective_anchor_variant,ASIA_CME_HIGH,20,0.13028525142210184,2.605705028442037,1.3321756466845858,55.00000000000001,6,11
S10_C6,1.0,objective_anchor_variant,ASIA_CME_LOW,30,0.4194973956220901,12.584921868662702,2.481360924571115,73.33333333333333,10,13
S10_C6,1.0,objective_anchor_variant,LONDON_HIGH,25,0.36729184666349524,9.182296166587381,2.268143243422918,68.0,9,11
S10_C6,1.0,objective_anchor_variant,LONDON_LOW,40,0.3816895253048626,15.267581012194505,2.4076439636115152,67.5,9,15
S10_C6,1.0,objective_anchor_variant,NY_AM_HIGH,52,0.16778745169271386,8.72494748802112,1.429283065067503,55.769230769230774,8,14
S10_C6,1.0,objective_anchor_variant,NY_AM_LOW,42,0.3745982847982627,15.733127961527034,2.2664877700784465,69.04761904761905,10,14
S10_C6,1.0,objective_anchor_variant,NY_PM_HIGH,25,-0.04098540902556516,-1.0246352256391291,0.9125211332980246,44.0,5,11
S10_C6,1.0,objective_anchor_variant,NY_PM_LOW,15,0.4141584442560214,6.21237666384032,2.7238067129656436,66.66666666666666,6,8
S10_C6,1.0,objective_anchor_variant,PDH,17,0.3033613869339453,5.15714357787707,1.9829471009849853,58.82352941176471,6,10
S10_C6,1.0,objective_anchor_variant,PDL,16,-0.10365100861975786,-1.6584161379161257,0.8015386417662276,43.75,3,8
S10_C6,1.0,objective_anchor_variant,TRANSITION_HIGH,12,0.5142730315848265,6.171276379017918,3.96399069223991,66.66666666666666,7,8
S10_C6,1.0,objective_anchor_variant,TRANSITION_LOW,10,0.41840524978960747,4.184052497896075,2.5987626210266255,70.0,5,8
S10_C6,1.0,doz_tradable_age_bucket,1-3d,73,0.21856376995215412,15.955155206507252,1.5838961377227405,61.64383561643836,12,15
S10_C6,1.0,doz_tradable_age_bucket,1-4h,14,0.5009978223341979,7.01396951267877,3.253984813769323,71.42857142857143,7,9
S10_C6,1.0,doz_tradable_age_bucket,12-24h,33,0.4429530950895238,14.617452137954285,2.8230656530565255,69.6969696969697,10,12
S10_C6,1.0,doz_tradable_age_bucket,3-7d,37,0.3194207812622945,11.818568906704897,2.0296372832173244,64.86486486486487,8,13
S10_C6,1.0,doz_tradable_age_bucket,4-12h,60,0.2112254648657846,12.673527891947076,1.6035322628337418,58.333333333333336,7,15
S10_C6,1.0,doz_tradable_age_bucket,7-30d,42,0.4401546069215621,18.48649349070561,2.7806619343043772,69.04761904761905,10,15
S10_C6,1.0,doz_tradable_age_bucket,<1h,7,-0.20665998396419544,-1.4466198877493681,0.5932388945562821,28.57142857142857,3,7
S10_C6,1.0,doz_tradable_age_bucket,>=30d,38,0.10583763215164192,4.021830021762393,1.2525941522580477,52.63157894736842,9,15
S10_C6,1.5,direction,LONG,154,0.36706863176111637,56.52856929121192,1.887536717710384,51.298701298701296,13,15
S10_C6,1.5,direction,SHORT,150,0.2034035890885888,30.51053836328832,1.4504428015885977,42.0,10,15
S10_C6,1.5,contact_session,ASIA_CME,80,0.3380931650833368,27.047453206666944,1.8962749078816996,43.75,11,15
S10_C6,1.5,contact_session,LONDON,61,0.1814077492417361,11.065872703745903,1.3769765059448686,42.62295081967213,10,15
S10_C6,1.5,contact_session,NY_AM,116,0.34353865188052096,39.85048361814043,1.759297836846214,54.310344827586206,12,15
S10_C6,1.5,contact_session,NY_PM,39,0.27602790651099746,10.7650883539289,1.6512999263711055,46.15384615384615,8,15
S10_C6,1.5,contact_session,TRANSITION,8,-0.2112237784977426,-1.6897902279819408,0.41371720072807183,0.0,3,6
S10_C6,1.5,confirmation_session,ASIA_CME,80,0.3380931650833368,27.047453206666944,1.8962749078816996,43.75,11,15
S10_C6,1.5,confirmation_session,LONDON,61,0.1814077492417361,11.065872703745903,1.3769765059448686,42.62295081967213,10,15
S10_C6,1.5,confirmation_session,NY_AM,116,0.34353865188052096,39.85048361814043,1.759297836846214,54.310344827586206,12,15
S10_C6,1.5,confirmation_session,NY_PM,39,0.27602790651099746,10.7650883539289,1.6512999263711055,46.15384615384615,8,15
S10_C6,1.5,confirmation_session,TRANSITION,8,-0.2112237784977426,-1.6897902279819408,0.41371720072807183,0.0,3,6
S10_C6,1.5,entry_session,ASIA_CME,80,0.3380931650833368,27.047453206666944,1.8962749078816996,43.75,11,15
S10_C6,1.5,entry_session,LONDON,61,0.1814077492417361,11.065872703745903,1.3769765059448686,42.62295081967213,10,15
S10_C6,1.5,entry_session,NY_AM,116,0.34353865188052096,39.85048361814043,1.759297836846214,54.310344827586206,12,15
S10_C6,1.5,entry_session,NY_PM,39,0.27602790651099746,10.7650883539289,1.6512999263711055,46.15384615384615,8,15
S10_C6,1.5,entry_session,TRANSITION,8,-0.2112237784977426,-1.6897902279819408,0.41371720072807183,0.0,3,6
S10_C6,1.5,exit_session,ASIA_CME,81,0.31547793465131535,25.553712706756542,1.834226947550728,41.9753086419753,10,15
S10_C6,1.5,exit_session,LONDON,51,0.19513745099755986,9.952010000875553,1.4265461403057165,43.13725490196079,10,14
S10_C6,1.5,exit_session,NY_AM,119,0.31143812670655163,37.061137078079646,1.6810270806141685,51.26050420168067,11,15
S10_C6,1.5,exit_session,NY_PM,46,0.352402233352533,16.21050273421652,1.7925826086859478,54.347826086956516,8,15
S10_C6,1.5,exit_session,TRANSITION,7,-0.2483221236325739,-1.7382548654280172,0.32901803481985287,0.0,4,6
S10_C6,1.5,doz_anchor_source_tf,15min,130,0.26181111427938253,34.03544485631973,1.5861868916118522,46.15384615384615,11,15
S10_C6,1.5,doz_anchor_source_tf,1h,75,0.23047389511335137,17.28554213350135,1.5638087408197372,41.333333333333336,8,13
S10_C6,1.5,doz_anchor_source_tf,30min,99,0.36078909762302175,35.718120664679155,1.8363899381222069,51.515151515151516,11,15
S10_C6,1.5,doz_anchor_variant,DOZ_BASE,35,-0.01823943273861793,-0.6383801458516276,0.9628472779066705,28.57142857142857,8,14
S10_C6,1.5,doz_anchor_variant,DOZ_BODY,205,0.3831836877011294,78.55265597873154,1.929426920904822,52.6829268292683,14,15
S10_C6,1.5,doz_anchor_variant,DOZ_LAST,64,0.1425754972128176,9.124831821620326,1.3069628491522463,37.5,10,15
S10_C6,1.5,objective_anchor_variant,ASIA_CME_HIGH,20,0.11427226607993683,2.2854453215987367,1.2302089213070637,40.0,5,11
S10_C6,1.5,objective_anchor_variant,ASIA_CME_LOW,30,0.3484982352526596,10.454947057579789,1.760230518790549,53.333333333333336,10,13
S10_C6,1.5,objective_anchor_variant,LONDON_HIGH,25,0.6236453365020385,15.591133412550962,3.1532512277677953,60.0,10,11
S10_C6,1.5,objective_anchor_variant,LONDON_LOW,40,0.40668952530487135,16.267581012194853,2.016163108562301,55.00000000000001,8,15
S10_C6,1.5,objective_anchor_variant,NY_AM_HIGH,52,0.15582918124492018,8.10311742473585,1.3174158096605901,42.30769230769231,10,14
S10_C6,1.5,objective_anchor_variant,NY_AM_LOW,42,0.39234473631244865,16.478478925122843,1.996264782109565,50.0,10,14
S10_C6,1.5,objective_anchor_variant,NY_PM_HIGH,25,-0.08899571259269902,-2.2248928148174754,0.829785433339568,28.000000000000004,5,11
S10_C6,1.5,objective_anchor_variant,NY_PM_LOW,15,0.7474917775893533,11.212376663840299,4.111203844726186,66.66666666666666,6,8
S10_C6,1.5,objective_anchor_variant,PDH,17,0.24234352429150494,4.119839912955584,1.5618654645441352,41.17647058823529,5,10
S10_C6,1.5,objective_anchor_variant,PDL,16,-0.16852770669194475,-2.696443307071116,0.718692550895794,25.0,4,8
S10_C6,1.5,objective_anchor_variant,TRANSITION_HIGH,12,0.3969559623261641,4.763471547913969,2.1506752167988514,41.66666666666667,6,8
S10_C6,1.5,objective_anchor_variant,TRANSITION_LOW,10,0.2684052497895949,2.6840524978959492,1.571648863036012,50.0,4,8
S10_C6,1.5,doz_tradable_age_bucket,1-3d,73,0.2919896815530691,21.315246753374044,1.6506175335161961,47.94520547945205,11,15
S10_C6,1.5,doz_tradable_age_bucket,1-4h,14,0.2430692936062562,3.402970110487587,1.5476861393976733,42.857142857142854,4,9
S10_C6,1.5,doz_tradable_age_bucket,12-24h,33,0.4456218564821205,14.705521263909976,2.2095797300604385,54.54545454545454,9,12
S10_C6,1.5,doz_tradable_age_bucket,3-7d,37,0.35410680462266997,13.101951771038788,1.9538877270436905,45.94594594594595,10,13
S10_C6,1.5,doz_tradable_age_bucket,4-12h,60,0.1343230417362239,8.059382504173433,1.274009235128607,41.66666666666667,9,15
S10_C6,1.5,doz_tradable_age_bucket,7-30d,42,0.494919760681124,20.786629948607207,2.4281683065107242,54.761904761904766,10,15
S10_C6,1.5,doz_tradable_age_bucket,<1h,7,-0.12206067412189905,-0.8544247188532934,0.7597525472293125,14.285714285714285,3,7
S10_C6,1.5,doz_tradable_age_bucket,>=30d,38,0.17162710583585525,6.521830021762499,1.3426358365503355,44.73684210526316,9,15
S10_C6,2.0,direction,LONG,154,0.4149412792963574,63.900957011639036,1.9100687198934512,37.66233766233766,11,15
S10_C6,2.0,direction,SHORT,150,0.18164258449034695,27.246387673552043,1.3645587649620208,29.333333333333332,8,15
S10_C6,2.0,contact_session,ASIA_CME,80,0.3365469499794821,26.923755998358565,1.8462994106846387,27.500000000000004,10,15
S10_C6,2.0,contact_session,LONDON,61,0.08435940151536128,5.1459234924370385,1.1523160679414701,26.229508196721312,8,15
S10_C6,2.0,contact_session,NY_AM,116,0.4065141957114098,47.15564670252353,1.814264800067287,42.241379310344826,12,15
S10_C6,2.0,contact_session,NY_PM,39,0.34902073640650993,13.611808719853887,1.7333413640439208,38.46153846153847,7,15
S10_C6,2.0,contact_session,TRANSITION,8,-0.2112237784977426,-1.6897902279819408,0.41371720072807183,0.0,3,6
S10_C6,2.0,confirmation_session,ASIA_CME,80,0.3365469499794821,26.923755998358565,1.8462994106846387,27.500000000000004,10,15
S10_C6,2.0,confirmation_session,LONDON,61,0.08435940151536128,5.1459234924370385,1.1523160679414701,26.229508196721312,8,15
S10_C6,2.0,confirmation_session,NY_AM,116,0.4065141957114098,47.15564670252353,1.814264800067287,42.241379310344826,12,15
S10_C6,2.0,confirmation_session,NY_PM,39,0.34902073640650993,13.611808719853887,1.7333413640439208,38.46153846153847,7,15
S10_C6,2.0,confirmation_session,TRANSITION,8,-0.2112237784977426,-1.6897902279819408,0.41371720072807183,0.0,3,6
S10_C6,2.0,entry_session,ASIA_CME,80,0.3365469499794821,26.923755998358565,1.8462994106846387,27.500000000000004,10,15
S10_C6,2.0,entry_session,LONDON,61,0.08435940151536128,5.1459234924370385,1.1523160679414701,26.229508196721312,8,15
S10_C6,2.0,entry_session,NY_AM,116,0.4065141957114098,47.15564670252353,1.814264800067287,42.241379310344826,12,15
S10_C6,2.0,entry_session,NY_PM,39,0.34902073640650993,13.611808719853887,1.7333413640439208,38.46153846153847,7,15
S10_C6,2.0,entry_session,TRANSITION,8,-0.2112237784977426,-1.6897902279819408,0.41371720072807183,0.0,3,6
S10_C6,2.0,exit_session,ASIA_CME,80,0.34150815697798514,27.320652558238812,1.8583215622567988,27.500000000000004,10,15
S10_C6,2.0,exit_session,LONDON,51,0.00829404653240142,0.4229963731524724,1.0150104649032052,23.52941176470588,7,14
S10_C6,2.0,exit_session,NY_AM,116,0.38764680196374746,44.9670290277947,1.7812610365060888,42.241379310344826,11,15
S10_C6,2.0,exit_session,NY_PM,50,0.40349843182866235,20.17492159143312,1.813652659944336,38.0,8,15
S10_C6,2.0,exit_session,TRANSITION,7,-0.2483221236325739,-1.7382548654280172,0.32901803481985287,0.0,4,6
S10_C6,2.0,doz_anchor_source_tf,15min,130,0.32237709087441024,41.909021813673334,1.681716397239205,35.38461538461539,11,15
S10_C6,2.0,doz_anchor_source_tf,1h,75,0.28775159172079806,21.581369379059854,1.6537242347597387,29.333333333333332,9,13
S10_C6,2.0,doz_anchor_source_tf,30min,99,0.27936316659048366,27.656953492457884,1.5480442719631389,34.34343434343434,12,15
S10_C6,2.0,doz_anchor_variant,DOZ_BASE,35,-0.1417279899312743,-4.9604796475946005,0.7308515219621001,14.285714285714285,6,14
S10_C6,2.0,doz_anchor_variant,DOZ_BODY,205,0.4263715863778456,87.40617520745835,1.9274569239714694,38.53658536585366,13,15
S10_C6,2.0,doz_anchor_variant,DOZ_LAST,64,0.13596326758323923,8.701649125327311,1.2695644581909722,28.125,8,15
S10_C6,2.0,objective_anchor_variant,ASIA_CME_HIGH,20,-0.0489086985840642,-0.9781739716812841,0.9189365798419302,25.0,3,11
S10_C6,2.0,objective_anchor_variant,ASIA_CME_LOW,30,0.31568266776972886,9.470480033091865,1.5867185557017833,40.0,9,13
S10_C6,2.0,objective_anchor_variant,LONDON_HIGH,25,0.20167535120795757,5.04188378019894,1.4269063005555938,28.000000000000004,6,11
S10_C6,2.0,objective_anchor_variant,LONDON_LOW,40,0.5564245294169679,22.256981176678714,2.3042725695935022,50.0,7,15
S10_C6,2.0,objective_anchor_variant,NY_AM_HIGH,52,0.26045418229641043,13.543617479413342,1.5244742944171454,32.69230769230769,9,14
S10_C6,2.0,objective_anchor_variant,NY_AM_LOW,42,0.44834734058294873,18.830588304483847,2.012228840212335,35.714285714285715,10,14
S10_C6,2.0,objective_anchor_variant,NY_PM_HIGH,25,0.051004287407289774,1.2751071851822444,1.097551583395807,28.000000000000004,5,11
S10_C6,2.0,objective_anchor_variant,NY_PM_LOW,15,0.9385335519898024,14.078003279847035,4.906356274275072,46.666666666666664,6,8
S10_C6,2.0,objective_anchor_variant,PDH,17,0.33130845478965587,5.63224373142415,1.7681277203589592,35.294117647058826,5,10
S10_C6,2.0,objective_anchor_variant,PDL,16,-0.08315015906571824,-1.3304025450514918,0.8612052605561019,18.75,4,8
S10_C6,2.0,objective_anchor_variant,TRANSITION_HIGH,12,0.1966071592219938,2.3592859106639255,1.4575853458977037,16.666666666666664,5,8
S10_C6,2.0,objective_anchor_variant,TRANSITION_LOW,10,0.09677303209397874,0.9677303209397874,1.206106973736305,10.0,4,8
S10_C6,2.0,doz_tradable_age_bucket,1-3d,73,0.4022626281875997,29.36517185769478,1.8629211073977736,39.726027397260275,11,15
S10_C6,2.0,doz_tradable_age_bucket,1-4h,14,0.18163236868494476,2.5428531615892265,1.4092558517730924,14.285714285714285,4,9
S10_C6,2.0,doz_tradable_age_bucket,12-24h,33,0.4016834676590406,13.25555443274834,1.9203751931766906,33.33333333333333,8,12
S10_C6,2.0,doz_tradable_age_bucket,3-7d,37,0.44356649604774956,16.411960353766734,2.0890918665004006,40.54054054054054,9,13
S10_C6,2.0,doz_tradable_age_bucket,4-12h,60,0.009862645813488965,0.5917587488093379,1.016591885578559,28.333333333333332,6,15
S10_C6,2.0,doz_tradable_age_bucket,7-30d,42,0.6602029015483342,27.728521865030036,2.9051186369283957,40.476190476190474,10,15
S10_C6,2.0,doz_tradable_age_bucket,<1h,7,-0.050632102693320045,-0.35442471885324034,0.9003427288272562,14.285714285714285,3,7
S10_C6,2.0,doz_tradable_age_bucket,>=30d,38,0.04226181537910183,1.6059489844058694,1.0748285219590559,26.31578947368421,8,15
S10_C6,2.5,direction,LONG,154,0.32410322160483357,49.91189612714437,1.6244713575478682,26.623376623376622,10,15
S10_C6,2.5,direction,SHORT,150,0.2459556380602514,36.89334570903771,1.4803894560075013,24.666666666666668,9,15
S10_C6,2.5,contact_session,ASIA_CME,80,0.2755529827273425,22.0442386181874,1.6498582872365335,15.0,9,15
S10_C6,2.5,contact_session,LONDON,61,0.10075284413831326,6.145923492437109,1.1715044911443195,22.950819672131146,7,15
S10_C6,2.5,contact_session,NY_AM,116,0.4632828930135345,53.74081558957,1.865996399193934,36.206896551724135,12,15
S10_C6,2.5,contact_session,NY_PM,39,0.16830908625562888,6.564054363969526,1.2979643069598494,25.64102564102564,7,15
S10_C6,2.5,contact_session,TRANSITION,8,-0.2112237784977426,-1.6897902279819408,0.41371720072807183,0.0,3,6
S10_C6,2.5,confirmation_session,ASIA_CME,80,0.2755529827273425,22.0442386181874,1.6498582872365335,15.0,9,15
S10_C6,2.5,confirmation_session,LONDON,61,0.10075284413831326,6.145923492437109,1.1715044911443195,22.950819672131146,7,15
S10_C6,2.5,confirmation_session,NY_AM,116,0.4632828930135345,53.74081558957,1.865996399193934,36.206896551724135,12,15
S10_C6,2.5,confirmation_session,NY_PM,39,0.16830908625562888,6.564054363969526,1.2979643069598494,25.64102564102564,7,15
S10_C6,2.5,confirmation_session,TRANSITION,8,-0.2112237784977426,-1.6897902279819408,0.41371720072807183,0.0,3,6
S10_C6,2.5,entry_session,ASIA_CME,80,0.2755529827273425,22.0442386181874,1.6498582872365335,15.0,9,15
S10_C6,2.5,entry_session,LONDON,61,0.10075284413831326,6.145923492437109,1.1715044911443195,22.950819672131146,7,15
S10_C6,2.5,entry_session,NY_AM,116,0.4632828930135345,53.74081558957,1.865996399193934,36.206896551724135,12,15
S10_C6,2.5,entry_session,NY_PM,39,0.16830908625562888,6.564054363969526,1.2979643069598494,25.64102564102564,7,15
S10_C6,2.5,entry_session,TRANSITION,8,-0.2112237784977426,-1.6897902279819408,0.41371720072807183,0.0,3,6
S10_C6,2.5,exit_session,ASIA_CME,80,0.2805141897258455,22.441135178067643,1.6612309863851886,15.0,9,15
S10_C6,2.5,exit_session,LONDON,49,-0.11202029567299442,-5.4889944879767265,0.8184312317766784,16.3265306122449,6,14
S10_C6,2.5,exit_session,NY_AM,117,0.47999584620388447,56.15951400585448,1.9101780315101988,37.60683760683761,11,15
S10_C6,2.5,exit_session,NY_PM,50,0.2846340766666751,14.231703833333757,1.5035309940240935,28.000000000000004,8,15
S10_C6,2.5,exit_session,TRANSITION,8,-0.06726458663713389,-0.5381166930970711,0.7922821311122243,0.0,5,7
S10_C6,2.5,doz_anchor_source_tf,15min,130,0.3303095451367739,42.94024086778061,1.6536738844157437,26.923076923076923,9,15
S10_C6,2.5,doz_anchor_source_tf,1h,75,0.22951245095411474,17.213433821558606,1.473219419629413,21.333333333333336,9,13
S10_C6,2.5,doz_anchor_source_tf,30min,99,0.2692077489580087,26.65156714684286,1.4875909649649688,27.27272727272727,11,15
S10_C6,2.5,doz_anchor_variant,DOZ_BASE,35,-0.27029941850270284,-9.4604796475946,0.5386609745305148,8.571428571428571,4,14
S10_C6,2.5,doz_anchor_variant,DOZ_BODY,205,0.426601523942205,87.45331240815203,1.8497996931701495,30.24390243902439,12,15
S10_C6,2.5,doz_anchor_variant,DOZ_LAST,64,0.13769389180663505,8.812409075624643,1.264570213889242,20.3125,8,15
S10_C6,2.5,objective_anchor_variant,ASIA_CME_HIGH,20,0.01572288036329996,0.31445760726599925,1.0260597908732851,20.0,4,11
S10_C6,2.5,objective_anchor_variant,ASIA_CME_LOW,30,0.16568266776972934,4.970480033091881,1.2586791764048164,30.0,8,13
S10_C6,2.5,objective_anchor_variant,LONDON_HIGH,25,0.06167535120795928,1.541883780198982,1.1111578319295212,20.0,6,11
S10_C6,2.5,objective_anchor_variant,LONDON_LOW,40,0.4335065446059829,17.340261784239317,1.8141885270446803,37.5,10,15
S10_C6,2.5,objective_anchor_variant,NY_AM_HIGH,52,0.38337043053903785,19.93526238802997,1.771989661615544,30.76923076923077,10,14
S10_C6,2.5,objective_anchor_variant,NY_AM_LOW,42,0.35489970531613413,14.905787623277632,1.7095336926195746,23.809523809523807,9,14
S10_C6,2.5,objective_anchor_variant,NY_PM_HIGH,25,0.13483386337375639,3.37084658434391,1.2578853178057323,20.0,6,11
S10_C6,2.5,objective_anchor_variant,NY_PM_LOW,15,0.9659557551114034,14.48933632667105,5.020492732147464,33.33333333333333,6,8
S10_C6,2.5,objective_anchor_variant,PDH,17,0.5077790430249421,8.632243731424017,2.1772689562433114,35.294117647058826,6,10
S10_C6,2.5,objective_anchor_variant,PDL,16,-0.0491413329592266,-0.7862613273476255,0.9179729951134424,12.5,4,8
S10_C6,2.5,objective_anchor_variant,TRANSITION_HIGH,12,0.22718567161867567,2.726228059424108,1.5287540623749811,8.333333333333332,5,8
S10_C6,2.5,objective_anchor_variant,TRANSITION_LOW,10,-0.06352847544371623,-0.6352847544371623,0.8646972039992513,0.0,4,8
S10_C6,2.5,doz_tradable_age_bucket,1-3d,73,0.45423719030559406,33.159314892308366,1.945277507652746,31.506849315068493,11,15
S10_C6,2.5,doz_tradable_age_bucket,1-4h,14,0.253060940113529,3.542853161589406,1.5701994162522104,14.285714285714285,4,9
S10_C6,2.5,doz_tradable_age_bucket,12-24h,33,0.504622404768825,16.652539357371225,2.156238632316886,30.303030303030305,9,12
S10_C6,2.5,doz_tradable_age_bucket,3-7d,37,0.5124413264630702,18.960329079133597,2.177083665870457,32.432432432432435,9,13
S10_C6,2.5,doz_tradable_age_bucket,4-12h,60,0.01573661543104732,0.9441969258628391,1.0249880348039615,21.666666666666668,8,15
S10_C6,2.5,doz_tradable_age_bucket,7-30d,42,0.5064919781603379,21.27266308273419,2.135740739596189,28.57142857142857,10,15
S10_C6,2.5,doz_tradable_age_bucket,<1h,7,-0.47920353126474863,-3.3544247188532403,0.26830035291947313,0.0,2,7
S10_C6,2.5,doz_tradable_age_bucket,>=30d,38,-0.11505868273590276,-4.372229943964305,0.8164652880751592,15.789473684210526,6,15
S10_C6,3.0,direction,LONG,154,0.37601406417467625,57.90616588290015,1.7064463049723668,22.727272727272727,12,15
S10_C6,3.0,direction,SHORT,150,0.2588147972955646,38.82221959433469,1.4918268207115546,19.333333333333332,7,15
S10_C6,3.0,contact_session,ASIA_CME,80,0.293306918461657,23.46455347693256,1.6716291743567324,12.5,9,15
S10_C6,3.0,contact_session,LONDON,61,0.14993317200716463,9.145923492437042,1.2479625755100325,21.311475409836063,6,15
S10_C6,3.0,contact_session,NY_AM,116,0.5094947818622108,59.10139469601644,1.9210121805507172,29.310344827586203,12,15
S10_C6,3.0,contact_session,NY_PM,39,0.1719565138418137,6.7063040398307345,1.3044214938953969,17.94871794871795,8,15
S10_C6,3.0,contact_session,TRANSITION,8,-0.2112237784977426,-1.6897902279819408,0.41371720072807183,0.0,3,6
S10_C6,3.0,confirmation_session,ASIA_CME,80,0.293306918461657,23.46455347693256,1.6716291743567324,12.5,9,15
S10_C6,3.0,confirmation_session,LONDON,61,0.14993317200716463,9.145923492437042,1.2479625755100325,21.311475409836063,6,15
S10_C6,3.0,confirmation_session,NY_AM,116,0.5094947818622108,59.10139469601644,1.9210121805507172,29.310344827586203,12,15
S10_C6,3.0,confirmation_session,NY_PM,39,0.1719565138418137,6.7063040398307345,1.3044214938953969,17.94871794871795,8,15
S10_C6,3.0,confirmation_session,TRANSITION,8,-0.2112237784977426,-1.6897902279819408,0.41371720072807183,0.0,3,6
S10_C6,3.0,entry_session,ASIA_CME,80,0.293306918461657,23.46455347693256,1.6716291743567324,12.5,9,15
S10_C6,3.0,entry_session,LONDON,61,0.14993317200716463,9.145923492437042,1.2479625755100325,21.311475409836063,6,15
S10_C6,3.0,entry_session,NY_AM,116,0.5094947818622108,59.10139469601644,1.9210121805507172,29.310344827586203,12,15
S10_C6,3.0,entry_session,NY_PM,39,0.1719565138418137,6.7063040398307345,1.3044214938953969,17.94871794871795,8,15
S10_C6,3.0,entry_session,TRANSITION,8,-0.2112237784977426,-1.6897902279819408,0.41371720072807183,0.0,3,6
S10_C6,3.0,exit_session,ASIA_CME,79,0.27173435416477276,21.46701397901705,1.614157791710596,12.658227848101266,9,15
S10_C6,3.0,exit_session,LONDON,50,0.01810883139638181,0.9054415698190905,1.029950824488957,16.0,7,14
S10_C6,3.0,exit_session,NY_AM,116,0.5762060616957865,66.83990315671123,2.0651672145178073,32.758620689655174,11,15
S10_C6,3.0,exit_session,NY_PM,51,0.15792438166244213,8.054143464784548,1.2651375327906487,15.686274509803921,7,15
S10_C6,3.0,exit_session,TRANSITION,8,-0.06726458663713389,-0.5381166930970711,0.7922821311122243,0.0,5,7
S10_C6,3.0,doz_anchor_source_tf,15min,130,0.2965937161664719,38.55718310164135,1.5518564660925669,20.0,10,15
S10_C6,3.0,doz_anchor_source_tf,1h,75,0.283023906537851,21.226792990338822,1.5835518214210849,17.333333333333336,9,13
S10_C6,3.0,doz_anchor_source_tf,30min,99,0.3731758523763096,36.94440938525465,1.6758987238148608,25.252525252525253,12,15
S10_C6,3.0,doz_anchor_variant,DOZ_BASE,35,-0.22744227564556002,-7.9604796475946005,0.6118082740313573,8.571428571428571,4,14
S10_C6,3.0,doz_anchor_variant,DOZ_BODY,205,0.4456714987354737,91.36265724077211,1.853154782192748,24.390243902439025,11,15
S10_C6,3.0,doz_anchor_variant,DOZ_LAST,64,0.20822199818839535,13.326207884057302,1.4000855657018658,17.1875,8,15
S10_C6,3.0,objective_anchor_variant,ASIA_CME_HIGH,20,0.11572288036330683,2.3144576072661365,1.1918041727622122,20.0,4,11
S10_C6,3.0,objective_anchor_variant,ASIA_CME_LOW,30,0.31568266776972886,9.470480033091865,1.4928731146304508,30.0,8,13
S10_C6,3.0,objective_anchor_variant,LONDON_HIGH,25,-0.2747940033424204,-6.869850083560509,0.5708229708211296,4.0,3,11
S10_C6,3.0,objective_anchor_variant,LONDON_LOW,40,0.4506268202448463,18.02507280979385,1.8078369631088935,30.0,9,15
S10_C6,3.0,objective_anchor_variant,NY_AM_HIGH,52,0.4686956109640587,24.372171770131054,1.9438082264197736,25.0,10,14
S10_C6,3.0,objective_anchor_variant,NY_AM_LOW,42,0.4474983689222524,18.794931494734602,1.8946616900112931,21.428571428571427,9,14
S10_C6,3.0,objective_anchor_variant,NY_PM_HIGH,25,0.15098179805195688,3.7745449512989224,1.2887701056638876,16.0,6,11
S10_C6,3.0,objective_anchor_variant,NY_PM_LOW,15,0.8273100790277094,12.40965118541564,3.6800848013010707,20.0,5,8
S10_C6,3.0,objective_anchor_variant,PDH,17,0.6842496312602442,11.63224373142415,2.5864101921277003,35.294117647058826,6,10
S10_C6,3.0,objective_anchor_variant,PDL,16,0.013358667040754696,0.21373867265207513,1.0222983663780358,12.5,4,8
S10_C6,3.0,objective_anchor_variant,TRANSITION_HIGH,12,0.2688523382853509,3.2262280594242103,1.6257294530704283,8.333333333333332,5,8
S10_C6,3.0,objective_anchor_variant,TRANSITION_LOW,10,-0.06352847544371623,-0.6352847544371623,0.8646972039992513,0.0,4,8
S10_C6,3.0,doz_tradable_age_bucket,1-3d,73,0.5231945661547241,38.19320332929486,2.0560559207296802,28.767123287671232,11,15
S10_C6,3.0,doz_tradable_age_bucket,1-4h,14,0.3244895115420876,4.5428531615892265,1.731142980731271,14.285714285714285,4,9
S10_C6,3.0,doz_tradable_age_bucket,12-24h,33,0.4538349267597221,14.976552583070829,1.970688897403505,21.21212121212121,9,12
S10_C6,3.0,doz_tradable_age_bucket,3-7d,37,0.5457090910041769,20.191236367154545,2.176863203754025,24.324324324324326,9,13
S10_C6,3.0,doz_tradable_age_bucket,4-12h,60,0.046598396584407314,2.7959037950644388,1.0739931887362941,16.666666666666664,9,15
S10_C6,3.0,doz_tradable_age_bucket,7-30d,42,0.5894116881875812,24.75529090387841,2.321677135144847,23.809523809523807,10,15
S10_C6,3.0,doz_tradable_age_bucket,<1h,7,-0.47920353126474863,-3.3544247188532403,0.26830035291947313,0.0,2,7
S10_C6,3.0,doz_tradable_age_bucket,>=30d,38,-0.14137447220958502,-5.372229943964231,0.7837050599376002,13.157894736842104,5,15
S11_C6_PRIMARY,0.5,direction,LONG,154,0.1945551885758127,29.961499040675154,2.073120980157063,81.16883116883116,13,15
S11_C6_PRIMARY,0.5,direction,SHORT,150,0.04433008357526443,6.649512536289665,1.1588117768208648,70.0,7,15
S11_C6_PRIMARY,0.5,contact_session,ASIA_CME,80,0.0949319943916266,7.594559551330128,1.392720387985958,72.5,9,15
S11_C6_PRIMARY,0.5,contact_session,LONDON,61,0.1856414007999631,11.32412544879775,1.984038383197668,81.9672131147541,12,15
S11_C6_PRIMARY,0.5,contact_session,NY_AM,116,0.16343979350815563,18.959016046946054,1.7928606006216399,80.17241379310344,11,15
S11_C6_PRIMARY,0.5,contact_session,NY_PM,39,-0.004688139049309427,-0.18283742292306765,0.9851460650843303,66.66666666666666,6,15
S11_C6_PRIMARY,0.5,contact_session,TRANSITION,8,-0.13548150589825558,-1.0838520471860447,0.6019677742630913,37.5,4,6
S11_C6_PRIMARY,0.5,confirmation_session,ASIA_CME,80,0.0949319943916266,7.594559551330128,1.392720387985958,72.5,9,15
S11_C6_PRIMARY,0.5,confirmation_session,LONDON,61,0.1856414007999631,11.32412544879775,1.984038383197668,81.9672131147541,12,15
S11_C6_PRIMARY,0.5,confirmation_session,NY_AM,116,0.16343979350815563,18.959016046946054,1.7928606006216399,80.17241379310344,11,15
S11_C6_PRIMARY,0.5,confirmation_session,NY_PM,39,-0.004688139049309427,-0.18283742292306765,0.9851460650843303,66.66666666666666,6,15
S11_C6_PRIMARY,0.5,confirmation_session,TRANSITION,8,-0.13548150589825558,-1.0838520471860447,0.6019677742630913,37.5,4,6
S11_C6_PRIMARY,0.5,entry_session,ASIA_CME,80,0.0949319943916266,7.594559551330128,1.392720387985958,72.5,9,15
S11_C6_PRIMARY,0.5,entry_session,LONDON,61,0.1856414007999631,11.32412544879775,1.984038383197668,81.9672131147541,12,15
S11_C6_PRIMARY,0.5,entry_session,NY_AM,116,0.16343979350815563,18.959016046946054,1.7928606006216399,80.17241379310344,11,15
S11_C6_PRIMARY,0.5,entry_session,NY_PM,39,-0.004688139049309427,-0.18283742292306765,0.9851460650843303,66.66666666666666,6,15
S11_C6_PRIMARY,0.5,entry_session,TRANSITION,8,-0.13548150589825558,-1.0838520471860447,0.6019677742630913,37.5,4,6
S11_C6_PRIMARY,0.5,exit_session,ASIA_CME,82,0.08504586091411863,6.973760594957728,1.3483830422833825,70.73170731707317,9,15
S11_C6_PRIMARY,0.5,exit_session,LONDON,59,0.19686480496035536,11.615023492660965,2.108986056234467,81.35593220338984,12,15
S11_C6_PRIMARY,0.5,exit_session,NY_AM,115,0.1483069946644282,17.055304386409244,1.6836773079895515,79.13043478260869,11,15
S11_C6_PRIMARY,0.5,exit_session,NY_PM,43,0.06178854297064641,2.656907347737796,1.225843524487522,72.09302325581395,6,15
S11_C6_PRIMARY,0.5,exit_session,TRANSITION,5,-0.33799684896018267,-1.6899842448009132,0.34711963991901285,40.0,2,4
S11_C6_PRIMARY,0.5,doz_anchor_source_tf,15min,130,0.1100619031224084,14.308047405913094,1.4669047572220089,75.38461538461539,10,15
S11_C6_PRIMARY,0.5,doz_anchor_source_tf,1h,75,0.10899357054484698,8.174517790863524,1.4715140613920985,72.0,8,13
S11_C6_PRIMARY,0.5,doz_anchor_source_tf,30min,99,0.14271157959786068,14.128446380188207,1.647821842294196,78.78787878787878,11,15
S11_C6_PRIMARY,0.5,doz_anchor_variant,DOZ_BASE,35,0.12433431930875784,4.351701175806524,1.5519660895231866,74.28571428571429,9,14
S11_C6_PRIMARY,0.5,doz_anchor_variant,DOZ_BODY,205,0.1304549338238518,26.743261433889618,1.5853424412427206,77.07317073170732,12,15
S11_C6_PRIMARY,0.5,doz_anchor_variant,DOZ_LAST,64,0.08618826511357315,5.516048967268682,1.3401162109503502,71.875,9,15
S11_C6_PRIMARY,0.5,objective_anchor_variant,ASIA_CME_HIGH,20,-0.0363222749891714,-0.726445499783428,0.8901281805976887,65.0,5,11
S11_C6_PRIMARY,0.5,objective_anchor_variant,ASIA_CME_LOW,30,0.2537603315716587,7.612809947149763,2.778362340406702,86.66666666666667,11,13
S11_C6_PRIMARY,0.5,objective_anchor_variant,LONDON_HIGH,25,0.4042278987099928,10.10569746774982,10.74881586206121,96.0,10,11
S11_C6_PRIMARY,0.5,objective_anchor_variant,LONDON_LOW,40,0.17681065742980553,7.072426297192221,1.9308409001813411,80.0,10,15
S11_C6_PRIMARY,0.5,objective_anchor_variant,NY_AM_HIGH,52,-0.021767501290742428,-1.1319100671186062,0.9342072167839737,67.3076923076923,7,14
S11_C6_PRIMARY,0.5,objective_anchor_variant,NY_AM_LOW,42,0.2503992020331279,10.51676648539137,2.6979361855456068,85.71428571428571,12,14
S11_C6_PRIMARY,0.5,objective_anchor_variant,NY_PM_HIGH,25,-0.10733071747412393,-2.683267936853098,0.7084660703165977,56.00000000000001,5,11
S11_C6_PRIMARY,0.5,objective_anchor_variant,NY_PM_LOW,15,0.08105517190138811,1.2158275785208217,1.3375880346764062,66.66666666666666,5,8
S11_C6_PRIMARY,0.5,objective_anchor_variant,PDH,17,0.0032552943119044764,0.055340003302376095,1.0105606460563041,64.70588235294117,6,10
S11_C6_PRIMARY,0.5,objective_anchor_variant,PDL,16,0.08730525299828956,1.396884047972633,1.3385900397472417,75.0,5,8
S11_C6_PRIMARY,0.5,objective_anchor_variant,TRANSITION_HIGH,12,0.20732952530553495,2.4879543036664193,2.196124984469043,83.33333333333334,6,8
S11_C6_PRIMARY,0.5,objective_anchor_variant,TRANSITION_LOW,10,0.06889289497745271,0.6889289497745271,1.2635532101766982,70.0,5,8
S11_C6_PRIMARY,0.5,doz_tradable_age_bucket,1-3d,73,0.1326962345903518,9.68682512509568,1.5826841641784946,78.08219178082192,12,15
S11_C6_PRIMARY,0.5,doz_tradable_age_bucket,1-4h,14,0.24926546735724803,3.4897165430014723,2.690939083180488,85.71428571428571,7,9
S11_C6_PRIMARY,0.5,doz_tradable_age_bucket,12-24h,33,0.20241510453078537,6.679698449515917,2.1598116796628437,81.81818181818183,8,12
S11_C6_PRIMARY,0.5,doz_tradable_age_bucket,3-7d,37,0.1212553973422398,4.486449701662873,1.5354869527019768,75.67567567567568,7,13
S11_C6_PRIMARY,0.5,doz_tradable_age_bucket,4-12h,60,0.06354928964159601,3.8129573784957604,1.247245220549109,70.0,7,15
S11_C6_PRIMARY,0.5,doz_tradable_age_bucket,7-30d,42,0.20746211217587537,8.713408711386766,2.1955107172968162,80.95238095238095,12,15
S11_C6_PRIMARY,0.5,doz_tradable_age_bucket,<1h,7,-0.08771956935614342,-0.6140369854930039,0.7585419957742344,57.14285714285714,4,7
S11_C6_PRIMARY,0.5,doz_tradable_age_bucket,>=30d,38,0.009368227718404006,0.35599265329935226,1.0303973576297196,68.42105263157895,10,15
S11_C6_PRIMARY,1.0,direction,LONG,154,0.31884289089108003,49.10180519722633,2.0252175551023095,64.93506493506493,13,15
S11_C6_PRIMARY,1.0,direction,SHORT,150,0.19485032025993546,29.227548038990317,1.5323406586732438,56.666666666666664,9,15
S11_C6_PRIMARY,1.0,contact_session,ASIA_CME,80,0.3156915759300884,25.255326074407073,2.1026025944090208,60.0,12,15
S11_C6_PRIMARY,1.0,contact_session,LONDON,61,0.21666766012632288,13.216727267705696,1.598653337044183,59.01639344262295,9,15
S11_C6_PRIMARY,1.0,contact_session,NY_AM,116,0.3056811728184962,35.459016046945564,1.8975439591545147,67.24137931034483,13,15
S11_C6_PRIMARY,1.0,contact_session,NY_PM,39,0.13139103279726042,5.124250279093156,1.332255960599118,53.84615384615385,7,15
S11_C6_PRIMARY,1.0,contact_session,TRANSITION,8,-0.09074580399185517,-0.7259664319348413,0.7484469303686495,25.0,3,6
S11_C6_PRIMARY,1.0,confirmation_session,ASIA_CME,80,0.3156915759300884,25.255326074407073,2.1026025944090208,60.0,12,15
S11_C6_PRIMARY,1.0,confirmation_session,LONDON,61,0.21666766012632288,13.216727267705696,1.598653337044183,59.01639344262295,9,15
S11_C6_PRIMARY,1.0,confirmation_session,NY_AM,116,0.3056811728184962,35.459016046945564,1.8975439591545147,67.24137931034483,13,15
S11_C6_PRIMARY,1.0,confirmation_session,NY_PM,39,0.13139103279726042,5.124250279093156,1.332255960599118,53.84615384615385,7,15
S11_C6_PRIMARY,1.0,confirmation_session,TRANSITION,8,-0.09074580399185517,-0.7259664319348413,0.7484469303686495,25.0,3,6
S11_C6_PRIMARY,1.0,entry_session,ASIA_CME,80,0.3156915759300884,25.255326074407073,2.1026025944090208,60.0,12,15
S11_C6_PRIMARY,1.0,entry_session,LONDON,61,0.21666766012632288,13.216727267705696,1.598653337044183,59.01639344262295,9,15
S11_C6_PRIMARY,1.0,entry_session,NY_AM,116,0.3056811728184962,35.459016046945564,1.8975439591545147,67.24137931034483,13,15
S11_C6_PRIMARY,1.0,entry_session,NY_PM,39,0.13139103279726042,5.124250279093156,1.332255960599118,53.84615384615385,7,15
S11_C6_PRIMARY,1.0,entry_session,TRANSITION,8,-0.09074580399185517,-0.7259664319348413,0.7484469303686495,25.0,3,6
S11_C6_PRIMARY,1.0,exit_session,ASIA_CME,80,0.2942184937230197,23.537479497841577,2.0074828218402123,58.75,13,15
S11_C6_PRIMARY,1.0,exit_session,LONDON,57,0.29344507384512947,16.72636920917238,1.9226132768490731,63.1578947368421,12,15
S11_C6_PRIMARY,1.0,exit_session,NY_AM,116,0.23594910843837205,27.370096578851157,1.6393261463583977,62.06896551724138,12,15
S11_C6_PRIMARY,1.0,exit_session,NY_PM,45,0.26855338582376576,12.084902362069458,1.7597451557013875,64.44444444444444,8,15
S11_C6_PRIMARY,1.0,exit_session,TRANSITION,6,-0.23158240195298493,-1.3894944117179095,0.4632058762418955,16.666666666666664,3,5
S11_C6_PRIMARY,1.0,doz_anchor_source_tf,15min,130,0.29156004604231683,37.90280598550119,1.917818617007548,62.30769230769231,12,15
S11_C6_PRIMARY,1.0,doz_anchor_source_tf,1h,75,0.16712846367365716,12.534634775524287,1.45953477969811,53.333333333333336,9,13
S11_C6_PRIMARY,1.0,doz_anchor_source_tf,30min,99,0.2817364896483957,27.891912475191173,1.8149699767204754,64.64646464646465,10,15
S11_C6_PRIMARY,1.0,doz_anchor_variant,DOZ_BASE,35,0.08692106918393601,3.0422374214377603,1.2160689787486831,48.57142857142857,7,14
S11_C6_PRIMARY,1.0,doz_anchor_variant,DOZ_BODY,205,0.3077020143143574,63.07891293444327,1.9600544174860681,64.8780487804878,14,15
S11_C6_PRIMARY,1.0,doz_anchor_variant,DOZ_LAST,64,0.19075317000524414,12.208202880335625,1.5304578131959559,54.6875,10,15
S11_C6_PRIMARY,1.0,objective_anchor_variant,ASIA_CME_HIGH,20,0.13110307988113062,2.6220615976226127,1.3344960826938992,55.00000000000001,6,11
S11_C6_PRIMARY,1.0,objective_anchor_variant,ASIA_CME_LOW,30,0.3537603315716603,10.61280994714981,2.114513374049677,70.0,10,13
S11_C6_PRIMARY,1.0,objective_anchor_variant,LONDON_HIGH,25,0.3674151025014619,9.185377562536548,2.269080828566407,68.0,9,11
S11_C6_PRIMARY,1.0,objective_anchor_variant,LONDON_LOW,40,0.3821129510144174,15.284518040576696,2.4092060764575822,67.5,9,15
S11_C6_PRIMARY,1.0,objective_anchor_variant,NY_AM_HIGH,52,0.16794363494674874,8.733069017230935,1.4299106205387417,55.769230769230774,8,14
S11_C6_PRIMARY,1.0,objective_anchor_variant,NY_AM_LOW,42,0.30559721865548406,12.835083183530331,1.9546178224759865,64.28571428571429,10,14
S11_C6_PRIMARY,1.0,objective_anchor_variant,NY_PM_HIGH,25,-0.04077201302068898,-1.0193003255172246,0.9128772804790664,44.0,5,11
S11_C6_PRIMARY,1.0,objective_anchor_variant,NY_PM_LOW,15,0.41438850523471976,6.215827578520797,2.7258935832605014,66.66666666666666,6,8
S11_C6_PRIMARY,1.0,objective_anchor_variant,PDH,17,0.30331144459936077,5.156294558189133,1.9839862403612163,58.82352941176471,6,10
S11_C6_PRIMARY,1.0,objective_anchor_variant,PDL,16,-0.10360655184649165,-1.6577048295438663,0.8016715589654684,43.75,3,8
S11_C6_PRIMARY,1.0,objective_anchor_variant,TRANSITION_HIGH,12,0.5143656630121903,6.1723879561462835,3.967477110533086,66.66666666666666,7,8
S11_C6_PRIMARY,1.0,objective_anchor_variant,TRANSITION_LOW,10,0.4188928949774599,4.188928949774599,2.6024956888174318,70.0,5,8
S11_C6_PRIMARY,1.0,doz_tradable_age_bucket,1-3d,73,0.21904276524424532,15.990121862829907,1.5853330747166345,61.64383561643836,12,15
S11_C6_PRIMARY,1.0,doz_tradable_age_bucket,1-4h,14,0.5006902573526187,7.009663602936662,3.2531022462967583,71.42857142857143,7,9
S11_C6_PRIMARY,1.0,doz_tradable_age_bucket,12-24h,33,0.38270182126693175,12.629160101808747,2.3949449567818233,66.66666666666666,9,12
S11_C6_PRIMARY,1.0,doz_tradable_age_bucket,3-7d,37,0.2954477005596063,10.931564920705432,1.9530340024623258,62.16216216216216,8,13
S11_C6_PRIMARY,1.0,doz_tradable_age_bucket,4-12h,60,0.21173887661769497,12.704332597061699,1.6056672921144377,58.333333333333336,7,15
S11_C6_PRIMARY,1.0,doz_tradable_age_bucket,7-30d,42,0.43998591174471713,18.47940829327812,2.7806892483113774,69.04761904761905,10,15
S11_C6_PRIMARY,1.0,doz_tradable_age_bucket,<1h,7,-0.20707862756413328,-1.449550392948933,0.5922497740348639,28.57142857142857,3,7
S11_C6_PRIMARY,1.0,doz_tradable_age_bucket,>=30d,38,0.05354348027750047,2.034652250545018,1.1201338226014603,50.0,9,15
S11_C6_PRIMARY,1.5,direction,LONG,154,0.3648535123821887,56.18744090685706,1.8824984394529607,50.649350649350644,13,15
S11_C6_PRIMARY,1.5,direction,SHORT,150,0.19271788034567316,28.907682051850976,1.42605200987143,41.333333333333336,9,15
S11_C6_PRIMARY,1.5,contact_session,ASIA_CME,80,0.31410629616294805,25.128503693035846,1.8290633112236967,41.25,11,15
S11_C6_PRIMARY,1.5,contact_session,LONDON,61,0.181430194895465,11.067241888623364,1.377239300406838,42.62295081967213,10,15
S11_C6_PRIMARY,1.5,contact_session,NY_AM,116,0.3438926056541934,39.891542255886435,1.7603601170422152,54.310344827586206,12,15
S11_C6_PRIMARY,1.5,contact_session,NY_PM,39,0.2757935879999582,10.75594993199837,1.651015318383099,46.15384615384615,8,15
S11_C6_PRIMARY,1.5,contact_session,TRANSITION,8,-0.21851435135449648,-1.7481148108359719,0.3942644902164219,0.0,3,6
S11_C6_PRIMARY,1.5,confirmation_session,ASIA_CME,80,0.31410629616294805,25.128503693035846,1.8290633112236967,41.25,11,15
S11_C6_PRIMARY,1.5,confirmation_session,LONDON,61,0.181430194895465,11.067241888623364,1.377239300406838,42.62295081967213,10,15
S11_C6_PRIMARY,1.5,confirmation_session,NY_AM,116,0.3438926056541934,39.891542255886435,1.7603601170422152,54.310344827586206,12,15
S11_C6_PRIMARY,1.5,confirmation_session,NY_PM,39,0.2757935879999582,10.75594993199837,1.651015318383099,46.15384615384615,8,15
S11_C6_PRIMARY,1.5,confirmation_session,TRANSITION,8,-0.21851435135449648,-1.7481148108359719,0.3942644902164219,0.0,3,6
S11_C6_PRIMARY,1.5,entry_session,ASIA_CME,80,0.31410629616294805,25.128503693035846,1.8290633112236967,41.25,11,15
S11_C6_PRIMARY,1.5,entry_session,LONDON,61,0.181430194895465,11.067241888623364,1.377239300406838,42.62295081967213,10,15
S11_C6_PRIMARY,1.5,entry_session,NY_AM,116,0.3438926056541934,39.891542255886435,1.7603601170422152,54.310344827586206,12,15
S11_C6_PRIMARY,1.5,entry_session,NY_PM,39,0.2757935879999582,10.75594993199837,1.651015318383099,46.15384615384615,8,15
S11_C6_PRIMARY,1.5,entry_session,TRANSITION,8,-0.21851435135449648,-1.7481148108359719,0.3942644902164219,0.0,3,6
S11_C6_PRIMARY,1.5,exit_session,ASIA_CME,81,0.2913321291629676,23.597902462200373,1.766987978277279,39.50617283950617,10,15
S11_C6_PRIMARY,1.5,exit_session,LONDON,51,0.19523469452768047,9.956969420911705,1.4270597395010538,43.13725490196079,10,14
S11_C6_PRIMARY,1.5,exit_session,NY_AM,119,0.311551646010857,37.074645875291985,1.681530487642689,51.26050420168067,11,15
S11_C6_PRIMARY,1.5,exit_session,NY_PM,46,0.35271722959534557,16.224992561385896,1.7934379981537012,54.347826086956516,8,15
S11_C6_PRIMARY,1.5,exit_session,TRANSITION,7,-0.2513410515831302,-1.7593873610819115,0.3203075961454221,0.0,4,6
S11_C6_PRIMARY,1.5,doz_anchor_source_tf,15min,130,0.24961024232438458,32.44933150217,1.5576721296470686,45.38461538461539,11,15
S11_C6_PRIMARY,1.5,doz_anchor_source_tf,1h,75,0.22597010682515228,16.94775801188642,1.553104828868905,40.0,8,13
S11_C6_PRIMARY,1.5,doz_anchor_source_tf,30min,99,0.3605861964106225,35.69803344465163,1.8362059455051734,51.515151515151516,11,15
S11_C6_PRIMARY,1.5,doz_anchor_variant,DOZ_BASE,35,-0.020184996236715342,-0.706474868285037,0.9588778148718444,28.57142857142857,8,14
S11_C6_PRIMARY,1.5,doz_anchor_variant,DOZ_BODY,205,0.37433797373339833,76.73928461534666,1.9068304726507956,51.707317073170735,14,15
S11_C6_PRIMARY,1.5,doz_anchor_variant,DOZ_LAST,64,0.14159864393197547,9.06231321164643,1.304972295054285,37.5,10,15
S11_C6_PRIMARY,1.5,objective_anchor_variant,ASIA_CME_HIGH,20,0.1147175676012997,2.294351352025994,1.2312423106054595,40.0,5,11
S11_C6_PRIMARY,1.5,objective_anchor_variant,ASIA_CME_LOW,30,0.34890129342904336,10.4670388028713,1.7621533174158472,53.333333333333336,10,13
S11_C6_PRIMARY,1.5,objective_anchor_variant,LONDON_HIGH,25,0.6232260315746863,15.580650789367157,3.1526720136165594,60.0,10,11
S11_C6_PRIMARY,1.5,objective_anchor_variant,LONDON_LOW,40,0.40711295101441003,16.2845180405764,2.0172801023084235,55.00000000000001,8,15
S11_C6_PRIMARY,1.5,objective_anchor_variant,NY_AM_HIGH,52,0.12574456537660847,6.53871739958364,1.254667854210712,40.38461538461539,9,14
S11_C6_PRIMARY,1.5,objective_anchor_variant,NY_AM_LOW,42,0.3912545791115141,16.432692322683593,1.9938047012969498,50.0,10,14
S11_C6_PRIMARY,1.5,objective_anchor_variant,NY_PM_HIGH,25,-0.08984943033058006,-2.2462357582645014,0.8280025189017004,28.000000000000004,5,11
S11_C6_PRIMARY,1.5,objective_anchor_variant,NY_PM_LOW,15,0.7275312685007052,10.912969027510577,4.030107090483877,60.0,6,8
S11_C6_PRIMARY,1.5,objective_anchor_variant,PDH,17,0.24147666561369294,4.10510331543278,1.5604372827865733,41.17647058823529,5,10
S11_C6_PRIMARY,1.5,objective_anchor_variant,PDL,16,-0.17006553523609766,-2.7210485637775625,0.7163287484362338,25.0,4,8
S11_C6_PRIMARY,1.5,objective_anchor_variant,TRANSITION_HIGH,12,0.3964531067436594,4.757437280923913,2.1500345809835544,41.66666666666667,6,8
S11_C6_PRIMARY,1.5,objective_anchor_variant,TRANSITION_LOW,10,0.2688928949774753,2.6889289497747533,1.5730916313567833,50.0,4,8
S11_C6_PRIMARY,1.5,doz_tradable_age_bucket,1-3d,73,0.29154775060347704,21.282985794053825,1.6497425193755473,47.94520547945205,11,15
S11_C6_PRIMARY,1.5,doz_tradable_age_bucket,1-4h,14,0.22068072973811786,3.08953021633365,1.4973778235946795,35.714285714285715,4,9
S11_C6_PRIMARY,1.5,doz_tradable_age_bucket,12-24h,33,0.3983425089109676,13.145302794061932,2.0678067959170656,51.515151515151516,9,12
S11_C6_PRIMARY,1.5,doz_tradable_age_bucket,3-7d,37,0.3531750155814591,13.067475576513987,1.9516484517083124,45.94594594594595,10,13
S11_C6_PRIMARY,1.5,doz_tradable_age_bucket,4-12h,60,0.13448046262012298,8.068827757207378,1.2745953599913626,41.66666666666667,9,15
S11_C6_PRIMARY,1.5,doz_tradable_age_bucket,7-30d,42,0.49454403900390254,20.770849638163906,2.4276090004813144,54.761904761904766,10,15
S11_C6_PRIMARY,1.5,doz_tradable_age_bucket,<1h,7,-0.1235001525959272,-0.8645010681714904,0.7568207993259845,14.285714285714285,3,7
S11_C6_PRIMARY,1.5,doz_tradable_age_bucket,>=30d,38,0.17196453290907524,6.534652250544859,1.343562647189872,44.73684210526316,9,15
S11_C6_PRIMARY,2.0,direction,LONG,154,0.39390176129546584,60.66087123950174,1.8510563537520592,37.01298701298701,10,15
S11_C6_PRIMARY,2.0,direction,SHORT,150,0.18026771243081086,27.04015686462163,1.3619189743854423,29.333333333333332,8,15
S11_C6_PRIMARY,2.0,contact_session,ASIA_CME,80,0.29568942841217655,23.655154272974123,1.7192545441128264,26.25,10,15
S11_C6_PRIMARY,2.0,contact_session,LONDON,61,0.08314988805528802,5.072143171372569,1.1502185939897263,26.229508196721312,8,15
S11_C6_PRIMARY,2.0,contact_session,NY_AM,116,0.4062622216192431,47.126417707832196,1.8139771178754847,42.241379310344826,12,15
S11_C6_PRIMARY,2.0,contact_session,NY_PM,39,0.3486007118661655,13.595427762780453,1.732729513343837,38.46153846153847,7,15
S11_C6_PRIMARY,2.0,contact_session,TRANSITION,8,-0.21851435135449648,-1.7481148108359719,0.3942644902164219,0.0,3,6
S11_C6_PRIMARY,2.0,confirmation_session,ASIA_CME,80,0.29568942841217655,23.655154272974123,1.7192545441128264,26.25,10,15
S11_C6_PRIMARY,2.0,confirmation_session,LONDON,61,0.08314988805528802,5.072143171372569,1.1502185939897263,26.229508196721312,8,15
S11_C6_PRIMARY,2.0,confirmation_session,NY_AM,116,0.4062622216192431,47.126417707832196,1.8139771178754847,42.241379310344826,12,15
S11_C6_PRIMARY,2.0,confirmation_session,NY_PM,39,0.3486007118661655,13.595427762780453,1.732729513343837,38.46153846153847,7,15
S11_C6_PRIMARY,2.0,confirmation_session,TRANSITION,8,-0.21851435135449648,-1.7481148108359719,0.3942644902164219,0.0,3,6
S11_C6_PRIMARY,2.0,entry_session,ASIA_CME,80,0.29568942841217655,23.655154272974123,1.7192545441128264,26.25,10,15
S11_C6_PRIMARY,2.0,entry_session,LONDON,61,0.08314988805528802,5.072143171372569,1.1502185939897263,26.229508196721312,8,15
S11_C6_PRIMARY,2.0,entry_session,NY_AM,116,0.4062622216192431,47.126417707832196,1.8139771178754847,42.241379310344826,12,15
S11_C6_PRIMARY,2.0,entry_session,NY_PM,39,0.3486007118661655,13.595427762780453,1.732729513343837,38.46153846153847,7,15
S11_C6_PRIMARY,2.0,entry_session,TRANSITION,8,-0.21851435135449648,-1.7481148108359719,0.3942644902164219,0.0,3,6
S11_C6_PRIMARY,2.0,exit_session,ASIA_CME,80,0.3003333937272165,24.026671498177322,1.730350973926301,26.25,10,15
S11_C6_PRIMARY,2.0,exit_session,LONDON,51,0.006692256454717387,0.3413050791905867,1.0121154870302198,23.52941176470588,7,14
S11_C6_PRIMARY,2.0,exit_session,NY_AM,116,0.38746195886321877,44.94558722813338,1.7811520563033443,42.241379310344826,11,15
S11_C6_PRIMARY,2.0,exit_session,NY_PM,50,0.40293703319407975,20.146851659703987,1.8125053569826712,38.0,8,15
S11_C6_PRIMARY,2.0,exit_session,TRANSITION,7,-0.2513410515831302,-1.7593873610819115,0.3203075961454221,0.0,4,6
S11_C6_PRIMARY,2.0,doz_anchor_source_tf,15min,130,0.3209893936472853,41.72862117414709,1.679018688798899,35.38461538461539,11,15
S11_C6_PRIMARY,2.0,doz_anchor_source_tf,1h,75,0.2853557318804461,21.401679891033456,1.648566936146968,29.333333333333332,9,13
S11_C6_PRIMARY,2.0,doz_anchor_source_tf,30min,99,0.24818916200952354,24.57072703894283,1.4767523015711281,33.33333333333333,11,15
S11_C6_PRIMARY,2.0,doz_anchor_variant,DOZ_BASE,35,-0.14410116951698834,-5.043540933094592,0.7263907307016623,14.285714285714285,6,14
S11_C6_PRIMARY,2.0,doz_anchor_variant,DOZ_BODY,205,0.41047138963758256,84.14663487570442,1.8831755104133976,38.048780487804876,12,15
S11_C6_PRIMARY,2.0,doz_anchor_variant,DOZ_LAST,64,0.13434272127364924,8.597934161513551,1.26635727860465,28.125,8,15
S11_C6_PRIMARY,2.0,objective_anchor_variant,ASIA_CME_HIGH,20,-0.048743123876355855,-0.9748624775271171,0.9191453062421309,25.0,3,11
S11_C6_PRIMARY,2.0,objective_anchor_variant,ASIA_CME_LOW,30,0.31564079982808135,9.46922399484244,1.5872634807258086,40.0,9,13
S11_C6_PRIMARY,2.0,objective_anchor_variant,LONDON_HIGH,25,0.1997972931176925,4.994932327942313,1.4227275474575007,28.000000000000004,6,11
S11_C6_PRIMARY,2.0,objective_anchor_variant,LONDON_LOW,40,0.5568135225851041,22.272540903404163,2.3051591725494167,50.0,7,15
S11_C6_PRIMARY,2.0,objective_anchor_variant,NY_AM_HIGH,52,0.25979949853546136,13.50957392384399,1.5231123996620906,32.69230769230769,9,14
S11_C6_PRIMARY,2.0,objective_anchor_variant,NY_AM_LOW,42,0.3741834666553009,15.715705599522638,1.7985799919742254,33.33333333333333,10,14
S11_C6_PRIMARY,2.0,objective_anchor_variant,NY_PM_HIGH,25,0.05015056966941312,1.253764241735328,1.096002519181784,28.000000000000004,5,11
S11_C6_PRIMARY,2.0,objective_anchor_variant,NY_PM_LOW,15,0.9322927124925371,13.984390687388057,4.882921436973736,46.666666666666664,6,8
S11_C6_PRIMARY,2.0,objective_anchor_variant,PDH,17,0.3303368087350945,5.615725748496607,1.7666706139965234,35.294117647058826,5,10
S11_C6_PRIMARY,2.0,objective_anchor_variant,PDL,16,-0.08507138852434054,-1.3611422163894487,0.8580999541061342,18.75,4,8
S11_C6_PRIMARY,2.0,objective_anchor_variant,TRANSITION_HIGH,12,0.1886137856123735,2.263365427348482,1.4392339007517463,16.666666666666664,5,8
S11_C6_PRIMARY,2.0,objective_anchor_variant,TRANSITION_LOW,10,0.09578099435159235,0.9578099435159235,1.2041381060311285,10.0,4,8
S11_C6_PRIMARY,2.0,doz_tradable_age_bucket,1-3d,73,0.4007331735584704,29.253521669768336,1.8596564312702077,39.726027397260275,11,15
S11_C6_PRIMARY,2.0,doz_tradable_age_bucket,1-4h,14,0.17704606770295975,2.4786449478414365,1.3990325205766445,14.285714285714285,4,9
S11_C6_PRIMARY,2.0,doz_tradable_age_bucket,12-24h,33,0.40027248556993433,13.208992023807832,1.917025301669537,33.33333333333333,8,12
S11_C6_PRIMARY,2.0,doz_tradable_age_bucket,3-7d,37,0.44244576168371375,16.37049318229741,2.0864055591421593,40.54054054054054,9,13
S11_C6_PRIMARY,2.0,doz_tradable_age_bucket,4-12h,60,0.009009361917924416,0.5405617150754649,1.0151703556889093,28.333333333333332,6,15
S11_C6_PRIMARY,2.0,doz_tradable_age_bucket,7-30d,42,0.5862951070650526,24.624394496732208,2.5752571033457214,38.095238095238095,10,15
S11_C6_PRIMARY,2.0,doz_tradable_age_bucket,<1h,7,-0.052071581167348224,-0.36450106817143757,0.8974679365171453,14.285714285714285,3,7
S11_C6_PRIMARY,2.0,doz_tradable_age_bucket,>=30d,38,0.04181371412558239,1.5889211367721308,1.0740511566286153,26.31578947368421,8,15
S11_C6_PRIMARY,2.5,direction,LONG,154,0.3218704484290133,49.56804905806805,1.6203943933930267,26.623376623376622,10,15
S11_C6_PRIMARY,2.5,direction,SHORT,150,0.2096789704324126,31.45184556486189,1.4041515184263844,23.333333333333332,8,15
S11_C6_PRIMARY,2.5,contact_session,ASIA_CME,80,0.26977356958785437,21.58188556702835,1.636428104862466,15.0,9,15
S11_C6_PRIMARY,2.5,contact_session,LONDON,61,0.04216628149790724,2.5721431713723417,1.069774271341181,21.311475409836063,6,15
S11_C6_PRIMARY,2.5,contact_session,NY_AM,116,0.46244155439891194,53.64322031027378,1.864663061398489,36.206896551724135,12,15
S11_C6_PRIMARY,2.5,contact_session,NY_PM,39,0.12745539448952406,4.970760385091438,1.225744198928708,23.076923076923077,7,15
S11_C6_PRIMARY,2.5,contact_session,TRANSITION,8,-0.21851435135449648,-1.7481148108359719,0.3942644902164219,0.0,3,6
S11_C6_PRIMARY,2.5,confirmation_session,ASIA_CME,80,0.26977356958785437,21.58188556702835,1.636428104862466,15.0,9,15
S11_C6_PRIMARY,2.5,confirmation_session,LONDON,61,0.04216628149790724,2.5721431713723417,1.069774271341181,21.311475409836063,6,15
S11_C6_PRIMARY,2.5,confirmation_session,NY_AM,116,0.46244155439891194,53.64322031027378,1.864663061398489,36.206896551724135,12,15
S11_C6_PRIMARY,2.5,confirmation_session,NY_PM,39,0.12745539448952406,4.970760385091438,1.225744198928708,23.076923076923077,7,15
S11_C6_PRIMARY,2.5,confirmation_session,TRANSITION,8,-0.21851435135449648,-1.7481148108359719,0.3942644902164219,0.0,3,6
S11_C6_PRIMARY,2.5,entry_session,ASIA_CME,80,0.26977356958785437,21.58188556702835,1.636428104862466,15.0,9,15
S11_C6_PRIMARY,2.5,entry_session,LONDON,61,0.04216628149790724,2.5721431713723417,1.069774271341181,21.311475409836063,6,15
S11_C6_PRIMARY,2.5,entry_session,NY_AM,116,0.46244155439891194,53.64322031027378,1.864663061398489,36.206896551724135,12,15
S11_C6_PRIMARY,2.5,entry_session,NY_PM,39,0.12745539448952406,4.970760385091438,1.225744198928708,23.076923076923077,7,15
S11_C6_PRIMARY,2.5,entry_session,TRANSITION,8,-0.21851435135449648,-1.7481148108359719,0.3942644902164219,0.0,3,6
S11_C6_PRIMARY,2.5,exit_session,ASIA_CME,80,0.27441753490289444,21.953402792231554,1.6472120065350793,15.0,9,15
S11_C6_PRIMARY,2.5,exit_session,LONDON,49,-0.11369411336728062,-5.57101155499675,0.8156619213167542,16.3265306122449,6,14
S11_C6_PRIMARY,2.5,exit_session,NY_AM,117,0.4494446649139297,52.58502579492978,1.8382957835730618,36.75213675213676,11,15
S11_C6_PRIMARY,2.5,exit_session,NY_PM,50,0.2523789863346058,12.61894931673029,1.4465161505691426,26.0,8,15
S11_C6_PRIMARY,2.5,exit_session,TRANSITION,8,-0.07080896574561513,-0.566471725964921,0.7811587501117538,0.0,5,7
S11_C6_PRIMARY,2.5,doz_anchor_source_tf,15min,130,0.28845285608554944,37.498871291121425,1.562099292076684,25.384615384615383,9,15
S11_C6_PRIMARY,2.5,doz_anchor_source_tf,1h,75,0.22643681511760458,16.982761133820343,1.4670539051665392,21.333333333333336,8,13
S11_C6_PRIMARY,2.5,doz_anchor_source_tf,30min,99,0.268063254525133,26.53826219798817,1.4856403596336738,27.27272727272727,11,15
S11_C6_PRIMARY,2.5,doz_anchor_variant,DOZ_BASE,35,-0.2726725980884151,-9.543540933094528,0.5346643275947708,8.571428571428571,4,14
S11_C6_PRIMARY,2.5,doz_anchor_variant,DOZ_BODY,205,0.39977200186382855,81.95326038208485,1.7887478727387547,29.268292682926827,12,15
S11_C6_PRIMARY,2.5,doz_anchor_variant,DOZ_LAST,64,0.13453398709280653,8.610175173939618,1.2585045770405128,20.3125,8,15
S11_C6_PRIMARY,2.5,objective_anchor_variant,ASIA_CME_HIGH,20,0.01520868335255703,0.3041736670511406,1.0252280390984112,20.0,4,11
S11_C6_PRIMARY,2.5,objective_anchor_variant,ASIA_CME_LOW,30,0.16564079982807398,4.96922399484222,1.2588464210796098,30.0,8,13
S11_C6_PRIMARY,2.5,objective_anchor_variant,LONDON_HIGH,25,-0.08020270688230555,-2.005067672057639,0.865653403832318,16.0,5,11
S11_C6_PRIMARY,2.5,objective_anchor_variant,LONDON_LOW,40,0.43350429662732604,17.34017186509304,1.8144139661844536,37.5,10,15
S11_C6_PRIMARY,2.5,objective_anchor_variant,NY_AM_HIGH,52,0.35223585891611103,18.316264663637774,1.7092351849920677,28.846153846153843,10,14
S11_C6_PRIMARY,2.5,objective_anchor_variant,NY_AM_LOW,42,0.35092623185389327,14.738901737863516,1.7018456575584628,23.809523809523807,9,14
S11_C6_PRIMARY,2.5,objective_anchor_variant,NY_PM_HIGH,25,0.13210967722479355,3.302741930619839,1.25289566809463,20.0,6,11
S11_C6_PRIMARY,2.5,objective_anchor_variant,NY_PM_LOW,15,0.9589529923162675,14.384294884744012,4.993959280192006,33.33333333333333,6,8
S11_C6_PRIMARY,2.5,objective_anchor_variant,PDH,17,0.5068073969703935,8.615725748496688,2.176236882898699,35.294117647058826,6,10
S11_C6_PRIMARY,2.5,objective_anchor_variant,PDL,16,-0.05138416722503045,-0.8221466756004872,0.9142906232761949,12.5,4,8
S11_C6_PRIMARY,2.5,objective_anchor_variant,TRANSITION_HIGH,12,0.21169579619433884,2.540349554332066,1.4929860775197028,8.333333333333332,5,8
S11_C6_PRIMARY,2.5,objective_anchor_variant,TRANSITION_LOW,10,-0.06647390760922292,-0.6647390760922292,0.8583241102089336,0.0,4,8
S11_C6_PRIMARY,2.5,doz_tradable_age_bucket,1-3d,73,0.4516355461086651,32.96939486593255,1.9399069034583416,31.506849315068493,11,15
S11_C6_PRIMARY,2.5,doz_tradable_age_bucket,1-4h,14,0.2484746391315439,3.4786449478416146,1.560020693136098,14.285714285714285,4,9
S11_C6_PRIMARY,2.5,doz_tradable_age_bucket,12-24h,33,0.5026194849757508,16.586443004199776,2.151502542520739,30.303030303030305,9,12
S11_C6_PRIMARY,2.5,doz_tradable_age_bucket,3-7d,37,0.41532060578392477,15.366862414005217,1.89580068065537,29.72972972972973,9,13
S11_C6_PRIMARY,2.5,doz_tradable_age_bucket,4-12h,60,-0.012932622833596634,-0.775957370015798,0.9794444679159965,20.0,7,15
S11_C6_PRIMARY,2.5,doz_tradable_age_bucket,7-30d,42,0.5038902389885868,21.163390037520642,2.1304683950448404,28.57142857142857,10,15
S11_C6_PRIMARY,2.5,doz_tradable_age_bucket,<1h,7,-0.4806430097387767,-3.364501068171437,0.2658613408919196,0.0,2,7
S11_C6_PRIMARY,2.5,doz_tradable_age_bucket,>=30d,38,-0.11590479495743743,-4.404382208382622,0.8150893050458541,15.789473684210526,6,15
S11_C6_PRIMARY,3.0,direction,LONG,154,0.37330562476854195,57.48906621435546,1.7016066069815117,22.727272727272727,12,15
S11_C6_PRIMARY,3.0,direction,SHORT,150,0.24457841312370732,36.6867619685561,1.464936590014429,18.666666666666668,7,15
S11_C6_PRIMARY,3.0,contact_session,ASIA_CME,80,0.2871514232255647,22.972113858045176,1.657734918671834,12.5,9,15
S11_C6_PRIMARY,3.0,contact_session,LONDON,61,0.1487236585470912,9.072143171372563,1.2460991232255787,21.311475409836063,6,15
S11_C6_PRIMARY,3.0,contact_session,NY_AM,116,0.49360313580823534,57.2579637537553,1.892550557947603,28.448275862068968,12,15
S11_C6_PRIMARY,3.0,contact_session,NY_PM,39,0.16978774898908933,6.621722210574484,1.3007216723698645,17.94871794871795,8,15
S11_C6_PRIMARY,3.0,contact_session,TRANSITION,8,-0.21851435135449648,-1.7481148108359719,0.3942644902164219,0.0,3,6
S11_C6_PRIMARY,3.0,confirmation_session,ASIA_CME,80,0.2871514232255647,22.972113858045176,1.657734918671834,12.5,9,15
S11_C6_PRIMARY,3.0,confirmation_session,LONDON,61,0.1487236585470912,9.072143171372563,1.2460991232255787,21.311475409836063,6,15
S11_C6_PRIMARY,3.0,confirmation_session,NY_AM,116,0.49360313580823534,57.2579637537553,1.892550557947603,28.448275862068968,12,15
S11_C6_PRIMARY,3.0,confirmation_session,NY_PM,39,0.16978774898908933,6.621722210574484,1.3007216723698645,17.94871794871795,8,15
S11_C6_PRIMARY,3.0,confirmation_session,TRANSITION,8,-0.21851435135449648,-1.7481148108359719,0.3942644902164219,0.0,3,6
S11_C6_PRIMARY,3.0,entry_session,ASIA_CME,80,0.2871514232255647,22.972113858045176,1.657734918671834,12.5,9,15
S11_C6_PRIMARY,3.0,entry_session,LONDON,61,0.1487236585470912,9.072143171372563,1.2460991232255787,21.311475409836063,6,15
S11_C6_PRIMARY,3.0,entry_session,NY_AM,116,0.49360313580823534,57.2579637537553,1.892550557947603,28.448275862068968,12,15
S11_C6_PRIMARY,3.0,entry_session,NY_PM,39,0.16978774898908933,6.621722210574484,1.3007216723698645,17.94871794871795,8,15
S11_C6_PRIMARY,3.0,entry_session,TRANSITION,8,-0.21851435135449648,-1.7481148108359719,0.3942644902164219,0.0,3,6
S11_C6_PRIMARY,3.0,exit_session,ASIA_CME,79,0.2655570319391019,20.97900552318905,1.6005137284323825,12.658227848101266,9,15
S11_C6_PRIMARY,3.0,exit_session,LONDON,50,0.01587228010124766,0.793614005062383,1.026259733885869,16.0,7,14
S11_C6_PRIMARY,3.0,exit_session,NY_AM,116,0.5746235640106929,66.65633342524038,2.0626166368488663,32.758620689655174,11,15
S11_C6_PRIMARY,3.0,exit_session,NY_PM,51,0.12379111677224837,6.313346955384667,1.2078646052558804,13.725490196078432,7,15
S11_C6_PRIMARY,3.0,exit_session,TRANSITION,8,-0.07080896574561513,-0.566471725964921,0.7811587501117538,0.0,5,7
S11_C6_PRIMARY,3.0,doz_anchor_source_tf,15min,130,0.2925966039974977,38.037558519674704,1.5446477613624257,20.0,10,15
S11_C6_PRIMARY,3.0,doz_anchor_source_tf,1h,75,0.2792246894009676,20.941851705072573,1.5759354172858473,17.333333333333336,9,13
S11_C6_PRIMARY,3.0,doz_anchor_source_tf,30min,99,0.35551937331479067,35.196417958164275,1.6440814001873785,24.242424242424242,12,15
S11_C6_PRIMARY,3.0,doz_anchor_variant,DOZ_BASE,35,-0.229815455231274,-8.04354093309459,0.607803167099018,8.571428571428571,4,14
S11_C6_PRIMARY,3.0,doz_anchor_variant,DOZ_BODY,205,0.4348480954585984,89.14385956901268,1.832889569272438,23.902439024390244,11,15
S11_C6_PRIMARY,3.0,doz_anchor_variant,DOZ_LAST,64,0.2043048366717728,13.075509546993459,1.392567978786913,17.1875,8,15
S11_C6_PRIMARY,3.0,objective_anchor_variant,ASIA_CME_HIGH,20,0.11520868335255705,2.304173667051141,1.1911072182067695,20.0,4,11
S11_C6_PRIMARY,3.0,objective_anchor_variant,ASIA_CME_LOW,30,0.31564079982808135,9.46922399484244,1.493251007402808,30.0,8,13
S11_C6_PRIMARY,3.0,objective_anchor_variant,LONDON_HIGH,25,-0.34353257298975337,-8.588314324743834,0.46355540464341954,0.0,3,11
S11_C6_PRIMARY,3.0,objective_anchor_variant,LONDON_LOW,40,0.449778342264395,17.9911336905758,1.8065336825641138,30.0,9,15
S11_C6_PRIMARY,3.0,objective_anchor_variant,NY_AM_HIGH,52,0.4662730386448001,24.246198009529603,1.9388517280372002,25.0,10,14
S11_C6_PRIMARY,3.0,objective_anchor_variant,NY_AM_LOW,42,0.4433030661345406,18.618728777650706,1.886597534488152,21.428571428571427,9,14
S11_C6_PRIMARY,3.0,objective_anchor_variant,NY_PM_HIGH,25,0.14763886564434398,3.6909716411085993,1.2826229716716953,16.0,6,11
S11_C6_PRIMARY,3.0,objective_anchor_variant,NY_PM_LOW,15,0.8183015450507569,12.274523175761354,3.652285586654741,20.0,5,8
S11_C6_PRIMARY,3.0,objective_anchor_variant,PDH,17,0.6832779852056827,11.615725748496606,2.5858031518008526,35.294117647058826,6,10
S11_C6_PRIMARY,3.0,objective_anchor_variant,PDL,16,0.011115832774963003,0.17785332439940804,1.0185413357919328,12.5,4,8
S11_C6_PRIMARY,3.0,objective_anchor_variant,TRANSITION_HIGH,12,0.2533624628609971,3.0403495543319656,1.5900172275594509,8.333333333333332,5,8
S11_C6_PRIMARY,3.0,objective_anchor_variant,TRANSITION_LOW,10,-0.06647390760922292,-0.6647390760922292,0.8583241102089336,0.0,4,8
S11_C6_PRIMARY,3.0,doz_tradable_age_bucket,1-3d,73,0.520528110839625,37.99855209129263,2.0507750350316623,28.767123287671232,11,15
S11_C6_PRIMARY,3.0,doz_tradable_age_bucket,1-4h,14,0.3199032105601026,4.4786449478414365,1.7210088656954947,14.285714285714285,4,9
S11_C6_PRIMARY,3.0,doz_tradable_age_bucket,12-24h,33,0.45045154562744316,14.864901005705624,1.9633413046417032,21.21212121212121,9,12
S11_C6_PRIMARY,3.0,doz_tradable_age_bucket,3-7d,37,0.5406160647244299,20.002794394803907,2.1660491485590443,24.324324324324326,9,13
S11_C6_PRIMARY,3.0,doz_tradable_age_bucket,4-12h,60,0.043189947509608015,2.591396850576481,1.0686475097250843,16.666666666666664,9,15
S11_C6_PRIMARY,3.0,doz_tradable_age_bucket,7-30d,42,0.5478195754582338,23.00842216924582,2.229023045743981,21.428571428571427,10,15
S11_C6_PRIMARY,3.0,doz_tradable_age_bucket,<1h,7,-0.4806430097387767,-3.364501068171437,0.2658613408919196,0.0,2,7
S11_C6_PRIMARY,3.0,doz_tradable_age_bucket,>=30d,38,-0.14222058443112903,-5.404382208382903,0.7823806838870334,13.157894736842104,5,15
S12_C6,0.5,direction,LONG,154,0.1853639232738837,28.54604418417809,1.9861484930750661,80.51948051948052,12,15
S12_C6,0.5,direction,SHORT,150,0.04501064074177501,6.751596111266251,1.1613938132173776,70.0,7,15
S12_C6,0.5,contact_session,ASIA_CME,80,0.09580809572780133,7.664647658224106,1.3969441703359664,72.5,9,15
S12_C6,0.5,contact_session,LONDON,61,0.16196807856519552,9.880052792476926,1.7876446290279389,80.32786885245902,11,15
S12_C6,0.5,contact_session,NY_AM,116,0.16393222727071216,19.01613836340261,1.7957217238090968,80.17241379310344,11,15
S12_C6,0.5,contact_session,NY_PM,39,-0.00422520615887889,-0.1647830401962767,0.9866078804434324,66.66666666666666,6,15
S12_C6,0.5,contact_session,TRANSITION,8,-0.13730193480787825,-1.098415478463026,0.5968638934717474,37.5,4,6
S12_C6,0.5,confirmation_session,ASIA_CME,80,0.09580809572780133,7.664647658224106,1.3969441703359664,72.5,9,15
S12_C6,0.5,confirmation_session,LONDON,61,0.16196807856519552,9.880052792476926,1.7876446290279389,80.32786885245902,11,15
S12_C6,0.5,confirmation_session,NY_AM,116,0.16393222727071216,19.01613836340261,1.7957217238090968,80.17241379310344,11,15
S12_C6,0.5,confirmation_session,NY_PM,39,-0.00422520615887889,-0.1647830401962767,0.9866078804434324,66.66666666666666,6,15
S12_C6,0.5,confirmation_session,TRANSITION,8,-0.13730193480787825,-1.098415478463026,0.5968638934717474,37.5,4,6
S12_C6,0.5,entry_session,ASIA_CME,80,0.09580809572780133,7.664647658224106,1.3969441703359664,72.5,9,15
S12_C6,0.5,entry_session,LONDON,61,0.16196807856519552,9.880052792476926,1.7876446290279389,80.32786885245902,11,15
S12_C6,0.5,entry_session,NY_AM,116,0.16393222727071216,19.01613836340261,1.7957217238090968,80.17241379310344,11,15
S12_C6,0.5,entry_session,NY_PM,39,-0.00422520615887889,-0.1647830401962767,0.9866078804434324,66.66666666666666,6,15
S12_C6,0.5,entry_session,TRANSITION,8,-0.13730193480787825,-1.098415478463026,0.5968638934717474,37.5,4,6
S12_C6,0.5,exit_session,ASIA_CME,82,0.08572285823045353,7.02927437489719,1.351638932863479,70.73170731707317,9,15
S12_C6,0.5,exit_session,LONDON,58,0.19332152864867874,11.212648661623367,2.0714783384366906,81.03448275862068,12,15
S12_C6,0.5,exit_session,NY_AM,116,0.13849250665031834,16.065130771436927,1.618433914580515,78.44827586206897,11,15
S12_C6,0.5,exit_session,NY_PM,43,0.06224022331444411,2.6763296025210965,1.2275442188210948,72.09302325581395,6,15
S12_C6,0.5,exit_session,TRANSITION,5,-0.33714862300684845,-1.6857431150342421,0.348241277573548,40.0,2,4
S12_C6,0.5,doz_anchor_source_tf,15min,130,0.11078999640726511,14.402699532944464,1.4704400873758978,75.38461538461539,10,15
S12_C6,0.5,doz_anchor_source_tf,1h,75,0.08935092796251438,6.701319597188579,1.364840836261679,70.66666666666667,8,13
S12_C6,0.5,doz_anchor_source_tf,30min,99,0.14336991076072017,14.193621165311297,1.6511763197619889,78.78787878787878,11,15
S12_C6,0.5,doz_anchor_variant,DOZ_BASE,35,0.12427001648492768,4.349450576972469,1.5516765671891835,74.28571428571429,9,14
S12_C6,0.5,doz_anchor_variant,DOZ_BODY,205,0.1239139571479879,25.40236121533752,1.5440320330252562,76.58536585365854,12,15
S12_C6,0.5,doz_anchor_variant,DOZ_LAST,64,0.08665357036147414,5.545828503134345,1.3422668204081953,71.875,9,15
S12_C6,0.5,objective_anchor_variant,ASIA_CME_HIGH,20,-0.035401537048474055,-0.708030740969481,0.8928017707639094,65.0,5,11
S12_C6,0.5,objective_anchor_variant,ASIA_CME_LOW,30,0.2546310391467335,7.638931174402006,2.7879946606277337,86.66666666666667,11,13
S12_C6,0.5,objective_anchor_variant,LONDON_HIGH,25,0.4046770232153713,10.116925580384283,10.764828402412673,96.0,10,11
S12_C6,0.5,objective_anchor_variant,LONDON_LOW,40,0.1774136399009044,7.096545596036176,1.9342310688313842,80.0,10,15
S12_C6,0.5,objective_anchor_variant,NY_AM_HIGH,52,-0.020969295943173948,-1.0904033890450453,0.9365831560342653,67.3076923076923,7,14
S12_C6,0.5,objective_anchor_variant,NY_AM_LOW,42,0.2508629708948644,10.536244777584306,2.7014984498596695,85.71428571428571,12,14
S12_C6,0.5,objective_anchor_variant,NY_PM_HIGH,25,-0.10703493440786761,-2.6758733601966904,0.7089124792545851,56.00000000000001,5,11
S12_C6,0.5,objective_anchor_variant,NY_PM_LOW,15,0.0812695921843402,1.219043882765103,1.3386949478421004,66.66666666666666,5,8
S12_C6,0.5,objective_anchor_variant,PDH,17,0.0038076045194176595,0.06472927683010021,1.0123665102940502,64.70588235294117,6,10
S12_C6,0.5,objective_anchor_variant,PDL,16,-0.005978314173238582,-0.0956530267718173,0.9814943216304373,68.75,5,8
S12_C6,0.5,objective_anchor_variant,TRANSITION_HIGH,12,0.2084610704274891,2.5015328451298693,2.2037868667901233,83.33333333333334,6,8
S12_C6,0.5,objective_anchor_variant,TRANSITION_LOW,10,0.0693647679295527,0.6936476792955271,1.265660068306893,70.0,5,8
S12_C6,0.5,doz_tradable_age_bucket,1-3d,73,0.11275358251893018,8.231011523881904,1.4660525534709794,76.71232876712328,12,15
S12_C6,0.5,doz_tradable_age_bucket,1-4h,14,0.24958368848813453,3.4941716388338833,2.6935026686289185,85.71428571428571,7,9
S12_C6,0.5,doz_tradable_age_bucket,12-24h,33,0.20315737777839332,6.70419346668698,2.1653688476343853,81.81818181818183,8,12
S12_C6,0.5,doz_tradable_age_bucket,3-7d,37,0.12196028417683909,4.512530514543046,1.5390778965930236,75.67567567567568,7,13
S12_C6,0.5,doz_tradable_age_bucket,4-12h,60,0.06426222911666475,3.8557337469998854,1.2503505532592623,70.0,7,15
S12_C6,0.5,doz_tradable_age_bucket,7-30d,42,0.20795419911470686,8.734076362817689,2.198865577887409,80.95238095238095,12,15
S12_C6,0.5,doz_tradable_age_bucket,<1h,7,-0.08747854748090199,-0.6123498323663139,0.7590731290525892,57.14285714285714,4,7
S12_C6,0.5,doz_tradable_age_bucket,>=30d,38,0.009954549317033275,0.37827287404726445,1.0323207780328845,68.42105263157895,10,15
S12_C6,1.0,direction,LONG,154,0.3174708596806318,48.8905123908173,2.0212298588503117,64.28571428571429,13,15
S12_C6,1.0,direction,SHORT,150,0.1607387381487939,24.110810722319087,1.4232237917048016,54.0,8,15
S12_C6,1.0,contact_session,ASIA_CME,80,0.2575709768225304,20.60567814580243,1.8246675359309734,56.25,11,15
S12_C6,1.0,contact_session,LONDON,61,0.217249365368036,13.252211287450196,1.6005740661819516,59.01639344262295,9,15
S12_C6,1.0,contact_session,NY_AM,116,0.306173606581055,35.51613836340238,1.8994919382424469,67.24137931034483,13,15
S12_C6,1.0,contact_session,NY_PM,39,0.11874684333735751,4.631126890156943,1.3003964340162892,51.28205128205128,7,15
S12_C6,1.0,contact_session,TRANSITION,8,-0.12547894670944576,-1.003831573675566,0.6526083531733122,12.5,3,6
S12_C6,1.0,confirmation_session,ASIA_CME,80,0.2575709768225304,20.60567814580243,1.8246675359309734,56.25,11,15
S12_C6,1.0,confirmation_session,LONDON,61,0.217249365368036,13.252211287450196,1.6005740661819516,59.01639344262295,9,15
S12_C6,1.0,confirmation_session,NY_AM,116,0.306173606581055,35.51613836340238,1.8994919382424469,67.24137931034483,13,15
S12_C6,1.0,confirmation_session,NY_PM,39,0.11874684333735751,4.631126890156943,1.3003964340162892,51.28205128205128,7,15
S12_C6,1.0,confirmation_session,TRANSITION,8,-0.12547894670944576,-1.003831573675566,0.6526083531733122,12.5,3,6
S12_C6,1.0,entry_session,ASIA_CME,80,0.2575709768225304,20.60567814580243,1.8246675359309734,56.25,11,15
S12_C6,1.0,entry_session,LONDON,61,0.217249365368036,13.252211287450196,1.6005740661819516,59.01639344262295,9,15
S12_C6,1.0,entry_session,NY_AM,116,0.306173606581055,35.51613836340238,1.8994919382424469,67.24137931034483,13,15
S12_C6,1.0,entry_session,NY_PM,39,0.11874684333735751,4.631126890156943,1.3003964340162892,51.28205128205128,7,15
S12_C6,1.0,entry_session,TRANSITION,8,-0.12547894670944576,-1.003831573675566,0.6526083531733122,12.5,3,6
S12_C6,1.0,exit_session,ASIA_CME,80,0.2327881390734044,18.62305112587235,1.7318201687022143,53.75,12,15
S12_C6,1.0,exit_session,LONDON,57,0.29397903574617057,16.756805037531723,1.924920521900697,63.1578947368421,12,15
S12_C6,1.0,exit_session,NY_AM,116,0.23633090080855385,27.414384493792245,1.6406731967033006,62.06896551724138,12,15
S12_C6,1.0,exit_session,NY_PM,44,0.2531505438624728,11.138623929948803,1.700430302027146,63.63636363636363,8,15
S12_C6,1.0,exit_session,TRANSITION,7,-0.1330773534298201,-0.9315414740087407,0.6398381962397289,14.285714285714285,3,5
S12_C6,1.0,doz_anchor_source_tf,15min,130,0.25725992041307183,33.44378965369934,1.7710074843540982,60.0,11,15
S12_C6,1.0,doz_anchor_source_tf,1h,75,0.16708466222259608,12.531349666694705,1.4597207424328809,53.333333333333336,9,13
S12_C6,1.0,doz_anchor_source_tf,30min,99,0.2729917554822458,27.026183792742334,1.7900495739210276,62.62626262626263,10,15
S12_C6,1.0,doz_anchor_variant,DOZ_BASE,35,0.07196875838111864,2.5189065433391526,1.1789151443921768,45.714285714285715,7,14
S12_C6,1.0,doz_anchor_variant,DOZ_BODY,205,0.28751555156647496,58.94068807112737,1.8697708662629309,63.41463414634146,14,15
S12_C6,1.0,doz_anchor_variant,DOZ_LAST,64,0.18033950779171648,11.541728498669855,1.5018356501312706,53.125,10,15
S12_C6,1.0,objective_anchor_variant,ASIA_CME_HIGH,20,0.13187360801922182,2.6374721603844367,1.336681284508353,55.00000000000001,6,11
S12_C6,1.0,objective_anchor_variant,ASIA_CME_LOW,30,0.35463103914673494,10.638931174402048,2.1188128955029106,70.0,10,13
S12_C6,1.0,objective_anchor_variant,LONDON_HIGH,25,0.34775111007549614,8.693777751887403,2.20162467006207,64.0,9,11
S12_C6,1.0,objective_anchor_variant,LONDON_LOW,40,0.38255608499899446,15.302243399959778,2.4108366690155316,67.5,9,15
S12_C6,1.0,objective_anchor_variant,NY_AM_HIGH,52,0.1681416631650163,8.743366484580848,1.4306395290826208,55.769230769230774,8,14
S12_C6,1.0,objective_anchor_variant,NY_AM_LOW,42,0.2994163910222712,12.57548842293539,1.9355985946539336,61.904761904761905,10,14
S12_C6,1.0,objective_anchor_variant,NY_PM_HIGH,25,-0.14699164436456805,-3.674791109114201,0.7116041786546197,36.0,4,11
S12_C6,1.0,objective_anchor_variant,NY_PM_LOW,15,0.4146029255176709,6.219043882765064,2.727877702583674,66.66666666666666,6,8
S12_C6,1.0,objective_anchor_variant,PDH,17,0.18561205766233013,3.155404980259612,1.5021107223163672,52.94117647058824,5,10
S12_C6,1.0,objective_anchor_variant,PDL,16,-0.10350221554862682,-1.656035448778029,0.8019179199573078,43.75,3,8
S12_C6,1.0,objective_anchor_variant,TRANSITION_HIGH,12,0.5143978112132178,6.172773734558614,3.9704602791025554,66.66666666666666,7,8
S12_C6,1.0,objective_anchor_variant,TRANSITION_LOW,10,0.41936476792954186,4.1936476792954185,2.6061247837924504,70.0,5,8
S12_C6,1.0,doz_tradable_age_bucket,1-3d,73,0.18856456173510905,13.765213006662961,1.4852602684590195,58.9041095890411,11,15
S12_C6,1.0,doz_tradable_age_bucket,1-4h,14,0.5003930963494145,7.0055033488918035,3.252256893377431,71.42857142857143,7,9
S12_C6,1.0,doz_tradable_age_bucket,12-24h,33,0.38304157792337334,12.64037207147132,2.3970110504945037,66.66666666666666,9,12
S12_C6,1.0,doz_tradable_age_bucket,3-7d,37,0.29577919730216257,10.943830300180014,1.9547960061917455,62.16216216216216,8,13
S12_C6,1.0,doz_tradable_age_bucket,4-12h,60,0.19300077364672083,11.58004641880325,1.5526349124776093,55.00000000000001,7,15
S12_C6,1.0,doz_tradable_age_bucket,7-30d,42,0.4398212006776343,18.47249042846064,2.780709342952383,69.04761904761905,10,15
S12_C6,1.0,doz_tradable_age_bucket,<1h,7,-0.2074915218565056,-1.4524406529955391,0.5912748303619529,28.57142857142857,3,7
S12_C6,1.0,doz_tradable_age_bucket,>=30d,38,0.0012186366226824125,0.046308191661931675,1.0025762762737076,47.368421052631575,8,15
S12_C6,1.5,direction,LONG,154,0.3643748059479731,56.11372011598786,1.8816404217995775,50.649350649350644,13,15
S12_C6,1.5,direction,SHORT,150,0.17049637566937734,25.5744563504066,1.371494638592899,40.0,8,15
S12_C6,1.5,contact_session,ASIA_CME,80,0.30309055296322324,24.24724423705786,1.8004439333480964,40.0,11,15
S12_C6,1.5,contact_session,LONDON,61,0.18134680402981498,11.062155045818715,1.3772698580187883,42.62295081967213,10,15
S12_C6,1.5,contact_session,NY_AM,116,0.3227049214570197,37.43377088901428,1.7000452993257094,53.44827586206896,11,15
S12_C6,1.5,contact_session,NY_PM,39,0.2756162914495693,10.749035366533203,1.6509760453662439,46.15384615384615,8,15
S12_C6,1.5,contact_session,TRANSITION,8,-0.2255036340037009,-1.8040290720296073,0.37568746920274215,0.0,3,6
S12_C6,1.5,confirmation_session,ASIA_CME,80,0.30309055296322324,24.24724423705786,1.8004439333480964,40.0,11,15
S12_C6,1.5,confirmation_session,LONDON,61,0.18134680402981498,11.062155045818715,1.3772698580187883,42.62295081967213,10,15
S12_C6,1.5,confirmation_session,NY_AM,116,0.3227049214570197,37.43377088901428,1.7000452993257094,53.44827586206896,11,15
S12_C6,1.5,confirmation_session,NY_PM,39,0.2756162914495693,10.749035366533203,1.6509760453662439,46.15384615384615,8,15
S12_C6,1.5,confirmation_session,TRANSITION,8,-0.2255036340037009,-1.8040290720296073,0.37568746920274215,0.0,3,6
S12_C6,1.5,entry_session,ASIA_CME,80,0.30309055296322324,24.24724423705786,1.8004439333480964,40.0,11,15
S12_C6,1.5,entry_session,LONDON,61,0.18134680402981498,11.062155045818715,1.3772698580187883,42.62295081967213,10,15
S12_C6,1.5,entry_session,NY_AM,116,0.3227049214570197,37.43377088901428,1.7000452993257094,53.44827586206896,11,15
S12_C6,1.5,entry_session,NY_PM,39,0.2756162914495693,10.749035366533203,1.6509760453662439,46.15384615384615,8,15
S12_C6,1.5,entry_session,TRANSITION,8,-0.2255036340037009,-1.8040290720296073,0.37568746920274215,0.0,3,6
S12_C6,1.5,exit_session,ASIA_CME,81,0.28002026012857406,22.6816410704145,1.737538187219901,38.2716049382716,10,15
S12_C6,1.5,exit_session,LONDON,51,0.19520717427555426,9.955565888053266,1.4272839200424343,43.13725490196079,10,14
S12_C6,1.5,exit_session,NY_AM,119,0.31168014340642103,37.089937065364104,1.682058584771005,51.26050420168067,11,15
S12_C6,1.5,exit_session,NY_PM,46,0.2987435887256814,13.742205081381345,1.6400556842413778,52.17391304347826,8,15
S12_C6,1.5,exit_session,TRANSITION,7,-0.2544532341169664,-1.781172638818765,0.31134536861276785,0.0,4,6
S12_C6,1.5,doz_anchor_source_tf,15min,130,0.224167407774778,29.141763010721142,1.492362481582671,43.84615384615385,11,15
S12_C6,1.5,doz_anchor_source_tf,1h,75,0.2248925769661669,16.866943272462517,1.5507565038984008,40.0,8,13
S12_C6,1.5,doz_anchor_source_tf,30min,99,0.360398688719301,35.679470183210796,1.8360480134305854,51.515151515151516,11,15
S12_C6,1.5,doz_anchor_variant,DOZ_BASE,35,-0.09353026288955338,-3.2735592011343684,0.820186540207473,25.71428571428571,7,14
S12_C6,1.5,doz_anchor_variant,DOZ_BODY,205,0.37053771140226394,75.96023083746411,1.8980975383578225,51.21951219512195,14,15
S12_C6,1.5,doz_anchor_variant,DOZ_LAST,64,0.14064851296976108,9.00150483006471,1.3030334668813128,37.5,10,15
S12_C6,1.5,objective_anchor_variant,ASIA_CME_HIGH,20,0.11483121644851739,2.296624328970348,1.23159828874572,40.0,5,11
S12_C6,1.5,objective_anchor_variant,ASIA_CME_LOW,30,0.34925839377409434,10.477751813222831,1.7639111531583325,53.333333333333336,10,13
S12_C6,1.5,objective_anchor_variant,LONDON_HIGH,25,0.5227550255023024,13.068875637557559,2.5816125737037354,56.00000000000001,9,11
S12_C6,1.5,objective_anchor_variant,LONDON_LOW,40,0.40755608499898976,16.30224339995959,2.018462094109194,55.00000000000001,8,15
S12_C6,1.5,objective_anchor_variant,NY_AM_HIGH,52,0.12553249976294742,6.5276899876732655,1.2542992286308747,40.38461538461539,9,14
S12_C6,1.5,objective_anchor_variant,NY_AM_LOW,42,0.3902201204693339,16.389245059712024,1.991473847312936,50.0,10,14
S12_C6,1.5,objective_anchor_variant,NY_PM_HIGH,25,-0.09063732822948661,-2.2659332057371655,0.8263481016852862,28.000000000000004,5,11
S12_C6,1.5,objective_anchor_variant,NY_PM_LOW,15,0.725184936099707,10.877774041495606,4.022243221684272,60.0,6,8
S12_C6,1.5,objective_anchor_variant,PDH,17,0.24063330570525096,4.090766196989266,1.5590240604270387,41.17647058823529,5,10
S12_C6,1.5,objective_anchor_variant,PDL,16,-0.17150844737095006,-2.744135157935201,0.7141243782069107,25.0,4,8
S12_C6,1.5,objective_anchor_variant,TRANSITION_HIGH,12,0.3311355570992458,3.9736266851909496,1.9612107393487996,33.33333333333333,6,8
S12_C6,1.5,objective_anchor_variant,TRANSITION_LOW,10,0.26936476792953745,2.6936476792953745,1.5744921711993485,50.0,4,8
S12_C6,1.5,doz_tradable_age_bucket,1-3d,73,0.29115448833542706,21.254277648486177,1.648965983122674,47.94520547945205,11,15
S12_C6,1.5,doz_tradable_age_bucket,1-4h,14,0.2170950995208658,3.0393313932921213,1.4894284783126308,35.714285714285715,4,9
S12_C6,1.5,doz_tradable_age_bucket,12-24h,33,0.39805692902468487,13.135878657814601,2.066808640254658,51.515151515151516,9,12
S12_C6,1.5,doz_tradable_age_bucket,3-7d,37,0.35228029149395484,13.03437078527633,1.949523067650837,45.94594594594595,10,13
S12_C6,1.5,doz_tradable_age_bucket,4-12h,60,0.12171546291225947,7.3029277747355685,1.248782084278054,40.0,9,15
S12_C6,1.5,doz_tradable_age_bucket,7-30d,42,0.494036930319593,20.749551073422907,2.426653782484031,54.761904761904766,10,15
S12_C6,1.5,doz_tradable_age_bucket,<1h,7,-0.12492415118502942,-0.8744690582952059,0.7539193677498718,14.285714285714285,3,7
S12_C6,1.5,doz_tradable_age_bucket,>=30d,38,0.10648179451741964,4.0463081916619466,1.2019618367196658,42.10526315789473,9,15
S12_C6,2.0,direction,LONG,154,0.369992670746791,56.97887129500581,1.7875963959308372,35.714285714285715,10,15
S12_C6,2.0,direction,SHORT,150,0.1589156054959659,23.837340824394886,1.3147684093829808,28.666666666666668,7,15
S12_C6,2.0,contact_session,ASIA_CME,80,0.29246792256023224,23.39743380481858,1.7116287022047485,26.25,10,15
S12_C6,2.0,contact_session,LONDON,61,0.08187092940663888,4.994126693804972,1.1479870078715568,26.229508196721312,8,15
S12_C6,2.0,contact_session,NY_AM,116,0.40213261042808585,46.647382809657955,1.8058842366380972,41.37931034482759,12,15
S12_C6,2.0,contact_session,NY_PM,39,0.19439225341407182,7.5812978831488005,1.366668448864405,33.33333333333333,6,15
S12_C6,2.0,contact_session,TRANSITION,8,-0.2255036340037009,-1.8040290720296073,0.37568746920274215,0.0,3,6
S12_C6,2.0,confirmation_session,ASIA_CME,80,0.29246792256023224,23.39743380481858,1.7116287022047485,26.25,10,15
S12_C6,2.0,confirmation_session,LONDON,61,0.08187092940663888,4.994126693804972,1.1479870078715568,26.229508196721312,8,15
S12_C6,2.0,confirmation_session,NY_AM,116,0.40213261042808585,46.647382809657955,1.8058842366380972,41.37931034482759,12,15
S12_C6,2.0,confirmation_session,NY_PM,39,0.19439225341407182,7.5812978831488005,1.366668448864405,33.33333333333333,6,15
S12_C6,2.0,confirmation_session,TRANSITION,8,-0.2255036340037009,-1.8040290720296073,0.37568746920274215,0.0,3,6
S12_C6,2.0,entry_session,ASIA_CME,80,0.29246792256023224,23.39743380481858,1.7116287022047485,26.25,10,15
S12_C6,2.0,entry_session,LONDON,61,0.08187092940663888,4.994126693804972,1.1479870078715568,26.229508196721312,8,15
S12_C6,2.0,entry_session,NY_AM,116,0.40213261042808585,46.647382809657955,1.8058842366380972,41.37931034482759,12,15
S12_C6,2.0,entry_session,NY_PM,39,0.19439225341407182,7.5812978831488005,1.366668448864405,33.33333333333333,6,15
S12_C6,2.0,entry_session,TRANSITION,8,-0.2255036340037009,-1.8040290720296073,0.37568746920274215,0.0,3,6
S12_C6,2.0,exit_session,ASIA_CME,80,0.2968169292225572,23.745354337804578,1.7221835067860565,26.25,10,15
S12_C6,2.0,exit_session,LONDON,51,0.005021962626175367,0.2561200939349437,1.009094155310634,23.52941176470588,7,14
S12_C6,2.0,exit_session,NY_AM,115,0.3700552911116022,42.55635847783425,1.739845642330258,40.869565217391305,11,15
S12_C6,2.0,exit_session,NY_PM,51,0.3145010166401119,16.039551848645704,1.5957144682772846,35.294117647058826,7,15
S12_C6,2.0,exit_session,TRANSITION,7,-0.2544532341169664,-1.781172638818765,0.31134536861276785,0.0,4,6
S12_C6,2.0,doz_anchor_source_tf,15min,130,0.2735411509924404,35.56034962901725,1.5594611785957266,33.84615384615385,11,15
S12_C6,2.0,doz_anchor_source_tf,1h,75,0.282928825035707,21.219661877678025,1.6433042371950115,29.333333333333332,9,13
S12_C6,2.0,doz_anchor_source_tf,30min,99,0.24278990517884258,24.036200612705414,1.4664702018039644,32.323232323232325,11,15
S12_C6,2.0,doz_anchor_variant,DOZ_BASE,35,-0.14644390919275177,-5.125536821746312,0.7220173625781989,14.285714285714285,6,14
S12_C6,2.0,doz_anchor_variant,DOZ_BODY,205,0.37778090794781954,77.44508612930301,1.7954727483261717,36.58536585365854,12,15
S12_C6,2.0,doz_anchor_variant,DOZ_LAST,64,0.13276035643506232,8.496662811843988,1.2632224653476962,28.125,8,15
S12_C6,2.0,objective_anchor_variant,ASIA_CME_HIGH,20,-0.048939041983354706,-0.9787808396670941,0.9187589844798804,25.0,3,11
S12_C6,2.0,objective_anchor_variant,ASIA_CME_LOW,30,0.31555560599878485,9.466668179963545,1.5876723492837004,40.0,9,13
S12_C6,2.0,objective_anchor_variant,LONDON_HIGH,25,0.07790207184145022,1.9475517960362554,1.1514092352493077,24.0,5,11
S12_C6,2.0,objective_anchor_variant,LONDON_LOW,40,0.4709369445329717,18.837477781318867,2.037574114408319,45.0,7,15
S12_C6,2.0,objective_anchor_variant,NY_AM_HIGH,52,0.25921559909374714,13.47921115287485,1.5219646297250868,32.69230769230769,9,14
S12_C6,2.0,objective_anchor_variant,NY_AM_LOW,42,0.371563326241508,15.605659702143337,1.7933367351340241,33.33333333333333,10,14
S12_C6,2.0,objective_anchor_variant,NY_PM_HIGH,25,0.049362671770508244,1.2340667942627062,1.094573856337992,28.000000000000004,5,11
S12_C6,2.0,objective_anchor_variant,NY_PM_LOW,15,0.9262959687280998,13.894439530921497,4.860383156631178,46.666666666666664,6,8
S12_C6,2.0,objective_anchor_variant,PDH,17,0.32938884680198094,5.599610395633676,1.7650303901734246,35.294117647058826,5,10
S12_C6,2.0,objective_anchor_variant,PDL,16,-0.08689630666378703,-1.3903409066205925,0.855158529624467,18.75,4,8
S12_C6,2.0,objective_anchor_variant,TRANSITION_HIGH,12,0.18107290045767663,2.1728748054921194,1.4219038658702814,16.666666666666664,5,8
S12_C6,2.0,objective_anchor_variant,TRANSITION_LOW,10,0.09477737270415365,0.9477737270415365,1.2021380117522356,10.0,4,8
S12_C6,2.0,doz_tradable_age_bucket,1-3d,73,0.39310769341111845,28.696861619011646,1.8433016512004856,38.35616438356164,11,15
S12_C6,2.0,doz_tradable_age_bucket,1-4h,14,0.17251554742769595,2.415217663987743,1.3889264292430168,14.285714285714285,4,9
S12_C6,2.0,doz_tradable_age_bucket,12-24h,33,0.3989070754281525,13.163933489129032,1.9138064680220181,33.33333333333333,8,12
S12_C6,2.0,doz_tradable_age_bucket,3-7d,37,0.44136354622243096,16.330451210229946,2.0838125481235235,40.54054054054054,9,13
S12_C6,2.0,doz_tradable_age_bucket,4-12h,60,-0.041737271391296384,-2.504236283477783,0.9317445570299238,26.666666666666668,6,15
S12_C6,2.0,doz_tradable_age_bucket,7-30d,42,0.5837459374672719,24.51732937362542,2.5692045354656443,38.095238095238095,10,15
S12_C6,2.0,doz_tradable_age_bucket,<1h,7,-0.05349557975645799,-0.37446905829520594,0.8946222490672892,14.285714285714285,3,7
S12_C6,2.0,doz_tradable_age_bucket,>=30d,38,-0.03760199723184453,-1.4288758948100921,0.9364827890442015,23.684210526315788,7,15
S12_C6,2.5,direction,LONG,154,0.3196416272520848,49.22481059682106,1.6163052639482514,26.623376623376622,10,15
S12_C6,2.5,direction,SHORT,150,0.20703961439902738,31.05594215985411,1.3991962565074958,23.333333333333332,8,15
S12_C6,2.5,contact_session,ASIA_CME,80,0.26411981828720454,21.12958546297636,1.6232696923750145,15.0,9,15
S12_C6,2.5,contact_session,LONDON,61,0.040887322849259236,2.494126693804813,1.067692941092191,21.311475409836063,6,15
S12_C6,2.5,contact_session,NY_AM,116,0.4616017042073016,53.54579768804699,1.8632971364457884,36.206896551724135,12,15
S12_C6,2.5,contact_session,NY_PM,39,0.12603261497119492,4.915271983876602,1.22335326576314,23.076923076923077,7,15
S12_C6,2.5,contact_session,TRANSITION,8,-0.2255036340037009,-1.8040290720296073,0.37568746920274215,0.0,3,6
S12_C6,2.5,confirmation_session,ASIA_CME,80,0.26411981828720454,21.12958546297636,1.6232696923750145,15.0,9,15
S12_C6,2.5,confirmation_session,LONDON,61,0.040887322849259236,2.494126693804813,1.067692941092191,21.311475409836063,6,15
S12_C6,2.5,confirmation_session,NY_AM,116,0.4616017042073016,53.54579768804699,1.8632971364457884,36.206896551724135,12,15
S12_C6,2.5,confirmation_session,NY_PM,39,0.12603261497119492,4.915271983876602,1.22335326576314,23.076923076923077,7,15
S12_C6,2.5,confirmation_session,TRANSITION,8,-0.2255036340037009,-1.8040290720296073,0.37568746920274215,0.0,3,6
S12_C6,2.5,entry_session,ASIA_CME,80,0.26411981828720454,21.12958546297636,1.6232696923750145,15.0,9,15
S12_C6,2.5,entry_session,LONDON,61,0.040887322849259236,2.494126693804813,1.067692941092191,21.311475409836063,6,15
S12_C6,2.5,entry_session,NY_AM,116,0.4616017042073016,53.54579768804699,1.8632971364457884,36.206896551724135,12,15
S12_C6,2.5,entry_session,NY_PM,39,0.12603261497119492,4.915271983876602,1.22335326576314,23.076923076923077,7,15
S12_C6,2.5,entry_session,TRANSITION,8,-0.2255036340037009,-1.8040290720296073,0.37568746920274215,0.0,3,6
S12_C6,2.5,exit_session,ASIA_CME,80,0.26846882494952956,21.477505995962364,1.63350938858679,15.0,9,15
S12_C6,2.5,exit_session,LONDON,49,-0.11544769498104294,-5.656937054071104,0.8127696269935202,16.3265306122449,6,14
S12_C6,2.5,exit_session,NY_AM,117,0.44879656675841173,52.50919831073417,1.83734849482156,36.75213675213676,11,15
S12_C6,2.5,exit_session,NY_PM,50,0.2510853435779882,12.554267178899408,1.4443131383789092,26.0,8,15
S12_C6,2.5,exit_session,TRANSITION,8,-0.07541020935621018,-0.6032816748496814,0.7667532554891487,0.0,5,7
S12_C6,2.5,doz_anchor_source_tf,15min,130,0.2854214607835021,37.10478990185528,1.5564376115451304,25.384615384615383,9,15
S12_C6,2.5,doz_anchor_source_tf,1h,75,0.22334981549950267,16.7512361624627,1.4608404155522885,21.333333333333336,8,13
S12_C6,2.5,doz_anchor_source_tf,30min,99,0.2669164312359311,26.424726692357183,1.483659921872487,27.27272727272727,11,15
S12_C6,2.5,doz_anchor_variant,DOZ_BASE,35,-0.27501533776418413,-9.625536821746444,0.5307636858914241,8.571428571428571,4,14
S12_C6,2.5,doz_anchor_variant,DOZ_BODY,205,0.39752432056517983,81.49248571586186,1.7847395028224604,29.268292682926827,12,15
S12_C6,2.5,doz_anchor_variant,DOZ_LAST,64,0.1314656853524961,8.41380386255975,1.2526117031558939,20.3125,8,15
S12_C6,2.5,objective_anchor_variant,ASIA_CME_HIGH,20,0.014343826542552807,0.28687653085105613,1.0238113985794364,20.0,4,11
S12_C6,2.5,objective_anchor_variant,ASIA_CME_LOW,30,0.165555605998791,4.96666817996373,1.258925280019967,30.0,8,13
S12_C6,2.5,objective_anchor_variant,LONDON_HIGH,25,-0.0820979281585549,-2.0524482039638725,0.862521536612371,16.0,5,11
S12_C6,2.5,objective_anchor_variant,LONDON_LOW,40,0.43343694453297593,17.337477781319038,1.8145120943731676,37.5,10,15
S12_C6,2.5,objective_anchor_variant,NY_AM_HIGH,52,0.3508683656826611,18.245155015498376,1.70651950428941,28.846153846153843,10,14
S12_C6,2.5,objective_anchor_variant,NY_AM_LOW,42,0.3469132491813595,14.570356465617099,1.6940593585616561,23.809523809523807,9,14
S12_C6,2.5,objective_anchor_variant,NY_PM_HIGH,25,0.12908695067235967,3.227173766808992,1.247317462570797,20.0,6,11
S12_C6,2.5,objective_anchor_variant,NY_PM_LOW,15,0.9521977073715036,14.282965610572553,4.968329902554898,33.33333333333333,6,8
S12_C6,2.5,objective_anchor_variant,PDH,17,0.5058594350372916,8.599610395633958,2.174896614493263,35.294117647058826,6,10
S12_C6,2.5,objective_anchor_variant,PDL,16,-0.05352975766072832,-0.8564761225716531,0.910774932720392,12.5,4,8
S12_C6,2.5,objective_anchor_variant,TRANSITION_HIGH,12,0.19723066127193514,2.366767935263222,1.459551806197699,8.333333333333332,5,8
S12_C6,2.5,objective_anchor_variant,TRANSITION_LOW,10,-0.06933745983173398,-0.6933745983173398,0.8521193838735414,0.0,4,8
S12_C6,2.5,doz_tradable_age_bucket,1-3d,73,0.4489931032887535,32.77649654007901,1.9344364494084325,31.506849315068493,11,15
S12_C6,2.5,doz_tradable_age_bucket,1-4h,14,0.2439441188562727,3.415217663987818,1.5499580559332973,14.285714285714285,4,9
S12_C6,2.5,doz_tradable_age_bucket,12-24h,33,0.5006904595081838,16.522785163770067,2.1469693283439932,30.303030303030305,9,12
S12_C6,2.5,doz_tradable_age_bucket,3-7d,37,0.41287350760279673,15.27631978130348,1.8906483351381231,29.72972972972973,9,13
S12_C6,2.5,doz_tradable_age_bucket,4-12h,60,-0.01582845328208996,-0.9497071969253974,0.9748168056746177,20.0,7,15
S12_C6,2.5,doz_tradable_age_bucket,7-30d,42,0.5012189085160552,21.051194157674317,2.1250107875888817,28.57142857142857,10,15
S12_C6,2.5,doz_tradable_age_bucket,<1h,7,-0.4820670083278866,-3.3744690582952064,0.263449533017655,0.0,2,7
S12_C6,2.5,doz_tradable_age_bucket,>=30d,38,-0.11676537618207702,-4.437084294918927,0.8137081884943296,15.789473684210526,6,15
S12_C6,3.0,direction,LONG,154,0.37053939674327824,57.06306709846485,1.69663627763455,22.727272727272727,12,15
S12_C6,3.0,direction,SHORT,150,0.2408302094281187,36.124531414217806,1.4579776751319184,18.666666666666668,7,15
S12_C6,3.0,contact_session,ASIA_CME,80,0.28112952907462063,22.49036232596965,1.644121892432185,12.5,9,15
S12_C6,3.0,contact_session,LONDON,61,0.14744469989844222,8.994126693804976,1.2441090462532414,21.311475409836063,6,15
S12_C6,3.0,contact_session,NY_AM,116,0.4912494972641747,56.98494168264427,1.8885392580318594,28.448275862068968,12,15
S12_C6,3.0,contact_session,NY_PM,39,0.1672358174947019,6.522196882293374,1.2963730142276837,17.94871794871795,8,15
S12_C6,3.0,contact_session,TRANSITION,8,-0.2255036340037009,-1.8040290720296073,0.37568746920274215,0.0,3,6
S12_C6,3.0,confirmation_session,ASIA_CME,80,0.28112952907462063,22.49036232596965,1.644121892432185,12.5,9,15
S12_C6,3.0,confirmation_session,LONDON,61,0.14744469989844222,8.994126693804976,1.2441090462532414,21.311475409836063,6,15
S12_C6,3.0,confirmation_session,NY_AM,116,0.4912494972641747,56.98494168264427,1.8885392580318594,28.448275862068968,12,15
S12_C6,3.0,confirmation_session,NY_PM,39,0.1672358174947019,6.522196882293374,1.2963730142276837,17.94871794871795,8,15
S12_C6,3.0,confirmation_session,TRANSITION,8,-0.2255036340037009,-1.8040290720296073,0.37568746920274215,0.0,3,6
S12_C6,3.0,entry_session,ASIA_CME,80,0.28112952907462063,22.49036232596965,1.644121892432185,12.5,9,15
S12_C6,3.0,entry_session,LONDON,61,0.14744469989844222,8.994126693804976,1.2441090462532414,21.311475409836063,6,15
S12_C6,3.0,entry_session,NY_AM,116,0.4912494972641747,56.98494168264427,1.8885392580318594,28.448275862068968,12,15
S12_C6,3.0,entry_session,NY_PM,39,0.1672358174947019,6.522196882293374,1.2963730142276837,17.94871794871795,8,15
S12_C6,3.0,entry_session,TRANSITION,8,-0.2255036340037009,-1.8040290720296073,0.37568746920274215,0.0,3,6
S12_C6,3.0,exit_session,ASIA_CME,79,0.25952960107442274,20.502838484879398,1.5871786187340238,12.658227848101266,9,15
S12_C6,3.0,exit_session,LONDON,50,0.013570146400105516,0.6785073200052758,1.022456883892811,16.0,7,14
S12_C6,3.0,exit_session,NY_AM,116,0.5730566170676653,66.47456757984918,2.060050065466759,32.758620689655174,11,15
S12_C6,3.0,exit_session,NY_PM,51,0.12029346672153887,6.134966802798482,1.202047557133459,13.725490196078432,7,15
S12_C6,3.0,exit_session,TRANSITION,8,-0.07541020935621018,-0.6032816748496814,0.7667532554891487,0.0,5,7
S12_C6,3.0,doz_anchor_source_tf,15min,130,0.28857890044655937,37.51525705805272,1.537418612967249,20.0,10,15
S12_C6,3.0,doz_anchor_source_tf,1h,75,0.27542768388353794,20.657076291265344,1.5682933205547085,17.333333333333336,9,13
S12_C6,3.0,doz_anchor_source_tf,30min,99,0.3536895471046929,35.015265163364596,1.6408951967762677,24.242424242424242,12,15
S12_C6,3.0,doz_anchor_variant,DOZ_BASE,35,-0.23215819490703749,-8.125536821746312,0.6038873447789727,8.571428571428571,4,14
S12_C6,3.0,doz_anchor_variant,DOZ_BODY,205,0.43166339187375624,88.49099533412003,1.8272491028767848,23.902439024390244,11,15
S12_C6,3.0,doz_anchor_variant,DOZ_LAST,64,0.200345937504827,12.822140000308927,1.3849653113491922,17.1875,8,15
S12_C6,3.0,objective_anchor_variant,ASIA_CME_HIGH,20,0.11434382654254545,2.286876530850909,1.1898159058759734,20.0,4,11
S12_C6,3.0,objective_anchor_variant,ASIA_CME_LOW,30,0.31555560599878485,9.466668179963545,1.4935219387599745,30.0,8,13
S12_C6,3.0,objective_anchor_variant,LONDON_HIGH,25,-0.3495351702797187,-8.738379256992967,0.45424104249752906,0.0,3,11
S12_C6,3.0,objective_anchor_variant,LONDON_LOW,40,0.44861006699339434,17.944402679735774,1.804651283529835,30.0,9,15
S12_C6,3.0,objective_anchor_variant,NY_AM_HIGH,52,0.46397214414421917,24.126551495499395,1.9342688066137832,25.0,10,14
S12_C6,3.0,objective_anchor_variant,NY_AM_LOW,42,0.43906931442502717,18.44091120585114,1.8784333473946628,21.428571428571427,9,14
S12_C6,3.0,objective_anchor_variant,NY_PM_HIGH,25,0.14401190376804798,3.6002975942011997,1.2759121540511353,16.0,6,11
S12_C6,3.0,objective_anchor_variant,NY_PM_LOW,15,0.8095828315710633,12.143742473565949,3.625349395942853,20.0,5,8
S12_C6,3.0,objective_anchor_variant,PDH,17,0.6823300232725691,11.599610395633675,2.584762838813024,35.294117647058826,6,10
S12_C6,3.0,objective_anchor_variant,PDL,16,0.008970242339259415,0.14352387742815065,1.0149518793136996,12.5,4,8
S12_C6,3.0,objective_anchor_variant,TRANSITION_HIGH,12,0.23889732793860183,2.866767935263222,1.5566360617663784,8.333333333333332,5,8
S12_C6,3.0,objective_anchor_variant,TRANSITION_LOW,10,-0.06933745983173398,-0.6933745983173398,0.8521193838735414,0.0,4,8
S12_C6,3.0,doz_tradable_age_bucket,1-3d,73,0.5178210984778084,37.80094018888002,2.045425960168943,28.767123287671232,11,15
S12_C6,3.0,doz_tradable_age_bucket,1-4h,14,0.3153726902848388,4.415217663987743,1.7109896826235536,14.285714285714285,4,9
S12_C6,3.0,doz_tradable_age_bucket,12-24h,33,0.4471722986107739,14.756685854155538,1.9562432801391407,21.21212121212121,9,12
S12_C6,3.0,doz_tradable_age_bucket,3-7d,37,0.5356853295066575,19.82035719174633,2.1555772848037047,24.324324324324326,9,13
S12_C6,3.0,doz_tradable_age_bucket,4-12h,60,0.039829714851353885,2.389782891081233,1.0633693912570181,16.666666666666664,8,15
S12_C6,3.0,doz_tradable_age_bucket,7-30d,42,0.5432420970487155,22.81616807604605,2.219333925892053,21.428571428571427,9,15
S12_C6,3.0,doz_tradable_age_bucket,<1h,7,-0.4820670083278866,-3.3744690582952064,0.263449533017655,0.0,2,7
S12_C6,3.0,doz_tradable_age_bucket,>=30d,38,-0.14308116565576431,-5.437084294919044,0.7810544807415853,13.157894736842104,5,15
S18_C9_STRESS,0.5,direction,LONG,154,0.15948132946761423,24.56012473801259,1.8071293109781523,79.22077922077922,12,15
S18_C9_STRESS,0.5,direction,SHORT,150,0.010876380387402627,1.631457058110394,1.036593302681132,68.66666666666667,6,15
S18_C9_STRESS,0.5,contact_session,ASIA_CME,80,0.07815355045007785,6.252284036006228,1.3195842896153054,71.25,9,15
S18_C9_STRESS,0.5,contact_session,LONDON,61,0.12322514276495047,7.516733708661979,1.5437351468509444,78.68852459016394,11,15
S18_C9_STRESS,0.5,contact_session,NY_AM,116,0.12378877104304746,14.359497440993506,1.5448226542583596,78.44827586206897,11,15
S18_C9_STRESS,0.5,contact_session,NY_PM,39,-0.016802451803623927,-0.6552956203413332,0.9474987277310586,66.66666666666666,6,15
S18_C9_STRESS,0.5,contact_session,TRANSITION,8,-0.16020472114967474,-1.281637769197398,0.5400737518657425,37.5,3,6
S18_C9_STRESS,0.5,confirmation_session,ASIA_CME,80,0.07815355045007785,6.252284036006228,1.3195842896153054,71.25,9,15
S18_C9_STRESS,0.5,confirmation_session,LONDON,61,0.12322514276495047,7.516733708661979,1.5437351468509444,78.68852459016394,11,15
S18_C9_STRESS,0.5,confirmation_session,NY_AM,116,0.12378877104304746,14.359497440993506,1.5448226542583596,78.44827586206897,11,15
S18_C9_STRESS,0.5,confirmation_session,NY_PM,39,-0.016802451803623927,-0.6552956203413332,0.9474987277310586,66.66666666666666,6,15
S18_C9_STRESS,0.5,confirmation_session,TRANSITION,8,-0.16020472114967474,-1.281637769197398,0.5400737518657425,37.5,3,6
S18_C9_STRESS,0.5,entry_session,ASIA_CME,80,0.07815355045007785,6.252284036006228,1.3195842896153054,71.25,9,15
S18_C9_STRESS,0.5,entry_session,LONDON,61,0.12322514276495047,7.516733708661979,1.5437351468509444,78.68852459016394,11,15
S18_C9_STRESS,0.5,entry_session,NY_AM,116,0.12378877104304746,14.359497440993506,1.5448226542583596,78.44827586206897,11,15
S18_C9_STRESS,0.5,entry_session,NY_PM,39,-0.016802451803623927,-0.6552956203413332,0.9474987277310586,66.66666666666666,6,15
S18_C9_STRESS,0.5,entry_session,TRANSITION,8,-0.16020472114967474,-1.281637769197398,0.5400737518657425,37.5,3,6
S18_C9_STRESS,0.5,exit_session,ASIA_CME,82,0.06735752187247056,5.523316793542586,1.2722783953295185,69.51219512195121,9,15
S18_C9_STRESS,0.5,exit_session,LONDON,58,0.1529641567861991,8.871921093599548,1.7572964477365978,79.3103448275862,12,15
S18_C9_STRESS,0.5,exit_session,NY_AM,114,0.10528335380909916,12.002302334237305,1.4376512793238823,77.19298245614034,10,15
S18_C9_STRESS,0.5,exit_session,NY_PM,44,0.02459635368117832,1.0822395619718461,1.0834068121796794,70.45454545454545,7,15
S18_C9_STRESS,0.5,exit_session,TRANSITION,6,-0.21469966453805,-1.2881979872283,0.5067932502977746,50.0,2,4
S18_C9_STRESS,0.5,doz_anchor_source_tf,15min,130,0.07354254047493806,9.560530261741949,1.2882326032602383,73.84615384615385,10,15
S18_C9_STRESS,0.5,doz_anchor_source_tf,1h,75,0.055006324511492836,4.125474338361963,1.2088850778544362,69.33333333333334,8,13
S18_C9_STRESS,0.5,doz_anchor_source_tf,30min,99,0.1263189615759502,12.50557719601907,1.5660424172139524,77.77777777777779,11,15
S18_C9_STRESS,0.5,doz_anchor_variant,DOZ_BASE,35,0.1101610714315779,3.8556375001052263,1.4813575407773487,74.28571428571429,8,14
S18_C9_STRESS,0.5,doz_anchor_variant,DOZ_BODY,205,0.09307452964972235,19.08027857819308,1.385380495137917,75.1219512195122,10,15
S18_C9_STRESS,0.5,doz_anchor_variant,DOZ_LAST,64,0.05086977684101056,3.2556657178246757,1.186119796923807,70.3125,9,15
S18_C9_STRESS,0.5,objective_anchor_variant,ASIA_CME_HIGH,20,-0.05073552240771299,-1.0147104481542597,0.8488473638992017,65.0,5,11
S18_C9_STRESS,0.5,objective_anchor_variant,ASIA_CME_LOW,30,0.18898638324209877,5.669591497262963,2.0418350838802923,83.33333333333334,11,13
S18_C9_STRESS,0.5,objective_anchor_variant,LONDON_HIGH,25,0.3312999160123251,8.282497900308128,4.96189058411026,92.0,9,11
S18_C9_STRESS,0.5,objective_anchor_variant,LONDON_LOW,40,0.16382632126431682,6.553052850572673,1.8513669847518317,80.0,10,15
S18_C9_STRESS,0.5,objective_anchor_variant,NY_AM_HIGH,52,-0.06342941961741191,-3.29832982010542,0.8221143321787947,65.38461538461539,7,14
S18_C9_STRESS,0.5,objective_anchor_variant,NY_AM_LOW,42,0.23770419834735504,9.983576330588912,2.591646322130036,85.71428571428571,12,14
S18_C9_STRESS,0.5,objective_anchor_variant,NY_PM_HIGH,25,-0.12228712798124747,-3.0571781995311866,0.6723207792046892,56.00000000000001,5,11
S18_C9_STRESS,0.5,objective_anchor_variant,NY_PM_LOW,15,0.06664630891297631,0.9996946336946446,1.2744340702720274,66.66666666666666,5,8
S18_C9_STRESS,0.5,objective_anchor_variant,PDH,17,-0.010950190802081835,-0.1861532436353912,0.9649295358395111,64.70588235294117,6,10
S18_C9_STRESS,0.5,objective_anchor_variant,PDL,16,-0.019189612943707218,-0.3070338070993155,0.9413067696716234,68.75,5,8
S18_C9_STRESS,0.5,objective_anchor_variant,TRANSITION_HIGH,12,0.16547393919686512,1.9856872703623814,1.9445214530567139,75.0,6,8
S18_C9_STRESS,0.5,objective_anchor_variant,TRANSITION_LOW,10,0.0580886831858856,0.580886831858856,1.219914727991678,70.0,5,8
S18_C9_STRESS,0.5,doz_tradable_age_bucket,1-3d,73,0.05818980001387406,4.2478554010128065,1.2113816741833758,73.97260273972603,10,15
S18_C9_STRESS,0.5,doz_tradable_age_bucket,1-4h,14,0.2363063196643451,3.3082884753008313,2.583848173855226,85.71428571428571,7,9
S18_C9_STRESS,0.5,doz_tradable_age_bucket,12-24h,33,0.18966634605644472,6.258989419862676,2.0735005984768264,81.81818181818183,8,12
S18_C9_STRESS,0.5,doz_tradable_age_bucket,3-7d,37,0.10862312454488386,4.019055608160703,1.4751795933071548,75.67567567567568,7,13
S18_C9_STRESS,0.5,doz_tradable_age_bucket,4-12h,60,0.022171052304826952,1.330263138289617,1.0795682231440347,68.33333333333333,6,15
S18_C9_STRESS,0.5,doz_tradable_age_bucket,7-30d,42,0.19452244397742266,8.169942647051752,2.1047713282932556,80.95238095238095,12,15
S18_C9_STRESS,0.5,doz_tradable_age_bucket,<1h,7,-0.1478983410679639,-1.0352883874757473,0.5964841790841298,42.857142857142854,4,7
S18_C9_STRESS,0.5,doz_tradable_age_bucket,>=30d,38,-0.0028295922652540636,-0.10752450607965441,0.9909340698156751,68.42105263157895,10,15
S18_C9_STRESS,1.0,direction,LONG,154,0.22358684666711254,34.43237438673533,1.626597902790522,60.3896103896104,13,15
S18_C9_STRESS,1.0,direction,SHORT,150,0.09375184576359895,14.062776864539842,1.2302269164007409,50.66666666666667,8,15
S18_C9_STRESS,1.0,contact_session,ASIA_CME,80,0.17171192946226815,13.736954356981453,1.499905322210551,51.24999999999999,9,15
S18_C9_STRESS,1.0,contact_session,LONDON,61,0.10264696398709615,6.261464803212865,1.244355488427456,54.09836065573771,8,15
S18_C9_STRESS,1.0,contact_session,NY_AM,116,0.24016808138787538,27.859497440993543,1.6450275285394385,64.65517241379311,13,15
S18_C9_STRESS,1.0,contact_session,NY_PM,39,0.05089550225322773,1.9849245878758814,1.1183901097554003,48.717948717948715,6,15
S18_C9_STRESS,1.0,contact_session,TRANSITION,8,-0.16846124222356917,-1.3476899377885534,0.5466735135468898,12.5,2,6
S18_C9_STRESS,1.0,confirmation_session,ASIA_CME,80,0.17171192946226815,13.736954356981453,1.499905322210551,51.24999999999999,9,15
S18_C9_STRESS,1.0,confirmation_session,LONDON,61,0.10264696398709615,6.261464803212865,1.244355488427456,54.09836065573771,8,15
S18_C9_STRESS,1.0,confirmation_session,NY_AM,116,0.24016808138787538,27.859497440993543,1.6450275285394385,64.65517241379311,13,15
S18_C9_STRESS,1.0,confirmation_session,NY_PM,39,0.05089550225322773,1.9849245878758814,1.1183901097554003,48.717948717948715,6,15
S18_C9_STRESS,1.0,confirmation_session,TRANSITION,8,-0.16846124222356917,-1.3476899377885534,0.5466735135468898,12.5,2,6
S18_C9_STRESS,1.0,entry_session,ASIA_CME,80,0.17171192946226815,13.736954356981453,1.499905322210551,51.24999999999999,9,15
S18_C9_STRESS,1.0,entry_session,LONDON,61,0.10264696398709615,6.261464803212865,1.244355488427456,54.09836065573771,8,15
S18_C9_STRESS,1.0,entry_session,NY_AM,116,0.24016808138787538,27.859497440993543,1.6450275285394385,64.65517241379311,13,15
S18_C9_STRESS,1.0,entry_session,NY_PM,39,0.05089550225322773,1.9849245878758814,1.1183901097554003,48.717948717948715,6,15
S18_C9_STRESS,1.0,entry_session,TRANSITION,8,-0.16846124222356917,-1.3476899377885534,0.5466735135468898,12.5,2,6
S18_C9_STRESS,1.0,exit_session,ASIA_CME,80,0.15495264272106354,12.396211417685084,1.4430488774403998,50.0,10,15
S18_C9_STRESS,1.0,exit_session,LONDON,54,0.11421788169415954,6.167765611484615,1.2853653361961839,53.70370370370371,10,14
S18_C9_STRESS,1.0,exit_session,NY_AM,119,0.2061600644315027,24.53304766734882,1.5390308088807219,61.34453781512605,12,15
S18_C9_STRESS,1.0,exit_session,NY_PM,44,0.1491834596521599,6.564072224695035,1.3586568458178738,59.09090909090909,7,15
S18_C9_STRESS,1.0,exit_session,TRANSITION,7,-0.16656366713405227,-1.165945669938366,0.5559266340793014,14.285714285714285,2,5
S18_C9_STRESS,1.0,doz_anchor_source_tf,15min,130,0.14291073700843737,18.578395811096858,1.367893274205702,54.61538461538461,9,15
S18_C9_STRESS,1.0,doz_anchor_source_tf,1h,75,0.08659622729602098,6.494717047201574,1.2178577012166911,49.333333333333336,7,13
S18_C9_STRESS,1.0,doz_anchor_source_tf,30min,99,0.2365862463937046,23.422038392976756,1.655668172367019,61.61616161616161,10,15
S18_C9_STRESS,1.0,doz_anchor_variant,DOZ_BASE,35,-0.02346198038471063,-0.821169313464872,0.9466350885296781,40.0,6,14
S18_C9_STRESS,1.0,doz_anchor_variant,DOZ_BODY,205,0.20891114348646764,42.826784414725864,1.5693442623263567,60.0,12,15
S18_C9_STRESS,1.0,doz_anchor_variant,DOZ_LAST,64,0.10139900234397176,6.489536150014192,1.255247407331396,50.0,8,15
S18_C9_STRESS,1.0,objective_anchor_variant,ASIA_CME_HIGH,20,0.11570947308372108,2.3141894616744216,1.2897834176385334,55.00000000000001,6,11
S18_C9_STRESS,1.0,objective_anchor_variant,ASIA_CME_LOW,30,0.272319716575425,8.169591497262749,1.7588740575942268,66.66666666666666,9,13
S18_C9_STRESS,1.0,objective_anchor_variant,LONDON_HIGH,25,0.3299774943681193,8.249437359202982,2.1238917251748908,64.0,9,11
S18_C9_STRESS,1.0,objective_anchor_variant,LONDON_LOW,40,0.31805220571998627,12.72208822879945,2.054364011415682,65.0,8,15
S18_C9_STRESS,1.0,objective_anchor_variant,NY_AM_HIGH,52,0.058768699955738954,3.0559723976984254,1.1342574413269588,50.0,7,14
S18_C9_STRESS,1.0,objective_anchor_variant,NY_AM_LOW,42,0.13757681283407544,5.778226139031169,1.344424238935254,54.761904761904766,8,14
S18_C9_STRESS,1.0,objective_anchor_variant,NY_PM_HIGH,25,-0.16539495156278583,-4.134873789069646,0.6809448827729261,36.0,4,11
S18_C9_STRESS,1.0,objective_anchor_variant,NY_PM_LOW,15,0.39997964224630445,5.999694633694567,2.647023564214678,66.66666666666666,6,8
S18_C9_STRESS,1.0,objective_anchor_variant,PDH,17,0.12999250253565736,2.209872543106175,1.346663321892932,47.05882352941176,5,10
S18_C9_STRESS,1.0,objective_anchor_variant,PDL,16,-0.11865433406532858,-1.8984693450452572,0.776825602238552,43.75,3,8
S18_C9_STRESS,1.0,objective_anchor_variant,TRANSITION_HIGH,12,0.3290446077551145,3.9485352930613744,2.248776299388357,58.333333333333336,7,8
S18_C9_STRESS,1.0,objective_anchor_variant,TRANSITION_LOW,10,0.20808868318587748,2.0808868318587748,1.5636611706549501,60.0,5,8
S18_C9_STRESS,1.0,doz_tradable_age_bucket,1-3d,73,0.14507353006132015,10.59036769447637,1.3544396183791263,57.534246575342465,10,15
S18_C9_STRESS,1.0,doz_tradable_age_bucket,1-4h,14,0.34079546414284917,4.771136497999889,2.1320969739076703,64.28571428571429,6,9
S18_C9_STRESS,1.0,doz_tradable_age_bucket,12-24h,33,0.30669902709730323,10.121067894211007,1.9894034181466433,63.63636363636363,8,12
S18_C9_STRESS,1.0,doz_tradable_age_bucket,3-7d,37,0.1876148450494379,6.941749266829202,1.5477449798809537,54.054054054054056,8,13
S18_C9_STRESS,1.0,doz_tradable_age_bucket,4-12h,60,0.039302769647794535,2.358166178867672,1.091930887195217,48.333333333333336,5,15
S18_C9_STRESS,1.0,doz_tradable_age_bucket,7-30d,42,0.4228923917990953,17.761480455562005,2.6882396024221533,69.04761904761905,10,15
S18_C9_STRESS,1.0,doz_tradable_age_bucket,<1h,7,-0.21932691249654876,-1.5352883874758414,0.5715651867999453,28.57142857142857,3,7
S18_C9_STRESS,1.0,doz_tradable_age_bucket,>=30d,38,-0.06614548287355569,-2.5135283491951164,0.8696400725920289,44.73684210526316,7,15
S18_C9_STRESS,1.5,direction,LONG,154,0.26141121959139724,40.25732781707517,1.5746430981349384,46.103896103896105,11,15
S18_C9_STRESS,1.5,direction,SHORT,150,0.11588438322578436,17.382657483867654,1.2445390211716363,37.333333333333336,8,15
S18_C9_STRESS,1.5,contact_session,ASIA_CME,80,0.21302423542830481,17.041938834264386,1.5165654924967165,37.5,11,15
S18_C9_STRESS,1.5,contact_session,LONDON,61,0.03602841787738208,2.1977334905203065,1.0663966860087557,36.0655737704918,8,15
S18_C9_STRESS,1.5,contact_session,NY_AM,116,0.26298881265908763,30.506702268454163,1.5515601823485154,49.137931034482754,11,15
S18_C9_STRESS,1.5,contact_session,NY_PM,39,0.25885653588555635,10.095404899536698,1.6021367770754285,46.15384615384615,8,15
S18_C9_STRESS,1.5,contact_session,TRANSITION,8,-0.27522427397909,-2.20179419183272,0.25937591660419845,0.0,2,6
S18_C9_STRESS,1.5,confirmation_session,ASIA_CME,80,0.21302423542830481,17.041938834264386,1.5165654924967165,37.5,11,15
S18_C9_STRESS,1.5,confirmation_session,LONDON,61,0.03602841787738208,2.1977334905203065,1.0663966860087557,36.0655737704918,8,15
S18_C9_STRESS,1.5,confirmation_session,NY_AM,116,0.26298881265908763,30.506702268454163,1.5515601823485154,49.137931034482754,11,15
S18_C9_STRESS,1.5,confirmation_session,NY_PM,39,0.25885653588555635,10.095404899536698,1.6021367770754285,46.15384615384615,8,15
S18_C9_STRESS,1.5,confirmation_session,TRANSITION,8,-0.27522427397909,-2.20179419183272,0.25937591660419845,0.0,2,6
S18_C9_STRESS,1.5,entry_session,ASIA_CME,80,0.21302423542830481,17.041938834264386,1.5165654924967165,37.5,11,15
S18_C9_STRESS,1.5,entry_session,LONDON,61,0.03602841787738208,2.1977334905203065,1.0663966860087557,36.0655737704918,8,15
S18_C9_STRESS,1.5,entry_session,NY_AM,116,0.26298881265908763,30.506702268454163,1.5515601823485154,49.137931034482754,11,15
S18_C9_STRESS,1.5,entry_session,NY_PM,39,0.25885653588555635,10.095404899536698,1.6021367770754285,46.15384615384615,8,15
S18_C9_STRESS,1.5,entry_session,TRANSITION,8,-0.27522427397909,-2.20179419183272,0.25937591660419845,0.0,2,6
S18_C9_STRESS,1.5,exit_session,ASIA_CME,81,0.18880453253372717,15.2931671352319,1.45663407294338,35.80246913580247,10,15
S18_C9_STRESS,1.5,exit_session,LONDON,50,-0.0022163194435395627,-0.11081597217697814,0.9958940077505151,34.0,7,14
S18_C9_STRESS,1.5,exit_session,NY_AM,120,0.2520976195344281,30.251714344131372,1.527874200991251,48.333333333333336,11,15
S18_C9_STRESS,1.5,exit_session,NY_PM,46,0.3090865778431721,14.217982580785916,1.686012622653047,50.0,8,15
S18_C9_STRESS,1.5,exit_session,TRANSITION,7,-0.2874375410041961,-2.0120627870293726,0.23366626994965628,0.0,3,6
S18_C9_STRESS,1.5,doz_anchor_source_tf,15min,130,0.18415614879643266,23.940299343536246,1.3978413272099726,41.53846153846154,11,15
S18_C9_STRESS,1.5,doz_anchor_source_tf,1h,75,0.16396577702953918,12.297433277215438,1.3808391892271845,36.0,8,13
S18_C9_STRESS,1.5,doz_anchor_source_tf,30min,99,0.21618437050698136,21.402252680191154,1.4397083729359388,46.464646464646464,9,15
S18_C9_STRESS,1.5,doz_anchor_variant,DOZ_BASE,35,-0.11841350703296136,-4.144472746153648,0.7763611208698761,25.71428571428571,6,14
S18_C9_STRESS,1.5,doz_anchor_variant,DOZ_BODY,205,0.27663801716704456,56.710793519244135,1.6205763675145373,46.82926829268293,12,15
S18_C9_STRESS,1.5,doz_anchor_variant,DOZ_LAST,64,0.07927600824769296,5.073664527852349,1.162494846091518,34.375,9,15
S18_C9_STRESS,1.5,objective_anchor_variant,ASIA_CME_HIGH,20,-0.0028822367821480454,-0.05764473564296091,0.9943114193350426,30.0,4,11
S18_C9_STRESS,1.5,objective_anchor_variant,ASIA_CME_LOW,30,0.16411224136565214,4.923367240969564,1.30542597416877,46.666666666666664,9,13
S18_C9_STRESS,1.5,objective_anchor_variant,LONDON_HIGH,25,0.38376791685521866,9.594197921380466,2.0151119793946455,48.0,8,11
S18_C9_STRESS,1.5,objective_anchor_variant,LONDON_LOW,40,0.3305522057199954,13.222088228799816,1.7650336433441343,52.5,7,15
S18_C9_STRESS,1.5,objective_anchor_variant,NY_AM_HIGH,52,0.10632766525350122,5.529038593182063,1.2117585803838686,40.38461538461539,9,14
S18_C9_STRESS,1.5,objective_anchor_variant,NY_AM_LOW,42,0.24411242067586877,10.252721668386489,1.5407178109588124,42.857142857142854,9,14
S18_C9_STRESS,1.5,objective_anchor_variant,NY_PM_HIGH,25,-0.11172554350789575,-2.7931385876973938,0.7897857958212072,28.000000000000004,5,11
S18_C9_STRESS,1.5,objective_anchor_variant,NY_PM_LOW,15,0.6873642344890635,10.310463517335952,3.830406780314907,53.333333333333336,6,8
S18_C9_STRESS,1.5,objective_anchor_variant,PDH,17,0.21822779665331146,3.709872543106295,1.4997142867996127,41.17647058823529,5,10
S18_C9_STRESS,1.5,objective_anchor_variant,PDL,16,-0.19453475446308358,-3.112556071409337,0.6821195804097545,25.0,4,8
S18_C9_STRESS,1.5,objective_anchor_variant,TRANSITION_HIGH,12,0.2900573458894253,3.4806881506731036,1.8327931857032596,33.33333333333333,6,8
S18_C9_STRESS,1.5,objective_anchor_variant,TRANSITION_LOW,10,0.2580886831858775,2.580886831858775,1.5426897628146037,50.0,4,8
S18_C9_STRESS,1.5,doz_tradable_age_bucket,1-3d,73,0.23808465278265947,17.380179653134142,1.5060194504036881,46.57534246575342,10,15
S18_C9_STRESS,1.5,doz_tradable_age_bucket,1-4h,14,0.18229389154618328,2.5521144816465657,1.4053527715884606,35.714285714285715,4,9
S18_C9_STRESS,1.5,doz_tradable_age_bucket,12-24h,33,0.29888043952932547,9.86305450446774,1.7215274774755172,45.45454545454545,9,12
S18_C9_STRESS,1.5,doz_tradable_age_bucket,3-7d,37,0.2629097983909519,9.727662540465221,1.646322910389279,43.24324324324324,10,13
S18_C9_STRESS,1.5,doz_tradable_age_bucket,4-12h,60,-0.02744272584770419,-1.6465635508622514,0.9502403119680836,35.0,7,15
S18_C9_STRESS,1.5,doz_tradable_age_bucket,7-30d,42,0.4172875744523515,17.52607812699876,2.1858294565141643,47.61904761904761,9,15
S18_C9_STRESS,1.5,doz_tradable_age_bucket,<1h,7,-0.1426294000192375,-0.9984058001346625,0.7213866749934783,14.285714285714285,3,7
S18_C9_STRESS,1.5,doz_tradable_age_bucket,>=30d,38,0.08515435119019245,3.235865345227313,1.1592229988182003,39.473684210526315,9,15
S18_C9_STRESS,2.0,direction,LONG,154,0.2931144206279423,45.13962077670311,1.5965594223270139,33.76623376623377,10,15
S18_C9_STRESS,2.0,direction,SHORT,150,0.1263230100306318,18.948451504594768,1.2492603143283991,27.333333333333332,6,15
S18_C9_STRESS,2.0,contact_session,ASIA_CME,80,0.2273928120706028,18.191424965648224,1.5424128694982044,23.75,10,15
S18_C9_STRESS,2.0,contact_session,LONDON,61,0.05452325144367041,3.325918338063895,1.0968020083317043,26.229508196721312,7,15
S18_C9_STRESS,2.0,contact_session,NY_AM,116,0.3524791766893978,40.887584495970145,1.6957321422742464,39.6551724137931,12,15
S18_C9_STRESS,2.0,contact_session,NY_PM,39,0.09961381213970104,3.8849386734483407,1.176208713959081,30.76923076923077,5,15
S18_C9_STRESS,2.0,contact_session,TRANSITION,8,-0.27522427397909,-2.20179419183272,0.25937591660419845,0.0,2,6
S18_C9_STRESS,2.0,confirmation_session,ASIA_CME,80,0.2273928120706028,18.191424965648224,1.5424128694982044,23.75,10,15
S18_C9_STRESS,2.0,confirmation_session,LONDON,61,0.05452325144367041,3.325918338063895,1.0968020083317043,26.229508196721312,7,15
S18_C9_STRESS,2.0,confirmation_session,NY_AM,116,0.3524791766893978,40.887584495970145,1.6957321422742464,39.6551724137931,12,15
S18_C9_STRESS,2.0,confirmation_session,NY_PM,39,0.09961381213970104,3.8849386734483407,1.176208713959081,30.76923076923077,5,15
S18_C9_STRESS,2.0,confirmation_session,TRANSITION,8,-0.27522427397909,-2.20179419183272,0.25937591660419845,0.0,2,6
S18_C9_STRESS,2.0,entry_session,ASIA_CME,80,0.2273928120706028,18.191424965648224,1.5424128694982044,23.75,10,15
S18_C9_STRESS,2.0,entry_session,LONDON,61,0.05452325144367041,3.325918338063895,1.0968020083317043,26.229508196721312,7,15
S18_C9_STRESS,2.0,entry_session,NY_AM,116,0.3524791766893978,40.887584495970145,1.6957321422742464,39.6551724137931,12,15
S18_C9_STRESS,2.0,entry_session,NY_PM,39,0.09961381213970104,3.8849386734483407,1.176208713959081,30.76923076923077,5,15
S18_C9_STRESS,2.0,entry_session,TRANSITION,8,-0.27522427397909,-2.20179419183272,0.25937591660419845,0.0,2,6
S18_C9_STRESS,2.0,exit_session,ASIA_CME,80,0.2302859084672928,18.422872677383424,1.550083008418213,23.75,10,15
S18_C9_STRESS,2.0,exit_session,LONDON,50,-0.06324295692852172,-3.162147846426086,0.8900500450703088,22.0,6,14
S18_C9_STRESS,2.0,exit_session,NY_AM,116,0.3383629303886213,39.25009992508007,1.6601969071370208,40.51724137931034,12,15
S18_C9_STRESS,2.0,exit_session,NY_PM,51,0.2272413786723497,11.589310312289834,1.4236373071801542,31.372549019607842,7,15
S18_C9_STRESS,2.0,exit_session,TRANSITION,7,-0.2874375410041961,-2.0120627870293726,0.23366626994965628,0.0,3,6
S18_C9_STRESS,2.0,doz_anchor_source_tf,15min,130,0.20365590422839286,26.475267549691072,1.4093948637050253,30.76923076923077,10,15
S18_C9_STRESS,2.0,doz_anchor_source_tf,1h,75,0.21166310968734356,15.874733226550767,1.4577789964635364,28.000000000000004,8,13
S18_C9_STRESS,2.0,doz_anchor_source_tf,30min,99,0.21957647984905093,21.73807150505604,1.4153375272811546,32.323232323232325,11,15
S18_C9_STRESS,2.0,doz_anchor_variant,DOZ_BASE,35,-0.25928287625797375,-9.07490066902908,0.5433641765035514,11.428571428571429,4,14
S18_C9_STRESS,2.0,doz_anchor_variant,DOZ_BODY,205,0.33125882925161976,67.90805999658205,1.6862866325123436,35.12195121951219,12,15
S18_C9_STRESS,2.0,doz_anchor_variant,DOZ_LAST,64,0.08210801490226394,5.254912953744892,1.1599087980672056,26.5625,6,15
S18_C9_STRESS,2.0,objective_anchor_variant,ASIA_CME_HIGH,20,-0.0028822367821488446,-0.057644735642976896,0.9948503917373934,25.0,3,11
S18_C9_STRESS,2.0,objective_anchor_variant,ASIA_CME_LOW,30,0.2936370474528746,8.809111423586238,1.5362218472687237,40.0,9,13
S18_C9_STRESS,2.0,objective_anchor_variant,LONDON_HIGH,25,0.050091136903047805,1.2522784225761951,1.0955339900047756,24.0,5,11
S18_C9_STRESS,2.0,objective_anchor_variant,LONDON_LOW,40,0.3035540586168771,12.142162344675086,1.5911310131901941,40.0,7,15
S18_C9_STRESS,2.0,objective_anchor_variant,NY_AM_HIGH,52,0.20410820727606907,10.613626778355592,1.4033997278934889,30.76923076923077,9,14
S18_C9_STRESS,2.0,objective_anchor_variant,NY_AM_LOW,42,0.3388911584533599,14.233428655041115,1.7123084825980364,33.33333333333333,10,14
S18_C9_STRESS,2.0,objective_anchor_variant,NY_PM_HIGH,25,0.02827445649209494,0.7068614123023735,1.0531990463725387,28.000000000000004,5,11
S18_C9_STRESS,2.0,objective_anchor_variant,NY_PM_LOW,15,0.8790462819850783,13.185694229776175,4.619709074026258,46.666666666666664,6,8
S18_C9_STRESS,2.0,objective_anchor_variant,PDH,17,0.30635959060077683,5.208113040213206,1.6998663423993794,35.294117647058826,5,10
S18_C9_STRESS,2.0,objective_anchor_variant,PDL,16,-0.11218577837705179,-1.7949724540328287,0.8166823074828874,18.75,4,8
S18_C9_STRESS,2.0,objective_anchor_variant,TRANSITION_HIGH,12,0.06713108232702208,0.805572987924265,1.1548248103219425,8.333333333333332,5,8
S18_C9_STRESS,2.0,objective_anchor_variant,TRANSITION_LOW,10,-0.10161598234765638,-1.0161598234765639,0.7863294404167807,0.0,4,8
S18_C9_STRESS,2.0,doz_tradable_age_bucket,1-3d,73,0.34372419705384116,25.091866384930405,1.72478994665435,36.986301369863014,11,15
S18_C9_STRESS,2.0,doz_tradable_age_bucket,1-4h,14,0.13102306984697276,1.8343229778576187,1.291345826533324,14.285714285714285,4,9
S18_C9_STRESS,2.0,doz_tradable_age_bucket,12-24h,33,0.3198349759597708,10.554554206672435,1.716521049643641,30.303030303030305,8,12
S18_C9_STRESS,2.0,doz_tradable_age_bucket,3-7d,37,0.3374626120742038,12.48611664674554,1.7608670582491444,37.83783783783784,9,13
S18_C9_STRESS,2.0,doz_tradable_age_bucket,4-12h,60,-0.0785924461075182,-4.715546766451092,0.8735538103288261,25.0,5,15
S18_C9_STRESS,2.0,doz_tradable_age_bucket,7-30d,42,0.5145341968453556,21.610436267504937,2.36415935025626,35.714285714285715,10,15
S18_C9_STRESS,2.0,doz_tradable_age_bucket,<1h,7,-0.07120082859065859,-0.4984058001346101,0.8609157747688263,14.285714285714285,3,7
S18_C9_STRESS,2.0,doz_tradable_age_bucket,>=30d,38,-0.059875569363877876,-2.2752716358273593,0.9006915486731565,23.684210526315788,7,15
S18_C9_STRESS,2.5,direction,LONG,154,0.25193145910411513,38.79744470203373,1.4718311113206703,24.675324675324674,8,15
S18_C9_STRESS,2.5,direction,SHORT,150,0.11824933087257752,17.737399630886628,1.2239205897606644,19.333333333333332,7,15
S18_C9_STRESS,2.5,contact_session,ASIA_CME,80,0.21562432986484525,17.24994638918762,1.4989670312483652,15.0,8,15
S18_C9_STRESS,2.5,contact_session,LONDON,61,0.013539644886292179,0.8259183380638229,1.0220268148783476,21.311475409836063,6,15
S18_C9_STRESS,2.5,contact_session,NY_AM,116,0.3356360864985985,38.93378603383743,1.6078285080255608,30.17241379310345,12,15
S18_C9_STRESS,2.5,contact_session,NY_PM,39,0.04428173752985145,1.7269877636642066,1.077283441780975,17.94871794871795,7,15
S18_C9_STRESS,2.5,contact_session,TRANSITION,8,-0.27522427397909,-2.20179419183272,0.25937591660419845,0.0,2,6
S18_C9_STRESS,2.5,confirmation_session,ASIA_CME,80,0.21562432986484525,17.24994638918762,1.4989670312483652,15.0,8,15
S18_C9_STRESS,2.5,confirmation_session,LONDON,61,0.013539644886292179,0.8259183380638229,1.0220268148783476,21.311475409836063,6,15
S18_C9_STRESS,2.5,confirmation_session,NY_AM,116,0.3356360864985985,38.93378603383743,1.6078285080255608,30.17241379310345,12,15
S18_C9_STRESS,2.5,confirmation_session,NY_PM,39,0.04428173752985145,1.7269877636642066,1.077283441780975,17.94871794871795,7,15
S18_C9_STRESS,2.5,confirmation_session,TRANSITION,8,-0.27522427397909,-2.20179419183272,0.25937591660419845,0.0,2,6
S18_C9_STRESS,2.5,entry_session,ASIA_CME,80,0.21562432986484525,17.24994638918762,1.4989670312483652,15.0,8,15
S18_C9_STRESS,2.5,entry_session,LONDON,61,0.013539644886292179,0.8259183380638229,1.0220268148783476,21.311475409836063,6,15
S18_C9_STRESS,2.5,entry_session,NY_AM,116,0.3356360864985985,38.93378603383743,1.6078285080255608,30.17241379310345,12,15
S18_C9_STRESS,2.5,entry_session,NY_PM,39,0.04428173752985145,1.7269877636642066,1.077283441780975,17.94871794871795,7,15
S18_C9_STRESS,2.5,entry_session,TRANSITION,8,-0.27522427397909,-2.20179419183272,0.25937591660419845,0.0,2,6
S18_C9_STRESS,2.5,exit_session,ASIA_CME,79,0.19009024883293565,15.017129657801917,1.434971168670665,13.924050632911392,9,15
S18_C9_STRESS,2.5,exit_session,LONDON,50,-0.09290963313160983,-4.6454816565804915,0.8493431996644104,18.0,6,14
S18_C9_STRESS,2.5,exit_session,NY_AM,116,0.38995203678697943,45.23443626728962,1.7105758321893738,34.48275862068966,11,15
S18_C9_STRESS,2.5,exit_session,NY_PM,51,0.03643449100793481,1.8581590414046756,1.0623614492012206,13.725490196078432,7,15
S18_C9_STRESS,2.5,exit_session,TRANSITION,8,-0.11617487212441982,-0.9293989769953586,0.6460200997020727,0.0,4,7
S18_C9_STRESS,2.5,doz_anchor_source_tf,15min,130,0.1872895421732307,24.347640482519992,1.3533009262621545,21.53846153846154,9,15
S18_C9_STRESS,2.5,doz_anchor_source_tf,1h,75,0.15012095514923807,11.259071636192855,1.3039783544376502,18.666666666666668,7,13
S18_C9_STRESS,2.5,doz_anchor_source_tf,30min,99,0.21139527489098509,20.928132214207523,1.3771751713477498,25.252525252525253,11,15
S18_C9_STRESS,2.5,doz_anchor_variant,DOZ_BASE,35,-0.30214001911511484,-10.57490066902902,0.49463038172944646,8.571428571428571,3,14
S18_C9_STRESS,2.5,doz_anchor_variant,DOZ_BODY,205,0.301574985214345,61.82287196894073,1.5798862856080713,25.365853658536587,13,15
S18_C9_STRESS,2.5,doz_anchor_variant,DOZ_LAST,64,0.0826073911407601,5.286873033008646,1.155940434393713,18.75,8,15
S18_C9_STRESS,2.5,objective_anchor_variant,ASIA_CME_HIGH,20,0.056600652951699026,1.1320130590339805,1.1011267332074257,20.0,4,11
S18_C9_STRESS,2.5,objective_anchor_variant,ASIA_CME_LOW,30,0.143637047452885,4.3091114235865495,1.2205679306656567,30.0,8,13
S18_C9_STRESS,2.5,objective_anchor_variant,LONDON_HIGH,25,-0.39917289795606775,-9.979322448901694,0.3878607579280506,0.0,3,11
S18_C9_STRESS,2.5,objective_anchor_variant,LONDON_LOW,40,0.3593862359464061,14.375449437856245,1.6654161987609857,32.5,10,15
S18_C9_STRESS,2.5,objective_anchor_variant,NY_AM_HIGH,52,0.30814809687040634,16.02370103726113,1.6090243018022574,26.923076923076923,10,14
S18_C9_STRESS,2.5,objective_anchor_variant,NY_AM_LOW,42,0.3066593404418189,12.879692298556394,1.6037565377784981,23.809523809523807,9,14
S18_C9_STRESS,2.5,objective_anchor_variant,NY_PM_HIGH,25,0.025107134259593416,0.6276783564898354,1.0472396560524904,16.0,5,11
S18_C9_STRESS,2.5,objective_anchor_variant,NY_PM_LOW,15,0.6640384969189396,9.960577453784094,3.1275966645818736,26.666666666666668,5,8
S18_C9_STRESS,2.5,objective_anchor_variant,PDH,17,0.48283017883606394,8.208113040213087,2.1030064069460783,35.294117647058826,6,10
S18_C9_STRESS,2.5,objective_anchor_variant,PDL,16,-0.08072390558792933,-1.2915824894068693,0.8680927269264687,12.5,4,8
S18_C9_STRESS,2.5,objective_anchor_variant,TRANSITION_HIGH,12,0.10879774899368151,1.3055729879241782,1.2509208889161716,8.333333333333332,5,8
S18_C9_STRESS,2.5,objective_anchor_variant,TRANSITION_LOW,10,-0.10161598234765638,-1.0161598234765639,0.7863294404167807,0.0,4,8
S18_C9_STRESS,2.5,doz_tradable_age_bucket,1-3d,73,0.34268922430768317,25.01631337446087,1.6800699971767648,28.767123287671232,11,15
S18_C9_STRESS,2.5,doz_tradable_age_bucket,1-4h,14,0.20245164127554918,2.8343229778576884,1.4501759944209986,14.285714285714285,4,9
S18_C9_STRESS,2.5,doz_tradable_age_bucket,12-24h,33,0.3134543422785196,10.343993295191147,1.6559644078602904,24.242424242424242,9,12
S18_C9_STRESS,2.5,doz_tradable_age_bucket,3-7d,37,0.3719908549434046,13.76366163290597,1.7876880768711687,27.027027027027028,9,13
S18_C9_STRESS,2.5,doz_tradable_age_bucket,4-12h,60,-0.08655322348789721,-5.1931934092738326,0.8645018459827444,16.666666666666664,5,15
S18_C9_STRESS,2.5,doz_tradable_age_bucket,7-30d,42,0.44373174347439914,18.636733225924765,2.0409422499034617,23.809523809523807,9,15
S18_C9_STRESS,2.5,doz_tradable_age_bucket,<1h,7,-0.49977225716208723,-3.4984058001346106,0.24353906887946541,0.0,2,7
S18_C9_STRESS,2.5,doz_tradable_age_bucket,>=30d,38,-0.1412784464213588,-5.368580964011635,0.778721411242293,15.789473684210526,6,15
S18_C9_STRESS,3.0,direction,LONG,154,0.26349186482574155,40.5777471831642,1.4748482763352107,19.480519480519483,9,15
S18_C9_STRESS,3.0,direction,SHORT,150,0.15050004433255582,22.57500664988337,1.2774603630005301,16.666666666666664,7,15
S18_C9_STRESS,3.0,contact_session,ASIA_CME,80,0.22129829563743914,17.70386365099513,1.4973857726738309,11.25,8,15
S18_C9_STRESS,3.0,contact_session,LONDON,61,-0.09397630920849877,-5.732554861718425,0.8593544994388792,14.754098360655737,6,15
S18_C9_STRESS,3.0,contact_session,NY_AM,116,0.4151400988960303,48.15625147193952,1.7392122705056199,25.862068965517242,12,15
S18_C9_STRESS,3.0,contact_session,NY_PM,39,0.1340253272734374,5.226987763664059,1.2339099401989424,17.94871794871795,8,15
S18_C9_STRESS,3.0,contact_session,TRANSITION,8,-0.27522427397909,-2.20179419183272,0.25937591660419845,0.0,2,6
S18_C9_STRESS,3.0,confirmation_session,ASIA_CME,80,0.22129829563743914,17.70386365099513,1.4973857726738309,11.25,8,15
S18_C9_STRESS,3.0,confirmation_session,LONDON,61,-0.09397630920849877,-5.732554861718425,0.8593544994388792,14.754098360655737,6,15
S18_C9_STRESS,3.0,confirmation_session,NY_AM,116,0.4151400988960303,48.15625147193952,1.7392122705056199,25.862068965517242,12,15
S18_C9_STRESS,3.0,confirmation_session,NY_PM,39,0.1340253272734374,5.226987763664059,1.2339099401989424,17.94871794871795,8,15
S18_C9_STRESS,3.0,confirmation_session,TRANSITION,8,-0.27522427397909,-2.20179419183272,0.25937591660419845,0.0,2,6
S18_C9_STRESS,3.0,entry_session,ASIA_CME,80,0.22129829563743914,17.70386365099513,1.4973857726738309,11.25,8,15
S18_C9_STRESS,3.0,entry_session,LONDON,61,-0.09397630920849877,-5.732554861718425,0.8593544994388792,14.754098360655737,6,15
S18_C9_STRESS,3.0,entry_session,NY_AM,116,0.4151400988960303,48.15625147193952,1.7392122705056199,25.862068965517242,12,15
S18_C9_STRESS,3.0,entry_session,NY_PM,39,0.1340253272734374,5.226987763664059,1.2339099401989424,17.94871794871795,8,15
S18_C9_STRESS,3.0,entry_session,TRANSITION,8,-0.27522427397909,-2.20179419183272,0.25937591660419845,0.0,2,6
S18_C9_STRESS,3.0,exit_session,ASIA_CME,79,0.19967974541324002,15.774699887645962,1.443770984953227,11.39240506329114,9,15
S18_C9_STRESS,3.0,exit_session,LONDON,50,-0.28015215648798264,-14.007607824399132,0.5891921774227654,8.0,5,14
S18_C9_STRESS,3.0,exit_session,NY_AM,116,0.491007773322341,56.95690170539156,1.879639089179124,30.17241379310345,11,15
S18_C9_STRESS,3.0,exit_session,NY_PM,51,0.10506194198832412,5.35815904140453,1.179824522781438,13.725490196078432,7,15
S18_C9_STRESS,3.0,exit_session,TRANSITION,8,-0.11617487212441982,-0.9293989769953586,0.6460200997020727,0.0,4,7
S18_C9_STRESS,3.0,doz_anchor_source_tf,15min,130,0.180792484198401,23.50302294579213,1.3260353499407462,16.923076923076923,10,15
S18_C9_STRESS,3.0,doz_anchor_source_tf,1h,75,0.18206869139961693,13.655151854971269,1.358415172018708,16.0,8,13
S18_C9_STRESS,3.0,doz_anchor_source_tf,30min,99,0.2625715053766078,25.994579032284168,1.459016096608436,21.21212121212121,11,15
S18_C9_STRESS,3.0,doz_anchor_variant,DOZ_BASE,35,-0.25928287625797375,-9.07490066902908,0.5663146888573548,8.571428571428571,3,14
S18_C9_STRESS,3.0,doz_anchor_variant,DOZ_BODY,205,0.30119236310782554,61.74443443710423,1.551344285986238,20.0,11,15
S18_C9_STRESS,3.0,doz_anchor_variant,DOZ_LAST,64,0.16380031351519375,10.4832200649724,1.3092107339385795,17.1875,8,15
S18_C9_STRESS,3.0,objective_anchor_variant,ASIA_CME_HIGH,20,-0.04339934704830188,-0.8679869409660377,0.9293484806419332,15.0,3,11
S18_C9_STRESS,3.0,objective_anchor_variant,ASIA_CME_LOW,30,0.16030371411954125,4.809111423586238,1.2334964558410773,26.666666666666668,7,13
S18_C9_STRESS,3.0,objective_anchor_variant,LONDON_HIGH,25,-0.39917289795606775,-9.979322448901694,0.3878607579280506,0.0,3,11
S18_C9_STRESS,3.0,objective_anchor_variant,LONDON_LOW,40,0.289422865983038,11.57691463932152,1.4870227617716436,25.0,9,15
S18_C9_STRESS,3.0,objective_anchor_variant,NY_AM_HIGH,52,0.41079438569725846,21.36130805625744,1.8118945613309316,23.076923076923077,10,14
S18_C9_STRESS,3.0,objective_anchor_variant,NY_AM_LOW,42,0.36915743610511526,15.50461231641484,1.726803935588252,19.047619047619047,9,14
S18_C9_STRESS,3.0,objective_anchor_variant,NY_PM_HIGH,25,-0.05489286574039721,-1.3723216435099301,0.9043394231947897,12.0,5,11
S18_C9_STRESS,3.0,objective_anchor_variant,NY_PM_LOW,15,0.7437949657165014,11.15692448574752,3.3831384709377708,20.0,5,8
S18_C9_STRESS,3.0,objective_anchor_variant,PDH,17,0.6593007670713651,11.208113040213206,2.506146471492809,35.294117647058826,6,10
S18_C9_STRESS,3.0,objective_anchor_variant,PDL,16,-0.06462576622270252,-1.0340122595632404,0.8943979663689748,6.25,4,8
S18_C9_STRESS,3.0,objective_anchor_variant,TRANSITION_HIGH,12,0.15046441566035543,1.8055729879242652,1.347016967510434,8.333333333333332,5,8
S18_C9_STRESS,3.0,objective_anchor_variant,TRANSITION_LOW,10,-0.10161598234765638,-1.0161598234765639,0.7863294404167807,0.0,4,8
S18_C9_STRESS,3.0,doz_tradable_age_bucket,1-3d,73,0.4052460976938723,29.582965131652678,1.7799463359930925,24.65753424657534,10,15
S18_C9_STRESS,3.0,doz_tradable_age_bucket,1-4h,14,0.27388021270411567,3.8343229778576196,1.6090061623086505,14.285714285714285,4,9
S18_C9_STRESS,3.0,doz_tradable_age_bucket,12-24h,33,0.1678891008228729,5.540340327154806,1.309184004223505,15.151515151515152,7,12
S18_C9_STRESS,3.0,doz_tradable_age_bucket,3-7d,37,0.46219645005141397,17.101268651902316,1.9786978040980854,21.62162162162162,9,13
S18_C9_STRESS,3.0,doz_tradable_age_bucket,4-12h,60,-0.09152880346348495,-5.491728207809097,0.8605676052692391,13.333333333333334,6,15
S18_C9_STRESS,3.0,doz_tradable_age_bucket,7-30d,42,0.5345850408675067,22.45257171643528,2.254073352625631,21.428571428571427,9,15
S18_C9_STRESS,3.0,doz_tradable_age_bucket,<1h,7,-0.49977225716208723,-3.4984058001346106,0.24353906887946541,0.0,2,7
S18_C9_STRESS,3.0,doz_tradable_age_bucket,>=30d,38,-0.1675942358950376,-6.368580964011429,0.7481196418626326,13.157894736842104,5,15
